club_name,player_name,age,position,club_involved_name,fee,transfer_movement,transfer_period,fee_cleaned,league_name,year,season
FC Porto,Álvaro Pereira,23,Left-Back,CFR Cluj,£5.85m,in,Summer,5.85,Liga Nos,2009,2009/2010
FC Porto,Radamel Falcao,23,Centre-Forward,River Plate,£4.89m,in,Summer,4.89,Liga Nos,2009,2009/2010
FC Porto,Fernando Belluschi,25,Central Midfield,Olympiacos,£4.50m,in,Summer,4.5,Liga Nos,2009,2009/2010
FC Porto,Sebastián Prediger,22,Defensive Midfield,CA Colon,£2.97m,in,Summer,2.97,Liga Nos,2009,2009/2010
FC Porto,Orlando Sá,21,Centre-Forward,SC Braga,£2.70m,in,Summer,2.7,Liga Nos,2009,2009/2010
FC Porto,Maicon,20,Centre-Back,Cruzeiro,£1.98m,in,Summer,1.98,Liga Nos,2009,2009/2010
FC Porto,Diego Váleri,23,Attacking Midfield,Lanús,Loan fee:£1.35m,in,Summer,1.35,Liga Nos,2009,2009/2010
FC Porto,Miguel Lopes,22,Right-Back,Rio Ave FC,£540Th.,in,Summer,0.54,Liga Nos,2009,2009/2010
FC Porto,Beto,27,Goalkeeper,Leixões,£360Th.,in,Summer,0.36,Liga Nos,2009,2009/2010
FC Porto,Silvestre Varela,24,Left Winger,CF Estrela,free transfer,in,Summer,NA,Liga Nos,2009,2009/2010
FC Porto,Jorge Chula,19,Right Winger,FC Porto U19,-,in,Summer,0,Liga Nos,2009,2009/2010
FC Porto,Josué,18,Attacking Midfield,FC Porto U19,-,in,Summer,0,Liga Nos,2009,2009/2010
FC Porto,Tengarrinha,20,Defensive Midfield,CF Estrela,"End of loanJun 30, 2009",in,Summer,0,Liga Nos,2009,2009/2010
FC Porto,Nelson Benítez,25,Left-Back,Leixões,"End of loanOct 1, 2009",in,Summer,0,Liga Nos,2009,2009/2010
FC Porto,João Pedro,21,Centre-Back,Gloria Bistrita,"End of loanJun 30, 2009",in,Summer,0,Liga Nos,2009,2009/2010
FC Porto,Hélder Barbosa,22,Left Winger,Trofense,"End of loanJun 30, 2009",in,Summer,0,Liga Nos,2009,2009/2010
FC Porto,Josué,19,Attacking Midfield,SC Covilhã,"End of loanOct 1, 2009",in,Summer,0,Liga Nos,2009,2009/2010
FC Porto,Bura,20,Centre-Back,SC Covilhã,"End of loanJun 30, 2009",in,Summer,0,Liga Nos,2009,2009/2010
FC Porto,Daniel Candeias,21,Right Winger,Rio Ave FC,"End of loanJun 30, 2009",in,Summer,0,Liga Nos,2009,2009/2010
FC Porto,Diogo Valente,24,Left Winger,Leixões,"End of loanJun 30, 2009",in,Summer,0,Liga Nos,2009,2009/2010
FC Porto,Paulo Machado,23,Central Midfield,Saint-Étienne,"End of loanJun 1, 2009",in,Summer,0,Liga Nos,2009,2009/2010
FC Porto,Federico Scoppa,21,Defensive Midfield,SC Covilhã,"End of loanJun 30, 2009",in,Summer,0,Liga Nos,2009,2009/2010
FC Porto,Bruno Gama,21,Left Winger,Vitória Setúbal,"End of loanJun 30, 2009",in,Summer,0,Liga Nos,2009,2009/2010
FC Porto,Stéphane Dasse,19,Left-Back,Olhanense,"End of loanJun 30, 2009",in,Summer,0,Liga Nos,2009,2009/2010
FC Porto,Przemyslaw Kazmierczak,27,Defensive Midfield,Derby,"End of loanJun 30, 2009",in,Summer,0,Liga Nos,2009,2009/2010
FC Porto,Cláudio Pitbull,27,Centre-Forward,Rapid Bucharest,"End of loanJun 1, 2009",in,Summer,0,Liga Nos,2009,2009/2010
FC Porto,Zequinha,22,Second Striker,Gil Vicente,"End of loanJun 30, 2009",in,Summer,0,Liga Nos,2009,2009/2010
FC Porto,Vieirinha,23,Left-Back,PAOK Salonika,"End of loanJun 30, 2009",in,Summer,0,Liga Nos,2009,2009/2010
FC Porto,Nuno André Coelho,23,Centre-Back,CF Estrela,"End of loanJun 30, 2009",in,Summer,0,Liga Nos,2009,2009/2010
FC Porto,Leandro Lima,23,Attacking Midfield,Vitória Setúbal,"End of loanJun 30, 2009",in,Summer,0,Liga Nos,2009,2009/2010
FC Porto,Bruno Vale,26,Goalkeeper,Vitória Setúbal,"End of loanJun 30, 2009",in,Summer,0,Liga Nos,2009,2009/2010
FC Porto,Edson Henrique,21,Centre-Back,Rio Ave FC,"End of loanJun 30, 2009",in,Summer,0,Liga Nos,2009,2009/2010
FC Porto,Wason Rentería,23,Centre-Forward,SC Braga,"End of loanJun 30, 2009",in,Summer,0,Liga Nos,2009,2009/2010
FC Porto,João Paulo,28,Centre-Back,Rapid Bucharest,"End of loanJun 30, 2009",in,Summer,0,Liga Nos,2009,2009/2010
FC Porto,Jorge Monteiro,20,Left Winger,SC Covilhã,"End of loanJun 30, 2009",in,Summer,0,Liga Nos,2009,2009/2010
FC Porto,Maxi Asís,22,Second Striker,Portimonense,"End of loanJun 30, 2009",in,Summer,0,Liga Nos,2009,2009/2010
FC Porto,Pedro Moreira,20,Central Midfield,Boavista,"End of loanJun 30, 2009",in,Summer,0,Liga Nos,2009,2009/2010
FC Porto,Nuno Coelho,21,Defensive Midfield,Portimonense,"End of loanJun 1, 2009",in,Summer,0,Liga Nos,2009,2009/2010
FC Porto,Steven Vitória,22,Centre-Back,Olhanense,"End of loanJun 30, 2009",in,Summer,0,Liga Nos,2009,2009/2010
FC Porto,Ivanildo,23,Right Winger,Gil Vicente,"End of loanJun 30, 2009",in,Summer,0,Liga Nos,2009,2009/2010
FC Porto,Bruno Moraes,24,Centre-Forward,Vitória Setúbal,"End of loanJun 30, 2009",in,Summer,0,Liga Nos,2009,2009/2010
FC Porto,Pelé,21,Central Midfield,Portsmouth,"End of loanJun 30, 2009",in,Summer,0,Liga Nos,2009,2009/2010
FC Porto,Rui Pedro,20,Attacking Midfield,Portimonense,"End of loanJun 30, 2009",in,Summer,0,Liga Nos,2009,2009/2010
FC Porto,Paulo Ribeiro,25,Goalkeeper,Portimonense,"End of loanJun 30, 2009",in,Summer,0,Liga Nos,2009,2009/2010
FC Porto,Ibson,25,Central Midfield,Flamengo,"End of loanJun 30, 2009",in,Summer,0,Liga Nos,2009,2009/2010
FC Porto,André Pinto,19,Centre-Back,Santa Clara,"End of loanJun 30, 2009",in,Summer,0,Liga Nos,2009,2009/2010
FC Porto,Lisandro López,26,Centre-Forward,Olympique Lyon,£21.60m,out,Summer,21.6,Liga Nos,2009,2009/2010
FC Porto,Lucho González,28,Central Midfield,Marseille,£17.10m,out,Summer,17.1,Liga Nos,2009,2009/2010
FC Porto,Aly Cissokho,21,Centre-Back,Olympique Lyon,£14.58m,out,Summer,14.58,Liga Nos,2009,2009/2010
FC Porto,Ibson,25,Central Midfield,Spartak Moscow,£3.60m,out,Summer,3.6,Liga Nos,2009,2009/2010
FC Porto,Paulo Machado,23,Central Midfield,Toulouse,£3.15m,out,Summer,3.15,Liga Nos,2009,2009/2010
FC Porto,João Paulo,28,Centre-Back,Le Mans UC 72,£1.35m,out,Summer,1.35,Liga Nos,2009,2009/2010
FC Porto,Przemyslaw Kazmierczak,27,Defensive Midfield,Vitória Setúbal,£540Th.,out,Summer,0.54,Liga Nos,2009,2009/2010
FC Porto,Vieirinha,23,Left-Back,PAOK Salonika,£270Th.,out,Summer,0.27,Liga Nos,2009,2009/2010
FC Porto,Bruno Gama,21,Left Winger,Rio Ave FC,free transfer,out,Summer,NA,Liga Nos,2009,2009/2010
FC Porto,Paulo Ribeiro,25,Goalkeeper,Vizela,free transfer,out,Summer,NA,Liga Nos,2009,2009/2010
FC Porto,Diogo Valente,24,Left Winger,SC Braga,free transfer,out,Summer,NA,Liga Nos,2009,2009/2010
FC Porto,Tarik Sektioui,32,Right Winger,Ajman Club,free transfer,out,Summer,NA,Liga Nos,2009,2009/2010
FC Porto,Zequinha,22,Second Striker,Olhanense,free transfer,out,Summer,NA,Liga Nos,2009,2009/2010
FC Porto,Stéphane Dasse,19,Left-Back,Olhanense,free transfer,out,Summer,NA,Liga Nos,2009,2009/2010
FC Porto,Cláudio Pitbull,27,Centre-Forward,Marítimo,free transfer,out,Summer,NA,Liga Nos,2009,2009/2010
FC Porto,Nuno Coelho,21,Defensive Midfield,Coimbra,free transfer,out,Summer,NA,Liga Nos,2009,2009/2010
FC Porto,João Pedro,21,Centre-Back,Portimonense,free transfer,out,Summer,NA,Liga Nos,2009,2009/2010
FC Porto,Adriano,30,Centre-Forward,SC Braga,free transfer,out,Summer,NA,Liga Nos,2009,2009/2010
FC Porto,André Pinto,19,Centre-Back,Vitória Setúbal,loan transfer,out,Summer,NA,Liga Nos,2009,2009/2010
FC Porto,Jorge Monteiro,20,Left Winger,Portimonense,loan transfer,out,Summer,NA,Liga Nos,2009,2009/2010
FC Porto,Josué,18,Attacking Midfield,SC Covilhã,loan transfer,out,Summer,NA,Liga Nos,2009,2009/2010
FC Porto,Ivo Pinto,19,Right-Back,Vitória Setúbal,loan transfer,out,Summer,NA,Liga Nos,2009,2009/2010
FC Porto,Daniel Candeias,21,Right Winger,Recr. Huelva,loan transfer,out,Summer,NA,Liga Nos,2009,2009/2010
FC Porto,Pedro Moreira,20,Central Midfield,Gil Vicente,loan transfer,out,Summer,NA,Liga Nos,2009,2009/2010
FC Porto,Bruno Vale,26,Goalkeeper,Belenenses,loan transfer,out,Summer,NA,Liga Nos,2009,2009/2010
FC Porto,Rabiola,19,Centre-Forward,Olhanense,loan transfer,out,Summer,NA,Liga Nos,2009,2009/2010
FC Porto,Bura,20,Centre-Back,Gil Vicente,loan transfer,out,Summer,NA,Liga Nos,2009,2009/2010
FC Porto,Hugo Ventura,21,Goalkeeper,Olhanense,loan transfer,out,Summer,NA,Liga Nos,2009,2009/2010
FC Porto,Pelé,21,Central Midfield,Real Valladolid,loan transfer,out,Summer,NA,Liga Nos,2009,2009/2010
FC Porto,Hélder Barbosa,22,Left Winger,Vitória Setúbal,loan transfer,out,Summer,NA,Liga Nos,2009,2009/2010
FC Porto,Rui Pedro,20,Attacking Midfield,Gil Vicente,loan transfer,out,Summer,NA,Liga Nos,2009,2009/2010
FC Porto,Ivanildo,23,Right Winger,Portimonense,?,out,Summer,NA,Liga Nos,2009,2009/2010
FC Porto,Jorge Chula,19,Right Winger,GD Tourizense,loan transfer,out,Summer,NA,Liga Nos,2009,2009/2010
FC Porto,Nelson Benítez,25,Left-Back,Leixões,loan transfer,out,Summer,NA,Liga Nos,2009,2009/2010
FC Porto,Diogo Viana,19,Right-Back,VVV-Venlo,loan transfer,out,Summer,NA,Liga Nos,2009,2009/2010
FC Porto,Leandro Lima,23,Attacking Midfield,Cruzeiro,loan transfer,out,Summer,NA,Liga Nos,2009,2009/2010
FC Porto,Tengarrinha,20,Defensive Midfield,Olhanense,loan transfer,out,Summer,NA,Liga Nos,2009,2009/2010
FC Porto,Steven Vitória,22,Centre-Back,SC Covilhã,loan transfer,out,Summer,NA,Liga Nos,2009,2009/2010
FC Porto,Milan Stepanov,26,Centre-Back,Málaga CF,loan transfer,out,Summer,NA,Liga Nos,2009,2009/2010
FC Porto,Wason Rentería,23,Centre-Forward,Atlético-MG,loan transfer,out,Summer,NA,Liga Nos,2009,2009/2010
FC Porto,Pedro Emanuel,34,Centre-Back,Retired,-,out,Summer,0,Liga Nos,2009,2009/2010
FC Porto,Edson Henrique,21,Centre-Back,Figueirense FC,"End of loanJun 30, 2009",out,Summer,0,Liga Nos,2009,2009/2010
FC Porto,Maxi Asís,22,Second Striker,Boca Juniors II,"End of loanJun 30, 2009",out,Summer,0,Liga Nos,2009,2009/2010
FC Porto,Federico Scoppa,21,Defensive Midfield,Boca Juniors II,"End of loanJun 30, 2009",out,Summer,0,Liga Nos,2009,2009/2010
FC Porto,Andrés Madrid,27,Defensive Midfield,SC Braga,"End of loanJun 30, 2009",out,Summer,0,Liga Nos,2009,2009/2010
Sporting CP,Matías Fernández,23,Attacking Midfield,Villarreal,£3.69m,in,Summer,3.69,Liga Nos,2009,2009/2010
Sporting CP,Miguel Ángel Angulo,32,Second Striker,Valencia,free transfer,in,Summer,NA,Liga Nos,2009,2009/2010
Sporting CP,Felipe Caicedo,20,Centre-Forward,Man City,loan transfer,in,Summer,NA,Liga Nos,2009,2009/2010
Sporting CP,Ibrahim Rabiu,18,Central Midfield,Sporting U19,-,in,Summer,0,Liga Nos,2009,2009/2010
Sporting CP,Pedro Mendes,18,Centre-Back,Sporting U19,-,in,Summer,0,Liga Nos,2009,2009/2010
Sporting CP,Diogo Amado,19,Defensive Midfield,Sporting U19,-,in,Summer,0,Liga Nos,2009,2009/2010
Sporting CP,Diogo Rosado,19,Left Winger,Sporting U19,-,in,Summer,0,Liga Nos,2009,2009/2010
Sporting CP,Zezinando,22,Attacking Midfield,Real SC,"End of loanJun 30, 2009",in,Summer,0,Liga Nos,2009,2009/2010
Sporting CP,Paulo Renato,22,Centre-Back,Olhanense,"End of loanJun 30, 2009",in,Summer,0,Liga Nos,2009,2009/2010
Sporting CP,Milan Purovic,24,Centre-Forward,Kayserispor,"End of loanJun 30, 2009",in,Summer,0,Liga Nos,2009,2009/2010
Sporting CP,Bruno Matias,20,Attacking Midfield,CD Fátima,"End of loanJun 30, 2009",in,Summer,0,Liga Nos,2009,2009/2010
Sporting CP,Vladimir Stojkovic,25,Goalkeeper,Getafe,"End of loanJun 30, 2009",in,Summer,0,Liga Nos,2009,2009/2010
Sporting CP,Tiago Pinto,21,Left-Back,Trofense,"End of loanJun 30, 2009",in,Summer,0,Liga Nos,2009,2009/2010
Sporting CP,Celsinho,20,Attacking Midfield,CF Estrela,"End of loanJun 30, 2009",in,Summer,0,Liga Nos,2009,2009/2010
Sporting CP,André Marques,21,Left-Back,Vitória Setúbal,"End of loanJun 30, 2009",in,Summer,0,Liga Nos,2009,2009/2010
Sporting CP,Carlos Saleiro,23,Centre-Forward,Coimbra,"End of loanJun 30, 2009",in,Summer,0,Liga Nos,2009,2009/2010
Sporting CP,Celestino,22,Defensive Midfield,CF Estrela,"End of loanJun 30, 2009",in,Summer,0,Liga Nos,2009,2009/2010
Sporting CP,Rui Fonte,19,Centre-Forward,Arsenal Res.,"End of loanJul 1, 2009",in,Summer,0,Liga Nos,2009,2009/2010
Sporting CP,Marco Matias,20,Right Winger,Varzim,"End of loanJun 30, 2009",in,Summer,0,Liga Nos,2009,2009/2010
Sporting CP,João Martins,21,Attacking Midfield,Atlético CP,"End of loanJun 30, 2009",in,Summer,0,Liga Nos,2009,2009/2010
Sporting CP,Luis Páez,19,Centre-Forward,CD Fátima,"End of loanJun 30, 2009",in,Summer,0,Liga Nos,2009,2009/2010
Sporting CP,Milan Purovic,24,Centre-Forward,Videoton FC,Loan fee:£90Th.,out,Summer,0.09,Liga Nos,2009,2009/2010
Sporting CP,Tiago Pinto,21,Left-Back,SC Braga,free transfer,out,Summer,NA,Liga Nos,2009,2009/2010
Sporting CP,Zezinando,22,Attacking Midfield,CF Estrela,free transfer,out,Summer,NA,Liga Nos,2009,2009/2010
Sporting CP,Derlei,34,Centre-Forward,EC Vitória,free transfer,out,Summer,NA,Liga Nos,2009,2009/2010
Sporting CP,Celestino,22,Defensive Midfield,Belenenses,free transfer,out,Summer,NA,Liga Nos,2009,2009/2010
Sporting CP,Fábio Rochemback,27,Central Midfield,Grêmio,free transfer,out,Summer,NA,Liga Nos,2009,2009/2010
Sporting CP,Leandro Romagnoli,28,Attacking Midfield,San Lorenzo,free transfer,out,Summer,NA,Liga Nos,2009,2009/2010
Sporting CP,Pedro Mendes,18,Centre-Back,Real SC,loan transfer,out,Summer,NA,Liga Nos,2009,2009/2010
Sporting CP,Ibrahim Rabiu,18,Central Midfield,Real SC,loan transfer,out,Summer,NA,Liga Nos,2009,2009/2010
Sporting CP,Rui Fonte,19,Centre-Forward,Vitória Setúbal,loan transfer,out,Summer,NA,Liga Nos,2009,2009/2010
Sporting CP,Diogo Rosado,19,Left Winger,Real SC,loan transfer,out,Summer,NA,Liga Nos,2009,2009/2010
Sporting CP,Diogo Amado,19,Defensive Midfield,Real SC,loan transfer,out,Summer,NA,Liga Nos,2009,2009/2010
Sporting CP,João Martins,21,Attacking Midfield,Gil Vicente,?,out,Summer,NA,Liga Nos,2009,2009/2010
Sporting CP,Bruno Matias,20,Attacking Midfield,Estoril Praia,?,out,Summer,NA,Liga Nos,2009,2009/2010
Sporting CP,Rodrigo Tiuí,23,Centre-Forward,Atlético-PR,?,out,Summer,NA,Liga Nos,2009,2009/2010
Sporting CP,Ronny,23,Attacking Midfield,Leiria,loan transfer,out,Summer,NA,Liga Nos,2009,2009/2010
Sporting CP,Paulo Renato,22,Centre-Back,CF Estrela,loan transfer,out,Summer,NA,Liga Nos,2009,2009/2010
Sporting CP,Fábio Paim,21,Right Midfield,Real SC,loan transfer,out,Summer,NA,Liga Nos,2009,2009/2010
Sporting CP,Marco Matias,20,Right Winger,CD Fátima,loan transfer,out,Summer,NA,Liga Nos,2009,2009/2010
Sporting CP,Luis Páez,19,Centre-Forward,Tacuary FBC,"End of loanJun 30, 2009",out,Summer,0,Liga Nos,2009,2009/2010
SL Benfica,Ramires,22,Central Midfield,Cruzeiro,£6.75m,in,Summer,6.75,Liga Nos,2009,2009/2010
SL Benfica,Javi García,22,Centre-Back,Real Madrid,£6.30m,in,Summer,6.3,Liga Nos,2009,2009/2010
SL Benfica,Javier Saviola,27,Second Striker,Real Madrid,£4.50m,in,Summer,4.5,Liga Nos,2009,2009/2010
SL Benfica,Patric,20,Right-Back,Brasa,£1.80m,in,Summer,1.8,Liga Nos,2009,2009/2010
SL Benfica,José Shaffer,24,Left-Back,Racing Club,£1.35m,in,Summer,1.35,Liga Nos,2009,2009/2010
SL Benfica,Felipe Menezes,21,Attacking Midfield,Goiás EC,£990Th.,in,Summer,0.99,Liga Nos,2009,2009/2010
SL Benfica,Júlio César,22,Goalkeeper,Belenenses,£450Th.,in,Summer,0.45,Liga Nos,2009,2009/2010
SL Benfica,César Peixoto,29,Left Midfield,SC Braga,£360Th.,in,Summer,0.36,Liga Nos,2009,2009/2010
SL Benfica,Weldon,28,Centre-Forward,Sport Recife,£180Th.,in,Summer,0.18,Liga Nos,2009,2009/2010
SL Benfica,Leandro da Silva,20,Centre-Back,Coritiba FC,free transfer,in,Summer,NA,Liga Nos,2009,2009/2010
SL Benfica,Keirrison,20,Centre-Forward,Barcelona,loan transfer,in,Summer,NA,Liga Nos,2009,2009/2010
SL Benfica,David Simão,19,Central Midfield,Benfica U19,-,in,Summer,0,Liga Nos,2009,2009/2010
SL Benfica,José Coelho,19,Attacking Midfield,Benfica U19,-,in,Summer,0,Liga Nos,2009,2009/2010
SL Benfica,Nélson Oliveira,17,Centre-Forward,Benfica U19,-,in,Summer,0,Liga Nos,2009,2009/2010
SL Benfica,Leandro Pimenta,18,Central Midfield,Benfica U19,-,in,Summer,0,Liga Nos,2009,2009/2010
SL Benfica,João Pereira,19,Centre-Back,Benfica U19,-,in,Summer,0,Liga Nos,2009,2009/2010
SL Benfica,Adriano,18,Right Winger,Benfica U19,-,in,Summer,0,Liga Nos,2009,2009/2010
SL Benfica,Ishmael Yartey,19,Left Winger,Benfica U19,-,in,Summer,0,Liga Nos,2009,2009/2010
SL Benfica,Andrés Díaz,26,Right Midfield,Barcelona SC,"End of loanJun 30, 2009",in,Summer,0,Liga Nos,2009,2009/2010
SL Benfica,Miguel Rosa,20,Attacking Midfield,Estoril Praia,"End of loanJun 30, 2009",in,Summer,0,Liga Nos,2009,2009/2010
SL Benfica,Luís Filipe,30,Right-Back,Vit. Guimarães,"End of loanJun 30, 2009",in,Summer,0,Liga Nos,2009,2009/2010
SL Benfica,Ivan Santos,20,Left Winger,Boavista,"End of loanJun 30, 2009",in,Summer,0,Liga Nos,2009,2009/2010
SL Benfica,Dabao Yu,21,Centre-Back,Olivais,"End of loanJun 30, 2009",in,Summer,0,Liga Nos,2009,2009/2010
SL Benfica,Ariza Makukula,28,Centre-Forward,Bolton,"End of loanJun 30, 2009",in,Summer,0,Liga Nos,2009,2009/2010
SL Benfica,Bruno Costa,22,Goalkeeper,Oriental,"End of loanJun 30, 2009",in,Summer,0,Liga Nos,2009,2009/2010
SL Benfica,André Carvalhas,20,Attacking Midfield,Olhanense,"End of loanJun 30, 2009",in,Summer,0,Liga Nos,2009,2009/2010
SL Benfica,Fábio Coentrão,21,Left-Back,Rio Ave FC,"End of loanJun 30, 2009",in,Summer,0,Liga Nos,2009,2009/2010
SL Benfica,Freddy Adu,20,Attacking Midfield,Monaco,"End of loanJun 30, 2009",in,Summer,0,Liga Nos,2009,2009/2010
SL Benfica,Rúben Lima,19,Left-Back,Desportivo Aves,"End of loanJun 30, 2009",in,Summer,0,Liga Nos,2009,2009/2010
SL Benfica,Konstantinos Katsouranis,30,Defensive Midfield,Panathinaikos,£3.15m,out,Summer,3.15,Liga Nos,2009,2009/2010
SL Benfica,Hassan Yebda,25,Central Midfield,Portsmouth,Loan fee:£432Th.,out,Summer,0.432,Liga Nos,2009,2009/2010
SL Benfica,Patric,20,Right-Back,Cruzeiro,Loan fee:£135Th.,out,Summer,0.135,Liga Nos,2009,2009/2010
SL Benfica,Bruno Costa,22,Goalkeeper,Oriental,free transfer,out,Summer,NA,Liga Nos,2009,2009/2010
SL Benfica,Moretto,31,Goalkeeper,Brasiliense FC,free transfer,out,Summer,NA,Liga Nos,2009,2009/2010
SL Benfica,Miguel Rosa,20,Attacking Midfield,Carregado,loan transfer,out,Summer,NA,Liga Nos,2009,2009/2010
SL Benfica,Fellipe Bastos,19,Central Midfield,Belenenses,loan transfer,out,Summer,NA,Liga Nos,2009,2009/2010
SL Benfica,João Pereira,19,Centre-Back,CD Fátima,loan transfer,out,Summer,NA,Liga Nos,2009,2009/2010
SL Benfica,Leandro Pimenta,19,Central Midfield,Beira-Mar,loan transfer,out,Summer,NA,Liga Nos,2009,2009/2010
SL Benfica,Rúben Lima,19,Left-Back,Vitória Setúbal,loan transfer,out,Summer,NA,Liga Nos,2009,2009/2010
SL Benfica,André Carvalhas,20,Attacking Midfield,CD Fátima,loan transfer,out,Summer,NA,Liga Nos,2009,2009/2010
SL Benfica,Freddy Adu,20,Attacking Midfield,Belenenses,loan transfer,out,Summer,NA,Liga Nos,2009,2009/2010
SL Benfica,Leandro da Silva,20,Centre-Back,Vit. Guimarães,loan transfer,out,Summer,NA,Liga Nos,2009,2009/2010
SL Benfica,Ariza Makukula,28,Centre-Forward,Kayserispor,loan transfer,out,Summer,NA,Liga Nos,2009,2009/2010
SL Benfica,José Coelho,19,Attacking Midfield,Paços Ferreira,loan transfer,out,Summer,NA,Liga Nos,2009,2009/2010
SL Benfica,Gilles Binya,24,Centre-Back,Xamax,loan transfer,out,Summer,NA,Liga Nos,2009,2009/2010
SL Benfica,Adriano,18,Right Winger,Carregado,loan transfer,out,Summer,NA,Liga Nos,2009,2009/2010
SL Benfica,Ishmael Yartey,19,Left Winger,Beira-Mar,loan transfer,out,Summer,NA,Liga Nos,2009,2009/2010
SL Benfica,Romeu Ribeiro,20,Defensive Midfield,Trofense,loan transfer,out,Summer,NA,Liga Nos,2009,2009/2010
SL Benfica,Ivan Santos,20,Left Winger,Carregado,loan transfer,out,Summer,NA,Liga Nos,2009,2009/2010
SL Benfica,David Simão,19,Central Midfield,CD Fátima,loan transfer,out,Summer,NA,Liga Nos,2009,2009/2010
SL Benfica,Dabao Yu,21,Centre-Back,Mafra,loan transfer,out,Summer,NA,Liga Nos,2009,2009/2010
SL Benfica,Andrés Díaz,26,Right Midfield,Without Club,-,out,Summer,0,Liga Nos,2009,2009/2010
SL Benfica,David Suazo,29,Centre-Forward,Inter,"End of loanJun 30, 2009",out,Summer,0,Liga Nos,2009,2009/2010
SL Benfica,José Antonio Reyes,25,Right Winger,Atlético Madrid,"End of loanJun 30, 2009",out,Summer,0,Liga Nos,2009,2009/2010
CD Nacional,Kevin Amuneke,23,Centre-Forward,FC Timisoara,£450Th.,in,Summer,0.45,Liga Nos,2009,2009/2010
CD Nacional,Nejc Pecnik,23,Centre-Forward,NK Celje,£270Th.,in,Summer,0.27,Liga Nos,2009,2009/2010
CD Nacional,Anselmo,25,Centre-Forward,CF Estrela,free transfer,in,Summer,NA,Liga Nos,2009,2009/2010
CD Nacional,Filipe da Costa,24,Left Winger,Levski Sofia,free transfer,in,Summer,NA,Liga Nos,2009,2009/2010
CD Nacional,Wellington,23,Left-Back,Figueirense FC,free transfer,in,Summer,NA,Liga Nos,2009,2009/2010
CD Nacional,Pedro Pacheco,25,Central Midfield,Santa Clara,loan transfer,in,Summer,NA,Liga Nos,2009,2009/2010
CD Nacional,Edgar Costa,22,Right Winger,União Madeira,?,in,Summer,NA,Liga Nos,2009,2009/2010
CD Nacional,Cléber,26,Centre-Back,São Carlos,?,in,Summer,NA,Liga Nos,2009,2009/2010
CD Nacional,Abdou,20,Central Midfield,SC Braga,?,in,Summer,NA,Liga Nos,2009,2009/2010
CD Nacional,Edgar Silva,22,Centre-Forward,Vasco da Gama,loan transfer,in,Summer,NA,Liga Nos,2009,2009/2010
CD Nacional,Elisson,22,Goalkeeper,Cruzeiro,loan transfer,in,Summer,NA,Liga Nos,2009,2009/2010
CD Nacional,Zarko Tomasevic,19,Centre-Back,Nacional U19,-,in,Summer,0,Liga Nos,2009,2009/2010
CD Nacional,Adriano Rodrigues,23,Centre-Forward,Boavista,"End of loanJun 30, 2009",in,Summer,0,Liga Nos,2009,2009/2010
CD Nacional,Rodrigo Silva,26,Centre-Forward,Leixões,"End of loanJun 30, 2009",in,Summer,0,Liga Nos,2009,2009/2010
CD Nacional,Nenê,25,Centre-Forward,Cagliari Calcio,£4.05m,out,Summer,4.05,Liga Nos,2009,2009/2010
CD Nacional,Duje Cop,19,Centre-Forward,Hajduk Split,free transfer,out,Summer,NA,Liga Nos,2009,2009/2010
CD Nacional,Alonso,28,Left-Back,Marítimo,free transfer,out,Summer,NA,Liga Nos,2009,2009/2010
CD Nacional,Juliano Mineiro,23,Attacking Midfield,EC Bahia,loan transfer,out,Summer,NA,Liga Nos,2009,2009/2010
CD Nacional,Miguel Fidalgo,27,Centre-Forward,Coimbra,loan transfer,out,Summer,NA,Liga Nos,2009,2009/2010
CD Nacional,Igor Pita,20,Left-Back,Beira-Mar,loan transfer,out,Summer,NA,Liga Nos,2009,2009/2010
CD Nacional,Juninho Arcanjo,26,Attacking Midfield,EC Bahia,loan transfer,out,Summer,NA,Liga Nos,2009,2009/2010
CD Nacional,Bruno Amaro,26,Central Midfield,Coimbra,loan transfer,out,Summer,NA,Liga Nos,2009,2009/2010
CD Nacional,Edson Sitta,26,Defensive Midfield,Without Club,-,out,Summer,0,Liga Nos,2009,2009/2010
CD Nacional,Kristijan Brcic,21,midfield,Without Club,-,out,Summer,0,Liga Nos,2009,2009/2010
CD Nacional,Lovro Scrbec,19,Central Midfield,Without Club,-,out,Summer,0,Liga Nos,2009,2009/2010
CD Nacional,Fabiano Oliveira,22,Centre-Forward,Flamengo,"End of loanJun 30, 2009",out,Summer,0,Liga Nos,2009,2009/2010
CD Nacional,Fernando Cedrola,22,Centre-Back,Tupi FC,"End of loanJun 30, 2009",out,Summer,0,Liga Nos,2009,2009/2010
CD Nacional,Maicon,20,Centre-Back,Cruzeiro,"End of loanJun 30, 2009",out,Summer,0,Liga Nos,2009,2009/2010
SC Braga,Hugo Viana,26,Central Midfield,Valencia,Loan fee:£270Th.,in,Summer,0.27,Liga Nos,2009,2009/2010
SC Braga,Ángelo Peña,19,Attacking Midfield,Estudiantes,£180Th.,in,Summer,0.18,Liga Nos,2009,2009/2010
SC Braga,Paulão,26,Centre-Back,Naval,free transfer,in,Summer,NA,Liga Nos,2009,2009/2010
SC Braga,Adriano,30,Centre-Forward,FC Porto,free transfer,in,Summer,NA,Liga Nos,2009,2009/2010
SC Braga,Tiago Pinto,21,Left-Back,Sporting CP,free transfer,in,Summer,NA,Liga Nos,2009,2009/2010
SC Braga,Peterson Joseph,19,Central Midfield,Aigle Noir,free transfer,in,Summer,NA,Liga Nos,2009,2009/2010
SC Braga,Fernando Alexandre,23,Defensive Midfield,CF Estrela,free transfer,in,Summer,NA,Liga Nos,2009,2009/2010
SC Braga,Ney Santos,28,Defensive Midfield,CF Estrela,free transfer,in,Summer,NA,Liga Nos,2009,2009/2010
SC Braga,Diogo Valente,24,Left Winger,FC Porto,free transfer,in,Summer,NA,Liga Nos,2009,2009/2010
SC Braga,Rodrigo Possebon,20,Central Midfield,Man Utd,loan transfer,in,Summer,NA,Liga Nos,2009,2009/2010
SC Braga,Osvaldo,22,Right Winger,Al-Ahli (UAE),loan transfer,in,Summer,NA,Liga Nos,2009,2009/2010
SC Braga,Dani Coelho,19,Right-Back,Braga U19,-,in,Summer,0,Liga Nos,2009,2009/2010
SC Braga,Jahirsino Baylón,20,Centre-Forward,Gil Vicente,"End of loanAug 1, 2009",in,Summer,0,Liga Nos,2009,2009/2010
SC Braga,Roland Linz,27,Centre-Forward,Grasshoppers,"End of loanJun 30, 2009",in,Summer,0,Liga Nos,2009,2009/2010
SC Braga,Forbes,20,Centre-Forward,GD Ribeirão,"End of loanJun 30, 2009",in,Summer,0,Liga Nos,2009,2009/2010
SC Braga,Andrés Madrid,27,Defensive Midfield,FC Porto,"End of loanJun 30, 2009",in,Summer,0,Liga Nos,2009,2009/2010
SC Braga,Pawel Kieszek,25,Goalkeeper,Vitória Setúbal,"End of loanJun 30, 2009",in,Summer,0,Liga Nos,2009,2009/2010
SC Braga,Diego Silva,19,Goalkeeper,GD Ribeirão,"End of loanJun 30, 2009",in,Summer,0,Liga Nos,2009,2009/2010
SC Braga,Ricardo Ferreira,19,Goalkeeper,Olhanense,"End of loanJun 30, 2009",in,Summer,0,Liga Nos,2009,2009/2010
SC Braga,Pizzi,19,Attacking Midfield,GD Ribeirão,"End of loanJun 30, 2009",in,Summer,0,Liga Nos,2009,2009/2010
SC Braga,Yazalde,20,Centre-Forward,Rio Ave FC,"End of loanJun 30, 2009",in,Summer,0,Liga Nos,2009,2009/2010
SC Braga,João Mendes,21,Right Winger,GD Ribeirão,"End of loanJun 30, 2009",in,Summer,0,Liga Nos,2009,2009/2010
SC Braga,Wender,34,Left Winger,Belenenses,"End of loanJun 30, 2009",in,Summer,0,Liga Nos,2009,2009/2010
SC Braga,Anilton Júnior,28,Centre-Back,Portimonense,"End of loanJun 30, 2009",in,Summer,0,Liga Nos,2009,2009/2010
SC Braga,Rainford Kalaba,22,Left Winger,Gil Vicente,"End of loanJun 30, 2009",in,Summer,0,Liga Nos,2009,2009/2010
SC Braga,Castanheira,31,Central Midfield,Leixões,"End of loanJun 30, 2009",in,Summer,0,Liga Nos,2009,2009/2010
SC Braga,Palmeira,19,Centre-Back,GD Ribeirão,"End of loanJun 30, 2009",in,Summer,0,Liga Nos,2009,2009/2010
SC Braga,Kazeem,21,Attacking Midfield,Gil Vicente,"End of loanJun 30, 2009",in,Summer,0,Liga Nos,2009,2009/2010
SC Braga,Philco,20,Centre-Forward,Portimonense,"End of loanJun 30, 2009",in,Summer,0,Liga Nos,2009,2009/2010
SC Braga,Abdou,20,Central Midfield,GD Ribeirão,"End of loanJun 30, 2009",in,Summer,0,Liga Nos,2009,2009/2010
SC Braga,Orlando Sá,21,Centre-Forward,FC Porto,£2.70m,out,Summer,2.7,Liga Nos,2009,2009/2010
SC Braga,Luis Aguiar,23,Central Midfield,Dinamo Moscow,£2.70m,out,Summer,2.7,Liga Nos,2009,2009/2010
SC Braga,César Peixoto,29,Left Midfield,Benfica,£360Th.,out,Summer,0.36,Liga Nos,2009,2009/2010
SC Braga,Frechaut,31,Right-Back,FC Metz,free transfer,out,Summer,NA,Liga Nos,2009,2009/2010
SC Braga,Castanheira,31,Central Midfield,Chaves,free transfer,out,Summer,NA,Liga Nos,2009,2009/2010
SC Braga,Paulo Jorge,29,Centre-Back,APOEL Nicosia,free transfer,out,Summer,NA,Liga Nos,2009,2009/2010
SC Braga,Nani,19,Central Midfield,Merelinense,free transfer,out,Summer,NA,Liga Nos,2009,2009/2010
SC Braga,Ricardo Ferreira,19,Goalkeeper,Olhanense,free transfer,out,Summer,NA,Liga Nos,2009,2009/2010
SC Braga,Diego Silva,19,Goalkeeper,SC Covilhã,loan transfer,out,Summer,NA,Liga Nos,2009,2009/2010
SC Braga,João Mendes,21,Right Winger,Varzim,loan transfer,out,Summer,NA,Liga Nos,2009,2009/2010
SC Braga,Fernando Alexandre,23,Defensive Midfield,Leixões,loan transfer,out,Summer,NA,Liga Nos,2009,2009/2010
SC Braga,Mário Felgueiras,22,Goalkeeper,Vitória Setúbal,loan transfer,out,Summer,NA,Liga Nos,2009,2009/2010
SC Braga,Forbes,20,Centre-Forward,GD Ribeirão,?,out,Summer,NA,Liga Nos,2009,2009/2010
SC Braga,Abdou,20,Central Midfield,Nacional,?,out,Summer,NA,Liga Nos,2009,2009/2010
SC Braga,Roland Linz,28,Centre-Forward,Gaziantepspor,?,out,Summer,NA,Liga Nos,2009,2009/2010
SC Braga,Jorginho,32,Attacking Midfield,Gaziantepspor,?,out,Summer,NA,Liga Nos,2009,2009/2010
SC Braga,Wender,34,Left Winger,Ermis Aradippou,?,out,Summer,NA,Liga Nos,2009,2009/2010
SC Braga,Jahirsino Baylón,20,Centre-Forward,U. San Martín,?,out,Summer,NA,Liga Nos,2009,2009/2010
SC Braga,Philco,20,Centre-Forward,Tombense,?,out,Summer,NA,Liga Nos,2009,2009/2010
SC Braga,Palmeira,19,Centre-Back,CF Estrela,loan transfer,out,Summer,NA,Liga Nos,2009,2009/2010
SC Braga,Dani Coelho,19,Right-Back,CF Estrela,loan transfer,out,Summer,NA,Liga Nos,2009,2009/2010
SC Braga,Jahirsino Baylón,20,Centre-Forward,Gil Vicente,loan transfer,out,Summer,NA,Liga Nos,2009,2009/2010
SC Braga,Rainford Kalaba,22,Left Winger,Leiria,loan transfer,out,Summer,NA,Liga Nos,2009,2009/2010
SC Braga,Stélvio Cruz,20,Defensive Midfield,Leiria,loan transfer,out,Summer,NA,Liga Nos,2009,2009/2010
SC Braga,Zé Manuel,18,Second Striker,Merelinense,loan transfer,out,Summer,NA,Liga Nos,2009,2009/2010
SC Braga,Pizzi,19,Attacking Midfield,SC Covilhã,loan transfer,out,Summer,NA,Liga Nos,2009,2009/2010
SC Braga,Bruno Tiago,28,Central Midfield,Retired,-,out,Summer,0,Liga Nos,2009,2009/2010
SC Braga,Wason Rentería,23,Centre-Forward,FC Porto,"End of loanJun 30, 2009",out,Summer,0,Liga Nos,2009,2009/2010
SC Braga,Luis Aguiar,24,Central Midfield,Dinamo Moscow,"End of loanMay 1, 2010",out,Summer,0,Liga Nos,2009,2009/2010
SC Braga,Edimar,23,Left-Back,Cruzeiro,"End of loanJun 30, 2009",out,Summer,0,Liga Nos,2009,2009/2010
Leixões SC,Cauê,20,Defensive Midfield,Santo André,£45Th.,in,Summer,0.045,Liga Nos,2009,2009/2010
Leixões SC,Roberto Tucker,26,Centre-Back,Quilmes,free transfer,in,Summer,NA,Liga Nos,2009,2009/2010
Leixões SC,Cristian Trombetta,22,Centre-Back,Nueva Chicago,free transfer,in,Summer,NA,Liga Nos,2009,2009/2010
Leixões SC,Léo,25,Centre-Forward,Paulista FC,free transfer,in,Summer,NA,Liga Nos,2009,2009/2010
Leixões SC,Faioli,25,Centre-Forward,Vasco da Gama,free transfer,in,Summer,NA,Liga Nos,2009,2009/2010
Leixões SC,Wênio,29,Defensive Midfield,Vit. Guimarães,free transfer,in,Summer,NA,Liga Nos,2009,2009/2010
Leixões SC,Fernando Alexandre,23,Defensive Midfield,SC Braga,loan transfer,in,Summer,NA,Liga Nos,2009,2009/2010
Leixões SC,Diego,30,Goalkeeper,Santo André,?,in,Summer,NA,Liga Nos,2009,2009/2010
Leixões SC,Nélson Lenho,25,Left-Back,Freamunde,?,in,Summer,NA,Liga Nos,2009,2009/2010
Leixões SC,Fábio Espinho,23,Attacking Midfield,Espinho,?,in,Summer,NA,Liga Nos,2009,2009/2010
Leixões SC,Christian Pouga,23,Centre-Forward,Sevilla Atl.,loan transfer,in,Summer,NA,Liga Nos,2009,2009/2010
Leixões SC,Cong Vinh Le,23,Centre-Forward,Hanoi T&T,loan transfer,in,Summer,NA,Liga Nos,2009,2009/2010
Leixões SC,Nelson Benítez,25,Left-Back,FC Porto,loan transfer,in,Summer,NA,Liga Nos,2009,2009/2010
Leixões SC,Bruno Gallo,21,Central Midfield,Vasco da Gama,loan transfer,in,Summer,NA,Liga Nos,2009,2009/2010
Leixões SC,Nuno Sequeira,18,Left-Back,Leixões U19,-,in,Summer,0,Liga Nos,2009,2009/2010
Leixões SC,Pedro Seabra,21,Centre-Back,Padroense,"End of loanJun 30, 2009",in,Summer,0,Liga Nos,2009,2009/2010
Leixões SC,Rúben Saldanha,21,Attacking Midfield,Esmoriz,"End of loanJun 30, 2009",in,Summer,0,Liga Nos,2009,2009/2010
Leixões SC,Cacheira,20,attack,Padroense,"End of loanJun 30, 2009",in,Summer,0,Liga Nos,2009,2009/2010
Leixões SC,Tiago Cintra,20,Centre-Forward,Amarante,"End of loanJun 1, 2009",in,Summer,0,Liga Nos,2009,2009/2010
Leixões SC,Beto,27,Goalkeeper,FC Porto,£360Th.,out,Summer,0.36,Liga Nos,2009,2009/2010
Leixões SC,Bruno China,26,Central Midfield,RCD Mallorca,£360Th.,out,Summer,0.36,Liga Nos,2009,2009/2010
Leixões SC,Rúben Saldanha,21,Attacking Midfield,Varzim,free transfer,out,Summer,NA,Liga Nos,2009,2009/2010
Leixões SC,Élvis Pereira,31,Centre-Back,Feirense,free transfer,out,Summer,NA,Liga Nos,2009,2009/2010
Leixões SC,Roberto,32,Centre-Forward,Feirense,free transfer,out,Summer,NA,Liga Nos,2009,2009/2010
Leixões SC,Chumbinho,22,Attacking Midfield,Ethn. Piraeus,free transfer,out,Summer,NA,Liga Nos,2009,2009/2010
Leixões SC,Vasco Fernandes,22,Centre-Back,Celta de Vigo,loan transfer,out,Summer,NA,Liga Nos,2009,2009/2010
Leixões SC,Nuno Sequeira,18,Left-Back,Leça,loan transfer,out,Summer,NA,Liga Nos,2009,2009/2010
Leixões SC,Cacheira,20,attack,Padroense,?,out,Summer,NA,Liga Nos,2009,2009/2010
Leixões SC,Sandro Silva,26,Centre-Back,Olhanense,?,out,Summer,NA,Liga Nos,2009,2009/2010
Leixões SC,Brayan Angulo,19,Left-Back,Dep. La Coruña,?,out,Summer,NA,Liga Nos,2009,2009/2010
Leixões SC,João Pedro,34,Centre-Forward,Retired,-,out,Summer,0,Liga Nos,2009,2009/2010
Leixões SC,Brandón Poltronieri,23,Left-Back,Brujas FC,"End of loanJun 30, 2009",out,Summer,0,Liga Nos,2009,2009/2010
Leixões SC,Rodrigo Silva,26,Centre-Forward,Nacional,"End of loanJun 30, 2009",out,Summer,0,Liga Nos,2009,2009/2010
Leixões SC,Roberto Sousa,24,Defensive Midfield,Celta de Vigo,"End of loanJun 30, 2009",out,Summer,0,Liga Nos,2009,2009/2010
Leixões SC,Nelson Benítez,25,Left-Back,FC Porto,"End of loanOct 1, 2009",out,Summer,0,Liga Nos,2009,2009/2010
Leixões SC,Diogo Valente,24,Left Winger,FC Porto,"End of loanJun 30, 2009",out,Summer,0,Liga Nos,2009,2009/2010
Leixões SC,Castanheira,31,Central Midfield,SC Braga,"End of loanJun 30, 2009",out,Summer,0,Liga Nos,2009,2009/2010
Académica Coimbra,Jonathan Bru,24,Defensive Midfield,AE Pafos,free transfer,in,Summer,NA,Liga Nos,2009,2009/2010
Académica Coimbra,Nuno Coelho,21,Defensive Midfield,FC Porto,free transfer,in,Summer,NA,Liga Nos,2009,2009/2010
Académica Coimbra,Amaury Bischoff,22,Central Midfield,Arsenal,free transfer,in,Summer,NA,Liga Nos,2009,2009/2010
Académica Coimbra,Emídio Rafael,23,Left-Back,Portimonense,free transfer,in,Summer,NA,Liga Nos,2009,2009/2010
Académica Coimbra,João Barroca,22,Goalkeeper,GD Tourizense,free transfer,in,Summer,NA,Liga Nos,2009,2009/2010
Académica Coimbra,João Ribeiro,21,Left Winger,Frenaros,?,in,Summer,NA,Liga Nos,2009,2009/2010
Académica Coimbra,André Fontes,24,Central Midfield,GD Tourizense,?,in,Summer,NA,Liga Nos,2009,2009/2010
Académica Coimbra,Bruno Amaro,26,Central Midfield,Nacional,loan transfer,in,Summer,NA,Liga Nos,2009,2009/2010
Académica Coimbra,Miguel Fidalgo,27,Centre-Forward,Nacional,loan transfer,in,Summer,NA,Liga Nos,2009,2009/2010
Académica Coimbra,Christo Amessan,18,Left Winger,Coimbra B,-,in,Summer,0,Liga Nos,2009,2009/2010
Académica Coimbra,Luisinho,19,Right Midfield,Académica U19,-,in,Summer,0,Liga Nos,2009,2009/2010
Académica Coimbra,Pedro Ribeiro,21,Centre-Forward,GD Tourizense,"End of loanJun 30, 2009",in,Summer,0,Liga Nos,2009,2009/2010
Académica Coimbra,Paulo Sérgio,27,Defensive Midfield,Al-Ettifaq,"End of loanJun 30, 2009",in,Summer,0,Liga Nos,2009,2009/2010
Académica Coimbra,Patrick Vouho,22,Centre-Forward,Santa Clara,"End of loanJun 30, 2009",in,Summer,0,Liga Nos,2009,2009/2010
Académica Coimbra,Sarmento,24,Right-Back,SC Covilhã,"End of loanJun 30, 2009",in,Summer,0,Liga Nos,2009,2009/2010
Académica Coimbra,Traquina,20,Right Winger,GD Tourizense,"End of loanJun 30, 2009",in,Summer,0,Liga Nos,2009,2009/2010
Académica Coimbra,Vítor Vinha,22,Left-Back,CF Estrela,"End of loanJun 30, 2009",in,Summer,0,Liga Nos,2009,2009/2010
Académica Coimbra,Ricardo Nunes,26,Goalkeeper,Leiria,"End of loanJun 30, 2009",in,Summer,0,Liga Nos,2009,2009/2010
Académica Coimbra,Lukasz Madej,27,Right Winger,Slask Wroclaw,free transfer,out,Summer,NA,Liga Nos,2009,2009/2010
Académica Coimbra,Boris Peskovic,33,Goalkeeper,CFR Cluj,free transfer,out,Summer,NA,Liga Nos,2009,2009/2010
Académica Coimbra,Nuno Piloto,27,Central Midfield,Iraklis,free transfer,out,Summer,NA,Liga Nos,2009,2009/2010
Académica Coimbra,Vítor Vinha,22,Left-Back,Nea Salamis,free transfer,out,Summer,NA,Liga Nos,2009,2009/2010
Académica Coimbra,Júlio César,24,Defensive Midfield,Desportivo Aves,loan transfer,out,Summer,NA,Liga Nos,2009,2009/2010
Académica Coimbra,Traquina,20,Right Winger,Estoril Praia,loan transfer,out,Summer,NA,Liga Nos,2009,2009/2010
Académica Coimbra,Christo Amessan,18,Left Winger,GD Tourizense,loan transfer,out,Summer,NA,Liga Nos,2009,2009/2010
Académica Coimbra,José Luis Garcés,28,Centre-Forward,Al-Ettifaq,?,out,Summer,NA,Liga Nos,2009,2009/2010
Académica Coimbra,Sarmento,24,Right-Back,GD Tourizense,?,out,Summer,NA,Liga Nos,2009,2009/2010
Académica Coimbra,Gonçalo Santos,22,Defensive Midfield,Santa Clara,loan transfer,out,Summer,NA,Liga Nos,2009,2009/2010
Académica Coimbra,Pedro Ribeiro,21,Centre-Forward,SC Covilhã,loan transfer,out,Summer,NA,Liga Nos,2009,2009/2010
Académica Coimbra,Luisinho,19,Right Midfield,F. Algodres,loan transfer,out,Summer,NA,Liga Nos,2009,2009/2010
Académica Coimbra,Carlos Saleiro,23,Centre-Forward,Sporting CP,"End of loanJun 30, 2009",out,Summer,0,Liga Nos,2009,2009/2010
Vitória Guimarães SC,Rui Miguel,25,Attacking Midfield,Zaglebie Lubin,£315Th.,in,Summer,0.315,Liga Nos,2009,2009/2010
Vitória Guimarães SC,Milhazes,28,Left-Back,FC Timisoara,£180Th.,in,Summer,0.18,Liga Nos,2009,2009/2010
Vitória Guimarães SC,Kamani Hill,23,Centre-Forward,VfL Wolfsburg,free transfer,in,Summer,NA,Liga Nos,2009,2009/2010
Vitória Guimarães SC,Alex,29,Right-Back,VfL Wolfsburg,free transfer,in,Summer,NA,Liga Nos,2009,2009/2010
Vitória Guimarães SC,Leandro da Silva,20,Centre-Back,Benfica,loan transfer,in,Summer,NA,Liga Nos,2009,2009/2010
Vitória Guimarães SC,Ramón David Mendieta,21,Left-Back,12 de Octubre,?,in,Summer,NA,Liga Nos,2009,2009/2010
Vitória Guimarães SC,Tiago Alencar,22,Centre-Back,JMalucelli,?,in,Summer,NA,Liga Nos,2009,2009/2010
Vitória Guimarães SC,David Mendieta,22,Attacking Midfield,12 de Octubre,?,in,Summer,NA,Liga Nos,2009,2009/2010
Vitória Guimarães SC,Jorge Gonçalves,25,Right Winger,Racing,loan transfer,in,Summer,NA,Liga Nos,2009,2009/2010
Vitória Guimarães SC,Gustavo Lazzaretti,25,Centre-Back,Atlético-PR,loan transfer,in,Summer,NA,Liga Nos,2009,2009/2010
Vitória Guimarães SC,Vítor Bastos,19,Centre-Back,Guimarães U19,-,in,Summer,0,Liga Nos,2009,2009/2010
Vitória Guimarães SC,Gonçalo,18,Left-Back,Guimarães U19,-,in,Summer,0,Liga Nos,2009,2009/2010
Vitória Guimarães SC,Paulo Henrique,22,Defensive Midfield,SC Covilhã,"End of loanJun 30, 2009",in,Summer,0,Liga Nos,2009,2009/2010
Vitória Guimarães SC,Tiago Ronaldo,19,Central Midfield,Maria da Fonte,"End of loanJun 30, 2009",in,Summer,0,Liga Nos,2009,2009/2010
Vitória Guimarães SC,Felipe Conceição,29,Centre-Forward,Atl. Baleares,"End of loanJun 30, 2009",in,Summer,0,Liga Nos,2009,2009/2010
Vitória Guimarães SC,Tiago Targino,23,Right Winger,Randers FC,"End of loanJun 30, 2009",in,Summer,0,Liga Nos,2009,2009/2010
Vitória Guimarães SC,Grégory Arnolin,28,Centre-Back,Sporting Gijón,£450Th.,out,Summer,0.45,Liga Nos,2009,2009/2010
Vitória Guimarães SC,Cícero,23,Centre-Forward,Oliveirense,free transfer,out,Summer,NA,Liga Nos,2009,2009/2010
Vitória Guimarães SC,Wênio,29,Defensive Midfield,Leixões,free transfer,out,Summer,NA,Liga Nos,2009,2009/2010
Vitória Guimarães SC,Danilo Rocha,28,Centre-Back,Santa Clara,free transfer,out,Summer,NA,Liga Nos,2009,2009/2010
Vitória Guimarães SC,Nuno Santos,31,Goalkeeper,Vitória Setúbal,free transfer,out,Summer,NA,Liga Nos,2009,2009/2010
Vitória Guimarães SC,Fajardo,30,Attacking Midfield,Panthrakikos,free transfer,out,Summer,NA,Liga Nos,2009,2009/2010
Vitória Guimarães SC,Tiago Ronaldo,19,Central Midfield,Standard U21,free transfer,out,Summer,NA,Liga Nos,2009,2009/2010
Vitória Guimarães SC,Vítor Bastos,19,Centre-Back,Vizela,loan transfer,out,Summer,NA,Liga Nos,2009,2009/2010
Vitória Guimarães SC,Gonçalo,18,Left-Back,Maria da Fonte,loan transfer,out,Summer,NA,Liga Nos,2009,2009/2010
Vitória Guimarães SC,Lucas Klysman,19,Centre-Forward,GD Serzedelo,loan transfer,out,Summer,NA,Liga Nos,2009,2009/2010
Vitória Guimarães SC,Paulo Henrique,22,Defensive Midfield,Varzim,loan transfer,out,Summer,NA,Liga Nos,2009,2009/2010
Vitória Guimarães SC,Milhazes,28,Left-Back,FC Timisoara,"End of loanJun 30, 2009",out,Summer,0,Liga Nos,2009,2009/2010
Vitória Guimarães SC,Luís Filipe,30,Right-Back,Benfica,"End of loanJun 30, 2009",out,Summer,0,Liga Nos,2009,2009/2010
CS Marítimo,Cláudio Pitbull,27,Centre-Forward,FC Porto,free transfer,in,Summer,NA,Liga Nos,2009,2009/2010
CS Marítimo,Alonso,28,Left-Back,Nacional,free transfer,in,Summer,NA,Liga Nos,2009,2009/2010
CS Marítimo,Robson,25,Centre-Back,Vitória Setúbal,free transfer,in,Summer,NA,Liga Nos,2009,2009/2010
CS Marítimo,Peçanha,29,Goalkeeper,Thrasyvoulos,free transfer,in,Summer,NA,Liga Nos,2009,2009/2010
CS Marítimo,Miguel Ângelo,24,Centre-Back,Trofense,free transfer,in,Summer,NA,Liga Nos,2009,2009/2010
CS Marítimo,Roberto Sousa,24,Defensive Midfield,Celta de Vigo,?,in,Summer,NA,Liga Nos,2009,2009/2010
CS Marítimo,Kléber,19,Centre-Forward,Atlético-MG,loan transfer,in,Summer,NA,Liga Nos,2009,2009/2010
CS Marítimo,Adriano,30,Defensive Midfield,Bragantino,"End of loanJun 30, 2009",in,Summer,0,Liga Nos,2009,2009/2010
CS Marítimo,João Coimbra,23,Attacking Midfield,Gil Vicente,"End of loanJun 30, 2009",in,Summer,0,Liga Nos,2009,2009/2010
CS Marítimo,André Pinto,30,Centre-Forward,Paços Ferreira,"End of loanJun 30, 2009",in,Summer,0,Liga Nos,2009,2009/2010
CS Marítimo,Pedro Moutinho,29,Centre-Forward,Rio Ave FC,"End of loanJul 1, 2009",in,Summer,0,Liga Nos,2009,2009/2010
CS Marítimo,Marcos,33,Goalkeeper,Renate,free transfer,out,Summer,NA,Liga Nos,2009,2009/2010
CS Marítimo,Carlos De Freitas,21,Left-Back,Mineros,free transfer,out,Summer,NA,Liga Nos,2009,2009/2010
CS Marítimo,Christopher,24,Goalkeeper,União Madeira,free transfer,out,Summer,NA,Liga Nos,2009,2009/2010
CS Marítimo,Antoine van der Linden,33,Centre-Back,Heracles Almelo,free transfer,out,Summer,NA,Liga Nos,2009,2009/2010
CS Marítimo,Carlos Fernandes,31,Left-Back,Olhanense,free transfer,out,Summer,NA,Liga Nos,2009,2009/2010
CS Marítimo,Balú,24,Defensive Midfield,Portimonense,loan transfer,out,Summer,NA,Liga Nos,2009,2009/2010
CS Marítimo,Vítor Júnior,24,attack,Varzim,loan transfer,out,Summer,NA,Liga Nos,2009,2009/2010
CS Marítimo,Carlos De Freitas,21,Left-Back,Mineros,?,out,Summer,NA,Liga Nos,2009,2009/2010
CS Marítimo,João Coimbra,23,Attacking Midfield,Estoril Praia,?,out,Summer,NA,Liga Nos,2009,2009/2010
CS Marítimo,Víctor Aquino,23,Centre-Forward,Nacional,?,out,Summer,NA,Liga Nos,2009,2009/2010
CS Marítimo,Enzo Gutiérrez,23,Centre-Forward,Rangers Talca,?,out,Summer,NA,Liga Nos,2009,2009/2010
CS Marítimo,Zé Gomes,33,Right-Back,Rio Ave FC,?,out,Summer,NA,Liga Nos,2009,2009/2010
CS Marítimo,Bruno Grassi,22,Goalkeeper,GD Tourizense,loan transfer,out,Summer,NA,Liga Nos,2009,2009/2010
CS Marítimo,Lelo,26,Centre-Forward,Varzim,loan transfer,out,Summer,NA,Liga Nos,2009,2009/2010
CS Marítimo,Ytalo,21,Centre-Forward,Inter B,loan transfer,out,Summer,NA,Liga Nos,2009,2009/2010
CS Marítimo,Gonçalo Abreu,23,Right Winger,Varzim,loan transfer,out,Summer,NA,Liga Nos,2009,2009/2010
CS Marítimo,Pedro Moutinho,29,Centre-Forward,Without Club,-,out,Summer,0,Liga Nos,2009,2009/2010
CS Marítimo,André Pinto,30,Centre-Forward,Without Club,-,out,Summer,0,Liga Nos,2009,2009/2010
CS Marítimo,Adriano,30,Defensive Midfield,Marítimo B,-,out,Summer,0,Liga Nos,2009,2009/2010
CS Marítimo,Rodrigo Antônio,21,Defensive Midfield,Marítimo B,-,out,Summer,0,Liga Nos,2009,2009/2010
FC Paços de Ferreira,Danielson,28,Centre-Back,Khimki,free transfer,in,Summer,NA,Liga Nos,2009,2009/2010
FC Paços de Ferreira,Evandro Roncatto,23,Centre-Forward,Belenenses,free transfer,in,Summer,NA,Liga Nos,2009,2009/2010
FC Paços de Ferreira,Leandrinho,23,Centre-Forward,Herediano,free transfer,in,Summer,NA,Liga Nos,2009,2009/2010
FC Paços de Ferreira,Filipe Mendes,24,Goalkeeper,CF Estrela,free transfer,in,Summer,NA,Liga Nos,2009,2009/2010
FC Paços de Ferreira,Baiano,22,Right-Back,Belenenses,free transfer,in,Summer,NA,Liga Nos,2009,2009/2010
FC Paços de Ferreira,António Filipe,24,Goalkeeper,Gondomar,free transfer,in,Summer,NA,Liga Nos,2009,2009/2010
FC Paços de Ferreira,Maykon,25,Left-Back,Belenenses,?,in,Summer,NA,Liga Nos,2009,2009/2010
FC Paços de Ferreira,Leonel Olímpio,26,Defensive Midfield,Gil Vicente,?,in,Summer,NA,Liga Nos,2009,2009/2010
FC Paços de Ferreira,Carlitos,20,Right-Back,Oliveirense,?,in,Summer,NA,Liga Nos,2009,2009/2010
FC Paços de Ferreira,Abdramane Diarra,20,Centre-Forward,EF Ouagadougou,?,in,Summer,NA,Liga Nos,2009,2009/2010
FC Paços de Ferreira,Mario Rondón,23,Centre-Forward,Pontassolense,?,in,Summer,NA,Liga Nos,2009,2009/2010
FC Paços de Ferreira,José Coelho,19,Attacking Midfield,Benfica,loan transfer,in,Summer,NA,Liga Nos,2009,2009/2010
FC Paços de Ferreira,Ciel,27,Second Striker,Villa Rio,loan transfer,in,Summer,NA,Liga Nos,2009,2009/2010
FC Paços de Ferreira,Diogo Brandão,19,Attacking Midfield,Paços F. U19,-,in,Summer,0,Liga Nos,2009,2009/2010
FC Paços de Ferreira,Manuel José,28,Right Midfield,Without Club,-,in,Summer,0,Liga Nos,2009,2009/2010
FC Paços de Ferreira,Tiago Valente,24,Centre-Back,Desportivo Aves,"End of loanJun 30, 2009",in,Summer,0,Liga Nos,2009,2009/2010
FC Paços de Ferreira,Fábio Pacheco,21,Defensive Midfield,Rebordosa AC,"End of loanJun 30, 2009",in,Summer,0,Liga Nos,2009,2009/2010
FC Paços de Ferreira,Jorginho,21,Right Winger,Rebordosa AC,"End of loanJun 30, 2009",in,Summer,0,Liga Nos,2009,2009/2010
FC Paços de Ferreira,Romeu Torres,22,Centre-Forward,Desportivo Aves,"End of loanJun 30, 2009",in,Summer,0,Liga Nos,2009,2009/2010
FC Paços de Ferreira,Dédé,28,Defensive Midfield,AC Arles-Avignon,free transfer,out,Summer,NA,Liga Nos,2009,2009/2010
FC Paços de Ferreira,Bruno Conceicão,27,Goalkeeper,Beira-Mar,free transfer,out,Summer,NA,Liga Nos,2009,2009/2010
FC Paços de Ferreira,Carlos Carneiro,35,Centre-Forward,Vizela,free transfer,out,Summer,NA,Liga Nos,2009,2009/2010
FC Paços de Ferreira,Chico Silva,31,Left-Back,Oliveirense,free transfer,out,Summer,NA,Liga Nos,2009,2009/2010
FC Paços de Ferreira,Edson Nobre,29,Right Midfield,Ethnikos,free transfer,out,Summer,NA,Liga Nos,2009,2009/2010
FC Paços de Ferreira,Leal,21,Central Midfield,Rebordosa AC,loan transfer,out,Summer,NA,Liga Nos,2009,2009/2010
FC Paços de Ferreira,Jorginho,21,Right Winger,Oliveirense,loan transfer,out,Summer,NA,Liga Nos,2009,2009/2010
FC Paços de Ferreira,Diogo Brandão,19,Attacking Midfield,Rebordosa AC,loan transfer,out,Summer,NA,Liga Nos,2009,2009/2010
FC Paços de Ferreira,Leandro Tatu,27,Second Striker,Santa Clara,?,out,Summer,NA,Liga Nos,2009,2009/2010
FC Paços de Ferreira,Tiago Valente,24,Centre-Back,Desportivo Aves,?,out,Summer,NA,Liga Nos,2009,2009/2010
FC Paços de Ferreira,Filipe Gonçalves,24,Defensive Midfield,Trofense,?,out,Summer,NA,Liga Nos,2009,2009/2010
FC Paços de Ferreira,Pedro Queirós,24,Right-Back,Oliveirense,loan transfer,out,Summer,NA,Liga Nos,2009,2009/2010
FC Paços de Ferreira,Kiko,30,Centre-Back,Gil Vicente,loan transfer,out,Summer,NA,Liga Nos,2009,2009/2010
FC Paços de Ferreira,Livio Prieto,27,Left Winger,Without Club,-,out,Summer,0,Liga Nos,2009,2009/2010
FC Paços de Ferreira,Pedro,34,Goalkeeper,Retired,-,out,Summer,0,Liga Nos,2009,2009/2010
FC Paços de Ferreira,Filipe Mendes,24,Goalkeeper,Without Club,-,out,Summer,0,Liga Nos,2009,2009/2010
FC Paços de Ferreira,Hélder Guedes,22,Centre-Forward,Penafiel,"End of loanJun 30, 2009",out,Summer,0,Liga Nos,2009,2009/2010
FC Paços de Ferreira,Rui Miguel,25,Attacking Midfield,Zaglebie Lubin,"End of loanJun 30, 2009",out,Summer,0,Liga Nos,2009,2009/2010
FC Paços de Ferreira,André Pinto,30,Centre-Forward,Marítimo,"End of loanJun 30, 2009",out,Summer,0,Liga Nos,2009,2009/2010
FC Paços de Ferreira,Danielson,28,Centre-Back,Khimki,"End of loanJun 30, 2009",out,Summer,0,Liga Nos,2009,2009/2010
Rio Ave FC,Magno,24,Right-Back,Anápolis-GO,free transfer,in,Summer,NA,Liga Nos,2009,2009/2010
Rio Ave FC,Adriano,21,Right-Back,Coritiba FC,free transfer,in,Summer,NA,Liga Nos,2009,2009/2010
Rio Ave FC,Bruno Gama,21,Left Winger,FC Porto,free transfer,in,Summer,NA,Liga Nos,2009,2009/2010
Rio Ave FC,Sidnei,22,Left Winger,Boavista,free transfer,in,Summer,NA,Liga Nos,2009,2009/2010
Rio Ave FC,Ricardo Chaves,31,Defensive Midfield,Vitória Setúbal,free transfer,in,Summer,NA,Liga Nos,2009,2009/2010
Rio Ave FC,João Tomás,34,Centre-Forward,Boavista,free transfer,in,Summer,NA,Liga Nos,2009,2009/2010
Rio Ave FC,Zé Gomes,33,Right-Back,Marítimo,?,in,Summer,NA,Liga Nos,2009,2009/2010
Rio Ave FC,Wesllem,24,Left Winger,Leça,?,in,Summer,NA,Liga Nos,2009,2009/2010
Rio Ave FC,Carlos Fernandes,29,Goalkeeper,Foolad,?,in,Summer,NA,Liga Nos,2009,2009/2010
Rio Ave FC,Pedro Trigueira,21,Goalkeeper,Boavista,?,in,Summer,NA,Liga Nos,2009,2009/2010
Rio Ave FC,Jeferson,23,Centre-Back,Rio Preto EC,?,in,Summer,NA,Liga Nos,2009,2009/2010
Rio Ave FC,Bruno Fogaça,27,Centre-Forward,Without Club,-,in,Summer,0,Liga Nos,2009,2009/2010
Rio Ave FC,Ricardo Martins,19,Central Midfield,Rio Ave FC U19,-,in,Summer,0,Liga Nos,2009,2009/2010
Rio Ave FC,Valdir,25,Left-Back,Without Club,-,in,Summer,0,Liga Nos,2009,2009/2010
Rio Ave FC,André Serrão,23,Central Midfield,GD Ribeirão,"End of loanJun 30, 2009",in,Summer,0,Liga Nos,2009,2009/2010
Rio Ave FC,Tiago Terroso,21,Defensive Midfield,FC Pampilhosa,"End of loanJun 30, 2009",in,Summer,0,Liga Nos,2009,2009/2010
Rio Ave FC,Miguel Lopes,22,Right-Back,FC Porto,£540Th.,out,Summer,0.54,Liga Nos,2009,2009/2010
Rio Ave FC,Ronaldo,28,Centre-Forward,Oliveirense,free transfer,out,Summer,NA,Liga Nos,2009,2009/2010
Rio Ave FC,Jorge Humberto,29,Centre-Back,Oliveirense,free transfer,out,Summer,NA,Liga Nos,2009,2009/2010
Rio Ave FC,Daniel Henz,24,defence,Jagiellonia,free transfer,out,Summer,NA,Liga Nos,2009,2009/2010
Rio Ave FC,Delson,28,Defensive Midfield,AE Larisa,free transfer,out,Summer,NA,Liga Nos,2009,2009/2010
Rio Ave FC,Márcio Paiva,28,Goalkeeper,Doxa Katokopias,free transfer,out,Summer,NA,Liga Nos,2009,2009/2010
Rio Ave FC,César Gomes,33,Goalkeeper,GD Ribeirão,?,out,Summer,NA,Liga Nos,2009,2009/2010
Rio Ave FC,Ricardo Martins,19,Central Midfield,Gondomar,loan transfer,out,Summer,NA,Liga Nos,2009,2009/2010
Rio Ave FC,Henrique,22,Centre-Forward,Without Club,-,out,Summer,0,Liga Nos,2009,2009/2010
Rio Ave FC,Bruno Novo,29,Right-Back,Retired,-,out,Summer,0,Liga Nos,2009,2009/2010
Rio Ave FC,Rogério Matias,34,Left-Back,Retired,-,out,Summer,0,Liga Nos,2009,2009/2010
Rio Ave FC,Livramento,27,Attacking Midfield,Without Club,-,out,Summer,0,Liga Nos,2009,2009/2010
Rio Ave FC,Niquinha,37,Central Midfield,Retired,-,out,Summer,0,Liga Nos,2009,2009/2010
Rio Ave FC,Yazalde,20,Centre-Forward,SC Braga,"End of loanJun 30, 2009",out,Summer,0,Liga Nos,2009,2009/2010
Rio Ave FC,Pedro Moutinho,29,Centre-Forward,Marítimo,"End of loanJul 1, 2009",out,Summer,0,Liga Nos,2009,2009/2010
Rio Ave FC,Daniel Candeias,21,Right Winger,FC Porto,"End of loanJun 30, 2009",out,Summer,0,Liga Nos,2009,2009/2010
Rio Ave FC,Edson Henrique,21,Centre-Back,FC Porto,"End of loanJun 30, 2009",out,Summer,0,Liga Nos,2009,2009/2010
Rio Ave FC,Fábio Coentrão,21,Left-Back,Benfica,"End of loanJun 30, 2009",out,Summer,0,Liga Nos,2009,2009/2010
Naval 1º de Maio,Omar Bellagra,23,Centre-Forward,Blois Foot 41,free transfer,in,Summer,NA,Liga Nos,2009,2009/2010
Naval 1º de Maio,Mehdi Kerrouche,23,Centre-Forward,GFCO Ajaccio,free transfer,in,Summer,NA,Liga Nos,2009,2009/2010
Naval 1º de Maio,Kévin Gomis,20,Centre-Back,EA Guingamp B,free transfer,in,Summer,NA,Liga Nos,2009,2009/2010
Naval 1º de Maio,Aboubacar Tandia,25,Centre-Forward,Villemomble,free transfer,in,Summer,NA,Liga Nos,2009,2009/2010
Naval 1º de Maio,Bourama Ouattara,24,Left Winger,Olymp. Volou,free transfer,in,Summer,NA,Liga Nos,2009,2009/2010
Naval 1º de Maio,Ulrick Lupède,25,Centre-Back,RC La Flèche,?,in,Summer,NA,Liga Nos,2009,2009/2010
Naval 1º de Maio,William-Moses NKake,23,Defensive Midfield,Villemomble,?,in,Summer,NA,Liga Nos,2009,2009/2010
Naval 1º de Maio,João Mendes,22,Defensive Midfield,SL Nelas,"End of loanJun 30, 2009",in,Summer,0,Liga Nos,2009,2009/2010
Naval 1º de Maio,Marcelinho,24,Centre-Forward,Sharjah FC,£630Th.,out,Summer,0.63,Liga Nos,2009,2009/2010
Naval 1º de Maio,Igor Rocha,25,Left-Back,Trofense,free transfer,out,Summer,NA,Liga Nos,2009,2009/2010
Naval 1º de Maio,Emanuel Vieira,19,Goalkeeper,Unknown,free transfer,out,Summer,NA,Liga Nos,2009,2009/2010
Naval 1º de Maio,João Ribeiro,21,Left Winger,Frenaros,free transfer,out,Summer,NA,Liga Nos,2009,2009/2010
Naval 1º de Maio,Tiago Freitas,28,attack,Porto Alegre,free transfer,out,Summer,NA,Liga Nos,2009,2009/2010
Naval 1º de Maio,Paulão,26,Centre-Back,SC Braga,free transfer,out,Summer,NA,Liga Nos,2009,2009/2010
Naval 1º de Maio,João Mendes,22,Defensive Midfield,SC Covilhã,?,out,Summer,NA,Liga Nos,2009,2009/2010
Naval 1º de Maio,Fabricio Lopes,25,Centre-Back,Shatin,?,out,Summer,NA,Liga Nos,2009,2009/2010
Naval 1º de Maio,Dudu,27,Attacking Midfield,Without Club,-,out,Summer,0,Liga Nos,2009,2009/2010
Vitória Setúbal FC,Przemyslaw Kazmierczak,27,Defensive Midfield,FC Porto,£540Th.,in,Summer,0.54,Liga Nos,2009,2009/2010
Vitória Setúbal FC,El Hadji Diouf,21,Attacking Midfield,AEK Athens,free transfer,in,Summer,NA,Liga Nos,2009,2009/2010
Vitória Setúbal FC,Nuno Santos,31,Goalkeeper,Vit. Guimarães,free transfer,in,Summer,NA,Liga Nos,2009,2009/2010
Vitória Setúbal FC,Kheireddine Zarabi,25,Centre-Back,Belenenses,free transfer,in,Summer,NA,Liga Nos,2009,2009/2010
Vitória Setúbal FC,Aurélien Collin,23,Centre-Back,Wrexham,free transfer,in,Summer,NA,Liga Nos,2009,2009/2010
Vitória Setúbal FC,Alan,26,Right-Back,Arapongas,free transfer,in,Summer,NA,Liga Nos,2009,2009/2010
Vitória Setúbal FC,Adul Baldé,20,Centre-Forward,CF Estrela,free transfer,in,Summer,NA,Liga Nos,2009,2009/2010
Vitória Setúbal FC,François,19,Centre-Back,Boavista,free transfer,in,Summer,NA,Liga Nos,2009,2009/2010
Vitória Setúbal FC,Pimenta,23,Left Winger,SC Covilhã,free transfer,in,Summer,NA,Liga Nos,2009,2009/2010
Vitória Setúbal FC,Rui Fonte,19,Centre-Forward,Sporting CP,loan transfer,in,Summer,NA,Liga Nos,2009,2009/2010
Vitória Setúbal FC,Mário Felgueiras,22,Goalkeeper,SC Braga,loan transfer,in,Summer,NA,Liga Nos,2009,2009/2010
Vitória Setúbal FC,Ivo Pinto,19,Right-Back,FC Porto,loan transfer,in,Summer,NA,Liga Nos,2009,2009/2010
Vitória Setúbal FC,André Pinto,19,Centre-Back,FC Porto,loan transfer,in,Summer,NA,Liga Nos,2009,2009/2010
Vitória Setúbal FC,Rúben Lima,19,Left-Back,Benfica,loan transfer,in,Summer,NA,Liga Nos,2009,2009/2010
Vitória Setúbal FC,Hélder Barbosa,22,Left Winger,FC Porto,loan transfer,in,Summer,NA,Liga Nos,2009,2009/2010
Vitória Setúbal FC,Álvaro Fernández,23,Central Midfield,Nacional,?,in,Summer,NA,Liga Nos,2009,2009/2010
Vitória Setúbal FC,Luís Carlos,26,Left Winger,Estoril Praia,?,in,Summer,NA,Liga Nos,2009,2009/2010
Vitória Setúbal FC,Ladji Keita,26,Centre-Forward,Geroskipou,?,in,Summer,NA,Liga Nos,2009,2009/2010
Vitória Setúbal FC,Miguel Rosa,30,Goalkeeper,Ayamonte CF,?,in,Summer,NA,Liga Nos,2009,2009/2010
Vitória Setúbal FC,Vasco Varão,27,Central Midfield,CD Fátima,?,in,Summer,NA,Liga Nos,2009,2009/2010
Vitória Setúbal FC,Bruno Monteiro,24,Central Midfield,Boavista,?,in,Summer,NA,Liga Nos,2009,2009/2010
Vitória Setúbal FC,Mamadou Djikiné,22,Defensive Midfield,SC Covilhã,?,in,Summer,NA,Liga Nos,2009,2009/2010
Vitória Setúbal FC,Matos,30,Goalkeeper,Varzim,?,in,Summer,NA,Liga Nos,2009,2009/2010
Vitória Setúbal FC,Lourenço,29,Defensive Midfield,Beira-Mar,?,in,Summer,NA,Liga Nos,2009,2009/2010
Vitória Setúbal FC,Guilherme,22,Centre-Forward,Brasa,loan transfer,in,Summer,NA,Liga Nos,2009,2009/2010
Vitória Setúbal FC,Ricardo Dâmaso,18,Defensive Midfield,Setúbal U19,-,in,Summer,0,Liga Nos,2009,2009/2010
Vitória Setúbal FC,Bruno Lourenço,19,Centre-Back,Setúbal U19,-,in,Summer,0,Liga Nos,2009,2009/2010
Vitória Setúbal FC,Joãozinho,19,Right Winger,Setúbal U19,-,in,Summer,0,Liga Nos,2009,2009/2010
Vitória Setúbal FC,Portela,21,Right-Back,Pinhalnovense,"End of loanJun 30, 2009",in,Summer,0,Liga Nos,2009,2009/2010
Vitória Setúbal FC,Bruno Severino,23,Right Winger,Gondomar,"End of loanJun 30, 2009",in,Summer,0,Liga Nos,2009,2009/2010
Vitória Setúbal FC,Hugo,32,Centre-Back,Beira-Mar,free transfer,out,Summer,NA,Liga Nos,2009,2009/2010
Vitória Setúbal FC,Leandro Branco,26,Right Winger,Criciúma EC,free transfer,out,Summer,NA,Liga Nos,2009,2009/2010
Vitória Setúbal FC,Auri,35,Centre-Back,SC Covilhã,free transfer,out,Summer,NA,Liga Nos,2009,2009/2010
Vitória Setúbal FC,Joeano,29,Centre-Forward,Ermis Aradippou,free transfer,out,Summer,NA,Liga Nos,2009,2009/2010
Vitória Setúbal FC,Nikola Milojevic,28,Goalkeeper,Unknown,free transfer,out,Summer,NA,Liga Nos,2009,2009/2010
Vitória Setúbal FC,Pedro Alves,30,Goalkeeper,Pinhalnovense,free transfer,out,Summer,NA,Liga Nos,2009,2009/2010
Vitória Setúbal FC,Robson,25,Centre-Back,Marítimo,free transfer,out,Summer,NA,Liga Nos,2009,2009/2010
Vitória Setúbal FC,Leandro Carrijó,23,Centre-Forward,South China,free transfer,out,Summer,NA,Liga Nos,2009,2009/2010
Vitória Setúbal FC,Anderson do Ó,28,Centre-Back,AE Pafos,free transfer,out,Summer,NA,Liga Nos,2009,2009/2010
Vitória Setúbal FC,Ricardo Chaves,31,Defensive Midfield,Rio Ave FC,free transfer,out,Summer,NA,Liga Nos,2009,2009/2010
Vitória Setúbal FC,Janício,29,Right-Back,Anorthosis,free transfer,out,Summer,NA,Liga Nos,2009,2009/2010
Vitória Setúbal FC,Elias,27,Defensive Midfield,Leiria,free transfer,out,Summer,NA,Liga Nos,2009,2009/2010
Vitória Setúbal FC,Michel,24,Right-Back,Itumbiara,free transfer,out,Summer,NA,Liga Nos,2009,2009/2010
Vitória Setúbal FC,Bruno Lourenço,19,Centre-Back,Aljustrelense,loan transfer,out,Summer,NA,Liga Nos,2009,2009/2010
Vitória Setúbal FC,Pimenta,24,Left Winger,SC Covilhã,loan transfer,out,Summer,NA,Liga Nos,2009,2009/2010
Vitória Setúbal FC,Portela,21,Right-Back,Cerro Reyes,?,out,Summer,NA,Liga Nos,2009,2009/2010
Vitória Setúbal FC,Bruno Ribeiro,33,Left Midfield,Chaves,loan transfer,out,Summer,NA,Liga Nos,2009,2009/2010
Vitória Setúbal FC,Moisés,18,Right Winger,Sertanense,loan transfer,out,Summer,NA,Liga Nos,2009,2009/2010
Vitória Setúbal FC,Bruno Severino,23,Right Winger,Beira-Mar,loan transfer,out,Summer,NA,Liga Nos,2009,2009/2010
Vitória Setúbal FC,André Moretto,22,Goalkeeper,Sertanense,loan transfer,out,Summer,NA,Liga Nos,2009,2009/2010
Vitória Setúbal FC,Leandro Lima,23,Attacking Midfield,FC Porto,"End of loanJun 30, 2009",out,Summer,0,Liga Nos,2009,2009/2010
Vitória Setúbal FC,Bruno Vale,26,Goalkeeper,FC Porto,"End of loanJun 30, 2009",out,Summer,0,Liga Nos,2009,2009/2010
Vitória Setúbal FC,Bruno Gama,21,Left Winger,FC Porto,"End of loanJun 30, 2009",out,Summer,0,Liga Nos,2009,2009/2010
Vitória Setúbal FC,André Marques,21,Left-Back,Sporting CP,"End of loanJun 30, 2009",out,Summer,0,Liga Nos,2009,2009/2010
Vitória Setúbal FC,Mateus Borges,26,Attacking Midfield,Anápolis-GO,"End of loanJun 30, 2009",out,Summer,0,Liga Nos,2009,2009/2010
Vitória Setúbal FC,Bruno Moraes,24,Centre-Forward,FC Porto,"End of loanJun 30, 2009",out,Summer,0,Liga Nos,2009,2009/2010
Vitória Setúbal FC,Pawel Kieszek,25,Goalkeeper,SC Braga,"End of loanJun 30, 2009",out,Summer,0,Liga Nos,2009,2009/2010
Vitória Setúbal FC,Laionel,23,Right Winger,Anápolis-GO,"End of loanJun 30, 2009",out,Summer,0,Liga Nos,2009,2009/2010
Vitória Setúbal FC,Danilo Portugal,26,Defensive Midfield,Goiás EC,"End of loanJun 30, 2009",out,Summer,0,Liga Nos,2009,2009/2010
SC Olhanense,Zequinha,22,Second Striker,FC Porto,free transfer,in,Summer,NA,Liga Nos,2009,2009/2010
SC Olhanense,Stéphane Dasse,19,Left-Back,FC Porto,free transfer,in,Summer,NA,Liga Nos,2009,2009/2010
SC Olhanense,Ricardo Ferreira,19,Goalkeeper,SC Braga,free transfer,in,Summer,NA,Liga Nos,2009,2009/2010
SC Olhanense,Greg Nwokolo,23,Left Winger,Persija Jakarta,free transfer,in,Summer,NA,Liga Nos,2009,2009/2010
SC Olhanense,Carlos Fernandes,31,Left-Back,Marítimo,free transfer,in,Summer,NA,Liga Nos,2009,2009/2010
SC Olhanense,Paulo Sérgio,25,Attacking Midfield,UD Salamanca,free transfer,in,Summer,NA,Liga Nos,2009,2009/2010
SC Olhanense,Rabiola,19,Centre-Forward,FC Porto,loan transfer,in,Summer,NA,Liga Nos,2009,2009/2010
SC Olhanense,Hugo Ventura,21,Goalkeeper,FC Porto,loan transfer,in,Summer,NA,Liga Nos,2009,2009/2010
SC Olhanense,Lucas D'Alegre,23,defence,RCD Mallorca B,?,in,Summer,NA,Liga Nos,2009,2009/2010
SC Olhanense,Sandro Silva,26,Centre-Back,Leixões,?,in,Summer,NA,Liga Nos,2009,2009/2010
SC Olhanense,Tengarrinha,20,Defensive Midfield,FC Porto,loan transfer,in,Summer,NA,Liga Nos,2009,2009/2010
SC Olhanense,Éder Baiano,25,Centre-Back,Rio Preto EC,loan transfer,in,Summer,NA,Liga Nos,2009,2009/2010
SC Olhanense,Juan Pietravallo,27,Defensive Midfield,Without Club,-,in,Summer,0,Liga Nos,2009,2009/2010
SC Olhanense,Miguel Garcia,26,Right-Back,Without Club,-,in,Summer,0,Liga Nos,2009,2009/2010
SC Olhanense,Marcel Gomis,21,Centre-Forward,Without Club,-,in,Summer,0,Liga Nos,2009,2009/2010
SC Olhanense,Diogo,19,midfield,Lagoa,"End of loanJun 30, 2009",in,Summer,0,Liga Nos,2009,2009/2010
SC Olhanense,Moses Sakyi,28,Centre-Forward,HZ Greentown,"End of loanJun 30, 2009",in,Summer,0,Liga Nos,2009,2009/2010
SC Olhanense,Jaime Pacheco,23,Central Midfield,Louletano,"End of loanJun 30, 2009",in,Summer,0,Liga Nos,2009,2009/2010
SC Olhanense,Rodrigo Lamardo,21,Attacking Midfield,CD Fátima,"End of loanJun 30, 2009",in,Summer,0,Liga Nos,2009,2009/2010
SC Olhanense,Fábio Marques,21,Right Winger,Mafra,"End of loanJun 30, 2009",in,Summer,0,Liga Nos,2009,2009/2010
SC Olhanense,Branquinho,32,Left-Back,CD Fátima,free transfer,out,Summer,NA,Liga Nos,2009,2009/2010
SC Olhanense,Javier Cohene,22,Centre-Back,River Plate,free transfer,out,Summer,NA,Liga Nos,2009,2009/2010
SC Olhanense,Bruno Mestre,27,Right Winger,Louletano,free transfer,out,Summer,NA,Liga Nos,2009,2009/2010
SC Olhanense,Joshua Silva,18,Centre-Back,Quarteirense,loan transfer,out,Summer,NA,Liga Nos,2009,2009/2010
SC Olhanense,Moses Sakyi,28,Centre-Forward,Gondomar,?,out,Summer,NA,Liga Nos,2009,2009/2010
SC Olhanense,Dani,25,Central Midfield,Oriental,?,out,Summer,NA,Liga Nos,2009,2009/2010
SC Olhanense,Diogo,19,midfield,Quarteirense,loan transfer,out,Summer,NA,Liga Nos,2009,2009/2010
SC Olhanense,Jaime Pacheco,23,Central Midfield,CF Estrela,loan transfer,out,Summer,NA,Liga Nos,2009,2009/2010
SC Olhanense,Marco Couto,34,Centre-Back,Retired,-,out,Summer,0,Liga Nos,2009,2009/2010
SC Olhanense,Ricardo Ferreira,19,Goalkeeper,SC Braga,"End of loanJun 30, 2009",out,Summer,0,Liga Nos,2009,2009/2010
SC Olhanense,André Carvalhas,20,Attacking Midfield,Benfica,"End of loanJun 30, 2009",out,Summer,0,Liga Nos,2009,2009/2010
SC Olhanense,Stéphane Dasse,19,Left-Back,FC Porto,"End of loanJun 30, 2009",out,Summer,0,Liga Nos,2009,2009/2010
SC Olhanense,Steven Vitória,22,Centre-Back,FC Porto,"End of loanJun 30, 2009",out,Summer,0,Liga Nos,2009,2009/2010
SC Olhanense,João Paulo,24,Centre-Forward,Belenenses,"End of loanJun 30, 2009",out,Summer,0,Liga Nos,2009,2009/2010
SC Olhanense,Karr,21,Defensive Midfield,FC Porto U19,"End of loanJun 30, 2009",out,Summer,0,Liga Nos,2009,2009/2010
SC Olhanense,Paulo Renato,22,Centre-Back,Sporting CP,"End of loanJun 30, 2009",out,Summer,0,Liga Nos,2009,2009/2010
União de Leiria,Andjelko Djuricic,28,Goalkeeper,Hajduk Kula,£270Th.,in,Summer,0.27,Liga Nos,2009,2009/2010
União de Leiria,Hélder Godinho,31,Goalkeeper,Feirense,free transfer,in,Summer,NA,Liga Nos,2009,2009/2010
União de Leiria,Seydou Koné,26,Centre-Forward,FC Botosani,free transfer,in,Summer,NA,Liga Nos,2009,2009/2010
União de Leiria,Elias,27,Defensive Midfield,Vitória Setúbal,free transfer,in,Summer,NA,Liga Nos,2009,2009/2010
União de Leiria,Silas,32,Attacking Midfield,Belenenses,free transfer,in,Summer,NA,Liga Nos,2009,2009/2010
União de Leiria,Mamadi,30,Centre-Back,Feirense,free transfer,in,Summer,NA,Liga Nos,2009,2009/2010
União de Leiria,Saidou Panandetiguiri,25,Right-Back,Wehen Wiesbaden,free transfer,in,Summer,NA,Liga Nos,2009,2009/2010
União de Leiria,Hugo Gomes,29,Right-Back,CF Estrela,free transfer,in,Summer,NA,Liga Nos,2009,2009/2010
União de Leiria,Vítor Moreno,28,Right-Back,CF Estrela,free transfer,in,Summer,NA,Liga Nos,2009,2009/2010
União de Leiria,Tiago Luis,20,Centre-Forward,Santos FC,loan transfer,in,Summer,NA,Liga Nos,2009,2009/2010
União de Leiria,Alberto,20,Centre-Forward,Rio Branco-SP,?,in,Summer,NA,Liga Nos,2009,2009/2010
União de Leiria,Hammes,21,Centre-Back,Rio Branco,?,in,Summer,NA,Liga Nos,2009,2009/2010
União de Leiria,Nuno Gomes,30,Centre-Back,Varzim,?,in,Summer,NA,Liga Nos,2009,2009/2010
União de Leiria,Diego Gaúcho,27,Centre-Back,Gil Vicente,?,in,Summer,NA,Liga Nos,2009,2009/2010
União de Leiria,Ronny,23,Attacking Midfield,Sporting CP,loan transfer,in,Summer,NA,Liga Nos,2009,2009/2010
União de Leiria,Rainford Kalaba,22,Left Winger,SC Braga,loan transfer,in,Summer,NA,Liga Nos,2009,2009/2010
União de Leiria,Stélvio Cruz,20,Defensive Midfield,SC Braga,loan transfer,in,Summer,NA,Liga Nos,2009,2009/2010
União de Leiria,Bruno Cepeda,19,Central Midfield,Leiria U19,-,in,Summer,0,Liga Nos,2009,2009/2010
União de Leiria,Figa,19,Right Winger,Leiria U19,-,in,Summer,0,Liga Nos,2009,2009/2010
União de Leiria,Filipe Falardo,25,Attacking Midfield,FC Gloria Buzău,"End of loanJun 30, 2009",in,Summer,0,Liga Nos,2009,2009/2010
União de Leiria,Pedro Moreira,26,Right Winger,FC Gloria Buzău,"End of loanJun 30, 2009",in,Summer,0,Liga Nos,2009,2009/2010
União de Leiria,Furtado,26,Centre-Forward,Ionikos Nikeas,free transfer,out,Summer,NA,Liga Nos,2009,2009/2010
União de Leiria,Luiz Carlos,29,Centre-Back,South China,free transfer,out,Summer,NA,Liga Nos,2009,2009/2010
União de Leiria,Nélson Sousa,25,Right-Back,Chaves,free transfer,out,Summer,NA,Liga Nos,2009,2009/2010
União de Leiria,Wagnão,30,Centre-Back,Feirense,free transfer,out,Summer,NA,Liga Nos,2009,2009/2010
União de Leiria,Ricardo Sousa,30,Attacking Midfield,Drava Ptuj,free transfer,out,Summer,NA,Liga Nos,2009,2009/2010
União de Leiria,Tiago,33,Defensive Midfield,Trofense,free transfer,out,Summer,NA,Liga Nos,2009,2009/2010
União de Leiria,Figa,19,Right Winger,Monsanto,loan transfer,out,Summer,NA,Liga Nos,2009,2009/2010
União de Leiria,João Pedro,23,Right-Back,Oliveirense,?,out,Summer,NA,Liga Nos,2009,2009/2010
União de Leiria,Pan Pierre Koulibaly,23,Centre-Forward,Al-Ittihad,?,out,Summer,NA,Liga Nos,2009,2009/2010
União de Leiria,Luís Manuel,28,Defensive Midfield,AD Lousada,?,out,Summer,NA,Liga Nos,2009,2009/2010
União de Leiria,Mamadi,30,Centre-Back,CD Fátima,loan transfer,out,Summer,NA,Liga Nos,2009,2009/2010
União de Leiria,Pedro Moreira,26,Right Winger,CD Fátima,loan transfer,out,Summer,NA,Liga Nos,2009,2009/2010
União de Leiria,Maciel,32,Left Winger,Trofense,loan transfer,out,Summer,NA,Liga Nos,2009,2009/2010
União de Leiria,Ousséni Zongo,24,Defensive Midfield,Arouca,loan transfer,out,Summer,NA,Liga Nos,2009,2009/2010
União de Leiria,Márcio,25,Right-Back,Espinho,loan transfer,out,Summer,NA,Liga Nos,2009,2009/2010
União de Leiria,Bruno Cepeda,19,Central Midfield,Serra,loan transfer,out,Summer,NA,Liga Nos,2009,2009/2010
União de Leiria,Ricardo Nunes,26,Goalkeeper,Coimbra,"End of loanJun 30, 2009",out,Summer,0,Liga Nos,2009,2009/2010
União de Leiria,Tiago Luis,21,Centre-Forward,Santos FC,"End of loanMay 1, 2010",out,Summer,0,Liga Nos,2009,2009/2010
FC Porto,Rúben Micael,23,Central Midfield,Nacional,£2.70m,in,Winter,2.7,Liga Nos,2009,2009/2010
FC Porto,David Addy,19,Left-Back,Randers FC,£720Th.,in,Winter,0.72,Liga Nos,2009,2009/2010
FC Porto,Jorge Monteiro,21,Left Winger,Portimonense,"End of loanDec 31, 2009",in,Winter,0,Liga Nos,2009,2009/2010
FC Porto,Daniel Candeias,21,Right Winger,Recr. Huelva,"End of loanJan 26, 2010",in,Winter,0,Liga Nos,2009,2009/2010
FC Porto,Leandro,30,Left-Back,EC Vitória,"End of loanDec 1, 2009",in,Winter,0,Liga Nos,2009,2009/2010
FC Porto,Wason Rentería,24,Centre-Forward,Atlético-MG,"End of loanDec 31, 2009",in,Winter,0,Liga Nos,2009,2009/2010
FC Porto,Mario Bolatti,24,Defensive Midfield,Huracán,"End of loanDec 31, 2009",in,Winter,0,Liga Nos,2009,2009/2010
FC Porto,Bura,21,Centre-Back,Gil Vicente,"End of loanDec 31, 2009",in,Winter,0,Liga Nos,2009,2009/2010
FC Porto,Mario Bolatti,24,Defensive Midfield,Fiorentina,£3.15m,out,Winter,3.15,Liga Nos,2009,2009/2010
FC Porto,Nelson Benítez,25,Left-Back,San Lorenzo,Loan fee:£153Th.,out,Winter,0.153,Liga Nos,2009,2009/2010
FC Porto,Sebastián Prediger,23,Defensive Midfield,Boca Juniors,Loan fee:£108Th.,out,Winter,0.108,Liga Nos,2009,2009/2010
FC Porto,Bura,21,Centre-Back,Penafiel,loan transfer,out,Winter,NA,Liga Nos,2009,2009/2010
FC Porto,Cristian Sapunaru,25,Centre-Back,Rapid Bucharest,loan transfer,out,Winter,NA,Liga Nos,2009,2009/2010
FC Porto,Josué,19,Attacking Midfield,Penafiel,loan transfer,out,Winter,NA,Liga Nos,2009,2009/2010
FC Porto,Jorge Monteiro,21,Left Winger,SC Covilhã,loan transfer,out,Winter,NA,Liga Nos,2009,2009/2010
FC Porto,Leandro,30,Left-Back,Atlético-MG,?,out,Winter,NA,Liga Nos,2009,2009/2010
FC Porto,Daniel Candeias,21,Right Winger,Paços Ferreira,loan transfer,out,Winter,NA,Liga Nos,2009,2009/2010
FC Porto,Bruno Moraes,25,Centre-Forward,Rio Ave FC,loan transfer,out,Winter,NA,Liga Nos,2009,2009/2010
FC Porto,Wason Rentería,24,Centre-Forward,SC Braga,loan transfer,out,Winter,NA,Liga Nos,2009,2009/2010
Sporting CP,Florent Sinama-Pongolle,25,Second Striker,Atlético Madrid,£5.85m,in,Winter,5.85,Liga Nos,2009,2009/2010
Sporting CP,João Pereira,25,Right-Back,SC Braga,£2.70m,in,Winter,2.7,Liga Nos,2009,2009/2010
Sporting CP,Pedro Mendes,30,Defensive Midfield,Rangers,£1.53m,in,Winter,1.53,Liga Nos,2009,2009/2010
Sporting CP,Mexer,21,Centre-Back,Maputo,£149Th.,in,Winter,0.149,Liga Nos,2009,2009/2010
Sporting CP,Milan Purovic,24,Centre-Forward,Videoton FC,"End of loanDec 31, 2009",in,Winter,0,Liga Nos,2009,2009/2010
Sporting CP,Diogo Amado,19,Defensive Midfield,Real SC,"End of loanJan 11, 2010",in,Winter,0,Liga Nos,2009,2009/2010
Sporting CP,Wilson Eduardo,19,Left Winger,Real SC,"End of loanDec 31, 2009",in,Winter,0,Liga Nos,2009,2009/2010
Sporting CP,Marco Matias,20,Right Winger,CD Fátima,"End of loanDec 31, 2009",in,Winter,0,Liga Nos,2009,2009/2010
Sporting CP,Celsinho,21,Attacking Midfield,Portuguesa,loan transfer,out,Winter,NA,Liga Nos,2009,2009/2010
Sporting CP,Vladimir Stojkovic,26,Goalkeeper,Wigan,loan transfer,out,Winter,NA,Liga Nos,2009,2009/2010
Sporting CP,Wilson Eduardo,19,Left Winger,Portimonense,loan transfer,out,Winter,NA,Liga Nos,2009,2009/2010
Sporting CP,André Marques,22,Left-Back,Iraklis,loan transfer,out,Winter,NA,Liga Nos,2009,2009/2010
Sporting CP,Diogo Amado,20,Defensive Midfield,Odivelas,loan transfer,out,Winter,NA,Liga Nos,2009,2009/2010
Sporting CP,Marco Matias,20,Right Winger,Real SC,loan transfer,out,Winter,NA,Liga Nos,2009,2009/2010
Sporting CP,Milan Purovic,24,Centre-Forward,NK Olimpija,loan transfer,out,Winter,NA,Liga Nos,2009,2009/2010
Sporting CP,Miguel Ángel Angulo,32,Second Striker,Retired,-,out,Winter,0,Liga Nos,2009,2009/2010
Sporting CP,Felipe Caicedo,21,Centre-Forward,Man City,"End of loanDec 31, 2009",out,Winter,0,Liga Nos,2009,2009/2010
SL Benfica,Jan Oblak,16,Goalkeeper,NK Olimpija,£3.60m,in,Winter,3.6,Liga Nos,2009,2009/2010
SL Benfica,Éder Luís,24,Right Winger,Atlético-MG,£3.60m,in,Winter,3.6,Liga Nos,2009,2009/2010
SL Benfica,Airton,19,Defensive Midfield,Flamengo,£2.34m,in,Winter,2.34,Liga Nos,2009,2009/2010
SL Benfica,Alan Kardec,20,Centre-Forward,Vasco da Gama,£2.25m,in,Winter,2.25,Liga Nos,2009,2009/2010
SL Benfica,André Soares,19,Right Winger,Carregado,"End of loanDec 1, 2009",in,Winter,0,Liga Nos,2009,2009/2010
SL Benfica,Laszlo Sepsi,22,Left-Back,Racing,"End of loanDec 1, 2009",in,Winter,0,Liga Nos,2009,2009/2010
SL Benfica,Freddy Adu,20,Attacking Midfield,Belenenses,"End of loanDec 31, 2009",in,Winter,0,Liga Nos,2009,2009/2010
SL Benfica,Dabao Yu,21,Centre-Back,Mafra,"End of loanDec 31, 2009",in,Winter,0,Liga Nos,2009,2009/2010
SL Benfica,Patric,20,Right-Back,Cruzeiro,"End of loanDec 31, 2009",in,Winter,0,Liga Nos,2009,2009/2010
SL Benfica,Ivan Santos,21,Left Winger,Carregado,"End of loanDec 31, 2009",in,Winter,0,Liga Nos,2009,2009/2010
SL Benfica,Adriano,19,Right Winger,Carregado,"End of loanDec 1, 2009",in,Winter,0,Liga Nos,2009,2009/2010
SL Benfica,Abel Pereira,19,Centre-Back,Mafra,"End of loanDec 31, 2009",in,Winter,0,Liga Nos,2009,2009/2010
SL Benfica,Fellipe Bastos,19,Central Midfield,Belenenses,"End of loanNov 1, 2009",in,Winter,0,Liga Nos,2009,2009/2010
SL Benfica,Marcel,28,Centre-Forward,Vissel Kobe,"End of loanDec 1, 2009",in,Winter,0,Liga Nos,2009,2009/2010
SL Benfica,Hélio Vaz,19,Right Winger,Mafra,"End of loanDec 31, 2009",in,Winter,0,Liga Nos,2009,2009/2010
SL Benfica,Edcarlos,24,Centre-Back,Fluminense,"End of loanDec 1, 2009",in,Winter,0,Liga Nos,2009,2009/2010
SL Benfica,Laszlo Sepsi,22,Left-Back,FC Timisoara,£1.17m,out,Winter,1.17,Liga Nos,2009,2009/2010
SL Benfica,Edcarlos,24,Centre-Back,CD Cruz Azul,£1.17m,out,Winter,1.17,Liga Nos,2009,2009/2010
SL Benfica,Patric,20,Right-Back,Avaí FC,Loan fee:£90Th.,out,Winter,0.09,Liga Nos,2009,2009/2010
SL Benfica,Nélson Oliveira,18,Centre-Forward,Rio Ave FC,loan transfer,out,Winter,NA,Liga Nos,2009,2009/2010
SL Benfica,Freddy Adu,20,Attacking Midfield,Aris Saloniki,loan transfer,out,Winter,NA,Liga Nos,2009,2009/2010
SL Benfica,Fellipe Bastos,20,Central Midfield,Servette FC,loan transfer,out,Winter,NA,Liga Nos,2009,2009/2010
SL Benfica,Dabao Yu,21,Centre-Back,TJ Teda,?,out,Winter,NA,Liga Nos,2009,2009/2010
SL Benfica,Marcel,28,Centre-Forward,Santos FC,loan transfer,out,Winter,NA,Liga Nos,2009,2009/2010
SL Benfica,Abel Pereira,19,Centre-Back,Tondela,loan transfer,out,Winter,NA,Liga Nos,2009,2009/2010
SL Benfica,Ivan Santos,21,Left Winger,Atlético CP,loan transfer,out,Winter,NA,Liga Nos,2009,2009/2010
SL Benfica,Jonathan Urretaviscaya,19,Right Winger,Peñarol,loan transfer,out,Winter,NA,Liga Nos,2009,2009/2010
SL Benfica,Hélio Vaz,19,Right Winger,Tondela,loan transfer,out,Winter,NA,Liga Nos,2009,2009/2010
SL Benfica,Javier Balboa,24,Right Winger,FC Cartagena,loan transfer,out,Winter,NA,Liga Nos,2009,2009/2010
SL Benfica,Adriano,19,Right Winger,Atlético CP,loan transfer,out,Winter,NA,Liga Nos,2009,2009/2010
SL Benfica,André Soares,19,Right Winger,Atlético CP,loan transfer,out,Winter,NA,Liga Nos,2009,2009/2010
SL Benfica,José Shaffer,24,Left-Back,CA Banfield,loan transfer,out,Winter,NA,Liga Nos,2009,2009/2010
SL Benfica,Jan Oblak,16,Goalkeeper,Beira-Mar,loan transfer,out,Winter,NA,Liga Nos,2009,2009/2010
SL Benfica,Keirrison,21,Centre-Forward,Barcelona,"End of loanDec 31, 2009",out,Winter,0,Liga Nos,2009,2009/2010
CD Nacional,Ivan Todorovic,26,Defensive Midfield,KamAZ,free transfer,in,Winter,NA,Liga Nos,2009,2009/2010
CD Nacional,Thiago Gentil,29,Attacking Midfield,Coritiba FC,free transfer,in,Winter,NA,Liga Nos,2009,2009/2010
CD Nacional,Alex Bruno,27,Centre-Back,Atlético-MG,free transfer,in,Winter,NA,Liga Nos,2009,2009/2010
CD Nacional,Pedro Oldoni,24,Centre-Forward,Atlético-PR,loan transfer,in,Winter,NA,Liga Nos,2009,2009/2010
CD Nacional,Diego Barcelos,24,Attacking Midfield,Without Club,-,in,Winter,0,Liga Nos,2009,2009/2010
CD Nacional,Juliano Mineiro,23,Attacking Midfield,EC Bahia,"End of loanDec 31, 2009",in,Winter,0,Liga Nos,2009,2009/2010
CD Nacional,Rúben Micael,23,Central Midfield,FC Porto,£2.70m,out,Winter,2.7,Liga Nos,2009,2009/2010
CD Nacional,Cléber,26,Centre-Back,São Bento (SP),free transfer,out,Winter,NA,Liga Nos,2009,2009/2010
CD Nacional,Wellington,24,Left-Back,Metalurgs,free transfer,out,Winter,NA,Liga Nos,2009,2009/2010
CD Nacional,Filipe da Costa,25,Left Winger,Estoril Praia,loan transfer,out,Winter,NA,Liga Nos,2009,2009/2010
CD Nacional,Adriano Rodrigues,24,Centre-Forward,UR Trabalhadore,?,out,Winter,NA,Liga Nos,2009,2009/2010
SC Braga,Miguel Garcia,26,Right-Back,Olhanense,£45Th.,in,Winter,0.045,Liga Nos,2009,2009/2010
SC Braga,Rômulo,17,Centre-Forward,Juventude U20,?,in,Winter,NA,Liga Nos,2009,2009/2010
SC Braga,Rafael Bastos,25,Attacking Midfield,C'dole Sapporo,?,in,Winter,NA,Liga Nos,2009,2009/2010
SC Braga,Olberdam,24,Central Midfield,Marítimo,loan transfer,in,Winter,NA,Liga Nos,2009,2009/2010
SC Braga,Luis Aguiar,24,Central Midfield,Dinamo Moscow,loan transfer,in,Winter,NA,Liga Nos,2009,2009/2010
SC Braga,Wason Rentería,24,Centre-Forward,FC Porto,loan transfer,in,Winter,NA,Liga Nos,2009,2009/2010
SC Braga,Edu,19,midfield,CF Estrela,"End of loanDec 1, 2009",in,Winter,0,Liga Nos,2009,2009/2010
SC Braga,Stélvio Cruz,20,Defensive Midfield,Leiria,"End of loanDec 1, 2009",in,Winter,0,Liga Nos,2009,2009/2010
SC Braga,Rainford Kalaba,23,Left Winger,Leiria,"End of loanDec 1, 2009",in,Winter,0,Liga Nos,2009,2009/2010
SC Braga,Pizzi,20,Attacking Midfield,SC Covilhã,"End of loanDec 31, 2009",in,Winter,0,Liga Nos,2009,2009/2010
SC Braga,João Pereira,25,Right-Back,Sporting CP,£2.70m,out,Winter,2.7,Liga Nos,2009,2009/2010
SC Braga,Rainford Kalaba,23,Left Winger,Zamalek,free transfer,out,Winter,NA,Liga Nos,2009,2009/2010
SC Braga,Anilton Júnior,29,Centre-Back,Portimonense,free transfer,out,Winter,NA,Liga Nos,2009,2009/2010
SC Braga,Yazalde,21,Centre-Forward,Olhanense,loan transfer,out,Winter,NA,Liga Nos,2009,2009/2010
SC Braga,Stélvio Cruz,20,Defensive Midfield,1º de Agosto,loan transfer,out,Winter,NA,Liga Nos,2009,2009/2010
SC Braga,Kazeem,21,Attacking Midfield,Oliveira Douro,loan transfer,out,Winter,NA,Liga Nos,2009,2009/2010
SC Braga,Edu,19,midfield,Vizela,loan transfer,out,Winter,NA,Liga Nos,2009,2009/2010
SC Braga,Pizzi,20,Attacking Midfield,Paços Ferreira,loan transfer,out,Winter,NA,Liga Nos,2009,2009/2010
SC Braga,Ney Santos,28,Defensive Midfield,Vitória Setúbal,loan transfer,out,Winter,NA,Liga Nos,2009,2009/2010
SC Braga,Rodrigo Possebon,20,Central Midfield,Man Utd,"End of loanDec 31, 2009",out,Winter,0,Liga Nos,2009,2009/2010
Leixões SC,João Paulo,29,Centre-Forward,Rapid Bucharest,?,in,Winter,NA,Liga Nos,2009,2009/2010
Leixões SC,Vitorino Antunes,22,Left-Back,AS Roma,loan transfer,in,Winter,NA,Liga Nos,2009,2009/2010
Leixões SC,Didi,27,Second Striker,CFR Cluj,loan transfer,in,Winter,NA,Liga Nos,2009,2009/2010
Leixões SC,Fernando Cardozo,30,Centre-Back,Marítimo,loan transfer,in,Winter,NA,Liga Nos,2009,2009/2010
Leixões SC,Wênio,30,Defensive Midfield,FC Baku,free transfer,out,Winter,NA,Liga Nos,2009,2009/2010
Leixões SC,Faioli,26,Centre-Forward,Duque de Caxias,free transfer,out,Winter,NA,Liga Nos,2009,2009/2010
Leixões SC,Cong Vinh Le,24,Centre-Forward,Hanoi T&T,"End of loanDec 31, 2009",out,Winter,0,Liga Nos,2009,2009/2010
Académica Coimbra,Krum Bibishkov,27,Centre-Forward,FCSB II,free transfer,in,Winter,NA,Liga Nos,2009,2009/2010
Académica Coimbra,Traquina,21,Right Winger,Estoril Praia,"End of loanDec 31, 2009",in,Winter,0,Liga Nos,2009,2009/2010
Académica Coimbra,Christo Amessan,19,Left Winger,GD Tourizense,"End of loanDec 31, 2009",in,Winter,0,Liga Nos,2009,2009/2010
Académica Coimbra,Miguel Pedro,26,Right Winger,Anorthosis,£180Th.,out,Winter,0.18,Liga Nos,2009,2009/2010
Académica Coimbra,Amaury Bischoff,22,Central Midfield,Desportivo Aves,loan transfer,out,Winter,NA,Liga Nos,2009,2009/2010
Académica Coimbra,Licá,21,Left Winger,Trofense,loan transfer,out,Winter,NA,Liga Nos,2009,2009/2010
Académica Coimbra,Traquina,21,Right Winger,GD Tourizense,loan transfer,out,Winter,NA,Liga Nos,2009,2009/2010
Vitória Guimarães SC,Fábio Felicio,27,Central Midfield,Rubin Kazan II,free transfer,in,Winter,NA,Liga Nos,2009,2009/2010
Vitória Guimarães SC,Valdomiro,30,Centre-Back,Al-Wasl,free transfer,in,Winter,NA,Liga Nos,2009,2009/2010
Vitória Guimarães SC,Renan,23,Defensive Midfield,Atlético-MG,free transfer,in,Winter,NA,Liga Nos,2009,2009/2010
Vitória Guimarães SC,Bruno Teles,23,Left-Back,Grêmio,free transfer,in,Winter,NA,Liga Nos,2009,2009/2010
Vitória Guimarães SC,Cláudio Ramos,18,Goalkeeper,Guimarães U19,-,in,Winter,0,Liga Nos,2009,2009/2010
Vitória Guimarães SC,Henrique Sereno,24,Centre-Back,Real Valladolid,£270Th.,out,Winter,0.27,Liga Nos,2009,2009/2010
Vitória Guimarães SC,Tiago Alencar,23,Centre-Back,Mirassol-SP,free transfer,out,Winter,NA,Liga Nos,2009,2009/2010
Vitória Guimarães SC,Santana Carlos,26,Centre-Forward,Petro Luanda,free transfer,out,Winter,NA,Liga Nos,2009,2009/2010
Vitória Guimarães SC,Felipe Conceição,30,Centre-Forward,Paulista FC,free transfer,out,Winter,NA,Liga Nos,2009,2009/2010
Vitória Guimarães SC,Dinis,19,Defensive Midfield,Vizela,loan transfer,out,Winter,NA,Liga Nos,2009,2009/2010
Vitória Guimarães SC,Kamani Hill,24,Centre-Forward,Desportivo Aves,loan transfer,out,Winter,NA,Liga Nos,2009,2009/2010
Vitória Guimarães SC,Lionn,20,Right-Back,Olhanense,loan transfer,out,Winter,NA,Liga Nos,2009,2009/2010
Vitória Guimarães SC,David Mendieta,23,Attacking Midfield,Gondomar,loan transfer,out,Winter,NA,Liga Nos,2009,2009/2010
Vitória Guimarães SC,Ramón David Mendieta,21,Left-Back,Gondomar,loan transfer,out,Winter,NA,Liga Nos,2009,2009/2010
CS Marítimo,Abdelmalek Cherrad,28,Centre-Forward,AC Arles-Avignon,free transfer,in,Winter,NA,Liga Nos,2009,2009/2010
CS Marítimo,Tchô,22,Attacking Midfield,Atlético-MG,free transfer,in,Winter,NA,Liga Nos,2009,2009/2010
CS Marítimo,Jérémy Sapina,25,Centre-Back,Exc. Mouscron,free transfer,in,Winter,NA,Liga Nos,2009,2009/2010
CS Marítimo,Rafael Miranda,25,Defensive Midfield,Atlético-MG,?,in,Winter,NA,Liga Nos,2009,2009/2010
CS Marítimo,Mateusz Bak,26,Goalkeeper,Lechia Gdansk,loan transfer,in,Winter,NA,Liga Nos,2009,2009/2010
CS Marítimo,Mourtala Diakité,29,Centre-Back,Belenenses,loan transfer,in,Winter,NA,Liga Nos,2009,2009/2010
CS Marítimo,Tito Silva,23,midfield,Marítimo B,-,in,Winter,0,Liga Nos,2009,2009/2010
CS Marítimo,Dylan Duventru,20,Left Winger,Marítimo B,-,in,Winter,0,Liga Nos,2009,2009/2010
CS Marítimo,Marcinho,28,Attacking Midfield,APOEL Nicosia,£180Th.,out,Winter,0.18,Liga Nos,2009,2009/2010
CS Marítimo,Miguelito,28,Left-Back,Belenenses,loan transfer,out,Winter,NA,Liga Nos,2009,2009/2010
CS Marítimo,Miguel Ângelo,25,Centre-Back,Olhanense,loan transfer,out,Winter,NA,Liga Nos,2009,2009/2010
CS Marítimo,Fernando Cardozo,30,Centre-Back,Leixões,loan transfer,out,Winter,NA,Liga Nos,2009,2009/2010
CS Marítimo,Olberdam,24,Central Midfield,SC Braga,loan transfer,out,Winter,NA,Liga Nos,2009,2009/2010
FC Paços de Ferreira,Berlin,22,Centre-Forward,CA Monzon,free transfer,in,Winter,NA,Liga Nos,2009,2009/2010
FC Paços de Ferreira,André Leão,24,Defensive Midfield,CFR Cluj,free transfer,in,Winter,NA,Liga Nos,2009,2009/2010
FC Paços de Ferreira,Bruno,20,Central Midfield,Inter B,free transfer,in,Winter,NA,Liga Nos,2009,2009/2010
FC Paços de Ferreira,Daniel Candeias,21,Right Winger,FC Porto,loan transfer,in,Winter,NA,Liga Nos,2009,2009/2010
FC Paços de Ferreira,Pizzi,20,Attacking Midfield,SC Braga,loan transfer,in,Winter,NA,Liga Nos,2009,2009/2010
FC Paços de Ferreira,Jason Davidson,18,Left-Back,Paços F. U19,-,in,Winter,0,Liga Nos,2009,2009/2010
FC Paços de Ferreira,Livramento,27,Attacking Midfield,Without Club,-,in,Winter,0,Liga Nos,2009,2009/2010
FC Paços de Ferreira,Leal,21,Central Midfield,Rebordosa AC,"End of loanDec 31, 2009",in,Winter,0,Liga Nos,2009,2009/2010
FC Paços de Ferreira,Cristiano,26,Left Winger,PAOK Salonika,£180Th.,out,Winter,0.18,Liga Nos,2009,2009/2010
FC Paços de Ferreira,Evandro Roncatto,23,Centre-Forward,Ermis Aradippou,free transfer,out,Winter,NA,Liga Nos,2009,2009/2010
FC Paços de Ferreira,Ferreira,26,Right-Back,Treze FC,free transfer,out,Winter,NA,Liga Nos,2009,2009/2010
FC Paços de Ferreira,Pedrinha,31,Central Midfield,Chern. Burgas,?,out,Winter,NA,Liga Nos,2009,2009/2010
FC Paços de Ferreira,William,27,Centre-Forward,Anzhi,?,out,Winter,NA,Liga Nos,2009,2009/2010
FC Paços de Ferreira,Mario Rondón,23,Centre-Forward,Beira-Mar,loan transfer,out,Winter,NA,Liga Nos,2009,2009/2010
FC Paços de Ferreira,Abdramane Diarra,21,Centre-Forward,Beira-Mar,loan transfer,out,Winter,NA,Liga Nos,2009,2009/2010
FC Paços de Ferreira,Ozéia,28,Centre-Back,Grêmio,loan transfer,out,Winter,NA,Liga Nos,2009,2009/2010
FC Paços de Ferreira,Ciel,27,Second Striker,Villa Rio,"End of loanDec 1, 2009",out,Winter,0,Liga Nos,2009,2009/2010
Rio Ave FC,Felipe Alberto,21,Left Winger,União São João,free transfer,in,Winter,NA,Liga Nos,2009,2009/2010
Rio Ave FC,Nélson Oliveira,18,Centre-Forward,Benfica,loan transfer,in,Winter,NA,Liga Nos,2009,2009/2010
Rio Ave FC,Bruno Moraes,25,Centre-Forward,FC Porto,loan transfer,in,Winter,NA,Liga Nos,2009,2009/2010
Rio Ave FC,João Tomás,34,Centre-Forward,Shabab,?,out,Winter,NA,Liga Nos,2009,2009/2010
Rio Ave FC,André Serrão,23,Central Midfield,Vizela,loan transfer,out,Winter,NA,Liga Nos,2009,2009/2010
Naval 1º de Maio,Fábio Júnior,27,Centre-Forward,Campinense-PB,free transfer,in,Winter,NA,Liga Nos,2009,2009/2010
Naval 1º de Maio,Giuliano,29,Attacking Midfield,Campinense-PB,free transfer,in,Winter,NA,Liga Nos,2009,2009/2010
Naval 1º de Maio,Mohamed Bellahssan,22,Centre-Forward,Without Club,-,in,Winter,0,Liga Nos,2009,2009/2010
Naval 1º de Maio,Tiago Rannow,27,Right-Back,Noroeste,free transfer,out,Winter,NA,Liga Nos,2009,2009/2010
Naval 1º de Maio,William-Moses NKake,24,Defensive Midfield,SC Covilhã,loan transfer,out,Winter,NA,Liga Nos,2009,2009/2010
Naval 1º de Maio,Mohamed Bellahssan,22,Centre-Forward,SC Covilhã,loan transfer,out,Winter,NA,Liga Nos,2009,2009/2010
Vitória Setúbal FC,Ricardo Silva,34,Centre-Back,Shinnik,free transfer,in,Winter,NA,Liga Nos,2009,2009/2010
Vitória Setúbal FC,Neca,30,Attacking Midfield,Ankaraspor,free transfer,in,Winter,NA,Liga Nos,2009,2009/2010
Vitória Setúbal FC,Henrique,22,Centre-Forward,Corinthians,free transfer,in,Winter,NA,Liga Nos,2009,2009/2010
Vitória Setúbal FC,Ney Santos,28,Defensive Midfield,SC Braga,loan transfer,in,Winter,NA,Liga Nos,2009,2009/2010
Vitória Setúbal FC,Bruno Severino,23,Right Winger,Beira-Mar,"End of loanDec 31, 2009",in,Winter,0,Liga Nos,2009,2009/2010
Vitória Setúbal FC,Bruno Ribeiro,34,Left Midfield,Chaves,"End of loanDec 31, 2009",in,Winter,0,Liga Nos,2009,2009/2010
Vitória Setúbal FC,Moisés,19,Right Winger,Sertanense,"End of loanDec 1, 2009",in,Winter,0,Liga Nos,2009,2009/2010
Vitória Setúbal FC,Álvaro Fernández,24,Central Midfield,U. de Chile,Loan fee:£95Th.,out,Winter,0.095,Liga Nos,2009,2009/2010
Vitória Setúbal FC,Miguel Rosa,30,Goalkeeper,Pinhalnovense,free transfer,out,Winter,NA,Liga Nos,2009,2009/2010
Vitória Setúbal FC,Vasco Varão,28,Central Midfield,Carregado,free transfer,out,Winter,NA,Liga Nos,2009,2009/2010
Vitória Setúbal FC,Alan,26,Right-Back,Carregado,free transfer,out,Winter,NA,Liga Nos,2009,2009/2010
Vitória Setúbal FC,El Hadji Diouf,21,Attacking Midfield,Haladás,free transfer,out,Winter,NA,Liga Nos,2009,2009/2010
Vitória Setúbal FC,Ricardo Dâmaso,19,Defensive Midfield,Aljustrelense,loan transfer,out,Winter,NA,Liga Nos,2009,2009/2010
Vitória Setúbal FC,Bruno Severino,23,Right Winger,Desportivo Aves,loan transfer,out,Winter,NA,Liga Nos,2009,2009/2010
Vitória Setúbal FC,Adul Baldé,20,Centre-Forward,SC Covilhã,loan transfer,out,Winter,NA,Liga Nos,2009,2009/2010
Vitória Setúbal FC,Joãozinho,20,Right Winger,SC Covilhã,loan transfer,out,Winter,NA,Liga Nos,2009,2009/2010
Vitória Setúbal FC,Moisés,19,Right Winger,Aljustrelense,loan transfer,out,Winter,NA,Liga Nos,2009,2009/2010
Vitória Setúbal FC,Guilherme,23,Centre-Forward,Brasa,"End of loanDec 1, 2009",out,Winter,0,Liga Nos,2009,2009/2010
SC Olhanense,Delson,29,Defensive Midfield,AE Larisa,loan transfer,in,Winter,NA,Liga Nos,2009,2009/2010
SC Olhanense,Yazalde,21,Centre-Forward,SC Braga,loan transfer,in,Winter,NA,Liga Nos,2009,2009/2010
SC Olhanense,Lionn,20,Right-Back,Vit. Guimarães,loan transfer,in,Winter,NA,Liga Nos,2009,2009/2010
SC Olhanense,Miguel Ângelo,25,Centre-Back,Marítimo,loan transfer,in,Winter,NA,Liga Nos,2009,2009/2010
SC Olhanense,Miguel Garcia,26,Right-Back,SC Braga,£45Th.,out,Winter,0.045,Liga Nos,2009,2009/2010
SC Olhanense,Georges Messi,29,Attacking Midfield,GD Interclube,free transfer,out,Winter,NA,Liga Nos,2009,2009/2010
SC Olhanense,Lucas D'Alegre,23,defence,Granada 74 CF,?,out,Winter,NA,Liga Nos,2009,2009/2010
SC Olhanense,Marcel Gomis,22,Centre-Forward,Vizela,loan transfer,out,Winter,NA,Liga Nos,2009,2009/2010
SC Olhanense,Rodrigo Lamardo,22,Attacking Midfield,Louletano,loan transfer,out,Winter,NA,Liga Nos,2009,2009/2010
União de Leiria,Vjatseslav Zahovaiko,28,Centre-Forward,FC Flora,£45Th.,in,Winter,0.045,Liga Nos,2009,2009/2010
União de Leiria,Rafael Bitencourt,22,Attacking Midfield,Joinville-SC,loan transfer,in,Winter,NA,Liga Nos,2009,2009/2010
União de Leiria,Zé António,32,Centre-Back,Without Club,-,in,Winter,0,Liga Nos,2009,2009/2010
União de Leiria,Mika,18,Goalkeeper,Leiria U19,-,in,Winter,0,Liga Nos,2009,2009/2010
União de Leiria,Filipe Falardo,26,Attacking Midfield,Atlético CP,free transfer,out,Winter,NA,Liga Nos,2009,2009/2010
União de Leiria,Thiago Leal,25,Goalkeeper,Carregado,loan transfer,out,Winter,NA,Liga Nos,2009,2009/2010
União de Leiria,Miguel Paixão,25,Attacking Midfield,CD Fátima,loan transfer,out,Winter,NA,Liga Nos,2009,2009/2010
União de Leiria,Alberto,20,Centre-Forward,SC Covilhã,loan transfer,out,Winter,NA,Liga Nos,2009,2009/2010
União de Leiria,Hammes,21,Centre-Back,SC Covilhã,loan transfer,out,Winter,NA,Liga Nos,2009,2009/2010
União de Leiria,Rainford Kalaba,23,Left Winger,SC Braga,"End of loanDec 1, 2009",out,Winter,0,Liga Nos,2009,2009/2010
União de Leiria,Stélvio Cruz,20,Defensive Midfield,SC Braga,"End of loanDec 1, 2009",out,Winter,0,Liga Nos,2009,2009/2010
