club_name,player_name,age,position,club_involved_name,fee,transfer_movement,transfer_period,fee_cleaned,league_name,year,season
SL Benfica,Pizzi,23,Attacking Midfield,Atlético Madrid,£12.60m,in,Summer,12.6,Liga Nos,2013,2013/2014
SL Benfica,Lazar Markovic,19,Right Winger,Partizan,£9.00m,in,Summer,9,Liga Nos,2013,2013/2014
SL Benfica,Roberto,27,Goalkeeper,Real Zaragoza,£7.74m,in,Summer,7.74,Liga Nos,2013,2013/2014
SL Benfica,Filip Djuricic,21,Attacking Midfield,Heerenveen,£7.20m,in,Summer,7.2,Liga Nos,2013,2013/2014
SL Benfica,Ljubomir Fejsa,25,Defensive Midfield,Olympiacos,£4.05m,in,Summer,4.05,Liga Nos,2013,2013/2014
SL Benfica,Lisandro López,23,Centre-Back,Arsenal Sarandí,£3.60m,in,Summer,3.6,Liga Nos,2013,2013/2014
SL Benfica,Luis Fariña,22,Attacking Midfield,Racing Club,£2.29m,in,Summer,2.29,Liga Nos,2013,2013/2014
SL Benfica,Rogelio Funes Mori,22,Centre-Forward,River Plate,£1.80m,in,Summer,1.8,Liga Nos,2013,2013/2014
SL Benfica,Stefan Mitrovic,23,Centre-Back,KV Kortrijk,£990Th.,in,Summer,0.99,Liga Nos,2013,2013/2014
SL Benfica,Guilherme Siqueira,27,Left-Back,Granada CF,Loan fee:£900Th.,in,Summer,0.9,Liga Nos,2013,2013/2014
SL Benfica,Miralem Sulejmani,24,Left Midfield,Ajax,free transfer,in,Summer,NA,Liga Nos,2013,2013/2014
SL Benfica,Steven Vitória,26,Centre-Back,Estoril Praia,free transfer,in,Summer,NA,Liga Nos,2013,2013/2014
SL Benfica,Bruno Cortez,26,Left-Back,São Paulo,loan transfer,in,Summer,NA,Liga Nos,2013,2013/2014
SL Benfica,Sílvio,25,Right-Back,Atlético Madrid,loan transfer,in,Summer,NA,Liga Nos,2013,2013/2014
SL Benfica,Ivan Cavaleiro,19,Right Winger,Benfica B,-,in,Summer,0,Liga Nos,2013,2013/2014
SL Benfica,Hugo Vieira,24,Centre-Forward,Gil Vicente,"End of loanJun 30, 2013",in,Summer,0,Liga Nos,2013,2013/2014
SL Benfica,José Luis Fernández,25,Central Midfield,Godoy Cruz,"End of loanJun 30, 2013",in,Summer,0,Liga Nos,2013,2013/2014
SL Benfica,Rúben Amorim,28,Central Midfield,SC Braga,"End of loanJun 30, 2013",in,Summer,0,Liga Nos,2013,2013/2014
SL Benfica,Jan Oblak,20,Goalkeeper,Rio Ave FC,"End of loanJun 30, 2013",in,Summer,0,Liga Nos,2013,2013/2014
SL Benfica,Franco Jara,24,Centre-Forward,San Lorenzo,"End of loanJun 30, 2013",in,Summer,0,Liga Nos,2013,2013/2014
SL Benfica,Nélson Oliveira,21,Centre-Forward,Dep. La Coruña,"End of loanJun 30, 2013",in,Summer,0,Liga Nos,2013,2013/2014
SL Benfica,Nuno Coelho,25,Defensive Midfield,Aris Saloniki,"End of loanJun 30, 2013",in,Summer,0,Liga Nos,2013,2013/2014
SL Benfica,David Simão,23,Central Midfield,Marítimo,"End of loanJun 30, 2013",in,Summer,0,Liga Nos,2013,2013/2014
SL Benfica,Rodrigo Mora,25,Centre-Forward,River Plate,"End of loanJun 30, 2013",in,Summer,0,Liga Nos,2013,2013/2014
SL Benfica,Nolito,26,Left Winger,Granada CF,"End of loanJun 30, 2013",in,Summer,0,Liga Nos,2013,2013/2014
SL Benfica,Michel,26,Centre-Forward,SC Braga,"End of loanJun 30, 2013",in,Summer,0,Liga Nos,2013,2013/2014
SL Benfica,Djaniny,22,Centre-Forward,Olhanense,"End of loanJun 30, 2013",in,Summer,0,Liga Nos,2013,2013/2014
SL Benfica,Yannick Djaló,27,Left Winger,Toulouse,"End of loanJun 30, 2013",in,Summer,0,Liga Nos,2013,2013/2014
SL Benfica,Roberto,27,Goalkeeper,Atlético Madrid,£5.40m,out,Summer,5.4,Liga Nos,2013,2013/2014
SL Benfica,Lorenzo Melgarejo,23,Left Winger,Kuban Krasnodar,£4.50m,out,Summer,4.5,Liga Nos,2013,2013/2014
SL Benfica,Nolito,26,Left Winger,Celta de Vigo,£3.60m,out,Summer,3.6,Liga Nos,2013,2013/2014
SL Benfica,Rodrigo Mora,25,Centre-Forward,River Plate,£3.15m,out,Summer,3.15,Liga Nos,2013,2013/2014
SL Benfica,Djaniny,22,Centre-Forward,Nacional,£1.08m,out,Summer,1.08,Liga Nos,2013,2013/2014
SL Benfica,Nélson Oliveira,21,Centre-Forward,Stade Rennais,Loan fee:£900Th.,out,Summer,0.9,Liga Nos,2013,2013/2014
SL Benfica,Luisinho,28,Left-Back,Dep. La Coruña,free transfer,out,Summer,NA,Liga Nos,2013,2013/2014
SL Benfica,David Simão,23,Central Midfield,Arouca,free transfer,out,Summer,NA,Liga Nos,2013,2013/2014
SL Benfica,Nuno Coelho,25,Defensive Midfield,Arouca,free transfer,out,Summer,NA,Liga Nos,2013,2013/2014
SL Benfica,Miguel Vítor,24,Centre-Back,PAOK Salonika,free transfer,out,Summer,NA,Liga Nos,2013,2013/2014
SL Benfica,José Luis Fernández,25,Central Midfield,Godoy Cruz,free transfer,out,Summer,NA,Liga Nos,2013,2013/2014
SL Benfica,Pablo Aimar,33,Attacking Midfield,Johor DT,free transfer,out,Summer,NA,Liga Nos,2013,2013/2014
SL Benfica,Roderick Miranda,22,Centre-Back,Rio Ave FC,free transfer,out,Summer,NA,Liga Nos,2013,2013/2014
SL Benfica,Lisandro López,24,Centre-Back,Getafe,loan transfer,out,Summer,NA,Liga Nos,2013,2013/2014
SL Benfica,Franco Jara,25,Centre-Forward,Estudiantes,loan transfer,out,Summer,NA,Liga Nos,2013,2013/2014
SL Benfica,Sidnei,23,Centre-Back,Espanyol,loan transfer,out,Summer,NA,Liga Nos,2013,2013/2014
SL Benfica,Michel,26,Centre-Forward,Al-Wakrah SC,loan transfer,out,Summer,NA,Liga Nos,2013,2013/2014
SL Benfica,Hugo Vieira,25,Centre-Forward,SC Braga,?,out,Summer,NA,Liga Nos,2013,2013/2014
SL Benfica,Felipe Menezes,25,Attacking Midfield,Palmeiras,?,out,Summer,NA,Liga Nos,2013,2013/2014
SL Benfica,Da Silva,25,Central Midfield,Gil Vicente,?,out,Summer,NA,Liga Nos,2013,2013/2014
SL Benfica,Pizzi,23,Attacking Midfield,Espanyol,loan transfer,out,Summer,NA,Liga Nos,2013,2013/2014
SL Benfica,Luis Fariña,22,Attacking Midfield,FC Baniyas,loan transfer,out,Summer,NA,Liga Nos,2013,2013/2014
SL Benfica,Alan Kardec,24,Centre-Forward,Palmeiras,loan transfer,out,Summer,NA,Liga Nos,2013,2013/2014
SL Benfica,Jonathan Urretaviscaya,23,Right Winger,Benfica B,-,out,Summer,0,Liga Nos,2013,2013/2014
Sporting CP,Fredy Montero,25,Centre-Forward,Seattle,Loan fee:£824Th.,in,Summer,0.824,Liga Nos,2013,2013/2014
Sporting CP,Jefferson,24,Left-Back,Estoril Praia,£720Th.,in,Summer,0.72,Liga Nos,2013,2013/2014
Sporting CP,Maurício,24,Centre-Back,Sport Recife,£405Th.,in,Summer,0.405,Liga Nos,2013,2013/2014
Sporting CP,Islam Slimani,25,Centre-Forward,CR Belouizdad,£270Th.,in,Summer,0.27,Liga Nos,2013,2013/2014
Sporting CP,Gelson Fernandes,26,Defensive Midfield,FC Sion,"End of loanJun 30, 2013",in,Summer,0,Liga Nos,2013,2013/2014
Sporting CP,Vítor Silva,29,Attacking Midfield,Paços Ferreira,free transfer,in,Summer,NA,Liga Nos,2013,2013/2014
Sporting CP,Gerson Magrão,28,Left Midfield,Primavera,free transfer,in,Summer,NA,Liga Nos,2013,2013/2014
Sporting CP,Iván Piris,24,Right-Back,Maldonado,loan transfer,in,Summer,NA,Liga Nos,2013,2013/2014
Sporting CP,Leandro Grimi,28,Left-Back,Godoy Cruz,"End of loanJun 30, 2013",in,Summer,0,Liga Nos,2013,2013/2014
Sporting CP,Valeri Bojinov,27,Centre-Forward,Vicenza,"End of loanJun 30, 2013",in,Summer,0,Liga Nos,2013,2013/2014
Sporting CP,Danijel Pranjic,31,Left-Back,Celta de Vigo,"End of loanJun 30, 2013",in,Summer,0,Liga Nos,2013,2013/2014
Sporting CP,Oguchi Onyewu,31,Centre-Back,Málaga CF,"End of loanJun 30, 2013",in,Summer,0,Liga Nos,2013,2013/2014
Sporting CP,Atila Turan,21,Left-Back,Orduspor,"End of loanJun 30, 2013",in,Summer,0,Liga Nos,2013,2013/2014
Sporting CP,João Gonçalves,25,Right-Back,Vit. Guimarães,"End of loanJun 30, 2013",in,Summer,0,Liga Nos,2013,2013/2014
Sporting CP,Wilson Eduardo,22,Left Winger,Coimbra,"End of loanJun 30, 2013",in,Summer,0,Liga Nos,2013,2013/2014
Sporting CP,Evaldo,31,Left-Back,Dep. La Coruña,"End of loanJun 30, 2013",in,Summer,0,Liga Nos,2013,2013/2014
Sporting CP,André Santos,24,Central Midfield,Dep. La Coruña,"End of loanJun 30, 2013",in,Summer,0,Liga Nos,2013,2013/2014
Sporting CP,William Carvalho,21,Defensive Midfield,Cercle Brugge,"End of loanJun 30, 2013",in,Summer,0,Liga Nos,2013,2013/2014
Sporting CP,Diogo Salomão,24,Left Winger,Dep. La Coruña,"End of loanJun 30, 2013",in,Summer,0,Liga Nos,2013,2013/2014
Sporting CP,Bruma,18,Left Winger,Galatasaray,£11.70m,out,Summer,11.7,Liga Nos,2013,2013/2014
Sporting CP,Ricky van Wolfswinkel,24,Centre-Forward,Norwich,£9.00m,out,Summer,9,Liga Nos,2013,2013/2014
Sporting CP,Tiago Ilori,20,Centre-Back,Liverpool,£6.75m,out,Summer,6.75,Liga Nos,2013,2013/2014
Sporting CP,Santiago Arias,21,Right-Back,PSV Eindhoven,£1.74m,out,Summer,1.74,Liga Nos,2013,2013/2014
Sporting CP,Miguel Lopes,26,Right-Back,Olympique Lyon,Loan fee:£900Th.,out,Summer,0.9,Liga Nos,2013,2013/2014
Sporting CP,Stijn Schaars,29,Defensive Midfield,PSV Eindhoven,£765Th.,out,Summer,0.765,Liga Nos,2013,2013/2014
Sporting CP,Valentín Viola,21,Left Winger,Racing Club,Loan fee:£405Th.,out,Summer,0.405,Liga Nos,2013,2013/2014
Sporting CP,Gelson Fernandes,26,Defensive Midfield,SC Freiburg,£360Th.,out,Summer,0.36,Liga Nos,2013,2013/2014
Sporting CP,Danijel Pranjic,31,Left-Back,Panathinaikos,free transfer,out,Summer,NA,Liga Nos,2013,2013/2014
Sporting CP,André Santos,24,Central Midfield,Vit. Guimarães,free transfer,out,Summer,NA,Liga Nos,2013,2013/2014
Sporting CP,Leandro Grimi,28,Left-Back,Godoy Cruz,free transfer,out,Summer,NA,Liga Nos,2013,2013/2014
Sporting CP,Atila Turan,21,Left-Back,Stade Reims,£27Th.,out,Summer,0.027,Liga Nos,2013,2013/2014
Sporting CP,Oguchi Onyewu,31,Centre-Back,Without Club,-,out,Summer,0,Liga Nos,2013,2013/2014
Sporting CP,Khalid Boulahrouz,31,Centre-Back,Without Club,-,out,Summer,0,Liga Nos,2013,2013/2014
Sporting CP,Valeri Bojinov,27,Centre-Forward,Without Club,-,out,Summer,0,Liga Nos,2013,2013/2014
Sporting CP,Evaldo,31,Left-Back,Without Club,-,out,Summer,0,Liga Nos,2013,2013/2014
Sporting CP,Diogo Salomão,24,Left Winger,Sporting B,-,out,Summer,0,Liga Nos,2013,2013/2014
Sporting CP,João Gonçalves,25,Right-Back,Retired,-,out,Summer,0,Liga Nos,2013,2013/2014
Sporting CP,Joãozinho,23,Left-Back,Beira-Mar,"End of loanJun 30, 2013",out,Summer,0,Liga Nos,2013,2013/2014
Sporting CP,Hugo Ventura,25,Goalkeeper,FC Porto,"End of loanJun 30, 2013",out,Summer,0,Liga Nos,2013,2013/2014
FC Porto,Héctor Herrera,23,Central Midfield,CF Pachuca,£9.90m,in,Summer,9.9,Liga Nos,2013,2013/2014
FC Porto,Juan Fernando Quintero,20,Attacking Midfield,Pescara,£9.00m,in,Summer,9,Liga Nos,2013,2013/2014
FC Porto,Diego Reyes,20,Centre-Back,América,£6.30m,in,Summer,6.3,Liga Nos,2013,2013/2014
FC Porto,Nabil Ghilas,23,Left-Back,Moreirense,£3.42m,in,Summer,3.42,Liga Nos,2013,2013/2014
FC Porto,Licá,24,Left Winger,Estoril Praia,£1.35m,in,Summer,1.35,Liga Nos,2013,2013/2014
FC Porto,Carlos Eduardo,23,Attacking Midfield,Estoril Praia,£810Th.,in,Summer,0.81,Liga Nos,2013,2013/2014
FC Porto,Josué,22,Attacking Midfield,Paços Ferreira,£450Th.,in,Summer,0.45,Liga Nos,2013,2013/2014
FC Porto,Sinan Bolat,24,Goalkeeper,Standard Liège,free transfer,in,Summer,NA,Liga Nos,2013,2013/2014
FC Porto,Kadú,18,Goalkeeper,FC Porto U19,-,in,Summer,0,Liga Nos,2013,2013/2014
FC Porto,Rolando,27,Centre-Back,SSC Napoli,"End of loanJun 30, 2013",in,Summer,0,Liga Nos,2013,2013/2014
FC Porto,Juan Iturbe,20,Left Winger,River Plate,"End of loanJun 30, 2013",in,Summer,0,Liga Nos,2013,2013/2014
FC Porto,Hugo Ventura,25,Goalkeeper,Sporting CP,"End of loanJun 30, 2013",in,Summer,0,Liga Nos,2013,2013/2014
FC Porto,Rafael Bracali,32,Goalkeeper,Olhanense,"End of loanJun 30, 2013",in,Summer,0,Liga Nos,2013,2013/2014
FC Porto,Ukra,25,Right Winger,Rio Ave FC,"End of loanJun 30, 2013",in,Summer,0,Liga Nos,2013,2013/2014
FC Porto,Henrique Sereno,28,Centre-Back,Real Valladolid,"End of loanJun 30, 2013",in,Summer,0,Liga Nos,2013,2013/2014
FC Porto,Djalma,26,Right Winger,Kasimpasa,"End of loanJun 30, 2013",in,Summer,0,Liga Nos,2013,2013/2014
FC Porto,James Rodríguez,21,Attacking Midfield,Monaco,£40.50m,out,Summer,40.5,Liga Nos,2013,2013/2014
FC Porto,João Moutinho,26,Central Midfield,Monaco,£22.50m,out,Summer,22.5,Liga Nos,2013,2013/2014
FC Porto,Christian Atsu,21,Left Winger,Chelsea,£2.70m,out,Summer,2.7,Liga Nos,2013,2013/2014
FC Porto,Juan Iturbe,20,Left Winger,Hellas Verona,Loan fee:£900Th.,out,Summer,0.9,Liga Nos,2013,2013/2014
FC Porto,André Castro,25,Central Midfield,Kasimpasa,Loan fee:£900Th.,out,Summer,0.9,Liga Nos,2013,2013/2014
FC Porto,Djalma,26,Right Winger,Konyaspor,Loan fee:£450Th.,out,Summer,0.45,Liga Nos,2013,2013/2014
FC Porto,Rolando,27,Centre-Back,Inter,Loan fee:£450Th.,out,Summer,0.45,Liga Nos,2013,2013/2014
FC Porto,Ukra,25,Right Winger,Rio Ave FC,free transfer,out,Summer,NA,Liga Nos,2013,2013/2014
FC Porto,Rafael Bracali,32,Goalkeeper,Panetolikos,free transfer,out,Summer,NA,Liga Nos,2013,2013/2014
FC Porto,Henrique Sereno,28,Centre-Back,Kayserispor,free transfer,out,Summer,NA,Liga Nos,2013,2013/2014
FC Porto,Abdoulaye Ba,22,Centre-Back,Vit. Guimarães,loan transfer,out,Summer,NA,Liga Nos,2013,2013/2014
FC Porto,Hugo Ventura,25,Goalkeeper,FC Porto B,-,out,Summer,0,Liga Nos,2013,2013/2014
FC Porto,Liedson,35,Centre-Forward,Flamengo,"End of loanJun 30, 2013",out,Summer,0,Liga Nos,2013,2013/2014
CD Nacional,Djaniny,22,Centre-Forward,Benfica,£1.08m,in,Summer,1.08,Liga Nos,2013,2013/2014
CD Nacional,Zainadine Júnior,25,Centre-Back,Muçulmana,£90Th.,in,Summer,0.09,Liga Nos,2013,2013/2014
CD Nacional,Rafa Sousa,24,Defensive Midfield,Penafiel,free transfer,in,Summer,NA,Liga Nos,2013,2013/2014
CD Nacional,Nuno Sequeira,22,Left-Back,Leixões,free transfer,in,Summer,NA,Liga Nos,2013,2013/2014
CD Nacional,João Barreto,21,Central Midfield,Portosantense,?,in,Summer,NA,Liga Nos,2013,2013/2014
CD Nacional,Renato,21,Centre-Back,Anápolis-GO,loan transfer,in,Summer,NA,Liga Nos,2013,2013/2014
CD Nacional,Bruno Moura,21,Right-Back,Angra-RJ,loan transfer,in,Summer,NA,Liga Nos,2013,2013/2014
CD Nacional,Jaime,23,Centre-Back,Anápolis-GO,loan transfer,in,Summer,NA,Liga Nos,2013,2013/2014
CD Nacional,Ricardo Batista,26,Goalkeeper,Without Club,-,in,Summer,0,Liga Nos,2013,2013/2014
CD Nacional,João Camacho,19,Left Winger,Nacional U19,-,in,Summer,0,Liga Nos,2013,2013/2014
CD Nacional,Rui Silva,19,Goalkeeper,Nacional U19,-,in,Summer,0,Liga Nos,2013,2013/2014
CD Nacional,Rene Mihelic,24,Attacking Midfield,Levski Sofia,"End of loanJun 30, 2013",in,Summer,0,Liga Nos,2013,2013/2014
CD Nacional,Revson,25,Defensive Midfield,CSKA Sofia,"End of loanOct 19, 2013",in,Summer,0,Liga Nos,2013,2013/2014
CD Nacional,Lucas João,19,Centre-Forward,Mirandela,"End of loanJun 30, 2013",in,Summer,0,Liga Nos,2013,2013/2014
CD Nacional,Márcio Madeira,27,Left Winger,Portimonense,"End of loanJun 1, 2013",in,Summer,0,Liga Nos,2013,2013/2014
CD Nacional,Rene Mihelic,25,Attacking Midfield,DNŠ Zavrč,free transfer,out,Summer,NA,Liga Nos,2013,2013/2014
CD Nacional,Vladan Giljen,24,Goalkeeper,OFK Beograd,free transfer,out,Summer,NA,Liga Nos,2013,2013/2014
CD Nacional,Márcio Madeira,27,Left Winger,Moreirense,free transfer,out,Summer,NA,Liga Nos,2013,2013/2014
CD Nacional,Kéven Sousa,24,Goalkeeper,AD Oeiras,loan transfer,out,Summer,NA,Liga Nos,2013,2013/2014
CD Nacional,Sérgio Duarte,20,Defensive Midfield,Mirandela,loan transfer,out,Summer,NA,Liga Nos,2013,2013/2014
CD Nacional,Ladji Keita,30,Centre-Forward,Petro Luanda,?,out,Summer,NA,Liga Nos,2013,2013/2014
CD Nacional,David Crespo,19,Left-Back,Torreense,?,out,Summer,NA,Liga Nos,2013,2013/2014
CD Nacional,Edgar Costa,26,Right Winger,Moreirense,loan transfer,out,Summer,NA,Liga Nos,2013,2013/2014
CD Nacional,Revson,25,Defensive Midfield,CSKA Sofia,loan transfer,out,Summer,NA,Liga Nos,2013,2013/2014
CD Nacional,Bruno Moreira,25,Centre-Forward,CSKA Sofia,loan transfer,out,Summer,NA,Liga Nos,2013,2013/2014
CD Nacional,Manuel da Costa,27,Centre-Back,Loko Moscow,"End of loanJun 30, 2013",out,Summer,0,Liga Nos,2013,2013/2014
CD Nacional,Eliandro,23,Centre-Forward,Cruzeiro,"End of loanJun 30, 2013",out,Summer,0,Liga Nos,2013,2013/2014
SC Braga,Rúben Micael,26,Central Midfield,Atlético Madrid,£2.70m,in,Summer,2.7,Liga Nos,2013,2013/2014
SC Braga,Felipe Pardo,22,Right Winger,Indep. Medellín,£540Th.,in,Summer,0.54,Liga Nos,2013,2013/2014
SC Braga,Joãozinho,23,Left-Back,Beira-Mar,£450Th.,in,Summer,0.45,Liga Nos,2013,2013/2014
SC Braga,Rafa Silva,20,Right Winger,Feirense,£446Th.,in,Summer,0.446,Liga Nos,2013,2013/2014
SC Braga,Edinho,30,Centre-Forward,Málaga CF,free transfer,in,Summer,NA,Liga Nos,2013,2013/2014
SC Braga,Luíz Carlos,28,Central Midfield,Paços Ferreira,free transfer,in,Summer,NA,Liga Nos,2013,2013/2014
SC Braga,Cássio,32,Goalkeeper,Paços Ferreira,free transfer,in,Summer,NA,Liga Nos,2013,2013/2014
SC Braga,Pedro Santos,25,Right Winger,Vitória Setúbal,free transfer,in,Summer,NA,Liga Nos,2013,2013/2014
SC Braga,Rafael Porcellis,26,Centre-Forward,Santa Clara,free transfer,in,Summer,NA,Liga Nos,2013,2013/2014
SC Braga,Aleksandar Miljkovic,23,Right-Back,Partizan,free transfer,in,Summer,NA,Liga Nos,2013,2013/2014
SC Braga,Luís Silva,20,Central Midfield,Leixões,free transfer,in,Summer,NA,Liga Nos,2013,2013/2014
SC Braga,Salvador Agra,21,Left Winger,Real Betis,loan transfer,in,Summer,NA,Liga Nos,2013,2013/2014
SC Braga,Hebert,22,Centre-Back,Trofense,?,in,Summer,NA,Liga Nos,2013,2013/2014
SC Braga,Hugo Vieira,25,Centre-Forward,Benfica,?,in,Summer,NA,Liga Nos,2013,2013/2014
SC Braga,Eduardo,30,Goalkeeper,Genoa,loan transfer,in,Summer,NA,Liga Nos,2013,2013/2014
SC Braga,Aderllan Santos,24,Centre-Back,Braga B,-,in,Summer,0,Liga Nos,2013,2013/2014
SC Braga,Tomas Dabo,19,Right-Back,Braga B,-,in,Summer,0,Liga Nos,2013,2013/2014
SC Braga,Mauro,22,Defensive Midfield,Braga B,-,in,Summer,0,Liga Nos,2013,2013/2014
SC Braga,Aníbal Capela,22,Centre-Back,Moreirense,"End of loanJun 30, 2013",in,Summer,0,Liga Nos,2013,2013/2014
SC Braga,Beto,31,Goalkeeper,Sevilla FC,"End of loanJun 30, 2013",in,Summer,0,Liga Nos,2013,2013/2014
SC Braga,Yazalde,24,Centre-Forward,Beira-Mar,"End of loanJun 30, 2013",in,Summer,0,Liga Nos,2013,2013/2014
SC Braga,Rodrigo Galo,26,Right-Back,Coimbra,"End of loanJun 30, 2013",in,Summer,0,Liga Nos,2013,2013/2014
SC Braga,Vinicius,27,Central Midfield,Moreirense,"End of loanJun 30, 2013",in,Summer,0,Liga Nos,2013,2013/2014
SC Braga,Márcio Mossoró,29,Attacking Midfield,Ahli,£3.15m,out,Summer,3.15,Liga Nos,2013,2013/2014
SC Braga,Beto,31,Goalkeeper,Sevilla FC,£1.80m,out,Summer,1.8,Liga Nos,2013,2013/2014
SC Braga,Douglão,27,Centre-Back,Qatar SC,Loan fee:£594Th.,out,Summer,0.594,Liga Nos,2013,2013/2014
SC Braga,Hugo Viana,30,Central Midfield,Al-Ahli (UAE),free transfer,out,Summer,NA,Liga Nos,2013,2013/2014
SC Braga,Leandro Salino,28,Right-Back,Olympiacos,free transfer,out,Summer,NA,Liga Nos,2013,2013/2014
SC Braga,Cássio,32,Goalkeeper,Arouca,free transfer,out,Summer,NA,Liga Nos,2013,2013/2014
SC Braga,Quim,37,Goalkeeper,Desportivo Aves,free transfer,out,Summer,NA,Liga Nos,2013,2013/2014
SC Braga,Emídio Rafael,27,Left-Back,Platanias,free transfer,out,Summer,NA,Liga Nos,2013,2013/2014
SC Braga,Hélder Barbosa,26,Left Winger,UD Almería,loan transfer,out,Summer,NA,Liga Nos,2013,2013/2014
SC Braga,Rodrigo Galo,26,Right-Back,Panetolikos,loan transfer,out,Summer,NA,Liga Nos,2013,2013/2014
SC Braga,Yazalde,24,Centre-Forward,Astra Giurgiu,loan transfer,out,Summer,NA,Liga Nos,2013,2013/2014
SC Braga,Rabiola,24,Centre-Forward,Piast Gliwice,loan transfer,out,Summer,NA,Liga Nos,2013,2013/2014
SC Braga,Carlao,27,Centre-Forward,Paços Ferreira,?,out,Summer,NA,Liga Nos,2013,2013/2014
SC Braga,Vinicius,27,Central Midfield,APOEL Nicosia,?,out,Summer,NA,Liga Nos,2013,2013/2014
SC Braga,Aníbal Capela,22,Centre-Back,Coimbra,loan transfer,out,Summer,NA,Liga Nos,2013,2013/2014
SC Braga,Rafael Porcellis,26,Centre-Forward,Feirense,loan transfer,out,Summer,NA,Liga Nos,2013,2013/2014
SC Braga,João Pedro,27,Right-Back,Belenenses,loan transfer,out,Summer,NA,Liga Nos,2013,2013/2014
SC Braga,Pedro Santos,25,Right Winger,Astra Giurgiu,loan transfer,out,Summer,NA,Liga Nos,2013,2013/2014
SC Braga,Luís Alberto,29,Defensive Midfield,EC Vitória,loan transfer,out,Summer,NA,Liga Nos,2013,2013/2014
SC Braga,Zé Luís,22,Centre-Forward,Videoton FC,loan transfer,out,Summer,NA,Liga Nos,2013,2013/2014
SC Braga,Maximilian Haas,27,Centre-Back,Without Club,-,out,Summer,0,Liga Nos,2013,2013/2014
SC Braga,Rúben Amorim,28,Central Midfield,Benfica,"End of loanJun 30, 2013",out,Summer,0,Liga Nos,2013,2013/2014
SC Braga,Michel,26,Centre-Forward,Benfica,"End of loanJun 30, 2013",out,Summer,0,Liga Nos,2013,2013/2014
SC Braga,Manoel,24,Centre-Forward,Anápolis-GO,"End of loanJun 1, 2013",out,Summer,0,Liga Nos,2013,2013/2014
SC Braga,Rúben Micael,26,Central Midfield,Atlético Madrid,"End of loanJun 30, 2013",out,Summer,0,Liga Nos,2013,2013/2014
Vitória Setúbal FC,Dani,31,Defensive Midfield,Skoda Xanthi,free transfer,in,Summer,NA,Liga Nos,2013,2013/2014
Vitória Setúbal FC,Bruninho,23,Right Winger,Nacional,free transfer,in,Summer,NA,Liga Nos,2013,2013/2014
Vitória Setúbal FC,Diogo Rosado,23,Left Winger,Blackburn,free transfer,in,Summer,NA,Liga Nos,2013,2013/2014
Vitória Setúbal FC,Pedro Tiba,24,Central Midfield,Tirsense,free transfer,in,Summer,NA,Liga Nos,2013,2013/2014
Vitória Setúbal FC,Ramón Cardozo,27,Centre-Forward,Tacuary FBC,?,in,Summer,NA,Liga Nos,2013,2013/2014
Vitória Setúbal FC,Fábio Pala,20,Right-Back,Casa Pia,?,in,Summer,NA,Liga Nos,2013,2013/2014
Vitória Setúbal FC,Tiago Terroso,25,Defensive Midfield,Olhanense,?,in,Summer,NA,Liga Nos,2013,2013/2014
Vitória Setúbal FC,Coronas,22,Right-Back,Penafiel,?,in,Summer,NA,Liga Nos,2013,2013/2014
Vitória Setúbal FC,Javier Cohene,26,Centre-Back,Paços Ferreira,?,in,Summer,NA,Liga Nos,2013,2013/2014
Vitória Setúbal FC,Adilson Júnior,25,Goalkeeper,Friburguense-RJ,?,in,Summer,NA,Liga Nos,2013,2013/2014
Vitória Setúbal FC,Marcos Acosta,21,Left-Back,Tacuary FBC,loan transfer,in,Summer,NA,Liga Nos,2013,2013/2014
Vitória Setúbal FC,Rafael Martins,24,Centre-Forward,GO Audax,loan transfer,in,Summer,NA,Liga Nos,2013,2013/2014
Vitória Setúbal FC,Carlos Servín,26,Goalkeeper,Tacuary FBC,loan transfer,in,Summer,NA,Liga Nos,2013,2013/2014
Vitória Setúbal FC,Min-woo Kang,26,Left-Back,Without Club,-,in,Summer,0,Liga Nos,2013,2013/2014
Vitória Setúbal FC,François,23,Centre-Back,Without Club,-,in,Summer,0,Liga Nos,2013,2013/2014
Vitória Setúbal FC,Rúben Vezo,19,Centre-Back,Setúbal U19,-,in,Summer,0,Liga Nos,2013,2013/2014
Vitória Setúbal FC,Mohcine Hassan,18,Centre-Forward,Setúbal U19,-,in,Summer,0,Liga Nos,2013,2013/2014
Vitória Setúbal FC,Peixinho,20,Defensive Midfield,Casa Pia,"End of loanJun 30, 2013",in,Summer,0,Liga Nos,2013,2013/2014
Vitória Setúbal FC,Moisés,22,Right Winger,Casa Pia,"End of loanJun 30, 2013",in,Summer,0,Liga Nos,2013,2013/2014
Vitória Setúbal FC,Ricardo Dâmaso,22,Defensive Midfield,Alcochetense,"End of loanJun 30, 2013",in,Summer,0,Liga Nos,2013,2013/2014
Vitória Setúbal FC,Gonçalo Graça,23,Right Winger,Leixões,"End of loanJun 30, 2013",in,Summer,0,Liga Nos,2013,2013/2014
Vitória Setúbal FC,Ricardo Dâmaso,22,Defensive Midfield,Alcochetense,free transfer,out,Summer,NA,Liga Nos,2013,2013/2014
Vitória Setúbal FC,Pedro Santos,25,Right Winger,SC Braga,free transfer,out,Summer,NA,Liga Nos,2013,2013/2014
Vitória Setúbal FC,Bruno Gallo,25,Central Midfield,Resende-RJ,free transfer,out,Summer,NA,Liga Nos,2013,2013/2014
Vitória Setúbal FC,José Pedro,34,Central Midfield,Alcochetense,free transfer,out,Summer,NA,Liga Nos,2013,2013/2014
Vitória Setúbal FC,Ariza Makukula,32,Centre-Forward,OFI Crete FC,free transfer,out,Summer,NA,Liga Nos,2013,2013/2014
Vitória Setúbal FC,Danilo,24,Defensive Midfield,Atlético-GO,free transfer,out,Summer,NA,Liga Nos,2013,2013/2014
Vitória Setúbal FC,Igor Rocha,29,Left-Back,Santa Clara,free transfer,out,Summer,NA,Liga Nos,2013,2013/2014
Vitória Setúbal FC,Amoreirinha,28,Centre-Back,Ch. Brothers,free transfer,out,Summer,NA,Liga Nos,2013,2013/2014
Vitória Setúbal FC,Fonseca,28,Goalkeeper,Salgueiros,free transfer,out,Summer,NA,Liga Nos,2013,2013/2014
Vitória Setúbal FC,Caleb Patterson-Sewell,26,Goalkeeper,Gil Vicente,free transfer,out,Summer,NA,Liga Nos,2013,2013/2014
Vitória Setúbal FC,Miguel Lourenço,21,Centre-Back,Santa Clara,loan transfer,out,Summer,NA,Liga Nos,2013,2013/2014
Vitória Setúbal FC,Fábio Pala,20,Right-Back,Casa Pia,loan transfer,out,Summer,NA,Liga Nos,2013,2013/2014
Vitória Setúbal FC,Bruno Amaro,30,Central Midfield,Arouca,?,out,Summer,NA,Liga Nos,2013,2013/2014
Vitória Setúbal FC,Moisés,22,Right Winger,Cova Piedade,?,out,Summer,NA,Liga Nos,2013,2013/2014
Vitória Setúbal FC,Ricardo Silva,37,Centre-Back,Boavista,?,out,Summer,NA,Liga Nos,2013,2013/2014
Vitória Setúbal FC,Peixinho,20,Defensive Midfield,Farense,loan transfer,out,Summer,NA,Liga Nos,2013,2013/2014
Vitória Setúbal FC,Mohcine Hassan,18,Centre-Forward,Casa Pia,loan transfer,out,Summer,NA,Liga Nos,2013,2013/2014
Vitória Setúbal FC,Peter Suswam,21,Right-Back,Without Club,-,out,Summer,0,Liga Nos,2013,2013/2014
Vitória Setúbal FC,Carlos Servín,27,Goalkeeper,Tacuary FBC,"End of loanJun 30, 2014",out,Summer,0,Liga Nos,2013,2013/2014
Vitória Setúbal FC,Bruno Turco,21,Defensive Midfield,Macaé,"End of loanJun 30, 2013",out,Summer,0,Liga Nos,2013,2013/2014
CS Marítimo,Patrick Bauer,20,Centre-Back,VfB Stuttgart,£135Th.,in,Summer,0.135,Liga Nos,2013,2013/2014
CS Marítimo,Danilo Pereira,21,Defensive Midfield,Parma,free transfer,in,Summer,NA,Liga Nos,2013,2013/2014
CS Marítimo,Kaby,21,Central Midfield,Boavista,free transfer,in,Summer,NA,Liga Nos,2013,2013/2014
CS Marítimo,Derley,25,Centre-Forward,Madureira-RJ,free transfer,in,Summer,NA,Liga Nos,2013,2013/2014
CS Marítimo,Filipe Oliveira,19,Central Midfield,Benfica U19,?,in,Summer,NA,Liga Nos,2013,2013/2014
CS Marítimo,Johnny Leoni,29,Goalkeeper,Omonia Nikosia,?,in,Summer,NA,Liga Nos,2013,2013/2014
CS Marítimo,Rodrigo Lindoso,24,Defensive Midfield,Madureira-RJ,loan transfer,in,Summer,NA,Liga Nos,2013,2013/2014
CS Marítimo,José Sá,20,Goalkeeper,Marítimo B,-,in,Summer,0,Liga Nos,2013,2013/2014
CS Marítimo,Alex Soares,22,Central Midfield,Marítimo B,-,in,Summer,0,Liga Nos,2013,2013/2014
CS Marítimo,Sérgio Marakis,21,Defensive Midfield,Marítimo B,-,in,Summer,0,Liga Nos,2013,2013/2014
CS Marítimo,Theo Weeks,23,Attacking Midfield,Without Club,-,in,Summer,0,Liga Nos,2013,2013/2014
CS Marítimo,Hyun-jun Suk,22,Centre-Forward,Ahli,£2.70m,out,Summer,2.7,Liga Nos,2013,2013/2014
CS Marítimo,Olberdam,28,Central Midfield,Legião,free transfer,out,Summer,NA,Liga Nos,2013,2013/2014
CS Marítimo,Adilson,31,Centre-Forward,Dibba Al-Hisn,free transfer,out,Summer,NA,Liga Nos,2013,2013/2014
CS Marítimo,Ricardo Ferreira,23,Goalkeeper,Portimonense,free transfer,out,Summer,NA,Liga Nos,2013,2013/2014
CS Marítimo,Romain Salin,28,Goalkeeper,Rio Ave FC,free transfer,out,Summer,NA,Liga Nos,2013,2013/2014
CS Marítimo,Rafael Miranda,28,Defensive Midfield,EC Bahia,free transfer,out,Summer,NA,Liga Nos,2013,2013/2014
CS Marítimo,Valentin Roberge,26,Centre-Back,Sunderland,free transfer,out,Summer,NA,Liga Nos,2013,2013/2014
CS Marítimo,João Guilherme,27,Centre-Back,APOEL Nicosia,free transfer,out,Summer,NA,Liga Nos,2013,2013/2014
CS Marítimo,Gonçalo Abreu,27,Right Winger,Ermis Aradippou,?,out,Summer,NA,Liga Nos,2013,2013/2014
CS Marítimo,Rodrigo Antônio,25,Defensive Midfield,Paços Ferreira,?,out,Summer,NA,Liga Nos,2013,2013/2014
CS Marítimo,Semedo,25,Defensive Midfield,Portimonense,loan transfer,out,Summer,NA,Liga Nos,2013,2013/2014
CS Marítimo,Filipe Oliveira,19,Central Midfield,Marítimo B,-,out,Summer,0,Liga Nos,2013,2013/2014
CS Marítimo,Edivândio,22,Centre-Forward,Marítimo B,-,out,Summer,0,Liga Nos,2013,2013/2014
CS Marítimo,David Simão,23,Central Midfield,Benfica,"End of loanJun 30, 2013",out,Summer,0,Liga Nos,2013,2013/2014
GD Estoril Praia,Sebá,21,Left Winger,Cruzeiro,£225Th.,in,Summer,0.225,Liga Nos,2013,2013/2014
GD Estoril Praia,Evandro,26,Attacking Midfield,Desp. Brasil,free transfer,in,Summer,NA,Liga Nos,2013,2013/2014
GD Estoril Praia,Filipe Gonçalves,28,Defensive Midfield,Moreirense,free transfer,in,Summer,NA,Liga Nos,2013,2013/2014
GD Estoril Praia,Yohan,25,Centre-Back,Chievo Verona,free transfer,in,Summer,NA,Liga Nos,2013,2013/2014
GD Estoril Praia,Gladestony,19,Defensive Midfield,Desp. Brasil,loan transfer,in,Summer,NA,Liga Nos,2013,2013/2014
GD Estoril Praia,Javier Balboa,28,Right Winger,Beira-Mar,?,in,Summer,NA,Liga Nos,2013,2013/2014
GD Estoril Praia,Babanco,27,Central Midfield,Olhanense,?,in,Summer,NA,Liga Nos,2013,2013/2014
GD Estoril Praia,Rúben Fernandes,27,Centre-Back,Portimonense,?,in,Summer,NA,Liga Nos,2013,2013/2014
GD Estoril Praia,Luiz Phellype,19,Centre-Forward,Desp. Brasil,?,in,Summer,NA,Liga Nos,2013,2013/2014
GD Estoril Praia,Luis Gustavo,21,Centre-Back,Noroeste,?,in,Summer,NA,Liga Nos,2013,2013/2014
GD Estoril Praia,Bruno Lopes,26,Centre-Forward,Anápolis-GO,loan transfer,in,Summer,NA,Liga Nos,2013,2013/2014
GD Estoril Praia,João Pedro,21,Second Striker,Desp. Brasil,loan transfer,in,Summer,NA,Liga Nos,2013,2013/2014
GD Estoril Praia,Ricardo Ribeiro,23,Goalkeeper,Moreirense,loan transfer,in,Summer,NA,Liga Nos,2013,2013/2014
GD Estoril Praia,João Manuel,19,Goalkeeper,Estoril U19,-,in,Summer,0,Liga Nos,2013,2013/2014
GD Estoril Praia,Ricardo Vaz,18,Right Midfield,Estoril U19,-,in,Summer,0,Liga Nos,2013,2013/2014
GD Estoril Praia,Pedro Henrique,22,Centre-Forward,SC Covilhã,"End of loanJun 30, 2013",in,Summer,0,Liga Nos,2013,2013/2014
GD Estoril Praia,Diogo Tavares,25,Centre-Forward,Santa Clara,"End of loanJun 30, 2013",in,Summer,0,Liga Nos,2013,2013/2014
GD Estoril Praia,Leandro Borges,21,Left Winger,Trofense,"End of loanJun 1, 2013",in,Summer,0,Liga Nos,2013,2013/2014
GD Estoril Praia,Erick,25,Central Midfield,Portimonense,"End of loanJun 30, 2013",in,Summer,0,Liga Nos,2013,2013/2014
GD Estoril Praia,Licá,24,Left Winger,FC Porto,£1.35m,out,Summer,1.35,Liga Nos,2013,2013/2014
GD Estoril Praia,Carlos Eduardo,23,Attacking Midfield,FC Porto,£810Th.,out,Summer,0.81,Liga Nos,2013,2013/2014
GD Estoril Praia,Jefferson,24,Left-Back,Sporting CP,£720Th.,out,Summer,0.72,Liga Nos,2013,2013/2014
GD Estoril Praia,João Paulo,33,Centre-Forward,Desportivo Aves,free transfer,out,Summer,NA,Liga Nos,2013,2013/2014
GD Estoril Praia,Steven Vitória,26,Centre-Back,Benfica,free transfer,out,Summer,NA,Liga Nos,2013,2013/2014
GD Estoril Praia,Elizeu,24,Centre-Back,EC Vitória,free transfer,out,Summer,NA,Liga Nos,2013,2013/2014
GD Estoril Praia,Diogo Tavares,25,Centre-Forward,Ancona,free transfer,out,Summer,NA,Liga Nos,2013,2013/2014
GD Estoril Praia,Erick,25,Central Midfield,Dallas,free transfer,out,Summer,NA,Liga Nos,2013,2013/2014
GD Estoril Praia,Frédéric Mendy,24,Centre-Forward,Moreirense,loan transfer,out,Summer,NA,Liga Nos,2013,2013/2014
GD Estoril Praia,Luiz Phellype,19,Centre-Forward,Beira-Mar,loan transfer,out,Summer,NA,Liga Nos,2013,2013/2014
GD Estoril Praia,Tony Taylor,23,Right Winger,Omonia Nikosia,?,out,Summer,NA,Liga Nos,2013,2013/2014
GD Estoril Praia,Mário Matos,25,Goalkeeper,União Madeira,?,out,Summer,NA,Liga Nos,2013,2013/2014
GD Estoril Praia,Luis Gustavo,21,Centre-Back,Beira-Mar,loan transfer,out,Summer,NA,Liga Nos,2013,2013/2014
GD Estoril Praia,João Falque,19,Centre-Forward,Sintrense,loan transfer,out,Summer,NA,Liga Nos,2013,2013/2014
GD Estoril Praia,Hugo Leal,33,Central Midfield,Retired,-,out,Summer,0,Liga Nos,2013,2013/2014
GD Estoril Praia,Yohan,25,Centre-Back,Standard Liège,"End of loanJun 30, 2013",out,Summer,0,Liga Nos,2013,2013/2014
GD Estoril Praia,Dieguinho,21,Right Winger,Desp. Brasil,"End of loanJun 30, 2013",out,Summer,0,Liga Nos,2013,2013/2014
Vitória Guimarães SC,Moussa Maazou,24,Centre-Forward,ES Sahel,£450Th.,in,Summer,0.45,Liga Nos,2013,2013/2014
Vitória Guimarães SC,Chris Malonga,26,Left Winger,Monaco,free transfer,in,Summer,NA,Liga Nos,2013,2013/2014
Vitória Guimarães SC,Nii Plange,24,Left Winger,Sporting B,free transfer,in,Summer,NA,Liga Nos,2013,2013/2014
Vitória Guimarães SC,André Santos,24,Central Midfield,Sporting CP,free transfer,in,Summer,NA,Liga Nos,2013,2013/2014
Vitória Guimarães SC,Cafú,20,Central Midfield,Benfica B,free transfer,in,Summer,NA,Liga Nos,2013,2013/2014
Vitória Guimarães SC,Fábio Vieira,22,Attacking Midfield,Espinho,free transfer,in,Summer,NA,Liga Nos,2013,2013/2014
Vitória Guimarães SC,Jean Pablo,25,Centre-Back,Monte Azul-SP,free transfer,in,Summer,NA,Liga Nos,2013,2013/2014
Vitória Guimarães SC,Abdoulaye Ba,22,Centre-Back,FC Porto,loan transfer,in,Summer,NA,Liga Nos,2013,2013/2014
Vitória Guimarães SC,Tiago Rodrigues,21,Attacking Midfield,FC Porto B,loan transfer,in,Summer,NA,Liga Nos,2013,2013/2014
Vitória Guimarães SC,Pedro Correia,26,Right-Back,Crotone,?,in,Summer,NA,Liga Nos,2013,2013/2014
Vitória Guimarães SC,Fernando Russi,24,Centre-Forward,Treze FC,?,in,Summer,NA,Liga Nos,2013,2013/2014
Vitória Guimarães SC,Alex,21,Left Winger,Santa Clara,?,in,Summer,NA,Liga Nos,2013,2013/2014
Vitória Guimarães SC,Tomané,20,Centre-Forward,Guimarães B,-,in,Summer,0,Liga Nos,2013,2013/2014
Vitória Guimarães SC,Assis,23,Goalkeeper,Guimarães B,-,in,Summer,0,Liga Nos,2013,2013/2014
Vitória Guimarães SC,Josué Sá,21,Centre-Back,Guimarães B,-,in,Summer,0,Liga Nos,2013,2013/2014
Vitória Guimarães SC,Rafael Crivellaro,24,Attacking Midfield,Guimarães B,-,in,Summer,0,Liga Nos,2013,2013/2014
Vitória Guimarães SC,Hernâni,21,Right Winger,Guimarães B,-,in,Summer,0,Liga Nos,2013,2013/2014
Vitória Guimarães SC,Amido Baldé,22,Centre-Forward,Celtic,£1.58m,out,Summer,1.58,Liga Nos,2013,2013/2014
Vitória Guimarães SC,Ricardo Pereira,19,Right-Back,FC Porto B,£1.44m,out,Summer,1.44,Liga Nos,2013,2013/2014
Vitória Guimarães SC,El Arbi Hillel Soudani,25,Right Winger,Dinamo Zagreb,£810Th.,out,Summer,0.81,Liga Nos,2013,2013/2014
Vitória Guimarães SC,Tiago Rodrigues,21,Attacking Midfield,FC Porto B,£450Th.,out,Summer,0.45,Liga Nos,2013,2013/2014
Vitória Guimarães SC,Siaka Bamba,24,Defensive Midfield,Chaves,free transfer,out,Summer,NA,Liga Nos,2013,2013/2014
Vitória Guimarães SC,João Ribeiro,25,Left Winger,Olhanense,free transfer,out,Summer,NA,Liga Nos,2013,2013/2014
Vitória Guimarães SC,Mahamadou N'Diaye,23,Centre-Back,Troyes,free transfer,out,Summer,NA,Liga Nos,2013,2013/2014
Vitória Guimarães SC,Issam El Adoua,26,Defensive Midfield,Levante,free transfer,out,Summer,NA,Liga Nos,2013,2013/2014
Vitória Guimarães SC,Alex,33,Right-Back,Retired,-,out,Summer,0,Liga Nos,2013,2013/2014
Vitória Guimarães SC,Jona,24,Centre-Forward,Granada CF,"End of loanJun 30, 2013",out,Summer,0,Liga Nos,2013,2013/2014
Vitória Guimarães SC,João Gonçalves,25,Right-Back,Sporting CP,"End of loanJun 30, 2013",out,Summer,0,Liga Nos,2013,2013/2014
Gil Vicente FC,Avto,21,Left Winger,Oliveirense,free transfer,in,Summer,NA,Liga Nos,2013,2013/2014
Gil Vicente FC,Pedró,25,Attacking Midfield,Freamunde,free transfer,in,Summer,NA,Liga Nos,2013,2013/2014
Gil Vicente FC,Paulinho,20,Centre-Forward,Trofense,free transfer,in,Summer,NA,Liga Nos,2013,2013/2014
Gil Vicente FC,Alphousseyni Keita,27,Defensive Midfield,Coimbra,free transfer,in,Summer,NA,Liga Nos,2013,2013/2014
Gil Vicente FC,Caleb Patterson-Sewell,26,Goalkeeper,Vitória Setúbal,free transfer,in,Summer,NA,Liga Nos,2013,2013/2014
Gil Vicente FC,Diogo Viana,23,Right-Back,Penafiel,free transfer,in,Summer,NA,Liga Nos,2013,2013/2014
Gil Vicente FC,Leandro Pimenta,22,Central Midfield,Benfica B,free transfer,in,Summer,NA,Liga Nos,2013,2013/2014
Gil Vicente FC,Ely Fernandes,22,Left Winger,CD Fátima,free transfer,in,Summer,NA,Liga Nos,2013,2013/2014
Gil Vicente FC,Halisson,28,Centre-Back,Noroeste,?,in,Summer,NA,Liga Nos,2013,2013/2014
Gil Vicente FC,Nélson Agra,22,Centre-Back,Varzim,?,in,Summer,NA,Liga Nos,2013,2013/2014
Gil Vicente FC,Gabriel,25,Right-Back,Penafiel,?,in,Summer,NA,Liga Nos,2013,2013/2014
Gil Vicente FC,Simy,21,Centre-Forward,Portimonense,?,in,Summer,NA,Liga Nos,2013,2013/2014
Gil Vicente FC,Vítor Gonçalves,21,Central Midfield,Portimonense,?,in,Summer,NA,Liga Nos,2013,2013/2014
Gil Vicente FC,Da Silva,25,Central Midfield,Benfica,?,in,Summer,NA,Liga Nos,2013,2013/2014
Gil Vicente FC,Danielson,32,Centre-Back,Omonia Nikosia,?,in,Summer,NA,Liga Nos,2013,2013/2014
Gil Vicente FC,Rui Coentrão,20,Left-Back,Leixões,loan transfer,in,Summer,NA,Liga Nos,2013,2013/2014
Gil Vicente FC,Draman Haminu,27,Left Winger,Without Club,-,in,Summer,0,Liga Nos,2013,2013/2014
Gil Vicente FC,Bruno Moraes,28,Centre-Forward,Without Club,-,in,Summer,0,Liga Nos,2013,2013/2014
Gil Vicente FC,Cláudio Pitbull,31,Centre-Forward,Without Club,-,in,Summer,0,Liga Nos,2013,2013/2014
Gil Vicente FC,Rui Faria,21,Centre-Back,Mirandela,"End of loanJun 30, 2013",in,Summer,0,Liga Nos,2013,2013/2014
Gil Vicente FC,Edivaldo,20,Goalkeeper,AD Oeiras,"End of loanJun 30, 2013",in,Summer,0,Liga Nos,2013,2013/2014
Gil Vicente FC,Tó Barbosa,21,Centre-Forward,Varzim,"End of loanMay 30, 2014",in,Summer,0,Liga Nos,2013,2013/2014
Gil Vicente FC,Tó Barbosa,20,Centre-Forward,Varzim,"End of loanJun 1, 2013",in,Summer,0,Liga Nos,2013,2013/2014
Gil Vicente FC,Ruca,22,Left-Back,Oliveira Frades,"End of loanJun 1, 2013",in,Summer,0,Liga Nos,2013,2013/2014
Gil Vicente FC,Luís Carlos,26,Left Winger,Zawisza,£135Th.,out,Summer,0.135,Liga Nos,2013,2013/2014
Gil Vicente FC,João Pedro,32,Left-Back,Penafiel,free transfer,out,Summer,NA,Liga Nos,2013,2013/2014
Gil Vicente FC,André Cunha,35,Attacking Midfield,GD Ribeirão,free transfer,out,Summer,NA,Liga Nos,2013,2013/2014
Gil Vicente FC,Paulo Arantes,26,Right-Back,Santa Clara,free transfer,out,Summer,NA,Liga Nos,2013,2013/2014
Gil Vicente FC,Gabriel Rodríguez,24,Centre-Forward,Leones Negros,free transfer,out,Summer,NA,Liga Nos,2013,2013/2014
Gil Vicente FC,Sandro,30,Centre-Back,Moreirense,free transfer,out,Summer,NA,Liga Nos,2013,2013/2014
Gil Vicente FC,Paulo Jorge,32,Right Winger,Belenenses,free transfer,out,Summer,NA,Liga Nos,2013,2013/2014
Gil Vicente FC,Rui Faria,21,Centre-Back,Vianense,free transfer,out,Summer,NA,Liga Nos,2013,2013/2014
Gil Vicente FC,Vítor Murta,33,Goalkeeper,Oliveirense,free transfer,out,Summer,NA,Liga Nos,2013,2013/2014
Gil Vicente FC,Califo,23,Left-Back,Oliveirense,loan transfer,out,Summer,NA,Liga Nos,2013,2013/2014
Gil Vicente FC,Ruca,22,Left-Back,Mirandela,loan transfer,out,Summer,NA,Liga Nos,2013,2013/2014
Gil Vicente FC,Ely Fernandes,22,Left Winger,Oliveirense,loan transfer,out,Summer,NA,Liga Nos,2013,2013/2014
Gil Vicente FC,Cláudio,35,Centre-Back,Académico Viseu,?,out,Summer,NA,Liga Nos,2013,2013/2014
Gil Vicente FC,Pedro Pereira,29,Right Winger,Desportivo Aves,?,out,Summer,NA,Liga Nos,2013,2013/2014
Gil Vicente FC,Da Silva,25,Central Midfield,Novo Hamburgo,?,out,Summer,NA,Liga Nos,2013,2013/2014
Gil Vicente FC,Luís Manuel,32,Defensive Midfield,Desportivo Aves,?,out,Summer,NA,Liga Nos,2013,2013/2014
Gil Vicente FC,Edivaldo,20,Goalkeeper,Santa Maria,?,out,Summer,NA,Liga Nos,2013,2013/2014
Gil Vicente FC,Tó Barbosa,20,Centre-Forward,Varzim,loan transfer,out,Summer,NA,Liga Nos,2013,2013/2014
Gil Vicente FC,Valdinho,23,Left Winger,Oliveirense,loan transfer,out,Summer,NA,Liga Nos,2013,2013/2014
Gil Vicente FC,Kalidou Yero,21,Centre-Forward,Oliveirense,loan transfer,out,Summer,NA,Liga Nos,2013,2013/2014
Gil Vicente FC,Djalma,25,midfield,Without Club,-,out,Summer,0,Liga Nos,2013,2013/2014
Gil Vicente FC,Draman Haminu,27,Left Winger,Without Club,-,out,Summer,0,Liga Nos,2013,2013/2014
Gil Vicente FC,William Kwabena Tiero,32,Attacking Midfield,Retired,-,out,Summer,0,Liga Nos,2013,2013/2014
Gil Vicente FC,Halisson,28,Centre-Back,Noroeste,"End of loanJun 30, 2013",out,Summer,0,Liga Nos,2013,2013/2014
Gil Vicente FC,Thomas Agyiri,19,Central Midfield,Man City U21,"End of loanJun 30, 2013",out,Summer,0,Liga Nos,2013,2013/2014
Gil Vicente FC,Hugo Vieira,24,Centre-Forward,Benfica,"End of loanJun 30, 2013",out,Summer,0,Liga Nos,2013,2013/2014
Gil Vicente FC,Djalma,25,midfield,Santo André,"End of loanJun 30, 2013",out,Summer,0,Liga Nos,2013,2013/2014
Gil Vicente FC,Luciano Amaral,30,Left-Back,Villa Rio,"End of loanJun 30, 2013",out,Summer,0,Liga Nos,2013,2013/2014
Gil Vicente FC,Lúcio,23,Goalkeeper,Portuguesa,"End of loanJun 30, 2013",out,Summer,0,Liga Nos,2013,2013/2014
Rio Ave FC,Alhassan Wakaso,21,Defensive Midfield,Portimonense,£63Th.,in,Summer,0.063,Liga Nos,2013,2013/2014
Rio Ave FC,Jony Ñiguez,28,Central Midfield,Alcorcón,free transfer,in,Summer,NA,Liga Nos,2013,2013/2014
Rio Ave FC,Júlio Alves,22,Central Midfield,Besiktas,free transfer,in,Summer,NA,Liga Nos,2013,2013/2014
Rio Ave FC,Ukra,25,Right Winger,FC Porto,free transfer,in,Summer,NA,Liga Nos,2013,2013/2014
Rio Ave FC,Romain Salin,28,Goalkeeper,Marítimo,free transfer,in,Summer,NA,Liga Nos,2013,2013/2014
Rio Ave FC,Gus Ledes,20,Central Midfield,Barcelona B,free transfer,in,Summer,NA,Liga Nos,2013,2013/2014
Rio Ave FC,Ângelo Meneses,19,Centre-Back,Famalicão,free transfer,in,Summer,NA,Liga Nos,2013,2013/2014
Rio Ave FC,Diego Lopes,19,Attacking Midfield,Benfica B,free transfer,in,Summer,NA,Liga Nos,2013,2013/2014
Rio Ave FC,Roderick Miranda,22,Centre-Back,Benfica,free transfer,in,Summer,NA,Liga Nos,2013,2013/2014
Rio Ave FC,Sandro Lima,22,Centre-Forward,Anápolis-GO,loan transfer,in,Summer,NA,Liga Nos,2013,2013/2014
Rio Ave FC,Nuno Lopes,26,Centre-Back,Beira-Mar,?,in,Summer,NA,Liga Nos,2013,2013/2014
Rio Ave FC,Lionn,24,Right-Back,CFR Cluj,?,in,Summer,NA,Liga Nos,2013,2013/2014
Rio Ave FC,Yonathan Del Valle,23,Left Winger,AJ Auxerre,?,in,Summer,NA,Liga Nos,2013,2013/2014
Rio Ave FC,Ronny,30,Centre-Forward,CFR Cluj,loan transfer,in,Summer,NA,Liga Nos,2013,2013/2014
Rio Ave FC,Edimar,27,Left-Back,CFR Cluj,loan transfer,in,Summer,NA,Liga Nos,2013,2013/2014
Rio Ave FC,Bahia,19,Right Winger,Rio Ave FC U19,-,in,Summer,0,Liga Nos,2013,2013/2014
Rio Ave FC,Tiago Costa,27,Right-Back,Leixões,"End of loanJun 30, 2012",in,Summer,0,Liga Nos,2013,2013/2014
Rio Ave FC,Goba Zakpa,20,Right Winger,Gondomar,"End of loanJun 30, 2013",in,Summer,0,Liga Nos,2013,2013/2014
Rio Ave FC,Fabinho,19,Defensive Midfield,RM Castilla,"End of loanJun 30, 2013",in,Summer,0,Liga Nos,2013,2013/2014
Rio Ave FC,Tiago Silva,21,Left Winger,GD Ribeirão,"End of loanJun 30, 2013",in,Summer,0,Liga Nos,2013,2013/2014
Rio Ave FC,João Mendes,25,Right Winger,Portimonense,"End of loanJun 30, 2013",in,Summer,0,Liga Nos,2013,2013/2014
Rio Ave FC,Igor Barbosa,20,Right Winger,Gondomar,"End of loanJun 30, 2013",in,Summer,0,Liga Nos,2013,2013/2014
Rio Ave FC,Diego Medeiros,21,Left Midfield,Santa Clara,"End of loanMay 30, 2014",in,Summer,0,Liga Nos,2013,2013/2014
Rio Ave FC,Tiago Pinto,24,Left-Back,Dep. La Coruña,"End of loanJan 11, 2013",in,Summer,0,Liga Nos,2013,2013/2014
Rio Ave FC,Renato Santos,21,Right Winger,Desportivo Aves,"End of loanJun 30, 2013",in,Summer,0,Liga Nos,2013,2013/2014
Rio Ave FC,Gilmar,21,Centre-Forward,GD Ribeirão,"End of loanJun 30, 2013",in,Summer,0,Liga Nos,2013,2013/2014
Rio Ave FC,Tiago Pinto,25,Left-Back,Racing,"End of loanJun 30, 2013",in,Summer,0,Liga Nos,2013,2013/2014
Rio Ave FC,Vítor Gomes,25,Defensive Midfield,Videoton FC,"End of loanJun 30, 2013",in,Summer,0,Liga Nos,2013,2013/2014
Rio Ave FC,Ivo Pinto,23,Right-Back,CFR Cluj,"End of loanJun 30, 2013",in,Summer,0,Liga Nos,2013,2013/2014
Rio Ave FC,Ivo Pinto,23,Right-Back,Dinamo Zagreb,£900Th.,out,Summer,0.9,Liga Nos,2013,2013/2014
Rio Ave FC,Goba Zakpa,20,Right Winger,SAS Epinal,free transfer,out,Summer,NA,Liga Nos,2013,2013/2014
Rio Ave FC,Vítor Gomes,25,Defensive Midfield,Videoton FC,free transfer,out,Summer,NA,Liga Nos,2013,2013/2014
Rio Ave FC,Tope Obadeyi,23,Left Winger,Bury,free transfer,out,Summer,NA,Liga Nos,2013,2013/2014
Rio Ave FC,João Mendes,25,Right Winger,GD Ribeirão,loan transfer,out,Summer,NA,Liga Nos,2013,2013/2014
Rio Ave FC,Gilmar,21,Centre-Forward,Tirsense,loan transfer,out,Summer,NA,Liga Nos,2013,2013/2014
Rio Ave FC,Isma,22,Centre-Forward,APOEL Nicosia,loan transfer,out,Summer,NA,Liga Nos,2013,2013/2014
Rio Ave FC,Kiki,18,Left-Back,Dag & Red FC,?,out,Summer,NA,Liga Nos,2013,2013/2014
Rio Ave FC,Wíres,30,Right-Back,C.R.D. Libolo,?,out,Summer,NA,Liga Nos,2013,2013/2014
Rio Ave FC,Rafa,21,Goalkeeper,Chaves,?,out,Summer,NA,Liga Nos,2013,2013/2014
Rio Ave FC,Igor Barbosa,20,Right Winger,GD Ribeirão,loan transfer,out,Summer,NA,Liga Nos,2013,2013/2014
Rio Ave FC,Zé Diogo,19,Right-Back,Tirsense,loan transfer,out,Summer,NA,Liga Nos,2013,2013/2014
Rio Ave FC,Tiago Silva,21,Left Winger,GD Ribeirão,loan transfer,out,Summer,NA,Liga Nos,2013,2013/2014
Rio Ave FC,Bahia,19,Right Winger,Gondomar,loan transfer,out,Summer,NA,Liga Nos,2013,2013/2014
Rio Ave FC,André Costa,20,Right Midfield,Gondomar,loan transfer,out,Summer,NA,Liga Nos,2013,2013/2014
Rio Ave FC,Fabinho,19,Defensive Midfield,Monaco,loan transfer,out,Summer,NA,Liga Nos,2013,2013/2014
Rio Ave FC,Ricardo Pateiro,33,Left Midfield,Career break,-,out,Summer,0,Liga Nos,2013,2013/2014
Rio Ave FC,Jan Oblak,20,Goalkeeper,Benfica,"End of loanJun 30, 2013",out,Summer,0,Liga Nos,2013,2013/2014
Rio Ave FC,Yonathan Del Valle,23,Left Winger,AJ Auxerre,"End of loanJun 30, 2013",out,Summer,0,Liga Nos,2013,2013/2014
Rio Ave FC,Lionn,24,Right-Back,CFR Cluj,"End of loanJun 30, 2013",out,Summer,0,Liga Nos,2013,2013/2014
Rio Ave FC,Edimar,27,Left-Back,CFR Cluj,"End of loanJun 30, 2013",out,Summer,0,Liga Nos,2013,2013/2014
Rio Ave FC,Diego Lopes,19,Attacking Midfield,Benfica B,"End of loanJun 30, 2013",out,Summer,0,Liga Nos,2013,2013/2014
Rio Ave FC,Ukra,25,Right Winger,FC Porto,"End of loanJun 30, 2013",out,Summer,0,Liga Nos,2013,2013/2014
Rio Ave FC,Bebé,22,Left Winger,Man Utd,"End of loanJun 30, 2013",out,Summer,0,Liga Nos,2013,2013/2014
Académica Coimbra,Nuno Piloto,31,Central Midfield,Olhanense,free transfer,in,Summer,NA,Liga Nos,2013,2013/2014
Académica Coimbra,Ivanildo,27,Right Winger,Olhanense,free transfer,in,Summer,NA,Liga Nos,2013,2013/2014
Académica Coimbra,Liban Abdi,24,Left Midfield,Olhanense,free transfer,in,Summer,NA,Liga Nos,2013,2013/2014
Académica Coimbra,Bédi Buval,27,Centre-Forward,Vejle-Kolding,free transfer,in,Summer,NA,Liga Nos,2013,2013/2014
Académica Coimbra,Rafael Oliveira,26,Centre-Forward,Santa Rita,Loan fee:£32Th.,in,Summer,0.032,Liga Nos,2013,2013/2014
Académica Coimbra,Richard Ofori,20,Left-Back,Tudu Mighty Jet,?,in,Summer,NA,Liga Nos,2013,2013/2014
Académica Coimbra,Fernando Alexandre,27,Defensive Midfield,Olhanense,?,in,Summer,NA,Liga Nos,2013,2013/2014
Académica Coimbra,Richard Ofori,21,Left-Back,Beira-Mar,?,in,Summer,NA,Liga Nos,2013,2013/2014
Académica Coimbra,Aníbal Capela,22,Centre-Back,SC Braga,loan transfer,in,Summer,NA,Liga Nos,2013,2013/2014
Académica Coimbra,Diogo Valente,28,Left Winger,CFR Cluj,loan transfer,in,Summer,NA,Liga Nos,2013,2013/2014
Académica Coimbra,Manoel,24,Centre-Forward,Anápolis-GO,loan transfer,in,Summer,NA,Liga Nos,2013,2013/2014
Académica Coimbra,Marcelo Goiano,25,Right-Back,Anápolis-GO,loan transfer,in,Summer,NA,Liga Nos,2013,2013/2014
Académica Coimbra,Bassalia Ouattara,21,Right-Back,UD Tocha,"End of loanJun 30, 2013",in,Summer,0,Liga Nos,2013,2013/2014
Académica Coimbra,Paulo Grilo,21,Defensive Midfield,SC Covilhã,"End of loanJul 1, 2013",in,Summer,0,Liga Nos,2013,2013/2014
Académica Coimbra,Magique,20,Left Winger,Trofense,"End of loanJun 30, 2013",in,Summer,0,Liga Nos,2013,2013/2014
Académica Coimbra,Issouf,20,Centre-Back,FC Pampilhosa,"End of loanJun 1, 2013",in,Summer,0,Liga Nos,2013,2013/2014
Académica Coimbra,Salim Cissé,20,Centre-Forward,Sporting B,£675Th.,out,Summer,0.675,Liga Nos,2013,2013/2014
Académica Coimbra,Flávio Ferreira,21,Centre-Back,Málaga CF,£450Th.,out,Summer,0.45,Liga Nos,2013,2013/2014
Académica Coimbra,Hélder Cabral,29,Left-Back,APOEL Nicosia,free transfer,out,Summer,NA,Liga Nos,2013,2013/2014
Académica Coimbra,Alphousseyni Keita,27,Defensive Midfield,Gil Vicente,free transfer,out,Summer,NA,Liga Nos,2013,2013/2014
Académica Coimbra,Fábio Luis,29,Centre-Forward,São Carlos,free transfer,out,Summer,NA,Liga Nos,2013,2013/2014
Académica Coimbra,Nivaldo,24,Left-Back,Teplice,free transfer,out,Summer,NA,Liga Nos,2013,2013/2014
Académica Coimbra,Christo Amessan,22,Left Winger,Ethnikos,loan transfer,out,Summer,NA,Liga Nos,2013,2013/2014
Académica Coimbra,Richard Ofori,20,Left-Back,Beira-Mar,loan transfer,out,Summer,NA,Liga Nos,2013,2013/2014
Académica Coimbra,Bassalia Ouattara,21,Right-Back,Académico Viseu,?,out,Summer,NA,Liga Nos,2013,2013/2014
Académica Coimbra,Issouf,20,Centre-Back,Académico Viseu,loan transfer,out,Summer,NA,Liga Nos,2013,2013/2014
Académica Coimbra,Serge N'Gal,27,Right Winger,Without Club,-,out,Summer,0,Liga Nos,2013,2013/2014
Académica Coimbra,Carlos Saleiro,27,Centre-Forward,Without Club,-,out,Summer,0,Liga Nos,2013,2013/2014
Académica Coimbra,Cleyton,24,Attacking Midfield,Santa Rita,"End of loanJun 30, 2014",out,Summer,0,Liga Nos,2013,2013/2014
Académica Coimbra,Edinho,30,Centre-Forward,Málaga CF,"End of loanJun 30, 2013",out,Summer,0,Liga Nos,2013,2013/2014
Académica Coimbra,Wilson Eduardo,22,Left Winger,Sporting CP,"End of loanJun 30, 2013",out,Summer,0,Liga Nos,2013,2013/2014
Académica Coimbra,Rodrigo Galo,26,Right-Back,SC Braga,"End of loanJun 30, 2013",out,Summer,0,Liga Nos,2013,2013/2014
Académica Coimbra,Afonso,21,Centre-Forward,Corinthians,"End of loanJun 30, 2013",out,Summer,0,Liga Nos,2013,2013/2014
FC Paços de Ferreira,Hélder Lopes,24,Left-Back,Beira-Mar,£113Th.,in,Summer,0.113,Liga Nos,2013,2013/2014
FC Paços de Ferreira,Romeu,27,Defensive Midfield,Desportivo Aves,free transfer,in,Summer,NA,Liga Nos,2013,2013/2014
FC Paços de Ferreira,Rui Miguel,29,Attacking Midfield,AEL Limassol,free transfer,in,Summer,NA,Liga Nos,2013,2013/2014
FC Paços de Ferreira,Matías Degra,30,Goalkeeper,AEL Limassol,free transfer,in,Summer,NA,Liga Nos,2013,2013/2014
FC Paços de Ferreira,Gino Guerrero,20,Right Winger,Alianza Lima,free transfer,in,Summer,NA,Liga Nos,2013,2013/2014
FC Paços de Ferreira,Grégory Arnolin,32,Centre-Back,Sporting Gijón,free transfer,in,Summer,NA,Liga Nos,2013,2013/2014
FC Paços de Ferreira,Jean Michaël Seri,22,Central Midfield,ASEC Mimosas,free transfer,in,Summer,NA,Liga Nos,2013,2013/2014
FC Paços de Ferreira,Duarte Duarte,26,Attacking Midfield,Benfica B,free transfer,in,Summer,NA,Liga Nos,2013,2013/2014
FC Paços de Ferreira,Jaílson,22,Right-Back,Anápolis-GO,loan transfer,in,Summer,NA,Liga Nos,2013,2013/2014
FC Paços de Ferreira,Fernando Neto,20,Left Midfield,Fluminense U20,loan transfer,in,Summer,NA,Liga Nos,2013,2013/2014
FC Paços de Ferreira,Roberto Dias,24,Centre-Back,Campinense-PB,?,in,Summer,NA,Liga Nos,2013,2013/2014
FC Paços de Ferreira,Carlao,27,Centre-Forward,SC Braga,?,in,Summer,NA,Liga Nos,2013,2013/2014
FC Paços de Ferreira,Rúben Ribeiro,25,Central Midfield,Beira-Mar,?,in,Summer,NA,Liga Nos,2013,2013/2014
FC Paços de Ferreira,Johane Nizeyimana,20,Centre-Forward,Chibuto,?,in,Summer,NA,Liga Nos,2013,2013/2014
FC Paços de Ferreira,Rodrigo Antônio,25,Defensive Midfield,Marítimo,?,in,Summer,NA,Liga Nos,2013,2013/2014
FC Paços de Ferreira,Sérgio Oliveira,21,Central Midfield,FC Porto B,loan transfer,in,Summer,NA,Liga Nos,2013,2013/2014
FC Paços de Ferreira,Bebé,23,Left Winger,Man Utd,loan transfer,in,Summer,NA,Liga Nos,2013,2013/2014
FC Paços de Ferreira,Barnes Osei,18,Left Winger,Paços F. U19,-,in,Summer,0,Liga Nos,2013,2013/2014
FC Paços de Ferreira,Rui Filipe,19,Centre-Back,Paços F. U19,-,in,Summer,0,Liga Nos,2013,2013/2014
FC Paços de Ferreira,Arturo Álvarez,28,Left Winger,Videoton FC,"End of loanJun 30, 2013",in,Summer,0,Liga Nos,2013,2013/2014
FC Paços de Ferreira,Vitorino Antunes,26,Left-Back,Málaga CF,"End of loanJun 30, 2013",in,Summer,0,Liga Nos,2013,2013/2014
FC Paços de Ferreira,Bacar Baldé,21,Left-Back,Tondela,"End of loanJun 30, 2013",in,Summer,0,Liga Nos,2013,2013/2014
FC Paços de Ferreira,Uillian Correia,23,Defensive Midfield,Feirense,"End of loanJun 30, 2013",in,Summer,0,Liga Nos,2013,2013/2014
FC Paços de Ferreira,Luís Barros,19,Goalkeeper,AC Vila Meã,"End of loanJun 30, 2013",in,Summer,0,Liga Nos,2013,2013/2014
FC Paços de Ferreira,Jonas,20,Centre-Forward,Amarante,"End of loanJun 1, 2013",in,Summer,0,Liga Nos,2013,2013/2014
FC Paços de Ferreira,Rafinha,21,Attacking Midfield,Tirsense,"End of loanJun 1, 2013",in,Summer,0,Liga Nos,2013,2013/2014
FC Paços de Ferreira,Eridson,22,Centre-Back,Belenenses,"End of loanJun 1, 2013",in,Summer,0,Liga Nos,2013,2013/2014
FC Paços de Ferreira,Carlão,21,Defensive Midfield,Rebordosa AC,"End of loanJun 30, 2013",in,Summer,0,Liga Nos,2013,2013/2014
FC Paços de Ferreira,Vitorino Antunes,26,Left-Back,Málaga CF,£1.13m,out,Summer,1.13,Liga Nos,2013,2013/2014
FC Paços de Ferreira,Diogo Figueiras,22,Right-Back,Sevilla FC,£900Th.,out,Summer,0.9,Liga Nos,2013,2013/2014
FC Paços de Ferreira,Josué,22,Attacking Midfield,FC Porto,£450Th.,out,Summer,0.45,Liga Nos,2013,2013/2014
FC Paços de Ferreira,Vítor Silva,29,Attacking Midfield,Sporting CP,free transfer,out,Summer,NA,Liga Nos,2013,2013/2014
FC Paços de Ferreira,Cássio,32,Goalkeeper,SC Braga,free transfer,out,Summer,NA,Liga Nos,2013,2013/2014
FC Paços de Ferreira,Roberto Dias,25,Centre-Back,Astra Giurgiu,free transfer,out,Summer,NA,Liga Nos,2013,2013/2014
FC Paços de Ferreira,Bacar Baldé,21,Left-Back,Zawisza,free transfer,out,Summer,NA,Liga Nos,2013,2013/2014
FC Paços de Ferreira,Luíz Carlos,28,Central Midfield,SC Braga,free transfer,out,Summer,NA,Liga Nos,2013,2013/2014
FC Paços de Ferreira,Zé Valente,19,Attacking Midfield,Desportivo Aves,free transfer,out,Summer,NA,Liga Nos,2013,2013/2014
FC Paços de Ferreira,Carlão,21,Defensive Midfield,Tirsense,free transfer,out,Summer,NA,Liga Nos,2013,2013/2014
FC Paços de Ferreira,Gino Guerrero,20,Right Winger,Juan Aurich,free transfer,out,Summer,NA,Liga Nos,2013,2013/2014
FC Paços de Ferreira,Luís Barros,19,Goalkeeper,Tirsense,free transfer,out,Summer,NA,Liga Nos,2013,2013/2014
FC Paços de Ferreira,Luís Sousa,23,Left-Back,Desportivo Aves,loan transfer,out,Summer,NA,Liga Nos,2013,2013/2014
FC Paços de Ferreira,Eridson,23,Centre-Back,Atlético CP,loan transfer,out,Summer,NA,Liga Nos,2013,2013/2014
FC Paços de Ferreira,Jaime Poulson,24,Centre-Forward,Desportivo Aves,loan transfer,out,Summer,NA,Liga Nos,2013,2013/2014
FC Paços de Ferreira,Abdullah Al-Hafith,20,Centre-Back,Hilal,?,out,Summer,NA,Liga Nos,2013,2013/2014
FC Paços de Ferreira,Javier Cohene,26,Centre-Back,Vitória Setúbal,?,out,Summer,NA,Liga Nos,2013,2013/2014
FC Paços de Ferreira,Paulo Loureiro,20,Left-Back,Black Aces,?,out,Summer,NA,Liga Nos,2013,2013/2014
FC Paços de Ferreira,Jonas,20,Centre-Forward,Aliados Lordelo,?,out,Summer,NA,Liga Nos,2013,2013/2014
FC Paços de Ferreira,Arturo Álvarez,28,Left Winger,Videoton FC,?,out,Summer,NA,Liga Nos,2013,2013/2014
FC Paços de Ferreira,Rui Filipe,19,Centre-Back,Salgueiros,loan transfer,out,Summer,NA,Liga Nos,2013,2013/2014
FC Paços de Ferreira,Cícero,27,Centre-Forward,FC Astana,loan transfer,out,Summer,NA,Liga Nos,2013,2013/2014
FC Paços de Ferreira,Duarte Duarte,25,Attacking Midfield,Benfica B,"End of loanJun 30, 2013",out,Summer,0,Liga Nos,2013,2013/2014
SC Olhanense,Francis Koné,22,Centre-Forward,Navy FC,free transfer,in,Summer,NA,Liga Nos,2013,2013/2014
SC Olhanense,Celestino,26,Defensive Midfield,CFR Cluj,free transfer,in,Summer,NA,Liga Nos,2013,2013/2014
SC Olhanense,João Ribeiro,25,Left Winger,Vit. Guimarães,free transfer,in,Summer,NA,Liga Nos,2013,2013/2014
SC Olhanense,Femi Balogun,20,Left Winger,Atl. Baleares,free transfer,in,Summer,NA,Liga Nos,2013,2013/2014
SC Olhanense,Ricardo Ferreira,20,Centre-Back,Milan U19,free transfer,in,Summer,NA,Liga Nos,2013,2013/2014
SC Olhanense,Vítor Bastos,23,Centre-Back,Guimarães B,free transfer,in,Summer,NA,Liga Nos,2013,2013/2014
SC Olhanense,Pelé,21,Defensive Midfield,AC Milan,loan transfer,in,Summer,NA,Liga Nos,2013,2013/2014
SC Olhanense,Oumar Diakhite,19,Centre-Back,Orlando City SC,?,in,Summer,NA,Liga Nos,2013,2013/2014
SC Olhanense,Mor Pouye,18,Defensive Midfield,Gloria Bistrita,?,in,Summer,NA,Liga Nos,2013,2013/2014
SC Olhanense,Jakub Vojtus,19,Centre-Forward,Chievo Verona,?,in,Summer,NA,Liga Nos,2013,2013/2014
SC Olhanense,Diego Gonçalves,19,Right Winger,Fluminense U17,?,in,Summer,NA,Liga Nos,2013,2013/2014
SC Olhanense,Agon Mehmeti,23,Centre-Forward,US Palermo,loan transfer,in,Summer,NA,Liga Nos,2013,2013/2014
SC Olhanense,Sebastian Mladen,21,Centre-Back,AS Roma,loan transfer,in,Summer,NA,Liga Nos,2013,2013/2014
SC Olhanense,Mirko Bigazzi,24,Right Winger,AS Livorno,loan transfer,in,Summer,NA,Liga Nos,2013,2013/2014
SC Olhanense,Mario Sampirisi,21,Right-Back,Genoa,loan transfer,in,Summer,NA,Liga Nos,2013,2013/2014
SC Olhanense,Vid Belec,23,Goalkeeper,Inter,loan transfer,in,Summer,NA,Liga Nos,2013,2013/2014
SC Olhanense,Federico Dionisi,26,Centre-Forward,AS Livorno,loan transfer,in,Summer,NA,Liga Nos,2013,2013/2014
SC Olhanense,Daniel Bessa,20,Central Midfield,Inter,loan transfer,in,Summer,NA,Liga Nos,2013,2013/2014
SC Olhanense,Tibor Cica,19,Central Midfield,Cesena,loan transfer,in,Summer,NA,Liga Nos,2013,2013/2014
SC Olhanense,Per Kröldrup,34,Centre-Back,Without Club,-,in,Summer,0,Liga Nos,2013,2013/2014
SC Olhanense,Jean-Christophe Coubronne,23,Right-Back,Without Club,-,in,Summer,0,Liga Nos,2013,2013/2014
SC Olhanense,Paulo Regula,23,Attacking Midfield,Naval,"End of loanJun 30, 2013",in,Summer,0,Liga Nos,2013,2013/2014
SC Olhanense,Nuno Piloto,31,Central Midfield,Coimbra,free transfer,out,Summer,NA,Liga Nos,2013,2013/2014
SC Olhanense,Vasco Fernandes,26,Centre-Back,Platanias,free transfer,out,Summer,NA,Liga Nos,2013,2013/2014
SC Olhanense,André Micael,24,Centre-Back,Zawisza,free transfer,out,Summer,NA,Liga Nos,2013,2013/2014
SC Olhanense,Liban Abdi,24,Left Midfield,Coimbra,free transfer,out,Summer,NA,Liga Nos,2013,2013/2014
SC Olhanense,Ivanildo,27,Right Winger,Coimbra,free transfer,out,Summer,NA,Liga Nos,2013,2013/2014
SC Olhanense,Tiago Terroso,25,Defensive Midfield,Vitória Setúbal,?,out,Summer,NA,Liga Nos,2013,2013/2014
SC Olhanense,Francesco D'Onofrio,22,Right-Back,Unknown,?,out,Summer,NA,Liga Nos,2013,2013/2014
SC Olhanense,Maurício,36,Centre-Back,Unknown,?,out,Summer,NA,Liga Nos,2013,2013/2014
SC Olhanense,Fernando Alexandre,27,Defensive Midfield,Coimbra,?,out,Summer,NA,Liga Nos,2013,2013/2014
SC Olhanense,Tiago Targino,27,Right Winger,AEL Limassol,?,out,Summer,NA,Liga Nos,2013,2013/2014
SC Olhanense,Pepe,25,attack,Unknown,?,out,Summer,NA,Liga Nos,2013,2013/2014
SC Olhanense,Babanco,27,Central Midfield,Estoril Praia,?,out,Summer,NA,Liga Nos,2013,2013/2014
SC Olhanense,Jean-Paul Yontcha,30,Centre-Forward,Without Club,-,out,Summer,0,Liga Nos,2013,2013/2014
SC Olhanense,Luís Filipe,35,Right-Back,Retired,-,out,Summer,0,Liga Nos,2013,2013/2014
SC Olhanense,Djalmir,37,Centre-Forward,Career break,-,out,Summer,0,Liga Nos,2013,2013/2014
SC Olhanense,Thalles,22,Centre-Forward,Without Club,-,out,Summer,0,Liga Nos,2013,2013/2014
SC Olhanense,David Silva,26,Left Midfield,Without Club,-,out,Summer,0,Liga Nos,2013,2013/2014
SC Olhanense,Bruno Veríssimo,37,Goalkeeper,Retired,-,out,Summer,0,Liga Nos,2013,2013/2014
SC Olhanense,Alex Zahavi,22,Right Winger,Maccabi Haifa,"End of loanJun 30, 2013",out,Summer,0,Liga Nos,2013,2013/2014
SC Olhanense,Evandro Brandão,22,Second Striker,Videoton FC,"End of loanJun 30, 2013",out,Summer,0,Liga Nos,2013,2013/2014
SC Olhanense,Djaniny,22,Centre-Forward,Benfica,"End of loanJun 30, 2013",out,Summer,0,Liga Nos,2013,2013/2014
SC Olhanense,Rafael Bracali,32,Goalkeeper,FC Porto,"End of loanJun 30, 2013",out,Summer,0,Liga Nos,2013,2013/2014
SC Olhanense,Nuno Reis,22,Centre-Back,Sporting B,"End of loanJun 30, 2013",out,Summer,0,Liga Nos,2013,2013/2014
FC Arouca,Iván Balliu,21,Right-Back,Barcelona B,free transfer,in,Summer,NA,Liga Nos,2013,2013/2014
FC Arouca,Paulo Sérgio,29,Attacking Midfield,AEL Limassol,free transfer,in,Summer,NA,Liga Nos,2013,2013/2014
FC Arouca,David Simão,23,Central Midfield,Benfica,free transfer,in,Summer,NA,Liga Nos,2013,2013/2014
FC Arouca,Nuno Coelho,25,Defensive Midfield,Benfica,free transfer,in,Summer,NA,Liga Nos,2013,2013/2014
FC Arouca,Cássio,32,Goalkeeper,SC Braga,free transfer,in,Summer,NA,Liga Nos,2013,2013/2014
FC Arouca,Rui Sacramento,28,Goalkeeper,Leixões,free transfer,in,Summer,NA,Liga Nos,2013,2013/2014
FC Arouca,Cristian Ceballos,20,Left Winger,Spurs,loan transfer,in,Summer,NA,Liga Nos,2013,2013/2014
FC Arouca,Luis Tinoco,26,Left-Back,Naval,?,in,Summer,NA,Liga Nos,2013,2013/2014
FC Arouca,Serginho,22,Left Winger,Beira-Mar,?,in,Summer,NA,Liga Nos,2013,2013/2014
FC Arouca,Bruno Amaro,30,Central Midfield,Vitória Setúbal,?,in,Summer,NA,Liga Nos,2013,2013/2014
FC Arouca,Pintassilgo,28,Right Midfield,Moreirense,?,in,Summer,NA,Liga Nos,2013,2013/2014
FC Arouca,Diego Galo,29,Centre-Back,Oliveirense,?,in,Summer,NA,Liga Nos,2013,2013/2014
FC Arouca,Nuno Henrique,26,Centre-Back,Blackburn,loan transfer,in,Summer,NA,Liga Nos,2013,2013/2014
FC Arouca,Romário,21,Centre-Forward,Vasco da Gama,loan transfer,in,Summer,NA,Liga Nos,2013,2013/2014
FC Arouca,Igor Stefanovic,25,Goalkeeper,FC Porto B,loan transfer,in,Summer,NA,Liga Nos,2013,2013/2014
FC Arouca,Clemente,29,Centre-Forward,Chaves,free transfer,out,Summer,NA,Liga Nos,2013,2013/2014
FC Arouca,Bijou,27,Defensive Midfield,Atlético CP,?,out,Summer,NA,Liga Nos,2013,2013/2014
FC Arouca,Rui Gomes,26,Attacking Midfield,Boavista,?,out,Summer,NA,Liga Nos,2013,2013/2014
FC Arouca,Gabi,32,Attacking Midfield,Penafiel,?,out,Summer,NA,Liga Nos,2013,2013/2014
FC Arouca,Dani Coelho,23,Right-Back,Penafiel,?,out,Summer,NA,Liga Nos,2013,2013/2014
FC Arouca,Kheireddine Zarabi,28,Centre-Back,União Madeira,?,out,Summer,NA,Liga Nos,2013,2013/2014
FC Arouca,Laurindo,31,Central Midfield,Oliveirense,?,out,Summer,NA,Liga Nos,2013,2013/2014
FC Arouca,Serginho,30,Goalkeeper,Santa Clara,?,out,Summer,NA,Liga Nos,2013,2013/2014
FC Arouca,Luís Pinto,31,Attacking Midfield,Chaves,?,out,Summer,NA,Liga Nos,2013,2013/2014
FC Arouca,Miguel Ângelo,28,Centre-Back,Chaves,?,out,Summer,NA,Liga Nos,2013,2013/2014
FC Arouca,Idris Mandiang,28,Defensive Midfield,Moreirense,?,out,Summer,NA,Liga Nos,2013,2013/2014
FC Arouca,Ricardo Silva,33,Goalkeeper,Moreirense,?,out,Summer,NA,Liga Nos,2013,2013/2014
FC Arouca,João Vicente,28,Left-Back,Tondela,?,out,Summer,NA,Liga Nos,2013,2013/2014
FC Arouca,Joeano,33,Centre-Forward,Without Club,-,out,Summer,0,Liga Nos,2013,2013/2014
SL Benfica,Airton,23,Defensive Midfield,Internacional,"End of loanDec 31, 2013",in,Winter,0,Liga Nos,2013,2013/2014
SL Benfica,Nemanja Matic,25,Defensive Midfield,Chelsea,£22.50m,out,Winter,22.5,Liga Nos,2013,2013/2014
SL Benfica,Ola John,21,Left Winger,Hamburger SV,loan transfer,out,Winter,NA,Liga Nos,2013,2013/2014
SL Benfica,Stefan Mitrovic,23,Centre-Back,Real Valladolid,loan transfer,out,Winter,NA,Liga Nos,2013,2013/2014
SL Benfica,Yannick Djaló,27,Left Winger,San Jose,loan transfer,out,Winter,NA,Liga Nos,2013,2013/2014
SL Benfica,Airton,23,Defensive Midfield,Botafogo,loan transfer,out,Winter,NA,Liga Nos,2013,2013/2014
SL Benfica,Carlos Martins,31,Attacking Midfield,Benfica B,-,out,Winter,0,Liga Nos,2013,2013/2014
SL Benfica,Bruno Cortez,26,Left-Back,São Paulo,"End of loanDec 31, 2013",out,Winter,0,Liga Nos,2013,2013/2014
Sporting CP,Héldon,25,Left Winger,Marítimo,£900Th.,in,Winter,0.9,Liga Nos,2013,2013/2014
Sporting CP,Shikabala,27,Attacking Midfield,Zamalek,£171Th.,in,Winter,0.171,Liga Nos,2013,2013/2014
Sporting CP,Carlos Mané,19,Right Winger,Sporting B,-,in,Winter,0,Liga Nos,2013,2013/2014
Sporting CP,Elias,28,Central Midfield,Flamengo,"End of loanDec 31, 2013",in,Winter,0,Liga Nos,2013,2013/2014
Sporting CP,Fabián Rinaudo,26,Defensive Midfield,Catania,Loan fee:£450Th.,out,Winter,0.45,Liga Nos,2013,2013/2014
Sporting CP,Jeffren,26,Right Winger,Real Valladolid,free transfer,out,Winter,NA,Liga Nos,2013,2013/2014
Sporting CP,Zakaria Labyad,20,Attacking Midfield,Vitesse,loan transfer,out,Winter,NA,Liga Nos,2013,2013/2014
FC Porto,Ricardo Quaresma,30,Right Winger,Al-Ahli (UAE),free transfer,in,Winter,NA,Liga Nos,2013,2013/2014
FC Porto,Walter,24,Centre-Forward,Goiás EC,"End of loanDec 31, 2013",in,Winter,0,Liga Nos,2013,2013/2014
FC Porto,Abdoulaye Ba,23,Centre-Back,Vit. Guimarães,"End of loanJan 31, 2014",in,Winter,0,Liga Nos,2013,2013/2014
FC Porto,Lucho González,33,Central Midfield,Al-Rayyan SC,£2.97m,out,Winter,2.97,Liga Nos,2013,2013/2014
FC Porto,Walter,24,Centre-Forward,Fluminense,Loan fee:£1.91m,out,Winter,1.91,Liga Nos,2013,2013/2014
FC Porto,Sinan Bolat,25,Goalkeeper,Kayserispor,loan transfer,out,Winter,NA,Liga Nos,2013,2013/2014
FC Porto,Nicolás Otamendi,25,Centre-Back,Atlético-MG,loan transfer,out,Winter,NA,Liga Nos,2013,2013/2014
FC Porto,Marat Izmailov,31,Central Midfield,FK Qabala,loan transfer,out,Winter,NA,Liga Nos,2013,2013/2014
CD Nacional,Saleh Gomaa,20,Attacking Midfield,Enppi SC,Loan fee:£90Th.,in,Winter,0.09,Liga Nos,2013,2013/2014
CD Nacional,Kayke Rodrigues,25,Centre-Forward,Paraná,free transfer,in,Winter,NA,Liga Nos,2013,2013/2014
CD Nacional,Reginaldo,23,Centre-Forward,Muçulmana,?,in,Winter,NA,Liga Nos,2013,2013/2014
CD Nacional,Freire,24,Centre-Back,Vit. Guimarães,?,in,Winter,NA,Liga Nos,2013,2013/2014
CD Nacional,Bruno Moreira,26,Centre-Forward,CSKA Sofia,"End of loanDec 31, 2013",in,Winter,0,Liga Nos,2013,2013/2014
CD Nacional,Kéven Sousa,24,Goalkeeper,AD Oeiras,"End of loanDec 31, 2013",in,Winter,0,Liga Nos,2013,2013/2014
CD Nacional,Revson,26,Defensive Midfield,Avaí FC,free transfer,out,Winter,NA,Liga Nos,2013,2013/2014
CD Nacional,Edgar Abreu,19,Central Midfield,Mirandela,loan transfer,out,Winter,NA,Liga Nos,2013,2013/2014
CD Nacional,Kéven Sousa,24,Goalkeeper,Alcanenense,loan transfer,out,Winter,NA,Liga Nos,2013,2013/2014
CD Nacional,Mateus,29,Left Winger,1º de Agosto,?,out,Winter,NA,Liga Nos,2013,2013/2014
CD Nacional,Bruno Moreira,26,Centre-Forward,Chaves,?,out,Winter,NA,Liga Nos,2013,2013/2014
CD Nacional,João Barreto,22,Central Midfield,Sertanense,?,out,Winter,NA,Liga Nos,2013,2013/2014
CD Nacional,Freire,24,Centre-Back,Ordabasy,loan transfer,out,Winter,NA,Liga Nos,2013,2013/2014
CD Nacional,Bruno Moura,21,Right-Back,Angra-RJ,"End of loanJan 30, 2014",out,Winter,0,Liga Nos,2013,2013/2014
SC Braga,Raul Rusescu,25,Centre-Forward,Sevilla FC,Loan fee:£203Th.,in,Winter,0.203,Liga Nos,2013,2013/2014
SC Braga,Rodrigo Battaglia,22,Central Midfield,Racing Club,£72Th.,in,Winter,0.072,Liga Nos,2013,2013/2014
SC Braga,André Pinto,24,Centre-Back,Panathinaikos,free transfer,in,Winter,NA,Liga Nos,2013,2013/2014
SC Braga,Kadu,27,Centre-Back,EC Vitória,free transfer,in,Winter,NA,Liga Nos,2013,2013/2014
SC Braga,Érick Moreno,22,Centre-Forward,Millonarios,free transfer,in,Winter,NA,Liga Nos,2013,2013/2014
SC Braga,Luís Alberto,30,Defensive Midfield,EC Vitória,"End of loanDec 31, 2013",in,Winter,0,Liga Nos,2013,2013/2014
SC Braga,Pedro Santos,25,Right Winger,Astra Giurgiu,"End of loanJan 1, 2014",in,Winter,0,Liga Nos,2013,2013/2014
SC Braga,Elderson,25,Left-Back,Monaco,£1.35m,out,Winter,1.35,Liga Nos,2013,2013/2014
SC Braga,Edinho,31,Centre-Forward,K. Erciyesspor,free transfer,out,Winter,NA,Liga Nos,2013,2013/2014
SC Braga,Luís Alberto,30,Defensive Midfield,Kashima Antlers,free transfer,out,Winter,NA,Liga Nos,2013,2013/2014
SC Braga,Pedro Santos,25,Right Winger,Rio Ave FC,loan transfer,out,Winter,NA,Liga Nos,2013,2013/2014
SC Braga,Hugo Vieira,25,Centre-Forward,Gil Vicente,loan transfer,out,Winter,NA,Liga Nos,2013,2013/2014
SC Braga,Hebert,22,Centre-Back,Piast Gliwice,loan transfer,out,Winter,NA,Liga Nos,2013,2013/2014
SC Braga,Luís Silva,21,Central Midfield,Gil Vicente,loan transfer,out,Winter,NA,Liga Nos,2013,2013/2014
SC Braga,Djamal,30,Defensive Midfield,Without Club,-,out,Winter,0,Liga Nos,2013,2013/2014
SC Braga,Salvador Agra,22,Left Winger,Real Betis,"End of loanDec 31, 2013",out,Winter,0,Liga Nos,2013,2013/2014
Vitória Setúbal FC,Wilder Cartagena,19,Defensive Midfield,Alianza Lima,£45Th.,in,Winter,0.045,Liga Nos,2013,2013/2014
Vitória Setúbal FC,Zequinha,26,Second Striker,Panthrakikos,free transfer,in,Winter,NA,Liga Nos,2013,2013/2014
Vitória Setúbal FC,Ozéia,32,Centre-Back,Criciúma EC,free transfer,in,Winter,NA,Liga Nos,2013,2013/2014
Vitória Setúbal FC,João Mário,20,Central Midfield,Sporting B,loan transfer,in,Winter,NA,Liga Nos,2013,2013/2014
Vitória Setúbal FC,Betinho,20,Centre-Forward,Sporting B,loan transfer,in,Winter,NA,Liga Nos,2013,2013/2014
Vitória Setúbal FC,Marlon,18,Defensive Midfield,Setúbal U19,-,in,Winter,0,Liga Nos,2013,2013/2014
Vitória Setúbal FC,Peixinho,20,Defensive Midfield,Farense,"End of loanDec 31, 2013",in,Winter,0,Liga Nos,2013,2013/2014
Vitória Setúbal FC,Rúben Vezo,19,Centre-Back,Valencia,£1.85m,out,Winter,1.85,Liga Nos,2013,2013/2014
Vitória Setúbal FC,Min-woo Kang,26,Left-Back,Unknown,?,out,Winter,NA,Liga Nos,2013,2013/2014
Vitória Setúbal FC,Bruninho,24,Right Winger,Passo Fundo,?,out,Winter,NA,Liga Nos,2013,2013/2014
Vitória Setúbal FC,Adilson Júnior,25,Goalkeeper,Americano,?,out,Winter,NA,Liga Nos,2013,2013/2014
Vitória Setúbal FC,Peixinho,20,Defensive Midfield,Mafra,loan transfer,out,Winter,NA,Liga Nos,2013,2013/2014
CS Marítimo,Romain Salin,29,Goalkeeper,Rio Ave FC,free transfer,in,Winter,NA,Liga Nos,2013,2013/2014
CS Marítimo,Fransérgio,23,Central Midfield,Internacional,?,in,Winter,NA,Liga Nos,2013,2013/2014
CS Marítimo,Héldon,25,Left Winger,Sporting CP,£900Th.,out,Winter,0.9,Liga Nos,2013,2013/2014
CS Marítimo,Kaby,22,Central Midfield,Gaz Metan,free transfer,out,Winter,NA,Liga Nos,2013,2013/2014
CS Marítimo,Márcio Rosário,30,Centre-Back,Without Club,-,out,Winter,0,Liga Nos,2013,2013/2014
CS Marítimo,Rodrigo Lindoso,24,Defensive Midfield,Madureira-RJ,"End of loanFeb 11, 2014",out,Winter,0,Liga Nos,2013,2013/2014
GD Estoril Praia,Emídio Rafael,27,Left-Back,Platanias,£117Th.,in,Winter,0.117,Liga Nos,2013,2013/2014
GD Estoril Praia,Luiz Phellype,20,Centre-Forward,Beira-Mar,"End of loanJan 31, 2014",in,Winter,0,Liga Nos,2013,2013/2014
GD Estoril Praia,Luís Leal,26,Centre-Forward,Ahli,£630Th.,out,Winter,0.63,Liga Nos,2013,2013/2014
GD Estoril Praia,Leandro Borges,21,Left Winger,Atlético CP,loan transfer,out,Winter,NA,Liga Nos,2013,2013/2014
GD Estoril Praia,Pedro Henrique,22,Centre-Forward,Galícia-BA,?,out,Winter,NA,Liga Nos,2013,2013/2014
GD Estoril Praia,Gladestony,20,Defensive Midfield,Desp. Brasil,"End of loanDec 1, 2013",out,Winter,0,Liga Nos,2013,2013/2014
Vitória Guimarães SC,Freire,24,Centre-Back,Nacional,?,out,Winter,NA,Liga Nos,2013,2013/2014
Vitória Guimarães SC,Jean Pablo,25,Centre-Back,Votuporanguense,?,out,Winter,NA,Liga Nos,2013,2013/2014
Vitória Guimarães SC,Abdoulaye Ba,23,Centre-Back,FC Porto,"End of loanJan 31, 2014",out,Winter,0,Liga Nos,2013,2013/2014
Gil Vicente FC,Caetano,22,Attacking Midfield,Paços Ferreira,free transfer,in,Winter,NA,Liga Nos,2013,2013/2014
Gil Vicente FC,John Jairo Mosquera,26,Centre-Forward,Energie Cottbus,free transfer,in,Winter,NA,Liga Nos,2013,2013/2014
Gil Vicente FC,Hugo Vieira,25,Centre-Forward,SC Braga,loan transfer,in,Winter,NA,Liga Nos,2013,2013/2014
Gil Vicente FC,Kódjo Alphonse,20,Defensive Midfield,Oliveirense,?,in,Winter,NA,Liga Nos,2013,2013/2014
Gil Vicente FC,Luís Silva,21,Central Midfield,SC Braga,loan transfer,in,Winter,NA,Liga Nos,2013,2013/2014
Gil Vicente FC,Valdinho,24,Left Winger,Oliveirense,"End of loanJan 16, 2014",in,Winter,0,Liga Nos,2013,2013/2014
Gil Vicente FC,Éder Sciola,28,Right-Back,Cuiabá-MT,free transfer,out,Winter,NA,Liga Nos,2013,2013/2014
Gil Vicente FC,Valdinho,24,Left Winger,Feirense,?,out,Winter,NA,Liga Nos,2013,2013/2014
Gil Vicente FC,Nélson Agra,23,Centre-Back,Leixões,loan transfer,out,Winter,NA,Liga Nos,2013,2013/2014
Rio Ave FC,Hugo Ventura,26,Goalkeeper,FC Porto B,free transfer,in,Winter,NA,Liga Nos,2013,2013/2014
Rio Ave FC,Rúben Ribeiro,26,Central Midfield,Paços Ferreira,loan transfer,in,Winter,NA,Liga Nos,2013,2013/2014
Rio Ave FC,Pedro Santos,25,Right Winger,SC Braga,loan transfer,in,Winter,NA,Liga Nos,2013,2013/2014
Rio Ave FC,Diego Medeiros,20,Left Midfield,GD Ribeirão,?,in,Winter,NA,Liga Nos,2013,2013/2014
Rio Ave FC,Jefferson,20,Defensive Midfield,GD Ribeirão,?,in,Winter,NA,Liga Nos,2013,2013/2014
Rio Ave FC,Etien Velikonja,25,Centre-Forward,Cardiff,loan transfer,in,Winter,NA,Liga Nos,2013,2013/2014
Rio Ave FC,Stanislav Kritsyuk,23,Goalkeeper,Braga B,loan transfer,in,Winter,NA,Liga Nos,2013,2013/2014
Rio Ave FC,Joeano,34,Centre-Forward,Without Club,-,in,Winter,0,Liga Nos,2013,2013/2014
Rio Ave FC,Silvério,18,Centre-Back,Rio Ave FC U19,-,in,Winter,0,Liga Nos,2013,2013/2014
Rio Ave FC,Isma,22,Centre-Forward,APOEL Nicosia,"End of loanDec 31, 2013",in,Winter,0,Liga Nos,2013,2013/2014
Rio Ave FC,Romain Salin,29,Goalkeeper,Marítimo,free transfer,out,Winter,NA,Liga Nos,2013,2013/2014
Rio Ave FC,Yonathan Del Valle,23,Left Winger,Paços Ferreira,loan transfer,out,Winter,NA,Liga Nos,2013,2013/2014
Rio Ave FC,Isma,22,Centre-Forward,PAE Veria,loan transfer,out,Winter,NA,Liga Nos,2013,2013/2014
Rio Ave FC,André Dias,21,Left-Back,União Madeira,loan transfer,out,Winter,NA,Liga Nos,2013,2013/2014
Rio Ave FC,Diego Medeiros,20,Left Midfield,Santa Clara,loan transfer,out,Winter,NA,Liga Nos,2013,2013/2014
Rio Ave FC,Alhassan Wakaso,22,Defensive Midfield,Portimonense,loan transfer,out,Winter,NA,Liga Nos,2013,2013/2014
Rio Ave FC,Jeferson,28,Centre-Back,Benfica Luanda,?,out,Winter,NA,Liga Nos,2013,2013/2014
Rio Ave FC,Ângelo Meneses,20,Centre-Back,Oliveirense,?,out,Winter,NA,Liga Nos,2013,2013/2014
Rio Ave FC,Jefferson,20,Defensive Midfield,Santa Clara,loan transfer,out,Winter,NA,Liga Nos,2013,2013/2014
Rio Ave FC,Nivaldo,33,Centre-Back,Without Club,-,out,Winter,0,Liga Nos,2013,2013/2014
Académica Coimbra,Rafa Lopes,22,Centre-Forward,Penafiel,£135Th.,in,Winter,0.135,Liga Nos,2013,2013/2014
Académica Coimbra,Moussa Gueye,24,Centre-Forward,FC Metz,loan transfer,in,Winter,NA,Liga Nos,2013,2013/2014
Académica Coimbra,Salvador Agra,22,Left Winger,Real Betis,loan transfer,in,Winter,NA,Liga Nos,2013,2013/2014
Académica Coimbra,Elton Monteiro,19,Centre-Back,Club Brugge,loan transfer,in,Winter,NA,Liga Nos,2013,2013/2014
Académica Coimbra,Issouf,20,Centre-Back,Académico Viseu,"End of loanDec 31, 2013",in,Winter,0,Liga Nos,2013,2013/2014
Académica Coimbra,Liban Abdi,25,Left Midfield,C. Rizespor,£450Th.,out,Winter,0.45,Liga Nos,2013,2013/2014
Académica Coimbra,Bédi Buval,27,Centre-Forward,Paços Ferreira,free transfer,out,Winter,NA,Liga Nos,2013,2013/2014
Académica Coimbra,Bruno China,31,Central Midfield,Belenenses,free transfer,out,Winter,NA,Liga Nos,2013,2013/2014
Académica Coimbra,Reiner Ferreira,28,Centre-Back,Suwon Bluewings,?,out,Winter,NA,Liga Nos,2013,2013/2014
Académica Coimbra,Saná Camará,22,Central Midfield,Botafogo-BA,?,out,Winter,NA,Liga Nos,2013,2013/2014
Académica Coimbra,Issouf,20,Centre-Back,Naval,loan transfer,out,Winter,NA,Liga Nos,2013,2013/2014
Académica Coimbra,Rafael Oliveira,26,Centre-Forward,Santa Rita,"End of loanJan 1, 2014",out,Winter,0,Liga Nos,2013,2013/2014
FC Paços de Ferreira,Bédi Buval,27,Centre-Forward,Coimbra,free transfer,in,Winter,NA,Liga Nos,2013,2013/2014
FC Paços de Ferreira,Flávio Boaventura,26,Centre-Back,ABC FC,free transfer,in,Winter,NA,Liga Nos,2013,2013/2014
FC Paços de Ferreira,Yonathan Del Valle,23,Left Winger,Rio Ave FC,loan transfer,in,Winter,NA,Liga Nos,2013,2013/2014
FC Paços de Ferreira,Minhoca,25,Attacking Midfield,Santa Clara,?,in,Winter,NA,Liga Nos,2013,2013/2014
FC Paços de Ferreira,Rafael Leme Amorim,26,Centre-Back,Desportivo Aves,?,in,Winter,NA,Liga Nos,2013,2013/2014
FC Paços de Ferreira,Rui Filipe,19,Centre-Back,Salgueiros,"End of loanDec 31, 2013",in,Winter,0,Liga Nos,2013,2013/2014
FC Paços de Ferreira,Caetano,22,Attacking Midfield,Gil Vicente,free transfer,out,Winter,NA,Liga Nos,2013,2013/2014
FC Paços de Ferreira,Carlao,27,Centre-Forward,SJZ Yongchang,free transfer,out,Winter,NA,Liga Nos,2013,2013/2014
FC Paços de Ferreira,Rúben Ribeiro,26,Central Midfield,Rio Ave FC,loan transfer,out,Winter,NA,Liga Nos,2013,2013/2014
FC Paços de Ferreira,Christian Irobiso,20,Centre-Forward,FK Senica,?,out,Winter,NA,Liga Nos,2013,2013/2014
FC Paços de Ferreira,Uillian Correia,24,Defensive Midfield,Sampaio Corrêa,?,out,Winter,NA,Liga Nos,2013,2013/2014
FC Paços de Ferreira,Paolo Hurtado,23,Attacking Midfield,Peñarol,loan transfer,out,Winter,NA,Liga Nos,2013,2013/2014
FC Paços de Ferreira,Johane Nizeyimana,20,Centre-Forward,Tondela,loan transfer,out,Winter,NA,Liga Nos,2013,2013/2014
FC Paços de Ferreira,Duarte Duarte,26,Attacking Midfield,Oliveirense,loan transfer,out,Winter,NA,Liga Nos,2013,2013/2014
FC Paços de Ferreira,Rui Filipe,19,Centre-Back,GD Joane,loan transfer,out,Winter,NA,Liga Nos,2013,2013/2014
SC Olhanense,Tozé Marreco,26,Centre-Forward,Tondela,loan transfer,in,Winter,NA,Liga Nos,2013,2013/2014
SC Olhanense,Paulo Sérgio,30,Attacking Midfield,Arouca,?,in,Winter,NA,Liga Nos,2013,2013/2014
SC Olhanense,Mario Santana,32,Second Striker,Genoa,loan transfer,in,Winter,NA,Liga Nos,2013,2013/2014
SC Olhanense,Christian Obodo,29,Central Midfield,Without Club,-,in,Winter,0,Liga Nos,2013,2013/2014
SC Olhanense,Tin Karamatic,20,Centre-Back,Without Club,-,in,Winter,0,Liga Nos,2013,2013/2014
SC Olhanense,Anthony Seric,34,Left-Back,Without Club,-,in,Winter,0,Liga Nos,2013,2013/2014
SC Olhanense,Francis Koné,23,Centre-Forward,Al-Musannah SC,free transfer,out,Winter,NA,Liga Nos,2013,2013/2014
SC Olhanense,Naftal,19,midfield,Muçulmana,?,out,Winter,NA,Liga Nos,2013,2013/2014
SC Olhanense,Diego Gonçalves,19,Right Winger,Atlético CP,?,out,Winter,NA,Liga Nos,2013,2013/2014
SC Olhanense,Tin Karamatic,20,Centre-Back,FC U Craiova,?,out,Winter,NA,Liga Nos,2013,2013/2014
SC Olhanense,Mor Pouye,19,Defensive Midfield,Louletano,loan transfer,out,Winter,NA,Liga Nos,2013,2013/2014
SC Olhanense,Tibor Cica,20,Central Midfield,Cesena,"End of loanDec 31, 2013",out,Winter,0,Liga Nos,2013,2013/2014
SC Olhanense,Daniel Bessa,21,Central Midfield,Inter,"End of loanJan 29, 2014",out,Winter,0,Liga Nos,2013,2013/2014
FC Arouca,Rui Sampaio,26,Central Midfield,Cagliari Calcio,free transfer,in,Winter,NA,Liga Nos,2013,2013/2014
FC Arouca,Ustaritz,30,Centre-Back,Dinamo Tbilisi,free transfer,in,Winter,NA,Liga Nos,2013,2013/2014
FC Arouca,Salim Cissé,21,Centre-Forward,Sporting B,loan transfer,in,Winter,NA,Liga Nos,2013,2013/2014
FC Arouca,Lassad Nouioui,27,Centre-Forward,Without Club,-,in,Winter,0,Liga Nos,2013,2013/2014
FC Arouca,Stevan Kovacevic,26,Central Midfield,FK Indjija,free transfer,out,Winter,NA,Liga Nos,2013,2013/2014
FC Arouca,Paulo Sérgio,30,Attacking Midfield,Olhanense,?,out,Winter,NA,Liga Nos,2013,2013/2014
FC Arouca,Hemiliano Lopes,20,Right Winger,O Elvas,?,out,Winter,NA,Liga Nos,2013,2013/2014
FC Arouca,Nuno Henrique,27,Centre-Back,Blackburn,"End of loanDec 31, 2013",out,Winter,0,Liga Nos,2013,2013/2014
FC Arouca,Igor Stefanovic,25,Goalkeeper,FC Porto B,"End of loanJan 31, 2014",out,Winter,0,Liga Nos,2013,2013/2014
FC Arouca,Romário,21,Centre-Forward,Vasco da Gama,"End of loanDec 15, 2013",out,Winter,0,Liga Nos,2013,2013/2014
