club_name,player_name,age,position,club_involved_name,fee,transfer_movement,transfer_period,fee_cleaned,league_name,year,season
FC Girondins Bordeaux,Richard Witschge,23,Central Midfield,FC Barcelona,?,in,Summer,NA,Ligue 1,1993,1993/1994
FC Girondins Bordeaux,Youssouf Fofana,26,Left Winger,Monaco,?,in,Summer,NA,Ligue 1,1993,1993/1994
FC Girondins Bordeaux,Marcel Dib,32,Central Midfield,Monaco,?,in,Summer,NA,Ligue 1,1993,1993/1994
FC Girondins Bordeaux,Stéphane Paille,28,Centre-Forward,SM Caen,?,in,Summer,NA,Ligue 1,1993,1993/1994
FC Girondins Bordeaux,Philippe Vercruysse,31,Attacking Midfield,Nîmes Olympique,?,in,Summer,NA,Ligue 1,1993,1993/1994
FC Girondins Bordeaux,François Grenet,18,Right-Back,Bordeaux U19,-,in,Summer,0,Ligue 1,1993,1993/1994
FC Girondins Bordeaux,Yannick Fischer,18,Centre-Back,G. Bordeaux B,-,in,Summer,0,Ligue 1,1993,1993/1994
FC Girondins Bordeaux,Régis Castant,19,Right Midfield,G. Bordeaux B,-,in,Summer,0,Ligue 1,1993,1993/1994
FC Girondins Bordeaux,Stéphan Lerda,22,Centre-Back,Nîmes Olympique,-,in,Summer,0,Ligue 1,1993,1993/1994
FC Girondins Bordeaux,Valdeir,25,Second Striker,São Paulo,Loan,out,Summer,0,Ligue 1,1993,1993/1994
FC Girondins Bordeaux,Ronan Salaün,24,Midfielder,SM Caen,?,out,Summer,NA,Ligue 1,1993,1993/1994
FC Girondins Bordeaux,Patrice Marquet,26,Attacking Midfield,Lens,?,out,Summer,NA,Ligue 1,1993,1993/1994
FC Girondins Bordeaux,Philippe Sence,30,Goalkeeper,Nîmes Olympique,?,out,Summer,NA,Ligue 1,1993,1993/1994
FC Girondins Bordeaux,Bernard Gimenez,27,Midfielder,Nîmes Olympique,?,out,Summer,NA,Ligue 1,1993,1993/1994
FC Girondins Bordeaux,Michel Flos,28,Midfielder,FC Istres,?,out,Summer,NA,Ligue 1,1993,1993/1994
RC Lens,Anicet Saussé,25,Defender,Olympique Alès,?,in,Summer,NA,Ligue 1,1993,1993/1994
RC Lens,Frédéric Meyrieu,25,Attacking Midfield,SC Toulon 83,?,in,Summer,NA,Ligue 1,1993,1993/1994
RC Lens,Patrice Marquet,26,Attacking Midfield,G. Bordeaux,?,in,Summer,NA,Ligue 1,1993,1993/1994
RC Lens,Wagneau Eloi,19,Centre-Forward,RC Lens U19,-,in,Summer,0,Ligue 1,1993,1993/1994
RC Lens,Pius N'Diefi,17,Centre-Forward,RC Lens U19,-,in,Summer,0,Ligue 1,1993,1993/1994
RC Lens,Sébastien Dallet,19,Right Winger,RC Lens B,-,in,Summer,0,Ligue 1,1993,1993/1994
RC Lens,Valeriano de Oliveira,18,Forward,RC Lens B,-,in,Summer,0,Ligue 1,1993,1993/1994
RC Lens,Anicet Saussé,24,Defender,FC Martigues,"End of loanJun 30, 1993",in,Summer,0,Ligue 1,1993,1993/1994
RC Lens,Emmanuel Hutteau,24,Left-Back,CS Sedan,?,out,Summer,NA,Ligue 1,1993,1993/1994
RC Lens,Mustapha El Haddaoui,31,Central Midfield,SCO Angers,?,out,Summer,NA,Ligue 1,1993,1993/1994
RC Lens,Marc Maufroy,23,Forward,Le Mans UC 72,?,out,Summer,NA,Ligue 1,1993,1993/1994
RC Lens,Anicet Saussé,24,Defender,Olympique Alès,?,out,Summer,NA,Ligue 1,1993,1993/1994
RC Lens,Christophe Delmotte,24,Left-Back,CS Sedan,Loan,out,Summer,0,Ligue 1,1993,1993/1994
AS Cannes,Patrick Vieira,17,Defensive Midfield,FC Tours U19,Free transfer,in,Summer,0,Ligue 1,1993,1993/1994
AS Cannes,Jean-Christophe Marquet,19,Left-Back,Marseille,Loan,in,Summer,0,Ligue 1,1993,1993/1994
AS Cannes,Gábor Márton,26,Attacking Midfield,Honvéd FC,£27Th.,in,Summer,0.027,Ligue 1,1993,1993/1994
AS Cannes,Tal Banin,22,Defensive Midfield,Hapoel Haifa,?,in,Summer,NA,Ligue 1,1993,1993/1994
AS Cannes,Ardian Kozniku,25,Centre-Forward,Hajduk Split,?,in,Summer,NA,Ligue 1,1993,1993/1994
AS Cannes,Kader Ferhaoui,28,Left Midfield,Montpellier,?,in,Summer,NA,Ligue 1,1993,1993/1994
AS Cannes,Didier Otokoré,24,Left Winger,FC Sochaux,?,in,Summer,NA,Ligue 1,1993,1993/1994
AS Cannes,Fabrice Grondin,20,Defender,Unknown,?,in,Summer,NA,Ligue 1,1993,1993/1994
AS Cannes,Nicolas Bastère,23,Forward,Toulouse,Loan,in,Summer,0,Ligue 1,1993,1993/1994
AS Cannes,Marc Andrieux,26,Right Midfield,Mulhouse S-A,?,in,Summer,NA,Ligue 1,1993,1993/1994
AS Cannes,Mickaël Marsiglia,17,Central Midfield,AS Cannes U19,-,in,Summer,0,Ligue 1,1993,1993/1994
AS Cannes,Rainer Ernst,31,Midfielder,FC Zürich,?,out,Summer,NA,Ligue 1,1993,1993/1994
AS Cannes,David Bettoni,21,Midfielder,FC Istres,Loan,out,Summer,0,Ligue 1,1993,1993/1994
AS Cannes,Alain Ravera,28,Defender,Vallauris,?,out,Summer,NA,Ligue 1,1993,1993/1994
AS Cannes,Fabrice Monacchino,21,Forward,Le Mans UC 72,Loan,out,Summer,0,Ligue 1,1993,1993/1994
AS Cannes,Nikolay Todorov,28,Midfielder,Levski Sofia,?,out,Summer,NA,Ligue 1,1993,1993/1994
AS Cannes,Nicolas Bastère,24,Forward,Toulouse,?,out,Summer,NA,Ligue 1,1993,1993/1994
AS Cannes,Akim Karchaoui,27,Midfielder,Aubervilliers,?,out,Summer,NA,Ligue 1,1993,1993/1994
AS Cannes,Jean-Christophe Marquet,20,Left-Back,Marseille,"End of loanJun 30, 1994",out,Summer,0,Ligue 1,1993,1993/1994
AS Cannes,Pierre Dréossi,33,Centre-Back,Retired,-,out,Summer,0,Ligue 1,1993,1993/1994
Montpellier HSC,Zalán Zombori,18,Attacking Midfield,Vasas SC,Loan,in,Summer,0,Ligue 1,1993,1993/1994
Montpellier HSC,Jérôme Sykora,22,Goalkeeper,Unknown,?,in,Summer,NA,Ligue 1,1993,1993/1994
Montpellier HSC,Jean-Christophe Rouviere,18,Defensive Midfield,HSC Montpellier B,-,in,Summer,0,Ligue 1,1993,1993/1994
Montpellier HSC,Bruno Alicarte,21,Defender,HSC Montpellier B,-,in,Summer,0,Ligue 1,1993,1993/1994
Montpellier HSC,Clément Garcia,25,Forward,SM Caen,"End of loanJun 30, 1993",in,Summer,0,Ligue 1,1993,1993/1994
Montpellier HSC,Stéphane Blondeau,25,Right-Back,FC Martigues,"End of loanJun 30, 1993",in,Summer,0,Ligue 1,1993,1993/1994
Montpellier HSC,Olivier Pickeu,23,Centre-Forward,Toulouse,?,out,Summer,NA,Ligue 1,1993,1993/1994
Montpellier HSC,Kader Ferhaoui,28,Left Midfield,Cannes,?,out,Summer,NA,Ligue 1,1993,1993/1994
Montpellier HSC,Jérôme Palatsi,23,Goalkeeper,Rouen,Loan,out,Summer,0,Ligue 1,1993,1993/1994
Montpellier HSC,Clément Garcia,25,Forward,LOSC Lille,?,out,Summer,NA,Ligue 1,1993,1993/1994
Montpellier HSC,Wilbert Suvrijn,30,Defensive Midfield,Retired,-,out,Summer,0,Ligue 1,1993,1993/1994
Montpellier HSC,Pierre-Yves Bricon,29,Defender,Retired,-,out,Summer,0,Ligue 1,1993,1993/1994
FC Nantes,Christophe Pignol,23,Left-Back,FC Istres,?,in,Summer,NA,Ligue 1,1993,1993/1994
FC Nantes,Samson Siasia,25,Forward,KSC Lokeren,?,in,Summer,NA,Ligue 1,1993,1993/1994
FC Nantes,Noureddine Naybet,23,Centre-Back,Wydad AC,?,in,Summer,NA,Ligue 1,1993,1993/1994
FC Nantes,Jean-Christophe Bouteiller,20,Midfielder,FC Nantes B,-,in,Summer,0,Ligue 1,1993,1993/1994
FC Nantes,Fabien Debotté,29,Defensive Midfield,RC Ancenis,?,out,Summer,NA,Ligue 1,1993,1993/1994
FC Nantes,José Dalmao,23,Forward,USL Dunkerque,?,out,Summer,NA,Ligue 1,1993,1993/1994
Olympique Lyon,Éric Roy,25,Defensive Midfield,SC Toulon 83,Free transfer,in,Summer,0,Ligue 1,1993,1993/1994
Olympique Lyon,Abédi Pelé,28,Attacking Midfield,Marseille,?,in,Summer,NA,Ligue 1,1993,1993/1994
Olympique Lyon,Manuel Amoros,31,Right-Back,Marseille,?,in,Summer,NA,Ligue 1,1993,1993/1994
Olympique Lyon,Stéphane Roche,22,Central Midfield,FC Martigues,?,in,Summer,NA,Ligue 1,1993,1993/1994
Olympique Lyon,Pascal Olmeta,32,Goalkeeper,Marseille,?,in,Summer,NA,Ligue 1,1993,1993/1994
Olympique Lyon,Marcelo Djian,26,Centre-Back,Corinthians,?,in,Summer,NA,Ligue 1,1993,1993/1994
Olympique Lyon,Florent Laville,19,Centre-Back,Olymp. Lyon U19,-,in,Summer,0,Ligue 1,1993,1993/1994
Olympique Lyon,Frédéric Fouret,18,Centre-Forward,Olymp. Lyon B,-,in,Summer,0,Ligue 1,1993,1993/1994
Olympique Lyon,Pierre Chavrondier,21,Midfielder,FC Martigues,"End of loanJun 30, 1993",in,Summer,0,Ligue 1,1993,1993/1994
Olympique Lyon,Rémi Garde,27,Defensive Midfield,R. Strasbourg,?,out,Summer,NA,Ligue 1,1993,1993/1994
Olympique Lyon,Ghislain Anselmini,23,Left-Back,Guingamp,Loan,out,Summer,0,Ligue 1,1993,1993/1994
Olympique Lyon,Pascal Fugier,24,Right-Back,Marseille,?,out,Summer,NA,Ligue 1,1993,1993/1994
Olympique Lyon,Gilles Rousset,29,Goalkeeper,Marseille,?,out,Summer,NA,Ligue 1,1993,1993/1994
Olympique Lyon,Éric Péan,29,Sweeper,SCO Angers,?,out,Summer,NA,Ligue 1,1993,1993/1994
Olympique Lyon,Patrice Ferri,29,Centre-Back,Montreal Impact,?,out,Summer,NA,Ligue 1,1993,1993/1994
Olympique Lyon,Alfonso Fernández Leal,30,Midfielder,Unknown,?,out,Summer,NA,Ligue 1,1993,1993/1994
LOSC Lille,Emmanuel Coquelet,18,Centre-Forward,Valencienne U19,Free transfer,in,Summer,0,Ligue 1,1993,1993/1994
LOSC Lille,Kennet Andersson,25,Centre-Forward,Norrköping,?,in,Summer,NA,Ligue 1,1993,1993/1994
LOSC Lille,Jean-Jacques Etamé,26,Midfielder,R. Strasbourg,?,in,Summer,NA,Ligue 1,1993,1993/1994
LOSC Lille,Thierry Bonalair,27,Left-Back,AJ Auxerre,?,in,Summer,NA,Ligue 1,1993,1993/1994
LOSC Lille,Clément Garcia,25,Forward,Montpellier,?,in,Summer,NA,Ligue 1,1993,1993/1994
LOSC Lille,Frédéric Dindeleux,19,Centre-Back,LOSC Lille B,-,in,Summer,0,Ligue 1,1993,1993/1994
LOSC Lille,Djezon Boutoille,17,Centre-Forward,LOSC Lille U19,-,in,Summer,0,Ligue 1,1993,1993/1994
LOSC Lille,Thierry Oleksiak,31,Defensive Midfield,SCO Angers,?,out,Summer,NA,Ligue 1,1993,1993/1994
LOSC Lille,François Brisson,35,Left Winger,Career break,-,out,Summer,0,Ligue 1,1993,1993/1994
LOSC Lille,Alain Fiard,34,Defensive Midfield,Retired,-,out,Summer,0,Ligue 1,1993,1993/1994
LOSC Lille,Benoît Tihy,33,Defender,Retired,-,out,Summer,0,Ligue 1,1993,1993/1994
LOSC Lille,Dominique Thomas,30,Defender,Retired,-,out,Summer,0,Ligue 1,1993,1993/1994
LOSC Lille,Joël Dolignon,20,Defender,LOSC Lille B,-,out,Summer,0,Ligue 1,1993,1993/1994
LOSC Lille,Samba N'Diaye,20,Centre-Forward,FC Metz,"End of loanJun 30, 1993",out,Summer,0,Ligue 1,1993,1993/1994
SM Caen,Pascal Nouma,21,Centre-Forward,Paris SG,Loan,in,Summer,0,Ligue 1,1993,1993/1994
SM Caen,Lilian Nalis,21,Central Midfield,AJ Auxerre B,?,in,Summer,NA,Ligue 1,1993,1993/1994
SM Caen,Laurent Dufour,18,Midfielder,Mondeville,?,in,Summer,NA,Ligue 1,1993,1993/1994
SM Caen,Richard Dutruel,20,Goalkeeper,Paris SG,Loan,in,Summer,0,Ligue 1,1993,1993/1994
SM Caen,Celio Silva,25,Centre-Back,Internacional,?,in,Summer,NA,Ligue 1,1993,1993/1994
SM Caen,Nicolas Huysman,25,Left Midfield,FC Metz,?,in,Summer,NA,Ligue 1,1993,1993/1994
SM Caen,Patrick Revelles,24,Centre-Forward,Monaco,?,in,Summer,NA,Ligue 1,1993,1993/1994
SM Caen,Ronan Salaün,24,Midfielder,G. Bordeaux,?,in,Summer,NA,Ligue 1,1993,1993/1994
SM Caen,Arnaud Tanguy,17,Midfielder,Stade Brest 29,?,in,Summer,NA,Ligue 1,1993,1993/1994
SM Caen,Fabrice Catherine,20,Goalkeeper,SM Caen B,-,in,Summer,0,Ligue 1,1993,1993/1994
SM Caen,David Sommeil,18,Centre-Back,SM Caen B,-,in,Summer,0,Ligue 1,1993,1993/1994
SM Caen,Xavier Gravelaine,24,Centre-Forward,Paris SG,?,out,Summer,NA,Ligue 1,1993,1993/1994
SM Caen,Gabriel Calderón,33,Attacking Midfield,Lausanne-Sport,?,out,Summer,NA,Ligue 1,1993,1993/1994
SM Caen,Hubert Fournier,25,Centre-Back,Guingamp,?,out,Summer,NA,Ligue 1,1993,1993/1994
SM Caen,Philippe Avenet,26,Defensive Midfield,LB Châteauroux,?,out,Summer,NA,Ligue 1,1993,1993/1994
SM Caen,Stéphane Paille,28,Centre-Forward,G. Bordeaux,?,out,Summer,NA,Ligue 1,1993,1993/1994
SM Caen,Clément Garcia,25,Forward,Montpellier,"End of loanJun 30, 1993",out,Summer,0,Ligue 1,1993,1993/1994
FC Martigues,Patrick Collot,26,Central Midfield,SC Toulon 83,Free transfer,in,Summer,0,Ligue 1,1993,1993/1994
FC Martigues,Didier Tholot,29,Centre-Forward,Saint-Étienne,?,in,Summer,NA,Ligue 1,1993,1993/1994
FC Martigues,Jean-Claude Pagal,28,Defensive Midfield,Saint-Étienne,?,in,Summer,NA,Ligue 1,1993,1993/1994
FC Martigues,Joël Bossis,28,Left Winger,Le Mans UC 72,?,in,Summer,NA,Ligue 1,1993,1993/1994
FC Martigues,Jean-Marc Ferreri,30,Attacking Midfield,Marseille,?,in,Summer,NA,Ligue 1,1993,1993/1994
FC Martigues,Karim Malagouen,17,Midfielder,Unknown,?,in,Summer,NA,Ligue 1,1993,1993/1994
FC Martigues,Christophe Chaintreuil,29,Defensive Midfield,Saint-Étienne,?,in,Summer,NA,Ligue 1,1993,1993/1994
FC Martigues,Thierry Rabat,31,Centre-Back,SC Toulon 83,?,in,Summer,NA,Ligue 1,1993,1993/1994
FC Martigues,Philippe Anziani,31,Second Striker,SC Toulon 83,?,in,Summer,NA,Ligue 1,1993,1993/1994
FC Martigues,Maurice Bouquet,30,Attacking Midfield,Saint-Étienne,?,in,Summer,NA,Ligue 1,1993,1993/1994
FC Martigues,Stéphane Mazzolini,26,Right-Back,AJ Auxerre,?,in,Summer,NA,Ligue 1,1993,1993/1994
FC Martigues,Sylver Hoffer,25,Forward,Louh.-Cuiseaux,?,in,Summer,NA,Ligue 1,1993,1993/1994
FC Martigues,Frédéric Mendy,19,Centre-Back,Martigues U19,-,in,Summer,0,Ligue 1,1993,1993/1994
FC Martigues,Fabrice Richard,19,Centre-Back,G. Ajaccio,Free transfer,out,Summer,0,Ligue 1,1993,1993/1994
FC Martigues,Laurent Castro,23,Forward,SC Bastia,?,out,Summer,NA,Ligue 1,1993,1993/1994
FC Martigues,Stéphane Roche,22,Central Midfield,Olympique Lyon,?,out,Summer,NA,Ligue 1,1993,1993/1994
FC Martigues,Didier Philippe,31,Midfielder,SC Toulon 83,?,out,Summer,NA,Ligue 1,1993,1993/1994
FC Martigues,Frédéric Limantour,22,Goalkeeper,AC Arles-Avignon,Loan,out,Summer,0,Ligue 1,1993,1993/1994
FC Martigues,Sylver Hoffer,25,Forward,FC Istres,?,out,Summer,NA,Ligue 1,1993,1993/1994
FC Martigues,Jean-Paul Péronin,22,Defender,SC Toulon 83,?,out,Summer,NA,Ligue 1,1993,1993/1994
FC Martigues,Pierre Chavrondier,21,Midfielder,Olympique Lyon,"End of loanJun 30, 1993",out,Summer,0,Ligue 1,1993,1993/1994
FC Martigues,Jean-Roch Testa,28,Forward,AC Le Havre,"End of loanJun 30, 1993",out,Summer,0,Ligue 1,1993,1993/1994
FC Martigues,Anicet Saussé,24,Defender,Lens,"End of loanJun 30, 1993",out,Summer,0,Ligue 1,1993,1993/1994
FC Martigues,Stéphane Blondeau,25,Right-Back,Montpellier,"End of loanJun 30, 1993",out,Summer,0,Ligue 1,1993,1993/1994
FC Sochaux-Montbéliard,Henk Vos,25,Centre-Forward,Standard Liège,?,in,Summer,NA,Ligue 1,1993,1993/1994
FC Sochaux-Montbéliard,Didier Otokoré,24,Left Winger,AJ Auxerre,?,in,Summer,NA,Ligue 1,1993,1993/1994
FC Sochaux-Montbéliard,Franck Chaumin,23,Goalkeeper,G. Ajaccio,?,in,Summer,NA,Ligue 1,1993,1993/1994
FC Sochaux-Montbéliard,Laurent Croce,21,Midfielder,SC Toulon 83,?,in,Summer,NA,Ligue 1,1993,1993/1994
FC Sochaux-Montbéliard,Franck Silvestre,26,Centre-Back,AJ Auxerre,?,out,Summer,NA,Ligue 1,1993,1993/1994
FC Sochaux-Montbéliard,Patrice Garande,32,Centre-Forward,Bourges,?,out,Summer,NA,Ligue 1,1993,1993/1994
FC Sochaux-Montbéliard,Fabrice Henry,25,Central Midfield,Marseille,?,out,Summer,NA,Ligue 1,1993,1993/1994
FC Sochaux-Montbéliard,Didier Otokoré,24,Left Winger,Cannes,?,out,Summer,NA,Ligue 1,1993,1993/1994
FC Sochaux-Montbéliard,Thierry Couppé,22,Midfielder,FC Sochaux B,-,out,Summer,0,Ligue 1,1993,1993/1994
AC Le Havre,Didier Lelong,23,Midfielder,USL Dunkerque,?,in,Summer,NA,Ligue 1,1993,1993/1994
AC Le Havre,Géza Mészöly,26,Centre-Back,Vasas SC,?,in,Summer,NA,Ligue 1,1993,1993/1994
AC Le Havre,Bernard Pascual,26,Defender,Beauvais,?,in,Summer,NA,Ligue 1,1993,1993/1994
AC Le Havre,Pierre Haon,26,Defensive Midfield,Perpignan,?,in,Summer,NA,Ligue 1,1993,1993/1994
AC Le Havre,Jean-Luc Courtet,25,Forward,Bourges,?,in,Summer,NA,Ligue 1,1993,1993/1994
AC Le Havre,Eric Lestrade,24,Midfielder,Bourges,?,in,Summer,NA,Ligue 1,1993,1993/1994
AC Le Havre,Benoît Chagnaud,21,Forward,Beauvais,-,in,Summer,0,Ligue 1,1993,1993/1994
AC Le Havre,Vikash Dhorasoo,19,Central Midfield,Le Havre B,-,in,Summer,0,Ligue 1,1993,1993/1994
AC Le Havre,Jean-Roch Testa,28,Forward,FC Martigues,"End of loanJun 30, 1993",in,Summer,0,Ligue 1,1993,1993/1994
AC Le Havre,Bruno Roux,29,Centre-Forward,Stade Rennais,?,out,Summer,NA,Ligue 1,1993,1993/1994
AC Le Havre,Benoît Chagnaud,20,Forward,Beauvais,Loan,out,Summer,0,Ligue 1,1993,1993/1994
AC Le Havre,Alain Bénédet,32,Midfielder,SC Toulon 83,?,out,Summer,NA,Ligue 1,1993,1993/1994
AC Le Havre,Thierry Goudet,30,Defensive Midfield,Stade Lavallois,?,out,Summer,NA,Ligue 1,1993,1993/1994
AC Le Havre,Jean-Luc Courtet,25,Forward,Bourges,?,out,Summer,NA,Ligue 1,1993,1993/1994
AC Le Havre,François Quilan,27,Midfielder,Bourges,?,out,Summer,NA,Ligue 1,1993,1993/1994
AC Le Havre,Jean-Roch Testa,29,Forward,CS Sedan,?,out,Summer,NA,Ligue 1,1993,1993/1994
AC Le Havre,Philippe Mahut,37,Centre-Back,Retired,-,out,Summer,0,Ligue 1,1993,1993/1994
AC Le Havre,Jean-Christophe Thouvenel,34,Right-Back,Retired,-,out,Summer,0,Ligue 1,1993,1993/1994
AS Monaco,Victor Ikpeba,20,Centre-Forward,RC Lüttich,?,in,Summer,NA,Ligue 1,1993,1993/1994
AS Monaco,Enzo Scifo,27,Attacking Midfield,Torino,?,in,Summer,NA,Ligue 1,1993,1993/1994
AS Monaco,Sam Dominique Abouo,19,Centre-Back,ASEC Mimosas,?,in,Summer,NA,Ligue 1,1993,1993/1994
AS Monaco,Laurent Viaud,23,Defensive Midfield,SCO Angers,?,in,Summer,NA,Ligue 1,1993,1993/1994
AS Monaco,Amara Simba,31,Centre-Forward,Paris SG,?,in,Summer,NA,Ligue 1,1993,1993/1994
AS Monaco,Franck Passi,27,Defensive Midfield,SC Toulon 83,?,in,Summer,NA,Ligue 1,1993,1993/1994
AS Monaco,Sébastien Hamel,17,Goalkeeper,Monaco U19,-,in,Summer,0,Ligue 1,1993,1993/1994
AS Monaco,Christopher Wreh,18,Centre-Forward,Monaco B,-,in,Summer,0,Ligue 1,1993,1993/1994
AS Monaco,Youssouf Fofana,26,Left Winger,G. Bordeaux,?,out,Summer,NA,Ligue 1,1993,1993/1994
AS Monaco,Rui Barros,27,Attacking Midfield,Marseille,?,out,Summer,NA,Ligue 1,1993,1993/1994
AS Monaco,Patrick Revelles,24,Centre-Forward,SM Caen,?,out,Summer,NA,Ligue 1,1993,1993/1994
AS Monaco,Marcel Dib,32,Central Midfield,G. Bordeaux,?,out,Summer,NA,Ligue 1,1993,1993/1994
AS Monaco,Stjepan Andrijasevic,26,Right Midfield,Celta de Vigo,?,out,Summer,NA,Ligue 1,1993,1993/1994
AS Monaco,Angelo Hugues,26,Goalkeeper,Guingamp,?,out,Summer,NA,Ligue 1,1993,1993/1994
AS Monaco,Cyril Granon,21,Midfielder,Mulhouse S-A,?,out,Summer,NA,Ligue 1,1993,1993/1994
AS Monaco,Denis Schaer,30,Midfielder,Retired,-,out,Summer,0,Ligue 1,1993,1993/1994
Olympique Marseille,Stéphane Porato,19,Goalkeeper,SC Toulon 83,?,in,Summer,NA,Ligue 1,1993,1993/1994
Olympique Marseille,Gilles Rousset,29,Goalkeeper,Olympique Lyon,?,in,Summer,NA,Ligue 1,1993,1993/1994
Olympique Marseille,Pascal Fugier,24,Right-Back,Olympique Lyon,?,in,Summer,NA,Ligue 1,1993,1993/1994
Olympique Marseille,Daniel Dutuel,25,Attacking Midfield,AJ Auxerre,?,in,Summer,NA,Ligue 1,1993,1993/1994
Olympique Marseille,Rui Barros,27,Attacking Midfield,Monaco,?,in,Summer,NA,Ligue 1,1993,1993/1994
Olympique Marseille,William Prunier,25,Centre-Back,AJ Auxerre,?,in,Summer,NA,Ligue 1,1993,1993/1994
Olympique Marseille,Fabrice Henry,25,Central Midfield,FC Sochaux,?,in,Summer,NA,Ligue 1,1993,1993/1994
Olympique Marseille,Jean-Christophe Marquet,20,Left-Back,Cannes,"End of loanJun 30, 1994",in,Summer,0,Ligue 1,1993,1993/1994
Olympique Marseille,Hamada Jambay,18,Right-Back,Marseille U19,-,in,Summer,0,Ligue 1,1993,1993/1994
Olympique Marseille,Olivier Echouafni,20,Defensive Midfield,Marseille B,-,in,Summer,0,Ligue 1,1993,1993/1994
Olympique Marseille,Marc Libbra,20,Centre-Forward,FC Istres,"End of loanJun 30, 1993",in,Summer,0,Ligue 1,1993,1993/1994
Olympique Marseille,Alain Boghossian,22,Central Midfield,FC Istres,"End of loanJun 30, 1993",in,Summer,0,Ligue 1,1993,1993/1994
Olympique Marseille,Jean-Christophe Marquet,19,Left-Back,Cannes,Loan,out,Summer,0,Ligue 1,1993,1993/1994
Olympique Marseille,Dragan Stojkovic,29,Attacking Midfield,Nagoya Grampus,?,out,Summer,NA,Ligue 1,1993,1993/1994
Olympique Marseille,Abédi Pelé,28,Attacking Midfield,Olympique Lyon,?,out,Summer,NA,Ligue 1,1993,1993/1994
Olympique Marseille,Franck Sauzée,27,Central Midfield,Atalanta,?,out,Summer,NA,Ligue 1,1993,1993/1994
Olympique Marseille,Manuel Amoros,31,Right-Back,Olympique Lyon,?,out,Summer,NA,Ligue 1,1993,1993/1994
Olympique Marseille,Igor Dobrovolski,25,Attacking Midfield,Dynamo Moscow,?,out,Summer,NA,Ligue 1,1993,1993/1994
Olympique Marseille,Rafael Martin Vazquez,27,Attacking Midfield,Real Madrid,?,out,Summer,NA,Ligue 1,1993,1993/1994
Olympique Marseille,Jean-Marc Ferreri,30,Attacking Midfield,FC Martigues,?,out,Summer,NA,Ligue 1,1993,1993/1994
Olympique Marseille,Pascal Olmeta,32,Goalkeeper,Olympique Lyon,?,out,Summer,NA,Ligue 1,1993,1993/1994
Olympique Marseille,Jean-Jacques Eydelie,27,Defensive Midfield,Career break,-,out,Summer,0,Ligue 1,1993,1993/1994
AJ Auxerre,Philippe Violeau,22,Defensive Midfield,Chamois Niort,Free transfer,in,Summer,0,Ligue 1,1993,1993/1994
AJ Auxerre,Taribo West,19,Left-Back,Julius Berger,?,in,Summer,NA,Ligue 1,1993,1993/1994
AJ Auxerre,Franck Silvestre,26,Centre-Back,FC Sochaux,?,in,Summer,NA,Ligue 1,1993,1993/1994
AJ Auxerre,Yann Lachuer,20,Attacking Midfield,US Créteil,?,in,Summer,NA,Ligue 1,1993,1993/1994
AJ Auxerre,Christian Henna,21,Defensive Midfield,Mulhouse S-A,?,in,Summer,NA,Ligue 1,1993,1993/1994
AJ Auxerre,Franco Vignola,26,Forward,Guingamp,"End of loanJun 30, 1993",in,Summer,0,Ligue 1,1993,1993/1994
AJ Auxerre,William Prunier,25,Centre-Back,Marseille,?,out,Summer,NA,Ligue 1,1993,1993/1994
AJ Auxerre,Daniel Dutuel,25,Attacking Midfield,Marseille,?,out,Summer,NA,Ligue 1,1993,1993/1994
AJ Auxerre,Didier Otokoré,24,Left Winger,FC Sochaux,?,out,Summer,NA,Ligue 1,1993,1993/1994
AJ Auxerre,Thierry Bonalair,27,Left-Back,LOSC Lille,?,out,Summer,NA,Ligue 1,1993,1993/1994
AJ Auxerre,Fabien Cool,20,Goalkeeper,FC Gueugnon,Loan,out,Summer,0,Ligue 1,1993,1993/1994
AJ Auxerre,Guy-Roger Nzamba,22,Centre-Forward,Unknown,?,out,Summer,NA,Ligue 1,1993,1993/1994
AJ Auxerre,Stéphane Mazzolini,26,Right-Back,FC Martigues,?,out,Summer,NA,Ligue 1,1993,1993/1994
FC Metz,Thomas Kokkinis,21,Goalkeeper,Unknown,Free transfer,in,Summer,0,Ligue 1,1993,1993/1994
FC Metz,Jacques Songo'o,29,Goalkeeper,Le Mans UC 72,?,in,Summer,NA,Ligue 1,1993,1993/1994
FC Metz,Patrice Eyraud,25,Defensive Midfield,SC Toulon 83,?,in,Summer,NA,Ligue 1,1993,1993/1994
FC Metz,Philippe Gaillot,28,Left-Back,US Valenciennes,?,in,Summer,NA,Ligue 1,1993,1993/1994
FC Metz,Cyrille Pouget,20,Centre-Forward,FC Metz B,-,in,Summer,0,Ligue 1,1993,1993/1994
FC Metz,Benoît Lahery,20,Forward,FC Metz B,-,in,Summer,0,Ligue 1,1993,1993/1994
FC Metz,Jeff Strasser,18,Centre-Back,FC Metz B,-,in,Summer,0,Ligue 1,1993,1993/1994
FC Metz,Thomas Kokkinis,21,Goalkeeper,Rouen,"End of loanJun 30, 1993",in,Summer,0,Ligue 1,1993,1993/1994
FC Metz,Samba N'Diaye,20,Centre-Forward,LOSC Lille,"End of loanJun 30, 1993",in,Summer,0,Ligue 1,1993,1993/1994
FC Metz,Emmanuel Clément,21,Defensive Midfield,Amiens SC,"End of loanJun 30, 1993",in,Summer,0,Ligue 1,1993,1993/1994
FC Metz,Nicolas Huysman,25,Left Midfield,SM Caen,?,out,Summer,NA,Ligue 1,1993,1993/1994
FC Metz,Mohamed Chaouch,26,Centre-Forward,OGC Nice,?,out,Summer,NA,Ligue 1,1993,1993/1994
FC Metz,Frédéric Hantz,27,Midfielder,OGC Nice,?,out,Summer,NA,Ligue 1,1993,1993/1994
FC Metz,William Dymant,22,Forward,OFC Charleville,?,out,Summer,NA,Ligue 1,1993,1993/1994
FC Metz,Christophe Paul,21,Defender,SAS Epinal,?,out,Summer,NA,Ligue 1,1993,1993/1994
FC Metz,Dario Saint-Hilaire,21,Defender,Quimper,?,out,Summer,NA,Ligue 1,1993,1993/1994
FC Toulouse,Nicolas Bastère,24,Forward,Cannes,?,in,Summer,NA,Ligue 1,1993,1993/1994
FC Toulouse,Olivier Pickeu,23,Centre-Forward,Montpellier,?,in,Summer,NA,Ligue 1,1993,1993/1994
FC Toulouse,Alain Gouaméné,27,Goalkeeper,ASEC Mimosas,?,in,Summer,NA,Ligue 1,1993,1993/1994
FC Toulouse,Sylvain Kastendeuch,29,Sweeper,Saint-Étienne,?,in,Summer,NA,Ligue 1,1993,1993/1994
FC Toulouse,Teddy Richert,18,Goalkeeper,Toulouse B,-,in,Summer,0,Ligue 1,1993,1993/1994
FC Toulouse,Nicolas Paviot,18,Right-Back,Toulouse B,-,in,Summer,0,Ligue 1,1993,1993/1994
FC Toulouse,Mickaël Serreau,18,Right Midfield,Toulouse B,-,in,Summer,0,Ligue 1,1993,1993/1994
FC Toulouse,Fabrice Quarcy,17,Goalkeeper,FC Toulouse U19,-,in,Summer,0,Ligue 1,1993,1993/1994
FC Toulouse,David Dupuy,20,Midfielder,Toulouse B,-,in,Summer,0,Ligue 1,1993,1993/1994
FC Toulouse,Christophe Galtier,26,Centre-Back,SCO Angers,Free transfer,out,Summer,0,Ligue 1,1993,1993/1994
FC Toulouse,Jean-Philippe Delpech,25,Defensive Midfield,Saint-Étienne,?,out,Summer,NA,Ligue 1,1993,1993/1994
FC Toulouse,Philippe Lafon,22,Goalkeeper,Rodez AF,?,out,Summer,NA,Ligue 1,1993,1993/1994
FC Toulouse,Nicolas Bastère,23,Forward,Cannes,Loan,out,Summer,0,Ligue 1,1993,1993/1994
Paris Saint-Germain,Raí,28,Attacking Midfield,São Paulo,£4.50m,in,Summer,4.5,Ligue 1,1993,1993/1994
Paris Saint-Germain,Patrick M'Boma,23,Centre-Forward,LB Châteauroux,"End of loanJun 30, 1994",in,Summer,0,Ligue 1,1993,1993/1994
Paris Saint-Germain,Xavier Gravelaine,24,Centre-Forward,SM Caen,?,in,Summer,NA,Ligue 1,1993,1993/1994
Paris Saint-Germain,Luc Borrelli,27,Goalkeeper,SC Toulon 83,?,in,Summer,NA,Ligue 1,1993,1993/1994
Paris Saint-Germain,José Cobos,25,Left-Back,R. Strasbourg,?,in,Summer,NA,Ligue 1,1993,1993/1994
Paris Saint-Germain,Jean-Claude Fernandes,20,Defensive Midfield,Paris SG U19,-,in,Summer,0,Ligue 1,1993,1993/1994
Paris Saint-Germain,Pascal Nouma,21,Centre-Forward,SM Caen,Loan,out,Summer,0,Ligue 1,1993,1993/1994
Paris Saint-Germain,Amara Simba,31,Centre-Forward,Monaco,?,out,Summer,NA,Ligue 1,1993,1993/1994
Paris Saint-Germain,Bruno Germain,33,Defensive Midfield,SCO Angers,?,out,Summer,NA,Ligue 1,1993,1993/1994
Paris Saint-Germain,Bernard Pardo,32,Defensive Midfield,SC Toulon 83,?,out,Summer,NA,Ligue 1,1993,1993/1994
Paris Saint-Germain,Richard Dutruel,20,Goalkeeper,SM Caen,Loan,out,Summer,0,Ligue 1,1993,1993/1994
Paris Saint-Germain,Joël Cloarec,27,Forward,US Valenciennes,Loan,out,Summer,0,Ligue 1,1993,1993/1994
AS Saint-Étienne,Roland Wohlfarth,30,Centre-Forward,Bayern Munich,£1.13m,in,Summer,1.13,Ligue 1,1993,1993/1994
AS Saint-Étienne,Lionel Potillon,19,Left-Back,Louh.-Cuiseaux,Free transfer,in,Summer,0,Ligue 1,1993,1993/1994
AS Saint-Étienne,Piotr Swierczewski,21,Defensive Midfield,GKS Katowice,?,in,Summer,NA,Ligue 1,1993,1993/1994
AS Saint-Étienne,Laurent Blanc,27,Sweeper,Nîmes Olympique,?,in,Summer,NA,Ligue 1,1993,1993/1994
AS Saint-Étienne,Jean-Philippe Delpech,25,Defensive Midfield,Toulouse,?,in,Summer,NA,Ligue 1,1993,1993/1994
AS Saint-Étienne,Grégory Coupet,20,Goalkeeper,Saint-Étienne B,-,in,Summer,0,Ligue 1,1993,1993/1994
AS Saint-Étienne,Salem Harchèche,20,Left-Back,Saint-Étienne B,-,in,Summer,0,Ligue 1,1993,1993/1994
AS Saint-Étienne,Sébastien Pérez,19,Right-Back,Saint-Étienne B,-,in,Summer,0,Ligue 1,1993,1993/1994
AS Saint-Étienne,Christophe Médaillon,20,Defensive Midfield,Saint-Étienne B,-,in,Summer,0,Ligue 1,1993,1993/1994
AS Saint-Étienne,Didier Tholot,29,Centre-Forward,FC Martigues,?,out,Summer,NA,Ligue 1,1993,1993/1994
AS Saint-Étienne,Jean-Claude Pagal,28,Defensive Midfield,FC Martigues,?,out,Summer,NA,Ligue 1,1993,1993/1994
AS Saint-Étienne,Christophe Chaintreuil,29,Defensive Midfield,FC Martigues,?,out,Summer,NA,Ligue 1,1993,1993/1994
AS Saint-Étienne,Loïc Lambert,26,Defensive Midfield,Stade Rennais,?,out,Summer,NA,Ligue 1,1993,1993/1994
AS Saint-Étienne,Milan Luhovy,30,Centre-Forward,PAOK Salonika,?,out,Summer,NA,Ligue 1,1993,1993/1994
AS Saint-Étienne,Thierry Gros,26,Left-Back,ASOA Valence,?,out,Summer,NA,Ligue 1,1993,1993/1994
AS Saint-Étienne,Maurice Bouquet,30,Attacking Midfield,FC Martigues,?,out,Summer,NA,Ligue 1,1993,1993/1994
AS Saint-Étienne,Sylvain Kastendeuch,29,Sweeper,Toulouse,?,out,Summer,NA,Ligue 1,1993,1993/1994
RC Strasbourg Alsace,Joël Corminboeuf,29,Goalkeeper,Xamax,?,in,Summer,NA,Ligue 1,1993,1993/1994
RC Strasbourg Alsace,Rémi Garde,27,Defensive Midfield,Olympique Lyon,?,in,Summer,NA,Ligue 1,1993,1993/1994
RC Strasbourg Alsace,David Régis,24,Centre-Back,US Valenciennes,?,in,Summer,NA,Ligue 1,1993,1993/1994
RC Strasbourg Alsace,Wilfrid Gohel,24,Right Winger,US Valenciennes,?,in,Summer,NA,Ligue 1,1993,1993/1994
RC Strasbourg Alsace,Philippe Thys,33,Left-Back,SC Toulon 83,?,in,Summer,NA,Ligue 1,1993,1993/1994
RC Strasbourg Alsace,Valérien Ismaël,17,Centre-Back,Strasbourg U19,-,in,Summer,0,Ligue 1,1993,1993/1994
RC Strasbourg Alsace,Laurent Weber,21,Goalkeeper,Louh.-Cuiseaux,"End of loanJun 30, 1994",in,Summer,0,Ligue 1,1993,1993/1994
RC Strasbourg Alsace,Stephen Keshi,31,Centre-Back,RWD Molenbeek,?,out,Summer,NA,Ligue 1,1993,1993/1994
RC Strasbourg Alsace,Jean-Jacques Etamé,26,Midfielder,LOSC Lille,?,out,Summer,NA,Ligue 1,1993,1993/1994
RC Strasbourg Alsace,Éric Mura,30,Right-Back,SC Bastia,?,out,Summer,NA,Ligue 1,1993,1993/1994
RC Strasbourg Alsace,José Cobos,25,Left-Back,Paris SG,?,out,Summer,NA,Ligue 1,1993,1993/1994
RC Strasbourg Alsace,Laurent Weber,20,Goalkeeper,Louh.-Cuiseaux,Loan,out,Summer,0,Ligue 1,1993,1993/1994
RC Strasbourg Alsace,Franck Mary,29,Goalkeeper,Without Club,-,out,Summer,0,Ligue 1,1993,1993/1994
SCO Angers,Christophe Galtier,26,Centre-Back,Toulouse,Free transfer,in,Summer,0,Ligue 1,1993,1993/1994
SCO Angers,Nicolas Sachy,25,Goalkeeper,USL Dunkerque,?,in,Summer,NA,Ligue 1,1993,1993/1994
SCO Angers,Mustapha El Haddaoui,31,Central Midfield,Lens,?,in,Summer,NA,Ligue 1,1993,1993/1994
SCO Angers,Bruno Germain,33,Defensive Midfield,Paris SG,?,in,Summer,NA,Ligue 1,1993,1993/1994
SCO Angers,Éric Péan,29,Sweeper,Olympique Lyon,?,in,Summer,NA,Ligue 1,1993,1993/1994
SCO Angers,Thierry Oleksiak,31,Defensive Midfield,LOSC Lille,?,in,Summer,NA,Ligue 1,1993,1993/1994
SCO Angers,Laurent Viaud,23,Defensive Midfield,Monaco,?,out,Summer,NA,Ligue 1,1993,1993/1994
SCO Angers,Raphaël Garcia,21,Midfielder,RC Ancenis,?,out,Summer,NA,Ligue 1,1993,1993/1994
SCO Angers,Dragan Popovic,31,Midfielder,Retired,-,out,Summer,0,Ligue 1,1993,1993/1994
FC Girondins Bordeaux,Valdeir,26,Second Striker,São Paulo,"End of loanJan 30, 1994",in,Winter,0,Ligue 1,1993,1993/1994
FC Girondins Bordeaux,Valdeir,26,Second Striker,Flamengo,Loan,out,Winter,0,Ligue 1,1993,1993/1994
RC Lens,Felix Aladesanmi Ademola,19,Midfielder,Stationery Stores FC,?,in,Winter,NA,Ligue 1,1993,1993/1994
RC Lens,Patrice Marquet,27,Attacking Midfield,AC Le Havre,?,out,Winter,NA,Ligue 1,1993,1993/1994
AS Cannes,Didier Otokoré,24,Left Winger,FC Sochaux,?,in,Winter,NA,Ligue 1,1993,1993/1994
Olympique Lyon,Marcelo Djian,26,Centre-Back,Corinthians,?,in,Winter,NA,Ligue 1,1993,1993/1994
SM Caen,Aleksandr Mostovoy,25,Attacking Midfield,Benfica,Loan,in,Winter,0,Ligue 1,1993,1993/1994
SM Caen,Edwin Gorter,30,Attacking Midfield,Lommel SK,?,out,Winter,NA,Ligue 1,1993,1993/1994
FC Sochaux-Montbéliard,Stéphane Ferrand,25,Goalkeeper,AJ Auxerre,Loan,out,Winter,0,Ligue 1,1993,1993/1994
FC Sochaux-Montbéliard,Didier Otokoré,24,Left Winger,Cannes,?,out,Winter,NA,Ligue 1,1993,1993/1994
FC Sochaux-Montbéliard,Pavlo Yakovenko,29,Defensive Midfield,Retired,-,out,Winter,0,Ligue 1,1993,1993/1994
AC Le Havre,Patrice Marquet,27,Attacking Midfield,Lens,?,in,Winter,NA,Ligue 1,1993,1993/1994
AS Monaco,Luiz Henrique,25,Central Midfield,Fluminense,?,out,Winter,NA,Ligue 1,1993,1993/1994
Olympique Marseille,Paulo Futre,27,Left Winger,Benfica,£4.05m,in,Winter,4.05,Ligue 1,1993,1993/1994
Olympique Marseille,Sonny Anderson,23,Centre-Forward,Servette FC,?,in,Winter,NA,Ligue 1,1993,1993/1994
Olympique Marseille,Alen Boksic,23,Centre-Forward,Lazio,£9.90m,out,Winter,9.9,Ligue 1,1993,1993/1994
Olympique Marseille,Marcel Desailly,25,Centre-Back,Milan,£4.95m,out,Winter,4.95,Ligue 1,1993,1993/1994
AJ Auxerre,Stéphane Ferrand,25,Goalkeeper,FC Sochaux,Loan,in,Winter,0,Ligue 1,1993,1993/1994
FC Metz,Dragoljub Brnovic,30,Midfielder,Örgryte,Free transfer,in,Winter,0,Ligue 1,1993,1993/1994
FC Metz,Lubos Kubik,29,Central Midfield,1.FC Nuremberg,?,out,Winter,NA,Ligue 1,1993,1993/1994
AS Saint-Étienne,Marcin Szulik,16,Midfielder,Arka Nowa Sol,?,in,Winter,NA,Ligue 1,1993,1993/1994
AS Saint-Étienne,Miklos Molnar,23,Centre-Forward,Lyngby BK,Free transfer,out,Winter,0,Ligue 1,1993,1993/1994
RC Strasbourg Alsace,Ivan Hasek,30,Central Midfield,Sanf. Hiroshima,?,out,Winter,NA,Ligue 1,1993,1993/1994
