club_name,player_name,age,position,club_involved_name,fee,transfer_movement,transfer_period,fee_cleaned,league_name,year,season
Спартак-Нальчик Нальчик,Mario Juric,28,Right Winger,Shinnik,?,in,Summer,NA,Premier Liga,2005,2005/2006
Спартак-Нальчик Нальчик,Stanislav Dyachenko,20,Right-Back,Volyn Lutsk,?,in,Summer,NA,Premier Liga,2005,2005/2006
Спартак-Нальчик Нальчик,Roman Kontsedalov,19,Central Midfield,Loko Moscow II,loan transfer,in,Summer,NA,Premier Liga,2005,2005/2006
Спартак-Нальчик Нальчик,Sultan Khuranov,21,Centre-Back,Mashuk-KMV,,in,Summer,NA,Premier Liga,2005,2005/2006
Спартак-Нальчик Нальчик,Marat Dzakhmishev,25,Central Midfield,S-UGP Anapa,?,out,Summer,NA,Premier Liga,2005,2005/2006
Спартак-Нальчик Нальчик,Anton Klimenko,20,defence,T. Volzhskiy,?,out,Summer,NA,Premier Liga,2005,2005/2006
Спартак-Нальчик Нальчик,Marat Shogenov,20,Central Midfield,Torpedo Volzhsky,loan transfer,out,Summer,NA,Premier Liga,2005,2005/2006
Спартак-Нальчик Нальчик,Vladimir Kuzmichev,25,Left Winger,CSKA Moscow,"End of loanJun 30, 2005",out,Summer,0,Premier Liga,2005,2005/2006
Luch Vladivostok,Willer,25,Attacking Midfield,Dinamo Bryansk,?,in,Summer,NA,Premier Liga,2005,2005/2006
Luch Vladivostok,Mikhail Rekudanov,20,Centre-Back,Nika Moskau,loan transfer,in,Summer,NA,Premier Liga,2005,2005/2006
Luch Vladivostok,Sergey Ivanov,21,Goalkeeper,Spartak NN,£68Th.,out,Summer,0.068,Premier Liga,2005,2005/2006
Luch Vladivostok,Zurab Tsiklauri,31,Centre-Forward,Yunit Samara,?,out,Summer,NA,Premier Liga,2005,2005/2006
CSKA Moscow,Vladimir Kuzmichev,25,Left Winger,Спартак-Нальчик,"End of loanJun 30, 2005",in,Summer,0,Premier Liga,2005,2005/2006
CSKA Moscow,Juris Laizans,26,Defensive Midfield,Torpedo Moscow,loan transfer,out,Summer,NA,Premier Liga,2005,2005/2006
CSKA Moscow,Vladimir Kuzmichev,25,Left Winger,Anzhi,loan transfer,out,Summer,NA,Premier Liga,2005,2005/2006
CSKA Moscow,Alan Kusov,23,Left Midfield,Spartak Ch.,loan transfer,out,Summer,NA,Premier Liga,2005,2005/2006
Spartak Moscow,Mozart,25,Defensive Midfield,Reggina,£4.05m,in,Summer,4.05,Premier Liga,2005,2005/2006
Spartak Moscow,Vladimir Bystrov,21,Right Midfield,Zenit S-Pb,£3.60m,in,Summer,3.6,Premier Liga,2005,2005/2006
Spartak Moscow,Ales Urbanek,25,Left-Back,Sparta Prague,"End of loanJun 30, 2005",in,Summer,0,Premier Liga,2005,2005/2006
Spartak Moscow,Luc Zoa,26,Centre-Back,Anzhi,"End of loanJun 30, 2005",in,Summer,0,Premier Liga,2005,2005/2006
Spartak Moscow,Roman Vasilyuk,26,Centre-Forward,Hapoel Tel Aviv,"End of loanJun 30, 2005",in,Summer,0,Premier Liga,2005,2005/2006
Spartak Moscow,Aleksandr Samedov,20,Right Winger,Loko Moscow,£3.60m,out,Summer,3.6,Premier Liga,2005,2005/2006
Spartak Moscow,Ales Urbanek,25,Left-Back,Artmedia Brat.,?,out,Summer,NA,Premier Liga,2005,2005/2006
Spartak Moscow,Roman Vasilyuk,26,Centre-Forward,Gomel,?,out,Summer,NA,Premier Liga,2005,2005/2006
Spartak Moscow,Florin Soava,27,Centre-Back,KS Samara,loan transfer,out,Summer,NA,Premier Liga,2005,2005/2006
Lokomotiv Moscow,Aleksandr Samedov,20,Right Winger,Spartak Moscow,£3.60m,in,Summer,3.6,Premier Liga,2005,2005/2006
Lokomotiv Moscow,Dmitri Kruglov,21,Left-Back,Levadia,£540Th.,in,Summer,0.54,Premier Liga,2005,2005/2006
Lokomotiv Moscow,Essau Kanyenda,22,Centre-Forward,Rostov,£360Th.,in,Summer,0.36,Premier Liga,2005,2005/2006
Lokomotiv Moscow,André Bikey,20,Centre-Back,Shinnik,?,in,Summer,NA,Premier Liga,2005,2005/2006
Lokomotiv Moscow,Francesco Ruopolo,22,Centre-Forward,Parma,loan transfer,in,Summer,NA,Premier Liga,2005,2005/2006
Lokomotiv Moscow,James Obiorah,26,Centre-Forward,Chamois Niort,"End of loanJun 30, 2005",in,Summer,0,Premier Liga,2005,2005/2006
Lokomotiv Moscow,Ruslan Pimenov,23,Centre-Forward,FC Metz,"End of loanJun 1, 2005",in,Summer,0,Premier Liga,2005,2005/2006
Lokomotiv Moscow,Ruslan Pimenov,23,Centre-Forward,Alania,Loan fee:£90Th.,out,Summer,0.09,Premier Liga,2005,2005/2006
Lokomotiv Moscow,James Obiorah,26,Centre-Forward,Grazer AK,free transfer,out,Summer,NA,Premier Liga,2005,2005/2006
Lokomotiv Moscow,Maksim Buznikin,28,Centre-Forward,Rostov,loan transfer,out,Summer,NA,Premier Liga,2005,2005/2006
Lokomotiv Moscow,Winston Parks,23,Centre-Forward,Saturn,loan transfer,out,Summer,NA,Premier Liga,2005,2005/2006
Lokomotiv Moscow,Mikhail Ashvetia,27,Centre-Forward,Rostov,loan transfer,out,Summer,NA,Premier Liga,2005,2005/2006
Rubin Kazan,Giorgi Kinkladze,31,Attacking Midfield,Anorthosis,£270Th.,in,Summer,0.27,Premier Liga,2005,2005/2006
Rubin Kazan,Dmitri Vasiljev,28,Defensive Midfield,Shinnik,£270Th.,in,Summer,0.27,Premier Liga,2005,2005/2006
Rubin Kazan,Konstantin Skrylnikov,25,Left Midfield,Tom Tomsk,?,in,Summer,NA,Premier Liga,2005,2005/2006
Rubin Kazan,Adam Petrous,27,Centre-Back,Austria Vienna,"End of loanJun 30, 2005",in,Summer,0,Premier Liga,2005,2005/2006
Rubin Kazan,Aloisio Chulapa,30,Centre-Forward,Atlético-PR,"End of loanOct 1, 2005",in,Summer,0,Premier Liga,2005,2005/2006
Rubin Kazan,Roni,28,Centre-Forward,Goiás EC,£180Th.,out,Summer,0.18,Premier Liga,2005,2005/2006
Rubin Kazan,Adam Petrous,27,Centre-Back,Sparta Prague,?,out,Summer,NA,Premier Liga,2005,2005/2006
Rubin Kazan,Dmitri Michkov,25,Defensive Midfield,Vityaz Podolsk,loan transfer,out,Summer,NA,Premier Liga,2005,2005/2006
Rubin Kazan,Aleksey Bakharev,28,Central Midfield,Shakhtar D.,"End of loanJun 30, 2005",out,Summer,0,Premier Liga,2005,2005/2006
FC Moscow,Vladimirs Kolesnicenko,25,Attacking Midfield,Venta Kuldiga,"End of loanJun 30, 2005",in,Summer,0,Premier Liga,2005,2005/2006
FC Moscow,Baba Adamu,25,Centre-Forward,KS Samara,£180Th.,out,Summer,0.18,Premier Liga,2005,2005/2006
FC Moscow,Rolandas Dziaukstas,27,Centre-Back,Saturn,?,out,Summer,NA,Premier Liga,2005,2005/2006
FC Moscow,Kirill Orlov,22,Right-Back,Rostov,loan transfer,out,Summer,NA,Premier Liga,2005,2005/2006
FC Moscow,Andrey Nikolaev,22,Centre-Forward,Met-Kuz,loan transfer,out,Summer,NA,Premier Liga,2005,2005/2006
FC Moscow,Ruslan Baltiev,26,Attacking Midfield,Shinnik,loan transfer,out,Summer,NA,Premier Liga,2005,2005/2006
FC Moscow,Budun Budunov,29,Centre-Forward,Tom Tomsk,loan transfer,out,Summer,NA,Premier Liga,2005,2005/2006
Zenit St. Petersburg,Aleksandr Anyukov,22,Right-Back,KS Samara,£2.70m,in,Summer,2.7,Premier Liga,2005,2005/2006
Zenit St. Petersburg,Dong-jin Kim,24,Left-Back,FC Seoul,£1.80m,in,Summer,1.8,Premier Liga,2005,2005/2006
Zenit St. Petersburg,Robertas Poskus,26,Centre-Forward,KS Samara,free transfer,in,Summer,NA,Premier Liga,2005,2005/2006
Zenit St. Petersburg,Marek Kincl,32,Centre-Forward,Rapid Vienna,"End of loanJun 30, 2005",in,Summer,0,Premier Liga,2005,2005/2006
Zenit St. Petersburg,Valentin Filatov,23,Left-Back,Nosta,"End of loanJun 30, 2005",in,Summer,0,Premier Liga,2005,2005/2006
Zenit St. Petersburg,Martin Horak,24,Centre-Back,Denizlispor,"End of loanJun 30, 2005",in,Summer,0,Premier Liga,2005,2005/2006
Zenit St. Petersburg,Vladimir Bystrov,21,Right Midfield,Spartak Moscow,£3.60m,out,Summer,3.6,Premier Liga,2005,2005/2006
Zenit St. Petersburg,Marek Kincl,32,Centre-Forward,Rapid Vienna,£360Th.,out,Summer,0.36,Premier Liga,2005,2005/2006
Zenit St. Petersburg,Lukas Hartig,28,Centre-Forward,Artmedia Brat.,£180Th.,out,Summer,0.18,Premier Liga,2005,2005/2006
Zenit St. Petersburg,Valentin Filatov,23,Left-Back,Petrotrest,free transfer,out,Summer,NA,Premier Liga,2005,2005/2006
Zenit St. Petersburg,Oleg Trifonov,24,Left Midfield,Kuban Krasnodar,loan transfer,out,Summer,NA,Premier Liga,2005,2005/2006
Zenit St. Petersburg,Martin Horak,24,Centre-Back,Rostov,loan transfer,out,Summer,NA,Premier Liga,2005,2005/2006
Torpedo Moscow,Emir Spahic,24,Centre-Back,Shinnik,£1.49m,in,Summer,1.49,Premier Liga,2005,2005/2006
Torpedo Moscow,Aleksandr Geynrikh,20,Centre-Forward,Pakhtakor,free transfer,in,Summer,NA,Premier Liga,2005,2005/2006
Torpedo Moscow,Juris Laizans,26,Defensive Midfield,CSKA Moscow,loan transfer,in,Summer,NA,Premier Liga,2005,2005/2006
Torpedo Moscow,Andres Oper,27,Centre-Forward,Roda JC,£180Th.,out,Summer,0.18,Premier Liga,2005,2005/2006
Torpedo Moscow,Sergey Korovushkin,26,Centre-Forward,Avangard Kursk,£90Th.,out,Summer,0.09,Premier Liga,2005,2005/2006
Torpedo Moscow,Nikola Jolovic,26,Centre-Back,Saturn,free transfer,out,Summer,NA,Premier Liga,2005,2005/2006
Torpedo Moscow,Sergey Chernogaev,22,Defensive Midfield,Shinnik,loan transfer,out,Summer,NA,Premier Liga,2005,2005/2006
Dinamo Moscow,Maniche,27,Central Midfield,FC Porto,£14.40m,in,Summer,14.4,Premier Liga,2005,2005/2006
Dinamo Moscow,Georgios Seitaridis,24,Right-Back,FC Porto,£9.00m,in,Summer,9,Premier Liga,2005,2005/2006
Dinamo Moscow,Joseph Enakarhire,22,Centre-Back,Sporting CP,£5.40m,in,Summer,5.4,Premier Liga,2005,2005/2006
Dinamo Moscow,Costinha,30,Defensive Midfield,FC Porto,£3.60m,in,Summer,3.6,Premier Liga,2005,2005/2006
Dinamo Moscow,Thiago Silva,20,Centre-Back,FC Porto,£3.15m,in,Summer,3.15,Premier Liga,2005,2005/2006
Dinamo Moscow,Nuno Espírito Santo,31,Goalkeeper,FC Porto,£2.25m,in,Summer,2.25,Premier Liga,2005,2005/2006
Dinamo Moscow,Denis Kolodin,23,Centre-Back,KS Samara,£1.80m,in,Summer,1.8,Premier Liga,2005,2005/2006
Dinamo Moscow,Patrick Ovie,27,Centre-Back,KS Samara,£1.80m,in,Summer,1.8,Premier Liga,2005,2005/2006
Dinamo Moscow,Andrejs Prohorenkovs,28,Defensive Midfield,M. Tel Aviv,?,in,Summer,NA,Premier Liga,2005,2005/2006
Dinamo Moscow,Sergey Yashin,25,Right Winger,Saturn,£360Th.,out,Summer,0.36,Premier Liga,2005,2005/2006
Dinamo Moscow,Luís Loureiro,28,Defensive Midfield,Sporting CP,free transfer,out,Summer,NA,Premier Liga,2005,2005/2006
Dinamo Moscow,Martin Hasek,35,Defensive Midfield,Sparta Prague,free transfer,out,Summer,NA,Premier Liga,2005,2005/2006
Dinamo Moscow,Vladimir Beschastnykh,31,Centre-Forward,Spartak Orel,free transfer,out,Summer,NA,Premier Liga,2005,2005/2006
Dinamo Moscow,Radoslav Batak,27,Centre-Back,Ankaraspor,?,out,Summer,NA,Premier Liga,2005,2005/2006
Dinamo Moscow,German Kutarba,26,Defensive Midfield,Metalurg Z.,?,out,Summer,NA,Premier Liga,2005,2005/2006
Shinnik Yaroslavl,Adrian Iordache,24,Centre-Back,FC Dinamo,£225Th.,in,Summer,0.225,Premier Liga,2005,2005/2006
Shinnik Yaroslavl,Vladimir But,27,Attacking Midfield,Hannover 96,free transfer,in,Summer,NA,Premier Liga,2005,2005/2006
Shinnik Yaroslavl,Igor Budisa,27,Centre-Back,Eintracht Trier,free transfer,in,Summer,NA,Premier Liga,2005,2005/2006
Shinnik Yaroslavl,Aleksandr Shirko,28,Centre-Forward,Terek Grozny,free transfer,in,Summer,NA,Premier Liga,2005,2005/2006
Shinnik Yaroslavl,Ilya Dolmatov,20,Centre-Forward,Sportacademclub,?,in,Summer,NA,Premier Liga,2005,2005/2006
Shinnik Yaroslavl,Vyacheslav Vishnevskiy,28,Right Winger,Spartak Orel,?,in,Summer,NA,Premier Liga,2005,2005/2006
Shinnik Yaroslavl,Ruslan Baltiev,26,Attacking Midfield,FC Moscow,loan transfer,in,Summer,NA,Premier Liga,2005,2005/2006
Shinnik Yaroslavl,Leonid Koshelev,25,Left Midfield,Pakhtakor,loan transfer,in,Summer,NA,Premier Liga,2005,2005/2006
Shinnik Yaroslavl,Sergey Chernogaev,22,Defensive Midfield,Torpedo Moscow,loan transfer,in,Summer,NA,Premier Liga,2005,2005/2006
Shinnik Yaroslavl,Emir Spahic,24,Centre-Back,Torpedo Moscow,£1.49m,out,Summer,1.49,Premier Liga,2005,2005/2006
Shinnik Yaroslavl,Dmitri Vasiljev,28,Defensive Midfield,Rubin Kazan,£270Th.,out,Summer,0.27,Premier Liga,2005,2005/2006
Shinnik Yaroslavl,Aleksandr Kulchiy,31,Defensive Midfield,Tom Tomsk,free transfer,out,Summer,NA,Premier Liga,2005,2005/2006
Shinnik Yaroslavl,Andrey Dyatel,25,Defensive Midfield,Spartak NN,£36Th.,out,Summer,0.036,Premier Liga,2005,2005/2006
Shinnik Yaroslavl,Mario Juric,28,Right Winger,Спартак-Нальчик,?,out,Summer,NA,Premier Liga,2005,2005/2006
Shinnik Yaroslavl,André Bikey,20,Centre-Back,Loko Moscow,?,out,Summer,NA,Premier Liga,2005,2005/2006
Shinnik Yaroslavl,Renat Dubinskiy,26,Left-Back,Ural,?,out,Summer,NA,Premier Liga,2005,2005/2006
Shinnik Yaroslavl,Sergey Shtanyuk,31,Centre-Back,Metalurg Z.,?,out,Summer,NA,Premier Liga,2005,2005/2006
Shinnik Yaroslavl,Platon Zakharchuk,32,Goalkeeper,KamAZ,?,out,Summer,NA,Premier Liga,2005,2005/2006
Tom Tomsk,Andrius Skerla,28,Centre-Back,Dunfermline A.,£225Th.,in,Summer,0.225,Premier Liga,2005,2005/2006
Tom Tomsk,Branislav Krunic,26,Central Midfield,Volyn Lutsk,£212Th.,in,Summer,0.212,Premier Liga,2005,2005/2006
Tom Tomsk,Hrvoje Vejic,28,Centre-Back,Hajduk Split,£180Th.,in,Summer,0.18,Premier Liga,2005,2005/2006
Tom Tomsk,Atanas Bornosuzov,25,Central Midfield,PFC Naftex,free transfer,in,Summer,NA,Premier Liga,2005,2005/2006
Tom Tomsk,Aleksandr Kulchiy,31,Defensive Midfield,Shinnik,free transfer,in,Summer,NA,Premier Liga,2005,2005/2006
Tom Tomsk,Andrius Gedgaudas,26,midfield,FBK Kaunas,?,in,Summer,NA,Premier Liga,2005,2005/2006
Tom Tomsk,Denys Onyshchenko,27,Central Midfield,Vorskla Poltava,?,in,Summer,NA,Premier Liga,2005,2005/2006
Tom Tomsk,Budun Budunov,29,Centre-Forward,FC Moscow,loan transfer,in,Summer,NA,Premier Liga,2005,2005/2006
Tom Tomsk,Dmitri Skoblyakov,25,Left Winger,Spartak NN,free transfer,out,Summer,NA,Premier Liga,2005,2005/2006
Tom Tomsk,Rustem Bulatov,31,Centre-Back,Anzhi,free transfer,out,Summer,NA,Premier Liga,2005,2005/2006
Tom Tomsk,Konstantin Skrylnikov,25,Left Midfield,Rubin Kazan,?,out,Summer,NA,Premier Liga,2005,2005/2006
Tom Tomsk,Tomas Vychodil,29,Centre-Back,Sibir,?,out,Summer,NA,Premier Liga,2005,2005/2006
Tom Tomsk,Ilya Blyznyuk,31,Goalkeeper,Kryvbas,?,out,Summer,NA,Premier Liga,2005,2005/2006
Tom Tomsk,Vladimir Mazov,24,Defensive Midfield,Khimki,?,out,Summer,NA,Premier Liga,2005,2005/2006
Tom Tomsk,Aleksandr Shvetsov,24,Defensive Midfield,Anzhi,loan transfer,out,Summer,NA,Premier Liga,2005,2005/2006
Tom Tomsk,Andrey Demkin,29,Centre-Forward,Sibir,loan transfer,out,Summer,NA,Premier Liga,2005,2005/2006
Saturn Ramenskoe,Jean,23,Centre-Forward,Cruzeiro,£810Th.,in,Summer,0.81,Premier Liga,2005,2005/2006
Saturn Ramenskoe,Sergey Yashin,25,Right Winger,Dinamo Moscow,£360Th.,in,Summer,0.36,Premier Liga,2005,2005/2006
Saturn Ramenskoe,Nikola Jolovic,26,Centre-Back,Torpedo Moscow,free transfer,in,Summer,NA,Premier Liga,2005,2005/2006
Saturn Ramenskoe,Aleksandr Stepin,33,midfield,Gubkin,free transfer,in,Summer,NA,Premier Liga,2005,2005/2006
Saturn Ramenskoe,Rolandas Dziaukstas,27,Centre-Back,FC Moscow,?,in,Summer,NA,Premier Liga,2005,2005/2006
Saturn Ramenskoe,Winston Parks,23,Centre-Forward,Loko Moscow,loan transfer,in,Summer,NA,Premier Liga,2005,2005/2006
Saturn Ramenskoe,Renat Sabitov,20,Centre-Back,Saturn II,-,in,Summer,0,Premier Liga,2005,2005/2006
Saturn Ramenskoe,Antonio Barijho,28,Centre-Forward,CA Banfield,"End of loanJul 4, 2005",in,Summer,0,Premier Liga,2005,2005/2006
Saturn Ramenskoe,Roman Lengyel,26,Centre-Back,Kuban Krasnodar,£180Th.,out,Summer,0.18,Premier Liga,2005,2005/2006
Saturn Ramenskoe,Antonio Barijho,29,Centre-Forward,Independiente,free transfer,out,Summer,NA,Premier Liga,2005,2005/2006
Saturn Ramenskoe,Martín Hidalgo,30,Left-Back,Libertad,?,out,Summer,NA,Premier Liga,2005,2005/2006
Saturn Ramenskoe,Antonio Barijho,28,Centre-Forward,Barcelona SC,loan transfer,out,Summer,NA,Premier Liga,2005,2005/2006
Amkar Perm,Evgeni Yordanov,27,Centre-Forward,CSKA Sofia,£180Th.,in,Summer,0.18,Premier Liga,2005,2005/2006
Amkar Perm,Branko Radovanovic,24,Centre-Forward,Zeleznik Belgr.,free transfer,in,Summer,NA,Premier Liga,2005,2005/2006
Amkar Perm,Ildar Akhmetzyanov,21,Defensive Midfield,Neftekhimik,free transfer,in,Summer,NA,Premier Liga,2005,2005/2006
Amkar Perm,Martin Kushev,31,Centre-Forward,Litex Lovech,free transfer,in,Summer,NA,Premier Liga,2005,2005/2006
Amkar Perm,Branimir Subasic,23,Centre-Forward,Neftchi Baku,£135Th.,out,Summer,0.135,Premier Liga,2005,2005/2006
Amkar Perm,Sergey Savochkin,29,Defensive Midfield,Nosta,?,out,Summer,NA,Premier Liga,2005,2005/2006
FK Rostov,Gocha Khojava,20,Attacking Midfield,Anorthosis,£45Th.,in,Summer,0.045,Premier Liga,2005,2005/2006
FK Rostov,Alberto,30,Centre-Forward,Corinthians,free transfer,in,Summer,NA,Premier Liga,2005,2005/2006
FK Rostov,Martin Horak,24,Centre-Back,Zenit S-Pb,loan transfer,in,Summer,NA,Premier Liga,2005,2005/2006
FK Rostov,Maksim Buznikin,28,Centre-Forward,Loko Moscow,loan transfer,in,Summer,NA,Premier Liga,2005,2005/2006
FK Rostov,Mikhail Ashvetia,27,Centre-Forward,Loko Moscow,loan transfer,in,Summer,NA,Premier Liga,2005,2005/2006
FK Rostov,Kirill Orlov,22,Right-Back,FC Moscow,loan transfer,in,Summer,NA,Premier Liga,2005,2005/2006
FK Rostov,Wes Charles,29,Centre-Back,Bray Wanderers,loan transfer,in,Summer,NA,Premier Liga,2005,2005/2006
FK Rostov,Essau Kanyenda,22,Centre-Forward,Loko Moscow,£360Th.,out,Summer,0.36,Premier Liga,2005,2005/2006
FK Rostov,Bennett Mnguni,31,Left Midfield,TJ Teda,£270Th.,out,Summer,0.27,Premier Liga,2005,2005/2006
FK Rostov,Vits Rimkus,32,Centre-Forward,Ventspils,?,out,Summer,NA,Premier Liga,2005,2005/2006
Krylya Sovetov Samara,Baba Adamu,25,Centre-Forward,FC Moscow,£180Th.,in,Summer,0.18,Premier Liga,2005,2005/2006
Krylya Sovetov Samara,Marko Topic,29,Centre-Forward,VfL Wolfsburg,free transfer,in,Summer,NA,Premier Liga,2005,2005/2006
Krylya Sovetov Samara,Andrey Solomatin,29,Left-Back,Obolon Kyiv,free transfer,in,Summer,NA,Premier Liga,2005,2005/2006
Krylya Sovetov Samara,Nerijus Barasa,27,Right-Back,Alania,loan transfer,in,Summer,NA,Premier Liga,2005,2005/2006
Krylya Sovetov Samara,Cosmin Barcauan,26,Centre-Back,Shakhtar D.,loan transfer,in,Summer,NA,Premier Liga,2005,2005/2006
Krylya Sovetov Samara,Bakhtiyar Ashurmatov,29,Centre-Back,Pakhtakor,?,in,Summer,NA,Premier Liga,2005,2005/2006
Krylya Sovetov Samara,Florin Soava,27,Centre-Back,Spartak Moscow,loan transfer,in,Summer,NA,Premier Liga,2005,2005/2006
Krylya Sovetov Samara,Aleksandr Anyukov,22,Right-Back,Zenit S-Pb,£2.70m,out,Summer,2.7,Premier Liga,2005,2005/2006
Krylya Sovetov Samara,Ognjen Koroman,26,Right Winger,Terek Grozny,£1.80m,out,Summer,1.8,Premier Liga,2005,2005/2006
Krylya Sovetov Samara,Denis Kolodin,23,Centre-Back,Dinamo Moscow,£1.80m,out,Summer,1.8,Premier Liga,2005,2005/2006
Krylya Sovetov Samara,Patrick Ovie,27,Centre-Back,Dinamo Moscow,£1.80m,out,Summer,1.8,Premier Liga,2005,2005/2006
Krylya Sovetov Samara,Moisés Moura,25,Centre-Back,Cruzeiro,£900Th.,out,Summer,0.9,Premier Liga,2005,2005/2006
Krylya Sovetov Samara,Andrey Karyaka,27,Left Winger,Benfica,£900Th.,out,Summer,0.9,Premier Liga,2005,2005/2006
Krylya Sovetov Samara,Laryea Kingston,24,Central Midfield,Terek Grozny,free transfer,out,Summer,NA,Premier Liga,2005,2005/2006
Krylya Sovetov Samara,Robertas Poskus,26,Centre-Forward,Zenit S-Pb,free transfer,out,Summer,NA,Premier Liga,2005,2005/2006
Krylya Sovetov Samara,Souza,30,Attacking Midfield,Flamengo,free transfer,out,Summer,NA,Premier Liga,2005,2005/2006
Krylya Sovetov Samara,Dmitri Kudryashov,22,Central Midfield,Anzhi,free transfer,out,Summer,NA,Premier Liga,2005,2005/2006
Krylya Sovetov Samara,Oleksandr Lavrentsov,32,Goalkeeper,Spartak Orel,?,out,Summer,NA,Premier Liga,2005,2005/2006
Krylya Sovetov Samara,Aleksey Torin,20,defence,Retired,-,out,Summer,0,Premier Liga,2005,2005/2006
Спартак-Нальчик Нальчик,Miodrag Dzudovic,26,Centre-Back,Volyn Lutsk,£90Th.,in,Winter,0.09,Premier Liga,2005,2005/2006
Спартак-Нальчик Нальчик,Erik Korchagin,26,Centre-Forward,Shinnik,free transfer,in,Winter,NA,Premier Liga,2005,2005/2006
Спартак-Нальчик Нальчик,Levan Gvazava,25,Attacking Midfield,Dinamo Batumi,free transfer,in,Winter,NA,Premier Liga,2005,2005/2006
Спартак-Нальчик Нальчик,Aleksandr Zarutskiy,36,defence,SK Tavriya,?,in,Winter,NA,Premier Liga,2005,2005/2006
Спартак-Нальчик Нальчик,Gogita Gogua,22,Centre-Back,Khimki,?,in,Winter,NA,Premier Liga,2005,2005/2006
Спартак-Нальчик Нальчик,Dmitri Michkov,25,Defensive Midfield,Rubin Kazan,?,in,Winter,NA,Premier Liga,2005,2005/2006
Спартак-Нальчик Нальчик,Andriy Poroshyn,27,Centre-Forward,Loko Moscow II,?,in,Winter,NA,Premier Liga,2005,2005/2006
Спартак-Нальчик Нальчик,Vitali Lanko,28,Centre-Forward,Met-Kuz,?,in,Winter,NA,Premier Liga,2005,2005/2006
Спартак-Нальчик Нальчик,Denis Evsikov,24,Left-Back,Terek Grozny,?,in,Winter,NA,Premier Liga,2005,2005/2006
Спартак-Нальчик Нальчик,Sergey Serdyukov,24,Centre-Forward,Dinamo Makhach.,loan transfer,in,Winter,NA,Premier Liga,2005,2005/2006
Спартак-Нальчик Нальчик,Ngasanya Ilongo,21,Defensive Midfield,Loko Moscow,loan transfer,in,Winter,NA,Premier Liga,2005,2005/2006
Спартак-Нальчик Нальчик,Jefthon,23,Centre-Back,Kuban Krasnodar,loan transfer,in,Winter,NA,Premier Liga,2005,2005/2006
Спартак-Нальчик Нальчик,Aslan Mashukov,21,Defensive Midfield,Spartak N. II,-,in,Winter,0,Premier Liga,2005,2005/2006
Спартак-Нальчик Нальчик,Ashamaz Shakov,20,defence,Spartak N. II,-,in,Winter,0,Premier Liga,2005,2005/2006
Спартак-Нальчик Нальчик,Marat Shogenov,21,Central Midfield,Torpedo Volzhsky,"End of loanDec 31, 2005",in,Winter,0,Premier Liga,2005,2005/2006
Спартак-Нальчик Нальчик,Pires,20,Centre-Forward,Unknown,free transfer,out,Winter,NA,Premier Liga,2005,2005/2006
Спартак-Нальчик Нальчик,Anzor Kunizhev,30,Centre-Forward,Volgar-Gazprom,free transfer,out,Winter,NA,Premier Liga,2005,2005/2006
Спартак-Нальчик Нальчик,Konstantin Sineokov,26,Right-Back,Spartak-MZK,free transfer,out,Winter,NA,Premier Liga,2005,2005/2006
Спартак-Нальчик Нальчик,Alim Khabilov,21,Centre-Forward,Avangard Kursk,?,out,Winter,NA,Premier Liga,2005,2005/2006
Спартак-Нальчик Нальчик,Marat Shogenov,21,Central Midfield,Gazovik Orenburg,?,out,Winter,NA,Premier Liga,2005,2005/2006
Спартак-Нальчик Нальчик,Hamlet Siukaev,24,Right Winger,Volgar-Gazprom,?,out,Winter,NA,Premier Liga,2005,2005/2006
Спартак-Нальчик Нальчик,Anatoli Romanovich,26,Centre-Back,Shinnik,?,out,Winter,NA,Premier Liga,2005,2005/2006
Спартак-Нальчик Нальчик,Sergey Ovchinnikov,21,Centre-Forward,Loko Moscow II,"End of loanDec 31, 2005",out,Winter,0,Premier Liga,2005,2005/2006
Спартак-Нальчик Нальчик,Andriy Poroshyn,27,Centre-Forward,Loko Moscow II,"End of loanDec 1, 2005",out,Winter,0,Premier Liga,2005,2005/2006
Спартак-Нальчик Нальчик,Sultan Khuranov,21,Centre-Back,Unknown,,out,Winter,NA,Premier Liga,2005,2005/2006
Luch Vladivostok,Kirill Makarov,18,Attacking Midfield,Zenit 2 S-Pb,£270Th.,in,Winter,0.27,Premier Liga,2005,2005/2006
Luch Vladivostok,Andrey Movsesyan,30,Centre-Forward,FC Moscow,free transfer,in,Winter,NA,Premier Liga,2005,2005/2006
Luch Vladivostok,Dmytro Semochko,26,Left-Back,Dnipro,?,in,Winter,NA,Premier Liga,2005,2005/2006
Luch Vladivostok,Ruslan Adzhindzhal,31,Central Midfield,Terek Grozny,?,in,Winter,NA,Premier Liga,2005,2005/2006
Luch Vladivostok,Aleksandr Petukhov,25,Centre-Forward,M. Lipetsk,?,in,Winter,NA,Premier Liga,2005,2005/2006
Luch Vladivostok,Andrey Ospeshinski,26,Centre-Forward,Khimki,?,in,Winter,NA,Premier Liga,2005,2005/2006
Luch Vladivostok,Dmitri N. Smirnov,25,Centre-Back,Khimki,?,in,Winter,NA,Premier Liga,2005,2005/2006
Luch Vladivostok,Roman Romanov,24,Centre-Back,Zenit 2 S-Pb,?,in,Winter,NA,Premier Liga,2005,2005/2006
Luch Vladivostok,Giorgi Lomaia,26,Goalkeeper,Khimki,?,in,Winter,NA,Premier Liga,2005,2005/2006
Luch Vladivostok,Konstantin Gordiyuk,27,Centre-Back,Sibir,?,out,Winter,NA,Premier Liga,2005,2005/2006
Luch Vladivostok,Ruslan Surodin,23,Defensive Midfield,Volgar-Gazprom,?,out,Winter,NA,Premier Liga,2005,2005/2006
Luch Vladivostok,Andrey Otyutskiy,23,Centre-Back,Volgar-Gazprom,?,out,Winter,NA,Premier Liga,2005,2005/2006
Luch Vladivostok,Mikhail Rekudanov,20,Centre-Back,Nika Moskau,"End of loanDec 1, 2005",out,Winter,0,Premier Liga,2005,2005/2006
CSKA Moscow,Jô,18,Centre-Forward,Corinthians,£4.50m,in,Winter,4.5,Premier Liga,2005,2005/2006
CSKA Moscow,Ivan Taranov,19,Centre-Back,CSKA Moscow II,-,in,Winter,0,Premier Liga,2005,2005/2006
CSKA Moscow,Anton Grigorjev,20,Centre-Back,CSKA Moscow II,-,in,Winter,0,Premier Liga,2005,2005/2006
CSKA Moscow,Vladimir Kuzmichev,26,Left Winger,Anzhi,"End of loanDec 31, 2005",in,Winter,0,Premier Liga,2005,2005/2006
CSKA Moscow,Spartak Gogniev,24,Centre-Forward,Alania,"End of loanDec 31, 2005",in,Winter,0,Premier Liga,2005,2005/2006
CSKA Moscow,Alan Kusov,24,Left Midfield,Spartak Ch.,"End of loanDec 1, 2005",in,Winter,0,Premier Liga,2005,2005/2006
CSKA Moscow,Serghei Dadu,24,Centre-Forward,Alania,"End of loanDec 1, 2005",in,Winter,0,Premier Liga,2005,2005/2006
CSKA Moscow,Juris Laizans,26,Defensive Midfield,Torpedo Moscow,"End of loanDec 1, 2005",in,Winter,0,Premier Liga,2005,2005/2006
CSKA Moscow,Aleksandr Antipenko,23,Centre-Forward,Khimki,"End of loanDec 1, 2005",in,Winter,0,Premier Liga,2005,2005/2006
CSKA Moscow,Osmar Ferreyra,22,Attacking Midfield,PSV Eindhoven,"End of loanDec 31, 2005",in,Winter,0,Premier Liga,2005,2005/2006
CSKA Moscow,Bogdan Shershun,24,Centre-Back,Dnipro,£405Th.,out,Winter,0.405,Premier Liga,2005,2005/2006
CSKA Moscow,Vladimir Kuzmichev,26,Left Winger,Kuban Krasnodar,free transfer,out,Winter,NA,Premier Liga,2005,2005/2006
CSKA Moscow,Spartak Gogniev,24,Centre-Forward,Saturn,loan transfer,out,Winter,NA,Premier Liga,2005,2005/2006
CSKA Moscow,Sergey Pravosud,19,Centre-Forward,Shinnik,loan transfer,out,Winter,NA,Premier Liga,2005,2005/2006
CSKA Moscow,Juris Laizans,26,Defensive Midfield,Rostov,loan transfer,out,Winter,NA,Premier Liga,2005,2005/2006
CSKA Moscow,Aleksandr Antipenko,23,Centre-Forward,Anzhi,loan transfer,out,Winter,NA,Premier Liga,2005,2005/2006
CSKA Moscow,Sergey Samodin,20,Centre-Forward,Spartak NN,loan transfer,out,Winter,NA,Premier Liga,2005,2005/2006
CSKA Moscow,Alan Kusov,24,Left Midfield,Career break,-,out,Winter,0,Premier Liga,2005,2005/2006
CSKA Moscow,Serghei Dadu,24,Centre-Forward,CSKA Moscow II,-,out,Winter,0,Premier Liga,2005,2005/2006
Spartak Moscow,Martin Stranzl,25,Centre-Back,VfB Stuttgart,£4.05m,in,Winter,4.05,Premier Liga,2005,2005/2006
Spartak Moscow,Quincy Owusu-Abeyie,19,Left Winger,Arsenal,£2.25m,in,Winter,2.25,Premier Liga,2005,2005/2006
Spartak Moscow,Aleksey Rebko,19,Central Midfield,Spartak II,-,in,Winter,0,Premier Liga,2005,2005/2006
Spartak Moscow,Gabriel Tamas,22,Centre-Back,FC Dinamo,"End of loanDec 1, 2005",in,Winter,0,Premier Liga,2005,2005/2006
Spartak Moscow,Pavel Pogrebnyak,22,Centre-Forward,Shinnik,"End of loanDec 31, 2005",in,Winter,0,Premier Liga,2005,2005/2006
Spartak Moscow,Nemanja Vidic‎,24,Centre-Back,Man Utd,£9.45m,out,Winter,9.45,Premier Liga,2005,2005/2006
Spartak Moscow,Pavel Pogrebnyak,22,Centre-Forward,Tom Tomsk,£1.80m,out,Winter,1.8,Premier Liga,2005,2005/2006
Spartak Moscow,Dmitri Parfenov,31,Right-Back,Dinamo Moscow,free transfer,out,Winter,NA,Premier Liga,2005,2005/2006
Spartak Moscow,Yuri Kovtun,35,Left-Back,Alania,free transfer,out,Winter,NA,Premier Liga,2005,2005/2006
Spartak Moscow,Andrezinho,23,Attacking Midfield,Sabah,?,out,Winter,NA,Premier Liga,2005,2005/2006
Spartak Moscow,Luc Zoa,26,Centre-Back,Anzhi,?,out,Winter,NA,Premier Liga,2005,2005/2006
Spartak Moscow,Andrejs Rubins,27,Left Winger,Shinnik,loan transfer,out,Winter,NA,Premier Liga,2005,2005/2006
Lokomotiv Moscow,Amr Zaki,22,Centre-Forward,Enppi SC,£2.70m,in,Winter,2.7,Premier Liga,2005,2005/2006
Lokomotiv Moscow,Emir Spahic,25,Centre-Back,Torpedo Moscow,£2.70m,in,Winter,2.7,Premier Liga,2005,2005/2006
Lokomotiv Moscow,Garry O'Connor,22,Centre-Forward,Hibernian FC,£2.16m,in,Winter,2.16,Premier Liga,2005,2005/2006
Lokomotiv Moscow,Eldin Jakupovic,21,Goalkeeper,Grasshoppers,£1.80m,in,Winter,1.8,Premier Liga,2005,2005/2006
Lokomotiv Moscow,Marián Had,23,Centre-Back,1. FC Brno,£1.80m,in,Winter,1.8,Premier Liga,2005,2005/2006
Lokomotiv Moscow,Branislav Ivanovic,21,Centre-Back,OFK Beograd,£900Th.,in,Winter,0.9,Premier Liga,2005,2005/2006
Lokomotiv Moscow,Dramane Traoré,23,Centre-Forward,Club Africain,£900Th.,in,Winter,0.9,Premier Liga,2005,2005/2006
Lokomotiv Moscow,Laryea Kingston,25,Central Midfield,Terek Grozny,free transfer,in,Winter,NA,Premier Liga,2005,2005/2006
Lokomotiv Moscow,Ngasanya Ilongo,21,Defensive Midfield,Wigan,?,in,Winter,NA,Premier Liga,2005,2005/2006
Lokomotiv Moscow,Winston Parks,24,Centre-Forward,Saturn,"End of loanDec 31, 2005",in,Winter,0,Premier Liga,2005,2005/2006
Lokomotiv Moscow,Ruslan Pimenov,24,Centre-Forward,Alania,"End of loanDec 1, 2005",in,Winter,0,Premier Liga,2005,2005/2006
Lokomotiv Moscow,Mikhail Ashvetia,28,Centre-Forward,Rostov,"End of loanDec 1, 2005",in,Winter,0,Premier Liga,2005,2005/2006
Lokomotiv Moscow,Maksim Buznikin,28,Centre-Forward,Rostov,"End of loanDec 31, 2005",in,Winter,0,Premier Liga,2005,2005/2006
Lokomotiv Moscow,Aleksey Bugaev,24,Centre-Back,Tom Tomsk,£450Th.,out,Winter,0.45,Premier Liga,2005,2005/2006
Lokomotiv Moscow,Mikhail Ashvetia,28,Centre-Forward,Rubin Kazan,£405Th.,out,Winter,0.405,Premier Liga,2005,2005/2006
Lokomotiv Moscow,Maksim Buznikin,28,Centre-Forward,Rostov,£360Th.,out,Winter,0.36,Premier Liga,2005,2005/2006
Lokomotiv Moscow,Ruslan Pimenov,24,Centre-Forward,FC Metz,Loan fee:£180Th.,out,Winter,0.18,Premier Liga,2005,2005/2006
Lokomotiv Moscow,Dmitri Khokhlov,30,Central Midfield,Dinamo Moscow,free transfer,out,Winter,NA,Premier Liga,2005,2005/2006
Lokomotiv Moscow,Sergey Ovchinnikov,35,Goalkeeper,Dinamo Moscow,free transfer,out,Winter,NA,Premier Liga,2005,2005/2006
Lokomotiv Moscow,Francisco Lima,34,Defensive Midfield,Qatar SC,loan transfer,out,Winter,NA,Premier Liga,2005,2005/2006
Lokomotiv Moscow,Sergey Omeljanchuk,25,Centre-Back,Shinnik,loan transfer,out,Winter,NA,Premier Liga,2005,2005/2006
Lokomotiv Moscow,Ngasanya Ilongo,21,Defensive Midfield,Спартак-Нальчик,loan transfer,out,Winter,NA,Premier Liga,2005,2005/2006
Lokomotiv Moscow,Francesco Ruopolo,22,Centre-Forward,Parma,"End of loanDec 1, 2005",out,Winter,0,Premier Liga,2005,2005/2006
Lokomotiv Moscow,Zaur Khapov,41,Goalkeeper,Retired,-,out,Winter,0,Premier Liga,2005,2005/2006
Rubin Kazan,Mikhail Ashvetia,28,Centre-Forward,Loko Moscow,£405Th.,in,Winter,0.405,Premier Liga,2005,2005/2006
Rubin Kazan,Aleksandr Ryazantsev,19,Central Midfield,FC Moscow II,£360Th.,in,Winter,0.36,Premier Liga,2005,2005/2006
Rubin Kazan,Roman Shirokov,24,Central Midfield,Saturn,£135Th.,in,Winter,0.135,Premier Liga,2005,2005/2006
Rubin Kazan,Nukri Revishvili,18,Goalkeeper,Torpedo Kutaisi,£90Th.,in,Winter,0.09,Premier Liga,2005,2005/2006
Rubin Kazan,Dzhambulad Bazaev,26,Right Winger,Alania,free transfer,in,Winter,NA,Premier Liga,2005,2005/2006
Rubin Kazan,Alexandru Gatcan,21,Defensive Midfield,Spartak II,free transfer,in,Winter,NA,Premier Liga,2005,2005/2006
Rubin Kazan,Baiano,27,Right-Back,Palmeiras,free transfer,in,Winter,NA,Premier Liga,2005,2005/2006
Rubin Kazan,Wálter García,21,Centre-Back,San Lorenzo,?,in,Winter,NA,Premier Liga,2005,2005/2006
Rubin Kazan,Aleksandr Bukharov,20,Centre-Forward,Rubin Kazan II,-,in,Winter,0,Premier Liga,2005,2005/2006
Rubin Kazan,Dmitri Michkov,25,Defensive Midfield,Vityaz Podolsk,"End of loanDec 1, 2005",in,Winter,0,Premier Liga,2005,2005/2006
Rubin Kazan,Tomas Cizek,27,Attacking Midfield,FC Moscow,£450Th.,out,Winter,0.45,Premier Liga,2005,2005/2006
Rubin Kazan,Igor Simutenkov,32,Centre-Forward,D. Voronezh,free transfer,out,Winter,NA,Premier Liga,2005,2005/2006
Rubin Kazan,Aloisio Chulapa,30,Centre-Forward,São Paulo,free transfer,out,Winter,NA,Premier Liga,2005,2005/2006
Rubin Kazan,Vitalijs Astafjevs,34,Defensive Midfield,Skonto,free transfer,out,Winter,NA,Premier Liga,2005,2005/2006
Rubin Kazan,Andrey Konovalov,31,Central Midfield,Shinnik,free transfer,out,Winter,NA,Premier Liga,2005,2005/2006
Rubin Kazan,Ebou Sillah,25,Left Winger,RBC Roosendaal,free transfer,out,Winter,NA,Premier Liga,2005,2005/2006
Rubin Kazan,Óscar Díaz,21,Left-Back,Quindío,?,out,Winter,NA,Premier Liga,2005,2005/2006
Rubin Kazan,Mohamed Moustapha Mané,21,Centre-Forward,Jeanne d'Arc,?,out,Winter,NA,Premier Liga,2005,2005/2006
Rubin Kazan,Dmitri Michkov,25,Defensive Midfield,Спартак-Нальчик,?,out,Winter,NA,Premier Liga,2005,2005/2006
Rubin Kazan,Orestas Buitkus,30,Defensive Midfield,Career break,-,out,Winter,0,Premier Liga,2005,2005/2006
FC Moscow,Sergey Semak,29,Central Midfield,Paris SG,£2.70m,in,Winter,2.7,Premier Liga,2005,2005/2006
FC Moscow,Tomas Cizek,27,Attacking Midfield,Rubin Kazan,£450Th.,in,Winter,0.45,Premier Liga,2005,2005/2006
FC Moscow,Roman Adamov,23,Centre-Forward,Terek Grozny,£450Th.,in,Winter,0.45,Premier Liga,2005,2005/2006
FC Moscow,Isaac Okoronkwo,27,Centre-Back,Alania,free transfer,in,Winter,NA,Premier Liga,2005,2005/2006
FC Moscow,Petr Bystrov,26,Left Midfield,Saturn,free transfer,in,Winter,NA,Premier Liga,2005,2005/2006
FC Moscow,Sergiy Kobzev,18,midfield,Shakhtar 3,?,in,Winter,NA,Premier Liga,2005,2005/2006
FC Moscow,Dilaver Zrnanovic,21,Centre-Back,FK Buducnost,?,in,Winter,NA,Premier Liga,2005,2005/2006
FC Moscow,Kirill Nababkin,19,Right-Back,FC Moscow II,-,in,Winter,0,Premier Liga,2005,2005/2006
FC Moscow,Dmitri Golubov,20,Centre-Forward,FC Moscow II,-,in,Winter,0,Premier Liga,2005,2005/2006
FC Moscow,Andrey Nikolaev,23,Centre-Forward,Met-Kuz,"End of loanDec 31, 2005",in,Winter,0,Premier Liga,2005,2005/2006
FC Moscow,Cristian Dorin Tudor,23,Centre-Forward,Alania,"End of loanDec 1, 2005",in,Winter,0,Premier Liga,2005,2005/2006
FC Moscow,Valeri Leonov,25,Right Midfield,Tom Tomsk,"End of loanDec 1, 2005",in,Winter,0,Premier Liga,2005,2005/2006
FC Moscow,Ruslan Baltiev,27,Attacking Midfield,Shinnik,"End of loanDec 1, 2005",in,Winter,0,Premier Liga,2005,2005/2006
FC Moscow,Budun Budunov,30,Centre-Forward,Tom Tomsk,"End of loanDec 31, 2005",in,Winter,0,Premier Liga,2005,2005/2006
FC Moscow,Andrey Nikolaev,23,Centre-Forward,Sibir,free transfer,out,Winter,NA,Premier Liga,2005,2005/2006
FC Moscow,Maksym Biletsky,25,Left Midfield,Rostov,free transfer,out,Winter,NA,Premier Liga,2005,2005/2006
FC Moscow,Andrey Movsesyan,30,Centre-Forward,Luch Vladivostok,free transfer,out,Winter,NA,Premier Liga,2005,2005/2006
FC Moscow,Vladimirs Kolesnicenko,25,Attacking Midfield,Ventspils,?,out,Winter,NA,Premier Liga,2005,2005/2006
FC Moscow,Valeri Leonov,25,Right Midfield,Terek Grozny,loan transfer,out,Winter,NA,Premier Liga,2005,2005/2006
FC Moscow,Budun Budunov,30,Centre-Forward,Terek Grozny,loan transfer,out,Winter,NA,Premier Liga,2005,2005/2006
FC Moscow,Cristian Dorin Tudor,23,Centre-Forward,FC Moscow II,-,out,Winter,0,Premier Liga,2005,2005/2006
FC Moscow,Ruslan Baltiev,27,Attacking Midfield,FC Moscow II,-,out,Winter,0,Premier Liga,2005,2005/2006
FC Moscow,Sergey Shustikov,35,Defensive Midfield,Retired,-,out,Winter,0,Premier Liga,2005,2005/2006
Zenit St. Petersburg,Jaroslav Nesvadba,23,Left-Back,FK Jablonec,£405Th.,in,Winter,0.405,Premier Liga,2005,2005/2006
Zenit St. Petersburg,Yeong-min Hyeon,26,Left-Back,Ulsan Hyundai,free transfer,in,Winter,NA,Premier Liga,2005,2005/2006
Zenit St. Petersburg,Oleg Trifonov,24,Left Midfield,Kuban Krasnodar,"End of loanDec 31, 2005",in,Winter,0,Premier Liga,2005,2005/2006
Zenit St. Petersburg,Dmitri Makarov,23,Centre-Forward,Amkar Perm,"End of loanDec 1, 2005",in,Winter,0,Premier Liga,2005,2005/2006
Zenit St. Petersburg,Darko Maletic,25,Right Midfield,Shinnik,"End of loanDec 1, 2005",in,Winter,0,Premier Liga,2005,2005/2006
Zenit St. Petersburg,Martin Horak,25,Centre-Back,Rostov,"End of loanDec 1, 2005",in,Winter,0,Premier Liga,2005,2005/2006
Zenit St. Petersburg,Darko Maletic,25,Right Midfield,FC Vaslui,free transfer,out,Winter,NA,Premier Liga,2005,2005/2006
Zenit St. Petersburg,Martin Horak,25,Centre-Back,Shinnik,loan transfer,out,Winter,NA,Premier Liga,2005,2005/2006
Zenit St. Petersburg,Dragan Cadikovski,23,Centre-Forward,Zenit II,-,out,Winter,0,Premier Liga,2005,2005/2006
Zenit St. Petersburg,Oleg Trifonov,24,Left Midfield,Zenit II,-,out,Winter,0,Premier Liga,2005,2005/2006
Zenit St. Petersburg,Dmitri Makarov,23,Centre-Forward,Retired,-,out,Winter,0,Premier Liga,2005,2005/2006
Torpedo Moscow,Aleksandr Danishevski,21,Centre-Forward,Khimki,£900Th.,in,Winter,0.9,Premier Liga,2005,2005/2006
Torpedo Moscow,Andrey Perov,24,Defensive Midfield,Khimki,£450Th.,in,Winter,0.45,Premier Liga,2005,2005/2006
Torpedo Moscow,Lyubomir Kantonistov,27,Attacking Midfield,Kuban Krasnodar,£450Th.,in,Winter,0.45,Premier Liga,2005,2005/2006
Torpedo Moscow,Denis Tumasyan,20,Centre-Back,FF Jaro,£270Th.,in,Winter,0.27,Premier Liga,2005,2005/2006
Torpedo Moscow,Dmitri Lentsevich,22,Centre-Back,Dinamo Minsk,free transfer,in,Winter,NA,Premier Liga,2005,2005/2006
Torpedo Moscow,Andrey Kolesnikov,21,Centre-Back,Ural,?,in,Winter,NA,Premier Liga,2005,2005/2006
Torpedo Moscow,Pavel Mamaev,17,Central Midfield,Torpedo II,-,in,Winter,0,Premier Liga,2005,2005/2006
Torpedo Moscow,Igor Byrlov,19,Left Winger,Torpedo II,-,in,Winter,0,Premier Liga,2005,2005/2006
Torpedo Moscow,Dmitri Sokolov,17,Left Midfield,Torpedo II,-,in,Winter,0,Premier Liga,2005,2005/2006
Torpedo Moscow,Viktor Bolikhov,22,Attacking Midfield,Anzhi,"End of loanDec 31, 2005",in,Winter,0,Premier Liga,2005,2005/2006
Torpedo Moscow,Igor Semshov,27,Central Midfield,Dinamo Moscow,£4.05m,out,Winter,4.05,Premier Liga,2005,2005/2006
Torpedo Moscow,Emir Spahic,25,Centre-Back,Loko Moscow,£2.70m,out,Winter,2.7,Premier Liga,2005,2005/2006
Torpedo Moscow,Sergey Osipov,27,Right Winger,Chornomorets,£90Th.,out,Winter,0.09,Premier Liga,2005,2005/2006
Torpedo Moscow,Dmitri Rovnejko,25,Centre-Back,Soligorsk,free transfer,out,Winter,NA,Premier Liga,2005,2005/2006
Torpedo Moscow,Andrey Panferov,25,Left Winger,Kryvbas,free transfer,out,Winter,NA,Premier Liga,2005,2005/2006
Torpedo Moscow,Ilya Abaev,24,Goalkeeper,Anzhi,loan transfer,out,Winter,NA,Premier Liga,2005,2005/2006
Torpedo Moscow,Mantas Samusiovas,27,Centre-Back,Suduva,loan transfer,out,Winter,NA,Premier Liga,2005,2005/2006
Torpedo Moscow,Juris Laizans,26,Defensive Midfield,CSKA Moscow,"End of loanDec 1, 2005",out,Winter,0,Premier Liga,2005,2005/2006
Dinamo Moscow,Igor Semshov,27,Central Midfield,Torpedo Moscow,£4.05m,in,Winter,4.05,Premier Liga,2005,2005/2006
Dinamo Moscow,Leandro Fernández,22,Centre-Back,River Plate,£2.70m,in,Winter,2.7,Premier Liga,2005,2005/2006
Dinamo Moscow,Jorge Luís,29,Left-Back,SC Braga,£2.25m,in,Winter,2.25,Premier Liga,2005,2005/2006
Dinamo Moscow,Aleksey Smertin,30,Defensive Midfield,Chelsea,£1.35m,in,Winter,1.35,Premier Liga,2005,2005/2006
Dinamo Moscow,Sergey Ovchinnikov,35,Goalkeeper,Loko Moscow,free transfer,in,Winter,NA,Premier Liga,2005,2005/2006
Dinamo Moscow,Dmitri Parfenov,31,Right-Back,Spartak Moscow,free transfer,in,Winter,NA,Premier Liga,2005,2005/2006
Dinamo Moscow,Dmitri Khokhlov,30,Central Midfield,Loko Moscow,free transfer,in,Winter,NA,Premier Liga,2005,2005/2006
Dinamo Moscow,Andrés Mendoza,27,Centre-Forward,Metalurg D.,loan transfer,in,Winter,NA,Premier Liga,2005,2005/2006
Dinamo Moscow,Jean,26,Centre-Back,Saturn,loan transfer,in,Winter,NA,Premier Liga,2005,2005/2006
Dinamo Moscow,Dmitri Kombarov,18,Left-Back,Dynamo M II,-,in,Winter,0,Premier Liga,2005,2005/2006
Dinamo Moscow,Sergey Kuznetsov,19,Central Midfield,Loko Moscow II,£765Th.,out,Winter,0.765,Premier Liga,2005,2005/2006
Dinamo Moscow,Maniche,28,Central Midfield,Chelsea,Loan fee:£270Th.,out,Winter,0.27,Premier Liga,2005,2005/2006
Dinamo Moscow,Maksym Levitsky,33,Goalkeeper,Sibir,£90Th.,out,Winter,0.09,Premier Liga,2005,2005/2006
Dinamo Moscow,Maksim Sherstyukov,19,Right-Back,Unknown,free transfer,out,Winter,NA,Premier Liga,2005,2005/2006
Dinamo Moscow,Aleksey Mikhailov,22,Right Midfield,Khimki,free transfer,out,Winter,NA,Premier Liga,2005,2005/2006
Dinamo Moscow,Oleg Shkabara,22,Defensive Midfield,Gomel,free transfer,out,Winter,NA,Premier Liga,2005,2005/2006
Dinamo Moscow,Roman Berezovskiy,31,Goalkeeper,Khimki,free transfer,out,Winter,NA,Premier Liga,2005,2005/2006
Dinamo Moscow,Alexandru Covalenco,27,Centre-Back,Volgar-Gazprom,free transfer,out,Winter,NA,Premier Liga,2005,2005/2006
Dinamo Moscow,Stanislav Murygin,21,Second Striker,Khimki,free transfer,out,Winter,NA,Premier Liga,2005,2005/2006
Dinamo Moscow,Andrejs Prohorenkovs,28,Defensive Midfield,Jurmala,free transfer,out,Winter,NA,Premier Liga,2005,2005/2006
Dinamo Moscow,Dmitri Polovinchuk,23,Left-Back,Saturn,free transfer,out,Winter,NA,Premier Liga,2005,2005/2006
Dinamo Moscow,Frechaut,28,Right-Back,SC Braga,free transfer,out,Winter,NA,Premier Liga,2005,2005/2006
Dinamo Moscow,Michal Hanek,25,Centre-Back,Sparta Prague,free transfer,out,Winter,NA,Premier Liga,2005,2005/2006
Dinamo Moscow,Tadas Labukas,21,Centre-Forward,Zalgiris,free transfer,out,Winter,NA,Premier Liga,2005,2005/2006
Dinamo Moscow,Jovan Tanasijevic,27,Centre-Back,Rostov,loan transfer,out,Winter,NA,Premier Liga,2005,2005/2006
Dinamo Moscow,Jorge Ribeiro,24,Left-Back,Málaga CF,loan transfer,out,Winter,NA,Premier Liga,2005,2005/2006
Dinamo Moscow,Thiago Silva,21,Centre-Back,Fluminense,loan transfer,out,Winter,NA,Premier Liga,2005,2005/2006
Shinnik Yaroslavl,Yuriy Dmytrulin,30,Right-Back,SK Tavriya,free transfer,in,Winter,NA,Premier Liga,2005,2005/2006
Shinnik Yaroslavl,Aleksey Nikolaev,26,Right-Back,Pakhtakor,free transfer,in,Winter,NA,Premier Liga,2005,2005/2006
Shinnik Yaroslavl,Yuri Mamaev,21,Central Midfield,Stuttgart II,free transfer,in,Winter,NA,Premier Liga,2005,2005/2006
Shinnik Yaroslavl,Adrian Iordache,24,Centre-Forward,APO Levadiakos,free transfer,in,Winter,NA,Premier Liga,2005,2005/2006
Shinnik Yaroslavl,Gennadi Nizhegorodov,28,Centre-Back,Terek Grozny,free transfer,in,Winter,NA,Premier Liga,2005,2005/2006
Shinnik Yaroslavl,Andrey Konovalov,31,Central Midfield,Rubin Kazan,free transfer,in,Winter,NA,Premier Liga,2005,2005/2006
Shinnik Yaroslavl,Leonid Koshelev,26,Left Midfield,Pakhtakor,?,in,Winter,NA,Premier Liga,2005,2005/2006
Shinnik Yaroslavl,Marek Bakos,22,Centre-Forward,Puchov,?,in,Winter,NA,Premier Liga,2005,2005/2006
Shinnik Yaroslavl,Anatoli Romanovich,26,Centre-Back,Спартак-Нальчик,?,in,Winter,NA,Premier Liga,2005,2005/2006
Shinnik Yaroslavl,Ilya Blyznyuk,32,Goalkeeper,Kryvbas,?,in,Winter,NA,Premier Liga,2005,2005/2006
Shinnik Yaroslavl,Andrejs Rubins,27,Left Winger,Spartak Moscow,loan transfer,in,Winter,NA,Premier Liga,2005,2005/2006
Shinnik Yaroslavl,Martin Horak,25,Centre-Back,Zenit S-Pb,loan transfer,in,Winter,NA,Premier Liga,2005,2005/2006
Shinnik Yaroslavl,Sergey Pravosud,19,Centre-Forward,CSKA Moscow,loan transfer,in,Winter,NA,Premier Liga,2005,2005/2006
Shinnik Yaroslavl,Sergey Omeljanchuk,25,Centre-Back,Loko Moscow,loan transfer,in,Winter,NA,Premier Liga,2005,2005/2006
Shinnik Yaroslavl,Aleksandr Malyshev,25,Goalkeeper,Ural,"End of loanDec 31, 2005",in,Winter,0,Premier Liga,2005,2005/2006
Shinnik Yaroslavl,Krzysztof Lagiewka,22,Centre-Back,KS Samara,£360Th.,out,Winter,0.36,Premier Liga,2005,2005/2006
Shinnik Yaroslavl,Serge Branco,25,Right-Back,KS Samara,£315Th.,out,Winter,0.315,Premier Liga,2005,2005/2006
Shinnik Yaroslavl,Jaroslaw Tkocz,32,Goalkeeper,Ural,free transfer,out,Winter,NA,Premier Liga,2005,2005/2006
Shinnik Yaroslavl,Aleksandr Tumenko,22,Central Midfield,Baltika,free transfer,out,Winter,NA,Premier Liga,2005,2005/2006
Shinnik Yaroslavl,Dmitri Vasiljev,20,Left Winger,KS Samara,free transfer,out,Winter,NA,Premier Liga,2005,2005/2006
Shinnik Yaroslavl,Abdul Aliev,19,attack,Baltika 2,free transfer,out,Winter,NA,Premier Liga,2005,2005/2006
Shinnik Yaroslavl,Willians,26,Defensive Midfield,Londrina-PR,free transfer,out,Winter,NA,Premier Liga,2005,2005/2006
Shinnik Yaroslavl,Evgeni Karev,19,Left-Back,Spartak Ch.,free transfer,out,Winter,NA,Premier Liga,2005,2005/2006
Shinnik Yaroslavl,Dmitri Golubev,19,Right-Back,Spartak L.,free transfer,out,Winter,NA,Premier Liga,2005,2005/2006
Shinnik Yaroslavl,Dmitri Sukhov,18,midfield,Torpedo Pavlovo,free transfer,out,Winter,NA,Premier Liga,2005,2005/2006
Shinnik Yaroslavl,Erik Korchagin,26,Centre-Forward,Спартак-Нальчик,free transfer,out,Winter,NA,Premier Liga,2005,2005/2006
Shinnik Yaroslavl,Mykhaylo Starostyak,32,Right-Back,Kryvbas,free transfer,out,Winter,NA,Premier Liga,2005,2005/2006
Shinnik Yaroslavl,Sergey Gello,19,Centre-Back,Unknown,?,out,Winter,NA,Premier Liga,2005,2005/2006
Shinnik Yaroslavl,Egor Shevchenko,27,Attacking Midfield,Petrotrest,?,out,Winter,NA,Premier Liga,2005,2005/2006
Shinnik Yaroslavl,Vyacheslav Vishnevskiy,28,Right Winger,SK Tavriya,?,out,Winter,NA,Premier Liga,2005,2005/2006
Shinnik Yaroslavl,Ilya Dolmatov,20,Centre-Forward,Sibir,loan transfer,out,Winter,NA,Premier Liga,2005,2005/2006
Shinnik Yaroslavl,Vladimir But,28,Attacking Midfield,Without Club,-,out,Winter,0,Premier Liga,2005,2005/2006
Shinnik Yaroslavl,Darko Maletic,25,Right Midfield,Zenit S-Pb,"End of loanDec 1, 2005",out,Winter,0,Premier Liga,2005,2005/2006
Shinnik Yaroslavl,Leonid Koshelev,25,Left Midfield,Pakhtakor,"End of loanDec 1, 2005",out,Winter,0,Premier Liga,2005,2005/2006
Shinnik Yaroslavl,Ruslan Baltiev,27,Attacking Midfield,FC Moscow,"End of loanDec 1, 2005",out,Winter,0,Premier Liga,2005,2005/2006
Shinnik Yaroslavl,Pavel Pogrebnyak,22,Centre-Forward,Spartak Moscow,"End of loanDec 31, 2005",out,Winter,0,Premier Liga,2005,2005/2006
Tom Tomsk,Pavel Pogrebnyak,22,Centre-Forward,Spartak Moscow,£1.80m,in,Winter,1.8,Premier Liga,2005,2005/2006
Tom Tomsk,Andrey Proshin,20,Centre-Back,Khimki,£495Th.,in,Winter,0.495,Premier Liga,2005,2005/2006
Tom Tomsk,Aleksey Bugaev,24,Centre-Back,Loko Moscow,£450Th.,in,Winter,0.45,Premier Liga,2005,2005/2006
Tom Tomsk,Vasili Khomutovski,27,Goalkeeper,Steaua Bukarest,£450Th.,in,Winter,0.45,Premier Liga,2005,2005/2006
Tom Tomsk,Alexander Mladenov,23,Attacking Midfield,CSKA Sofia,free transfer,in,Winter,NA,Premier Liga,2005,2005/2006
Tom Tomsk,Aleksandar Mladenov,23,Attacking Midfield,CSKA Sofia,free transfer,in,Winter,NA,Premier Liga,2005,2005/2006
Tom Tomsk,Aleksandr Shvetsov,24,Defensive Midfield,Anzhi,"End of loanDec 1, 2005",in,Winter,0,Premier Liga,2005,2005/2006
Tom Tomsk,Andrey Demkin,29,Centre-Forward,Sibir,"End of loanDec 1, 2005",in,Winter,0,Premier Liga,2005,2005/2006
Tom Tomsk,Aleksandr Familtsev,30,Centre-Back,Tobol Kostanay,free transfer,out,Winter,NA,Premier Liga,2005,2005/2006
Tom Tomsk,Pavel Mogilevskiy,25,Right-Back,Sodovik,?,out,Winter,NA,Premier Liga,2005,2005/2006
Tom Tomsk,Andrius Gedgaudas,27,midfield,Atlantas,?,out,Winter,NA,Premier Liga,2005,2005/2006
Tom Tomsk,Sergey Yaskovich,33,Centre-Back,Aktobe,?,out,Winter,NA,Premier Liga,2005,2005/2006
Tom Tomsk,Pavel Dyakonov,32,Goalkeeper,Fakel Voronezh,?,out,Winter,NA,Premier Liga,2005,2005/2006
Tom Tomsk,Jevgeni Novikov,25,Defensive Midfield,FC Flora,?,out,Winter,NA,Premier Liga,2005,2005/2006
Tom Tomsk,Mikhail Vanev,24,Defensive Midfield,Zvezda Irkutsk,loan transfer,out,Winter,NA,Premier Liga,2005,2005/2006
Tom Tomsk,Aleksandr Shvetsov,25,Defensive Midfield,Tom Tomsk II,-,out,Winter,0,Premier Liga,2005,2005/2006
Tom Tomsk,Valeri Leonov,25,Right Midfield,FC Moscow,"End of loanDec 1, 2005",out,Winter,0,Premier Liga,2005,2005/2006
Tom Tomsk,Aleksey Medvedev,28,Centre-Forward,Saturn,"End of loanDec 31, 2005",out,Winter,0,Premier Liga,2005,2005/2006
Tom Tomsk,Budun Budunov,30,Centre-Forward,FC Moscow,"End of loanDec 31, 2005",out,Winter,0,Premier Liga,2005,2005/2006
Saturn Ramenskoe,Simon Vukcevic,19,Right Winger,Partizan,£3.60m,in,Winter,3.6,Premier Liga,2005,2005/2006
Saturn Ramenskoe,Aleksey Eremenko Jr.,22,Attacking Midfield,Lecce,£1.35m,in,Winter,1.35,Premier Liga,2005,2005/2006
Saturn Ramenskoe,Ruslan Nakhushev,21,Centre-Back,Khimki,£675Th.,in,Winter,0.675,Premier Liga,2005,2005/2006
Saturn Ramenskoe,Edgaras Cesnauskis,21,Left Winger,Dynamo Kyiv,£630Th.,in,Winter,0.63,Premier Liga,2005,2005/2006
Saturn Ramenskoe,Luka Vucko,21,Centre-Back,Hajduk Split,£450Th.,in,Winter,0.45,Premier Liga,2005,2005/2006
Saturn Ramenskoe,Adriano,25,Centre-Forward,Figueirense FC,£450Th.,in,Winter,0.45,Premier Liga,2005,2005/2006
Saturn Ramenskoe,Jan Durica,24,Centre-Back,Artmedia Brat.,£428Th.,in,Winter,0.428,Premier Liga,2005,2005/2006
Saturn Ramenskoe,Peter Petras,26,Centre-Back,Artmedia Brat.,£383Th.,in,Winter,0.383,Premier Liga,2005,2005/2006
Saturn Ramenskoe,Martin Jakubko,25,Centre-Forward,Banska Bystrica,£315Th.,in,Winter,0.315,Premier Liga,2005,2005/2006
Saturn Ramenskoe,Dmitri Polovinchuk,23,Left-Back,Dinamo Moscow,free transfer,in,Winter,NA,Premier Liga,2005,2005/2006
Saturn Ramenskoe,Branislav Obzera,24,Right Winger,Artmedia Brat.,loan transfer,in,Winter,NA,Premier Liga,2005,2005/2006
Saturn Ramenskoe,Spartak Gogniev,24,Centre-Forward,CSKA Moscow,loan transfer,in,Winter,NA,Premier Liga,2005,2005/2006
Saturn Ramenskoe,Antonio Barijho,28,Centre-Forward,Barcelona SC,"End of loanDec 31, 2005",in,Winter,0,Premier Liga,2005,2005/2006
Saturn Ramenskoe,Aleksey Medvedev,28,Centre-Forward,Tom Tomsk,"End of loanDec 31, 2005",in,Winter,0,Premier Liga,2005,2005/2006
Saturn Ramenskoe,Vyacheslav Sviderskyi,27,Centre-Back,Arsenal Kyiv,£270Th.,out,Winter,0.27,Premier Liga,2005,2005/2006
Saturn Ramenskoe,Aleksey Medvedev,28,Centre-Forward,KS Samara,£135Th.,out,Winter,0.135,Premier Liga,2005,2005/2006
Saturn Ramenskoe,Roman Shirokov,24,Central Midfield,Rubin Kazan,£135Th.,out,Winter,0.135,Premier Liga,2005,2005/2006
Saturn Ramenskoe,Aleksandr Stepin,33,midfield,Dinamo Bryansk,free transfer,out,Winter,NA,Premier Liga,2005,2005/2006
Saturn Ramenskoe,Serghei Rogaciov,28,Centre-Forward,Aktobe,free transfer,out,Winter,NA,Premier Liga,2005,2005/2006
Saturn Ramenskoe,Andrey Kanchelskis,36,Right Midfield,KS Samara,free transfer,out,Winter,NA,Premier Liga,2005,2005/2006
Saturn Ramenskoe,Petr Bystrov,26,Left Midfield,FC Moscow,free transfer,out,Winter,NA,Premier Liga,2005,2005/2006
Saturn Ramenskoe,Andrey Malay,32,Left-Back,Sodovik,?,out,Winter,NA,Premier Liga,2005,2005/2006
Saturn Ramenskoe,Javier Delgado,30,Left Midfield,Nacional,?,out,Winter,NA,Premier Liga,2005,2005/2006
Saturn Ramenskoe,Jean,26,Centre-Back,Dinamo Moscow,loan transfer,out,Winter,NA,Premier Liga,2005,2005/2006
Saturn Ramenskoe,Antonio Barijho,28,Centre-Forward,CA Banfield,loan transfer,out,Winter,NA,Premier Liga,2005,2005/2006
Saturn Ramenskoe,Nicolás Pavlovich,27,Centre-Forward,Without Club,-,out,Winter,0,Premier Liga,2005,2005/2006
Saturn Ramenskoe,Winston Parks,24,Centre-Forward,Loko Moscow,"End of loanDec 31, 2005",out,Winter,0,Premier Liga,2005,2005/2006
Saturn Ramenskoe,Diego Ianiero,19,Centre-Back,Argentinos Jrs.,"End of loanDec 31, 2005",out,Winter,0,Premier Liga,2005,2005/2006
Saturn Ramenskoe,Viktor Onopko,36,Centre-Back,Retired,-,out,Winter,0,Premier Liga,2005,2005/2006
Amkar Perm,Evgeniy Savin,21,Centre-Forward,Khimki,£450Th.,in,Winter,0.45,Premier Liga,2005,2005/2006
Amkar Perm,Vitali Grishin,25,Left Midfield,Khimki,£405Th.,in,Winter,0.405,Premier Liga,2005,2005/2006
Amkar Perm,Evgeniy Shcherbakov,19,Attacking Midfield,Dinamo Barnaul,?,in,Winter,NA,Premier Liga,2005,2005/2006
Amkar Perm,Roman Vorobjov,21,Attacking Midfield,Met-Kuz,?,in,Winter,NA,Premier Liga,2005,2005/2006
Amkar Perm,Pavel Alikin,21,Centre-Back,Amkar II,-,in,Winter,0,Premier Liga,2005,2005/2006
Amkar Perm,Sergey Mitin,25,Central Midfield,Met-Kuz,"End of loanDec 1, 2005",in,Winter,0,Premier Liga,2005,2005/2006
Amkar Perm,Branko Radovanovic,24,Centre-Forward,GS Kallithea,free transfer,out,Winter,NA,Premier Liga,2005,2005/2006
Amkar Perm,Anatoliy Didenko,23,Centre-Forward,Metalist,free transfer,out,Winter,NA,Premier Liga,2005,2005/2006
Amkar Perm,Sergey Mitin,25,Central Midfield,Salyut Belgorod,?,out,Winter,NA,Premier Liga,2005,2005/2006
Amkar Perm,Dmitri Pyatibratov,29,Centre-Back,Zvezda Irkutsk,?,out,Winter,NA,Premier Liga,2005,2005/2006
Amkar Perm,Maksim Povorov,28,Right-Back,Ural,?,out,Winter,NA,Premier Liga,2005,2005/2006
Amkar Perm,Igor Bakhtin,32,Central Midfield,Ural,?,out,Winter,NA,Premier Liga,2005,2005/2006
Amkar Perm,Maksim Aristarkhov,25,Centre-Forward,Terek Grozny,?,out,Winter,NA,Premier Liga,2005,2005/2006
Amkar Perm,Vladimir Leonchenko,33,Central Midfield,Alania,?,out,Winter,NA,Premier Liga,2005,2005/2006
Amkar Perm,Konstantin Genich,27,Central Midfield,Retired,-,out,Winter,0,Premier Liga,2005,2005/2006
Amkar Perm,Dmitri Makarov,23,Centre-Forward,Zenit S-Pb,"End of loanDec 1, 2005",out,Winter,0,Premier Liga,2005,2005/2006
FK Rostov,Maksim Buznikin,28,Centre-Forward,Loko Moscow,£360Th.,in,Winter,0.36,Premier Liga,2005,2005/2006
FK Rostov,Maksym Biletsky,25,Left Midfield,FC Moscow,free transfer,in,Winter,NA,Premier Liga,2005,2005/2006
FK Rostov,Timofey Kalachev,24,Right Midfield,Khimki,?,in,Winter,NA,Premier Liga,2005,2005/2006
FK Rostov,Juris Laizans,26,Defensive Midfield,CSKA Moscow,loan transfer,in,Winter,NA,Premier Liga,2005,2005/2006
FK Rostov,Jovan Tanasijevic,27,Centre-Back,Dinamo Moscow,loan transfer,in,Winter,NA,Premier Liga,2005,2005/2006
FK Rostov,Sergey Bendz,22,Centre-Back,Rostov II,-,in,Winter,0,Premier Liga,2005,2005/2006
FK Rostov,Alberto,30,Centre-Forward,Atlético-MG,free transfer,out,Winter,NA,Premier Liga,2005,2005/2006
FK Rostov,Vadim Khinchagov,24,Right Midfield,SKA Rostov,free transfer,out,Winter,NA,Premier Liga,2005,2005/2006
FK Rostov,Tony David Coyle,29,Centre-Back,SuperSport Utd.,free transfer,out,Winter,NA,Premier Liga,2005,2005/2006
FK Rostov,Andrey Akopyants,28,Attacking Midfield,Chernomorets N.,free transfer,out,Winter,NA,Premier Liga,2005,2005/2006
FK Rostov,Nikolay Shirshov,31,Right-Back,SKA Rostov,free transfer,out,Winter,NA,Premier Liga,2005,2005/2006
FK Rostov,Georgi Aslanidi,21,Attacking Midfield,SKA Rostov,free transfer,out,Winter,NA,Premier Liga,2005,2005/2006
FK Rostov,Aleksandr Alkhazov,21,Centre-Forward,Spartak NN,free transfer,out,Winter,NA,Premier Liga,2005,2005/2006
FK Rostov,Japhet Zwane,31,Left Winger,Golden Arrows,free transfer,out,Winter,NA,Premier Liga,2005,2005/2006
FK Rostov,Gift Kampamba,27,Right Winger,Black Aces,free transfer,out,Winter,NA,Premier Liga,2005,2005/2006
FK Rostov,Javier Mancini,27,Attacking Midfield,Unknown,?,out,Winter,NA,Premier Liga,2005,2005/2006
FK Rostov,Rowan Hendricks,26,Right Winger,SuperSport Utd.,?,out,Winter,NA,Premier Liga,2005,2005/2006
FK Rostov,Gocha Khojava,20,Attacking Midfield,Stal Alchevsk,loan transfer,out,Winter,NA,Premier Liga,2005,2005/2006
FK Rostov,Martin Horak,25,Centre-Back,Zenit S-Pb,"End of loanDec 1, 2005",out,Winter,0,Premier Liga,2005,2005/2006
FK Rostov,Mikhail Ashvetia,28,Centre-Forward,Loko Moscow,"End of loanDec 1, 2005",out,Winter,0,Premier Liga,2005,2005/2006
FK Rostov,Wes Charles,29,Centre-Back,Bray Wanderers,"End of loanDec 1, 2005",out,Winter,0,Premier Liga,2005,2005/2006
FK Rostov,Mustapha Bidoudane,29,Centre-Forward,Raja Casablanca,"End of loanDec 1, 2005",out,Winter,0,Premier Liga,2005,2005/2006
FK Rostov,Maksim Buznikin,28,Centre-Forward,Loko Moscow,"End of loanDec 31, 2005",out,Winter,0,Premier Liga,2005,2005/2006
Krylya Sovetov Samara,Benoît Angbwa,24,Right-Back,Nacional,£450Th.,in,Winter,0.45,Premier Liga,2005,2005/2006
Krylya Sovetov Samara,Krzysztof Lagiewka,22,Centre-Back,Shinnik,£360Th.,in,Winter,0.36,Premier Liga,2005,2005/2006
Krylya Sovetov Samara,Serge Branco,25,Right-Back,Shinnik,£315Th.,in,Winter,0.315,Premier Liga,2005,2005/2006
Krylya Sovetov Samara,Aleksey Medvedev,28,Centre-Forward,Saturn,£135Th.,in,Winter,0.135,Premier Liga,2005,2005/2006
Krylya Sovetov Samara,Makhach Gadzhiev,18,Right Midfield,Spartak II,£90Th.,in,Winter,0.09,Premier Liga,2005,2005/2006
Krylya Sovetov Samara,Andriy Gusin,33,Defensive Midfield,Dynamo Kyiv,free transfer,in,Winter,NA,Premier Liga,2005,2005/2006
Krylya Sovetov Samara,David Mujiri,27,Attacking Midfield,Sturm Graz,free transfer,in,Winter,NA,Premier Liga,2005,2005/2006
Krylya Sovetov Samara,Andrey Kanchelskis,36,Right Midfield,Saturn,free transfer,in,Winter,NA,Premier Liga,2005,2005/2006
Krylya Sovetov Samara,Dmitri Vasiljev,20,Left Winger,Shinnik,free transfer,in,Winter,NA,Premier Liga,2005,2005/2006
Krylya Sovetov Samara,Aleksey Skvernyuk,20,Left Midfield,KS Samara II,-,in,Winter,0,Premier Liga,2005,2005/2006
Krylya Sovetov Samara,Andrey Solomatin,30,Left-Back,Spartak NN,free transfer,out,Winter,NA,Premier Liga,2005,2005/2006
Krylya Sovetov Samara,Marat Bikmaev,20,Centre-Forward,Rubin Kazan II,free transfer,out,Winter,NA,Premier Liga,2005,2005/2006
Krylya Sovetov Samara,Omari Tetradze,36,Right-Back,Retired,-,out,Winter,0,Premier Liga,2005,2005/2006
Krylya Sovetov Samara,Cosmin Barcauan,27,Centre-Back,Shakhtar D.,"End of loanDec 1, 2005",out,Winter,0,Premier Liga,2005,2005/2006
Krylya Sovetov Samara,Nerijus Barasa,27,Right-Back,Alania,"End of loanDec 1, 2005",out,Winter,0,Premier Liga,2005,2005/2006
