club_name,player_name,age,position,club_involved_name,fee,transfer_movement,transfer_period,fee_cleaned,league_name,year,season
Ajax Amsterdam,Mauro Rosales,23,Right Midfield,Newell's,£2.25m,in,Summer,2.25,Eredivisie,2004,2004/2005
Ajax Amsterdam,Hans Vonk,34,Goalkeeper,Heerenveen,free transfer,in,Summer,NA,Eredivisie,2004,2004/2005
Ajax Amsterdam,Gastón Sangoy,19,Right Winger,Boca Juniors,loan transfer,in,Summer,NA,Eredivisie,2004,2004/2005
Ajax Amsterdam,Filipe Luís,19,Left-Back,Figueirense FC,loan transfer,in,Summer,NA,Eredivisie,2004,2004/2005
Ajax Amsterdam,Hedwiges Maduro,19,Defensive Midfield,Ajax U19,-,in,Summer,0,Eredivisie,2004,2004/2005
Ajax Amsterdam,Stanley Aborah,17,Central Midfield,Ajax U19,-,in,Summer,0,Eredivisie,2004,2004/2005
Ajax Amsterdam,Ryan Babel,17,Left Winger,Ajax U19,-,in,Summer,0,Eredivisie,2004,2004/2005
Ajax Amsterdam,Tom De Mul,18,Right Midfield,Ajax U19,-,in,Summer,0,Eredivisie,2004,2004/2005
Ajax Amsterdam,Rasmus Lindgren,19,Centre-Back,Ajax U21,-,in,Summer,0,Eredivisie,2004,2004/2005
Ajax Amsterdam,Petri Pasanen,23,Centre-Back,Portsmouth,"End of loanJun 30, 2004",in,Summer,0,Eredivisie,2004,2004/2005
Ajax Amsterdam,Kwame Quansah,21,Defensive Midfield,AIK,"End of loanJun 30, 2004",in,Summer,0,Eredivisie,2004,2004/2005
Ajax Amsterdam,Nourdin Boukhari,24,Attacking Midfield,NAC Breda,"End of loanJun 30, 2004",in,Summer,0,Eredivisie,2004,2004/2005
Ajax Amsterdam,Richard Knopper,26,Attacking Midfield,Heerenveen,"End of loanJun 30, 2004",in,Summer,0,Eredivisie,2004,2004/2005
Ajax Amsterdam,Youssouf Hersi,21,Right Winger,NEC Nijmegen,"End of loanJun 30, 2004",in,Summer,0,Eredivisie,2004,2004/2005
Ajax Amsterdam,Daniel Cruz,23,Attacking Midfield,Germ. Beerschot,"End of loanJun 30, 2004",in,Summer,0,Eredivisie,2004,2004/2005
Ajax Amsterdam,Ruud Kras,22,Centre-Back,FC Volendam,"End of loanJun 30, 2004",in,Summer,0,Eredivisie,2004,2004/2005
Ajax Amsterdam,Stefano Seedorf,22,Central Midfield,NAC Breda,"End of loanJun 30, 2004",in,Summer,0,Eredivisie,2004,2004/2005
Ajax Amsterdam,Zlatan Ibrahimovic,22,Centre-Forward,Juventus,£14.40m,out,Summer,14.4,Eredivisie,2004,2004/2005
Ajax Amsterdam,Jelle Van Damme,20,Centre-Back,Southampton,£2.70m,out,Summer,2.7,Eredivisie,2004,2004/2005
Ajax Amsterdam,Petri Pasanen,23,Centre-Back,Werder Bremen,£675Th.,out,Summer,0.675,Eredivisie,2004,2004/2005
Ajax Amsterdam,Kwame Quansah,21,Defensive Midfield,Heracles Almelo,£225Th.,out,Summer,0.225,Eredivisie,2004,2004/2005
Ajax Amsterdam,Jason Culina,23,Central Midfield,Twente FC,free transfer,out,Summer,NA,Eredivisie,2004,2004/2005
Ajax Amsterdam,Richard Knopper,26,Attacking Midfield,Vitesse,free transfer,out,Summer,NA,Eredivisie,2004,2004/2005
Ajax Amsterdam,Jussi Kujala,21,Defensive Midfield,Tampere United,free transfer,out,Summer,NA,Eredivisie,2004,2004/2005
Ajax Amsterdam,Daniel Cruz,23,Attacking Midfield,Germ. Beerschot,free transfer,out,Summer,NA,Eredivisie,2004,2004/2005
Ajax Amsterdam,Sander Boschker,33,Goalkeeper,Twente FC,free transfer,out,Summer,NA,Eredivisie,2004,2004/2005
Ajax Amsterdam,Stefano Seedorf,22,Central Midfield,FC Groningen,free transfer,out,Summer,NA,Eredivisie,2004,2004/2005
Ajax Amsterdam,Jari Litmanen,33,Attacking Midfield,FC Lahti,free transfer,out,Summer,NA,Eredivisie,2004,2004/2005
Ajax Amsterdam,Thomas Vermaelen,18,Centre-Back,RKC Waalwijk,loan transfer,out,Summer,NA,Eredivisie,2004,2004/2005
Ajax Amsterdam,Youssouf Hersi,21,Right Winger,Heerenveen,?,out,Summer,NA,Eredivisie,2004,2004/2005
Ajax Amsterdam,Victor Sikora,26,Right Winger,Heerenveen,loan transfer,out,Summer,NA,Eredivisie,2004,2004/2005
Ajax Amsterdam,Abubakari Yakubu,22,Defensive Midfield,Vitesse,loan transfer,out,Summer,NA,Eredivisie,2004,2004/2005
Ajax Amsterdam,John Nieuwenburg,25,Defensive Midfield,Without Club,-,out,Summer,0,Eredivisie,2004,2004/2005
PSV Eindhoven,Jefferson Farfán,19,Centre-Forward,Alianza Lima,£3.15m,in,Summer,3.15,Eredivisie,2004,2004/2005
PSV Eindhoven,DaMarcus Beasley,22,Left-Back,Chicago,£1.80m,in,Summer,1.8,Eredivisie,2004,2004/2005
PSV Eindhoven,Heurelho Gomes,23,Goalkeeper,Cruzeiro,£900Th.,in,Summer,0.9,Eredivisie,2004,2004/2005
PSV Eindhoven,Csaba Fehér,28,Defensive Midfield,NAC Breda,£689Th.,in,Summer,0.689,Eredivisie,2004,2004/2005
PSV Eindhoven,Gerald Sibon,30,Centre-Forward,Heerenveen,£675Th.,in,Summer,0.675,Eredivisie,2004,2004/2005
PSV Eindhoven,Phillip Cocu,33,Defensive Midfield,Barcelona,free transfer,in,Summer,NA,Eredivisie,2004,2004/2005
PSV Eindhoven,Edwin Zoetebier,34,Goalkeeper,Feyenoord,free transfer,in,Summer,NA,Eredivisie,2004,2004/2005
PSV Eindhoven,Nathan Coe,20,Goalkeeper,Inter U19,free transfer,in,Summer,NA,Eredivisie,2004,2004/2005
PSV Eindhoven,Arvid Smit,23,Central Midfield,FC Groningen,free transfer,in,Summer,NA,Eredivisie,2004,2004/2005
PSV Eindhoven,Lasse Qvist,17,Centre-Forward,Lyngby BK,?,in,Summer,NA,Eredivisie,2004,2004/2005
PSV Eindhoven,Alex,22,Centre-Back,Chelsea,loan transfer,in,Summer,NA,Eredivisie,2004,2004/2005
PSV Eindhoven,Osmar Ferreyra,21,Attacking Midfield,CSKA Moscow,loan transfer,in,Summer,NA,Eredivisie,2004,2004/2005
PSV Eindhoven,Tim Janssen,18,Centre-Forward,PSV U19,-,in,Summer,0,Eredivisie,2004,2004/2005
PSV Eindhoven,Klaas-Jan Huntelaar,20,Centre-Forward,AGOVV,"End of loanJun 30, 2004",in,Summer,0,Eredivisie,2004,2004/2005
PSV Eindhoven,Jelle ten Rouwelaar,23,Goalkeeper,Twente FC,"End of loanJun 30, 2004",in,Summer,0,Eredivisie,2004,2004/2005
PSV Eindhoven,Lindsay Wilson,25,Left Midfield,FC Volendam,"End of loanJun 30, 2004",in,Summer,0,Eredivisie,2004,2004/2005
PSV Eindhoven,Spase Dilevski,19,Defensive Midfield,RW Essen,"End of loanJun 30, 2004",in,Summer,0,Eredivisie,2004,2004/2005
PSV Eindhoven,Adil Ramzi,26,Left Midfield,Twente FC,"End of loanJun 30, 2004",in,Summer,0,Eredivisie,2004,2004/2005
PSV Eindhoven,Michael Lamey,24,Right-Back,FC Utrecht,"End of loanJul 1, 2004",in,Summer,0,Eredivisie,2004,2004/2005
PSV Eindhoven,Arjen Robben,20,Right Winger,Chelsea,£16.20m,out,Summer,16.2,Eredivisie,2004,2004/2005
PSV Eindhoven,Mateja Kezman,25,Centre-Forward,Chelsea,£6.75m,out,Summer,6.75,Eredivisie,2004,2004/2005
PSV Eindhoven,Dennis Rommedahl,25,Right Winger,Charlton,£3.15m,out,Summer,3.15,Eredivisie,2004,2004/2005
PSV Eindhoven,Kevin Hofland,25,Centre-Back,VfL Wolfsburg,£1.80m,out,Summer,1.8,Eredivisie,2004,2004/2005
PSV Eindhoven,Klaas-Jan Huntelaar,20,Centre-Forward,Heerenveen,£810Th.,out,Summer,0.81,Eredivisie,2004,2004/2005
PSV Eindhoven,Adil Ramzi,27,Left Midfield,AZ Alkmaar,free transfer,out,Summer,NA,Eredivisie,2004,2004/2005
PSV Eindhoven,Rob van Dijk,35,Goalkeeper,De Graafschap,free transfer,out,Summer,NA,Eredivisie,2004,2004/2005
PSV Eindhoven,Ronald Waterreus,33,Goalkeeper,Man City,free transfer,out,Summer,NA,Eredivisie,2004,2004/2005
PSV Eindhoven,Edson,20,Centre-Forward,Spurs,free transfer,out,Summer,NA,Eredivisie,2004,2004/2005
PSV Eindhoven,Daniel Guijo-Velasco,20,Attacking Midfield,AGOVV,free transfer,out,Summer,NA,Eredivisie,2004,2004/2005
PSV Eindhoven,Jürgen Colin,23,Centre-Back,NAC Breda,loan transfer,out,Summer,NA,Eredivisie,2004,2004/2005
PSV Eindhoven,Jelle ten Rouwelaar,23,Goalkeeper,FC Zwolle,loan transfer,out,Summer,NA,Eredivisie,2004,2004/2005
PSV Eindhoven,Lindsay Wilson,25,Left Midfield,Helmond Sport,loan transfer,out,Summer,NA,Eredivisie,2004,2004/2005
PSV Eindhoven,Yves Lenaerts,21,Goalkeeper,Heusden-Zolder,?,out,Summer,NA,Eredivisie,2004,2004/2005
Feyenoord Rotterdam,Bart Goor,31,Left Midfield,Hertha BSC,£900Th.,in,Summer,0.9,Eredivisie,2004,2004/2005
Feyenoord Rotterdam,Gerson Magrão,19,Left Midfield,Cruzeiro,£720Th.,in,Summer,0.72,Eredivisie,2004,2004/2005
Feyenoord Rotterdam,Karim Saïdi,21,Centre-Back,Club Africain,£189Th.,in,Summer,0.189,Eredivisie,2004,2004/2005
Feyenoord Rotterdam,Gábor Babos,29,Goalkeeper,NAC Breda,free transfer,in,Summer,NA,Eredivisie,2004,2004/2005
Feyenoord Rotterdam,Mark Otten,18,Centre-Back,NEC Nijmegen,free transfer,in,Summer,NA,Eredivisie,2004,2004/2005
Feyenoord Rotterdam,Maikel Aerts,28,Goalkeeper,RBC Roosendaal,free transfer,in,Summer,NA,Eredivisie,2004,2004/2005
Feyenoord Rotterdam,Bruno Basto,26,Left-Back,G. Bordeaux,free transfer,in,Summer,NA,Eredivisie,2004,2004/2005
Feyenoord Rotterdam,Alex Brosque,20,Attacking Midfield,Marc. Stallions,free transfer,in,Summer,NA,Eredivisie,2004,2004/2005
Feyenoord Rotterdam,Romeo Castelen,21,Right Winger,ADO Den Haag,free transfer,in,Summer,NA,Eredivisie,2004,2004/2005
Feyenoord Rotterdam,Pascal Bosschaart,24,Centre-Back,FC Utrecht,?,in,Summer,NA,Eredivisie,2004,2004/2005
Feyenoord Rotterdam,Edwin de Graaf,24,Central Midfield,RBC Roosendaal,?,in,Summer,NA,Eredivisie,2004,2004/2005
Feyenoord Rotterdam,Santi Kolk,22,Right Winger,Heerenveen,?,in,Summer,NA,Eredivisie,2004,2004/2005
Feyenoord Rotterdam,Sigourney Bandjar,19,Right-Back,Feyenoord U21,-,in,Summer,0,Eredivisie,2004,2004/2005
Feyenoord Rotterdam,Gianni Zuiverloon,17,Centre-Back,Feyenoord U19,-,in,Summer,0,Eredivisie,2004,2004/2005
Feyenoord Rotterdam,Wouter Artz,19,Left-Back,Feyenoord U19,-,in,Summer,0,Eredivisie,2004,2004/2005
Feyenoord Rotterdam,Steve Olfers,22,Centre-Back,RKC Waalwijk,"End of loanJun 30, 2004",in,Summer,0,Eredivisie,2004,2004/2005
Feyenoord Rotterdam,Zbigniew Malkowski,26,Goalkeeper,Excelsior,"End of loanJun 30, 2004",in,Summer,0,Eredivisie,2004,2004/2005
Feyenoord Rotterdam,Glenn Loovens,20,Centre-Back,Excelsior,"End of loanJun 30, 2004",in,Summer,0,Eredivisie,2004,2004/2005
Feyenoord Rotterdam,Leonardo,27,Right-Back,ADO Den Haag,"End of loanJun 30, 2004",in,Summer,0,Eredivisie,2004,2004/2005
Feyenoord Rotterdam,Glenn Loovens,21,Centre-Back,De Graafschap,"End of loanMay 1, 2005",in,Summer,0,Eredivisie,2004,2004/2005
Feyenoord Rotterdam,Johan Elmander,23,Centre-Forward,NAC Breda,"End of loanJun 30, 2004",in,Summer,0,Eredivisie,2004,2004/2005
Feyenoord Rotterdam,Jordan Opoku,21,Central Midfield,Excelsior,"End of loanJun 30, 2004",in,Summer,0,Eredivisie,2004,2004/2005
Feyenoord Rotterdam,Salomon Kalou,18,Left Winger,Excelsior,"End of loanJun 30, 2004",in,Summer,0,Eredivisie,2004,2004/2005
Feyenoord Rotterdam,Robin van Persie,20,Centre-Forward,Arsenal,£4.05m,out,Summer,4.05,Eredivisie,2004,2004/2005
Feyenoord Rotterdam,Johan Elmander,23,Centre-Forward,Bröndby IF,£450Th.,out,Summer,0.45,Eredivisie,2004,2004/2005
Feyenoord Rotterdam,Peter van den Berg,32,Centre-Back,Vitesse,free transfer,out,Summer,NA,Eredivisie,2004,2004/2005
Feyenoord Rotterdam,Edwin Zoetebier,34,Goalkeeper,PSV Eindhoven,free transfer,out,Summer,NA,Eredivisie,2004,2004/2005
Feyenoord Rotterdam,Mariano Bombarda,31,Centre-Forward,CD Tenerife,free transfer,out,Summer,NA,Eredivisie,2004,2004/2005
Feyenoord Rotterdam,Mark Otten,18,Centre-Back,Excelsior,loan transfer,out,Summer,NA,Eredivisie,2004,2004/2005
Feyenoord Rotterdam,Alex Brosque,20,Attacking Midfield,KVC Westerlo,loan transfer,out,Summer,NA,Eredivisie,2004,2004/2005
Feyenoord Rotterdam,Anthony Lurling,27,Attacking Midfield,NAC Breda,loan transfer,out,Summer,NA,Eredivisie,2004,2004/2005
Feyenoord Rotterdam,Jean Carlos,20,Left-Back,Hamburger SV,loan transfer,out,Summer,NA,Eredivisie,2004,2004/2005
Feyenoord Rotterdam,Jorge Acuña,25,Defensive Midfield,CDUC,loan transfer,out,Summer,NA,Eredivisie,2004,2004/2005
Feyenoord Rotterdam,Ferne Snoyl,19,Left-Back,FC Den Bosch,loan transfer,out,Summer,NA,Eredivisie,2004,2004/2005
Feyenoord Rotterdam,Gérard de Nooijer,35,Centre-Back,FC Dordrecht,?,out,Summer,NA,Eredivisie,2004,2004/2005
Feyenoord Rotterdam,Steve Olfers,22,Centre-Back,Excelsior,loan transfer,out,Summer,NA,Eredivisie,2004,2004/2005
Feyenoord Rotterdam,Alfred Schreuder,31,Defensive Midfield,RKC Waalwijk,loan transfer,out,Summer,NA,Eredivisie,2004,2004/2005
Feyenoord Rotterdam,Maikel Aerts,28,Goalkeeper,RBC Roosendaal,loan transfer,out,Summer,NA,Eredivisie,2004,2004/2005
Feyenoord Rotterdam,Gill Swerts,21,Right-Back,ADO Den Haag,loan transfer,out,Summer,NA,Eredivisie,2004,2004/2005
Feyenoord Rotterdam,Jordan Opoku,21,Central Midfield,Royal Antwerp,loan transfer,out,Summer,NA,Eredivisie,2004,2004/2005
Feyenoord Rotterdam,Santi Kolk,22,Right Winger,Excelsior,loan transfer,out,Summer,NA,Eredivisie,2004,2004/2005
Feyenoord Rotterdam,Pieter Collen,24,Centre-Back,NAC Breda,loan transfer,out,Summer,NA,Eredivisie,2004,2004/2005
Feyenoord Rotterdam,Kees van Wonderen,35,Centre-Back,Retired,-,out,Summer,0,Eredivisie,2004,2004/2005
Feyenoord Rotterdam,Leonardo,27,Right-Back,Without Club,-,out,Summer,0,Eredivisie,2004,2004/2005
SC Heerenveen,Klaas-Jan Huntelaar,20,Centre-Forward,PSV Eindhoven,£810Th.,in,Summer,0.81,Eredivisie,2004,2004/2005
SC Heerenveen,Arnold Bruggink,26,Attacking Midfield,RCD Mallorca,free transfer,in,Summer,NA,Eredivisie,2004,2004/2005
SC Heerenveen,Sven Taberima,18,Goalkeeper,Ajax U19,free transfer,in,Summer,NA,Eredivisie,2004,2004/2005
SC Heerenveen,Yuri Rose,25,Attacking Midfield,Heracles Almelo,free transfer,in,Summer,NA,Eredivisie,2004,2004/2005
SC Heerenveen,Tomasz Rzasa,31,Left-Back,Partizan,free transfer,in,Summer,NA,Eredivisie,2004,2004/2005
SC Heerenveen,André Hanssen,23,Defensive Midfield,Bodø/Glimt,free transfer,in,Summer,NA,Eredivisie,2004,2004/2005
SC Heerenveen,Ugur Yildirim,22,Right Winger,Go Ahead Eagles,free transfer,in,Summer,NA,Eredivisie,2004,2004/2005
SC Heerenveen,Denis Calincov,18,Left Winger,RSC Anderlecht,loan transfer,in,Summer,NA,Eredivisie,2004,2004/2005
SC Heerenveen,Michel Breuer,24,Centre-Back,Excelsior,?,in,Summer,NA,Eredivisie,2004,2004/2005
SC Heerenveen,Romano Denneboom,23,Right Winger,Willem II,?,in,Summer,NA,Eredivisie,2004,2004/2005
SC Heerenveen,Youssouf Hersi,21,Right Winger,Ajax,?,in,Summer,NA,Eredivisie,2004,2004/2005
SC Heerenveen,Brian Vandenbussche,22,Goalkeeper,Sparta R.,?,in,Summer,NA,Eredivisie,2004,2004/2005
SC Heerenveen,Victor Sikora,26,Right Winger,Ajax,loan transfer,in,Summer,NA,Eredivisie,2004,2004/2005
SC Heerenveen,Jeroen Drost,17,Left-Back,Heerenveen U19,-,in,Summer,0,Eredivisie,2004,2004/2005
SC Heerenveen,Jerrel Wolfgang,19,Centre-Back,Heerenveen U19,-,in,Summer,0,Eredivisie,2004,2004/2005
SC Heerenveen,Joey van den Berg,18,Defensive Midfield,Heerenveen U19,-,in,Summer,0,Eredivisie,2004,2004/2005
SC Heerenveen,Santi Kolk,22,Right Winger,FC Den Bosch,"End of loanJun 30, 2004",in,Summer,0,Eredivisie,2004,2004/2005
SC Heerenveen,Arjan Ebbinge,29,Centre-Back,NEC Nijmegen,"End of loanJun 30, 2004",in,Summer,0,Eredivisie,2004,2004/2005
SC Heerenveen,Mark-Jan Fledderus,21,Left-Back,Stormv. Telstar,"End of loanJun 30, 2004",in,Summer,0,Eredivisie,2004,2004/2005
SC Heerenveen,Erik Edman,25,Left-Back,Spurs,£1.80m,out,Summer,1.8,Eredivisie,2004,2004/2005
SC Heerenveen,Gerald Sibon,30,Centre-Forward,PSV Eindhoven,£675Th.,out,Summer,0.675,Eredivisie,2004,2004/2005
SC Heerenveen,Hans Vonk,34,Goalkeeper,Ajax,free transfer,out,Summer,NA,Eredivisie,2004,2004/2005
SC Heerenveen,Romano Denneboom,23,Right Winger,NEC Nijmegen,free transfer,out,Summer,NA,Eredivisie,2004,2004/2005
SC Heerenveen,Marc van Eijk,22,Right Winger,Doxa Dramas,free transfer,out,Summer,NA,Eredivisie,2004,2004/2005
SC Heerenveen,Tieme Klompe,28,Centre-Back,RKC Waalwijk,free transfer,out,Summer,NA,Eredivisie,2004,2004/2005
SC Heerenveen,Mark-Jan Fledderus,21,Left-Back,FC Groningen,free transfer,out,Summer,NA,Eredivisie,2004,2004/2005
SC Heerenveen,Jacob de Vries,24,Goalkeeper,Flevo Boys,free transfer,out,Summer,NA,Eredivisie,2004,2004/2005
SC Heerenveen,Ronny Venema,29,Right-Back,Cambuur L.,free transfer,out,Summer,NA,Eredivisie,2004,2004/2005
SC Heerenveen,Maceo Rigters,20,Centre-Forward,FC Dordrecht,free transfer,out,Summer,NA,Eredivisie,2004,2004/2005
SC Heerenveen,René van der Weij,21,Centre-Forward,Cambuur L.,free transfer,out,Summer,NA,Eredivisie,2004,2004/2005
SC Heerenveen,Jesper Haakansson,22,Attacking Midfield,RBC Roosendaal,loan transfer,out,Summer,NA,Eredivisie,2004,2004/2005
SC Heerenveen,Arjan Ebbinge,29,Centre-Back,NEC Nijmegen,?,out,Summer,NA,Eredivisie,2004,2004/2005
SC Heerenveen,Santi Kolk,22,Right Winger,Feyenoord,?,out,Summer,NA,Eredivisie,2004,2004/2005
SC Heerenveen,Johan Hansma,35,Centre-Back,Retired,-,out,Summer,0,Eredivisie,2004,2004/2005
SC Heerenveen,Richard Knopper,26,Attacking Midfield,Ajax,"End of loanJun 30, 2004",out,Summer,0,Eredivisie,2004,2004/2005
AZ Alkmaar,Tarik Sektioui,27,Right Winger,Willem II,free transfer,in,Summer,NA,Eredivisie,2004,2004/2005
AZ Alkmaar,Joris Mathijsen,24,Centre-Back,Willem II,free transfer,in,Summer,NA,Eredivisie,2004,2004/2005
AZ Alkmaar,Kew Jaliens,25,Centre-Back,Willem II,free transfer,in,Summer,NA,Eredivisie,2004,2004/2005
AZ Alkmaar,Adil Ramzi,27,Left Midfield,PSV Eindhoven,free transfer,in,Summer,NA,Eredivisie,2004,2004/2005
AZ Alkmaar,Ron Vlaar,19,Centre-Back,AZ Alkmaar U19,-,in,Summer,0,Eredivisie,2004,2004/2005
AZ Alkmaar,Beau Molenaar,19,Goalkeeper,AZ Alkmaar U21,-,in,Summer,0,Eredivisie,2004,2004/2005
AZ Alkmaar,Jamal Dibi,24,Attacking Midfield,Stormv. Telstar,"End of loanJun 30, 2004",in,Summer,0,Eredivisie,2004,2004/2005
AZ Alkmaar,Peter Wijker,32,Centre-Back,FC Volendam,free transfer,out,Summer,NA,Eredivisie,2004,2004/2005
AZ Alkmaar,Hans van der Woude,24,Attacking Midfield,Hollandia,free transfer,out,Summer,NA,Eredivisie,2004,2004/2005
AZ Alkmaar,Alair Cruz Vicente,23,Left-Back,FC Volendam,free transfer,out,Summer,NA,Eredivisie,2004,2004/2005
AZ Alkmaar,Jamal Dibi,24,Attacking Midfield,Haarlem,free transfer,out,Summer,NA,Eredivisie,2004,2004/2005
AZ Alkmaar,Canigia,25,Left Winger,ADO '20,free transfer,out,Summer,NA,Eredivisie,2004,2004/2005
Roda JC Kerkrade,Boldizsár Bodor,22,Left-Back,Germ. Beerschot,free transfer,in,Summer,NA,Eredivisie,2004,2004/2005
Roda JC Kerkrade,Guido Budziak,21,Goalkeeper,TOP Oss,free transfer,in,Summer,NA,Eredivisie,2004,2004/2005
Roda JC Kerkrade,László Bodnár,25,Right-Back,Dynamo Kyiv,free transfer,in,Summer,NA,Eredivisie,2004,2004/2005
Roda JC Kerkrade,Sekou Cissé,19,Centre-Forward,JMG Abidjan,free transfer,in,Summer,NA,Eredivisie,2004,2004/2005
Roda JC Kerkrade,Pascal Müller,19,Defensive Midfield,Roda JC U19,-,in,Summer,0,Eredivisie,2004,2004/2005
Roda JC Kerkrade,Faton Popova,19,Central Midfield,Roda JC U21,-,in,Summer,0,Eredivisie,2004,2004/2005
Roda JC Kerkrade,Humphrey Rudge,26,Centre-Back,VVV-Venlo,"End of loanJun 30, 2004",in,Summer,0,Eredivisie,2004,2004/2005
Roda JC Kerkrade,Fatih Sonkaya,23,Right-Back,Besiktas,£450Th.,out,Summer,0.45,Eredivisie,2004,2004/2005
Roda JC Kerkrade,Bas Roorda,31,Goalkeeper,FC Groningen,?,out,Summer,NA,Eredivisie,2004,2004/2005
Roda JC Kerkrade,Seydihan Baslanti,20,Centre-Forward,C. Rizespor,?,out,Summer,NA,Eredivisie,2004,2004/2005
Roda JC Kerkrade,Alain Van Mieghem,22,Left Midfield,Royal Antwerp,?,out,Summer,NA,Eredivisie,2004,2004/2005
Roda JC Kerkrade,Marco van Hoogdalem,32,Centre-Back,FC Schalke 04,"End of loanJun 30, 2004",out,Summer,0,Eredivisie,2004,2004/2005
Roda JC Kerkrade,Iwan Redan,23,Centre-Forward,RKC Waalwijk,"End of loanJun 30, 2004",out,Summer,0,Eredivisie,2004,2004/2005
Roda JC Kerkrade,Youssef Sofiane,20,Centre-Forward,West Ham,"End of loanMay 1, 2005",out,Summer,0,Eredivisie,2004,2004/2005
Willem II Tilburg,Michel Kreek,33,Left-Back,AEK Athens,free transfer,in,Summer,NA,Eredivisie,2004,2004/2005
Willem II Tilburg,Martijn Reuser,29,Attacking Midfield,Ipswich,free transfer,in,Summer,NA,Eredivisie,2004,2004/2005
Willem II Tilburg,Rob Oomens,23,Right Midfield,Helmond Sport,free transfer,in,Summer,NA,Eredivisie,2004,2004/2005
Willem II Tilburg,Oscar Moens,31,Goalkeeper,Genoa,free transfer,in,Summer,NA,Eredivisie,2004,2004/2005
Willem II Tilburg,Marko Kolsi,19,Central Midfield,FC Jokerit,free transfer,in,Summer,NA,Eredivisie,2004,2004/2005
Willem II Tilburg,Iwan Redan,23,Centre-Forward,RKC Waalwijk,free transfer,in,Summer,NA,Eredivisie,2004,2004/2005
Willem II Tilburg,Kevin Bobson,23,Left Winger,Espanyol,?,in,Summer,NA,Eredivisie,2004,2004/2005
Willem II Tilburg,Albert van der Haar,28,Defensive Midfield,FC Zwolle,?,in,Summer,NA,Eredivisie,2004,2004/2005
Willem II Tilburg,Kemy Agustien,17,Defensive Midfield,Willem II/RKC-19,-,in,Summer,0,Eredivisie,2004,2004/2005
Willem II Tilburg,Arjan Swinkels,19,Centre-Back,Willem II U21,-,in,Summer,0,Eredivisie,2004,2004/2005
Willem II Tilburg,Steef Nieuwendaal,18,Defensive Midfield,Willem II/RKC-19,-,in,Summer,0,Eredivisie,2004,2004/2005
Willem II Tilburg,Bas Smulders,18,Attacking Midfield,Willem II/RKC-19,-,in,Summer,0,Eredivisie,2004,2004/2005
Willem II Tilburg,Frank van Kouwen,23,Centre-Back,FC Eindhoven,"End of loanJun 30, 2004",in,Summer,0,Eredivisie,2004,2004/2005
Willem II Tilburg,Özcan Özkaya,23,attack,FC Eindhoven,"End of loanJun 30, 2004",in,Summer,0,Eredivisie,2004,2004/2005
Willem II Tilburg,Marcel Meeuwis,23,Defensive Midfield,VVV-Venlo,"End of loanJun 30, 2004",in,Summer,0,Eredivisie,2004,2004/2005
Willem II Tilburg,Mourad Mghizrat,29,midfield,Emmen,"End of loanJun 30, 2004",in,Summer,0,Eredivisie,2004,2004/2005
Willem II Tilburg,Frank van Kouwen,23,Centre-Back,VVV-Venlo,free transfer,out,Summer,NA,Eredivisie,2004,2004/2005
Willem II Tilburg,Geert De Vlieger,32,Goalkeeper,Man City,free transfer,out,Summer,NA,Eredivisie,2004,2004/2005
Willem II Tilburg,Mourad Mghizrat,29,midfield,FC Den Bosch,free transfer,out,Summer,NA,Eredivisie,2004,2004/2005
Willem II Tilburg,Marcel Meeuwis,23,Defensive Midfield,VVV-Venlo,free transfer,out,Summer,NA,Eredivisie,2004,2004/2005
Willem II Tilburg,Kew Jaliens,25,Centre-Back,AZ Alkmaar,free transfer,out,Summer,NA,Eredivisie,2004,2004/2005
Willem II Tilburg,Joris Mathijsen,24,Centre-Back,AZ Alkmaar,free transfer,out,Summer,NA,Eredivisie,2004,2004/2005
Willem II Tilburg,Dmitri Shukov,28,Left Midfield,Twente FC,free transfer,out,Summer,NA,Eredivisie,2004,2004/2005
Willem II Tilburg,Tarik Sektioui,27,Right Winger,AZ Alkmaar,free transfer,out,Summer,NA,Eredivisie,2004,2004/2005
Willem II Tilburg,Youssef Mariana,30,Left Midfield,Wydad AC,free transfer,out,Summer,NA,Eredivisie,2004,2004/2005
Willem II Tilburg,Emile van de Meerakker,23,defence,FC Den Bosch,?,out,Summer,NA,Eredivisie,2004,2004/2005
Willem II Tilburg,Özcan Özkaya,23,attack,Achilles Veen,?,out,Summer,NA,Eredivisie,2004,2004/2005
Willem II Tilburg,Romano Denneboom,23,Right Winger,Heerenveen,?,out,Summer,NA,Eredivisie,2004,2004/2005
Willem II Tilburg,Bart Van den Eede,26,Centre-Forward,NAC Breda,"End of loanJun 30, 2004",out,Summer,0,Eredivisie,2004,2004/2005
Twente Enschede FC,Blaise Nkufo,29,Centre-Forward,Hannover 96,£540Th.,in,Summer,0.54,Eredivisie,2004,2004/2005
Twente Enschede FC,Jason Culina,23,Central Midfield,Ajax,free transfer,in,Summer,NA,Eredivisie,2004,2004/2005
Twente Enschede FC,Raymond Fafiani,20,Central Midfield,Vitesse,free transfer,in,Summer,NA,Eredivisie,2004,2004/2005
Twente Enschede FC,Sander Boschker,33,Goalkeeper,Ajax,free transfer,in,Summer,NA,Eredivisie,2004,2004/2005
Twente Enschede FC,Niels Wellenberg,21,Right-Back,Go Ahead Eagles,free transfer,in,Summer,NA,Eredivisie,2004,2004/2005
Twente Enschede FC,Karim Touzani,23,Defensive Midfield,FC Utrecht,free transfer,in,Summer,NA,Eredivisie,2004,2004/2005
Twente Enschede FC,Guilherme Afonso,18,Centre-Forward,ASOA Valence,free transfer,in,Summer,NA,Eredivisie,2004,2004/2005
Twente Enschede FC,Dmitri Shukov,28,Left Midfield,Willem II,free transfer,in,Summer,NA,Eredivisie,2004,2004/2005
Twente Enschede FC,Resit Schuurman,25,Defensive Midfield,NEC Nijmegen,?,in,Summer,NA,Eredivisie,2004,2004/2005
Twente Enschede FC,Elbekay Bouchiba,25,Attacking Midfield,Sparta R.,?,in,Summer,NA,Eredivisie,2004,2004/2005
Twente Enschede FC,Ruud Bruns,18,attack,FC Twente U19,-,in,Summer,0,Eredivisie,2004,2004/2005
Twente Enschede FC,Ibad Muhamadu,22,Centre-Forward,Cambuur L.,"End of loanJun 30, 2004",in,Summer,0,Eredivisie,2004,2004/2005
Twente Enschede FC,Björn van der Doelen,27,Central Midfield,NEC Nijmegen,"End of loanJun 30, 2004",in,Summer,0,Eredivisie,2004,2004/2005
Twente Enschede FC,Thijs Houwing,23,attack,De Graafschap,"End of loanJun 30, 2004",in,Summer,0,Eredivisie,2004,2004/2005
Twente Enschede FC,Mo Allach,30,Right-Back,VVV-Venlo,£270Th.,out,Summer,0.27,Eredivisie,2004,2004/2005
Twente Enschede FC,Arco Jochemsen,33,Right Midfield,FC Zwolle,free transfer,out,Summer,NA,Eredivisie,2004,2004/2005
Twente Enschede FC,Mikko Rahkamaa,22,Goalkeeper,Go Ahead Eagles,free transfer,out,Summer,NA,Eredivisie,2004,2004/2005
Twente Enschede FC,Ibad Muhamadu,22,Centre-Forward,MVV Maastricht,free transfer,out,Summer,NA,Eredivisie,2004,2004/2005
Twente Enschede FC,Spira Grujic,32,Sweeper,ADO Den Haag,free transfer,out,Summer,NA,Eredivisie,2004,2004/2005
Twente Enschede FC,Björn van der Doelen,27,Central Midfield,NEC Nijmegen,free transfer,out,Summer,NA,Eredivisie,2004,2004/2005
Twente Enschede FC,Thijs Houwing,23,attack,Cambuur L.,free transfer,out,Summer,NA,Eredivisie,2004,2004/2005
Twente Enschede FC,Sjaak Polak,28,Left-Back,ADO Den Haag,free transfer,out,Summer,NA,Eredivisie,2004,2004/2005
Twente Enschede FC,Nelson da Costa,22,Attacking Midfield,Go Ahead Eagles,loan transfer,out,Summer,NA,Eredivisie,2004,2004/2005
Twente Enschede FC,Jeffrey de Visscher,23,Right Winger,Heracles Almelo,loan transfer,out,Summer,NA,Eredivisie,2004,2004/2005
Twente Enschede FC,Patrick Pothuizen,32,Centre-Back,NEC Nijmegen,?,out,Summer,NA,Eredivisie,2004,2004/2005
Twente Enschede FC,Chris van der Weerden,31,Right-Back,Germ. Beerschot,?,out,Summer,NA,Eredivisie,2004,2004/2005
Twente Enschede FC,Giorgi Gakhokidze,28,Left Winger,Metalurg D.,loan transfer,out,Summer,NA,Eredivisie,2004,2004/2005
Twente Enschede FC,Jelle ten Rouwelaar,23,Goalkeeper,PSV Eindhoven,"End of loanJun 30, 2004",out,Summer,0,Eredivisie,2004,2004/2005
Twente Enschede FC,Blaise Nkufo,29,Centre-Forward,Hannover 96,"End of loanJun 30, 2004",out,Summer,0,Eredivisie,2004,2004/2005
Twente Enschede FC,Adil Ramzi,26,Left Midfield,PSV Eindhoven,"End of loanJun 30, 2004",out,Summer,0,Eredivisie,2004,2004/2005
NAC Breda,David Mendes da Silva,21,Defensive Midfield,Sparta R.,£68Th.,in,Summer,0.068,Eredivisie,2004,2004/2005
NAC Breda,Mehmet Ali Yeral,20,Attacking Midfield,RBC Roosendaal,£63Th.,in,Summer,0.063,Eredivisie,2004,2004/2005
NAC Breda,Mike Zonneveld,23,Left-Back,NEC Nijmegen,free transfer,in,Summer,NA,Eredivisie,2004,2004/2005
NAC Breda,Yuri Cornelisse,29,Right Midfield,RKC Waalwijk,free transfer,in,Summer,NA,Eredivisie,2004,2004/2005
NAC Breda,Omar Boukhari,18,Right-Back,Al-Shamal,free transfer,in,Summer,NA,Eredivisie,2004,2004/2005
NAC Breda,Davy Schollen,26,Goalkeeper,KRC Genk,loan transfer,in,Summer,NA,Eredivisie,2004,2004/2005
NAC Breda,Anthony Lurling,27,Attacking Midfield,Feyenoord,loan transfer,in,Summer,NA,Eredivisie,2004,2004/2005
NAC Breda,Jürgen Colin,23,Centre-Back,PSV Eindhoven,loan transfer,in,Summer,NA,Eredivisie,2004,2004/2005
NAC Breda,Raphael Maitimo,20,Central Midfield,Feyenoord U21,?,in,Summer,NA,Eredivisie,2004,2004/2005
NAC Breda,Robert Braber,21,Attacking Midfield,Excelsior U21,?,in,Summer,NA,Eredivisie,2004,2004/2005
NAC Breda,Pieter Collen,24,Centre-Back,Feyenoord,loan transfer,in,Summer,NA,Eredivisie,2004,2004/2005
NAC Breda,Julian Jenner,20,Right Winger,NAC Breda U21,-,in,Summer,0,Eredivisie,2004,2004/2005
NAC Breda,Bart Van den Eede,26,Centre-Forward,Willem II,"End of loanJun 30, 2004",in,Summer,0,Eredivisie,2004,2004/2005
NAC Breda,Orlando Engelaar,24,Defensive Midfield,KRC Genk,£1.08m,out,Summer,1.08,Eredivisie,2004,2004/2005
NAC Breda,Csaba Fehér,28,Defensive Midfield,PSV Eindhoven,£689Th.,out,Summer,0.689,Eredivisie,2004,2004/2005
NAC Breda,Gábor Babos,29,Goalkeeper,Feyenoord,free transfer,out,Summer,NA,Eredivisie,2004,2004/2005
NAC Breda,Gino Coutinho,21,Goalkeeper,Vitesse,free transfer,out,Summer,NA,Eredivisie,2004,2004/2005
NAC Breda,Henk Vos,36,Centre-Forward,TOP Oss,free transfer,out,Summer,NA,Eredivisie,2004,2004/2005
NAC Breda,Faysal Houba,21,attack,WSC,free transfer,out,Summer,NA,Eredivisie,2004,2004/2005
NAC Breda,Robbie Haemhouts,20,Central Midfield,FC Den Bosch,loan transfer,out,Summer,NA,Eredivisie,2004,2004/2005
NAC Breda,Nourdin Boukhari,24,Attacking Midfield,Ajax,"End of loanJun 30, 2004",out,Summer,0,Eredivisie,2004,2004/2005
NAC Breda,Johan Elmander,23,Centre-Forward,Feyenoord,"End of loanJun 30, 2004",out,Summer,0,Eredivisie,2004,2004/2005
NAC Breda,Stefano Seedorf,22,Central Midfield,Ajax,"End of loanJun 30, 2004",out,Summer,0,Eredivisie,2004,2004/2005
FC Utrecht,David di Tommaso,24,Centre-Back,CS Sedan,free transfer,in,Summer,NA,Eredivisie,2004,2004/2005
FC Utrecht,Darl Douglas,24,Right Winger,Heracles Almelo,free transfer,in,Summer,NA,Eredivisie,2004,2004/2005
FC Utrecht,Sven Post,18,Attacking Midfield,FC Dordrecht,free transfer,in,Summer,NA,Eredivisie,2004,2004/2005
FC Utrecht,Prince Rajcomar,19,Centre-Forward,Fortuna Sittard,free transfer,in,Summer,NA,Eredivisie,2004,2004/2005
FC Utrecht,Samir El Gaaouiri,20,Left Winger,Fortuna Sittard,?,in,Summer,NA,Eredivisie,2004,2004/2005
FC Utrecht,Hans Somers,26,Left Midfield,Trabzonspor,?,in,Summer,NA,Eredivisie,2004,2004/2005
FC Utrecht,Tim Cornelisse,26,Right-Back,Vitesse,?,in,Summer,NA,Eredivisie,2004,2004/2005
FC Utrecht,Paulus Roiha,23,Centre-Forward,FC Zwolle,"End of loanJun 30, 2004",in,Summer,0,Eredivisie,2004,2004/2005
FC Utrecht,Ruud Berger,24,Attacking Midfield,Emmen,"End of loanJun 30, 2004",in,Summer,0,Eredivisie,2004,2004/2005
FC Utrecht,Frank Karreman,20,Centre-Back,Emmen,"End of loanJun 30, 2004",in,Summer,0,Eredivisie,2004,2004/2005
FC Utrecht,Frank Karreman,20,Centre-Back,Emmen,free transfer,out,Summer,NA,Eredivisie,2004,2004/2005
FC Utrecht,Abdelhali Chaiat,20,Right Winger,FC Volendam,free transfer,out,Summer,NA,Eredivisie,2004,2004/2005
FC Utrecht,Paulus Roiha,23,Centre-Forward,Cercle Brugge,free transfer,out,Summer,NA,Eredivisie,2004,2004/2005
FC Utrecht,Ruud Berger,24,Attacking Midfield,FC Zwolle,free transfer,out,Summer,NA,Eredivisie,2004,2004/2005
FC Utrecht,Karim Touzani,23,Defensive Midfield,Twente FC,free transfer,out,Summer,NA,Eredivisie,2004,2004/2005
FC Utrecht,Patrick Zwaanswijk,29,Centre-Back,Oita Trinita,free transfer,out,Summer,NA,Eredivisie,2004,2004/2005
FC Utrecht,Tom Van Mol,31,Left-Back,Cercle Brugge,?,out,Summer,NA,Eredivisie,2004,2004/2005
FC Utrecht,Pascal Bosschaart,24,Centre-Back,Feyenoord,?,out,Summer,NA,Eredivisie,2004,2004/2005
FC Utrecht,Donny de Groot,24,Centre-Forward,Without Club,-,out,Summer,0,Eredivisie,2004,2004/2005
FC Utrecht,Michael Lamey,24,Right-Back,PSV Eindhoven,"End of loanJul 1, 2004",out,Summer,0,Eredivisie,2004,2004/2005
RKC Waalwijk,Mattheus Hoop,20,Goalkeeper,NEC Nijmegen,free transfer,in,Summer,NA,Eredivisie,2004,2004/2005
RKC Waalwijk,Michael Krohn-Dehli,21,Central Midfield,Ajax U21,free transfer,in,Summer,NA,Eredivisie,2004,2004/2005
RKC Waalwijk,Randy Rustenberg,20,Left-Back,Ajax U21,free transfer,in,Summer,NA,Eredivisie,2004,2004/2005
RKC Waalwijk,Jurgen Wevers,25,Goalkeeper,De Graafschap,free transfer,in,Summer,NA,Eredivisie,2004,2004/2005
RKC Waalwijk,Tieme Klompe,28,Centre-Back,Heerenveen,free transfer,in,Summer,NA,Eredivisie,2004,2004/2005
RKC Waalwijk,Didi Longuet,23,Right-Back,Ajax U21,free transfer,in,Summer,NA,Eredivisie,2004,2004/2005
RKC Waalwijk,Jerold Promes,20,Centre-Back,Ajax U21,free transfer,in,Summer,NA,Eredivisie,2004,2004/2005
RKC Waalwijk,Thomas Vermaelen,18,Centre-Back,Ajax,loan transfer,in,Summer,NA,Eredivisie,2004,2004/2005
RKC Waalwijk,Jasar Takak,22,Central Midfield,PSV U21,loan transfer,in,Summer,NA,Eredivisie,2004,2004/2005
RKC Waalwijk,Alfred Schreuder,31,Defensive Midfield,Feyenoord,loan transfer,in,Summer,NA,Eredivisie,2004,2004/2005
RKC Waalwijk,Maarten Martens,19,Attacking Midfield,RSC Anderlecht,loan transfer,in,Summer,NA,Eredivisie,2004,2004/2005
RKC Waalwijk,Sjoerd Schrier,20,Centre-Back,RKC U21,-,in,Summer,0,Eredivisie,2004,2004/2005
RKC Waalwijk,Iwan Redan,23,Centre-Forward,Roda JC,"End of loanJun 30, 2004",in,Summer,0,Eredivisie,2004,2004/2005
RKC Waalwijk,Michael van der Heijden,22,midfield,FC Dordrecht,"End of loanJun 30, 2004",in,Summer,0,Eredivisie,2004,2004/2005
RKC Waalwijk,Jochen Janssen,28,Centre-Forward,Sint-Truiden,"End of loanJun 30, 2004",in,Summer,0,Eredivisie,2004,2004/2005
RKC Waalwijk,Khalid Boulahrouz,22,Centre-Back,Hamburger SV,£1.35m,out,Summer,1.35,Eredivisie,2004,2004/2005
RKC Waalwijk,Kris Ottoy,19,Goalkeeper,KV Waasland,free transfer,out,Summer,NA,Eredivisie,2004,2004/2005
RKC Waalwijk,Tim Aelbrecht,22,midfield,KV Kortrijk,free transfer,out,Summer,NA,Eredivisie,2004,2004/2005
RKC Waalwijk,Iwan Redan,23,Centre-Forward,Willem II,free transfer,out,Summer,NA,Eredivisie,2004,2004/2005
RKC Waalwijk,Ron Heesakkers,25,Centre-Forward,Helmond Sport,free transfer,out,Summer,NA,Eredivisie,2004,2004/2005
RKC Waalwijk,Saïd Boutahar,21,Attacking Midfield,NEC Nijmegen,free transfer,out,Summer,NA,Eredivisie,2004,2004/2005
RKC Waalwijk,Yuri Cornelisse,29,Right Midfield,NAC Breda,free transfer,out,Summer,NA,Eredivisie,2004,2004/2005
RKC Waalwijk,Raymond van der Gouw,41,Goalkeeper,AGOVV,free transfer,out,Summer,NA,Eredivisie,2004,2004/2005
RKC Waalwijk,Fabian Peppinck,26,Right-Back,MVV Maastricht,free transfer,out,Summer,NA,Eredivisie,2004,2004/2005
RKC Waalwijk,Bernardo Vasconcelos,25,Centre-Forward,Leiria,loan transfer,out,Summer,NA,Eredivisie,2004,2004/2005
RKC Waalwijk,Gábor Torma,27,Centre-Forward,AEL Limassol,?,out,Summer,NA,Eredivisie,2004,2004/2005
RKC Waalwijk,Sven Doms,20,defence,KFC Kontich,?,out,Summer,NA,Eredivisie,2004,2004/2005
RKC Waalwijk,Koen Van Der Heyden,21,Left-Back,Eendracht Aalst,?,out,Summer,NA,Eredivisie,2004,2004/2005
RKC Waalwijk,Wilko de Vogt,28,Goalkeeper,TOP Oss,loan transfer,out,Summer,NA,Eredivisie,2004,2004/2005
RKC Waalwijk,Zeljko Petrovic,38,Right-Back,Retired,-,out,Summer,0,Eredivisie,2004,2004/2005
RKC Waalwijk,Steve Olfers,22,Centre-Back,Feyenoord,"End of loanJun 30, 2004",out,Summer,0,Eredivisie,2004,2004/2005
RBC Roosendaal,Adam Farouk,18,Centre-Back,RC Paris,free transfer,in,Summer,NA,Eredivisie,2004,2004/2005
RBC Roosendaal,Tim Smolders,23,Central Midfield,Club Brugge,free transfer,in,Summer,NA,Eredivisie,2004,2004/2005
RBC Roosendaal,Birger Van de Ven,22,Centre-Back,Club Brugge,loan transfer,in,Summer,NA,Eredivisie,2004,2004/2005
RBC Roosendaal,Jesper Haakansson,22,Attacking Midfield,Heerenveen,loan transfer,in,Summer,NA,Eredivisie,2004,2004/2005
RBC Roosendaal,Danny Guijt,23,Attacking Midfield,TOP Oss,?,in,Summer,NA,Eredivisie,2004,2004/2005
RBC Roosendaal,Maikel Aerts,28,Goalkeeper,Feyenoord,loan transfer,in,Summer,NA,Eredivisie,2004,2004/2005
RBC Roosendaal,Illary van der Lee,20,Goalkeeper,Roosendaal U19,-,in,Summer,0,Eredivisie,2004,2004/2005
RBC Roosendaal,Fouad Makhout,19,Centre-Forward,Roosendaal U19,-,in,Summer,0,Eredivisie,2004,2004/2005
RBC Roosendaal,Robert Stols,18,midfield,Roosendaal U19,-,in,Summer,0,Eredivisie,2004,2004/2005
RBC Roosendaal,Niels Dominicus,20,attack,Roosendaal II,-,in,Summer,0,Eredivisie,2004,2004/2005
RBC Roosendaal,Mehmet Ali Yeral,20,Attacking Midfield,NAC Breda,£63Th.,out,Summer,0.063,Eredivisie,2004,2004/2005
RBC Roosendaal,Ode Thompson,23,Centre-Forward,KV Oostende,free transfer,out,Summer,NA,Eredivisie,2004,2004/2005
RBC Roosendaal,Maikel Aerts,28,Goalkeeper,Feyenoord,free transfer,out,Summer,NA,Eredivisie,2004,2004/2005
RBC Roosendaal,Marcel Cas,32,Right-Back,FC Den Bosch,?,out,Summer,NA,Eredivisie,2004,2004/2005
RBC Roosendaal,Edwin de Graaf,24,Central Midfield,Feyenoord,?,out,Summer,NA,Eredivisie,2004,2004/2005
RBC Roosendaal,Esad Razic,21,Left Midfield,Helmond Sport,loan transfer,out,Summer,NA,Eredivisie,2004,2004/2005
RBC Roosendaal,Elvis Hammond,24,Centre-Forward,Fulham,"End of loanMay 1, 2005",out,Summer,0,Eredivisie,2004,2004/2005
RBC Roosendaal,Pablo Niño,26,midfield,Real Betis,"End of loanJun 30, 2004",out,Summer,0,Eredivisie,2004,2004/2005
FC Groningen,Jack Tuyp,20,Centre-Forward,FC Volendam,£720Th.,in,Summer,0.72,Eredivisie,2004,2004/2005
FC Groningen,Danny Buijs,22,Central Midfield,Excelsior,£675Th.,in,Summer,0.675,Eredivisie,2004,2004/2005
FC Groningen,Gijs Luirink,20,Centre-Back,FC Volendam,£450Th.,in,Summer,0.45,Eredivisie,2004,2004/2005
FC Groningen,Luizinho,21,midfield,AC Le Havre,free transfer,in,Summer,NA,Eredivisie,2004,2004/2005
FC Groningen,Stefano Seedorf,22,Central Midfield,Ajax,free transfer,in,Summer,NA,Eredivisie,2004,2004/2005
FC Groningen,Mark-Jan Fledderus,21,Left-Back,Heerenveen,free transfer,in,Summer,NA,Eredivisie,2004,2004/2005
FC Groningen,Bas Roorda,31,Goalkeeper,Roda JC,?,in,Summer,NA,Eredivisie,2004,2004/2005
FC Groningen,Shutlan Axwijk,18,Left Winger,Groningen U19,-,in,Summer,0,Eredivisie,2004,2004/2005
FC Groningen,Raymond Bronkhorst,25,Right Midfield,Cambuur L.,"End of loanJun 30, 2004",in,Summer,0,Eredivisie,2004,2004/2005
FC Groningen,Arvid Smit,23,Central Midfield,PSV Eindhoven,free transfer,out,Summer,NA,Eredivisie,2004,2004/2005
FC Groningen,Ignacio Tuhuteru,30,Left Winger,Go Ahead Eagles,free transfer,out,Summer,NA,Eredivisie,2004,2004/2005
FC Groningen,Regillio Vrede,31,Centre-Back,TOP Oss,free transfer,out,Summer,NA,Eredivisie,2004,2004/2005
FC Groningen,Rolf Landerl,28,Attacking Midfield,Penafiel,free transfer,out,Summer,NA,Eredivisie,2004,2004/2005
FC Groningen,Raymond Bronkhorst,25,Right Midfield,Cambuur L.,free transfer,out,Summer,NA,Eredivisie,2004,2004/2005
FC Groningen,Melchior Schoenmakers,28,Centre-Back,SC Veendam,free transfer,out,Summer,NA,Eredivisie,2004,2004/2005
FC Groningen,Ray Fränkel,21,Centre-Back,Fortuna Sittard,loan transfer,out,Summer,NA,Eredivisie,2004,2004/2005
FC Groningen,Roy Beukenkamp,36,Goalkeeper,Retired,-,out,Summer,0,Eredivisie,2004,2004/2005
NEC Nijmegen,José Valencia,22,Left-Back,Ajax U21,free transfer,in,Summer,NA,Eredivisie,2004,2004/2005
NEC Nijmegen,Romano Denneboom,23,Right Winger,Heerenveen,free transfer,in,Summer,NA,Eredivisie,2004,2004/2005
NEC Nijmegen,Saïd Boutahar,21,Attacking Midfield,RKC Waalwijk,free transfer,in,Summer,NA,Eredivisie,2004,2004/2005
NEC Nijmegen,Björn van der Doelen,27,Central Midfield,Twente FC,free transfer,in,Summer,NA,Eredivisie,2004,2004/2005
NEC Nijmegen,Raymon van Emmerik,24,Goalkeeper,1.FC Kleve,free transfer,in,Summer,NA,Eredivisie,2004,2004/2005
NEC Nijmegen,Arjan Ebbinge,29,Centre-Back,Heerenveen,?,in,Summer,NA,Eredivisie,2004,2004/2005
NEC Nijmegen,Patrick Pothuizen,32,Centre-Back,Twente FC,?,in,Summer,NA,Eredivisie,2004,2004/2005
NEC Nijmegen,Rutger Worm,18,Right Winger,NEC U19,-,in,Summer,0,Eredivisie,2004,2004/2005
NEC Nijmegen,Alexander Prent,21,Right Winger,NEC U19,-,in,Summer,0,Eredivisie,2004,2004/2005
NEC Nijmegen,Charles Kazlauskas,21,Right-Back,Fortuna Sittard,"End of loanJun 30, 2004",in,Summer,0,Eredivisie,2004,2004/2005
NEC Nijmegen,Mark Otten,18,Centre-Back,Feyenoord,free transfer,out,Summer,NA,Eredivisie,2004,2004/2005
NEC Nijmegen,Tarik Divarci,21,attack,Stormv. Telstar,free transfer,out,Summer,NA,Eredivisie,2004,2004/2005
NEC Nijmegen,Marc Peters,25,Right Midfield,De Treffers,free transfer,out,Summer,NA,Eredivisie,2004,2004/2005
NEC Nijmegen,Dejan Govedarica,34,Central Midfield,Vojvodina,free transfer,out,Summer,NA,Eredivisie,2004,2004/2005
NEC Nijmegen,Mattheus Hoop,20,Goalkeeper,RKC Waalwijk,free transfer,out,Summer,NA,Eredivisie,2004,2004/2005
NEC Nijmegen,Theo Brack,19,Goalkeeper,FC Zwolle,free transfer,out,Summer,NA,Eredivisie,2004,2004/2005
NEC Nijmegen,Mike Zonneveld,23,Left-Back,NAC Breda,free transfer,out,Summer,NA,Eredivisie,2004,2004/2005
NEC Nijmegen,René van Rijswijk,33,Right Winger,Cambuur L.,free transfer,out,Summer,NA,Eredivisie,2004,2004/2005
NEC Nijmegen,Zico Tumba,27,Centre-Forward,FC Sète 34,free transfer,out,Summer,NA,Eredivisie,2004,2004/2005
NEC Nijmegen,Patrick Ax,24,attack,De Graafschap,?,out,Summer,NA,Eredivisie,2004,2004/2005
NEC Nijmegen,Resit Schuurman,25,Defensive Midfield,Twente FC,?,out,Summer,NA,Eredivisie,2004,2004/2005
NEC Nijmegen,Fabian de Freitas,31,attack,Retired,-,out,Summer,0,Eredivisie,2004,2004/2005
NEC Nijmegen,Björn van der Doelen,27,Central Midfield,Twente FC,"End of loanJun 30, 2004",out,Summer,0,Eredivisie,2004,2004/2005
NEC Nijmegen,Youssouf Hersi,21,Right Winger,Ajax,"End of loanJun 30, 2004",out,Summer,0,Eredivisie,2004,2004/2005
NEC Nijmegen,Arjan Ebbinge,29,Centre-Back,Heerenveen,"End of loanJun 30, 2004",out,Summer,0,Eredivisie,2004,2004/2005
ADO Den Haag,Jimmy van Fessem,28,Goalkeeper,Vitesse,free transfer,in,Summer,NA,Eredivisie,2004,2004/2005
ADO Den Haag,Spira Grujic,32,Sweeper,Twente FC,free transfer,in,Summer,NA,Eredivisie,2004,2004/2005
ADO Den Haag,Sjaak Polak,28,Left-Back,Twente FC,free transfer,in,Summer,NA,Eredivisie,2004,2004/2005
ADO Den Haag,Jamie Smith,23,Right Winger,Celtic,free transfer,in,Summer,NA,Eredivisie,2004,2004/2005
ADO Den Haag,Jamie Coyne,23,Right-Back,Perth Glory,free transfer,in,Summer,NA,Eredivisie,2004,2004/2005
ADO Den Haag,Geert den Ouden,27,Centre-Forward,Djurgarden,£45Th.,in,Summer,0.045,Eredivisie,2004,2004/2005
ADO Den Haag,Arjan van der Kaay,21,Goalkeeper,SVVSMC,?,in,Summer,NA,Eredivisie,2004,2004/2005
ADO Den Haag,Raymond Jansz,21,Goalkeeper,Unknown,?,in,Summer,NA,Eredivisie,2004,2004/2005
ADO Den Haag,Gill Swerts,21,Right-Back,Feyenoord,loan transfer,in,Summer,NA,Eredivisie,2004,2004/2005
ADO Den Haag,Wesley Zandstra,20,Right-Back,TOP Oss,"End of loanJun 30, 2004",in,Summer,0,Eredivisie,2004,2004/2005
ADO Den Haag,Maurice Verberne,33,Centre-Back,MVV Maastricht,"End of loanJun 30, 2004",in,Summer,0,Eredivisie,2004,2004/2005
ADO Den Haag,Marlon Kruis,23,defence,Voorschoten,free transfer,out,Summer,NA,Eredivisie,2004,2004/2005
ADO Den Haag,Maurice Verberne,33,Centre-Back,MVV Maastricht,free transfer,out,Summer,NA,Eredivisie,2004,2004/2005
ADO Den Haag,Eelco Tigchelaar,22,Centre-Back,VSV TONEGIDO,free transfer,out,Summer,NA,Eredivisie,2004,2004/2005
ADO Den Haag,Mario van Heiningen,28,defence,Voorschoten,free transfer,out,Summer,NA,Eredivisie,2004,2004/2005
ADO Den Haag,Robert van Boxel,21,Centre-Back,AGOVV,free transfer,out,Summer,NA,Eredivisie,2004,2004/2005
ADO Den Haag,Kofi Mensah,26,Right-Back,Anorthosis,free transfer,out,Summer,NA,Eredivisie,2004,2004/2005
ADO Den Haag,Roland Jansen,36,Goalkeeper,Kozakken Boys,free transfer,out,Summer,NA,Eredivisie,2004,2004/2005
ADO Den Haag,Jeffrey van As,32,Centre-Back,VVSB,free transfer,out,Summer,NA,Eredivisie,2004,2004/2005
ADO Den Haag,Michael Ros,22,Centre-Back,Haarlem,free transfer,out,Summer,NA,Eredivisie,2004,2004/2005
ADO Den Haag,Romeo Castelen,21,Right Winger,Feyenoord,free transfer,out,Summer,NA,Eredivisie,2004,2004/2005
ADO Den Haag,Mirano Carrilho,28,Left Midfield,De Graafschap,free transfer,out,Summer,NA,Eredivisie,2004,2004/2005
ADO Den Haag,Patrick de Groot,26,Goalkeeper,Haarlem,?,out,Summer,NA,Eredivisie,2004,2004/2005
ADO Den Haag,Frank van der Geest,31,Goalkeeper,FC Volendam,?,out,Summer,NA,Eredivisie,2004,2004/2005
ADO Den Haag,Regillio Simons,31,Centre-Forward,TOP Oss,?,out,Summer,NA,Eredivisie,2004,2004/2005
ADO Den Haag,Peter Hofstede,37,Centre-Forward,Retired,-,out,Summer,0,Eredivisie,2004,2004/2005
ADO Den Haag,Tarik Oulida,30,Left Midfield,Retired,-,out,Summer,0,Eredivisie,2004,2004/2005
ADO Den Haag,Kazuyuki Toda,26,Defensive Midfield,Shimizu S-Pulse,"End of loanJun 30, 2004",out,Summer,0,Eredivisie,2004,2004/2005
ADO Den Haag,Leonardo,27,Right-Back,Feyenoord,"End of loanJun 30, 2004",out,Summer,0,Eredivisie,2004,2004/2005
ADO Den Haag,Gábor Torma,26,Centre-Forward,Roda JC U21,"End of loanJun 30, 2003",out,Summer,0,Eredivisie,2004,2004/2005
Vitesse Arnhem,Gino Coutinho,21,Goalkeeper,NAC Breda,free transfer,in,Summer,NA,Eredivisie,2004,2004/2005
Vitesse Arnhem,Igor Gluscevic,30,Centre-Forward,Sparta Prague,free transfer,in,Summer,NA,Eredivisie,2004,2004/2005
Vitesse Arnhem,Peter van den Berg,32,Centre-Back,Feyenoord,free transfer,in,Summer,NA,Eredivisie,2004,2004/2005
Vitesse Arnhem,Richard Knopper,26,Attacking Midfield,Ajax,free transfer,in,Summer,NA,Eredivisie,2004,2004/2005
Vitesse Arnhem,Stijn Vreven,30,Right-Back,1.FC K'lautern,free transfer,in,Summer,NA,Eredivisie,2004,2004/2005
Vitesse Arnhem,Bas Wijnen,23,Goalkeeper,VVV-Venlo,?,in,Summer,NA,Eredivisie,2004,2004/2005
Vitesse Arnhem,Abubakari Yakubu,22,Defensive Midfield,Ajax,loan transfer,in,Summer,NA,Eredivisie,2004,2004/2005
Vitesse Arnhem,Tim De Meersman,19,Attacking Midfield,Vit./AGOVV U19,-,in,Summer,0,Eredivisie,2004,2004/2005
Vitesse Arnhem,Lucien Dors,19,Right Midfield,Vit./AGOVV U19,-,in,Summer,0,Eredivisie,2004,2004/2005
Vitesse Arnhem,Max Mbedi,21,Centre-Forward,M. Tel Aviv,£270Th.,out,Summer,0.27,Eredivisie,2004,2004/2005
Vitesse Arnhem,Mamadou Zongo,23,Right Winger,De Graafschap,free transfer,out,Summer,NA,Eredivisie,2004,2004/2005
Vitesse Arnhem,Émile Mbamba,21,attack,M. Tel Aviv,free transfer,out,Summer,NA,Eredivisie,2004,2004/2005
Vitesse Arnhem,Faouzi Azoum,22,defence,BSV Rehden,free transfer,out,Summer,NA,Eredivisie,2004,2004/2005
Vitesse Arnhem,Bas Wijnen,23,Goalkeeper,VVV-Venlo,free transfer,out,Summer,NA,Eredivisie,2004,2004/2005
Vitesse Arnhem,Paulo Rink,31,Centre-Forward,Jeonbuk Hyundai,free transfer,out,Summer,NA,Eredivisie,2004,2004/2005
Vitesse Arnhem,Raymond Fafiani,20,Central Midfield,Twente FC,free transfer,out,Summer,NA,Eredivisie,2004,2004/2005
Vitesse Arnhem,Kalle Sone,21,Right Winger,Bnei Sakhnin,free transfer,out,Summer,NA,Eredivisie,2004,2004/2005
Vitesse Arnhem,Jimmy van Fessem,28,Goalkeeper,ADO Den Haag,free transfer,out,Summer,NA,Eredivisie,2004,2004/2005
Vitesse Arnhem,Jhonny van Beukering,20,Centre-Forward,De Graafschap,free transfer,out,Summer,NA,Eredivisie,2004,2004/2005
Vitesse Arnhem,Ricky Bochem,21,Right Midfield,Helmond Sport,free transfer,out,Summer,NA,Eredivisie,2004,2004/2005
Vitesse Arnhem,Bert Konterman,33,Centre-Back,VVOG,?,out,Summer,NA,Eredivisie,2004,2004/2005
Vitesse Arnhem,Tim Cornelisse,26,Right-Back,FC Utrecht,?,out,Summer,NA,Eredivisie,2004,2004/2005
Vitesse Arnhem,Aleksandar Ilic,35,Centre-Back,FC Brüssel,?,out,Summer,NA,Eredivisie,2004,2004/2005
Vitesse Arnhem,Peter van Vossen,36,Left Winger,Retired,-,out,Summer,0,Eredivisie,2004,2004/2005
De Graafschap Doetinchem,Mirano Carrilho,28,Left Midfield,ADO Den Haag,free transfer,in,Summer,NA,Eredivisie,2004,2004/2005
De Graafschap Doetinchem,Jhonny van Beukering,20,Centre-Forward,Vitesse,free transfer,in,Summer,NA,Eredivisie,2004,2004/2005
De Graafschap Doetinchem,Rob van Dijk,35,Goalkeeper,PSV Eindhoven,free transfer,in,Summer,NA,Eredivisie,2004,2004/2005
De Graafschap Doetinchem,Darije Kalezic,34,Centre-Back,AGOVV,free transfer,in,Summer,NA,Eredivisie,2004,2004/2005
De Graafschap Doetinchem,Dave Bus,26,Centre-Back,HSC '21,free transfer,in,Summer,NA,Eredivisie,2004,2004/2005
De Graafschap Doetinchem,Mamadou Zongo,23,Right Winger,Vitesse,free transfer,in,Summer,NA,Eredivisie,2004,2004/2005
De Graafschap Doetinchem,Patrick Ax,24,attack,NEC Nijmegen,?,in,Summer,NA,Eredivisie,2004,2004/2005
De Graafschap Doetinchem,Jory ten Brinke,19,Right-Back,Graafschap U19,-,in,Summer,0,Eredivisie,2004,2004/2005
De Graafschap Doetinchem,Tim Sanders,18,Centre-Back,Graafschap U19,-,in,Summer,0,Eredivisie,2004,2004/2005
De Graafschap Doetinchem,Edwin Hermans,30,Left-Back,Fortuna Sittard,free transfer,out,Summer,NA,Eredivisie,2004,2004/2005
De Graafschap Doetinchem,Laurens ten Heuvel,28,Centre-Forward,Haarlem,free transfer,out,Summer,NA,Eredivisie,2004,2004/2005
De Graafschap Doetinchem,Jurgen Wevers,25,Goalkeeper,RKC Waalwijk,free transfer,out,Summer,NA,Eredivisie,2004,2004/2005
De Graafschap Doetinchem,Wouter Jansen,23,midfield,De Bataven,free transfer,out,Summer,NA,Eredivisie,2004,2004/2005
De Graafschap Doetinchem,Thijs Houwing,23,attack,Twente FC,"End of loanJun 30, 2004",out,Summer,0,Eredivisie,2004,2004/2005
De Graafschap Doetinchem,Glenn Loovens,21,Centre-Back,Feyenoord,"End of loanMay 1, 2005",out,Summer,0,Eredivisie,2004,2004/2005
FC Den Bosch,Thijs van der Meulen,23,defence,Elinkwijk,free transfer,in,Summer,NA,Eredivisie,2004,2004/2005
FC Den Bosch,Paul Verhaegh,20,Right-Back,PSV U21,free transfer,in,Summer,NA,Eredivisie,2004,2004/2005
FC Den Bosch,Joost Volmer,30,Centre-Back,West Brom,free transfer,in,Summer,NA,Eredivisie,2004,2004/2005
FC Den Bosch,Dennis Schulp,26,Central Midfield,Helmond Sport,free transfer,in,Summer,NA,Eredivisie,2004,2004/2005
FC Den Bosch,Gijs Cales,26,Centre-Forward,VVV-Venlo,free transfer,in,Summer,NA,Eredivisie,2004,2004/2005
FC Den Bosch,Mourad Mghizrat,29,midfield,Willem II,free transfer,in,Summer,NA,Eredivisie,2004,2004/2005
FC Den Bosch,Ferne Snoyl,19,Left-Back,Feyenoord,loan transfer,in,Summer,NA,Eredivisie,2004,2004/2005
FC Den Bosch,Marcel Cas,32,Right-Back,RBC Roosendaal,?,in,Summer,NA,Eredivisie,2004,2004/2005
FC Den Bosch,Vincent Euvrard,22,Centre-Back,KRC Genk,?,in,Summer,NA,Eredivisie,2004,2004/2005
FC Den Bosch,Emile van de Meerakker,23,defence,Willem II,?,in,Summer,NA,Eredivisie,2004,2004/2005
FC Den Bosch,Robbie Haemhouts,20,Central Midfield,NAC Breda,loan transfer,in,Summer,NA,Eredivisie,2004,2004/2005
FC Den Bosch,Dirk-Jan in den Eng,20,midfield,OJC Rosmalen,free transfer,out,Summer,NA,Eredivisie,2004,2004/2005
FC Den Bosch,Daniël Hensen,25,midfield,Katwijk,free transfer,out,Summer,NA,Eredivisie,2004,2004/2005
FC Den Bosch,Maarten Schops,28,Defensive Midfield,KFC Verbr. Geel,free transfer,out,Summer,NA,Eredivisie,2004,2004/2005
FC Den Bosch,Stefan Jansen,31,Centre-Forward,SW Bregenz,free transfer,out,Summer,NA,Eredivisie,2004,2004/2005
FC Den Bosch,Jan Michels,33,Central Midfield,Sparta R.,free transfer,out,Summer,NA,Eredivisie,2004,2004/2005
FC Den Bosch,Jan Burg,23,midfield,VV Gemert,?,out,Summer,NA,Eredivisie,2004,2004/2005
FC Den Bosch,Roberto Verhagen,31,defence,OJC Rosmalen,?,out,Summer,NA,Eredivisie,2004,2004/2005
FC Den Bosch,Jimmi Catgiu,22,attack,KFCR Mol Wezel,?,out,Summer,NA,Eredivisie,2004,2004/2005
FC Den Bosch,Santi Kolk,22,Right Winger,Heerenveen,"End of loanJun 30, 2004",out,Summer,0,Eredivisie,2004,2004/2005
FC Den Bosch,Patrick Peelen,35,midfield,NIVO Sparta,,out,Summer,NA,Eredivisie,2004,2004/2005
Ajax Amsterdam,Angelos Charisteas,24,Centre-Forward,Werder Bremen,£4.41m,in,Winter,4.41,Eredivisie,2004,2004/2005
Ajax Amsterdam,Wesley Sonck,26,Centre-Forward,Bor. M'gladbach,Loan fee:£252Th.,out,Winter,0.252,Eredivisie,2004,2004/2005
Ajax Amsterdam,John O'Brien,27,Defensive Midfield,ADO Den Haag,free transfer,out,Winter,NA,Eredivisie,2004,2004/2005
Ajax Amsterdam,Tom Soetaers,24,Left Winger,KRC Genk,?,out,Winter,NA,Eredivisie,2004,2004/2005
PSV Eindhoven,Robert,23,Centre-Forward,Atlas,£3.60m,in,Winter,3.6,Eredivisie,2004,2004/2005
PSV Eindhoven,Spase Dilevski,19,Defensive Midfield,Spurs,free transfer,out,Winter,NA,Eredivisie,2004,2004/2005
PSV Eindhoven,Michael Jakobsen,18,Centre-Back,Aalborg BK,free transfer,out,Winter,NA,Eredivisie,2004,2004/2005
PSV Eindhoven,Tim Janssen,18,Centre-Forward,FC Zwolle,loan transfer,out,Winter,NA,Eredivisie,2004,2004/2005
PSV Eindhoven,Arvid Smit,24,Central Midfield,Willem II,loan transfer,out,Winter,NA,Eredivisie,2004,2004/2005
PSV Eindhoven,Otman Bakkal,19,Attacking Midfield,FC Den Bosch,loan transfer,out,Winter,NA,Eredivisie,2004,2004/2005
PSV Eindhoven,Csaba Fehér,29,Defensive Midfield,Újpest FC,loan transfer,out,Winter,NA,Eredivisie,2004,2004/2005
PSV Eindhoven,Leandro Bonfim,20,Attacking Midfield,FC Porto,?,out,Winter,NA,Eredivisie,2004,2004/2005
PSV Eindhoven,Marquinho,22,Attacking Midfield,Unknown,?,out,Winter,NA,Eredivisie,2004,2004/2005
PSV Eindhoven,Johan Vonlanthen,18,Left Midfield,Brescia,loan transfer,out,Winter,NA,Eredivisie,2004,2004/2005
Feyenoord Rotterdam,Cory Gibbs,25,Centre-Back,Dallas,£693Th.,in,Winter,0.693,Eredivisie,2004,2004/2005
Feyenoord Rotterdam,Nicky Hofs,21,Attacking Midfield,Vitesse,£180Th.,in,Winter,0.18,Eredivisie,2004,2004/2005
Feyenoord Rotterdam,Alexander Arnold Mezan,26,Right-Back,Hammarby,£180Th.,in,Winter,0.18,Eredivisie,2004,2004/2005
Feyenoord Rotterdam,André Bahia,21,Centre-Back,Flamengo,?,in,Winter,NA,Eredivisie,2004,2004/2005
Feyenoord Rotterdam,Jajá,18,Centre-Forward,América-MG U20,?,in,Winter,NA,Eredivisie,2004,2004/2005
Feyenoord Rotterdam,Tim Vincken,18,Right Winger,Feyenoord U19,-,in,Winter,0,Eredivisie,2004,2004/2005
Feyenoord Rotterdam,Steve Olfers,22,Centre-Back,Excelsior,"End of loanDec 31, 2004",in,Winter,0,Eredivisie,2004,2004/2005
Feyenoord Rotterdam,Thomas Buffel,23,Right Winger,Rangers,£3.15m,out,Winter,3.15,Eredivisie,2004,2004/2005
Feyenoord Rotterdam,Chong-gug Song,25,Right-Back,Suwon Bluewings,£1.80m,out,Winter,1.8,Eredivisie,2004,2004/2005
Feyenoord Rotterdam,Ramon van Haaren,32,Left-Back,Sparta R.,loan transfer,out,Winter,NA,Eredivisie,2004,2004/2005
Feyenoord Rotterdam,Sigourney Bandjar,20,Right-Back,Excelsior,loan transfer,out,Winter,NA,Eredivisie,2004,2004/2005
Feyenoord Rotterdam,Glenn Loovens,21,Centre-Back,De Graafschap,loan transfer,out,Winter,NA,Eredivisie,2004,2004/2005
Feyenoord Rotterdam,Ebi Smolarek,23,Centre-Forward,Bor. Dortmund,loan transfer,out,Winter,NA,Eredivisie,2004,2004/2005
Feyenoord Rotterdam,Edwin de Graaf,24,Central Midfield,RBC Roosendaal,loan transfer,out,Winter,NA,Eredivisie,2004,2004/2005
Feyenoord Rotterdam,Steve Olfers,22,Centre-Back,FC Den Bosch,loan transfer,out,Winter,NA,Eredivisie,2004,2004/2005
Feyenoord Rotterdam,Wouter Artz,19,Left-Back,Excelsior,loan transfer,out,Winter,NA,Eredivisie,2004,2004/2005
Feyenoord Rotterdam,Jajá,18,Centre-Forward,KVC Westerlo,loan transfer,out,Winter,NA,Eredivisie,2004,2004/2005
SC Heerenveen,Lasse Nilsson,22,Centre-Forward,Elfsborg,£563Th.,in,Winter,0.563,Eredivisie,2004,2004/2005
SC Heerenveen,Stefan Selakovic,28,Right Winger,IFK Göteborg,£149Th.,out,Winter,0.149,Eredivisie,2004,2004/2005
SC Heerenveen,Paul de Lange,23,Defensive Midfield,RBC Roosendaal,free transfer,out,Winter,NA,Eredivisie,2004,2004/2005
SC Heerenveen,Antonio Correia,21,Centre-Forward,Emmen,free transfer,out,Winter,NA,Eredivisie,2004,2004/2005
SC Heerenveen,Youssouf Hersi,22,Right Winger,Vitesse,free transfer,out,Winter,NA,Eredivisie,2004,2004/2005
SC Heerenveen,Jos Hooiveld,21,Centre-Back,FC Zwolle,loan transfer,out,Winter,NA,Eredivisie,2004,2004/2005
AZ Alkmaar,Haris Medunjanin,19,Central Midfield,AZ Alkmaar U21,-,in,Winter,0,Eredivisie,2004,2004/2005
AZ Alkmaar,José Fortes Rodriguez,32,Centre-Back,RBC Roosendaal,free transfer,out,Winter,NA,Eredivisie,2004,2004/2005
AZ Alkmaar,Reinier Robbemond,32,Right Midfield,De Graafschap,free transfer,out,Winter,NA,Eredivisie,2004,2004/2005
AZ Alkmaar,Miel Mans,26,Right Midfield,MVV Maastricht,loan transfer,out,Winter,NA,Eredivisie,2004,2004/2005
AZ Alkmaar,Menno Buddenberg,21,midfield,SV Huizen,?,out,Winter,NA,Eredivisie,2004,2004/2005
Roda JC Kerkrade,Pa-Modou Kah,24,Centre-Back,AIK,?,in,Winter,NA,Eredivisie,2004,2004/2005
Roda JC Kerkrade,Youssef Sofiane,20,Centre-Forward,West Ham,loan transfer,in,Winter,NA,Eredivisie,2004,2004/2005
Roda JC Kerkrade,Diego Jongen,21,Centre-Forward,Roda JC U19,-,in,Winter,0,Eredivisie,2004,2004/2005
Roda JC Kerkrade,Ken Leemans,21,Defensive Midfield,VVV-Venlo,"End of loanDec 31, 2004",in,Winter,0,Eredivisie,2004,2004/2005
Roda JC Kerkrade,Mohammed El Berkani,22,Right Winger,Fortuna Sittard,Loan fee:£113Th.,out,Winter,0.113,Eredivisie,2004,2004/2005
Roda JC Kerkrade,Dave Roemgens,22,Defensive Midfield,Maasmechelen,free transfer,out,Winter,NA,Eredivisie,2004,2004/2005
Roda JC Kerkrade,Humphrey Rudge,27,Centre-Back,Apol. Limassol,free transfer,out,Winter,NA,Eredivisie,2004,2004/2005
Roda JC Kerkrade,Faton Popova,20,Central Midfield,Freialdenhoven,free transfer,out,Winter,NA,Eredivisie,2004,2004/2005
Roda JC Kerkrade,Vincent Lachambre,24,Left-Back,FC Eindhoven,loan transfer,out,Winter,NA,Eredivisie,2004,2004/2005
Roda JC Kerkrade,Taylan Aydogan,21,Goalkeeper,Malatyaspor,?,out,Winter,NA,Eredivisie,2004,2004/2005
Willem II Tilburg,Christophe Lepoint,20,Attacking Midfield,1860 Munich,free transfer,in,Winter,NA,Eredivisie,2004,2004/2005
Willem II Tilburg,Jatto Ceesay,30,Right Winger,Hilal,free transfer,in,Winter,NA,Eredivisie,2004,2004/2005
Willem II Tilburg,Arvid Smit,24,Central Midfield,PSV Eindhoven,loan transfer,in,Winter,NA,Eredivisie,2004,2004/2005
Willem II Tilburg,Giorgio Berkleef,18,Left Winger,Willem II/RKC-19,-,in,Winter,0,Eredivisie,2004,2004/2005
Willem II Tilburg,Hans Denissen,20,Right Winger,Willem II U21,-,in,Winter,0,Eredivisie,2004,2004/2005
Willem II Tilburg,James Quinn,30,Centre-Forward,Sheff Wed,free transfer,out,Winter,NA,Eredivisie,2004,2004/2005
Twente Enschede FC,Daniel Majstorović,27,Centre-Back,Malmö FF,£720Th.,in,Winter,0.72,Eredivisie,2004,2004/2005
Twente Enschede FC,Sharbel Touma,25,Attacking Midfield,Halmstads BK,free transfer,in,Winter,NA,Eredivisie,2004,2004/2005
Twente Enschede FC,Coen Slagter,20,attack,FC Twente U21,-,in,Winter,0,Eredivisie,2004,2004/2005
Twente Enschede FC,Giorgi Gakhokidze,29,Left Winger,Metalurg D.,"End of loanDec 1, 2004",in,Winter,0,Eredivisie,2004,2004/2005
Twente Enschede FC,Cees Paauwe,27,Goalkeeper,ADO Den Haag,free transfer,out,Winter,NA,Eredivisie,2004,2004/2005
NAC Breda,Maceo Rigters,20,Centre-Forward,FC Dordrecht,free transfer,in,Winter,NA,Eredivisie,2004,2004/2005
NAC Breda,Raphael Maitimo,20,Central Midfield,FC Dordrecht,free transfer,out,Winter,NA,Eredivisie,2004,2004/2005
NAC Breda,Robert Braber,22,Attacking Midfield,Helmond Sport,loan transfer,out,Winter,NA,Eredivisie,2004,2004/2005
NAC Breda,Bart Van den Eede,27,Centre-Forward,NEC Nijmegen,loan transfer,out,Winter,NA,Eredivisie,2004,2004/2005
FC Utrecht,Michael Mols,34,Centre-Forward,Rangers,free transfer,in,Winter,NA,Eredivisie,2004,2004/2005
FC Utrecht,Dwight Tiendalli,19,Right-Back,Utrecht U21,-,in,Winter,0,Eredivisie,2004,2004/2005
FC Utrecht,Bas van den Brink,22,Centre-Back,Emmen,free transfer,out,Winter,NA,Eredivisie,2004,2004/2005
FC Utrecht,Sandro Calabro,21,Centre-Forward,FC Volendam,free transfer,out,Winter,NA,Eredivisie,2004,2004/2005
RKC Waalwijk,Cerezo Fung a Wing,21,Defensive Midfield,FC Volendam,loan transfer,in,Winter,NA,Eredivisie,2004,2004/2005
RKC Waalwijk,Ferdi Elmas,19,Left Winger,RKC U21,-,in,Winter,0,Eredivisie,2004,2004/2005
RKC Waalwijk,Bernardo Vasconcelos,25,Centre-Forward,Leiria,"End of loanDec 31, 2004",in,Winter,0,Eredivisie,2004,2004/2005
RKC Waalwijk,Jean Paulo,23,Attacking Midfield,CA Aichinger,free transfer,out,Winter,NA,Eredivisie,2004,2004/2005
RKC Waalwijk,Jochen Janssen,28,Centre-Forward,FC Den Bosch,loan transfer,out,Winter,NA,Eredivisie,2004,2004/2005
RKC Waalwijk,Michael van der Heijden,22,midfield,Haarlem,?,out,Winter,NA,Eredivisie,2004,2004/2005
RBC Roosendaal,Paul de Lange,23,Defensive Midfield,Heerenveen,free transfer,in,Winter,NA,Eredivisie,2004,2004/2005
RBC Roosendaal,José Fortes Rodriguez,32,Centre-Back,AZ Alkmaar,free transfer,in,Winter,NA,Eredivisie,2004,2004/2005
RBC Roosendaal,Tyrone Loran,23,Right-Back,Port Vale,free transfer,in,Winter,NA,Eredivisie,2004,2004/2005
RBC Roosendaal,Edwin de Graaf,24,Central Midfield,Feyenoord,loan transfer,in,Winter,NA,Eredivisie,2004,2004/2005
RBC Roosendaal,Elvis Hammond,24,Centre-Forward,Fulham,loan transfer,in,Winter,NA,Eredivisie,2004,2004/2005
RBC Roosendaal,Donny de Groot,25,Centre-Forward,Without Club,-,in,Winter,0,Eredivisie,2004,2004/2005
RBC Roosendaal,Damiën Hertog,30,midfield,Excelsior,free transfer,out,Winter,NA,Eredivisie,2004,2004/2005
RBC Roosendaal,Björn Daelemans,27,Right-Back,KFC Verbr. Geel,loan transfer,out,Winter,NA,Eredivisie,2004,2004/2005
FC Groningen,Erik Nevland,26,Centre-Forward,Viking FK,free transfer,in,Winter,NA,Eredivisie,2004,2004/2005
FC Groningen,Kiran Bechan,22,Right Winger,Ajax U21,free transfer,in,Winter,NA,Eredivisie,2004,2004/2005
FC Groningen,Gibril Sankoh,21,Centre-Back,Stormv. Telstar,free transfer,in,Winter,NA,Eredivisie,2004,2004/2005
FC Groningen,Kassim Bizimana,19,attack,FC Groning. U21,-,in,Winter,0,Eredivisie,2004,2004/2005
FC Groningen,Mark Veldmate,20,Centre-Forward,Emmen,free transfer,out,Winter,NA,Eredivisie,2004,2004/2005
NEC Nijmegen,Bart Van den Eede,27,Centre-Forward,NAC Breda,loan transfer,in,Winter,NA,Eredivisie,2004,2004/2005
NEC Nijmegen,Muslu Nalbantoglu,21,Right-Back,NECOss U21,-,in,Winter,0,Eredivisie,2004,2004/2005
NEC Nijmegen,Ralf de Haan,20,midfield,FC Volendam,free transfer,out,Winter,NA,Eredivisie,2004,2004/2005
NEC Nijmegen,Jaromir Simr,25,Right Winger,Amica Wronki,?,out,Winter,NA,Eredivisie,2004,2004/2005
ADO Den Haag,Cees Paauwe,27,Goalkeeper,Twente FC,free transfer,in,Winter,NA,Eredivisie,2004,2004/2005
ADO Den Haag,John O'Brien,27,Defensive Midfield,Ajax,free transfer,in,Winter,NA,Eredivisie,2004,2004/2005
ADO Den Haag,Edson,21,Centre-Forward,Spurs,loan transfer,in,Winter,NA,Eredivisie,2004,2004/2005
ADO Den Haag,Eljero Elia,17,Left Winger,ADO U19,-,in,Winter,0,Eredivisie,2004,2004/2005
ADO Den Haag,Wesley Verhoek,17,Right Winger,ADO U19,-,in,Winter,0,Eredivisie,2004,2004/2005
ADO Den Haag,Peter Jungschläger,20,Central Midfield,ADO U19,-,in,Winter,0,Eredivisie,2004,2004/2005
ADO Den Haag,Jamie Coyne,23,Right-Back,Parra. Power,free transfer,out,Winter,NA,Eredivisie,2004,2004/2005
ADO Den Haag,Francois Dubourdeau,24,Goalkeeper,Dundee FC,free transfer,out,Winter,NA,Eredivisie,2004,2004/2005
ADO Den Haag,Rik Platvoet,29,Centre-Forward,VVV-Venlo,free transfer,out,Winter,NA,Eredivisie,2004,2004/2005
ADO Den Haag,Jimmy van Fessem,29,Goalkeeper,De Graafschap,loan transfer,out,Winter,NA,Eredivisie,2004,2004/2005
Vitesse Arnhem,Youssouf Hersi,22,Right Winger,Heerenveen,free transfer,in,Winter,NA,Eredivisie,2004,2004/2005
Vitesse Arnhem,Harald Wapenaar,34,Goalkeeper,Portsmouth,?,in,Winter,NA,Eredivisie,2004,2004/2005
Vitesse Arnhem,Fred Benson,20,Centre-Forward,Vitesse U21,-,in,Winter,0,Eredivisie,2004,2004/2005
Vitesse Arnhem,Dragoslav Jevric,30,Goalkeeper,BB Ankaraspor,£225Th.,out,Winter,0.225,Eredivisie,2004,2004/2005
Vitesse Arnhem,Nicky Hofs,21,Attacking Midfield,Feyenoord,£180Th.,out,Winter,0.18,Eredivisie,2004,2004/2005
De Graafschap Doetinchem,Reinier Robbemond,32,Right Midfield,AZ Alkmaar,free transfer,in,Winter,NA,Eredivisie,2004,2004/2005
De Graafschap Doetinchem,Richard Roelofsen,35,Centre-Forward,Heracles Almelo,free transfer,in,Winter,NA,Eredivisie,2004,2004/2005
De Graafschap Doetinchem,Glenn Loovens,21,Centre-Back,Feyenoord,loan transfer,in,Winter,NA,Eredivisie,2004,2004/2005
De Graafschap Doetinchem,Ricardo Sousa,25,Attacking Midfield,Hannover 96,Loan fee:£18Th.,in,Winter,0.018,Eredivisie,2004,2004/2005
De Graafschap Doetinchem,Jimmy van Fessem,29,Goalkeeper,ADO Den Haag,loan transfer,in,Winter,NA,Eredivisie,2004,2004/2005
De Graafschap Doetinchem,Magno,30,Attacking Midfield,Without Club,-,in,Winter,0,Eredivisie,2004,2004/2005
De Graafschap Doetinchem,Dick Kooijman,32,Defensive Midfield,SDC Putten,free transfer,out,Winter,NA,Eredivisie,2004,2004/2005
De Graafschap Doetinchem,Mirano Carrilho,29,Left Midfield,FC Dordrecht,free transfer,out,Winter,NA,Eredivisie,2004,2004/2005
De Graafschap Doetinchem,Magno,30,Attacking Midfield,Omonia Nikosia,free transfer,out,Winter,NA,Eredivisie,2004,2004/2005
De Graafschap Doetinchem,Hilmi Mihci,28,Left Winger,Stormv. Telstar,loan transfer,out,Winter,NA,Eredivisie,2004,2004/2005
FC Den Bosch,Jochen Janssen,28,Centre-Forward,RKC Waalwijk,loan transfer,in,Winter,NA,Eredivisie,2004,2004/2005
FC Den Bosch,Steve Olfers,22,Centre-Back,Feyenoord,loan transfer,in,Winter,NA,Eredivisie,2004,2004/2005
FC Den Bosch,Otman Bakkal,19,Attacking Midfield,PSV Eindhoven,loan transfer,in,Winter,NA,Eredivisie,2004,2004/2005
FC Den Bosch,Derk Schut,20,Centre-Forward,DOVO,free transfer,out,Winter,NA,Eredivisie,2004,2004/2005
FC Den Bosch,Brayton Biekman,26,Centre-Forward,Excelsior,loan transfer,out,Winter,NA,Eredivisie,2004,2004/2005
FC Den Bosch,Geoffrey Meye,22,Centre-Back,Stormv. Telstar,loan transfer,out,Winter,NA,Eredivisie,2004,2004/2005
