club_name,player_name,age,position,club_involved_name,fee,transfer_movement,transfer_period,fee_cleaned,league_name,year,season
Bayern Munich,Lúcio,26,Centre-Back,Bay. Leverkusen,£10.80m,in,Summer,10.8,1 Bundesliga,2004,2004/2005
Bayern Munich,Torsten Frings,27,Defensive Midfield,Bor. Dortmund,£8.33m,in,Summer,8.33,1 Bundesliga,2004,2004/2005
Bayern Munich,Andreas Görlitz,22,Right-Back,1860 Munich,£2.25m,in,Summer,2.25,1 Bundesliga,2004,2004/2005
Bayern Munich,Vahid Hashemian,27,Centre-Forward,VfL Bochum,£1.80m,in,Summer,1.8,1 Bundesliga,2004,2004/2005
Bayern Munich,Paolo Guerrero,20,Centre-Forward,FC Bayern II,-,in,Summer,0,1 Bundesliga,2004,2004/2005
Bayern Munich,Bixente Lizarazu,34,Left-Back,Marseille,free transfer,out,Summer,NA,1 Bundesliga,2004,2004/2005
Bayern Munich,Christian Lell,19,Right-Back,1. FC Köln,Loan fee:£23Th.,out,Summer,0.023,1 Bundesliga,2004,2004/2005
Borussia Dortmund,Sascha Rammel,19,Attacking Midfield,B. Dortmund II,-,in,Summer,0,1 Bundesliga,2004,2004/2005
Borussia Dortmund,Marc-André Kruska,17,Central Midfield,B. Dortmund U17,-,in,Summer,0,1 Bundesliga,2004,2004/2005
Borussia Dortmund,Markus Brzenska,20,Centre-Back,B. Dortmund II,-,in,Summer,0,1 Bundesliga,2004,2004/2005
Borussia Dortmund,Florian Kringe,21,Central Midfield,1. FC Köln,"End of loanJun 30, 2004",in,Summer,0,1 Bundesliga,2004,2004/2005
Borussia Dortmund,Sunday Oliseh,29,Defensive Midfield,VfL Bochum,"End of loanJun 30, 2004",in,Summer,0,1 Bundesliga,2004,2004/2005
Borussia Dortmund,Conor Casey,22,Centre-Forward,Karlsruher SC,"End of loanJun 30, 2004",in,Summer,0,1 Bundesliga,2004,2004/2005
Borussia Dortmund,Emmanuel Krontiris,21,Centre-Forward,Alem. Aachen,"End of loanJun 30, 2004",in,Summer,0,1 Bundesliga,2004,2004/2005
Borussia Dortmund,Torsten Frings,27,Defensive Midfield,FC Bayern,£8.33m,out,Summer,8.33,1 Bundesliga,2004,2004/2005
Borussia Dortmund,Conor Casey,23,Centre-Forward,1.FSV Mainz 05,£450Th.,out,Summer,0.45,1 Bundesliga,2004,2004/2005
Borussia Dortmund,Emmanuel Krontiris,21,Centre-Forward,1860 Munich,£360Th.,out,Summer,0.36,1 Bundesliga,2004,2004/2005
Borussia Dortmund,Stefan Reuter,37,Right Midfield,Retired,-,out,Summer,0,1 Bundesliga,2004,2004/2005
Borussia Dortmund,Heiko Herrlich,32,Centre-Forward,Retired,-,out,Summer,0,1 Bundesliga,2004,2004/2005
Borussia Dortmund,Flávio Conceição,30,Central Midfield,Real Madrid,"End of loanJun 30, 2004",out,Summer,0,1 Bundesliga,2004,2004/2005
Borussia Dortmund,Léandro,27,Left Midfield,Atlético-MG,"End of loanJun 30, 2004",out,Summer,0,1 Bundesliga,2004,2004/2005
Bayer 04 Leverkusen,Paul Freier,24,Right Midfield,VfL Bochum,£3.15m,in,Summer,3.15,1 Bundesliga,2004,2004/2005
Bayer 04 Leverkusen,Tranquillo Barnetta,19,Attacking Midfield,FC St. Gallen,£225Th.,in,Summer,0.225,1 Bundesliga,2004,2004/2005
Bayer 04 Leverkusen,Jacek Krzynowek,28,Left Midfield,1.FC Nuremberg,free transfer,in,Summer,NA,1 Bundesliga,2004,2004/2005
Bayer 04 Leverkusen,Roque Júnior,27,Centre-Back,AC Milan,free transfer,in,Summer,NA,1 Bundesliga,2004,2004/2005
Bayer 04 Leverkusen,Andriy Voronin,24,Second Striker,1. FC Köln,?,in,Summer,NA,1 Bundesliga,2004,2004/2005
Bayer 04 Leverkusen,Sezer Öztürk,18,Attacking Midfield,Leverkusen II,-,in,Summer,0,1 Bundesliga,2004,2004/2005
Bayer 04 Leverkusen,Anel Dzaka,23,Attacking Midfield,VfL Osnabrück,"End of loanJun 30, 2004",in,Summer,0,1 Bundesliga,2004,2004/2005
Bayer 04 Leverkusen,Thorsten Burkhardt,23,Central Midfield,Greuther Fürth,"End of loanJun 30, 2004",in,Summer,0,1 Bundesliga,2004,2004/2005
Bayer 04 Leverkusen,Christoph Preuß,22,Defensive Midfield,E. Frankfurt,"End of loanJun 30, 2004",in,Summer,0,1 Bundesliga,2004,2004/2005
Bayer 04 Leverkusen,Ingo Hertzsch,26,Centre-Back,E. Frankfurt,"End of loanJun 30, 2004",in,Summer,0,1 Bundesliga,2004,2004/2005
Bayer 04 Leverkusen,Tom Starke,23,Goalkeeper,Hamburger SV,"End of loanJun 30, 2004",in,Summer,0,1 Bundesliga,2004,2004/2005
Bayer 04 Leverkusen,Jan Simak,25,Attacking Midfield,Hannover 96,"End of loanJun 30, 2004",in,Summer,0,1 Bundesliga,2004,2004/2005
Bayer 04 Leverkusen,Thomas Brdaric,29,Centre-Forward,Hannover 96,"End of loanJun 30, 2004",in,Summer,0,1 Bundesliga,2004,2004/2005
Bayer 04 Leverkusen,Michael Zepek,23,Centre-Back,Karlsruher SC,"End of loanJun 30, 2004",in,Summer,0,1 Bundesliga,2004,2004/2005
Bayer 04 Leverkusen,Markus Daun,23,Centre-Forward,Werder Bremen,"End of loanJun 30, 2004",in,Summer,0,1 Bundesliga,2004,2004/2005
Bayer 04 Leverkusen,Lúcio,26,Centre-Back,FC Bayern,£10.80m,out,Summer,10.8,1 Bundesliga,2004,2004/2005
Bayer 04 Leverkusen,Thomas Brdaric,29,Centre-Forward,VfL Wolfsburg,£900Th.,out,Summer,0.9,1 Bundesliga,2004,2004/2005
Bayer 04 Leverkusen,Christoph Preuß,22,Defensive Midfield,VfL Bochum,£900Th.,out,Summer,0.9,1 Bundesliga,2004,2004/2005
Bayer 04 Leverkusen,Tranquillo Barnetta,19,Attacking Midfield,Hannover 96,Loan fee:£225Th.,out,Summer,0.225,1 Bundesliga,2004,2004/2005
Bayer 04 Leverkusen,Frank Juric,30,Goalkeeper,Hannover 96,free transfer,out,Summer,NA,1 Bundesliga,2004,2004/2005
Bayer 04 Leverkusen,Michael Zepek,23,Centre-Back,TSG Hoffenheim,free transfer,out,Summer,NA,1 Bundesliga,2004,2004/2005
Bayer 04 Leverkusen,Yildiray Bastürk,25,Attacking Midfield,Hertha BSC,free transfer,out,Summer,NA,1 Bundesliga,2004,2004/2005
Bayer 04 Leverkusen,Markus Daun,23,Centre-Forward,1.FC Nuremberg,free transfer,out,Summer,NA,1 Bundesliga,2004,2004/2005
Bayer 04 Leverkusen,Ingo Hertzsch,26,Centre-Back,1.FC K'lautern,free transfer,out,Summer,NA,1 Bundesliga,2004,2004/2005
Bayer 04 Leverkusen,Oliver Neuville,31,Centre-Forward,Bor. M'gladbach,free transfer,out,Summer,NA,1 Bundesliga,2004,2004/2005
Bayer 04 Leverkusen,Thorsten Burkhardt,23,Central Midfield,Greuther Fürth,free transfer,out,Summer,NA,1 Bundesliga,2004,2004/2005
Bayer 04 Leverkusen,Anel Dzaka,23,Attacking Midfield,TuS Koblenz,free transfer,out,Summer,NA,1 Bundesliga,2004,2004/2005
Bayer 04 Leverkusen,Jan Simak,25,Attacking Midfield,Sparta Prague,free transfer,out,Summer,NA,1 Bundesliga,2004,2004/2005
Bayer 04 Leverkusen,Alexander Meyer,20,Left-Back,MSV Duisburg,loan transfer,out,Summer,NA,1 Bundesliga,2004,2004/2005
Bayer 04 Leverkusen,Mile Bozic,22,Centre-Back,Without Club,-,out,Summer,0,1 Bundesliga,2004,2004/2005
Bayer 04 Leverkusen,Zoltan Sebescen,28,Right-Back,Career break,-,out,Summer,0,1 Bundesliga,2004,2004/2005
FC Schalke 04,Marcelo Bordon,28,Centre-Back,VfB Stuttgart,£3.60m,in,Summer,3.6,1 Bundesliga,2004,2004/2005
FC Schalke 04,Aílton,30,Centre-Forward,Werder Bremen,free transfer,in,Summer,NA,1 Bundesliga,2004,2004/2005
FC Schalke 04,Lincoln,25,Attacking Midfield,1.FC K'lautern,free transfer,in,Summer,NA,1 Bundesliga,2004,2004/2005
FC Schalke 04,Mladen Krstajic,30,Centre-Back,Werder Bremen,free transfer,in,Summer,NA,1 Bundesliga,2004,2004/2005
FC Schalke 04,Alexander Baumjohann,17,Attacking Midfield,Schalke 04 U17,-,in,Summer,0,1 Bundesliga,2004,2004/2005
FC Schalke 04,Tim Hoogland,19,Centre-Back,Schalke 04 U19,-,in,Summer,0,1 Bundesliga,2004,2004/2005
FC Schalke 04,Simon Talarek,18,Centre-Back,Schalke 04 U19,-,in,Summer,0,1 Bundesliga,2004,2004/2005
FC Schalke 04,Kai Hesse,19,Centre-Forward,Schalke 04 U19,-,in,Summer,0,1 Bundesliga,2004,2004/2005
FC Schalke 04,Christian Pander,20,Left-Back,Schalke 04 II,-,in,Summer,0,1 Bundesliga,2004,2004/2005
FC Schalke 04,Christian Petereit,20,Centre-Back,Schalke 04 II,-,in,Summer,0,1 Bundesliga,2004,2004/2005
FC Schalke 04,Marco van Hoogdalem,32,Centre-Back,Roda JC,"End of loanJun 30, 2004",in,Summer,0,1 Bundesliga,2004,2004/2005
FC Schalke 04,Sergio da Silva Pinto,23,Central Midfield,Alem. Aachen,Loan fee:£45Th.,out,Summer,0.045,1 Bundesliga,2004,2004/2005
FC Schalke 04,Aníbal Matellán,27,Centre-Back,Boca Juniors,free transfer,out,Summer,NA,1 Bundesliga,2004,2004/2005
FC Schalke 04,Nico Van Kerckhoven,33,Left-Back,Bor. M'gladbach,free transfer,out,Summer,NA,1 Bundesliga,2004,2004/2005
FC Schalke 04,Tamás Hajnal,23,Attacking Midfield,Sint-Truiden,free transfer,out,Summer,NA,1 Bundesliga,2004,2004/2005
FC Schalke 04,Jochen Seitz,27,Left Winger,1.FC K'lautern,free transfer,out,Summer,NA,1 Bundesliga,2004,2004/2005
FC Schalke 04,Victor Agali,25,Centre-Forward,OGC Nice,free transfer,out,Summer,NA,1 Bundesliga,2004,2004/2005
FC Schalke 04,Tomasz Hajto,31,Centre-Back,1.FC Nuremberg,free transfer,out,Summer,NA,1 Bundesliga,2004,2004/2005
FC Schalke 04,Filip Trojan,21,Left Midfield,VfL Bochum,free transfer,out,Summer,NA,1 Bundesliga,2004,2004/2005
FC Schalke 04,Kristijan Djordjevic,28,Right Midfield,Retired,-,out,Summer,0,1 Bundesliga,2004,2004/2005
FC Schalke 04,Oliver Reck,39,Goalkeeper,Retired,-,out,Summer,0,1 Bundesliga,2004,2004/2005
FC Schalke 04,Eduard Glieder,35,Centre-Forward,FC Pasching,"End of loanJun 30, 2004",out,Summer,0,1 Bundesliga,2004,2004/2005
VfL Bochum,Tommy Bechmann,22,Centre-Forward,Esbjerg fB,£1.35m,in,Summer,1.35,1 Bundesliga,2004,2004/2005
VfL Bochum,Christoph Preuß,22,Defensive Midfield,Bay. Leverkusen,£900Th.,in,Summer,0.9,1 Bundesliga,2004,2004/2005
VfL Bochum,Zvjezdan Misimovic,22,Attacking Midfield,FC Bayern II,free transfer,in,Summer,NA,1 Bundesliga,2004,2004/2005
VfL Bochum,Filip Trojan,21,Left Midfield,FC Schalke 04,free transfer,in,Summer,NA,1 Bundesliga,2004,2004/2005
VfL Bochum,Aleksander Knavs,28,Centre-Back,1.FC K'lautern,free transfer,in,Summer,NA,1 Bundesliga,2004,2004/2005
VfL Bochum,Vratislav Lokvenc,30,Centre-Forward,1.FC K'lautern,free transfer,in,Summer,NA,1 Bundesliga,2004,2004/2005
VfL Bochum,Marcel Maltritz,25,Centre-Back,Hamburger SV,free transfer,in,Summer,NA,1 Bundesliga,2004,2004/2005
VfL Bochum,Moharram Navidkia,21,Attacking Midfield,Sepahan,free transfer,in,Summer,NA,1 Bundesliga,2004,2004/2005
VfL Bochum,David Zajas,21,Defensive Midfield,VfL Bochum II,-,in,Summer,0,1 Bundesliga,2004,2004/2005
VfL Bochum,Ersan Tekkan,19,Attacking Midfield,VfL Bochum U19,-,in,Summer,0,1 Bundesliga,2004,2004/2005
VfL Bochum,Paul Freier,24,Right Midfield,Bay. Leverkusen,£3.15m,out,Summer,3.15,1 Bundesliga,2004,2004/2005
VfL Bochum,Vahid Hashemian,27,Centre-Forward,FC Bayern,£1.80m,out,Summer,1.8,1 Bundesliga,2004,2004/2005
VfL Bochum,Delron Buckley,26,Left Winger,Arm. Bielefeld,£225Th.,out,Summer,0.225,1 Bundesliga,2004,2004/2005
VfL Bochum,Frank Fahrenhorst,26,Centre-Back,Werder Bremen,free transfer,out,Summer,NA,1 Bundesliga,2004,2004/2005
VfL Bochum,Anton Vriesde,35,Centre-Back,Helmond Sport,free transfer,out,Summer,NA,1 Bundesliga,2004,2004/2005
VfL Bochum,Luciano Velardi,22,Right Winger,VfL Bochum II,-,out,Summer,0,1 Bundesliga,2004,2004/2005
VfL Bochum,Sunday Oliseh,29,Defensive Midfield,Bor. Dortmund,"End of loanJun 30, 2004",out,Summer,0,1 Bundesliga,2004,2004/2005
SC Freiburg,Régis Dorn,24,Centre-Forward,SH Yungtay,free transfer,in,Summer,NA,1 Bundesliga,2004,2004/2005
SC Freiburg,Jonathan Pitroipa,18,Right Winger,Planète Champ.,free transfer,in,Summer,NA,1 Bundesliga,2004,2004/2005
SC Freiburg,Roda Antar,23,Defensive Midfield,Tadamon Sour,free transfer,in,Summer,NA,1 Bundesliga,2004,2004/2005
SC Freiburg,Youssef Mohamad,24,Centre-Back,AC Tripoli,free transfer,in,Summer,NA,1 Bundesliga,2004,2004/2005
SC Freiburg,Jan Männer,21,Attacking Midfield,Karlsruher SC,"End of loanJun 30, 2004",in,Summer,0,1 Bundesliga,2004,2004/2005
SC Freiburg,Jürgen Gjasula,18,Defensive Midfield,1.FC K'lautern,£45Th.,out,Summer,0.045,1 Bundesliga,2004,2004/2005
SC Freiburg,Jan Männer,21,Attacking Midfield,Karlsruher SC,free transfer,out,Summer,NA,1 Bundesliga,2004,2004/2005
SC Freiburg,Rolf-Christel Guié-Mien,26,Right Winger,1. FC Köln,free transfer,out,Summer,NA,1 Bundesliga,2004,2004/2005
SC Freiburg,Andreas Zeyer,36,Defensive Midfield,Retired,-,out,Summer,0,1 Bundesliga,2004,2004/2005
SC Freiburg,Roda Antar,23,Defensive Midfield,Tadamon Sour,"End of loanJun 30, 2004",out,Summer,0,1 Bundesliga,2004,2004/2005
Hamburger SV,Benjamin Lauth,22,Centre-Forward,1860 Munich,£3.69m,in,Summer,3.69,1 Bundesliga,2004,2004/2005
Hamburger SV,Daniel Van Buyten,26,Centre-Back,Marseille,£3.42m,in,Summer,3.42,1 Bundesliga,2004,2004/2005
Hamburger SV,Emile Mpenza,25,Centre-Forward,Standard Liège,£2.25m,in,Summer,2.25,1 Bundesliga,2004,2004/2005
Hamburger SV,Khalid Boulahrouz,22,Centre-Back,RKC Waalwijk,£1.35m,in,Summer,1.35,1 Bundesliga,2004,2004/2005
Hamburger SV,Almami Moreira,26,Attacking Midfield,Standard Liège,Loan fee:£225Th.,in,Summer,0.225,1 Bundesliga,2004,2004/2005
Hamburger SV,Mustafa Kucukovic,17,Centre-Forward,VfL Bochum U19,free transfer,in,Summer,NA,1 Bundesliga,2004,2004/2005
Hamburger SV,Besart Berisha,18,Centre-Forward,TeBe Berlin U19,free transfer,in,Summer,NA,1 Bundesliga,2004,2004/2005
Hamburger SV,Sascha Kirschstein,24,Goalkeeper,RW Essen,free transfer,in,Summer,NA,1 Bundesliga,2004,2004/2005
Hamburger SV,Miso Brecko,20,Right-Back,NK Smartno 1928,free transfer,in,Summer,NA,1 Bundesliga,2004,2004/2005
Hamburger SV,Jean Carlos,20,Left-Back,Feyenoord,loan transfer,in,Summer,NA,1 Bundesliga,2004,2004/2005
Hamburger SV,Alexander Laas,20,Left Midfield,Hamburger SV II,-,in,Summer,0,1 Bundesliga,2004,2004/2005
Hamburger SV,René Klingbeil,23,Centre-Back,Hamburger SV II,-,in,Summer,0,1 Bundesliga,2004,2004/2005
Hamburger SV,Cristian Ledesma,25,Central Midfield,CA Colon,"End of loanJun 30, 2004",in,Summer,0,1 Bundesliga,2004,2004/2005
Hamburger SV,Tomas Ujfalusi,26,Centre-Back,Fiorentina,£6.75m,out,Summer,6.75,1 Bundesliga,2004,2004/2005
Hamburger SV,Milan Fukal,29,Centre-Back,Bor. M'gladbach,£315Th.,out,Summer,0.315,1 Bundesliga,2004,2004/2005
Hamburger SV,Nico-Jan Hoogma,35,Centre-Back,Heracles Almelo,free transfer,out,Summer,NA,1 Bundesliga,2004,2004/2005
Hamburger SV,Christian Streit,20,Left Midfield,VfB Lübeck,free transfer,out,Summer,NA,1 Bundesliga,2004,2004/2005
Hamburger SV,Marcel Maltritz,25,Centre-Back,VfL Bochum,free transfer,out,Summer,NA,1 Bundesliga,2004,2004/2005
Hamburger SV,Alexander Meier,21,Second Striker,E. Frankfurt,loan transfer,out,Summer,NA,1 Bundesliga,2004,2004/2005
Hamburger SV,Cristian Ledesma,25,Central Midfield,River Plate,loan transfer,out,Summer,NA,1 Bundesliga,2004,2004/2005
Hamburger SV,Bernd Hollerbach,34,Left-Back,Retired,-,out,Summer,0,1 Bundesliga,2004,2004/2005
Hamburger SV,Rodolfo Cardoso,35,Attacking Midfield,Retired,-,out,Summer,0,1 Bundesliga,2004,2004/2005
Hamburger SV,Tom Starke,23,Goalkeeper,Bay. Leverkusen,"End of loanJun 30, 2004",out,Summer,0,1 Bundesliga,2004,2004/2005
Borussia Mönchengladbach,Marek Heinz,26,Centre-Forward,Banik Ostrava,£2.07m,in,Summer,2.07,1 Bundesliga,2004,2004/2005
Borussia Mönchengladbach,Milan Fukal,29,Centre-Back,Hamburger SV,£315Th.,in,Summer,0.315,1 Bundesliga,2004,2004/2005
Borussia Mönchengladbach,Nico Van Kerckhoven,33,Left-Back,FC Schalke 04,free transfer,in,Summer,NA,1 Bundesliga,2004,2004/2005
Borussia Mönchengladbach,Oliver Neuville,31,Centre-Forward,Bay. Leverkusen,free transfer,in,Summer,NA,1 Bundesliga,2004,2004/2005
Borussia Mönchengladbach,Christian Ziege,32,Left Midfield,Spurs,free transfer,in,Summer,NA,1 Bundesliga,2004,2004/2005
Borussia Mönchengladbach,Vladimir Ivic,27,Attacking Midfield,Partizan,free transfer,in,Summer,NA,1 Bundesliga,2004,2004/2005
Borussia Mönchengladbach,Darius Kampa,27,Goalkeeper,1.FC Nuremberg,free transfer,in,Summer,NA,1 Bundesliga,2004,2004/2005
Borussia Mönchengladbach,Sead Ramovic,25,Goalkeeper,VfL Wolfsburg,free transfer,in,Summer,NA,1 Bundesliga,2004,2004/2005
Borussia Mönchengladbach,Morten Skoubo,24,Centre-Forward,West Brom,"End of loanJun 30, 2004",in,Summer,0,1 Bundesliga,2004,2004/2005
Borussia Mönchengladbach,Benjamin Schüßler,23,Right Winger,VfL Osnabrück,"End of loanJun 1, 2004",in,Summer,0,1 Bundesliga,2004,2004/2005
Borussia Mönchengladbach,Joonas Kolkka,29,Right Winger,Crystal Palace,£630Th.,out,Summer,0.63,1 Bundesliga,2004,2004/2005
Borussia Mönchengladbach,Claus Reitmaier,40,Goalkeeper,Rot-Weiß Erfurt,free transfer,out,Summer,NA,1 Bundesliga,2004,2004/2005
Borussia Mönchengladbach,Pascal Ojigwe,27,Defensive Midfield,1860 Munich,free transfer,out,Summer,NA,1 Bundesliga,2004,2004/2005
Borussia Mönchengladbach,Sladjan Asanin,32,Centre-Back,LR Ahlen,free transfer,out,Summer,NA,1 Bundesliga,2004,2004/2005
Borussia Mönchengladbach,Arie van Lent,33,Centre-Forward,E. Frankfurt,free transfer,out,Summer,NA,1 Bundesliga,2004,2004/2005
Borussia Mönchengladbach,Benjamin Schüßler,23,Right Winger,SC Paderborn,£41Th.,out,Summer,0.041,1 Bundesliga,2004,2004/2005
Borussia Mönchengladbach,Jörg Stiel,36,Goalkeeper,Retired,-,out,Summer,0,1 Bundesliga,2004,2004/2005
Borussia Mönchengladbach,Uwe Kamps,40,Goalkeeper,Retired,-,out,Summer,0,1 Bundesliga,2004,2004/2005
Borussia Mönchengladbach,Milan Obradovic,26,Right-Back,Loko Moscow,"End of loanJun 30, 2004",out,Summer,0,1 Bundesliga,2004,2004/2005
Borussia Mönchengladbach,Tomislav Maric,31,Centre-Forward,VfL Wolfsburg,"End of loanJun 30, 2004",out,Summer,0,1 Bundesliga,2004,2004/2005
Borussia Mönchengladbach,Rubén González,22,Centre-Back,Real Madrid,"End of loanJun 30, 2004",out,Summer,0,1 Bundesliga,2004,2004/2005
FC Hansa Rostock,David Rasmussen,27,Right Midfield,Nordsjaelland,£180Th.,in,Summer,0.18,1 Bundesliga,2004,2004/2005
FC Hansa Rostock,Marcus Allbäck,30,Centre-Forward,Aston Villa,£180Th.,in,Summer,0.18,1 Bundesliga,2004,2004/2005
FC Hansa Rostock,Denis Lapaczinski,22,Defensive Midfield,Hertha BSC,£135Th.,in,Summer,0.135,1 Bundesliga,2004,2004/2005
FC Hansa Rostock,Axel Keller,27,Goalkeeper,Eintracht Trier,free transfer,in,Summer,NA,1 Bundesliga,2004,2004/2005
FC Hansa Rostock,Tim Sebastian,20,Centre-Back,H. Rostock II,-,in,Summer,0,1 Bundesliga,2004,2004/2005
FC Hansa Rostock,Marcel von Walsleben-Schied,20,Second Striker,VfL Osnabrück,"End of loanJun 30, 2004",in,Summer,0,1 Bundesliga,2004,2004/2005
FC Hansa Rostock,Gernot Plassnegger,26,Right-Back,Grazer AK,£450Th.,out,Summer,0.45,1 Bundesliga,2004,2004/2005
FC Hansa Rostock,Michal Kovar,30,Centre-Back,Sigma Olomouc,free transfer,out,Summer,NA,1 Bundesliga,2004,2004/2005
FC Hansa Rostock,Daniel Klewer,27,Goalkeeper,1.FC Nuremberg,free transfer,out,Summer,NA,1 Bundesliga,2004,2004/2005
FC Hansa Rostock,Marcel von Walsleben-Schied,20,Second Striker,Unterhaching,loan transfer,out,Summer,NA,1 Bundesliga,2004,2004/2005
FC Hansa Rostock,Martin Max,35,Centre-Forward,Retired,-,out,Summer,0,1 Bundesliga,2004,2004/2005
FC Hansa Rostock,Jochen Kientz,31,Centre-Back,Retired,-,out,Summer,0,1 Bundesliga,2004,2004/2005
Hannover 96,Ricardo Sousa,25,Attacking Midfield,Boavista,£675Th.,in,Summer,0.675,1 Bundesliga,2004,2004/2005
Hannover 96,Leandro,29,Centre-Forward,BSC Young Boys,£405Th.,in,Summer,0.405,1 Bundesliga,2004,2004/2005
Hannover 96,Roman Wallner,22,Centre-Forward,Rapid Vienna,£387Th.,in,Summer,0.387,1 Bundesliga,2004,2004/2005
Hannover 96,Tranquillo Barnetta,19,Attacking Midfield,Bay. Leverkusen,Loan fee:£225Th.,in,Summer,0.225,1 Bundesliga,2004,2004/2005
Hannover 96,Frank Juric,30,Goalkeeper,Bay. Leverkusen,free transfer,in,Summer,NA,1 Bundesliga,2004,2004/2005
Hannover 96,Robert Enke,26,Goalkeeper,Barcelona,free transfer,in,Summer,NA,1 Bundesliga,2004,2004/2005
Hannover 96,Michael Tarnat,34,Left-Back,Man City,free transfer,in,Summer,NA,1 Bundesliga,2004,2004/2005
Hannover 96,Markus Schinner,23,Left Midfield,Hannover 96 II,-,in,Summer,0,1 Bundesliga,2004,2004/2005
Hannover 96,Gürman Agac,21,Centre-Back,Hannover 96 II,-,in,Summer,0,1 Bundesliga,2004,2004/2005
Hannover 96,Sezai Demircan,19,Left Winger,Hannover 96 U19,-,in,Summer,0,1 Bundesliga,2004,2004/2005
Hannover 96,Fabian Montabell,19,Centre-Forward,Hannover 96 U19,-,in,Summer,0,1 Bundesliga,2004,2004/2005
Hannover 96,Danijel Stefulj,31,Right-Back,1.FC Nuremberg,"End of loanJun 30, 2004",in,Summer,0,1 Bundesliga,2004,2004/2005
Hannover 96,Kai Oswald,26,Centre-Back,MSV Duisburg,"End of loanJun 30, 2004",in,Summer,0,1 Bundesliga,2004,2004/2005
Hannover 96,Marco Rose,27,Left-Back,1.FSV Mainz 05,"End of loanJun 30, 2004",in,Summer,0,1 Bundesliga,2004,2004/2005
Hannover 96,Blaise Nkufo,29,Centre-Forward,Twente FC,"End of loanJun 30, 2004",in,Summer,0,1 Bundesliga,2004,2004/2005
Hannover 96,Jiri Stajner,28,Second Striker,Sparta Prague,"End of loanJun 30, 2004",in,Summer,0,1 Bundesliga,2004,2004/2005
Hannover 96,Dame Diouf,26,Centre-Back,VfL Osnabrück,"End of loanJun 30, 2004",in,Summer,0,1 Bundesliga,2004,2004/2005
Hannover 96,Jiri Kaufman,24,Centre-Forward,Energie Cottbus,"End of loanJun 30, 2004",in,Summer,0,1 Bundesliga,2004,2004/2005
Hannover 96,Blaise Nkufo,29,Centre-Forward,Twente FC,£540Th.,out,Summer,0.54,1 Bundesliga,2004,2004/2005
Hannover 96,Nils Pfingsten-Reddig,22,Central Midfield,Wuppertaler SV,free transfer,out,Summer,NA,1 Bundesliga,2004,2004/2005
Hannover 96,Kai Oswald,26,Centre-Back,Karlsruher SC,free transfer,out,Summer,NA,1 Bundesliga,2004,2004/2005
Hannover 96,Björn Lindemann,20,Attacking Midfield,Holstein Kiel,free transfer,out,Summer,NA,1 Bundesliga,2004,2004/2005
Hannover 96,Marco Rose,27,Left-Back,1.FSV Mainz 05,free transfer,out,Summer,NA,1 Bundesliga,2004,2004/2005
Hannover 96,Markus Schuler,26,Left-Back,Arm. Bielefeld,free transfer,out,Summer,NA,1 Bundesliga,2004,2004/2005
Hannover 96,Konstantinos Konstantinidis,31,Centre-Back,1. FC Köln,free transfer,out,Summer,NA,1 Bundesliga,2004,2004/2005
Hannover 96,Gerhard Tremmel,25,Goalkeeper,Hertha BSC,free transfer,out,Summer,NA,1 Bundesliga,2004,2004/2005
Hannover 96,Abel Xavier,31,Right-Back,Without Club,-,out,Summer,0,1 Bundesliga,2004,2004/2005
Hannover 96,Kléber,24,Left-Back,Corinthians,"End of loanJun 30, 2004",out,Summer,0,1 Bundesliga,2004,2004/2005
Hannover 96,Marc Ziegler,28,Goalkeeper,Austria Vienna,"End of loanJun 30, 2004",out,Summer,0,1 Bundesliga,2004,2004/2005
Hannover 96,Jaime,31,Defensive Midfield,Dep. La Coruña,"End of loanJun 30, 2004",out,Summer,0,1 Bundesliga,2004,2004/2005
Hannover 96,Jan Simak,25,Attacking Midfield,Bay. Leverkusen,"End of loanJun 30, 2004",out,Summer,0,1 Bundesliga,2004,2004/2005
Hannover 96,Thomas Brdaric,29,Centre-Forward,Bay. Leverkusen,"End of loanJun 30, 2004",out,Summer,0,1 Bundesliga,2004,2004/2005
1.FC Nuremberg,Robert Vittek,22,Centre-Forward,Slo. Bratislava,£1.17m,in,Summer,1.17,1 Bundesliga,2004,2004/2005
1.FC Nuremberg,Mario Cantaluppi,30,Defensive Midfield,FC Basel,£585Th.,in,Summer,0.585,1 Bundesliga,2004,2004/2005
1.FC Nuremberg,Bartosz Bosacki,28,Centre-Back,Lech Poznan,£135Th.,in,Summer,0.135,1 Bundesliga,2004,2004/2005
1.FC Nuremberg,Ivica Banovic,23,Defensive Midfield,Werder Bremen,free transfer,in,Summer,NA,1 Bundesliga,2004,2004/2005
1.FC Nuremberg,Markus Schroth,29,Centre-Forward,1860 Munich,free transfer,in,Summer,NA,1 Bundesliga,2004,2004/2005
1.FC Nuremberg,Markus Daun,23,Centre-Forward,Bay. Leverkusen,free transfer,in,Summer,NA,1 Bundesliga,2004,2004/2005
1.FC Nuremberg,Tigrao,21,defence,América FC-SP,free transfer,in,Summer,NA,1 Bundesliga,2004,2004/2005
1.FC Nuremberg,Tomasz Hajto,31,Centre-Back,FC Schalke 04,free transfer,in,Summer,NA,1 Bundesliga,2004,2004/2005
1.FC Nuremberg,Daniel Klewer,27,Goalkeeper,Hansa Rostock,free transfer,in,Summer,NA,1 Bundesliga,2004,2004/2005
1.FC Nuremberg,Maik Wagefeld,23,Defensive Midfield,Dynamo Dresden,£45Th.,in,Summer,0.045,1 Bundesliga,2004,2004/2005
1.FC Nuremberg,Philipp Tschauner,18,Goalkeeper,Nürnberg U19,-,in,Summer,0,1 Bundesliga,2004,2004/2005
1.FC Nuremberg,Marcel Ketelaer,26,Left Midfield,Without Club,-,in,Summer,0,1 Bundesliga,2004,2004/2005
1.FC Nuremberg,Thomas Stehle,23,Centre-Back,Alem. Aachen,£135Th.,out,Summer,0.135,1 Bundesliga,2004,2004/2005
1.FC Nuremberg,Michael Kügler,22,Right Midfield,VfL Osnabrück,free transfer,out,Summer,NA,1 Bundesliga,2004,2004/2005
1.FC Nuremberg,Tomasz Kos,30,Centre-Back,Erzgebirge Aue,free transfer,out,Summer,NA,1 Bundesliga,2004,2004/2005
1.FC Nuremberg,Tony Sanneh,33,Right-Back,Columbus Crew,free transfer,out,Summer,NA,1 Bundesliga,2004,2004/2005
1.FC Nuremberg,Rafael,25,Centre-Back,Paulista FC,free transfer,out,Summer,NA,1 Bundesliga,2004,2004/2005
1.FC Nuremberg,Vlademir,24,Attacking Midfield,A.Sebatspor,free transfer,out,Summer,NA,1 Bundesliga,2004,2004/2005
1.FC Nuremberg,Sasa Ciric,36,Centre-Forward,K. Offenbach,free transfer,out,Summer,NA,1 Bundesliga,2004,2004/2005
1.FC Nuremberg,Kristian Nicht,22,Goalkeeper,Alem. Aachen,free transfer,out,Summer,NA,1 Bundesliga,2004,2004/2005
1.FC Nuremberg,Stephan Paßlack,33,Centre-Back,KFC Uerdingen,free transfer,out,Summer,NA,1 Bundesliga,2004,2004/2005
1.FC Nuremberg,Darius Kampa,27,Goalkeeper,Bor. M'gladbach,free transfer,out,Summer,NA,1 Bundesliga,2004,2004/2005
1.FC Nuremberg,Pavel David,25,Attacking Midfield,Rot-Weiß Erfurt,free transfer,out,Summer,NA,1 Bundesliga,2004,2004/2005
1.FC Nuremberg,Jacek Krzynowek,28,Left Midfield,Bay. Leverkusen,free transfer,out,Summer,NA,1 Bundesliga,2004,2004/2005
1.FC Nuremberg,Dieter Frey,31,Right-Back,Retired,-,out,Summer,0,1 Bundesliga,2004,2004/2005
1.FC Nuremberg,Martin Driller,34,Centre-Forward,Without Club,-,out,Summer,0,1 Bundesliga,2004,2004/2005
1.FC Nuremberg,Danijel Stefulj,31,Right-Back,Hannover 96,"End of loanJun 30, 2004",out,Summer,0,1 Bundesliga,2004,2004/2005
1.FC Nuremberg,Robert Vittek,22,Centre-Forward,Slo. Bratislava,"End of loanJun 30, 2004",out,Summer,0,1 Bundesliga,2004,2004/2005
VfL Wolfsburg,Juan Carlos Menseguez,20,Right Winger,River Plate,£2.70m,in,Summer,2.7,1 Bundesliga,2004,2004/2005
VfL Wolfsburg,Kevin Hofland,25,Centre-Back,PSV Eindhoven,£1.80m,in,Summer,1.8,1 Bundesliga,2004,2004/2005
VfL Wolfsburg,Facundo Quiroga,26,Centre-Back,Sporting CP,£1.35m,in,Summer,1.35,1 Bundesliga,2004,2004/2005
VfL Wolfsburg,Marian Hristov,30,Defensive Midfield,1.FC K'lautern,£900Th.,in,Summer,0.9,1 Bundesliga,2004,2004/2005
VfL Wolfsburg,Thomas Brdaric,29,Centre-Forward,Bay. Leverkusen,£900Th.,in,Summer,0.9,1 Bundesliga,2004,2004/2005
VfL Wolfsburg,André Lenz,30,Goalkeeper,1860 Munich,free transfer,in,Summer,NA,1 Bundesliga,2004,2004/2005
VfL Wolfsburg,Nderim Nedzipi,20,Attacking Midfield,FC Shkupi,loan transfer,in,Summer,NA,1 Bundesliga,2004,2004/2005
VfL Wolfsburg,Óscar Ahumada,21,Defensive Midfield,River Plate,loan transfer,in,Summer,NA,1 Bundesliga,2004,2004/2005
VfL Wolfsburg,Karsten Fischer,20,Defensive Midfield,Wolfsburg II,-,in,Summer,0,1 Bundesliga,2004,2004/2005
VfL Wolfsburg,Tomislav Maric,31,Centre-Forward,Bor. M'gladbach,"End of loanJun 30, 2004",in,Summer,0,1 Bundesliga,2004,2004/2005
VfL Wolfsburg,Sead Ramovic,25,Goalkeeper,Bor. M'gladbach,free transfer,out,Summer,NA,1 Bundesliga,2004,2004/2005
VfL Wolfsburg,Pablo Quattrocchi,30,Centre-Back,Tiburones Rojos,free transfer,out,Summer,NA,1 Bundesliga,2004,2004/2005
VfL Wolfsburg,Michal Janicki,21,attack,Wolfsburg II,-,out,Summer,0,1 Bundesliga,2004,2004/2005
VfL Wolfsburg,Christian Ritter,19,Attacking Midfield,Wolfsburg II,-,out,Summer,0,1 Bundesliga,2004,2004/2005
VfL Wolfsburg,Nenad Lalatovic,26,Right-Back,Shakhtar D.,"End of loanJun 30, 2004",out,Summer,0,1 Bundesliga,2004,2004/2005
VfL Wolfsburg,Waldo Ponce,21,Centre-Back,U. de Chile,"End of loanJun 30, 2004",out,Summer,0,1 Bundesliga,2004,2004/2005
VfL Wolfsburg,Fernando Baiano,25,Centre-Forward,Flamengo,"End of loanJun 30, 2004",out,Summer,0,1 Bundesliga,2004,2004/2005
VfL Wolfsburg,Juan Carlos Menseguez,20,Right Winger,River Plate,"End of loanJun 30, 2004",out,Summer,0,1 Bundesliga,2004,2004/2005
VfB Stuttgart,Martin Stranzl,24,Centre-Back,1860 Munich,£585Th.,in,Summer,0.585,1 Bundesliga,2004,2004/2005
VfB Stuttgart,Markus Babbel,31,Centre-Back,Liverpool,free transfer,in,Summer,NA,1 Bundesliga,2004,2004/2005
VfB Stuttgart,Matthieu Delpierre,23,Centre-Back,LOSC Lille,free transfer,in,Summer,NA,1 Bundesliga,2004,2004/2005
VfB Stuttgart,Marcel Schuon,19,Centre-Back,Stuttgart II,-,in,Summer,0,1 Bundesliga,2004,2004/2005
VfB Stuttgart,Tobias Rathgeb,22,Defensive Midfield,Stuttgart II,-,in,Summer,0,1 Bundesliga,2004,2004/2005
VfB Stuttgart,Marcelo Bordon,28,Centre-Back,FC Schalke 04,£3.60m,out,Summer,3.6,1 Bundesliga,2004,2004/2005
VfB Stuttgart,Rui Marques,26,Centre-Back,Marítimo,free transfer,out,Summer,NA,1 Bundesliga,2004,2004/2005
VfB Stuttgart,Christian Walter,19,midfield,Waldh. Mannheim,free transfer,out,Summer,NA,1 Bundesliga,2004,2004/2005
VfB Stuttgart,Michael Mutzel,24,Defensive Midfield,Karlsruher SC,free transfer,out,Summer,NA,1 Bundesliga,2004,2004/2005
VfB Stuttgart,Serge Branco,23,Right-Back,Leeds,free transfer,out,Summer,NA,1 Bundesliga,2004,2004/2005
VfB Stuttgart,Tobias Rathgeb,22,Defensive Midfield,FC St. Gallen,loan transfer,out,Summer,NA,1 Bundesliga,2004,2004/2005
VfB Stuttgart,Markus Husterer,21,Centre-Back,FC Bayern II,"End of loanJun 30, 2004",out,Summer,0,1 Bundesliga,2004,2004/2005
1.FSV Mainz 05,Manuel Friedrich,24,Centre-Back,Werder Bremen,£1.17m,in,Summer,1.17,1 Bundesliga,2004,2004/2005
1.FSV Mainz 05,Conor Casey,23,Centre-Forward,Bor. Dortmund,£450Th.,in,Summer,0.45,1 Bundesliga,2004,2004/2005
1.FSV Mainz 05,Benjamin Weigelt,21,Left-Back,RW Essen,£90Th.,in,Summer,0.09,1 Bundesliga,2004,2004/2005
1.FSV Mainz 05,Nikolce Noveski,25,Centre-Back,Erzgebirge Aue,free transfer,in,Summer,NA,1 Bundesliga,2004,2004/2005
1.FSV Mainz 05,Marco Rose,27,Left-Back,Hannover 96,free transfer,in,Summer,NA,1 Bundesliga,2004,2004/2005
1.FSV Mainz 05,Ranisav Jovanovic,23,Centre-Forward,Dynamo Dresden,free transfer,in,Summer,NA,1 Bundesliga,2004,2004/2005
1.FSV Mainz 05,Claudius Weber,26,Centre-Forward,FSV Mainz 05 II,-,in,Summer,0,1 Bundesliga,2004,2004/2005
1.FSV Mainz 05,Spasoje Bulajic,28,Centre-Back,NS Mura,free transfer,out,Summer,NA,1 Bundesliga,2004,2004/2005
1.FSV Mainz 05,Rajko Tavcar,29,Left-Back,Unterhaching,free transfer,out,Summer,NA,1 Bundesliga,2004,2004/2005
1.FSV Mainz 05,Sandro Schwarz,25,Defensive Midfield,RW Essen,free transfer,out,Summer,NA,1 Bundesliga,2004,2004/2005
1.FSV Mainz 05,Giovanni Speranza,22,Attacking Midfield,E. Frankfurt II,free transfer,out,Summer,NA,1 Bundesliga,2004,2004/2005
1.FSV Mainz 05,Stefan Kühne,23,Defensive Midfield,Holstein Kiel,free transfer,out,Summer,NA,1 Bundesliga,2004,2004/2005
1.FSV Mainz 05,Michael Thurk,28,Centre-Forward,Energie Cottbus,free transfer,out,Summer,NA,1 Bundesliga,2004,2004/2005
1.FSV Mainz 05,Peter Neustädter,38,Centre-Back,FSV Mainz 05 II,-,out,Summer,0,1 Bundesliga,2004,2004/2005
1.FSV Mainz 05,Christopher Ihm,21,Left-Back,FSV Mainz 05 II,-,out,Summer,0,1 Bundesliga,2004,2004/2005
1.FSV Mainz 05,Marco Rose,27,Left-Back,Hannover 96,"End of loanJun 30, 2004",out,Summer,0,1 Bundesliga,2004,2004/2005
1.FSV Mainz 05,Manuel Friedrich,24,Centre-Back,Werder Bremen,"End of loanJun 30, 2004",out,Summer,0,1 Bundesliga,2004,2004/2005
SV Werder Bremen,Miroslav Klose,26,Centre-Forward,1.FC K'lautern,£4.50m,in,Summer,4.5,1 Bundesliga,2004,2004/2005
SV Werder Bremen,Daniel Jensen,25,Central Midfield,Real Murcia,£900Th.,in,Summer,0.9,1 Bundesliga,2004,2004/2005
SV Werder Bremen,Valérien Ismaël,28,Centre-Back,R. Strasbourg,£675Th.,in,Summer,0.675,1 Bundesliga,2004,2004/2005
SV Werder Bremen,Petri Pasanen,23,Centre-Back,Ajax,£675Th.,in,Summer,0.675,1 Bundesliga,2004,2004/2005
SV Werder Bremen,Ümit Davala,30,Right Midfield,Inter,£450Th.,in,Summer,0.45,1 Bundesliga,2004,2004/2005
SV Werder Bremen,Gustavo Nery,26,Left-Back,São Paulo,£450Th.,in,Summer,0.45,1 Bundesliga,2004,2004/2005
SV Werder Bremen,Frank Fahrenhorst,26,Centre-Back,VfL Bochum,free transfer,in,Summer,NA,1 Bundesliga,2004,2004/2005
SV Werder Bremen,Aaron Hunt,17,Attacking Midfield,W. Bremen U19,-,in,Summer,0,1 Bundesliga,2004,2004/2005
SV Werder Bremen,Manuel Friedrich,24,Centre-Back,1.FSV Mainz 05,"End of loanJun 30, 2004",in,Summer,0,1 Bundesliga,2004,2004/2005
SV Werder Bremen,Manuel Friedrich,24,Centre-Back,1.FSV Mainz 05,£1.17m,out,Summer,1.17,1 Bundesliga,2004,2004/2005
SV Werder Bremen,Aílton,30,Centre-Forward,FC Schalke 04,free transfer,out,Summer,NA,1 Bundesliga,2004,2004/2005
SV Werder Bremen,Mladen Krstajic,30,Centre-Back,FC Schalke 04,free transfer,out,Summer,NA,1 Bundesliga,2004,2004/2005
SV Werder Bremen,Holger Wehlage,27,Right Midfield,MSV Duisburg,free transfer,out,Summer,NA,1 Bundesliga,2004,2004/2005
SV Werder Bremen,Simon Rolfes,22,Defensive Midfield,Alem. Aachen,free transfer,out,Summer,NA,1 Bundesliga,2004,2004/2005
SV Werder Bremen,Ivica Banovic,23,Defensive Midfield,1.FC Nuremberg,free transfer,out,Summer,NA,1 Bundesliga,2004,2004/2005
SV Werder Bremen,Stefan Beckert,22,Defensive Midfield,W. Bremen II,-,out,Summer,0,1 Bundesliga,2004,2004/2005
SV Werder Bremen,Michael Jürgen,30,Goalkeeper,W. Bremen II,-,out,Summer,0,1 Bundesliga,2004,2004/2005
SV Werder Bremen,Viktor Skrypnyk,34,Left-Back,Retired,-,out,Summer,0,1 Bundesliga,2004,2004/2005
SV Werder Bremen,Markus Daun,23,Centre-Forward,Bay. Leverkusen,"End of loanJun 30, 2004",out,Summer,0,1 Bundesliga,2004,2004/2005
SV Werder Bremen,Ümit Davala,30,Right Midfield,Inter,"End of loanJun 30, 2004",out,Summer,0,1 Bundesliga,2004,2004/2005
SV Werder Bremen,Valérien Ismaël,28,Centre-Back,R. Strasbourg,"End of loanJun 30, 2004",out,Summer,0,1 Bundesliga,2004,2004/2005
Hertha BSC,Gilberto,28,Left Midfield,São Caetano,£2.25m,in,Summer,2.25,1 Bundesliga,2004,2004/2005
Hertha BSC,Lukasz Piszczek,19,Right-Back,Gwarek U19,£45Th.,in,Summer,0.045,1 Bundesliga,2004,2004/2005
Hertha BSC,Yildiray Bastürk,25,Attacking Midfield,Bay. Leverkusen,free transfer,in,Summer,NA,1 Bundesliga,2004,2004/2005
Hertha BSC,Gerhard Tremmel,25,Goalkeeper,Hannover 96,free transfer,in,Summer,NA,1 Bundesliga,2004,2004/2005
Hertha BSC,Ashkan Dejagah,17,Right Winger,Hertha BSC II,-,in,Summer,0,1 Bundesliga,2004,2004/2005
Hertha BSC,Christian Müller,20,Attacking Midfield,Hertha BSC II,-,in,Summer,0,1 Bundesliga,2004,2004/2005
Hertha BSC,Sejad Salihovic,19,Central Midfield,Hertha BSC II,-,in,Summer,0,1 Bundesliga,2004,2004/2005
Hertha BSC,Oliver Schröder,24,Defensive Midfield,1. FC Köln,"End of loanJun 30, 2004",in,Summer,0,1 Bundesliga,2004,2004/2005
Hertha BSC,Trond Ludvigsen,22,Right Winger,Bodø/Glimt,"End of loanJun 30, 2004",in,Summer,0,1 Bundesliga,2004,2004/2005
Hertha BSC,Bart Goor,31,Left Midfield,Feyenoord,£900Th.,out,Summer,0.9,1 Bundesliga,2004,2004/2005
Hertha BSC,Denis Lapaczinski,22,Defensive Midfield,Hansa Rostock,£135Th.,out,Summer,0.135,1 Bundesliga,2004,2004/2005
Hertha BSC,Lukasz Piszczek,19,Right-Back,Zaglebie Lubin,Loan fee:£113Th.,out,Summer,0.113,1 Bundesliga,2004,2004/2005
Hertha BSC,Tomasz Kuszczak,22,Goalkeeper,West Brom,free transfer,out,Summer,NA,1 Bundesliga,2004,2004/2005
Hertha BSC,Aleksandar Mladenov,21,Attacking Midfield,Karlsruher SC,free transfer,out,Summer,NA,1 Bundesliga,2004,2004/2005
Hertha BSC,Bartosz Karwan,28,Right Midfield,Legia Warszawa,free transfer,out,Summer,NA,1 Bundesliga,2004,2004/2005
Hertha BSC,Gábor Király,28,Goalkeeper,Crystal Palace,free transfer,out,Summer,NA,1 Bundesliga,2004,2004/2005
Hertha BSC,Alexander Mladenov,22,Attacking Midfield,Karlsruher SC,loan transfer,out,Summer,NA,1 Bundesliga,2004,2004/2005
Hertha BSC,Roberto Pinto,25,Right Midfield,Without Club,-,out,Summer,0,1 Bundesliga,2004,2004/2005
Hertha BSC,Nderim Nedzipi,20,Attacking Midfield,FC Shkupi,"End of loanJun 30, 2004",out,Summer,0,1 Bundesliga,2004,2004/2005
1.FC Kaiserslautern,Jürgen Gjasula,18,Defensive Midfield,SC Freiburg,£45Th.,in,Summer,0.045,1 Bundesliga,2004,2004/2005
1.FC Kaiserslautern,Ferydoon Zandi,25,Attacking Midfield,VfB Lübeck,free transfer,in,Summer,NA,1 Bundesliga,2004,2004/2005
1.FC Kaiserslautern,Ingo Hertzsch,26,Centre-Back,Bay. Leverkusen,free transfer,in,Summer,NA,1 Bundesliga,2004,2004/2005
1.FC Kaiserslautern,Jochen Seitz,27,Left Winger,FC Schalke 04,free transfer,in,Summer,NA,1 Bundesliga,2004,2004/2005
1.FC Kaiserslautern,Ioannis Amanatidis,22,Centre-Forward,E. Frankfurt,free transfer,in,Summer,NA,1 Bundesliga,2004,2004/2005
1.FC Kaiserslautern,Carsten Jancker,29,Centre-Forward,Udinese,free transfer,in,Summer,NA,1 Bundesliga,2004,2004/2005
1.FC Kaiserslautern,Mihael Mikic,24,Right Midfield,Dinamo Zagreb,free transfer,in,Summer,NA,1 Bundesliga,2004,2004/2005
1.FC Kaiserslautern,Christian Nerlinger,31,Defensive Midfield,Rangers,free transfer,in,Summer,NA,1 Bundesliga,2004,2004/2005
1.FC Kaiserslautern,Marco Engelhardt,23,Defensive Midfield,Karlsruher SC,free transfer,in,Summer,NA,1 Bundesliga,2004,2004/2005
1.FC Kaiserslautern,Steffen Freund,34,Defensive Midfield,Leicester,"End of loanJun 30, 2004",in,Summer,0,1 Bundesliga,2004,2004/2005
1.FC Kaiserslautern,Selim Teber,23,Central Midfield,A. Salzburg,"End of loanJul 1, 2004",in,Summer,0,1 Bundesliga,2004,2004/2005
1.FC Kaiserslautern,Miroslav Klose,26,Centre-Forward,Werder Bremen,£4.50m,out,Summer,4.5,1 Bundesliga,2004,2004/2005
1.FC Kaiserslautern,Marian Hristov,30,Defensive Midfield,VfL Wolfsburg,£900Th.,out,Summer,0.9,1 Bundesliga,2004,2004/2005
1.FC Kaiserslautern,Kristjan Glibo,22,Centre-Back,Jahn Regensburg,free transfer,out,Summer,NA,1 Bundesliga,2004,2004/2005
1.FC Kaiserslautern,Jens Kern,21,Goalkeeper,W. Burghausen,free transfer,out,Summer,NA,1 Bundesliga,2004,2004/2005
1.FC Kaiserslautern,Lincoln,25,Attacking Midfield,FC Schalke 04,free transfer,out,Summer,NA,1 Bundesliga,2004,2004/2005
1.FC Kaiserslautern,Stijn Vreven,30,Right-Back,Vitesse,free transfer,out,Summer,NA,1 Bundesliga,2004,2004/2005
1.FC Kaiserslautern,Nenad Bjelica,32,Central Midfield,Admira Wacker,free transfer,out,Summer,NA,1 Bundesliga,2004,2004/2005
1.FC Kaiserslautern,José Dominguez,30,Left Winger,Al-Ahli SC,free transfer,out,Summer,NA,1 Bundesliga,2004,2004/2005
1.FC Kaiserslautern,Vratislav Lokvenc,30,Centre-Forward,VfL Bochum,free transfer,out,Summer,NA,1 Bundesliga,2004,2004/2005
1.FC Kaiserslautern,Aleksander Knavs,28,Centre-Back,VfL Bochum,free transfer,out,Summer,NA,1 Bundesliga,2004,2004/2005
1.FC Kaiserslautern,Thomas Hengen,29,Sweeper,Alem. Aachen,free transfer,out,Summer,NA,1 Bundesliga,2004,2004/2005
1.FC Kaiserslautern,Torsten Reuter,21,Defensive Midfield,Saarbrücken,loan transfer,out,Summer,NA,1 Bundesliga,2004,2004/2005
1.FC Kaiserslautern,Steffen Freund,34,Defensive Midfield,Retired,-,out,Summer,0,1 Bundesliga,2004,2004/2005
Arminia Bielefeld,Isaac Boakye,22,Centre-Forward,Asante Kotoko,£270Th.,in,Summer,0.27,1 Bundesliga,2004,2004/2005
Arminia Bielefeld,Delron Buckley,26,Left Winger,VfL Bochum,£225Th.,in,Summer,0.225,1 Bundesliga,2004,2004/2005
Arminia Bielefeld,Claudiu Raducanu,27,Centre-Forward,Espanyol,Loan fee:£171Th.,in,Summer,0.171,1 Bundesliga,2004,2004/2005
Arminia Bielefeld,Marijo Maric,27,Centre-Forward,FC Kärnten,£135Th.,in,Summer,0.135,1 Bundesliga,2004,2004/2005
Arminia Bielefeld,Vanco Trajanov,25,Defensive Midfield,Lok. Plovdiv,£135Th.,in,Summer,0.135,1 Bundesliga,2004,2004/2005
Arminia Bielefeld,Ervin Skela,27,Attacking Midfield,E. Frankfurt,free transfer,in,Summer,NA,1 Bundesliga,2004,2004/2005
Arminia Bielefeld,Michael Fink,22,Defensive Midfield,Stuttgart II,free transfer,in,Summer,NA,1 Bundesliga,2004,2004/2005
Arminia Bielefeld,Markus Schuler,26,Left-Back,Hannover 96,free transfer,in,Summer,NA,1 Bundesliga,2004,2004/2005
Arminia Bielefeld,Christian Wieczorek,18,Attacking Midfield,Bielefeld U19,-,in,Summer,0,1 Bundesliga,2004,2004/2005
Arminia Bielefeld,Matthias Langkamp,20,Centre-Back,A. Bielefeld II,-,in,Summer,0,1 Bundesliga,2004,2004/2005
Arminia Bielefeld,Roland Benschneider,23,Centre-Back,1. FC Köln,£180Th.,out,Summer,0.18,1 Bundesliga,2004,2004/2005
Arminia Bielefeld,Mirnel Sadovic,20,Centre-Forward,FK Sarajevo,free transfer,out,Summer,NA,1 Bundesliga,2004,2004/2005
Arminia Bielefeld,Martin Amedick,21,Centre-Back,E. Braunschweig,free transfer,out,Summer,NA,1 Bundesliga,2004,2004/2005
Arminia Bielefeld,Newton Ben Katanha,21,Centre-Forward,MPPJ Selangor,free transfer,out,Summer,NA,1 Bundesliga,2004,2004/2005
Arminia Bielefeld,Maciej Murawski,30,Defensive Midfield,Aris Saloniki,free transfer,out,Summer,NA,1 Bundesliga,2004,2004/2005
Arminia Bielefeld,Sebastian Radtke,21,Centre-Forward,Eintracht Trier,free transfer,out,Summer,NA,1 Bundesliga,2004,2004/2005
Arminia Bielefeld,Jesús Sinisterra,28,Left-Back,CA Banfield,free transfer,out,Summer,NA,1 Bundesliga,2004,2004/2005
Arminia Bielefeld,Sebastian Völzow,21,Goalkeeper,LR Ahlen,free transfer,out,Summer,NA,1 Bundesliga,2004,2004/2005
Arminia Bielefeld,Roger,18,Defensive Midfield,Santo André,?,out,Summer,NA,1 Bundesliga,2004,2004/2005
Arminia Bielefeld,Isaac Boakye,22,Centre-Forward,Asante Kotoko,"End of loanJun 30, 2004",out,Summer,0,1 Bundesliga,2004,2004/2005
Bayern Munich,Bixente Lizarazu,35,Left-Back,Marseille,free transfer,in,Winter,NA,1 Bundesliga,2004,2004/2005
Bayern Munich,Piotr Trochowski,20,Attacking Midfield,Hamburger SV,£900Th.,out,Winter,0.9,1 Bundesliga,2004,2004/2005
Borussia Dortmund,Ebi Smolarek,23,Centre-Forward,Feyenoord,loan transfer,in,Winter,NA,1 Bundesliga,2004,2004/2005
Borussia Dortmund,Juan Fernández,24,Right-Back,River Plate,"End of loanDec 31, 2004",in,Winter,0,1 Bundesliga,2004,2004/2005
Borussia Dortmund,Thiago,20,attack,Los Angeles,free transfer,out,Winter,NA,1 Bundesliga,2004,2004/2005
Borussia Dortmund,Sahr Senesie,19,Centre-Forward,Grasshoppers,loan transfer,out,Winter,NA,1 Bundesliga,2004,2004/2005
Bayer 04 Leverkusen,Gonzalo Castro,17,Central Midfield,Leverkusen U19,-,in,Winter,0,1 Bundesliga,2004,2004/2005
Bayer 04 Leverkusen,Sascha Dum,18,Left Midfield,Leverkusen U19,-,in,Winter,0,1 Bundesliga,2004,2004/2005
Bayer 04 Leverkusen,Landon Donovan,22,Second Striker,San Jose,"End of loanDec 31, 2004",in,Winter,0,1 Bundesliga,2004,2004/2005
Bayer 04 Leverkusen,Landon Donovan,23,Second Striker,Los Angeles,£900Th.,out,Winter,0.9,1 Bundesliga,2004,2004/2005
Bayer 04 Leverkusen,Hanno Balitsch,23,Defensive Midfield,1.FSV Mainz 05,£450Th.,out,Winter,0.45,1 Bundesliga,2004,2004/2005
Bayer 04 Leverkusen,Teddy Lucic,31,Centre-Back,Häcken,free transfer,out,Winter,NA,1 Bundesliga,2004,2004/2005
Bayer 04 Leverkusen,Radoslaw Kaluzny,30,Defensive Midfield,RW Essen,free transfer,out,Winter,NA,1 Bundesliga,2004,2004/2005
Bayer 04 Leverkusen,Jermaine Jones,23,Defensive Midfield,E. Frankfurt,loan transfer,out,Winter,NA,1 Bundesliga,2004,2004/2005
FC Schalke 04,Mimoun Azaouagh,22,Attacking Midfield,1.FSV Mainz 05,£585Th.,in,Winter,0.585,1 Bundesliga,2004,2004/2005
FC Schalke 04,Jörg Böhme,30,Left Midfield,Bor. M'gladbach,free transfer,out,Winter,NA,1 Bundesliga,2004,2004/2005
FC Schalke 04,Simon Talarek,19,Centre-Back,Wattenscheid 09,free transfer,out,Winter,NA,1 Bundesliga,2004,2004/2005
VfL Bochum,Peter Skov-Jensen,33,Goalkeeper,FC Midtjylland,£212Th.,in,Winter,0.212,1 Bundesliga,2004,2004/2005
VfL Bochum,Fatih Akyel,26,Right-Back,Fenerbahce,free transfer,in,Winter,NA,1 Bundesliga,2004,2004/2005
VfL Bochum,Claus Costa,20,Defensive Midfield,VfL Bochum II,-,in,Winter,0,1 Bundesliga,2004,2004/2005
VfL Bochum,Dennis Grote,18,Defensive Midfield,VfL Bochum U19,-,in,Winter,0,1 Bundesliga,2004,2004/2005
VfL Bochum,Miroslav Stevic,34,Defensive Midfield,Unterhaching,free transfer,out,Winter,NA,1 Bundesliga,2004,2004/2005
VfL Bochum,Thórdur Gudjónsson,31,Right Winger,Stoke City,free transfer,out,Winter,NA,1 Bundesliga,2004,2004/2005
VfL Bochum,Fatih Akyel,27,Right-Back,Without Club,-,out,Winter,0,1 Bundesliga,2004,2004/2005
SC Freiburg,Otar Khizaneishvili,23,Centre-Back,Dinamo Moscow,£720Th.,in,Winter,0.72,1 Bundesliga,2004,2004/2005
SC Freiburg,Andreas Ibertsberger,22,Left-Back,A. Salzburg,£270Th.,in,Winter,0.27,1 Bundesliga,2004,2004/2005
SC Freiburg,Samuel Koejoe,30,Centre-Forward,Wacker Tirol,£270Th.,in,Winter,0.27,1 Bundesliga,2004,2004/2005
SC Freiburg,Dennis Aogo,17,Defensive Midfield,SC Freiburg U19,-,in,Winter,0,1 Bundesliga,2004,2004/2005
SC Freiburg,Tobias Willi,25,Right-Back,Wüstenrot Sbg,loan transfer,out,Winter,NA,1 Bundesliga,2004,2004/2005
Hamburger SV,Piotr Trochowski,20,Attacking Midfield,FC Bayern,£900Th.,in,Winter,0.9,1 Bundesliga,2004,2004/2005
Hamburger SV,Bernardo Romeo,27,Centre-Forward,RCD Mallorca,Loan fee:£360Th.,out,Winter,0.36,1 Bundesliga,2004,2004/2005
Hamburger SV,Christian Rahn,25,Left-Back,1. FC Köln,£135Th.,out,Winter,0.135,1 Bundesliga,2004,2004/2005
Hamburger SV,Lars Christian Jacobsen,24,Right-Back,FC Copenhagen,free transfer,out,Winter,NA,1 Bundesliga,2004,2004/2005
Hamburger SV,Stephan Kling,23,Left-Back,Saarbrücken,free transfer,out,Winter,NA,1 Bundesliga,2004,2004/2005
Hamburger SV,Fabian Bröcker,21,Central Midfield,Erzgebirge Aue,free transfer,out,Winter,NA,1 Bundesliga,2004,2004/2005
Hamburger SV,Vyacheslav Hleb,21,Second Striker,Grasshoppers,free transfer,out,Winter,NA,1 Bundesliga,2004,2004/2005
Hamburger SV,Besart Berisha,19,Centre-Forward,Aalborg BK,loan transfer,out,Winter,NA,1 Bundesliga,2004,2004/2005
Borussia Mönchengladbach,Bernd Thijs,26,Defensive Midfield,Trabzonspor,£540Th.,in,Winter,0.54,1 Bundesliga,2004,2004/2005
Borussia Mönchengladbach,Filip Daems,26,Left-Back,Genclerbirligi,£270Th.,in,Winter,0.27,1 Bundesliga,2004,2004/2005
Borussia Mönchengladbach,Wesley Sonck,26,Centre-Forward,Ajax,Loan fee:£252Th.,in,Winter,0.252,1 Bundesliga,2004,2004/2005
Borussia Mönchengladbach,Jörg Böhme,30,Left Midfield,FC Schalke 04,free transfer,in,Winter,NA,1 Bundesliga,2004,2004/2005
Borussia Mönchengladbach,Craig Moore,29,Centre-Back,Rangers,free transfer,in,Winter,NA,1 Bundesliga,2004,2004/2005
Borussia Mönchengladbach,Kasey Keller,35,Goalkeeper,Spurs,free transfer,in,Winter,NA,1 Bundesliga,2004,2004/2005
Borussia Mönchengladbach,Giovane Elber,32,Centre-Forward,Olympique Lyon,free transfer,in,Winter,NA,1 Bundesliga,2004,2004/2005
Borussia Mönchengladbach,Marcell Jansen,19,Centre-Forward,M'gladbach II,-,in,Winter,0,1 Bundesliga,2004,2004/2005
Borussia Mönchengladbach,Eugen Polanski,18,Defensive Midfield,M'gladbach II,-,in,Winter,0,1 Bundesliga,2004,2004/2005
Borussia Mönchengladbach,Jan Schlaudraff,21,Second Striker,Alem. Aachen,Loan fee:£135Th.,out,Winter,0.135,1 Bundesliga,2004,2004/2005
Borussia Mönchengladbach,Vladimir Ivic,27,Attacking Midfield,AEK Athens,free transfer,out,Winter,NA,1 Bundesliga,2004,2004/2005
Borussia Mönchengladbach,Bradley Carnell,27,Left-Back,Karlsruher SC,free transfer,out,Winter,NA,1 Bundesliga,2004,2004/2005
Borussia Mönchengladbach,Enrico Gaede,22,Defensive Midfield,RW Essen,loan transfer,out,Winter,NA,1 Bundesliga,2004,2004/2005
Borussia Mönchengladbach,Marcelo Pletsch,28,Centre-Back,Without Club,-,out,Winter,0,1 Bundesliga,2004,2004/2005
Borussia Mönchengladbach,Steffen Korell,33,Sweeper,Retired,-,out,Winter,0,1 Bundesliga,2004,2004/2005
FC Hansa Rostock,Jari Litmanen,33,Attacking Midfield,FC Lahti,free transfer,in,Winter,NA,1 Bundesliga,2004,2004/2005
FC Hansa Rostock,Michael Hartmann,30,Left Midfield,Hertha BSC,free transfer,in,Winter,NA,1 Bundesliga,2004,2004/2005
FC Hansa Rostock,Gerd Wimmer,27,Right-Back,RW Oberhausen,free transfer,out,Winter,NA,1 Bundesliga,2004,2004/2005
FC Hansa Rostock,Godfried Aduobe,29,Defensive Midfield,Karlsruher SC,free transfer,out,Winter,NA,1 Bundesliga,2004,2004/2005
Hannover 96,Veljko Paunovic,27,Centre-Forward,Atlético Madrid,loan transfer,in,Winter,NA,1 Bundesliga,2004,2004/2005
Hannover 96,Sören Halfar,17,Left-Back,Hannover 96 U19,-,in,Winter,0,1 Bundesliga,2004,2004/2005
Hannover 96,Clint Mathis,28,Attacking Midfield,Salt Lake,free transfer,out,Winter,NA,1 Bundesliga,2004,2004/2005
Hannover 96,Stanko Svitlica,28,Centre-Forward,LR Ahlen,loan transfer,out,Winter,NA,1 Bundesliga,2004,2004/2005
Hannover 96,Mohamadou Idrissou,24,Centre-Forward,SM Caen,Loan fee:£27Th.,out,Winter,0.027,1 Bundesliga,2004,2004/2005
Hannover 96,Ricardo Sousa,25,Attacking Midfield,De Graafschap,Loan fee:£18Th.,out,Winter,0.018,1 Bundesliga,2004,2004/2005
1.FC Nuremberg,Pekka Lagerblom,22,Defensive Midfield,Werder Bremen,Loan fee:£90Th.,in,Winter,0.09,1 Bundesliga,2004,2004/2005
1.FC Nuremberg,Dirk Langerbein,33,Goalkeeper,MSV Duisburg,free transfer,in,Winter,NA,1 Bundesliga,2004,2004/2005
VfL Wolfsburg,Óscar Ahumada,22,Defensive Midfield,River Plate,"End of loanDec 31, 2004",out,Winter,0,1 Bundesliga,2004,2004/2005
VfB Stuttgart,Élson,23,Attacking Midfield,Palmeiras,£1.35m,in,Winter,1.35,1 Bundesliga,2004,2004/2005
VfB Stuttgart,Hakan Yakin,27,Attacking Midfield,Galatasaray,Loan fee:£225Th.,out,Winter,0.225,1 Bundesliga,2004,2004/2005
VfB Stuttgart,Emanuel Centurión,22,Left Midfield,Vélez Sarsfield,loan transfer,out,Winter,NA,1 Bundesliga,2004,2004/2005
1.FSV Mainz 05,Hanno Balitsch,23,Defensive Midfield,Bay. Leverkusen,£450Th.,in,Winter,0.45,1 Bundesliga,2004,2004/2005
1.FSV Mainz 05,Michael Thurk,28,Centre-Forward,Energie Cottbus,£180Th.,in,Winter,0.18,1 Bundesliga,2004,2004/2005
1.FSV Mainz 05,Mimoun Azaouagh,22,Attacking Midfield,FC Schalke 04,£585Th.,out,Winter,0.585,1 Bundesliga,2004,2004/2005
1.FSV Mainz 05,Markus Dworrak,26,Left Winger,Rot-Weiß Erfurt,loan transfer,out,Winter,NA,1 Bundesliga,2004,2004/2005
SV Werder Bremen,Mohamed Zidan,23,Second Striker,FC Midtjylland,Loan fee:£450Th.,in,Winter,0.45,1 Bundesliga,2004,2004/2005
SV Werder Bremen,Angelos Charisteas,24,Centre-Forward,Ajax,£4.41m,out,Winter,4.41,1 Bundesliga,2004,2004/2005
SV Werder Bremen,Gustavo Nery,27,Left-Back,Corinthians,Loan fee:£135Th.,out,Winter,0.135,1 Bundesliga,2004,2004/2005
SV Werder Bremen,Pekka Lagerblom,22,Defensive Midfield,1.FC Nuremberg,Loan fee:£90Th.,out,Winter,0.09,1 Bundesliga,2004,2004/2005
Hertha BSC,Ilhan Mansiz,29,Centre-Forward,Without Club,-,in,Winter,0,1 Bundesliga,2004,2004/2005
Hertha BSC,Trond Ludvigsen,22,Right Winger,Bodø/Glimt,free transfer,out,Winter,NA,1 Bundesliga,2004,2004/2005
Hertha BSC,Michael Hartmann,30,Left Midfield,Hansa Rostock,free transfer,out,Winter,NA,1 Bundesliga,2004,2004/2005
1.FC Kaiserslautern,Stefan Blank,27,Left-Back,Alem. Aachen,£450Th.,in,Winter,0.45,1 Bundesliga,2004,2004/2005
1.FC Kaiserslautern,Jürgen Macho,27,Goalkeeper,Rapid Vienna,free transfer,in,Winter,NA,1 Bundesliga,2004,2004/2005
1.FC Kaiserslautern,Stefan Malz,32,Left-Back,A. Ludwigshafen,free transfer,out,Winter,NA,1 Bundesliga,2004,2004/2005
1.FC Kaiserslautern,Thomas Drescher,26,Left-Back,W. Burghausen,free transfer,out,Winter,NA,1 Bundesliga,2004,2004/2005
1.FC Kaiserslautern,Christian Timm,25,Right Winger,Greuther Fürth,free transfer,out,Winter,NA,1 Bundesliga,2004,2004/2005
Arminia Bielefeld,Klodian Duro,27,Attacking Midfield,FK Partizani,£158Th.,in,Winter,0.158,1 Bundesliga,2004,2004/2005
Arminia Bielefeld,Radomir Djalovic,22,Centre-Forward,NK Zagreb,Loan fee:£149Th.,in,Winter,0.149,1 Bundesliga,2004,2004/2005
Arminia Bielefeld,Renato Bernardi Bauer,26,midfield,Náutico,free transfer,in,Winter,NA,1 Bundesliga,2004,2004/2005
Arminia Bielefeld,Diego León,20,Attacking Midfield,Real Madrid B,loan transfer,in,Winter,NA,1 Bundesliga,2004,2004/2005
Arminia Bielefeld,Tomasz Wisio,23,Centre-Back,FC Pasching,Loan fee:£36Th.,in,Winter,0.036,1 Bundesliga,2004,2004/2005
Arminia Bielefeld,Roberto Pinto,26,Right Midfield,Without Club,-,in,Winter,0,1 Bundesliga,2004,2004/2005
Arminia Bielefeld,Zeljko Radovic,30,Centre-Forward,SV Kapfenberg,free transfer,out,Winter,NA,1 Bundesliga,2004,2004/2005
Arminia Bielefeld,Marijo Maric,27,Centre-Forward,Eintracht Trier,free transfer,out,Winter,NA,1 Bundesliga,2004,2004/2005
