club_name,player_name,age,position,club_involved_name,fee,transfer_movement,transfer_period,fee_cleaned,league_name,year,season
Real Sociedad,Mikel Arteta,22,Central Midfield,Rangers,£3.60m,in,Summer,3.6,Primera Division,2004,2004/2005
Real Sociedad,Jérémie Bréchet,24,Centre-Back,Inter,£1.35m,in,Summer,1.35,Primera Division,2004,2004/2005
Real Sociedad,Rossato,26,Left-Back,FC Porto,£900Th.,in,Summer,0.9,Primera Division,2004,2004/2005
Real Sociedad,Gari Uranga,24,Attacking Midfield,Getafe,free transfer,in,Summer,NA,Primera Division,2004,2004/2005
Real Sociedad,Mikel Labaka,23,Centre-Back,Ciudad Murcia,loan transfer,in,Summer,NA,Primera Division,2004,2004/2005
Real Sociedad,Oskitz Estefanía,17,Left Winger,Real Sociedad B,-,in,Summer,0,Primera Division,2004,2004/2005
Real Sociedad,Javier Garrido,19,Left-Back,Real Sociedad B,-,in,Summer,0,Primera Division,2004,2004/2005
Real Sociedad,Juan Domínguez,20,Attacking Midfield,R. Sociedad U19,-,in,Summer,0,Primera Division,2004,2004/2005
Real Sociedad,Mikel Alonso,24,Central Midfield,CD Numancia,"End of loanJun 30, 2004",in,Summer,0,Primera Division,2004,2004/2005
Real Sociedad,Mikel Arteta,23,Central Midfield,Everton,"End of loanMay 16, 2005",in,Summer,0,Primera Division,2004,2004/2005
Real Sociedad,José Javier Barkero,25,Attacking Midfield,Poli Ejido,"End of loanJun 1, 2004",in,Summer,0,Primera Division,2004,2004/2005
Real Sociedad,Sebastián Romero,24,Right Midfield,SD Eibar,"End of loanJun 30, 2004",in,Summer,0,Primera Division,2004,2004/2005
Real Sociedad,Sebastián Romero,25,Right Midfield,Gimnasia,"End of loanJul 5, 2005",in,Summer,0,Primera Division,2004,2004/2005
Real Sociedad,Galder Zubizarreta,24,Centre-Back,Burgos CF,"End of loanJun 30, 2004",in,Summer,0,Primera Division,2004,2004/2005
Real Sociedad,Xabi Alonso,22,Defensive Midfield,Liverpool,£14.40m,out,Summer,14.4,Primera Division,2004,2004/2005
Real Sociedad,Agustín Aranzabal,31,Left-Back,Real Zaragoza,£720Th.,out,Summer,0.72,Primera Division,2004,2004/2005
Real Sociedad,Zuhaitz Gurrutxaga,23,Centre-Back,Algeciras CF,free transfer,out,Summer,NA,Primera Division,2004,2004/2005
Real Sociedad,Bjørn Tore Kvarme,32,Centre-Back,SC Bastia,free transfer,out,Summer,NA,Primera Division,2004,2004/2005
Real Sociedad,Gabriel Schürrer,32,Centre-Back,Olympiacos,free transfer,out,Summer,NA,Primera Division,2004,2004/2005
Real Sociedad,Javi de Pedro,30,Left Midfield,Blackburn,free transfer,out,Summer,NA,Primera Division,2004,2004/2005
Real Sociedad,Chun-soo Lee,22,Second Striker,CD Numancia,loan transfer,out,Summer,NA,Primera Division,2004,2004/2005
Real Sociedad,Sander Westerveld,29,Goalkeeper,RCD Mallorca,loan transfer,out,Summer,NA,Primera Division,2004,2004/2005
Real Sociedad,Galder Zubizarreta,24,Centre-Back,Burgos CF,?,out,Summer,NA,Primera Division,2004,2004/2005
Real Sociedad,Sergio Boris,24,Centre-Back,Córdoba CF,loan transfer,out,Summer,NA,Primera Division,2004,2004/2005
Real Sociedad,Sebastián Romero,24,Right Midfield,Gimnasia,loan transfer,out,Summer,NA,Primera Division,2004,2004/2005
Real Sociedad,Lionel Potillon,30,Left-Back,Paris SG,"End of loanJun 30, 2004",out,Summer,0,Primera Division,2004,2004/2005
Getafe CF,Javier Sanchez Broto,32,Goalkeeper,Real Murcia,free transfer,in,Summer,NA,Primera Division,2004,2004/2005
Getafe CF,Diego Rivas,24,Central Midfield,Atlético Madrid,free transfer,in,Summer,NA,Primera Division,2004,2004/2005
Getafe CF,David Belenguer,31,Centre-Back,Real Betis,free transfer,in,Summer,NA,Primera Division,2004,2004/2005
Getafe CF,Rubén Pulido,25,Centre-Back,Rayo Vallecano,free transfer,in,Summer,NA,Primera Division,2004,2004/2005
Getafe CF,Mariano Pernía,27,Left-Back,Independiente,free transfer,in,Summer,NA,Primera Division,2004,2004/2005
Getafe CF,Riki,23,Centre-Forward,Real Madrid B,free transfer,in,Summer,NA,Primera Division,2004,2004/2005
Getafe CF,Raúl Albiol,18,Centre-Back,Valencia,loan transfer,in,Summer,NA,Primera Division,2004,2004/2005
Getafe CF,Gabi,20,Central Midfield,Atlético Madrid,loan transfer,in,Summer,NA,Primera Division,2004,2004/2005
Getafe CF,Martín Ariel Vitali,28,Right-Back,CD Leganés,?,in,Summer,NA,Primera Division,2004,2004/2005
Getafe CF,Daniel Komé,24,Right Winger,CD Numancia,?,in,Summer,NA,Primera Division,2004,2004/2005
Getafe CF,Yordi,29,Centre-Forward,Real Zaragoza,?,in,Summer,NA,Primera Division,2004,2004/2005
Getafe CF,Sergio Sánchez,27,Goalkeeper,Atlético Madrid,loan transfer,in,Summer,NA,Primera Division,2004,2004/2005
Getafe CF,Paco Gallardo,24,Right Midfield,Sevilla FC,loan transfer,in,Summer,NA,Primera Division,2004,2004/2005
Getafe CF,Gari Uranga,24,Attacking Midfield,Real Sociedad,free transfer,out,Summer,NA,Primera Division,2004,2004/2005
Getafe CF,Nacho Triguero,30,Goalkeeper,CD Mostoles,free transfer,out,Summer,NA,Primera Division,2004,2004/2005
Getafe CF,Míchel,27,Centre-Forward,UD Almería,free transfer,out,Summer,NA,Primera Division,2004,2004/2005
Getafe CF,Miguel Ángel,34,attack,Alcorcón,?,out,Summer,NA,Primera Division,2004,2004/2005
Getafe CF,Marc Bernaus,27,Left-Back,Elche CF,?,out,Summer,NA,Primera Division,2004,2004/2005
Getafe CF,Noé Calleja,24,Goalkeeper,Algeciras CF,?,out,Summer,NA,Primera Division,2004,2004/2005
Getafe CF,Txema,33,Centre-Back,UE Lleida,?,out,Summer,NA,Primera Division,2004,2004/2005
Getafe CF,Jean Blaise Bouli,23,Right Winger,Dinamo Bryansk,?,out,Summer,NA,Primera Division,2004,2004/2005
Getafe CF,Rubén Reyes,25,Central Midfield,Villarreal,"End of loanJun 30, 2004",out,Summer,0,Primera Division,2004,2004/2005
Levante UD,Vladimir Manchev,26,Centre-Forward,LOSC Lille,£1.98m,in,Summer,1.98,Primera Division,2004,2004/2005
Levante UD,Diego Camacho,27,Defensive Midfield,Recr. Huelva,£540Th.,in,Summer,0.54,Primera Division,2004,2004/2005
Levante UD,Juanma,23,Right Winger,Málaga B,£540Th.,in,Summer,0.54,Primera Division,2004,2004/2005
Levante UD,Johan Mjällby,33,Centre-Back,Celtic,free transfer,in,Summer,NA,Primera Division,2004,2004/2005
Levante UD,Nacho,24,Left-Back,Málaga B,free transfer,in,Summer,NA,Primera Division,2004,2004/2005
Levante UD,Ian Harte,26,Left-Back,Leeds,free transfer,in,Summer,NA,Primera Division,2004,2004/2005
Levante UD,Sergio García,21,Centre-Forward,Barcelona,loan transfer,in,Summer,NA,Primera Division,2004,2004/2005
Levante UD,Fabio Celestini,28,Defensive Midfield,Marseille,loan transfer,in,Summer,NA,Primera Division,2004,2004/2005
Levante UD,José Antonio Culebras,25,Centre-Back,CD Numancia,?,in,Summer,NA,Primera Division,2004,2004/2005
Levante UD,Javi Peña,31,Centre-Forward,Ponferradina,"End of loanJun 30, 2004",in,Summer,0,Primera Division,2004,2004/2005
Levante UD,Emilio Rentería,19,Centre-Forward,Italchacao,free transfer,out,Summer,NA,Primera Division,2004,2004/2005
Levante UD,Santiago Carpintero,27,Central Midfield,Alavés,free transfer,out,Summer,NA,Primera Division,2004,2004/2005
Levante UD,Sérvulo,25,attack,CA Osasuna,free transfer,out,Summer,NA,Primera Division,2004,2004/2005
Levante UD,Tito Blanco,32,midfield,Alicante CF,free transfer,out,Summer,NA,Primera Division,2004,2004/2005
Levante UD,David Limones,25,midfield,CD Tenerife,loan transfer,out,Summer,NA,Primera Division,2004,2004/2005
Levante UD,Ángel Lekunberri,34,midfield,UP Langreo,?,out,Summer,NA,Primera Division,2004,2004/2005
Levante UD,Tomás Olías,35,Centre-Back,Retired,-,out,Summer,0,Primera Division,2004,2004/2005
Levante UD,Juanra,24,Right-Back,Levante B,-,out,Summer,0,Primera Division,2004,2004/2005
Levante UD,Javi Peña,31,Centre-Forward,Retired,-,out,Summer,0,Primera Division,2004,2004/2005
Levante UD,David Aganzo,23,Centre-Forward,Real Madrid,"End of loanJun 1, 2004",out,Summer,0,Primera Division,2004,2004/2005
Levante UD,Manolo Hidalgo,24,midfield,Atl. Madrid B,"End of loanJun 30, 2004",out,Summer,0,Primera Division,2004,2004/2005
CD Numancia,Aldo Osorio,30,Centre-Forward,Lecce,£450Th.,in,Summer,0.45,Primera Division,2004,2004/2005
CD Numancia,Miguel Ángel López,26,Centre-Forward,Sporting Gijón,free transfer,in,Summer,NA,Primera Division,2004,2004/2005
CD Numancia,Konstantinos Kiassos,28,Central Midfield,Iraklis,free transfer,in,Summer,NA,Primera Division,2004,2004/2005
CD Numancia,Juanlu,24,Left Midfield,Hércules CF,free transfer,in,Summer,NA,Primera Division,2004,2004/2005
CD Numancia,Stéphane Pignol,27,Right-Back,UD Almería,free transfer,in,Summer,NA,Primera Division,2004,2004/2005
CD Numancia,Juan Ochoa,25,Centre-Back,Alavés,free transfer,in,Summer,NA,Primera Division,2004,2004/2005
CD Numancia,Juanma Barrero,24,Goalkeeper,Atlético Madrid,free transfer,in,Summer,NA,Primera Division,2004,2004/2005
CD Numancia,César Palacios,29,Central Midfield,CA Osasuna,free transfer,in,Summer,NA,Primera Division,2004,2004/2005
CD Numancia,Chun-soo Lee,22,Second Striker,Real Sociedad,loan transfer,in,Summer,NA,Primera Division,2004,2004/2005
CD Numancia,Ramón Ros,23,Defensive Midfield,Barcelona B,loan transfer,in,Summer,NA,Primera Division,2004,2004/2005
CD Numancia,Toché,21,Centre-Forward,Atlético Madrid,loan transfer,in,Summer,NA,Primera Division,2004,2004/2005
CD Numancia,Juanpa,25,Right-Back,UD Salamanca,?,in,Summer,NA,Primera Division,2004,2004/2005
CD Numancia,Pablo Sanz,30,Defensive Midfield,Rayo Vallecano,?,in,Summer,NA,Primera Division,2004,2004/2005
CD Numancia,Julio Pineda,31,Centre-Forward,Xerez CD,?,in,Summer,NA,Primera Division,2004,2004/2005
CD Numancia,Luis Tevenet,30,Centre-Forward,Algeciras CF,?,in,Summer,NA,Primera Division,2004,2004/2005
CD Numancia,Patricio Graff,28,Left-Back,Rayo Vallecano,?,in,Summer,NA,Primera Division,2004,2004/2005
CD Numancia,Francisco Tarantino,20,Centre-Back,Bilbao Athletic,loan transfer,in,Summer,NA,Primera Division,2004,2004/2005
CD Numancia,Rafa Jordá,20,Centre-Forward,CD Numancia B,-,in,Summer,0,Primera Division,2004,2004/2005
CD Numancia,Luis García,25,Goalkeeper,Real Zaragoza,£405Th.,out,Summer,0.405,Primera Division,2004,2004/2005
CD Numancia,Pulido Senderos,28,Central Midfield,Real Murcia,£162Th.,out,Summer,0.162,Primera Division,2004,2004/2005
CD Numancia,Laurentiu Rosu,28,Left Winger,Recr. Huelva,free transfer,out,Summer,NA,Primera Division,2004,2004/2005
CD Numancia,Nelson San Martín,24,Central Midfield,San Felipe,free transfer,out,Summer,NA,Primera Division,2004,2004/2005
CD Numancia,José Antonio Culebras,25,Centre-Back,Levante,?,out,Summer,NA,Primera Division,2004,2004/2005
CD Numancia,Daniel Fagiani,30,Left-Back,CD Tenerife,?,out,Summer,NA,Primera Division,2004,2004/2005
CD Numancia,Daniel Komé,24,Right Winger,Getafe,?,out,Summer,NA,Primera Division,2004,2004/2005
CD Numancia,Juan Pedro,28,defence,Rayo Vallecano,?,out,Summer,NA,Primera Division,2004,2004/2005
CD Numancia,Octavio,33,defence,Retired,-,out,Summer,0,Primera Division,2004,2004/2005
CD Numancia,Pacheta,36,midfield,Retired,-,out,Summer,0,Primera Division,2004,2004/2005
CD Numancia,Mikel Alonso,24,Central Midfield,Real Sociedad,"End of loanJun 30, 2004",out,Summer,0,Primera Division,2004,2004/2005
CD Numancia,Xisco Nadal,18,Right Winger,Villarreal,"End of loanJun 30, 2004",out,Summer,0,Primera Division,2004,2004/2005
Albacete Balompié,Jordi Ferrón,25,Right-Back,Real Zaragoza,free transfer,in,Summer,NA,Primera Division,2004,2004/2005
Albacete Balompié,Alberto Cano,20,Central Midfield,RCD Mallorca B,free transfer,in,Summer,NA,Primera Division,2004,2004/2005
Albacete Balompié,Jaime,31,Defensive Midfield,Dep. La Coruña,free transfer,in,Summer,NA,Primera Division,2004,2004/2005
Albacete Balompié,Mark González,19,Left Winger,CDUC,free transfer,in,Summer,NA,Primera Division,2004,2004/2005
Albacete Balompié,Martín Camaño,19,Centre-Back,Unknown,free transfer,in,Summer,NA,Primera Division,2004,2004/2005
Albacete Balompié,Luismi,20,Second Striker,Espanyol,free transfer,in,Summer,NA,Primera Division,2004,2004/2005
Albacete Balompié,Momo,22,Left Winger,Dep. La Coruña,loan transfer,in,Summer,NA,Primera Division,2004,2004/2005
Albacete Balompié,Rubén Castro,23,Centre-Forward,Dep. La Coruña,loan transfer,in,Summer,NA,Primera Division,2004,2004/2005
Albacete Balompié,Antonio Pacheco,28,Second Striker,Inter,?,in,Summer,NA,Primera Division,2004,2004/2005
Albacete Balompié,Ronny Gaspercic,35,Goalkeeper,Real Betis,?,in,Summer,NA,Primera Division,2004,2004/2005
Albacete Balompié,Rubén Reyes,25,Central Midfield,Villarreal,?,in,Summer,NA,Primera Division,2004,2004/2005
Albacete Balompié,Javi Jiménez,28,Defensive Midfield,Real Valladolid,?,in,Summer,NA,Primera Division,2004,2004/2005
Albacete Balompié,Francisco Rodríguez,26,Centre-Forward,UD Almería,?,in,Summer,NA,Primera Division,2004,2004/2005
Albacete Balompié,Mingo,27,Left-Back,Real Betis,?,in,Summer,NA,Primera Division,2004,2004/2005
Albacete Balompié,Rubén González,22,Centre-Back,Real Madrid,loan transfer,in,Summer,NA,Primera Division,2004,2004/2005
Albacete Balompié,Cacá,25,Centre-Forward,Coimbra,"End of loanJun 30, 2004",in,Summer,0,Primera Division,2004,2004/2005
Albacete Balompié,Raúl Valbuena,29,Goalkeeper,Real Zaragoza,"End of loanJun 30, 2004",in,Summer,0,Primera Division,2004,2004/2005
Albacete Balompié,Pablo Ibáñez,22,Centre-Back,Atlético Madrid,£2.70m,out,Summer,2.7,Primera Division,2004,2004/2005
Albacete Balompié,Carlos Aranda,23,Centre-Forward,Sevilla FC,£653Th.,out,Summer,0.653,Primera Division,2004,2004/2005
Albacete Balompié,Cacá,25,Centre-Forward,UD Las Palmas,free transfer,out,Summer,NA,Primera Division,2004,2004/2005
Albacete Balompié,Ludovic Delporte,24,Left Winger,CA Osasuna,free transfer,out,Summer,NA,Primera Division,2004,2004/2005
Albacete Balompié,Joaquín Moso,25,Goalkeeper,Pontevedra,free transfer,out,Summer,NA,Primera Division,2004,2004/2005
Albacete Balompié,Basti,30,Centre-Forward,Xerez CD,free transfer,out,Summer,NA,Primera Division,2004,2004/2005
Albacete Balompié,Unai Vergara,27,Centre-Back,Elche CF,free transfer,out,Summer,NA,Primera Division,2004,2004/2005
Albacete Balompié,Pedro,25,Right-Back,Ciudad Murcia,?,out,Summer,NA,Primera Division,2004,2004/2005
Albacete Balompié,Lawal,23,Right Midfield,Xerez CD,?,out,Summer,NA,Primera Division,2004,2004/2005
Albacete Balompié,Carlos Roa,34,Goalkeeper,Career break,-,out,Summer,0,Primera Division,2004,2004/2005
Albacete Balompié,Fernando Navarro,22,Left-Back,Barcelona,"End of loanJun 30, 2004",out,Summer,0,Primera Division,2004,2004/2005
Albacete Balompié,Catalin Munteanu,25,Attacking Midfield,Atlético Madrid,"End of loanJun 30, 2004",out,Summer,0,Primera Division,2004,2004/2005
Albacete Balompié,Manuel Almunia,27,Goalkeeper,Celta de Vigo,"End of loanJun 30, 2004",out,Summer,0,Primera Division,2004,2004/2005
Albacete Balompié,Líbero Parri,22,Attacking Midfield,Valencia,"End of loanJun 30, 2004",out,Summer,0,Primera Division,2004,2004/2005
Albacete Balompié,Antonio Pacheco,28,Second Striker,Inter,"End of loanJun 30, 2004",out,Summer,0,Primera Division,2004,2004/2005
Málaga CF,Márcio Amoroso,29,Centre-Forward,Without Club,-,in,Summer,0,Primera Division,2004,2004/2005
Málaga CF,César Navas,24,Centre-Back,Málaga B,-,in,Summer,0,Primera Division,2004,2004/2005
Málaga CF,Koke,21,Centre-Forward,Marseille,"End of loanJun 30, 2004",in,Summer,0,Primera Division,2004,2004/2005
Málaga CF,Josemi,24,Centre-Back,Liverpool,£2.70m,out,Summer,2.7,Primera Division,2004,2004/2005
Málaga CF,Koke,21,Centre-Forward,Marseille,£630Th.,out,Summer,0.63,Primera Division,2004,2004/2005
Málaga CF,Manuel Canabal,29,Centre-Forward,Pontevedra,free transfer,out,Summer,NA,Primera Division,2004,2004/2005
Málaga CF,Roberto Rojas,29,Right-Back,Rayo Vallecano,free transfer,out,Summer,NA,Primera Division,2004,2004/2005
Málaga CF,Diego Alonso,29,Centre-Forward,UNAM Pumas,?,out,Summer,NA,Primera Division,2004,2004/2005
Málaga CF,Federico Insúa,24,Attacking Midfield,Independiente,"End of loanJun 30, 2004",out,Summer,0,Primera Division,2004,2004/2005
Málaga CF,Salva Ballesta,29,Centre-Forward,Valencia,"End of loanJun 30, 2004",out,Summer,0,Primera Division,2004,2004/2005
Villarreal CF,Diego Forlán,25,Centre-Forward,Man Utd,£2.88m,in,Summer,2.88,Primera Division,2004,2004/2005
Villarreal CF,Gonzalo Rodríguez,20,Centre-Back,San Lorenzo,£2.25m,in,Summer,2.25,Primera Division,2004,2004/2005
Villarreal CF,Juan Manuel Peña,31,Centre-Back,Real Valladolid,£1.26m,in,Summer,1.26,Primera Division,2004,2004/2005
Villarreal CF,Armando Sá,28,Right-Back,Benfica,£900Th.,in,Summer,0.9,Primera Division,2004,2004/2005
Villarreal CF,Santi Cazorla,19,Central Midfield,Villarreal CF B,-,in,Summer,0,Primera Division,2004,2004/2005
Villarreal CF,Xisco Nadal,18,Right Winger,CD Numancia,"End of loanJun 30, 2004",in,Summer,0,Primera Division,2004,2004/2005
Villarreal CF,Rubén Reyes,25,Central Midfield,Getafe,"End of loanJun 30, 2004",in,Summer,0,Primera Division,2004,2004/2005
Villarreal CF,Héctor Font,20,Central Midfield,Ciudad Murcia,"End of loanJun 30, 2004",in,Summer,0,Primera Division,2004,2004/2005
Villarreal CF,Juliano Belletti,28,Right-Back,Barcelona,£5.40m,out,Summer,5.4,Primera Division,2004,2004/2005
Villarreal CF,Sonny Anderson,34,Centre-Forward,Al-Rayyan SC,£1.80m,out,Summer,1.8,Primera Division,2004,2004/2005
Villarreal CF,Sergio Ballesteros,28,Centre-Back,RCD Mallorca,?,out,Summer,NA,Primera Division,2004,2004/2005
Villarreal CF,Víctor Fernández,30,Centre-Forward,Real Valladolid,?,out,Summer,NA,Primera Division,2004,2004/2005
Villarreal CF,Pere Martí,22,Defensive Midfield,Elche CF,?,out,Summer,NA,Primera Division,2004,2004/2005
Villarreal CF,Rubén Reyes,25,Central Midfield,Albacete,?,out,Summer,NA,Primera Division,2004,2004/2005
Villarreal CF,Verza,17,midfield,Recr. Huelva,loan transfer,out,Summer,NA,Primera Division,2004,2004/2005
Villarreal CF,Fabricio Coloccini,22,Centre-Back,AC Milan,"End of loanJun 30, 2004",out,Summer,0,Primera Division,2004,2004/2005
Valencia CF,Stefano Fiore,29,Attacking Midfield,Lazio,£15.30m,in,Summer,15.3,Primera Division,2004,2004/2005
Valencia CF,Marco Di Vaio,27,Centre-Forward,Juventus,£9.90m,in,Summer,9.9,Primera Division,2004,2004/2005
Valencia CF,Bernardo Corradi,28,Centre-Forward,Lazio,£9.00m,in,Summer,9,Primera Division,2004,2004/2005
Valencia CF,Marco Caneira,25,Centre-Back,G. Bordeaux,£1.80m,in,Summer,1.8,Primera Division,2004,2004/2005
Valencia CF,Ludovic Butelle,21,Goalkeeper,FC Metz,free transfer,in,Summer,NA,Primera Division,2004,2004/2005
Valencia CF,Emiliano Moretti,23,Centre-Back,Parma,free transfer,in,Summer,NA,Primera Division,2004,2004/2005
Valencia CF,Miguel Albiol,22,Right Midfield,Recr. Huelva,"End of loanJun 30, 2004",in,Summer,0,Primera Division,2004,2004/2005
Valencia CF,Pedro López,20,Right-Back,Valencia B,-,in,Summer,0,Primera Division,2004,2004/2005
Valencia CF,Raúl Albiol,18,Centre-Back,Valencia B,-,in,Summer,0,Primera Division,2004,2004/2005
Valencia CF,David Silva,18,Attacking Midfield,Valencia B,-,in,Summer,0,Primera Division,2004,2004/2005
Valencia CF,Jaime Gavilán,19,Left Winger,Valencia B,-,in,Summer,0,Primera Division,2004,2004/2005
Valencia CF,John Carew,24,Centre-Forward,AS Roma,"End of loanJun 30, 2004",in,Summer,0,Primera Division,2004,2004/2005
Valencia CF,Joaquín Enguix,26,Right Midfield,Recr. Huelva,"End of loanJun 30, 2004",in,Summer,0,Primera Division,2004,2004/2005
Valencia CF,Gonzalo de los Santos,27,Defensive Midfield,Atlético Madrid,"End of loanJun 30, 2004",in,Summer,0,Primera Division,2004,2004/2005
Valencia CF,Salva Ballesta,29,Centre-Forward,Málaga CF,"End of loanJun 30, 2004",in,Summer,0,Primera Division,2004,2004/2005
Valencia CF,Líbero Parri,22,Attacking Midfield,Albacete,"End of loanJun 30, 2004",in,Summer,0,Primera Division,2004,2004/2005
Valencia CF,Ricardo Oliveira,24,Centre-Forward,Real Betis,£4.05m,out,Summer,4.05,Primera Division,2004,2004/2005
Valencia CF,John Carew,24,Centre-Forward,Besiktas,£3.15m,out,Summer,3.15,Primera Division,2004,2004/2005
Valencia CF,Juan Sánchez,32,Centre-Forward,Celta de Vigo,free transfer,out,Summer,NA,Primera Division,2004,2004/2005
Valencia CF,David Rangel,24,Goalkeeper,UE Lleida,free transfer,out,Summer,NA,Primera Division,2004,2004/2005
Valencia CF,Miguel Albiol,22,Right Midfield,Rayo Vallecano,free transfer,out,Summer,NA,Primera Division,2004,2004/2005
Valencia CF,David Silva,18,Attacking Midfield,SD Eibar,loan transfer,out,Summer,NA,Primera Division,2004,2004/2005
Valencia CF,Líbero Parri,22,Attacking Midfield,Racing,loan transfer,out,Summer,NA,Primera Division,2004,2004/2005
Valencia CF,Salva Ballesta,29,Centre-Forward,Atlético Madrid,loan transfer,out,Summer,NA,Primera Division,2004,2004/2005
Valencia CF,Raúl Albiol,18,Centre-Back,Getafe,loan transfer,out,Summer,NA,Primera Division,2004,2004/2005
Valencia CF,Jaime Gavilán,19,Left Winger,CD Tenerife,loan transfer,out,Summer,NA,Primera Division,2004,2004/2005
Valencia CF,Fabián Canobbio,24,Attacking Midfield,Celta de Vigo,loan transfer,out,Summer,NA,Primera Division,2004,2004/2005
Valencia CF,Javier Garrido,25,Right-Back,Saint-Étienne,loan transfer,out,Summer,NA,Primera Division,2004,2004/2005
Valencia CF,Jorge López,25,Right Winger,RCD Mallorca,loan transfer,out,Summer,NA,Primera Division,2004,2004/2005
Valencia CF,Pedro López,20,Right-Back,Racing,loan transfer,out,Summer,NA,Primera Division,2004,2004/2005
Valencia CF,Joaquín Enguix,26,Right Midfield,Poli Ejido,loan transfer,out,Summer,NA,Primera Division,2004,2004/2005
Valencia CF,Jean Félix Dorothée,22,Right Midfield,Valencia B,-,out,Summer,0,Primera Division,2004,2004/2005
Deportivo de La Coruña,Momo,21,Left Winger,UD Las Palmas,free transfer,in,Summer,NA,Primera Division,2004,2004/2005
Deportivo de La Coruña,Rubén Castro,23,Centre-Forward,UD Las Palmas,free transfer,in,Summer,NA,Primera Division,2004,2004/2005
Deportivo de La Coruña,Xisco,18,Centre-Forward,Deportivo B,-,in,Summer,0,Primera Division,2004,2004/2005
Deportivo de La Coruña,Sebastián Abreu,27,Centre-Forward,UAG Tecos,"End of loanJun 30, 2004",in,Summer,0,Primera Division,2004,2004/2005
Deportivo de La Coruña,Changui,27,Centre-Forward,UD Las Palmas,"End of loanJun 30, 2004",in,Summer,0,Primera Division,2004,2004/2005
Deportivo de La Coruña,Dani Mallo,25,Goalkeeper,Elche CF,"End of loanJun 30, 2004",in,Summer,0,Primera Division,2004,2004/2005
Deportivo de La Coruña,Fernando,32,Left Midfield,Córdoba CF,"End of loanJun 30, 2004",in,Summer,0,Primera Division,2004,2004/2005
Deportivo de La Coruña,Goran Djorovic,32,Centre-Back,Elche CF,"End of loanJun 30, 2004",in,Summer,0,Primera Division,2004,2004/2005
Deportivo de La Coruña,Jaime,31,Defensive Midfield,Hannover 96,"End of loanJun 30, 2004",in,Summer,0,Primera Division,2004,2004/2005
Deportivo de La Coruña,José Amavisca,33,Left Midfield,Espanyol,£900Th.,out,Summer,0.9,Primera Division,2004,2004/2005
Deportivo de La Coruña,Noureddine Naybet,34,Centre-Back,Spurs,£900Th.,out,Summer,0.9,Primera Division,2004,2004/2005
Deportivo de La Coruña,Sebastián Abreu,27,Centre-Forward,Nacional,£180Th.,out,Summer,0.18,Primera Division,2004,2004/2005
Deportivo de La Coruña,Djalminha,33,Attacking Midfield,América,free transfer,out,Summer,NA,Primera Division,2004,2004/2005
Deportivo de La Coruña,Jaime,31,Defensive Midfield,Albacete,free transfer,out,Summer,NA,Primera Division,2004,2004/2005
Deportivo de La Coruña,Momo,22,Left Winger,Albacete,loan transfer,out,Summer,NA,Primera Division,2004,2004/2005
Deportivo de La Coruña,Roberto Acuña,32,Central Midfield,Elche CF,loan transfer,out,Summer,NA,Primera Division,2004,2004/2005
Deportivo de La Coruña,Rubén Castro,23,Centre-Forward,Albacete,loan transfer,out,Summer,NA,Primera Division,2004,2004/2005
Deportivo de La Coruña,Iván Pérez,28,Centre-Forward,Girona,?,out,Summer,NA,Primera Division,2004,2004/2005
Deportivo de La Coruña,Jesús Muñoz,28,Central Midfield,Terrassa FC,loan transfer,out,Summer,NA,Primera Division,2004,2004/2005
Deportivo de La Coruña,Fernando,32,Left Midfield,Retired,-,out,Summer,0,Primera Division,2004,2004/2005
Deportivo de La Coruña,Jacques Songo'o,40,Goalkeeper,Retired,-,out,Summer,0,Primera Division,2004,2004/2005
Deportivo de La Coruña,Goran Djorovic,32,Centre-Back,Retired,-,out,Summer,0,Primera Division,2004,2004/2005
RCD Espanyol Barcelona,Didier Domi,26,Left-Back,Paris SG,£1.35m,in,Summer,1.35,Primera Division,2004,2004/2005
RCD Espanyol Barcelona,José Amavisca,33,Left Midfield,Dep. La Coruña,£900Th.,in,Summer,0.9,Primera Division,2004,2004/2005
RCD Espanyol Barcelona,Carlos Kameni,20,Goalkeeper,AC Le Havre,£495Th.,in,Summer,0.495,Primera Division,2004,2004/2005
RCD Espanyol Barcelona,Óscar Serrano,22,Left Midfield,Castelldefels,free transfer,in,Summer,NA,Primera Division,2004,2004/2005
RCD Espanyol Barcelona,Dani García,29,Centre-Forward,Barcelona,free transfer,in,Summer,NA,Primera Division,2004,2004/2005
RCD Espanyol Barcelona,Hugo Ibarra,30,Right-Back,FC Porto,loan transfer,in,Summer,NA,Primera Division,2004,2004/2005
RCD Espanyol Barcelona,Óscar Miñambres,23,Right-Back,Real Madrid,loan transfer,in,Summer,NA,Primera Division,2004,2004/2005
RCD Espanyol Barcelona,Mauricio Pochettino,32,Centre-Back,G. Bordeaux,?,in,Summer,NA,Primera Division,2004,2004/2005
RCD Espanyol Barcelona,Ito,29,Central Midfield,Real Betis,loan transfer,in,Summer,NA,Primera Division,2004,2004/2005
RCD Espanyol Barcelona,Ferrán Corominas,21,Centre-Forward,RCD Espanyol B,-,in,Summer,0,Primera Division,2004,2004/2005
RCD Espanyol Barcelona,Gorka Iraizoz,23,Goalkeeper,RCD Espanyol B,-,in,Summer,0,Primera Division,2004,2004/2005
RCD Espanyol Barcelona,Biel Ribas,18,Goalkeeper,Espanyol U19,-,in,Summer,0,Primera Division,2004,2004/2005
RCD Espanyol Barcelona,Jonathan Soriano,18,Centre-Forward,RCD Espanyol B,-,in,Summer,0,Primera Division,2004,2004/2005
RCD Espanyol Barcelona,Manel,30,Centre-Forward,Derby,"End of loanJun 30, 2004",in,Summer,0,Primera Division,2004,2004/2005
RCD Espanyol Barcelona,Claudiu Raducanu,27,Centre-Forward,Arm. Bielefeld,Loan fee:£171Th.,out,Summer,0.171,Primera Division,2004,2004/2005
RCD Espanyol Barcelona,Cyril Domoraud,33,Centre-Back,Konyaspor,free transfer,out,Summer,NA,Primera Division,2004,2004/2005
RCD Espanyol Barcelona,Tayfun Korkut,30,Right Midfield,Besiktas,free transfer,out,Summer,NA,Primera Division,2004,2004/2005
RCD Espanyol Barcelona,Pierre Womé,25,Left-Back,Brescia,free transfer,out,Summer,NA,Primera Division,2004,2004/2005
RCD Espanyol Barcelona,Moreno Torricelli,34,Right-Back,Arezzo,free transfer,out,Summer,NA,Primera Division,2004,2004/2005
RCD Espanyol Barcelona,Luismi,20,Second Striker,Albacete,free transfer,out,Summer,NA,Primera Division,2004,2004/2005
RCD Espanyol Barcelona,Jordi Cruyff,30,Attacking Midfield,De Volewijckers,free transfer,out,Summer,NA,Primera Division,2004,2004/2005
RCD Espanyol Barcelona,Carlos García,20,Centre-Back,Poli Ejido,free transfer,out,Summer,NA,Primera Division,2004,2004/2005
RCD Espanyol Barcelona,Mustapha Hadji,32,Attacking Midfield,Al-Ain FC,free transfer,out,Summer,NA,Primera Division,2004,2004/2005
RCD Espanyol Barcelona,Óscar García,31,Attacking Midfield,UE Lleida,free transfer,out,Summer,NA,Primera Division,2004,2004/2005
RCD Espanyol Barcelona,Raúl Molina,27,Centre-Forward,Xerez CD,free transfer,out,Summer,NA,Primera Division,2004,2004/2005
RCD Espanyol Barcelona,Gorka Iraizoz,23,Goalkeeper,SD Eibar,loan transfer,out,Summer,NA,Primera Division,2004,2004/2005
RCD Espanyol Barcelona,Kevin Bobson,23,Left Winger,Willem II,?,out,Summer,NA,Primera Division,2004,2004/2005
RCD Espanyol Barcelona,Sergio Postigo,23,Centre-Forward,Girona,?,out,Summer,NA,Primera Division,2004,2004/2005
RCD Espanyol Barcelona,Moisés Hurtado,23,Defensive Midfield,SD Eibar,loan transfer,out,Summer,NA,Primera Division,2004,2004/2005
RCD Espanyol Barcelona,Toni Jiménez,33,Goalkeeper,Retired,-,out,Summer,0,Primera Division,2004,2004/2005
RCD Espanyol Barcelona,Mauricio Pochettino,32,Centre-Back,G. Bordeaux,"End of loanJun 30, 2004",out,Summer,0,Primera Division,2004,2004/2005
Atlético de Madrid,Peter Luccin,25,Defensive Midfield,Celta de Vigo,£4.50m,in,Summer,4.5,Primera Division,2004,2004/2005
Atlético de Madrid,Juan Velasco,27,Right-Back,Celta de Vigo,£3.60m,in,Summer,3.6,Primera Division,2004,2004/2005
Atlético de Madrid,Luis Amaranto Perea,25,Centre-Back,Boca Juniors,£2.97m,in,Summer,2.97,Primera Division,2004,2004/2005
Atlético de Madrid,Pablo Ibáñez,22,Centre-Back,Albacete,£2.70m,in,Summer,2.7,Primera Division,2004,2004/2005
Atlético de Madrid,Marcelo Sosa,26,Defensive Midfield,Spartak Moscow,free transfer,in,Summer,NA,Primera Division,2004,2004/2005
Atlético de Madrid,Antonio López,22,Left-Back,CA Osasuna,free transfer,in,Summer,NA,Primera Division,2004,2004/2005
Atlético de Madrid,Leo Franco,27,Goalkeeper,RCD Mallorca,free transfer,in,Summer,NA,Primera Division,2004,2004/2005
Atlético de Madrid,Salva Ballesta,29,Centre-Forward,Valencia,loan transfer,in,Summer,NA,Primera Division,2004,2004/2005
Atlético de Madrid,Gonzalo Colsa,25,Defensive Midfield,RCD Mallorca,?,in,Summer,NA,Primera Division,2004,2004/2005
Atlético de Madrid,Francisco Molinero,18,Right-Back,Atl. Madrid B,-,in,Summer,0,Primera Division,2004,2004/2005
Atlético de Madrid,Iván Cuéllar,20,Goalkeeper,Atl. Madrid B,-,in,Summer,0,Primera Division,2004,2004/2005
Atlético de Madrid,Braulio Nóbrega,18,Centre-Forward,Atl. Madrid B,-,in,Summer,0,Primera Division,2004,2004/2005
Atlético de Madrid,José Ignacio Zahinos,26,Defensive Midfield,Atl. Madrid B,-,in,Summer,0,Primera Division,2004,2004/2005
Atlético de Madrid,Javi Moreno,29,Centre-Forward,Bolton,"End of loanJun 30, 2004",in,Summer,0,Primera Division,2004,2004/2005
Atlético de Madrid,Pinda,28,Goalkeeper,Royal Antwerp,"End of loanJun 30, 2004",in,Summer,0,Primera Division,2004,2004/2005
Atlético de Madrid,Catalin Munteanu,25,Attacking Midfield,Albacete,"End of loanJun 30, 2004",in,Summer,0,Primera Division,2004,2004/2005
Atlético de Madrid,José María Movilla,29,Defensive Midfield,Real Zaragoza,"End of loanJun 30, 2004",in,Summer,0,Primera Division,2004,2004/2005
Atlético de Madrid,Catalin Munteanu,25,Attacking Midfield,Real Murcia,free transfer,out,Summer,NA,Primera Division,2004,2004/2005
Atlético de Madrid,Rodrigo Fabri,28,Attacking Midfield,Atlético-MG,free transfer,out,Summer,NA,Primera Division,2004,2004/2005
Atlético de Madrid,Diego Rivas,24,Central Midfield,Getafe,free transfer,out,Summer,NA,Primera Division,2004,2004/2005
Atlético de Madrid,Gaspar Gálvez,24,Centre-Back,Alavés,free transfer,out,Summer,NA,Primera Division,2004,2004/2005
Atlético de Madrid,José María Movilla,29,Defensive Midfield,Real Zaragoza,free transfer,out,Summer,NA,Primera Division,2004,2004/2005
Atlético de Madrid,Javi Moreno,29,Centre-Forward,Real Zaragoza,free transfer,out,Summer,NA,Primera Division,2004,2004/2005
Atlético de Madrid,Juanma Barrero,24,Goalkeeper,CD Numancia,free transfer,out,Summer,NA,Primera Division,2004,2004/2005
Atlético de Madrid,Juanma Ortiz,22,Right-Back,CA Osasuna,loan transfer,out,Summer,NA,Primera Division,2004,2004/2005
Atlético de Madrid,Toché,21,Centre-Forward,CD Numancia,loan transfer,out,Summer,NA,Primera Division,2004,2004/2005
Atlético de Madrid,Gabi,20,Central Midfield,Getafe,loan transfer,out,Summer,NA,Primera Division,2004,2004/2005
Atlético de Madrid,Cosmin Contra,28,Right-Back,West Brom,loan transfer,out,Summer,NA,Primera Division,2004,2004/2005
Atlético de Madrid,Javier Arizmendi,20,Centre-Forward,Racing,loan transfer,out,Summer,NA,Primera Division,2004,2004/2005
Atlético de Madrid,Sergio Sánchez,27,Goalkeeper,Getafe,loan transfer,out,Summer,NA,Primera Division,2004,2004/2005
Atlético de Madrid,Iván Romero,23,Left-Back,Poli Ejido,loan transfer,out,Summer,NA,Primera Division,2004,2004/2005
Atlético de Madrid,Demis Nikolaidis,30,Centre-Forward,Retired,-,out,Summer,0,Primera Division,2004,2004/2005
Atlético de Madrid,Rubén Olivera,21,Central Midfield,Juventus,"End of loanJun 30, 2004",out,Summer,0,Primera Division,2004,2004/2005
Atlético de Madrid,Matías Lequi,23,Centre-Back,River Plate,"End of loanJun 1, 2004",out,Summer,0,Primera Division,2004,2004/2005
Atlético de Madrid,Gonzalo de los Santos,27,Defensive Midfield,Valencia,"End of loanJun 30, 2004",out,Summer,0,Primera Division,2004,2004/2005
Racing Santander,Walid Regragui,28,Right-Back,AC Ajaccio,free transfer,in,Summer,NA,Primera Division,2004,2004/2005
Racing Santander,David Aganzo,23,Centre-Forward,Real Madrid,free transfer,in,Summer,NA,Primera Division,2004,2004/2005
Racing Santander,Fernando Marqués,19,Right Winger,Rayo Vallecano,free transfer,in,Summer,NA,Primera Division,2004,2004/2005
Racing Santander,Líbero Parri,22,Attacking Midfield,Valencia,loan transfer,in,Summer,NA,Primera Division,2004,2004/2005
Racing Santander,Javier Arizmendi,20,Centre-Forward,Atlético Madrid,loan transfer,in,Summer,NA,Primera Division,2004,2004/2005
Racing Santander,Icham Mouissi,21,Right Winger,Racing Ferrol,?,in,Summer,NA,Primera Division,2004,2004/2005
Racing Santander,Alessandro Pierini,31,Centre-Back,Udinese,?,in,Summer,NA,Primera Division,2004,2004/2005
Racing Santander,Mauricio Nanni,24,Goalkeeper,Wanderers,loan transfer,in,Summer,NA,Primera Division,2004,2004/2005
Racing Santander,Pedro López,20,Right-Back,Valencia,loan transfer,in,Summer,NA,Primera Division,2004,2004/2005
Racing Santander,Antonio Tomás,19,Central Midfield,Racing B,-,in,Summer,0,Primera Division,2004,2004/2005
Racing Santander,Oriol Lozano,23,Centre-Back,Racing B,-,in,Summer,0,Primera Division,2004,2004/2005
Racing Santander,Mehdi Nafti,26,Defensive Midfield,Birmingham,"End of loanMay 16, 2005",in,Summer,0,Primera Division,2004,2004/2005
Racing Santander,Rodolfo Bodipo,26,Centre-Forward,Alavés,free transfer,out,Summer,NA,Primera Division,2004,2004/2005
Racing Santander,David Coromina,29,Right-Back,Alavés,free transfer,out,Summer,NA,Primera Division,2004,2004/2005
Racing Santander,Arthuro,21,Centre-Forward,Sporting Gijón,free transfer,out,Summer,NA,Primera Division,2004,2004/2005
Racing Santander,Cristian Álvarez,26,Right-Back,Córdoba CF,free transfer,out,Summer,NA,Primera Division,2004,2004/2005
Racing Santander,Omri Afek,25,Attacking Midfield,UD Salamanca,loan transfer,out,Summer,NA,Primera Division,2004,2004/2005
Racing Santander,Borja,26,Goalkeeper,Oviedo ACF,?,out,Summer,NA,Primera Division,2004,2004/2005
Racing Santander,Pablo Lago,29,Central Midfield,Sporting Gijón,?,out,Summer,NA,Primera Division,2004,2004/2005
Racing Santander,Raúl Martín,21,Right Midfield,SD Eibar,loan transfer,out,Summer,NA,Primera Division,2004,2004/2005
Racing Santander,Neru,30,Left-Back,Sporting Gijón,loan transfer,out,Summer,NA,Primera Division,2004,2004/2005
Racing Santander,Ricardo,32,Goalkeeper,Man Utd,"End of loanJun 30, 2004",out,Summer,0,Primera Division,2004,2004/2005
Athletic Bilbao,Endika Bordas,22,Central Midfield,Bilbao Athletic,-,in,Summer,0,Primera Division,2004,2004/2005
Athletic Bilbao,Gorka Azkorra,21,Right Winger,Bilbao Athletic,-,in,Summer,0,Primera Division,2004,2004/2005
Athletic Bilbao,Javi Casas,22,Left-Back,Bilbao Athletic,-,in,Summer,0,Primera Division,2004,2004/2005
Athletic Bilbao,Aritz Solabarrieta,20,Right Midfield,Bilbao Athletic,-,in,Summer,0,Primera Division,2004,2004/2005
Athletic Bilbao,Fernando Llorente,19,Centre-Forward,CD Basconia,-,in,Summer,0,Primera Division,2004,2004/2005
Athletic Bilbao,Roberto Pampín,20,Goalkeeper,Bilbao Athletic,-,in,Summer,0,Primera Division,2004,2004/2005
Athletic Bilbao,Aitor Larrazabal,33,Left-Back,Retired,-,out,Summer,0,Primera Division,2004,2004/2005
Real Madrid,Wálter Samuel,26,Centre-Back,AS Roma,£22.50m,in,Summer,22.5,Primera Division,2004,2004/2005
Real Madrid,Jonathan Woodgate,24,Centre-Back,Newcastle,£16.47m,in,Summer,16.47,Primera Division,2004,2004/2005
Real Madrid,Michael Owen,24,Centre-Forward,Liverpool,£10.80m,in,Summer,10.8,Primera Division,2004,2004/2005
Real Madrid,Fernando Morientes,28,Centre-Forward,Monaco,"End of loanJun 30, 2004",in,Summer,0,Primera Division,2004,2004/2005
Real Madrid,Rubén González,22,Centre-Back,Bor. M'gladbach,"End of loanJun 30, 2004",in,Summer,0,Primera Division,2004,2004/2005
Real Madrid,Albert Celades,28,Defensive Midfield,G. Bordeaux,"End of loanJun 30, 2004",in,Summer,0,Primera Division,2004,2004/2005
Real Madrid,David Aganzo,23,Centre-Forward,Levante,"End of loanJun 1, 2004",in,Summer,0,Primera Division,2004,2004/2005
Real Madrid,Flávio Conceição,30,Central Midfield,Bor. Dortmund,"End of loanJun 30, 2004",in,Summer,0,Primera Division,2004,2004/2005
Real Madrid,Jordi López,23,Central Midfield,Sevilla FC,free transfer,out,Summer,NA,Primera Division,2004,2004/2005
Real Madrid,Flávio Conceição,30,Central Midfield,Galatasaray,free transfer,out,Summer,NA,Primera Division,2004,2004/2005
Real Madrid,Esteban Cambiasso,23,Defensive Midfield,Inter,free transfer,out,Summer,NA,Primera Division,2004,2004/2005
Real Madrid,David Aganzo,23,Centre-Forward,Racing,free transfer,out,Summer,NA,Primera Division,2004,2004/2005
Real Madrid,Antonio Núñez,25,Right Winger,Liverpool,free transfer,out,Summer,NA,Primera Division,2004,2004/2005
Real Madrid,Óscar Miñambres,23,Right-Back,Espanyol,loan transfer,out,Summer,NA,Primera Division,2004,2004/2005
Real Madrid,Javier Portillo,22,Centre-Forward,Fiorentina,loan transfer,out,Summer,NA,Primera Division,2004,2004/2005
Real Madrid,Carlos Sánchez,26,Goalkeeper,Poli Ejido,loan transfer,out,Summer,NA,Primera Division,2004,2004/2005
Real Madrid,Chupe,24,Centre-Forward,UD Las Palmas,?,out,Summer,NA,Primera Division,2004,2004/2005
Real Madrid,Rubén González,22,Centre-Back,Albacete,loan transfer,out,Summer,NA,Primera Division,2004,2004/2005
Sevilla FC,Jesuli,26,Attacking Midfield,Celta de Vigo,£3.60m,in,Summer,3.6,Primera Division,2004,2004/2005
Sevilla FC,Ariza Makukula,23,Centre-Forward,FC Nantes,£3.15m,in,Summer,3.15,Primera Division,2004,2004/2005
Sevilla FC,Fernando Sales,24,Right Winger,Real Valladolid,£1.08m,in,Summer,1.08,Primera Division,2004,2004/2005
Sevilla FC,Carlos Aranda,23,Centre-Forward,Albacete,£653Th.,in,Summer,0.653,Primera Division,2004,2004/2005
Sevilla FC,Renato,25,Central Midfield,Santos FC,free transfer,in,Summer,NA,Primera Division,2004,2004/2005
Sevilla FC,Jordi López,23,Central Midfield,Real Madrid,free transfer,in,Summer,NA,Primera Division,2004,2004/2005
Sevilla FC,Antonio Puerta,19,Left-Back,Sevilla FC C,-,in,Summer,0,Primera Division,2004,2004/2005
Sevilla FC,Sergio Ramos,18,Centre-Back,Sevilla B,-,in,Summer,0,Primera Division,2004,2004/2005
Sevilla FC,Marco Navas,21,Right Winger,Sevilla B,-,in,Summer,0,Primera Division,2004,2004/2005
Sevilla FC,Pablo Ruiz,23,Centre-Back,Sevilla B,-,in,Summer,0,Primera Division,2004,2004/2005
Sevilla FC,Jesús Navas,17,Right-Back,Sevilla B,-,in,Summer,0,Primera Division,2004,2004/2005
Sevilla FC,Fredi,30,Left Midfield,Real Murcia,"End of loanJun 30, 2004",in,Summer,0,Primera Division,2004,2004/2005
Sevilla FC,Alejandro Marañón,24,Left-Back,Real Murcia,free transfer,out,Summer,NA,Primera Division,2004,2004/2005
Sevilla FC,Inti Podestá,26,Defensive Midfield,Danubio FC,free transfer,out,Summer,NA,Primera Division,2004,2004/2005
Sevilla FC,Marcos Vales,29,Right Midfield,RCD Mallorca,free transfer,out,Summer,NA,Primera Division,2004,2004/2005
Sevilla FC,Javi Muñoz,22,Goalkeeper,Málaga B,free transfer,out,Summer,NA,Primera Division,2004,2004/2005
Sevilla FC,Fredi,30,Left Midfield,Cádiz CF,?,out,Summer,NA,Primera Division,2004,2004/2005
Sevilla FC,Víctor Salas,24,Central Midfield,Poli Ejido,?,out,Summer,NA,Primera Division,2004,2004/2005
Sevilla FC,Luis Gil,28,Centre-Forward,Elche CF,?,out,Summer,NA,Primera Division,2004,2004/2005
Sevilla FC,Óscar Rodríguez,24,Centre-Back,Real Valladolid,loan transfer,out,Summer,NA,Primera Division,2004,2004/2005
Sevilla FC,Germán Hornos,21,Centre-Forward,Real Valladolid,loan transfer,out,Summer,NA,Primera Division,2004,2004/2005
Sevilla FC,Paco Gallardo,24,Right Midfield,Getafe,loan transfer,out,Summer,NA,Primera Division,2004,2004/2005
Sevilla FC,Zoran Njegus,31,Right-Back,Retired,-,out,Summer,0,Primera Division,2004,2004/2005
Sevilla FC,Federico Magallanes,27,Centre-Forward,Career break,-,out,Summer,0,Primera Division,2004,2004/2005
CA Osasuna,Rafael Clavero,27,Left-Back,Real Murcia,free transfer,in,Summer,NA,Primera Division,2004,2004/2005
CA Osasuna,Ludovic Delporte,24,Left Winger,Albacete,free transfer,in,Summer,NA,Primera Division,2004,2004/2005
CA Osasuna,Sérvulo,25,attack,Levante,free transfer,in,Summer,NA,Primera Division,2004,2004/2005
CA Osasuna,Savo Milosevic,30,Centre-Forward,Parma,free transfer,in,Summer,NA,Primera Division,2004,2004/2005
CA Osasuna,Enrique Corrales,22,Left-Back,Real Madrid B,free transfer,in,Summer,NA,Primera Division,2004,2004/2005
CA Osasuna,Juanma Ortiz,22,Right-Back,Atlético Madrid,loan transfer,in,Summer,NA,Primera Division,2004,2004/2005
CA Osasuna,David López,21,Central Midfield,CA Osasuna Prom,-,in,Summer,0,Primera Division,2004,2004/2005
CA Osasuna,Miguel Flaño,19,Centre-Back,CA Osasuna Prom,-,in,Summer,0,Primera Division,2004,2004/2005
CA Osasuna,Rafael Olarra,26,Centre-Back,Independiente,"End of loanJun 30, 2004",in,Summer,0,Primera Division,2004,2004/2005
CA Osasuna,César Palacios,29,Central Midfield,CD Numancia,free transfer,out,Summer,NA,Primera Division,2004,2004/2005
CA Osasuna,Antonio López,22,Left-Back,Atlético Madrid,free transfer,out,Summer,NA,Primera Division,2004,2004/2005
CA Osasuna,Sérvulo,25,attack,Córdoba CF,free transfer,out,Summer,NA,Primera Division,2004,2004/2005
CA Osasuna,Gorka García,29,Left-Back,Córdoba CF,?,out,Summer,NA,Primera Division,2004,2004/2005
CA Osasuna,Rafael Olarra,26,Centre-Back,CDUC,?,out,Summer,NA,Primera Division,2004,2004/2005
CA Osasuna,Alfredo,31,Defensive Midfield,Elche CF,?,out,Summer,NA,Primera Division,2004,2004/2005
CA Osasuna,Gerardo Rivero,29,Right Midfield,Ciudad Murcia,?,out,Summer,NA,Primera Division,2004,2004/2005
CA Osasuna,José Mateo,29,Centre-Back,Real Valladolid,?,out,Summer,NA,Primera Division,2004,2004/2005
CA Osasuna,Francisco Jusué,24,Centre-Back,Recr. Huelva,loan transfer,out,Summer,NA,Primera Division,2004,2004/2005
RCD Mallorca,Javier Farinós,26,Defensive Midfield,Inter,Loan fee:£2.25m,in,Summer,2.25,Primera Division,2004,2004/2005
RCD Mallorca,Juan Arango,24,Left Midfield,Puebla FC,free transfer,in,Summer,NA,Primera Division,2004,2004/2005
RCD Mallorca,Marcos Vales,29,Right Midfield,Sevilla FC,free transfer,in,Summer,NA,Primera Division,2004,2004/2005
RCD Mallorca,Patrick Müller,27,Centre-Back,Olympique Lyon,free transfer,in,Summer,NA,Primera Division,2004,2004/2005
RCD Mallorca,Sander Westerveld,29,Goalkeeper,Real Sociedad,loan transfer,in,Summer,NA,Primera Division,2004,2004/2005
RCD Mallorca,Luis García,23,Central Midfield,Real Murcia,?,in,Summer,NA,Primera Division,2004,2004/2005
RCD Mallorca,Sergio Ballesteros,28,Centre-Back,Villarreal,?,in,Summer,NA,Primera Division,2004,2004/2005
RCD Mallorca,Jorge López,25,Right Winger,Valencia,loan transfer,in,Summer,NA,Primera Division,2004,2004/2005
RCD Mallorca,Víctor Casadesús,19,Centre-Forward,RCD Mallorca B,-,in,Summer,0,Primera Division,2004,2004/2005
RCD Mallorca,Miguel Ángel Moyá,20,Goalkeeper,RCD Mallorca B,-,in,Summer,0,Primera Division,2004,2004/2005
RCD Mallorca,Alberto Cifuentes,25,Goalkeeper,Ciudad Murcia,"End of loanJun 30, 2004",in,Summer,0,Primera Division,2004,2004/2005
RCD Mallorca,Tuni,21,Right Winger,UD Salamanca,"End of loanJun 1, 2004",in,Summer,0,Primera Division,2004,2004/2005
RCD Mallorca,Samuel Eto'o,23,Centre-Forward,Barcelona,£24.30m,out,Summer,24.3,Primera Division,2004,2004/2005
RCD Mallorca,Jovan Stankovic,33,Left Midfield,UE Lleida,free transfer,out,Summer,NA,Primera Division,2004,2004/2005
RCD Mallorca,Txomin Nagore,29,Central Midfield,Celta de Vigo,free transfer,out,Summer,NA,Primera Division,2004,2004/2005
RCD Mallorca,Raúl Martín,24,Right Midfield,CD Tenerife,free transfer,out,Summer,NA,Primera Division,2004,2004/2005
RCD Mallorca,Martín Ligüera,23,Attacking Midfield,Nacional,free transfer,out,Summer,NA,Primera Division,2004,2004/2005
RCD Mallorca,Toni González,22,Left Midfield,Ciudad Murcia,free transfer,out,Summer,NA,Primera Division,2004,2004/2005
RCD Mallorca,Daniel Hansen,20,Centre-Forward,Enköpings SK,free transfer,out,Summer,NA,Primera Division,2004,2004/2005
RCD Mallorca,Arnold Bruggink,26,Attacking Midfield,Heerenveen,free transfer,out,Summer,NA,Primera Division,2004,2004/2005
RCD Mallorca,Leo Franco,27,Goalkeeper,Atlético Madrid,free transfer,out,Summer,NA,Primera Division,2004,2004/2005
RCD Mallorca,Miki,28,Goalkeeper,Ciudad Murcia,free transfer,out,Summer,NA,Primera Division,2004,2004/2005
RCD Mallorca,Vicente,28,Defensive Midfield,Elche CF,free transfer,out,Summer,NA,Primera Division,2004,2004/2005
RCD Mallorca,Gonzalo Colsa,25,Defensive Midfield,Atlético Madrid,?,out,Summer,NA,Primera Division,2004,2004/2005
RCD Mallorca,Finidi George,33,Right Winger,Retired,-,out,Summer,0,Primera Division,2004,2004/2005
RCD Mallorca,Paco Soler,34,Central Midfield,Retired,-,out,Summer,0,Primera Division,2004,2004/2005
RCD Mallorca,Javier Olaizola,34,Right-Back,Retired,-,out,Summer,0,Primera Division,2004,2004/2005
RCD Mallorca,Nenê,22,Attacking Midfield,Santos FC,"End of loanJun 30, 2004",out,Summer,0,Primera Division,2004,2004/2005
RCD Mallorca,Federico Lussenhoff,30,Centre-Back,CD Tenerife,"End of loanJun 30, 2004",out,Summer,0,Primera Division,2004,2004/2005
Real Betis Balompié,Edú,25,Second Striker,Celta de Vigo,£4.95m,in,Summer,4.95,Primera Division,2004,2004/2005
Real Betis Balompié,Ricardo Oliveira,24,Centre-Forward,Valencia,£4.05m,in,Summer,4.05,Primera Division,2004,2004/2005
Real Betis Balompié,Paolo Castellini,25,Left-Back,Torino,£855Th.,in,Summer,0.855,Primera Division,2004,2004/2005
Real Betis Balompié,João Tomás,29,Centre-Forward,Vit. Guimarães,"End of loanJun 30, 2004",in,Summer,0,Primera Division,2004,2004/2005
Real Betis Balompié,Gastón Casas,26,Centre-Forward,Racing Club,"End of loanJun 30, 2004",in,Summer,0,Primera Division,2004,2004/2005
Real Betis Balompié,Toni Doblas,23,Goalkeeper,Xerez CD,"End of loanJun 30, 2004",in,Summer,0,Primera Division,2004,2004/2005
Real Betis Balompié,Pablo Niño,26,midfield,RBC Roosendaal,"End of loanJun 30, 2004",in,Summer,0,Primera Division,2004,2004/2005
Real Betis Balompié,Martín Palermo,30,Centre-Forward,Alavés,"End of loanJun 30, 2004",in,Summer,0,Primera Division,2004,2004/2005
Real Betis Balompié,Ronny Gaspercic,35,Goalkeeper,Alavés,"End of loanJun 30, 2004",in,Summer,0,Primera Division,2004,2004/2005
Real Betis Balompié,Joey Gudjónsson,24,Central Midfield,Leicester,free transfer,out,Summer,NA,Primera Division,2004,2004/2005
Real Betis Balompié,David Belenguer,31,Centre-Back,Getafe,free transfer,out,Summer,NA,Primera Division,2004,2004/2005
Real Betis Balompié,Ismael López,26,Left Midfield,Elche CF,free transfer,out,Summer,NA,Primera Division,2004,2004/2005
Real Betis Balompié,Martín Palermo,30,Centre-Forward,Boca Juniors,free transfer,out,Summer,NA,Primera Division,2004,2004/2005
Real Betis Balompié,Francisco Maldonado,23,Attacking Midfield,Atlético Ceuta,loan transfer,out,Summer,NA,Primera Division,2004,2004/2005
Real Betis Balompié,Mingo,27,Left-Back,Albacete,?,out,Summer,NA,Primera Division,2004,2004/2005
Real Betis Balompié,Ronny Gaspercic,35,Goalkeeper,Albacete,?,out,Summer,NA,Primera Division,2004,2004/2005
Real Betis Balompié,Gastón Casas,26,Centre-Forward,Argentinos Jrs.,?,out,Summer,NA,Primera Division,2004,2004/2005
Real Betis Balompié,João Tomás,29,Centre-Forward,SC Braga,loan transfer,out,Summer,NA,Primera Division,2004,2004/2005
Real Betis Balompié,Ito,29,Central Midfield,Espanyol,loan transfer,out,Summer,NA,Primera Division,2004,2004/2005
Real Zaragoza,Óscar González,21,Attacking Midfield,Real Valladolid,£2.34m,in,Summer,2.34,Primera Division,2004,2004/2005
Real Zaragoza,Agustín Aranzabal,31,Left-Back,Real Sociedad,£720Th.,in,Summer,0.72,Primera Division,2004,2004/2005
Real Zaragoza,Luis García,25,Goalkeeper,CD Numancia,£405Th.,in,Summer,0.405,Primera Division,2004,2004/2005
Real Zaragoza,García Granero,23,Left Midfield,Elche CF,free transfer,in,Summer,NA,Primera Division,2004,2004/2005
Real Zaragoza,Javi Moreno,29,Centre-Forward,Atlético Madrid,free transfer,in,Summer,NA,Primera Division,2004,2004/2005
Real Zaragoza,José María Movilla,29,Defensive Midfield,Atlético Madrid,free transfer,in,Summer,NA,Primera Division,2004,2004/2005
Real Zaragoza,Jorge Zaparaín,20,Goalkeeper,Uni. Saragossa,?,in,Summer,NA,Primera Division,2004,2004/2005
Real Zaragoza,Rubén Falcón,26,Goalkeeper,Real Zaragoza B,-,in,Summer,0,Primera Division,2004,2004/2005
Real Zaragoza,Alberto Zapater,19,Defensive Midfield,Real Zaragoza B,-,in,Summer,0,Primera Division,2004,2004/2005
Real Zaragoza,Mate Bilic,23,Centre-Forward,Sporting Gijón,"End of loanJun 30, 2004",in,Summer,0,Primera Division,2004,2004/2005
Real Zaragoza,César Jiménez,26,Centre-Back,UD Almería,"End of loanJun 30, 2004",in,Summer,0,Primera Division,2004,2004/2005
Real Zaragoza,Iñaki Hurtado,32,midfield,Real Valladolid,free transfer,out,Summer,NA,Primera Division,2004,2004/2005
Real Zaragoza,Mate Bilic,23,Centre-Forward,Córdoba CF,free transfer,out,Summer,NA,Primera Division,2004,2004/2005
Real Zaragoza,Jordi Ferrón,25,Right-Back,Albacete,free transfer,out,Summer,NA,Primera Division,2004,2004/2005
Real Zaragoza,Miguel Rebosio,27,Centre-Back,UD Almería,free transfer,out,Summer,NA,Primera Division,2004,2004/2005
Real Zaragoza,Martín Vellisca,32,Left Midfield,UD Almería,free transfer,out,Summer,NA,Primera Division,2004,2004/2005
Real Zaragoza,Miguel García,24,Central Midfield,Ponferradina,?,out,Summer,NA,Primera Division,2004,2004/2005
Real Zaragoza,Paco Jémez,34,Centre-Back,Rayo Vallecano,?,out,Summer,NA,Primera Division,2004,2004/2005
Real Zaragoza,Yordi,29,Centre-Forward,Getafe,?,out,Summer,NA,Primera Division,2004,2004/2005
Real Zaragoza,Corona,23,Central Midfield,Poli Ejido,loan transfer,out,Summer,NA,Primera Division,2004,2004/2005
Real Zaragoza,Pablo Díaz,32,Right-Back,Retired,-,out,Summer,0,Primera Division,2004,2004/2005
Real Zaragoza,Dani García,29,Centre-Forward,Barcelona,"End of loanJun 30, 2004",out,Summer,0,Primera Division,2004,2004/2005
Real Zaragoza,Raúl Valbuena,29,Goalkeeper,Albacete,"End of loanJun 30, 2004",out,Summer,0,Primera Division,2004,2004/2005
Real Zaragoza,José María Movilla,29,Defensive Midfield,Atlético Madrid,"End of loanJun 30, 2004",out,Summer,0,Primera Division,2004,2004/2005
FC Barcelona,Samuel Eto'o,23,Centre-Forward,RCD Mallorca,£24.30m,in,Summer,24.3,Primera Division,2004,2004/2005
FC Barcelona,Deco,26,Attacking Midfield,FC Porto,£18.90m,in,Summer,18.9,Primera Division,2004,2004/2005
FC Barcelona,Ludovic Giuly,27,Right Winger,Monaco,£7.65m,in,Summer,7.65,Primera Division,2004,2004/2005
FC Barcelona,Edmílson,27,Defensive Midfield,Olympique Lyon,£7.20m,in,Summer,7.2,Primera Division,2004,2004/2005
FC Barcelona,Juliano Belletti,28,Right-Back,Villarreal,£5.40m,in,Summer,5.4,Primera Division,2004,2004/2005
FC Barcelona,Sylvinho,30,Left-Back,Celta de Vigo,£1.35m,in,Summer,1.35,Primera Division,2004,2004/2005
FC Barcelona,Giovanni van Bronckhorst,29,Left-Back,Arsenal,free transfer,in,Summer,NA,Primera Division,2004,2004/2005
FC Barcelona,Henrik Larsson,32,Centre-Forward,Celtic,free transfer,in,Summer,NA,Primera Division,2004,2004/2005
FC Barcelona,Albert Jorquera,25,Goalkeeper,Barcelona B,-,in,Summer,0,Primera Division,2004,2004/2005
FC Barcelona,Dani García,29,Centre-Forward,Real Zaragoza,"End of loanJun 30, 2004",in,Summer,0,Primera Division,2004,2004/2005
FC Barcelona,Fernando Navarro,22,Left-Back,Albacete,"End of loanJun 30, 2004",in,Summer,0,Primera Division,2004,2004/2005
FC Barcelona,Robert Enke,26,Goalkeeper,CD Tenerife,"End of loanJun 30, 2004",in,Summer,0,Primera Division,2004,2004/2005
FC Barcelona,Luis García,26,Right Winger,Liverpool,£7.88m,out,Summer,7.88,Primera Division,2004,2004/2005
FC Barcelona,Ricardo Quaresma,20,Right Winger,FC Porto,£5.40m,out,Summer,5.4,Primera Division,2004,2004/2005
FC Barcelona,Dani García,29,Centre-Forward,Espanyol,free transfer,out,Summer,NA,Primera Division,2004,2004/2005
FC Barcelona,Patrick Kluivert,28,Centre-Forward,Newcastle,free transfer,out,Summer,NA,Primera Division,2004,2004/2005
FC Barcelona,Michael Reiziger,31,Right-Back,Middlesbrough,free transfer,out,Summer,NA,Primera Division,2004,2004/2005
FC Barcelona,Robert Enke,26,Goalkeeper,Hannover 96,free transfer,out,Summer,NA,Primera Division,2004,2004/2005
FC Barcelona,Phillip Cocu,33,Defensive Midfield,PSV Eindhoven,free transfer,out,Summer,NA,Primera Division,2004,2004/2005
FC Barcelona,Javier Saviola,22,Second Striker,Monaco,loan transfer,out,Summer,NA,Primera Division,2004,2004/2005
FC Barcelona,Rüstü Recber,31,Goalkeeper,Fenerbahce,loan transfer,out,Summer,NA,Primera Division,2004,2004/2005
FC Barcelona,Sergio García,21,Centre-Forward,Levante,loan transfer,out,Summer,NA,Primera Division,2004,2004/2005
FC Barcelona,Óscar López,24,Right-Back,Lazio,loan transfer,out,Summer,NA,Primera Division,2004,2004/2005
FC Barcelona,Marc Overmars,31,Left Winger,Career break,-,out,Summer,0,Primera Division,2004,2004/2005
FC Barcelona,Luis Enrique,34,Right Midfield,Retired,-,out,Summer,0,Primera Division,2004,2004/2005
FC Barcelona,Mario Abrante,22,Centre-Back,Real Valladolid,"End of loanJun 30, 2004",out,Summer,0,Primera Division,2004,2004/2005
FC Barcelona,Giovanni van Bronckhorst,29,Left-Back,Arsenal,"End of loanJun 30, 2004",out,Summer,0,Primera Division,2004,2004/2005
FC Barcelona,Edgar Davids,31,Central Midfield,Juventus,"End of loanJun 30, 2004",out,Summer,0,Primera Division,2004,2004/2005
Real Sociedad,Dragan Mladenovic,28,Defensive Midfield,Rangers,Loan fee:£225Th.,in,Winter,0.225,Primera Division,2004,2004/2005
Real Sociedad,Asier Riesgo,21,Goalkeeper,SD Eibar,"End of loanDec 31, 2004",in,Winter,0,Primera Division,2004,2004/2005
Real Sociedad,Mikel Arteta,22,Central Midfield,Everton,loan transfer,out,Winter,NA,Primera Division,2004,2004/2005
Real Sociedad,Oskitz Estefanía,18,Left Winger,SD Eibar,loan transfer,out,Winter,NA,Primera Division,2004,2004/2005
Getafe CF,Sergio Aragoneses,28,Goalkeeper,Atlético Madrid,loan transfer,in,Winter,NA,Primera Division,2004,2004/2005
Getafe CF,Jaime Asen,26,Centre-Forward,Alcorcón,?,in,Winter,NA,Primera Division,2004,2004/2005
Getafe CF,Martín Ariel Vitali,29,Right-Back,Racing Club,?,out,Winter,NA,Primera Division,2004,2004/2005
Levante UD,Pablo Cavallero,30,Goalkeeper,Celta de Vigo,free transfer,in,Winter,NA,Primera Division,2004,2004/2005
Levante UD,Johan Mjällby,33,Centre-Back,Without Club,-,out,Winter,0,Primera Division,2004,2004/2005
CD Numancia,Nelson San Martín,23,Central Midfield,U. de Chile,£198Th.,in,Winter,0.198,Primera Division,2004,2004/2005
CD Numancia,Silvio González,24,Centre-Forward,Córdoba CF,free transfer,in,Winter,NA,Primera Division,2004,2004/2005
CD Numancia,Konstantinos Kiassos,29,Central Midfield,Panionios,free transfer,out,Winter,NA,Primera Division,2004,2004/2005
CD Numancia,Aldo Osorio,30,Centre-Forward,Quilmes,free transfer,out,Winter,NA,Primera Division,2004,2004/2005
Albacete Balompié,Pinda,28,Goalkeeper,Atlético Madrid,free transfer,in,Winter,NA,Primera Division,2004,2004/2005
Albacete Balompié,Horacio Peralta,22,Centre-Forward,Inter,loan transfer,in,Winter,NA,Primera Division,2004,2004/2005
Albacete Balompié,Nicolás Olivera,26,Second Striker,Defensor,loan transfer,in,Winter,NA,Primera Division,2004,2004/2005
Albacete Balompié,Rubén Reyes,25,Central Midfield,Pontevedra,loan transfer,out,Winter,NA,Primera Division,2004,2004/2005
Albacete Balompié,David Sánchez,22,Central Midfield,Barcelona B,"End of loanMar 31, 2005",out,Winter,0,Primera Division,2004,2004/2005
Albacete Balompié,Gustavo Siviero,35,Centre-Back,CA Colon,free transfer,out,Winter,NA,Primera Division,2004,2004/2005
Málaga CF,Paulo Wanchope,28,Centre-Forward,Man City,£675Th.,in,Winter,0.675,Primera Division,2004,2004/2005
Málaga CF,Fernando Baiano,25,Centre-Forward,São Caetano,?,in,Winter,NA,Primera Division,2004,2004/2005
Málaga CF,Tote,26,Attacking Midfield,Real Betis,loan transfer,in,Winter,NA,Primera Division,2004,2004/2005
Málaga CF,Míchel,29,Attacking Midfield,Real Murcia,loan transfer,in,Winter,NA,Primera Division,2004,2004/2005
Málaga CF,Ivan Leko,26,Attacking Midfield,Hajduk Split,free transfer,out,Winter,NA,Primera Division,2004,2004/2005
Villarreal CF,Luciano Figueroa,23,Centre-Forward,CD Cruz Azul,£5.58m,in,Winter,5.58,Primera Division,2004,2004/2005
Villarreal CF,Juan Pablo Sorín,28,Left-Back,Cruzeiro,£1.35m,in,Winter,1.35,Primera Division,2004,2004/2005
Valencia CF,Mauricio Pellegrino,33,Centre-Back,Liverpool,free transfer,out,Winter,NA,Primera Division,2004,2004/2005
Valencia CF,Ludovic Butelle,21,Goalkeeper,Hércules CF,loan transfer,out,Winter,NA,Primera Division,2004,2004/2005
Valencia CF,Gonzalo de los Santos,28,Defensive Midfield,RCD Mallorca,loan transfer,out,Winter,NA,Primera Division,2004,2004/2005
Deportivo de La Coruña,Fabricio Coloccini,23,Centre-Back,AC Milan,£4.50m,in,Winter,4.5,Primera Division,2004,2004/2005
Deportivo de La Coruña,Changui,28,Centre-Forward,Pontevedra,"End of loanJun 30, 2005",in,Winter,0,Primera Division,2004,2004/2005
Deportivo de La Coruña,Changui,27,Centre-Forward,Pontevedra,loan transfer,out,Winter,NA,Primera Division,2004,2004/2005
Deportivo de La Coruña,Wálter Pandiani,28,Centre-Forward,Birmingham,loan transfer,out,Winter,NA,Primera Division,2004,2004/2005
RCD Espanyol Barcelona,Adrián Bastía,25,Defensive Midfield,Saturn,"End of loanDec 1, 2004",in,Winter,0,Primera Division,2004,2004/2005
RCD Espanyol Barcelona,Adrián Bastía,26,Defensive Midfield,Estudiantes,?,out,Winter,NA,Primera Division,2004,2004/2005
RCD Espanyol Barcelona,Manel,31,Centre-Forward,CF Badalona,?,out,Winter,NA,Primera Division,2004,2004/2005
Atlético de Madrid,Jesper Grönkjaer,27,Left Winger,Birmingham,£1.80m,in,Winter,1.8,Primera Division,2004,2004/2005
Atlético de Madrid,Richard Núñez,28,Attacking Midfield,Grasshoppers,free transfer,in,Winter,NA,Primera Division,2004,2004/2005
Atlético de Madrid,Sergio Aragoneses,27,Goalkeeper,CD Tenerife,?,in,Winter,NA,Primera Division,2004,2004/2005
Atlético de Madrid,Raúl Medina,21,Central Midfield,Atl. Madrid B,-,in,Winter,0,Primera Division,2004,2004/2005
Atlético de Madrid,Cosmin Contra,29,Right-Back,West Brom,"End of loanDec 27, 2004",in,Winter,0,Primera Division,2004,2004/2005
Atlético de Madrid,Pinda,28,Goalkeeper,Albacete,free transfer,out,Winter,NA,Primera Division,2004,2004/2005
Atlético de Madrid,Diego Simeone,34,Central Midfield,Racing Club,free transfer,out,Winter,NA,Primera Division,2004,2004/2005
Atlético de Madrid,Sergio Aragoneses,28,Goalkeeper,Getafe,loan transfer,out,Winter,NA,Primera Division,2004,2004/2005
Atlético de Madrid,Veljko Paunovic,27,Centre-Forward,Hannover 96,loan transfer,out,Winter,NA,Primera Division,2004,2004/2005
Atlético de Madrid,Kiki Musampa,27,Left Winger,Man City,loan transfer,out,Winter,NA,Primera Division,2004,2004/2005
Atlético de Madrid,Cosmin Contra,29,Right-Back,Poli AEK,loan transfer,out,Winter,NA,Primera Division,2004,2004/2005
Racing Santander,Toño,25,Goalkeeper,Recr. Huelva,£1.03m,in,Winter,1.03,Primera Division,2004,2004/2005
Racing Santander,Gerardo Torrado,25,Defensive Midfield,Sevilla FC,free transfer,in,Winter,NA,Primera Division,2004,2004/2005
Racing Santander,Argel Fuchs,30,Centre-Back,Benfica,free transfer,in,Winter,NA,Primera Division,2004,2004/2005
Racing Santander,Raúl Martín,22,Right Midfield,SD Eibar,"End of loanDec 1, 2004",in,Winter,0,Primera Division,2004,2004/2005
Racing Santander,Argel Fuchs,30,Centre-Back,Cruzeiro,free transfer,out,Winter,NA,Primera Division,2004,2004/2005
Racing Santander,Mehdi Nafti,26,Defensive Midfield,Birmingham,loan transfer,out,Winter,NA,Primera Division,2004,2004/2005
Racing Santander,Raúl Martín,22,Right Midfield,Gimnástica,loan transfer,out,Winter,NA,Primera Division,2004,2004/2005
Racing Santander,Mauricio Nanni,25,Goalkeeper,Wanderers,"End of loanDec 1, 2004",out,Winter,0,Primera Division,2004,2004/2005
Athletic Bilbao,Endika Bordas,22,Central Midfield,Terrassa FC,loan transfer,out,Winter,NA,Primera Division,2004,2004/2005
Athletic Bilbao,Gorka Azkorra,21,Right Winger,Recr. Huelva,loan transfer,out,Winter,NA,Primera Division,2004,2004/2005
Real Madrid,Thomas Gravesen,28,Defensive Midfield,Everton,£3.06m,in,Winter,3.06,Primera Division,2004,2004/2005
Real Madrid,Javier Portillo,22,Centre-Forward,Fiorentina,"End of loanDec 31, 2004",in,Winter,0,Primera Division,2004,2004/2005
Real Madrid,Fernando Morientes,28,Centre-Forward,Liverpool,£8.33m,out,Winter,8.33,Primera Division,2004,2004/2005
Sevilla FC,Adriano,20,Left-Back,Coritiba FC,£1.89m,in,Winter,1.89,Primera Division,2004,2004/2005
Sevilla FC,Óscar Rodríguez,24,Centre-Back,Real Valladolid,"End of loanJan 1, 2005",in,Winter,0,Primera Division,2004,2004/2005
Sevilla FC,Gerardo Torrado,25,Defensive Midfield,Racing,free transfer,out,Winter,NA,Primera Division,2004,2004/2005
CA Osasuna,Francisco Jusué,25,Centre-Back,Recr. Huelva,?,in,Winter,NA,Primera Division,2004,2004/2005
CA Osasuna,Fernando Porto,30,Centre-Back,CD Ourense,?,in,Winter,NA,Primera Division,2004,2004/2005
CA Osasuna,Ibrahima Bakayoko,28,Centre-Forward,FC Istres,free transfer,out,Winter,NA,Primera Division,2004,2004/2005
CA Osasuna,Francisco Jusué,25,Centre-Back,CyD Leonesa,loan transfer,out,Winter,NA,Primera Division,2004,2004/2005
RCD Mallorca,Bernardo Romeo,27,Centre-Forward,Hamburger SV,Loan fee:£360Th.,in,Winter,0.36,Primera Division,2004,2004/2005
RCD Mallorca,Mark Iuliano,31,Centre-Back,Juventus,free transfer,in,Winter,NA,Primera Division,2004,2004/2005
RCD Mallorca,Felipe Melo,21,Defensive Midfield,Grêmio,free transfer,in,Winter,NA,Primera Division,2004,2004/2005
RCD Mallorca,Yoshito Okubo,22,Centre-Forward,Cerezo Osaka,loan transfer,in,Winter,NA,Primera Division,2004,2004/2005
RCD Mallorca,Gonzalo de los Santos,28,Defensive Midfield,Valencia,loan transfer,in,Winter,NA,Primera Division,2004,2004/2005
RCD Mallorca,Patrick Müller,28,Centre-Back,FC Basel,free transfer,out,Winter,NA,Primera Division,2004,2004/2005
RCD Mallorca,Rogério Cannellini,25,Defensive Midfield,Skoda Xanthi,free transfer,out,Winter,NA,Primera Division,2004,2004/2005
RCD Mallorca,Andrija Delibasic,23,Centre-Forward,Benfica,loan transfer,out,Winter,NA,Primera Division,2004,2004/2005
RCD Mallorca,Miguel Ángel Nadal,38,Centre-Back,Retired,-,out,Winter,0,Primera Division,2004,2004/2005
Real Betis Balompié,Tote,26,Attacking Midfield,Málaga CF,loan transfer,out,Winter,NA,Primera Division,2004,2004/2005
Real Zaragoza,Juanele,33,Second Striker,Terrassa FC,free transfer,out,Winter,NA,Primera Division,2004,2004/2005
FC Barcelona,Maxi López,20,Centre-Forward,River Plate,£5.85m,in,Winter,5.85,Primera Division,2004,2004/2005
FC Barcelona,Demetrio Albertini,33,Defensive Midfield,Atalanta BC,free transfer,in,Winter,NA,Primera Division,2004,2004/2005
FC Barcelona,Damià,22,Right-Back,Barcelona B,-,in,Winter,0,Primera Division,2004,2004/2005
