club_name,player_name,age,position,club_involved_name,fee,transfer_movement,transfer_period,fee_cleaned,league_name,year,season
Arsenal FC,Manuel Almunia,27,Goalkeeper,Celta de Vigo,£4.50m,in,Summer,4.5,Premier League,2004,2004/2005
Arsenal FC,Robin van Persie,20,Centre-Forward,Feyenoord,£4.05m,in,Summer,4.05,Premier League,2004,2004/2005
Arsenal FC,Mathieu Flamini,20,Defensive Midfield,Marseille,£432Th.,in,Summer,0.432,Premier League,2004,2004/2005
Arsenal FC,Arturo Lupoli,17,Centre-Forward,Parma FC Youth,£270Th.,in,Summer,0.27,Premier League,2004,2004/2005
Arsenal FC,Johan Djourou,17,Centre-Back,Arsenal U18,-,in,Summer,0,Premier League,2004,2004/2005
Arsenal FC,Cesc Fàbregas,17,Central Midfield,Arsenal U18,-,in,Summer,0,Premier League,2004,2004/2005
Arsenal FC,Patrick Cregg,18,Central Midfield,Arsenal U18,-,in,Summer,0,Premier League,2004,2004/2005
Arsenal FC,Stephen Bradley,19,Attacking Midfield,Arsenal U18,-,in,Summer,0,Premier League,2004,2004/2005
Arsenal FC,Quincy Owusu-Abeyie,18,Left Winger,Arsenal U18,-,in,Summer,0,Premier League,2004,2004/2005
Arsenal FC,Sebastian Larsson,19,Central Midfield,Arsenal U18,-,in,Summer,0,Premier League,2004,2004/2005
Arsenal FC,Frank Simek,20,Right-Back,Bournemouth,"End of loanMay 1, 2005",in,Summer,0,Premier League,2004,2004/2005
Arsenal FC,Graham Stack,23,Goalkeeper,Millwall,"End of loanMay 9, 2005",in,Summer,0,Premier League,2004,2004/2005
Arsenal FC,Giovanni van Bronckhorst,29,Left-Back,Barcelona,"End of loanJun 30, 2004",in,Summer,0,Premier League,2004,2004/2005
Arsenal FC,Stathis Tavlaridis,24,Centre-Back,LOSC Lille,"End of loanJun 30, 2004",in,Summer,0,Premier League,2004,2004/2005
Arsenal FC,Rami Shaaban,29,Goalkeeper,West Ham,"End of loanJun 30, 2004",in,Summer,0,Premier League,2004,2004/2005
Arsenal FC,Sebastian Svärd,21,Defensive Midfield,Stoke City,"End of loanJun 30, 2004",in,Summer,0,Premier League,2004,2004/2005
Arsenal FC,Igors Stepanovs,28,Centre-Back,KSK Beveren,"End of loanJun 30, 2004",in,Summer,0,Premier League,2004,2004/2005
Arsenal FC,Francis Jeffers,23,Centre-Forward,Charlton,£3.51m,out,Summer,3.51,Premier League,2004,2004/2005
Arsenal FC,Liam Chilvers,22,Centre-Back,Colchester Utd.,free transfer,out,Summer,NA,Premier League,2004,2004/2005
Arsenal FC,Ray Parlour,31,Right Midfield,Middlesbrough,free transfer,out,Summer,NA,Premier League,2004,2004/2005
Arsenal FC,Stephen Bradley,19,Attacking Midfield,Dunfermline A.,free transfer,out,Summer,NA,Premier League,2004,2004/2005
Arsenal FC,Giovanni van Bronckhorst,29,Left-Back,Barcelona,free transfer,out,Summer,NA,Premier League,2004,2004/2005
Arsenal FC,Stathis Tavlaridis,24,Centre-Back,LOSC Lille,free transfer,out,Summer,NA,Premier League,2004,2004/2005
Arsenal FC,Igors Stepanovs,28,Centre-Back,Grasshoppers,free transfer,out,Summer,NA,Premier League,2004,2004/2005
Arsenal FC,Martin Keown,37,Centre-Back,Leicester,free transfer,out,Summer,NA,Premier League,2004,2004/2005
Arsenal FC,Nwankwo Kanu,27,Centre-Forward,West Brom,free transfer,out,Summer,NA,Premier League,2004,2004/2005
Arsenal FC,Sylvain Wiltord,30,Second Striker,Olympique Lyon,free transfer,out,Summer,NA,Premier League,2004,2004/2005
Arsenal FC,Graham Stack,22,Goalkeeper,Millwall,loan transfer,out,Summer,NA,Premier League,2004,2004/2005
Arsenal FC,Frank Simek,19,Right-Back,QPR,loan transfer,out,Summer,NA,Premier League,2004,2004/2005
Arsenal FC,David Bentley,19,Right Midfield,Norwich,loan transfer,out,Summer,NA,Premier League,2004,2004/2005
Arsenal FC,Sebastian Svärd,21,Defensive Midfield,Bröndby IF,loan transfer,out,Summer,NA,Premier League,2004,2004/2005
Arsenal FC,Rami Shaaban,29,Goalkeeper,Without Club,-,out,Summer,0,Premier League,2004,2004/2005
Chelsea FC,Didier Drogba,26,Centre-Forward,Marseille,£34.65m,in,Summer,34.65,Premier League,2004,2004/2005
Chelsea FC,Ricardo Carvalho,26,Centre-Back,FC Porto,£27.00m,in,Summer,27,Premier League,2004,2004/2005
Chelsea FC,Paulo Ferreira,25,Right-Back,FC Porto,£18.00m,in,Summer,18,Premier League,2004,2004/2005
Chelsea FC,Arjen Robben,20,Right Winger,PSV Eindhoven,£16.20m,in,Summer,16.2,Premier League,2004,2004/2005
Chelsea FC,Tiago Mendes,23,Central Midfield,Benfica,£13.50m,in,Summer,13.5,Premier League,2004,2004/2005
Chelsea FC,Petr Cech,22,Goalkeeper,Stade Rennais,£11.70m,in,Summer,11.7,Premier League,2004,2004/2005
Chelsea FC,Alex,22,Centre-Back,Santos FC,£10.35m,in,Summer,10.35,Premier League,2004,2004/2005
Chelsea FC,Mateja Kezman,25,Centre-Forward,PSV Eindhoven,£6.75m,in,Summer,6.75,Premier League,2004,2004/2005
Chelsea FC,Alcides,19,Centre-Back,EC Vitória,£810Th.,in,Summer,0.81,Premier League,2004,2004/2005
Chelsea FC,Nuno Morais,20,Defensive Midfield,Penafiel,free transfer,in,Summer,NA,Premier League,2004,2004/2005
Chelsea FC,Steven Watt,19,Centre-Back,Chelsea Res.,-,in,Summer,0,Premier League,2004,2004/2005
Chelsea FC,Carlton Cole,21,Centre-Forward,Aston Villa,"End of loanMay 16, 2005",in,Summer,0,Premier League,2004,2004/2005
Chelsea FC,Valerio Di Cesare,21,Centre-Back,Avellino,"End of loanJun 30, 2004",in,Summer,0,Premier League,2004,2004/2005
Chelsea FC,Andy Ross,21,Central Midfield,Partick Thistle,"End of loanJun 30, 2004",in,Summer,0,Premier League,2004,2004/2005
Chelsea FC,Sebastian Kneißl,21,Attacking Midfield,Dundee FC,"End of loanJun 30, 2004",in,Summer,0,Premier League,2004,2004/2005
Chelsea FC,Boudewijn Zenden,27,Left Winger,Middlesbrough,"End of loanJun 30, 2004",in,Summer,0,Premier League,2004,2004/2005
Chelsea FC,Jesper Grönkjaer,26,Left Winger,Birmingham,£2.97m,out,Summer,2.97,Premier League,2004,2004/2005
Chelsea FC,Jimmy Floyd Hasselbaink,32,Centre-Forward,Middlesbrough,free transfer,out,Summer,NA,Premier League,2004,2004/2005
Chelsea FC,Jürgen Macho,26,Goalkeeper,Rapid Vienna,free transfer,out,Summer,NA,Premier League,2004,2004/2005
Chelsea FC,Alexis Nicholas,21,Defensive Midfield,Brighton,free transfer,out,Summer,NA,Premier League,2004,2004/2005
Chelsea FC,Neil Sullivan,34,Goalkeeper,Leeds,free transfer,out,Summer,NA,Premier League,2004,2004/2005
Chelsea FC,Boudewijn Zenden,27,Left Winger,Middlesbrough,free transfer,out,Summer,NA,Premier League,2004,2004/2005
Chelsea FC,Andy Ross,21,Central Midfield,Partick Thistle,free transfer,out,Summer,NA,Premier League,2004,2004/2005
Chelsea FC,Marco Ambrosio,31,Goalkeeper,Grasshoppers,free transfer,out,Summer,NA,Premier League,2004,2004/2005
Chelsea FC,Mario Melchiot,27,Right-Back,Birmingham,free transfer,out,Summer,NA,Premier League,2004,2004/2005
Chelsea FC,Hernán Crespo,29,Centre-Forward,AC Milan,loan transfer,out,Summer,NA,Premier League,2004,2004/2005
Chelsea FC,Alcides,19,Centre-Back,Benfica,loan transfer,out,Summer,NA,Premier League,2004,2004/2005
Chelsea FC,Valerio Di Cesare,21,Centre-Back,UC AlbinoLeffe,loan transfer,out,Summer,NA,Premier League,2004,2004/2005
Chelsea FC,Craig Rocastle,23,Right Midfield,Hibernian FC,loan transfer,out,Summer,NA,Premier League,2004,2004/2005
Chelsea FC,Juan Sebastián Verón,29,Central Midfield,Inter,loan transfer,out,Summer,NA,Premier League,2004,2004/2005
Chelsea FC,Sebastian Kneißl,21,Attacking Midfield,KVC Westerlo,loan transfer,out,Summer,NA,Premier League,2004,2004/2005
Chelsea FC,Carlton Cole,20,Centre-Forward,Aston Villa,loan transfer,out,Summer,NA,Premier League,2004,2004/2005
Chelsea FC,Filipe Oliveira,20,Right Winger,Preston,loan transfer,out,Summer,NA,Premier League,2004,2004/2005
Chelsea FC,Alex,22,Centre-Back,PSV Eindhoven,loan transfer,out,Summer,NA,Premier League,2004,2004/2005
Chelsea FC,Adrian Mutu,25,Centre-Forward,Without Club,-,out,Summer,0,Premier League,2004,2004/2005
Chelsea FC,Winston Bogarde,33,Centre-Back,Retired,-,out,Summer,0,Premier League,2004,2004/2005
Chelsea FC,Mario Stanic,32,Right Winger,Retired,-,out,Summer,0,Premier League,2004,2004/2005
Chelsea FC,Emmanuel Petit,33,Defensive Midfield,Retired,-,out,Summer,0,Premier League,2004,2004/2005
Chelsea FC,Marcel Desailly,35,Centre-Back,Without Club,-,out,Summer,0,Premier League,2004,2004/2005
Manchester United,Wayne Rooney,18,Centre-Forward,Everton,£33.30m,in,Summer,33.3,Premier League,2004,2004/2005
Manchester United,Gabriel Heinze,26,Centre-Back,Paris SG,£9.00m,in,Summer,9,Premier League,2004,2004/2005
Manchester United,Alan Smith,23,Central Midfield,Leeds,£8.10m,in,Summer,8.1,Premier League,2004,2004/2005
Manchester United,Gerard Piqué,17,Centre-Back,Barcelona B,£4.73m,in,Summer,4.73,Premier League,2004,2004/2005
Manchester United,Liam Miller,23,Central Midfield,Celtic,free transfer,in,Summer,NA,Premier League,2004,2004/2005
Manchester United,Tom Heaton,18,Goalkeeper,Man Utd U18,-,in,Summer,0,Premier League,2004,2004/2005
Manchester United,Steven Hogg,18,Central Midfield,Man Utd U18,-,in,Summer,0,Premier League,2004,2004/2005
Manchester United,Jonathan Spector,18,Centre-Back,Man Utd U18,-,in,Summer,0,Premier League,2004,2004/2005
Manchester United,Mads Timm,19,Second Striker,Viking FK,"End of loanJun 30, 2004",in,Summer,0,Premier League,2004,2004/2005
Manchester United,Luke Steele,20,Centre-Forward,Coventry,"End of loanMay 1, 2005",in,Summer,0,Premier League,2004,2004/2005
Manchester United,Kieran Richardson,20,Left-Back,West Brom,"End of loanMay 31, 2005",in,Summer,0,Premier League,2004,2004/2005
Manchester United,Chris Eagles,19,Right Winger,Watford,"End of loanMay 1, 2005",in,Summer,0,Premier League,2004,2004/2005
Manchester United,Eddie Johnson,20,Centre-Forward,Coventry,"End of loanMay 1, 2005",in,Summer,0,Premier League,2004,2004/2005
Manchester United,Michael Stewart,23,Central Midfield,Nottm Forest,"End of loanJun 30, 2004",in,Summer,0,Premier League,2004,2004/2005
Manchester United,Paul Tierney,22,Left-Back,Bradford,"End of loanMay 1, 2005",in,Summer,0,Premier League,2004,2004/2005
Manchester United,Fabien Barthez,33,Goalkeeper,Marseille,"End of loanJun 30, 2004",in,Summer,0,Premier League,2004,2004/2005
Manchester United,Ricardo,32,Goalkeeper,Racing,"End of loanJun 30, 2004",in,Summer,0,Premier League,2004,2004/2005
Manchester United,Nicky Butt,29,Central Midfield,Newcastle,£3.38m,out,Summer,3.38,Premier League,2004,2004/2005
Manchester United,Diego Forlán,25,Centre-Forward,Villarreal,£2.88m,out,Summer,2.88,Premier League,2004,2004/2005
Manchester United,Mark Lynch,22,Right-Back,Sunderland,£68Th.,out,Summer,0.068,Premier League,2004,2004/2005
Manchester United,Hussein Yasser,21,Attacking Midfield,AEL Limassol,free transfer,out,Summer,NA,Premier League,2004,2004/2005
Manchester United,Luke Chadwick,23,Attacking Midfield,West Ham,free transfer,out,Summer,NA,Premier League,2004,2004/2005
Manchester United,Danny Pugh,21,Left-Back,Leeds,free transfer,out,Summer,NA,Premier League,2004,2004/2005
Manchester United,Neil Wood,21,Central Midfield,Coventry,free transfer,out,Summer,NA,Premier League,2004,2004/2005
Manchester United,Fabien Barthez,33,Goalkeeper,Marseille,free transfer,out,Summer,NA,Premier League,2004,2004/2005
Manchester United,Michael Stewart,23,Central Midfield,Heart of Midl.,loan transfer,out,Summer,NA,Premier League,2004,2004/2005
Manchester United,Luke Steele,19,Centre-Forward,Coventry,loan transfer,out,Summer,NA,Premier League,2004,2004/2005
Manchester United,Eddie Johnson,19,Centre-Forward,Coventry,loan transfer,out,Summer,NA,Premier League,2004,2004/2005
Manchester United,Nick Culkin,25,Goalkeeper,QPR,?,out,Summer,NA,Premier League,2004,2004/2005
Manchester United,Danny Byrne,19,defence,Retired,-,out,Summer,0,Premier League,2004,2004/2005
Manchester United,Mads Timm,19,Second Striker,Man Utd Res.,-,out,Summer,0,Premier League,2004,2004/2005
Liverpool FC,Djibril Cissé,22,Centre-Forward,AJ Auxerre,£18.00m,in,Summer,18,Premier League,2004,2004/2005
Liverpool FC,Xabi Alonso,22,Defensive Midfield,Real Sociedad,£14.40m,in,Summer,14.4,Premier League,2004,2004/2005
Liverpool FC,Luis García,26,Right Winger,Barcelona,£7.88m,in,Summer,7.88,Premier League,2004,2004/2005
Liverpool FC,Josemi,24,Centre-Back,Málaga CF,£2.70m,in,Summer,2.7,Premier League,2004,2004/2005
Liverpool FC,Antonio Núñez,25,Right Winger,Real Madrid,free transfer,in,Summer,NA,Premier League,2004,2004/2005
Liverpool FC,John Welsh,20,Central Midfield,Liverpool Res.,-,in,Summer,0,Premier League,2004,2004/2005
Liverpool FC,Robbie Foy,18,Left Winger,Liverpool U18,-,in,Summer,0,Premier League,2004,2004/2005
Liverpool FC,James Smith,18,Right-Back,Liverpool U18,-,in,Summer,0,Premier League,2004,2004/2005
Liverpool FC,Arnaud Bühler,19,Centre-Back,FC Aarau,"End of loanJun 30, 2004",in,Summer,0,Premier League,2004,2004/2005
Liverpool FC,Grégory Vignal,23,Left-Back,Rangers,"End of loanMay 1, 2005",in,Summer,0,Premier League,2004,2004/2005
Liverpool FC,El-Hadji Diouf,24,Centre-Forward,Bolton,"End of loanMay 16, 2005",in,Summer,0,Premier League,2004,2004/2005
Liverpool FC,Salif Diao,28,Defensive Midfield,Birmingham,"End of loanMay 1, 2005",in,Summer,0,Premier League,2004,2004/2005
Liverpool FC,Robbie Foy,19,Left Winger,Chester City,"End of loanMay 1, 2005",in,Summer,0,Premier League,2004,2004/2005
Liverpool FC,Markus Babbel,31,Centre-Back,Blackburn,"End of loanJun 30, 2004",in,Summer,0,Premier League,2004,2004/2005
Liverpool FC,Alou Diarra,22,Defensive Midfield,SC Bastia,"End of loanJun 30, 2004",in,Summer,0,Premier League,2004,2004/2005
Liverpool FC,Michael Owen,24,Centre-Forward,Real Madrid,£10.80m,out,Summer,10.8,Premier League,2004,2004/2005
Liverpool FC,Emile Heskey,26,Centre-Forward,Birmingham,£8.39m,out,Summer,8.39,Premier League,2004,2004/2005
Liverpool FC,Danny Murphy,27,Central Midfield,Charlton,£2.93m,out,Summer,2.93,Premier League,2004,2004/2005
Liverpool FC,Steven Gillespie,19,Centre-Forward,Bristol City,free transfer,out,Summer,NA,Premier League,2004,2004/2005
Liverpool FC,Chris Butler,19,Left-Back,Accrington,free transfer,out,Summer,NA,Premier League,2004,2004/2005
Liverpool FC,Michael Foley-Sheridan,21,Central Midfield,St. Pat's,free transfer,out,Summer,NA,Premier League,2004,2004/2005
Liverpool FC,Markus Babbel,31,Centre-Back,VfB Stuttgart,free transfer,out,Summer,NA,Premier League,2004,2004/2005
Liverpool FC,Stephen Vaughan,19,Right-Back,Chester City,free transfer,out,Summer,NA,Premier League,2004,2004/2005
Liverpool FC,Anthony Le Tallec,19,Centre-Forward,Saint-Étienne,loan transfer,out,Summer,NA,Premier League,2004,2004/2005
Liverpool FC,Alou Diarra,23,Defensive Midfield,Lens,loan transfer,out,Summer,NA,Premier League,2004,2004/2005
Liverpool FC,Carl Medjani,19,Defensive Midfield,FC Lorient,loan transfer,out,Summer,NA,Premier League,2004,2004/2005
Liverpool FC,Jon Otsemobor,21,Right-Back,Crewe Alexandra,loan transfer,out,Summer,NA,Premier League,2004,2004/2005
Liverpool FC,El-Hadji Diouf,23,Centre-Forward,Bolton,loan transfer,out,Summer,NA,Premier League,2004,2004/2005
Liverpool FC,Bruno Cheyrou,26,Central Midfield,Marseille,loan transfer,out,Summer,NA,Premier League,2004,2004/2005
Liverpool FC,Arnaud Bühler,19,Centre-Back,FC Aarau,?,out,Summer,NA,Premier League,2004,2004/2005
Liverpool FC,Grégory Vignal,23,Left-Back,Rangers,loan transfer,out,Summer,NA,Premier League,2004,2004/2005
Liverpool FC,Bernard Diomède,30,Left Winger,Without Club,-,out,Summer,0,Premier League,2004,2004/2005
Liverpool FC,David Mannix,18,Central Midfield,Liverpool Res.,-,out,Summer,0,Premier League,2004,2004/2005
Newcastle United,James Milner,18,Central Midfield,Leeds,£6.66m,in,Summer,6.66,Premier League,2004,2004/2005
Newcastle United,Nicky Butt,29,Central Midfield,Man Utd,£3.38m,in,Summer,3.38,Premier League,2004,2004/2005
Newcastle United,Stephen Carr,27,Right-Back,Spurs,£2.70m,in,Summer,2.7,Premier League,2004,2004/2005
Newcastle United,Charles N'Zogbia,18,Right Winger,AC Le Havre,£900Th.,in,Summer,0.9,Premier League,2004,2004/2005
Newcastle United,Patrick Kluivert,28,Centre-Forward,Barcelona,free transfer,in,Summer,NA,Premier League,2004,2004/2005
Newcastle United,Ronny Johnsen,35,Centre-Back,Aston Villa,free transfer,in,Summer,NA,Premier League,2004,2004/2005
Newcastle United,Alan O'Brien,19,Left Midfield,Newcastle U18,-,in,Summer,0,Premier League,2004,2004/2005
Newcastle United,Guy Bates,18,Centre-Forward,Newcastle U18,-,in,Summer,0,Premier League,2004,2004/2005
Newcastle United,Michael Chopra,21,Centre-Forward,Barnsley FC,"End of loanMay 8, 2005",in,Summer,0,Premier League,2004,2004/2005
Newcastle United,Craig Bellamy,25,Left Winger,Celtic,"End of loanMay 30, 2005",in,Summer,0,Premier League,2004,2004/2005
Newcastle United,Diego Gavilán,24,Central Midfield,Udinese,"End of loanJun 30, 2004",in,Summer,0,Premier League,2004,2004/2005
Newcastle United,Stephen Brennan,21,Defensive Midfield,Shelbourne,"End of loanMay 1, 2005",in,Summer,0,Premier League,2004,2004/2005
Newcastle United,Lomana LuaLua,23,Centre-Forward,Portsmouth,"End of loanJun 30, 2004",in,Summer,0,Premier League,2004,2004/2005
Newcastle United,Jonathan Woodgate,24,Centre-Back,Real Madrid,£16.47m,out,Summer,16.47,Premier League,2004,2004/2005
Newcastle United,Lomana LuaLua,23,Centre-Forward,Portsmouth,£2.03m,out,Summer,2.03,Premier League,2004,2004/2005
Newcastle United,Gary Speed,34,Left Midfield,Bolton,£1.01m,out,Summer,1.01,Premier League,2004,2004/2005
Newcastle United,Andy Ferrell,20,Left Midfield,Watford,free transfer,out,Summer,NA,Premier League,2004,2004/2005
Newcastle United,Bradley Orr,21,Centre-Back,Bristol City,free transfer,out,Summer,NA,Premier League,2004,2004/2005
Newcastle United,Brian Kerr,22,Defensive Midfield,Motherwell FC,free transfer,out,Summer,NA,Premier League,2004,2004/2005
Newcastle United,Steven Caldwell,23,Centre-Back,Sunderland,free transfer,out,Summer,NA,Premier League,2004,2004/2005
Newcastle United,Andy Griffin,25,Right-Back,Portsmouth,free transfer,out,Summer,NA,Premier League,2004,2004/2005
Newcastle United,Calvin Zola,19,Centre-Forward,Tranmere Rovers,free transfer,out,Summer,NA,Premier League,2004,2004/2005
Newcastle United,Hugo Viana,21,Central Midfield,Sporting CP,loan transfer,out,Summer,NA,Premier League,2004,2004/2005
Newcastle United,Michael Chopra,20,Centre-Forward,Barnsley FC,loan transfer,out,Summer,NA,Premier League,2004,2004/2005
Newcastle United,Richard Offiong,20,Centre-Forward,Istanbulspor,?,out,Summer,NA,Premier League,2004,2004/2005
Newcastle United,Chris Carr,19,Centre-Back,Sheff Wed,?,out,Summer,NA,Premier League,2004,2004/2005
Newcastle United,Robert Middleby,28,Right-Back,Sydney FC,?,out,Summer,NA,Premier League,2004,2004/2005
Newcastle United,Diego Gavilán,24,Central Midfield,Internacional,?,out,Summer,NA,Premier League,2004,2004/2005
Aston Villa,Martin Laursen,26,Centre-Back,AC Milan,£4.77m,in,Summer,4.77,Premier League,2004,2004/2005
Aston Villa,Mathieu Berson,24,Defensive Midfield,FC Nantes,£2.07m,in,Summer,2.07,Premier League,2004,2004/2005
Aston Villa,Carlton Cole,20,Centre-Forward,Chelsea,loan transfer,in,Summer,NA,Premier League,2004,2004/2005
Aston Villa,Vaclav Drobny,23,Centre-Back,R. Strasbourg,loan transfer,in,Summer,NA,Premier League,2004,2004/2005
Aston Villa,Steven Davis,19,Central Midfield,Aston Villa U18,-,in,Summer,0,Premier League,2004,2004/2005
Aston Villa,Gary Cahill,18,Centre-Back,Aston Villa U18,-,in,Summer,0,Premier League,2004,2004/2005
Aston Villa,Colin Marshall,19,Central Midfield,Clyde FC,"End of loanJun 30, 2004",in,Summer,0,Premier League,2004,2004/2005
Aston Villa,Stefan Moore,21,Centre-Forward,Millwall,"End of loanOct 3, 2004",in,Summer,0,Premier League,2004,2004/2005
Aston Villa,Stefan Moore,21,Centre-Forward,Leicester,"End of loanMay 11, 2005",in,Summer,0,Premier League,2004,2004/2005
Aston Villa,Gary Cahill,19,Centre-Back,Burnley,"End of loanMay 9, 2005",in,Summer,0,Premier League,2004,2004/2005
Aston Villa,Peter Crouch,23,Centre-Forward,Southampton,£2.70m,out,Summer,2.7,Premier League,2004,2004/2005
Aston Villa,Rob Edwards,21,Centre-Back,Wolves,£203Th.,out,Summer,0.203,Premier League,2004,2004/2005
Aston Villa,Marcus Allbäck,30,Centre-Forward,Hansa Rostock,£180Th.,out,Summer,0.18,Premier League,2004,2004/2005
Aston Villa,Colin Marshall,19,Central Midfield,St. Johnstone,free transfer,out,Summer,NA,Premier League,2004,2004/2005
Aston Villa,Leon Hylton,20,Left-Back,Swansea,free transfer,out,Summer,NA,Premier League,2004,2004/2005
Aston Villa,Peter Hynes,20,Centre-Forward,Tamworth,free transfer,out,Summer,NA,Premier League,2004,2004/2005
Aston Villa,Jonathan Bewers,21,Right-Back,Walsall,free transfer,out,Summer,NA,Premier League,2004,2004/2005
Aston Villa,Dion Dublin,35,Centre-Forward,Leicester,free transfer,out,Summer,NA,Premier League,2004,2004/2005
Aston Villa,Ronny Johnsen,35,Centre-Back,Newcastle,free transfer,out,Summer,NA,Premier League,2004,2004/2005
Aston Villa,Stefan Moore,20,Centre-Forward,Millwall,loan transfer,out,Summer,NA,Premier League,2004,2004/2005
Aston Villa,Wayne Henderson,20,Goalkeeper,Notts County,loan transfer,out,Summer,NA,Premier League,2004,2004/2005
Aston Villa,Hassan Kachloul,31,Left Midfield,Without Club,-,out,Summer,0,Premier League,2004,2004/2005
Aston Villa,Carlton Cole,21,Centre-Forward,Chelsea,"End of loanMay 16, 2005",out,Summer,0,Premier League,2004,2004/2005
Charlton Athletic,Francis Jeffers,23,Centre-Forward,Arsenal,£3.51m,in,Summer,3.51,Premier League,2004,2004/2005
Charlton Athletic,Dennis Rommedahl,25,Right Winger,PSV Eindhoven,£3.15m,in,Summer,3.15,Premier League,2004,2004/2005
Charlton Athletic,Danny Murphy,27,Central Midfield,Liverpool,£2.93m,in,Summer,2.93,Premier League,2004,2004/2005
Charlton Athletic,Talal El Karkouri,27,Centre-Back,Paris SG,£1.35m,in,Summer,1.35,Premier League,2004,2004/2005
Charlton Athletic,Stephan Andersen,22,Goalkeeper,Akademisk BK,£990Th.,in,Summer,0.99,Premier League,2004,2004/2005
Charlton Athletic,Bryan Hughes,28,Attacking Midfield,Birmingham,free transfer,in,Summer,NA,Premier League,2004,2004/2005
Charlton Athletic,Alex Varney,19,Centre-Forward,Charlton U18,-,in,Summer,0,Premier League,2004,2004/2005
Charlton Athletic,Barry Fuller,19,Right-Back,Charlton U18,-,in,Summer,0,Premier League,2004,2004/2005
Charlton Athletic,Mark Ricketts,19,Defensive Midfield,Charlton U21,-,in,Summer,0,Premier League,2004,2004/2005
Charlton Athletic,Rob Elliot,18,Goalkeeper,Charlton U18,-,in,Summer,0,Premier League,2004,2004/2005
Charlton Athletic,Adam Gross,18,Left-Back,Charlton U18,-,in,Summer,0,Premier League,2004,2004/2005
Charlton Athletic,Adam Cottrell,17,defence,Charlton U18,-,in,Summer,0,Premier League,2004,2004/2005
Charlton Athletic,Paul Rachubka,23,Goalkeeper,MK Dons,"End of loanAug 31, 2004",in,Summer,0,Premier League,2004,2004/2005
Charlton Athletic,Rob Elliot,19,Goalkeeper,Notts County,"End of loanMay 1, 2005",in,Summer,0,Premier League,2004,2004/2005
Charlton Athletic,Claus Jensen,27,Attacking Midfield,Fulham,£1.71m,out,Summer,1.71,Premier League,2004,2004/2005
Charlton Athletic,Jamal Campbell-Ryce,21,Right Winger,Chesterfield FC,free transfer,out,Summer,NA,Premier League,2004,2004/2005
Charlton Athletic,Stephen Hughes,27,Defensive Midfield,Coventry,free transfer,out,Summer,NA,Premier League,2004,2004/2005
Charlton Athletic,Paolo Di Canio,36,Centre-Forward,Lazio,free transfer,out,Summer,NA,Premier League,2004,2004/2005
Charlton Athletic,Sérgio Leite,24,Goalkeeper,Ovarense,free transfer,out,Summer,NA,Premier League,2004,2004/2005
Charlton Athletic,Adrian Deane,21,midfield,Crawley Town,free transfer,out,Summer,NA,Premier League,2004,2004/2005
Charlton Athletic,Rob Elliot,18,Goalkeeper,Bishop's St.,loan transfer,out,Summer,NA,Premier League,2004,2004/2005
Charlton Athletic,Paul Rachubka,23,Goalkeeper,MK Dons,loan transfer,out,Summer,NA,Premier League,2004,2004/2005
Charlton Athletic,Simon Royce,33,Goalkeeper,Luton,loan transfer,out,Summer,NA,Premier League,2004,2004/2005
Charlton Athletic,Paul Rachubka,23,Goalkeeper,Northampton,loan transfer,out,Summer,NA,Premier League,2004,2004/2005
Charlton Athletic,Mathias Svensson,29,Centre-Forward,Norwich,£45Th.,out,Summer,0.045,Premier League,2004,2004/2005
Charlton Athletic,Richard Rufus,29,Centre-Back,Retired,-,out,Summer,0,Premier League,2004,2004/2005
Charlton Athletic,Gary Rowett,30,Right-Back,Career break,-,out,Summer,0,Premier League,2004,2004/2005
Bolton Wanderers,Gary Speed,34,Left Midfield,Newcastle,£1.01m,in,Summer,1.01,Premier League,2004,2004/2005
Bolton Wanderers,Tal Ben Haim,22,Centre-Back,M. Tel Aviv,£203Th.,in,Summer,0.203,Premier League,2004,2004/2005
Bolton Wanderers,Blessing Kaku,26,Attacking Midfield,FC Ashdod,free transfer,in,Summer,NA,Premier League,2004,2004/2005
Bolton Wanderers,Johann Smith,17,Left-Back,Oakwood U19,free transfer,in,Summer,NA,Premier League,2004,2004/2005
Bolton Wanderers,Michael Bridges,25,Centre-Forward,Leeds,free transfer,in,Summer,NA,Premier League,2004,2004/2005
Bolton Wanderers,Júlio César,25,Centre-Back,Real Valladolid,free transfer,in,Summer,NA,Premier League,2004,2004/2005
Bolton Wanderers,Fernando Hierro,36,Centre-Back,Al-Rayyan SC,free transfer,in,Summer,NA,Premier League,2004,2004/2005
Bolton Wanderers,Les Ferdinand,37,Centre-Forward,Leicester,free transfer,in,Summer,NA,Premier League,2004,2004/2005
Bolton Wanderers,Radhi Jaidi,28,Centre-Back,Esperance,free transfer,in,Summer,NA,Premier League,2004,2004/2005
Bolton Wanderers,El-Hadji Diouf,23,Centre-Forward,Liverpool,loan transfer,in,Summer,NA,Premier League,2004,2004/2005
Bolton Wanderers,Andy Oakes,27,Goalkeeper,Derby,loan transfer,in,Summer,NA,Premier League,2004,2004/2005
Bolton Wanderers,Jaroslaw Fojut,16,Centre-Back,MSP Szamotuly,£23Th.,in,Summer,0.023,Premier League,2004,2004/2005
Bolton Wanderers,Chris Howarth,18,Goalkeeper,Bolton U18,-,in,Summer,0,Premier League,2004,2004/2005
Bolton Wanderers,Ricardo Vaz Tê,17,Right Winger,Bolton U18,-,in,Summer,0,Premier League,2004,2004/2005
Bolton Wanderers,Ricky Shakes,20,Right Midfield,Bury,"End of loanMay 8, 2005",in,Summer,0,Premier League,2004,2004/2005
Bolton Wanderers,Charlie Comyn-Platt,18,Centre-Back,Wycombe,"End of loanOct 1, 2004",in,Summer,0,Premier League,2004,2004/2005
Bolton Wanderers,Kangana N'Diwa,20,defence,Rochdale,"End of loanJun 30, 2004",in,Summer,0,Premier League,2004,2004/2005
Bolton Wanderers,Danny Livesey,19,Centre-Back,Blackpool,"End of loanAug 8, 2004",in,Summer,0,Premier League,2004,2004/2005
Bolton Wanderers,Jardel,30,Centre-Forward,Ancona,"End of loanJun 30, 2004",in,Summer,0,Premier League,2004,2004/2005
Bolton Wanderers,Simon Charlton,32,Left-Back,Norwich,£338Th.,out,Summer,0.338,Premier League,2004,2004/2005
Bolton Wanderers,Steve Howey,32,Centre-Back,New England,free transfer,out,Summer,NA,Premier League,2004,2004/2005
Bolton Wanderers,Delroy Facey,24,Centre-Forward,Hull City,free transfer,out,Summer,NA,Premier League,2004,2004/2005
Bolton Wanderers,Wayne Buchanan,22,Centre-Back,Lisburn FC,free transfer,out,Summer,NA,Premier League,2004,2004/2005
Bolton Wanderers,Danny Livesey,19,Centre-Back,Blackpool,free transfer,out,Summer,NA,Premier League,2004,2004/2005
Bolton Wanderers,Michael Bridges,26,Centre-Forward,Sunderland,free transfer,out,Summer,NA,Premier League,2004,2004/2005
Bolton Wanderers,Ciaran Ryan,21,midfield,Bray Wanderers,free transfer,out,Summer,NA,Premier League,2004,2004/2005
Bolton Wanderers,Per Frandsen,34,Right Midfield,Wigan,free transfer,out,Summer,NA,Premier League,2004,2004/2005
Bolton Wanderers,Ibrahim Bá,30,Right Midfield,C. Rizespor,free transfer,out,Summer,NA,Premier League,2004,2004/2005
Bolton Wanderers,Kangana N'Diwa,20,defence,Stalybridge,free transfer,out,Summer,NA,Premier League,2004,2004/2005
Bolton Wanderers,Gérald Forschelet,22,Defensive Midfield,FC Istres,free transfer,out,Summer,NA,Premier League,2004,2004/2005
Bolton Wanderers,Émerson Thome,32,Centre-Back,Wigan,free transfer,out,Summer,NA,Premier League,2004,2004/2005
Bolton Wanderers,Charlie Comyn-Platt,18,Centre-Back,Wycombe,loan transfer,out,Summer,NA,Premier League,2004,2004/2005
Bolton Wanderers,Jardel,30,Centre-Forward,Newell's,loan transfer,out,Summer,NA,Premier League,2004,2004/2005
Bolton Wanderers,Donovan Ricketts,27,Goalkeeper,Bradford,loan transfer,out,Summer,NA,Premier League,2004,2004/2005
Bolton Wanderers,Dwight Pezzarossi,25,Centre-Forward,Comunicaciones,?,out,Summer,NA,Premier League,2004,2004/2005
Bolton Wanderers,Youri Djorkaeff,36,Attacking Midfield,Without Club,-,out,Summer,0,Premier League,2004,2004/2005
Bolton Wanderers,El-Hadji Diouf,24,Centre-Forward,Liverpool,"End of loanMay 16, 2005",out,Summer,0,Premier League,2004,2004/2005
Bolton Wanderers,Javi Moreno,29,Centre-Forward,Atlético Madrid,"End of loanJun 30, 2004",out,Summer,0,Premier League,2004,2004/2005
Fulham FC,Papa Bouba Diop,26,Defensive Midfield,Lens,£8.10m,in,Summer,8.1,Premier League,2004,2004/2005
Fulham FC,Tomasz Radzinski,30,Centre-Forward,Everton,£2.70m,in,Summer,2.7,Premier League,2004,2004/2005
Fulham FC,Claus Jensen,27,Attacking Midfield,Charlton,£1.71m,in,Summer,1.71,Premier League,2004,2004/2005
Fulham FC,Ricardo Batista,17,Goalkeeper,Setúbal U19,£45Th.,in,Summer,0.045,Premier League,2004,2004/2005
Fulham FC,Andy Cole,32,Centre-Forward,Blackburn,free transfer,in,Summer,NA,Premier League,2004,2004/2005
Fulham FC,Billy McKinlay,35,Right Midfield,Leicester,free transfer,in,Summer,NA,Premier League,2004,2004/2005
Fulham FC,Neale McDermott,19,Central Midfield,Newcastle U18,free transfer,in,Summer,NA,Premier League,2004,2004/2005
Fulham FC,William McFrederick,19,Goalkeeper,Crawley Town,"End of loanJun 30, 2004",in,Summer,0,Premier League,2004,2004/2005
Fulham FC,Jide Ogunbote,15,Right Midfield,Fulham U18,-,in,Summer,0,Premier League,2004,2004/2005
Fulham FC,Chris James,16,Defensive Midfield,Fulham U18,-,in,Summer,0,Premier League,2004,2004/2005
Fulham FC,Ismael Ehui,17,Centre-Forward,Fulham U18,-,in,Summer,0,Premier League,2004,2004/2005
Fulham FC,Michael Timlin,19,Central Midfield,Fulham U18,-,in,Summer,0,Premier League,2004,2004/2005
Fulham FC,Liam Fontaine,18,Centre-Back,Fulham U18,-,in,Summer,0,Premier League,2004,2004/2005
Fulham FC,Elvis Hammond,24,Centre-Forward,RBC Roosendaal,"End of loanMay 1, 2005",in,Summer,0,Premier League,2004,2004/2005
Fulham FC,Liam Fontaine,19,Centre-Back,Kilmarnock FC,"End of loanMay 1, 2005",in,Summer,0,Premier League,2004,2004/2005
Fulham FC,Darren Pratley,20,Central Midfield,Brentford,"End of loanMay 1, 2005",in,Summer,0,Premier League,2004,2004/2005
Fulham FC,Adam Green,21,Left-Back,Bournemouth,"End of loanMay 11, 2005",in,Summer,0,Premier League,2004,2004/2005
Fulham FC,Ross Flitney,20,Goalkeeper,Yeading FC,"End of loanMay 31, 2005",in,Summer,0,Premier League,2004,2004/2005
Fulham FC,Abdeslam Ouaddou,25,Centre-Back,Stade Rennais,"End of loanJun 30, 2004",in,Summer,0,Premier League,2004,2004/2005
Fulham FC,Sean Davis,24,Defensive Midfield,Spurs,£4.68m,out,Summer,4.68,Premier League,2004,2004/2005
Fulham FC,Jon Harley,24,Left-Back,Sheff Utd,free transfer,out,Summer,NA,Premier League,2004,2004/2005
Fulham FC,Barry Hayles,32,Centre-Forward,Sheff Utd,free transfer,out,Summer,NA,Premier League,2004,2004/2005
Fulham FC,Mark Hudson,22,Centre-Back,Crystal Palace,free transfer,out,Summer,NA,Premier League,2004,2004/2005
Fulham FC,Dean Leacock,20,Centre-Back,Coventry,loan transfer,out,Summer,NA,Premier League,2004,2004/2005
Fulham FC,Stuart Noble,20,Centre-Forward,Torquay,loan transfer,out,Summer,NA,Premier League,2004,2004/2005
Fulham FC,Liam Fontaine,18,Centre-Back,Yeovil Town,loan transfer,out,Summer,NA,Premier League,2004,2004/2005
Fulham FC,Abdeslam Ouaddou,25,Centre-Back,Stade Rennais,?,out,Summer,NA,Premier League,2004,2004/2005
Fulham FC,William McFrederick,19,Goalkeeper,Ballymena,?,out,Summer,NA,Premier League,2004,2004/2005
Fulham FC,Facundo Sava,30,Centre-Forward,Celta de Vigo,loan transfer,out,Summer,NA,Premier League,2004,2004/2005
Fulham FC,Dave Beasant,45,Goalkeeper,Retired,-,out,Summer,0,Premier League,2004,2004/2005
Fulham FC,Andrejs Stolcers,29,Attacking Midfield,Without Club,-,out,Summer,0,Premier League,2004,2004/2005
Fulham FC,Martin Djetou,29,Centre-Back,Parma,"End of loanJun 30, 2004",out,Summer,0,Premier League,2004,2004/2005
Fulham FC,Bobby Petta,29,Left Midfield,Celtic,"End of loanJun 30, 2004",out,Summer,0,Premier League,2004,2004/2005
Birmingham City,Emile Heskey,26,Centre-Forward,Liverpool,£8.39m,in,Summer,8.39,Premier League,2004,2004/2005
Birmingham City,Jesper Grönkjaer,26,Left Winger,Chelsea,£2.97m,in,Summer,2.97,Premier League,2004,2004/2005
Birmingham City,Dwight Yorke,32,Centre-Forward,Blackburn,£360Th.,in,Summer,0.36,Premier League,2004,2004/2005
Birmingham City,Darren Anderton,32,Right Midfield,Spurs,free transfer,in,Summer,NA,Premier League,2004,2004/2005
Birmingham City,Mario Melchiot,27,Right-Back,Chelsea,free transfer,in,Summer,NA,Premier League,2004,2004/2005
Birmingham City,Muzzy Izzet,29,Attacking Midfield,Leicester,free transfer,in,Summer,NA,Premier League,2004,2004/2005
Birmingham City,Julian Gray,24,Centre-Forward,Crystal Palace,free transfer,in,Summer,NA,Premier League,2004,2004/2005
Birmingham City,Sam Oji,18,Centre-Back,Arsenal U18,?,in,Summer,NA,Premier League,2004,2004/2005
Birmingham City,Sam Alsop,19,Centre-Back,Birmingham U18,-,in,Summer,0,Premier League,2004,2004/2005
Birmingham City,Alex Bruce,19,Centre-Back,Birmingham U18,-,in,Summer,0,Premier League,2004,2004/2005
Birmingham City,Peter Till,18,Right Midfield,Birmingham U18,-,in,Summer,0,Premier League,2004,2004/2005
Birmingham City,Nico Vaesen,34,Goalkeeper,Crystal Palace,"End of loanJun 30, 2004",in,Summer,0,Premier League,2004,2004/2005
Birmingham City,Colin Doyle,19,Goalkeeper,Nottm Forest,"End of loanMay 9, 2005",in,Summer,0,Premier League,2004,2004/2005
Birmingham City,Neil Kilkenny,19,Defensive Midfield,Oldham Athletic,"End of loanMay 1, 2005",in,Summer,0,Premier League,2004,2004/2005
Birmingham City,Andy Barrowman,19,Centre-Forward,Blackpool,"End of loanSep 1, 2004",in,Summer,0,Premier League,2004,2004/2005
Birmingham City,Ian Bennett,33,Goalkeeper,Coventry,"End of loanMay 1, 2005",in,Summer,0,Premier League,2004,2004/2005
Birmingham City,Alex Bruce,20,Centre-Back,Sheff Wed,"End of loanMay 1, 2005",in,Summer,0,Premier League,2004,2004/2005
Birmingham City,Darren Purse,27,Centre-Back,West Brom,£810Th.,out,Summer,0.81,Premier League,2004,2004/2005
Birmingham City,Aliou Cissé,28,Defensive Midfield,Portsmouth,£405Th.,out,Summer,0.405,Premier League,2004,2004/2005
Birmingham City,Stern John,27,Centre-Forward,Coventry,£270Th.,out,Summer,0.27,Premier League,2004,2004/2005
Birmingham City,Luciano Figueroa,23,Centre-Forward,CD Cruz Azul,free transfer,out,Summer,NA,Premier League,2004,2004/2005
Birmingham City,Tom Williams,23,Left-Back,Barnsley FC,free transfer,out,Summer,NA,Premier League,2004,2004/2005
Birmingham City,Bryan Hughes,28,Attacking Midfield,Charlton,free transfer,out,Summer,NA,Premier League,2004,2004/2005
Birmingham City,Darren Carter,20,Central Midfield,Sunderland,loan transfer,out,Summer,NA,Premier League,2004,2004/2005
Birmingham City,Andy Barrowman,19,Centre-Forward,Blackpool,loan transfer,out,Summer,NA,Premier League,2004,2004/2005
Birmingham City,Salif Diao,28,Defensive Midfield,Liverpool,"End of loanMay 1, 2005",out,Summer,0,Premier League,2004,2004/2005
Birmingham City,Mehdi Nafti,26,Defensive Midfield,Racing,"End of loanMay 16, 2005",out,Summer,0,Premier League,2004,2004/2005
Middlesbrough FC,Mark Viduka,28,Centre-Forward,Leeds,£6.08m,in,Summer,6.08,Premier League,2004,2004/2005
Middlesbrough FC,Boudewijn Zenden,27,Left Winger,Chelsea,free transfer,in,Summer,NA,Premier League,2004,2004/2005
Middlesbrough FC,Gaizka Mendieta,30,Right Midfield,Lazio,free transfer,in,Summer,NA,Premier League,2004,2004/2005
Middlesbrough FC,Ray Parlour,31,Right Midfield,Arsenal,free transfer,in,Summer,NA,Premier League,2004,2004/2005
Middlesbrough FC,Jimmy Floyd Hasselbaink,32,Centre-Forward,Chelsea,free transfer,in,Summer,NA,Premier League,2004,2004/2005
Middlesbrough FC,Michael Reiziger,31,Right-Back,Barcelona,free transfer,in,Summer,NA,Premier League,2004,2004/2005
Middlesbrough FC,James Morrison,18,Central Midfield,Boro U18,-,in,Summer,0,Premier League,2004,2004/2005
Middlesbrough FC,Matthew Bates,17,Centre-Back,Boro U18,-,in,Summer,0,Premier League,2004,2004/2005
Middlesbrough FC,Tony McMahon,18,Right-Back,Boro U18,-,in,Summer,0,Premier League,2004,2004/2005
Middlesbrough FC,Craig Dove,20,midfield,York City,"End of loanJun 30, 2004",in,Summer,0,Premier League,2004,2004/2005
Middlesbrough FC,Colin Cooper,37,Left-Back,Sunderland,"End of loanJun 30, 2004",in,Summer,0,Premier League,2004,2004/2005
Middlesbrough FC,Mark Wilson,25,Central Midfield,Doncaster,"End of loanOct 3, 2004",in,Summer,0,Premier League,2004,2004/2005
Middlesbrough FC,Ross Turnbull,20,Goalkeeper,Barnsley FC,"End of loanMay 8, 2005",in,Summer,0,Premier League,2004,2004/2005
Middlesbrough FC,Andrew Davies,20,Centre-Back,QPR,"End of loanMay 1, 2005",in,Summer,0,Premier League,2004,2004/2005
Middlesbrough FC,Mark Wilson,26,Central Midfield,Livingston FC,"End of loanMay 31, 2005",in,Summer,0,Premier League,2004,2004/2005
Middlesbrough FC,Robbie Stockdale,24,Right-Back,West Ham,"End of loanJun 30, 2004",in,Summer,0,Premier League,2004,2004/2005
Middlesbrough FC,Matthew Bates,18,Centre-Back,Darlington,"End of loanMay 1, 2005",in,Summer,0,Premier League,2004,2004/2005
Middlesbrough FC,Ross Turnbull,19,Goalkeeper,Bradford,"End of loanAug 31, 2004",in,Summer,0,Premier League,2004,2004/2005
Middlesbrough FC,Jonathan Greening,25,Central Midfield,West Brom,£1.58m,out,Summer,1.58,Premier League,2004,2004/2005
Middlesbrough FC,Massimo Maccarone,24,Centre-Forward,Parma,Loan fee:£900Th.,out,Summer,0.9,Premier League,2004,2004/2005
Middlesbrough FC,Craig Dove,20,midfield,Rush. & Diamon.,free transfer,out,Summer,NA,Premier League,2004,2004/2005
Middlesbrough FC,Phil Gulliver,21,Centre-Back,Rush. & Diamon.,free transfer,out,Summer,NA,Premier League,2004,2004/2005
Middlesbrough FC,Allan Johnston,30,Right Midfield,Kilmarnock FC,free transfer,out,Summer,NA,Premier League,2004,2004/2005
Middlesbrough FC,Juninho Paulista,31,Attacking Midfield,Celtic,free transfer,out,Summer,NA,Premier League,2004,2004/2005
Middlesbrough FC,David Murphy,20,Left-Back,Hibernian FC,free transfer,out,Summer,NA,Premier League,2004,2004/2005
Middlesbrough FC,Michael Ricketts,25,Centre-Forward,Leeds,free transfer,out,Summer,NA,Premier League,2004,2004/2005
Middlesbrough FC,Robbie Stockdale,24,Right-Back,Rotherham,free transfer,out,Summer,NA,Premier League,2004,2004/2005
Middlesbrough FC,Sam Russell,21,Goalkeeper,Darlington,free transfer,out,Summer,NA,Premier League,2004,2004/2005
Middlesbrough FC,Mark Wilson,25,Central Midfield,Doncaster,loan transfer,out,Summer,NA,Premier League,2004,2004/2005
Middlesbrough FC,Ross Turnbull,19,Goalkeeper,Barnsley FC,loan transfer,out,Summer,NA,Premier League,2004,2004/2005
Middlesbrough FC,Ross Turnbull,19,Goalkeeper,Bradford,loan transfer,out,Summer,NA,Premier League,2004,2004/2005
Middlesbrough FC,Ricardinho,28,Attacking Midfield,Santos FC,?,out,Summer,NA,Premier League,2004,2004/2005
Middlesbrough FC,Boudewijn Zenden,27,Left Winger,Chelsea,"End of loanJun 30, 2004",out,Summer,0,Premier League,2004,2004/2005
Middlesbrough FC,Gaizka Mendieta,30,Right Midfield,Lazio,"End of loanJun 30, 2004",out,Summer,0,Premier League,2004,2004/2005
Southampton FC,Peter Crouch,23,Centre-Forward,Aston Villa,£2.70m,in,Summer,2.7,Premier League,2004,2004/2005
Southampton FC,Jelle Van Damme,20,Centre-Back,Ajax,£2.70m,in,Summer,2.7,Premier League,2004,2004/2005
Southampton FC,Mikael Nilsson,26,Right-Back,Halmstads BK,£540Th.,in,Summer,0.54,Premier League,2004,2004/2005
Southampton FC,Alaeddine Yahia,22,Centre-Back,Guingamp,£473Th.,in,Summer,0.473,Premier League,2004,2004/2005
Southampton FC,Kenwyne Jones,19,Centre-Forward,W Connection,free transfer,in,Summer,NA,Premier League,2004,2004/2005
Southampton FC,Martin Cranie,17,Centre-Back,Southampton U18,-,in,Summer,0,Premier League,2004,2004/2005
Southampton FC,Matt Mills,17,Centre-Back,Southampton U18,-,in,Summer,0,Premier League,2004,2004/2005
Southampton FC,Andrew Surman,17,Central Midfield,Southampton U18,-,in,Summer,0,Premier League,2004,2004/2005
Southampton FC,Michael Poke,18,Goalkeeper,Southampton U18,-,in,Summer,0,Premier League,2004,2004/2005
Southampton FC,Leon Best,17,Centre-Forward,Southampton U18,-,in,Summer,0,Premier League,2004,2004/2005
Southampton FC,Andrew Surman,18,Central Midfield,Walsall,"End of loanMay 1, 2005",in,Summer,0,Premier League,2004,2004/2005
Southampton FC,Brett Ormerod,27,Centre-Forward,Leeds,"End of loanOct 1, 2004",in,Summer,0,Premier League,2004,2004/2005
Southampton FC,Brett Ormerod,28,Centre-Forward,Wigan,"End of loanMay 1, 2005",in,Summer,0,Premier League,2004,2004/2005
Southampton FC,Matt Mills,18,Centre-Back,Bournemouth,"End of loanMay 31, 2005",in,Summer,0,Premier League,2004,2004/2005
Southampton FC,Darren Kenton,26,Centre-Back,Leicester,"End of loanMay 9, 2005",in,Summer,0,Premier League,2004,2004/2005
Southampton FC,Dani Rodrigues,24,Left Winger,Yeovil Town,"End of loanJun 30, 2004",in,Summer,0,Premier League,2004,2004/2005
Southampton FC,Matt Mills,18,Centre-Back,Coventry,"End of loanOct 18, 2004",in,Summer,0,Premier League,2004,2004/2005
Southampton FC,Jason Dodd,34,Right-Back,Plymouth,"End of loanMay 1, 2005",in,Summer,0,Premier League,2004,2004/2005
Southampton FC,Fitz Hall,23,Centre-Back,Crystal Palace,£2.03m,out,Summer,2.03,Premier League,2004,2004/2005
Southampton FC,Stephen Crainey,23,Left-Back,Leeds,£225Th.,out,Summer,0.225,Premier League,2004,2004/2005
Southampton FC,Mike Williamson,20,Centre-Back,Wycombe,free transfer,out,Summer,NA,Premier League,2004,2004/2005
Southampton FC,Stephen Hunt,19,Left-Back,Colchester Utd.,free transfer,out,Summer,NA,Premier League,2004,2004/2005
Southampton FC,Stuart Anderson,18,Defensive Midfield,Blackpool,free transfer,out,Summer,NA,Premier League,2004,2004/2005
Southampton FC,Brett Ormerod,27,Centre-Forward,Leeds,loan transfer,out,Summer,NA,Premier League,2004,2004/2005
Southampton FC,Matt Mills,18,Centre-Back,Coventry,loan transfer,out,Summer,NA,Premier League,2004,2004/2005
Southampton FC,Martin Cranie,18,Centre-Back,Bournemouth,loan transfer,out,Summer,NA,Premier League,2004,2004/2005
Southampton FC,Jo Tessem,32,Central Midfield,FK Lyn,loan transfer,out,Summer,NA,Premier League,2004,2004/2005
Southampton FC,Dani Rodrigues,24,Left Winger,Bournemouth,loan transfer,out,Summer,NA,Premier League,2004,2004/2005
Southampton FC,Graeme Le Saux,36,Left-Back,Retired,-,out,Summer,0,Premier League,2004,2004/2005
Southampton FC,Henri Camara,27,Centre-Forward,Wolves,"End of loanMay 1, 2005",out,Summer,0,Premier League,2004,2004/2005
Southampton FC,Calum Davenport,22,defence,Spurs,"End of loanMay 1, 2005",out,Summer,0,Premier League,2004,2004/2005
Portsmouth FC,Diomansy Kamara,23,Right Winger,Modena,Loan fee:£3.15m,in,Summer,3.15,Premier League,2004,2004/2005
Portsmouth FC,Ricardo Fuller,24,Centre-Forward,Preston,£2.25m,in,Summer,2.25,Premier League,2004,2004/2005
Portsmouth FC,Lomana LuaLua,23,Centre-Forward,Newcastle,£2.03m,in,Summer,2.03,Premier League,2004,2004/2005
Portsmouth FC,Valéry Mézague,20,Attacking Midfield,Montpellier,Loan fee:£450Th.,in,Summer,0.45,Premier League,2004,2004/2005
Portsmouth FC,Aliou Cissé,28,Defensive Midfield,Birmingham,£405Th.,in,Summer,0.405,Premier League,2004,2004/2005
Portsmouth FC,David Unsworth,30,Left-Back,Everton,free transfer,in,Summer,NA,Premier League,2004,2004/2005
Portsmouth FC,Jamie Ashdown,23,Goalkeeper,Reading,free transfer,in,Summer,NA,Premier League,2004,2004/2005
Portsmouth FC,Andy Griffin,25,Right-Back,Newcastle,free transfer,in,Summer,NA,Premier League,2004,2004/2005
Portsmouth FC,James Keene,18,Centre-Forward,Portsmouth U18,-,in,Summer,0,Premier League,2004,2004/2005
Portsmouth FC,Gary Silk,20,Right-Back,Wycombe,"End of loanMay 1, 2005",in,Summer,0,Premier League,2004,2004/2005
Portsmouth FC,Richard Duffy,19,Centre-Back,Coventry,"End of loanMay 9, 2005",in,Summer,0,Premier League,2004,2004/2005
Portsmouth FC,James Keene,18,Centre-Forward,AFC Newbury,"End of loanOct 1, 2004",in,Summer,0,Premier League,2004,2004/2005
Portsmouth FC,David Unsworth,31,Left-Back,Ipswich,"End of loanMay 1, 2005",in,Summer,0,Premier League,2004,2004/2005
Portsmouth FC,Kevin Harper,28,Right Midfield,Leicester,"End of loanOct 1, 2004",in,Summer,0,Premier League,2004,2004/2005
Portsmouth FC,Mark Burchill,24,Centre-Forward,Rotherham,"End of loanOct 24, 2004",in,Summer,0,Premier League,2004,2004/2005
Portsmouth FC,Sebastian Olszar,22,Centre-Forward,Coventry,"End of loanJun 30, 2004",in,Summer,0,Premier League,2004,2004/2005
Portsmouth FC,Rowan Vine,21,Centre-Forward,Luton,£338Th.,out,Summer,0.338,Premier League,2004,2004/2005
Portsmouth FC,Pavel Srnicek,36,Goalkeeper,Beira-Mar,free transfer,out,Summer,NA,Premier League,2004,2004/2005
Portsmouth FC,Courtney Pitt,22,Left Midfield,Boston Utd,free transfer,out,Summer,NA,Premier League,2004,2004/2005
Portsmouth FC,Eddie Howe,26,Centre-Back,Bournemouth,free transfer,out,Summer,NA,Premier League,2004,2004/2005
Portsmouth FC,Deon Burton,27,Centre-Forward,Brentford,free transfer,out,Summer,NA,Premier League,2004,2004/2005
Portsmouth FC,Sebastian Olszar,22,Centre-Forward,Pol. Warsaw,free transfer,out,Summer,NA,Premier League,2004,2004/2005
Portsmouth FC,Tim Sherwood,35,Central Midfield,Coventry,free transfer,out,Summer,NA,Premier League,2004,2004/2005
Portsmouth FC,Chris Tardif,23,Goalkeeper,Oxford United,free transfer,out,Summer,NA,Premier League,2004,2004/2005
Portsmouth FC,Teddy Sheringham,38,Centre-Forward,West Ham,free transfer,out,Summer,NA,Premier League,2004,2004/2005
Portsmouth FC,James Keene,18,Centre-Forward,Kidderminster,loan transfer,out,Summer,NA,Premier League,2004,2004/2005
Portsmouth FC,Mark Burchill,24,Centre-Forward,Rotherham,loan transfer,out,Summer,NA,Premier League,2004,2004/2005
Portsmouth FC,Kevin Harper,28,Right Midfield,Leicester,loan transfer,out,Summer,NA,Premier League,2004,2004/2005
Portsmouth FC,John Curtis,25,Right-Back,Preston,loan transfer,out,Summer,NA,Premier League,2004,2004/2005
Portsmouth FC,Richard Duffy,19,Centre-Back,Burnley,loan transfer,out,Summer,NA,Premier League,2004,2004/2005
Portsmouth FC,Shaun Cooper,20,Defensive Midfield,Kidderminster,loan transfer,out,Summer,NA,Premier League,2004,2004/2005
Portsmouth FC,Gary O'Neil,21,Central Midfield,Cardiff,loan transfer,out,Summer,NA,Premier League,2004,2004/2005
Portsmouth FC,Ivica Mornar,30,Centre-Forward,Stade Rennais,loan transfer,out,Summer,NA,Premier League,2004,2004/2005
Portsmouth FC,Gary Silk,19,Right-Back,Wycombe,loan transfer,out,Summer,NA,Premier League,2004,2004/2005
Portsmouth FC,James Keene,18,Centre-Forward,AFC Newbury,loan transfer,out,Summer,NA,Premier League,2004,2004/2005
Portsmouth FC,Alan Knight,43,Goalkeeper,Retired,-,out,Summer,0,Premier League,2004,2004/2005
Portsmouth FC,Valéry Mézague,21,Attacking Midfield,Montpellier,"End of loanMay 1, 2005",out,Summer,0,Premier League,2004,2004/2005
Portsmouth FC,Lomana LuaLua,23,Centre-Forward,Newcastle,"End of loanJun 30, 2004",out,Summer,0,Premier League,2004,2004/2005
Portsmouth FC,Petri Pasanen,23,Centre-Back,Ajax,"End of loanJun 30, 2004",out,Summer,0,Premier League,2004,2004/2005
Tottenham Hotspur,Sean Davis,24,Defensive Midfield,Fulham,£4.68m,in,Summer,4.68,Premier League,2004,2004/2005
Tottenham Hotspur,Thimothée Atouba,22,Left-Back,FC Basel,£4.05m,in,Summer,4.05,Premier League,2004,2004/2005
Tottenham Hotspur,Michael Carrick,23,Defensive Midfield,West Ham,£3.69m,in,Summer,3.69,Premier League,2004,2004/2005
Tottenham Hotspur,Paul Robinson,24,Goalkeeper,Leeds,£2.70m,in,Summer,2.7,Premier League,2004,2004/2005
Tottenham Hotspur,Pedro Mendes,25,Defensive Midfield,FC Porto,£2.70m,in,Summer,2.7,Premier League,2004,2004/2005
Tottenham Hotspur,Noé Pamarot,25,Centre-Back,OGC Nice,£2.16m,in,Summer,2.16,Premier League,2004,2004/2005
Tottenham Hotspur,Erik Edman,25,Left-Back,Heerenveen,£1.80m,in,Summer,1.8,Premier League,2004,2004/2005
Tottenham Hotspur,Calum Davenport,21,defence,Coventry,£1.62m,in,Summer,1.62,Premier League,2004,2004/2005
Tottenham Hotspur,Reto Ziegler,18,Centre-Back,Grasshoppers,£900Th.,in,Summer,0.9,Premier League,2004,2004/2005
Tottenham Hotspur,Noureddine Naybet,34,Centre-Back,Dep. La Coruña,£900Th.,in,Summer,0.9,Premier League,2004,2004/2005
Tottenham Hotspur,Márton Fülöp,21,Goalkeeper,MTK Budapest,£675Th.,in,Summer,0.675,Premier League,2004,2004/2005
Tottenham Hotspur,Leigh Mills,16,Centre-Back,Swindon U18,£203Th.,in,Summer,0.203,Premier League,2004,2004/2005
Tottenham Hotspur,Edson,20,Centre-Forward,PSV Eindhoven,free transfer,in,Summer,NA,Premier League,2004,2004/2005
Tottenham Hotspur,Philip Ifil,17,Right-Back,Spurs U18,-,in,Summer,0,Premier League,2004,2004/2005
Tottenham Hotspur,Sergiy Rebrov,30,Second Striker,Fenerbahce,"End of loanJun 30, 2004",in,Summer,0,Premier League,2004,2004/2005
Tottenham Hotspur,Milenko Acimovic,27,Left Midfield,LOSC Lille,"End of loanJun 30, 2004",in,Summer,0,Premier League,2004,2004/2005
Tottenham Hotspur,Calum Davenport,22,defence,Southampton,"End of loanMay 1, 2005",in,Summer,0,Premier League,2004,2004/2005
Tottenham Hotspur,Márton Fülöp,21,Goalkeeper,Chesterfield FC,"End of loanMay 1, 2005",in,Summer,0,Premier League,2004,2004/2005
Tottenham Hotspur,Rob Burch,20,Goalkeeper,Stevenage,"End of loanSep 1, 2004",in,Summer,0,Premier League,2004,2004/2005
Tottenham Hotspur,Mark Yeates,19,Left Winger,Swindon Town,"End of loanSep 1, 2004",in,Summer,0,Premier League,2004,2004/2005
Tottenham Hotspur,Rob Burch,21,Goalkeeper,Stevenage,"End of loanMay 1, 2005",in,Summer,0,Premier League,2004,2004/2005
Tottenham Hotspur,Hélder Postiga,21,Centre-Forward,FC Porto,£6.75m,out,Summer,6.75,Premier League,2004,2004/2005
Tottenham Hotspur,Stephen Carr,27,Right-Back,Newcastle,£2.70m,out,Summer,2.7,Premier League,2004,2004/2005
Tottenham Hotspur,Gary Doherty,24,Centre-Back,Norwich,free transfer,out,Summer,NA,Premier League,2004,2004/2005
Tottenham Hotspur,David Galbraith,20,Left Midfield,Northampton,free transfer,out,Summer,NA,Premier League,2004,2004/2005
Tottenham Hotspur,Ben Bowditch,20,midfield,Colchester Utd.,free transfer,out,Summer,NA,Premier League,2004,2004/2005
Tottenham Hotspur,Danny Foster,19,Right-Back,Dag & Red FC,free transfer,out,Summer,NA,Premier League,2004,2004/2005
Tottenham Hotspur,Sergiy Rebrov,30,Second Striker,West Ham,free transfer,out,Summer,NA,Premier League,2004,2004/2005
Tottenham Hotspur,Milenko Acimovic,27,Left Midfield,LOSC Lille,free transfer,out,Summer,NA,Premier League,2004,2004/2005
Tottenham Hotspur,Darren Anderton,32,Right Midfield,Birmingham,free transfer,out,Summer,NA,Premier League,2004,2004/2005
Tottenham Hotspur,Christian Ziege,32,Left Midfield,Bor. M'gladbach,free transfer,out,Summer,NA,Premier League,2004,2004/2005
Tottenham Hotspur,Lars Hirschfeld,25,Goalkeeper,Dundee United,free transfer,out,Summer,NA,Premier League,2004,2004/2005
Tottenham Hotspur,Calum Davenport,21,defence,West Ham,loan transfer,out,Summer,NA,Premier League,2004,2004/2005
Tottenham Hotspur,Mark Yeates,19,Left Winger,Swindon Town,loan transfer,out,Summer,NA,Premier League,2004,2004/2005
Tottenham Hotspur,Rohan Ricketts,21,Attacking Midfield,Coventry,loan transfer,out,Summer,NA,Premier League,2004,2004/2005
Tottenham Hotspur,Rob Burch,20,Goalkeeper,Stevenage,loan transfer,out,Summer,NA,Premier League,2004,2004/2005
Tottenham Hotspur,Gustavo Poyet,36,Attacking Midfield,Retired,-,out,Summer,0,Premier League,2004,2004/2005
Tottenham Hotspur,David Limbersky,21,Left-Back,Viktoria Plzen,"End of loanMay 1, 2005",out,Summer,0,Premier League,2004,2004/2005
Tottenham Hotspur,Stéphane Dalmat,25,Central Midfield,Inter,"End of loanJun 30, 2004",out,Summer,0,Premier League,2004,2004/2005
Blackburn Rovers,Morten Gamst Pedersen,22,Central Midfield,Tromsø IL,£2.03m,in,Summer,2.03,Premier League,2004,2004/2005
Blackburn Rovers,Paul Dickov,31,Centre-Forward,Leicester,£203Th.,in,Summer,0.203,Premier League,2004,2004/2005
Blackburn Rovers,Javi de Pedro,30,Left Midfield,Real Sociedad,free transfer,in,Summer,NA,Premier League,2004,2004/2005
Blackburn Rovers,Dominic Matteo,30,Left-Back,Leeds,free transfer,in,Summer,NA,Premier League,2004,2004/2005
Blackburn Rovers,Jay Bothroyd,22,Centre-Forward,Perugia,loan transfer,in,Summer,NA,Premier League,2004,2004/2005
Blackburn Rovers,Youri Djorkaeff,36,Attacking Midfield,Without Club,-,in,Summer,0,Premier League,2004,2004/2005
Blackburn Rovers,Paul Weaver,18,midfield,Blackburn U18,-,in,Summer,0,Premier League,2004,2004/2005
Blackburn Rovers,Jemal Johnson,19,Left Winger,Blackburn U18,-,in,Summer,0,Premier League,2004,2004/2005
Blackburn Rovers,Neil Danns,21,Central Midfield,Hartlepool,"End of loanJun 30, 2004",in,Summer,0,Premier League,2004,2004/2005
Blackburn Rovers,Egil Östenstad,32,Centre-Forward,Rangers,"End of loanJun 30, 2004",in,Summer,0,Premier League,2004,2004/2005
Blackburn Rovers,Michael Gray,30,Left-Back,Leeds,"End of loanMay 9, 2005",in,Summer,0,Premier League,2004,2004/2005
Blackburn Rovers,Alan Morgan,21,Left Midfield,Cheltenham,"End of loanMay 1, 2005",in,Summer,0,Premier League,2004,2004/2005
Blackburn Rovers,Jonathan Douglas,23,Central Midfield,Gillingham FC,"End of loanMay 31, 2005",in,Summer,0,Premier League,2004,2004/2005
Blackburn Rovers,Dwight Yorke,32,Centre-Forward,Birmingham,£360Th.,out,Summer,0.36,Premier League,2004,2004/2005
Blackburn Rovers,Egil Östenstad,32,Centre-Forward,Viking FK,free transfer,out,Summer,NA,Premier League,2004,2004/2005
Blackburn Rovers,Gordon Greer,23,Centre-Back,Kilmarnock FC,free transfer,out,Summer,NA,Premier League,2004,2004/2005
Blackburn Rovers,Michael Taylor,21,Centre-Back,Cheltenham,free transfer,out,Summer,NA,Premier League,2004,2004/2005
Blackburn Rovers,Andy Cole,32,Centre-Forward,Fulham,free transfer,out,Summer,NA,Premier League,2004,2004/2005
Blackburn Rovers,Neil Danns,21,Central Midfield,Colchester Utd.,loan transfer,out,Summer,NA,Premier League,2004,2004/2005
Blackburn Rovers,Paul Weaver,18,midfield,Cercle Brugge,loan transfer,out,Summer,NA,Premier League,2004,2004/2005
Blackburn Rovers,Jerome Watt,19,Central Midfield,Cercle Brugge,loan transfer,out,Summer,NA,Premier League,2004,2004/2005
Blackburn Rovers,Alan Kelly,35,Goalkeeper,Retired,-,out,Summer,0,Premier League,2004,2004/2005
Blackburn Rovers,Martin Andresen,27,Central Midfield,Stabæk Fotball,"End of loanJun 30, 2004",out,Summer,0,Premier League,2004,2004/2005
Blackburn Rovers,Jay Bothroyd,22,Centre-Forward,Perugia,"End of loanMay 1, 2005",out,Summer,0,Premier League,2004,2004/2005
Blackburn Rovers,Markus Babbel,31,Centre-Back,Liverpool,"End of loanJun 30, 2004",out,Summer,0,Premier League,2004,2004/2005
Manchester City,Ben Thatcher,28,Left-Back,Leicester,£1.35m,in,Summer,1.35,Premier League,2004,2004/2005
Manchester City,Geert De Vlieger,32,Goalkeeper,Willem II,free transfer,in,Summer,NA,Premier League,2004,2004/2005
Manchester City,Ronald Waterreus,33,Goalkeeper,PSV Eindhoven,free transfer,in,Summer,NA,Premier League,2004,2004/2005
Manchester City,Danny Mills,27,Right-Back,Leeds,free transfer,in,Summer,NA,Premier League,2004,2004/2005
Manchester City,Lee Croft,19,Right Midfield,Man City U18,-,in,Summer,0,Premier League,2004,2004/2005
Manchester City,Nedum Onuoha,17,Centre-Back,Man City U18,-,in,Summer,0,Premier League,2004,2004/2005
Manchester City,Marc Laird,18,Central Midfield,Man City U18,-,in,Summer,0,Premier League,2004,2004/2005
Manchester City,David Sommeil,29,Centre-Back,Marseille,"End of loanJun 30, 2004",in,Summer,0,Premier League,2004,2004/2005
Manchester City,Dorryl Proffitt,19,Centre-Forward,Coventry,"End of loanJun 30, 2004",in,Summer,0,Premier League,2004,2004/2005
Manchester City,Karl Bermingham,19,Centre-Forward,Lincoln City,"End of loanMay 1, 2005",in,Summer,0,Premier League,2004,2004/2005
Manchester City,Christian Negouai,27,Defensive Midfield,Coventry,"End of loanMay 9, 2005",in,Summer,0,Premier League,2004,2004/2005
Manchester City,Keiren Westwood,19,Goalkeeper,Carlisle United,free transfer,out,Summer,NA,Premier League,2004,2004/2005
Manchester City,Chris Shuker,22,Right Midfield,Barnsley FC,free transfer,out,Summer,NA,Premier League,2004,2004/2005
Manchester City,Michael Tarnat,34,Left-Back,Hannover 96,free transfer,out,Summer,NA,Premier League,2004,2004/2005
Manchester City,Danny Tiatto,31,Left-Back,Leicester,free transfer,out,Summer,NA,Premier League,2004,2004/2005
Manchester City,Gerard Wiekens,31,Centre-Back,SC Veendam,free transfer,out,Summer,NA,Premier League,2004,2004/2005
Manchester City,Mikkel Bischoff,22,Centre-Back,Wolves,loan transfer,out,Summer,NA,Premier League,2004,2004/2005
Manchester City,Mark Redshaw,19,Second Striker,Radcliffe,?,out,Summer,NA,Premier League,2004,2004/2005
Manchester City,Árni Arason,29,Goalkeeper,Vålerenga,?,out,Summer,NA,Premier League,2004,2004/2005
Manchester City,Steve McManaman,33,Right Midfield,Retired,-,out,Summer,0,Premier League,2004,2004/2005
Manchester City,Daniel Van Buyten,26,Centre-Back,Marseille,"End of loanJun 30, 2004",out,Summer,0,Premier League,2004,2004/2005
Everton FC,Tim Cahill,24,Attacking Midfield,Millwall,£1.98m,in,Summer,1.98,Premier League,2004,2004/2005
Everton FC,Marcus Bent,26,Centre-Forward,Ipswich,£608Th.,in,Summer,0.608,Premier League,2004,2004/2005
Everton FC,Eddy Bosnar,24,Centre-Back,Sturm Graz,free transfer,in,Summer,NA,Premier League,2004,2004/2005
Everton FC,Stephen Connor,15,Centre-Forward,Everton U18,-,in,Summer,0,Premier League,2004,2004/2005
Everton FC,Iain Turner,21,Goalkeeper,Doncaster,"End of loanMay 1, 2005",in,Summer,0,Premier League,2004,2004/2005
Everton FC,Wayne Rooney,18,Centre-Forward,Man Utd,£33.30m,out,Summer,33.3,Premier League,2004,2004/2005
Everton FC,Tomasz Radzinski,30,Centre-Forward,Fulham,£2.70m,out,Summer,2.7,Premier League,2004,2004/2005
Everton FC,Tobias Linderoth,25,Defensive Midfield,FC Copenhagen,£1.44m,out,Summer,1.44,Premier League,2004,2004/2005
Everton FC,Peter Clarke,22,Centre-Back,Blackpool,free transfer,out,Summer,NA,Premier League,2004,2004/2005
Everton FC,Paul Gerrard,31,Goalkeeper,Nottm Forest,free transfer,out,Summer,NA,Premier League,2004,2004/2005
Everton FC,Steven Schumacher,20,Central Midfield,Bradford,free transfer,out,Summer,NA,Premier League,2004,2004/2005
Everton FC,David Unsworth,30,Left-Back,Portsmouth,free transfer,out,Summer,NA,Premier League,2004,2004/2005
Everton FC,Steve Simonsen,25,Goalkeeper,Stoke City,free transfer,out,Summer,NA,Premier League,2004,2004/2005
Everton FC,Niclas Alexandersson,32,Right Midfield,IFK Göteborg,free transfer,out,Summer,NA,Premier League,2004,2004/2005
Everton FC,Scot Gemmill,33,Central Midfield,Leicester,free transfer,out,Summer,NA,Premier League,2004,2004/2005
Everton FC,Mikel Arteta,23,Central Midfield,Real Sociedad,"End of loanMay 16, 2005",out,Summer,0,Premier League,2004,2004/2005
Everton FC,Ibrahim Said,23,Centre-Back,El Ahly,"End of loanJun 30, 2004",out,Summer,0,Premier League,2004,2004/2005
Norwich City,Mattias Jonson,30,Centre-Forward,Bröndby IF,£1.22m,in,Summer,1.22,Premier League,2004,2004/2005
Norwich City,Youssef Safri,27,Defensive Midfield,Coventry,£675Th.,in,Summer,0.675,Premier League,2004,2004/2005
Norwich City,Simon Charlton,32,Left-Back,Bolton,£338Th.,in,Summer,0.338,Premier League,2004,2004/2005
Norwich City,Gary Doherty,24,Centre-Back,Spurs,free transfer,in,Summer,NA,Premier League,2004,2004/2005
Norwich City,Darren Ward,30,Goalkeeper,Nottm Forest,free transfer,in,Summer,NA,Premier League,2004,2004/2005
Norwich City,Thomas Helveg,33,Right-Back,Inter,free transfer,in,Summer,NA,Premier League,2004,2004/2005
Norwich City,Paul Gallacher,24,Goalkeeper,Dundee United,free transfer,in,Summer,NA,Premier League,2004,2004/2005
Norwich City,David Bentley,19,Right Midfield,Arsenal,loan transfer,in,Summer,NA,Premier League,2004,2004/2005
Norwich City,Mathias Svensson,29,Centre-Forward,Charlton,£45Th.,in,Summer,0.045,Premier League,2004,2004/2005
Norwich City,Danny Crow,18,Centre-Forward,Norwich U18,-,in,Summer,0,Premier League,2004,2004/2005
Norwich City,Keith Briggs,22,Central Midfield,Crewe Alexandra,"End of loanSep 5, 2004",in,Summer,0,Premier League,2004,2004/2005
Norwich City,Paul Gallacher,25,Goalkeeper,Sheff Wed,"End of loanMay 1, 2005",in,Summer,0,Premier League,2004,2004/2005
Norwich City,Ryan Jarvis,18,Centre-Forward,Colchester Utd.,"End of loanMay 1, 2005",in,Summer,0,Premier League,2004,2004/2005
Norwich City,Zema Abbey,27,Centre-Forward,Boston Utd,"End of loanSep 1, 2004",in,Summer,0,Premier League,2004,2004/2005
Norwich City,Malky Mackay,32,Centre-Back,West Ham,£405Th.,out,Summer,0.405,Premier League,2004,2004/2005
Norwich City,Paul Crichton,35,Goalkeeper,York City,free transfer,out,Summer,NA,Premier League,2004,2004/2005
Norwich City,Zema Abbey,27,Centre-Forward,Wycombe,free transfer,out,Summer,NA,Premier League,2004,2004/2005
Norwich City,Clint Easton,26,Left-Back,Wycombe,free transfer,out,Summer,NA,Premier League,2004,2004/2005
Norwich City,Dean Sinclair,19,Right Winger,Barnet,free transfer,out,Summer,NA,Premier League,2004,2004/2005
Norwich City,Mark Rivers,28,Centre-Forward,Crewe Alexandra,free transfer,out,Summer,NA,Premier League,2004,2004/2005
Norwich City,Iwan Roberts,36,Centre-Forward,Gillingham FC,free transfer,out,Summer,NA,Premier League,2004,2004/2005
Norwich City,Keith Briggs,22,Central Midfield,Crewe Alexandra,loan transfer,out,Summer,NA,Premier League,2004,2004/2005
Norwich City,Zema Abbey,27,Centre-Forward,Boston Utd,loan transfer,out,Summer,NA,Premier League,2004,2004/2005
West Bromwich Albion,Robert Earnshaw,23,Centre-Forward,Cardiff,£4.05m,in,Summer,4.05,Premier League,2004,2004/2005
West Bromwich Albion,Martin Albrechtsen,24,Centre-Back,FC Copenhagen,£3.38m,in,Summer,3.38,Premier League,2004,2004/2005
West Bromwich Albion,Zoltán Gera,25,Central Midfield,Ferencváros,£2.03m,in,Summer,2.03,Premier League,2004,2004/2005
West Bromwich Albion,Jonathan Greening,25,Central Midfield,Middlesbrough,£1.58m,in,Summer,1.58,Premier League,2004,2004/2005
West Bromwich Albion,Darren Purse,27,Centre-Back,Birmingham,£810Th.,in,Summer,0.81,Premier League,2004,2004/2005
West Bromwich Albion,Junichi Inamoto,24,Defensive Midfield,Gamba Osaka,£270Th.,in,Summer,0.27,Premier League,2004,2004/2005
West Bromwich Albion,Riccardo Scimeca,29,Centre-Back,Leicester,£135Th.,in,Summer,0.135,Premier League,2004,2004/2005
West Bromwich Albion,Tomasz Kuszczak,22,Goalkeeper,Hertha BSC,free transfer,in,Summer,NA,Premier League,2004,2004/2005
West Bromwich Albion,Nwankwo Kanu,27,Centre-Forward,Arsenal,free transfer,in,Summer,NA,Premier League,2004,2004/2005
West Bromwich Albion,Cosmin Contra,28,Right-Back,Atlético Madrid,loan transfer,in,Summer,NA,Premier League,2004,2004/2005
West Bromwich Albion,Philip Midworth,19,Centre-Back,West Brom U18,-,in,Summer,0,Premier League,2004,2004/2005
West Bromwich Albion,Joe Murphy,23,Goalkeeper,Walsall,"End of loanMay 1, 2005",in,Summer,0,Premier League,2004,2004/2005
West Bromwich Albion,Rob Hulse,25,Centre-Forward,Leeds,"End of loanMay 1, 2005",in,Summer,0,Premier League,2004,2004/2005
West Bromwich Albion,Sean Gregan,30,Centre-Back,Leeds,£675Th.,out,Summer,0.675,Premier League,2004,2004/2005
West Bromwich Albion,James Chambers,23,Right-Back,Watford,£338Th.,out,Summer,0.338,Premier League,2004,2004/2005
West Bromwich Albion,Ross Adams,21,defence,Hednesford,free transfer,out,Summer,NA,Premier League,2004,2004/2005
West Bromwich Albion,Lee Marshall,25,Central Midfield,Hull City,free transfer,out,Summer,NA,Premier League,2004,2004/2005
West Bromwich Albion,Joost Volmer,30,Centre-Back,FC Den Bosch,free transfer,out,Summer,NA,Premier League,2004,2004/2005
West Bromwich Albion,Phil Gilchrist,30,Centre-Back,Rotherham,free transfer,out,Summer,NA,Premier League,2004,2004/2005
West Bromwich Albion,Mark Kinsella,31,Defensive Midfield,Walsall,free transfer,out,Summer,NA,Premier League,2004,2004/2005
West Bromwich Albion,Joe Murphy,23,Goalkeeper,Walsall,loan transfer,out,Summer,NA,Premier League,2004,2004/2005
West Bromwich Albion,Simon Brown,20,midfield,Kidderminster,loan transfer,out,Summer,NA,Premier League,2004,2004/2005
West Bromwich Albion,Lee Hughes,28,Centre-Forward,Career break,-,out,Summer,0,Premier League,2004,2004/2005
West Bromwich Albion,Alassane N'Dour,22,Defensive Midfield,Saint-Étienne,"End of loanJun 30, 2004",out,Summer,0,Premier League,2004,2004/2005
West Bromwich Albion,Kieran Richardson,20,Left-Back,Man Utd,"End of loanMay 31, 2005",out,Summer,0,Premier League,2004,2004/2005
West Bromwich Albion,Morten Skoubo,24,Centre-Forward,Bor. M'gladbach,"End of loanJun 30, 2004",out,Summer,0,Premier League,2004,2004/2005
Crystal Palace,Fitz Hall,23,Centre-Back,Southampton,£2.03m,in,Summer,2.03,Premier League,2004,2004/2005
Crystal Palace,Sándor Torghelle,22,Centre-Forward,MTK Budapest,£990Th.,in,Summer,0.99,Premier League,2004,2004/2005
Crystal Palace,Julián Speroni,25,Goalkeeper,Dundee FC,£900Th.,in,Summer,0.9,Premier League,2004,2004/2005
Crystal Palace,Joonas Kolkka,29,Right Winger,Bor. M'gladbach,£630Th.,in,Summer,0.63,Premier League,2004,2004/2005
Crystal Palace,Wayne Andrews,26,attack,Colchester Utd.,£90Th.,in,Summer,0.09,Premier League,2004,2004/2005
Crystal Palace,Emmerson Boyce,24,Right-Back,Luton,free transfer,in,Summer,NA,Premier League,2004,2004/2005
Crystal Palace,Mark Hudson,22,Centre-Back,Fulham,free transfer,in,Summer,NA,Premier League,2004,2004/2005
Crystal Palace,Gábor Király,28,Goalkeeper,Hertha BSC,free transfer,in,Summer,NA,Premier League,2004,2004/2005
Crystal Palace,Gonzalo Sorondo,24,Centre-Back,Inter,loan transfer,in,Summer,NA,Premier League,2004,2004/2005
Crystal Palace,Anthony Danze,20,midfield,Perth Glory,?,in,Summer,NA,Premier League,2004,2004/2005
Crystal Palace,Iván Kaviedes,26,Centre-Forward,Barcelona SC,?,in,Summer,NA,Premier League,2004,2004/2005
Crystal Palace,Nicola Ventola,26,Centre-Forward,Inter,loan transfer,in,Summer,NA,Premier League,2004,2004/2005
Crystal Palace,Sam Togwell,19,Defensive Midfield,Palace U23,-,in,Summer,0,Premier League,2004,2004/2005
Crystal Palace,Tom Soares,17,Central Midfield,Palace U18,-,in,Summer,0,Premier League,2004,2004/2005
Crystal Palace,Tommy Black,24,Right Midfield,Sheff Utd,"End of loanOct 1, 2004",in,Summer,0,Premier League,2004,2004/2005
Crystal Palace,Jamie Smith,29,Right-Back,Bristol City,free transfer,out,Summer,NA,Premier League,2004,2004/2005
Crystal Palace,Gavin Heeroo,19,midfield,Billericay,free transfer,out,Summer,NA,Premier League,2004,2004/2005
Crystal Palace,Tariq Nabil,19,Attacking Midfield,FC Windsor,free transfer,out,Summer,NA,Premier League,2004,2004/2005
Crystal Palace,Curtis Fleming,35,Right-Back,Darlington,free transfer,out,Summer,NA,Premier League,2004,2004/2005
Crystal Palace,Julian Gray,24,Centre-Forward,Birmingham,free transfer,out,Summer,NA,Premier League,2004,2004/2005
Crystal Palace,Tommy Black,24,Right Midfield,Sheff Utd,loan transfer,out,Summer,NA,Premier League,2004,2004/2005
Crystal Palace,Gareth Williams,21,Attacking Midfield,Colchester Utd.,?,out,Summer,NA,Premier League,2004,2004/2005
Crystal Palace,Matt Clarke,30,Goalkeeper,Retired,-,out,Summer,0,Premier League,2004,2004/2005
Crystal Palace,Nico Vaesen,34,Goalkeeper,Birmingham,"End of loanJun 30, 2004",out,Summer,0,Premier League,2004,2004/2005
Crystal Palace,Gonzalo Sorondo,25,Centre-Back,Inter,"End of loanMay 31, 2005",out,Summer,0,Premier League,2004,2004/2005
Arsenal FC,Emmanuel Eboué,21,Right-Back,KSK Beveren,£1.98m,in,Winter,1.98,Premier League,2004,2004/2005
Arsenal FC,Daniel Karbassiyoon,20,Left-Back,Ipswich,"End of loanMar 1, 2005",in,Winter,0,Premier League,2004,2004/2005
Arsenal FC,David Bentley,20,Right Midfield,Norwich,"End of loanApr 1, 2005",in,Winter,0,Premier League,2004,2004/2005
Arsenal FC,Stuart Taylor,24,Goalkeeper,Leicester,"End of loanDec 31, 2004",in,Winter,0,Premier League,2004,2004/2005
Arsenal FC,Frank Simek,20,Right-Back,QPR,"End of loanNov 1, 2004",in,Winter,0,Premier League,2004,2004/2005
Arsenal FC,Stuart Taylor,23,Goalkeeper,Leicester,loan transfer,out,Winter,NA,Premier League,2004,2004/2005
Arsenal FC,Daniel Karbassiyoon,20,Left-Back,Ipswich,loan transfer,out,Winter,NA,Premier League,2004,2004/2005
Arsenal FC,Frank Simek,20,Right-Back,Bournemouth,loan transfer,out,Winter,NA,Premier League,2004,2004/2005
Arsenal FC,Jermaine Pennant,22,Right Winger,Birmingham,loan transfer,out,Winter,NA,Premier League,2004,2004/2005
Chelsea FC,Jiri Jarosik,27,Centre-Back,CSKA Moscow,£10.80m,in,Winter,10.8,Premier League,2004,2004/2005
Chelsea FC,Sebastian Kneißl,21,Attacking Midfield,KVC Westerlo,"End of loanDec 31, 2004",in,Winter,0,Premier League,2004,2004/2005
Chelsea FC,Filipe Oliveira,20,Right Winger,Preston,"End of loanDec 31, 2004",in,Winter,0,Premier League,2004,2004/2005
Chelsea FC,Mikael Forssell,23,Centre-Forward,Birmingham,"End of loanJan 6, 2005",in,Winter,0,Premier League,2004,2004/2005
Chelsea FC,Craig Rocastle,23,Right Midfield,Hibernian FC,"End of loanJan 4, 2005",in,Winter,0,Premier League,2004,2004/2005
Chelsea FC,Celestine Babayaro,26,Left-Back,Newcastle,free transfer,out,Winter,NA,Premier League,2004,2004/2005
Chelsea FC,Craig Rocastle,23,Right Midfield,Sheff Wed,free transfer,out,Winter,NA,Premier League,2004,2004/2005
Manchester United,Giuseppe Rossi,17,Centre-Forward,Man Utd U18,-,in,Winter,0,Premier League,2004,2004/2005
Manchester United,Colin Heath,21,Centre-Forward,Cambridge Utd.,"End of loanDec 31, 2004",in,Winter,0,Premier League,2004,2004/2005
Manchester United,Eric Djemba Djemba,23,Defensive Midfield,Aston Villa,£2.29m,out,Winter,2.29,Premier League,2004,2004/2005
Manchester United,Bojan Djordjic,22,Left Winger,Rangers,free transfer,out,Winter,NA,Premier League,2004,2004/2005
Manchester United,Colin Heath,20,Centre-Forward,Cambridge Utd.,loan transfer,out,Winter,NA,Premier League,2004,2004/2005
Manchester United,Paul Tierney,22,Left-Back,Bradford,loan transfer,out,Winter,NA,Premier League,2004,2004/2005
Manchester United,Kieran Richardson,20,Left-Back,West Brom,loan transfer,out,Winter,NA,Premier League,2004,2004/2005
Manchester United,Chris Eagles,19,Right Winger,Watford,loan transfer,out,Winter,NA,Premier League,2004,2004/2005
Liverpool FC,Fernando Morientes,28,Centre-Forward,Real Madrid,£8.33m,in,Winter,8.33,Premier League,2004,2004/2005
Liverpool FC,Scott Carson,19,Goalkeeper,Leeds,£1.26m,in,Winter,1.26,Premier League,2004,2004/2005
Liverpool FC,Mauricio Pellegrino,33,Centre-Back,Valencia,free transfer,in,Winter,NA,Premier League,2004,2004/2005
Liverpool FC,Anthony Le Tallec,20,Centre-Forward,Saint-Étienne,"End of loanJan 25, 2005",in,Winter,0,Premier League,2004,2004/2005
Liverpool FC,Jon Otsemobor,21,Right-Back,Crewe Alexandra,"End of loanJan 1, 2005",in,Winter,0,Premier League,2004,2004/2005
Liverpool FC,Paul Harrison,20,Goalkeeper,Leeds,"End of loanDec 31, 2004",in,Winter,0,Premier League,2004,2004/2005
Liverpool FC,Stéphane Henchoz,30,Centre-Back,Celtic,free transfer,out,Winter,NA,Premier League,2004,2004/2005
Liverpool FC,John-Paul Kelly,17,Central Midfield,Bohemians,free transfer,out,Winter,NA,Premier League,2004,2004/2005
Liverpool FC,Robbie Foy,19,Left Winger,Chester City,loan transfer,out,Winter,NA,Premier League,2004,2004/2005
Liverpool FC,Salif Diao,27,Defensive Midfield,Birmingham,loan transfer,out,Winter,NA,Premier League,2004,2004/2005
Newcastle United,Jean-Alain Boumsong,25,Centre-Back,Rangers,£10.17m,in,Winter,10.17,Premier League,2004,2004/2005
Newcastle United,Amdy Fayé,27,Defensive Midfield,Portsmouth,£2.70m,in,Winter,2.7,Premier League,2004,2004/2005
Newcastle United,Celestine Babayaro,26,Left-Back,Chelsea,free transfer,in,Winter,NA,Premier League,2004,2004/2005
Newcastle United,Peter Ramage,21,Centre-Back,Newcastle Res.,-,in,Winter,0,Premier League,2004,2004/2005
Newcastle United,Olivier Bernard,25,Left-Back,Southampton,£540Th.,out,Winter,0.54,Premier League,2004,2004/2005
Newcastle United,Ronny Johnsen,35,Centre-Back,Vålerenga,free transfer,out,Winter,NA,Premier League,2004,2004/2005
Newcastle United,Craig Bellamy,25,Left Winger,Celtic,loan transfer,out,Winter,NA,Premier League,2004,2004/2005
Newcastle United,Stephen Brennan,21,Defensive Midfield,Shelbourne,loan transfer,out,Winter,NA,Premier League,2004,2004/2005
Aston Villa,Eric Djemba Djemba,23,Defensive Midfield,Man Utd,£2.29m,in,Winter,2.29,Premier League,2004,2004/2005
Aston Villa,Stephen Cooke,21,Right Midfield,Wycombe,"End of loanDec 31, 2004",in,Winter,0,Premier League,2004,2004/2005
Aston Villa,Wayne Henderson,21,Goalkeeper,Notts County,"End of loanDec 31, 2004",in,Winter,0,Premier League,2004,2004/2005
Aston Villa,Peter Whittingham,20,Central Midfield,Burnley,"End of loanMar 16, 2005",in,Winter,0,Premier League,2004,2004/2005
Aston Villa,Gary Cahill,18,Centre-Back,Burnley,loan transfer,out,Winter,NA,Premier League,2004,2004/2005
Aston Villa,Stephen Cooke,21,Right Midfield,Wycombe,loan transfer,out,Winter,NA,Premier League,2004,2004/2005
Aston Villa,Peter Whittingham,20,Central Midfield,Burnley,loan transfer,out,Winter,NA,Premier League,2004,2004/2005
Aston Villa,Stefan Moore,21,Centre-Forward,Leicester,loan transfer,out,Winter,NA,Premier League,2004,2004/2005
Charlton Athletic,Paul Rachubka,23,Goalkeeper,Northampton,"End of loanNov 3, 2004",in,Winter,0,Premier League,2004,2004/2005
Charlton Athletic,Simon Royce,33,Goalkeeper,Luton,"End of loanNov 1, 2004",in,Winter,0,Premier League,2004,2004/2005
Charlton Athletic,Rob Elliot,18,Goalkeeper,Bishop's St.,"End of loanDec 1, 2004",in,Winter,0,Premier League,2004,2004/2005
Charlton Athletic,Chris Powell,35,Left-Back,West Ham,free transfer,out,Winter,NA,Premier League,2004,2004/2005
Charlton Athletic,Paul Rachubka,23,Goalkeeper,Huddersfield,free transfer,out,Winter,NA,Premier League,2004,2004/2005
Charlton Athletic,Michael Turner,21,Centre-Back,Brentford,free transfer,out,Winter,NA,Premier League,2004,2004/2005
Charlton Athletic,Simon Royce,33,Goalkeeper,QPR,free transfer,out,Winter,NA,Premier League,2004,2004/2005
Charlton Athletic,Rob Elliot,18,Goalkeeper,Notts County,loan transfer,out,Winter,NA,Premier League,2004,2004/2005
Charlton Athletic,Graham Stuart,34,Attacking Midfield,Norwich,free transfer,out,Winter,NA,Premier League,2004,2004/2005
Bolton Wanderers,Vincent Candela,31,Left-Back,AS Roma,free transfer,in,Winter,NA,Premier League,2004,2004/2005
Bolton Wanderers,Khalilou Fadiga,30,Left Winger,Without Club,-,in,Winter,0,Premier League,2004,2004/2005
Bolton Wanderers,Jardel,31,Centre-Forward,Newell's,"End of loanDec 31, 2004",in,Winter,0,Premier League,2004,2004/2005
Bolton Wanderers,Ricky Shakes,20,Right Midfield,Bristol Rovers,"End of loanMar 9, 2005",in,Winter,0,Premier League,2004,2004/2005
Bolton Wanderers,Donovan Ricketts,27,Goalkeeper,Bradford,"End of loanApr 1, 2005",in,Winter,0,Premier League,2004,2004/2005
Bolton Wanderers,Danny Livesey,20,Centre-Back,Carlisle United,free transfer,out,Winter,NA,Premier League,2004,2004/2005
Bolton Wanderers,Les Ferdinand,38,Centre-Forward,Reading,free transfer,out,Winter,NA,Premier League,2004,2004/2005
Bolton Wanderers,Blessing Kaku,26,Attacking Midfield,Derby,loan transfer,out,Winter,NA,Premier League,2004,2004/2005
Bolton Wanderers,Florent Laville,31,Centre-Back,Coventry,loan transfer,out,Winter,NA,Premier League,2004,2004/2005
Bolton Wanderers,Ricky Shakes,20,Right Midfield,Bristol Rovers,loan transfer,out,Winter,NA,Premier League,2004,2004/2005
Bolton Wanderers,Ricky Shakes,20,Right Midfield,Bury,loan transfer,out,Winter,NA,Premier League,2004,2004/2005
Bolton Wanderers,Andy Oakes,28,Goalkeeper,Derby,"End of loanFeb 1, 2005",out,Winter,0,Premier League,2004,2004/2005
Fulham FC,Liam Fontaine,18,Centre-Back,Yeovil Town,"End of loanDec 1, 2004",in,Winter,0,Premier League,2004,2004/2005
Fulham FC,Stuart Noble,21,Centre-Forward,Torquay,"End of loanDec 31, 2004",in,Winter,0,Premier League,2004,2004/2005
Fulham FC,Dean Leacock,20,Centre-Back,Coventry,"End of loanFeb 1, 2005",in,Winter,0,Premier League,2004,2004/2005
Fulham FC,Adam Green,21,Left-Back,Sheff Wed,"End of loanFeb 25, 2005",in,Winter,0,Premier League,2004,2004/2005
Fulham FC,Ross Flitney,20,Goalkeeper,Doncaster,"End of loanFeb 1, 2005",in,Winter,0,Premier League,2004,2004/2005
Fulham FC,Stuart Noble,21,Centre-Forward,Northampton,free transfer,out,Winter,NA,Premier League,2004,2004/2005
Fulham FC,Andy Cole,33,Centre-Forward,Man City,free transfer,out,Winter,NA,Premier League,2004,2004/2005
Fulham FC,Liam Fontaine,18,Centre-Back,Kilmarnock FC,loan transfer,out,Winter,NA,Premier League,2004,2004/2005
Fulham FC,Elvis Hammond,24,Centre-Forward,RBC Roosendaal,loan transfer,out,Winter,NA,Premier League,2004,2004/2005
Fulham FC,Darren Pratley,19,Central Midfield,Brentford,loan transfer,out,Winter,NA,Premier League,2004,2004/2005
Fulham FC,Adam Green,21,Left-Back,Bournemouth,loan transfer,out,Winter,NA,Premier League,2004,2004/2005
Fulham FC,Adam Green,21,Left-Back,Sheff Wed,loan transfer,out,Winter,NA,Premier League,2004,2004/2005
Fulham FC,Ross Flitney,20,Goalkeeper,Doncaster,loan transfer,out,Winter,NA,Premier League,2004,2004/2005
Fulham FC,Ross Flitney,20,Goalkeeper,Yeading FC,loan transfer,out,Winter,NA,Premier League,2004,2004/2005
Birmingham City,Robbie Blake,28,Second Striker,Burnley,£2.03m,in,Winter,2.03,Premier League,2004,2004/2005
Birmingham City,Njazi Kuqi,21,Centre-Forward,FC Lahti,£450Th.,in,Winter,0.45,Premier League,2004,2004/2005
Birmingham City,Jermaine Pennant,22,Right Winger,Arsenal,loan transfer,in,Winter,NA,Premier League,2004,2004/2005
Birmingham City,Mehdi Nafti,26,Defensive Midfield,Racing,loan transfer,in,Winter,NA,Premier League,2004,2004/2005
Birmingham City,Salif Diao,27,Defensive Midfield,Liverpool,loan transfer,in,Winter,NA,Premier League,2004,2004/2005
Birmingham City,Wálter Pandiani,28,Centre-Forward,Dep. La Coruña,loan transfer,in,Winter,NA,Premier League,2004,2004/2005
Birmingham City,Ian Bennett,33,Goalkeeper,Sheff Utd,"End of loanJan 1, 2005",in,Winter,0,Premier League,2004,2004/2005
Birmingham City,Alex Bruce,20,Centre-Back,Oldham Athletic,"End of loanFeb 1, 2005",in,Winter,0,Premier League,2004,2004/2005
Birmingham City,Darren Carter,20,Central Midfield,Sunderland,"End of loanDec 5, 2004",in,Winter,0,Premier League,2004,2004/2005
Birmingham City,Colin Doyle,19,Goalkeeper,Chester City,"End of loanNov 22, 2004",in,Winter,0,Premier League,2004,2004/2005
Birmingham City,Andy Barrowman,20,Centre-Forward,Mansfield Town,"End of loanApr 4, 2005",in,Winter,0,Premier League,2004,2004/2005
Birmingham City,Robbie Savage,30,Central Midfield,Blackburn,£4.05m,out,Winter,4.05,Premier League,2004,2004/2005
Birmingham City,Jesper Grönkjaer,27,Left Winger,Atlético Madrid,£1.80m,out,Winter,1.8,Premier League,2004,2004/2005
Birmingham City,Ian Bennett,33,Goalkeeper,Coventry,loan transfer,out,Winter,NA,Premier League,2004,2004/2005
Birmingham City,Andy Barrowman,20,Centre-Forward,Mansfield Town,loan transfer,out,Winter,NA,Premier League,2004,2004/2005
Birmingham City,Colin Doyle,19,Goalkeeper,Chester City,loan transfer,out,Winter,NA,Premier League,2004,2004/2005
Birmingham City,Alex Bruce,20,Centre-Back,Oldham Athletic,loan transfer,out,Winter,NA,Premier League,2004,2004/2005
Birmingham City,Alex Bruce,20,Centre-Back,Sheff Wed,loan transfer,out,Winter,NA,Premier League,2004,2004/2005
Birmingham City,Neil Kilkenny,18,Defensive Midfield,Oldham Athletic,loan transfer,out,Winter,NA,Premier League,2004,2004/2005
Birmingham City,Colin Doyle,19,Goalkeeper,Nottm Forest,loan transfer,out,Winter,NA,Premier League,2004,2004/2005
Birmingham City,Ian Bennett,33,Goalkeeper,Sheff Utd,loan transfer,out,Winter,NA,Premier League,2004,2004/2005
Birmingham City,Martin Grainger,32,Left-Back,Retired,-,out,Winter,0,Premier League,2004,2004/2005
Birmingham City,Mikael Forssell,23,Centre-Forward,Chelsea,"End of loanJan 6, 2005",out,Winter,0,Premier League,2004,2004/2005
Middlesbrough FC,David Knight,17,Goalkeeper,Boro U18,-,in,Winter,0,Premier League,2004,2004/2005
Middlesbrough FC,Massimo Maccarone,25,Centre-Forward,Parma,"End of loanDec 31, 2004",in,Winter,0,Premier League,2004,2004/2005
Middlesbrough FC,Brad Jones,22,Goalkeeper,Blackpool,"End of loanFeb 1, 2005",in,Winter,0,Premier League,2004,2004/2005
Middlesbrough FC,Massimo Maccarone,25,Centre-Forward,Siena,Loan fee:£360Th.,out,Winter,0.36,Premier League,2004,2004/2005
Middlesbrough FC,Carlo Nash,31,Goalkeeper,Preston,£270Th.,out,Winter,0.27,Premier League,2004,2004/2005
Middlesbrough FC,Brad Jones,22,Goalkeeper,Blackpool,loan transfer,out,Winter,NA,Premier League,2004,2004/2005
Middlesbrough FC,Andrew Davies,20,Centre-Back,QPR,loan transfer,out,Winter,NA,Premier League,2004,2004/2005
Middlesbrough FC,Mark Wilson,25,Central Midfield,Livingston FC,loan transfer,out,Winter,NA,Premier League,2004,2004/2005
Middlesbrough FC,Matthew Bates,18,Centre-Back,Darlington,loan transfer,out,Winter,NA,Premier League,2004,2004/2005
Southampton FC,Nigel Quashie,26,Central Midfield,Portsmouth,£2.84m,in,Winter,2.84,Premier League,2004,2004/2005
Southampton FC,Andreas Jakobsson,32,Centre-Back,Bröndby IF,£1.62m,in,Winter,1.62,Premier League,2004,2004/2005
Southampton FC,Olivier Bernard,25,Left-Back,Newcastle,£540Th.,in,Winter,0.54,Premier League,2004,2004/2005
Southampton FC,Jamie Redknapp,31,Central Midfield,Spurs,free transfer,in,Winter,NA,Premier League,2004,2004/2005
Southampton FC,Henri Camara,27,Centre-Forward,Wolves,loan transfer,in,Winter,NA,Premier League,2004,2004/2005
Southampton FC,Calum Davenport,22,defence,Spurs,loan transfer,in,Winter,NA,Premier League,2004,2004/2005
Southampton FC,Kasey Keller,34,Goalkeeper,Spurs,loan transfer,in,Winter,NA,Premier League,2004,2004/2005
Southampton FC,Alan Blayney,23,Goalkeeper,Rush. & Diamon.,"End of loanFeb 1, 2005",in,Winter,0,Premier League,2004,2004/2005
Southampton FC,Leon Best,18,Centre-Forward,QPR,"End of loanJan 17, 2005",in,Winter,0,Premier League,2004,2004/2005
Southampton FC,Martin Cranie,18,Centre-Back,Bournemouth,"End of loanDec 1, 2004",in,Winter,0,Premier League,2004,2004/2005
Southampton FC,Yoann Folly,19,Defensive Midfield,Preston,"End of loanApr 1, 2005",in,Winter,0,Premier League,2004,2004/2005
Southampton FC,Kenwyne Jones,20,Centre-Forward,Sheff Wed,"End of loanDec 31, 2004",in,Winter,0,Premier League,2004,2004/2005
Southampton FC,Yoann Folly,19,Defensive Midfield,Nottm Forest,"End of loanFeb 1, 2005",in,Winter,0,Premier League,2004,2004/2005
Southampton FC,Jo Tessem,32,Central Midfield,FK Lyn,"End of loanDec 31, 2004",in,Winter,0,Premier League,2004,2004/2005
Southampton FC,James Beattie,26,Centre-Forward,Everton,£8.10m,out,Winter,8.1,Premier League,2004,2004/2005
Southampton FC,Brett Ormerod,28,Centre-Forward,Wigan,loan transfer,out,Winter,NA,Premier League,2004,2004/2005
Southampton FC,Yoann Folly,19,Defensive Midfield,Preston,loan transfer,out,Winter,NA,Premier League,2004,2004/2005
Southampton FC,Andrew Surman,18,Central Midfield,Walsall,loan transfer,out,Winter,NA,Premier League,2004,2004/2005
Southampton FC,Matt Mills,18,Centre-Back,Bournemouth,loan transfer,out,Winter,NA,Premier League,2004,2004/2005
Southampton FC,Kenwyne Jones,20,Centre-Forward,Stoke City,loan transfer,out,Winter,NA,Premier League,2004,2004/2005
Southampton FC,Darren Kenton,26,Centre-Back,Leicester,loan transfer,out,Winter,NA,Premier League,2004,2004/2005
Southampton FC,Alaeddine Yahia,23,Centre-Back,Saint-Étienne,loan transfer,out,Winter,NA,Premier League,2004,2004/2005
Southampton FC,Dexter Blackstock,18,Centre-Forward,Plymouth,loan transfer,out,Winter,NA,Premier League,2004,2004/2005
Southampton FC,Alan Blayney,23,Goalkeeper,Rush. & Diamon.,loan transfer,out,Winter,NA,Premier League,2004,2004/2005
Southampton FC,Jason Dodd,34,Right-Back,Plymouth,loan transfer,out,Winter,NA,Premier League,2004,2004/2005
Southampton FC,Yoann Folly,19,Defensive Midfield,Nottm Forest,loan transfer,out,Winter,NA,Premier League,2004,2004/2005
Southampton FC,Kenwyne Jones,20,Centre-Forward,Sheff Wed,loan transfer,out,Winter,NA,Premier League,2004,2004/2005
Southampton FC,Leon Best,18,Centre-Forward,QPR,loan transfer,out,Winter,NA,Premier League,2004,2004/2005
Southampton FC,Jo Tessem,32,Central Midfield,Millwall,loan transfer,out,Winter,NA,Premier League,2004,2004/2005
Southampton FC,Kasey Keller,35,Goalkeeper,Spurs,"End of loanDec 15, 2004",out,Winter,0,Premier League,2004,2004/2005
Portsmouth FC,Giannis Skopelitis,26,Defensive Midfield,AO Egaleo,£1.35m,in,Winter,1.35,Premier League,2004,2004/2005
Portsmouth FC,Konstantinos Chalkias,30,Goalkeeper,Panathinaikos,£135Th.,in,Winter,0.135,Premier League,2004,2004/2005
Portsmouth FC,Aleksandar Rodic,25,Centre-Forward,ND Gorica,free transfer,in,Winter,NA,Premier League,2004,2004/2005
Portsmouth FC,Andrea Guatelli,20,Goalkeeper,Parma U19,free transfer,in,Winter,NA,Premier League,2004,2004/2005
Portsmouth FC,Liam Horsted,19,Left Winger,Portsmouth U21,-,in,Winter,0,Premier League,2004,2004/2005
Portsmouth FC,Shaun Cooper,21,Defensive Midfield,Kidderminster,"End of loanNov 28, 2004",in,Winter,0,Premier League,2004,2004/2005
Portsmouth FC,James Keene,18,Centre-Forward,Kidderminster,"End of loanNov 28, 2004",in,Winter,0,Premier League,2004,2004/2005
Portsmouth FC,Mark Casey,22,Centre-Back,St. Pat's,"End of loanDec 1, 2004",in,Winter,0,Premier League,2004,2004/2005
Portsmouth FC,Richard Duffy,19,Centre-Back,Burnley,"End of loanNov 24, 2004",in,Winter,0,Premier League,2004,2004/2005
Portsmouth FC,Gary O'Neil,21,Central Midfield,Cardiff,"End of loanNov 1, 2004",in,Winter,0,Premier League,2004,2004/2005
Portsmouth FC,John Curtis,26,Right-Back,Preston,"End of loanNov 1, 2004",in,Winter,0,Premier League,2004,2004/2005
Portsmouth FC,Nigel Quashie,26,Central Midfield,Southampton,£2.84m,out,Winter,2.84,Premier League,2004,2004/2005
Portsmouth FC,Amdy Fayé,27,Defensive Midfield,Newcastle,£2.70m,out,Winter,2.7,Premier League,2004,2004/2005
Portsmouth FC,Kevin Harper,29,Right Midfield,Stoke City,£68Th.,out,Winter,0.068,Premier League,2004,2004/2005
Portsmouth FC,Sébastien Schemmel,29,Right-Back,AC Le Havre,free transfer,out,Winter,NA,Premier League,2004,2004/2005
Portsmouth FC,Lewis Buxton,20,Right-Back,Stoke City,free transfer,out,Winter,NA,Premier League,2004,2004/2005
Portsmouth FC,Anthony Pulis,20,Central Midfield,Stoke City,free transfer,out,Winter,NA,Premier League,2004,2004/2005
Portsmouth FC,John Curtis,26,Right-Back,Nottm Forest,free transfer,out,Winter,NA,Premier League,2004,2004/2005
Portsmouth FC,Mark Burchill,24,Centre-Forward,Heart of Midl.,free transfer,out,Winter,NA,Premier League,2004,2004/2005
Portsmouth FC,Richard Duffy,19,Centre-Back,Coventry,loan transfer,out,Winter,NA,Premier League,2004,2004/2005
Portsmouth FC,Chris Clark,20,midfield,Stoke City,loan transfer,out,Winter,NA,Premier League,2004,2004/2005
Portsmouth FC,David Unsworth,31,Left-Back,Ipswich,loan transfer,out,Winter,NA,Premier League,2004,2004/2005
Portsmouth FC,Harald Wapenaar,34,Goalkeeper,Vitesse,?,out,Winter,NA,Premier League,2004,2004/2005
Portsmouth FC,Eyal Berkovic,32,Attacking Midfield,Without Club,-,out,Winter,0,Premier League,2004,2004/2005
Tottenham Hotspur,Andy Reid,22,Left Midfield,Nottm Forest,£7.20m,in,Winter,7.2,Premier League,2004,2004/2005
Tottenham Hotspur,Michael Dawson,21,Centre-Back,Nottm Forest,£6.30m,in,Winter,6.3,Premier League,2004,2004/2005
Tottenham Hotspur,Mido,21,Centre-Forward,AS Roma,Loan fee:£1.80m,in,Winter,1.8,Premier League,2004,2004/2005
Tottenham Hotspur,Mounir El Hamdaoui,20,Centre-Forward,Excelsior,£675Th.,in,Winter,0.675,Premier League,2004,2004/2005
Tottenham Hotspur,Radek Cerny,30,Goalkeeper,Slavia Prague,Loan fee:£360Th.,in,Winter,0.36,Premier League,2004,2004/2005
Tottenham Hotspur,Spase Dilevski,19,Defensive Midfield,PSV Eindhoven,free transfer,in,Winter,NA,Premier League,2004,2004/2005
Tottenham Hotspur,David Limbersky,21,Left-Back,Viktoria Plzen,loan transfer,in,Winter,NA,Premier League,2004,2004/2005
Tottenham Hotspur,Kasey Keller,35,Goalkeeper,Southampton,"End of loanDec 15, 2004",in,Winter,0,Premier League,2004,2004/2005
Tottenham Hotspur,Rob Burch,21,Goalkeeper,West Ham,"End of loanDec 31, 2004",in,Winter,0,Premier League,2004,2004/2005
Tottenham Hotspur,Rohan Ricketts,21,Attacking Midfield,Coventry,"End of loanNov 1, 2004",in,Winter,0,Premier League,2004,2004/2005
Tottenham Hotspur,Lee Barnard,20,Centre-Forward,Leyton Orient,"End of loanJan 10, 2005",in,Winter,0,Premier League,2004,2004/2005
Tottenham Hotspur,Johnnie Jackson,22,Central Midfield,Watford,"End of loanMar 22, 2005",in,Winter,0,Premier League,2004,2004/2005
Tottenham Hotspur,Calum Davenport,21,defence,West Ham,"End of loanNov 1, 2004",in,Winter,0,Premier League,2004,2004/2005
Tottenham Hotspur,Dean Marney,20,Central Midfield,Gillingham FC,"End of loanDec 1, 2004",in,Winter,0,Premier League,2004,2004/2005
Tottenham Hotspur,Lee Barnard,20,Centre-Forward,Northampton,"End of loanApr 4, 2005",in,Winter,0,Premier League,2004,2004/2005
Tottenham Hotspur,Mauricio Taricco,31,Left-Back,West Ham,free transfer,out,Winter,NA,Premier League,2004,2004/2005
Tottenham Hotspur,Rohan Ricketts,22,Attacking Midfield,Wolves,free transfer,out,Winter,NA,Premier League,2004,2004/2005
Tottenham Hotspur,Jamie Redknapp,31,Central Midfield,Southampton,free transfer,out,Winter,NA,Premier League,2004,2004/2005
Tottenham Hotspur,Mbulelo Mabizela,24,Centre-Back,Vålerenga,free transfer,out,Winter,NA,Premier League,2004,2004/2005
Tottenham Hotspur,Kasey Keller,35,Goalkeeper,Bor. M'gladbach,free transfer,out,Winter,NA,Premier League,2004,2004/2005
Tottenham Hotspur,Kasey Keller,34,Goalkeeper,Southampton,loan transfer,out,Winter,NA,Premier League,2004,2004/2005
Tottenham Hotspur,Lee Barnard,20,Centre-Forward,Northampton,loan transfer,out,Winter,NA,Premier League,2004,2004/2005
Tottenham Hotspur,Dean Marney,20,Central Midfield,Gillingham FC,loan transfer,out,Winter,NA,Premier League,2004,2004/2005
Tottenham Hotspur,Márton Fülöp,21,Goalkeeper,Chesterfield FC,loan transfer,out,Winter,NA,Premier League,2004,2004/2005
Tottenham Hotspur,Johnnie Jackson,22,Central Midfield,Watford,loan transfer,out,Winter,NA,Premier League,2004,2004/2005
Tottenham Hotspur,Edson,21,Centre-Forward,ADO Den Haag,loan transfer,out,Winter,NA,Premier League,2004,2004/2005
Tottenham Hotspur,Lee Barnard,20,Centre-Forward,Leyton Orient,loan transfer,out,Winter,NA,Premier League,2004,2004/2005
Tottenham Hotspur,Calum Davenport,22,defence,Southampton,loan transfer,out,Winter,NA,Premier League,2004,2004/2005
Tottenham Hotspur,Rob Burch,21,Goalkeeper,Stevenage,loan transfer,out,Winter,NA,Premier League,2004,2004/2005
Tottenham Hotspur,Rob Burch,21,Goalkeeper,West Ham,loan transfer,out,Winter,NA,Premier League,2004,2004/2005
Tottenham Hotspur,Dean Richards,30,Centre-Back,Retired,-,out,Winter,0,Premier League,2004,2004/2005
Blackburn Rovers,Robbie Savage,30,Central Midfield,Birmingham,£4.05m,in,Winter,4.05,Premier League,2004,2004/2005
Blackburn Rovers,Aaron Mokoena,24,Centre-Back,KRC Genk,£810Th.,in,Winter,0.81,Premier League,2004,2004/2005
Blackburn Rovers,Ryan Nelsen,27,Centre-Back,D.C. United,free transfer,in,Winter,NA,Premier League,2004,2004/2005
Blackburn Rovers,Gary Harkins,20,Attacking Midfield,Bury,"End of loanMar 7, 2005",in,Winter,0,Premier League,2004,2004/2005
Blackburn Rovers,David Yelldell,23,Goalkeeper,Brighton,"End of loanFeb 28, 2005",in,Winter,0,Premier League,2004,2004/2005
Blackburn Rovers,Paul Weaver,18,midfield,Cercle Brugge,"End of loanDec 31, 2004",in,Winter,0,Premier League,2004,2004/2005
Blackburn Rovers,Neil Danns,21,Central Midfield,Colchester Utd.,"End of loanNov 10, 2004",in,Winter,0,Premier League,2004,2004/2005
Blackburn Rovers,Jerome Watt,20,Central Midfield,Cercle Brugge,"End of loanDec 31, 2004",in,Winter,0,Premier League,2004,2004/2005
Blackburn Rovers,Barry Ferguson,26,Defensive Midfield,Rangers,£6.53m,out,Winter,6.53,Premier League,2004,2004/2005
Blackburn Rovers,Neil Danns,21,Central Midfield,Colchester Utd.,£45Th.,out,Winter,0.045,Premier League,2004,2004/2005
Blackburn Rovers,Javi de Pedro,31,Left Midfield,Perugia,free transfer,out,Winter,NA,Premier League,2004,2004/2005
Blackburn Rovers,Youri Djorkaeff,36,Attacking Midfield,MetroStars,free transfer,out,Winter,NA,Premier League,2004,2004/2005
Blackburn Rovers,David Yelldell,23,Goalkeeper,Brighton,loan transfer,out,Winter,NA,Premier League,2004,2004/2005
Blackburn Rovers,Jonathan Douglas,23,Central Midfield,Gillingham FC,loan transfer,out,Winter,NA,Premier League,2004,2004/2005
Blackburn Rovers,Alan Morgan,21,Left Midfield,Cheltenham,loan transfer,out,Winter,NA,Premier League,2004,2004/2005
Blackburn Rovers,Gary Harkins,20,Attacking Midfield,Bury,loan transfer,out,Winter,NA,Premier League,2004,2004/2005
Blackburn Rovers,Michael Gray,30,Left-Back,Leeds,loan transfer,out,Winter,NA,Premier League,2004,2004/2005
Manchester City,Andy Cole,33,Centre-Forward,Fulham,free transfer,in,Winter,NA,Premier League,2004,2004/2005
Manchester City,Kiki Musampa,27,Left Winger,Atlético Madrid,loan transfer,in,Winter,NA,Premier League,2004,2004/2005
Manchester City,Bradley Wright-Phillips,19,Centre-Forward,Man City U18,-,in,Winter,0,Premier League,2004,2004/2005
Manchester City,Mikkel Bischoff,22,Centre-Back,Wolves,"End of loanDec 1, 2004",in,Winter,0,Premier League,2004,2004/2005
Manchester City,Kevin Stuhr-Ellegaard,21,Goalkeeper,Blackpool,"End of loanFeb 1, 2005",in,Winter,0,Premier League,2004,2004/2005
Manchester City,Lee Croft,19,Right Midfield,Oldham Athletic,"End of loanFeb 10, 2005",in,Winter,0,Premier League,2004,2004/2005
Manchester City,Nicolas Anelka,25,Centre-Forward,Fenerbahce,£6.47m,out,Winter,6.47,Premier League,2004,2004/2005
Manchester City,Paulo Wanchope,28,Centre-Forward,Málaga CF,£675Th.,out,Winter,0.675,Premier League,2004,2004/2005
Manchester City,Ronald Waterreus,34,Goalkeeper,Rangers,free transfer,out,Winter,NA,Premier League,2004,2004/2005
Manchester City,Dorryl Proffitt,19,Centre-Forward,Leek Town FC,free transfer,out,Winter,NA,Premier League,2004,2004/2005
Manchester City,Mikkel Bischoff,23,Centre-Back,Wolves,loan transfer,out,Winter,NA,Premier League,2004,2004/2005
Manchester City,Lee Croft,19,Right Midfield,Oldham Athletic,loan transfer,out,Winter,NA,Premier League,2004,2004/2005
Manchester City,Kevin Stuhr-Ellegaard,21,Goalkeeper,Blackpool,loan transfer,out,Winter,NA,Premier League,2004,2004/2005
Manchester City,Karl Bermingham,19,Centre-Forward,Lincoln City,loan transfer,out,Winter,NA,Premier League,2004,2004/2005
Manchester City,Christian Negouai,27,Defensive Midfield,Coventry,loan transfer,out,Winter,NA,Premier League,2004,2004/2005
Everton FC,James Beattie,26,Centre-Forward,Southampton,£8.10m,in,Winter,8.1,Premier League,2004,2004/2005
Everton FC,Guillaume Plessis,19,Defensive Midfield,Lens,free transfer,in,Winter,NA,Premier League,2004,2004/2005
Everton FC,Mikel Arteta,22,Central Midfield,Real Sociedad,loan transfer,in,Winter,NA,Premier League,2004,2004/2005
Everton FC,Thomas Gravesen,28,Defensive Midfield,Real Madrid,£3.06m,out,Winter,3.06,Premier League,2004,2004/2005
Everton FC,Nick Chadwick,22,Centre-Forward,Plymouth,£360Th.,out,Winter,0.36,Premier League,2004,2004/2005
Everton FC,Alex Nyarko,31,Central Midfield,IK Start,free transfer,out,Winter,NA,Premier League,2004,2004/2005
Everton FC,Kevin Campbell,34,Centre-Forward,West Brom,free transfer,out,Winter,NA,Premier League,2004,2004/2005
Everton FC,Iain Turner,21,Goalkeeper,Doncaster,loan transfer,out,Winter,NA,Premier League,2004,2004/2005
Norwich City,Dean Ashton,21,Centre-Forward,Crewe Alexandra,£5.40m,in,Winter,5.4,Premier League,2004,2004/2005
Norwich City,Danny Crow,19,Centre-Forward,Northampton,"End of loanApr 27, 2005",in,Winter,0,Premier League,2004,2004/2005
Norwich City,Paul Gallacher,25,Goalkeeper,Gillingham FC,"End of loanDec 27, 2004",in,Winter,0,Premier League,2004,2004/2005
Norwich City,Graham Stuart,34,Attacking Midfield,Charlton,free transfer,in,Winter,NA,Premier League,2004,2004/2005
Norwich City,Keith Briggs,23,Central Midfield,Stockport,free transfer,out,Winter,NA,Premier League,2004,2004/2005
Norwich City,Paul Gallacher,25,Goalkeeper,Gillingham FC,loan transfer,out,Winter,NA,Premier League,2004,2004/2005
Norwich City,Danny Crow,19,Centre-Forward,Northampton,loan transfer,out,Winter,NA,Premier League,2004,2004/2005
Norwich City,Paul Gallacher,25,Goalkeeper,Sheff Wed,loan transfer,out,Winter,NA,Premier League,2004,2004/2005
Norwich City,Ryan Jarvis,18,Centre-Forward,Colchester Utd.,loan transfer,out,Winter,NA,Premier League,2004,2004/2005
Norwich City,David Bentley,20,Right Midfield,Arsenal,"End of loanApr 1, 2005",out,Winter,0,Premier League,2004,2004/2005
West Bromwich Albion,Richard Chaplow,19,Central Midfield,Burnley,£2.03m,in,Winter,2.03,Premier League,2004,2004/2005
West Bromwich Albion,Kevin Campbell,34,Centre-Forward,Everton,free transfer,in,Winter,NA,Premier League,2004,2004/2005
West Bromwich Albion,Kieran Richardson,20,Left-Back,Man Utd,loan transfer,in,Winter,NA,Premier League,2004,2004/2005
West Bromwich Albion,Simon Brown,21,midfield,Kidderminster,"End of loanNov 1, 2004",in,Winter,0,Premier League,2004,2004/2005
West Bromwich Albion,Junichi Inamoto,25,Defensive Midfield,Cardiff,"End of loanMar 1, 2005",in,Winter,0,Premier League,2004,2004/2005
West Bromwich Albion,Scott Dobie,26,Centre-Forward,Millwall,£675Th.,out,Winter,0.675,Premier League,2004,2004/2005
West Bromwich Albion,Simon Brown,21,midfield,Mansfield Town,£68Th.,out,Winter,0.068,Premier League,2004,2004/2005
West Bromwich Albion,James O'Connor,25,Central Midfield,Burnley,free transfer,out,Winter,NA,Premier League,2004,2004/2005
West Bromwich Albion,Bernt Haas,26,Right-Back,SC Bastia,free transfer,out,Winter,NA,Premier League,2004,2004/2005
West Bromwich Albion,Philip Midworth,19,Centre-Back,Burton Albion,free transfer,out,Winter,NA,Premier League,2004,2004/2005
West Bromwich Albion,Adam Chambers,24,Defensive Midfield,Kidderminster,free transfer,out,Winter,NA,Premier League,2004,2004/2005
West Bromwich Albion,Rob Hulse,25,Centre-Forward,Leeds,loan transfer,out,Winter,NA,Premier League,2004,2004/2005
West Bromwich Albion,Junichi Inamoto,25,Defensive Midfield,Cardiff,loan transfer,out,Winter,NA,Premier League,2004,2004/2005
West Bromwich Albion,Lárus Orri Sigurdsson,31,Centre-Back,Thór,?,out,Winter,NA,Premier League,2004,2004/2005
West Bromwich Albion,Ezekeil Tomlinson,NA,midfield,Stockport,?,out,Winter,NA,Premier League,2004,2004/2005
West Bromwich Albion,Cosmin Contra,29,Right-Back,Atlético Madrid,"End of loanDec 27, 2004",out,Winter,0,Premier League,2004,2004/2005
Crystal Palace,Vasilios Lakis,28,Right Midfield,Without Club,-,in,Winter,0,Premier League,2004,2004/2005
Crystal Palace,Shaun Derry,27,Defensive Midfield,Nottm Forest,"End of loanFeb 17, 2005",in,Winter,0,Premier League,2004,2004/2005
Crystal Palace,Anthony Danze,20,midfield,MK Dons,"End of loanDec 31, 2004",in,Winter,0,Premier League,2004,2004/2005
Crystal Palace,Shaun Derry,27,Defensive Midfield,Leeds,£90Th.,out,Winter,0.09,Premier League,2004,2004/2005
Crystal Palace,Cédric Berthelin,28,Goalkeeper,RAEC Mons,free transfer,out,Winter,NA,Premier League,2004,2004/2005
Crystal Palace,Iván Kaviedes,27,Centre-Forward,Barcelona SC,free transfer,out,Winter,NA,Premier League,2004,2004/2005
Crystal Palace,Shaun Derry,27,Defensive Midfield,Nottm Forest,loan transfer,out,Winter,NA,Premier League,2004,2004/2005
Crystal Palace,Anthony Danze,20,midfield,MK Dons,loan transfer,out,Winter,NA,Premier League,2004,2004/2005
