club_name,player_name,age,position,club_involved_name,fee,transfer_movement,transfer_period,fee_cleaned,league_name,year,season
Sporting CP,Mauricio Pinilla,20,Centre-Forward,Inter,£1.35m,in,Summer,1.35,Liga Nos,2004,2004/2005
Sporting CP,Douala,25,Left Winger,Boavista,£900Th.,in,Summer,0.9,Liga Nos,2004,2004/2005
Sporting CP,Joseph Enakarhire,21,Centre-Back,Standard Liège,£675Th.,in,Summer,0.675,Liga Nos,2004,2004/2005
Sporting CP,Rogério,28,Right-Back,Corinthians,free transfer,in,Summer,NA,Liga Nos,2004,2004/2005
Sporting CP,Hugo Viana,21,Central Midfield,Newcastle,loan transfer,in,Summer,NA,Liga Nos,2004,2004/2005
Sporting CP,Valdir,20,Left-Back,Sporting B,-,in,Summer,0,Liga Nos,2004,2004/2005
Sporting CP,Hugo Machado,21,Attacking Midfield,Sporting B,-,in,Summer,0,Liga Nos,2004,2004/2005
Sporting CP,Miguel Ângelo,19,Centre-Back,Sporting B,-,in,Summer,0,Liga Nos,2004,2004/2005
Sporting CP,Paulo Sérgio,20,Attacking Midfield,Sporting B,-,in,Summer,0,Liga Nos,2004,2004/2005
Sporting CP,Pedro Araújo,19,Left-Back,Sporting U19,-,in,Summer,0,Liga Nos,2004,2004/2005
Sporting CP,Gisvi,22,Centre-Forward,Sporting B,-,in,Summer,0,Liga Nos,2004,2004/2005
Sporting CP,Emídio Rafael,19,Left-Back,Sporting U19,-,in,Summer,0,Liga Nos,2004,2004/2005
Sporting CP,Carlos Saleiro,18,Centre-Forward,Sporting U19,-,in,Summer,0,Liga Nos,2004,2004/2005
Sporting CP,Silvestre Varela,19,Left Winger,Sporting U19,-,in,Summer,0,Liga Nos,2004,2004/2005
Sporting CP,João Moutinho,17,Central Midfield,Sporting U19,-,in,Summer,0,Liga Nos,2004,2004/2005
Sporting CP,Edgar Marcelino,19,Right Winger,Sporting B,-,in,Summer,0,Liga Nos,2004,2004/2005
Sporting CP,Luís Filipe,25,Right-Back,Leiria,"End of loanJun 30, 2004",in,Summer,0,Liga Nos,2004,2004/2005
Sporting CP,Danny,20,Attacking Midfield,Marítimo,"End of loanJun 30, 2004",in,Summer,0,Liga Nos,2004,2004/2005
Sporting CP,Facundo Quiroga,26,Centre-Back,VfL Wolfsburg,£1.35m,out,Summer,1.35,Liga Nos,2004,2004/2005
Sporting CP,Beto,22,Goalkeeper,Chaves,free transfer,out,Summer,NA,Liga Nos,2004,2004/2005
Sporting CP,Chiquinho Delgado,23,Centre-Forward,Chaves,free transfer,out,Summer,NA,Liga Nos,2004,2004/2005
Sporting CP,Rui Bento,32,Defensive Midfield,Académico Viseu,free transfer,out,Summer,NA,Liga Nos,2004,2004/2005
Sporting CP,João Pinto,32,Second Striker,Boavista,free transfer,out,Summer,NA,Liga Nos,2004,2004/2005
Sporting CP,Toñito,27,Right Midfield,Boavista,free transfer,out,Summer,NA,Liga Nos,2004,2004/2005
Sporting CP,Elpídio Silva,28,Centre-Forward,Vit. Guimarães,loan transfer,out,Summer,NA,Liga Nos,2004,2004/2005
Sporting CP,José Semedo,19,Defensive Midfield,Casa Pia,loan transfer,out,Summer,NA,Liga Nos,2004,2004/2005
Sporting CP,Silvestre Varela,19,Left Winger,Casa Pia,loan transfer,out,Summer,NA,Liga Nos,2004,2004/2005
Sporting CP,Hugo Machado,22,Attacking Midfield,CF Estrela,loan transfer,out,Summer,NA,Liga Nos,2004,2004/2005
Sporting CP,Santamaria,22,Centre-Back,CF Estrela,loan transfer,out,Summer,NA,Liga Nos,2004,2004/2005
Sporting CP,Edgar Marcelino,19,Right Winger,Penafiel,loan transfer,out,Summer,NA,Liga Nos,2004,2004/2005
Sporting CP,Pedro Araújo,19,Left-Back,Olivais,?,out,Summer,NA,Liga Nos,2004,2004/2005
Sporting CP,Gisvi,22,Centre-Forward,CD Fátima,?,out,Summer,NA,Liga Nos,2004,2004/2005
Sporting CP,Luís Filipe,25,Right-Back,Marítimo,?,out,Summer,NA,Liga Nos,2004,2004/2005
Sporting CP,Valdir,20,Left-Back,Ovarense,loan transfer,out,Summer,NA,Liga Nos,2004,2004/2005
Sporting CP,Miguel Ângelo,19,Centre-Back,Casa Pia,loan transfer,out,Summer,NA,Liga Nos,2004,2004/2005
Sporting CP,Clayton,28,Left Winger,Penafiel,loan transfer,out,Summer,NA,Liga Nos,2004,2004/2005
Sporting CP,Lourenço,21,Centre-Forward,Belenenses,loan transfer,out,Summer,NA,Liga Nos,2004,2004/2005
Sporting CP,Paulo Bento,35,Defensive Midfield,Retired,-,out,Summer,0,Liga Nos,2004,2004/2005
SL Benfica,Azar Karadas,22,Centre-Back,Rosenborg,£1.58m,in,Summer,1.58,Liga Nos,2004,2004/2005
SL Benfica,Quim,28,Goalkeeper,SC Braga,£1.26m,in,Summer,1.26,Liga Nos,2004,2004/2005
SL Benfica,Everson,28,Defensive Midfield,OGC Nice,£1.08m,in,Summer,1.08,Liga Nos,2004,2004/2005
SL Benfica,Carlitos,21,Left Midfield,Estoril Praia,£450Th.,in,Summer,0.45,Liga Nos,2004,2004/2005
SL Benfica,Manuel dos Santos,30,Left-Back,Marseille,free transfer,in,Summer,NA,Liga Nos,2004,2004/2005
SL Benfica,Yannick Quesnel,30,Goalkeeper,Alverca,free transfer,in,Summer,NA,Liga Nos,2004,2004/2005
SL Benfica,Amoreirinha,19,Centre-Back,Alverca,free transfer,in,Summer,NA,Liga Nos,2004,2004/2005
SL Benfica,Paulo Almeida,23,Defensive Midfield,Santos FC,free transfer,in,Summer,NA,Liga Nos,2004,2004/2005
SL Benfica,Alcides,19,Centre-Back,Chelsea,loan transfer,in,Summer,NA,Liga Nos,2004,2004/2005
SL Benfica,Rodolfo Lima,24,Centre-Forward,Alverca,?,in,Summer,NA,Liga Nos,2004,2004/2005
SL Benfica,Manú,21,Right Winger,Alverca,?,in,Summer,NA,Liga Nos,2004,2004/2005
SL Benfica,Zé Rui,21,Left Winger,Alverca,?,in,Summer,NA,Liga Nos,2004,2004/2005
SL Benfica,Manuel Fernandes,18,Attacking Midfield,Benfica B,-,in,Summer,0,Liga Nos,2004,2004/2005
SL Benfica,Geraldo Alves,23,Centre-Back,Paços Ferreira,"End of loanJun 30, 2004",in,Summer,0,Liga Nos,2004,2004/2005
SL Benfica,Anderson,26,Centre-Forward,Naval,"End of loanJun 1, 2004",in,Summer,0,Liga Nos,2004,2004/2005
SL Benfica,Nuno Santos,31,Goalkeeper,Vitória Setúbal,"End of loanJun 30, 2004",in,Summer,0,Liga Nos,2004,2004/2005
SL Benfica,Eduardo Simões,22,Centre-Back,Amora FC,"End of loanJun 30, 2004",in,Summer,0,Liga Nos,2004,2004/2005
SL Benfica,Andrade,30,Defensive Midfield,CD Tenerife,"End of loanJun 30, 2004",in,Summer,0,Liga Nos,2004,2004/2005
SL Benfica,Ednilson,21,Defensive Midfield,Vit. Guimarães,"End of loanJun 30, 2004",in,Summer,0,Liga Nos,2004,2004/2005
SL Benfica,Emilio Peixe,31,Defensive Midfield,Leiria,"End of loanJun 30, 2004",in,Summer,0,Liga Nos,2004,2004/2005
SL Benfica,Toni,24,Right-Back,Beira-Mar,"End of loanJun 30, 2004",in,Summer,0,Liga Nos,2004,2004/2005
SL Benfica,Tiago Mendes,23,Central Midfield,Chelsea,£13.50m,out,Summer,13.5,Liga Nos,2004,2004/2005
SL Benfica,Armando Sá,28,Right-Back,Villarreal,£900Th.,out,Summer,0.9,Liga Nos,2004,2004/2005
SL Benfica,Ednilson,21,Defensive Midfield,Gil Vicente,Loan fee:£90Th.,out,Summer,0.09,Liga Nos,2004,2004/2005
SL Benfica,Cabral,32,Right-Back,Belenenses,free transfer,out,Summer,NA,Liga Nos,2004,2004/2005
SL Benfica,Fernando Aguiar,32,Defensive Midfield,Landskrona,free transfer,out,Summer,NA,Liga Nos,2004,2004/2005
SL Benfica,Geraldo Alves,23,Centre-Back,Paços Ferreira,free transfer,out,Summer,NA,Liga Nos,2004,2004/2005
SL Benfica,Toni,25,Right-Back,Servette FC,free transfer,out,Summer,NA,Liga Nos,2004,2004/2005
SL Benfica,Zach Thornton,30,Goalkeeper,Chicago,free transfer,out,Summer,NA,Liga Nos,2004,2004/2005
SL Benfica,Hélder Cristóvão,33,Centre-Back,Paris SG,free transfer,out,Summer,NA,Liga Nos,2004,2004/2005
SL Benfica,Carlos Bossio,30,Goalkeeper,Lanús,free transfer,out,Summer,NA,Liga Nos,2004,2004/2005
SL Benfica,Hélio Pinto,20,Central Midfield,Sevilla B,free transfer,out,Summer,NA,Liga Nos,2004,2004/2005
SL Benfica,Cristiano,27,defence,Belenenses,loan transfer,out,Summer,NA,Liga Nos,2004,2004/2005
SL Benfica,Alex,24,Right-Back,Vit. Guimarães,loan transfer,out,Summer,NA,Liga Nos,2004,2004/2005
SL Benfica,Nuno Santos,31,Goalkeeper,Santa Clara,?,out,Summer,NA,Liga Nos,2004,2004/2005
SL Benfica,Rodolfo Lima,24,Centre-Forward,Belenenses,loan transfer,out,Summer,NA,Liga Nos,2004,2004/2005
SL Benfica,Manú,21,Right Winger,Modena,loan transfer,out,Summer,NA,Liga Nos,2004,2004/2005
SL Benfica,Zé Rui,21,Left Winger,Vitória Setúbal,loan transfer,out,Summer,NA,Liga Nos,2004,2004/2005
SL Benfica,Yannick Quesnel,30,Goalkeeper,Estoril Praia,loan transfer,out,Summer,NA,Liga Nos,2004,2004/2005
SL Benfica,Emilio Peixe,31,Defensive Midfield,Retired,-,out,Summer,0,Liga Nos,2004,2004/2005
SL Benfica,Andrade,30,Defensive Midfield,Without Club,-,out,Summer,0,Liga Nos,2004,2004/2005
Académica Coimbra,Bruno Leite,22,Right-Back,RCD Mallorca B,free transfer,in,Summer,NA,Liga Nos,2004,2004/2005
Académica Coimbra,Luciano Fonseca,25,Right Winger,Metropolitano,free transfer,in,Summer,NA,Liga Nos,2004,2004/2005
Académica Coimbra,Ricardo Fernandes,26,Attacking Midfield,FC Porto,free transfer,in,Summer,NA,Liga Nos,2004,2004/2005
Académica Coimbra,Clément Beaud,23,Central Midfield,Vetra,free transfer,in,Summer,NA,Liga Nos,2004,2004/2005
Académica Coimbra,Rafael Ledesma,21,Attacking Midfield,Flamengo,free transfer,in,Summer,NA,Liga Nos,2004,2004/2005
Académica Coimbra,Vasco Faísca,23,Centre-Back,Vicenza,loan transfer,in,Summer,NA,Liga Nos,2004,2004/2005
Académica Coimbra,Dani,30,Goalkeeper,Naval,?,in,Summer,NA,Liga Nos,2004,2004/2005
Académica Coimbra,Danilo Moreira,23,Centre-Back,Coritiba FC,?,in,Summer,NA,Liga Nos,2004,2004/2005
Académica Coimbra,William,19,Centre-Back,EC São José,?,in,Summer,NA,Liga Nos,2004,2004/2005
Académica Coimbra,Dário,27,Centre-Forward,Al-Jazira,loan transfer,in,Summer,NA,Liga Nos,2004,2004/2005
Académica Coimbra,Pedro Gomes,18,Goalkeeper,Académica U19,-,in,Summer,0,Liga Nos,2004,2004/2005
Académica Coimbra,Zé Castro,21,Centre-Back,Coimbra B,-,in,Summer,0,Liga Nos,2004,2004/2005
Académica Coimbra,Sarmento,19,Right-Back,Académica U19,-,in,Summer,0,Liga Nos,2004,2004/2005
Académica Coimbra,Nuno Piloto,22,Central Midfield,Coimbra B,-,in,Summer,0,Liga Nos,2004,2004/2005
Académica Coimbra,Luciano Fonseca,25,Right Winger,CS Sergipe-SE,"End of loanMay 1, 2005",in,Summer,0,Liga Nos,2004,2004/2005
Académica Coimbra,Xano,21,Right Winger,UD Salamanca,"End of loanJun 30, 2004",in,Summer,0,Liga Nos,2004,2004/2005
Académica Coimbra,Lucas,24,Attacking Midfield,Boavista,free transfer,out,Summer,NA,Liga Nos,2004,2004/2005
Académica Coimbra,Miguel Marques,21,Defensive Midfield,Pombal,free transfer,out,Summer,NA,Liga Nos,2004,2004/2005
Académica Coimbra,Zuela,20,Centre-Back,Santa Clara,free transfer,out,Summer,NA,Liga Nos,2004,2004/2005
Académica Coimbra,Vincent Dyduch,30,Centre-Back,Dragões,free transfer,out,Summer,NA,Liga Nos,2004,2004/2005
Académica Coimbra,Cédrick Fiston,23,Centre-Forward,Juventus SA,free transfer,out,Summer,NA,Liga Nos,2004,2004/2005
Académica Coimbra,Jorginho,28,Left Winger,Académico Viseu,free transfer,out,Summer,NA,Liga Nos,2004,2004/2005
Académica Coimbra,Lucian Marinescu,32,Attacking Midfield,Chaves,free transfer,out,Summer,NA,Liga Nos,2004,2004/2005
Académica Coimbra,Xano,21,Right Winger,Alverca,loan transfer,out,Summer,NA,Liga Nos,2004,2004/2005
Académica Coimbra,Fábio Felicio,22,Central Midfield,Leiria,?,out,Summer,NA,Liga Nos,2004,2004/2005
Académica Coimbra,Eduardo,25,Goalkeeper,Pombal,loan transfer,out,Summer,NA,Liga Nos,2004,2004/2005
Académica Coimbra,Filipe Alvim,25,Right-Back,Corinthians,loan transfer,out,Summer,NA,Liga Nos,2004,2004/2005
Académica Coimbra,Marcelo,34,Centre-Forward,Retired,-,out,Summer,0,Liga Nos,2004,2004/2005
Académica Coimbra,Rocha,36,Defensive Midfield,Retired,-,out,Summer,0,Liga Nos,2004,2004/2005
Académica Coimbra,Cacá,25,Centre-Forward,Albacete,"End of loanJun 30, 2004",out,Summer,0,Liga Nos,2004,2004/2005
Académica Coimbra,Paulo Sérgio,20,Attacking Midfield,Sporting B,"End of loanJun 30, 2004",out,Summer,0,Liga Nos,2004,2004/2005
Académica Coimbra,Ákos Buzsáky,22,Central Midfield,FC Porto,"End of loanJun 1, 2004",out,Summer,0,Liga Nos,2004,2004/2005
Académica Coimbra,Tonel,24,Centre-Back,FC Porto,"End of loanJun 30, 2004",out,Summer,0,Liga Nos,2004,2004/2005
FC Porto,Hélder Postiga,21,Centre-Forward,Spurs,£6.75m,in,Summer,6.75,Liga Nos,2004,2004/2005
FC Porto,Diego,19,Central Midfield,Santos FC,£6.30m,in,Summer,6.3,Liga Nos,2004,2004/2005
FC Porto,Ricardo Quaresma,20,Right Winger,Barcelona,£5.40m,in,Summer,5.4,Liga Nos,2004,2004/2005
FC Porto,Luís Fabiano,23,Centre-Forward,São Paulo,£3.15m,in,Summer,3.15,Liga Nos,2004,2004/2005
FC Porto,Georgios Seitaridis,23,Right-Back,Panathinaikos,£2.70m,in,Summer,2.7,Liga Nos,2004,2004/2005
FC Porto,Rossato,26,Left-Back,Nacional,£1.80m,in,Summer,1.8,Liga Nos,2004,2004/2005
FC Porto,Paulo Assunção,24,Defensive Midfield,Nacional,£1.80m,in,Summer,1.8,Liga Nos,2004,2004/2005
FC Porto,Pepe,21,Centre-Back,Marítimo,£1.80m,in,Summer,1.8,Liga Nos,2004,2004/2005
FC Porto,Areias,27,Left-Back,Beira-Mar,£450Th.,in,Summer,0.45,Liga Nos,2004,2004/2005
FC Porto,Cláudio Pitbull,22,Centre-Forward,Grêmio,£270Th.,in,Summer,0.27,Liga Nos,2004,2004/2005
FC Porto,Raúl Meireles,21,Central Midfield,Boavista,free transfer,in,Summer,NA,Liga Nos,2004,2004/2005
FC Porto,Hugo Leal,24,Central Midfield,Paris SG,free transfer,in,Summer,NA,Liga Nos,2004,2004/2005
FC Porto,Ivanildo,18,Right Winger,FC Porto U19,-,in,Summer,0,Liga Nos,2004,2004/2005
FC Porto,Paulo Costa,24,Attacking Midfield,G. Bordeaux,"End of loanJun 1, 2004",in,Summer,0,Liga Nos,2004,2004/2005
FC Porto,Tonel,24,Centre-Back,Coimbra,"End of loanJun 30, 2004",in,Summer,0,Liga Nos,2004,2004/2005
FC Porto,Pedro Oliveira,22,Right Winger,Leixões,"End of loanJun 30, 2004",in,Summer,0,Liga Nos,2004,2004/2005
FC Porto,Rubens Júnior,29,Left-Back,Vit. Guimarães,"End of loanJun 30, 2004",in,Summer,0,Liga Nos,2004,2004/2005
FC Porto,Hugo Luz,22,Left-Back,Gil Vicente,"End of loanJun 30, 2004",in,Summer,0,Liga Nos,2004,2004/2005
FC Porto,Bruno Alves,22,Centre-Back,Vit. Guimarães,"End of loanJun 30, 2004",in,Summer,0,Liga Nos,2004,2004/2005
FC Porto,Ákos Buzsáky,22,Central Midfield,Coimbra,"End of loanJun 1, 2004",in,Summer,0,Liga Nos,2004,2004/2005
FC Porto,Pena,30,Centre-Forward,SC Braga,"End of loanJun 30, 2004",in,Summer,0,Liga Nos,2004,2004/2005
FC Porto,Tiago,28,Defensive Midfield,Leiria,"End of loanJun 30, 2004",in,Summer,0,Liga Nos,2004,2004/2005
FC Porto,Hugo Almeida,20,Centre-Forward,Leiria,"End of loanJun 30, 2004",in,Summer,0,Liga Nos,2004,2004/2005
FC Porto,Candido Costa,23,Right Midfield,Derby,"End of loanJun 30, 2004",in,Summer,0,Liga Nos,2004,2004/2005
FC Porto,Hugo Ibarra,30,Right-Back,Monaco,"End of loanJun 30, 2004",in,Summer,0,Liga Nos,2004,2004/2005
FC Porto,Ricardo Carvalho,26,Centre-Back,Chelsea,£27.00m,out,Summer,27,Liga Nos,2004,2004/2005
FC Porto,Deco,26,Attacking Midfield,Barcelona,£18.90m,out,Summer,18.9,Liga Nos,2004,2004/2005
FC Porto,Paulo Ferreira,25,Right-Back,Chelsea,£18.00m,out,Summer,18,Liga Nos,2004,2004/2005
FC Porto,Pedro Mendes,25,Defensive Midfield,Spurs,£2.70m,out,Summer,2.7,Liga Nos,2004,2004/2005
FC Porto,Rossato,26,Left-Back,Real Sociedad,£900Th.,out,Summer,0.9,Liga Nos,2004,2004/2005
FC Porto,Dmitri Alenichev,31,Central Midfield,Spartak Moscow,£900Th.,out,Summer,0.9,Liga Nos,2004,2004/2005
FC Porto,Edgaras Jankauskas,29,Centre-Forward,OGC Nice,Loan fee:£675Th.,out,Summer,0.675,Liga Nos,2004,2004/2005
FC Porto,Tiago,28,Defensive Midfield,Boavista,free transfer,out,Summer,NA,Liga Nos,2004,2004/2005
FC Porto,Secretário,34,Right-Back,Maia,free transfer,out,Summer,NA,Liga Nos,2004,2004/2005
FC Porto,Tonel,24,Centre-Back,Marítimo,free transfer,out,Summer,NA,Liga Nos,2004,2004/2005
FC Porto,Sérgio Conceição,29,Right Winger,Standard Liège,free transfer,out,Summer,NA,Liga Nos,2004,2004/2005
FC Porto,Ricardo Fernandes,26,Attacking Midfield,Coimbra,free transfer,out,Summer,NA,Liga Nos,2004,2004/2005
FC Porto,Marco Ferreira,26,Right Winger,Vit. Guimarães,loan transfer,out,Summer,NA,Liga Nos,2004,2004/2005
FC Porto,Pedro Oliveira,22,Right Winger,Vitória Setúbal,loan transfer,out,Summer,NA,Liga Nos,2004,2004/2005
FC Porto,Pena,30,Centre-Forward,Marítimo,loan transfer,out,Summer,NA,Liga Nos,2004,2004/2005
FC Porto,Hugo Ibarra,30,Right-Back,Espanyol,loan transfer,out,Summer,NA,Liga Nos,2004,2004/2005
FC Porto,Bruno Alves,22,Centre-Back,AEK Athens,loan transfer,out,Summer,NA,Liga Nos,2004,2004/2005
FC Porto,Paulo Santos,31,Goalkeeper,SC Braga,loan transfer,out,Summer,NA,Liga Nos,2004,2004/2005
FC Porto,Paulo Costa,24,Attacking Midfield,Gil Vicente,loan transfer,out,Summer,NA,Liga Nos,2004,2004/2005
FC Porto,Evaldo,22,Left-Back,Marítimo,?,out,Summer,NA,Liga Nos,2004,2004/2005
FC Porto,Paulo Assunção,24,Defensive Midfield,AEK Athens,loan transfer,out,Summer,NA,Liga Nos,2004,2004/2005
FC Porto,Sérgio Organista,19,Defensive Midfield,Santa Clara,loan transfer,out,Summer,NA,Liga Nos,2004,2004/2005
FC Porto,Mário Silva,27,Left-Back,Recr. Huelva,loan transfer,out,Summer,NA,Liga Nos,2004,2004/2005
FC Porto,Bruno Moraes,19,Centre-Forward,Vitória Setúbal,loan transfer,out,Summer,NA,Liga Nos,2004,2004/2005
Vitória Guimarães SC,William Kwabena Tiero,23,Attacking Midfield,Asante Kotoko,free transfer,in,Summer,NA,Liga Nos,2004,2004/2005
Vitória Guimarães SC,Sanibal Orahovac,25,Centre-Forward,Red Star,free transfer,in,Summer,NA,Liga Nos,2004,2004/2005
Vitória Guimarães SC,Turra,30,Centre-Back,Boavista,free transfer,in,Summer,NA,Liga Nos,2004,2004/2005
Vitória Guimarães SC,Zé Nando,28,Left-Back,Paços Ferreira,free transfer,in,Summer,NA,Liga Nos,2004,2004/2005
Vitória Guimarães SC,Elpídio Silva,28,Centre-Forward,Sporting CP,loan transfer,in,Summer,NA,Liga Nos,2004,2004/2005
Vitória Guimarães SC,Marco Ferreira,26,Right Winger,FC Porto,loan transfer,in,Summer,NA,Liga Nos,2004,2004/2005
Vitória Guimarães SC,Alex,24,Right-Back,Benfica,loan transfer,in,Summer,NA,Liga Nos,2004,2004/2005
Vitória Guimarães SC,Attila Dragóner,29,Centre-Back,Ferencváros,?,in,Summer,NA,Liga Nos,2004,2004/2005
Vitória Guimarães SC,Luís Mário,27,Second Striker,Coritiba FC,?,in,Summer,NA,Liga Nos,2004,2004/2005
Vitória Guimarães SC,Jaílton,22,Defensive Midfield,Ipatinga FC,?,in,Summer,NA,Liga Nos,2004,2004/2005
Vitória Guimarães SC,Braulio Leal,22,Defensive Midfield,Colo Colo,loan transfer,in,Summer,NA,Liga Nos,2004,2004/2005
Vitória Guimarães SC,Tiago Targino,18,Right Winger,Guimarães U19,-,in,Summer,0,Liga Nos,2004,2004/2005
Vitória Guimarães SC,Pedro Freitas,17,Goalkeeper,Guimarães U19,-,in,Summer,0,Liga Nos,2004,2004/2005
Vitória Guimarães SC,Moreno,22,Centre-Back,Caçadores,"End of loanJun 30, 2004",in,Summer,0,Liga Nos,2004,2004/2005
Vitória Guimarães SC,Tomas Tomic,27,Goalkeeper,CF Estrela,"End of loanJun 30, 2004",in,Summer,0,Liga Nos,2004,2004/2005
Vitória Guimarães SC,Evando,27,Centre-Forward,CF Estrela,"End of loanJun 30, 2004",in,Summer,0,Liga Nos,2004,2004/2005
Vitória Guimarães SC,Abel Ferreira,25,Right-Back,SC Braga,free transfer,out,Summer,NA,Liga Nos,2004,2004/2005
Vitória Guimarães SC,Evando,27,Centre-Forward,Avaí FC,free transfer,out,Summer,NA,Liga Nos,2004,2004/2005
Vitória Guimarães SC,Fangueiro,27,Right Winger,Leiria,free transfer,out,Summer,NA,Liga Nos,2004,2004/2005
Vitória Guimarães SC,Marco Couto,29,Centre-Back,Al-Ahli SC,free transfer,out,Summer,NA,Liga Nos,2004,2004/2005
Vitória Guimarães SC,Afonso Martins,31,Left Midfield,Moreirense,free transfer,out,Summer,NA,Liga Nos,2004,2004/2005
Vitória Guimarães SC,Guga,27,Right Winger,Boavista,free transfer,out,Summer,NA,Liga Nos,2004,2004/2005
Vitória Guimarães SC,Luís Mário,28,Second Striker,Atlético-MG,?,out,Summer,NA,Liga Nos,2004,2004/2005
Vitória Guimarães SC,Hugo Cunha,NA,Attacking Midfield,Leiria,?,out,Summer,NA,Liga Nos,2004,2004/2005
Vitória Guimarães SC,Rubens Júnior,29,Left-Back,FC Porto,"End of loanJun 30, 2004",out,Summer,0,Liga Nos,2004,2004/2005
Vitória Guimarães SC,Ednilson,21,Defensive Midfield,Benfica,"End of loanJun 30, 2004",out,Summer,0,Liga Nos,2004,2004/2005
Vitória Guimarães SC,Jaílson,22,Centre-Forward,Atlético-MG,"End of loanJun 1, 2004",out,Summer,0,Liga Nos,2004,2004/2005
Vitória Guimarães SC,Bruno Alves,22,Centre-Back,FC Porto,"End of loanJun 30, 2004",out,Summer,0,Liga Nos,2004,2004/2005
Vitória Guimarães SC,João Tomás,29,Centre-Forward,Real Betis,"End of loanJun 30, 2004",out,Summer,0,Liga Nos,2004,2004/2005
CD Nacional,Geufer,23,Centre-Forward,Juventude,free transfer,in,Summer,NA,Liga Nos,2004,2004/2005
CD Nacional,Bruno,30,Central Midfield,Marítimo,free transfer,in,Summer,NA,Liga Nos,2004,2004/2005
CD Nacional,Wendel,22,Left Midfield,Cruzeiro,free transfer,in,Summer,NA,Liga Nos,2004,2004/2005
CD Nacional,Ferreira,25,Centre-Forward,Gil Vicente,?,in,Summer,NA,Liga Nos,2004,2004/2005
CD Nacional,Fábio Santos,23,Defensive Midfield,São Caetano,?,in,Summer,NA,Liga Nos,2004,2004/2005
CD Nacional,Julio Marchant,24,Right Midfield,CA Unión,?,in,Summer,NA,Liga Nos,2004,2004/2005
CD Nacional,Marcelo Costa,23,Attacking Midfield,Juventude,?,in,Summer,NA,Liga Nos,2004,2004/2005
CD Nacional,Carlos Manuel,18,Right-Back,Nacional U19,-,in,Summer,0,Liga Nos,2004,2004/2005
CD Nacional,Nuno Viveiros,21,Right Winger,Camacha,"End of loanJun 30, 2004",in,Summer,0,Liga Nos,2004,2004/2005
CD Nacional,André Pinto,25,Centre-Forward,Santa Clara,"End of loanJun 30, 2004",in,Summer,0,Liga Nos,2004,2004/2005
CD Nacional,Adilson Soares Cassama,21,Defensive Midfield,União Madeira,"End of loanJun 30, 2004",in,Summer,0,Liga Nos,2004,2004/2005
CD Nacional,Paulo Assunção,24,Defensive Midfield,FC Porto,£1.80m,out,Summer,1.8,Liga Nos,2004,2004/2005
CD Nacional,Rossato,26,Left-Back,FC Porto,£1.80m,out,Summer,1.8,Liga Nos,2004,2004/2005
CD Nacional,Michel Neves,23,Centre-Forward,Juventude,free transfer,out,Summer,NA,Liga Nos,2004,2004/2005
CD Nacional,Mário Carlos,21,Right Winger,Leiria,?,out,Summer,NA,Liga Nos,2004,2004/2005
CD Nacional,Carlos Pérez,32,Attacking Midfield,CD Ourense,?,out,Summer,NA,Liga Nos,2004,2004/2005
CD Nacional,Adilson Soares Cassama,21,Defensive Midfield,CF Estrela,loan transfer,out,Summer,NA,Liga Nos,2004,2004/2005
CD Nacional,Ivo Vieira,28,Right-Back,Retired,-,out,Summer,0,Liga Nos,2004,2004/2005
CD Nacional,Diego Clementino,20,Centre-Forward,Cruzeiro,"End of loanJun 30, 2004",out,Summer,0,Liga Nos,2004,2004/2005
União de Leiria,Hugo Faria,21,Defensive Midfield,Louletano,free transfer,in,Summer,NA,Liga Nos,2004,2004/2005
União de Leiria,Fangueiro,27,Right Winger,Vit. Guimarães,free transfer,in,Summer,NA,Liga Nos,2004,2004/2005
União de Leiria,Modou Sougou,19,Right Winger,AS Douanes,free transfer,in,Summer,NA,Liga Nos,2004,2004/2005
União de Leiria,Bernardo Vasconcelos,25,Centre-Forward,RKC Waalwijk,loan transfer,in,Summer,NA,Liga Nos,2004,2004/2005
União de Leiria,Mário Carlos,21,Right Winger,Nacional,?,in,Summer,NA,Liga Nos,2004,2004/2005
União de Leiria,Torrão,27,Defensive Midfield,Alverca,?,in,Summer,NA,Liga Nos,2004,2004/2005
União de Leiria,Vargas,25,Right Winger,Alverca,?,in,Summer,NA,Liga Nos,2004,2004/2005
União de Leiria,Hugo Cunha,NA,Attacking Midfield,Vit. Guimarães,?,in,Summer,NA,Liga Nos,2004,2004/2005
União de Leiria,Fábio Felicio,22,Central Midfield,Coimbra,?,in,Summer,NA,Liga Nos,2004,2004/2005
União de Leiria,Renato Queirós,26,Right Winger,Paços Ferreira,?,in,Summer,NA,Liga Nos,2004,2004/2005
União de Leiria,Petar Krpan,30,Centre-Forward,Hajduk Split,?,in,Summer,NA,Liga Nos,2004,2004/2005
União de Leiria,Eduardo Oliveira,31,Centre-Back,Stade Brestois,free transfer,out,Summer,NA,Liga Nos,2004,2004/2005
União de Leiria,Bruno Jorge,19,Goalkeeper,Estoril Praia,free transfer,out,Summer,NA,Liga Nos,2004,2004/2005
União de Leiria,Cédric De Cicco,25,Goalkeeper,Bourg-Péronnas,free transfer,out,Summer,NA,Liga Nos,2004,2004/2005
União de Leiria,Maurito,23,attack,Al-Jazira,free transfer,out,Summer,NA,Liga Nos,2004,2004/2005
União de Leiria,João Manuel,NA,Central Midfield,Moreirense,?,out,Summer,NA,Liga Nos,2004,2004/2005
União de Leiria,Cláudio,25,Centre-Forward,Unknown,?,out,Summer,NA,Liga Nos,2004,2004/2005
União de Leiria,Sérgio Gameiro,28,Attacking Midfield,Maia,?,out,Summer,NA,Liga Nos,2004,2004/2005
União de Leiria,Peter,21,midfield,Marília,?,out,Summer,NA,Liga Nos,2004,2004/2005
União de Leiria,Mário Carlos,21,Right Winger,Espinho,loan transfer,out,Summer,NA,Liga Nos,2004,2004/2005
União de Leiria,Bilro,33,Right-Back,Without Club,-,out,Summer,0,Liga Nos,2004,2004/2005
União de Leiria,Paulo Duarte,35,Centre-Back,Retired,-,out,Summer,0,Liga Nos,2004,2004/2005
União de Leiria,Filipe Teixeira,23,Right Winger,Paris SG,"End of loanJun 30, 2004",out,Summer,0,Liga Nos,2004,2004/2005
União de Leiria,Tiago,28,Defensive Midfield,FC Porto,"End of loanJun 30, 2004",out,Summer,0,Liga Nos,2004,2004/2005
União de Leiria,Hugo Almeida,20,Centre-Forward,FC Porto,"End of loanJun 30, 2004",out,Summer,0,Liga Nos,2004,2004/2005
União de Leiria,Luís Filipe,25,Right-Back,Sporting CP,"End of loanJun 30, 2004",out,Summer,0,Liga Nos,2004,2004/2005
União de Leiria,Emilio Peixe,31,Defensive Midfield,Benfica,"End of loanJun 30, 2004",out,Summer,0,Liga Nos,2004,2004/2005
União de Leiria,Douala,25,Left Winger,Boavista,"End of loanJun 30, 2004",out,Summer,0,Liga Nos,2004,2004/2005
Moreirense FC,Afonso Martins,31,Left Midfield,Vit. Guimarães,free transfer,in,Summer,NA,Liga Nos,2004,2004/2005
Moreirense FC,Fernando,23,Left Midfield,Varzim,free transfer,in,Summer,NA,Liga Nos,2004,2004/2005
Moreirense FC,João Manuel,NA,Central Midfield,Leiria,?,in,Summer,NA,Liga Nos,2004,2004/2005
Moreirense FC,Filipe Anunciacão,25,Defensive Midfield,Boavista,loan transfer,in,Summer,NA,Liga Nos,2004,2004/2005
Moreirense FC,Luís Carlos,18,Centre-Forward,Moreirense U19,-,in,Summer,0,Liga Nos,2004,2004/2005
Moreirense FC,Cristian Uribe,28,Central Midfield,La Serena,free transfer,out,Summer,NA,Liga Nos,2004,2004/2005
Moreirense FC,Rêgo,25,Attacking Midfield,Valenciano,free transfer,out,Summer,NA,Liga Nos,2004,2004/2005
Moreirense FC,Carlos Lima,26,Attacking Midfield,Académico Viseu,free transfer,out,Summer,NA,Liga Nos,2004,2004/2005
Moreirense FC,Nuno Mendes,26,Centre-Back,Santa Clara,free transfer,out,Summer,NA,Liga Nos,2004,2004/2005
Moreirense FC,Émerson,29,Left Midfield,Felgueiras,free transfer,out,Summer,NA,Liga Nos,2004,2004/2005
Moreirense FC,Jorge Brítez,23,Defensive Midfield,Olimpia,?,out,Summer,NA,Liga Nos,2004,2004/2005
Moreirense FC,Bruno,30,Central Midfield,Marítimo,"End of loanJun 30, 2004",out,Summer,0,Liga Nos,2004,2004/2005
CS Marítimo,Tonel,24,Centre-Back,FC Porto,free transfer,in,Summer,NA,Liga Nos,2004,2004/2005
CS Marítimo,Rui Marques,26,Centre-Back,VfB Stuttgart,free transfer,in,Summer,NA,Liga Nos,2004,2004/2005
CS Marítimo,Ferreira,20,Right-Back,Gil Vicente,free transfer,in,Summer,NA,Liga Nos,2004,2004/2005
CS Marítimo,Gustavo Manduca,24,Left Winger,Paços Ferreira,free transfer,in,Summer,NA,Liga Nos,2004,2004/2005
CS Marítimo,Krum Bibishkov,21,Centre-Forward,Marek Dupnitsa,free transfer,in,Summer,NA,Liga Nos,2004,2004/2005
CS Marítimo,Pena,30,Centre-Forward,FC Porto,loan transfer,in,Summer,NA,Liga Nos,2004,2004/2005
CS Marítimo,Zumbi,23,Centre-Forward,Vila Aurora,?,in,Summer,NA,Liga Nos,2004,2004/2005
CS Marítimo,Nélson Sousa,23,Goalkeeper,Caniçal,?,in,Summer,NA,Liga Nos,2004,2004/2005
CS Marítimo,Evaldo,22,Left-Back,FC Porto,?,in,Summer,NA,Liga Nos,2004,2004/2005
CS Marítimo,Luís Filipe,25,Right-Back,Sporting CP,?,in,Summer,NA,Liga Nos,2004,2004/2005
CS Marítimo,Silas,27,Attacking Midfield,Wolves,loan transfer,in,Summer,NA,Liga Nos,2004,2004/2005
CS Marítimo,Tiquinho,18,Right Winger,Marítimo U19,-,in,Summer,0,Liga Nos,2004,2004/2005
CS Marítimo,Hugo Morais,26,Central Midfield,União Madeira,"End of loanJun 30, 2004",in,Summer,0,Liga Nos,2004,2004/2005
CS Marítimo,Ronaldo,23,Centre-Forward,Santa Clara,"End of loanJun 30, 2004",in,Summer,0,Liga Nos,2004,2004/2005
CS Marítimo,Júnior Bahia,27,Centre-Forward,Penafiel,"End of loanJun 30, 2004",in,Summer,0,Liga Nos,2004,2004/2005
CS Marítimo,Pedro Moutinho,24,Centre-Forward,Penafiel,"End of loanJun 1, 2004",in,Summer,0,Liga Nos,2004,2004/2005
CS Marítimo,Bruno,30,Central Midfield,Moreirense,"End of loanJun 30, 2004",in,Summer,0,Liga Nos,2004,2004/2005
CS Marítimo,Pepe,21,Centre-Back,FC Porto,£1.80m,out,Summer,1.8,Liga Nos,2004,2004/2005
CS Marítimo,Bruno,30,Central Midfield,Nacional,free transfer,out,Summer,NA,Liga Nos,2004,2004/2005
CS Marítimo,Pedro Moutinho,24,Centre-Forward,Falkirk,free transfer,out,Summer,NA,Liga Nos,2004,2004/2005
CS Marítimo,Márcio Abreu,24,Central Midfield,Camacha,free transfer,out,Summer,NA,Liga Nos,2004,2004/2005
CS Marítimo,Albertino,32,Right-Back,FC Marco,free transfer,out,Summer,NA,Liga Nos,2004,2004/2005
CS Marítimo,Dinda,31,Attacking Midfield,Atlético-PR,?,out,Summer,NA,Liga Nos,2004,2004/2005
CS Marítimo,Fábio Ramos,24,Attacking Midfield,Nacional,?,out,Summer,NA,Liga Nos,2004,2004/2005
CS Marítimo,Júnior Bahia,27,Centre-Forward,Paços Ferreira,loan transfer,out,Summer,NA,Liga Nos,2004,2004/2005
CS Marítimo,Hugo Morais,26,Central Midfield,Desportivo Aves,loan transfer,out,Summer,NA,Liga Nos,2004,2004/2005
CS Marítimo,Rincón,27,Centre-Forward,Paços Ferreira,loan transfer,out,Summer,NA,Liga Nos,2004,2004/2005
CS Marítimo,Danny,20,Attacking Midfield,Sporting CP,"End of loanJun 30, 2004",out,Summer,0,Liga Nos,2004,2004/2005
SC Braga,Lima,22,Centre-Forward,Cruzeiro,£1.35m,in,Summer,1.35,Liga Nos,2004,2004/2005
SC Braga,Nabil Baha,22,Centre-Forward,Naval,£675Th.,in,Summer,0.675,Liga Nos,2004,2004/2005
SC Braga,Césinha,24,Second Striker,Santa Cruz,free transfer,in,Summer,NA,Liga Nos,2004,2004/2005
SC Braga,Jaime Júnior,25,Attacking Midfield,Rio Ave FC,free transfer,in,Summer,NA,Liga Nos,2004,2004/2005
SC Braga,Nelsinho,24,Attacking Midfield,Fafe,free transfer,in,Summer,NA,Liga Nos,2004,2004/2005
SC Braga,João Alves,23,Central Midfield,Chaves,free transfer,in,Summer,NA,Liga Nos,2004,2004/2005
SC Braga,Abel Ferreira,25,Right-Back,Vit. Guimarães,free transfer,in,Summer,NA,Liga Nos,2004,2004/2005
SC Braga,Luís Loureiro,27,Defensive Midfield,Gil Vicente,free transfer,in,Summer,NA,Liga Nos,2004,2004/2005
SC Braga,Vandinho,26,Central Midfield,Rio Ave FC,free transfer,in,Summer,NA,Liga Nos,2004,2004/2005
SC Braga,José Nunes,27,Centre-Back,Gil Vicente,free transfer,in,Summer,NA,Liga Nos,2004,2004/2005
SC Braga,Paulo Santos,31,Goalkeeper,FC Porto,loan transfer,in,Summer,NA,Liga Nos,2004,2004/2005
SC Braga,Toni,37,Centre-Forward,Rio Ave FC,?,in,Summer,NA,Liga Nos,2004,2004/2005
SC Braga,João Tomás,29,Centre-Forward,Real Betis,loan transfer,in,Summer,NA,Liga Nos,2004,2004/2005
SC Braga,Xano,23,Left Midfield,Braga B,-,in,Summer,0,Liga Nos,2004,2004/2005
SC Braga,João Pedro,18,Right-Back,Braga U19,-,in,Summer,0,Liga Nos,2004,2004/2005
SC Braga,Nené,24,Defensive Midfield,C. Rizespor,"End of loanAug 10, 2004",in,Summer,0,Liga Nos,2004,2004/2005
SC Braga,Quim,28,Goalkeeper,Benfica,£1.26m,out,Summer,1.26,Liga Nos,2004,2004/2005
SC Braga,Artur Jorge,32,Centre-Back,Penafiel,free transfer,out,Summer,NA,Liga Nos,2004,2004/2005
SC Braga,Nordin Wooter,26,Right Winger,Anorthosis,free transfer,out,Summer,NA,Liga Nos,2004,2004/2005
SC Braga,Dominic Foley,27,Centre-Forward,Bohemians,free transfer,out,Summer,NA,Liga Nos,2004,2004/2005
SC Braga,Éder Bonfim,23,Right-Back,Vitória Setúbal,free transfer,out,Summer,NA,Liga Nos,2004,2004/2005
SC Braga,Igor,24,Centre-Forward,Vitória Setúbal,loan transfer,out,Summer,NA,Liga Nos,2004,2004/2005
SC Braga,Zé Pedro,22,Right-Back,Oliveirense,?,out,Summer,NA,Liga Nos,2004,2004/2005
SC Braga,Xano,23,Left Midfield,Desportivo Aves,?,out,Summer,NA,Liga Nos,2004,2004/2005
SC Braga,Paulo Fonseca,22,Right-Back,Portimonense,?,out,Summer,NA,Liga Nos,2004,2004/2005
SC Braga,Telmo,29,Left-Back,Varzim,?,out,Summer,NA,Liga Nos,2004,2004/2005
SC Braga,Narcisse,23,Attacking Midfield,Portimonense,?,out,Summer,NA,Liga Nos,2004,2004/2005
SC Braga,Fredrik Söderström,31,Central Midfield,CF Estrela,?,out,Summer,NA,Liga Nos,2004,2004/2005
SC Braga,Marco Vanzini,28,Defensive Midfield,Terrassa FC,?,out,Summer,NA,Liga Nos,2004,2004/2005
SC Braga,Henrique,24,Centre-Forward,CF Estrela,loan transfer,out,Summer,NA,Liga Nos,2004,2004/2005
SC Braga,Miguel Soares,22,Central Midfield,Desportivo Aves,loan transfer,out,Summer,NA,Liga Nos,2004,2004/2005
SC Braga,Nené,25,Defensive Midfield,Desportivo Aves,loan transfer,out,Summer,NA,Liga Nos,2004,2004/2005
SC Braga,Kiril Nikolov,28,Attacking Midfield,Litex Lovech,"End of loanJun 30, 2004",out,Summer,0,Liga Nos,2004,2004/2005
SC Braga,Pena,30,Centre-Forward,FC Porto,"End of loanJun 30, 2004",out,Summer,0,Liga Nos,2004,2004/2005
Rio Ave FC,Delson,23,Defensive Midfield,Salgueiros,free transfer,in,Summer,NA,Liga Nos,2004,2004/2005
Rio Ave FC,Gaúcho,31,Centre-Forward,Busan I'Park,free transfer,in,Summer,NA,Liga Nos,2004,2004/2005
Rio Ave FC,Saulo,22,Right Winger,Maia,free transfer,in,Summer,NA,Liga Nos,2004,2004/2005
Rio Ave FC,Marquinhos,21,Central Midfield,Oliveira Bairro,?,in,Summer,NA,Liga Nos,2004,2004/2005
Rio Ave FC,Ricardo Nascimento,30,Attacking Midfield,Maia,?,in,Summer,NA,Liga Nos,2004,2004/2005
Rio Ave FC,Adriano,21,Goalkeeper,Valenciano,?,in,Summer,NA,Liga Nos,2004,2004/2005
Rio Ave FC,Amaobi,22,attack,D.N.H. Nam Dinh,?,in,Summer,NA,Liga Nos,2004,2004/2005
Rio Ave FC,Flávio,19,Attacking Midfield,Rio Ave FC U19,-,in,Summer,0,Liga Nos,2004,2004/2005
Rio Ave FC,Vandinho,26,Central Midfield,SC Braga,free transfer,out,Summer,NA,Liga Nos,2004,2004/2005
Rio Ave FC,Ronny van Es,26,Centre-Forward,Stormv. Telstar,free transfer,out,Summer,NA,Liga Nos,2004,2004/2005
Rio Ave FC,Jaime Júnior,25,Attacking Midfield,SC Braga,free transfer,out,Summer,NA,Liga Nos,2004,2004/2005
Rio Ave FC,Cuco,22,Central Midfield,Ovarense,loan transfer,out,Summer,NA,Liga Nos,2004,2004/2005
Rio Ave FC,Ruben,21,Central Midfield,Unknown,?,out,Summer,NA,Liga Nos,2004,2004/2005
Rio Ave FC,Toni,37,Centre-Forward,SC Braga,?,out,Summer,NA,Liga Nos,2004,2004/2005
Rio Ave FC,Mário Neves,31,Goalkeeper,Retired,-,out,Summer,0,Liga Nos,2004,2004/2005
Boavista FC,Carlos Fernandes,24,Goalkeeper,Felgueiras,free transfer,in,Summer,NA,Liga Nos,2004,2004/2005
Boavista FC,Cadú,22,Centre-Back,Paços Ferreira,free transfer,in,Summer,NA,Liga Nos,2004,2004/2005
Boavista FC,João Pinto,32,Second Striker,Sporting CP,free transfer,in,Summer,NA,Liga Nos,2004,2004/2005
Boavista FC,Tiago,28,Defensive Midfield,FC Porto,free transfer,in,Summer,NA,Liga Nos,2004,2004/2005
Boavista FC,Milhazes,23,Left-Back,Varzim,free transfer,in,Summer,NA,Liga Nos,2004,2004/2005
Boavista FC,Guga,27,Right Winger,Vit. Guimarães,free transfer,in,Summer,NA,Liga Nos,2004,2004/2005
Boavista FC,Toñito,27,Right Midfield,Sporting CP,free transfer,in,Summer,NA,Liga Nos,2004,2004/2005
Boavista FC,Hélder Rosário,24,Centre-Back,Belenenses,free transfer,in,Summer,NA,Liga Nos,2004,2004/2005
Boavista FC,Nélson,21,Right-Back,Salgueiros,free transfer,in,Summer,NA,Liga Nos,2004,2004/2005
Boavista FC,Lucas,24,Attacking Midfield,Coimbra,free transfer,in,Summer,NA,Liga Nos,2004,2004/2005
Boavista FC,Zé Manuel,29,Right Winger,Paços Ferreira,free transfer,in,Summer,NA,Liga Nos,2004,2004/2005
Boavista FC,Sául,26,Centre-Back,Beira-Mar,"End of loanJun 30, 2004",in,Summer,0,Liga Nos,2004,2004/2005
Boavista FC,André Barreto,24,Central Midfield,Estoril Praia,?,in,Summer,NA,Liga Nos,2004,2004/2005
Boavista FC,Felipe Flores,27,Centre-Forward,La Serena,?,in,Summer,NA,Liga Nos,2004,2004/2005
Boavista FC,Carlos Fernandes,26,Left-Back,Belenenses,?,in,Summer,NA,Liga Nos,2004,2004/2005
Boavista FC,Steven,19,Right-Back,Boavista Y19,-,in,Summer,0,Liga Nos,2004,2004/2005
Boavista FC,Nelson Santos,19,Defensive Midfield,Boavista Y19,-,in,Summer,0,Liga Nos,2004,2004/2005
Boavista FC,João Pedro,19,Defensive Midfield,Boavista Y19,-,in,Summer,0,Liga Nos,2004,2004/2005
Boavista FC,Igor Rocha,20,Left-Back,GD Ribeirão,"End of loanJun 30, 2004",in,Summer,0,Liga Nos,2004,2004/2005
Boavista FC,Diogo Valente,19,Left Winger,Chaves,"End of loanJun 30, 2004",in,Summer,0,Liga Nos,2004,2004/2005
Boavista FC,Saná Fadeira,22,Centre-Forward,Chaves,"End of loanJun 30, 2004",in,Summer,0,Liga Nos,2004,2004/2005
Boavista FC,Daniel,20,Defensive Midfield,Chaves,"End of loanJun 30, 2004",in,Summer,0,Liga Nos,2004,2004/2005
Boavista FC,Douala,25,Left Winger,Leiria,"End of loanJun 30, 2004",in,Summer,0,Liga Nos,2004,2004/2005
Boavista FC,Pedro Santos,28,Central Midfield,Penafiel,"End of loanJun 30, 2004",in,Summer,0,Liga Nos,2004,2004/2005
Boavista FC,Yuri,21,Centre-Forward,Gil Vicente,"End of loanJun 30, 2004",in,Summer,0,Liga Nos,2004,2004/2005
Boavista FC,João Paulo,24,Centre-Forward,Beira-Mar,"End of loanJun 30, 2004",in,Summer,0,Liga Nos,2004,2004/2005
Boavista FC,Douala,25,Left Winger,Sporting CP,£900Th.,out,Summer,0.9,Liga Nos,2004,2004/2005
Boavista FC,Ricardo Sousa,25,Attacking Midfield,Hannover 96,£675Th.,out,Summer,0.675,Liga Nos,2004,2004/2005
Boavista FC,Alexander Viveros,26,Left-Back,FC Nantes,free transfer,out,Summer,NA,Liga Nos,2004,2004/2005
Boavista FC,Turra,30,Centre-Back,Vit. Guimarães,free transfer,out,Summer,NA,Liga Nos,2004,2004/2005
Boavista FC,Laurentino,26,Goalkeeper,Com. Indústria,free transfer,out,Summer,NA,Liga Nos,2004,2004/2005
Boavista FC,Rui Óscar,28,Right-Back,Beira-Mar,free transfer,out,Summer,NA,Liga Nos,2004,2004/2005
Boavista FC,Sául,26,Centre-Back,US Créteil-L,free transfer,out,Summer,NA,Liga Nos,2004,2004/2005
Boavista FC,André Macanga,26,Defensive Midfield,Gaziantepspor,free transfer,out,Summer,NA,Liga Nos,2004,2004/2005
Boavista FC,Raúl Meireles,21,Central Midfield,FC Porto,free transfer,out,Summer,NA,Liga Nos,2004,2004/2005
Boavista FC,José Pedro,25,Central Midfield,Belenenses,free transfer,out,Summer,NA,Liga Nos,2004,2004/2005
Boavista FC,Mário Loja,26,Left-Back,Beira-Mar,free transfer,out,Summer,NA,Liga Nos,2004,2004/2005
Boavista FC,Jocivalter,25,Attacking Midfield,Varzim,loan transfer,out,Summer,NA,Liga Nos,2004,2004/2005
Boavista FC,Ali El Omari,26,Left Midfield,Estoril Praia,loan transfer,out,Summer,NA,Liga Nos,2004,2004/2005
Boavista FC,João Paulo,24,Centre-Forward,Estoril Praia,loan transfer,out,Summer,NA,Liga Nos,2004,2004/2005
Boavista FC,Yuri,21,Centre-Forward,Estoril Praia,loan transfer,out,Summer,NA,Liga Nos,2004,2004/2005
Boavista FC,Daniel,20,Defensive Midfield,FC Marco,loan transfer,out,Summer,NA,Liga Nos,2004,2004/2005
Boavista FC,Hugo Ferreira,20,Goalkeeper,Paredes,loan transfer,out,Summer,NA,Liga Nos,2004,2004/2005
Boavista FC,Luiz Cláudio,26,Centre-Forward,Botafogo,?,out,Summer,NA,Liga Nos,2004,2004/2005
Boavista FC,Steven,19,Right-Back,Paredes,loan transfer,out,Summer,NA,Liga Nos,2004,2004/2005
Boavista FC,Nelson Santos,19,Defensive Midfield,Paredes,loan transfer,out,Summer,NA,Liga Nos,2004,2004/2005
Boavista FC,Pedro Santos,28,Central Midfield,Penafiel,loan transfer,out,Summer,NA,Liga Nos,2004,2004/2005
Boavista FC,Igor Rocha,20,Left-Back,União Lamas,loan transfer,out,Summer,NA,Liga Nos,2004,2004/2005
Boavista FC,Vítor Borges,20,Right-Back,Desportivo Aves,loan transfer,out,Summer,NA,Liga Nos,2004,2004/2005
Boavista FC,Paulo Rangel,19,Centre-Forward,Varzim,loan transfer,out,Summer,NA,Liga Nos,2004,2004/2005
Boavista FC,Saná Fadeira,22,Centre-Forward,Paredes,loan transfer,out,Summer,NA,Liga Nos,2004,2004/2005
Boavista FC,Filipe Anunciacão,25,Defensive Midfield,Moreirense,loan transfer,out,Summer,NA,Liga Nos,2004,2004/2005
Boavista FC,Hélder Calvino,20,Attacking Midfield,Paços Ferreira,loan transfer,out,Summer,NA,Liga Nos,2004,2004/2005
Boavista FC,Ricardo Silva,28,Centre-Back,Without Club,-,out,Summer,0,Liga Nos,2004,2004/2005
FC Penafiel,Rolf Landerl,28,Attacking Midfield,FC Groningen,free transfer,in,Summer,NA,Liga Nos,2004,2004/2005
FC Penafiel,Sidney Moraes,27,Defensive Midfield,Guarani,free transfer,in,Summer,NA,Liga Nos,2004,2004/2005
FC Penafiel,Fernando Aguiar,32,Defensive Midfield,Landskrona,free transfer,in,Summer,NA,Liga Nos,2004,2004/2005
FC Penafiel,Américo,23,attack,Sanjoanense,free transfer,in,Summer,NA,Liga Nos,2004,2004/2005
FC Penafiel,Pascal,23,Centre-Forward,Vitória Setúbal,free transfer,in,Summer,NA,Liga Nos,2004,2004/2005
FC Penafiel,Artur Jorge,32,Centre-Back,SC Braga,free transfer,in,Summer,NA,Liga Nos,2004,2004/2005
FC Penafiel,Ljubinko Drulovic,35,Left Winger,Partizan,free transfer,in,Summer,NA,Liga Nos,2004,2004/2005
FC Penafiel,Edgar Marcelino,19,Right Winger,Sporting CP,loan transfer,in,Summer,NA,Liga Nos,2004,2004/2005
FC Penafiel,Jean Batista,22,Left-Back,Uberaba,?,in,Summer,NA,Liga Nos,2004,2004/2005
FC Penafiel,Nuno Diogo,23,Centre-Back,Salgueiros,?,in,Summer,NA,Liga Nos,2004,2004/2005
FC Penafiel,Nuno Silva,28,Centre-Back,Leixões,?,in,Summer,NA,Liga Nos,2004,2004/2005
FC Penafiel,Carlos Oliveira,24,Attacking Midfield,Leça,?,in,Summer,NA,Liga Nos,2004,2004/2005
FC Penafiel,Nílton,25,Central Midfield,Salgueiros,?,in,Summer,NA,Liga Nos,2004,2004/2005
FC Penafiel,Marquinhos,29,midfield,FC Marco,?,in,Summer,NA,Liga Nos,2004,2004/2005
FC Penafiel,Pedro Santos,28,Central Midfield,Boavista,loan transfer,in,Summer,NA,Liga Nos,2004,2004/2005
FC Penafiel,Clayton,28,Left Winger,Sporting CP,loan transfer,in,Summer,NA,Liga Nos,2004,2004/2005
FC Penafiel,Vítor Silva,20,Attacking Midfield,Lus. Lourosa,"End of loanJun 30, 2004",in,Summer,0,Liga Nos,2004,2004/2005
FC Penafiel,Quim,30,Centre-Forward,QD Jonoon,free transfer,out,Summer,NA,Liga Nos,2004,2004/2005
FC Penafiel,Nuno Morais,20,Defensive Midfield,Chelsea,free transfer,out,Summer,NA,Liga Nos,2004,2004/2005
FC Penafiel,Vítor Silva,20,Attacking Midfield,AD Lousada,loan transfer,out,Summer,NA,Liga Nos,2004,2004/2005
FC Penafiel,Serginho,27,attack,Chaves,?,out,Summer,NA,Liga Nos,2004,2004/2005
FC Penafiel,Evaldo,31,defence,Aliados Lordelo,?,out,Summer,NA,Liga Nos,2004,2004/2005
FC Penafiel,Ferreira,24,Central Midfield,FC Marco,?,out,Summer,NA,Liga Nos,2004,2004/2005
FC Penafiel,Mauro,20,Centre-Back,Paredes,?,out,Summer,NA,Liga Nos,2004,2004/2005
FC Penafiel,Ginho,24,Right Winger,Espinho,?,out,Summer,NA,Liga Nos,2004,2004/2005
FC Penafiel,Vítor Vieira,31,Right Winger,Without Club,-,out,Summer,0,Liga Nos,2004,2004/2005
FC Penafiel,Pedro Moutinho,24,Centre-Forward,Marítimo,"End of loanJun 1, 2004",out,Summer,0,Liga Nos,2004,2004/2005
FC Penafiel,Júnior Bahia,27,Centre-Forward,Marítimo,"End of loanJun 30, 2004",out,Summer,0,Liga Nos,2004,2004/2005
FC Penafiel,Adriano,22,Centre-Back,Comercial-SP,"End of loanJun 30, 2004",out,Summer,0,Liga Nos,2004,2004/2005
FC Penafiel,Pedro Santos,28,Central Midfield,Boavista,"End of loanJun 30, 2004",out,Summer,0,Liga Nos,2004,2004/2005
Gil Vicente FC,Ednilson,21,Defensive Midfield,Benfica,Loan fee:£90Th.,in,Summer,0.09,Liga Nos,2004,2004/2005
Gil Vicente FC,Sidraílson,22,Centre-Back,Santa Cruz,free transfer,in,Summer,NA,Liga Nos,2004,2004/2005
Gil Vicente FC,Grégory Arnolin,23,Centre-Back,FC Pedras Rubras,free transfer,in,Summer,NA,Liga Nos,2004,2004/2005
Gil Vicente FC,Rovérsio,20,Centre-Back,Santa Cruz,free transfer,in,Summer,NA,Liga Nos,2004,2004/2005
Gil Vicente FC,Fábio Hempel,23,Centre-Forward,Salgueiros,free transfer,in,Summer,NA,Liga Nos,2004,2004/2005
Gil Vicente FC,Júlio César,24,Centre-Forward,CF Estrela,free transfer,in,Summer,NA,Liga Nos,2004,2004/2005
Gil Vicente FC,Carlitos,27,Right Winger,Poli Ejido,free transfer,in,Summer,NA,Liga Nos,2004,2004/2005
Gil Vicente FC,Jorge Ribeiro,22,Left-Back,Varzim,loan transfer,in,Summer,NA,Liga Nos,2004,2004/2005
Gil Vicente FC,Paulo Costa,24,Attacking Midfield,FC Porto,loan transfer,in,Summer,NA,Liga Nos,2004,2004/2005
Gil Vicente FC,Tonanha,24,Right Midfield,Leixões,?,in,Summer,NA,Liga Nos,2004,2004/2005
Gil Vicente FC,Rui Baião,23,Attacking Midfield,CF Estrela,?,in,Summer,NA,Liga Nos,2004,2004/2005
Gil Vicente FC,Bruno Tiago,23,Central Midfield,Dragões,?,in,Summer,NA,Liga Nos,2004,2004/2005
Gil Vicente FC,Edson Mendes,26,Right-Back,Santa Cruz,loan transfer,in,Summer,NA,Liga Nos,2004,2004/2005
Gil Vicente FC,Luis Tinoco,17,Left-Back,Gil Vicente Y19,-,in,Summer,0,Liga Nos,2004,2004/2005
Gil Vicente FC,Óscar,17,Attacking Midfield,Gil Vicente Y19,-,in,Summer,0,Liga Nos,2004,2004/2005
Gil Vicente FC,Christophe,17,attack,Gil Vicente Y19,-,in,Summer,0,Liga Nos,2004,2004/2005
Gil Vicente FC,Piloto,17,Right Winger,Gil Vicente Y19,-,in,Summer,0,Liga Nos,2004,2004/2005
Gil Vicente FC,Salgueiro,18,Goalkeeper,Gil Vicente Y19,-,in,Summer,0,Liga Nos,2004,2004/2005
Gil Vicente FC,Gaspar,29,Centre-Back,AC Ajaccio,£176Th.,out,Summer,0.176,Liga Nos,2004,2004/2005
Gil Vicente FC,Larry,21,Centre-Forward,FC Marco,free transfer,out,Summer,NA,Liga Nos,2004,2004/2005
Gil Vicente FC,Emmanuel Duah,27,Left Winger,Al-Nejmeh,free transfer,out,Summer,NA,Liga Nos,2004,2004/2005
Gil Vicente FC,Ferreira,20,Right-Back,Marítimo,free transfer,out,Summer,NA,Liga Nos,2004,2004/2005
Gil Vicente FC,Joca,23,Defensive Midfield,Santa Clara,free transfer,out,Summer,NA,Liga Nos,2004,2004/2005
Gil Vicente FC,Joca,24,Defensive Midfield,Paços Ferreira,free transfer,out,Summer,NA,Liga Nos,2004,2004/2005
Gil Vicente FC,Ivo Afonso,28,Centre-Back,Naval,free transfer,out,Summer,NA,Liga Nos,2004,2004/2005
Gil Vicente FC,Luís Loureiro,27,Defensive Midfield,SC Braga,free transfer,out,Summer,NA,Liga Nos,2004,2004/2005
Gil Vicente FC,José Nunes,27,Centre-Back,SC Braga,free transfer,out,Summer,NA,Liga Nos,2004,2004/2005
Gil Vicente FC,Vítor Oliveira,22,Goalkeeper,Santa Maria,free transfer,out,Summer,NA,Liga Nos,2004,2004/2005
Gil Vicente FC,Rui André,20,Centre-Forward,Santa Maria da Feira,?,out,Summer,NA,Liga Nos,2004,2004/2005
Gil Vicente FC,Ferreira,25,Centre-Forward,Nacional,?,out,Summer,NA,Liga Nos,2004,2004/2005
Gil Vicente FC,Hugo Luz,22,Left-Back,FC Porto,"End of loanJun 30, 2004",out,Summer,0,Liga Nos,2004,2004/2005
Gil Vicente FC,Yuri,21,Centre-Forward,Boavista,"End of loanJun 30, 2004",out,Summer,0,Liga Nos,2004,2004/2005
GD Estoril Praia,Ousmane N'Doye,26,Defensive Midfield,Toulouse,free transfer,in,Summer,NA,Liga Nos,2004,2004/2005
GD Estoril Praia,Raphael Roncen,24,midfield,RE Virton,free transfer,in,Summer,NA,Liga Nos,2004,2004/2005
GD Estoril Praia,Bruno Jorge,19,Goalkeeper,Leiria,free transfer,in,Summer,NA,Liga Nos,2004,2004/2005
GD Estoril Praia,Luís Torres,24,Right-Back,Barreirense,free transfer,in,Summer,NA,Liga Nos,2004,2004/2005
GD Estoril Praia,Jorge Baptista,27,Goalkeeper,Dragões,free transfer,in,Summer,NA,Liga Nos,2004,2004/2005
GD Estoril Praia,Kalifa Cissé,20,Centre-Back,Toulouse B,free transfer,in,Summer,NA,Liga Nos,2004,2004/2005
GD Estoril Praia,Elias,22,Defensive Midfield,Corinthians,free transfer,in,Summer,NA,Liga Nos,2004,2004/2005
GD Estoril Praia,Dejan Ognjanovic,26,Right-Back,Partizan,loan transfer,in,Summer,NA,Liga Nos,2004,2004/2005
GD Estoril Praia,Ali El Omari,26,Left Midfield,Boavista,loan transfer,in,Summer,NA,Liga Nos,2004,2004/2005
GD Estoril Praia,Yuri,21,Centre-Forward,Boavista,loan transfer,in,Summer,NA,Liga Nos,2004,2004/2005
GD Estoril Praia,João Paulo,24,Centre-Forward,Boavista,loan transfer,in,Summer,NA,Liga Nos,2004,2004/2005
GD Estoril Praia,Milton,26,Central Midfield,Lusitânia,?,in,Summer,NA,Liga Nos,2004,2004/2005
GD Estoril Praia,Ibón Arrieta,27,Centre-Forward,Chaves,?,in,Summer,NA,Liga Nos,2004,2004/2005
GD Estoril Praia,Filipe,18,midfield,Corinthians,?,in,Summer,NA,Liga Nos,2004,2004/2005
GD Estoril Praia,Luciano Rosa,29,attack,Corinthians,?,in,Summer,NA,Liga Nos,2004,2004/2005
GD Estoril Praia,Edmar,23,Goalkeeper,Corinthians,?,in,Summer,NA,Liga Nos,2004,2004/2005
GD Estoril Praia,Stéphane Maurel,23,Right-Back,AC Ajaccio,?,in,Summer,NA,Liga Nos,2004,2004/2005
GD Estoril Praia,Yannick Quesnel,30,Goalkeeper,Benfica,loan transfer,in,Summer,NA,Liga Nos,2004,2004/2005
GD Estoril Praia,Carlitos,21,Left Midfield,Benfica,£450Th.,out,Summer,0.45,Liga Nos,2004,2004/2005
GD Estoril Praia,Dominique Aulanier,30,Attacking Midfield,FC Sion,free transfer,out,Summer,NA,Liga Nos,2004,2004/2005
GD Estoril Praia,Marcos António,24,Centre-Forward,Sanjoanense,free transfer,out,Summer,NA,Liga Nos,2004,2004/2005
GD Estoril Praia,Fabrice Catherine,31,Goalkeeper,Stade Lavallois,free transfer,out,Summer,NA,Liga Nos,2004,2004/2005
GD Estoril Praia,Marco Paulo,28,Centre-Forward,Stade Lavallois,free transfer,out,Summer,NA,Liga Nos,2004,2004/2005
GD Estoril Praia,Ivo Oliveira,23,Goalkeeper,Pontassolense,free transfer,out,Summer,NA,Liga Nos,2004,2004/2005
GD Estoril Praia,Luciano Rosa,29,attack,Corinthians,free transfer,out,Summer,NA,Liga Nos,2004,2004/2005
GD Estoril Praia,Luís Carlos,31,Attacking Midfield,Monte Gordo,?,out,Summer,NA,Liga Nos,2004,2004/2005
GD Estoril Praia,Tiago Gomes,18,Central Midfield,Oriental,?,out,Summer,NA,Liga Nos,2004,2004/2005
GD Estoril Praia,André Barreto,24,Central Midfield,Boavista,?,out,Summer,NA,Liga Nos,2004,2004/2005
GD Estoril Praia,Ferenc Horváth,31,Centre-Forward,Without Club,-,out,Summer,0,Liga Nos,2004,2004/2005
GD Estoril Praia,Nuno Sampaio,29,Goalkeeper,Retired,-,out,Summer,0,Liga Nos,2004,2004/2005
GD Estoril Praia,Everaldo,30,Left Winger,Without Club,-,out,Summer,0,Liga Nos,2004,2004/2005
Vitória Setúbal FC,Éder Bonfim,23,Right-Back,SC Braga,free transfer,in,Summer,NA,Liga Nos,2004,2004/2005
Vitória Setúbal FC,João Paulo Brito,30,Right Winger,CSKA Sofia,free transfer,in,Summer,NA,Liga Nos,2004,2004/2005
Vitória Setúbal FC,Binho,27,Defensive Midfield,Naval,free transfer,in,Summer,NA,Liga Nos,2004,2004/2005
Vitória Setúbal FC,Dione,24,defence,Anápolis-GO,free transfer,in,Summer,NA,Liga Nos,2004,2004/2005
Vitória Setúbal FC,Igor,24,Centre-Forward,SC Braga,loan transfer,in,Summer,NA,Liga Nos,2004,2004/2005
Vitória Setúbal FC,Pedro Oliveira,22,Right Winger,FC Porto,loan transfer,in,Summer,NA,Liga Nos,2004,2004/2005
Vitória Setúbal FC,Nélson Veríssimo,27,Centre-Back,Alverca,?,in,Summer,NA,Liga Nos,2004,2004/2005
Vitória Setúbal FC,Ricardo Chaves,26,Defensive Midfield,Chaves,?,in,Summer,NA,Liga Nos,2004,2004/2005
Vitória Setúbal FC,Nandinho,28,Left-Back,Alverca,?,in,Summer,NA,Liga Nos,2004,2004/2005
Vitória Setúbal FC,Bruno Moraes,19,Centre-Forward,FC Porto,loan transfer,in,Summer,NA,Liga Nos,2004,2004/2005
Vitória Setúbal FC,Zé Rui,21,Left Winger,Benfica,loan transfer,in,Summer,NA,Liga Nos,2004,2004/2005
Vitória Setúbal FC,Roberto Volpato,25,Goalkeeper,Criciúma EC,free transfer,out,Summer,NA,Liga Nos,2004,2004/2005
Vitória Setúbal FC,Orestes,23,Centre-Back,Maia,free transfer,out,Summer,NA,Liga Nos,2004,2004/2005
Vitória Setúbal FC,Pascal,23,Centre-Forward,Penafiel,free transfer,out,Summer,NA,Liga Nos,2004,2004/2005
Vitória Setúbal FC,Nélson,32,Right-Back,Rio Tinto,?,out,Summer,NA,Liga Nos,2004,2004/2005
Vitória Setúbal FC,Manuel do Carmo,29,midfield,Louletano,?,out,Summer,NA,Liga Nos,2004,2004/2005
Vitória Setúbal FC,Rui André,29,Left-Back,Maia,?,out,Summer,NA,Liga Nos,2004,2004/2005
Vitória Setúbal FC,Tiago Sousa,19,Centre-Back,Chaves,?,out,Summer,NA,Liga Nos,2004,2004/2005
Vitória Setúbal FC,Sérgio,19,midfield,Chaves,?,out,Summer,NA,Liga Nos,2004,2004/2005
Vitória Setúbal FC,João Costa,30,Defensive Midfield,Chaves,?,out,Summer,NA,Liga Nos,2004,2004/2005
Vitória Setúbal FC,João de Deus,27,Right-Back,Retired,-,out,Summer,0,Liga Nos,2004,2004/2005
Vitória Setúbal FC,Nuno Santos,31,Goalkeeper,Benfica,"End of loanJun 30, 2004",out,Summer,0,Liga Nos,2004,2004/2005
SC Beira-Mar,Beto,27,Central Midfield,Paços Ferreira,£50Th.,in,Summer,0.05,Liga Nos,2004,2004/2005
SC Beira-Mar,Heitor,26,Right Winger,Salgueiros,free transfer,in,Summer,NA,Liga Nos,2004,2004/2005
SC Beira-Mar,Pablo Rodríguez,27,Attacking Midfield,OGC Nice,free transfer,in,Summer,NA,Liga Nos,2004,2004/2005
SC Beira-Mar,Santiago Silva,23,Centre-Forward,River Plate,free transfer,in,Summer,NA,Liga Nos,2004,2004/2005
SC Beira-Mar,Rui Óscar,28,Right-Back,Boavista,free transfer,in,Summer,NA,Liga Nos,2004,2004/2005
SC Beira-Mar,Paul Murray,27,Central Midfield,Oldham Athletic,free transfer,in,Summer,NA,Liga Nos,2004,2004/2005
SC Beira-Mar,Ricardo,23,Centre-Back,Freamunde,free transfer,in,Summer,NA,Liga Nos,2004,2004/2005
SC Beira-Mar,Mário Loja,26,Left-Back,Boavista,free transfer,in,Summer,NA,Liga Nos,2004,2004/2005
SC Beira-Mar,Stephen McPhee,23,attack,Port Vale,free transfer,in,Summer,NA,Liga Nos,2004,2004/2005
SC Beira-Mar,Tininho,23,Left-Back,Micaelense,free transfer,in,Summer,NA,Liga Nos,2004,2004/2005
SC Beira-Mar,Pavel Srnicek,36,Goalkeeper,Portsmouth,free transfer,in,Summer,NA,Liga Nos,2004,2004/2005
SC Beira-Mar,Bruno Resende,19,Centre-Back,Beira-Mar U19,-,in,Summer,0,Liga Nos,2004,2004/2005
SC Beira-Mar,Artur,20,Attacking Midfield,Gafanha,"End of loanJun 30, 2004",in,Summer,0,Liga Nos,2004,2004/2005
SC Beira-Mar,Areias,27,Left-Back,FC Porto,£450Th.,out,Summer,0.45,Liga Nos,2004,2004/2005
SC Beira-Mar,Juninho Petrolina,29,Attacking Midfield,Belenenses,£108Th.,out,Summer,0.108,Liga Nos,2004,2004/2005
SC Beira-Mar,Andy Marriott,33,Goalkeeper,Coventry,free transfer,out,Summer,NA,Liga Nos,2004,2004/2005
SC Beira-Mar,Fusco,31,Defensive Midfield,Pinhalnovense,free transfer,out,Summer,NA,Liga Nos,2004,2004/2005
SC Beira-Mar,Clyde Wijnhard,30,Centre-Forward,Darlington,free transfer,out,Summer,NA,Liga Nos,2004,2004/2005
SC Beira-Mar,Thomas Debenest,30,Goalkeeper,Red Star FC 93,free transfer,out,Summer,NA,Liga Nos,2004,2004/2005
SC Beira-Mar,Gamboa,31,Right Winger,Maia,free transfer,out,Summer,NA,Liga Nos,2004,2004/2005
SC Beira-Mar,Kata,26,Defensive Midfield,Servette FC,free transfer,out,Summer,NA,Liga Nos,2004,2004/2005
SC Beira-Mar,Sául,26,Centre-Back,Boavista,"End of loanJun 30, 2004",out,Summer,0,Liga Nos,2004,2004/2005
SC Beira-Mar,Alejandro Osorio,27,Central Midfield,CDUC,?,out,Summer,NA,Liga Nos,2004,2004/2005
SC Beira-Mar,Whelliton,31,Centre-Forward,Flamengo,?,out,Summer,NA,Liga Nos,2004,2004/2005
SC Beira-Mar,Mário Artur,35,Right Midfield,Retired,-,out,Summer,0,Liga Nos,2004,2004/2005
SC Beira-Mar,Diogo Luís,23,Left-Back,Without Club,-,out,Summer,0,Liga Nos,2004,2004/2005
SC Beira-Mar,Carlinhos Bala,24,Centre-Forward,Santa Cruz,"End of loanJun 30, 2004",out,Summer,0,Liga Nos,2004,2004/2005
SC Beira-Mar,João Paulo,24,Centre-Forward,Boavista,"End of loanJun 30, 2004",out,Summer,0,Liga Nos,2004,2004/2005
SC Beira-Mar,Toni,24,Right-Back,Benfica,"End of loanJun 30, 2004",out,Summer,0,Liga Nos,2004,2004/2005
Sporting CP,Mota,24,Centre-Forward,Chunnam Dragons,free transfer,in,Winter,NA,Liga Nos,2004,2004/2005
Sporting CP,Mário Felgueiras,18,Goalkeeper,Sporting U19,-,in,Winter,0,Liga Nos,2004,2004/2005
Sporting CP,Danny,21,Attacking Midfield,Dinamo Moscow,£2.70m,out,Winter,2.7,Liga Nos,2004,2004/2005
Sporting CP,Tinga,26,Central Midfield,Internacional,£270Th.,out,Winter,0.27,Liga Nos,2004,2004/2005
Sporting CP,Paulo Sérgio,20,Attacking Midfield,Belenenses,loan transfer,out,Winter,NA,Liga Nos,2004,2004/2005
SL Benfica,Nuno Assis,27,Attacking Midfield,Vit. Guimarães,£540Th.,in,Winter,0.54,Liga Nos,2004,2004/2005
SL Benfica,André Luis,25,Centre-Back,Santos FC,free transfer,in,Winter,NA,Liga Nos,2004,2004/2005
SL Benfica,Andrija Delibasic,23,Centre-Forward,RCD Mallorca,loan transfer,in,Winter,NA,Liga Nos,2004,2004/2005
SL Benfica,Manú,22,Right Winger,Modena,"End of loanDec 31, 2004",in,Winter,0,Liga Nos,2004,2004/2005
SL Benfica,Roger,26,Attacking Midfield,Fluminense,"End of loanDec 31, 2004",in,Winter,0,Liga Nos,2004,2004/2005
SL Benfica,Roger,26,Attacking Midfield,Corinthians,£2.07m,out,Winter,2.07,Liga Nos,2004,2004/2005
SL Benfica,Argel Fuchs,30,Centre-Back,Racing,free transfer,out,Winter,NA,Liga Nos,2004,2004/2005
SL Benfica,Amoreirinha,20,Centre-Back,Estoril Praia,loan transfer,out,Winter,NA,Liga Nos,2004,2004/2005
SL Benfica,Anderson,26,Centre-Forward,Al-Shamal,loan transfer,out,Winter,NA,Liga Nos,2004,2004/2005
SL Benfica,Ivan Dudic,27,Right-Back,RAEC Mons,?,out,Winter,NA,Liga Nos,2004,2004/2005
SL Benfica,Manú,22,Right Winger,AC Carpenedolo,loan transfer,out,Winter,NA,Liga Nos,2004,2004/2005
SL Benfica,Zlatko Zahovic,33,Attacking Midfield,Retired,-,out,Winter,0,Liga Nos,2004,2004/2005
Académica Coimbra,Marcel,23,Centre-Forward,Suwon Bluewings,£1.62m,in,Winter,1.62,Liga Nos,2004,2004/2005
Académica Coimbra,Roberto Brum,26,Defensive Midfield,Coritiba FC,£720Th.,in,Winter,0.72,Liga Nos,2004,2004/2005
Académica Coimbra,Kenedy,30,Left-Back,SC Braga,free transfer,in,Winter,NA,Liga Nos,2004,2004/2005
Académica Coimbra,Lira,21,Left-Back,Coritiba FC,free transfer,in,Winter,NA,Liga Nos,2004,2004/2005
Académica Coimbra,Kenny Cooper Jr.,20,Centre-Forward,Man Utd Res.,loan transfer,in,Winter,NA,Liga Nos,2004,2004/2005
Académica Coimbra,Hugo Leal,24,Central Midfield,FC Porto,loan transfer,in,Winter,NA,Liga Nos,2004,2004/2005
Académica Coimbra,Andrade,31,Defensive Midfield,Without Club,-,in,Winter,0,Liga Nos,2004,2004/2005
Académica Coimbra,Vítor Vinha,18,Left-Back,Académica U19,-,in,Winter,0,Liga Nos,2004,2004/2005
Académica Coimbra,Raul Oliveira,32,Centre-Back,Lusitânia,free transfer,out,Winter,NA,Liga Nos,2004,2004/2005
Académica Coimbra,William,19,Centre-Back,CD Fátima,loan transfer,out,Winter,NA,Liga Nos,2004,2004/2005
Académica Coimbra,Luciano Fonseca,25,Right Winger,CS Sergipe-SE,loan transfer,out,Winter,NA,Liga Nos,2004,2004/2005
Académica Coimbra,Clément Beaud,24,Central Midfield,Without Club,-,out,Winter,0,Liga Nos,2004,2004/2005
FC Porto,Anderson,16,Central Midfield,Grêmio,£7.20m,in,Winter,7.2,Liga Nos,2004,2004/2005
FC Porto,Thiago Silva,20,Centre-Back,Juventude,£2.25m,in,Winter,2.25,Liga Nos,2004,2004/2005
FC Porto,Leandro,25,Left-Back,Cruzeiro,£1.80m,in,Winter,1.8,Liga Nos,2004,2004/2005
FC Porto,Léo Lima,22,Attacking Midfield,Marítimo,£1.80m,in,Winter,1.8,Liga Nos,2004,2004/2005
FC Porto,Ibson,21,Central Midfield,Flamengo,£1.62m,in,Winter,1.62,Liga Nos,2004,2004/2005
FC Porto,Leandro Bonfim,20,Attacking Midfield,PSV Eindhoven,?,in,Winter,NA,Liga Nos,2004,2004/2005
FC Porto,Carlos Alberto,20,Attacking Midfield,Corinthians,£9.00m,out,Winter,9,Liga Nos,2004,2004/2005
FC Porto,Derlei,29,Centre-Forward,Dinamo Moscow,£6.75m,out,Winter,6.75,Liga Nos,2004,2004/2005
FC Porto,Maciel,26,Right Winger,Atlético-PR,Loan fee:£450Th.,out,Winter,0.45,Liga Nos,2004,2004/2005
FC Porto,Ákos Buzsáky,22,Central Midfield,Plymouth,£360Th.,out,Winter,0.36,Liga Nos,2004,2004/2005
FC Porto,César Peixoto,24,Left Midfield,Vit. Guimarães,Loan fee:£90Th.,out,Winter,0.09,Liga Nos,2004,2004/2005
FC Porto,Candido Costa,23,Right Midfield,SC Braga,free transfer,out,Winter,NA,Liga Nos,2004,2004/2005
FC Porto,Rubens Júnior,29,Left-Back,Coritiba FC,free transfer,out,Winter,NA,Liga Nos,2004,2004/2005
FC Porto,Hugo Almeida,20,Centre-Forward,Boavista,loan transfer,out,Winter,NA,Liga Nos,2004,2004/2005
FC Porto,Hugo Leal,24,Central Midfield,Coimbra,loan transfer,out,Winter,NA,Liga Nos,2004,2004/2005
Vitória Guimarães SC,César Peixoto,24,Left Midfield,FC Porto,Loan fee:£90Th.,in,Winter,0.09,Liga Nos,2004,2004/2005
Vitória Guimarães SC,Nuno Assis,27,Attacking Midfield,Benfica,£540Th.,out,Winter,0.54,Liga Nos,2004,2004/2005
Vitória Guimarães SC,Rui Ferreira,31,Defensive Midfield,Belenenses,free transfer,out,Winter,NA,Liga Nos,2004,2004/2005
Vitória Guimarães SC,Carlos Carneiro,30,Centre-Forward,Gil Vicente,free transfer,out,Winter,NA,Liga Nos,2004,2004/2005
Vitória Guimarães SC,Jaílton,22,Defensive Midfield,CF Estrela,?,out,Winter,NA,Liga Nos,2004,2004/2005
Vitória Guimarães SC,Braulio Leal,23,Defensive Midfield,Colo Colo,"End of loanDec 31, 2004",out,Winter,0,Liga Nos,2004,2004/2005
CD Nacional,Alonso,24,Left-Back,Paysandu SC,?,in,Winter,NA,Liga Nos,2004,2004/2005
CD Nacional,Serginho Cunha,32,Second Striker,Juventude,"End of loanDec 31, 2004",in,Winter,0,Liga Nos,2004,2004/2005
CD Nacional,Rondinelli,26,Left-Back,Figueirense FC,free transfer,out,Winter,NA,Liga Nos,2004,2004/2005
CD Nacional,Serginho Baiano,26,Left Winger,Chunnam Dragons,free transfer,out,Winter,NA,Liga Nos,2004,2004/2005
CD Nacional,Rogerinho,24,Attacking Midfield,Juventude,loan transfer,out,Winter,NA,Liga Nos,2004,2004/2005
CD Nacional,Ferreira,25,Centre-Forward,Leiria,?,out,Winter,NA,Liga Nos,2004,2004/2005
CD Nacional,Fábio Santos,24,Defensive Midfield,Cruzeiro,?,out,Winter,NA,Liga Nos,2004,2004/2005
CD Nacional,Serginho Cunha,32,Second Striker,União Madeira,?,out,Winter,NA,Liga Nos,2004,2004/2005
CD Nacional,Geufer,24,Centre-Forward,Leiria,loan transfer,out,Winter,NA,Liga Nos,2004,2004/2005
União de Leiria,Ferreira,25,Centre-Forward,Nacional,?,in,Winter,NA,Liga Nos,2004,2004/2005
União de Leiria,Geufer,24,Centre-Forward,Nacional,loan transfer,in,Winter,NA,Liga Nos,2004,2004/2005
União de Leiria,Caíco,30,Attacking Midfield,Juventude,free transfer,out,Winter,NA,Liga Nos,2004,2004/2005
União de Leiria,Eddy Carazas,30,Right Midfield,Dep. Aviación,?,out,Winter,NA,Liga Nos,2004,2004/2005
União de Leiria,Vargas,26,Right Winger,Estoril Praia,loan transfer,out,Winter,NA,Liga Nos,2004,2004/2005
União de Leiria,Bernardo Vasconcelos,25,Centre-Forward,RKC Waalwijk,"End of loanDec 31, 2004",out,Winter,0,Liga Nos,2004,2004/2005
Moreirense FC,Nei,24,Centre-Forward,Ovarense,free transfer,in,Winter,NA,Liga Nos,2004,2004/2005
Moreirense FC,Eriverton,26,Central Midfield,Santa Cruz,free transfer,in,Winter,NA,Liga Nos,2004,2004/2005
Moreirense FC,Maurice Mendy,22,Centre-Back,Raith Rovers,free transfer,in,Winter,NA,Liga Nos,2004,2004/2005
Moreirense FC,Delfim,27,Defensive Midfield,Marseille,loan transfer,in,Winter,NA,Liga Nos,2004,2004/2005
Moreirense FC,Sena,27,Right-Back,Falkirk,free transfer,out,Winter,NA,Liga Nos,2004,2004/2005
Moreirense FC,Demétrios,33,Centre-Forward,Comercial-SP,free transfer,out,Winter,NA,Liga Nos,2004,2004/2005
CS Marítimo,Abel Lobatón,27,Centre-Forward,César Vallejo,free transfer,in,Winter,NA,Liga Nos,2004,2004/2005
CS Marítimo,Marcinho,23,Attacking Midfield,Santos FC,free transfer,in,Winter,NA,Liga Nos,2004,2004/2005
CS Marítimo,Damir Pekic,25,Centre-Forward,LR Ahlen,free transfer,in,Winter,NA,Liga Nos,2004,2004/2005
CS Marítimo,Léo Lima,22,Attacking Midfield,FC Porto,£1.80m,out,Winter,1.8,Liga Nos,2004,2004/2005
CS Marítimo,Ezequias,23,Left-Back,Gil Vicente,loan transfer,out,Winter,NA,Liga Nos,2004,2004/2005
CS Marítimo,André Neles,26,Centre-Forward,Figueirense FC,?,out,Winter,NA,Liga Nos,2004,2004/2005
CS Marítimo,Souza,22,Centre-Forward,Internacional,loan transfer,out,Winter,NA,Liga Nos,2004,2004/2005
CS Marítimo,Zumbi,24,Centre-Forward,Without Club,-,out,Winter,0,Liga Nos,2004,2004/2005
CS Marítimo,Rodrigão,26,Centre-Forward,Botafogo,"End of loanDec 1, 2004",out,Winter,0,Liga Nos,2004,2004/2005
SC Braga,Candido Costa,23,Right Midfield,FC Porto,free transfer,in,Winter,NA,Liga Nos,2004,2004/2005
SC Braga,Andrés Madrid,23,Defensive Midfield,Gimnasia,free transfer,in,Winter,NA,Liga Nos,2004,2004/2005
SC Braga,Léo Moura,26,Right-Back,Fluminense,free transfer,in,Winter,NA,Liga Nos,2004,2004/2005
SC Braga,Ilan Bakhar,29,Right-Back,FC Ashdod,free transfer,in,Winter,NA,Liga Nos,2004,2004/2005
SC Braga,Edinho,22,Centre-Forward,Braga B,-,in,Winter,0,Liga Nos,2004,2004/2005
SC Braga,Filipe Gonçalves,20,Defensive Midfield,Braga B,-,in,Winter,0,Liga Nos,2004,2004/2005
SC Braga,Cícero,18,Centre-Forward,Dinamo Moscow,£3.15m,out,Winter,3.15,Liga Nos,2004,2004/2005
SC Braga,Lima,23,Centre-Forward,Atlético-PR,£2.25m,out,Winter,2.25,Liga Nos,2004,2004/2005
SC Braga,Luís Loureiro,28,Defensive Midfield,Dinamo Moscow,£1.80m,out,Winter,1.8,Liga Nos,2004,2004/2005
SC Braga,Kenedy,30,Left-Back,Coimbra,free transfer,out,Winter,NA,Liga Nos,2004,2004/2005
SC Braga,Nelsinho,25,Attacking Midfield,CF Estrela,loan transfer,out,Winter,NA,Liga Nos,2004,2004/2005
Rio Ave FC,Cuco,22,Central Midfield,Ovarense,"End of loanDec 31, 2004",in,Winter,0,Liga Nos,2004,2004/2005
Rio Ave FC,Ricardo Nascimento,30,Attacking Midfield,FC Seoul,£225Th.,out,Winter,0.225,Liga Nos,2004,2004/2005
Rio Ave FC,Nuno Sousa,30,Centre-Forward,Paços Ferreira,free transfer,out,Winter,NA,Liga Nos,2004,2004/2005
Rio Ave FC,Pedro Franco,30,Centre-Back,FC Seoul,free transfer,out,Winter,NA,Liga Nos,2004,2004/2005
Rio Ave FC,Amaobi,23,attack,Da Nang FC,?,out,Winter,NA,Liga Nos,2004,2004/2005
Rio Ave FC,Tiago Carneiro,21,Left Winger,FC Marco,loan transfer,out,Winter,NA,Liga Nos,2004,2004/2005
Rio Ave FC,Cuco,22,Central Midfield,Rio Tinto,loan transfer,out,Winter,NA,Liga Nos,2004,2004/2005
Boavista FC,Ambassa,23,Centre-Back,Canon Yaoundé,free transfer,in,Winter,NA,Liga Nos,2004,2004/2005
Boavista FC,Hugo Almeida,20,Centre-Forward,FC Porto,loan transfer,in,Winter,NA,Liga Nos,2004,2004/2005
Boavista FC,Ali El Omari,26,Left Midfield,Estoril Praia,"End of loanDec 1, 2004",in,Winter,0,Liga Nos,2004,2004/2005
Boavista FC,Frechaut,27,Right-Back,Dinamo Moscow,£630Th.,out,Winter,0.63,Liga Nos,2004,2004/2005
Boavista FC,Duda,30,Right Winger,Internacional,free transfer,out,Winter,NA,Liga Nos,2004,2004/2005
Boavista FC,Ali El Omari,26,Left Midfield,Beira-Mar,free transfer,out,Winter,NA,Liga Nos,2004,2004/2005
Boavista FC,Jorge Silva,29,Defensive Midfield,Beira-Mar,?,out,Winter,NA,Liga Nos,2004,2004/2005
FC Penafiel,Ousmane N'Doye,26,Defensive Midfield,Estoril Praia,free transfer,in,Winter,NA,Liga Nos,2004,2004/2005
FC Penafiel,Kelly Berville,26,Left-Back,FC Gueugnon,free transfer,in,Winter,NA,Liga Nos,2004,2004/2005
FC Penafiel,Cassiano,29,Right Winger,Botafogo,?,in,Winter,NA,Liga Nos,2004,2004/2005
FC Penafiel,Américo,24,attack,Imortal,free transfer,out,Winter,NA,Liga Nos,2004,2004/2005
FC Penafiel,Marquinhos,30,midfield,Ribeira Brava,free transfer,out,Winter,NA,Liga Nos,2004,2004/2005
FC Penafiel,Carlos Oliveira,25,Attacking Midfield,Ovarense,free transfer,out,Winter,NA,Liga Nos,2004,2004/2005
FC Penafiel,Jean Batista,23,Left-Back,Vasco da Gama,?,out,Winter,NA,Liga Nos,2004,2004/2005
FC Penafiel,Messias,20,Defensive Midfield,Desportivo Aves,loan transfer,out,Winter,NA,Liga Nos,2004,2004/2005
FC Penafiel,Artur Jorge,33,Centre-Back,Retired,-,out,Winter,0,Liga Nos,2004,2004/2005
FC Penafiel,Ljubinko Drulovic,36,Left Winger,Retired,-,out,Winter,0,Liga Nos,2004,2004/2005
Gil Vicente FC,Carlos Carneiro,30,Centre-Forward,Vit. Guimarães,free transfer,in,Winter,NA,Liga Nos,2004,2004/2005
Gil Vicente FC,Ezequias,23,Left-Back,Marítimo,loan transfer,in,Winter,NA,Liga Nos,2004,2004/2005
Gil Vicente FC,Paulo Arantes,18,Right-Back,Gil Vicente Y19,-,in,Winter,0,Liga Nos,2004,2004/2005
Gil Vicente FC,Júlio César,24,Centre-Forward,AEK Athens,£486Th.,out,Winter,0.486,Liga Nos,2004,2004/2005
Gil Vicente FC,Edinho,22,Centre-Forward,Jaguaré-ES,?,out,Winter,NA,Liga Nos,2004,2004/2005
Gil Vicente FC,Fábio Hempel,24,Centre-Forward,CF Estrela,loan transfer,out,Winter,NA,Liga Nos,2004,2004/2005
Gil Vicente FC,Rui Baião,24,Attacking Midfield,AO Kerkyra,loan transfer,out,Winter,NA,Liga Nos,2004,2004/2005
Gil Vicente FC,Jorge Ribeiro,23,Left-Back,Varzim,"End of loanDec 31, 2004",out,Winter,0,Liga Nos,2004,2004/2005
GD Estoril Praia,Moses Sakyi,23,Centre-Forward,Istanbulspor,free transfer,in,Winter,NA,Liga Nos,2004,2004/2005
GD Estoril Praia,Amoreirinha,20,Centre-Back,Benfica,loan transfer,in,Winter,NA,Liga Nos,2004,2004/2005
GD Estoril Praia,Vargas,26,Right Winger,Leiria,loan transfer,in,Winter,NA,Liga Nos,2004,2004/2005
GD Estoril Praia,Edmar,23,Goalkeeper,Corinthians,free transfer,out,Winter,NA,Liga Nos,2004,2004/2005
GD Estoril Praia,Ousmane N'Doye,26,Defensive Midfield,Penafiel,free transfer,out,Winter,NA,Liga Nos,2004,2004/2005
GD Estoril Praia,Milton,26,Central Midfield,CD Fátima,free transfer,out,Winter,NA,Liga Nos,2004,2004/2005
GD Estoril Praia,Ali El Omari,26,Left Midfield,Boavista,"End of loanDec 1, 2004",out,Winter,0,Liga Nos,2004,2004/2005
GD Estoril Praia,Dejan Ognjanovic,26,Right-Back,Partizan,"End of loanDec 31, 2004",out,Winter,0,Liga Nos,2004,2004/2005
Vitória Setúbal FC,Moretto,26,Goalkeeper,Felgueiras,free transfer,in,Winter,NA,Liga Nos,2004,2004/2005
Vitória Setúbal FC,Fabien Farnolle,19,Goalkeeper,G. Bordeaux B,free transfer,in,Winter,NA,Liga Nos,2004,2004/2005
Vitória Setúbal FC,Diogo,21,Centre-Forward,Kalmar FF,free transfer,in,Winter,NA,Liga Nos,2004,2004/2005
Vitória Setúbal FC,João Paulo Brito,30,Right Winger,AGS Kastoria,free transfer,out,Winter,NA,Liga Nos,2004,2004/2005
Vitória Setúbal FC,Mário Pessoa,20,Central Midfield,Vendas Novas,loan transfer,out,Winter,NA,Liga Nos,2004,2004/2005
SC Beira-Mar,Ali El Omari,26,Left Midfield,Boavista,free transfer,in,Winter,NA,Liga Nos,2004,2004/2005
SC Beira-Mar,Hassan Ahamada,23,Attacking Midfield,FC Nantes,loan transfer,in,Winter,NA,Liga Nos,2004,2004/2005
SC Beira-Mar,Eugene Galekovic,23,Goalkeeper,South Melbourne,?,in,Winter,NA,Liga Nos,2004,2004/2005
SC Beira-Mar,Jorge Silva,29,Defensive Midfield,Boavista,?,in,Winter,NA,Liga Nos,2004,2004/2005
SC Beira-Mar,Ricardo Silva,29,Centre-Back,Without Club,-,in,Winter,0,Liga Nos,2004,2004/2005
SC Beira-Mar,Maurício Levato,28,Central Midfield,FC Cartagena,free transfer,out,Winter,NA,Liga Nos,2004,2004/2005
SC Beira-Mar,Pablo Rodríguez,27,Attacking Midfield,Wanderers,free transfer,out,Winter,NA,Liga Nos,2004,2004/2005
SC Beira-Mar,Artur,20,Attacking Midfield,Avanca,loan transfer,out,Winter,NA,Liga Nos,2004,2004/2005
SC Beira-Mar,Marian Zeman,30,Centre-Back,Retired,-,out,Winter,0,Liga Nos,2004,2004/2005
