club_name,player_name,age,position,club_involved_name,fee,transfer_movement,transfer_period,fee_cleaned,league_name,year,season
Olympique Lyon,Kim Källström,23,Central Midfield,Stade Rennais,£7.20m,in,Summer,7.2,Ligue 1,2006,2006/2007
Olympique Lyon,Jérémy Toulalan,22,Defensive Midfield,FC Nantes,£6.30m,in,Summer,6.3,Ligue 1,2006,2006/2007
Olympique Lyon,Alou Diarra,25,Defensive Midfield,Lens,£5.63m,in,Summer,5.63,Ligue 1,2006,2006/2007
Olympique Lyon,Sébastien Squillaci,25,Centre-Back,Monaco,£4.05m,in,Summer,4.05,Ligue 1,2006,2006/2007
Olympique Lyon,Mourad Benhamida,20,Right-Back,Olymp. Lyon B,-,in,Summer,0,Ligue 1,2006,2006/2007
Olympique Lyon,Grégory Bettiol,20,Centre-Forward,Olymp. Lyon B,-,in,Summer,0,Ligue 1,2006,2006/2007
Olympique Lyon,Loïc Rémy,19,Centre-Forward,Olymp. Lyon B,-,in,Summer,0,Ligue 1,2006,2006/2007
Olympique Lyon,Johann Truchet,22,Right-Back,Stade Reims,"End of loanJun 30, 2006",in,Summer,0,Ligue 1,2006,2006/2007
Olympique Lyon,Julien Viale,24,Centre-Forward,FC Istres,"End of loanJun 30, 2006",in,Summer,0,Ligue 1,2006,2006/2007
Olympique Lyon,Pierre-Alain Frau,26,Centre-Forward,Lens,"End of loanJun 30, 2006",in,Summer,0,Ligue 1,2006,2006/2007
Olympique Lyon,Nilmar,21,Centre-Forward,Corinthians,"End of loanJun 30, 2006",in,Summer,0,Ligue 1,2006,2006/2007
Olympique Lyon,Sylvain Idangar,22,Left Winger,Valenciennes FC,"End of loanJun 30, 2006",in,Summer,0,Ligue 1,2006,2006/2007
Olympique Lyon,Yacine Hima,22,Central Midfield,LB Châteauroux,"End of loanJun 30, 2006",in,Summer,0,Ligue 1,2006,2006/2007
Olympique Lyon,Mahamadou Diarra,25,Defensive Midfield,Real Madrid,£23.40m,out,Summer,23.4,Ligue 1,2006,2006/2007
Olympique Lyon,Nilmar,21,Centre-Forward,Corinthians,£7.20m,out,Summer,7.2,Ligue 1,2006,2006/2007
Olympique Lyon,Pierre-Alain Frau,26,Centre-Forward,Paris SG,£4.50m,out,Summer,4.5,Ligue 1,2006,2006/2007
Olympique Lyon,Benoît Pedretti,25,Defensive Midfield,AJ Auxerre,£4.50m,out,Summer,4.5,Ligue 1,2006,2006/2007
Olympique Lyon,Jérémy Clément,21,Defensive Midfield,Rangers,£1.35m,out,Summer,1.35,Ligue 1,2006,2006/2007
Olympique Lyon,Sylvain Monsoreau,25,Centre-Back,Monaco,£1.35m,out,Summer,1.35,Ligue 1,2006,2006/2007
Olympique Lyon,Julien Viale,24,Centre-Forward,FC Istres,£180Th.,out,Summer,0.18,Ligue 1,2006,2006/2007
Olympique Lyon,Johann Truchet,22,Right-Back,Guingamp,free transfer,out,Summer,NA,Ligue 1,2006,2006/2007
Olympique Lyon,Lamine Diatta,31,Centre-Back,Saint-Étienne,free transfer,out,Summer,NA,Ligue 1,2006,2006/2007
Olympique Lyon,Rémy Riou,18,Goalkeeper,FC Lorient,loan transfer,out,Summer,NA,Ligue 1,2006,2006/2007
LOSC Lille,Michel Bastos,22,Left Midfield,Atlético-PR,£2.70m,in,Summer,2.7,Ligue 1,2006,2006/2007
LOSC Lille,Souleymane Youla,24,Centre-Forward,Besiktas,£1.44m,in,Summer,1.44,Ligue 1,2006,2006/2007
LOSC Lille,Dieudonné Owona,20,Left-Back,LOSC Lille B,-,in,Summer,0,Ligue 1,2006,2006/2007
LOSC Lille,Johan Audel,22,Left Winger,FC Lorient,"End of loanJun 30, 2006",in,Summer,0,Ligue 1,2006,2006/2007
LOSC Lille,Dante,22,Centre-Back,RSC Charleroi,"End of loanJun 30, 2006",in,Summer,0,Ligue 1,2006,2006/2007
LOSC Lille,Matt Moussilou,24,Centre-Forward,OGC Nice,£3.60m,out,Summer,3.6,Ligue 1,2006,2006/2007
LOSC Lille,Dante,22,Centre-Back,RSC Charleroi,£90Th.,out,Summer,0.09,Ligue 1,2006,2006/2007
LOSC Lille,Geoffrey Dernis,25,Left Winger,Saint-Étienne,free transfer,out,Summer,NA,Ligue 1,2006,2006/2007
LOSC Lille,Milenko Acimovic,29,Left Midfield,Ittihad,free transfer,out,Summer,NA,Ligue 1,2006,2006/2007
LOSC Lille,Larsen Touré,21,Right Winger,FC Gueugnon,loan transfer,out,Summer,NA,Ligue 1,2006,2006/2007
LOSC Lille,Yohann Lacroix,21,Goalkeeper,Entente SSG,loan transfer,out,Summer,NA,Ligue 1,2006,2006/2007
LOSC Lille,Hicham Aboucherouane,25,Left Winger,Raja Casablanca,"End of loanJun 30, 2006",out,Summer,0,Ligue 1,2006,2006/2007
AS Monaco,Yaya Touré,23,Central Midfield,Olympiacos,£4.95m,in,Summer,4.95,Ligue 1,2006,2006/2007
AS Monaco,Jérémy Ménez,19,Right Winger,FC Sochaux,£3.15m,in,Summer,3.15,Ligue 1,2006,2006/2007
AS Monaco,Bolívar,25,Centre-Back,Internacional,£2.70m,in,Summer,2.7,Ligue 1,2006,2006/2007
AS Monaco,Gonzalo Vargas,24,Centre-Forward,Gimnasia,£2.70m,in,Summer,2.7,Ligue 1,2006,2006/2007
AS Monaco,Leandro Cufré,28,Left-Back,AS Roma,£1.89m,in,Summer,1.89,Ligue 1,2006,2006/2007
AS Monaco,Sylvain Monsoreau,25,Centre-Back,Olympique Lyon,£1.35m,in,Summer,1.35,Ligue 1,2006,2006/2007
AS Monaco,Marco Di Vaio,29,Centre-Forward,Valencia,free transfer,in,Summer,NA,Ligue 1,2006,2006/2007
AS Monaco,Yannick Quesnel,32,Goalkeeper,Benfica,free transfer,in,Summer,NA,Ligue 1,2006,2006/2007
AS Monaco,Jan Koller,33,Centre-Forward,Bor. Dortmund,free transfer,in,Summer,NA,Ligue 1,2006,2006/2007
AS Monaco,Jerko Leko,26,Defensive Midfield,Dynamo Kyiv,free transfer,in,Summer,NA,Ligue 1,2006,2006/2007
AS Monaco,Thomas Mangani,19,Central Midfield,Monaco B,-,in,Summer,0,Ligue 1,2006,2006/2007
AS Monaco,Massamba Sambou,19,Centre-Back,Monaco B,-,in,Summer,0,Ligue 1,2006,2006/2007
AS Monaco,Frédéric Nimani,17,Centre-Forward,Monaco B,-,in,Summer,0,Ligue 1,2006,2006/2007
AS Monaco,Marko Muslin,21,Defensive Midfield,Willem II,"End of loanJun 30, 2006",in,Summer,0,Ligue 1,2006,2006/2007
AS Monaco,Sébastien Grax,22,Centre-Forward,Troyes,"End of loanJun 30, 2006",in,Summer,0,Ligue 1,2006,2006/2007
AS Monaco,Laurent Lanteri,21,Right Winger,LB Châteauroux,"End of loanJun 30, 2006",in,Summer,0,Ligue 1,2006,2006/2007
AS Monaco,Mohamed Kallon,26,Centre-Forward,Ittihad,"End of loanJun 30, 2006",in,Summer,0,Ligue 1,2006,2006/2007
AS Monaco,Toifilou Maoulida,27,Centre-Forward,Marseille,"End of loanJun 30, 2006",in,Summer,0,Ligue 1,2006,2006/2007
AS Monaco,Stéphane Ruffier,19,Goalkeeper,Bayonne,"End of loanJun 30, 2006",in,Summer,0,Ligue 1,2006,2006/2007
AS Monaco,Javier Chevantón,25,Centre-Forward,Sevilla FC,£8.01m,out,Summer,8.01,Ligue 1,2006,2006/2007
AS Monaco,Maicon,24,Right-Back,Inter,£6.12m,out,Summer,6.12,Ligue 1,2006,2006/2007
AS Monaco,Sébastien Squillaci,25,Centre-Back,Olympique Lyon,£4.05m,out,Summer,4.05,Ligue 1,2006,2006/2007
AS Monaco,Toifilou Maoulida,27,Centre-Forward,Marseille,£900Th.,out,Summer,0.9,Ligue 1,2006,2006/2007
AS Monaco,Jimmy Juan,23,Central Midfield,Grenoble,£675Th.,out,Summer,0.675,Ligue 1,2006,2006/2007
AS Monaco,David Gigliotti,21,Centre-Forward,Troyes,Loan fee:£270Th.,out,Summer,0.27,Ligue 1,2006,2006/2007
AS Monaco,Nicolas Maurice-Belay,21,Left Midfield,CS Sedan,Loan fee:£135Th.,out,Summer,0.135,Ligue 1,2006,2006/2007
AS Monaco,Olivier Veigneau,21,Left-Back,OGC Nice,Loan fee:£135Th.,out,Summer,0.135,Ligue 1,2006,2006/2007
AS Monaco,Christian Vieri,32,Centre-Forward,Sampdoria,free transfer,out,Summer,NA,Ligue 1,2006,2006/2007
AS Monaco,Akis Zikos,32,Defensive Midfield,AEK Athens,free transfer,out,Summer,NA,Ligue 1,2006,2006/2007
AS Monaco,Marko Muslin,21,Defensive Midfield,Lierse SK,free transfer,out,Summer,NA,Ligue 1,2006,2006/2007
AS Monaco,Éric Cubilier,26,Right-Back,FC Nantes,free transfer,out,Summer,NA,Ligue 1,2006,2006/2007
AS Monaco,Laurent Lanteri,21,Right Winger,FC Metz,loan transfer,out,Summer,NA,Ligue 1,2006,2006/2007
AS Monaco,Arnaud Lescure,20,Centre-Back,Sp. Toulon Var,loan transfer,out,Summer,NA,Ligue 1,2006,2006/2007
AS Monaco,Olivier Kapo,25,Attacking Midfield,Juventus,"End of loanJun 30, 2006",out,Summer,0,Ligue 1,2006,2006/2007
AS Monaco,Marco Di Vaio,29,Centre-Forward,Valencia,"End of loanJun 30, 2006",out,Summer,0,Ligue 1,2006,2006/2007
AS Monaco,André Biancarelli,36,Goalkeeper,Retired,-,out,Summer,0,Ligue 1,2006,2006/2007
Stade Rennais FC,Daniel Moreira,28,Second Striker,Toulouse,£4.05m,in,Summer,4.05,Ligue 1,2006,2006/2007
Stade Rennais FC,Bruno Cheyrou,28,Central Midfield,Liverpool,£900Th.,in,Summer,0.9,Ligue 1,2006,2006/2007
Stade Rennais FC,Christophe Revault,34,Goalkeeper,Toulouse,free transfer,in,Summer,NA,Ligue 1,2006,2006/2007
Stade Rennais FC,Mario Melchiot,29,Right-Back,Birmingham,free transfer,in,Summer,NA,Ligue 1,2006,2006/2007
Stade Rennais FC,Kévin Bru,17,Central Midfield,Rennes B,-,in,Summer,0,Ligue 1,2006,2006/2007
Stade Rennais FC,Guillaume Borne,18,Right-Back,Rennes B,-,in,Summer,0,Ligue 1,2006,2006/2007
Stade Rennais FC,Jirès Kembo Ekoko,18,Left Winger,Rennes U19,-,in,Summer,0,Ligue 1,2006,2006/2007
Stade Rennais FC,Pape Diop,20,Defensive Midfield,Rennes B,-,in,Summer,0,Ligue 1,2006,2006/2007
Stade Rennais FC,Romain Danzé,19,Right-Back,Rennes B,-,in,Summer,0,Ligue 1,2006,2006/2007
Stade Rennais FC,Sylvain Marveaux,20,Attacking Midfield,Rennes B,-,in,Summer,0,Ligue 1,2006,2006/2007
Stade Rennais FC,Arthur Sorin,20,Centre-Back,Vannes,"End of loanJun 30, 2006",in,Summer,0,Ligue 1,2006,2006/2007
Stade Rennais FC,Florent Chaigneau,23,Goalkeeper,Sp. Toulon Var,"End of loanJun 30, 2007",in,Summer,0,Ligue 1,2006,2006/2007
Stade Rennais FC,Arnold Mvuemba,22,Defensive Midfield,Portsmouth,"End of loanMay 14, 2007",in,Summer,0,Ligue 1,2006,2006/2007
Stade Rennais FC,Stéphane N'Guéma,21,Right Winger,FC Lorient,"End of loanJun 30, 2006",in,Summer,0,Ligue 1,2006,2006/2007
Stade Rennais FC,Grégory Tanagro,22,Centre-Back,FC Sète 34,"End of loanJun 30, 2006",in,Summer,0,Ligue 1,2006,2006/2007
Stade Rennais FC,Kim Källström,23,Central Midfield,Olympique Lyon,£7.20m,out,Summer,7.2,Ligue 1,2006,2006/2007
Stade Rennais FC,Yoann Gourcuff,19,Attacking Midfield,AC Milan,£4.05m,out,Summer,4.05,Ligue 1,2006,2006/2007
Stade Rennais FC,Alex Frei,26,Centre-Forward,Bor. Dortmund,£3.69m,out,Summer,3.69,Ligue 1,2006,2006/2007
Stade Rennais FC,Andreas Isaksson,24,Goalkeeper,Man City,£2.70m,out,Summer,2.7,Ligue 1,2006,2006/2007
Stade Rennais FC,Alain Rochat,23,Centre-Back,FC Zürich,Loan fee:£180Th.,out,Summer,0.18,Ligue 1,2006,2006/2007
Stade Rennais FC,Abdeslam Ouaddou,27,Centre-Back,Olympiacos,free transfer,out,Summer,NA,Ligue 1,2006,2006/2007
Stade Rennais FC,Jonathan Bru,21,Defensive Midfield,FC Istres,free transfer,out,Summer,NA,Ligue 1,2006,2006/2007
Stade Rennais FC,Cédric Barbosa,30,Left Winger,Troyes,free transfer,out,Summer,NA,Ligue 1,2006,2006/2007
Stade Rennais FC,Grégory Tanagro,22,Centre-Back,RCO Agde,free transfer,out,Summer,NA,Ligue 1,2006,2006/2007
Stade Rennais FC,Pape Diop,20,Defensive Midfield,Tours FC,loan transfer,out,Summer,NA,Ligue 1,2006,2006/2007
Stade Rennais FC,Florent Chaigneau,22,Goalkeeper,Sp. Toulon Var,loan transfer,out,Summer,NA,Ligue 1,2006,2006/2007
Stade Rennais FC,Arthur Sorin,20,Centre-Back,Without Club,-,out,Summer,0,Ligue 1,2006,2006/2007
Olympique Marseille,Ronald Zubar,20,Centre-Back,SM Caen,£3.15m,in,Summer,3.15,Ligue 1,2006,2006/2007
Olympique Marseille,Modeste M'Bami,23,Defensive Midfield,Paris SG,£2.25m,in,Summer,2.25,Ligue 1,2006,2006/2007
Olympique Marseille,Renato Civelli,22,Centre-Back,CA Banfield,£1.58m,in,Summer,1.58,Ligue 1,2006,2006/2007
Olympique Marseille,Djibril Cissé,24,Centre-Forward,Liverpool,Loan fee:£1.35m,in,Summer,1.35,Ligue 1,2006,2006/2007
Olympique Marseille,Toifilou Maoulida,27,Centre-Forward,Monaco,£900Th.,in,Summer,0.9,Ligue 1,2006,2006/2007
Olympique Marseille,Mathieu Valbuena,21,Attacking Midfield,Lib.-St.-Seurin,£720Th.,in,Summer,0.72,Ligue 1,2006,2006/2007
Olympique Marseille,Mehdi Sennaoui,20,Goalkeeper,R. Strasbourg,free transfer,in,Summer,NA,Ligue 1,2006,2006/2007
Olympique Marseille,Hassoun Camara,22,Right-Back,Noisy-le-Sec,free transfer,in,Summer,NA,Ligue 1,2006,2006/2007
Olympique Marseille,Sébastien Hamel,30,Goalkeeper,AJ Auxerre,free transfer,in,Summer,NA,Ligue 1,2006,2006/2007
Olympique Marseille,Garry Bocaly,18,Right-Back,Marseille B,-,in,Summer,0,Ligue 1,2006,2006/2007
Olympique Marseille,Medhi Benatia,19,Centre-Back,Marseille B,-,in,Summer,0,Ligue 1,2006,2006/2007
Olympique Marseille,Habib Bamogo,24,Second Striker,FC Nantes,"End of loanJun 30, 2006",in,Summer,0,Ligue 1,2006,2006/2007
Olympique Marseille,Laurent Batlles,30,Attacking Midfield,Toulouse,"End of loanJun 30, 2006",in,Summer,0,Ligue 1,2006,2006/2007
Olympique Marseille,Fabrice Fiorèse,30,Right Winger,Al-Rayyan SC,"End of loanJun 30, 2006",in,Summer,0,Ligue 1,2006,2006/2007
Olympique Marseille,Péguy Luyindula,27,Centre-Forward,AJ Auxerre,"End of loanJun 30, 2006",in,Summer,0,Ligue 1,2006,2006/2007
Olympique Marseille,Leyti N'Diaye,20,Centre-Back,US Créteil-L,"End of loanJun 30, 2006",in,Summer,0,Ligue 1,2006,2006/2007
Olympique Marseille,Léo Matos,20,Right-Back,Flamengo,"End of loanJun 30, 2006",in,Summer,0,Ligue 1,2006,2006/2007
Olympique Marseille,Koke,23,Centre-Forward,Sporting CP,"End of loanJun 30, 2006",in,Summer,0,Ligue 1,2006,2006/2007
Olympique Marseille,Jérémy Gavanon,22,Goalkeeper,Clermont FA,"End of loanJun 30, 2006",in,Summer,0,Ligue 1,2006,2006/2007
Olympique Marseille,Rudi Skacel,26,Left Midfield,Southampton,£1.98m,out,Summer,1.98,Ligue 1,2006,2006/2007
Olympique Marseille,Abdoulaye Méïté,25,Centre-Back,Bolton,£1.35m,out,Summer,1.35,Ligue 1,2006,2006/2007
Olympique Marseille,Koke,23,Centre-Forward,Aris Saloniki,£900Th.,out,Summer,0.9,Ligue 1,2006,2006/2007
Olympique Marseille,Laurent Batlles,30,Attacking Midfield,Toulouse,£810Th.,out,Summer,0.81,Ligue 1,2006,2006/2007
Olympique Marseille,Jérémy Gavanon,22,Goalkeeper,FC Sochaux,free transfer,out,Summer,NA,Ligue 1,2006,2006/2007
Olympique Marseille,Demetrius Ferreira,32,Right-Back,Troyes,free transfer,out,Summer,NA,Ligue 1,2006,2006/2007
Olympique Marseille,Frédéric Déhu,33,Centre-Back,Levante,free transfer,out,Summer,NA,Ligue 1,2006,2006/2007
Olympique Marseille,Sabri Lamouchi,34,Central Midfield,Al-Rayyan SC,free transfer,out,Summer,NA,Ligue 1,2006,2006/2007
Olympique Marseille,Anthony Flachi,20,Central Midfield,Fréjus-St-Raph.,free transfer,out,Summer,NA,Ligue 1,2006,2006/2007
Olympique Marseille,Vincent Gastine,24,Defensive Midfield,Ethn. Piraeus,free transfer,out,Summer,NA,Ligue 1,2006,2006/2007
Olympique Marseille,Lamine Tamba,20,defence,ES Wasquehal,free transfer,out,Summer,NA,Ligue 1,2006,2006/2007
Olympique Marseille,Delfim,29,Defensive Midfield,BSC Young Boys,free transfer,out,Summer,NA,Ligue 1,2006,2006/2007
Olympique Marseille,Fabrice Begeorgi,19,Left-Back,Lib.-St.-Seurin,loan transfer,out,Summer,NA,Ligue 1,2006,2006/2007
Olympique Marseille,Péguy Luyindula,27,Centre-Forward,Levante,loan transfer,out,Summer,NA,Ligue 1,2006,2006/2007
Olympique Marseille,Medhi Benatia,19,Centre-Back,Tours FC,loan transfer,out,Summer,NA,Ligue 1,2006,2006/2007
Olympique Marseille,Christian Giménez,31,Centre-Forward,Hertha BSC,loan transfer,out,Summer,NA,Ligue 1,2006,2006/2007
Olympique Marseille,Fabrice Fiorèse,31,Right Winger,FC Lorient,loan transfer,out,Summer,NA,Ligue 1,2006,2006/2007
Olympique Marseille,Leyti N'Diaye,20,Centre-Back,R. Strasbourg,loan transfer,out,Summer,NA,Ligue 1,2006,2006/2007
Olympique Marseille,Alexis Pradie,19,Centre-Back,Unknown,?,out,Summer,NA,Ligue 1,2006,2006/2007
Olympique Marseille,Jérôme Bonnissel,33,Left-Back,Retired,-,out,Summer,0,Ligue 1,2006,2006/2007
Olympique Marseille,Fabien Barthez,35,Goalkeeper,Career break,-,out,Summer,0,Ligue 1,2006,2006/2007
Olympique Marseille,Yannick Quesnel,32,Goalkeeper,Benfica,"End of loanJun 30, 2006",out,Summer,0,Ligue 1,2006,2006/2007
Olympique Marseille,André Luis,26,Centre-Back,Benfica,"End of loanJun 30, 2006",out,Summer,0,Ligue 1,2006,2006/2007
Olympique Marseille,Toifilou Maoulida,27,Centre-Forward,Monaco,"End of loanJun 30, 2006",out,Summer,0,Ligue 1,2006,2006/2007
Olympique Marseille,Renato Civelli,22,Centre-Back,CA Banfield,"End of loanJun 30, 2006",out,Summer,0,Ligue 1,2006,2006/2007
AS Saint-Étienne,Ilan,25,Centre-Forward,FC Sochaux,£5.40m,in,Summer,5.4,Ligue 1,2006,2006/2007
AS Saint-Étienne,Yohan Hautcoeur,24,Central Midfield,Le Mans UC 72,£2.70m,in,Summer,2.7,Ligue 1,2006,2006/2007
AS Saint-Étienne,Daniel Bilos,25,Left Midfield,Boca Juniors,£1.35m,in,Summer,1.35,Ligue 1,2006,2006/2007
AS Saint-Étienne,Moustapha Sall,20,Centre-Back,US Gorée,£99Th.,in,Summer,0.099,Ligue 1,2006,2006/2007
AS Saint-Étienne,Fredy Guarín,20,Central Midfield,Envigado,Loan fee:£90Th.,in,Summer,0.09,Ligue 1,2006,2006/2007
AS Saint-Étienne,Geoffrey Dernis,25,Left Winger,LOSC Lille,free transfer,in,Summer,NA,Ligue 1,2006,2006/2007
AS Saint-Étienne,Marek Heinz,29,Centre-Forward,Galatasaray,free transfer,in,Summer,NA,Ligue 1,2006,2006/2007
AS Saint-Étienne,Lamine Diatta,31,Centre-Back,Olympique Lyon,free transfer,in,Summer,NA,Ligue 1,2006,2006/2007
AS Saint-Étienne,Christophe Landrin,29,Central Midfield,Paris SG,?,in,Summer,NA,Ligue 1,2006,2006/2007
AS Saint-Étienne,Ignacio Piatti,21,Attacking Midfield,Chacarita Jrs,?,in,Summer,NA,Ligue 1,2006,2006/2007
AS Saint-Étienne,Stéphen Vincent,19,Left Midfield,Saint-Étienne B,-,in,Summer,0,Ligue 1,2006,2006/2007
AS Saint-Étienne,Nicolas Marin,25,Right Midfield,CS Sedan,"End of loanJun 1, 2006",in,Summer,0,Ligue 1,2006,2006/2007
AS Saint-Étienne,Didier Zokora,25,Defensive Midfield,Spurs,£11.12m,out,Summer,11.12,Ligue 1,2006,2006/2007
AS Saint-Étienne,Nicolas Marin,25,Right Midfield,CS Sedan,free transfer,out,Summer,NA,Ligue 1,2006,2006/2007
AS Saint-Étienne,Frédéric Mendy,24,Left Winger,SC Bastia,free transfer,out,Summer,NA,Ligue 1,2006,2006/2007
AS Saint-Étienne,Alaeddine Yahia,24,Centre-Back,CS Sedan,free transfer,out,Summer,NA,Ligue 1,2006,2006/2007
AS Saint-Étienne,Bruno Basto,28,Left-Back,Nacional,free transfer,out,Summer,NA,Ligue 1,2006,2006/2007
AS Saint-Étienne,Stéphen Vincent,19,Left Midfield,US Raon-l'Étape,loan transfer,out,Summer,NA,Ligue 1,2006,2006/2007
AS Saint-Étienne,Siaka Tiéné,24,Left-Back,Stade Reims,loan transfer,out,Summer,NA,Ligue 1,2006,2006/2007
AS Saint-Étienne,Samy Houri,21,Attacking Midfield,US Raon-l'Étape,loan transfer,out,Summer,NA,Ligue 1,2006,2006/2007
AS Saint-Étienne,Sébastien Mazure,27,Centre-Forward,SM Caen,?,out,Summer,NA,Ligue 1,2006,2006/2007
AS Saint-Étienne,David Hellebuyck,27,Central Midfield,Paris SG,?,out,Summer,NA,Ligue 1,2006,2006/2007
AS Saint-Étienne,Abdelaziz Kamara,22,Left-Back,LB Châteauroux,?,out,Summer,NA,Ligue 1,2006,2006/2007
AS Saint-Étienne,Ousmane Sarr,19,Left Midfield,Grenoble,loan transfer,out,Summer,NA,Ligue 1,2006,2006/2007
AS Saint-Étienne,Hélder Postiga,23,Centre-Forward,FC Porto,"End of loanJun 30, 2006",out,Summer,0,Ligue 1,2006,2006/2007
RC Lens,Sidi Keita,21,Defensive Midfield,R. Strasbourg,£5.40m,in,Summer,5.4,Ligue 1,2006,2006/2007
RC Lens,Nenad Kovacevic,25,Defensive Midfield,Red Star,£2.70m,in,Summer,2.7,Ligue 1,2006,2006/2007
RC Lens,Razak Boukari,19,Right Winger,LB Châteauroux,£900Th.,in,Summer,0.9,Ligue 1,2006,2006/2007
RC Lens,Marco Ramos,23,Left-Back,LB Châteauroux,£450Th.,in,Summer,0.45,Ligue 1,2006,2006/2007
RC Lens,Grégory Vignal,24,Left-Back,Portsmouth,free transfer,in,Summer,NA,Ligue 1,2006,2006/2007
RC Lens,Kévin Monnet-Paquet,17,Left Winger,RC Lens B,-,in,Summer,0,Ligue 1,2006,2006/2007
RC Lens,Adel Taarabt,17,Central Midfield,RC Lens U19,-,in,Summer,0,Ligue 1,2006,2006/2007
RC Lens,Adel Taarabt,17,Central Midfield,Spurs,"End of loanMay 14, 2007",in,Summer,0,Ligue 1,2006,2006/2007
RC Lens,Lesly Malouda,22,Left-Back,FC Istres,"End of loanJun 30, 2006",in,Summer,0,Ligue 1,2006,2006/2007
RC Lens,Daouda Jabi,25,Right-Back,AC Ajaccio,"End of loanJun 30, 2006",in,Summer,0,Ligue 1,2006,2006/2007
RC Lens,Mounir Diane,24,Attacking Midfield,SC Bastia,"End of loanJun 30, 2006",in,Summer,0,Ligue 1,2006,2006/2007
RC Lens,Abdoulaye Fayé,28,Centre-Back,Bolton,"End of loanJun 30, 2006",in,Summer,0,Ligue 1,2006,2006/2007
RC Lens,Alou Diarra,25,Defensive Midfield,Olympique Lyon,£5.63m,out,Summer,5.63,Ligue 1,2006,2006/2007
RC Lens,Benoît Assou-Ekotto,22,Left-Back,Spurs,£4.50m,out,Summer,4.5,Ligue 1,2006,2006/2007
RC Lens,Abdoulaye Fayé,28,Centre-Back,Bolton,£2.70m,out,Summer,2.7,Ligue 1,2006,2006/2007
RC Lens,Daouda Jabi,25,Right-Back,Grenoble,free transfer,out,Summer,NA,Ligue 1,2006,2006/2007
RC Lens,Yoann Lachor,30,Centre-Back,CS Sedan,free transfer,out,Summer,NA,Ligue 1,2006,2006/2007
RC Lens,Jonathan Lacourt,20,Central Midfield,Troyes,loan transfer,out,Summer,NA,Ligue 1,2006,2006/2007
RC Lens,Seïd Khiter,21,Right Winger,AC Ajaccio,loan transfer,out,Summer,NA,Ligue 1,2006,2006/2007
RC Lens,Jonathan Martins Pereira,20,Right-Back,Amiens SC,loan transfer,out,Summer,NA,Ligue 1,2006,2006/2007
RC Lens,Lesly Malouda,22,Left-Back,RC Lens B,-,out,Summer,0,Ligue 1,2006,2006/2007
RC Lens,Guillermo Rodríguez,22,Centre-Back,Danubio FC,"End of loanJun 30, 2006",out,Summer,0,Ligue 1,2006,2006/2007
RC Lens,Pierre-Alain Frau,26,Centre-Forward,Olympique Lyon,"End of loanJun 30, 2006",out,Summer,0,Ligue 1,2006,2006/2007
AJ Auxerre,Benoît Pedretti,25,Defensive Midfield,Olympique Lyon,£4.50m,in,Summer,4.5,Ligue 1,2006,2006/2007
AJ Auxerre,Frédéric Thomas,25,Central Midfield,Le Mans UC 72,£3.60m,in,Summer,3.6,Ligue 1,2006,2006/2007
AJ Auxerre,Daniel Niculae,23,Centre-Forward,Rapid Bucharest,£2.97m,in,Summer,2.97,Ligue 1,2006,2006/2007
AJ Auxerre,Ireneusz Jelen,25,Centre-Forward,Wisla Plock,£810Th.,in,Summer,0.81,Ligue 1,2006,2006/2007
AJ Auxerre,Anthony Basso,26,Goalkeeper,Viking FK,free transfer,in,Summer,NA,Ligue 1,2006,2006/2007
AJ Auxerre,Issa Ba,24,Central Midfield,LB Châteauroux,free transfer,in,Summer,NA,Ligue 1,2006,2006/2007
AJ Auxerre,Moussa N'Diaye,27,Right Winger,FC Istres,?,in,Summer,NA,Ligue 1,2006,2006/2007
AJ Auxerre,Benoît Tardieu,20,Goalkeeper,AJ Auxerre B,-,in,Summer,0,Ligue 1,2006,2006/2007
AJ Auxerre,Krisztián Vadócz,21,Central Midfield,Motherwell FC,"End of loanMay 1, 2007",in,Summer,0,Ligue 1,2006,2006/2007
AJ Auxerre,Michaël Ciani,22,Centre-Back,CS Sedan,"End of loanJun 30, 2006",in,Summer,0,Ligue 1,2006,2006/2007
AJ Auxerre,Hassan Yebda,22,Central Midfield,Stade Lavallois,"End of loanJun 30, 2006",in,Summer,0,Ligue 1,2006,2006/2007
AJ Auxerre,Sébastien Hamel,30,Goalkeeper,Marseille,free transfer,out,Summer,NA,Ligue 1,2006,2006/2007
AJ Auxerre,Richard Suriano,24,Right-Back,FC Istres,free transfer,out,Summer,NA,Ligue 1,2006,2006/2007
AJ Auxerre,Yann Lachuer,33,Attacking Midfield,Troyes,free transfer,out,Summer,NA,Ligue 1,2006,2006/2007
AJ Auxerre,Pierre Vignaud,23,Left-Back,FC Rouen 1899,free transfer,out,Summer,NA,Ligue 1,2006,2006/2007
AJ Auxerre,Mamoutou Coulibaly,22,Centre-Back,FC Istres,free transfer,out,Summer,NA,Ligue 1,2006,2006/2007
AJ Auxerre,Romain Poyet,25,Centre-Forward,Dijon,free transfer,out,Summer,NA,Ligue 1,2006,2006/2007
AJ Auxerre,Baptiste Chabert,23,Goalkeeper,FC Béziers M.,free transfer,out,Summer,NA,Ligue 1,2006,2006/2007
AJ Auxerre,Michaël Ciani,22,Centre-Back,FC Lorient,loan transfer,out,Summer,NA,Ligue 1,2006,2006/2007
AJ Auxerre,Benoît Tardieu,20,Goalkeeper,Clermont FA,loan transfer,out,Summer,NA,Ligue 1,2006,2006/2007
AJ Auxerre,Philippe Violeau,35,Defensive Midfield,Retired,-,out,Summer,0,Ligue 1,2006,2006/2007
AJ Auxerre,Mathieu Berson,26,Defensive Midfield,Aston Villa,"End of loanJun 30, 2006",out,Summer,0,Ligue 1,2006,2006/2007
AJ Auxerre,Péguy Luyindula,27,Centre-Forward,Marseille,"End of loanJun 30, 2006",out,Summer,0,Ligue 1,2006,2006/2007
Paris Saint-Germain,Pierre-Alain Frau,26,Centre-Forward,Olympique Lyon,£4.50m,in,Summer,4.5,Ligue 1,2006,2006/2007
Paris Saint-Germain,Amara Diané,23,Right Winger,R. Strasbourg,£2.70m,in,Summer,2.7,Ligue 1,2006,2006/2007
Paris Saint-Germain,Sammy Traoré,30,Centre-Back,OGC Nice,£1.35m,in,Summer,1.35,Ligue 1,2006,2006/2007
Paris Saint-Germain,Albert Baning,21,Defensive Midfield,FC Aarau,£1.08m,in,Summer,1.08,Ligue 1,2006,2006/2007
Paris Saint-Germain,Mickaël Landreau,27,Goalkeeper,FC Nantes,free transfer,in,Summer,NA,Ligue 1,2006,2006/2007
Paris Saint-Germain,David Hellebuyck,27,Central Midfield,Saint-Étienne,?,in,Summer,NA,Ligue 1,2006,2006/2007
Paris Saint-Germain,Youssouf Mulumbu,19,Defensive Midfield,Paris SG B,-,in,Summer,0,Ligue 1,2006,2006/2007
Paris Saint-Germain,David N'Gog,17,Centre-Forward,Paris SG U19,-,in,Summer,0,Ligue 1,2006,2006/2007
Paris Saint-Germain,Clément Chantôme,18,Defensive Midfield,Paris SG B,-,in,Summer,0,Ligue 1,2006,2006/2007
Paris Saint-Germain,Danijel Ljuboja,27,Centre-Forward,VfB Stuttgart,"End of loanJun 30, 2006",in,Summer,0,Ligue 1,2006,2006/2007
Paris Saint-Germain,Branko Boskovic,26,Central Midfield,Troyes,"End of loanJun 30, 2006",in,Summer,0,Ligue 1,2006,2006/2007
Paris Saint-Germain,Vedad Ibisevic,21,Centre-Forward,Dijon,"End of loanJun 30, 2006",in,Summer,0,Ligue 1,2006,2006/2007
Paris Saint-Germain,Modeste M'Bami,23,Defensive Midfield,Marseille,£2.25m,out,Summer,2.25,Ligue 1,2006,2006/2007
Paris Saint-Germain,Danijel Ljuboja,27,Centre-Forward,VfB Stuttgart,£1.80m,out,Summer,1.8,Ligue 1,2006,2006/2007
Paris Saint-Germain,Branko Boskovic,26,Central Midfield,Rad,free transfer,out,Summer,NA,Ligue 1,2006,2006/2007
Paris Saint-Germain,Mohamed Benhamou,26,Goalkeeper,Cannes,free transfer,out,Summer,NA,Ligue 1,2006,2006/2007
Paris Saint-Germain,Jean-Michel Badiane,23,Centre-Back,CS Sedan,free transfer,out,Summer,NA,Ligue 1,2006,2006/2007
Paris Saint-Germain,Hocine Ragued,23,Defensive Midfield,RAEC Mons,free transfer,out,Summer,NA,Ligue 1,2006,2006/2007
Paris Saint-Germain,Ahmed Kantari,21,Centre-Back,R. Strasbourg,free transfer,out,Summer,NA,Ligue 1,2006,2006/2007
Paris Saint-Germain,Lionel Létizi,33,Goalkeeper,Rangers,free transfer,out,Summer,NA,Ligue 1,2006,2006/2007
Paris Saint-Germain,Vedad Ibisevic,21,Centre-Forward,Alem. Aachen,free transfer,out,Summer,NA,Ligue 1,2006,2006/2007
Paris Saint-Germain,Rudy Haddad,21,Attacking Midfield,Valenciennes FC,loan transfer,out,Summer,NA,Ligue 1,2006,2006/2007
Paris Saint-Germain,Christophe Landrin,29,Central Midfield,Saint-Étienne,?,out,Summer,NA,Ligue 1,2006,2006/2007
Paris Saint-Germain,Stéphane Pichot,29,Right-Back,FC Sochaux,?,out,Summer,NA,Ligue 1,2006,2006/2007
Paris Saint-Germain,Jean-Hugues Ateba,24,Left-Back,LB Châteauroux,?,out,Summer,NA,Ligue 1,2006,2006/2007
Paris Saint-Germain,Carlos Bueno,26,Centre-Forward,Sporting CP,loan transfer,out,Summer,NA,Ligue 1,2006,2006/2007
Paris Saint-Germain,Franck Dja Djédjé,20,Right Winger,Grenoble,loan transfer,out,Summer,NA,Ligue 1,2006,2006/2007
Paris Saint-Germain,Vikash Dhorasoo,33,Central Midfield,Without Club,-,out,Summer,0,Ligue 1,2006,2006/2007
FC Sochaux-Montbéliard,Karim Ziani,23,Attacking Midfield,FC Lorient,£1.80m,in,Summer,1.8,Ligue 1,2006,2006/2007
FC Sochaux-Montbéliard,Álvaro Santos,26,Centre-Forward,FC Copenhagen,£1.80m,in,Summer,1.8,Ligue 1,2006,2006/2007
FC Sochaux-Montbéliard,Valter Birsa,19,Attacking Midfield,ND Gorica,£1.17m,in,Summer,1.17,Ligue 1,2006,2006/2007
FC Sochaux-Montbéliard,Jérémie Bréchet,26,Centre-Back,Real Sociedad,free transfer,in,Summer,NA,Ligue 1,2006,2006/2007
FC Sochaux-Montbéliard,Jérôme Leroy,31,Attacking Midfield,B. Jerusalem,free transfer,in,Summer,NA,Ligue 1,2006,2006/2007
FC Sochaux-Montbéliard,Jérémy Gavanon,22,Goalkeeper,Marseille,free transfer,in,Summer,NA,Ligue 1,2006,2006/2007
FC Sochaux-Montbéliard,Anthony Le Tallec,21,Centre-Forward,Liverpool,loan transfer,in,Summer,NA,Ligue 1,2006,2006/2007
FC Sochaux-Montbéliard,Stéphane Pichot,29,Right-Back,Paris SG,?,in,Summer,NA,Ligue 1,2006,2006/2007
FC Sochaux-Montbéliard,Toufik Zerara,20,Defensive Midfield,FC Sochaux B,-,in,Summer,0,Ligue 1,2006,2006/2007
FC Sochaux-Montbéliard,Hakim El Bounadi,19,Centre-Back,FC Sochaux B,-,in,Summer,0,Ligue 1,2006,2006/2007
FC Sochaux-Montbéliard,Aimé Lavie,21,defence,FC Sète 34,"End of loanJun 30, 2006",in,Summer,0,Ligue 1,2006,2006/2007
FC Sochaux-Montbéliard,Ahmed Samir Farag,20,Left-Back,El Ahly,"End of loanJun 30, 2006",in,Summer,0,Ligue 1,2006,2006/2007
FC Sochaux-Montbéliard,Jaouad Zairi,24,Right Midfield,Ittihad,"End of loanJun 30, 2006",in,Summer,0,Ligue 1,2006,2006/2007
FC Sochaux-Montbéliard,Steve Bernardet,21,Defensive Midfield,Pau FC,"End of loanJun 30, 2006",in,Summer,0,Ligue 1,2006,2006/2007
FC Sochaux-Montbéliard,Ilan,25,Centre-Forward,Saint-Étienne,£5.40m,out,Summer,5.4,Ligue 1,2006,2006/2007
FC Sochaux-Montbéliard,Souleymane Diawara,27,Centre-Back,Charlton,£4.86m,out,Summer,4.86,Ligue 1,2006,2006/2007
FC Sochaux-Montbéliard,Jérémy Ménez,19,Right Winger,Monaco,£3.15m,out,Summer,3.15,Ligue 1,2006,2006/2007
FC Sochaux-Montbéliard,Jean Calvé,22,Right-Back,Le Mans UC 72,£900Th.,out,Summer,0.9,Ligue 1,2006,2006/2007
FC Sochaux-Montbéliard,Thomas Régnier,22,Centre-Forward,Châtellerault,free transfer,out,Summer,NA,Ligue 1,2006,2006/2007
FC Sochaux-Montbéliard,Pape Sow,20,Centre-Back,Entente SSG,free transfer,out,Summer,NA,Ligue 1,2006,2006/2007
FC Sochaux-Montbéliard,Aimé Lavie,21,defence,Cannes,free transfer,out,Summer,NA,Ligue 1,2006,2006/2007
FC Sochaux-Montbéliard,Alexandre Martinovic,21,Goalkeeper,KAA Gent,free transfer,out,Summer,NA,Ligue 1,2006,2006/2007
FC Sochaux-Montbéliard,Fabien Boudarène,27,Defensive Midfield,Dijon,free transfer,out,Summer,NA,Ligue 1,2006,2006/2007
FC Sochaux-Montbéliard,Benjamin Genghini,20,Central Midfield,US Raon-l'Étape,loan transfer,out,Summer,NA,Ligue 1,2006,2006/2007
FC Sochaux-Montbéliard,Maxime Josse,19,Centre-Back,Stade Brestois,loan transfer,out,Summer,NA,Ligue 1,2006,2006/2007
FC Sochaux-Montbéliard,Miranda,21,Centre-Back,São Paulo,loan transfer,out,Summer,NA,Ligue 1,2006,2006/2007
FC Sochaux-Montbéliard,Jaouad Zairi,24,Right Midfield,Boavista,?,out,Summer,NA,Ligue 1,2006,2006/2007
FC Sochaux-Montbéliard,Steve Bernardet,21,Defensive Midfield,Pau FC,?,out,Summer,NA,Ligue 1,2006,2006/2007
FC Sochaux-Montbéliard,Cédric Rey,21,Left-Back,Beauvais,loan transfer,out,Summer,NA,Ligue 1,2006,2006/2007
FC Sochaux-Montbéliard,Arnaud Bühler,21,Centre-Back,FC Sion,loan transfer,out,Summer,NA,Ligue 1,2006,2006/2007
FC Sochaux-Montbéliard,Won-kwang Jo,20,Central Midfield,Without Club,-,out,Summer,0,Ligue 1,2006,2006/2007
FC Sochaux-Montbéliard,Ahmed Samir Farag,20,Left-Back,FC Sochaux B,-,out,Summer,0,Ligue 1,2006,2006/2007
FC Sochaux-Montbéliard,Weldon,25,Centre-Forward,Cruzeiro,"End of loanJun 30, 2006",out,Summer,0,Ligue 1,2006,2006/2007
FC Sochaux-Montbéliard,Mourad Meghni,22,Attacking Midfield,Bologna,"End of loanJun 30, 2006",out,Summer,0,Ligue 1,2006,2006/2007
OGC Nice,Ederson,20,Attacking Midfield,Juventude,£6.75m,in,Summer,6.75,Ligue 1,2006,2006/2007
OGC Nice,Matt Moussilou,24,Centre-Forward,LOSC Lille,£3.60m,in,Summer,3.6,Ligue 1,2006,2006/2007
OGC Nice,Cédric Kanté,26,Centre-Back,R. Strasbourg,£900Th.,in,Summer,0.9,Ligue 1,2006,2006/2007
OGC Nice,David Bellion,23,Centre-Forward,Man Utd,£450Th.,in,Summer,0.45,Ligue 1,2006,2006/2007
OGC Nice,Olivier Veigneau,21,Left-Back,Monaco,Loan fee:£135Th.,in,Summer,0.135,Ligue 1,2006,2006/2007
OGC Nice,Mahamane Traoré,17,Central Midfield,OGC Nice B,-,in,Summer,0,Ligue 1,2006,2006/2007
OGC Nice,Ismaël Gace,19,Centre-Back,OGC Nice B,-,in,Summer,0,Ligue 1,2006,2006/2007
OGC Nice,Franck Padovani,21,Centre-Forward,Sp. Toulon Var,"End of loanJun 30, 2006",in,Summer,0,Ligue 1,2006,2006/2007
OGC Nice,Florian Boucansaud,25,Centre-Back,Troyes,"End of loanJun 30, 2006",in,Summer,0,Ligue 1,2006,2006/2007
OGC Nice,Thibault Scotto,27,Right-Back,Amiens SC,"End of loanJun 30, 2006",in,Summer,0,Ligue 1,2006,2006/2007
OGC Nice,Florian Boucansaud,25,Centre-Back,Troyes,£1.80m,out,Summer,1.8,Ligue 1,2006,2006/2007
OGC Nice,Sammy Traoré,30,Centre-Back,Paris SG,£1.35m,out,Summer,1.35,Ligue 1,2006,2006/2007
OGC Nice,Sébastien Roudet,25,Attacking Midfield,Valenciennes FC,£810Th.,out,Summer,0.81,Ligue 1,2006,2006/2007
OGC Nice,Florian Jarjat,26,Centre-Back,SC Bastia,£90Th.,out,Summer,0.09,Ligue 1,2006,2006/2007
OGC Nice,François Grenet,31,Right-Back,Bayonne,free transfer,out,Summer,NA,Ligue 1,2006,2006/2007
OGC Nice,Yoann Bigné,28,Central Midfield,Stade Brestois,free transfer,out,Summer,NA,Ligue 1,2006,2006/2007
OGC Nice,Bill Tchato,31,Left-Back,Qatar SC,free transfer,out,Summer,NA,Ligue 1,2006,2006/2007
OGC Nice,Franck Padovani,21,Centre-Forward,Entente SSG,free transfer,out,Summer,NA,Ligue 1,2006,2006/2007
OGC Nice,Franco Dolci,22,Defensive Midfield,SC Bastia,loan transfer,out,Summer,NA,Ligue 1,2006,2006/2007
OGC Nice,Anthony Scaramozzino,21,Left-Back,Cannes,loan transfer,out,Summer,NA,Ligue 1,2006,2006/2007
OGC Nice,Roberto Bisconti,32,Defensive Midfield,Without Club,-,out,Summer,0,Ligue 1,2006,2006/2007
OGC Nice,David Bellion,23,Centre-Forward,Man Utd,"End of loanJun 30, 2006",out,Summer,0,Ligue 1,2006,2006/2007
OGC Nice,Mamadou Bagayoko,27,Centre-Forward,FC Nantes,"End of loanJun 30, 2006",out,Summer,0,Ligue 1,2006,2006/2007
OGC Nice,Ederson,20,Attacking Midfield,Juventude,"End of loanJun 30, 2006",out,Summer,0,Ligue 1,2006,2006/2007
FC Toulouse,Johan Elmander,25,Centre-Forward,Bröndby IF,£4.50m,in,Summer,4.5,Ligue 1,2006,2006/2007
FC Toulouse,Laurent Batlles,30,Attacking Midfield,Marseille,£810Th.,in,Summer,0.81,Ligue 1,2006,2006/2007
FC Toulouse,Fabinho,26,Defensive Midfield,Santos FC,?,in,Summer,NA,Ligue 1,2006,2006/2007
FC Toulouse,Kévin Constant,19,Central Midfield,Toulouse B,-,in,Summer,0,Ligue 1,2006,2006/2007
FC Toulouse,Walid Cherfa,20,Left-Back,Toulouse B,-,in,Summer,0,Ligue 1,2006,2006/2007
FC Toulouse,Benjamin Psaume,21,Right Winger,FC Sète 34,"End of loanJun 30, 2006",in,Summer,0,Ligue 1,2006,2006/2007
FC Toulouse,Daniel Moreira,28,Second Striker,Stade Rennais,£4.05m,out,Summer,4.05,Ligue 1,2006,2006/2007
FC Toulouse,Julien Cardy,24,Defensive Midfield,FC Metz,£270Th.,out,Summer,0.27,Ligue 1,2006,2006/2007
FC Toulouse,Henri Bedimo,22,Left-Back,AC Le Havre,free transfer,out,Summer,NA,Ligue 1,2006,2006/2007
FC Toulouse,Thibault Giresse,25,Left Midfield,Amiens SC,free transfer,out,Summer,NA,Ligue 1,2006,2006/2007
FC Toulouse,Christophe Revault,34,Goalkeeper,Stade Rennais,free transfer,out,Summer,NA,Ligue 1,2006,2006/2007
FC Toulouse,Benjamin Psaume,21,Right Winger,Nîmes Olympique,loan transfer,out,Summer,NA,Ligue 1,2006,2006/2007
FC Toulouse,Nabil Taïder,23,Central Midfield,FC Lorient,loan transfer,out,Summer,NA,Ligue 1,2006,2006/2007
FC Toulouse,Stéphane Lièvre,33,Left-Back,Retired,-,out,Summer,0,Ligue 1,2006,2006/2007
FC Toulouse,Laurent Batlles,30,Attacking Midfield,Marseille,"End of loanJun 30, 2006",out,Summer,0,Ligue 1,2006,2006/2007
FC Girondins Bordeaux,Johan Micoud,32,Attacking Midfield,Werder Bremen,£2.70m,in,Summer,2.7,Ligue 1,2006,2006/2007
FC Girondins Bordeaux,Stéphane Dalmat,27,Central Midfield,Racing,free transfer,in,Summer,NA,Ligue 1,2006,2006/2007
FC Girondins Bordeaux,Fernando,25,Defensive Midfield,Siena,?,in,Summer,NA,Ligue 1,2006,2006/2007
FC Girondins Bordeaux,Wendel,24,Left Midfield,Santos FC,?,in,Summer,NA,Ligue 1,2006,2006/2007
FC Girondins Bordeaux,Joseph Enakarhire,23,Centre-Back,Dinamo Moscow,loan transfer,in,Summer,NA,Ligue 1,2006,2006/2007
FC Girondins Bordeaux,Boubacar Kébé,19,Centre-Forward,G. Bordeaux B,-,in,Summer,0,Ligue 1,2006,2006/2007
FC Girondins Bordeaux,Mamadou Baldé,20,Centre-Back,G. Bordeaux B,-,in,Summer,0,Ligue 1,2006,2006/2007
FC Girondins Bordeaux,Gabriel Obertan,17,Attacking Midfield,Bordeaux U19,-,in,Summer,0,Ligue 1,2006,2006/2007
FC Girondins Bordeaux,Paul Baysse,18,Centre-Back,G. Bordeaux B,-,in,Summer,0,Ligue 1,2006,2006/2007
FC Girondins Bordeaux,Romain Brégerie,19,Centre-Back,G. Bordeaux B,-,in,Summer,0,Ligue 1,2006,2006/2007
FC Girondins Bordeaux,Renaud Cohade,21,Central Midfield,FC Sète 34,"End of loanJun 30, 2006",in,Summer,0,Ligue 1,2006,2006/2007
FC Girondins Bordeaux,Gérald Cid,23,Centre-Back,FC Istres,"End of loanJun 30, 2006",in,Summer,0,Ligue 1,2006,2006/2007
FC Girondins Bordeaux,Mamadou Baldé,20,Centre-Back,Legia Warszawa,Loan fee:£90Th.,out,Summer,0.09,Ligue 1,2006,2006/2007
FC Girondins Bordeaux,Frédéric Roux,33,Goalkeeper,AC Ajaccio,free transfer,out,Summer,NA,Ligue 1,2006,2006/2007
FC Girondins Bordeaux,Renaud Cohade,21,Central Midfield,R. Strasbourg,free transfer,out,Summer,NA,Ligue 1,2006,2006/2007
FC Girondins Bordeaux,Denílson,28,Left Winger,Al-Nassr FC,free transfer,out,Summer,NA,Ligue 1,2006,2006/2007
FC Girondins Bordeaux,Ted Lavie,20,Right-Back,FC Gueugnon,loan transfer,out,Summer,NA,Ligue 1,2006,2006/2007
FC Girondins Bordeaux,Romain Brégerie,19,Centre-Back,FC Sète 34,loan transfer,out,Summer,NA,Ligue 1,2006,2006/2007
FC Girondins Bordeaux,Beto,30,Centre-Back,Recr. Huelva,loan transfer,out,Summer,NA,Ligue 1,2006,2006/2007
FC Girondins Bordeaux,Vasco Fernandes,19,Centre-Back,Olhanense,"End of loanJun 30, 2006",out,Summer,0,Ligue 1,2006,2006/2007
FC Girondins Bordeaux,Fernando,25,Defensive Midfield,Siena,"End of loanJun 30, 2006",out,Summer,0,Ligue 1,2006,2006/2007
FC Girondins Bordeaux,Bruno Cheyrou,28,Central Midfield,Liverpool,"End of loanJun 30, 2006",out,Summer,0,Ligue 1,2006,2006/2007
FC Nantes,Christian Wilhelmsson,26,Right Winger,RSC Anderlecht,£2.97m,in,Summer,2.97,Ligue 1,2006,2006/2007
FC Nantes,Vladimir Stojkovic,22,Goalkeeper,Red Star,£900Th.,in,Summer,0.9,Ligue 1,2006,2006/2007
FC Nantes,Éric Cubilier,26,Right-Back,Monaco,free transfer,in,Summer,NA,Ligue 1,2006,2006/2007
FC Nantes,Alioum Saidou,28,Defensive Midfield,Galatasaray,free transfer,in,Summer,NA,Ligue 1,2006,2006/2007
FC Nantes,Adriano Duarte,26,Centre-Back,Juventude,free transfer,in,Summer,NA,Ligue 1,2006,2006/2007
FC Nantes,Nourdin Boukhari,26,Attacking Midfield,Ajax,free transfer,in,Summer,NA,Ligue 1,2006,2006/2007
FC Nantes,Vincent Briant,19,Goalkeeper,FC Nantes B,-,in,Summer,0,Ligue 1,2006,2006/2007
FC Nantes,William Vainqueur,17,Defensive Midfield,FC Nantes B,-,in,Summer,0,Ligue 1,2006,2006/2007
FC Nantes,Alexis Thébaux,21,Goalkeeper,AS Cherbourg,"End of loanJun 30, 2006",in,Summer,0,Ligue 1,2006,2006/2007
FC Nantes,Guillaume Rippert,21,Left-Back,Valenciennes FC,"End of loanJun 30, 2006",in,Summer,0,Ligue 1,2006,2006/2007
FC Nantes,Alexander Viveros,28,Left-Back,Grasshoppers,"End of loanJun 30, 2006",in,Summer,0,Ligue 1,2006,2006/2007
FC Nantes,Gilles Yapi,24,Defensive Midfield,BSC Young Boys,"End of loanJun 30, 2006",in,Summer,0,Ligue 1,2006,2006/2007
FC Nantes,Grégory Pujol,26,Centre-Forward,RSC Anderlecht,"End of loanJun 30, 2006",in,Summer,0,Ligue 1,2006,2006/2007
FC Nantes,Denis Stinat,22,Left-Back,Dijon,"End of loanJun 30, 2006",in,Summer,0,Ligue 1,2006,2006/2007
FC Nantes,Stéphen Drouin,22,Left-Back,Troyes,"End of loanJun 30, 2006",in,Summer,0,Ligue 1,2006,2006/2007
FC Nantes,Mamadou Bagayoko,27,Centre-Forward,OGC Nice,"End of loanJun 30, 2006",in,Summer,0,Ligue 1,2006,2006/2007
FC Nantes,Florin Bratu,26,Centre-Forward,FC Dinamo,"End of loanJun 30, 2006",in,Summer,0,Ligue 1,2006,2006/2007
FC Nantes,Jérémy Toulalan,22,Defensive Midfield,Olympique Lyon,£6.30m,out,Summer,6.3,Ligue 1,2006,2006/2007
FC Nantes,Florin Bratu,26,Centre-Forward,Valenciennes FC,Loan fee:£450Th.,out,Summer,0.45,Ligue 1,2006,2006/2007
FC Nantes,Pascal Delhommeau,27,Centre-Back,FC Metz,free transfer,out,Summer,NA,Ligue 1,2006,2006/2007
FC Nantes,Perica Radic,22,Goalkeeper,AC Ajaccio,free transfer,out,Summer,NA,Ligue 1,2006,2006/2007
FC Nantes,Guillaume Rippert,21,Left-Back,Valenciennes FC,free transfer,out,Summer,NA,Ligue 1,2006,2006/2007
FC Nantes,Fouad Bouguerra,25,Centre-Forward,Club Africain,free transfer,out,Summer,NA,Ligue 1,2006,2006/2007
FC Nantes,David Leray,22,Right-Back,Tours FC,free transfer,out,Summer,NA,Ligue 1,2006,2006/2007
FC Nantes,Mickaël Landreau,27,Goalkeeper,Paris SG,free transfer,out,Summer,NA,Ligue 1,2006,2006/2007
FC Nantes,Luigi Glombard,21,Right Winger,Cardiff,free transfer,out,Summer,NA,Ligue 1,2006,2006/2007
FC Nantes,Denis Stinat,23,Left-Back,Stade Brestois,?,out,Summer,NA,Ligue 1,2006,2006/2007
FC Nantes,Grégory Pujol,26,Centre-Forward,CS Sedan,?,out,Summer,NA,Ligue 1,2006,2006/2007
FC Nantes,Stéphen Drouin,22,Left-Back,Troyes,?,out,Summer,NA,Ligue 1,2006,2006/2007
FC Nantes,Gilles Yapi,24,Defensive Midfield,BSC Young Boys,?,out,Summer,NA,Ligue 1,2006,2006/2007
FC Nantes,Julio Cáceres,26,Centre-Back,Gimnàstic,?,out,Summer,NA,Ligue 1,2006,2006/2007
FC Nantes,Alexander Viveros,28,Left-Back,Deportivo Cali,?,out,Summer,NA,Ligue 1,2006,2006/2007
FC Nantes,Antar Bouzidi,19,midfield,Saarbrücken,?,out,Summer,NA,Ligue 1,2006,2006/2007
FC Nantes,Mamadou Bagayoko,27,Centre-Forward,Al-Wahda FC,loan transfer,out,Summer,NA,Ligue 1,2006,2006/2007
FC Nantes,Steven Thicot,19,Centre-Back,CS Sedan,loan transfer,out,Summer,NA,Ligue 1,2006,2006/2007
FC Nantes,Habib Bamogo,24,Second Striker,Marseille,"End of loanJun 30, 2006",out,Summer,0,Ligue 1,2006,2006/2007
FC Nantes,Olivier Quint,34,Left Midfield,Retired,-,out,Summer,0,Ligue 1,2006,2006/2007
AS Nancy-Lorraine,Tosin Dosunmu,25,Right Winger,Austria Vienna,£1.35m,in,Summer,1.35,Ligue 1,2006,2006/2007
AS Nancy-Lorraine,Issiar Dia,19,Right Winger,Amiens SC,£1.17m,in,Summer,1.17,Ligue 1,2006,2006/2007
AS Nancy-Lorraine,Damián Macaluso,26,Centre-Back,Sambenedettese,£270Th.,in,Summer,0.27,Ligue 1,2006,2006/2007
AS Nancy-Lorraine,David Sauget,26,Left-Back,SC Bastia,free transfer,in,Summer,NA,Ligue 1,2006,2006/2007
AS Nancy-Lorraine,Johan Lapeyre,20,Goalkeeper,AS Nancy B,-,in,Summer,0,Ligue 1,2006,2006/2007
AS Nancy-Lorraine,Ludovic Guerriero,21,Defensive Midfield,US Raon-l'Étape,"End of loanJun 30, 2006",in,Summer,0,Ligue 1,2006,2006/2007
AS Nancy-Lorraine,Rachid Hamdani,21,Defensive Midfield,US Raon-l'Étape,"End of loanJun 30, 2006",in,Summer,0,Ligue 1,2006,2006/2007
AS Nancy-Lorraine,Manuel da Costa,20,Centre-Back,PSV Eindhoven,£1.35m,out,Summer,1.35,Ligue 1,2006,2006/2007
AS Nancy-Lorraine,Thomas Hym,18,Goalkeeper,Amnéville,free transfer,out,Summer,NA,Ligue 1,2006,2006/2007
AS Nancy-Lorraine,Elie Kroupi,26,Centre-Forward,Al-Wahda FC,loan transfer,out,Summer,NA,Ligue 1,2006,2006/2007
AS Nancy-Lorraine,Romain Chouleur,20,Left Winger,AS Nancy B,-,out,Summer,0,Ligue 1,2006,2006/2007
Le Mans Union Club 72,Paulo André,22,Centre-Back,Atlético-PR,£4.05m,in,Summer,4.05,Ligue 1,2006,2006/2007
Le Mans Union Club 72,Jean Calvé,22,Right-Back,FC Sochaux,£900Th.,in,Summer,0.9,Ligue 1,2006,2006/2007
Le Mans Union Club 72,Cyriaque Louvion,18,Centre-Back,Cannes,free transfer,in,Summer,NA,Ligue 1,2006,2006/2007
Le Mans Union Club 72,Stéphane Sessègnon,22,Attacking Midfield,US Créteil-L,free transfer,in,Summer,NA,Ligue 1,2006,2006/2007
Le Mans Union Club 72,Ibrahima Camara,21,Left-Back,Parma,loan transfer,in,Summer,NA,Ligue 1,2006,2006/2007
Le Mans Union Club 72,Mamadou Samassa,20,Centre-Forward,FC Le Mans B,-,in,Summer,0,Ligue 1,2006,2006/2007
Le Mans Union Club 72,Jérémy Choplin,21,Centre-Back,Bayonne,"End of loanJun 30, 2006",in,Summer,0,Ligue 1,2006,2006/2007
Le Mans Union Club 72,Frédéric Thomas,25,Central Midfield,AJ Auxerre,£3.60m,out,Summer,3.6,Ligue 1,2006,2006/2007
Le Mans Union Club 72,Yohan Hautcoeur,24,Central Midfield,Saint-Étienne,£2.70m,out,Summer,2.7,Ligue 1,2006,2006/2007
Le Mans Union Club 72,Jacques-Désiré Périatambée,30,Defensive Midfield,Chamois Niort,free transfer,out,Summer,NA,Ligue 1,2006,2006/2007
Le Mans Union Club 72,Yoann Poulard,30,Centre-Back,Stade Brestois,free transfer,out,Summer,NA,Ligue 1,2006,2006/2007
Le Mans Union Club 72,Sébastien Gormond,24,Defensive Midfield,Rodez AF,free transfer,out,Summer,NA,Ligue 1,2006,2006/2007
Le Mans Union Club 72,Arnaud Lisembart,21,Right-Back,AS Cherbourg,free transfer,out,Summer,NA,Ligue 1,2006,2006/2007
Le Mans Union Club 72,Clément Pinault,21,Centre-Back,SCO Angers,loan transfer,out,Summer,NA,Ligue 1,2006,2006/2007
Le Mans Union Club 72,Edo,22,Centre-Forward,AS Livorno,loan transfer,out,Summer,NA,Ligue 1,2006,2006/2007
Le Mans Union Club 72,Jérémy Choplin,21,Centre-Back,Entente SSG,loan transfer,out,Summer,NA,Ligue 1,2006,2006/2007
Le Mans Union Club 72,Luigi Lavecchia,24,Right Midfield,Juventus,"End of loanJun 30, 2006",out,Summer,0,Ligue 1,2006,2006/2007
Le Mans Union Club 72,Davide Chiumiento,21,Attacking Midfield,Juventus,"End of loanJun 30, 2006",out,Summer,0,Ligue 1,2006,2006/2007
Le Mans Union Club 72,Cédric Fauré,27,Centre-Forward,FC Istres,"End of loanJun 30, 2006",out,Summer,0,Ligue 1,2006,2006/2007
ESTAC Troyes,Florian Boucansaud,25,Centre-Back,OGC Nice,£1.80m,in,Summer,1.8,Ligue 1,2006,2006/2007
ESTAC Troyes,Marek Saganowski,27,Centre-Forward,Vit. Guimarães,£1.44m,in,Summer,1.44,Ligue 1,2006,2006/2007
ESTAC Troyes,David Gigliotti,21,Centre-Forward,Monaco,Loan fee:£270Th.,in,Summer,0.27,Ligue 1,2006,2006/2007
ESTAC Troyes,Ronan Le Crom,31,Goalkeeper,Guingamp,free transfer,in,Summer,NA,Ligue 1,2006,2006/2007
ESTAC Troyes,Kevin Grau,26,Goalkeeper,Grenoble,free transfer,in,Summer,NA,Ligue 1,2006,2006/2007
ESTAC Troyes,Demetrius Ferreira,32,Right-Back,Marseille,free transfer,in,Summer,NA,Ligue 1,2006,2006/2007
ESTAC Troyes,Yann Lachuer,33,Attacking Midfield,AJ Auxerre,free transfer,in,Summer,NA,Ligue 1,2006,2006/2007
ESTAC Troyes,Cédric Barbosa,30,Left Winger,Stade Rennais,free transfer,in,Summer,NA,Ligue 1,2006,2006/2007
ESTAC Troyes,Mounir Obbadi,23,Central Midfield,SCO Angers,free transfer,in,Summer,NA,Ligue 1,2006,2006/2007
ESTAC Troyes,Weldon,25,Centre-Forward,Cruzeiro,loan transfer,in,Summer,NA,Ligue 1,2006,2006/2007
ESTAC Troyes,Jonathan Lacourt,20,Central Midfield,Lens,loan transfer,in,Summer,NA,Ligue 1,2006,2006/2007
ESTAC Troyes,Ibrahima Fayé,26,Centre-Back,SM Caen,?,in,Summer,NA,Ligue 1,2006,2006/2007
ESTAC Troyes,Stéphen Drouin,22,Left-Back,FC Nantes,?,in,Summer,NA,Ligue 1,2006,2006/2007
ESTAC Troyes,Nabil Berkak,22,Right-Back,Entente SSG,"End of loanJun 30, 2006",in,Summer,0,Ligue 1,2006,2006/2007
ESTAC Troyes,Gaël Danic,24,Left Winger,FC Lorient,"End of loanJun 30, 2006",in,Summer,0,Ligue 1,2006,2006/2007
ESTAC Troyes,Blaise Kouassi,32,Centre-Back,Al-Rayyan SC,free transfer,out,Summer,NA,Ligue 1,2006,2006/2007
ESTAC Troyes,Frank Boudard,24,Centre-Forward,Stade Reims B,free transfer,out,Summer,NA,Ligue 1,2006,2006/2007
ESTAC Troyes,Christian Nadé,21,Centre-Forward,Sheff Utd,free transfer,out,Summer,NA,Ligue 1,2006,2006/2007
ESTAC Troyes,Alexandre Dujeux,30,Centre-Back,AC Ajaccio,free transfer,out,Summer,NA,Ligue 1,2006,2006/2007
ESTAC Troyes,Romuald Peiser,26,Goalkeeper,FC Gueugnon,free transfer,out,Summer,NA,Ligue 1,2006,2006/2007
ESTAC Troyes,Frédéric Adam,32,Defensive Midfield,FC Gueugnon,free transfer,out,Summer,NA,Ligue 1,2006,2006/2007
ESTAC Troyes,Carl Tourenne,34,Centre-Back,Stade Reims,free transfer,out,Summer,NA,Ligue 1,2006,2006/2007
ESTAC Troyes,Sylvain Meslien,25,Centre-Back,Without Club,-,out,Summer,0,Ligue 1,2006,2006/2007
ESTAC Troyes,Stéphen Drouin,22,Left-Back,FC Nantes,"End of loanJun 30, 2006",out,Summer,0,Ligue 1,2006,2006/2007
ESTAC Troyes,Ibrahima Fayé,26,Centre-Back,SM Caen,"End of loanJun 30, 2006",out,Summer,0,Ligue 1,2006,2006/2007
ESTAC Troyes,Branko Boskovic,26,Central Midfield,Paris SG,"End of loanJun 30, 2006",out,Summer,0,Ligue 1,2006,2006/2007
ESTAC Troyes,Ali Zitouni,25,Right Winger,Esperance,"End of loanJun 30, 2006",out,Summer,0,Ligue 1,2006,2006/2007
ESTAC Troyes,Florian Boucansaud,25,Centre-Back,OGC Nice,"End of loanJun 30, 2006",out,Summer,0,Ligue 1,2006,2006/2007
ESTAC Troyes,Sébastien Grax,22,Centre-Forward,Monaco,"End of loanJun 30, 2006",out,Summer,0,Ligue 1,2006,2006/2007
ESTAC Troyes,Ronan Le Crom,31,Goalkeeper,Guingamp,"End of loanJun 30, 2006",out,Summer,0,Ligue 1,2006,2006/2007
CS Sedan-Ardennes,Nicolas Maurice-Belay,21,Left Midfield,Monaco,Loan fee:£135Th.,in,Summer,0.135,Ligue 1,2006,2006/2007
CS Sedan-Ardennes,Joseph-Désiré Job,28,Centre-Forward,Middlesbrough,free transfer,in,Summer,NA,Ligue 1,2006,2006/2007
CS Sedan-Ardennes,Jérôme Le Moigne,23,Defensive Midfield,Sp. Toulon Var,free transfer,in,Summer,NA,Ligue 1,2006,2006/2007
CS Sedan-Ardennes,David Hamed,32,Right-Back,FC Istres,free transfer,in,Summer,NA,Ligue 1,2006,2006/2007
CS Sedan-Ardennes,Jean-Michel Badiane,23,Centre-Back,Paris SG,free transfer,in,Summer,NA,Ligue 1,2006,2006/2007
CS Sedan-Ardennes,Abdelnasser Ouadah,30,Left Winger,FC Metz,free transfer,in,Summer,NA,Ligue 1,2006,2006/2007
CS Sedan-Ardennes,Alaeddine Yahia,24,Centre-Back,Saint-Étienne,free transfer,in,Summer,NA,Ligue 1,2006,2006/2007
CS Sedan-Ardennes,Stéphane Trévisan,32,Goalkeeper,AC Ajaccio,free transfer,in,Summer,NA,Ligue 1,2006,2006/2007
CS Sedan-Ardennes,Fabrice Jau,27,Right Midfield,SC Bastia,free transfer,in,Summer,NA,Ligue 1,2006,2006/2007
CS Sedan-Ardennes,Yoann Lachor,30,Centre-Back,Lens,free transfer,in,Summer,NA,Ligue 1,2006,2006/2007
CS Sedan-Ardennes,Aliou Cissé,30,Defensive Midfield,Portsmouth,free transfer,in,Summer,NA,Ligue 1,2006,2006/2007
CS Sedan-Ardennes,Nicolas Marin,25,Right Midfield,Saint-Étienne,free transfer,in,Summer,NA,Ligue 1,2006,2006/2007
CS Sedan-Ardennes,Grégory Pujol,26,Centre-Forward,FC Nantes,?,in,Summer,NA,Ligue 1,2006,2006/2007
CS Sedan-Ardennes,Steven Thicot,19,Centre-Back,FC Nantes,loan transfer,in,Summer,NA,Ligue 1,2006,2006/2007
CS Sedan-Ardennes,Lamine Camara,23,attack,CS Sedan B,-,in,Summer,0,Ligue 1,2006,2006/2007
CS Sedan-Ardennes,Laurent Gagnier,27,Centre-Forward,Chamois Niort,free transfer,out,Summer,NA,Ligue 1,2006,2006/2007
CS Sedan-Ardennes,Marc-Éric Gueï,25,Centre-Forward,Sp. Toulon Var,free transfer,out,Summer,NA,Ligue 1,2006,2006/2007
CS Sedan-Ardennes,Cédric Sabin,26,Centre-Forward,Al-Ahli SC,free transfer,out,Summer,NA,Ligue 1,2006,2006/2007
CS Sedan-Ardennes,Pius N'Diefi,30,Centre-Forward,Paris FC,free transfer,out,Summer,NA,Ligue 1,2006,2006/2007
CS Sedan-Ardennes,Didier Neumann,29,Central Midfield,Montpellier,free transfer,out,Summer,NA,Ligue 1,2006,2006/2007
CS Sedan-Ardennes,Frédéric Binye Minka,21,defence,Fogape Yaounde,?,out,Summer,NA,Ligue 1,2006,2006/2007
CS Sedan-Ardennes,Laurent Mendy,24,midfield,Unknown,?,out,Summer,NA,Ligue 1,2006,2006/2007
CS Sedan-Ardennes,Hamada Jambay,31,Right-Back,Retired,-,out,Summer,0,Ligue 1,2006,2006/2007
CS Sedan-Ardennes,Oiko,38,Defensive Midfield,Retired,-,out,Summer,0,Ligue 1,2006,2006/2007
CS Sedan-Ardennes,Dame Traoré,20,Centre-Back,Valenciennes FC,"End of loanJun 30, 2006",out,Summer,0,Ligue 1,2006,2006/2007
CS Sedan-Ardennes,Nicolas Marin,25,Right Midfield,Saint-Étienne,"End of loanJun 1, 2006",out,Summer,0,Ligue 1,2006,2006/2007
CS Sedan-Ardennes,Michaël Ciani,22,Centre-Back,AJ Auxerre,"End of loanJun 30, 2006",out,Summer,0,Ligue 1,2006,2006/2007
FC Lorient,Hamed Namouchi,22,Attacking Midfield,Rangers,£675Th.,in,Summer,0.675,Ligue 1,2006,2006/2007
FC Lorient,Anis Ayari,24,Left-Back,Samsunspor,£360Th.,in,Summer,0.36,Ligue 1,2006,2006/2007
FC Lorient,Ulrich Le Pen,32,Left Midfield,R. Strasbourg,£180Th.,in,Summer,0.18,Ligue 1,2006,2006/2007
FC Lorient,Rafik Saïfi,31,Centre-Forward,AC Ajaccio,free transfer,in,Summer,NA,Ligue 1,2006,2006/2007
FC Lorient,Kemal Bourhani,24,Centre-Forward,Guingamp,free transfer,in,Summer,NA,Ligue 1,2006,2006/2007
FC Lorient,Fabrice Abriel,26,Central Midfield,Guingamp,free transfer,in,Summer,NA,Ligue 1,2006,2006/2007
FC Lorient,Carl Medjani,21,Defensive Midfield,Liverpool,free transfer,in,Summer,NA,Ligue 1,2006,2006/2007
FC Lorient,Yazid Mansouri,28,Central Midfield,LB Châteauroux,free transfer,in,Summer,NA,Ligue 1,2006,2006/2007
FC Lorient,Lionel Cappone,27,Goalkeeper,SCO Angers,free transfer,in,Summer,NA,Ligue 1,2006,2006/2007
FC Lorient,Steve Marlet,32,Centre-Forward,VfL Wolfsburg,free transfer,in,Summer,NA,Ligue 1,2006,2006/2007
FC Lorient,Christophe Jallet,22,Right-Back,Chamois Niort,free transfer,in,Summer,NA,Ligue 1,2006,2006/2007
FC Lorient,Papis M’Bodji,21,Centre-Forward,US Créteil-L,free transfer,in,Summer,NA,Ligue 1,2006,2006/2007
FC Lorient,Fabrice Fiorèse,31,Right Winger,Marseille,loan transfer,in,Summer,NA,Ligue 1,2006,2006/2007
FC Lorient,Michaël Ciani,22,Centre-Back,AJ Auxerre,loan transfer,in,Summer,NA,Ligue 1,2006,2006/2007
FC Lorient,Rémy Riou,18,Goalkeeper,Olympique Lyon,loan transfer,in,Summer,NA,Ligue 1,2006,2006/2007
FC Lorient,Nabil Taïder,23,Central Midfield,Toulouse,loan transfer,in,Summer,NA,Ligue 1,2006,2006/2007
FC Lorient,Vincent Gragnic,23,Attacking Midfield,Entente SSG,"End of loanJun 30, 2006",in,Summer,0,Ligue 1,2006,2006/2007
FC Lorient,André-Pierre Gignac,20,Centre-Forward,Pau FC,"End of loanJun 30, 2006",in,Summer,0,Ligue 1,2006,2006/2007
FC Lorient,Karim Ziani,23,Attacking Midfield,FC Sochaux,£1.80m,out,Summer,1.8,Ligue 1,2006,2006/2007
FC Lorient,Nicolas Flégeau,21,Left-Back,Les Herbiers VF,free transfer,out,Summer,NA,Ligue 1,2006,2006/2007
FC Lorient,Tchiressoua Guel,30,Attacking Midfield,Kiryat Shmona,free transfer,out,Summer,NA,Ligue 1,2006,2006/2007
FC Lorient,Vincent Gragnic,23,Attacking Midfield,Lib.-St.-Seurin,free transfer,out,Summer,NA,Ligue 1,2006,2006/2007
FC Lorient,Garry Franchi,22,Defensive Midfield,Entente SSG,free transfer,out,Summer,NA,Ligue 1,2006,2006/2007
FC Lorient,Joris Marveaux,23,Defensive Midfield,Clermont FA,free transfer,out,Summer,NA,Ligue 1,2006,2006/2007
FC Lorient,Christophe Coué,24,Defensive Midfield,Clermont FA,free transfer,out,Summer,NA,Ligue 1,2006,2006/2007
FC Lorient,Romain Salin,21,Goalkeeper,Lib.-St.-Seurin,loan transfer,out,Summer,NA,Ligue 1,2006,2006/2007
FC Lorient,Sylvain Macé,22,Attacking Midfield,Vannes,loan transfer,out,Summer,NA,Ligue 1,2006,2006/2007
FC Lorient,Virgile Reset,20,Right Winger,FC Sion,?,out,Summer,NA,Ligue 1,2006,2006/2007
FC Lorient,Abdoulaye Koulibaly,24,Centre-Forward,Without Club,-,out,Summer,0,Ligue 1,2006,2006/2007
FC Lorient,Johan Audel,22,Left Winger,LOSC Lille,"End of loanJun 30, 2006",out,Summer,0,Ligue 1,2006,2006/2007
FC Lorient,Stéphane N'Guéma,21,Right Winger,Stade Rennais,"End of loanJun 30, 2006",out,Summer,0,Ligue 1,2006,2006/2007
FC Lorient,Gaël Danic,24,Left Winger,Troyes,"End of loanJun 30, 2006",out,Summer,0,Ligue 1,2006,2006/2007
FC Lorient,Djamel Mesbah,21,Left-Back,FC Basel,"End of loanJun 30, 2006",out,Summer,0,Ligue 1,2006,2006/2007
Valenciennes FC,Nicolas Penneteau,25,Goalkeeper,SC Bastia,£1.35m,in,Summer,1.35,Ligue 1,2006,2006/2007
Valenciennes FC,Sébastien Roudet,25,Attacking Midfield,OGC Nice,£810Th.,in,Summer,0.81,Ligue 1,2006,2006/2007
Valenciennes FC,Eric Hassli,25,Centre-Forward,FC St. Gallen,£720Th.,in,Summer,0.72,Ligue 1,2006,2006/2007
Valenciennes FC,Florin Bratu,26,Centre-Forward,FC Nantes,Loan fee:£450Th.,in,Summer,0.45,Ligue 1,2006,2006/2007
Valenciennes FC,Guillaume Rippert,21,Left-Back,FC Nantes,free transfer,in,Summer,NA,Ligue 1,2006,2006/2007
Valenciennes FC,Patrick Paauwe,30,Centre-Back,Feyenoord,free transfer,in,Summer,NA,Ligue 1,2006,2006/2007
Valenciennes FC,Rudy Haddad,21,Attacking Midfield,Paris SG,loan transfer,in,Summer,NA,Ligue 1,2006,2006/2007
Valenciennes FC,Dame Traoré,20,Centre-Back,CS Sedan,"End of loanJun 30, 2006",in,Summer,0,Ligue 1,2006,2006/2007
Valenciennes FC,David Klein,32,Goalkeeper,Chamois Niort,free transfer,out,Summer,NA,Ligue 1,2006,2006/2007
Valenciennes FC,Philippe Burle,32,Centre-Back,Stade Reims,free transfer,out,Summer,NA,Ligue 1,2006,2006/2007
Valenciennes FC,Slimane Zedazi,22,Centre-Forward,RFC Tournai,free transfer,out,Summer,NA,Ligue 1,2006,2006/2007
Valenciennes FC,Sébastien Heitzmann,26,Centre-Forward,Amiens SC,?,out,Summer,NA,Ligue 1,2006,2006/2007
Valenciennes FC,Olivier Bogaczyk,29,midfield,FC Sète 34,?,out,Summer,NA,Ligue 1,2006,2006/2007
Valenciennes FC,Anthony Savigny,31,Right-Back,Unknown,?,out,Summer,NA,Ligue 1,2006,2006/2007
Valenciennes FC,Gloria Muntubila,26,defence,SC Feignies,?,out,Summer,NA,Ligue 1,2006,2006/2007
Valenciennes FC,Tidiane Dia,21,Centre-Forward,Pau FC,loan transfer,out,Summer,NA,Ligue 1,2006,2006/2007
Valenciennes FC,Guillaume Rippert,21,Left-Back,FC Nantes,"End of loanJun 30, 2006",out,Summer,0,Ligue 1,2006,2006/2007
Valenciennes FC,Sylvain Idangar,22,Left Winger,Olympique Lyon,"End of loanJun 30, 2006",out,Summer,0,Ligue 1,2006,2006/2007
Olympique Lyon,Fábio Santos,26,Defensive Midfield,Cruzeiro,£3.78m,in,Winter,3.78,Ligue 1,2006,2006/2007
Olympique Lyon,Milan Baros,25,Centre-Forward,Aston Villa,?,in,Winter,NA,Ligue 1,2006,2006/2007
Olympique Lyon,Yacine Hima,22,Central Midfield,FC Aarau,Loan fee:£113Th.,out,Winter,0.113,Ligue 1,2006,2006/2007
Olympique Lyon,John Carew,27,Centre-Forward,Aston Villa,?,out,Winter,NA,Ligue 1,2006,2006/2007
LOSC Lille,Ludovic Obraniak,22,Attacking Midfield,FC Metz,£1.08m,in,Winter,1.08,Ligue 1,2006,2006/2007
LOSC Lille,Émerson Conceição,20,Left-Back,JMalucelli,£405Th.,in,Winter,0.405,Ligue 1,2006,2006/2007
LOSC Lille,Chris Makiese,19,Centre-Forward,LOSC Lille B,-,in,Winter,0,Ligue 1,2006,2006/2007
LOSC Lille,Flavien Le Postollec,22,Defensive Midfield,FC Brüssel,loan transfer,out,Winter,NA,Ligue 1,2006,2006/2007
LOSC Lille,Dieudonné Owona,20,Left-Back,FC Brüssel,loan transfer,out,Winter,NA,Ligue 1,2006,2006/2007
LOSC Lille,Daniel Gygax,25,Attacking Midfield,FC Metz,loan transfer,out,Winter,NA,Ligue 1,2006,2006/2007
LOSC Lille,Samuel Robail,21,Attacking Midfield,US Boulogne,loan transfer,out,Winter,NA,Ligue 1,2006,2006/2007
LOSC Lille,Alexis Zywiecki,22,Centre-Back,Dijon,loan transfer,out,Winter,NA,Ligue 1,2006,2006/2007
AS Monaco,Juan Pablo Pino,19,Right Winger,Indep. Medellín,£2.70m,in,Winter,2.7,Ligue 1,2006,2006/2007
AS Monaco,Frédéric Piquionne,28,Centre-Forward,Saint-Étienne,Loan fee:£900Th.,in,Winter,0.9,Ligue 1,2006,2006/2007
AS Monaco,Marco Di Vaio,30,Centre-Forward,Genoa,£1.80m,out,Winter,1.8,Ligue 1,2006,2006/2007
AS Monaco,Yannick Quesnel,33,Goalkeeper,CAL Vulcans,free transfer,out,Winter,NA,Ligue 1,2006,2006/2007
AS Monaco,Thomas Mangani,19,Central Midfield,Stade Brestois,loan transfer,out,Winter,NA,Ligue 1,2006,2006/2007
AS Monaco,Alexandre Licata,22,Centre-Forward,FC Gueugnon,loan transfer,out,Winter,NA,Ligue 1,2006,2006/2007
AS Monaco,Sébastien Grax,22,Centre-Forward,FC Sochaux,loan transfer,out,Winter,NA,Ligue 1,2006,2006/2007
Stade Rennais FC,Olivier Thomert,26,Left Midfield,Lens,£4.05m,in,Winter,4.05,Ligue 1,2006,2006/2007
Stade Rennais FC,Julian Esteban,20,Centre-Forward,Servette FC,£1.80m,in,Winter,1.8,Ligue 1,2006,2006/2007
Stade Rennais FC,Youssouf Hadji,26,Centre-Forward,AS Nancy,£1.44m,out,Winter,1.44,Ligue 1,2006,2006/2007
Stade Rennais FC,Adailton,23,Centre-Back,Santos FC,£1.35m,out,Winter,1.35,Ligue 1,2006,2006/2007
Stade Rennais FC,Olivier Monterrubio,30,Left Winger,Lens,£1.35m,out,Winter,1.35,Ligue 1,2006,2006/2007
Stade Rennais FC,Jean-Joël Perrier-Doumbé,28,Right-Back,Celtic,Loan fee:£189Th.,out,Winter,0.189,Ligue 1,2006,2006/2007
Stade Rennais FC,Arnold Mvuemba,21,Defensive Midfield,Portsmouth,Loan fee:£180Th.,out,Winter,0.18,Ligue 1,2006,2006/2007
Olympique Marseille,Sébastien Maté,35,Goalkeeper,Entente SSG,£338Th.,in,Winter,0.338,Ligue 1,2006,2006/2007
Olympique Marseille,Julien Rodriguez,28,Centre-Back,Rangers,free transfer,in,Winter,NA,Ligue 1,2006,2006/2007
Olympique Marseille,Salim Arrache,24,Left Winger,Without Club,-,in,Winter,0,Ligue 1,2006,2006/2007
Olympique Marseille,Péguy Luyindula,27,Centre-Forward,Levante,"End of loanDec 31, 2006",in,Winter,0,Ligue 1,2006,2006/2007
Olympique Marseille,Péguy Luyindula,27,Centre-Forward,Paris SG,£3.60m,out,Winter,3.6,Ligue 1,2006,2006/2007
Olympique Marseille,Léo Matos,20,Right-Back,Tombense,£248Th.,out,Winter,0.248,Ligue 1,2006,2006/2007
Olympique Marseille,Thomas Deruda,20,Central Midfield,Lib.-St.-Seurin,loan transfer,out,Winter,NA,Ligue 1,2006,2006/2007
Olympique Marseille,Habib Bamogo,24,Second Striker,Celta de Vigo,loan transfer,out,Winter,NA,Ligue 1,2006,2006/2007
AS Saint-Étienne,Matt Moussilou,24,Centre-Forward,OGC Nice,loan transfer,in,Winter,NA,Ligue 1,2006,2006/2007
AS Saint-Étienne,Maodomalick Faye,19,Centre-Forward,Saint-Étienne B,-,in,Winter,0,Ligue 1,2006,2006/2007
AS Saint-Étienne,Frédéric Piquionne,28,Centre-Forward,Monaco,Loan fee:£900Th.,out,Winter,0.9,Ligue 1,2006,2006/2007
AS Saint-Étienne,Lamine Sakho,29,Left Winger,Montpellier,free transfer,out,Winter,NA,Ligue 1,2006,2006/2007
AS Saint-Étienne,Ignacio Piatti,21,Attacking Midfield,San Felipe,?,out,Winter,NA,Ligue 1,2006,2006/2007
AS Saint-Étienne,Daniel Bilos,26,Left Midfield,América,loan transfer,out,Winter,NA,Ligue 1,2006,2006/2007
AS Saint-Étienne,Fousseni Diawara,26,Right-Back,FC Sochaux,loan transfer,out,Winter,NA,Ligue 1,2006,2006/2007
RC Lens,Milan Bisevac,23,Centre-Back,Red Star,£3.69m,in,Winter,3.69,Ligue 1,2006,2006/2007
RC Lens,Olivier Monterrubio,30,Left Winger,Stade Rennais,£1.35m,in,Winter,1.35,Ligue 1,2006,2006/2007
RC Lens,Damian Tixier,25,Left-Back,Leiria,£180Th.,in,Winter,0.18,Ligue 1,2006,2006/2007
RC Lens,Olivier Thomert,26,Left Midfield,Stade Rennais,£4.05m,out,Winter,4.05,Ligue 1,2006,2006/2007
RC Lens,Simon Feindouno,20,Attacking Midfield,FC Istres,loan transfer,out,Winter,NA,Ligue 1,2006,2006/2007
RC Lens,Jussiê,23,Attacking Midfield,G. Bordeaux,loan transfer,out,Winter,NA,Ligue 1,2006,2006/2007
RC Lens,Kamil Zayatte,21,Centre-Back,BSC Young Boys,?,out,Winter,NA,Ligue 1,2006,2006/2007
RC Lens,Adel Taarabt,17,Central Midfield,Spurs,loan transfer,out,Winter,NA,Ligue 1,2006,2006/2007
RC Lens,Grégory Vignal,25,Left-Back,1.FC K'lautern,loan transfer,out,Winter,NA,Ligue 1,2006,2006/2007
AJ Auxerre,Olivier Sorin,25,Goalkeeper,AS Nancy,£1.17m,in,Winter,1.17,Ligue 1,2006,2006/2007
AJ Auxerre,Luigi Pieroni,26,Centre-Forward,FC Nantes,£2.25m,out,Winter,2.25,Ligue 1,2006,2006/2007
AJ Auxerre,Oumar Kalabane,25,Centre-Back,Manisaspor,£1.80m,out,Winter,1.8,Ligue 1,2006,2006/2007
AJ Auxerre,Rene Bolf,32,Centre-Back,Banik Ostrava,free transfer,out,Winter,NA,Ligue 1,2006,2006/2007
AJ Auxerre,Hassan Yebda,22,Central Midfield,Le Mans UC 72,free transfer,out,Winter,NA,Ligue 1,2006,2006/2007
AJ Auxerre,Krisztián Vadócz,21,Central Midfield,Motherwell FC,loan transfer,out,Winter,NA,Ligue 1,2006,2006/2007
Paris Saint-Germain,Péguy Luyindula,27,Centre-Forward,Marseille,£3.60m,in,Winter,3.6,Ligue 1,2006,2006/2007
Paris Saint-Germain,Jérémy Clément,22,Defensive Midfield,Rangers,£1.80m,in,Winter,1.8,Ligue 1,2006,2006/2007
Paris Saint-Germain,Marcelo Gallardo,30,Attacking Midfield,River Plate,free transfer,in,Winter,NA,Ligue 1,2006,2006/2007
Paris Saint-Germain,Paulo César,28,Right Midfield,Toulouse,free transfer,out,Winter,NA,Ligue 1,2006,2006/2007
Paris Saint-Germain,Fabrice Pancrate,26,Right Winger,Real Betis,loan transfer,out,Winter,NA,Ligue 1,2006,2006/2007
FC Sochaux-Montbéliard,Fousseni Diawara,26,Right-Back,Saint-Étienne,loan transfer,in,Winter,NA,Ligue 1,2006,2006/2007
FC Sochaux-Montbéliard,Sébastien Grax,22,Centre-Forward,Monaco,loan transfer,in,Winter,NA,Ligue 1,2006,2006/2007
FC Sochaux-Montbéliard,Miranda,22,Centre-Back,São Paulo,"End of loanFeb 1, 2007",in,Winter,0,Ligue 1,2006,2006/2007
FC Sochaux-Montbéliard,Miranda,22,Centre-Back,São Paulo,£1.08m,out,Winter,1.08,Ligue 1,2006,2006/2007
OGC Nice,Lionel Létizi,33,Goalkeeper,Rangers,free transfer,in,Winter,NA,Ligue 1,2006,2006/2007
OGC Nice,Lilian Laslandes,35,Centre-Forward,G. Bordeaux,?,in,Winter,NA,Ligue 1,2006,2006/2007
OGC Nice,Damien Grégorini,27,Goalkeeper,AS Nancy,£720Th.,out,Winter,0.72,Ligue 1,2006,2006/2007
OGC Nice,Anthar Yahia,24,Centre-Back,VfL Bochum,Loan fee:£45Th.,out,Winter,0.045,Ligue 1,2006,2006/2007
OGC Nice,Matt Moussilou,24,Centre-Forward,Saint-Étienne,loan transfer,out,Winter,NA,Ligue 1,2006,2006/2007
FC Toulouse,Pavel Fort,23,Centre-Forward,Slavia Prague,£900Th.,in,Winter,0.9,Ligue 1,2006,2006/2007
FC Toulouse,Paulo César,28,Right Midfield,Paris SG,free transfer,in,Winter,NA,Ligue 1,2006,2006/2007
FC Toulouse,Jean-Louis Akpa Akpro,22,Centre-Forward,Stade Brestois,loan transfer,out,Winter,NA,Ligue 1,2006,2006/2007
FC Toulouse,Santos,27,Centre-Forward,FC Zürich,loan transfer,out,Winter,NA,Ligue 1,2006,2006/2007
FC Girondins Bordeaux,Fernando Cavenaghi,23,Centre-Forward,Spartak Moscow,£8.10m,in,Winter,8.1,Ligue 1,2006,2006/2007
FC Girondins Bordeaux,Jussiê,23,Attacking Midfield,Lens,loan transfer,in,Winter,NA,Ligue 1,2006,2006/2007
FC Girondins Bordeaux,Christian Peruchini,21,Attacking Midfield,Sangiovannese,?,in,Winter,NA,Ligue 1,2006,2006/2007
FC Girondins Bordeaux,Lilian Laslandes,35,Centre-Forward,OGC Nice,?,out,Winter,NA,Ligue 1,2006,2006/2007
FC Nantes,Luigi Pieroni,26,Centre-Forward,AJ Auxerre,£2.25m,in,Winter,2.25,Ligue 1,2006,2006/2007
FC Nantes,Jaouad Zairi,24,Right Midfield,Boavista,loan transfer,in,Winter,NA,Ligue 1,2006,2006/2007
FC Nantes,Fabien Barthez,35,Goalkeeper,Career break,-,in,Winter,0,Ligue 1,2006,2006/2007
FC Nantes,Christian Wilhelmsson,27,Right Winger,AS Roma,Loan fee:£450Th.,out,Winter,0.45,Ligue 1,2006,2006/2007
FC Nantes,Adriano Duarte,26,Centre-Back,RAEC Mons,free transfer,out,Winter,NA,Ligue 1,2006,2006/2007
FC Nantes,Alexis Thébaux,21,Goalkeeper,Dijon,free transfer,out,Winter,NA,Ligue 1,2006,2006/2007
FC Nantes,Nourdin Boukhari,26,Attacking Midfield,AZ Alkmaar,loan transfer,out,Winter,NA,Ligue 1,2006,2006/2007
FC Nantes,Vladimir Stojkovic,23,Goalkeeper,Vitesse,loan transfer,out,Winter,NA,Ligue 1,2006,2006/2007
FC Nantes,Fabien Barthez,35,Goalkeeper,Retired,-,out,Winter,0,Ligue 1,2006,2006/2007
AS Nancy-Lorraine,Marc-Antoine Fortuné,25,Centre-Forward,FC Utrecht,£2.07m,in,Winter,2.07,Ligue 1,2006,2006/2007
AS Nancy-Lorraine,Youssouf Hadji,26,Centre-Forward,Stade Rennais,£1.44m,in,Winter,1.44,Ligue 1,2006,2006/2007
AS Nancy-Lorraine,Damien Grégorini,27,Goalkeeper,OGC Nice,£720Th.,in,Winter,0.72,Ligue 1,2006,2006/2007
AS Nancy-Lorraine,Momar Faye,19,Defensive Midfield,AS Nancy B,-,in,Winter,0,Ligue 1,2006,2006/2007
AS Nancy-Lorraine,Olivier Sorin,25,Goalkeeper,AJ Auxerre,£1.17m,out,Winter,1.17,Ligue 1,2006,2006/2007
AS Nancy-Lorraine,Tosin Dosunmu,26,Right Winger,Zulte Waregem,loan transfer,out,Winter,NA,Ligue 1,2006,2006/2007
Le Mans Union Club 72,Hassan Yebda,22,Central Midfield,AJ Auxerre,free transfer,in,Winter,NA,Ligue 1,2006,2006/2007
Le Mans Union Club 72,Modibo Maïga,19,Centre-Forward,Raja Casablanca,loan transfer,in,Winter,NA,Ligue 1,2006,2006/2007
Le Mans Union Club 72,Edo,22,Centre-Forward,AS Livorno,"End of loanDec 1, 2006",in,Winter,0,Ligue 1,2006,2006/2007
Le Mans Union Club 72,Edo,22,Centre-Forward,Yverdon Sport,free transfer,out,Winter,NA,Ligue 1,2006,2006/2007
ESTAC Troyes,Marek Saganowski,28,Centre-Forward,Southampton,£1.44m,out,Winter,1.44,Ligue 1,2006,2006/2007
ESTAC Troyes,Mounir Obbadi,23,Central Midfield,SCO Angers,loan transfer,out,Winter,NA,Ligue 1,2006,2006/2007
ESTAC Troyes,Jean-Louis Montero,35,Right-Back,Career break,-,out,Winter,0,Ligue 1,2006,2006/2007
ESTAC Troyes,Weldon,26,Centre-Forward,Cruzeiro,"End of loanDec 23, 2006",out,Winter,0,Ligue 1,2006,2006/2007
CS Sedan-Ardennes,Samir Henaini,22,Centre-Forward,Fréjus-St-Raph.,?,in,Winter,NA,Ligue 1,2006,2006/2007
CS Sedan-Ardennes,David Hamed,32,Right-Back,Amiens SC,free transfer,out,Winter,NA,Ligue 1,2006,2006/2007
CS Sedan-Ardennes,Jérémy Hénin,29,Centre-Back,AC Le Havre,free transfer,out,Winter,NA,Ligue 1,2006,2006/2007
FC Lorient,Farid Talhaoui,24,attack,Guingamp,loan transfer,in,Winter,NA,Ligue 1,2006,2006/2007
FC Lorient,Sébastien Le Toux,23,Centre-Forward,Seattle Sounders,free transfer,out,Winter,NA,Ligue 1,2006,2006/2007
FC Lorient,David Le Bras,23,Attacking Midfield,PP-70,free transfer,out,Winter,NA,Ligue 1,2006,2006/2007
FC Lorient,Papis M’Bodji,22,Centre-Forward,R. Strasbourg,loan transfer,out,Winter,NA,Ligue 1,2006,2006/2007
FC Lorient,Anis Ayari,24,Left-Back,ES Sahel,?,out,Winter,NA,Ligue 1,2006,2006/2007
Valenciennes FC,Abdeslam Ouaddou,28,Centre-Back,Olympiacos,free transfer,in,Winter,NA,Ligue 1,2006,2006/2007
Valenciennes FC,Jeovânio,29,Defensive Midfield,Grêmio,?,in,Winter,NA,Ligue 1,2006,2006/2007
