club_name,player_name,age,position,club_involved_name,fee,transfer_movement,transfer_period,fee_cleaned,league_name,year,season
FC Girondins Bordeaux,William Prunier,26,Centre-Back,Marseille,?,in,Summer,NA,Ligue 1,1994,1994/1995
FC Girondins Bordeaux,Daniel Dutuel,26,Attacking Midfield,Marseille,?,in,Summer,NA,Ligue 1,1994,1994/1995
FC Girondins Bordeaux,Anthony Bancarel,23,Centre-Forward,Toulouse,?,in,Summer,NA,Ligue 1,1994,1994/1995
FC Girondins Bordeaux,Laurent Fournier,29,Defensive Midfield,Paris SG,?,in,Summer,NA,Ligue 1,1994,1994/1995
FC Girondins Bordeaux,David Costé,18,Centre-Forward,Unknown,?,in,Summer,NA,Ligue 1,1994,1994/1995
FC Girondins Bordeaux,Geoffray Toyes,21,Right-Back,G. Bordeaux B,-,in,Summer,0,Ligue 1,1994,1994/1995
FC Girondins Bordeaux,Franck Histilloles,21,Midfielder,G. Bordeaux B,-,in,Summer,0,Ligue 1,1994,1994/1995
FC Girondins Bordeaux,Valdeir,26,Second Striker,Flamengo,"End of loanJun 30, 1994",in,Summer,0,Ligue 1,1994,1994/1995
FC Girondins Bordeaux,Marcel Dib,33,Central Midfield,Marseille,?,out,Summer,NA,Ligue 1,1994,1994/1995
FC Girondins Bordeaux,Márcio Santos,24,Centre-Back,Fiorentina,?,out,Summer,NA,Ligue 1,1994,1994/1995
FC Girondins Bordeaux,Stéphane Paille,29,Centre-Forward,Olympique Lyon,?,out,Summer,NA,Ligue 1,1994,1994/1995
FC Girondins Bordeaux,Stéphane Plancque,33,Attacking Midfield,Toulouse,?,out,Summer,NA,Ligue 1,1994,1994/1995
FC Girondins Bordeaux,Christophe Vecchioni,25,Defender,Toulouse,?,out,Summer,NA,Ligue 1,1994,1994/1995
FC Girondins Bordeaux,Philippe Vercruysse,32,Attacking Midfield,FC Metz,?,out,Summer,NA,Ligue 1,1994,1994/1995
FC Girondins Bordeaux,Eric Guérit,30,Defensive Midfield,Retired,-,out,Summer,0,Ligue 1,1994,1994/1995
FC Sochaux-Montbéliard,Roman Szewczyk,29,Centre-Back,GKS Katowice,?,in,Summer,NA,Ligue 1,1994,1994/1995
FC Sochaux-Montbéliard,Philippe Cuervo,24,Right-Back,Saint-Étienne,?,in,Summer,NA,Ligue 1,1994,1994/1995
FC Sochaux-Montbéliard,Jérôme Gnako,26,Attacking Midfield,Monaco,?,in,Summer,NA,Ligue 1,1994,1994/1995
FC Sochaux-Montbéliard,Christophe Laurent,19,Midfielder,Unknown,?,in,Summer,NA,Ligue 1,1994,1994/1995
FC Sochaux-Montbéliard,Étienne Mendy,25,Forward,Saint-Étienne,?,in,Summer,NA,Ligue 1,1994,1994/1995
FC Sochaux-Montbéliard,Jean-François Hernandez,25,Centre-Back,Toulouse,?,in,Summer,NA,Ligue 1,1994,1994/1995
FC Sochaux-Montbéliard,Nicolas De la Quintinie,20,Attacking Midfield,FC Sochaux B,-,in,Summer,0,Ligue 1,1994,1994/1995
FC Sochaux-Montbéliard,Dominique Bertone,17,Defender,FC Sochaux U19,-,in,Summer,0,Ligue 1,1994,1994/1995
FC Sochaux-Montbéliard,Stéphane Ferrand,25,Goalkeeper,AJ Auxerre,"End of loanJun 1, 1994",in,Summer,0,Ligue 1,1994,1994/1995
FC Sochaux-Montbéliard,Alain Caveglia,26,Second Striker,AC Le Havre,?,out,Summer,NA,Ligue 1,1994,1994/1995
FC Sochaux-Montbéliard,Faruk Hadzibegic,36,Sweeper,Toulouse,?,out,Summer,NA,Ligue 1,1994,1994/1995
FC Sochaux-Montbéliard,Bernard Maraval,22,Defender,SC Bastia,?,out,Summer,NA,Ligue 1,1994,1994/1995
FC Sochaux-Montbéliard,Frédéric Darras,27,Right-Back,SC Bastia,?,out,Summer,NA,Ligue 1,1994,1994/1995
FC Sochaux-Montbéliard,Stéphane Ferrand,25,Goalkeeper,Louh.-Cuiseaux,?,out,Summer,NA,Ligue 1,1994,1994/1995
FC Sochaux-Montbéliard,Eric Dewilder,30,Midfielder,SC Bastia,?,out,Summer,NA,Ligue 1,1994,1994/1995
FC Sochaux-Montbéliard,Jean-Marc Frotey,25,Forward,FC Istres,?,out,Summer,NA,Ligue 1,1994,1994/1995
RC Lens,Marc-Vivien Foé,19,Central Midfield,Canon Yaoundé,Free transfer,in,Summer,0,Ligue 1,1994,1994/1995
RC Lens,Wilson Oruma,17,Attacking Midfield,Bendel Ins.,Free transfer,in,Summer,0,Ligue 1,1994,1994/1995
RC Lens,Mickaël Debève,23,Right Midfield,Toulouse,?,in,Summer,NA,Ligue 1,1994,1994/1995
RC Lens,Joël Tiéhi,30,Centre-Forward,AC Le Havre,?,in,Summer,NA,Ligue 1,1994,1994/1995
RC Lens,Christophe Delmotte,25,Left-Back,CS Sedan,"End of loanJun 30, 1994",in,Summer,0,Ligue 1,1994,1994/1995
RC Lens,Didier Dubois,27,Centre-Back,FC Martigues,?,out,Summer,NA,Ligue 1,1994,1994/1995
RC Lens,Jean-François Péron,28,Left Midfield,SM Caen,?,out,Summer,NA,Ligue 1,1994,1994/1995
RC Lens,Robbie Slater,29,Central Midfield,Blackburn,?,out,Summer,NA,Ligue 1,1994,1994/1995
RC Lens,Anicet Saussé,25,Defender,US Valenciennes,?,out,Summer,NA,Ligue 1,1994,1994/1995
RC Lens,Valeriano de Oliveira,19,Forward,Rouen,?,out,Summer,NA,Ligue 1,1994,1994/1995
RC Lens,Felix Aladesanmi Ademola,19,Midfielder,RC Lüttich,?,out,Summer,NA,Ligue 1,1994,1994/1995
RC Lens,Christophe Delmotte,25,Left-Back,Cannes,Loan,out,Summer,0,Ligue 1,1994,1994/1995
RC Lens,François Omam-Biyik,28,Centre-Forward,América,?,out,Summer,NA,Ligue 1,1994,1994/1995
RC Lens,Ryszard Tarasiewicz,32,Central Midfield,Besançon RC,,out,Summer,NA,Ligue 1,1994,1994/1995
AS Cannes,Christian Potel,20,Goalkeeper,Paris SG,Free transfer,in,Summer,0,Ligue 1,1994,1994/1995
AS Cannes,Christophe Delmotte,25,Left-Back,Lens,Loan,in,Summer,0,Ligue 1,1994,1994/1995
AS Cannes,Lukasz Antczak,18,Defender,Z. Sosnowiec,?,in,Summer,NA,Ligue 1,1994,1994/1995
AS Cannes,Alexandre Bès,27,Defender,Olympique Lyon,?,in,Summer,NA,Ligue 1,1994,1994/1995
AS Cannes,Alain Ravera,29,Defender,Vallauris,?,in,Summer,NA,Ligue 1,1994,1994/1995
AS Cannes,Patrice Marquet,27,Attacking Midfield,AC Le Havre,?,in,Summer,NA,Ligue 1,1994,1994/1995
AS Cannes,Sébastien Renaud,18,Goalkeeper,AJ Auxerre B,?,in,Summer,NA,Ligue 1,1994,1994/1995
AS Cannes,Jean-Noël Cabezas,27,Centre-Forward,SC Toulon 83,?,in,Summer,NA,Ligue 1,1994,1994/1995
AS Cannes,Christophe Horlaville,25,Centre-Forward,Rouen,?,in,Summer,NA,Ligue 1,1994,1994/1995
AS Cannes,Laurent Charvet,21,Right-Back,Cannes B,-,in,Summer,0,Ligue 1,1994,1994/1995
AS Cannes,Komlan Assignon,20,Midfielder,Cannes B,-,in,Summer,0,Ligue 1,1994,1994/1995
AS Cannes,David Jemmali,19,Right-Back,Cannes B,-,in,Summer,0,Ligue 1,1994,1994/1995
AS Cannes,David Bettoni,22,Midfielder,FC Istres,"End of loanJun 30, 1994",in,Summer,0,Ligue 1,1994,1994/1995
AS Cannes,Fabrice Monacchino,22,Forward,Le Mans UC 72,"End of loanJun 30, 1994",in,Summer,0,Ligue 1,1994,1994/1995
AS Cannes,Gábor Márton,27,Attacking Midfield,Pécsi MFC,Free transfer,out,Summer,0,Ligue 1,1994,1994/1995
AS Cannes,Bernard Lambourde,23,Centre-Back,SCO Angers,Loan,out,Summer,0,Ligue 1,1994,1994/1995
AS Cannes,Bertrand Burnier,26,Defender,AS Lyon-Duchère,?,out,Summer,NA,Ligue 1,1994,1994/1995
AS Cannes,Patrice Lestage,32,Left-Back,FC Blagnac,?,out,Summer,NA,Ligue 1,1994,1994/1995
AS Cannes,Didier Otokoré,25,Left Winger,Guingamp,?,out,Summer,NA,Ligue 1,1994,1994/1995
AS Cannes,Tal Banin,23,Defensive Midfield,Hapoel Haifa,?,out,Summer,NA,Ligue 1,1994,1994/1995
AS Cannes,Mickaël Madar,26,Centre-Forward,Monaco,?,out,Summer,NA,Ligue 1,1994,1994/1995
AS Cannes,Ferhat Khirat,27,Midfielder,Stade Briochin,?,out,Summer,NA,Ligue 1,1994,1994/1995
AS Cannes,André Amitrano,36,Goalkeeper,Retired,-,out,Summer,0,Ligue 1,1994,1994/1995
AS Cannes,Marc Andrieux,27,Right Midfield,Retired,-,out,Summer,0,Ligue 1,1994,1994/1995
Montpellier HSC,Michel Pavon,25,Central Midfield,Toulouse,?,in,Summer,NA,Ligue 1,1994,1994/1995
Montpellier HSC,Philippe Flucklinger,31,Goalkeeper,FC Metz,?,in,Summer,NA,Ligue 1,1994,1994/1995
Montpellier HSC,Laurent Robert,19,Left Winger,HSC Montpellier U19,-,in,Summer,0,Ligue 1,1994,1994/1995
Montpellier HSC,Romain Larrieu,17,Goalkeeper,HSC Montpellier U19,-,in,Summer,0,Ligue 1,1994,1994/1995
Montpellier HSC,Philippe Delaye,19,Central Midfield,HSC Montpellier B,-,in,Summer,0,Ligue 1,1994,1994/1995
Montpellier HSC,Jérôme Palatsi,24,Goalkeeper,Rouen,"End of loanJun 1, 1994",in,Summer,0,Ligue 1,1994,1994/1995
Montpellier HSC,David Hamed,20,Right-Back,FC Istres,Free transfer,out,Summer,0,Ligue 1,1994,1994/1995
Montpellier HSC,Aljosa Asanovic,28,Central Midfield,Hajduk Split,?,out,Summer,NA,Ligue 1,1994,1994/1995
Montpellier HSC,Jean-Manuel Thétis,22,Centre-Back,Marseille,?,out,Summer,NA,Ligue 1,1994,1994/1995
Montpellier HSC,Jérôme Sykora,23,Goalkeeper,FC Gueugnon,?,out,Summer,NA,Ligue 1,1994,1994/1995
Montpellier HSC,Joël Fréchet,28,Midfielder,ASOA Valence,?,out,Summer,NA,Ligue 1,1994,1994/1995
Montpellier HSC,Jacek Ziober,28,Left Winger,CA Osasuna,?,out,Summer,NA,Ligue 1,1994,1994/1995
Montpellier HSC,Jérôme Palatsi,24,Goalkeeper,Pau FC,?,out,Summer,NA,Ligue 1,1994,1994/1995
Montpellier HSC,Stéphane Blondeau,26,Right-Back,AS Red Star 93,?,out,Summer,NA,Ligue 1,1994,1994/1995
Montpellier HSC,Zalán Zombori,19,Attacking Midfield,Vasas SC,"End of loanJul 1, 1994",out,Summer,0,Ligue 1,1994,1994/1995
FC Nantes,Éric Decroix,25,Centre-Back,LOSC Lille,Free transfer,in,Summer,0,Ligue 1,1994,1994/1995
FC Nantes,Benoît Cauet,25,Central Midfield,SM Caen,?,in,Summer,NA,Ligue 1,1994,1994/1995
FC Nantes,Dominique Casagrande,23,Goalkeeper,AS Muret,?,in,Summer,NA,Ligue 1,1994,1994/1995
FC Nantes,David Garcion,20,Attacking Midfield,Unknown,?,in,Summer,NA,Ligue 1,1994,1994/1995
FC Nantes,Willy Grondin,19,Goalkeeper,FC Nantes B,-,in,Summer,0,Ligue 1,1994,1994/1995
FC Nantes,Franck Renou,20,Attacking Midfield,FC Nantes B,-,in,Summer,0,Ligue 1,1994,1994/1995
FC Nantes,Sébastien Le Paih,19,Attacking Midfield,FC Nantes U19,-,in,Summer,0,Ligue 1,1994,1994/1995
FC Nantes,Stéphane Ziani,22,Attacking Midfield,SC Bastia,?,out,Summer,NA,Ligue 1,1994,1994/1995
FC Nantes,Noureddine Naybet,24,Centre-Back,Sporting CP,?,out,Summer,NA,Ligue 1,1994,1994/1995
FC Nantes,Jean-Louis Lima,26,Centre-Forward,Stade Lavallois,?,out,Summer,NA,Ligue 1,1994,1994/1995
FC Nantes,Anthony Martins,23,Midfielder,Guingamp,?,out,Summer,NA,Ligue 1,1994,1994/1995
FC Nantes,Jean-Christophe Bouteiller,21,Midfielder,Le Mans UC 72,?,out,Summer,NA,Ligue 1,1994,1994/1995
Olympique Lyon,Jean-Luc Sassus,31,Right-Back,Paris SG,?,in,Summer,NA,Ligue 1,1994,1994/1995
Olympique Lyon,Stéphane Paille,29,Centre-Forward,G. Bordeaux,?,in,Summer,NA,Ligue 1,1994,1994/1995
Olympique Lyon,Ludovic Giuly,17,Right Winger,Olymp. Lyon B,-,in,Summer,0,Ligue 1,1994,1994/1995
Olympique Lyon,Johann Charpenet,17,Centre-Back,Olymp. Lyon B,-,in,Summer,0,Ligue 1,1994,1994/1995
Olympique Lyon,Jean-Christophe Devaux,19,Centre-Back,Olymp. Lyon B,-,in,Summer,0,Ligue 1,1994,1994/1995
Olympique Lyon,Cédric Bardon,17,Central Midfield,Olymp. Lyon B,-,in,Summer,0,Ligue 1,1994,1994/1995
Olympique Lyon,Ghislain Anselmini,24,Left-Back,Guingamp,"End of loanJun 30, 1994",in,Summer,0,Ligue 1,1994,1994/1995
Olympique Lyon,Bruno Génésio,27,Midfielder,OGC Nice,"End of loanJun 30, 1994",in,Summer,0,Ligue 1,1994,1994/1995
Olympique Lyon,Abédi Pelé,29,Attacking Midfield,Torino,?,out,Summer,NA,Ligue 1,1994,1994/1995
Olympique Lyon,Pierre Chavrondier,22,Midfielder,FC Gueugnon,Loan,out,Summer,0,Ligue 1,1994,1994/1995
Olympique Lyon,Laurent Debrosse,24,Midfielder,USL Dunkerque,?,out,Summer,NA,Ligue 1,1994,1994/1995
Olympique Lyon,Alain Colacicco,21,Defender,LB Châteauroux,?,out,Summer,NA,Ligue 1,1994,1994/1995
Olympique Lyon,Alexandre Bès,27,Defender,Cannes,?,out,Summer,NA,Ligue 1,1994,1994/1995
LOSC Lille,Jérôme Foulon,23,Right-Back,US Valenciennes,Free transfer,in,Summer,0,Ligue 1,1994,1994/1995
LOSC Lille,Arnaud Duncker,23,Defensive Midfield,US Valenciennes,Free transfer,in,Summer,0,Ligue 1,1994,1994/1995
LOSC Lille,Christian Perez,31,Attacking Midfield,Monaco,?,in,Summer,NA,Ligue 1,1994,1994/1995
LOSC Lille,Frank Farina,29,Forward,R. Strasbourg,?,in,Summer,NA,Ligue 1,1994,1994/1995
LOSC Lille,Roger Hitoto,25,Midfielder,Rouen,?,in,Summer,NA,Ligue 1,1994,1994/1995
LOSC Lille,Philippe Lévenard,29,Left-Back,SCO Angers,?,in,Summer,NA,Ligue 1,1994,1994/1995
LOSC Lille,Henrik Lykke,24,Centre-Back,FC Copenhagen,?,in,Summer,NA,Ligue 1,1994,1994/1995
LOSC Lille,Lyambo Etshélé,25,Defensive Midfield,US Valenciennes,?,in,Summer,NA,Ligue 1,1994,1994/1995
LOSC Lille,Aliou Cissé,18,Defensive Midfield,LOSC Lille U19,-,in,Summer,0,Ligue 1,1994,1994/1995
LOSC Lille,Gaël Sanz,17,Centre-Back,LOSC Lille B,-,in,Summer,0,Ligue 1,1994,1994/1995
LOSC Lille,Cédric Carrez,20,Centre-Back,LOSC Lille U19,-,in,Summer,0,Ligue 1,1994,1994/1995
LOSC Lille,Éric Decroix,25,Centre-Back,FC Nantes,Free transfer,out,Summer,0,Ligue 1,1994,1994/1995
LOSC Lille,Claude Fichaux,25,Centre-Back,AC Le Havre,Free transfer,out,Summer,0,Ligue 1,1994,1994/1995
LOSC Lille,Kennet Andersson,26,Centre-Forward,SM Caen,?,out,Summer,NA,Ligue 1,1994,1994/1995
LOSC Lille,José Bray,29,Midfielder,Nîmes Olympique,?,out,Summer,NA,Ligue 1,1994,1994/1995
LOSC Lille,Jean-Jacques Etamé,27,Midfielder,SM Caen,?,out,Summer,NA,Ligue 1,1994,1994/1995
LOSC Lille,Oumar Dieng,21,Centre-Back,Paris SG,?,out,Summer,NA,Ligue 1,1994,1994/1995
LOSC Lille,Walquir Mota,26,Forward,ASOA Valence,?,out,Summer,NA,Ligue 1,1994,1994/1995
LOSC Lille,Per Frandsen,24,Right Midfield,FC Copenhagen,?,out,Summer,NA,Ligue 1,1994,1994/1995
LOSC Lille,Edgar Borges,24,Attacking Midfield,Beauvais,?,out,Summer,NA,Ligue 1,1994,1994/1995
LOSC Lille,Jean-Luc Buisine,32,Centre-Back,Retired,-,out,Summer,0,Ligue 1,1994,1994/1995
LOSC Lille,Pascal Nouma,21,Centre-Forward,Paris SG,"End of loanJun 30, 1993",out,Summer,0,Ligue 1,1994,1994/1995
SM Caen,Kennet Andersson,26,Centre-Forward,LOSC Lille,?,in,Summer,NA,Ligue 1,1994,1994/1995
SM Caen,Milos Glonek,25,Centre-Back,Ancona,?,in,Summer,NA,Ligue 1,1994,1994/1995
SM Caen,Jerry de Jong,29,Centre-Back,PSV Eindhoven,?,in,Summer,NA,Ligue 1,1994,1994/1995
SM Caen,Olivier Bochu,22,Defender,Ol. Grenoble,?,in,Summer,NA,Ligue 1,1994,1994/1995
SM Caen,Amara Simba,32,Centre-Forward,Monaco,?,in,Summer,NA,Ligue 1,1994,1994/1995
SM Caen,Jean-François Péron,28,Left Midfield,Lens,?,in,Summer,NA,Ligue 1,1994,1994/1995
SM Caen,Jean-Jacques Etamé,27,Midfielder,LOSC Lille,?,in,Summer,NA,Ligue 1,1994,1994/1995
SM Caen,Franck Suignard,20,Midfielder,Quimper,?,in,Summer,NA,Ligue 1,1994,1994/1995
SM Caen,Stéphane Lemarchand,22,Forward,SM Caen B,-,in,Summer,0,Ligue 1,1994,1994/1995
SM Caen,Benoît Cauet,25,Central Midfield,FC Nantes,?,out,Summer,NA,Ligue 1,1994,1994/1995
SM Caen,Faouzi Rouissi,23,Centre-Forward,Hilal,?,out,Summer,NA,Ligue 1,1994,1994/1995
SM Caen,Philippe Montanier,29,Goalkeeper,Toulouse,?,out,Summer,NA,Ligue 1,1994,1994/1995
SM Caen,Ronan Salaün,25,Midfielder,Toulouse,?,out,Summer,NA,Ligue 1,1994,1994/1995
SM Caen,Celio Silva,26,Centre-Back,Corinthians,?,out,Summer,NA,Ligue 1,1994,1994/1995
SM Caen,Wally Dieng,20,Defender,CS Sedan,?,out,Summer,NA,Ligue 1,1994,1994/1995
SM Caen,Laurent Dufour,19,Midfielder,SM Caen B,-,out,Summer,0,Ligue 1,1994,1994/1995
SM Caen,Aleksandr Mostovoy,25,Attacking Midfield,Benfica,"End of loanJun 30, 1994",out,Summer,0,Ligue 1,1994,1994/1995
AC Le Havre,Sébastien Hamel,18,Goalkeeper,Monaco,Free transfer,in,Summer,0,Ligue 1,1994,1994/1995
AC Le Havre,Claude Fichaux,25,Centre-Back,LOSC Lille,Free transfer,in,Summer,0,Ligue 1,1994,1994/1995
AC Le Havre,Frédéric Brando,20,Central Midfield,Monaco B,Free transfer,in,Summer,0,Ligue 1,1994,1994/1995
AC Le Havre,Alain Caveglia,26,Second Striker,FC Sochaux,?,in,Summer,NA,Ligue 1,1994,1994/1995
AC Le Havre,Cédric Daury,24,Midfielder,SCO Angers,?,in,Summer,NA,Ligue 1,1994,1994/1995
AC Le Havre,Christophe Lagrange,27,Forward,SCO Angers,?,in,Summer,NA,Ligue 1,1994,1994/1995
AC Le Havre,Mathieu Louis-Jean,18,Right-Back,Le Havre B,-,in,Summer,0,Ligue 1,1994,1994/1995
AC Le Havre,Olivier De Luca,21,Defensive Midfield,Le Havre B,-,in,Summer,0,Ligue 1,1994,1994/1995
AC Le Havre,Djibril Diawara,19,Centre-Back,Le Havre B,-,in,Summer,0,Ligue 1,1994,1994/1995
AC Le Havre,Olivier Debert,19,Right-Back,Le Havre U19,-,in,Summer,0,Ligue 1,1994,1994/1995
AC Le Havre,Thierry Moreau,27,Attacking Midfield,Toulouse,?,out,Summer,NA,Ligue 1,1994,1994/1995
AC Le Havre,Eric Lestrade,25,Midfielder,CS Sedan,?,out,Summer,NA,Ligue 1,1994,1994/1995
AC Le Havre,Pierre Haon,27,Defensive Midfield,AS Lyon-Duchère,?,out,Summer,NA,Ligue 1,1994,1994/1995
AC Le Havre,Gia Guruli,30,Centre-Forward,USL Dunkerque,?,out,Summer,NA,Ligue 1,1994,1994/1995
AC Le Havre,Patrice Marquet,27,Attacking Midfield,Cannes,?,out,Summer,NA,Ligue 1,1994,1994/1995
AC Le Havre,Pierre Aubameyang,29,Sweeper,Toulouse,?,out,Summer,NA,Ligue 1,1994,1994/1995
AC Le Havre,Fabien Piveteau,30,Goalkeeper,Monaco,?,out,Summer,NA,Ligue 1,1994,1994/1995
AC Le Havre,Joël Tiéhi,30,Centre-Forward,Lens,?,out,Summer,NA,Ligue 1,1994,1994/1995
AC Le Havre,Didier Lelong,24,Midfielder,FC Saint-Leu,?,out,Summer,NA,Ligue 1,1994,1994/1995
AC Le Havre,Michel Rio,31,Attacking Midfield,Stade Briochin,?,out,Summer,NA,Ligue 1,1994,1994/1995
AC Le Havre,André Kana-Biyik,28,Defensive Midfield,Retired,-,out,Summer,0,Ligue 1,1994,1994/1995
RC Strasbourg Alsace,Xavier Gravelaine,25,Centre-Forward,Paris SG,Loan,in,Summer,0,Ligue 1,1994,1994/1995
RC Strasbourg Alsace,Alexander Vencel,27,Goalkeeper,Slo. Bratislava,?,in,Summer,NA,Ligue 1,1994,1994/1995
RC Strasbourg Alsace,Franck Sauzée,28,Central Midfield,Atalanta,?,in,Summer,NA,Ligue 1,1994,1994/1995
RC Strasbourg Alsace,Aleksandr Mostovoy,25,Attacking Midfield,Benfica,?,in,Summer,NA,Ligue 1,1994,1994/1995
RC Strasbourg Alsace,David Klein,20,Goalkeeper,R. Strasbourg B,-,in,Summer,0,Ligue 1,1994,1994/1995
RC Strasbourg Alsace,Thierry Debès,20,Goalkeeper,R. Strasbourg B,-,in,Summer,0,Ligue 1,1994,1994/1995
RC Strasbourg Alsace,Fabien Weber,21,Defensive Midfield,R. Strasbourg B,-,in,Summer,0,Ligue 1,1994,1994/1995
RC Strasbourg Alsace,Rémy Mukenge,19,Defender,RB Differdange,Free transfer,out,Summer,0,Ligue 1,1994,1994/1995
RC Strasbourg Alsace,Joël Corminboeuf,30,Goalkeeper,Xamax,?,out,Summer,NA,Ligue 1,1994,1994/1995
RC Strasbourg Alsace,Frank Farina,29,Forward,LOSC Lille,?,out,Summer,NA,Ligue 1,1994,1994/1995
RC Strasbourg Alsace,Jacky Paillard,31,Defensive Midfield,Toulouse,?,out,Summer,NA,Ligue 1,1994,1994/1995
RC Strasbourg Alsace,Sylvain Sansone,26,Goalkeeper,CS Sedan,?,out,Summer,NA,Ligue 1,1994,1994/1995
RC Strasbourg Alsace,Xavier Gravelaine,26,Centre-Forward,Paris SG,"End of loanJun 30, 1995",out,Summer,0,Ligue 1,1994,1994/1995
AS Monaco,Christophe Buffat,24,Forward,Olympique Alès,?,in,Summer,NA,Ligue 1,1994,1994/1995
AS Monaco,Fabien Piveteau,30,Goalkeeper,AC Le Havre,?,in,Summer,NA,Ligue 1,1994,1994/1995
AS Monaco,Mickaël Madar,26,Centre-Forward,Cannes,?,in,Summer,NA,Ligue 1,1994,1994/1995
AS Monaco,Éric Di Meco,30,Left-Back,Marseille,?,in,Summer,NA,Ligue 1,1994,1994/1995
AS Monaco,Sonny Anderson,23,Centre-Forward,Marseille,?,in,Summer,NA,Ligue 1,1994,1994/1995
AS Monaco,Dan Petersen,22,Centre-Forward,Ajax,?,in,Summer,NA,Ligue 1,1994,1994/1995
AS Monaco,Thierry Henry,16,Centre-Forward,Monaco U19,-,in,Summer,0,Ligue 1,1994,1994/1995
AS Monaco,Manuel dos Santos,20,Left-Back,Monaco B,-,in,Summer,0,Ligue 1,1994,1994/1995
AS Monaco,Yannick Baret,21,Defensive Midfield,Monaco B,-,in,Summer,0,Ligue 1,1994,1994/1995
AS Monaco,Bruno Irles,18,Centre-Back,Monaco U19,-,in,Summer,0,Ligue 1,1994,1994/1995
AS Monaco,Jürgen Klinsmann,29,Centre-Forward,Spurs,£2.48m,out,Summer,2.48,Ligue 1,1994,1994/1995
AS Monaco,Sébastien Hamel,18,Goalkeeper,AC Le Havre,Free transfer,out,Summer,0,Ligue 1,1994,1994/1995
AS Monaco,Christian Perez,31,Attacking Midfield,LOSC Lille,?,out,Summer,NA,Ligue 1,1994,1994/1995
AS Monaco,Sam Dominique Abouo,20,Centre-Back,Al-Nassr,?,out,Summer,NA,Ligue 1,1994,1994/1995
AS Monaco,Jérôme Gnako,26,Attacking Midfield,FC Sochaux,?,out,Summer,NA,Ligue 1,1994,1994/1995
AS Monaco,Amara Simba,32,Centre-Forward,SM Caen,?,out,Summer,NA,Ligue 1,1994,1994/1995
AS Monaco,Franck Passi,28,Defensive Midfield,SD Compostela,?,out,Summer,NA,Ligue 1,1994,1994/1995
AS Monaco,Christophe Buffat,25,Forward,Mulhouse S-A,?,out,Summer,NA,Ligue 1,1994,1994/1995
AS Monaco,Jean-Luc Ettori,38,Goalkeeper,Retired,-,out,Summer,0,Ligue 1,1994,1994/1995
Stade Rennais FC,Marco Grassi,26,Centre-Forward,Servette FC,£900Th.,in,Summer,0.9,Ligue 1,1994,1994/1995
Stade Rennais FC,Jean-Pierre Cyprien,25,Centre-Back,Saint-Étienne,£135Th.,in,Summer,0.135,Ligue 1,1994,1994/1995
Stade Rennais FC,Patrice Carteron,23,Centre-Back,Stade Lavallois,?,in,Summer,NA,Ligue 1,1994,1994/1995
Stade Rennais FC,Samuel Michel,23,Centre-Forward,AS Red Star 93,?,in,Summer,NA,Ligue 1,1994,1994/1995
Stade Rennais FC,Christophe Ohrel,26,Right Midfield,Servette FC,?,in,Summer,NA,Ligue 1,1994,1994/1995
Stade Rennais FC,Régis Le Bris,18,Defender,Unknown,?,in,Summer,NA,Ligue 1,1994,1994/1995
Stade Rennais FC,Brian Jensen,26,Left-Back,Bröndby IF,?,in,Summer,NA,Ligue 1,1994,1994/1995
Stade Rennais FC,Jean-Christophe Thomas,29,Defensive Midfield,Marseille,?,in,Summer,NA,Ligue 1,1994,1994/1995
Stade Rennais FC,Pascal Fugier,25,Right-Back,Marseille,?,in,Summer,NA,Ligue 1,1994,1994/1995
Stade Rennais FC,Fritz Emeran,18,Right-Back,Monaco B,?,in,Summer,NA,Ligue 1,1994,1994/1995
Stade Rennais FC,Arnaud Le Lann,23,Defender,Thouars Foot 79,"End of loanJun 1, 1994",in,Summer,0,Ligue 1,1994,1994/1995
Stade Rennais FC,Moké Kajima,18,Left-Back,Braga,Free transfer,out,Summer,0,Ligue 1,1994,1994/1995
Stade Rennais FC,Émerick Darbelet,20,Left Midfield,Le Mans UC 72,Free transfer,out,Summer,0,Ligue 1,1994,1994/1995
Stade Rennais FC,Patrick Guillou,24,Left-Back,LB Châteauroux,?,out,Summer,NA,Ligue 1,1994,1994/1995
Stade Rennais FC,Sylvain Ripoll,22,Defensive Midfield,Le Mans UC 72,?,out,Summer,NA,Ligue 1,1994,1994/1995
Stade Rennais FC,Bruno Roux,30,Centre-Forward,LB Châteauroux,?,out,Summer,NA,Ligue 1,1994,1994/1995
Stade Rennais FC,Magid Musisi,26,Centre-Forward,Bursaspor,?,out,Summer,NA,Ligue 1,1994,1994/1995
Stade Rennais FC,Moïse Régina,24,Centre-Back,AS Angoulême 92,?,out,Summer,NA,Ligue 1,1994,1994/1995
Stade Rennais FC,Jacky Colin,30,Midfielder,Unknown,?,out,Summer,NA,Ligue 1,1994,1994/1995
Stade Rennais FC,Sébastien Chauvel,21,Midfielder,Bourges,?,out,Summer,NA,Ligue 1,1994,1994/1995
AJ Auxerre,Sabri Lamouchi,22,Central Midfield,Olympique Alès,Free transfer,in,Summer,0,Ligue 1,1994,1994/1995
AJ Auxerre,Frédéric Danjou,19,Centre-Back,AJ Auxerre U19,-,in,Summer,0,Ligue 1,1994,1994/1995
AJ Auxerre,Fabien Cool,21,Goalkeeper,FC Gueugnon,"End of loanJun 1, 1994",in,Summer,0,Ligue 1,1994,1994/1995
AJ Auxerre,Thomas Deniaud,22,Centre-Forward,SCO Angers,Loan,out,Summer,0,Ligue 1,1994,1994/1995
AJ Auxerre,Franco Vignola,27,Forward,Marseille,?,out,Summer,NA,Ligue 1,1994,1994/1995
AJ Auxerre,Stéphane Ferrand,25,Goalkeeper,FC Sochaux,"End of loanJun 1, 1994",out,Summer,0,Ligue 1,1994,1994/1995
FC Metz,Rigobert Song,18,Centre-Back,Tonnerre,?,in,Summer,NA,Ligue 1,1994,1994/1995
FC Metz,Sylvain Kastendeuch,30,Sweeper,Toulouse,?,in,Summer,NA,Ligue 1,1994,1994/1995
FC Metz,Zlatko Arambasic,24,Centre-Forward,KV Mechelen,?,in,Summer,NA,Ligue 1,1994,1994/1995
FC Metz,Mickaël Hoy,23,Midfielder,Mulhouse S-A,?,in,Summer,NA,Ligue 1,1994,1994/1995
FC Metz,Philippe Vercruysse,32,Attacking Midfield,G. Bordeaux,?,in,Summer,NA,Ligue 1,1994,1994/1995
FC Metz,Dragoljub Brnovic,30,Midfielder,Aris Bonneweg,Free transfer,out,Summer,0,Ligue 1,1994,1994/1995
FC Metz,Benoît Lahery,21,Forward,Union Luxemburg,Free transfer,out,Summer,0,Ligue 1,1994,1994/1995
FC Metz,Emmanuel Clément,22,Defensive Midfield,OFC Charleville,Loan,out,Summer,0,Ligue 1,1994,1994/1995
FC Metz,Philippe Chanlot,26,Centre-Forward,Perpignan,Free transfer,out,Summer,0,Ligue 1,1994,1994/1995
FC Metz,Philippe Flucklinger,31,Goalkeeper,Montpellier,?,out,Summer,NA,Ligue 1,1994,1994/1995
FC Metz,Jean-Phillippe Séchet,27,Central Midfield,Paris SG,?,out,Summer,NA,Ligue 1,1994,1994/1995
OGC Nice,Frédéric Tatarian,23,Defender,Mulhouse S-A,?,in,Summer,NA,Ligue 1,1994,1994/1995
OGC Nice,Thierry De Neef,27,Midfielder,CS Sedan,?,in,Summer,NA,Ligue 1,1994,1994/1995
OGC Nice,Ludovic Stefano,17,Defender,Unknown,?,in,Summer,NA,Ligue 1,1994,1994/1995
OGC Nice,Yves Mangione,29,Forward,US Valenciennes,?,in,Summer,NA,Ligue 1,1994,1994/1995
OGC Nice,Ludovic Gallo,17,Midfielder,OGC Nice B,-,in,Summer,0,Ligue 1,1994,1994/1995
OGC Nice,René Marsiglia,34,Defensive Midfield,Amiens SC,?,out,Summer,NA,Ligue 1,1994,1994/1995
OGC Nice,Aboubacar Cissé,24,Forward,Chamois Niort,?,out,Summer,NA,Ligue 1,1994,1994/1995
OGC Nice,Jérôme Calatraba,21,Midfielder,Olympique Alès,?,out,Summer,NA,Ligue 1,1994,1994/1995
OGC Nice,Tonio Farias,NA,Forward,Unknown,?,out,Summer,NA,Ligue 1,1994,1994/1995
OGC Nice,Marko Elsner,34,Centre-Back,Retired,-,out,Summer,0,Ligue 1,1994,1994/1995
OGC Nice,Bruno Génésio,27,Midfielder,Olympique Lyon,"End of loanJun 30, 1994",out,Summer,0,Ligue 1,1994,1994/1995
Paris Saint-Germain,Oumar Dieng,21,Centre-Back,LOSC Lille,?,in,Summer,NA,Ligue 1,1994,1994/1995
Paris Saint-Germain,Jean-Phillippe Séchet,27,Central Midfield,FC Metz,?,in,Summer,NA,Ligue 1,1994,1994/1995
Paris Saint-Germain,Xavier Gravelaine,26,Centre-Forward,R. Strasbourg,"End of loanJun 30, 1995",in,Summer,0,Ligue 1,1994,1994/1995
Paris Saint-Germain,Jérôme Leroy,19,Attacking Midfield,Paris SG B,-,in,Summer,0,Ligue 1,1994,1994/1995
Paris Saint-Germain,Pierre Ducrocq,17,Defensive Midfield,Paris SG U19,-,in,Summer,0,Ligue 1,1994,1994/1995
Paris Saint-Germain,Bernard Allou,19,Right Winger,Paris SG B,-,in,Summer,0,Ligue 1,1994,1994/1995
Paris Saint-Germain,Joël Cloarec,28,Forward,US Valenciennes,"End of loanJul 1, 1994",in,Summer,0,Ligue 1,1994,1994/1995
Paris Saint-Germain,Edvin Murati,18,Left Midfield,Paris SG U19,-,in,Summer,0,Ligue 1,1994,1994/1995
Paris Saint-Germain,Pascal Nouma,21,Centre-Forward,LOSC Lille,"End of loanJun 30, 1993",in,Summer,0,Ligue 1,1994,1994/1995
Paris Saint-Germain,Xavier Gravelaine,25,Centre-Forward,R. Strasbourg,Loan,out,Summer,0,Ligue 1,1994,1994/1995
Paris Saint-Germain,Christian Potel,20,Goalkeeper,Cannes,Free transfer,out,Summer,0,Ligue 1,1994,1994/1995
Paris Saint-Germain,Emmanuel Dorado,21,Centre-Back,SCO Angers,?,out,Summer,NA,Ligue 1,1994,1994/1995
Paris Saint-Germain,Laurent Fournier,29,Defensive Midfield,G. Bordeaux,?,out,Summer,NA,Ligue 1,1994,1994/1995
Paris Saint-Germain,Jean-Luc Sassus,31,Right-Back,Olympique Lyon,?,out,Summer,NA,Ligue 1,1994,1994/1995
Paris Saint-Germain,Christophe Olol,13,Goalkeeper,AS Poissy,Loan,out,Summer,0,Ligue 1,1994,1994/1995
Paris Saint-Germain,Pierre Reynaud,26,Defensive Midfield,Toulouse,?,out,Summer,NA,Ligue 1,1994,1994/1995
Paris Saint-Germain,Francois Calderaro,30,Centre-Forward,Toulouse,?,out,Summer,NA,Ligue 1,1994,1994/1995
Paris Saint-Germain,Jean-Claude Fernandes,21,Defensive Midfield,AS Nancy,?,out,Summer,NA,Ligue 1,1994,1994/1995
Paris Saint-Germain,Joël Cloarec,28,Forward,Guingamp,?,out,Summer,NA,Ligue 1,1994,1994/1995
SC Bastia,Pierre Laurent,23,Centre-Forward,ESA Brive,Free transfer,in,Summer,0,Ligue 1,1994,1994/1995
SC Bastia,Stéphane Ziani,22,Attacking Midfield,FC Nantes,?,in,Summer,NA,Ligue 1,1994,1994/1995
SC Bastia,Philippe Lalanne,28,Midfielder,ASOA Valence,?,in,Summer,NA,Ligue 1,1994,1994/1995
SC Bastia,Eric Dewilder,30,Midfielder,FC Sochaux,?,in,Summer,NA,Ligue 1,1994,1994/1995
SC Bastia,Jean-Christophe Debu,30,Left-Back,Toulouse,?,in,Summer,NA,Ligue 1,1994,1994/1995
SC Bastia,Frédéric Darras,27,Right-Back,FC Sochaux,?,in,Summer,NA,Ligue 1,1994,1994/1995
SC Bastia,Franck Vandecasteele,26,Centre-Forward,Stade Lavallois,?,in,Summer,NA,Ligue 1,1994,1994/1995
SC Bastia,Anto Drobnjak,25,Centre-Forward,Red Star,?,in,Summer,NA,Ligue 1,1994,1994/1995
SC Bastia,Bernard Maraval,22,Defender,FC Sochaux,?,in,Summer,NA,Ligue 1,1994,1994/1995
SC Bastia,Flávio Camargo,24,Forward,Grêmio,?,in,Summer,NA,Ligue 1,1994,1994/1995
SC Bastia,Morlaye Soumah,22,Centre-Back,US Valenciennes,"End of loanJun 30, 1994",in,Summer,0,Ligue 1,1994,1994/1995
SC Bastia,Laurent Castro,24,Forward,G. Ajaccio,?,out,Summer,NA,Ligue 1,1994,1994/1995
SC Bastia,Éric Mura,31,Right-Back,ES Vitrolles,?,out,Summer,NA,Ligue 1,1994,1994/1995
SC Bastia,Aziz El Ouali,23,Attacking Midfield,LB Châteauroux,?,out,Summer,NA,Ligue 1,1994,1994/1995
SC Bastia,Stéphane Michel,23,Midfielder,AS Lyon-Duchère,?,out,Summer,NA,Ligue 1,1994,1994/1995
SC Bastia,Hamid Bourabaa,26,Forward,FC Istres,?,out,Summer,NA,Ligue 1,1994,1994/1995
SC Bastia,Michel De Lucia,26,Forward,Île-Rousse,?,out,Summer,NA,Ligue 1,1994,1994/1995
SC Bastia,Bruno Lippini,30,Centre-Forward,SC Bastia B,-,out,Summer,0,Ligue 1,1994,1994/1995
SC Bastia,Olivier Anziani,24,Midfielder,Retired,-,out,Summer,0,Ligue 1,1994,1994/1995
SC Bastia,Michel Padovani,32,Defensive Midfield,Retired,-,out,Summer,0,Ligue 1,1994,1994/1995
AS Saint-Étienne,Lucién Mettomo,17,Centre-Back,Ocean Kribi,?,in,Summer,NA,Ligue 1,1994,1994/1995
AS Saint-Étienne,David Charrièras,18,Left-Back,Unknown,?,in,Summer,NA,Ligue 1,1994,1994/1995
AS Saint-Étienne,Dominique Aulanier,20,Attacking Midfield,St-Étienne U19,-,in,Summer,0,Ligue 1,1994,1994/1995
AS Saint-Étienne,Pierre Bastou,20,Right Midfield,St-Étienne U19,-,in,Summer,0,Ligue 1,1994,1994/1995
AS Saint-Étienne,Fabrice Mannucci,19,Centre-Back,Saint-Étienne B,-,in,Summer,0,Ligue 1,1994,1994/1995
AS Saint-Étienne,Stéphane Guichard,20,Midfielder,Saint-Étienne B,-,in,Summer,0,Ligue 1,1994,1994/1995
AS Saint-Étienne,Jean-Pierre Cyprien,25,Centre-Back,Stade Rennais,£135Th.,out,Summer,0.135,Ligue 1,1994,1994/1995
AS Saint-Étienne,Marcin Szulik,17,Midfielder,Hutnik Warszawa,?,out,Summer,NA,Ligue 1,1994,1994/1995
AS Saint-Étienne,Philippe Cuervo,24,Right-Back,FC Sochaux,?,out,Summer,NA,Ligue 1,1994,1994/1995
AS Saint-Étienne,Étienne Mendy,25,Forward,FC Sochaux,?,out,Summer,NA,Ligue 1,1994,1994/1995
AS Saint-Étienne,Joseph-Antoine Bell,39,Goalkeeper,Retired,-,out,Summer,0,Ligue 1,1994,1994/1995
FC Martigues,Laurent David,22,Midfielder,CS Sedan,Free transfer,in,Summer,0,Ligue 1,1994,1994/1995
FC Martigues,Henrik Bertilsson,24,Centre-Forward,Halmstad,?,in,Summer,NA,Ligue 1,1994,1994/1995
FC Martigues,Fabien Artès,16,Defender,Unknown,?,in,Summer,NA,Ligue 1,1994,1994/1995
FC Martigues,Serge Romano,30,Midfielder,Toulouse,?,in,Summer,NA,Ligue 1,1994,1994/1995
FC Martigues,Didier Dubois,27,Centre-Back,Lens,?,in,Summer,NA,Ligue 1,1994,1994/1995
FC Martigues,Eduardo Oliveira,21,Centre-Back,Île-Rousse,?,in,Summer,NA,Ligue 1,1994,1994/1995
FC Martigues,Abdoul Karim Bangoura,23,Defender,SC Bastia B,?,in,Summer,NA,Ligue 1,1994,1994/1995
FC Martigues,Abassi Boinahéri,17,Centre-Forward,Martigues U19,-,in,Summer,0,Ligue 1,1994,1994/1995
FC Martigues,Laurent Grimaud,17,Defender,Martigues U19,-,in,Summer,0,Ligue 1,1994,1994/1995
FC Martigues,Frédéric Limantour,23,Goalkeeper,AC Arles-Avignon,"End of loanJun 30, 1994",in,Summer,0,Ligue 1,1994,1994/1995
FC Martigues,Jean-Claude Pagal,29,Defensive Midfield,América,?,out,Summer,NA,Ligue 1,1994,1994/1995
FC Martigues,Joël Bossis,29,Left Winger,LB Châteauroux,?,out,Summer,NA,Ligue 1,1994,1994/1995
FC Martigues,Jean-Marc Ferreri,31,Attacking Midfield,Marseille,?,out,Summer,NA,Ligue 1,1994,1994/1995
FC Martigues,Philippe Anziani,32,Second Striker,G. Ajaccio,?,out,Summer,NA,Ligue 1,1994,1994/1995
FC Martigues,Stéphane Mazzolini,27,Right-Back,Marseille,?,out,Summer,NA,Ligue 1,1994,1994/1995
FC Martigues,Henri-Claude Ferblantier,23,Centre-Back,Rouen,?,out,Summer,NA,Ligue 1,1994,1994/1995
FC Girondins Bordeaux,Richard Witschge,25,Central Midfield,Blackburn,?,out,Winter,NA,Ligue 1,1994,1994/1995
FC Girondins Bordeaux,Laurent Croci,29,Defensive Midfield,FC Sochaux,?,out,Winter,NA,Ligue 1,1994,1994/1995
FC Sochaux-Montbéliard,Laurent Croci,29,Defensive Midfield,G. Bordeaux,?,in,Winter,NA,Ligue 1,1994,1994/1995
AS Cannes,Franck Priou,31,Centre-Forward,Saint-Étienne,?,out,Winter,NA,Ligue 1,1994,1994/1995
Olympique Lyon,Stéphane Paille,29,Centre-Forward,Servette FC,?,out,Winter,NA,Ligue 1,1994,1994/1995
RC Strasbourg Alsace,Michael Hughes,23,Attacking Midfield,West Ham,Free transfer,out,Winter,0,Ligue 1,1994,1994/1995
AS Monaco,Erwan Manac'h,23,Sweeper,Toulouse,?,out,Winter,NA,Ligue 1,1994,1994/1995
Stade Rennais FC,Jean-Pierre Cyprien,25,Centre-Back,Torino,Loan,out,Winter,0,Ligue 1,1994,1994/1995
FC Metz,Christophe Boulard,21,Midfielder,Spora Luxemburg,Free transfer,out,Winter,0,Ligue 1,1994,1994/1995
AS Saint-Étienne,Franck Priou,31,Centre-Forward,Cannes,?,in,Winter,NA,Ligue 1,1994,1994/1995
AS Saint-Étienne,Roland Wohlfarth,31,Centre-Forward,VfL Bochum,?,out,Winter,NA,Ligue 1,1994,1994/1995
AS Saint-Étienne,Gérald Passi,30,Attacking Midfield,Nagoya Grampus,?,out,Winter,NA,Ligue 1,1994,1994/1995
