club_name,player_name,age,position,club_involved_name,fee,transfer_movement,transfer_period,fee_cleaned,league_name,year,season
Bayern Munich,Valérien Ismaël,29,Centre-Back,Werder Bremen,£7.65m,in,Summer,7.65,1 Bundesliga,2005,2005/2006
Bayern Munich,Ali Karimi,26,Attacking Midfield,Al-Ahli (UAE),free transfer,in,Summer,NA,1 Bundesliga,2005,2005/2006
Bayern Munich,Andreas Ottl,20,Defensive Midfield,FC Bayern II,-,in,Summer,0,1 Bundesliga,2005,2005/2006
Bayern Munich,Bernd Dreher,38,Goalkeeper,Career break,-,in,Summer,0,1 Bundesliga,2005,2005/2006
Bayern Munich,Philipp Lahm,21,Right-Back,VfB Stuttgart,"End of loanJun 30, 2005",in,Summer,0,1 Bundesliga,2005,2005/2006
Bayern Munich,Torsten Frings,28,Defensive Midfield,Werder Bremen,£4.50m,out,Summer,4.5,1 Bundesliga,2005,2005/2006
Bayern Munich,Vahid Hashemian,28,Centre-Forward,Hannover 96,£1.17m,out,Summer,1.17,1 Bundesliga,2005,2005/2006
Bayern Munich,Tobias Rau,23,Left-Back,Arm. Bielefeld,£675Th.,out,Summer,0.675,1 Bundesliga,2005,2005/2006
Bayern Munich,Alexander Zickler,31,Centre-Forward,RB Salzburg,free transfer,out,Summer,NA,1 Bundesliga,2005,2005/2006
Bayern Munich,Thomas Linke,35,Centre-Back,RB Salzburg,free transfer,out,Summer,NA,1 Bundesliga,2005,2005/2006
Bayern Munich,Samuel Kuffour,28,Centre-Back,AS Roma,free transfer,out,Summer,NA,1 Bundesliga,2005,2005/2006
Bayern Munich,Robert Kovac,31,Centre-Back,Juventus,free transfer,out,Summer,NA,1 Bundesliga,2005,2005/2006
Borussia Dortmund,Ebi Smolarek,24,Centre-Forward,Feyenoord,£675Th.,in,Summer,0.675,1 Bundesliga,2005,2005/2006
Borussia Dortmund,Delron Buckley,27,Left Winger,Arm. Bielefeld,£383Th.,in,Summer,0.383,1 Bundesliga,2005,2005/2006
Borussia Dortmund,Dennis Gentenaar,29,Goalkeeper,NEC Nijmegen,£135Th.,in,Summer,0.135,1 Bundesliga,2005,2005/2006
Borussia Dortmund,Philipp Degen,22,Right-Back,FC Basel,free transfer,in,Summer,NA,1 Bundesliga,2005,2005/2006
Borussia Dortmund,Cedric van der Gun,26,Centre-Forward,ADO Den Haag,free transfer,in,Summer,NA,1 Bundesliga,2005,2005/2006
Borussia Dortmund,Bernd Meier,33,Goalkeeper,LR Ahlen,free transfer,in,Summer,NA,1 Bundesliga,2005,2005/2006
Borussia Dortmund,Nuri Sahin,16,Defensive Midfield,B. Dortmund U17,-,in,Summer,0,1 Bundesliga,2005,2005/2006
Borussia Dortmund,Nizamettin Caliskan,18,Central Midfield,B. Dortmund II,-,in,Summer,0,1 Bundesliga,2005,2005/2006
Borussia Dortmund,Sebastian Tyrala,17,Central Midfield,B. Dortmund U17,-,in,Summer,0,1 Bundesliga,2005,2005/2006
Borussia Dortmund,Sahr Senesie,20,Centre-Forward,Grasshoppers,"End of loanJun 30, 2005",in,Summer,0,1 Bundesliga,2005,2005/2006
Borussia Dortmund,Ewerthon,24,Centre-Forward,Real Zaragoza,£3.15m,out,Summer,3.15,1 Bundesliga,2005,2005/2006
Borussia Dortmund,Niclas Jensen,30,Left-Back,Fulham,£675Th.,out,Summer,0.675,1 Bundesliga,2005,2005/2006
Borussia Dortmund,Juan Fernández,25,Right-Back,San Lorenzo,free transfer,out,Summer,NA,1 Bundesliga,2005,2005/2006
Borussia Dortmund,Malte Metzelder,23,Defensive Midfield,VfR Aalen,free transfer,out,Summer,NA,1 Bundesliga,2005,2005/2006
Borussia Dortmund,Ahmed Madouni,24,Centre-Back,Bay. Leverkusen,free transfer,out,Summer,NA,1 Bundesliga,2005,2005/2006
Borussia Dortmund,Otto Addo,30,Attacking Midfield,1.FSV Mainz 05,free transfer,out,Summer,NA,1 Bundesliga,2005,2005/2006
Borussia Dortmund,Evanilson,29,Right-Back,Atlético-MG,free transfer,out,Summer,NA,1 Bundesliga,2005,2005/2006
Borussia Dortmund,Guy Demel,24,Right-Back,Hamburger SV,free transfer,out,Summer,NA,1 Bundesliga,2005,2005/2006
Borussia Dortmund,André Bergdölmo,33,Centre-Back,FC Copenhagen,free transfer,out,Summer,NA,1 Bundesliga,2005,2005/2006
Borussia Dortmund,Sunday Oliseh,30,Defensive Midfield,KRC Genk,free transfer,out,Summer,NA,1 Bundesliga,2005,2005/2006
Borussia Dortmund,Guillaume Warmuz,35,Goalkeeper,Monaco,free transfer,out,Summer,NA,1 Bundesliga,2005,2005/2006
Borussia Dortmund,Sahr Senesie,20,Centre-Forward,TSG Hoffenheim,loan transfer,out,Summer,NA,1 Bundesliga,2005,2005/2006
Borussia Dortmund,Ebi Smolarek,24,Centre-Forward,Feyenoord,"End of loanJun 30, 2005",out,Summer,0,1 Bundesliga,2005,2005/2006
Bayer 04 Leverkusen,Athirson,28,Left-Back,Cruzeiro,£738Th.,in,Summer,0.738,1 Bundesliga,2005,2005/2006
Bayer 04 Leverkusen,Simon Rolfes,23,Defensive Midfield,Alem. Aachen,£675Th.,in,Summer,0.675,1 Bundesliga,2005,2005/2006
Bayer 04 Leverkusen,Josip Tadic,17,Centre-Forward,NK Osijek,£315Th.,in,Summer,0.315,1 Bundesliga,2005,2005/2006
Bayer 04 Leverkusen,Ahmed Madouni,24,Centre-Back,Bor. Dortmund,free transfer,in,Summer,NA,1 Bundesliga,2005,2005/2006
Bayer 04 Leverkusen,Danko Lazovic,22,Second Striker,Feyenoord,Loan fee:£23Th.,in,Summer,0.023,1 Bundesliga,2005,2005/2006
Bayer 04 Leverkusen,Pirmin Schwegler,18,Defensive Midfield,FC Luzern,?,in,Summer,NA,1 Bundesliga,2005,2005/2006
Bayer 04 Leverkusen,Emanuel Pogatetz,22,Centre-Back,Grazer AK,"End of loanJun 30, 2005",in,Summer,0,1 Bundesliga,2005,2005/2006
Bayer 04 Leverkusen,Du-ri Cha,24,Right-Back,E. Frankfurt,"End of loanJun 30, 2005",in,Summer,0,1 Bundesliga,2005,2005/2006
Bayer 04 Leverkusen,Tranquillo Barnetta,20,Attacking Midfield,Hannover 96,"End of loanJun 30, 2005",in,Summer,0,1 Bundesliga,2005,2005/2006
Bayer 04 Leverkusen,Jermaine Jones,23,Defensive Midfield,E. Frankfurt,"End of loanJun 30, 2005",in,Summer,0,1 Bundesliga,2005,2005/2006
Bayer 04 Leverkusen,Emanuel Pogatetz,22,Centre-Back,Middlesbrough,£2.44m,out,Summer,2.44,1 Bundesliga,2005,2005/2006
Bayer 04 Leverkusen,França,29,Centre-Forward,Kashiwa Reysol,£2.25m,out,Summer,2.25,1 Bundesliga,2005,2005/2006
Bayer 04 Leverkusen,Daniel Bierofka,26,Left Midfield,VfB Stuttgart,£540Th.,out,Summer,0.54,1 Bundesliga,2005,2005/2006
Bayer 04 Leverkusen,Du-ri Cha,24,Right-Back,E. Frankfurt,free transfer,out,Summer,NA,1 Bundesliga,2005,2005/2006
Bayer 04 Leverkusen,Robson Ponté,28,Attacking Midfield,Urawa Reds,free transfer,out,Summer,NA,1 Bundesliga,2005,2005/2006
Bayer 04 Leverkusen,Diego Placente,28,Left-Back,Celta de Vigo,free transfer,out,Summer,NA,1 Bundesliga,2005,2005/2006
Bayer 04 Leverkusen,Jermaine Jones,23,Defensive Midfield,E. Frankfurt,free transfer,out,Summer,NA,1 Bundesliga,2005,2005/2006
Bayer 04 Leverkusen,Sezer Öztürk,19,Attacking Midfield,Germ. Beerschot,loan transfer,out,Summer,NA,1 Bundesliga,2005,2005/2006
Bayer 04 Leverkusen,Pirmin Schwegler,18,Defensive Midfield,BSC Young Boys,loan transfer,out,Summer,NA,1 Bundesliga,2005,2005/2006
FC Schalke 04,Kevin Kuranyi,23,Centre-Forward,VfB Stuttgart,£6.21m,in,Summer,6.21,1 Bundesliga,2005,2005/2006
FC Schalke 04,Rafinha,19,Right-Back,Coritiba FC,£4.50m,in,Summer,4.5,1 Bundesliga,2005,2005/2006
FC Schalke 04,Sören Larsen,23,Centre-Forward,Djurgarden,£2.07m,in,Summer,2.07,1 Bundesliga,2005,2005/2006
FC Schalke 04,Fabian Ernst,26,Defensive Midfield,Werder Bremen,free transfer,in,Summer,NA,1 Bundesliga,2005,2005/2006
FC Schalke 04,Zlatan Bajramovic,25,Defensive Midfield,SC Freiburg,free transfer,in,Summer,NA,1 Bundesliga,2005,2005/2006
FC Schalke 04,Niko Bungert,18,Centre-Back,Schalke 04 U19,-,in,Summer,0,1 Bundesliga,2005,2005/2006
FC Schalke 04,Manuel Neuer,19,Goalkeeper,Schalke 04 U19,-,in,Summer,0,1 Bundesliga,2005,2005/2006
FC Schalke 04,Sergio da Silva Pinto,24,Central Midfield,Alem. Aachen,"End of loanJun 30, 2005",in,Summer,0,1 Bundesliga,2005,2005/2006
FC Schalke 04,Simon Cziommer,24,Central Midfield,Twente FC,"End of loanJun 30, 2005",in,Summer,0,1 Bundesliga,2005,2005/2006
FC Schalke 04,Mike Hanke,21,Centre-Forward,VfL Wolfsburg,£3.60m,out,Summer,3.6,1 Bundesliga,2005,2005/2006
FC Schalke 04,Aílton,32,Centre-Forward,Besiktas,£3.15m,out,Summer,3.15,1 Bundesliga,2005,2005/2006
FC Schalke 04,Sven Vermant,32,Central Midfield,Club Brugge,£225Th.,out,Summer,0.225,1 Bundesliga,2005,2005/2006
FC Schalke 04,Sergio da Silva Pinto,24,Central Midfield,Alem. Aachen,£113Th.,out,Summer,0.113,1 Bundesliga,2005,2005/2006
FC Schalke 04,Michael Delura,20,Right Winger,Hannover 96,Loan fee:£90Th.,out,Summer,0.09,1 Bundesliga,2005,2005/2006
FC Schalke 04,Kai Hesse,20,Centre-Forward,VfB Lübeck,free transfer,out,Summer,NA,1 Bundesliga,2005,2005/2006
FC Schalke 04,Volkan Ünlü,22,Goalkeeper,Besiktas,free transfer,out,Summer,NA,1 Bundesliga,2005,2005/2006
FC Schalke 04,Niels Oude Kamphuis,27,Defensive Midfield,Bor. M'gladbach,free transfer,out,Summer,NA,1 Bundesliga,2005,2005/2006
FC Schalke 04,Fabian Lamotte,22,Right-Back,1860 Munich,free transfer,out,Summer,NA,1 Bundesliga,2005,2005/2006
FC Schalke 04,Christian Petereit,21,Centre-Back,Schalke 04 II,-,out,Summer,0,1 Bundesliga,2005,2005/2006
FC Schalke 04,Sven Kmetsch,34,Defensive Midfield,Retired,-,out,Summer,0,1 Bundesliga,2005,2005/2006
Eintracht Frankfurt,Ioannis Amanatidis,23,Centre-Forward,1.FC K'lautern,£1.62m,in,Summer,1.62,1 Bundesliga,2005,2005/2006
Eintracht Frankfurt,Benjamin Huggel,28,Defensive Midfield,FC Basel,£720Th.,in,Summer,0.72,1 Bundesliga,2005,2005/2006
Eintracht Frankfurt,Alexander Meier,22,Second Striker,Hamburger SV,£585Th.,in,Summer,0.585,1 Bundesliga,2005,2005/2006
Eintracht Frankfurt,Christoph Preuß,23,Defensive Midfield,VfL Bochum,£450Th.,in,Summer,0.45,1 Bundesliga,2005,2005/2006
Eintracht Frankfurt,Christoph Spycher,27,Left-Back,Grasshoppers,£248Th.,in,Summer,0.248,1 Bundesliga,2005,2005/2006
Eintracht Frankfurt,Jermaine Jones,23,Defensive Midfield,Bay. Leverkusen,free transfer,in,Summer,NA,1 Bundesliga,2005,2005/2006
Eintracht Frankfurt,Francisco Copado,30,Second Striker,Unterhaching,free transfer,in,Summer,NA,1 Bundesliga,2005,2005/2006
Eintracht Frankfurt,Marko Rehmer,33,Right-Back,Hertha BSC,free transfer,in,Summer,NA,1 Bundesliga,2005,2005/2006
Eintracht Frankfurt,Du-ri Cha,24,Right-Back,Bay. Leverkusen,free transfer,in,Summer,NA,1 Bundesliga,2005,2005/2006
Eintracht Frankfurt,Mounir Chaftar,19,Left-Back,Frankfurt U19,-,in,Summer,0,1 Bundesliga,2005,2005/2006
Eintracht Frankfurt,Jan Zimmermann,20,Goalkeeper,E. Frankfurt II,-,in,Summer,0,1 Bundesliga,2005,2005/2006
Eintracht Frankfurt,Nico Frommer,27,Centre-Forward,RW Oberhausen,"End of loanJun 30, 2005",in,Summer,0,1 Bundesliga,2005,2005/2006
Eintracht Frankfurt,Torben Hoffmann,30,Centre-Back,1860 Munich,free transfer,out,Summer,NA,1 Bundesliga,2005,2005/2006
Eintracht Frankfurt,Markus Beierle,33,Centre-Forward,Darmstadt 98,free transfer,out,Summer,NA,1 Bundesliga,2005,2005/2006
Eintracht Frankfurt,Mehmet Dragusha,27,Left Midfield,SC Paderborn,free transfer,out,Summer,NA,1 Bundesliga,2005,2005/2006
Eintracht Frankfurt,Jens Keller,34,Centre-Back,Career break,-,out,Summer,0,1 Bundesliga,2005,2005/2006
Eintracht Frankfurt,Jermaine Jones,23,Defensive Midfield,Bay. Leverkusen,"End of loanJun 30, 2005",out,Summer,0,1 Bundesliga,2005,2005/2006
Eintracht Frankfurt,Du-ri Cha,24,Right-Back,Bay. Leverkusen,"End of loanJun 30, 2005",out,Summer,0,1 Bundesliga,2005,2005/2006
Eintracht Frankfurt,Alexander Meier,22,Second Striker,Hamburger SV,"End of loanJun 30, 2005",out,Summer,0,1 Bundesliga,2005,2005/2006
Eintracht Frankfurt,Andreas Menger,32,Goalkeeper,Retired,-,out,Summer,0,1 Bundesliga,2005,2005/2006
Hamburger SV,Rafael van der Vaart,22,Attacking Midfield,Ajax,£4.59m,in,Summer,4.59,1 Bundesliga,2005,2005/2006
Hamburger SV,Thimothée Atouba,23,Left-Back,Spurs,£2.25m,in,Summer,2.25,1 Bundesliga,2005,2005/2006
Hamburger SV,Mario Fillinger,20,Left Midfield,Chemnitzer FC,£90Th.,in,Summer,0.09,1 Bundesliga,2005,2005/2006
Hamburger SV,Reto Ziegler,19,Centre-Back,Spurs,Loan fee:£90Th.,in,Summer,0.09,1 Bundesliga,2005,2005/2006
Hamburger SV,Guy Demel,24,Right-Back,Bor. Dortmund,free transfer,in,Summer,NA,1 Bundesliga,2005,2005/2006
Hamburger SV,Markus Karl,19,Defensive Midfield,Greuther Fürth,free transfer,in,Summer,NA,1 Bundesliga,2005,2005/2006
Hamburger SV,Daniel Ziebig,22,Left-Back,Dynamo Dresden,free transfer,in,Summer,NA,1 Bundesliga,2005,2005/2006
Hamburger SV,Charles Takyi,20,Attacking Midfield,Hamburger SV II,-,in,Summer,0,1 Bundesliga,2005,2005/2006
Hamburger SV,Besart Berisha,19,Centre-Forward,Aalborg BK,"End of loanJun 30, 2005",in,Summer,0,1 Bundesliga,2005,2005/2006
Hamburger SV,Cristian Ledesma,26,Central Midfield,River Plate,"End of loanJul 5, 2005",in,Summer,0,1 Bundesliga,2005,2005/2006
Hamburger SV,Bernardo Romeo,27,Centre-Forward,RCD Mallorca,"End of loanJun 30, 2005",in,Summer,0,1 Bundesliga,2005,2005/2006
Hamburger SV,Alexander Meier,22,Second Striker,E. Frankfurt,"End of loanJun 30, 2005",in,Summer,0,1 Bundesliga,2005,2005/2006
Hamburger SV,Bernardo Romeo,27,Centre-Forward,CA Osasuna,£900Th.,out,Summer,0.9,1 Bundesliga,2005,2005/2006
Hamburger SV,Björn Schlicke,24,Centre-Back,1. FC Köln,£585Th.,out,Summer,0.585,1 Bundesliga,2005,2005/2006
Hamburger SV,Alexander Meier,22,Second Striker,E. Frankfurt,£585Th.,out,Summer,0.585,1 Bundesliga,2005,2005/2006
Hamburger SV,Eren Sen,20,Centre-Forward,FC Thun,free transfer,out,Summer,NA,1 Bundesliga,2005,2005/2006
Hamburger SV,Martin Pieckenhagen,33,Goalkeeper,Heracles Almelo,free transfer,out,Summer,NA,1 Bundesliga,2005,2005/2006
Hamburger SV,Besart Berisha,20,Centre-Forward,AC Horsens,loan transfer,out,Summer,NA,1 Bundesliga,2005,2005/2006
Hamburger SV,Miso Brecko,21,Right-Back,Hansa Rostock,loan transfer,out,Summer,NA,1 Bundesliga,2005,2005/2006
Hamburger SV,Cristian Ledesma,26,Central Midfield,Racing Club,loan transfer,out,Summer,NA,1 Bundesliga,2005,2005/2006
Hamburger SV,Almami Moreira,27,Attacking Midfield,Standard Liège,"End of loanJun 30, 2005",out,Summer,0,1 Bundesliga,2005,2005/2006
Hamburger SV,Jean Carlos,21,Left-Back,Feyenoord,"End of loanJun 30, 2005",out,Summer,0,1 Bundesliga,2005,2005/2006
Borussia Mönchengladbach,Wesley Sonck,26,Centre-Forward,Ajax,£2.25m,in,Summer,2.25,1 Bundesliga,2005,2005/2006
Borussia Mönchengladbach,Kahê,22,Centre-Forward,Palmeiras,£1.08m,in,Summer,1.08,1 Bundesliga,2005,2005/2006
Borussia Mönchengladbach,Kasper Bögelund,24,Right-Back,PSV Eindhoven,£900Th.,in,Summer,0.9,1 Bundesliga,2005,2005/2006
Borussia Mönchengladbach,Thomas Helveg,34,Right-Back,Norwich,£180Th.,in,Summer,0.18,1 Bundesliga,2005,2005/2006
Borussia Mönchengladbach,Krisztián Lisztes,28,Attacking Midfield,Werder Bremen,free transfer,in,Summer,NA,1 Bundesliga,2005,2005/2006
Borussia Mönchengladbach,Zé António,28,Centre-Back,Coimbra,free transfer,in,Summer,NA,1 Bundesliga,2005,2005/2006
Borussia Mönchengladbach,Hassan El Fakiri,28,Left-Back,Monaco,free transfer,in,Summer,NA,1 Bundesliga,2005,2005/2006
Borussia Mönchengladbach,Niels Oude Kamphuis,27,Defensive Midfield,FC Schalke 04,free transfer,in,Summer,NA,1 Bundesliga,2005,2005/2006
Borussia Mönchengladbach,Marvin Compper,20,Centre-Back,M'gladbach II,-,in,Summer,0,1 Bundesliga,2005,2005/2006
Borussia Mönchengladbach,Lawrence Aidoo,23,Attacking Midfield,1.FC Nuremberg,"End of loanJun 30, 2005",in,Summer,0,1 Bundesliga,2005,2005/2006
Borussia Mönchengladbach,Enrico Gaede,23,Defensive Midfield,RW Essen,"End of loanJun 30, 2005",in,Summer,0,1 Bundesliga,2005,2005/2006
Borussia Mönchengladbach,Jan Schlaudraff,21,Second Striker,Alem. Aachen,"End of loanJun 30, 2005",in,Summer,0,1 Bundesliga,2005,2005/2006
Borussia Mönchengladbach,Daniel Felgenhauer,29,Right Midfield,LR Ahlen,"End of loanJun 30, 2005",in,Summer,0,1 Bundesliga,2005,2005/2006
Borussia Mönchengladbach,Marek Heinz,28,Centre-Forward,Galatasaray,£2.03m,out,Summer,2.03,1 Bundesliga,2005,2005/2006
Borussia Mönchengladbach,Joris Van Hout,28,Centre-Back,VfL Bochum,£90Th.,out,Summer,0.09,1 Bundesliga,2005,2005/2006
Borussia Mönchengladbach,Lawrence Aidoo,23,Attacking Midfield,Energie Cottbus,free transfer,out,Summer,NA,1 Bundesliga,2005,2005/2006
Borussia Mönchengladbach,Daniel Felgenhauer,29,Right Midfield,Greuther Fürth,free transfer,out,Summer,NA,1 Bundesliga,2005,2005/2006
Borussia Mönchengladbach,Craig Moore,29,Centre-Back,Newcastle,free transfer,out,Summer,NA,1 Bundesliga,2005,2005/2006
Borussia Mönchengladbach,Bernd Korzynietz,25,Right-Back,Arm. Bielefeld,free transfer,out,Summer,NA,1 Bundesliga,2005,2005/2006
Borussia Mönchengladbach,Igor Demo,29,Central Midfield,Grazer AK,free transfer,out,Summer,NA,1 Bundesliga,2005,2005/2006
Borussia Mönchengladbach,Markus Hausweiler,29,Defensive Midfield,MSV Duisburg,free transfer,out,Summer,NA,1 Bundesliga,2005,2005/2006
Borussia Mönchengladbach,Nico Van Kerckhoven,34,Left-Back,KVC Westerlo,free transfer,out,Summer,NA,1 Bundesliga,2005,2005/2006
Borussia Mönchengladbach,Ivo Ulich,30,Central Midfield,Vissel Kobe,loan transfer,out,Summer,NA,1 Bundesliga,2005,2005/2006
Borussia Mönchengladbach,Sead Ramovic,26,Goalkeeper,K. Offenbach,loan transfer,out,Summer,NA,1 Bundesliga,2005,2005/2006
Borussia Mönchengladbach,Enrico Gaede,23,Defensive Midfield,Hansa Rostock,£45Th.,out,Summer,0.045,1 Bundesliga,2005,2005/2006
Borussia Mönchengladbach,Jan Schlaudraff,21,Second Striker,Alem. Aachen,?,out,Summer,NA,1 Bundesliga,2005,2005/2006
Borussia Mönchengladbach,Max Eberl,31,Right-Back,Retired,-,out,Summer,0,1 Bundesliga,2005,2005/2006
Borussia Mönchengladbach,Wesley Sonck,26,Centre-Forward,Ajax,"End of loanJun 30, 2005",out,Summer,0,1 Bundesliga,2005,2005/2006
Hannover 96,Thomas Brdaric,30,Centre-Forward,VfL Wolfsburg,£1.62m,in,Summer,1.62,1 Bundesliga,2005,2005/2006
Hannover 96,Vahid Hashemian,28,Centre-Forward,FC Bayern,£1.17m,in,Summer,1.17,1 Bundesliga,2005,2005/2006
Hannover 96,Hanno Balitsch,24,Defensive Midfield,1.FSV Mainz 05,£900Th.,in,Summer,0.9,1 Bundesliga,2005,2005/2006
Hannover 96,Chavdar Yankov,21,Central Midfield,Slavia Sofia,Loan fee:£900Th.,in,Summer,0.9,1 Bundesliga,2005,2005/2006
Hannover 96,Michael Delura,20,Right Winger,FC Schalke 04,Loan fee:£90Th.,in,Summer,0.09,1 Bundesliga,2005,2005/2006
Hannover 96,Johannes Dietwald,20,Defensive Midfield,Hannover 96 II,-,in,Summer,0,1 Bundesliga,2005,2005/2006
Hannover 96,Hendrik Hahne,19,Attacking Midfield,Hannover 96 U19,-,in,Summer,0,1 Bundesliga,2005,2005/2006
Hannover 96,Morten Jensen,17,Goalkeeper,Hannover 96 U19,-,in,Summer,0,1 Bundesliga,2005,2005/2006
Hannover 96,Jan Rosenthal,19,Second Striker,Hannover 96 U19,-,in,Summer,0,1 Bundesliga,2005,2005/2006
Hannover 96,Mohamadou Idrissou,25,Centre-Forward,SM Caen,"End of loanJun 30, 2005",in,Summer,0,1 Bundesliga,2005,2005/2006
Hannover 96,Ricardo Sousa,26,Attacking Midfield,De Graafschap,"End of loanJun 30, 2005",in,Summer,0,1 Bundesliga,2005,2005/2006
Hannover 96,Stanko Svitlica,29,Centre-Forward,LR Ahlen,"End of loanJun 30, 2005",in,Summer,0,1 Bundesliga,2005,2005/2006
Hannover 96,Leandro,30,Centre-Forward,Grasshoppers,£270Th.,out,Summer,0.27,1 Bundesliga,2005,2005/2006
Hannover 96,Vladimir But,27,Attacking Midfield,Shinnik,free transfer,out,Summer,NA,1 Bundesliga,2005,2005/2006
Hannover 96,Gürman Agac,22,Centre-Back,Kickers Emden,free transfer,out,Summer,NA,1 Bundesliga,2005,2005/2006
Hannover 96,Jiri Kaufman,25,Centre-Forward,Karlsruher SC,free transfer,out,Summer,NA,1 Bundesliga,2005,2005/2006
Hannover 96,Nebojsa Krupnikovic,31,Attacking Midfield,Arm. Bielefeld,free transfer,out,Summer,NA,1 Bundesliga,2005,2005/2006
Hannover 96,Julian de Guzmán,24,Defensive Midfield,Dep. La Coruña,free transfer,out,Summer,NA,1 Bundesliga,2005,2005/2006
Hannover 96,Stanko Svitlica,29,Centre-Forward,LR Ahlen,free transfer,out,Summer,NA,1 Bundesliga,2005,2005/2006
Hannover 96,Danijel Stefulj,32,Right-Back,SC Paderborn,free transfer,out,Summer,NA,1 Bundesliga,2005,2005/2006
Hannover 96,Daniel Haas,21,Goalkeeper,TSG Hoffenheim,loan transfer,out,Summer,NA,1 Bundesliga,2005,2005/2006
Hannover 96,Denis Wolf,22,Attacking Midfield,F. Düsseldorf,loan transfer,out,Summer,NA,1 Bundesliga,2005,2005/2006
Hannover 96,Roman Wallner,23,Centre-Forward,Admira Wacker,loan transfer,out,Summer,NA,1 Bundesliga,2005,2005/2006
Hannover 96,Dame Diouf,27,Centre-Back,Without Club,-,out,Summer,0,1 Bundesliga,2005,2005/2006
Hannover 96,Markus Schinner,24,Left Midfield,Hannover 96 II,-,out,Summer,0,1 Bundesliga,2005,2005/2006
Hannover 96,Tranquillo Barnetta,20,Attacking Midfield,Bay. Leverkusen,"End of loanJun 30, 2005",out,Summer,0,1 Bundesliga,2005,2005/2006
Hannover 96,Veljko Paunovic,27,Centre-Forward,Atlético Madrid,"End of loanJun 30, 2005",out,Summer,0,1 Bundesliga,2005,2005/2006
Hannover 96,Thomas Schneider,32,Centre-Back,Retired,-,out,Summer,0,1 Bundesliga,2005,2005/2006
1.FC Nuremberg,Jan Polak,24,Defensive Midfield,Slovan Liberec,£1.35m,in,Summer,1.35,1 Bundesliga,2005,2005/2006
1.FC Nuremberg,Javier Pinola,22,Centre-Back,Atlético Madrid,Loan fee:£270Th.,in,Summer,0.27,1 Bundesliga,2005,2005/2006
1.FC Nuremberg,Benjamin Lense,26,Right-Back,Arm. Bielefeld,free transfer,in,Summer,NA,1 Bundesliga,2005,2005/2006
1.FC Nuremberg,Ivan Saenko,21,Right Winger,Karlsruher SC,free transfer,in,Summer,NA,1 Bundesliga,2005,2005/2006
1.FC Nuremberg,Jaouhar Mnari,28,Defensive Midfield,Esperance,free transfer,in,Summer,NA,1 Bundesliga,2005,2005/2006
1.FC Nuremberg,Adel Chedli,28,Central Midfield,FC Istres,free transfer,in,Summer,NA,1 Bundesliga,2005,2005/2006
1.FC Nuremberg,Chhunly Pagenburg,18,Centre-Forward,Nürnberg U19,-,in,Summer,0,1 Bundesliga,2005,2005/2006
1.FC Nuremberg,Marcel Ketelaer,27,Left Midfield,LR Ahlen,£63Th.,out,Summer,0.063,1 Bundesliga,2005,2005/2006
1.FC Nuremberg,Tigrao,22,defence,Prudentópolis,free transfer,out,Summer,NA,1 Bundesliga,2005,2005/2006
1.FC Nuremberg,Tommy Svindal Larsen,31,Defensive Midfield,Odd Grenland,free transfer,out,Summer,NA,1 Bundesliga,2005,2005/2006
1.FC Nuremberg,Dirk Langerbein,33,Goalkeeper,RW Essen,free transfer,out,Summer,NA,1 Bundesliga,2005,2005/2006
1.FC Nuremberg,Tomasz Hajto,32,Centre-Back,Southampton,free transfer,out,Summer,NA,1 Bundesliga,2005,2005/2006
1.FC Nuremberg,Frank Wiblishauser,27,Left-Back,FC St. Gallen,free transfer,out,Summer,NA,1 Bundesliga,2005,2005/2006
1.FC Nuremberg,Pekka Lagerblom,22,Defensive Midfield,Werder Bremen,"End of loanJun 30, 2005",out,Summer,0,1 Bundesliga,2005,2005/2006
1.FC Nuremberg,Lawrence Aidoo,23,Attacking Midfield,Bor. M'gladbach,"End of loanJun 30, 2005",out,Summer,0,1 Bundesliga,2005,2005/2006
VfL Wolfsburg,Mike Hanke,21,Centre-Forward,FC Schalke 04,£3.60m,in,Summer,3.6,1 Bundesliga,2005,2005/2006
VfL Wolfsburg,Alex,25,Right-Back,Benfica,£1.62m,in,Summer,1.62,1 Bundesliga,2005,2005/2006
VfL Wolfsburg,Matthias Langkamp,21,Centre-Back,Arm. Bielefeld,£1.17m,in,Summer,1.17,1 Bundesliga,2005,2005/2006
VfL Wolfsburg,Abuda,19,Centre-Forward,Corinthians,£248Th.,in,Summer,0.248,1 Bundesliga,2005,2005/2006
VfL Wolfsburg,Levan Tskitishvili,28,Left Midfield,Metalurg D.,£225Th.,in,Summer,0.225,1 Bundesliga,2005,2005/2006
VfL Wolfsburg,Bojan Neziri,23,Left-Back,Metalurg D.,Loan fee:£135Th.,in,Summer,0.135,1 Bundesliga,2005,2005/2006
VfL Wolfsburg,Steve Marlet,31,Centre-Forward,Fulham,free transfer,in,Summer,NA,1 Bundesliga,2005,2005/2006
VfL Wolfsburg,Peter Van der Heyden,28,Left-Back,Club Brugge,free transfer,in,Summer,NA,1 Bundesliga,2005,2005/2006
VfL Wolfsburg,Christopher Lamprecht,20,Right-Back,Wolfsburg II,-,in,Summer,0,1 Bundesliga,2005,2005/2006
VfL Wolfsburg,Cédric Makiadi,21,Central Midfield,Wolfsburg II,-,in,Summer,0,1 Bundesliga,2005,2005/2006
VfL Wolfsburg,Albert Streit,25,Right Winger,1. FC Köln,"End of loanJun 30, 2005",in,Summer,0,1 Bundesliga,2005,2005/2006
VfL Wolfsburg,Martin Petrov,26,Left Winger,Atlético Madrid,£9.00m,out,Summer,9,1 Bundesliga,2005,2005/2006
VfL Wolfsburg,Thomas Brdaric,30,Centre-Forward,Hannover 96,£1.62m,out,Summer,1.62,1 Bundesliga,2005,2005/2006
VfL Wolfsburg,Albert Streit,25,Right Winger,1. FC Köln,£450Th.,out,Summer,0.45,1 Bundesliga,2005,2005/2006
VfL Wolfsburg,Thomas Rytter,31,Right-Back,Bröndby IF,£450Th.,out,Summer,0.45,1 Bundesliga,2005,2005/2006
VfL Wolfsburg,Marko Topic,29,Centre-Forward,KS Samara,free transfer,out,Summer,NA,1 Bundesliga,2005,2005/2006
VfL Wolfsburg,Patrick Weiser,33,Left-Back,1. FC Köln,free transfer,out,Summer,NA,1 Bundesliga,2005,2005/2006
VfL Wolfsburg,Tomislav Maric,32,Centre-Forward,Urawa Reds,free transfer,out,Summer,NA,1 Bundesliga,2005,2005/2006
VfL Wolfsburg,Marino Biliskov,29,Centre-Back,MSV Duisburg,free transfer,out,Summer,NA,1 Bundesliga,2005,2005/2006
VfL Wolfsburg,Nderim Nedzipi,21,Attacking Midfield,FC Shkupi,"End of loanJun 30, 2005",out,Summer,0,1 Bundesliga,2005,2005/2006
VfL Wolfsburg,Roy Präger,33,Centre-Forward,Career break,-,out,Summer,0,1 Bundesliga,2005,2005/2006
1.FC Kaiserslautern,Boubacar Sanogo,22,Centre-Forward,Al-Ain FC,£450Th.,in,Summer,0.45,1 Bundesliga,2005,2005/2006
1.FC Kaiserslautern,Berkant Göktan,24,Centre-Forward,Besiktas,£90Th.,in,Summer,0.09,1 Bundesliga,2005,2005/2006
1.FC Kaiserslautern,Ervin Skela,28,Attacking Midfield,Arm. Bielefeld,free transfer,in,Summer,NA,1 Bundesliga,2005,2005/2006
1.FC Kaiserslautern,Axel Bellinghausen,22,Left Midfield,F. Düsseldorf,free transfer,in,Summer,NA,1 Bundesliga,2005,2005/2006
1.FC Kaiserslautern,Fabian Schönheim,18,Centre-Back,K'lautern U19,-,in,Summer,0,1 Bundesliga,2005,2005/2006
1.FC Kaiserslautern,Marcelo Pletsch,29,Centre-Back,Without Club,-,in,Summer,0,1 Bundesliga,2005,2005/2006
1.FC Kaiserslautern,Daniel Damm,23,Defensive Midfield,K'lautern II,-,in,Summer,0,1 Bundesliga,2005,2005/2006
1.FC Kaiserslautern,Florian Fromlowitz,18,Goalkeeper,K'lautern II,-,in,Summer,0,1 Bundesliga,2005,2005/2006
1.FC Kaiserslautern,Lucién Mettomo,29,Centre-Back,K. Erciyesspor,"End of loanMay 23, 2006",in,Summer,0,1 Bundesliga,2005,2005/2006
1.FC Kaiserslautern,Torsten Reuter,22,Defensive Midfield,Saarbrücken,"End of loanJun 30, 2005",in,Summer,0,1 Bundesliga,2005,2005/2006
1.FC Kaiserslautern,Ioannis Amanatidis,23,Centre-Forward,E. Frankfurt,£1.62m,out,Summer,1.62,1 Bundesliga,2005,2005/2006
1.FC Kaiserslautern,Tim Wiese,23,Goalkeeper,Werder Bremen,free transfer,out,Summer,NA,1 Bundesliga,2005,2005/2006
1.FC Kaiserslautern,Dimitrios Grammozis,26,Defensive Midfield,1. FC Köln,free transfer,out,Summer,NA,1 Bundesliga,2005,2005/2006
1.FC Kaiserslautern,Carsten Jancker,31,Centre-Forward,SH Shenhua SVA,free transfer,out,Summer,NA,1 Bundesliga,2005,2005/2006
1.FC Kaiserslautern,Mika Nurmela,33,Right Midfield,HJK Helsinki,free transfer,out,Summer,NA,1 Bundesliga,2005,2005/2006
1.FC Kaiserslautern,Bill Tchato,30,Left-Back,OGC Nice,free transfer,out,Summer,NA,1 Bundesliga,2005,2005/2006
1.FC Kaiserslautern,Patrick Wittich,22,Defensive Midfield,SV Wehen,free transfer,out,Summer,NA,1 Bundesliga,2005,2005/2006
1.FC Kaiserslautern,Selim Teber,24,Central Midfield,Denizlispor,?,out,Summer,NA,1 Bundesliga,2005,2005/2006
1.FC Kaiserslautern,Jürgen Gjasula,19,Defensive Midfield,FC St. Gallen,loan transfer,out,Summer,NA,1 Bundesliga,2005,2005/2006
1.FC Kaiserslautern,Hany Ramzy,36,Centre-Back,Without Club,-,out,Summer,0,1 Bundesliga,2005,2005/2006
1.FC Kaiserslautern,Kamil Kosowski,27,Left Midfield,Wisla Kraków,"End of loanJun 30, 2005",out,Summer,0,1 Bundesliga,2005,2005/2006
VfB Stuttgart,Jon Dahl Tomasson,28,Centre-Forward,AC Milan,£6.75m,in,Summer,6.75,1 Bundesliga,2005,2005/2006
VfB Stuttgart,Jesper Grönkjaer,27,Left Winger,Atlético Madrid,£2.70m,in,Summer,2.7,1 Bundesliga,2005,2005/2006
VfB Stuttgart,Daniel Bierofka,26,Left Midfield,Bay. Leverkusen,£540Th.,in,Summer,0.54,1 Bundesliga,2005,2005/2006
VfB Stuttgart,Mario Carevic,23,Left Midfield,Ittihad,£225Th.,in,Summer,0.225,1 Bundesliga,2005,2005/2006
VfB Stuttgart,Danijel Ljuboja,26,Centre-Forward,Paris SG,Loan fee:£180Th.,in,Summer,0.18,1 Bundesliga,2005,2005/2006
VfB Stuttgart,Thomas Hitzlsperger,23,Central Midfield,Aston Villa,free transfer,in,Summer,NA,1 Bundesliga,2005,2005/2006
VfB Stuttgart,Ludovic Magnin,26,Left-Back,Werder Bremen,free transfer,in,Summer,NA,1 Bundesliga,2005,2005/2006
VfB Stuttgart,Mario Gómez,19,Centre-Forward,Stuttgart II,-,in,Summer,0,1 Bundesliga,2005,2005/2006
VfB Stuttgart,Christian Gentner,19,Central Midfield,Stuttgart II,-,in,Summer,0,1 Bundesliga,2005,2005/2006
VfB Stuttgart,Hakan Yakin,28,Attacking Midfield,Galatasaray,"End of loanJun 30, 2005",in,Summer,0,1 Bundesliga,2005,2005/2006
VfB Stuttgart,Tobias Rathgeb,23,Defensive Midfield,FC St. Gallen,"End of loanJun 30, 2005",in,Summer,0,1 Bundesliga,2005,2005/2006
VfB Stuttgart,Aleksandr Hleb,24,Attacking Midfield,Arsenal,£13.50m,out,Summer,13.5,1 Bundesliga,2005,2005/2006
VfB Stuttgart,Kevin Kuranyi,23,Centre-Forward,FC Schalke 04,£6.21m,out,Summer,6.21,1 Bundesliga,2005,2005/2006
VfB Stuttgart,Hakan Yakin,28,Attacking Midfield,BSC Young Boys,£900Th.,out,Summer,0.9,1 Bundesliga,2005,2005/2006
VfB Stuttgart,Imre Szabics,24,Second Striker,1. FC Köln,£450Th.,out,Summer,0.45,1 Bundesliga,2005,2005/2006
VfB Stuttgart,Jurica Vranjes,25,Defensive Midfield,Werder Bremen,free transfer,out,Summer,NA,1 Bundesliga,2005,2005/2006
VfB Stuttgart,Diego Benaglio,21,Goalkeeper,Nacional,free transfer,out,Summer,NA,1 Bundesliga,2005,2005/2006
VfB Stuttgart,Steffen Dangelmayr,26,Centre-Back,Stuttgart II,-,out,Summer,0,1 Bundesliga,2005,2005/2006
VfB Stuttgart,Denis Berger,22,Left Midfield,Stuttgart II,-,out,Summer,0,1 Bundesliga,2005,2005/2006
VfB Stuttgart,Philipp Lahm,21,Right-Back,FC Bayern,"End of loanJun 30, 2005",out,Summer,0,1 Bundesliga,2005,2005/2006
Arminia Bielefeld,Sibusiso Zuma,30,Centre-Forward,FC Copenhagen,£720Th.,in,Summer,0.72,1 Bundesliga,2005,2005/2006
Arminia Bielefeld,Tobias Rau,23,Left-Back,FC Bayern,£675Th.,in,Summer,0.675,1 Bundesliga,2005,2005/2006
Arminia Bielefeld,Heiko Westermann,21,Centre-Back,Greuther Fürth,£630Th.,in,Summer,0.63,1 Bundesliga,2005,2005/2006
Arminia Bielefeld,David Kobylik,24,Central Midfield,Sigma Olomouc,£315Th.,in,Summer,0.315,1 Bundesliga,2005,2005/2006
Arminia Bielefeld,Radim Kucera,31,Centre-Back,Sigma Olomouc,£270Th.,in,Summer,0.27,1 Bundesliga,2005,2005/2006
Arminia Bielefeld,Christian Schwegler,21,Right-Back,FC Luzern,£45Th.,in,Summer,0.045,1 Bundesliga,2005,2005/2006
Arminia Bielefeld,Bernd Korzynietz,25,Right-Back,Bor. M'gladbach,free transfer,in,Summer,NA,1 Bundesliga,2005,2005/2006
Arminia Bielefeld,Nebojsa Krupnikovic,31,Attacking Midfield,Hannover 96,free transfer,in,Summer,NA,1 Bundesliga,2005,2005/2006
Arminia Bielefeld,Heiner Backhaus,23,Defensive Midfield,A. Bielefeld II,-,in,Summer,0,1 Bundesliga,2005,2005/2006
Arminia Bielefeld,Pascal Formann,22,Goalkeeper,Without Club,-,in,Summer,0,1 Bundesliga,2005,2005/2006
Arminia Bielefeld,Patrick Owomoyela,25,Right-Back,Werder Bremen,£1.80m,out,Summer,1.8,1 Bundesliga,2005,2005/2006
Arminia Bielefeld,Matthias Langkamp,21,Centre-Back,VfL Wolfsburg,£1.17m,out,Summer,1.17,1 Bundesliga,2005,2005/2006
Arminia Bielefeld,Delron Buckley,27,Left Winger,Bor. Dortmund,£383Th.,out,Summer,0.383,1 Bundesliga,2005,2005/2006
Arminia Bielefeld,Benjamin Lense,26,Right-Back,1.FC Nuremberg,free transfer,out,Summer,NA,1 Bundesliga,2005,2005/2006
Arminia Bielefeld,Bernd Rauw,25,Centre-Back,Alem. Aachen,free transfer,out,Summer,NA,1 Bundesliga,2005,2005/2006
Arminia Bielefeld,Ervin Skela,28,Attacking Midfield,1.FC K'lautern,free transfer,out,Summer,NA,1 Bundesliga,2005,2005/2006
Arminia Bielefeld,Klodian Duro,27,Attacking Midfield,KF Tirana,free transfer,out,Summer,NA,1 Bundesliga,2005,2005/2006
Arminia Bielefeld,Ronny Kockel,29,Goalkeeper,Olympiakos N.,free transfer,out,Summer,NA,1 Bundesliga,2005,2005/2006
Arminia Bielefeld,Philipp Heithölter,22,Left Midfield,Holstein Kiel,free transfer,out,Summer,NA,1 Bundesliga,2005,2005/2006
Arminia Bielefeld,Daniel Bogusz,30,Centre-Back,Spfr. Siegen,free transfer,out,Summer,NA,1 Bundesliga,2005,2005/2006
Arminia Bielefeld,Finn Holsing,21,Right-Back,E. Braunschweig,loan transfer,out,Summer,NA,1 Bundesliga,2005,2005/2006
Arminia Bielefeld,Renato Bernardi Bauer,27,midfield,A. Bielefeld II,-,out,Summer,0,1 Bundesliga,2005,2005/2006
Arminia Bielefeld,Vanco Trajanov,26,Defensive Midfield,A. Bielefeld II,-,out,Summer,0,1 Bundesliga,2005,2005/2006
Arminia Bielefeld,Tomasz Wisio,23,Centre-Back,FC Pasching,"End of loanJun 30, 2005",out,Summer,0,1 Bundesliga,2005,2005/2006
Arminia Bielefeld,Claudiu Raducanu,28,Centre-Forward,Espanyol,"End of loanJun 30, 2005",out,Summer,0,1 Bundesliga,2005,2005/2006
1.FSV Mainz 05,Tom Geißler,21,Central Midfield,W. Burghausen,£225Th.,in,Summer,0.225,1 Bundesliga,2005,2005/2006
1.FSV Mainz 05,Mohamed Zidan,23,Second Striker,Werder Bremen,Loan fee:£180Th.,in,Summer,0.18,1 Bundesliga,2005,2005/2006
1.FSV Mainz 05,Petr Ruman,28,Attacking Midfield,Greuther Fürth,£135Th.,in,Summer,0.135,1 Bundesliga,2005,2005/2006
1.FSV Mainz 05,Rômulo,23,Centre-Forward,Ituano,Loan fee:£135Th.,in,Summer,0.135,1 Bundesliga,2005,2005/2006
1.FSV Mainz 05,Milorad Pekovic,27,Defensive Midfield,Eintracht Trier,free transfer,in,Summer,NA,1 Bundesliga,2005,2005/2006
1.FSV Mainz 05,Otto Addo,30,Attacking Midfield,Bor. Dortmund,free transfer,in,Summer,NA,1 Bundesliga,2005,2005/2006
1.FSV Mainz 05,Stefan Markolf,21,Left-Back,FSV Mainz 05 II,-,in,Summer,0,1 Bundesliga,2005,2005/2006
1.FSV Mainz 05,Christian Demirtas,21,Right-Back,FSV Mainz 05 II,-,in,Summer,0,1 Bundesliga,2005,2005/2006
1.FSV Mainz 05,Markus Dworrak,27,Left Winger,Rot-Weiß Erfurt,"End of loanJun 30, 2005",in,Summer,0,1 Bundesliga,2005,2005/2006
1.FSV Mainz 05,Hanno Balitsch,24,Defensive Midfield,Hannover 96,£900Th.,out,Summer,0.9,1 Bundesliga,2005,2005/2006
1.FSV Mainz 05,Claudius Weber,27,Centre-Forward,SV Wehen,Loan fee:£270Th.,out,Summer,0.27,1 Bundesliga,2005,2005/2006
1.FSV Mainz 05,Christoph Teinert,25,Centre-Forward,Unterhaching,free transfer,out,Summer,NA,1 Bundesliga,2005,2005/2006
1.FSV Mainz 05,Michael Falkenmayer,22,Defensive Midfield,Eintracht Trier,free transfer,out,Summer,NA,1 Bundesliga,2005,2005/2006
1.FSV Mainz 05,Jürgen Kramny,33,Right Midfield,Darmstadt 98,free transfer,out,Summer,NA,1 Bundesliga,2005,2005/2006
1.FSV Mainz 05,Sven Hoffmeister,34,Goalkeeper,Kickers Emden,free transfer,out,Summer,NA,1 Bundesliga,2005,2005/2006
1.FSV Mainz 05,Marco Walker,35,Centre-Back,BSC Old Boys,free transfer,out,Summer,NA,1 Bundesliga,2005,2005/2006
1.FSV Mainz 05,Markus Dworrak,27,Left Winger,Energie Cottbus,£36Th.,out,Summer,0.036,1 Bundesliga,2005,2005/2006
1.FSV Mainz 05,Robert Nikolic,36,Right-Back,Retired,-,out,Summer,0,1 Bundesliga,2005,2005/2006
SV Werder Bremen,Torsten Frings,28,Defensive Midfield,FC Bayern,£4.50m,in,Summer,4.5,1 Bundesliga,2005,2005/2006
SV Werder Bremen,Mohamed Zidan,23,Second Striker,FC Midtjylland,£2.70m,in,Summer,2.7,1 Bundesliga,2005,2005/2006
SV Werder Bremen,Naldo,22,Centre-Back,Juventude,£2.16m,in,Summer,2.16,1 Bundesliga,2005,2005/2006
SV Werder Bremen,Patrick Owomoyela,25,Right-Back,Arm. Bielefeld,£1.80m,in,Summer,1.8,1 Bundesliga,2005,2005/2006
SV Werder Bremen,Leon Andreasen,22,Central Midfield,Aarhus GF,£1.35m,in,Summer,1.35,1 Bundesliga,2005,2005/2006
SV Werder Bremen,Jelle Van Damme,21,Centre-Back,Southampton,Loan fee:£293Th.,in,Summer,0.293,1 Bundesliga,2005,2005/2006
SV Werder Bremen,Christian Vander,24,Goalkeeper,VfL Bochum,Loan fee:£54Th.,in,Summer,0.054,1 Bundesliga,2005,2005/2006
SV Werder Bremen,Jurica Vranjes,25,Defensive Midfield,VfB Stuttgart,free transfer,in,Summer,NA,1 Bundesliga,2005,2005/2006
SV Werder Bremen,Tim Wiese,23,Goalkeeper,1.FC K'lautern,free transfer,in,Summer,NA,1 Bundesliga,2005,2005/2006
SV Werder Bremen,Kasper Jensen,22,Goalkeeper,W. Bremen II,-,in,Summer,0,1 Bundesliga,2005,2005/2006
SV Werder Bremen,Francis Banecki,19,Centre-Back,W. Bremen II,-,in,Summer,0,1 Bundesliga,2005,2005/2006
SV Werder Bremen,Gustavo Nery,27,Left-Back,Corinthians,"End of loanJun 30, 2005",in,Summer,0,1 Bundesliga,2005,2005/2006
SV Werder Bremen,Pekka Lagerblom,22,Defensive Midfield,1.FC Nuremberg,"End of loanJun 30, 2005",in,Summer,0,1 Bundesliga,2005,2005/2006
SV Werder Bremen,Valérien Ismaël,29,Centre-Back,FC Bayern,£7.65m,out,Summer,7.65,1 Bundesliga,2005,2005/2006
SV Werder Bremen,Gustavo Nery,27,Left-Back,Corinthians,£1.98m,out,Summer,1.98,1 Bundesliga,2005,2005/2006
SV Werder Bremen,Mohamed Zidan,23,Second Striker,1.FSV Mainz 05,Loan fee:£180Th.,out,Summer,0.18,1 Bundesliga,2005,2005/2006
SV Werder Bremen,Ludovic Magnin,26,Left-Back,VfB Stuttgart,free transfer,out,Summer,NA,1 Bundesliga,2005,2005/2006
SV Werder Bremen,Paul Stalteri,27,Right-Back,Spurs,free transfer,out,Summer,NA,1 Bundesliga,2005,2005/2006
SV Werder Bremen,Krisztián Lisztes,28,Attacking Midfield,Bor. M'gladbach,free transfer,out,Summer,NA,1 Bundesliga,2005,2005/2006
SV Werder Bremen,Pascal Borel,26,Goalkeeper,LR Ahlen,free transfer,out,Summer,NA,1 Bundesliga,2005,2005/2006
SV Werder Bremen,Fabian Ernst,26,Defensive Midfield,FC Schalke 04,free transfer,out,Summer,NA,1 Bundesliga,2005,2005/2006
SV Werder Bremen,Mohamed Zidan,23,Second Striker,FC Midtjylland,"End of loanJun 30, 2005",out,Summer,0,1 Bundesliga,2005,2005/2006
1. FC Köln,Peter Madsen,27,Centre-Forward,VfL Bochum,£1.26m,in,Summer,1.26,1 Bundesliga,2005,2005/2006
1. FC Köln,Björn Schlicke,24,Centre-Back,Hamburger SV,£585Th.,in,Summer,0.585,1 Bundesliga,2005,2005/2006
1. FC Köln,Albert Streit,25,Right Winger,VfL Wolfsburg,£450Th.,in,Summer,0.45,1 Bundesliga,2005,2005/2006
1. FC Köln,Imre Szabics,24,Second Striker,VfB Stuttgart,£450Th.,in,Summer,0.45,1 Bundesliga,2005,2005/2006
1. FC Köln,Anthony Lurling,28,Attacking Midfield,Feyenoord,£270Th.,in,Summer,0.27,1 Bundesliga,2005,2005/2006
1. FC Köln,Youssef Mokhtari,26,Attacking Midfield,Energie Cottbus,Loan fee:£225Th.,in,Summer,0.225,1 Bundesliga,2005,2005/2006
1. FC Köln,Patrick Helmes,21,Centre-Forward,Spfr. Siegen,£180Th.,in,Summer,0.18,1 Bundesliga,2005,2005/2006
1. FC Köln,Timo Achenbach,22,Left-Back,B. Dortmund II,£90Th.,in,Summer,0.09,1 Bundesliga,2005,2005/2006
1. FC Köln,Marvin Matip,19,Centre-Back,VfL Bochum II,free transfer,in,Summer,NA,1 Bundesliga,2005,2005/2006
1. FC Köln,Patrick Weiser,33,Left-Back,VfL Wolfsburg,free transfer,in,Summer,NA,1 Bundesliga,2005,2005/2006
1. FC Köln,Dimitrios Grammozis,26,Defensive Midfield,1.FC K'lautern,free transfer,in,Summer,NA,1 Bundesliga,2005,2005/2006
1. FC Köln,Alpay Özalan,32,Centre-Back,Without Club,-,in,Summer,0,1 Bundesliga,2005,2005/2006
1. FC Köln,Tobias Nickenig,20,Centre-Back,1.FC Köln II,-,in,Summer,0,1 Bundesliga,2005,2005/2006
1. FC Köln,Marius Ebbers,27,Centre-Forward,Alem. Aachen,£270Th.,out,Summer,0.27,1 Bundesliga,2005,2005/2006
1. FC Köln,Timo Achenbach,22,Left-Back,Greuther Fürth,£90Th.,out,Summer,0.09,1 Bundesliga,2005,2005/2006
1. FC Köln,Attila Tököli,29,Centre-Forward,Anorthosis,free transfer,out,Summer,NA,1 Bundesliga,2005,2005/2006
1. FC Köln,Konstantinos Konstantinidis,32,Centre-Back,OFI Crete FC,free transfer,out,Summer,NA,1 Bundesliga,2005,2005/2006
1. FC Köln,Fábio Bilica,26,Centre-Back,Santos FC,free transfer,out,Summer,NA,1 Bundesliga,2005,2005/2006
1. FC Köln,Michael Lejan,22,Defensive Midfield,Wuppertaler SV,free transfer,out,Summer,NA,1 Bundesliga,2005,2005/2006
1. FC Köln,Alexander Voigt,27,Left-Back,Roda JC,free transfer,out,Summer,NA,1 Bundesliga,2005,2005/2006
1. FC Köln,Michael Niedrig,25,Central Midfield,Holstein Kiel,free transfer,out,Summer,NA,1 Bundesliga,2005,2005/2006
1. FC Köln,Giovanni Federico,24,Attacking Midfield,Karlsruher SC,free transfer,out,Summer,NA,1 Bundesliga,2005,2005/2006
1. FC Köln,Thomas Bröker,20,Centre-Forward,Dynamo Dresden,loan transfer,out,Summer,NA,1 Bundesliga,2005,2005/2006
1. FC Köln,Vasilios Tsiartas,32,Attacking Midfield,Career break,-,out,Summer,0,1 Bundesliga,2005,2005/2006
1. FC Köln,Albert Streit,25,Right Winger,VfL Wolfsburg,"End of loanJun 30, 2005",out,Summer,0,1 Bundesliga,2005,2005/2006
1. FC Köln,Timo Achenbach,22,Left-Back,B. Dortmund II,"End of loanJun 30, 2005",out,Summer,0,1 Bundesliga,2005,2005/2006
MSV Duisburg,Klemen Lavric,24,Centre-Forward,Dynamo Dresden,£900Th.,in,Summer,0.9,1 Bundesliga,2005,2005/2006
MSV Duisburg,André Poggenborg,21,Goalkeeper,Preußen Münster,free transfer,in,Summer,NA,1 Bundesliga,2005,2005/2006
MSV Duisburg,Marino Biliskov,29,Centre-Back,VfL Wolfsburg,free transfer,in,Summer,NA,1 Bundesliga,2005,2005/2006
MSV Duisburg,Uwe Möhrle,25,Centre-Back,Hansa Rostock,free transfer,in,Summer,NA,1 Bundesliga,2005,2005/2006
MSV Duisburg,Kai Michalke,29,Left Winger,Alem. Aachen,free transfer,in,Summer,NA,1 Bundesliga,2005,2005/2006
MSV Duisburg,Tobias Willi,25,Right-Back,SC Freiburg,free transfer,in,Summer,NA,1 Bundesliga,2005,2005/2006
MSV Duisburg,Mike Rietpietsch,31,Right Midfield,RW Oberhausen,free transfer,in,Summer,NA,1 Bundesliga,2005,2005/2006
MSV Duisburg,Markus Hausweiler,29,Defensive Midfield,Bor. M'gladbach,free transfer,in,Summer,NA,1 Bundesliga,2005,2005/2006
MSV Duisburg,Razundara Tjikuzu,25,Defensive Midfield,Hansa Rostock,free transfer,in,Summer,NA,1 Bundesliga,2005,2005/2006
MSV Duisburg,Adam Bodzek,19,Defensive Midfield,MSV Duisburg II,-,in,Summer,0,1 Bundesliga,2005,2005/2006
MSV Duisburg,Rafael Kazior,22,Centre-Forward,W. Burghausen,"End of loanJun 30, 2005",in,Summer,0,1 Bundesliga,2005,2005/2006
MSV Duisburg,Pavel Drsek,28,Centre-Back,VfL Bochum,free transfer,out,Summer,NA,1 Bundesliga,2005,2005/2006
MSV Duisburg,Sebastian Michalsky,21,Defensive Midfield,Wuppertaler SV,free transfer,out,Summer,NA,1 Bundesliga,2005,2005/2006
MSV Duisburg,Marco Manske,22,Left-Back,Karlsruhe II,free transfer,out,Summer,NA,1 Bundesliga,2005,2005/2006
MSV Duisburg,Rafael Kazior,22,Centre-Forward,W. Burghausen,free transfer,out,Summer,NA,1 Bundesliga,2005,2005/2006
MSV Duisburg,Holger Wehlage,28,Right Midfield,RW Essen,free transfer,out,Summer,NA,1 Bundesliga,2005,2005/2006
MSV Duisburg,Benjamin Kruse,27,Centre-Back,ASV Bergedorf,free transfer,out,Summer,NA,1 Bundesliga,2005,2005/2006
MSV Duisburg,Miroslaw Spizak,26,Centre-Forward,Spfr. Siegen,free transfer,out,Summer,NA,1 Bundesliga,2005,2005/2006
MSV Duisburg,Dietmar Hirsch,33,Defensive Midfield,VfB Lübeck,free transfer,out,Summer,NA,1 Bundesliga,2005,2005/2006
MSV Duisburg,Rob Maas,35,Defensive Midfield,Heracles Almelo,free transfer,out,Summer,NA,1 Bundesliga,2005,2005/2006
MSV Duisburg,Serjão,29,Centre-Back,Ituano,"End of loanJul 1, 2005",out,Summer,0,1 Bundesliga,2005,2005/2006
Hertha BSC,Marko Pantelic,26,Centre-Forward,Red Star,Loan fee:£225Th.,in,Summer,0.225,1 Bundesliga,2005,2005/2006
Hertha BSC,Ellery Cairo,26,Right Winger,SC Freiburg,£158Th.,in,Summer,0.158,1 Bundesliga,2005,2005/2006
Hertha BSC,Kevin Stuhr-Ellegaard,22,Goalkeeper,Man City,free transfer,in,Summer,NA,1 Bundesliga,2005,2005/2006
Hertha BSC,Pascal Bieler,19,Left-Back,Hertha BSC II,-,in,Summer,0,1 Bundesliga,2005,2005/2006
Hertha BSC,Christopher Samba,21,Centre-Back,Hertha BSC II,-,in,Summer,0,1 Bundesliga,2005,2005/2006
Hertha BSC,Kevin-Prince Boateng,18,Attacking Midfield,Hertha BSC II,-,in,Summer,0,1 Bundesliga,2005,2005/2006
Hertha BSC,Solomon Okoronkwo,18,Centre-Forward,Without Club,-,in,Summer,0,1 Bundesliga,2005,2005/2006
Hertha BSC,Alexander Mladenov,22,Attacking Midfield,Karlsruher SC,"End of loanJun 1, 2005",in,Summer,0,1 Bundesliga,2005,2005/2006
Hertha BSC,Marko Rehmer,33,Right-Back,E. Frankfurt,free transfer,out,Summer,NA,1 Bundesliga,2005,2005/2006
Hertha BSC,Giuseppe Reina,33,Right Winger,Spfr. Siegen,free transfer,out,Summer,NA,1 Bundesliga,2005,2005/2006
Hertha BSC,Alexander Mladenov,23,Attacking Midfield,CSKA Sofia,free transfer,out,Summer,NA,1 Bundesliga,2005,2005/2006
Hertha BSC,Ilhan Mansiz,29,Centre-Forward,Ankaragücü,free transfer,out,Summer,NA,1 Bundesliga,2005,2005/2006
Hertha BSC,Dennis Cagara,20,Left-Back,Dynamo Dresden,loan transfer,out,Summer,NA,1 Bundesliga,2005,2005/2006
Hertha BSC,Alexander Ludwig,21,Central Midfield,Dynamo Dresden,loan transfer,out,Summer,NA,1 Bundesliga,2005,2005/2006
Hertha BSC,Fredi Bobic,33,Centre-Forward,Without Club,-,out,Summer,0,1 Bundesliga,2005,2005/2006
Hertha BSC,Andreas Schmidt,31,Defensive Midfield,Hertha BSC II,-,out,Summer,0,1 Bundesliga,2005,2005/2006
Bayern Munich,Julio dos Santos,22,Central Midfield,Cerro Porteño,£2.43m,in,Winter,2.43,1 Bundesliga,2005,2005/2006
Borussia Dortmund,Matthew Amoah,25,attack,Vitesse,£360Th.,in,Winter,0.36,1 Bundesliga,2005,2005/2006
Borussia Dortmund,Kosi Saka,19,Centre-Back,B. Dortmund II,-,in,Winter,0,1 Bundesliga,2005,2005/2006
Bayer 04 Leverkusen,Michal Papadopulos,20,Centre-Forward,Banik Ostrava,£1.35m,in,Winter,1.35,1 Bundesliga,2005,2005/2006
Bayer 04 Leverkusen,Fredrik Stenman,22,Centre-Back,Djurgarden,£720Th.,in,Winter,0.72,1 Bundesliga,2005,2005/2006
Bayer 04 Leverkusen,Sezer Öztürk,20,Attacking Midfield,Germ. Beerschot,"End of loanDec 31, 2005",in,Winter,0,1 Bundesliga,2005,2005/2006
Bayer 04 Leverkusen,Sezer Öztürk,20,Attacking Midfield,1.FC Nuremberg,free transfer,out,Winter,NA,1 Bundesliga,2005,2005/2006
Bayer 04 Leverkusen,Sascha Dum,19,Left Midfield,Alem. Aachen,loan transfer,out,Winter,NA,1 Bundesliga,2005,2005/2006
Bayer 04 Leverkusen,Tom Starke,24,Goalkeeper,SC Paderborn,loan transfer,out,Winter,NA,1 Bundesliga,2005,2005/2006
Bayer 04 Leverkusen,Danko Lazovic,22,Second Striker,Feyenoord,"End of loanDec 31, 2005",out,Winter,0,1 Bundesliga,2005,2005/2006
FC Schalke 04,Simon Cziommer,25,Central Midfield,Roda JC,Loan fee:£90Th.,out,Winter,0.09,1 Bundesliga,2005,2005/2006
Eintracht Frankfurt,Robert Cue,22,Goalkeeper,E. Frankfurt II,-,in,Winter,0,1 Bundesliga,2005,2005/2006
Eintracht Frankfurt,Dominik Stroh-Engel,20,Centre-Forward,E. Frankfurt II,-,in,Winter,0,1 Bundesliga,2005,2005/2006
Eintracht Frankfurt,Nico Frommer,27,Centre-Forward,Unterhaching,free transfer,out,Winter,NA,1 Bundesliga,2005,2005/2006
Eintracht Frankfurt,Christian Lenze,28,Central Midfield,Erzgebirge Aue,free transfer,out,Winter,NA,1 Bundesliga,2005,2005/2006
Eintracht Frankfurt,Arie van Lent,35,Centre-Forward,RW Essen,free transfer,out,Winter,NA,1 Bundesliga,2005,2005/2006
Eintracht Frankfurt,Alexander Huber,20,Right-Back,TSG Hoffenheim,loan transfer,out,Winter,NA,1 Bundesliga,2005,2005/2006
Eintracht Frankfurt,Andree Wiedener,35,Left-Back,Retired,-,out,Winter,0,1 Bundesliga,2005,2005/2006
Eintracht Frankfurt,Markus Husterer,22,Centre-Back,FC Bayern II,"End of loanDec 31, 2005",out,Winter,0,1 Bundesliga,2005,2005/2006
Hamburger SV,Nigel de Jong,21,Defensive Midfield,Ajax,£1.35m,in,Winter,1.35,1 Bundesliga,2005,2005/2006
Hamburger SV,Aílton,32,Centre-Forward,Besiktas,Loan fee:£405Th.,in,Winter,0.405,1 Bundesliga,2005,2005/2006
Hamburger SV,Rouwen Hennings,18,Centre-Forward,Hamburger SV II,-,in,Winter,0,1 Bundesliga,2005,2005/2006
Hamburger SV,Cristian Ledesma,27,Central Midfield,Racing Club,"End of loanDec 31, 2005",in,Winter,0,1 Bundesliga,2005,2005/2006
Hamburger SV,Emile Mpenza,27,Centre-Forward,Al-Rayyan SC,£1.17m,out,Winter,1.17,1 Bundesliga,2005,2005/2006
Hamburger SV,Cristian Ledesma,27,Central Midfield,Argentinos Jrs.,free transfer,out,Winter,NA,1 Bundesliga,2005,2005/2006
Hamburger SV,Daniel Ziebig,22,Left-Back,Energie Cottbus,loan transfer,out,Winter,NA,1 Bundesliga,2005,2005/2006
Hamburger SV,Collin Benjamin,27,Defensive Midfield,Career break,-,out,Winter,0,1 Bundesliga,2005,2005/2006
Hamburger SV,Reto Ziegler,20,Centre-Back,Spurs,"End of loanJan 20, 2006",out,Winter,0,1 Bundesliga,2005,2005/2006
Borussia Mönchengladbach,Bo Svensson,26,Centre-Back,FC Copenhagen,£225Th.,in,Winter,0.225,1 Bundesliga,2005,2005/2006
Borussia Mönchengladbach,Nando Rafael,22,Centre-Forward,Hertha BSC,?,in,Winter,NA,1 Bundesliga,2005,2005/2006
Borussia Mönchengladbach,Otto Fredrikson,24,Goalkeeper,FF Jaro,"End of loanDec 1, 2005",in,Winter,0,1 Bundesliga,2005,2005/2006
Borussia Mönchengladbach,Ivo Ulich,31,Central Midfield,Vissel Kobe,"End of loanDec 1, 2005",in,Winter,0,1 Bundesliga,2005,2005/2006
Borussia Mönchengladbach,Giovane Elber,33,Centre-Forward,Cruzeiro,free transfer,out,Winter,NA,1 Bundesliga,2005,2005/2006
Borussia Mönchengladbach,Otto Fredrikson,24,Goalkeeper,Lillestrøm,free transfer,out,Winter,NA,1 Bundesliga,2005,2005/2006
Borussia Mönchengladbach,Ivo Ulich,31,Central Midfield,Dynamo Dresden,free transfer,out,Winter,NA,1 Bundesliga,2005,2005/2006
Borussia Mönchengladbach,Vaclav Sverkos,22,Centre-Forward,Hertha BSC,loan transfer,out,Winter,NA,1 Bundesliga,2005,2005/2006
Borussia Mönchengladbach,Christian Ziege,33,Left Midfield,Retired,-,out,Winter,0,1 Bundesliga,2005,2005/2006
Hannover 96,Jonas Troest,20,Centre-Back,Silkeborg IF,£135Th.,in,Winter,0.135,1 Bundesliga,2005,2005/2006
Hannover 96,Roman Wallner,23,Centre-Forward,Admira Wacker,"End of loanJan 30, 2006",in,Winter,0,1 Bundesliga,2005,2005/2006
Hannover 96,Roman Wallner,23,Centre-Forward,Austria Vienna,loan transfer,out,Winter,NA,1 Bundesliga,2005,2005/2006
1.FC Nuremberg,Jan Kristiansen,24,Central Midfield,Esbjerg fB,£315Th.,in,Winter,0.315,1 Bundesliga,2005,2005/2006
1.FC Nuremberg,Gláuber,22,Centre-Back,Palmeiras,Loan fee:£162Th.,in,Winter,0.162,1 Bundesliga,2005,2005/2006
1.FC Nuremberg,Sezer Öztürk,20,Attacking Midfield,Bay. Leverkusen,free transfer,in,Winter,NA,1 Bundesliga,2005,2005/2006
1.FC Nuremberg,Maik Wagefeld,24,Defensive Midfield,Dynamo Dresden,Loan fee:£68Th.,out,Winter,0.068,1 Bundesliga,2005,2005/2006
1.FC Nuremberg,Samuel Slovak,30,Attacking Midfield,Slo. Bratislava,free transfer,out,Winter,NA,1 Bundesliga,2005,2005/2006
1.FC Nuremberg,Bartosz Bosacki,30,Centre-Back,Lech Poznan,free transfer,out,Winter,NA,1 Bundesliga,2005,2005/2006
VfL Wolfsburg,Rick Hoogendorp,30,Centre-Forward,RKC Waalwijk,£1.53m,in,Winter,1.53,1 Bundesliga,2005,2005/2006
VfL Wolfsburg,Tom van der Leegte,28,Defensive Midfield,ADO Den Haag,£450Th.,in,Winter,0.45,1 Bundesliga,2005,2005/2006
VfL Wolfsburg,Mirko Hrgovic,26,Left-Back,Hajduk Split,free transfer,out,Winter,NA,1 Bundesliga,2005,2005/2006
VfL Wolfsburg,Andrés D'Alessandro,24,Attacking Midfield,Portsmouth,loan transfer,out,Winter,NA,1 Bundesliga,2005,2005/2006
1.FC Kaiserslautern,Mathieu Beda,24,Centre-Back,Standard Liège,£450Th.,in,Winter,0.45,1 Bundesliga,2005,2005/2006
1.FC Kaiserslautern,Jon Inge Höiland,28,Right-Back,Malmö FF,Loan fee:£45Th.,in,Winter,0.045,1 Bundesliga,2005,2005/2006
1.FC Kaiserslautern,Balazs Borbely,26,Defensive Midfield,Artmedia Brat.,Loan fee:£45Th.,in,Winter,0.045,1 Bundesliga,2005,2005/2006
1.FC Kaiserslautern,Daniel Halfar,17,Attacking Midfield,K'lautern II,-,in,Winter,0,1 Bundesliga,2005,2005/2006
1.FC Kaiserslautern,Sebastian Reinert,18,Attacking Midfield,K'lautern II,-,in,Winter,0,1 Bundesliga,2005,2005/2006
1.FC Kaiserslautern,Jochen Seitz,29,Left Winger,TSG Hoffenheim,free transfer,out,Winter,NA,1 Bundesliga,2005,2005/2006
1.FC Kaiserslautern,Lucién Mettomo,28,Centre-Back,K. Erciyesspor,loan transfer,out,Winter,NA,1 Bundesliga,2005,2005/2006
1.FC Kaiserslautern,Christian Nerlinger,32,Defensive Midfield,Retired,-,out,Winter,0,1 Bundesliga,2005,2005/2006
1.FC Kaiserslautern,Berkant Göktan,25,Centre-Forward,Without Club,-,out,Winter,0,1 Bundesliga,2005,2005/2006
VfB Stuttgart,Martin Stranzl,25,Centre-Back,Spartak Moscow,£4.05m,out,Winter,4.05,1 Bundesliga,2005,2005/2006
VfB Stuttgart,Marco Streller,24,Centre-Forward,1. FC Köln,Loan fee:£675Th.,out,Winter,0.675,1 Bundesliga,2005,2005/2006
VfB Stuttgart,Boris Zivkovic,30,Right-Back,1. FC Köln,Loan fee:£225Th.,out,Winter,0.225,1 Bundesliga,2005,2005/2006
VfB Stuttgart,Marco Caligiuri,21,Centre-Back,MSV Duisburg,Loan fee:£90Th.,out,Winter,0.09,1 Bundesliga,2005,2005/2006
VfB Stuttgart,Tobias Rathgeb,23,Defensive Midfield,Hansa Rostock,free transfer,out,Winter,NA,1 Bundesliga,2005,2005/2006
VfB Stuttgart,Élson,24,Attacking Midfield,Ponte Preta,loan transfer,out,Winter,NA,1 Bundesliga,2005,2005/2006
VfB Stuttgart,Horst Heldt,36,Attacking Midfield,Retired,-,out,Winter,0,1 Bundesliga,2005,2005/2006
Arminia Bielefeld,Ioannis Masmanidis,22,Attacking Midfield,Karlsruher SC,£675Th.,in,Winter,0.675,1 Bundesliga,2005,2005/2006
Arminia Bielefeld,Kamil Vacek,18,Central Midfield,Sigma Olomouc,Loan fee:£90Th.,in,Winter,0.09,1 Bundesliga,2005,2005/2006
Arminia Bielefeld,Artur Wichniarek,28,Centre-Forward,Hertha BSC,free transfer,in,Winter,NA,1 Bundesliga,2005,2005/2006
Arminia Bielefeld,Tim Danneberg,19,Central Midfield,A. Bielefeld II,-,in,Winter,0,1 Bundesliga,2005,2005/2006
Arminia Bielefeld,Christian Schwegler,21,Right-Back,BSC Young Boys,free transfer,out,Winter,NA,1 Bundesliga,2005,2005/2006
Arminia Bielefeld,Heiner Backhaus,23,Defensive Midfield,K. Offenbach,free transfer,out,Winter,NA,1 Bundesliga,2005,2005/2006
Arminia Bielefeld,Nebojsa Krupnikovic,32,Attacking Midfield,JEF Utd. Chiba,free transfer,out,Winter,NA,1 Bundesliga,2005,2005/2006
1.FSV Mainz 05,Ranisav Jovanovic,25,Centre-Forward,LR Ahlen,loan transfer,out,Winter,NA,1 Bundesliga,2005,2005/2006
1.FSV Mainz 05,Rômulo,23,Centre-Forward,Ituano,"End of loanDec 1, 2005",out,Winter,0,1 Bundesliga,2005,2005/2006
SV Werder Bremen,John Jairo Mosquera,17,Centre-Forward,Atlético Colombia,£810Th.,in,Winter,0.81,1 Bundesliga,2005,2005/2006
SV Werder Bremen,Jérôme Polenz,19,Right-Back,W. Bremen II,-,in,Winter,0,1 Bundesliga,2005,2005/2006
SV Werder Bremen,John Jairo Mosquera,18,Centre-Forward,SönderjyskE,Loan fee:£90Th.,out,Winter,0.09,1 Bundesliga,2005,2005/2006
SV Werder Bremen,Ümit Davala,32,Right Midfield,Retired,-,out,Winter,0,1 Bundesliga,2005,2005/2006
1. FC Köln,Marco Streller,24,Centre-Forward,VfB Stuttgart,Loan fee:£675Th.,in,Winter,0.675,1 Bundesliga,2005,2005/2006
1. FC Köln,Ricardo Cabanas,27,Central Midfield,Grasshoppers,£585Th.,in,Winter,0.585,1 Bundesliga,2005,2005/2006
1. FC Köln,Boris Zivkovic,30,Right-Back,VfB Stuttgart,Loan fee:£225Th.,in,Winter,0.225,1 Bundesliga,2005,2005/2006
1. FC Köln,Evanilson,30,Right-Back,Atlético-MG,free transfer,in,Winter,NA,1 Bundesliga,2005,2005/2006
1. FC Köln,Denis Epstein,19,Left Winger,1.FC Köln II,-,in,Winter,0,1 Bundesliga,2005,2005/2006
1. FC Köln,Peter Madsen,27,Centre-Forward,Southampton,loan transfer,out,Winter,NA,1 Bundesliga,2005,2005/2006
1. FC Köln,Anthony Lurling,28,Attacking Midfield,RKC Waalwijk,loan transfer,out,Winter,NA,1 Bundesliga,2005,2005/2006
MSV Duisburg,Necat Aygün,25,Centre-Back,Unterhaching,£630Th.,in,Winter,0.63,1 Bundesliga,2005,2005/2006
MSV Duisburg,Mihai Tararache,28,Defensive Midfield,FC Zürich,£360Th.,in,Winter,0.36,1 Bundesliga,2005,2005/2006
MSV Duisburg,Marco Caligiuri,21,Centre-Back,VfB Stuttgart,Loan fee:£90Th.,in,Winter,0.09,1 Bundesliga,2005,2005/2006
MSV Duisburg,Jung-hwan Ahn,30,Second Striker,FC Metz,free transfer,in,Winter,NA,1 Bundesliga,2005,2005/2006
MSV Duisburg,Josef Ivanovic,32,Centre-Forward,TuS Koblenz,free transfer,out,Winter,NA,1 Bundesliga,2005,2005/2006
MSV Duisburg,Mike Rietpietsch,31,Right Midfield,Holstein Kiel,loan transfer,out,Winter,NA,1 Bundesliga,2005,2005/2006
Hertha BSC,Vaclav Sverkos,22,Centre-Forward,Bor. M'gladbach,loan transfer,in,Winter,NA,1 Bundesliga,2005,2005/2006
Hertha BSC,Artur Wichniarek,28,Centre-Forward,Arm. Bielefeld,free transfer,out,Winter,NA,1 Bundesliga,2005,2005/2006
Hertha BSC,Nando Rafael,22,Centre-Forward,Bor. M'gladbach,?,out,Winter,NA,1 Bundesliga,2005,2005/2006
