club_name,player_name,age,position,club_involved_name,fee,transfer_movement,transfer_period,fee_cleaned,league_name,year,season
FC Internazionale,Wálter Samuel,27,Centre-Back,Real Madrid,£14.40m,in,Summer,14.4,Serie A,2005,2005/2006
FC Internazionale,David Pizarro,25,Central Midfield,Udinese,£10.80m,in,Summer,10.8,Serie A,2005,2005/2006
FC Internazionale,Santiago Solari,28,Left Midfield,Real Madrid,£1.80m,in,Summer,1.8,Serie A,2005,2005/2006
FC Internazionale,Paolo Orlandoni,32,Goalkeeper,Piacenza,free transfer,in,Summer,NA,Serie A,2005,2005/2006
FC Internazionale,Luís Figo,32,Right Winger,Real Madrid,free transfer,in,Summer,NA,Serie A,2005,2005/2006
FC Internazionale,Robert Acquafresca,17,Centre-Forward,Torino U19,free transfer,in,Summer,NA,Serie A,2005,2005/2006
FC Internazionale,Pierre Womé,26,Left-Back,Brescia,free transfer,in,Summer,NA,Serie A,2005,2005/2006
FC Internazionale,Giacomo Bindi,18,Goalkeeper,Inter U19,-,in,Summer,0,Serie A,2005,2005/2006
FC Internazionale,Daniel Maa Boumsong,18,Defensive Midfield,Inter U19,-,in,Summer,0,Serie A,2005,2005/2006
FC Internazionale,Marco Andreolli,19,Centre-Back,Inter U19,-,in,Summer,0,Serie A,2005,2005/2006
FC Internazionale,Matteo Lombardo,20,Left Midfield,Inter U19,-,in,Summer,0,Serie A,2005,2005/2006
FC Internazionale,Andy van der Meyde,25,Right Winger,Everton,£8.10m,out,Summer,8.1,Serie A,2005,2005/2006
FC Internazionale,Domenico Morfeo,29,Attacking Midfield,Parma,£6.75m,out,Summer,6.75,Serie A,2005,2005/2006
FC Internazionale,Emre Belözoglu,24,Central Midfield,Newcastle,£4.50m,out,Summer,4.5,Serie A,2005,2005/2006
FC Internazionale,Paolo Dellafiore,20,Centre-Back,Treviso,Loan fee:£540Th.,out,Summer,0.54,Serie A,2005,2005/2006
FC Internazionale,Francesco Coco,28,Left-Back,AS Livorno,Loan fee:£270Th.,out,Summer,0.27,Serie A,2005,2005/2006
FC Internazionale,Edgar Davids,32,Central Midfield,Spurs,free transfer,out,Summer,NA,Serie A,2005,2005/2006
FC Internazionale,Georgios Karagounis,28,Central Midfield,Benfica,free transfer,out,Summer,NA,Serie A,2005,2005/2006
FC Internazionale,Dimitar Makriev,21,Centre-Forward,Dijon,free transfer,out,Summer,NA,Serie A,2005,2005/2006
FC Internazionale,Sabri Lamouchi,33,Central Midfield,Marseille,free transfer,out,Summer,NA,Serie A,2005,2005/2006
FC Internazionale,Nicola Ventola,27,Centre-Forward,Atalanta BC,free transfer,out,Summer,NA,Serie A,2005,2005/2006
FC Internazionale,Stéphane Dalmat,26,Central Midfield,Racing,free transfer,out,Summer,NA,Serie A,2005,2005/2006
FC Internazionale,Javier Farinós,27,Defensive Midfield,RCD Mallorca,free transfer,out,Summer,NA,Serie A,2005,2005/2006
FC Internazionale,Carlos Gamarra,34,Centre-Back,Palmeiras,free transfer,out,Summer,NA,Serie A,2005,2005/2006
FC Internazionale,Christian Vieri,31,Centre-Forward,AC Milan,free transfer,out,Summer,NA,Serie A,2005,2005/2006
FC Internazionale,Gonzalo Sorondo,25,Centre-Back,Charlton,free transfer,out,Summer,NA,Serie A,2005,2005/2006
FC Internazionale,Alberto Fontana,38,Goalkeeper,Chievo Verona,free transfer,out,Summer,NA,Serie A,2005,2005/2006
FC Internazionale,Aco Stojkov,22,Left Winger,La Louviere,loan transfer,out,Summer,NA,Serie A,2005,2005/2006
FC Internazionale,Lampros Choutos,25,Centre-Forward,RCD Mallorca,loan transfer,out,Summer,NA,Serie A,2005,2005/2006
FC Internazionale,Robert Acquafresca,17,Centre-Forward,Treviso,?,out,Summer,NA,Serie A,2005,2005/2006
FC Internazionale,Carl Valeri,20,Central Midfield,Grosseto,?,out,Summer,NA,Serie A,2005,2005/2006
FC Internazionale,Alex Cordaz,22,Goalkeeper,Acireale,?,out,Summer,NA,Serie A,2005,2005/2006
FC Internazionale,Isah Eliakwu,19,Centre-Forward,Triestina,?,out,Summer,NA,Serie A,2005,2005/2006
FC Internazionale,Fabrizio Biava,21,midfield,Acireale,?,out,Summer,NA,Serie A,2005,2005/2006
FC Internazionale,Riccardo Meggiorini,19,Centre-Forward,Pavia,?,out,Summer,NA,Serie A,2005,2005/2006
FC Internazionale,Nicola Napolitano,22,Central Midfield,Pavia,loan transfer,out,Summer,NA,Serie A,2005,2005/2006
FC Internazionale,Nicola Beati,22,Defensive Midfield,Arezzo,loan transfer,out,Summer,NA,Serie A,2005,2005/2006
FC Internazionale,Mattia Altobelli,21,Attacking Midfield,Avellino,loan transfer,out,Summer,NA,Serie A,2005,2005/2006
FC Internazionale,Alberto Quadri,22,Defensive Midfield,AS Pizzighettone,loan transfer,out,Summer,NA,Serie A,2005,2005/2006
FC Internazionale,Giovanni Pasquale,23,Left-Back,Parma,loan transfer,out,Summer,NA,Serie A,2005,2005/2006
FC Internazionale,Horacio Peralta,23,Centre-Forward,Grasshoppers,loan transfer,out,Summer,NA,Serie A,2005,2005/2006
FC Internazionale,Luca Ceccarelli,22,Centre-Back,Catanzaro,loan transfer,out,Summer,NA,Serie A,2005,2005/2006
FC Internazionale,Fabián Carini,25,Goalkeeper,Cagliari Calcio,loan transfer,out,Summer,NA,Serie A,2005,2005/2006
FC Internazionale,Alessandro Potenza,21,Centre-Back,RCD Mallorca,loan transfer,out,Summer,NA,Serie A,2005,2005/2006
FC Internazionale,Mario Rebecchi,21,Central Midfield,Cremonese,loan transfer,out,Summer,NA,Serie A,2005,2005/2006
Juventus FC,Patrick Vieira,29,Defensive Midfield,Arsenal,£18.00m,in,Summer,18,Serie A,2005,2005/2006
Juventus FC,Giorgio Chiellini,20,Centre-Back,Fiorentina,£6.93m,in,Summer,6.93,Serie A,2005,2005/2006
Juventus FC,Fabrizio Miccoli,26,Centre-Forward,Fiorentina,£2.15m,in,Summer,2.15,Serie A,2005,2005/2006
Juventus FC,Douglas Packer,18,Attacking Midfield,Ipatinga FC,£135Th.,in,Summer,0.135,Serie A,2005,2005/2006
Juventus FC,Gladstone,20,Centre-Back,Cruzeiro,Loan fee:£135Th.,in,Summer,0.135,Serie A,2005,2005/2006
Juventus FC,Giuliano Giannichedda,30,Defensive Midfield,Lazio,free transfer,in,Summer,NA,Serie A,2005,2005/2006
Juventus FC,Robert Kovac,31,Centre-Back,FC Bayern,free transfer,in,Summer,NA,Serie A,2005,2005/2006
Juventus FC,Federico Balzaretti,23,Left-Back,Torino,free transfer,in,Summer,NA,Serie A,2005,2005/2006
Juventus FC,Christian Abbiati,28,Goalkeeper,AC Milan,loan transfer,in,Summer,NA,Serie A,2005,2005/2006
Juventus FC,Claudio Marchisio,19,Central Midfield,Juventus U19,-,in,Summer,0,Serie A,2005,2005/2006
Juventus FC,Andrea Rossi,18,Left-Back,Juventus U19,-,in,Summer,0,Serie A,2005,2005/2006
Juventus FC,Alessandro La Vecchia,20,midfield,Juventus U19,-,in,Summer,0,Serie A,2005,2005/2006
Juventus FC,Stephen Appiah,24,Defensive Midfield,Fenerbahce,£7.20m,out,Summer,7.2,Serie A,2005,2005/2006
Juventus FC,Enzo Maresca,25,Central Midfield,Sevilla FC,£2.25m,out,Summer,2.25,Serie A,2005,2005/2006
Juventus FC,Mattia Cassani,21,Right-Back,Hellas Verona,£1.65m,out,Summer,1.65,Serie A,2005,2005/2006
Juventus FC,Fabrizio Miccoli,26,Centre-Forward,Benfica,Loan fee:£1.04m,out,Summer,1.04,Serie A,2005,2005/2006
Juventus FC,Daniele Gastaldello,22,Centre-Back,Siena,£405Th.,out,Summer,0.405,Serie A,2005,2005/2006
Juventus FC,Alessio Tacchinardi,30,Defensive Midfield,Villarreal,Loan fee:£90Th.,out,Summer,0.09,Serie A,2005,2005/2006
Juventus FC,Benjamin Onwuachi,21,Centre-Forward,Standard Liège,free transfer,out,Summer,NA,Serie A,2005,2005/2006
Juventus FC,Paolo Montero,33,Centre-Back,San Lorenzo,free transfer,out,Summer,NA,Serie A,2005,2005/2006
Juventus FC,Marcelo Salas,30,Centre-Forward,U. de Chile,free transfer,out,Summer,NA,Serie A,2005,2005/2006
Juventus FC,Orlando Urbano,21,Centre-Back,Torres,loan transfer,out,Summer,NA,Serie A,2005,2005/2006
Juventus FC,Rey Volpato,18,Centre-Forward,Siena,loan transfer,out,Summer,NA,Serie A,2005,2005/2006
Juventus FC,Alessandro La Vecchia,20,midfield,Ivrea,loan transfer,out,Summer,NA,Serie A,2005,2005/2006
Juventus FC,Luigi Lavecchia,23,Right Midfield,Le Mans UC 72,loan transfer,out,Summer,NA,Serie A,2005,2005/2006
Juventus FC,Olivier Kapo,24,Attacking Midfield,Monaco,loan transfer,out,Summer,NA,Serie A,2005,2005/2006
Juventus FC,Antonio Mirante,21,Goalkeeper,Siena,loan transfer,out,Summer,NA,Serie A,2005,2005/2006
Juventus FC,Matteo Cavagna,19,Central Midfield,Ravenna,?,out,Summer,NA,Serie A,2005,2005/2006
Juventus FC,Matteo Paro,22,Central Midfield,Siena,loan transfer,out,Summer,NA,Serie A,2005,2005/2006
Juventus FC,Giuseppe Sculli,24,Left Winger,Messina Peloro,loan transfer,out,Summer,NA,Serie A,2005,2005/2006
Juventus FC,Raffaele Palladino,21,Left Winger,AS Livorno,loan transfer,out,Summer,NA,Serie A,2005,2005/2006
Juventus FC,Felice Piccolo,21,Centre-Back,Lazio,loan transfer,out,Summer,NA,Serie A,2005,2005/2006
Juventus FC,Douglas Packer,18,Attacking Midfield,Siena,loan transfer,out,Summer,NA,Serie A,2005,2005/2006
Juventus FC,Nicola Legrottaglie,28,Centre-Back,Siena,loan transfer,out,Summer,NA,Serie A,2005,2005/2006
Juventus FC,Davide Chiumiento,20,Attacking Midfield,Le Mans UC 72,loan transfer,out,Summer,NA,Serie A,2005,2005/2006
Juventus FC,Massimiliano Vieri,26,Centre-Forward,Without Club,-,out,Summer,0,Serie A,2005,2005/2006
Juventus FC,Ciro Ferrara,38,Centre-Back,Retired,-,out,Summer,0,Serie A,2005,2005/2006
AS Roma,Massimo Bonanni,23,Left Midfield,Vicenza,£450Th.,in,Summer,0.45,Serie A,2005,2005/2006
AS Roma,Samuel Kuffour,28,Centre-Back,FC Bayern,free transfer,in,Summer,NA,Serie A,2005,2005/2006
AS Roma,Shabani Nonda,28,Centre-Forward,Monaco,free transfer,in,Summer,NA,Serie A,2005,2005/2006
AS Roma,Rodrigo Taddei,25,Right Winger,Siena,free transfer,in,Summer,NA,Serie A,2005,2005/2006
AS Roma,Dimitrios Eleftheropoulos,29,Goalkeeper,AC Milan,loan transfer,in,Summer,NA,Serie A,2005,2005/2006
AS Roma,Doni,25,Goalkeeper,Juventude,£16Th.,in,Summer,0.016,Serie A,2005,2005/2006
AS Roma,Gianluca Comotto,26,Right-Back,Torino,?,in,Summer,NA,Serie A,2005,2005/2006
AS Roma,Houssine Kharja,22,Central Midfield,Ternana,loan transfer,in,Summer,NA,Serie A,2005,2005/2006
AS Roma,Édgar Álvarez,25,Right Midfield,Peñarol,loan transfer,in,Summer,NA,Serie A,2005,2005/2006
AS Roma,Stefano Okaka,15,Centre-Forward,Roma U19,-,in,Summer,0,Serie A,2005,2005/2006
AS Roma,Alessandro Simonetta,19,Left Winger,Roma U19,-,in,Summer,0,Serie A,2005,2005/2006
AS Roma,Aleandro Rosi,18,Right-Back,Roma U19,-,in,Summer,0,Serie A,2005,2005/2006
AS Roma,Massimo Bonanni,23,Left Midfield,US Palermo,£675Th.,out,Summer,0.675,Serie A,2005,2005/2006
AS Roma,Abel Xavier,32,Right-Back,Middlesbrough,free transfer,out,Summer,NA,Serie A,2005,2005/2006
AS Roma,Saliou Lassissi,26,Centre-Back,AS Nancy,free transfer,out,Summer,NA,Serie A,2005,2005/2006
AS Roma,Traianos Dellas,29,Centre-Back,AEK Athens,free transfer,out,Summer,NA,Serie A,2005,2005/2006
AS Roma,Matteo Ferrari,25,Centre-Back,Everton,loan transfer,out,Summer,NA,Serie A,2005,2005/2006
AS Roma,Christian Scarlato,21,midfield,Acireale,£450,out,Summer,NA,Serie A,2005,2005/2006
AS Roma,Raffaele Coscia,22,Goalkeeper,Melfi,?,out,Summer,NA,Serie A,2005,2005/2006
AS Roma,Olasunkanmi Akande Ajide,19,Centre-Forward,AC Bellinzona,?,out,Summer,NA,Serie A,2005,2005/2006
AS Roma,Giuseppe Scurto,21,Centre-Back,Chievo Verona,?,out,Summer,NA,Serie A,2005,2005/2006
AS Roma,Simone Piva,21,Left-Back,Giulianova,?,out,Summer,NA,Serie A,2005,2005/2006
AS Roma,Andrea Briotti,19,Left-Back,Napoli,?,out,Summer,NA,Serie A,2005,2005/2006
AS Roma,Alessandro Simonetta,19,Left Winger,Arezzo,?,out,Summer,NA,Serie A,2005,2005/2006
AS Roma,Valerio Virga,19,Right-Back,US Palermo,?,out,Summer,NA,Serie A,2005,2005/2006
AS Roma,Gianluca Galasso,21,Right-Back,Ternana,loan transfer,out,Summer,NA,Serie A,2005,2005/2006
AS Roma,Daniele Corvia,20,Centre-Forward,Ternana,loan transfer,out,Summer,NA,Serie A,2005,2005/2006
AS Roma,Gianluca Comotto,26,Right-Back,Ascoli,loan transfer,out,Summer,NA,Serie A,2005,2005/2006
AS Roma,Carlo Zotti,22,Goalkeeper,Ascoli,loan transfer,out,Summer,NA,Serie A,2005,2005/2006
AS Roma,Felipe,19,Second Striker,EC Juventude B,"End of loanJun 1, 2005",out,Summer,0,Serie A,2005,2005/2006
AC Milan,Alberto Gilardino,23,Centre-Forward,Parma,£22.50m,in,Summer,22.5,Serie A,2005,2005/2006
AC Milan,Marek Jankulovski,28,Left-Back,Udinese,£7.65m,in,Summer,7.65,Serie A,2005,2005/2006
AC Milan,Johann Vogel,28,Defensive Midfield,PSV Eindhoven,free transfer,in,Summer,NA,Serie A,2005,2005/2006
AC Milan,Dimitrios Eleftheropoulos,28,Goalkeeper,Messina Peloro,free transfer,in,Summer,NA,Serie A,2005,2005/2006
AC Milan,Zeljko Kalac,32,Goalkeeper,Perugia,free transfer,in,Summer,NA,Serie A,2005,2005/2006
AC Milan,Christian Vieri,31,Centre-Forward,Inter,free transfer,in,Summer,NA,Serie A,2005,2005/2006
AC Milan,Lino Marzorati,18,Centre-Back,Milan U19,-,in,Summer,0,Serie A,2005,2005/2006
AC Milan,Davide Astori,18,Centre-Back,Milan U19,-,in,Summer,0,Serie A,2005,2005/2006
AC Milan,Jon Dahl Tomasson,28,Centre-Forward,VfB Stuttgart,£6.75m,out,Summer,6.75,Serie A,2005,2005/2006
AC Milan,Vikash Dhorasoo,31,Central Midfield,Paris SG,£2.88m,out,Summer,2.88,Serie A,2005,2005/2006
AC Milan,Marco Donadel,22,Defensive Midfield,Fiorentina,£1.17m,out,Summer,1.17,Serie A,2005,2005/2006
AC Milan,Harvey Esajas,31,Centre-Back,Legnano,free transfer,out,Summer,NA,Serie A,2005,2005/2006
AC Milan,Mohamed Sarr,21,Centre-Back,Standard Liège,free transfer,out,Summer,NA,Serie A,2005,2005/2006
AC Milan,Dimitrios Eleftheropoulos,29,Goalkeeper,AS Roma,loan transfer,out,Summer,NA,Serie A,2005,2005/2006
AC Milan,Samuele Dalla Bona,24,Central Midfield,Sampdoria,loan transfer,out,Summer,NA,Serie A,2005,2005/2006
AC Milan,Christian Abbiati,28,Goalkeeper,Juventus,loan transfer,out,Summer,NA,Serie A,2005,2005/2006
AC Milan,Marco Borriello,23,Centre-Forward,Sampdoria,loan transfer,out,Summer,NA,Serie A,2005,2005/2006
AC Milan,Catilina Aubameyang,21,Left Midfield,FC Lugano,loan transfer,out,Summer,NA,Serie A,2005,2005/2006
AC Milan,Cristian Brocchi,29,Central Midfield,Fiorentina,loan transfer,out,Summer,NA,Serie A,2005,2005/2006
AC Milan,Digão,19,Centre-Back,Rimini,loan transfer,out,Summer,NA,Serie A,2005,2005/2006
AC Milan,Andrea Amato,18,Defensive Midfield,Fermana,?,out,Summer,NA,Serie A,2005,2005/2006
AC Milan,Alessandro Budel,24,Defensive Midfield,Cagliari Calcio,?,out,Summer,NA,Serie A,2005,2005/2006
AC Milan,Giuseppe Pancaro,33,Right-Back,Fiorentina,?,out,Summer,NA,Serie A,2005,2005/2006
AC Milan,Alessandro Matri,20,Centre-Forward,Lumezzane,loan transfer,out,Summer,NA,Serie A,2005,2005/2006
AC Milan,Patrick Kalambay,21,Right Midfield,Lumezzane,loan transfer,out,Summer,NA,Serie A,2005,2005/2006
AC Milan,Roberto Massaro,21,Centre-Forward,Triestina,loan transfer,out,Summer,NA,Serie A,2005,2005/2006
AC Milan,Filippo Porcari,21,Defensive Midfield,Novara,loan transfer,out,Summer,NA,Serie A,2005,2005/2006
AC Milan,Ignazio Abate,18,Right-Back,Piacenza,loan transfer,out,Summer,NA,Serie A,2005,2005/2006
AC Milan,Giuseppe Ticli,26,Left Midfield,Catanzaro,loan transfer,out,Summer,NA,Serie A,2005,2005/2006
AC Milan,Nicola Pozzi,19,Centre-Forward,Empoli,loan transfer,out,Summer,NA,Serie A,2005,2005/2006
AC Milan,Hernán Crespo,29,Centre-Forward,Chelsea,"End of loanJun 30, 2005",out,Summer,0,Serie A,2005,2005/2006
UC Sampdoria,Luigi Sala,31,Centre-Back,Atalanta BC,£450Th.,in,Summer,0.45,Serie A,2005,2005/2006
UC Sampdoria,Lamberto Zauli,33,Attacking Midfield,US Palermo,free transfer,in,Summer,NA,Serie A,2005,2005/2006
UC Sampdoria,Gionata Mingozzi,20,Central Midfield,Perugia,free transfer,in,Summer,NA,Serie A,2005,2005/2006
UC Sampdoria,Salvatore Foti,16,Centre-Forward,Venezia FC U19,free transfer,in,Summer,NA,Serie A,2005,2005/2006
UC Sampdoria,Marco Borriello,23,Centre-Forward,AC Milan,loan transfer,in,Summer,NA,Serie A,2005,2005/2006
UC Sampdoria,Samuele Dalla Bona,24,Central Midfield,AC Milan,loan transfer,in,Summer,NA,Serie A,2005,2005/2006
UC Sampdoria,Alessandro Bastrini,18,Centre-Back,Como U19,?,in,Summer,NA,Serie A,2005,2005/2006
UC Sampdoria,Luca Castellazzi,29,Goalkeeper,Brescia,?,in,Summer,NA,Serie A,2005,2005/2006
UC Sampdoria,Marco Zamboni,27,Centre-Back,Reggina,loan transfer,in,Summer,NA,Serie A,2005,2005/2006
UC Sampdoria,Emiliano Bonazzoli,26,Centre-Forward,Parma,loan transfer,in,Summer,NA,Serie A,2005,2005/2006
UC Sampdoria,Giovanni Taormina,17,Left Midfield,Sampdoria U19,-,in,Summer,0,Serie A,2005,2005/2006
UC Sampdoria,Fabrizio Cacciatore,18,Right-Back,Sampdoria U19,-,in,Summer,0,Serie A,2005,2005/2006
UC Sampdoria,Fausto Rossini,27,Centre-Forward,Udinese,free transfer,out,Summer,NA,Serie A,2005,2005/2006
UC Sampdoria,Mattia Roselli,18,attack,FC Chiasso,free transfer,out,Summer,NA,Serie A,2005,2005/2006
UC Sampdoria,Cristiano Doni,32,Attacking Midfield,RCD Mallorca,free transfer,out,Summer,NA,Serie A,2005,2005/2006
UC Sampdoria,Fabrizio Cacciatore,18,Right-Back,Olbia,loan transfer,out,Summer,NA,Serie A,2005,2005/2006
UC Sampdoria,Atsushi Yanagisawa,28,Centre-Forward,Messina Peloro,?,out,Summer,NA,Serie A,2005,2005/2006
UC Sampdoria,Emanuele Bianchi,20,Goalkeeper,Perugia,?,out,Summer,NA,Serie A,2005,2005/2006
UC Sampdoria,Stefano Sacchetti,32,Centre-Back,Mantova,?,out,Summer,NA,Serie A,2005,2005/2006
UC Sampdoria,Luigi Turci,35,Goalkeeper,Cesena,?,out,Summer,NA,Serie A,2005,2005/2006
UC Sampdoria,Moris Carrozzieri,24,Centre-Back,Arezzo,loan transfer,out,Summer,NA,Serie A,2005,2005/2006
UC Sampdoria,Thomas Job,20,Right Winger,Cremonese,loan transfer,out,Summer,NA,Serie A,2005,2005/2006
UC Sampdoria,Gennaro Delvecchio,27,Central Midfield,Lecce,loan transfer,out,Summer,NA,Serie A,2005,2005/2006
UC Sampdoria,Francesco Virdis,20,Centre-Forward,Chieti,loan transfer,out,Summer,NA,Serie A,2005,2005/2006
UC Sampdoria,Luca Antonini,22,Left-Back,Arezzo,loan transfer,out,Summer,NA,Serie A,2005,2005/2006
UC Sampdoria,Vincenzo Iacopino,28,Attacking Midfield,Without Club,-,out,Summer,0,Serie A,2005,2005/2006
UC Sampdoria,Andrea Cittadino,17,midfield,Without Club,-,out,Summer,0,Serie A,2005,2005/2006
UC Sampdoria,Simone Inzaghi,29,Centre-Forward,Lazio,"End of loanJun 30, 2005",out,Summer,0,Serie A,2005,2005/2006
Udinese Calcio,Barreto,19,Second Striker,Treviso,£4.50m,in,Summer,4.5,Serie A,2005,2005/2006
Udinese Calcio,Marco Motta,19,Right-Back,Atalanta BC,£2.57m,in,Summer,2.57,Serie A,2005,2005/2006
Udinese Calcio,Cristián Zapata,18,Centre-Back,Deportivo Cali,£450Th.,in,Summer,0.45,Serie A,2005,2005/2006
Udinese Calcio,Roman Eremenko,18,Attacking Midfield,FF Jaro,£270Th.,in,Summer,0.27,Serie A,2005,2005/2006
Udinese Calcio,Al-Saadi Al Gaddafi,32,Attacking Midfield,Perugia,free transfer,in,Summer,NA,Serie A,2005,2005/2006
Udinese Calcio,Fausto Rossini,27,Centre-Forward,Sampdoria,free transfer,in,Summer,NA,Serie A,2005,2005/2006
Udinese Calcio,Vincent Candela,31,Left-Back,Bolton,free transfer,in,Summer,NA,Serie A,2005,2005/2006
Udinese Calcio,Raffaele De Martino,19,Defensive Midfield,AC Bellinzona,free transfer,in,Summer,NA,Serie A,2005,2005/2006
Udinese Calcio,Christian Obodo,21,Central Midfield,Fiorentina,free transfer,in,Summer,NA,Serie A,2005,2005/2006
Udinese Calcio,Juarez,31,Right-Back,Bologna,free transfer,in,Summer,NA,Serie A,2005,2005/2006
Udinese Calcio,Abel Aguilar,20,Defensive Midfield,Deportivo Cali,free transfer,in,Summer,NA,Serie A,2005,2005/2006
Udinese Calcio,Fernando Tissone,18,Defensive Midfield,Lanús,?,in,Summer,NA,Serie A,2005,2005/2006
Udinese Calcio,Gabriele Paoletti,27,Goalkeeper,Reggiana,?,in,Summer,NA,Serie A,2005,2005/2006
Udinese Calcio,Carlo Sciarrone,21,Goalkeeper,Chieti,?,in,Summer,NA,Serie A,2005,2005/2006
Udinese Calcio,Cesare Natali,26,Centre-Back,Atalanta BC,?,in,Summer,NA,Serie A,2005,2005/2006
Udinese Calcio,Ferdinando Sforzini,20,Centre-Forward,Sassuolo,?,in,Summer,NA,Serie A,2005,2005/2006
Udinese Calcio,Massimo Gotti,19,Left-Back,Atalanta BC,?,in,Summer,NA,Serie A,2005,2005/2006
Udinese Calcio,Daniele Fornaio,17,Central Midfield,US Palermo,?,in,Summer,NA,Serie A,2005,2005/2006
Udinese Calcio,Paul Ramirez,18,Centre-Forward,AC Bellinzona,?,in,Summer,NA,Serie A,2005,2005/2006
Udinese Calcio,Fabio Quagliarella,22,Centre-Forward,Torino,?,in,Summer,NA,Serie A,2005,2005/2006
Udinese Calcio,José Luís Vidigal,32,Central Midfield,AS Livorno,?,in,Summer,NA,Serie A,2005,2005/2006
Udinese Calcio,Gustavo Lazzaretti,21,Centre-Back,Botafogo,loan transfer,in,Summer,NA,Serie A,2005,2005/2006
Udinese Calcio,Flavio Lazzari,18,Attacking Midfield,Cisco Lodigiani,loan transfer,in,Summer,NA,Serie A,2005,2005/2006
Udinese Calcio,Piermario Morosini,19,Central Midfield,Udinese U19,-,in,Summer,0,Serie A,2005,2005/2006
Udinese Calcio,David Pizarro,25,Central Midfield,Inter,£10.80m,out,Summer,10.8,Serie A,2005,2005/2006
Udinese Calcio,Marek Jankulovski,28,Left-Back,AC Milan,£7.65m,out,Summer,7.65,Serie A,2005,2005/2006
Udinese Calcio,Per Kröldrup,25,Centre-Back,Everton,£6.12m,out,Summer,6.12,Serie A,2005,2005/2006
Udinese Calcio,Michele Pazienza,22,Defensive Midfield,Fiorentina,Loan fee:£630Th.,out,Summer,0.63,Serie A,2005,2005/2006
Udinese Calcio,Siyabonga Nomvethe,27,Centre-Forward,Djurgarden,loan transfer,out,Summer,NA,Serie A,2005,2005/2006
Udinese Calcio,Olivier Renard,26,Goalkeeper,Standard Liège,loan transfer,out,Summer,NA,Serie A,2005,2005/2006
Udinese Calcio,Giuseppe Gemiti,24,Left-Back,Modena,?,out,Summer,NA,Serie A,2005,2005/2006
Udinese Calcio,Luis Helguera,29,Defensive Midfield,Vicenza,?,out,Summer,NA,Serie A,2005,2005/2006
Udinese Calcio,Thomas Manfredini,25,Centre-Back,Atalanta BC,?,out,Summer,NA,Serie A,2005,2005/2006
Udinese Calcio,Dino Fava,28,Centre-Forward,Treviso,?,out,Summer,NA,Serie A,2005,2005/2006
Udinese Calcio,Henok Goitom,20,Centre-Forward,Ciudad Murcia,?,out,Summer,NA,Serie A,2005,2005/2006
Udinese Calcio,Alberto Valentim,30,Right Midfield,Siena,?,out,Summer,NA,Serie A,2005,2005/2006
Udinese Calcio,Manuel Belleri,27,Right-Back,Lazio,?,out,Summer,NA,Serie A,2005,2005/2006
Udinese Calcio,Paul Ramirez,19,Centre-Forward,Ascoli,loan transfer,out,Summer,NA,Serie A,2005,2005/2006
Udinese Calcio,Michele Lestani,19,Central Midfield,Nocerina,loan transfer,out,Summer,NA,Serie A,2005,2005/2006
Udinese Calcio,Cribari,25,Centre-Back,Lazio,loan transfer,out,Summer,NA,Serie A,2005,2005/2006
Udinese Calcio,Fabio Quagliarella,22,Centre-Forward,Ascoli,loan transfer,out,Summer,NA,Serie A,2005,2005/2006
Udinese Calcio,Zlatan Muslimovic,24,Centre-Forward,Messina Peloro,loan transfer,out,Summer,NA,Serie A,2005,2005/2006
Udinese Calcio,Samir Handanovic,20,Goalkeeper,Treviso,loan transfer,out,Summer,NA,Serie A,2005,2005/2006
Udinese Calcio,Raffaele De Martino,19,Defensive Midfield,Treviso,loan transfer,out,Summer,NA,Serie A,2005,2005/2006
Udinese Calcio,Abel Aguilar,20,Defensive Midfield,Ascoli,loan transfer,out,Summer,NA,Serie A,2005,2005/2006
Udinese Calcio,Adriano Bonaiuti,38,Goalkeeper,Retired,-,out,Summer,0,Serie A,2005,2005/2006
US Palermo,Andrea Caracciolo,23,Centre-Forward,Brescia,£8.10m,in,Summer,8.1,Serie A,2005,2005/2006
US Palermo,Stephen Makinwa,22,Centre-Forward,Atalanta BC,£6.75m,in,Summer,6.75,Serie A,2005,2005/2006
US Palermo,Massimo Bonanni,23,Left Midfield,AS Roma,£675Th.,in,Summer,0.675,Serie A,2005,2005/2006
US Palermo,Andrea Bovo,19,Central Midfield,SSC Venezia,free transfer,in,Summer,NA,Serie A,2005,2005/2006
US Palermo,Valerio Virga,19,Right-Back,AS Roma,?,in,Summer,NA,Serie A,2005,2005/2006
US Palermo,Paul Codrea,24,Central Midfield,Perugia,?,in,Summer,NA,Serie A,2005,2005/2006
US Palermo,Mariano Andújar,21,Goalkeeper,Huracán,loan transfer,in,Summer,NA,Serie A,2005,2005/2006
US Palermo,Luca Toni,28,Centre-Forward,Fiorentina,£9.00m,out,Summer,9,Serie A,2005,2005/2006
US Palermo,Lamberto Zauli,33,Attacking Midfield,Sampdoria,free transfer,out,Summer,NA,Serie A,2005,2005/2006
US Palermo,Valentino Lai,21,Central Midfield,Landskrona,free transfer,out,Summer,NA,Serie A,2005,2005/2006
US Palermo,Antonino Di Franco,18,midfield,Nocerina,free transfer,out,Summer,NA,Serie A,2005,2005/2006
US Palermo,Andrea Bovo,19,Central Midfield,Salernitana,loan transfer,out,Summer,NA,Serie A,2005,2005/2006
US Palermo,Davide Matteini,23,Left Winger,Pescara,loan transfer,out,Summer,NA,Serie A,2005,2005/2006
US Palermo,Valerio Virga,19,Right-Back,Ascoli,loan transfer,out,Summer,NA,Serie A,2005,2005/2006
US Palermo,Francesco Modesto,23,Left-Back,Reggina,?,out,Summer,NA,Serie A,2005,2005/2006
US Palermo,Franck Ongfiang,20,Left Midfield,Esperance,?,out,Summer,NA,Serie A,2005,2005/2006
US Palermo,Emanuele Filippini,31,Central Midfield,Treviso,?,out,Summer,NA,Serie A,2005,2005/2006
US Palermo,Daniele Fornaio,17,Central Midfield,Udinese,?,out,Summer,NA,Serie A,2005,2005/2006
US Palermo,Paolo Comi,21,Goalkeeper,UC AlbinoLeffe,?,out,Summer,NA,Serie A,2005,2005/2006
US Palermo,Davide Possanzini,29,Centre-Forward,Brescia,?,out,Summer,NA,Serie A,2005,2005/2006
US Palermo,Daniele Di Donato,28,Central Midfield,Arezzo,?,out,Summer,NA,Serie A,2005,2005/2006
US Palermo,Adriano,23,Right-Back,Atalanta BC,?,out,Summer,NA,Serie A,2005,2005/2006
US Palermo,Cristian Raimondi,24,Right Midfield,Arezzo,?,out,Summer,NA,Serie A,2005,2005/2006
US Palermo,Stefano Morrone,26,Central Midfield,AS Livorno,?,out,Summer,NA,Serie A,2005,2005/2006
US Palermo,Francesco Milano,21,attack,Vittoria Calcio,-,out,Summer,0,Serie A,2005,2005/2006
Empoli FC,Gianluca Berti,38,Goalkeeper,Torino,free transfer,in,Summer,NA,Serie A,2005,2005/2006
Empoli FC,Giorgio Noviello,21,Left Winger,Lucchese,free transfer,in,Summer,NA,Serie A,2005,2005/2006
Empoli FC,Daniele Buzzegoli,22,Central Midfield,Massese,free transfer,in,Summer,NA,Serie A,2005,2005/2006
Empoli FC,Matteo Serafini,27,Centre-Forward,Catania,?,in,Summer,NA,Serie A,2005,2005/2006
Empoli FC,Nicola Ascoli,25,Left-Back,Catanzaro,?,in,Summer,NA,Serie A,2005,2005/2006
Empoli FC,Christian Riganó,31,Centre-Forward,Fiorentina,loan transfer,in,Summer,NA,Serie A,2005,2005/2006
Empoli FC,Nicola Pozzi,19,Centre-Forward,AC Milan,loan transfer,in,Summer,NA,Serie A,2005,2005/2006
Empoli FC,Niky Agnorelli,19,Defensive Midfield,Massese,free transfer,out,Summer,NA,Serie A,2005,2005/2006
Empoli FC,Dezmon Giraldi,19,Centre-Forward,Cuoio Cappiano,?,out,Summer,NA,Serie A,2005,2005/2006
Empoli FC,Antonio Brizzi,19,midfield,US Castelnuovo,?,out,Summer,NA,Serie A,2005,2005/2006
Empoli FC,Manuel Caponi,18,Attacking Midfield,Virtus Lanciano,?,out,Summer,NA,Serie A,2005,2005/2006
Empoli FC,Christian Paoletti,20,Goalkeeper,US Sansovino,?,out,Summer,NA,Serie A,2005,2005/2006
Empoli FC,Emanuel Michelotti,20,Left-Back,Cuoio Cappiano,?,out,Summer,NA,Serie A,2005,2005/2006
Empoli FC,Mario Cassano,21,Goalkeeper,Piacenza,?,out,Summer,NA,Serie A,2005,2005/2006
Empoli FC,Mirko Bertoncini,19,defence,Carrarese,loan transfer,out,Summer,NA,Serie A,2005,2005/2006
Empoli FC,Vincenzo Pellecchia,19,attack,AC Pisa,loan transfer,out,Summer,NA,Serie A,2005,2005/2006
Empoli FC,Pasquale Foggia,22,Attacking Midfield,Ascoli,loan transfer,out,Summer,NA,Serie A,2005,2005/2006
Empoli FC,Andrea Cupi,29,Centre-Back,Without Club,-,out,Summer,0,Serie A,2005,2005/2006
Empoli FC,Massimiliano Cappellini,34,Centre-Forward,Retired,-,out,Summer,0,Serie A,2005,2005/2006
Empoli FC,Siyabonga Nomvethe,27,Centre-Forward,Udinese,"End of loanJun 30, 2005",out,Summer,0,Serie A,2005,2005/2006
Empoli FC,Zlatko Dedic,20,Centre-Forward,Parma,"End of loanJun 30, 2005",out,Summer,0,Serie A,2005,2005/2006
Empoli FC,Luca Saudati,26,Centre-Forward,Atalanta BC,"End of loanJun 30, 2005",out,Summer,0,Serie A,2005,2005/2006
FC Messina Peloro,Nicholas Caglioni,22,Goalkeeper,Atalanta BC,free transfer,in,Summer,NA,Serie A,2005,2005/2006
FC Messina Peloro,Andrea Tummiolo,21,Central Midfield,Acireale,free transfer,in,Summer,NA,Serie A,2005,2005/2006
FC Messina Peloro,Andrea Pansera,25,Goalkeeper,Bologna,?,in,Summer,NA,Serie A,2005,2005/2006
FC Messina Peloro,Atsushi Yanagisawa,28,Centre-Forward,Sampdoria,?,in,Summer,NA,Serie A,2005,2005/2006
FC Messina Peloro,Zlatan Muslimovic,24,Centre-Forward,Udinese,loan transfer,in,Summer,NA,Serie A,2005,2005/2006
FC Messina Peloro,Giuseppe Sculli,24,Left Winger,Juventus,loan transfer,in,Summer,NA,Serie A,2005,2005/2006
FC Messina Peloro,Rok Straus,18,midfield,ACR Messina You,-,in,Summer,0,Serie A,2005,2005/2006
FC Messina Peloro,Francesco Morga,19,Centre-Forward,ACR Messina You,-,in,Summer,0,Serie A,2005,2005/2006
FC Messina Peloro,Gabriele Ferla,17,Goalkeeper,ACR Messina You,-,in,Summer,0,Serie A,2005,2005/2006
FC Messina Peloro,Francesco Girillo,18,Central Midfield,ACR Messina You,-,in,Summer,0,Serie A,2005,2005/2006
FC Messina Peloro,Salvatore D'Alterio,25,Right-Back,Foggia,free transfer,out,Summer,NA,Serie A,2005,2005/2006
FC Messina Peloro,Dimitrios Eleftheropoulos,28,Goalkeeper,AC Milan,free transfer,out,Summer,NA,Serie A,2005,2005/2006
FC Messina Peloro,Igor Zaniolo,32,Centre-Forward,Genoa,free transfer,out,Summer,NA,Serie A,2005,2005/2006
FC Messina Peloro,Nicola Amoruso,30,Centre-Forward,Reggina,free transfer,out,Summer,NA,Serie A,2005,2005/2006
FC Messina Peloro,Gabriele Ferla,17,Goalkeeper,US Siracusa,loan transfer,out,Summer,NA,Serie A,2005,2005/2006
FC Messina Peloro,Vittorio Bernardo,19,Centre-Forward,Stabia,loan transfer,out,Summer,NA,Serie A,2005,2005/2006
FC Messina Peloro,Vincenzo Silvestri,29,midfield,Martina,?,out,Summer,NA,Serie A,2005,2005/2006
FC Messina Peloro,Federico Dionisi,18,Centre-Forward,Monterotondo,?,out,Summer,NA,Serie A,2005,2005/2006
FC Messina Peloro,Raffaele Sorriso,17,Goalkeeper,AC Scafatese,?,out,Summer,NA,Serie A,2005,2005/2006
FC Messina Peloro,Alessandro Cucciari,35,Defensive Midfield,Lucchese,?,out,Summer,NA,Serie A,2005,2005/2006
FC Messina Peloro,Alessandro Demetrio Greco,25,Goalkeeper,SC YF Juventus,?,out,Summer,NA,Serie A,2005,2005/2006
FC Messina Peloro,Francesco Morga,19,Centre-Forward,Genoa,loan transfer,out,Summer,NA,Serie A,2005,2005/2006
FC Messina Peloro,Andrea Gentile,25,Central Midfield,Torino,loan transfer,out,Summer,NA,Serie A,2005,2005/2006
FC Messina Peloro,Davide Arigò,20,Right Winger,Stabia,loan transfer,out,Summer,NA,Serie A,2005,2005/2006
FC Messina Peloro,Giuseppe Santoro,17,Goalkeeper,Cervia,loan transfer,out,Summer,NA,Serie A,2005,2005/2006
FC Messina Peloro,Atsushi Yanagisawa,28,Centre-Forward,Sampdoria,"End of loanJun 30, 2005",out,Summer,0,Serie A,2005,2005/2006
SS Lazio,Valon Behrami,20,Defensive Midfield,Genoa,£5.40m,in,Summer,5.4,Serie A,2005,2005/2006
SS Lazio,Igli Tare,31,Centre-Forward,Bologna,£540Th.,in,Summer,0.54,Serie A,2005,2005/2006
SS Lazio,Fabio Firmani,27,Central Midfield,Catania,free transfer,in,Summer,NA,Serie A,2005,2005/2006
SS Lazio,Marco Ballotta,41,Goalkeeper,Treviso,free transfer,in,Summer,NA,Serie A,2005,2005/2006
SS Lazio,Christian Keller,24,Defensive Midfield,Viborg FF,free transfer,in,Summer,NA,Serie A,2005,2005/2006
SS Lazio,Guglielmo Stendardo,24,Centre-Back,Perugia,free transfer,in,Summer,NA,Serie A,2005,2005/2006
SS Lazio,Gaby Mudingayi,23,Defensive Midfield,Torino,free transfer,in,Summer,NA,Serie A,2005,2005/2006
SS Lazio,Manuel Belleri,27,Right-Back,Udinese,?,in,Summer,NA,Serie A,2005,2005/2006
SS Lazio,Andrea Giallombardo,24,Left-Back,AS Livorno,loan transfer,in,Summer,NA,Serie A,2005,2005/2006
SS Lazio,Cribari,25,Centre-Back,Udinese,loan transfer,in,Summer,NA,Serie A,2005,2005/2006
SS Lazio,Felice Piccolo,21,Centre-Back,Juventus,loan transfer,in,Summer,NA,Serie A,2005,2005/2006
SS Lazio,Daniele Greco,17,Central Midfield,Lazio U19,-,in,Summer,0,Serie A,2005,2005/2006
SS Lazio,Fabio Zaccardi,18,defence,Lazio U19,-,in,Summer,0,Serie A,2005,2005/2006
SS Lazio,Alessio De Angelis,20,Goalkeeper,Lazio U19,-,in,Summer,0,Serie A,2005,2005/2006
SS Lazio,Anthony Seric,26,Left-Back,Panathinaikos,£1.80m,out,Summer,1.8,Serie A,2005,2005/2006
SS Lazio,Giuliano Giannichedda,30,Defensive Midfield,Juventus,free transfer,out,Summer,NA,Serie A,2005,2005/2006
SS Lazio,Paolo Negro,33,Centre-Back,Siena,free transfer,out,Summer,NA,Serie A,2005,2005/2006
SS Lazio,Roberto Muzzi,33,Centre-Forward,Torino,free transfer,out,Summer,NA,Serie A,2005,2005/2006
SS Lazio,Fabrizio Casazza,34,Goalkeeper,Pavia,free transfer,out,Summer,NA,Serie A,2005,2005/2006
SS Lazio,Dino Baggio,33,Defensive Midfield,Triestina,free transfer,out,Summer,NA,Serie A,2005,2005/2006
SS Lazio,Fernando Couto,35,Centre-Back,Parma,free transfer,out,Summer,NA,Serie A,2005,2005/2006
SS Lazio,Matteo Morici,20,Central Midfield,Viterbo,?,out,Summer,NA,Serie A,2005,2005/2006
SS Lazio,Esteban González,26,Defensive Midfield,Gimnasia,?,out,Summer,NA,Serie A,2005,2005/2006
SS Lazio,Claudio De Sousa,19,Centre-Forward,Torino,?,out,Summer,NA,Serie A,2005,2005/2006
SS Lazio,Matías Lequi,24,Centre-Back,Celta de Vigo,loan transfer,out,Summer,NA,Serie A,2005,2005/2006
SS Lazio,Simone Sannibale,19,Centre-Back,Salernitana,loan transfer,out,Summer,NA,Serie A,2005,2005/2006
SS Lazio,Leonardo Talamonti,23,Centre-Back,Rosario Central,"End of loanJun 30, 2005",out,Summer,0,Serie A,2005,2005/2006
SS Lazio,Óscar López,25,Right-Back,Barcelona,"End of loanJun 30, 2005",out,Summer,0,Serie A,2005,2005/2006
SS Lazio,Leonardo Colucci,32,Central Midfield,Bologna,"End of loanJun 30, 2005",out,Summer,0,Serie A,2005,2005/2006
SS Lazio,Emanuele Filippini,31,Central Midfield,US Palermo,"End of loanJun 30, 2005",out,Summer,0,Serie A,2005,2005/2006
SS Lazio,Fabio Bazzani,28,Centre-Forward,Sampdoria,"End of loanJun 30, 2005",out,Summer,0,Serie A,2005,2005/2006
ACF Fiorentina,Luca Toni,28,Centre-Forward,US Palermo,£9.00m,in,Summer,9,Serie A,2005,2005/2006
ACF Fiorentina,Manuel Pasqual,23,Left-Back,Arezzo,£5.40m,in,Summer,5.4,Serie A,2005,2005/2006
ACF Fiorentina,Riccardo Montolivo,20,Defensive Midfield,Atalanta BC,£4.95m,in,Summer,4.95,Serie A,2005,2005/2006
ACF Fiorentina,Alessandro Gamberini,23,Centre-Back,Bologna,£2.70m,in,Summer,2.7,Serie A,2005,2005/2006
ACF Fiorentina,Marco Donadel,22,Defensive Midfield,AC Milan,£1.17m,in,Summer,1.17,Serie A,2005,2005/2006
ACF Fiorentina,Michele Pazienza,22,Defensive Midfield,Udinese,Loan fee:£630Th.,in,Summer,0.63,Serie A,2005,2005/2006
ACF Fiorentina,Guly,23,Attacking Midfield,Perugia,free transfer,in,Summer,NA,Serie A,2005,2005/2006
ACF Fiorentina,Cristian Brocchi,29,Central Midfield,AC Milan,loan transfer,in,Summer,NA,Serie A,2005,2005/2006
ACF Fiorentina,Stefano Fiore,30,Attacking Midfield,Valencia,loan transfer,in,Summer,NA,Serie A,2005,2005/2006
ACF Fiorentina,Sébastien Frey,25,Goalkeeper,Parma,loan transfer,in,Summer,NA,Serie A,2005,2005/2006
ACF Fiorentina,Marco Di Loreto,30,Centre-Back,Perugia,?,in,Summer,NA,Serie A,2005,2005/2006
ACF Fiorentina,Giuseppe Pancaro,33,Right-Back,AC Milan,?,in,Summer,NA,Serie A,2005,2005/2006
ACF Fiorentina,Giorgio Chiellini,20,Centre-Back,Juventus,£6.93m,out,Summer,6.93,Serie A,2005,2005/2006
ACF Fiorentina,Fabrizio Miccoli,26,Centre-Forward,Juventus,£2.15m,out,Summer,2.15,Serie A,2005,2005/2006
ACF Fiorentina,Daniele De Vezze,25,Central Midfield,Genoa,£90Th.,out,Summer,0.09,Serie A,2005,2005/2006
ACF Fiorentina,Christian Obodo,21,Central Midfield,Udinese,free transfer,out,Summer,NA,Serie A,2005,2005/2006
ACF Fiorentina,Luigi Piangerelli,31,Defensive Midfield,Brescia,free transfer,out,Summer,NA,Serie A,2005,2005/2006
ACF Fiorentina,Daniele Delli Carri,33,Centre-Back,Pescara,free transfer,out,Summer,NA,Serie A,2005,2005/2006
ACF Fiorentina,Sascha Pichler,19,Attacking Midfield,LASK,free transfer,out,Summer,NA,Serie A,2005,2005/2006
ACF Fiorentina,William Viali,30,Centre-Back,Treviso,?,out,Summer,NA,Serie A,2005,2005/2006
ACF Fiorentina,Luca Ariatti,26,Central Midfield,Atalanta BC,?,out,Summer,NA,Serie A,2005,2005/2006
ACF Fiorentina,Davide Cascione,18,midfield,Pistoiese,?,out,Summer,NA,Serie A,2005,2005/2006
ACF Fiorentina,Matteo Sala,20,attack,Cremapergo,?,out,Summer,NA,Serie A,2005,2005/2006
ACF Fiorentina,Michele Arrigoni,19,midfield,Pergocrema,?,out,Summer,NA,Serie A,2005,2005/2006
ACF Fiorentina,Enrico Fantini,29,Centre-Forward,Torino,?,out,Summer,NA,Serie A,2005,2005/2006
ACF Fiorentina,Antonio Rizzo,24,Right-Back,Perugia,?,out,Summer,NA,Serie A,2005,2005/2006
ACF Fiorentina,Mirko Savini,26,Left-Back,Napoli,?,out,Summer,NA,Serie A,2005,2005/2006
ACF Fiorentina,Hidetoshi Nakata,28,Attacking Midfield,Bolton,loan transfer,out,Summer,NA,Serie A,2005,2005/2006
ACF Fiorentina,Cristiano Lupatelli,27,Goalkeeper,Parma,loan transfer,out,Summer,NA,Serie A,2005,2005/2006
ACF Fiorentina,Christian Riganó,31,Centre-Forward,Empoli,loan transfer,out,Summer,NA,Serie A,2005,2005/2006
ACF Fiorentina,Francesco Palmieri,29,Goalkeeper,Without Club,-,out,Summer,0,Serie A,2005,2005/2006
ACF Fiorentina,Marco Donadel,22,Defensive Midfield,AC Milan,"End of loanJun 30, 2005",out,Summer,0,Serie A,2005,2005/2006
ACF Fiorentina,Enzo Maresca,25,Central Midfield,Juventus,"End of loanJun 30, 2005",out,Summer,0,Serie A,2005,2005/2006
ACF Fiorentina,Angelo Di Livio,38,Right Midfield,Retired,-,out,Summer,0,Serie A,2005,2005/2006
US Lecce,Philippe Billy,23,Right-Back,RAEC Mons,free transfer,in,Summer,NA,Serie A,2005,2005/2006
US Lecce,Francesco Benussi,23,Goalkeeper,SSC Venezia,free transfer,in,Summer,NA,Serie A,2005,2005/2006
US Lecce,Alessio Carteni,20,Right-Back,Potenza SC,?,in,Summer,NA,Serie A,2005,2005/2006
US Lecce,Raffaele Schiavi,19,Centre-Back,Salernitana,?,in,Summer,NA,Serie A,2005,2005/2006
US Lecce,Angelo,24,Right-Back,Criciúma EC,?,in,Summer,NA,Serie A,2005,2005/2006
US Lecce,Alfonso Camorani,27,Central Midfield,Siena,?,in,Summer,NA,Serie A,2005,2005/2006
US Lecce,Tiziano Polenghi,26,Centre-Back,Salernitana,?,in,Summer,NA,Serie A,2005,2005/2006
US Lecce,Marco Pecorari,27,Centre-Back,Triestina,?,in,Summer,NA,Serie A,2005,2005/2006
US Lecce,Gennaro Delvecchio,27,Central Midfield,Sampdoria,loan transfer,in,Summer,NA,Serie A,2005,2005/2006
US Lecce,Andrea Esposito,19,Centre-Back,Lecce U19,-,in,Summer,0,Serie A,2005,2005/2006
US Lecce,Davide Petrachi,18,Goalkeeper,Lecce U19,-,in,Summer,0,Serie A,2005,2005/2006
US Lecce,Italo Mattioli,20,Centre-Forward,Lecce U19,-,in,Summer,0,Serie A,2005,2005/2006
US Lecce,Davide Giorgino,20,Central Midfield,Lecce U19,-,in,Summer,0,Serie A,2005,2005/2006
US Lecce,Azdren Krasniqi,18,midfield,VfV Hildesheim,free transfer,out,Summer,NA,Serie A,2005,2005/2006
US Lecce,Arnaud Kouyo,21,Centre-Back,FK Most,free transfer,out,Summer,NA,Serie A,2005,2005/2006
US Lecce,Vukasin Poleksic,22,Goalkeeper,Sutjeska Niksic,free transfer,out,Summer,NA,Serie A,2005,2005/2006
US Lecce,Bruno Cirillo,28,Centre-Back,AEK Athens,free transfer,out,Summer,NA,Serie A,2005,2005/2006
US Lecce,Massimo Paci,27,Centre-Back,Ascoli,?,out,Summer,NA,Serie A,2005,2005/2006
US Lecce,Luca Anania,25,Goalkeeper,Catanzaro,?,out,Summer,NA,Serie A,2005,2005/2006
US Lecce,Sasa Bjelanovic,26,Centre-Forward,Ascoli,?,out,Summer,NA,Serie A,2005,2005/2006
US Lecce,Antonio Rosati,22,Goalkeeper,Sambenedettese,loan transfer,out,Summer,NA,Serie A,2005,2005/2006
US Lecce,Drissa Diarra,19,Defensive Midfield,Perugia,loan transfer,out,Summer,NA,Serie A,2005,2005/2006
US Lecce,Cristian Agnelli,19,Central Midfield,Stabia,loan transfer,out,Summer,NA,Serie A,2005,2005/2006
US Lecce,Samuele Dalla Bona,24,Central Midfield,AC Milan,"End of loanJun 30, 2005",out,Summer,0,Serie A,2005,2005/2006
AS Livorno,Francesco Coco,28,Left-Back,Inter,Loan fee:£270Th.,in,Summer,0.27,Serie A,2005,2005/2006
AS Livorno,Gabriele Falchini,18,Centre-Forward,Aglianese,free transfer,in,Summer,NA,Serie A,2005,2005/2006
AS Livorno,Edoardo Grosso,18,Centre-Forward,Sampdoria U19,free transfer,in,Summer,NA,Serie A,2005,2005/2006
AS Livorno,Ibrahima Bakayoko,28,Centre-Forward,FC Istres,free transfer,in,Summer,NA,Serie A,2005,2005/2006
AS Livorno,César Prates,30,Right-Back,Botafogo,free transfer,in,Summer,NA,Serie A,2005,2005/2006
AS Livorno,Nikola Lazetic,27,Right Winger,Genoa,free transfer,in,Summer,NA,Serie A,2005,2005/2006
AS Livorno,Stefano Morrone,26,Central Midfield,US Palermo,?,in,Summer,NA,Serie A,2005,2005/2006
AS Livorno,Leonardo Da Silva,18,attack,Londrina-PR,?,in,Summer,NA,Serie A,2005,2005/2006
AS Livorno,Paolo Ginestra,26,Goalkeeper,Vis Pesaro,?,in,Summer,NA,Serie A,2005,2005/2006
AS Livorno,Luis Fernando Centi,28,Central Midfield,Treviso,?,in,Summer,NA,Serie A,2005,2005/2006
AS Livorno,Giuseppe Colucci,24,Central Midfield,Hellas Verona,loan transfer,in,Summer,NA,Serie A,2005,2005/2006
AS Livorno,Paolo Acerbis,24,Goalkeeper,UC AlbinoLeffe,loan transfer,in,Summer,NA,Serie A,2005,2005/2006
AS Livorno,Diego De Ascentis,29,Defensive Midfield,Torino,loan transfer,in,Summer,NA,Serie A,2005,2005/2006
AS Livorno,Raffaele Palladino,21,Left Winger,Juventus,loan transfer,in,Summer,NA,Serie A,2005,2005/2006
AS Livorno,Luca Vigiani,28,Right Midfield,Reggina,Loan fee:£360Th.,out,Summer,0.36,Serie A,2005,2005/2006
AS Livorno,Alessandro Doga,29,Left Midfield,Mantova,free transfer,out,Summer,NA,Serie A,2005,2005/2006
AS Livorno,Simone Marianelli,18,Goalkeeper,Cuoio Cappiano,?,out,Summer,NA,Serie A,2005,2005/2006
AS Livorno,Gianmatteo Mareggini,38,Goalkeeper,Pistoiese,?,out,Summer,NA,Serie A,2005,2005/2006
AS Livorno,Corrado Colombo,25,Centre-Forward,Ascoli,?,out,Summer,NA,Serie A,2005,2005/2006
AS Livorno,Claudio Grauso,26,Defensive Midfield,Mantova,?,out,Summer,NA,Serie A,2005,2005/2006
AS Livorno,José Luís Vidigal,32,Central Midfield,Udinese,?,out,Summer,NA,Serie A,2005,2005/2006
AS Livorno,Andrea Giallombardo,24,Left-Back,Lazio,loan transfer,out,Summer,NA,Serie A,2005,2005/2006
AS Livorno,Tomas Danilevicius,26,Centre-Forward,Avellino,loan transfer,out,Summer,NA,Serie A,2005,2005/2006
AS Livorno,Emmanuel Osei,22,Defensive Midfield,FC Timisoara,loan transfer,out,Summer,NA,Serie A,2005,2005/2006
AS Livorno,Luca Mazzoni,21,Goalkeeper,Pavia,loan transfer,out,Summer,NA,Serie A,2005,2005/2006
AS Livorno,Igor Protti,37,Centre-Forward,Retired,-,out,Summer,0,Serie A,2005,2005/2006
AS Livorno,Mario Licka,23,Attacking Midfield,Banik Ostrava,"End of loanJun 30, 2005",out,Summer,0,Serie A,2005,2005/2006
Cagliari Calcio,Michele Canini,20,Centre-Back,Atalanta BC,£4.50m,in,Summer,4.5,Serie A,2005,2005/2006
Cagliari Calcio,Luca Tomasig,22,Goalkeeper,Belluno,free transfer,in,Summer,NA,Serie A,2005,2005/2006
Cagliari Calcio,Alessandro Budel,24,Defensive Midfield,AC Milan,?,in,Summer,NA,Serie A,2005,2005/2006
Cagliari Calcio,Joe Bizera,25,Centre-Back,Peñarol,?,in,Summer,NA,Serie A,2005,2005/2006
Cagliari Calcio,Claudio Ferrarese,26,Right Winger,Salernitana,?,in,Summer,NA,Serie A,2005,2005/2006
Cagliari Calcio,Alessandro Conticchio,31,Central Midfield,Torino,?,in,Summer,NA,Serie A,2005,2005/2006
Cagliari Calcio,Andrea Campagnolo,27,Goalkeeper,Triestina,?,in,Summer,NA,Serie A,2005,2005/2006
Cagliari Calcio,Andrea Cossu,25,Attacking Midfield,Hellas Verona,?,in,Summer,NA,Serie A,2005,2005/2006
Cagliari Calcio,Fabián Carini,25,Goalkeeper,Inter,loan transfer,in,Summer,NA,Serie A,2005,2005/2006
Cagliari Calcio,Claudio Pani,19,Defensive Midfield,Cagliari U19,-,in,Summer,0,Serie A,2005,2005/2006
Cagliari Calcio,Andrea Cocco,19,Centre-Forward,Cagliari U19,-,in,Summer,0,Serie A,2005,2005/2006
Cagliari Calcio,Nicola Lai,19,midfield,Cagliari U19,-,in,Summer,0,Serie A,2005,2005/2006
Cagliari Calcio,Theofanis Katergiannakis,31,Goalkeeper,Iraklis,free transfer,out,Summer,NA,Serie A,2005,2005/2006
Cagliari Calcio,Gianfranco Zola,38,Second Striker,APIA Leichhardt,free transfer,out,Summer,NA,Serie A,2005,2005/2006
Cagliari Calcio,Marcello Albino,33,Left Winger,Triestina,?,out,Summer,NA,Serie A,2005,2005/2006
Cagliari Calcio,Sebastiano Pinna,34,midfield,Torres,?,out,Summer,NA,Serie A,2005,2005/2006
Cagliari Calcio,Davide Capello,20,Goalkeeper,Olbia,?,out,Summer,NA,Serie A,2005,2005/2006
Cagliari Calcio,Alex Brunner,31,Goalkeeper,Lucchese,?,out,Summer,NA,Serie A,2005,2005/2006
Cagliari Calcio,Simone Farci,20,Central Midfield,Rieti,?,out,Summer,NA,Serie A,2005,2005/2006
Cagliari Calcio,Loris Del Nevo,30,Central Midfield,Triestina,?,out,Summer,NA,Serie A,2005,2005/2006
Cagliari Calcio,Rolando Bianchi,22,Centre-Forward,Reggina,?,out,Summer,NA,Serie A,2005,2005/2006
Cagliari Calcio,Gennaro Iezzo,32,Goalkeeper,Napoli,?,out,Summer,NA,Serie A,2005,2005/2006
Cagliari Calcio,Roberto Maltagliati,36,Centre-Back,Spezia,?,out,Summer,NA,Serie A,2005,2005/2006
Cagliari Calcio,Massimo Brambilla,32,Central Midfield,Mantova,?,out,Summer,NA,Serie A,2005,2005/2006
Cagliari Calcio,Simone Loria,28,Centre-Back,Atalanta BC,?,out,Summer,NA,Serie A,2005,2005/2006
Cagliari Calcio,Rocco Sabato,23,Left-Back,Catania,?,out,Summer,NA,Serie A,2005,2005/2006
Cagliari Calcio,Édgar Álvarez,25,Right Midfield,Peñarol,"End of loanJun 30, 2005",out,Summer,0,Serie A,2005,2005/2006
Cagliari Calcio,Alessandro Budel,24,Defensive Midfield,AC Milan,"End of loanJun 30, 2005",out,Summer,0,Serie A,2005,2005/2006
Reggina Calcio,Luca Rigoni,20,Central Midfield,Vicenza,£1.44m,in,Summer,1.44,Serie A,2005,2005/2006
Reggina Calcio,Davide Biondini,22,Central Midfield,Vicenza,£1.08m,in,Summer,1.08,Serie A,2005,2005/2006
Reggina Calcio,Luca Vigiani,28,Right Midfield,AS Livorno,Loan fee:£360Th.,in,Summer,0.36,Serie A,2005,2005/2006
Reggina Calcio,Nicola Amoruso,30,Centre-Forward,Messina Peloro,free transfer,in,Summer,NA,Serie A,2005,2005/2006
Reggina Calcio,Alessandro Zoppetti,26,Centre-Back,Treviso,free transfer,in,Summer,NA,Serie A,2005,2005/2006
Reggina Calcio,Salvatore Vicari,24,Right Midfield,Catanzaro,free transfer,in,Summer,NA,Serie A,2005,2005/2006
Reggina Calcio,Francesco Modesto,23,Left-Back,US Palermo,?,in,Summer,NA,Serie A,2005,2005/2006
Reggina Calcio,Gianluca Macrì,22,Right Winger,Cisco Lodigiani,?,in,Summer,NA,Serie A,2005,2005/2006
Reggina Calcio,Bruno Lança,22,midfield,Juventude,?,in,Summer,NA,Serie A,2005,2005/2006
Reggina Calcio,Antonio Saviano,21,Goalkeeper,Napoli,?,in,Summer,NA,Serie A,2005,2005/2006
Reggina Calcio,Antonio Giosa,21,Centre-Back,Modena,?,in,Summer,NA,Serie A,2005,2005/2006
Reggina Calcio,Maurizio Lanzaro,23,Centre-Back,Salernitana,?,in,Summer,NA,Serie A,2005,2005/2006
Reggina Calcio,Rolando Bianchi,22,Centre-Forward,Cagliari Calcio,?,in,Summer,NA,Serie A,2005,2005/2006
Reggina Calcio,Simone Cavalli,26,Centre-Forward,Cesena,?,in,Summer,NA,Serie A,2005,2005/2006
Reggina Calcio,Filippo Carobbio,25,Central Midfield,UC AlbinoLeffe,?,in,Summer,NA,Serie A,2005,2005/2006
Reggina Calcio,Francesco Cozza,31,Attacking Midfield,Siena,loan transfer,in,Summer,NA,Serie A,2005,2005/2006
Reggina Calcio,Maurizio Lauro,24,Centre-Back,Ascoli,loan transfer,in,Summer,NA,Serie A,2005,2005/2006
Reggina Calcio,Ivan Castiglia,17,Central Midfield,Reggina Primaver,-,in,Summer,0,Serie A,2005,2005/2006
Reggina Calcio,Fabio Ceravolo,18,Centre-Forward,Reggina Primaver,-,in,Summer,0,Serie A,2005,2005/2006
Reggina Calcio,Simone Missiroli,19,Central Midfield,Reggina Primaver,-,in,Summer,0,Serie A,2005,2005/2006
Reggina Calcio,Mozart,25,Defensive Midfield,Spartak Moscow,£4.05m,out,Summer,4.05,Serie A,2005,2005/2006
Reggina Calcio,Shunsuke Nakamura,27,Attacking Midfield,Celtic,£3.78m,out,Summer,3.78,Serie A,2005,2005/2006
Reggina Calcio,Emiliano Bonazzoli,26,Centre-Forward,Parma,£3.74m,out,Summer,3.74,Serie A,2005,2005/2006
Reggina Calcio,Erjon Bogdani,28,Centre-Forward,Siena,£1.35m,out,Summer,1.35,Serie A,2005,2005/2006
Reggina Calcio,Ricardo Esteves,25,Right-Back,Vicenza,loan transfer,out,Summer,NA,Serie A,2005,2005/2006
Reggina Calcio,Bartolomeo Versace,19,midfield,Unknown,?,out,Summer,NA,Serie A,2005,2005/2006
Reggina Calcio,Salvatore Soviero,32,Goalkeeper,FC Crotone,?,out,Summer,NA,Serie A,2005,2005/2006
Reggina Calcio,Jacopo Balestri,30,Left-Back,Torino,?,out,Summer,NA,Serie A,2005,2005/2006
Reggina Calcio,Gonzalo Martínez,29,Right-Back,Deportes Tolima,?,out,Summer,NA,Serie A,2005,2005/2006
Reggina Calcio,Marco Zamboni,27,Centre-Back,Sampdoria,loan transfer,out,Summer,NA,Serie A,2005,2005/2006
Reggina Calcio,Davide Dionigi,31,Centre-Forward,Ternana,loan transfer,out,Summer,NA,Serie A,2005,2005/2006
Reggina Calcio,Emanuele Belardi,27,Goalkeeper,Catanzaro,loan transfer,out,Summer,NA,Serie A,2005,2005/2006
Reggina Calcio,Francesco Cosenza,19,Centre-Back,Novara,loan transfer,out,Summer,NA,Serie A,2005,2005/2006
Reggina Calcio,Ricardo Verón,24,Central Midfield,San Lorenzo,loan transfer,out,Summer,NA,Serie A,2005,2005/2006
Reggina Calcio,Giacomo Mazzi,26,Goalkeeper,Without Club,-,out,Summer,0,Serie A,2005,2005/2006
Reggina Calcio,Giuseppe Colucci,24,Central Midfield,Hellas Verona,"End of loanJun 30, 2005",out,Summer,0,Serie A,2005,2005/2006
Reggina Calcio,Ivan Pelizzoli,25,Goalkeeper,AS Roma,"End of loanMay 1, 2006",out,Summer,0,Serie A,2005,2005/2006
Reggina Calcio,Felice Piccolo,21,Centre-Back,Juventus,"End of loanJun 30, 2005",out,Summer,0,Serie A,2005,2005/2006
Reggina Calcio,Viktor Budyanskiy,21,Central Midfield,Juventus U19,"End of loanJun 30, 2005",out,Summer,0,Serie A,2005,2005/2006
Reggina Calcio,Saidu Alade Adeshina,22,Centre-Forward,Teramo,"End of loanJun 30, 2005",out,Summer,0,Serie A,2005,2005/2006
Reggina Calcio,Marco Borriello,23,Centre-Forward,AC Milan,"End of loanJun 30, 2005",out,Summer,0,Serie A,2005,2005/2006
AC Siena,Erjon Bogdani,28,Centre-Forward,Reggina,£1.35m,in,Summer,1.35,Serie A,2005,2005/2006
AC Siena,Daniele Gastaldello,22,Centre-Back,Juventus,£405Th.,in,Summer,0.405,Serie A,2005,2005/2006
AC Siena,Paolo Negro,33,Centre-Back,Lazio,free transfer,in,Summer,NA,Serie A,2005,2005/2006
AC Siena,Massimo Marazzina,30,Centre-Forward,Torino,free transfer,in,Summer,NA,Serie A,2005,2005/2006
AC Siena,Cristian Molinaro,21,Left-Back,Salernitana,free transfer,in,Summer,NA,Serie A,2005,2005/2006
AC Siena,Rey Volpato,18,Centre-Forward,Juventus,loan transfer,in,Summer,NA,Serie A,2005,2005/2006
AC Siena,Antonio Mirante,21,Goalkeeper,Juventus,loan transfer,in,Summer,NA,Serie A,2005,2005/2006
AC Siena,Davide Zomer,27,Goalkeeper,Treviso,?,in,Summer,NA,Serie A,2005,2005/2006
AC Siena,Tomas Locatelli,29,Attacking Midfield,Bologna,?,in,Summer,NA,Serie A,2005,2005/2006
AC Siena,Alberto Valentim,30,Right Midfield,Udinese,?,in,Summer,NA,Serie A,2005,2005/2006
AC Siena,Matteo Paro,22,Central Midfield,Juventus,loan transfer,in,Summer,NA,Serie A,2005,2005/2006
AC Siena,Nicola Legrottaglie,28,Centre-Back,Juventus,loan transfer,in,Summer,NA,Serie A,2005,2005/2006
AC Siena,Roberto Nanni,23,Centre-Forward,Dynamo Kyiv,loan transfer,in,Summer,NA,Serie A,2005,2005/2006
AC Siena,Douglas Packer,18,Attacking Midfield,Juventus,loan transfer,in,Summer,NA,Serie A,2005,2005/2006
AC Siena,Jonathan Bachini,30,Left Midfield,Without Club,-,in,Summer,0,Serie A,2005,2005/2006
AC Siena,Pasquale Iadaresta,19,Centre-Forward,Siena Junior,-,in,Summer,0,Serie A,2005,2005/2006
AC Siena,Adriano Zancopè,33,Goalkeeper,Treviso,free transfer,out,Summer,NA,Serie A,2005,2005/2006
AC Siena,Rodrigo Taddei,25,Right Winger,AS Roma,free transfer,out,Summer,NA,Serie A,2005,2005/2006
AC Siena,Tore André Flo,32,Centre-Forward,Vålerenga,free transfer,out,Summer,NA,Serie A,2005,2005/2006
AC Siena,Carlos Arano,25,Left-Back,Quilmes,free transfer,out,Summer,NA,Serie A,2005,2005/2006
AC Siena,Stefano Argilli,32,Right-Back,Modena,free transfer,out,Summer,NA,Serie A,2005,2005/2006
AC Siena,Andrea Ardito,28,Defensive Midfield,Torino,?,out,Summer,NA,Serie A,2005,2005/2006
AC Siena,Simone Marini,23,Centre-Forward,Olbia,?,out,Summer,NA,Serie A,2005,2005/2006
AC Siena,Simone Farelli,22,Goalkeeper,Vittoria Calcio,?,out,Summer,NA,Serie A,2005,2005/2006
AC Siena,Matteo Innocenti,19,midfield,Andria,?,out,Summer,NA,Serie A,2005,2005/2006
AC Siena,Alfonso Camorani,27,Central Midfield,Lecce,?,out,Summer,NA,Serie A,2005,2005/2006
AC Siena,Fernando,24,Defensive Midfield,G. Bordeaux,loan transfer,out,Summer,NA,Serie A,2005,2005/2006
AC Siena,Francesco Cozza,31,Attacking Midfield,Reggina,loan transfer,out,Summer,NA,Serie A,2005,2005/2006
AC Siena,Simone Bonomi,24,Left-Back,Hellas Verona,loan transfer,out,Summer,NA,Serie A,2005,2005/2006
AC Siena,Alexander Manninger,28,Goalkeeper,Bologna,"End of loanJun 30, 2005",out,Summer,0,Serie A,2005,2005/2006
AC Siena,Bruno Cirillo,28,Centre-Back,Lecce,"End of loanJun 30, 2005",out,Summer,0,Serie A,2005,2005/2006
AC Siena,Daniele Di Donato,28,Central Midfield,US Palermo,"End of loanJun 30, 2005",out,Summer,0,Serie A,2005,2005/2006
AC Siena,Giovanni Pasquale,23,Left-Back,Inter,"End of loanJun 30, 2005",out,Summer,0,Serie A,2005,2005/2006
AC Siena,Alberto Valentim,30,Right Midfield,Udinese,"End of loanJun 30, 2005",out,Summer,0,Serie A,2005,2005/2006
AC Siena,Davide Nicola,32,Right-Back,Ternana,"End of loanJun 30, 2005",out,Summer,0,Serie A,2005,2005/2006
AC Siena,Fabio Pecchia,31,Right Midfield,Bologna,"End of loanJun 30, 2005",out,Summer,0,Serie A,2005,2005/2006
AC Siena,Davide Chiumiento,20,Attacking Midfield,Juventus,"End of loanJun 30, 2005",out,Summer,0,Serie A,2005,2005/2006
Chievo Verona,Federico Giunti,33,Defensive Midfield,Bologna,£225Th.,in,Summer,0.225,Serie A,2005,2005/2006
Chievo Verona,Alberto Fontana,38,Goalkeeper,Inter,free transfer,in,Summer,NA,Serie A,2005,2005/2006
Chievo Verona,Antonis Natsouras,25,Centre-Back,Ionikos Nikeas,free transfer,in,Summer,NA,Serie A,2005,2005/2006
Chievo Verona,Andrea Mantovani,21,Centre-Back,Torino,free transfer,in,Summer,NA,Serie A,2005,2005/2006
Chievo Verona,Giovanni Marchese,20,Left-Back,Torino,free transfer,in,Summer,NA,Serie A,2005,2005/2006
Chievo Verona,Lorenzo Squizzi,31,Goalkeeper,Perugia,free transfer,in,Summer,NA,Serie A,2005,2005/2006
Chievo Verona,Emiliano Landolina,18,midfield,Roma U19,?,in,Summer,NA,Serie A,2005,2005/2006
Chievo Verona,Riccardo Musetti,22,Centre-Forward,Imolese,?,in,Summer,NA,Serie A,2005,2005/2006
Chievo Verona,Yuri Breviario,22,Central Midfield,Vittoria Calcio,?,in,Summer,NA,Serie A,2005,2005/2006
Chievo Verona,Victor Obinna,18,Second Striker,Enyimba Aba,?,in,Summer,NA,Serie A,2005,2005/2006
Chievo Verona,Giuseppe Scurto,21,Centre-Back,AS Roma,?,in,Summer,NA,Serie A,2005,2005/2006
Chievo Verona,Filippo Antonelli Agomeri,26,Right Winger,Ascoli,?,in,Summer,NA,Serie A,2005,2005/2006
Chievo Verona,Cesare Rickler,18,Centre-Back,Chievo U19,-,in,Summer,0,Serie A,2005,2005/2006
Chievo Verona,Marcus N'Ze,19,Centre-Back,Chievo Youth,-,in,Summer,0,Serie A,2005,2005/2006
Chievo Verona,Paolo Codognola,24,Goalkeeper,Modica Calcio,free transfer,out,Summer,NA,Serie A,2005,2005/2006
Chievo Verona,John Mensah,22,Centre-Back,Cremonese,loan transfer,out,Summer,NA,Serie A,2005,2005/2006
Chievo Verona,Salvatore Bruno,25,Centre-Forward,Brescia,loan transfer,out,Summer,NA,Serie A,2005,2005/2006
Chievo Verona,Riccardo Musetti,22,Centre-Forward,Massese,?,out,Summer,NA,Serie A,2005,2005/2006
Chievo Verona,Massimiliano Fusani,25,Central Midfield,Modena,?,out,Summer,NA,Serie A,2005,2005/2006
Chievo Verona,Sergio Marcon,34,Goalkeeper,Vicenza,?,out,Summer,NA,Serie A,2005,2005/2006
Chievo Verona,Giuseppe Aquaro,22,Centre-Back,AC Bellinzona,?,out,Summer,NA,Serie A,2005,2005/2006
Chievo Verona,Andrea Mengoni,21,Centre-Back,Cesena,loan transfer,out,Summer,NA,Serie A,2005,2005/2006
Chievo Verona,Mattia Marchesetti,21,Left Winger,Cremonese,loan transfer,out,Summer,NA,Serie A,2005,2005/2006
Chievo Verona,Marcus N'Ze,19,Centre-Back,FC Canavese,loan transfer,out,Summer,NA,Serie A,2005,2005/2006
Chievo Verona,Marcos De Paula,21,Centre-Forward,Pro Sesto,loan transfer,out,Summer,NA,Serie A,2005,2005/2006
Chievo Verona,Francesco Carbone,25,Right-Back,Ascoli,loan transfer,out,Summer,NA,Serie A,2005,2005/2006
Chievo Verona,Davide Succi,23,Centre-Forward,Ravenna,loan transfer,out,Summer,NA,Serie A,2005,2005/2006
Chievo Verona,Stefano Garzon,23,Defensive Midfield,Cremonese,loan transfer,out,Summer,NA,Serie A,2005,2005/2006
Chievo Verona,Tommaso Chiecchi,25,Centre-Back,Modena,loan transfer,out,Summer,NA,Serie A,2005,2005/2006
Chievo Verona,Luca Marchegiani,39,Goalkeeper,Retired,-,out,Summer,0,Serie A,2005,2005/2006
Chievo Verona,Simone Rizzato,23,Left-Back,Torino,"End of loanJun 30, 2005",out,Summer,0,Serie A,2005,2005/2006
Chievo Verona,Alessandro Potenza,21,Centre-Back,Inter,"End of loanJun 30, 2005",out,Summer,0,Serie A,2005,2005/2006
Parma FC,Domenico Morfeo,29,Attacking Midfield,Inter,£6.75m,in,Summer,6.75,Serie A,2005,2005/2006
Parma FC,Emiliano Bonazzoli,26,Centre-Forward,Reggina,£3.74m,in,Summer,3.74,Serie A,2005,2005/2006
Parma FC,Ferdinand Coly,31,Right-Back,Perugia,free transfer,in,Summer,NA,Serie A,2005,2005/2006
Parma FC,Marco Delvecchio,32,Centre-Forward,Brescia,free transfer,in,Summer,NA,Serie A,2005,2005/2006
Parma FC,Fernando Couto,35,Centre-Back,Lazio,free transfer,in,Summer,NA,Serie A,2005,2005/2006
Parma FC,Bernardo Corradi,29,Centre-Forward,Valencia,loan transfer,in,Summer,NA,Serie A,2005,2005/2006
Parma FC,Giovanni Pasquale,23,Left-Back,Inter,loan transfer,in,Summer,NA,Serie A,2005,2005/2006
Parma FC,Cristiano Lupatelli,27,Goalkeeper,Fiorentina,loan transfer,in,Summer,NA,Serie A,2005,2005/2006
Parma FC,Marco Rossi,17,Centre-Back,Parma U19,-,in,Summer,0,Serie A,2005,2005/2006
Parma FC,Fabio Virgili,19,Goalkeeper,Parma U19,-,in,Summer,0,Serie A,2005,2005/2006
Parma FC,Filippo Savi,18,Central Midfield,Parma U19,-,in,Summer,0,Serie A,2005,2005/2006
Parma FC,Alberto Gilardino,23,Centre-Forward,AC Milan,£22.50m,out,Summer,22.5,Serie A,2005,2005/2006
Parma FC,Alessandro Rosina,21,Right Winger,Torino,£1.13m,out,Summer,1.13,Serie A,2005,2005/2006
Parma FC,Sébastien Frey,25,Goalkeeper,Fiorentina,loan transfer,out,Summer,NA,Serie A,2005,2005/2006
Parma FC,Paolo Bonoli,18,Goalkeeper,Bellaria IM,?,out,Summer,NA,Serie A,2005,2005/2006
Parma FC,Federico Ranieri,18,midfield,Forlì,?,out,Summer,NA,Serie A,2005,2005/2006
Parma FC,Leonardo Bianchi,19,attack,Portosummaga,?,out,Summer,NA,Serie A,2005,2005/2006
Parma FC,Davide Furlan,19,Defensive Midfield,Carrarese,?,out,Summer,NA,Serie A,2005,2005/2006
Parma FC,Gaetano Grieco,22,Centre-Forward,Napoli,?,out,Summer,NA,Serie A,2005,2005/2006
Parma FC,Alex Gibbs,21,Centre-Forward,Pro Patria,?,out,Summer,NA,Serie A,2005,2005/2006
Parma FC,Tonino Sorrentino,20,Centre-Forward,Catanzaro,?,out,Summer,NA,Serie A,2005,2005/2006
Parma FC,Giordano Vanin,19,Goalkeeper,Olbia,?,out,Summer,NA,Serie A,2005,2005/2006
Parma FC,Alberto Galuppo,19,Centre-Back,AC Pisa,loan transfer,out,Summer,NA,Serie A,2005,2005/2006
Parma FC,Fabio Virgili,19,Goalkeeper,Napoli,loan transfer,out,Summer,NA,Serie A,2005,2005/2006
Parma FC,Emiliano Bonazzoli,26,Centre-Forward,Sampdoria,loan transfer,out,Summer,NA,Serie A,2005,2005/2006
Parma FC,Francesco Ruopolo,22,Centre-Forward,Loko Moscow,loan transfer,out,Summer,NA,Serie A,2005,2005/2006
Parma FC,Renato Olive,34,Central Midfield,Without Club,-,out,Summer,0,Serie A,2005,2005/2006
Parma FC,Stefano Bettarini,33,Left-Back,Retired,-,out,Summer,0,Serie A,2005,2005/2006
Parma FC,Domenico Morfeo,29,Attacking Midfield,Inter,"End of loanJun 30, 2005",out,Summer,0,Serie A,2005,2005/2006
Parma FC,Fabio Vignaroli,29,Centre-Forward,Modena,"End of loanJun 30, 2005",out,Summer,0,Serie A,2005,2005/2006
Parma FC,Cesare Bovo,22,Centre-Back,AS Roma,"End of loanJun 30, 2005",out,Summer,0,Serie A,2005,2005/2006
Treviso FBC 1993,Paolo Dellafiore,20,Centre-Back,Inter,Loan fee:£540Th.,in,Summer,0.54,Serie A,2005,2005/2006
Treviso FBC 1993,Andrea Russotto,17,Attacking Midfield,AC Bellinzona,Loan fee:£225Th.,in,Summer,0.225,Serie A,2005,2005/2006
Treviso FBC 1993,Luigi Beghetto,31,Centre-Forward,Piacenza,free transfer,in,Summer,NA,Serie A,2005,2005/2006
Treviso FBC 1993,Jehad Muntasser,26,Right Midfield,Perugia,free transfer,in,Summer,NA,Serie A,2005,2005/2006
Treviso FBC 1993,Adriano Zancopè,33,Goalkeeper,Siena,free transfer,in,Summer,NA,Serie A,2005,2005/2006
Treviso FBC 1993,Dino Fava,28,Centre-Forward,Udinese,?,in,Summer,NA,Serie A,2005,2005/2006
Treviso FBC 1993,Emanuele Filippini,31,Central Midfield,US Palermo,?,in,Summer,NA,Serie A,2005,2005/2006
Treviso FBC 1993,Anderson,22,Left-Back,Pro Vercelli,?,in,Summer,NA,Serie A,2005,2005/2006
Treviso FBC 1993,Robert Acquafresca,17,Centre-Forward,Inter,?,in,Summer,NA,Serie A,2005,2005/2006
Treviso FBC 1993,Alberto Giuliatto,21,Left-Back,Belluno,?,in,Summer,NA,Serie A,2005,2005/2006
Treviso FBC 1993,Carlos Valdez,22,Centre-Back,Nacional,?,in,Summer,NA,Serie A,2005,2005/2006
Treviso FBC 1993,Stefano Lorenzi,28,Centre-Back,Atalanta BC,?,in,Summer,NA,Serie A,2005,2005/2006
Treviso FBC 1993,Andrea Dossena,23,Left Midfield,Hellas Verona,?,in,Summer,NA,Serie A,2005,2005/2006
Treviso FBC 1993,Marco Mallus,23,Centre-Back,Südtirol,?,in,Summer,NA,Serie A,2005,2005/2006
Treviso FBC 1993,William Viali,30,Centre-Back,Fiorentina,?,in,Summer,NA,Serie A,2005,2005/2006
Treviso FBC 1993,Samir Handanovic,20,Goalkeeper,Udinese,loan transfer,in,Summer,NA,Serie A,2005,2005/2006
Treviso FBC 1993,Raffaele De Martino,19,Defensive Midfield,Udinese,loan transfer,in,Summer,NA,Serie A,2005,2005/2006
Treviso FBC 1993,André Pinga,24,Attacking Midfield,Torino,loan transfer,in,Summer,NA,Serie A,2005,2005/2006
Treviso FBC 1993,Barreto,19,Second Striker,Udinese,£4.50m,out,Summer,4.5,Serie A,2005,2005/2006
Treviso FBC 1993,Giovanni Fietta,20,Defensive Midfield,AS Pizzighettone,free transfer,out,Summer,NA,Serie A,2005,2005/2006
Treviso FBC 1993,Alessandro Zoppetti,26,Centre-Back,Reggina,free transfer,out,Summer,NA,Serie A,2005,2005/2006
Treviso FBC 1993,Mavillo Gheller,29,Right-Back,Pistoiese,free transfer,out,Summer,NA,Serie A,2005,2005/2006
Treviso FBC 1993,Roberto Cortellini,23,Left Midfield,Brescia,free transfer,out,Summer,NA,Serie A,2005,2005/2006
Treviso FBC 1993,Marco Ballotta,41,Goalkeeper,Lazio,free transfer,out,Summer,NA,Serie A,2005,2005/2006
Treviso FBC 1993,Eros Bagnara,20,attack,Fermana,?,out,Summer,NA,Serie A,2005,2005/2006
Treviso FBC 1993,Riccardo Pagliuchi,23,defence,Casale,?,out,Summer,NA,Serie A,2005,2005/2006
Treviso FBC 1993,Luis Fernando Centi,28,Central Midfield,AS Livorno,?,out,Summer,NA,Serie A,2005,2005/2006
Treviso FBC 1993,Antonino D'Agostino,26,Right Midfield,Atalanta BC,?,out,Summer,NA,Serie A,2005,2005/2006
Treviso FBC 1993,Iacopo La Rocca,21,Centre-Back,Fermana,?,out,Summer,NA,Serie A,2005,2005/2006
Treviso FBC 1993,Davide Zomer,27,Goalkeeper,Siena,?,out,Summer,NA,Serie A,2005,2005/2006
Treviso FBC 1993,Fabio Di Venanzio,30,Left-Back,Triestina,?,out,Summer,NA,Serie A,2005,2005/2006
Treviso FBC 1993,Riccardo Gissi,25,Defensive Midfield,Catanzaro,loan transfer,out,Summer,NA,Serie A,2005,2005/2006
Treviso FBC 1993,Stefano Lorenzi,28,Centre-Back,Pescara,loan transfer,out,Summer,NA,Serie A,2005,2005/2006
Treviso FBC 1993,Eros Schiavon,22,Central Midfield,Jesolo,loan transfer,out,Summer,NA,Serie A,2005,2005/2006
Treviso FBC 1993,Patrick Roman Del Prete,19,attack,Without Club,-,out,Summer,0,Serie A,2005,2005/2006
Treviso FBC 1993,Massimo Carrera,41,Centre-Back,Without Club,-,out,Summer,0,Serie A,2005,2005/2006
Treviso FBC 1993,Giovanni Marchese,20,Left-Back,Torino,"End of loanJun 30, 2005",out,Summer,0,Serie A,2005,2005/2006
Treviso FBC 1993,Andrea Capone,24,Attacking Midfield,Cagliari Calcio,"End of loanJun 30, 2005",out,Summer,0,Serie A,2005,2005/2006
Ascoli Calcio 1898,Marco Ferrante,34,Centre-Forward,Bologna,£180Th.,in,Summer,0.18,Serie A,2005,2005/2006
Ascoli Calcio 1898,Andrade,26,Goalkeeper,Vasco da Gama,free transfer,in,Summer,NA,Serie A,2005,2005/2006
Ascoli Calcio 1898,Valerio Virga,19,Right-Back,US Palermo,loan transfer,in,Summer,NA,Serie A,2005,2005/2006
Ascoli Calcio 1898,Massimo Paci,27,Centre-Back,Lecce,?,in,Summer,NA,Serie A,2005,2005/2006
Ascoli Calcio 1898,Alessandro Boccolini,20,Goalkeeper,Alessandria,?,in,Summer,NA,Serie A,2005,2005/2006
Ascoli Calcio 1898,Cristiano Del Grosso,22,Left-Back,Giulianova,?,in,Summer,NA,Serie A,2005,2005/2006
Ascoli Calcio 1898,Alfredo Cariello,25,Left Midfield,Frosinone,?,in,Summer,NA,Serie A,2005,2005/2006
Ascoli Calcio 1898,Federico Giampaolo,35,Attacking Midfield,Pescara,?,in,Summer,NA,Serie A,2005,2005/2006
Ascoli Calcio 1898,Vincenzo Patrick Guglielmelli,18,attack,Latina Calcio,?,in,Summer,NA,Serie A,2005,2005/2006
Ascoli Calcio 1898,Sasa Bjelanovic,26,Centre-Forward,Lecce,?,in,Summer,NA,Serie A,2005,2005/2006
Ascoli Calcio 1898,Ivano Della Morte,30,Central Midfield,Cesena,?,in,Summer,NA,Serie A,2005,2005/2006
Ascoli Calcio 1898,Andrea Parola,26,Defensive Midfield,Triestina,?,in,Summer,NA,Serie A,2005,2005/2006
Ascoli Calcio 1898,Vittorio Tosto,31,Left-Back,Genoa,?,in,Summer,NA,Serie A,2005,2005/2006
Ascoli Calcio 1898,Daniele Adani,30,Centre-Back,Brescia,?,in,Summer,NA,Serie A,2005,2005/2006
Ascoli Calcio 1898,Maurizio Domizzi,25,Centre-Back,Brescia,?,in,Summer,NA,Serie A,2005,2005/2006
Ascoli Calcio 1898,Nicola Zanini,31,Attacking Midfield,Genoa,?,in,Summer,NA,Serie A,2005,2005/2006
Ascoli Calcio 1898,Roberto Guana,24,Central Midfield,Brescia,?,in,Summer,NA,Serie A,2005,2005/2006
Ascoli Calcio 1898,Corrado Colombo,25,Centre-Forward,AS Livorno,?,in,Summer,NA,Serie A,2005,2005/2006
Ascoli Calcio 1898,Paul Ramirez,19,Centre-Forward,Udinese,loan transfer,in,Summer,NA,Serie A,2005,2005/2006
Ascoli Calcio 1898,Carlo Zotti,22,Goalkeeper,AS Roma,loan transfer,in,Summer,NA,Serie A,2005,2005/2006
Ascoli Calcio 1898,Gianluca Comotto,26,Right-Back,AS Roma,loan transfer,in,Summer,NA,Serie A,2005,2005/2006
Ascoli Calcio 1898,Fabio Quagliarella,22,Centre-Forward,Udinese,loan transfer,in,Summer,NA,Serie A,2005,2005/2006
Ascoli Calcio 1898,Pasquale Foggia,22,Attacking Midfield,Empoli,loan transfer,in,Summer,NA,Serie A,2005,2005/2006
Ascoli Calcio 1898,Francesco Carbone,25,Right-Back,Chievo Verona,loan transfer,in,Summer,NA,Serie A,2005,2005/2006
Ascoli Calcio 1898,Abel Aguilar,20,Defensive Midfield,Udinese,loan transfer,in,Summer,NA,Serie A,2005,2005/2006
Ascoli Calcio 1898,Giuseppe Caraviello,19,defence,Nocerina,free transfer,out,Summer,NA,Serie A,2005,2005/2006
Ascoli Calcio 1898,Adolfo Daniele Speranza,25,Central Midfield,Pescara,free transfer,out,Summer,NA,Serie A,2005,2005/2006
Ascoli Calcio 1898,Claudio Costanzo,19,Defensive Midfield,Chieti,free transfer,out,Summer,NA,Serie A,2005,2005/2006
Ascoli Calcio 1898,Toledo,23,Left Winger,Cisco Roma,?,out,Summer,NA,Serie A,2005,2005/2006
Ascoli Calcio 1898,Filippo Antonelli Agomeri,26,Right Winger,Chievo Verona,?,out,Summer,NA,Serie A,2005,2005/2006
Ascoli Calcio 1898,Alessandro Monticciolo,28,Central Midfield,Lucchese,?,out,Summer,NA,Serie A,2005,2005/2006
Ascoli Calcio 1898,Federico Giampaolo,35,Attacking Midfield,Modena,?,out,Summer,NA,Serie A,2005,2005/2006
Ascoli Calcio 1898,Roberto Colacone,31,Second Striker,Modena,?,out,Summer,NA,Serie A,2005,2005/2006
Ascoli Calcio 1898,Marco Ascenzi,23,Centre-Forward,Manfredonia,?,out,Summer,NA,Serie A,2005,2005/2006
Ascoli Calcio 1898,Andrea Ciotti,20,defence,Pro Vasto,?,out,Summer,NA,Serie A,2005,2005/2006
Ascoli Calcio 1898,Carlo Sassarini,33,Left-Back,Andria,?,out,Summer,NA,Serie A,2005,2005/2006
Ascoli Calcio 1898,Mario Bonfiglio,31,Centre-Forward,AC Pisa,?,out,Summer,NA,Serie A,2005,2005/2006
Ascoli Calcio 1898,Andrea Ghidini,24,Left Midfield,Torres,?,out,Summer,NA,Serie A,2005,2005/2006
Ascoli Calcio 1898,Daniele Coccia,18,defence,Nocerina,?,out,Summer,NA,Serie A,2005,2005/2006
Ascoli Calcio 1898,Valerio Carboni,20,Defensive Midfield,Virtus Lanciano,?,out,Summer,NA,Serie A,2005,2005/2006
Ascoli Calcio 1898,Cristian Bucchi,28,Centre-Forward,Modena,?,out,Summer,NA,Serie A,2005,2005/2006
Ascoli Calcio 1898,Simone Motta,27,Second Striker,Rimini,?,out,Summer,NA,Serie A,2005,2005/2006
Ascoli Calcio 1898,Roberto Maurantonio,24,Goalkeeper,Virtus Lanciano,?,out,Summer,NA,Serie A,2005,2005/2006
Ascoli Calcio 1898,Luigi Martinelli,34,Right-Back,Torino,?,out,Summer,NA,Serie A,2005,2005/2006
Ascoli Calcio 1898,Oscar Brevi,37,Centre-Back,Torino,?,out,Summer,NA,Serie A,2005,2005/2006
Ascoli Calcio 1898,Massimo Demartis,30,Centre-Back,Torres,?,out,Summer,NA,Serie A,2005,2005/2006
Ascoli Calcio 1898,Angelo Antonazzo,23,Right-Back,Bologna,loan transfer,out,Summer,NA,Serie A,2005,2005/2006
Ascoli Calcio 1898,Luca Belingheri,22,Attacking Midfield,UC AlbinoLeffe,loan transfer,out,Summer,NA,Serie A,2005,2005/2006
Ascoli Calcio 1898,Maurizio Lauro,24,Centre-Back,Reggina,loan transfer,out,Summer,NA,Serie A,2005,2005/2006
Ascoli Calcio 1898,Francesco Modesto,23,Left-Back,US Palermo,"End of loanJun 30, 2005",out,Summer,0,Serie A,2005,2005/2006
Ascoli Calcio 1898,Isah Eliakwu,19,Centre-Forward,Inter,"End of loanJun 30, 2005",out,Summer,0,Serie A,2005,2005/2006
FC Internazionale,Maxwell,24,Left-Back,Ajax,free transfer,in,Winter,NA,Serie A,2005,2005/2006
FC Internazionale,César,31,Left Midfield,Lazio,loan transfer,in,Winter,NA,Serie A,2005,2005/2006
FC Internazionale,Matteo Momentè,18,Centre-Forward,Inter U19,-,in,Winter,0,Serie A,2005,2005/2006
FC Internazionale,Mario Rebecchi,22,Central Midfield,Lumezzane,£230Th.,out,Winter,0.23,Serie A,2005,2005/2006
FC Internazionale,Horacio Peralta,23,Centre-Forward,Flamengo,free transfer,out,Winter,NA,Serie A,2005,2005/2006
FC Internazionale,Lampros Choutos,26,Centre-Forward,Reggina,loan transfer,out,Winter,NA,Serie A,2005,2005/2006
FC Internazionale,Maxwell,24,Left-Back,Empoli,loan transfer,out,Winter,NA,Serie A,2005,2005/2006
FC Internazionale,Mattia Altobelli,22,Attacking Midfield,Torres,loan transfer,out,Winter,NA,Serie A,2005,2005/2006
Juventus FC,Antonio Chimenti,35,Goalkeeper,Cagliari Calcio,free transfer,out,Winter,NA,Serie A,2005,2005/2006
Juventus FC,Orlando Urbano,21,Centre-Back,Catanzaro,loan transfer,out,Winter,NA,Serie A,2005,2005/2006
Juventus FC,Gladstone,20,Centre-Back,Cruzeiro,"End of loanDec 1, 2005",out,Winter,0,Serie A,2005,2005/2006
AS Roma,Antonio Cassano,23,Second Striker,Real Madrid,£4.95m,out,Winter,4.95,Serie A,2005,2005/2006
AS Roma,Ivan Pelizzoli,25,Goalkeeper,Reggina,Loan fee:£315Th.,out,Winter,0.315,Serie A,2005,2005/2006
AS Roma,Adewale Dauda Wahab,21,Central Midfield,Teramo,loan transfer,out,Winter,NA,Serie A,2005,2005/2006
AS Roma,Luigi Sartor,30,Right-Back,FC Sopron,?,out,Winter,NA,Serie A,2005,2005/2006
AC Milan,Márcio Amoroso,31,Centre-Forward,São Paulo,free transfer,in,Winter,NA,Serie A,2005,2005/2006
AC Milan,Christian Vieri,32,Centre-Forward,Monaco,free transfer,out,Winter,NA,Serie A,2005,2005/2006
AC Milan,Marco Borriello,23,Centre-Forward,Treviso,loan transfer,out,Winter,NA,Serie A,2005,2005/2006
AC Milan,Catilina Aubameyang,22,Left Midfield,FC Chiasso,loan transfer,out,Winter,NA,Serie A,2005,2005/2006
AC Milan,Giuseppe Ticli,26,Left Midfield,Pro Patria,loan transfer,out,Winter,NA,Serie A,2005,2005/2006
UC Sampdoria,Mark Iuliano,32,Centre-Back,RCD Mallorca,free transfer,in,Winter,NA,Serie A,2005,2005/2006
UC Sampdoria,Corrado Colombo,26,Centre-Forward,Ascoli,?,in,Winter,NA,Serie A,2005,2005/2006
UC Sampdoria,Mattia Marchesetti,22,Left Winger,Chievo Verona,loan transfer,in,Winter,NA,Serie A,2005,2005/2006
UC Sampdoria,Danilo Soddimo,18,Left Midfield,Sampdoria U19,-,in,Winter,0,Serie A,2005,2005/2006
UC Sampdoria,Lamberto Zauli,34,Attacking Midfield,Bologna,?,out,Winter,NA,Serie A,2005,2005/2006
UC Sampdoria,Daniele Padelli,20,Goalkeeper,AS Pizzighettone,loan transfer,out,Winter,NA,Serie A,2005,2005/2006
UC Sampdoria,Giovanni Taormina,17,Left Midfield,Uso Calcio,loan transfer,out,Winter,NA,Serie A,2005,2005/2006
UC Sampdoria,Marco Borriello,23,Centre-Forward,AC Milan,"End of loanDec 31, 2005",out,Winter,0,Serie A,2005,2005/2006
Udinese Calcio,Jarkko Hurme,19,Right-Back,RoPS,free transfer,in,Winter,NA,Serie A,2005,2005/2006
Udinese Calcio,Rodrigo Defendi,19,Centre-Back,Spurs,loan transfer,in,Winter,NA,Serie A,2005,2005/2006
Udinese Calcio,Salvatore Masiello,23,Left-Back,US Palermo,?,in,Winter,NA,Serie A,2005,2005/2006
Udinese Calcio,Simone Pepe,22,Right Winger,US Palermo,?,in,Winter,NA,Serie A,2005,2005/2006
Udinese Calcio,Marco Murriero,22,Goalkeeper,AC Bellinzona,?,in,Winter,NA,Serie A,2005,2005/2006
Udinese Calcio,Roberto Baronio,28,Defensive Midfield,Lazio,loan transfer,in,Winter,NA,Serie A,2005,2005/2006
Udinese Calcio,Siyabonga Nomvethe,28,Centre-Forward,Orlando Pirates,free transfer,out,Winter,NA,Serie A,2005,2005/2006
Udinese Calcio,Ivan Buonocunto,19,Attacking Midfield,Ascoli,loan transfer,out,Winter,NA,Serie A,2005,2005/2006
Udinese Calcio,David Di Michele,30,Centre-Forward,US Palermo,?,out,Winter,NA,Serie A,2005,2005/2006
Udinese Calcio,Michele Lestani,19,Central Midfield,Ascoli,?,out,Winter,NA,Serie A,2005,2005/2006
Udinese Calcio,Ferdinando Sforzini,21,Centre-Forward,Hellas Verona,loan transfer,out,Winter,NA,Serie A,2005,2005/2006
Udinese Calcio,Stefano Mauri,25,Attacking Midfield,Lazio,loan transfer,out,Winter,NA,Serie A,2005,2005/2006
Udinese Calcio,Samir Handanovic,21,Goalkeeper,Lazio,loan transfer,out,Winter,NA,Serie A,2005,2005/2006
Udinese Calcio,Néstor Sensini,39,Centre-Back,Retired,-,out,Winter,0,Serie A,2005,2005/2006
Udinese Calcio,Gustavo Lazzaretti,21,Centre-Back,Botafogo,"End of loanDec 1, 2005",out,Winter,0,Serie A,2005,2005/2006
US Palermo,Federico Agliardi,22,Goalkeeper,Brescia,£3.60m,in,Winter,3.6,Serie A,2005,2005/2006
US Palermo,Denis Godeas,30,Centre-Forward,Triestina,£990Th.,in,Winter,0.99,Serie A,2005,2005/2006
US Palermo,David Di Michele,30,Centre-Forward,Udinese,?,in,Winter,NA,Serie A,2005,2005/2006
US Palermo,Giovanni Tedesco,33,Right Midfield,Genoa,?,in,Winter,NA,Serie A,2005,2005/2006
US Palermo,Cristiano Lupatelli,27,Goalkeeper,Fiorentina,loan transfer,in,Winter,NA,Serie A,2005,2005/2006
US Palermo,Matteo Guardalben,31,Goalkeeper,Parma,loan transfer,out,Winter,NA,Serie A,2005,2005/2006
US Palermo,Salvatore Masiello,23,Left-Back,Udinese,?,out,Winter,NA,Serie A,2005,2005/2006
US Palermo,Simone Pepe,22,Right Winger,Udinese,?,out,Winter,NA,Serie A,2005,2005/2006
US Palermo,Michele Ferri,24,Centre-Back,Cagliari Calcio,?,out,Winter,NA,Serie A,2005,2005/2006
US Palermo,Nicola Santoni,26,Goalkeeper,Brescia,?,out,Winter,NA,Serie A,2005,2005/2006
US Palermo,Massimo Bonanni,23,Left Midfield,Lazio,loan transfer,out,Winter,NA,Serie A,2005,2005/2006
Empoli FC,Sebastián Cejas,30,Goalkeeper,Fiorentina,free transfer,in,Winter,NA,Serie A,2005,2005/2006
Empoli FC,Maxwell,24,Left-Back,Inter,loan transfer,in,Winter,NA,Serie A,2005,2005/2006
Empoli FC,Vittorio Tosto,31,Left-Back,Ascoli,?,in,Winter,NA,Serie A,2005,2005/2006
Empoli FC,Claudio Sciannamè,18,Left-Back,Empoli U19,-,in,Winter,0,Serie A,2005,2005/2006
Empoli FC,Giorgio Noviello,21,Left Winger,San Marino,free transfer,out,Winter,NA,Serie A,2005,2005/2006
Empoli FC,Gianluca Berti,38,Goalkeeper,Fiorentina,?,out,Winter,NA,Serie A,2005,2005/2006
Empoli FC,Riccardo Bonetto,26,Left-Back,Ascoli,loan transfer,out,Winter,NA,Serie A,2005,2005/2006
Empoli FC,Mirco Gasparetto,25,Centre-Forward,Mantova,loan transfer,out,Winter,NA,Serie A,2005,2005/2006
FC Messina Peloro,Sergio Floccari,24,Centre-Forward,Rimini,?,in,Winter,NA,Serie A,2005,2005/2006
FC Messina Peloro,Antonio Nocerino,20,Central Midfield,Genoa,loan transfer,in,Winter,NA,Serie A,2005,2005/2006
FC Messina Peloro,Filippo Antonelli Agomeri,27,Right Winger,Chievo Verona,loan transfer,in,Winter,NA,Serie A,2005,2005/2006
FC Messina Peloro,Renato Bondi,24,Attacking Midfield,Teramo,loan transfer,in,Winter,NA,Serie A,2005,2005/2006
FC Messina Peloro,Duccio Innocenti,30,Centre-Back,Atalanta BC,loan transfer,in,Winter,NA,Serie A,2005,2005/2006
FC Messina Peloro,Roberto Nanni,24,Centre-Forward,Dynamo Kyiv,loan transfer,in,Winter,NA,Serie A,2005,2005/2006
FC Messina Peloro,Domenico Bombara,18,Centre-Back,ACR Messina You,-,in,Winter,0,Serie A,2005,2005/2006
FC Messina Peloro,Ivica Iliev,26,Second Striker,Genoa,Loan fee:£360Th.,out,Winter,0.36,Serie A,2005,2005/2006
FC Messina Peloro,Mamede,31,Central Midfield,Genoa,free transfer,out,Winter,NA,Serie A,2005,2005/2006
FC Messina Peloro,Luca Fusco,28,Centre-Back,Genoa,?,out,Winter,NA,Serie A,2005,2005/2006
FC Messina Peloro,Riccardo Zampagna,31,Centre-Forward,Atalanta BC,?,out,Winter,NA,Serie A,2005,2005/2006
FC Messina Peloro,Domenico Giampà,28,Right Midfield,Ascoli,?,out,Winter,NA,Serie A,2005,2005/2006
FC Messina Peloro,Atsushi Yanagisawa,28,Centre-Forward,Kashima Antlers,?,out,Winter,NA,Serie A,2005,2005/2006
FC Messina Peloro,Matthew Olorunleke,22,Centre-Back,Catanzaro,loan transfer,out,Winter,NA,Serie A,2005,2005/2006
FC Messina Peloro,Rok Straus,18,midfield,Brescia,loan transfer,out,Winter,NA,Serie A,2005,2005/2006
SS Lazio,Stefano Mauri,25,Attacking Midfield,Udinese,loan transfer,in,Winter,NA,Serie A,2005,2005/2006
SS Lazio,Samir Handanovic,21,Goalkeeper,Udinese,loan transfer,in,Winter,NA,Serie A,2005,2005/2006
SS Lazio,Massimo Bonanni,23,Left Midfield,US Palermo,loan transfer,in,Winter,NA,Serie A,2005,2005/2006
SS Lazio,Miguel Mea Vitali,24,Defensive Midfield,APO Levadiakos,free transfer,out,Winter,NA,Serie A,2005,2005/2006
SS Lazio,César,31,Left Midfield,Inter,loan transfer,out,Winter,NA,Serie A,2005,2005/2006
SS Lazio,Andrea Ciani,20,Central Midfield,Pergocrema,?,out,Winter,NA,Serie A,2005,2005/2006
SS Lazio,Roberto Baronio,28,Defensive Midfield,Udinese,loan transfer,out,Winter,NA,Serie A,2005,2005/2006
SS Lazio,Matteo Sereni,30,Goalkeeper,Treviso,loan transfer,out,Winter,NA,Serie A,2005,2005/2006
ACF Fiorentina,Per Kröldrup,26,Centre-Back,Everton,£3.60m,in,Winter,3.6,Serie A,2005,2005/2006
ACF Fiorentina,Luis Jiménez,21,Attacking Midfield,Ternana,Loan fee:£2.25m,in,Winter,2.25,Serie A,2005,2005/2006
ACF Fiorentina,Bogdan Lobont,28,Goalkeeper,Ajax,£1.35m,in,Winter,1.35,Serie A,2005,2005/2006
ACF Fiorentina,Gianluca Berti,38,Goalkeeper,Empoli,?,in,Winter,NA,Serie A,2005,2005/2006
ACF Fiorentina,Zisis Vryzas,32,Centre-Forward,Torino,free transfer,out,Winter,NA,Serie A,2005,2005/2006
ACF Fiorentina,Sebastián Cejas,30,Goalkeeper,Empoli,free transfer,out,Winter,NA,Serie A,2005,2005/2006
ACF Fiorentina,Matthieu Bochu,26,Attacking Midfield,FC Istres,free transfer,out,Winter,NA,Serie A,2005,2005/2006
ACF Fiorentina,Gianni Guigou,30,Defensive Midfield,Treviso,loan transfer,out,Winter,NA,Serie A,2005,2005/2006
ACF Fiorentina,Cristiano Lupatelli,27,Goalkeeper,US Palermo,loan transfer,out,Winter,NA,Serie A,2005,2005/2006
ACF Fiorentina,Christian Maggio,23,Right-Back,Treviso,loan transfer,out,Winter,NA,Serie A,2005,2005/2006
US Lecce,Karim Saïdi,22,Centre-Back,Feyenoord,loan transfer,in,Winter,NA,Serie A,2005,2005/2006
US Lecce,Gabriel Cichero,21,Centre-Back,Wanderers,?,in,Winter,NA,Serie A,2005,2005/2006
US Lecce,Luca Saudati,26,Centre-Forward,Atalanta BC,loan transfer,in,Winter,NA,Serie A,2005,2005/2006
US Lecce,Aleksey Eremenko Jr.,22,Attacking Midfield,Saturn,£1.35m,out,Winter,1.35,Serie A,2005,2005/2006
US Lecce,Italo Mattioli,20,Centre-Forward,Catanzaro,loan transfer,out,Winter,NA,Serie A,2005,2005/2006
US Lecce,Giuseppe Abruzzese,24,Centre-Back,Avellino,loan transfer,out,Winter,NA,Serie A,2005,2005/2006
US Lecce,Graziano Pellè,20,Centre-Forward,FC Crotone,loan transfer,out,Winter,NA,Serie A,2005,2005/2006
US Lecce,Angelo,24,Right-Back,FC Crotone,loan transfer,out,Winter,NA,Serie A,2005,2005/2006
US Lecce,Raffaele Schiavi,19,Centre-Back,Brescia,loan transfer,out,Winter,NA,Serie A,2005,2005/2006
AS Livorno,Stefano Argilli,32,Right-Back,Modena,?,in,Winter,NA,Serie A,2005,2005/2006
AS Livorno,Zé Rodolpho,21,Left Midfield,Juventude,loan transfer,in,Winter,NA,Serie A,2005,2005/2006
AS Livorno,Nikola Lazetic,27,Right Winger,Torino,£648Th.,out,Winter,0.648,Serie A,2005,2005/2006
AS Livorno,Matteo Melara,26,Right-Back,Torino,£198Th.,out,Winter,0.198,Serie A,2005,2005/2006
AS Livorno,Alessandro Lucarelli,28,Centre-Back,Reggina,?,out,Winter,NA,Serie A,2005,2005/2006
AS Livorno,Alessandro Gambadori,24,Defensive Midfield,AC Pisa,?,out,Winter,NA,Serie A,2005,2005/2006
AS Livorno,Luis Fernando Centi,29,Central Midfield,Atalanta BC,?,out,Winter,NA,Serie A,2005,2005/2006
AS Livorno,Paolo Ginestra,26,Goalkeeper,UC AlbinoLeffe,loan transfer,out,Winter,NA,Serie A,2005,2005/2006
Cagliari Calcio,Antonio Chimenti,35,Goalkeeper,Juventus,free transfer,in,Winter,NA,Serie A,2005,2005/2006
Cagliari Calcio,Michele Ferri,24,Centre-Back,US Palermo,?,in,Winter,NA,Serie A,2005,2005/2006
Cagliari Calcio,Jaime Penedo,24,Goalkeeper,Árabe Unido,?,in,Winter,NA,Serie A,2005,2005/2006
Cagliari Calcio,Claudio Ferrarese,27,Right Winger,Torino,?,out,Winter,NA,Serie A,2005,2005/2006
Cagliari Calcio,Luca Tomasig,22,Goalkeeper,Padova,loan transfer,out,Winter,NA,Serie A,2005,2005/2006
Reggina Calcio,Ivan Pelizzoli,25,Goalkeeper,AS Roma,Loan fee:£315Th.,in,Winter,0.315,Serie A,2005,2005/2006
Reggina Calcio,Lampros Choutos,26,Centre-Forward,Inter,loan transfer,in,Winter,NA,Serie A,2005,2005/2006
Reggina Calcio,Alessandro Lucarelli,28,Centre-Back,AS Livorno,?,in,Winter,NA,Serie A,2005,2005/2006
Reggina Calcio,Alessandro Zoppetti,26,Centre-Back,Pescara,free transfer,out,Winter,NA,Serie A,2005,2005/2006
Reggina Calcio,Salvatore Vicari,24,Right Midfield,Avellino,free transfer,out,Winter,NA,Serie A,2005,2005/2006
Reggina Calcio,Simone Cavalli,26,Centre-Forward,Vicenza,?,out,Winter,NA,Serie A,2005,2005/2006
Reggina Calcio,Nassim Mendil,26,Centre-Forward,Ancona,?,out,Winter,NA,Serie A,2005,2005/2006
Reggina Calcio,Gianluca Macrì,22,Right Winger,Cittadella,?,out,Winter,NA,Serie A,2005,2005/2006
Reggina Calcio,Luca Rigoni,21,Central Midfield,Piacenza,loan transfer,out,Winter,NA,Serie A,2005,2005/2006
Reggina Calcio,Ilyas Zeytulaev,23,Left Winger,FC Crotone,loan transfer,out,Winter,NA,Serie A,2005,2005/2006
Reggina Calcio,Francesco Cosenza,19,Centre-Back,Melfi,loan transfer,out,Winter,NA,Serie A,2005,2005/2006
Reggina Calcio,Maurizio Lauro,24,Centre-Back,Ascoli,"End of loanDec 31, 2005",out,Winter,0,Serie A,2005,2005/2006
AC Siena,Tomás Guzmán,23,Attacking Midfield,FC Crotone,?,in,Winter,NA,Serie A,2005,2005/2006
AC Siena,Federico Melchiorri,18,Centre-Forward,Tolentino,?,in,Winter,NA,Serie A,2005,2005/2006
AC Siena,Gennaro Esposito,20,Defensive Midfield,Torres,loan transfer,out,Winter,NA,Serie A,2005,2005/2006
AC Siena,Michele Mignani,33,Centre-Back,Triestina,?,out,Winter,NA,Serie A,2005,2005/2006
AC Siena,Massimo Marazzina,31,Centre-Forward,Bologna,?,out,Winter,NA,Serie A,2005,2005/2006
AC Siena,Jonathan Bachini,30,Left Midfield,Retired,-,out,Winter,0,Serie A,2005,2005/2006
AC Siena,Roberto Nanni,24,Centre-Forward,Dynamo Kyiv,"End of loanJan 30, 2006",out,Winter,0,Serie A,2005,2005/2006
Chievo Verona,Giuseppe Gemiti,24,Left-Back,Modena,loan transfer,in,Winter,NA,Serie A,2005,2005/2006
Chievo Verona,John Mensah,23,Centre-Back,Stade Rennais,£1.08m,out,Winter,1.08,Serie A,2005,2005/2006
Chievo Verona,Antonis Natsouras,26,Centre-Back,Cremonese,free transfer,out,Winter,NA,Serie A,2005,2005/2006
Chievo Verona,Giovanni Marchese,21,Left-Back,Catania,loan transfer,out,Winter,NA,Serie A,2005,2005/2006
Chievo Verona,Filippo Antonelli Agomeri,27,Right Winger,Messina Peloro,loan transfer,out,Winter,NA,Serie A,2005,2005/2006
Chievo Verona,Mattia Marchesetti,22,Left Winger,Sampdoria,loan transfer,out,Winter,NA,Serie A,2005,2005/2006
Chievo Verona,Marcos De Paula,22,Centre-Forward,Martina,loan transfer,out,Winter,NA,Serie A,2005,2005/2006
Parma FC,Matteo Guardalben,31,Goalkeeper,US Palermo,loan transfer,in,Winter,NA,Serie A,2005,2005/2006
Parma FC,Daniele Paponi,17,Centre-Forward,Parma U19,-,in,Winter,0,Serie A,2005,2005/2006
Parma FC,Filippo Mattiuzzo,18,Right-Back,Parma U19,-,in,Winter,0,Serie A,2005,2005/2006
Parma FC,Daniele Degano,23,Second Striker,Piacenza,?,out,Winter,NA,Serie A,2005,2005/2006
Parma FC,Mirko Stefani,21,Centre-Back,Reggiana,?,out,Winter,NA,Serie A,2005,2005/2006
Parma FC,Zlatko Dedic,21,Centre-Forward,Cremonese,loan transfer,out,Winter,NA,Serie A,2005,2005/2006
Parma FC,Cristiano Lupatelli,27,Goalkeeper,Fiorentina,"End of loanDec 1, 2005",out,Winter,0,Serie A,2005,2005/2006
Treviso FBC 1993,Walter Baseggio,27,Central Midfield,RSC Anderlecht,Loan fee:£113Th.,in,Winter,0.113,Serie A,2005,2005/2006
Treviso FBC 1993,Blazej Vascak,22,Attacking Midfield,Artmedia Brat.,free transfer,in,Winter,NA,Serie A,2005,2005/2006
Treviso FBC 1993,Fabio Roselli,22,Defensive Midfield,Arezzo,loan transfer,in,Winter,NA,Serie A,2005,2005/2006
Treviso FBC 1993,Gianni Guigou,30,Defensive Midfield,Fiorentina,loan transfer,in,Winter,NA,Serie A,2005,2005/2006
Treviso FBC 1993,Marco Borriello,23,Centre-Forward,AC Milan,loan transfer,in,Winter,NA,Serie A,2005,2005/2006
Treviso FBC 1993,Matteo Sereni,30,Goalkeeper,Lazio,loan transfer,in,Winter,NA,Serie A,2005,2005/2006
Treviso FBC 1993,Christian Maggio,23,Right-Back,Fiorentina,loan transfer,in,Winter,NA,Serie A,2005,2005/2006
Treviso FBC 1993,Gustavo Lazzaretti,21,Centre-Back,Botafogo,loan transfer,in,Winter,NA,Serie A,2005,2005/2006
Treviso FBC 1993,Wilker,18,attack,Treviso U19,-,in,Winter,0,Serie A,2005,2005/2006
Treviso FBC 1993,Damien Florian,18,Centre-Forward,Sanremo,loan transfer,out,Winter,NA,Serie A,2005,2005/2006
Treviso FBC 1993,Fabio Gallo,35,Defensive Midfield,Torino,?,out,Winter,NA,Serie A,2005,2005/2006
Treviso FBC 1993,Daniele Bellotto,34,midfield,Portosummaga,?,out,Winter,NA,Serie A,2005,2005/2006
Treviso FBC 1993,Marco Zaninelli,28,Centre-Back,Cesena,?,out,Winter,NA,Serie A,2005,2005/2006
Treviso FBC 1993,Stefano Dall'Acqua,24,Centre-Forward,Catania,loan transfer,out,Winter,NA,Serie A,2005,2005/2006
Treviso FBC 1993,Roberto Chiappara,32,Right Midfield,Modena,loan transfer,out,Winter,NA,Serie A,2005,2005/2006
Treviso FBC 1993,Alessio Sestu,22,Right Winger,Mantova,loan transfer,out,Winter,NA,Serie A,2005,2005/2006
Treviso FBC 1993,Samir Handanovic,21,Goalkeeper,Udinese,"End of loanDec 1, 2005",out,Winter,0,Serie A,2005,2005/2006
Ascoli Calcio 1898,Igor Budan,25,Centre-Forward,Atalanta BC,loan transfer,in,Winter,NA,Serie A,2005,2005/2006
Ascoli Calcio 1898,Ivan Buonocunto,19,Attacking Midfield,Udinese,loan transfer,in,Winter,NA,Serie A,2005,2005/2006
Ascoli Calcio 1898,Domenico Giampà,28,Right Midfield,Messina Peloro,?,in,Winter,NA,Serie A,2005,2005/2006
Ascoli Calcio 1898,Alessandro Moro,21,Defensive Midfield,Foggia,?,in,Winter,NA,Serie A,2005,2005/2006
Ascoli Calcio 1898,Michele Lestani,19,Central Midfield,Udinese,?,in,Winter,NA,Serie A,2005,2005/2006
Ascoli Calcio 1898,Riccardo Bonetto,26,Left-Back,Empoli,loan transfer,in,Winter,NA,Serie A,2005,2005/2006
Ascoli Calcio 1898,Schumacher,19,Centre-Forward,Atlético-PR,loan transfer,in,Winter,NA,Serie A,2005,2005/2006
Ascoli Calcio 1898,Corrado Colombo,26,Centre-Forward,Sampdoria,?,out,Winter,NA,Serie A,2005,2005/2006
Ascoli Calcio 1898,Nicola Zanini,31,Attacking Midfield,Vicenza,?,out,Winter,NA,Serie A,2005,2005/2006
Ascoli Calcio 1898,Mattia Biso,28,Central Midfield,Catania,?,out,Winter,NA,Serie A,2005,2005/2006
Ascoli Calcio 1898,Vittorio Tosto,31,Left-Back,Empoli,?,out,Winter,NA,Serie A,2005,2005/2006
Ascoli Calcio 1898,Riccardo Corallo,25,Centre-Back,Cremonese,loan transfer,out,Winter,NA,Serie A,2005,2005/2006
Ascoli Calcio 1898,Abel Aguilar,20,Defensive Midfield,Udinese,"End of loanJan 4, 2006",out,Winter,0,Serie A,2005,2005/2006
Ascoli Calcio 1898,Igor Budan,26,Centre-Forward,Atalanta BC,"End of loanJun 30, 2006",out,Winter,0,Serie A,2005,2005/2006
