club_name,player_name,age,position,club_involved_name,fee,transfer_movement,transfer_period,fee_cleaned,league_name,year,season
Olympique Lyon,Mahamadou Diarra,21,Defensive Midfield,Vitesse,£3.51m,in,Summer,3.51,Ligue 1,2002,2002/2003
Olympique Lyon,Rémy Vercoutre,22,Goalkeeper,Montpellier,?,in,Summer,NA,Ligue 1,2002,2002/2003
Olympique Lyon,Tony Vairelles,29,Centre-Forward,SC Bastia,?,in,Summer,NA,Ligue 1,2002,2002/2003
Olympique Lyon,Julien Viale,20,Centre-Forward,Olymp. Lyon B,-,in,Summer,0,Ligue 1,2002,2002/2003
Olympique Lyon,Demba Touré,17,Second Striker,Olymp. Lyon B,-,in,Summer,0,Ligue 1,2002,2002/2003
Olympique Lyon,Alexandre Hauw,20,Left Midfield,Olymp. Lyon B,-,in,Summer,0,Ligue 1,2002,2002/2003
Olympique Lyon,Vikash Dhorasoo,28,Central Midfield,G. Bordeaux,"End of loanJun 30, 2002",in,Summer,0,Ligue 1,2002,2002/2003
Olympique Lyon,Marc-Vivien Foé,27,Central Midfield,Man City,Loan fee:£630Th.,out,Summer,0.63,Ligue 1,2002,2002/2003
Olympique Lyon,Angelo Hugues,35,Goalkeeper,Wisla Kraków,Free transfer,out,Summer,0,Ligue 1,2002,2002/2003
Olympique Lyon,Anthony Braizat,24,Right Midfield,Toulouse,Free transfer,out,Summer,0,Ligue 1,2002,2002/2003
Olympique Lyon,Pierre Laigle,31,Left Midfield,Montpellier,?,out,Summer,NA,Ligue 1,2002,2002/2003
Olympique Lyon,David Linarès,26,Defensive Midfield,Troyes,?,out,Summer,NA,Ligue 1,2002,2002/2003
AS Monaco,Patrice Evra,21,Left-Back,OGC Nice,£3.69m,in,Summer,3.69,Ligue 1,2002,2002/2003
AS Monaco,Mazhar Abdelrahman,25,Forward,El Masry,£1.80m,in,Summer,1.8,Ligue 1,2002,2002/2003
AS Monaco,Akis Zikos,28,Defensive Midfield,AEK Athens,Free transfer,in,Summer,0,Ligue 1,2002,2002/2003
AS Monaco,Nicolas Hislen,19,Defensive Midfield,Monaco B,-,in,Summer,0,Ligue 1,2002,2002/2003
AS Monaco,Jimmy Juan,19,Central Midfield,Monaco B,-,in,Summer,0,Ligue 1,2002,2002/2003
AS Monaco,Laurent Lanteri,17,Right Winger,Monaco U19,-,in,Summer,0,Ligue 1,2002,2002/2003
AS Monaco,Sébastien Grax,18,Centre-Forward,Monaco B,-,in,Summer,0,Ligue 1,2002,2002/2003
AS Monaco,Sébastien Squillaci,21,Centre-Back,Monaco B,-,in,Summer,0,Ligue 1,2002,2002/2003
AS Monaco,Hassan El Fakiri,25,Left-Back,Rosenborg BK,"End of loanJun 30, 2002",in,Summer,0,Ligue 1,2002,2002/2003
AS Monaco,Uliano Courville,23,Midfielder,Portsmouth,"End of loanJun 30, 2002",in,Summer,0,Ligue 1,2002,2002/2003
AS Monaco,Franck Jurietti,27,Left-Back,Marseille,"End of loanJun 30, 2002",in,Summer,0,Ligue 1,2002,2002/2003
AS Monaco,Marco Simone,33,Centre-Forward,Milan,"End of loanJun 30, 2002",in,Summer,0,Ligue 1,2002,2002/2003
AS Monaco,Christian Panucci,29,Right-Back,AS Roma,"End of loanJun 30, 2002",in,Summer,0,Ligue 1,2002,2002/2003
AS Monaco,Christian Panucci,29,Right-Back,AS Roma,£8.83m,out,Summer,8.83,Ligue 1,2002,2002/2003
AS Monaco,Éric Abidal,22,Left-Back,LOSC Lille,£270Th.,out,Summer,0.27,Ligue 1,2002,2002/2003
AS Monaco,Oliver Bierhoff,34,Centre-Forward,Chievo Verona,Free transfer,out,Summer,0,Ligue 1,2002,2002/2003
AS Monaco,Djibril Sidibé,20,Defensive Midfield,LB Châteauroux,Loan,out,Summer,0,Ligue 1,2002,2002/2003
AS Monaco,Grégory Lacombe,20,Right Winger,AC Ajaccio,Loan,out,Summer,0,Ligue 1,2002,2002/2003
AS Monaco,Wagneau Eloi,28,Centre-Forward,Guingamp,?,out,Summer,NA,Ligue 1,2002,2002/2003
AS Monaco,Florin Raducioiu,32,Centre-Forward,Without Club,-,out,Summer,0,Ligue 1,2002,2002/2003
AS Monaco,Cyril Rool,27,Left-Back,Lens,"End of loanJun 30, 2002",out,Summer,0,Ligue 1,2002,2002/2003
AS Monaco,Alex Nyarko,28,Centre-Back,Everton,"End of loanJun 30, 2002",out,Summer,0,Ligue 1,2002,2002/2003
AS Monaco,Cyril Domoraud,30,Centre-Back,Milan,"End of loanJun 30, 2002",out,Summer,0,Ligue 1,2002,2002/2003
Olympique Marseille,Fabio Celestini,26,Defensive Midfield,Troyes,£2.70m,in,Summer,2.7,Ligue 1,2002,2002/2003
Olympique Marseille,Salomon Olembé,21,Left Midfield,FC Nantes,£1.80m,in,Summer,1.8,Ligue 1,2002,2002/2003
Olympique Marseille,Pascal Johansen,23,Central Midfield,R. Strasbourg,Free transfer,in,Summer,0,Ligue 1,2002,2002/2003
Olympique Marseille,Johnny Ecker,29,Centre-Back,LOSC Lille,Free transfer,in,Summer,0,Ligue 1,2002,2002/2003
Olympique Marseille,Djamel Belmadi,27,Right Midfield,Man City,"End of loanMay 1, 2003",in,Summer,0,Ligue 1,2002,2002/2003
Olympique Marseille,Benjamin Gavanon,22,Central Midfield,Nottm Forest,"End of loanMay 31, 2003",in,Summer,0,Ligue 1,2002,2002/2003
Olympique Marseille,Jérémy Gavanon,18,Goalkeeper,Marseille B,-,in,Summer,0,Ligue 1,2002,2002/2003
Olympique Marseille,Fabien Laurenti,19,Right-Back,Marseille B,-,in,Summer,0,Ligue 1,2002,2002/2003
Olympique Marseille,Thierry Racon,18,Defensive Midfield,Marseille U19,-,in,Summer,0,Ligue 1,2002,2002/2003
Olympique Marseille,Jérôme Perez,20,Right-Back,Marseille B,-,in,Summer,0,Ligue 1,2002,2002/2003
Olympique Marseille,Alen Skoro,21,Centre-Forward,Servette FC,"End of loanAug 1, 2002",in,Summer,0,Ligue 1,2002,2002/2003
Olympique Marseille,Sébastien Pérez,28,Right-Back,Galatasaray,"End of loanJun 30, 2002",in,Summer,0,Ligue 1,2002,2002/2003
Olympique Marseille,Cédric Carrasso,20,Goalkeeper,Crystal Palace,"End of loanJun 30, 2002",in,Summer,0,Ligue 1,2002,2002/2003
Olympique Marseille,Loris Reina,22,Left-Back,Servette FC,"End of loanJun 30, 2002",in,Summer,0,Ligue 1,2002,2002/2003
Olympique Marseille,Philippe Brunel,29,Left Midfield,LOSC Lille,"End of loanJun 30, 2002",in,Summer,0,Ligue 1,2002,2002/2003
Olympique Marseille,Daniel Montenegro,23,Attacking Midfield,Huracán,"End of loanJun 30, 2002",in,Summer,0,Ligue 1,2002,2002/2003
Olympique Marseille,Pablo Calandria,20,Centre-Forward,Málaga CF,"End of loanJun 30, 2002",in,Summer,0,Ligue 1,2002,2002/2003
Olympique Marseille,Jérôme Leroy,27,Attacking Midfield,Paris SG,"End of loanJun 30, 2002",in,Summer,0,Ligue 1,2002,2002/2003
Olympique Marseille,Cyrille Pouget,29,Centre-Forward,Saint-Étienne,"End of loanJun 30, 2002",in,Summer,0,Ligue 1,2002,2002/2003
Olympique Marseille,Florian Maurice,28,Centre-Forward,Celta de Vigo,"End of loanJun 30, 2002",in,Summer,0,Ligue 1,2002,2002/2003
Olympique Marseille,Pascal Nouma,30,Centre-Forward,Besiktas,£3.35m,out,Summer,3.35,Ligue 1,2002,2002/2003
Olympique Marseille,Joseph Yobo,21,Centre-Back,Everton,Loan fee:£1.35m,out,Summer,1.35,Ligue 1,2002,2002/2003
Olympique Marseille,Philippe Brunel,29,Left Midfield,LOSC Lille,£900Th.,out,Summer,0.9,Ligue 1,2002,2002/2003
Olympique Marseille,Florian Maurice,28,Centre-Forward,SC Bastia,Free transfer,out,Summer,0,Ligue 1,2002,2002/2003
Olympique Marseille,Vincent Gastine,20,Defensive Midfield,FC Martigues,Loan,out,Summer,0,Ligue 1,2002,2002/2003
Olympique Marseille,Jérôme Leroy,27,Attacking Midfield,Paris SG,?,out,Summer,NA,Ligue 1,2002,2002/2003
Olympique Marseille,Pablo Calandria,20,Centre-Forward,CD Leganés,?,out,Summer,NA,Ligue 1,2002,2002/2003
Olympique Marseille,Jovan Stankovic,30,Left Midfield,Atlético Madrid,?,out,Summer,NA,Ligue 1,2002,2002/2003
Olympique Marseille,Daniel Montenegro,23,Attacking Midfield,Independiente,?,out,Summer,NA,Ligue 1,2002,2002/2003
Olympique Marseille,Damien Grégorini,23,Goalkeeper,OGC Nice,Loan,out,Summer,0,Ligue 1,2002,2002/2003
Olympique Marseille,Cyrille Pouget,29,Centre-Forward,Without Club,-,out,Summer,0,Ligue 1,2002,2002/2003
Olympique Marseille,Wilfried Dalmat,19,Right Winger,FC Nantes,"End of loanJun 30, 2002",out,Summer,0,Ligue 1,2002,2002/2003
Olympique Marseille,Franck Jurietti,27,Left-Back,Monaco,"End of loanJun 30, 2002",out,Summer,0,Ligue 1,2002,2002/2003
Olympique Marseille,Alfonso,29,Centre-Forward,FC Barcelona,"End of loanJun 30, 2002",out,Summer,0,Ligue 1,2002,2002/2003
Olympique Marseille,Alberto Rivera,24,Central Midfield,Real Madrid,"End of loanJun 30, 2002",out,Summer,0,Ligue 1,2002,2002/2003
Olympique Marseille,Salomon Olembé,21,Left Midfield,FC Nantes,"End of loanJun 30, 2002",out,Summer,0,Ligue 1,2002,2002/2003
Olympique Marseille,Dimas,33,Left-Back,Sporting CP,"End of loanJun 30, 2002",out,Summer,0,Ligue 1,2002,2002/2003
Olympique Marseille,André Luiz,27,Attacking Midfield,CD Tenerife,"End of loanJun 30, 2002",out,Summer,0,Ligue 1,2002,2002/2003
FC Girondins Bordeaux,Jean-Claude Darcheville,26,Centre-Forward,FC Lorient,£8.10m,in,Summer,8.1,Ligue 1,2002,2002/2003
FC Girondins Bordeaux,Marco Caneira,23,Centre-Back,Benfica,£1.35m,in,Summer,1.35,Ligue 1,2002,2002/2003
FC Girondins Bordeaux,Sávio,28,Left Winger,Real Madrid,Loan,in,Summer,0,Ligue 1,2002,2002/2003
FC Girondins Bordeaux,Daniel Deves,18,Goalkeeper,Toulouse,?,in,Summer,NA,Ligue 1,2002,2002/2003
FC Girondins Bordeaux,Anicet Adjamossi,18,Right-Back,Bordeaux U19,-,in,Summer,0,Ligue 1,2002,2002/2003
FC Girondins Bordeaux,Marc Planus,20,Centre-Back,G. Bordeaux B,-,in,Summer,0,Ligue 1,2002,2002/2003
FC Girondins Bordeaux,Pascal Feindouno,21,Right Winger,FC Lorient,"End of loanJun 30, 2002",in,Summer,0,Ligue 1,2002,2002/2003
FC Girondins Bordeaux,Mathieu Beda,20,Centre-Back,AS Nancy,"End of loanJun 30, 2002",in,Summer,0,Ligue 1,2002,2002/2003
FC Girondins Bordeaux,Nicolas Sahnoun,21,Defensive Midfield,AC Ajaccio,"End of loanJun 30, 2002",in,Summer,0,Ligue 1,2002,2002/2003
FC Girondins Bordeaux,Hervé Bugnet,20,Right Winger,FC Martigues,"End of loanJun 30, 2002",in,Summer,0,Ligue 1,2002,2002/2003
FC Girondins Bordeaux,Christian,27,Centre-Forward,Palmeiras,"End of loanJun 30, 2002",in,Summer,0,Ligue 1,2002,2002/2003
FC Girondins Bordeaux,Teddy Richert,27,Goalkeeper,FC Sochaux,"End of loanJun 30, 2002",in,Summer,0,Ligue 1,2002,2002/2003
FC Girondins Bordeaux,David Sommeil,27,Centre-Back,Man City,£4.05m,out,Summer,4.05,Ligue 1,2002,2002/2003
FC Girondins Bordeaux,Christian,27,Centre-Forward,Galatasaray,£1.62m,out,Summer,1.62,Ligue 1,2002,2002/2003
FC Girondins Bordeaux,Francois Dubourdeau,21,Goalkeeper,Motherwell FC,Free transfer,out,Summer,0,Ligue 1,2002,2002/2003
FC Girondins Bordeaux,Hervé Bugnet,20,Right Winger,LB Châteauroux,Loan,out,Summer,0,Ligue 1,2002,2002/2003
FC Girondins Bordeaux,Benjamin Oliveras,21,Left-Back,Unknown,Free transfer,out,Summer,0,Ligue 1,2002,2002/2003
FC Girondins Bordeaux,Teddy Richert,27,Goalkeeper,FC Sochaux,?,out,Summer,NA,Ligue 1,2002,2002/2003
FC Girondins Bordeaux,Kiki Musampa,24,Left Winger,Málaga CF,?,out,Summer,NA,Ligue 1,2002,2002/2003
FC Girondins Bordeaux,Hervé Alicarte,27,Sweeper,AC Ajaccio,Loan,out,Summer,0,Ligue 1,2002,2002/2003
FC Girondins Bordeaux,Paulo Miranda,28,Defensive Midfield,Flamengo,Loan,out,Summer,0,Ligue 1,2002,2002/2003
FC Girondins Bordeaux,Bruno Da Rocha,24,Midfielder,ASOA Valence,?,out,Summer,NA,Ligue 1,2002,2002/2003
FC Girondins Bordeaux,Yksel Osmanovski,25,Left Midfield,Torino,"End of loanJun 30, 2002",out,Summer,0,Ligue 1,2002,2002/2003
FC Girondins Bordeaux,Vikash Dhorasoo,28,Central Midfield,Olympique Lyon,"End of loanJun 30, 2002",out,Summer,0,Ligue 1,2002,2002/2003
FC Sochaux-Montbéliard,Basile de Carvalho,20,Centre-Forward,Louh.-Cuiseaux,Free transfer,in,Summer,0,Ligue 1,2002,2002/2003
FC Sochaux-Montbéliard,Johann Lonfat,29,Right Midfield,Servette FC,Free transfer,in,Summer,0,Ligue 1,2002,2002/2003
FC Sochaux-Montbéliard,Ibrahim Tall,21,Centre-Back,Louh.-Cuiseaux,Free transfer,in,Summer,0,Ligue 1,2002,2002/2003
FC Sochaux-Montbéliard,Gérard Gnanhouan,23,Goalkeeper,Guingamp,Free transfer,in,Summer,0,Ligue 1,2002,2002/2003
FC Sochaux-Montbéliard,Wilson Oruma,25,Attacking Midfield,Servette FC,?,in,Summer,NA,Ligue 1,2002,2002/2003
FC Sochaux-Montbéliard,Jean-Léon Bart,19,Central Midfield,Lausanne-Sport,?,in,Summer,NA,Ligue 1,2002,2002/2003
FC Sochaux-Montbéliard,Teddy Richert,27,Goalkeeper,G. Bordeaux,?,in,Summer,NA,Ligue 1,2002,2002/2003
FC Sochaux-Montbéliard,Alexandre Martinovic,17,Goalkeeper,FC Sochaux U19,-,in,Summer,0,Ligue 1,2002,2002/2003
FC Sochaux-Montbéliard,Jérémy Mathieu,18,Centre-Back,FC Sochaux U19,-,in,Summer,0,Ligue 1,2002,2002/2003
FC Sochaux-Montbéliard,Virgile Boumelaha,18,Centre-Back,FC Sochaux B,-,in,Summer,0,Ligue 1,2002,2002/2003
FC Sochaux-Montbéliard,Kendal Ucar,20,Attacking Midfield,Ionikos Nikeas,Free transfer,out,Summer,0,Ligue 1,2002,2002/2003
FC Sochaux-Montbéliard,Kamel Chafni,20,Attacking Midfield,Besançon RC,Loan,out,Summer,0,Ligue 1,2002,2002/2003
FC Sochaux-Montbéliard,Vincent Fernandez,27,Goalkeeper,R. Strasbourg,?,out,Summer,NA,Ligue 1,2002,2002/2003
FC Sochaux-Montbéliard,Pascal Villechalane,26,Goalkeeper,FC Rouen 1899,?,out,Summer,NA,Ligue 1,2002,2002/2003
FC Sochaux-Montbéliard,Bernard Maraval,30,Defender,Retired,-,out,Summer,0,Ligue 1,2002,2002/2003
FC Sochaux-Montbéliard,Finazzi,28,Centre-Forward,Botafogo,"End of loanJun 30, 2002",out,Summer,0,Ligue 1,2002,2002/2003
FC Sochaux-Montbéliard,Teddy Richert,27,Goalkeeper,G. Bordeaux,"End of loanJun 30, 2002",out,Summer,0,Ligue 1,2002,2002/2003
AJ Auxerre,Stéphane Grichting,23,Centre-Back,FC Sion,Free transfer,in,Summer,0,Ligue 1,2002,2002/2003
AJ Auxerre,Sébastien Hamel,26,Goalkeeper,FC Lorient,Free transfer,in,Summer,0,Ligue 1,2002,2002/2003
AJ Auxerre,Romain Poyet,21,Centre-Forward,AS Saint-Priest,Free transfer,in,Summer,0,Ligue 1,2002,2002/2003
AJ Auxerre,Benjani,23,Centre-Forward,Jomo Cosmos,?,in,Summer,NA,Ligue 1,2002,2002/2003
AJ Auxerre,Jean-Pascal Mignot,21,Centre-Back,AJ Auxerre B,-,in,Summer,0,Ligue 1,2002,2002/2003
AJ Auxerre,Richard Suriano,20,Right-Back,AJ Auxerre B,-,in,Summer,0,Ligue 1,2002,2002/2003
AJ Auxerre,Mohamed Sissoko,17,Defensive Midfield,AJ Auxerre U19,-,in,Summer,0,Ligue 1,2002,2002/2003
AJ Auxerre,David Recorbet,25,Centre-Back,ES Wasquehal,"End of loanJun 30, 2002",in,Summer,0,Ligue 1,2002,2002/2003
AJ Auxerre,Pierre Deblock,29,Right Midfield,SC Bastia,"End of loanJun 30, 2002",in,Summer,0,Ligue 1,2002,2002/2003
AJ Auxerre,Lassina Diabaté,27,Defensive Midfield,Portsmouth,Free transfer,out,Summer,0,Ligue 1,2002,2002/2003
AJ Auxerre,Ronan Le Crom,27,Goalkeeper,Guingamp,Free transfer,out,Summer,0,Ligue 1,2002,2002/2003
AJ Auxerre,Frédéric Jay,25,Right-Back,Stade Rennais,Free transfer,out,Summer,0,Ligue 1,2002,2002/2003
AJ Auxerre,Pawel Hajduczek,20,Defensive Midfield,Podbeskidzie,Free transfer,out,Summer,0,Ligue 1,2002,2002/2003
AJ Auxerre,Piotr Wlodarczyk,25,Centre-Forward,Widzew Lodz,?,out,Summer,NA,Ligue 1,2002,2002/2003
AJ Auxerre,Pedro Kamatà,20,Left Winger,FC Groningen,?,out,Summer,NA,Ligue 1,2002,2002/2003
AJ Auxerre,Pedro Reyes,29,Centre-Back,U. de Chile,?,out,Summer,NA,Ligue 1,2002,2002/2003
AJ Auxerre,Azzedine Hatim,19,Defender,Stade Auxerre,?,out,Summer,NA,Ligue 1,2002,2002/2003
AJ Auxerre,Cyrille Magnier,32,Centre-Back,Amiens SC,?,out,Summer,NA,Ligue 1,2002,2002/2003
EA Guingamp,Gaël Danic,20,Left Winger,Stade Rennais,Loan,in,Summer,0,Ligue 1,2002,2002/2003
EA Guingamp,Régis Dorn,22,Centre-Forward,SC Freiburg,Free transfer,in,Summer,0,Ligue 1,2002,2002/2003
EA Guingamp,Milovan Sikimic,21,Centre-Back,OFK Mladenovac,Free transfer,in,Summer,0,Ligue 1,2002,2002/2003
EA Guingamp,Ronan Le Crom,27,Goalkeeper,AJ Auxerre,Free transfer,in,Summer,0,Ligue 1,2002,2002/2003
EA Guingamp,Jawad El Hajri,22,Centre-Forward,Olympique Alès,Free transfer,in,Summer,0,Ligue 1,2002,2002/2003
EA Guingamp,Christophe Le Roux,33,Right Midfield,Stade Rennais,Free transfer,in,Summer,0,Ligue 1,2002,2002/2003
EA Guingamp,Jean-Louis Montero,31,Right-Back,CS Sedan,Free transfer,in,Summer,0,Ligue 1,2002,2002/2003
EA Guingamp,Trésor Luntala,20,Defensive Midfield,Birmingham,Free transfer,in,Summer,0,Ligue 1,2002,2002/2003
EA Guingamp,Fabrice Colleau,25,Defensive Midfield,Nîmes Olympique,?,in,Summer,NA,Ligue 1,2002,2002/2003
EA Guingamp,Néstor Fabbri,34,Centre-Back,FC Nantes,?,in,Summer,NA,Ligue 1,2002,2002/2003
EA Guingamp,Wagneau Eloi,28,Centre-Forward,Monaco,?,in,Summer,NA,Ligue 1,2002,2002/2003
EA Guingamp,Lionel Bah,22,Defensive Midfield,EA Guingamp B,-,in,Summer,0,Ligue 1,2002,2002/2003
EA Guingamp,Yohann Rivière,17,Centre-Forward,EA Guingamp B,-,in,Summer,0,Ligue 1,2002,2002/2003
EA Guingamp,Jean-Baptiste Le Bescond,22,Midfielder,EA Guingamp B,-,in,Summer,0,Ligue 1,2002,2002/2003
EA Guingamp,Guillaume Gauclin,21,Goalkeeper,FC Lorient,"End of loanJun 30, 2002",in,Summer,0,Ligue 1,2002,2002/2003
EA Guingamp,Fabrice Pancrate,22,Right Winger,Le Mans UC 72,Free transfer,out,Summer,0,Ligue 1,2002,2002/2003
EA Guingamp,Gérard Gnanhouan,23,Goalkeeper,FC Sochaux,Free transfer,out,Summer,0,Ligue 1,2002,2002/2003
EA Guingamp,Pierre-Emmanuel Bourdeau,27,Centre-Back,Clermont Foot,Free transfer,out,Summer,0,Ligue 1,2002,2002/2003
EA Guingamp,Hubert Fournier,34,Centre-Back,FC Rouen 1899,?,out,Summer,NA,Ligue 1,2002,2002/2003
EA Guingamp,Abdelhafid Tasfaout,33,Attacking Midfield,Al-Rayyan SC,?,out,Summer,NA,Ligue 1,2002,2002/2003
EA Guingamp,Morten Nielsen,31,Right-Back,Kalundborg GB,?,out,Summer,NA,Ligue 1,2002,2002/2003
EA Guingamp,Stéphane Guivarc'h,31,Centre-Forward,Retired,-,out,Summer,0,Ligue 1,2002,2002/2003
EA Guingamp,Laurent Guyot,32,Centre-Back,Retired,-,out,Summer,0,Ligue 1,2002,2002/2003
RC Lens,Dagui Bakari,27,Centre-Forward,LOSC Lille,£3.15m,in,Summer,3.15,Ligue 1,2002,2002/2003
RC Lens,Olivier Thomert,22,Left Midfield,Le Mans UC 72,£1.80m,in,Summer,1.8,Ligue 1,2002,2002/2003
RC Lens,Rigobert Song,26,Centre-Back,West Ham,Free transfer,in,Summer,0,Ligue 1,2002,2002/2003
RC Lens,John Utaka,20,Left Winger,Al-Sadd SC,Free transfer,in,Summer,0,Ligue 1,2002,2002/2003
RC Lens,Rod Fanni,20,Right-Back,FC Martigues,Free transfer,in,Summer,0,Ligue 1,2002,2002/2003
RC Lens,Abdoulaye Fayé,24,Centre-Back,Jeanne d'Arc,Free transfer,in,Summer,0,Ligue 1,2002,2002/2003
RC Lens,Furtado,19,Defensive Midfield,FC Nantes,Free transfer,in,Summer,0,Ligue 1,2002,2002/2003
RC Lens,Seydou Keita,22,Central Midfield,FC Lorient,Free transfer,in,Summer,0,Ligue 1,2002,2002/2003
RC Lens,Martin Ekani,18,Right-Back,Unknown,Free transfer,in,Summer,0,Ligue 1,2002,2002/2003
RC Lens,Benoît Assou-Ekotto,18,Left-Back,RC Lens B,-,in,Summer,0,Ligue 1,2002,2002/2003
RC Lens,Mounir Diane,20,Attacking Midfield,RC Lens B,-,in,Summer,0,Ligue 1,2002,2002/2003
RC Lens,Cyril Rool,27,Left-Back,Monaco,"End of loanJun 30, 2002",in,Summer,0,Ligue 1,2002,2002/2003
RC Lens,Yazid Kaïssi,21,Central Midfield,ES Wasquehal,"End of loanJun 30, 2002",in,Summer,0,Ligue 1,2002,2002/2003
RC Lens,Esteban Fuertes,29,Centre-Forward,CD Tenerife,"End of loanJun 30, 2002",in,Summer,0,Ligue 1,2002,2002/2003
RC Lens,Abdelmajid Oulmers,23,Midfielder,ES Wasquehal,"End of loanJun 30, 2002",in,Summer,0,Ligue 1,2002,2002/2003
RC Lens,Ludovic Delporte,22,Left Winger,Racing Ferrol,"End of loanJun 30, 2002",in,Summer,0,Ligue 1,2002,2002/2003
RC Lens,El-Hadji Diouf,21,Centre-Forward,Liverpool,£13.50m,out,Summer,13.5,Ligue 1,2002,2002/2003
RC Lens,Franck Queudrue,23,Left-Back,Middlesbrough,£3.38m,out,Summer,3.38,Ligue 1,2002,2002/2003
RC Lens,Radek Bejbl,29,Defensive Midfield,Slavia Prague,Free transfer,out,Summer,0,Ligue 1,2002,2002/2003
RC Lens,Bouabid Bouden,20,Centre-Forward,Beauvais,Loan,out,Summer,0,Ligue 1,2002,2002/2003
RC Lens,Bruno Rodriguez,29,Centre-Forward,AC Ajaccio,Loan,out,Summer,0,Ligue 1,2002,2002/2003
RC Lens,Valérien Ismaël,26,Centre-Back,R. Strasbourg,?,out,Summer,NA,Ligue 1,2002,2002/2003
RC Lens,Bob Cousin,20,Central Midfield,KSK Ronse,?,out,Summer,NA,Ligue 1,2002,2002/2003
RC Lens,Patrick Barul,24,Right-Back,OGC Nice,Loan,out,Summer,0,Ligue 1,2002,2002/2003
RC Lens,Nadir Belhadj,20,Left-Back,FC Gueugnon,?,out,Summer,NA,Ligue 1,2002,2002/2003
RC Lens,Jean-Guy Wallemme,34,Centre-Back,RC Paris,?,out,Summer,NA,Ligue 1,2002,2002/2003
RC Lens,Djimi Traoré,22,Centre-Back,Liverpool,"End of loanJun 30, 2002",out,Summer,0,Ligue 1,2002,2002/2003
FC Nantes,Ariza Makukula,21,Centre-Forward,UD Salamanca,£4.95m,in,Summer,4.95,Ligue 1,2002,2002/2003
FC Nantes,Loïc Guillon,20,Centre-Back,FC Nantes B,-,in,Summer,0,Ligue 1,2002,2002/2003
FC Nantes,Jérémy Toulalan,18,Defensive Midfield,FC Nantes B,-,in,Summer,0,Ligue 1,2002,2002/2003
FC Nantes,Stéphen Drouin,18,Left-Back,FC Nantes B,-,in,Summer,0,Ligue 1,2002,2002/2003
FC Nantes,Grégory Lorenzi,18,Centre-Back,FC Nantes B,-,in,Summer,0,Ligue 1,2002,2002/2003
FC Nantes,Wilfried Dalmat,19,Right Winger,Marseille,"End of loanJun 30, 2002",in,Summer,0,Ligue 1,2002,2002/2003
FC Nantes,Pascal Delhommeau,23,Centre-Back,FC Lorient,"End of loanJun 30, 2002",in,Summer,0,Ligue 1,2002,2002/2003
FC Nantes,Salomon Olembé,21,Left Midfield,Marseille,"End of loanJun 30, 2002",in,Summer,0,Ligue 1,2002,2002/2003
FC Nantes,Salomon Olembé,21,Left Midfield,Marseille,£1.80m,out,Summer,1.8,Ligue 1,2002,2002/2003
FC Nantes,Vincent Talio,21,Centre-Back,Unknown,Free transfer,out,Summer,0,Ligue 1,2002,2002/2003
FC Nantes,Furtado,19,Defensive Midfield,Lens,Free transfer,out,Summer,0,Ligue 1,2002,2002/2003
FC Nantes,Yves Deroff,23,Right-Back,R. Strasbourg,Free transfer,out,Summer,0,Ligue 1,2002,2002/2003
FC Nantes,Hassan Ahamada,21,Attacking Midfield,SC Bastia,Loan,out,Summer,0,Ligue 1,2002,2002/2003
FC Nantes,Víctor Bonilla,31,Centre-Forward,Montpellier,?,out,Summer,NA,Ligue 1,2002,2002/2003
FC Nantes,Nicolas Laspalles,30,Right-Back,Lecce,Loan,out,Summer,0,Ligue 1,2002,2002/2003
FC Nantes,Sébastien Pauvert,24,Goalkeeper,FC Istres,Loan,out,Summer,0,Ligue 1,2002,2002/2003
FC Nantes,Néstor Fabbri,34,Centre-Back,Guingamp,?,out,Summer,NA,Ligue 1,2002,2002/2003
FC Nantes,Charles Devineau,23,Defensive Midfield,Stade Lavallois,?,out,Summer,NA,Ligue 1,2002,2002/2003
OGC Nice,Everson,26,Defensive Midfield,VfL Osnabrück,Free transfer,in,Summer,0,Ligue 1,2002,2002/2003
OGC Nice,Jacques Abardonado,24,Centre-Back,FC Lorient,Free transfer,in,Summer,0,Ligue 1,2002,2002/2003
OGC Nice,Serge Dié,24,Defensive Midfield,Avellino,Free transfer,in,Summer,0,Ligue 1,2002,2002/2003
OGC Nice,Éric Roy,34,Defensive Midfield,Rayo Vallecano,Free transfer,in,Summer,0,Ligue 1,2002,2002/2003
OGC Nice,Yoann Bigné,24,Central Midfield,Stade Rennais,Loan,in,Summer,0,Ligue 1,2002,2002/2003
OGC Nice,Damien Grégorini,23,Goalkeeper,Marseille,Loan,in,Summer,0,Ligue 1,2002,2002/2003
OGC Nice,Sammy Traoré,26,Centre-Back,US Créteil,?,in,Summer,NA,Ligue 1,2002,2002/2003
OGC Nice,Adékambi Olufadé,22,Right Winger,LOSC Lille,Loan,in,Summer,0,Ligue 1,2002,2002/2003
OGC Nice,Patrick Barul,24,Right-Back,Lens,Loan,in,Summer,0,Ligue 1,2002,2002/2003
OGC Nice,Kaba Diawara,26,Centre-Forward,Paris SG,Loan,in,Summer,0,Ligue 1,2002,2002/2003
OGC Nice,Patrice Evra,21,Left-Back,Monaco,£3.69m,out,Summer,3.69,Ligue 1,2002,2002/2003
OGC Nice,Didier Angan,27,Centre-Back,Sturm Graz,Free transfer,out,Summer,0,Ligue 1,2002,2002/2003
OGC Nice,Jean-Daniel Padovani,22,Goalkeeper,FC Rouen 1899,Free transfer,out,Summer,0,Ligue 1,2002,2002/2003
OGC Nice,Manuel Nogueira,33,Midfielder,Cannes,?,out,Summer,NA,Ligue 1,2002,2002/2003
OGC Nice,Alcaly Camara,21,Right-Back,CS Sedan,"End of loanJun 30, 2002",out,Summer,0,Ligue 1,2002,2002/2003
Paris Saint-Germain,André Luiz,27,Attacking Midfield,CD Tenerife,£9.90m,in,Summer,9.9,Ligue 1,2002,2002/2003
Paris Saint-Germain,Filipe Teixeira,21,Right Winger,FC Istres,£900Th.,in,Summer,0.9,Ligue 1,2002,2002/2003
Paris Saint-Germain,Paulo César,23,Right Midfield,Fluminense,£675Th.,in,Summer,0.675,Ligue 1,2002,2002/2003
Paris Saint-Germain,Bernard Mendy,21,Right-Back,Bolton,?,in,Summer,NA,Ligue 1,2002,2002/2003
Paris Saint-Germain,Alex Nyarko,28,Centre-Back,Everton,Loan,in,Summer,0,Ligue 1,2002,2002/2003
Paris Saint-Germain,Alioune Touré,23,Right Winger,Man City,?,in,Summer,NA,Ligue 1,2002,2002/2003
Paris Saint-Germain,Romain Rocchi,20,Defensive Midfield,Cannes,?,in,Summer,NA,Ligue 1,2002,2002/2003
Paris Saint-Germain,Martín Cardetti,26,Centre-Forward,River Plate,?,in,Summer,NA,Ligue 1,2002,2002/2003
Paris Saint-Germain,Jérôme Leroy,27,Attacking Midfield,Marseille,?,in,Summer,NA,Ligue 1,2002,2002/2003
Paris Saint-Germain,Rabiu Baita,17,Forward,Kano Pillars,?,in,Summer,NA,Ligue 1,2002,2002/2003
Paris Saint-Germain,Talal El Karkouri,26,Centre-Back,Sunderland,"End of loanMay 1, 2003",in,Summer,0,Ligue 1,2002,2002/2003
Paris Saint-Germain,Lorik Cana,18,Defensive Midfield,Paris SG B,-,in,Summer,0,Ligue 1,2002,2002/2003
Paris Saint-Germain,Chiguy Lucau,17,Right Winger,Paris SG B,-,in,Summer,0,Ligue 1,2002,2002/2003
Paris Saint-Germain,Nicolas Anelka,23,Centre-Forward,Liverpool,"End of loanJun 30, 2002",in,Summer,0,Ligue 1,2002,2002/2003
Paris Saint-Germain,Selim Benachour,20,Attacking Midfield,FC Martigues,"End of loanJun 30, 2002",in,Summer,0,Ligue 1,2002,2002/2003
Paris Saint-Germain,Aliou Cissé,26,Defensive Midfield,Montpellier,"End of loanJun 30, 2002",in,Summer,0,Ligue 1,2002,2002/2003
Paris Saint-Germain,Sylvain Distin,24,Centre-Back,Newcastle,"End of loanJun 30, 2002",in,Summer,0,Ligue 1,2002,2002/2003
Paris Saint-Germain,Kaba Diawara,26,Centre-Forward,Racing Ferrol,"End of loanJun 1, 2002",in,Summer,0,Ligue 1,2002,2002/2003
Paris Saint-Germain,Fabrice Abriel,22,Central Midfield,Amiens SC,"End of loanJun 30, 2002",in,Summer,0,Ligue 1,2002,2002/2003
Paris Saint-Germain,Nicolas Anelka,23,Centre-Forward,Man City,£13.50m,out,Summer,13.5,Ligue 1,2002,2002/2003
Paris Saint-Germain,Sylvain Distin,24,Centre-Back,Man City,£5.40m,out,Summer,5.4,Ligue 1,2002,2002/2003
Paris Saint-Germain,Aliou Cissé,26,Defensive Midfield,Birmingham,£2.03m,out,Summer,2.03,Ligue 1,2002,2002/2003
Paris Saint-Germain,Jay-Jay Okocha,28,Attacking Midfield,Bolton,Free transfer,out,Summer,0,Ligue 1,2002,2002/2003
Paris Saint-Germain,Younes Bengelloun,19,Centre-Back,Amiens SC,Loan,out,Summer,0,Ligue 1,2002,2002/2003
Paris Saint-Germain,Jean-Claude Lanoizelet,21,Midfielder,Servette FC,Free transfer,out,Summer,0,Ligue 1,2002,2002/2003
Paris Saint-Germain,Fabrice Abriel,22,Central Midfield,Amiens SC,?,out,Summer,NA,Ligue 1,2002,2002/2003
Paris Saint-Germain,Kaba Diawara,26,Centre-Forward,OGC Nice,Loan,out,Summer,0,Ligue 1,2002,2002/2003
Paris Saint-Germain,Agostinho,26,Left Winger,Moreirense,?,out,Summer,NA,Ligue 1,2002,2002/2003
Paris Saint-Germain,Rabiu Baita,17,Forward,RAEC Mons,Loan,out,Summer,0,Ligue 1,2002,2002/2003
Paris Saint-Germain,Édouard Cissé,24,Defensive Midfield,West Ham,Loan,out,Summer,0,Ligue 1,2002,2002/2003
Paris Saint-Germain,Bernard Mendy,20,Right-Back,Bolton,?,out,Summer,NA,Ligue 1,2002,2002/2003
Paris Saint-Germain,Christophe Olol,21,Goalkeeper,FC Drouais,?,out,Summer,NA,Ligue 1,2002,2002/2003
Paris Saint-Germain,Alex Dias,30,Centre-Forward,Saint-Étienne,"End of loanJun 30, 2002",out,Summer,0,Ligue 1,2002,2002/2003
Paris Saint-Germain,Jérôme Leroy,27,Attacking Midfield,Marseille,"End of loanJun 30, 2002",out,Summer,0,Ligue 1,2002,2002/2003
SC Bastia,Cédric Uras,23,Centre-Back,Toulouse,Free transfer,in,Summer,0,Ligue 1,2002,2002/2003
SC Bastia,Lilian Laslandes,30,Centre-Forward,Sunderland,Loan,in,Summer,0,Ligue 1,2002,2002/2003
SC Bastia,Florian Maurice,28,Centre-Forward,Marseille,Free transfer,in,Summer,0,Ligue 1,2002,2002/2003
SC Bastia,Samir Beloufa,22,Centre-Back,Germ. Beerschot,Free transfer,in,Summer,0,Ligue 1,2002,2002/2003
SC Bastia,Greg Vanney,28,Centre-Back,LA Galaxy,Free transfer,in,Summer,0,Ligue 1,2002,2002/2003
SC Bastia,Anthar Yahia,20,Centre-Back,Inter U19,Free transfer,in,Summer,0,Ligue 1,2002,2002/2003
SC Bastia,Hassan Ahamada,21,Attacking Midfield,FC Nantes,Loan,in,Summer,0,Ligue 1,2002,2002/2003
SC Bastia,Jocelyn Gourvennec,30,Attacking Midfield,Stade Rennais,?,in,Summer,NA,Ligue 1,2002,2002/2003
SC Bastia,Samir Bertin d'Avesnes,16,Attacking Midfield,SC Bastia U19,-,in,Summer,0,Ligue 1,2002,2002/2003
SC Bastia,Benjamin Longue,21,Right-Back,SC Bastia B,-,in,Summer,0,Ligue 1,2002,2002/2003
SC Bastia,Adel Guemari,18,Left-Back,SC Bastia U19,-,in,Summer,0,Ligue 1,2002,2002/2003
SC Bastia,Chaouki Ben Saada,18,Attacking Midfield,SC Bastia B,-,in,Summer,0,Ligue 1,2002,2002/2003
SC Bastia,Paul Essola,20,Defensive Midfield,US Créteil,"End of loanJun 30, 2002",in,Summer,0,Ligue 1,2002,2002/2003
SC Bastia,Lilian Nalis,30,Central Midfield,Chievo Verona,Free transfer,out,Summer,0,Ligue 1,2002,2002/2003
SC Bastia,Bernard Lambourde,31,Centre-Back,AS Nancy,Free transfer,out,Summer,0,Ligue 1,2002,2002/2003
SC Bastia,Patrick Beneforti,21,Attacking Midfield,Udinese,Loan,out,Summer,0,Ligue 1,2002,2002/2003
SC Bastia,Tony Vairelles,29,Centre-Forward,Olympique Lyon,?,out,Summer,NA,Ligue 1,2002,2002/2003
SC Bastia,Danijel Popovic,20,Centre-Forward,NK Osijek,?,out,Summer,NA,Ligue 1,2002,2002/2003
SC Bastia,Ousmane Soumah,28,Forward,Al-Wakrah SC,?,out,Summer,NA,Ligue 1,2002,2002/2003
SC Bastia,Stéphane Odet,26,Right Midfield,Beauvais,?,out,Summer,NA,Ligue 1,2002,2002/2003
SC Bastia,Grégory Vignal,21,Left-Back,Liverpool,"End of loanMay 1, 2003",out,Summer,0,Ligue 1,2002,2002/2003
SC Bastia,Christophe Deguerville,32,Left-Back,Without Club,-,out,Summer,0,Ligue 1,2002,2002/2003
SC Bastia,Pierre Deblock,29,Right Midfield,AJ Auxerre,"End of loanJun 30, 2002",out,Summer,0,Ligue 1,2002,2002/2003
SC Bastia,Ishmael Addo,19,Centre-Forward,Hearts of Oak,"End of loanJun 30, 2002",out,Summer,0,Ligue 1,2002,2002/2003
SC Bastia,Damián Manso,23,Left Winger,Newell's,"End of loanJun 30, 2002",out,Summer,0,Ligue 1,2002,2002/2003
SC Bastia,Fabien Audard,24,Goalkeeper,Toulouse,"End of loanJun 30, 2002",out,Summer,0,Ligue 1,2002,2002/2003
SC Bastia,Anthar Yahia,20,Centre-Back,Inter U19,"End of loanJun 30, 2002",out,Summer,0,Ligue 1,2002,2002/2003
RC Strasbourg Alsace,Yves Deroff,23,Right-Back,FC Nantes,Free transfer,in,Summer,0,Ligue 1,2002,2002/2003
RC Strasbourg Alsace,Cédric Moukouri,22,Centre-Forward,Villemomble Sports,Free transfer,in,Summer,0,Ligue 1,2002,2002/2003
RC Strasbourg Alsace,Ulrich Le Pen,28,Left Midfield,Ipswich,Free transfer,in,Summer,0,Ligue 1,2002,2002/2003
RC Strasbourg Alsace,Valérien Ismaël,26,Centre-Back,Lens,?,in,Summer,NA,Ligue 1,2002,2002/2003
RC Strasbourg Alsace,Pena,28,Centre-Forward,FC Porto,Loan,in,Summer,0,Ligue 1,2002,2002/2003
RC Strasbourg Alsace,Vincent Fernandez,27,Goalkeeper,FC Sochaux,?,in,Summer,NA,Ligue 1,2002,2002/2003
RC Strasbourg Alsace,Yannick Kamanan,19,Centre-Forward,Spurs,?,in,Summer,NA,Ligue 1,2002,2002/2003
RC Strasbourg Alsace,Nicolas Bonis,20,Goalkeeper,R. Strasbourg B,-,in,Summer,0,Ligue 1,2002,2002/2003
RC Strasbourg Alsace,Fabrice Viau,19,Attacking Midfield,Strasbourg U19,-,in,Summer,0,Ligue 1,2002,2002/2003
RC Strasbourg Alsace,Cédric Kanté,22,Centre-Back,FC Istres,"End of loanJun 30, 2002",in,Summer,0,Ligue 1,2002,2002/2003
RC Strasbourg Alsace,Gonzalo Luis Belloso,28,Centre-Forward,Lanús,"End of loanJun 30, 2002",in,Summer,0,Ligue 1,2002,2002/2003
RC Strasbourg Alsace,Jacques Remy,30,Centre-Forward,Grenoble,"End of loanJun 30, 2002",in,Summer,0,Ligue 1,2002,2002/2003
RC Strasbourg Alsace,Pascal Johansen,23,Central Midfield,Marseille,Free transfer,out,Summer,0,Ligue 1,2002,2002/2003
RC Strasbourg Alsace,Rafik Mezriche,24,Defensive Midfield,FC Gueugnon,Free transfer,out,Summer,0,Ligue 1,2002,2002/2003
RC Strasbourg Alsace,Amadou Konte,21,Centre-Forward,Paternò,Free transfer,out,Summer,0,Ligue 1,2002,2002/2003
RC Strasbourg Alsace,Cédric Kanté,23,Centre-Back,ASOA Valence,Loan,out,Summer,0,Ligue 1,2002,2002/2003
RC Strasbourg Alsace,Vincent Doukantie,25,Defensive Midfield,US Créteil,Free transfer,out,Summer,0,Ligue 1,2002,2002/2003
RC Strasbourg Alsace,Cédric Stoll,20,Forward,Cannes,Free transfer,out,Summer,0,Ligue 1,2002,2002/2003
RC Strasbourg Alsace,Thierry Debès,28,Goalkeeper,Grenoble,Loan,out,Summer,0,Ligue 1,2002,2002/2003
RC Strasbourg Alsace,Jacques Remy,30,Centre-Forward,FC Istres,Free transfer,out,Summer,0,Ligue 1,2002,2002/2003
RC Strasbourg Alsace,José Luis Chilavert,37,Goalkeeper,Peñarol,Free transfer,out,Summer,0,Ligue 1,2002,2002/2003
RC Strasbourg Alsace,Mixu Paatelainen,35,Centre-Forward,Hibernian FC,?,out,Summer,NA,Ligue 1,2002,2002/2003
RC Strasbourg Alsace,Alexis Ngambi,20,Centre-Back,FC Gueugnon,Loan,out,Summer,0,Ligue 1,2002,2002/2003
RC Strasbourg Alsace,Ludovic Viltard,18,Centre-Forward,FC Lorient,?,out,Summer,NA,Ligue 1,2002,2002/2003
RC Strasbourg Alsace,Gonzalo Luis Belloso,28,Centre-Forward,Racing Club,?,out,Summer,NA,Ligue 1,2002,2002/2003
RC Strasbourg Alsace,Stéphane Collet,30,Right Midfield,Real Sociedad,"End of loanJun 30, 2002",out,Summer,0,Ligue 1,2002,2002/2003
LOSC Lille,Vladimir Manchev,24,Centre-Forward,CSKA Sofia,£2.25m,in,Summer,2.25,Ligue 1,2002,2002/2003
LOSC Lille,Philippe Brunel,29,Left Midfield,Marseille,£900Th.,in,Summer,0.9,Ligue 1,2002,2002/2003
LOSC Lille,Éric Abidal,22,Left-Back,Monaco,£270Th.,in,Summer,0.27,Ligue 1,2002,2002/2003
LOSC Lille,Marius Baciu,27,Centre-Back,Steaua Bukarest,Free transfer,in,Summer,0,Ligue 1,2002,2002/2003
LOSC Lille,Matthieu Chalmé,21,Right-Back,Lib.-St.-Seurin,Free transfer,in,Summer,0,Ligue 1,2002,2002/2003
LOSC Lille,Grégory Campi,26,Left Midfield,Montreal Impact,Free transfer,in,Summer,0,Ligue 1,2002,2002/2003
LOSC Lille,Grégory Malicki,28,Goalkeeper,Stade Rennais,?,in,Summer,NA,Ligue 1,2002,2002/2003
LOSC Lille,Marc-Antoine Fortuné,20,Centre-Forward,AS Angoulême 92,?,in,Summer,NA,Ligue 1,2002,2002/2003
LOSC Lille,Nicolas Bonnal,25,Left Midfield,Troyes,?,in,Summer,NA,Ligue 1,2002,2002/2003
LOSC Lille,Matt Moussilou,20,Centre-Forward,LOSC Lille B,-,in,Summer,0,Ligue 1,2002,2002/2003
LOSC Lille,Jean II Makoun,19,Defensive Midfield,LOSC Lille B,-,in,Summer,0,Ligue 1,2002,2002/2003
LOSC Lille,Nicolas Aubriot,17,Defender,LOSC Lille B,-,in,Summer,0,Ligue 1,2002,2002/2003
LOSC Lille,Mikkel Beck,29,Centre-Forward,Aalborg BK,"End of loanJun 30, 2002",in,Summer,0,Ligue 1,2002,2002/2003
LOSC Lille,Bruno Cheyrou,24,Central Midfield,Liverpool,£5.85m,out,Summer,5.85,Ligue 1,2002,2002/2003
LOSC Lille,Pascal Cygan,28,Centre-Back,Arsenal,£3.44m,out,Summer,3.44,Ligue 1,2002,2002/2003
LOSC Lille,Dagui Bakari,27,Centre-Forward,Lens,£3.15m,out,Summer,3.15,Ligue 1,2002,2002/2003
LOSC Lille,Edvin Murati,26,Left Midfield,Iraklis,£1.08m,out,Summer,1.08,Ligue 1,2002,2002/2003
LOSC Lille,Johnny Ecker,29,Centre-Back,Marseille,Free transfer,out,Summer,0,Ligue 1,2002,2002/2003
LOSC Lille,Riad Hammadou,25,Defender,PAS Giannina,?,out,Summer,NA,Ligue 1,2002,2002/2003
LOSC Lille,Eric Allibert,26,Goalkeeper,ASOA Valence,?,out,Summer,NA,Ligue 1,2002,2002/2003
LOSC Lille,Adékambi Olufadé,22,Right Winger,OGC Nice,Loan,out,Summer,0,Ligue 1,2002,2002/2003
LOSC Lille,Michael Klukowski,21,Left-Back,AA La Louviere,?,out,Summer,NA,Ligue 1,2002,2002/2003
LOSC Lille,Salaheddine Bassir,29,Centre-Forward,Aris Saloniki,?,out,Summer,NA,Ligue 1,2002,2002/2003
LOSC Lille,Christophe Pignol,32,Left-Back,Retired,-,out,Summer,0,Ligue 1,2002,2002/2003
LOSC Lille,Philippe Brunel,29,Left Midfield,Marseille,"End of loanJun 30, 2002",out,Summer,0,Ligue 1,2002,2002/2003
LOSC Lille,Grégory Malicki,28,Goalkeeper,Stade Rennais,"End of loanJun 30, 2002",out,Summer,0,Ligue 1,2002,2002/2003
Stade Rennais FC,Petr Cech,20,Goalkeeper,Sparta Praha,£4.50m,in,Summer,4.5,Ligue 1,2002,2002/2003
Stade Rennais FC,Georgi Ivanov,25,Centre-Forward,Levski Sofia,£3.69m,in,Summer,3.69,Ligue 1,2002,2002/2003
Stade Rennais FC,Gabriel Loeschbor,25,Centre-Back,Racing Club,£2.35m,in,Summer,2.35,Ligue 1,2002,2002/2003
Stade Rennais FC,Andrés Fleurquín,27,Defensive Midfield,Sturm Graz,£1.80m,in,Summer,1.8,Ligue 1,2002,2002/2003
Stade Rennais FC,François Grenet,27,Right-Back,Derby,£1.00m,in,Summer,1,Ligue 1,2002,2002/2003
Stade Rennais FC,Frédéric Jay,25,Right-Back,AJ Auxerre,Free transfer,in,Summer,0,Ligue 1,2002,2002/2003
Stade Rennais FC,Arnaud Le Lan,24,Left-Back,FC Lorient,?,in,Summer,NA,Ligue 1,2002,2002/2003
Stade Rennais FC,Benoît Le Bris,25,Forward,AC Le Havre,?,in,Summer,NA,Ligue 1,2002,2002/2003
Stade Rennais FC,Christian Yulu,17,Midfielder,Unknown,?,in,Summer,NA,Ligue 1,2002,2002/2003
Stade Rennais FC,Jacques Faty,18,Centre-Back,Rennes B,-,in,Summer,0,Ligue 1,2002,2002/2003
Stade Rennais FC,Grégory Bourillon,18,Centre-Back,Rennes B,-,in,Summer,0,Ligue 1,2002,2002/2003
Stade Rennais FC,Jure Primorac,20,Left-Back,US Créteil,"End of loanJun 30, 2002",in,Summer,0,Ligue 1,2002,2002/2003
Stade Rennais FC,Grégory Malicki,28,Goalkeeper,LOSC Lille,"End of loanJun 30, 2002",in,Summer,0,Ligue 1,2002,2002/2003
Stade Rennais FC,Christophe Revel,23,Goalkeeper,KSK Beveren,"End of loanJun 30, 2002",in,Summer,0,Ligue 1,2002,2002/2003
Stade Rennais FC,Vânder,27,Midfielder,Cruzeiro,"End of loanJun 1, 2002",in,Summer,0,Ligue 1,2002,2002/2003
Stade Rennais FC,Luís Fabiano,21,Centre-Forward,São Paulo,£3.15m,out,Summer,3.15,Ligue 1,2002,2002/2003
Stade Rennais FC,Yoann Bigné,24,Central Midfield,OGC Nice,Loan,out,Summer,0,Ligue 1,2002,2002/2003
Stade Rennais FC,Jean Félix Dorothée,20,Right Midfield,Valencia,Free transfer,out,Summer,0,Ligue 1,2002,2002/2003
Stade Rennais FC,Gaël Danic,20,Left Winger,Guingamp,Loan,out,Summer,0,Ligue 1,2002,2002/2003
Stade Rennais FC,Christophe Le Roux,33,Right Midfield,Guingamp,Free transfer,out,Summer,0,Ligue 1,2002,2002/2003
Stade Rennais FC,Stéphane Grégoire,34,Defensive Midfield,AC Ajaccio,Free transfer,out,Summer,0,Ligue 1,2002,2002/2003
Stade Rennais FC,Fabien Debec,26,Goalkeeper,Coventry,Free transfer,out,Summer,0,Ligue 1,2002,2002/2003
Stade Rennais FC,Jean-Yves Anis,21,Right-Back,Chelsea,?,out,Summer,NA,Ligue 1,2002,2002/2003
Stade Rennais FC,Vânder,27,Midfielder,EC Vitória,?,out,Summer,NA,Ligue 1,2002,2002/2003
Stade Rennais FC,Steven Pelé,20,Centre-Back,Le Mans UC 72,Loan,out,Summer,0,Ligue 1,2002,2002/2003
Stade Rennais FC,Lucas,23,Centre-Forward,Cruzeiro,Loan,out,Summer,0,Ligue 1,2002,2002/2003
Stade Rennais FC,César,26,Centre-Back,Palmeiras,?,out,Summer,NA,Ligue 1,2002,2002/2003
Stade Rennais FC,Grégory Malicki,28,Goalkeeper,LOSC Lille,?,out,Summer,NA,Ligue 1,2002,2002/2003
Stade Rennais FC,Jocelyn Gourvennec,30,Attacking Midfield,SC Bastia,?,out,Summer,NA,Ligue 1,2002,2002/2003
Stade Rennais FC,Grégory Paisley,25,Left-Back,AC Le Havre,?,out,Summer,NA,Ligue 1,2002,2002/2003
Montpellier HSC,Marc-Éric Gueï,21,Centre-Forward,Beauvais,Free transfer,in,Summer,0,Ligue 1,2002,2002/2003
Montpellier HSC,Pierre Laigle,31,Left Midfield,Olympique Lyon,?,in,Summer,NA,Ligue 1,2002,2002/2003
Montpellier HSC,Víctor Bonilla,31,Centre-Forward,FC Nantes,?,in,Summer,NA,Ligue 1,2002,2002/2003
Montpellier HSC,Julio Colombo,18,Centre-Back,HSC Montpellier B,-,in,Summer,0,Ligue 1,2002,2002/2003
Montpellier HSC,Laurent Pionnier,20,Goalkeeper,HSC Montpellier B,-,in,Summer,0,Ligue 1,2002,2002/2003
Montpellier HSC,Jody Viviani,20,Goalkeeper,HSC Montpellier B,-,in,Summer,0,Ligue 1,2002,2002/2003
Montpellier HSC,Jean-Matthieu Descamps,19,Centre-Forward,HSC Montpellier B,-,in,Summer,0,Ligue 1,2002,2002/2003
Montpellier HSC,Cyril Ramond,22,Left-Back,AS Nancy,"End of loanJun 30, 2002",in,Summer,0,Ligue 1,2002,2002/2003
Montpellier HSC,Marcel Mahouvé,29,Defensive Midfield,Clermont Foot,Free transfer,out,Summer,0,Ligue 1,2002,2002/2003
Montpellier HSC,Rémy Vercoutre,22,Goalkeeper,Olympique Lyon,?,out,Summer,NA,Ligue 1,2002,2002/2003
Montpellier HSC,David Bret,18,Goalkeeper,FC Empoli,?,out,Summer,NA,Ligue 1,2002,2002/2003
Montpellier HSC,Thierry Gathuessi,20,Right-Back,Cannes,?,out,Summer,NA,Ligue 1,2002,2002/2003
Montpellier HSC,Omar Belbey,28,Defensive Midfield,Without Club,-,out,Summer,0,Ligue 1,2002,2002/2003
Montpellier HSC,Assis,31,Attacking Midfield,Retired,-,out,Summer,0,Ligue 1,2002,2002/2003
Montpellier HSC,Gérald Fournel,24,Defender,Le Mans UC 72,,out,Summer,NA,Ligue 1,2002,2002/2003
Montpellier HSC,Aliou Cissé,26,Defensive Midfield,Paris SG,"End of loanJun 30, 2002",out,Summer,0,Ligue 1,2002,2002/2003
AC Ajaccio,Ousman Nyan,26,Central Midfield,Start,Free transfer,in,Summer,0,Ligue 1,2002,2002/2003
AC Ajaccio,Abdelnasser Ouadah,26,Left Winger,Chamois Niort,Free transfer,in,Summer,0,Ligue 1,2002,2002/2003
AC Ajaccio,Yacine Bezzaz,20,Left Midfield,JS Kabylie,Free transfer,in,Summer,0,Ligue 1,2002,2002/2003
AC Ajaccio,Thomas Sowunmi,23,Centre-Forward,Dunaferr SE,Free transfer,in,Summer,0,Ligue 1,2002,2002/2003
AC Ajaccio,Mickaël Marquet,20,Attacking Midfield,US Créteil,Free transfer,in,Summer,0,Ligue 1,2002,2002/2003
AC Ajaccio,Yohan Demont,24,Right-Back,Beauvais,Free transfer,in,Summer,0,Ligue 1,2002,2002/2003
AC Ajaccio,Bruno Rodriguez,29,Centre-Forward,Lens,Loan,in,Summer,0,Ligue 1,2002,2002/2003
AC Ajaccio,Laurent Wuillot,26,Centre-Back,Standard Liège,Free transfer,in,Summer,0,Ligue 1,2002,2002/2003
AC Ajaccio,Hervé Sekli,25,Goalkeeper,Troyes,Free transfer,in,Summer,0,Ligue 1,2002,2002/2003
AC Ajaccio,Mamadou Seck,22,Centre-Back,Nîmes Olympique,Free transfer,in,Summer,0,Ligue 1,2002,2002/2003
AC Ajaccio,Laurent Moracchini,34,Defensive Midfield,AS Nancy,Free transfer,in,Summer,0,Ligue 1,2002,2002/2003
AC Ajaccio,Florian Lucchini,21,Goalkeeper,GFCO Ajaccio,Free transfer,in,Summer,0,Ligue 1,2002,2002/2003
AC Ajaccio,Xavier Collin,27,Left-Back,FC Gueugnon,Free transfer,in,Summer,0,Ligue 1,2002,2002/2003
AC Ajaccio,Stéphane Grégoire,34,Defensive Midfield,Stade Rennais,Free transfer,in,Summer,0,Ligue 1,2002,2002/2003
AC Ajaccio,Jean-Michel Luciani,27,Defender,Unknown,?,in,Summer,NA,Ligue 1,2002,2002/2003
AC Ajaccio,Dmitri Ananko,28,Centre-Back,Spartak Moscow,?,in,Summer,NA,Ligue 1,2002,2002/2003
AC Ajaccio,Xavier Gravelaine,33,Centre-Forward,SM Caen,?,in,Summer,NA,Ligue 1,2002,2002/2003
AC Ajaccio,Wálter Guglielmone,24,Centre-Forward,Nacional,?,in,Summer,NA,Ligue 1,2002,2002/2003
AC Ajaccio,Grégory Lacombe,20,Right Winger,Monaco,Loan,in,Summer,0,Ligue 1,2002,2002/2003
AC Ajaccio,Hervé Alicarte,27,Sweeper,G. Bordeaux,Loan,in,Summer,0,Ligue 1,2002,2002/2003
AC Ajaccio,Patrice Luzi,21,Goalkeeper,Liverpool,Free transfer,out,Summer,0,Ligue 1,2002,2002/2003
AC Ajaccio,Nicolas Baudoin,31,Left-Back,Lommel SK,Free transfer,out,Summer,0,Ligue 1,2002,2002/2003
AC Ajaccio,Émerick Darbelet,28,Left Midfield,Chamois Niort,Free transfer,out,Summer,0,Ligue 1,2002,2002/2003
AC Ajaccio,Samassi Abou,29,Centre-Forward,FC Lorient,Free transfer,out,Summer,0,Ligue 1,2002,2002/2003
AC Ajaccio,Eric Colling,30,Defender,Cannes,Free transfer,out,Summer,0,Ligue 1,2002,2002/2003
AC Ajaccio,Romain Angeletti,25,Forward,Besançon RC,?,out,Summer,NA,Ligue 1,2002,2002/2003
AC Ajaccio,Samba N'Diaye,29,Centre-Forward,Al-Nasr,?,out,Summer,NA,Ligue 1,2002,2002/2003
AC Ajaccio,Anthony Garcia,30,Midfielder,Saint-Étienne,?,out,Summer,NA,Ligue 1,2002,2002/2003
AC Ajaccio,Thierry Rossi,26,Centre-Back,AS Cagnes,?,out,Summer,NA,Ligue 1,2002,2002/2003
AC Ajaccio,Sébastien Squillaci,21,Centre-Back,Monaco B,"End of loanJun 30, 2002",out,Summer,0,Ligue 1,2002,2002/2003
AC Ajaccio,Nicolas Sahnoun,21,Defensive Midfield,G. Bordeaux,"End of loanJun 30, 2002",out,Summer,0,Ligue 1,2002,2002/2003
AC Le Havre,Alou Diarra,21,Defensive Midfield,Liverpool,Loan,in,Summer,0,Ligue 1,2002,2002/2003
AC Le Havre,Anthony Le Tallec,17,Centre-Forward,Liverpool,Loan,in,Summer,0,Ligue 1,2002,2002/2003
AC Le Havre,Pierre Ducrocq,25,Defensive Midfield,Derby,Free transfer,in,Summer,0,Ligue 1,2002,2002/2003
AC Le Havre,Olivier Fauconnier,26,Centre-Forward,FC Gueugnon,Free transfer,in,Summer,0,Ligue 1,2002,2002/2003
AC Le Havre,Milan Osterc,26,Centre-Forward,Hapoel Tel Aviv,?,in,Summer,NA,Ligue 1,2002,2002/2003
AC Le Havre,Grégory Paisley,25,Left-Back,Stade Rennais,?,in,Summer,NA,Ligue 1,2002,2002/2003
AC Le Havre,Adame Soumaré,20,Centre-Back,Le Havre B,-,in,Summer,0,Ligue 1,2002,2002/2003
AC Le Havre,Olivier Davidas,20,Left-Back,Le Havre B,-,in,Summer,0,Ligue 1,2002,2002/2003
AC Le Havre,Alexis Genet,20,Centre-Back,Le Havre B,-,in,Summer,0,Ligue 1,2002,2002/2003
AC Le Havre,David Martot,21,Right-Back,Le Havre B,-,in,Summer,0,Ligue 1,2002,2002/2003
AC Le Havre,William Correa,22,Forward,Beauvais,Free transfer,out,Summer,0,Ligue 1,2002,2002/2003
AC Le Havre,Karim Kerkar,25,Attacking Midfield,Man City,Free transfer,out,Summer,0,Ligue 1,2002,2002/2003
AC Le Havre,Welton,23,Centre-Forward,Hapoel Tel Aviv,Free transfer,out,Summer,0,Ligue 1,2002,2002/2003
AC Le Havre,Yoann Gambillon,23,Midfielder,AS Cherbourg,Free transfer,out,Summer,0,Ligue 1,2002,2002/2003
AC Le Havre,Adnan Custovic,24,Right Winger,Stade Lavallois,Free transfer,out,Summer,0,Ligue 1,2002,2002/2003
AC Le Havre,Maamar Mamouni,26,Defensive Midfield,US Créteil,Free transfer,out,Summer,0,Ligue 1,2002,2002/2003
AC Le Havre,Carlos Kameni,18,Goalkeeper,Saint-Étienne,Loan,out,Summer,0,Ligue 1,2002,2002/2003
AC Le Havre,Thierry De Neef,35,Midfielder,Olympique Alès,?,out,Summer,NA,Ligue 1,2002,2002/2003
AC Le Havre,Thomas Deniaud,30,Centre-Forward,Clermont Foot,?,out,Summer,NA,Ligue 1,2002,2002/2003
AC Le Havre,Benoît Le Bris,25,Forward,Stade Rennais,?,out,Summer,NA,Ligue 1,2002,2002/2003
AC Le Havre,Alain Caveglia,34,Second Striker,Retired,-,out,Summer,0,Ligue 1,2002,2002/2003
AC Le Havre,Anthony Le Tallec,18,Centre-Forward,Liverpool,"End of loanMay 31, 2003",out,Summer,0,Ligue 1,2002,2002/2003
ES Troyes AC,Gaël Sanz,25,Centre-Back,Beauvais,Free transfer,in,Summer,0,Ligue 1,2002,2002/2003
ES Troyes AC,Nicolas Florentin,24,Left Winger,AS Nancy,Free transfer,in,Summer,0,Ligue 1,2002,2002/2003
ES Troyes AC,Nassim Akrour,27,Centre-Forward,FC Istres,Free transfer,in,Summer,0,Ligue 1,2002,2002/2003
ES Troyes AC,David Linarès,26,Defensive Midfield,Olympique Lyon,?,in,Summer,NA,Ligue 1,2002,2002/2003
ES Troyes AC,David Régis,33,Centre-Back,FC Metz,?,in,Summer,NA,Ligue 1,2002,2002/2003
ES Troyes AC,Gérald Baticle,32,Centre-Forward,FC Metz,?,in,Summer,NA,Ligue 1,2002,2002/2003
ES Troyes AC,Eric Marester,18,Right-Back,ES Troyes AC B,-,in,Summer,0,Ligue 1,2002,2002/2003
ES Troyes AC,Eddy Heurlie,24,Goalkeeper,ES Troyes AC B,-,in,Summer,0,Ligue 1,2002,2002/2003
ES Troyes AC,Nordin Jbari,27,Centre-Forward,Aris Saloniki,"End of loanJun 30, 2002",in,Summer,0,Ligue 1,2002,2002/2003
ES Troyes AC,Farid Ghazi,28,Centre-Forward,FC Baniyas,"End of loanJun 30, 2002",in,Summer,0,Ligue 1,2002,2002/2003
ES Troyes AC,Michael Svensson,26,Centre-Back,Southampton,£2.70m,out,Summer,2.7,Ligue 1,2002,2002/2003
ES Troyes AC,Fabio Celestini,26,Defensive Midfield,Marseille,£2.70m,out,Summer,2.7,Ligue 1,2002,2002/2003
ES Troyes AC,Hervé Sekli,25,Goalkeeper,AC Ajaccio,Free transfer,out,Summer,0,Ligue 1,2002,2002/2003
ES Troyes AC,Yannick Zambernardi,24,Centre-Back,Hibernian FC,Free transfer,out,Summer,0,Ligue 1,2002,2002/2003
ES Troyes AC,Patrice Loko,32,Centre-Forward,FC Lorient,Free transfer,out,Summer,0,Ligue 1,2002,2002/2003
ES Troyes AC,Marc Pfertzel,21,Right-Back,FC Sète 34,Free transfer,out,Summer,0,Ligue 1,2002,2002/2003
ES Troyes AC,Pascal Renier,30,Left-Back,Exc. Mouscron,?,out,Summer,NA,Ligue 1,2002,2002/2003
ES Troyes AC,Nicolas Bonnal,25,Left Midfield,LOSC Lille,?,out,Summer,NA,Ligue 1,2002,2002/2003
ES Troyes AC,Édouard Thomas,30,Defender,Retired,-,out,Summer,0,Ligue 1,2002,2002/2003
CS Sedan-Ardennes,David Ducourtioux,24,Right-Back,Stade Reims,Free transfer,in,Summer,0,Ligue 1,2002,2002/2003
CS Sedan-Ardennes,Randriana,18,Left-Back,Birmingham,Free transfer,in,Summer,0,Ligue 1,2002,2002/2003
CS Sedan-Ardennes,Johann Charpenet,25,Centre-Back,Nîmes Olympique,Free transfer,in,Summer,0,Ligue 1,2002,2002/2003
CS Sedan-Ardennes,Fabrice Catherine,29,Goalkeeper,SM Caen,Free transfer,in,Summer,0,Ligue 1,2002,2002/2003
CS Sedan-Ardennes,Patrick Vaz,23,Midfielder,FC Sion,Free transfer,in,Summer,0,Ligue 1,2002,2002/2003
CS Sedan-Ardennes,Philippe Azevedo,27,Centre-Forward,Penafiel,?,in,Summer,NA,Ligue 1,2002,2002/2003
CS Sedan-Ardennes,Serge Alain Liri,23,Forward,Tours FC,?,in,Summer,NA,Ligue 1,2002,2002/2003
CS Sedan-Ardennes,Sophiane Baghdad,21,Defensive Midfield,Beauvais,?,in,Summer,NA,Ligue 1,2002,2002/2003
CS Sedan-Ardennes,Tarik Oulida,28,Left Midfield,Nagoya Grampus,?,in,Summer,NA,Ligue 1,2002,2002/2003
CS Sedan-Ardennes,Julien Lorthioir,18,Forward,CS Sedan B,-,in,Summer,0,Ligue 1,2002,2002/2003
CS Sedan-Ardennes,Cédric Collet,18,Left Winger,CS Sedan B,-,in,Summer,0,Ligue 1,2002,2002/2003
CS Sedan-Ardennes,Hamada Jambay,27,Right-Back,Without Club,-,in,Summer,0,Ligue 1,2002,2002/2003
CS Sedan-Ardennes,Alcaly Camara,21,Right-Back,OGC Nice,"End of loanJun 30, 2002",in,Summer,0,Ligue 1,2002,2002/2003
CS Sedan-Ardennes,Salif Diao,25,Defensive Midfield,Liverpool,£6.75m,out,Summer,6.75,Ligue 1,2002,2002/2003
CS Sedan-Ardennes,Nicolas Alnoudji,23,Defensive Midfield,Al-Ahli SC,Free transfer,out,Summer,0,Ligue 1,2002,2002/2003
CS Sedan-Ardennes,Jean-Louis Montero,31,Right-Back,Guingamp,Free transfer,out,Summer,0,Ligue 1,2002,2002/2003
CS Sedan-Ardennes,Stéphane Leoni,26,Left-Back,Beauvais,Free transfer,out,Summer,0,Ligue 1,2002,2002/2003
CS Sedan-Ardennes,Allan Petitjean,27,Left Winger,Olympique Alès,Free transfer,out,Summer,0,Ligue 1,2002,2002/2003
CS Sedan-Ardennes,Laurent Peyrelade,32,Centre-Forward,Le Mans UC 72,?,out,Summer,NA,Ligue 1,2002,2002/2003
CS Sedan-Ardennes,Fabien Brandes,30,Midfielder,RE Virton,?,out,Summer,NA,Ligue 1,2002,2002/2003
CS Sedan-Ardennes,Jérôme Frétard,26,Midfielder,Stade Reims,?,out,Summer,NA,Ligue 1,2002,2002/2003
CS Sedan-Ardennes,Philippe Celdran,28,Left Midfield,Le Mans UC 72,?,out,Summer,NA,Ligue 1,2002,2002/2003
CS Sedan-Ardennes,Freddy Bourgeois,25,Defensive Midfield,Valenciennes FC,?,out,Summer,NA,Ligue 1,2002,2002/2003
CS Sedan-Ardennes,Toni Brogno,28,Second Striker,KVC Westerlo,?,out,Summer,NA,Ligue 1,2002,2002/2003
CS Sedan-Ardennes,Luis Satorra,32,Defender,Amiens SC,?,out,Summer,NA,Ligue 1,2002,2002/2003
CS Sedan-Ardennes,Nicolas Sachy,34,Goalkeeper,Retired,-,out,Summer,0,Ligue 1,2002,2002/2003
Olympique Lyon,Roland Vieira,23,Centre-Forward,FC Sion,Loan,out,Winter,0,Ligue 1,2002,2002/2003
Olympique Lyon,Tony Vairelles,29,Centre-Forward,Lens,?,out,Winter,NA,Ligue 1,2002,2002/2003
AS Monaco,Cédric Stoll,20,Forward,Cannes,Free transfer,in,Winter,0,Ligue 1,2002,2002/2003
AS Monaco,Jaroslav Plasil,20,Central Midfield,US Créteil,Loan,out,Winter,0,Ligue 1,2002,2002/2003
Olympique Marseille,Dmitri Sychev,19,Centre-Forward,Spartak Moscow,£2.70m,in,Winter,2.7,Ligue 1,2002,2002/2003
Olympique Marseille,Djamel Belmadi,26,Right Midfield,Man City,Loan,out,Winter,0,Ligue 1,2002,2002/2003
Olympique Marseille,Benjamin Gavanon,22,Central Midfield,Nottm Forest,Loan,out,Winter,0,Ligue 1,2002,2002/2003
Olympique Marseille,Mickaël Marsiglia,27,Central Midfield,Racing Ferrol,Free transfer,out,Winter,0,Ligue 1,2002,2002/2003
Olympique Marseille,Piotr Swierczewski,30,Defensive Midfield,Birmingham,Loan,out,Winter,0,Ligue 1,2002,2002/2003
FC Girondins Bordeaux,Jérôme Bonnissel,29,Left-Back,Rangers,Free transfer,out,Winter,0,Ligue 1,2002,2002/2003
FC Girondins Bordeaux,Christophe Dugarry,30,Centre-Forward,Birmingham,Free transfer,out,Winter,0,Ligue 1,2002,2002/2003
FC Girondins Bordeaux,Christophe Sanchez,30,Centre-Forward,AC Venezia 1907,Free transfer,out,Winter,0,Ligue 1,2002,2002/2003
FC Sochaux-Montbéliard,Laurent Charvet,29,Right-Back,Man City,Free transfer,in,Winter,0,Ligue 1,2002,2002/2003
FC Sochaux-Montbéliard,Abderrahman Kabous,19,Defensive Midfield,RC Lens B,Free transfer,in,Winter,0,Ligue 1,2002,2002/2003
FC Sochaux-Montbéliard,Stéphane Crucet,32,Left Midfield,AS Nancy,Free transfer,out,Winter,0,Ligue 1,2002,2002/2003
FC Sochaux-Montbéliard,Jimmy Algérino,31,Right-Back,LB Châteauroux,?,out,Winter,NA,Ligue 1,2002,2002/2003
AJ Auxerre,Kanga Akalé,21,Left Winger,FC Zürich,£900Th.,in,Winter,0.9,Ligue 1,2002,2002/2003
AJ Auxerre,Hélder Esteves,25,Centre-Forward,US Créteil,Loan,out,Winter,0,Ligue 1,2002,2002/2003
EA Guingamp,Régis Dorn,23,Centre-Forward,Amiens SC,Free transfer,out,Winter,0,Ligue 1,2002,2002/2003
EA Guingamp,Yannick Baret,30,Defensive Midfield,FC Lorient,Free transfer,out,Winter,0,Ligue 1,2002,2002/2003
EA Guingamp,Fabrice Colleau,25,Defensive Midfield,Nîmes Olympique,?,out,Winter,NA,Ligue 1,2002,2002/2003
RC Lens,Joe Cannon,28,Goalkeeper,Quakes,Free transfer,in,Winter,0,Ligue 1,2002,2002/2003
RC Lens,Tony Vairelles,29,Centre-Forward,Olympique Lyon,?,in,Winter,NA,Ligue 1,2002,2002/2003
RC Lens,Guillaume Warmuz,32,Goalkeeper,Arsenal,Free transfer,out,Winter,0,Ligue 1,2002,2002/2003
RC Lens,Ferdinand Coly,29,Right-Back,Birmingham,Loan,out,Winter,0,Ligue 1,2002,2002/2003
RC Lens,Stéphane Pédron,31,Left Midfield,Paris SG,Loan,out,Winter,0,Ligue 1,2002,2002/2003
RC Lens,Ludovic Delporte,22,Left Winger,Albacete,Free transfer,out,Winter,0,Ligue 1,2002,2002/2003
RC Lens,Abdelmajid Oulmers,24,Midfielder,Amiens SC,?,out,Winter,NA,Ligue 1,2002,2002/2003
FC Nantes,Milos Dimitrijevic,18,Central Midfield,FC Nantes B,-,in,Winter,0,Ligue 1,2002,2002/2003
FC Nantes,Wilfried Dalmat,20,Right Winger,LB Châteauroux,Free transfer,out,Winter,0,Ligue 1,2002,2002/2003
FC Nantes,Pierre-Yves André,28,Centre-Forward,Bolton,Loan,out,Winter,0,Ligue 1,2002,2002/2003
OGC Nice,Oumar Bakari,22,Defensive Midfield,ES Wasquehal,Free transfer,in,Winter,0,Ligue 1,2002,2002/2003
OGC Nice,Cedric Mionnet,28,Right Winger,CS Sedan,Free transfer,in,Winter,0,Ligue 1,2002,2002/2003
OGC Nice,Kelly Berville,25,Left-Back,Livingston FC,Free transfer,out,Winter,0,Ligue 1,2002,2002/2003
OGC Nice,Laurent Gagnier,24,Centre-Forward,Chamois Niort,Free transfer,out,Winter,0,Ligue 1,2002,2002/2003
OGC Nice,Dominique Aulanier,29,Attacking Midfield,Cannes,Free transfer,out,Winter,0,Ligue 1,2002,2002/2003
Paris Saint-Germain,Stéphane Pédron,31,Left Midfield,Lens,Loan,in,Winter,0,Ligue 1,2002,2002/2003
Paris Saint-Germain,Samuel Piètre,18,Right Winger,FC Istres,Loan,out,Winter,0,Ligue 1,2002,2002/2003
Paris Saint-Germain,Talal El Karkouri,26,Centre-Back,Sunderland,Loan,out,Winter,0,Ligue 1,2002,2002/2003
Paris Saint-Germain,Selim Benachour,21,Attacking Midfield,Troyes,Loan,out,Winter,0,Ligue 1,2002,2002/2003
Paris Saint-Germain,Laurent Leroy,26,Centre-Forward,Troyes,Loan,out,Winter,0,Ligue 1,2002,2002/2003
SC Bastia,Philippe Billy,20,Right-Back,Lecce,Loan,in,Winter,0,Ligue 1,2002,2002/2003
SC Bastia,Laurent Batlles,27,Attacking Midfield,Stade Rennais,Free transfer,in,Winter,0,Ligue 1,2002,2002/2003
SC Bastia,Grégory Vignal,21,Left-Back,Liverpool,Loan,in,Winter,0,Ligue 1,2002,2002/2003
SC Bastia,Franck Silvestre,35,Centre-Back,Montpellier,?,in,Winter,NA,Ligue 1,2002,2002/2003
SC Bastia,Hervé Guy,11,Defensive Midfield,SC Bastia U19,-,in,Winter,0,Ligue 1,2002,2002/2003
SC Bastia,Patrick Beneforti,22,Attacking Midfield,Udinese,"End of loanDec 31, 2002",in,Winter,0,Ligue 1,2002,2002/2003
SC Bastia,Cyril Jeunechamp,27,Defensive Midfield,Stade Rennais,£1.35m,out,Winter,1.35,Ligue 1,2002,2002/2003
SC Bastia,Price Jolibois,21,Left-Back,Beauvais,Free transfer,out,Winter,0,Ligue 1,2002,2002/2003
SC Bastia,Nicolas Dieuze,23,Central Midfield,Toulouse,?,out,Winter,NA,Ligue 1,2002,2002/2003
SC Bastia,Fabrice Jau,24,Right Midfield,Saint-Étienne,Loan,out,Winter,0,Ligue 1,2002,2002/2003
SC Bastia,Prince Daye,24,Centre-Forward,Club Africain,?,out,Winter,NA,Ligue 1,2002,2002/2003
SC Bastia,Patrick Beneforti,22,Attacking Midfield,LB Châteauroux,Loan,out,Winter,0,Ligue 1,2002,2002/2003
SC Bastia,Reynald Pedros,31,Left Midfield,Without Club,-,out,Winter,0,Ligue 1,2002,2002/2003
RC Strasbourg Alsace,Éric Mouloungui,18,Centre-Forward,Vauban S.,Free transfer,in,Winter,0,Ligue 1,2002,2002/2003
RC Strasbourg Alsace,David Kobylik,21,Central Midfield,Sigma Olomouc,Loan,in,Winter,0,Ligue 1,2002,2002/2003
RC Strasbourg Alsace,Musa Cakici,22,Midfielder,Bad Kreuznach,Free transfer,out,Winter,0,Ligue 1,2002,2002/2003
RC Strasbourg Alsace,Tamatoa Wagemann,22,Centre-Back,Bad Kreuznach,Free transfer,out,Winter,0,Ligue 1,2002,2002/2003
RC Strasbourg Alsace,Yacine Abdessadki,22,Right Winger,Grenoble,Loan,out,Winter,0,Ligue 1,2002,2002/2003
Stade Rennais FC,Alex Frei,23,Centre-Forward,Servette FC,£1.35m,in,Winter,1.35,Ligue 1,2002,2002/2003
Stade Rennais FC,Cyril Jeunechamp,27,Defensive Midfield,SC Bastia,£1.35m,in,Winter,1.35,Ligue 1,2002,2002/2003
Stade Rennais FC,Lucas,23,Centre-Forward,Cruzeiro,"End of loanDec 1, 2002",in,Winter,0,Ligue 1,2002,2002/2003
Stade Rennais FC,Christian Yulu,18,Midfielder,Coventry,Free transfer,out,Winter,0,Ligue 1,2002,2002/2003
Stade Rennais FC,Laurent Batlles,27,Attacking Midfield,SC Bastia,Free transfer,out,Winter,0,Ligue 1,2002,2002/2003
Stade Rennais FC,Anthony Réveillère,23,Right-Back,Valencia,Loan,out,Winter,0,Ligue 1,2002,2002/2003
Stade Rennais FC,Lucas,23,Centre-Forward,Corinthians,Loan,out,Winter,0,Ligue 1,2002,2002/2003
Montpellier HSC,Bill Tchato,27,Left-Back,1.FC K'lautern,£1.26m,out,Winter,1.26,Ligue 1,2002,2002/2003
Montpellier HSC,Franck Silvestre,35,Centre-Back,SC Bastia,?,out,Winter,NA,Ligue 1,2002,2002/2003
AC Ajaccio,Bernard Diomède,28,Left Winger,Liverpool,Loan,in,Winter,0,Ligue 1,2002,2002/2003
AC Ajaccio,Juan Esnáider,29,Centre-Forward,River Plate,?,in,Winter,NA,Ligue 1,2002,2002/2003
AC Ajaccio,Thomas Sowunmi,24,Centre-Forward,Ferencváros,Free transfer,out,Winter,0,Ligue 1,2002,2002/2003
AC Ajaccio,Fabrice Levrat,23,Defensive Midfield,FC Gueugnon,Loan,out,Winter,0,Ligue 1,2002,2002/2003
AC Ajaccio,Xavier Gravelaine,34,Centre-Forward,FC Istres,?,out,Winter,NA,Ligue 1,2002,2002/2003
ES Troyes AC,Selim Benachour,21,Attacking Midfield,Paris SG,Loan,in,Winter,0,Ligue 1,2002,2002/2003
ES Troyes AC,Laurent Leroy,26,Centre-Forward,Paris SG,Loan,in,Winter,0,Ligue 1,2002,2002/2003
ES Troyes AC,Nordin Jbari,27,Centre-Forward,Grenoble,Loan,out,Winter,0,Ligue 1,2002,2002/2003
ES Troyes AC,Ibrahima Bangoura,20,Right Winger,ES Wasquehal,Loan,out,Winter,0,Ligue 1,2002,2002/2003
ES Troyes AC,Mamadou Niang,23,Centre-Forward,FC Metz,Loan,out,Winter,0,Ligue 1,2002,2002/2003
ES Troyes AC,Olivier Thomas,28,Left-Back,Le Mans UC 72,?,out,Winter,NA,Ligue 1,2002,2002/2003
ES Troyes AC,Farid Ghazi,28,Centre-Forward,JS Kabylie,?,out,Winter,NA,Ligue 1,2002,2002/2003
CS Sedan-Ardennes,Nicolas Alnoudji,23,Defensive Midfield,C. Rizespor,Free transfer,in,Winter,0,Ligue 1,2002,2002/2003
CS Sedan-Ardennes,Lukas Jarolim,26,Central Midfield,Marila Pribram,?,in,Winter,NA,Ligue 1,2002,2002/2003
CS Sedan-Ardennes,Ludovic Jeannel,27,Centre-Back,LB Châteauroux,?,in,Winter,NA,Ligue 1,2002,2002/2003
CS Sedan-Ardennes,Philippe Azevedo,27,Centre-Forward,Salgueiros,Free transfer,out,Winter,0,Ligue 1,2002,2002/2003
CS Sedan-Ardennes,Cedric Mionnet,28,Right Winger,OGC Nice,Free transfer,out,Winter,0,Ligue 1,2002,2002/2003
CS Sedan-Ardennes,Madjid Adjaoud,31,Central Midfield,KAA Gent,?,out,Winter,NA,Ligue 1,2002,2002/2003
CS Sedan-Ardennes,Julien Poueys,23,Centre-Forward,Beauvais,Loan,out,Winter,0,Ligue 1,2002,2002/2003
