club_name,player_name,age,position,club_involved_name,fee,transfer_movement,transfer_period,fee_cleaned,league_name,year,season
Zenit St. Petersburg,Artem Dzyuba,26,Centre-Forward,Spartak Moscow,free transfer,in,Summer,NA,Premier Liga,2015,2015/2016
Zenit St. Petersburg,Artur Yusupov,25,Central Midfield,Dinamo Moscow,free transfer,in,Summer,NA,Premier Liga,2015,2015/2016
Zenit St. Petersburg,Denis Tkachuk,25,Left Midfield,KS Samara,free transfer,in,Summer,NA,Premier Liga,2015,2015/2016
Zenit St. Petersburg,Mikhail Kerzhakov,28,Goalkeeper,Anzhi,free transfer,in,Summer,NA,Premier Liga,2015,2015/2016
Zenit St. Petersburg,Cristian Ansaldi,28,Left-Back,Atlético Madrid,"End of loanJun 30, 2015",in,Summer,0,Premier Liga,2015,2015/2016
Zenit St. Petersburg,Luka Djordjevic,20,Centre-Forward,Sampdoria,"End of loanJun 30, 2015",in,Summer,0,Premier Liga,2015,2015/2016
Zenit St. Petersburg,Salomón Rondón,25,Centre-Forward,West Brom,£15.30m,out,Summer,15.3,Premier Liga,2015,2015/2016
Zenit St. Petersburg,Cristian Ansaldi,28,Left-Back,Genoa,Loan fee:£585Th.,out,Summer,0.585,Premier Liga,2015,2015/2016
Zenit St. Petersburg,Anatoliy Tymoshchuk,36,Defensive Midfield,Kairat Almaty,free transfer,out,Summer,NA,Premier Liga,2015,2015/2016
Zenit St. Petersburg,Andrey Arshavin,34,Second Striker,Kuban Krasnodar,free transfer,out,Summer,NA,Premier Liga,2015,2015/2016
Zenit St. Petersburg,Milan Rodic,24,Left-Back,KS Samara,free transfer,out,Summer,NA,Premier Liga,2015,2015/2016
Zenit St. Petersburg,Dzhamaldin Khodzhaniyazov,19,Centre-Back,Aarhus GF,?,out,Summer,NA,Premier Liga,2015,2015/2016
Zenit St. Petersburg,Luka Djordjevic,21,Centre-Forward,Ponferradina,loan transfer,out,Summer,NA,Premier Liga,2015,2015/2016
Zenit St. Petersburg,Pavel Mogilevets,22,Central Midfield,Rostov,loan transfer,out,Summer,NA,Premier Liga,2015,2015/2016
CSKA Moscow,Seydou Doumbia,27,Centre-Forward,AS Roma,Loan fee:£900Th.,in,Summer,0.9,Premier Liga,2015,2015/2016
CSKA Moscow,Aleksandr Golovin,19,Attacking Midfield,CSKA Moscow II,-,in,Summer,0,Premier Liga,2015,2015/2016
CSKA Moscow,Vyacheslav Karavaev,20,Right-Back,Dukla Prague,"End of loanJun 30, 2015",in,Summer,0,Premier Liga,2015,2015/2016
CSKA Moscow,Viktor Vasin,26,Centre-Back,Mordovia,"End of loanJun 30, 2015",in,Summer,0,Premier Liga,2015,2015/2016
CSKA Moscow,Konstantin Bazelyuk,22,Centre-Forward,Torpedo Moscow,"End of loanJun 30, 2015",in,Summer,0,Premier Liga,2015,2015/2016
CSKA Moscow,Vyacheslav Karavaev,20,Right-Back,FK Jablonec,loan transfer,out,Summer,NA,Premier Liga,2015,2015/2016
CSKA Moscow,Carlos Strandberg,19,Centre-Forward,Ural,loan transfer,out,Summer,NA,Premier Liga,2015,2015/2016
CSKA Moscow,Konstantin Bazelyuk,22,Centre-Forward,SKA-Energia,loan transfer,out,Summer,NA,Premier Liga,2015,2015/2016
CSKA Moscow,Dmitri Efremov,20,Right Midfield,Slovan Liberec,loan transfer,out,Summer,NA,Premier Liga,2015,2015/2016
CSKA Moscow,Sekou Oliseh,25,Right Winger,Without Club,-,out,Summer,0,Premier Liga,2015,2015/2016
FK Krasnodar,Fedor Smolov,25,Centre-Forward,Dinamo Moscow,free transfer,in,Summer,NA,Premier Liga,2015,2015/2016
FK Krasnodar,Stefan Strandberg,24,Centre-Back,Rosenborg,free transfer,in,Summer,NA,Premier Liga,2015,2015/2016
FK Krasnodar,Dmitri Torbinski,31,Central Midfield,Rostov,free transfer,in,Summer,NA,Premier Liga,2015,2015/2016
FK Krasnodar,Charles Kaboré,27,Defensive Midfield,Kuban Krasnodar,loan transfer,in,Summer,NA,Premier Liga,2015,2015/2016
FK Krasnodar,Anton Kochenkov,28,Goalkeeper,Loko Moscow,loan transfer,in,Summer,NA,Premier Liga,2015,2015/2016
FK Krasnodar,Aleksey Pomerko,25,Central Midfield,KS Samara,"End of loanJun 30, 2015",in,Summer,0,Premier Liga,2015,2015/2016
FK Krasnodar,Nikita Burmistrov,25,Right Winger,Tom Tomsk,"End of loanJun 30, 2015",in,Summer,0,Premier Liga,2015,2015/2016
FK Krasnodar,Nikolay Markov,30,Right-Back,Ural,"End of loanJun 30, 2015",in,Summer,0,Premier Liga,2015,2015/2016
FK Krasnodar,Evgeni Shipitsin,30,Central Midfield,Mordovia,free transfer,out,Summer,NA,Premier Liga,2015,2015/2016
FK Krasnodar,Aleksey Pomerko,25,Central Midfield,KS Samara,?,out,Summer,NA,Premier Liga,2015,2015/2016
FK Krasnodar,Aleksandr Martynovich,27,Centre-Back,Ural,loan transfer,out,Summer,NA,Premier Liga,2015,2015/2016
FK Krasnodar,Nikita Burmistrov,25,Right Winger,Ural,loan transfer,out,Summer,NA,Premier Liga,2015,2015/2016
FK Krasnodar,Ruslan Adzhindzhal,41,Central Midfield,Retired,-,out,Summer,0,Premier Liga,2015,2015/2016
FK Krasnodar,Marat Izmailov,32,Central Midfield,FC Porto,"End of loanJun 30, 2015",out,Summer,0,Premier Liga,2015,2015/2016
FK Krasnodar,Roman Shirokov,33,Central Midfield,Spartak Moscow,"End of loanJun 30, 2015",out,Summer,0,Premier Liga,2015,2015/2016
Dinamo Moscow,Anton Sosnin,25,Central Midfield,Kuban Krasnodar,free transfer,in,Summer,NA,Premier Liga,2015,2015/2016
Dinamo Moscow,Vitali Djakov,26,Centre-Back,Rostov,free transfer,in,Summer,NA,Premier Liga,2015,2015/2016
Dinamo Moscow,Pavel Pogrebnyak,31,Centre-Forward,Reading,?,in,Summer,NA,Premier Liga,2015,2015/2016
Dinamo Moscow,Anatoli Katrich,20,Right Midfield,Dynamo M II,-,in,Summer,0,Premier Liga,2015,2015/2016
Dinamo Moscow,Aleksandr Tashaev,21,Right Winger,Dynamo M II,-,in,Summer,0,Premier Liga,2015,2015/2016
Dinamo Moscow,Vladislav Levin,20,Central Midfield,Dynamo M II,-,in,Summer,0,Premier Liga,2015,2015/2016
Dinamo Moscow,Maksim Kuzmin,19,Attacking Midfield,Dynamo M II,-,in,Summer,0,Premier Liga,2015,2015/2016
Dinamo Moscow,Dmitri Zhivoglyadov,21,Right-Back,Dynamo M II,-,in,Summer,0,Premier Liga,2015,2015/2016
Dinamo Moscow,Grigori Morozov,21,Right-Back,Dynamo M II,-,in,Summer,0,Premier Liga,2015,2015/2016
Dinamo Moscow,Gordon Schildenfeld,30,Centre-Back,Panathinaikos,"End of loanJun 30, 2015",in,Summer,0,Premier Liga,2015,2015/2016
Dinamo Moscow,Evgeniy Frolov,27,Goalkeeper,Sakhalin,"End of loanJun 30, 2015",in,Summer,0,Premier Liga,2015,2015/2016
Dinamo Moscow,Vladimir Granat,28,Centre-Back,Rostov,"End of loanJun 30, 2015",in,Summer,0,Premier Liga,2015,2015/2016
Dinamo Moscow,Andrey Panyukov,20,Centre-Forward,Atlantas,"End of loanJun 30, 2015",in,Summer,0,Premier Liga,2015,2015/2016
Dinamo Moscow,Fedor Smolov,25,Centre-Forward,Ural,"End of loanJun 30, 2015",in,Summer,0,Premier Liga,2015,2015/2016
Dinamo Moscow,Pavel Solomatin,22,Centre-Forward,Amkar Perm,"End of loanJun 30, 2015",in,Summer,0,Premier Liga,2015,2015/2016
Dinamo Moscow,Mathieu Valbuena,30,Attacking Midfield,Olympique Lyon,£5.40m,out,Summer,5.4,Premier Liga,2015,2015/2016
Dinamo Moscow,Balázs Dzsudzsák,28,Central Midfield,Bursaspor,£1.44m,out,Summer,1.44,Premier Liga,2015,2015/2016
Dinamo Moscow,Douglas,27,Centre-Back,Trabzonspor,£1.35m,out,Summer,1.35,Premier Liga,2015,2015/2016
Dinamo Moscow,William Vainqueur,26,Defensive Midfield,AS Roma,£521Th.,out,Summer,0.521,Premier Liga,2015,2015/2016
Dinamo Moscow,Evgeniy Frolov,27,Goalkeeper,Kuban Krasnodar,free transfer,out,Summer,NA,Premier Liga,2015,2015/2016
Dinamo Moscow,Andrey Panyukov,20,Centre-Forward,Atlantas,free transfer,out,Summer,NA,Premier Liga,2015,2015/2016
Dinamo Moscow,Artur Yusupov,25,Central Midfield,Zenit S-Pb,free transfer,out,Summer,NA,Premier Liga,2015,2015/2016
Dinamo Moscow,Fedor Smolov,25,Centre-Forward,Krasnodar,free transfer,out,Summer,NA,Premier Liga,2015,2015/2016
Dinamo Moscow,Gordon Schildenfeld,30,Centre-Back,Dinamo Zagreb,free transfer,out,Summer,NA,Premier Liga,2015,2015/2016
Dinamo Moscow,Kevin Kuranyi,33,Centre-Forward,TSG Hoffenheim,free transfer,out,Summer,NA,Premier Liga,2015,2015/2016
Dinamo Moscow,Vladimir Granat,28,Centre-Back,Spartak Moscow,free transfer,out,Summer,NA,Premier Liga,2015,2015/2016
Dinamo Moscow,Boris Rotenberg,29,Right-Back,Rostov,loan transfer,out,Summer,NA,Premier Liga,2015,2015/2016
Dinamo Moscow,Roman Berezovskiy,40,Goalkeeper,Retired,-,out,Summer,0,Premier Liga,2015,2015/2016
Rubin Kazan,Guillermo Cotugno,20,Right-Back,Danubio FC,£900Th.,in,Summer,0.9,Premier Liga,2015,2015/2016
Rubin Kazan,Maksim Batov,23,Central Midfield,Amkar Perm,£297Th.,in,Summer,0.297,Premier Liga,2015,2015/2016
Rubin Kazan,Albert Sharipov,22,Central Midfield,Tom Tomsk,£180Th.,in,Summer,0.18,Premier Liga,2015,2015/2016
Rubin Kazan,Diniyar Bilyaletdinov,30,Attacking Midfield,Spartak Moscow,free transfer,in,Summer,NA,Premier Liga,2015,2015/2016
Rubin Kazan,Magomed Ozdoev,22,Central Midfield,Loko Moscow,?,in,Summer,NA,Premier Liga,2015,2015/2016
Rubin Kazan,Mauricio Lemos,19,Centre-Back,Defensor,loan transfer,in,Summer,NA,Premier Liga,2015,2015/2016
Rubin Kazan,Ramil Sheydayev,19,Centre-Forward,Zenit 2 S-Pb,loan transfer,in,Summer,NA,Premier Liga,2015,2015/2016
Rubin Kazan,Vitaliy Ustinov,24,Right-Back,Rubin 2,-,in,Summer,0,Premier Liga,2015,2015/2016
Rubin Kazan,Ruslan Abyshov,27,Centre-Back,FK Qabala,"End of loanJun 30, 2015",in,Summer,0,Premier Liga,2015,2015/2016
Rubin Kazan,Kamil Mullin,21,Centre-Forward,Sokol Saratov,"End of loanJun 30, 2015",in,Summer,0,Premier Liga,2015,2015/2016
Rubin Kazan,Marko Devic,31,Centre-Forward,Al-Rayyan SC,"End of loanJun 30, 2015",in,Summer,0,Premier Liga,2015,2015/2016
Rubin Kazan,Chris Mavinga,24,Centre-Back,Stade Reims,"End of loanJun 30, 2015",in,Summer,0,Premier Liga,2015,2015/2016
Rubin Kazan,Mubarak Wakaso,24,Central Midfield,Celtic,"End of loanJun 30, 2015",in,Summer,0,Premier Liga,2015,2015/2016
Rubin Kazan,Alireza Haghighi,27,Goalkeeper,Penafiel,"End of loanJun 30, 2015",in,Summer,0,Premier Liga,2015,2015/2016
Rubin Kazan,Sergey Davydov,29,Centre-Forward,Torpedo Moscow,"End of loanJun 30, 2015",in,Summer,0,Premier Liga,2015,2015/2016
Rubin Kazan,Sardar Azmoun,20,Centre-Forward,Rostov,"End of loanJun 30, 2015",in,Summer,0,Premier Liga,2015,2015/2016
Rubin Kazan,Ruslan Mukhametshin,33,Centre-Forward,Mordovia,"End of loanJun 30, 2015",in,Summer,0,Premier Liga,2015,2015/2016
Rubin Kazan,Marko Livaja,22,Attacking Midfield,Empoli,Loan fee:£270Th.,out,Summer,0.27,Premier Liga,2015,2015/2016
Rubin Kazan,Ruslan Mukhametshin,33,Centre-Forward,Mordovia,free transfer,out,Summer,NA,Premier Liga,2015,2015/2016
Rubin Kazan,Ruslan Abyshov,27,Centre-Back,Xäzär Länkäran,free transfer,out,Summer,NA,Premier Liga,2015,2015/2016
Rubin Kazan,César Navas,35,Centre-Back,Rostov,free transfer,out,Summer,NA,Premier Liga,2015,2015/2016
Rubin Kazan,Chris Mavinga,24,Centre-Back,Troyes,loan transfer,out,Summer,NA,Premier Liga,2015,2015/2016
Rubin Kazan,Yann M'Vila,25,Defensive Midfield,Sunderland,loan transfer,out,Summer,NA,Premier Liga,2015,2015/2016
Rubin Kazan,Mamuka Kobakhidze,22,Centre-Back,Mordovia,loan transfer,out,Summer,NA,Premier Liga,2015,2015/2016
Rubin Kazan,Kamil Mullin,21,Centre-Forward,Sokol Saratov,loan transfer,out,Summer,NA,Premier Liga,2015,2015/2016
Rubin Kazan,Mubarak Wakaso,25,Central Midfield,UD Las Palmas,loan transfer,out,Summer,NA,Premier Liga,2015,2015/2016
Rubin Kazan,Sardar Azmoun,20,Centre-Forward,Rostov,loan transfer,out,Summer,NA,Premier Liga,2015,2015/2016
Rubin Kazan,Sergey Davydov,29,Centre-Forward,KamAZ,loan transfer,out,Summer,NA,Premier Liga,2015,2015/2016
Rubin Kazan,Guillermo Cotugno,20,Right-Back,Danubio FC,"End of loanJun 30, 2015",out,Summer,0,Premier Liga,2015,2015/2016
Rubin Kazan,Magomed Ozdoev,22,Central Midfield,Loko Moscow,"End of loanJun 30, 2015",out,Summer,0,Premier Liga,2015,2015/2016
Spartak Moscow,Zé Luís,24,Centre-Forward,SC Braga,£5.85m,in,Summer,5.85,Premier Liga,2015,2015/2016
Spartak Moscow,Ivelin Popov,27,Attacking Midfield,Kuban Krasnodar,£5.40m,in,Summer,5.4,Premier Liga,2015,2015/2016
Spartak Moscow,Vladimir Granat,28,Centre-Back,Dinamo Moscow,free transfer,in,Summer,NA,Premier Liga,2015,2015/2016
Spartak Moscow,Anton Mitryushkin,19,Goalkeeper,Spartak II,-,in,Summer,0,Premier Liga,2015,2015/2016
Spartak Moscow,Artem Dzyuba,26,Centre-Forward,Rostov,"End of loanJun 30, 2015",in,Summer,0,Premier Liga,2015,2015/2016
Spartak Moscow,Pavel Yakovlev,24,Left Winger,Mordovia,"End of loanJun 30, 2015",in,Summer,0,Premier Liga,2015,2015/2016
Spartak Moscow,Salvatore Bocchetti,28,Centre-Back,AC Milan,"End of loanJun 30, 2015",in,Summer,0,Premier Liga,2015,2015/2016
Spartak Moscow,Roman Shirokov,33,Central Midfield,Krasnodar,"End of loanJun 30, 2015",in,Summer,0,Premier Liga,2015,2015/2016
Spartak Moscow,Diniyar Bilyaletdinov,30,Attacking Midfield,Torpedo Moscow,"End of loanJun 30, 2015",in,Summer,0,Premier Liga,2015,2015/2016
Spartak Moscow,Kirill Kombarov,28,Right-Back,Torpedo Moscow,"End of loanJun 30, 2015",in,Summer,0,Premier Liga,2015,2015/2016
Spartak Moscow,Rafael Carioca,26,Defensive Midfield,Atlético-MG,"End of loanJul 31, 2015",in,Summer,0,Premier Liga,2015,2015/2016
Spartak Moscow,Lucas Barrios,30,Centre-Forward,Montpellier,"End of loanJun 30, 2015",in,Summer,0,Premier Liga,2015,2015/2016
Spartak Moscow,Aleksandr Zotov,24,Central Midfield,Arsenal Tula,"End of loanJun 30, 2015",in,Summer,0,Premier Liga,2015,2015/2016
Spartak Moscow,José Manuel Jurado,29,Attacking Midfield,Watford,£7.74m,out,Summer,7.74,Premier Liga,2015,2015/2016
Spartak Moscow,Lucas Barrios,30,Centre-Forward,Palmeiras,£2.61m,out,Summer,2.61,Premier Liga,2015,2015/2016
Spartak Moscow,Vyacheslav Krotov,22,Centre-Forward,Ufa,£450Th.,out,Summer,0.45,Premier Liga,2015,2015/2016
Spartak Moscow,João Carlos,33,Centre-Back,Vasco da Gama,free transfer,out,Summer,NA,Premier Liga,2015,2015/2016
Spartak Moscow,Patrick Ebert,28,Attacking Midfield,Rayo Vallecano,free transfer,out,Summer,NA,Premier Liga,2015,2015/2016
Spartak Moscow,Diniyar Bilyaletdinov,30,Attacking Midfield,Rubin Kazan,free transfer,out,Summer,NA,Premier Liga,2015,2015/2016
Spartak Moscow,Artem Dzyuba,26,Centre-Forward,Zenit S-Pb,free transfer,out,Summer,NA,Premier Liga,2015,2015/2016
Spartak Moscow,Kim Källström,32,Central Midfield,Grasshoppers,free transfer,out,Summer,NA,Premier Liga,2015,2015/2016
Spartak Moscow,Juan Manuel Insaurralde,30,Centre-Back,Chiapas FC,free transfer,out,Summer,NA,Premier Liga,2015,2015/2016
Spartak Moscow,Rafael Carioca,26,Defensive Midfield,Atlético-MG,?,out,Summer,NA,Premier Liga,2015,2015/2016
Spartak Moscow,Pavel Yakovlev,24,Left Winger,KS Samara,loan transfer,out,Summer,NA,Premier Liga,2015,2015/2016
Spartak Moscow,Sergey Pesjakov,26,Goalkeeper,Anzhi,loan transfer,out,Summer,NA,Premier Liga,2015,2015/2016
Lokomotiv Moscow,Aleksandr Kolomeytsev,26,Central Midfield,Amkar Perm,free transfer,in,Summer,NA,Premier Liga,2015,2015/2016
Lokomotiv Moscow,Anton Kochenkov,28,Goalkeeper,Mordovia,free transfer,in,Summer,NA,Premier Liga,2015,2015/2016
Lokomotiv Moscow,Delvin N'Dinga,27,Defensive Midfield,Monaco,loan transfer,in,Summer,NA,Premier Liga,2015,2015/2016
Lokomotiv Moscow,Magomed Ozdoev,22,Central Midfield,Rubin Kazan,"End of loanJun 30, 2015",in,Summer,0,Premier Liga,2015,2015/2016
Lokomotiv Moscow,Maksim Grigorjev,24,Right Winger,Rostov,"End of loanJun 30, 2015",in,Summer,0,Premier Liga,2015,2015/2016
Lokomotiv Moscow,Sergey Tkachev,26,Attacking Midfield,Kuban Krasnodar,"End of loanJun 30, 2015",in,Summer,0,Premier Liga,2015,2015/2016
Lokomotiv Moscow,Sergey Tkachev,26,Attacking Midfield,Kuban Krasnodar,£1.35m,out,Summer,1.35,Premier Liga,2015,2015/2016
Lokomotiv Moscow,Roman Pavlyuchenko,33,Centre-Forward,Kuban Krasnodar,free transfer,out,Summer,NA,Premier Liga,2015,2015/2016
Lokomotiv Moscow,Yan Tigorev,31,Defensive Midfield,Dinamo Minsk,free transfer,out,Summer,NA,Premier Liga,2015,2015/2016
Lokomotiv Moscow,Maksim Belyaev,23,Centre-Back,Shinnik,free transfer,out,Summer,NA,Premier Liga,2015,2015/2016
Lokomotiv Moscow,Magomed Ozdoev,22,Central Midfield,Rubin Kazan,?,out,Summer,NA,Premier Liga,2015,2015/2016
Lokomotiv Moscow,Miroslav Lobantsev,20,Goalkeeper,KS Samara,loan transfer,out,Summer,NA,Premier Liga,2015,2015/2016
Lokomotiv Moscow,Anton Kochenkov,28,Goalkeeper,Krasnodar,loan transfer,out,Summer,NA,Premier Liga,2015,2015/2016
Lokomotiv Moscow,Victor Obinna,28,Second Striker,Without Club,-,out,Summer,0,Premier Liga,2015,2015/2016
Mordovia Saransk (-2020),Ruslan Mukhametshin,33,Centre-Forward,Rubin Kazan,free transfer,in,Summer,NA,Premier Liga,2015,2015/2016
Mordovia Saransk (-2020),Vladimir Rykov,27,Centre-Back,Torpedo Moscow,free transfer,in,Summer,NA,Premier Liga,2015,2015/2016
Mordovia Saransk (-2020),Evgeni Shipitsin,30,Central Midfield,Krasnodar,free transfer,in,Summer,NA,Premier Liga,2015,2015/2016
Mordovia Saransk (-2020),Nukri Revishvili,28,Goalkeeper,Tosno,free transfer,in,Summer,NA,Premier Liga,2015,2015/2016
Mordovia Saransk (-2020),Dalibor Stevanovic,30,Central Midfield,Torpedo Moscow,free transfer,in,Summer,NA,Premier Liga,2015,2015/2016
Mordovia Saransk (-2020),Maksim Tishkin,25,Right-Back,Ufa,free transfer,in,Summer,NA,Premier Liga,2015,2015/2016
Mordovia Saransk (-2020),Emin Mahmudov,23,Central Midfield,KS Samara,loan transfer,in,Summer,NA,Premier Liga,2015,2015/2016
Mordovia Saransk (-2020),Mamuka Kobakhidze,22,Centre-Back,Rubin Kazan,loan transfer,in,Summer,NA,Premier Liga,2015,2015/2016
Mordovia Saransk (-2020),Yannick Djaló,29,Left Winger,Benfica,loan transfer,in,Summer,NA,Premier Liga,2015,2015/2016
Mordovia Saransk (-2020),Thomas Phibel,29,Centre-Back,Without Club,-,in,Summer,0,Premier Liga,2015,2015/2016
Mordovia Saransk (-2020),Mikhail Markin,21,Centre-Forward,Khimki,"End of loanJun 30, 2015",in,Summer,0,Premier Liga,2015,2015/2016
Mordovia Saransk (-2020),Maksim Rogov,29,Left Winger,Dinamo SPb,"End of loanJun 30, 2015",in,Summer,0,Premier Liga,2015,2015/2016
Mordovia Saransk (-2020),Aleksandr Strokov,24,Right-Back,Tambov,"End of loanJun 30, 2015",in,Summer,0,Premier Liga,2015,2015/2016
Mordovia Saransk (-2020),Vladimir Bozovic,33,Left-Back,Sušica,free transfer,out,Summer,NA,Premier Liga,2015,2015/2016
Mordovia Saransk (-2020),Aleksandr Strokov,24,Right-Back,Unknown,free transfer,out,Summer,NA,Premier Liga,2015,2015/2016
Mordovia Saransk (-2020),Maksim Rogov,29,Left Winger,Dinamo SPb,free transfer,out,Summer,NA,Premier Liga,2015,2015/2016
Mordovia Saransk (-2020),Rustem Mukhametshin,31,Defensive Midfield,Tosno,free transfer,out,Summer,NA,Premier Liga,2015,2015/2016
Mordovia Saransk (-2020),Anton Kochenkov,28,Goalkeeper,Loko Moscow,free transfer,out,Summer,NA,Premier Liga,2015,2015/2016
Mordovia Saransk (-2020),Mitchell Donald,26,Central Midfield,Red Star,loan transfer,out,Summer,NA,Premier Liga,2015,2015/2016
Mordovia Saransk (-2020),Mikhail Markin,21,Centre-Forward,Tyumen,loan transfer,out,Summer,NA,Premier Liga,2015,2015/2016
Mordovia Saransk (-2020),Ibrahima Niasse,27,Defensive Midfield,Without Club,-,out,Summer,0,Premier Liga,2015,2015/2016
Mordovia Saransk (-2020),Danilo,25,Attacking Midfield,Metalurg D.,"End of loanJun 30, 2015",out,Summer,0,Premier Liga,2015,2015/2016
Mordovia Saransk (-2020),Pavel Yakovlev,24,Left Winger,Spartak Moscow,"End of loanJun 30, 2015",out,Summer,0,Premier Liga,2015,2015/2016
Mordovia Saransk (-2020),Yannick Djaló,29,Left Winger,Benfica,"End of loanJun 30, 2015",out,Summer,0,Premier Liga,2015,2015/2016
Mordovia Saransk (-2020),Lorenzo Ebecilio,23,Attacking Midfield,Metalurg D.,"End of loanJun 30, 2015",out,Summer,0,Premier Liga,2015,2015/2016
Mordovia Saransk (-2020),Viktor Vasin,26,Centre-Back,CSKA Moscow,"End of loanJun 30, 2015",out,Summer,0,Premier Liga,2015,2015/2016
Mordovia Saransk (-2020),Ruslan Mukhametshin,33,Centre-Forward,Rubin Kazan,"End of loanJun 30, 2015",out,Summer,0,Premier Liga,2015,2015/2016
Terek Grozny,Tedore Grigalashvili,22,Centre-Back,FC Samtredia,free transfer,in,Summer,NA,Premier Liga,2015,2015/2016
Terek Grozny,Reziuan Mirzov,22,Left Winger,Torpedo Moscow,free transfer,in,Summer,NA,Premier Liga,2015,2015/2016
Terek Grozny,Magomed Mitrishev,22,Right Winger,Anzhi,"End of loanJun 30, 2015",in,Summer,0,Premier Liga,2015,2015/2016
Terek Grozny,Zaur Sadaev,25,Centre-Forward,Lech Poznan,"End of loanJun 30, 2015",in,Summer,0,Premier Liga,2015,2015/2016
Terek Grozny,Evgeni Kobozev,25,Goalkeeper,KS Samara,"End of loanJun 30, 2015",in,Summer,0,Premier Liga,2015,2015/2016
Terek Grozny,Gheorghe Grozav,24,Left Winger,FC Dinamo,"End of loanJun 30, 2015",in,Summer,0,Premier Liga,2015,2015/2016
Terek Grozny,Jeremy Bokila,26,Centre-Forward,GZ R&F,£1.98m,out,Summer,1.98,Premier Liga,2015,2015/2016
Terek Grozny,Aílton,30,Centre-Forward,Hilal,free transfer,out,Summer,NA,Premier Liga,2015,2015/2016
Terek Grozny,Evgeni Kobozev,25,Goalkeeper,Tosno,free transfer,out,Summer,NA,Premier Liga,2015,2015/2016
Terek Grozny,Juhani Ojala,26,Centre-Back,HJK Helsinki,loan transfer,out,Summer,NA,Premier Liga,2015,2015/2016
Terek Grozny,Adolphe Teikeu,24,Centre-Back,Chornomorets,"End of loanJun 1, 2015",out,Summer,0,Premier Liga,2015,2015/2016
Terek Grozny,Marko Scepovic,24,Centre-Forward,Olympiacos,"End of loanJun 30, 2015",out,Summer,0,Premier Liga,2015,2015/2016
Kuban Krasnodar (-2018),Sergey Tkachev,26,Attacking Midfield,Loko Moscow,£1.35m,in,Summer,1.35,Premier Liga,2015,2015/2016
Kuban Krasnodar (-2018),Roman Pavlyuchenko,33,Centre-Forward,Loko Moscow,free transfer,in,Summer,NA,Premier Liga,2015,2015/2016
Kuban Krasnodar (-2018),Andrey Arshavin,34,Second Striker,Zenit S-Pb,free transfer,in,Summer,NA,Premier Liga,2015,2015/2016
Kuban Krasnodar (-2018),Svyatoslav Georgievski,19,Attacking Midfield,CSKA Moscow II,free transfer,in,Summer,NA,Premier Liga,2015,2015/2016
Kuban Krasnodar (-2018),Evgeniy Frolov,27,Goalkeeper,Dinamo Moscow,free transfer,in,Summer,NA,Premier Liga,2015,2015/2016
Kuban Krasnodar (-2018),Aleksandr Kleshchenko,19,Centre-Back,Kuban II,-,in,Summer,0,Premier Liga,2015,2015/2016
Kuban Krasnodar (-2018),Igor Konovalov,19,Central Midfield,Kuban II,-,in,Summer,0,Premier Liga,2015,2015/2016
Kuban Krasnodar (-2018),Denis Yakuba,19,Defensive Midfield,Kuban II,-,in,Summer,0,Premier Liga,2015,2015/2016
Kuban Krasnodar (-2018),Vladimir Lobkarev,21,Right Midfield,Kuban II,-,in,Summer,0,Premier Liga,2015,2015/2016
Kuban Krasnodar (-2018),Gonzalo Bueno,22,Left Winger,Nacional,"End of loanJun 30, 2015",in,Summer,0,Premier Liga,2015,2015/2016
Kuban Krasnodar (-2018),Ivelin Popov,27,Attacking Midfield,Spartak Moscow,£5.40m,out,Summer,5.4,Premier Liga,2015,2015/2016
Kuban Krasnodar (-2018),Toni Sunjic,26,Centre-Back,VfB Stuttgart,£2.70m,out,Summer,2.7,Premier Liga,2015,2015/2016
Kuban Krasnodar (-2018),Anton Sosnin,25,Central Midfield,Dinamo Moscow,free transfer,out,Summer,NA,Premier Liga,2015,2015/2016
Kuban Krasnodar (-2018),Hugo Almeida,31,Centre-Forward,Anzhi,free transfer,out,Summer,NA,Premier Liga,2015,2015/2016
Kuban Krasnodar (-2018),Gonzalo Bueno,22,Left Winger,União Madeira,loan transfer,out,Summer,NA,Premier Liga,2015,2015/2016
Kuban Krasnodar (-2018),Charles Kaboré,27,Defensive Midfield,Krasnodar,loan transfer,out,Summer,NA,Premier Liga,2015,2015/2016
Kuban Krasnodar (-2018),Sergey Tkachev,26,Attacking Midfield,Loko Moscow,"End of loanJun 30, 2015",out,Summer,0,Premier Liga,2015,2015/2016
Kuban Krasnodar (-2018),Andrey Eshchenko,31,Right-Back,Anzhi,"End of loanJun 30, 2015",out,Summer,0,Premier Liga,2015,2015/2016
Kuban Krasnodar (-2018),Evgeniy Pomazan,26,Goalkeeper,Anzhi,"End of loanJun 30, 2015",out,Summer,0,Premier Liga,2015,2015/2016
Amkar Perm,Chuma Anene,22,attack,Rabotnicki,free transfer,in,Summer,NA,Premier Liga,2015,2015/2016
Amkar Perm,Aleksandr Salugin,26,Centre-Forward,Torpedo Moscow,free transfer,in,Summer,NA,Premier Liga,2015,2015/2016
Amkar Perm,Pavel Komolov,26,Central Midfield,Zalgiris,free transfer,in,Summer,NA,Premier Liga,2015,2015/2016
Amkar Perm,Izunna Uzochukwu,25,Defensive Midfield,FC Midtjylland,free transfer,in,Summer,NA,Premier Liga,2015,2015/2016
Amkar Perm,Branko Jovicic,22,Defensive Midfield,LASK,free transfer,in,Summer,NA,Premier Liga,2015,2015/2016
Amkar Perm,Georgiy Dzhikiya,21,Centre-Back,Khimik,free transfer,in,Summer,NA,Premier Liga,2015,2015/2016
Amkar Perm,Nikolay Zaytsev,26,Centre-Back,Tosno,?,in,Summer,NA,Premier Liga,2015,2015/2016
Amkar Perm,Damian Zbozien,26,Right-Back,GKS Belchatow,"End of loanJun 30, 2015",in,Summer,0,Premier Liga,2015,2015/2016
Amkar Perm,Maksim Batov,23,Central Midfield,Rubin Kazan,£297Th.,out,Summer,0.297,Premier Liga,2015,2015/2016
Amkar Perm,Damian Zbozien,26,Right-Back,Zaglebie Lubin,free transfer,out,Summer,NA,Premier Liga,2015,2015/2016
Amkar Perm,Igor Picusceac,32,Centre-Forward,FC Sheriff,free transfer,out,Summer,NA,Premier Liga,2015,2015/2016
Amkar Perm,Marko Simonovski,23,Centre-Forward,RNK Split,free transfer,out,Summer,NA,Premier Liga,2015,2015/2016
Amkar Perm,Martin Jakubko,35,Centre-Forward,Ruzomberok,free transfer,out,Summer,NA,Premier Liga,2015,2015/2016
Amkar Perm,Evgeniy Tyukalov,23,Attacking Midfield,Leiria,free transfer,out,Summer,NA,Premier Liga,2015,2015/2016
Amkar Perm,Aleksandr Kolomeytsev,26,Central Midfield,Loko Moscow,free transfer,out,Summer,NA,Premier Liga,2015,2015/2016
Amkar Perm,Aleksey Nikitin,23,Centre-Back,Ufa,free transfer,out,Summer,NA,Premier Liga,2015,2015/2016
Amkar Perm,Soslan Takazov,22,Centre-Back,Tyumen,loan transfer,out,Summer,NA,Premier Liga,2015,2015/2016
Amkar Perm,Zahari Sirakov,37,Right-Back,Retired,-,out,Summer,0,Premier Liga,2015,2015/2016
Amkar Perm,David Dzakhov,26,Central Midfield,Without Club,-,out,Summer,0,Premier Liga,2015,2015/2016
Amkar Perm,Branko Jovicic,22,Defensive Midfield,LASK,"End of loanJun 30, 2015",out,Summer,0,Premier Liga,2015,2015/2016
Amkar Perm,Pavel Solomatin,22,Centre-Forward,Dinamo Moscow,"End of loanJun 30, 2015",out,Summer,0,Premier Liga,2015,2015/2016
Amkar Perm,Igor Kireev,23,Right Midfield,Rostov II,"End of loanJun 30, 2015",out,Summer,0,Premier Liga,2015,2015/2016
FK Ufa,Sly,24,Centre-Forward,FC Midtjylland,£630Th.,in,Summer,0.63,Premier Liga,2015,2015/2016
FK Ufa,Vyacheslav Krotov,22,Centre-Forward,Spartak Moscow,£450Th.,in,Summer,0.45,Premier Liga,2015,2015/2016
FK Ufa,Andrey Lunev,23,Goalkeeper,Saturn,free transfer,in,Summer,NA,Premier Liga,2015,2015/2016
FK Ufa,Evgeniy Osipov,28,Centre-Back,Arsenal Tula,free transfer,in,Summer,NA,Premier Liga,2015,2015/2016
FK Ufa,Denis Tumasyan,30,Centre-Back,Ural,free transfer,in,Summer,NA,Premier Liga,2015,2015/2016
FK Ufa,Aleksandr Katsalapov,29,Left-Back,Torpedo Moscow,free transfer,in,Summer,NA,Premier Liga,2015,2015/2016
FK Ufa,Semen Fomin,26,Central Midfield,Torpedo Moscow,free transfer,in,Summer,NA,Premier Liga,2015,2015/2016
FK Ufa,Aleksey Nikitin,23,Centre-Back,Amkar Perm,free transfer,in,Summer,NA,Premier Liga,2015,2015/2016
FK Ufa,Sergey Narubin,33,Goalkeeper,Tosno,?,in,Summer,NA,Premier Liga,2015,2015/2016
FK Ufa,Marvin Pourié,24,Centre-Forward,FC Copenhagen,loan transfer,in,Summer,NA,Premier Liga,2015,2015/2016
FK Ufa,Takafumi Akahoshi,29,Central Midfield,Pogon Szczecin,"End of loanJun 30, 2015",in,Summer,0,Premier Liga,2015,2015/2016
FK Ufa,Nikita Bezlikhotnov,24,Right Winger,Baltika,"End of loanJun 30, 2015",in,Summer,0,Premier Liga,2015,2015/2016
FK Ufa,Aleksandr Vasiljev,23,Right Winger,Tyumen,"End of loanJun 30, 2015",in,Summer,0,Premier Liga,2015,2015/2016
FK Ufa,Kyriakos Panagiotou,20,Goalkeeper,THOI Lakatamias,free transfer,out,Summer,NA,Premier Liga,2015,2015/2016
FK Ufa,Felicio Brown Forbes,24,Centre-Forward,Rostov,free transfer,out,Summer,NA,Premier Liga,2015,2015/2016
FK Ufa,Takafumi Akahoshi,29,Central Midfield,Pogon Szczecin,free transfer,out,Summer,NA,Premier Liga,2015,2015/2016
FK Ufa,Pavel Stepanets,28,Centre-Back,Fakel Voronezh,free transfer,out,Summer,NA,Premier Liga,2015,2015/2016
FK Ufa,Maksim Tishkin,25,Right-Back,Mordovia,free transfer,out,Summer,NA,Premier Liga,2015,2015/2016
FK Ufa,Dmitri Golubov,30,Centre-Forward,Tom Tomsk,loan transfer,out,Summer,NA,Premier Liga,2015,2015/2016
FK Ufa,Aleksandr Vasiljev,23,Right Winger,Torpedo Armavir,loan transfer,out,Summer,NA,Premier Liga,2015,2015/2016
FK Ufa,Anton Kilin,24,Right Winger,KamAZ,loan transfer,out,Summer,NA,Premier Liga,2015,2015/2016
FK Ufa,Nikita Bezlikhotnov,25,Right Winger,SKA-Energia,loan transfer,out,Summer,NA,Premier Liga,2015,2015/2016
FK Ufa,Denis Tumasyan,30,Centre-Back,Ural,"End of loanJun 30, 2015",out,Summer,0,Premier Liga,2015,2015/2016
FK Ufa,Sergey Veremko,32,Goalkeeper,KS Samara,"End of loanJun 30, 2015",out,Summer,0,Premier Liga,2015,2015/2016
Ural Yekaterinburg,Yuri Zhevnov,34,Goalkeeper,Torpedo Moscow,free transfer,in,Summer,NA,Premier Liga,2015,2015/2016
Ural Yekaterinburg,Ivan Knyazev,22,Centre-Back,Torpedo Moscow,free transfer,in,Summer,NA,Premier Liga,2015,2015/2016
Ural Yekaterinburg,Denys Kulakov,29,Right-Back,Metalist,free transfer,in,Summer,NA,Premier Liga,2015,2015/2016
Ural Yekaterinburg,Dmytro Bilonog,20,Right Winger,Shakhtar II,free transfer,in,Summer,NA,Premier Liga,2015,2015/2016
Ural Yekaterinburg,Mikhail Merkulov,21,Left-Back,MITOS,?,in,Summer,NA,Premier Liga,2015,2015/2016
Ural Yekaterinburg,Carlos Strandberg,19,Centre-Forward,CSKA Moscow,loan transfer,in,Summer,NA,Premier Liga,2015,2015/2016
Ural Yekaterinburg,Nikita Burmistrov,25,Right Winger,Krasnodar,loan transfer,in,Summer,NA,Premier Liga,2015,2015/2016
Ural Yekaterinburg,Aleksandr Martynovich,27,Centre-Back,Krasnodar,loan transfer,in,Summer,NA,Premier Liga,2015,2015/2016
Ural Yekaterinburg,Andrey Bochkov,33,Central Midfield,Tosno,"End of loanJun 30, 2015",in,Summer,0,Premier Liga,2015,2015/2016
Ural Yekaterinburg,Denis Tumasyan,30,Centre-Back,Ufa,"End of loanJun 30, 2015",in,Summer,0,Premier Liga,2015,2015/2016
Ural Yekaterinburg,Ivan Melnik,23,Defensive Midfield,Khimik,"End of loanJun 30, 2015",in,Summer,0,Premier Liga,2015,2015/2016
Ural Yekaterinburg,Andrey Gorbanets,29,Attacking Midfield,Tom Tomsk,"End of loanJun 30, 2015",in,Summer,0,Premier Liga,2015,2015/2016
Ural Yekaterinburg,Arsen Goshokov,24,Centre-Forward,Спартак-Нальчик,"End of loanJun 30, 2015",in,Summer,0,Premier Liga,2015,2015/2016
Ural Yekaterinburg,Georgi Nurov,23,Right Winger,Baltika,"End of loanJun 30, 2015",in,Summer,0,Premier Liga,2015,2015/2016
Ural Yekaterinburg,Igor Lambarskiy,22,Attacking Midfield,Tyumen,"End of loanJun 30, 2015",in,Summer,0,Premier Liga,2015,2015/2016
Ural Yekaterinburg,Adessoye Oyewole,32,Centre-Back,Gazovik Orenburg,"End of loanJun 30, 2015",in,Summer,0,Premier Liga,2015,2015/2016
Ural Yekaterinburg,Gerson Acevedo,28,Central Midfield,Kairat Almaty,free transfer,out,Summer,NA,Premier Liga,2015,2015/2016
Ural Yekaterinburg,Denis Tumasyan,30,Centre-Back,Ufa,free transfer,out,Summer,NA,Premier Liga,2015,2015/2016
Ural Yekaterinburg,Igor Kot,35,Goalkeeper,Arsenal Tula,free transfer,out,Summer,NA,Premier Liga,2015,2015/2016
Ural Yekaterinburg,Adessoye Oyewole,32,Centre-Back,Gazovik Orenburg,free transfer,out,Summer,NA,Premier Liga,2015,2015/2016
Ural Yekaterinburg,Arsen Goshokov,24,Centre-Forward,KamAZ,free transfer,out,Summer,NA,Premier Liga,2015,2015/2016
Ural Yekaterinburg,Andrey Bochkov,33,Central Midfield,Tosno,free transfer,out,Summer,NA,Premier Liga,2015,2015/2016
Ural Yekaterinburg,Georgi Nurov,23,Right Winger,Tom Tomsk,loan transfer,out,Summer,NA,Premier Liga,2015,2015/2016
Ural Yekaterinburg,Mikhail Merkulov,21,Left-Back,Baikal Irkutsk,loan transfer,out,Summer,NA,Premier Liga,2015,2015/2016
Ural Yekaterinburg,Ivan Chudin,25,Defensive Midfield,Tyumen,loan transfer,out,Summer,NA,Premier Liga,2015,2015/2016
Ural Yekaterinburg,Ivan Melnik,23,Defensive Midfield,Retired,-,out,Summer,0,Premier Liga,2015,2015/2016
Ural Yekaterinburg,Semen Pomogaev,21,Central Midfield,Career break,-,out,Summer,0,Premier Liga,2015,2015/2016
Ural Yekaterinburg,Fedor Smolov,25,Centre-Forward,Dinamo Moscow,"End of loanJun 30, 2015",out,Summer,0,Premier Liga,2015,2015/2016
Ural Yekaterinburg,Nikolay Markov,30,Right-Back,Krasnodar,"End of loanJun 30, 2015",out,Summer,0,Premier Liga,2015,2015/2016
FK Rostov,Christian Noboa,30,Central Midfield,PAOK Salonika,£1.35m,in,Summer,1.35,Premier Liga,2015,2015/2016
FK Rostov,Denis Terentjev,22,Right-Back,Zenit 2 S-Pb,free transfer,in,Summer,NA,Premier Liga,2015,2015/2016
FK Rostov,Felicio Brown Forbes,24,Centre-Forward,Ufa,free transfer,in,Summer,NA,Premier Liga,2015,2015/2016
FK Rostov,César Navas,35,Centre-Back,Rubin Kazan,free transfer,in,Summer,NA,Premier Liga,2015,2015/2016
FK Rostov,Saeid Ezatolahi,18,Defensive Midfield,Atl. Madrid C,free transfer,in,Summer,NA,Premier Liga,2015,2015/2016
FK Rostov,Sardar Azmoun,20,Centre-Forward,Rubin Kazan,loan transfer,in,Summer,NA,Premier Liga,2015,2015/2016
FK Rostov,Boris Rotenberg,29,Right-Back,Dinamo Moscow,loan transfer,in,Summer,NA,Premier Liga,2015,2015/2016
FK Rostov,Igor Kireev,23,Right Midfield,Rostov II,-,in,Summer,0,Premier Liga,2015,2015/2016
FK Rostov,Pavel Mogilevets,22,Central Midfield,Zenit S-Pb,loan transfer,in,Summer,NA,Premier Liga,2015,2015/2016
FK Rostov,Azim Fatullaev,29,Defensive Midfield,Tosno,"End of loanJun 30, 2015",in,Summer,0,Premier Liga,2015,2015/2016
FK Rostov,Andrey Vasiljev,23,Right-Back,Arsenal Tula,"End of loanJun 30, 2015",in,Summer,0,Premier Liga,2015,2015/2016
FK Rostov,Ruslan Abazov,22,Centre-Back,Fakel Voronezh,"End of loanAug 26, 2015",in,Summer,0,Premier Liga,2015,2015/2016
FK Rostov,Nika Chkhapelia,21,Left Winger,Zenit Penza,"End of loanJun 30, 2015",in,Summer,0,Premier Liga,2015,2015/2016
FK Rostov,Ruslan Abazov,22,Centre-Back,Tyumen,"End of loanJun 30, 2015",in,Summer,0,Premier Liga,2015,2015/2016
FK Rostov,Timofey Margasov,23,Right-Back,Sibir,"End of loanJun 30, 2015",in,Summer,0,Premier Liga,2015,2015/2016
FK Rostov,Sergey Belousov,25,Attacking Midfield,Sokol Saratov,"End of loanJun 30, 2015",in,Summer,0,Premier Liga,2015,2015/2016
FK Rostov,Khoren Bayramyan,23,Left Midfield,Volgar,"End of loanJun 30, 2015",in,Summer,0,Premier Liga,2015,2015/2016
FK Rostov,Aleksey Rebko,29,Central Midfield,Nika Moskau,free transfer,out,Summer,NA,Premier Liga,2015,2015/2016
FK Rostov,Vakhyt Orazsakhedov,23,Centre-Forward,FC Asgabat,free transfer,out,Summer,NA,Premier Liga,2015,2015/2016
FK Rostov,Sergey Belousov,25,Attacking Midfield,M. Lipetsk,free transfer,out,Summer,NA,Premier Liga,2015,2015/2016
FK Rostov,Nika Chkhapelia,21,Left Winger,Baltika,free transfer,out,Summer,NA,Premier Liga,2015,2015/2016
FK Rostov,Siyanda Xulu,23,Centre-Back,Kaizer Chiefs,free transfer,out,Summer,NA,Premier Liga,2015,2015/2016
FK Rostov,Vitali Djakov,26,Centre-Back,Dinamo Moscow,free transfer,out,Summer,NA,Premier Liga,2015,2015/2016
FK Rostov,Dmitri Torbinski,31,Central Midfield,Krasnodar,free transfer,out,Summer,NA,Premier Liga,2015,2015/2016
FK Rostov,Anton Amelchenko,30,Goalkeeper,Fakel Voronezh,free transfer,out,Summer,NA,Premier Liga,2015,2015/2016
FK Rostov,Hrvoje Milic,26,Left-Back,Hajduk Split,free transfer,out,Summer,NA,Premier Liga,2015,2015/2016
FK Rostov,Azim Fatullaev,29,Defensive Midfield,Enisey,?,out,Summer,NA,Premier Liga,2015,2015/2016
FK Rostov,Mihail Platica,25,Centre-Forward,Shinnik,?,out,Summer,NA,Premier Liga,2015,2015/2016
FK Rostov,Andrey Vasiljev,23,Right-Back,Zenit 2 S-Pb,?,out,Summer,NA,Premier Liga,2015,2015/2016
FK Rostov,Ruslan Abazov,22,Centre-Back,Tyumen,loan transfer,out,Summer,NA,Premier Liga,2015,2015/2016
FK Rostov,Ruslan Abazov,22,Centre-Back,Fakel Voronezh,loan transfer,out,Summer,NA,Premier Liga,2015,2015/2016
FK Rostov,Stipe Pletikosa,36,Goalkeeper,Without Club,-,out,Summer,0,Premier Liga,2015,2015/2016
FK Rostov,Igor Lolo,32,Right-Back,Without Club,-,out,Summer,0,Premier Liga,2015,2015/2016
FK Rostov,Edgaras Cesnauskis,31,Left Winger,Retired,-,out,Summer,0,Premier Liga,2015,2015/2016
FK Rostov,Sardar Azmoun,20,Centre-Forward,Rubin Kazan,"End of loanJun 30, 2015",out,Summer,0,Premier Liga,2015,2015/2016
FK Rostov,Vladimir Granat,28,Centre-Back,Dinamo Moscow,"End of loanJun 30, 2015",out,Summer,0,Premier Liga,2015,2015/2016
FK Rostov,Artem Dzyuba,26,Centre-Forward,Spartak Moscow,"End of loanJun 30, 2015",out,Summer,0,Premier Liga,2015,2015/2016
FK Rostov,Maksim Grigorjev,24,Right Winger,Loko Moscow,"End of loanJun 30, 2015",out,Summer,0,Premier Liga,2015,2015/2016
FK Rostov,Maksim Bordachev,29,defence,Tom Tomsk,"End of loanJun 30, 2015",out,Summer,0,Premier Liga,2015,2015/2016
Krylya Sovetov Samara,Milan Rodic,24,Left-Back,Zenit S-Pb,free transfer,in,Summer,NA,Premier Liga,2015,2015/2016
Krylya Sovetov Samara,Giorgi Loria,29,Goalkeeper,Olympiacos,free transfer,in,Summer,NA,Premier Liga,2015,2015/2016
Krylya Sovetov Samara,Berat Sadik,28,Centre-Forward,FC Thun,free transfer,in,Summer,NA,Premier Liga,2015,2015/2016
Krylya Sovetov Samara,Yohan Mollo,26,Right Winger,Saint-Étienne,loan transfer,in,Summer,NA,Premier Liga,2015,2015/2016
Krylya Sovetov Samara,Junior Ahissan,18,Right Winger,Ivoire Academie,?,in,Summer,NA,Premier Liga,2015,2015/2016
Krylya Sovetov Samara,Aleksey Pomerko,25,Central Midfield,Krasnodar,?,in,Summer,NA,Premier Liga,2015,2015/2016
Krylya Sovetov Samara,Sheldon Bateau,24,Centre-Back,KV Mechelen,loan transfer,in,Summer,NA,Premier Liga,2015,2015/2016
Krylya Sovetov Samara,Pavel Yakovlev,24,Left Winger,Spartak Moscow,loan transfer,in,Summer,NA,Premier Liga,2015,2015/2016
Krylya Sovetov Samara,Miroslav Lobantsev,20,Goalkeeper,Loko Moscow,loan transfer,in,Summer,NA,Premier Liga,2015,2015/2016
Krylya Sovetov Samara,Nicolás Canales,30,Centre-Forward,Without Club,-,in,Summer,0,Premier Liga,2015,2015/2016
Krylya Sovetov Samara,Artem Deljkin,24,Centre-Forward,Tyumen,"End of loanJun 30, 2015",in,Summer,0,Premier Liga,2015,2015/2016
Krylya Sovetov Samara,Jan Mucha,32,Goalkeeper,Arsenal Tula,"End of loanJun 30, 2015",in,Summer,0,Premier Liga,2015,2015/2016
Krylya Sovetov Samara,Sergey Veremko,32,Goalkeeper,Ufa,"End of loanJun 30, 2015",in,Summer,0,Premier Liga,2015,2015/2016
Krylya Sovetov Samara,Bruno Teles,29,Left-Back,Vasco da Gama,free transfer,out,Summer,NA,Premier Liga,2015,2015/2016
Krylya Sovetov Samara,Sergey Sipatov,22,Centre-Forward,Sp. Dzhankoy,free transfer,out,Summer,NA,Premier Liga,2015,2015/2016
Krylya Sovetov Samara,Denis Tkachuk,25,Left Midfield,Zenit S-Pb,free transfer,out,Summer,NA,Premier Liga,2015,2015/2016
Krylya Sovetov Samara,Artem Deljkin,24,Centre-Forward,Gazovik Orenburg,free transfer,out,Summer,NA,Premier Liga,2015,2015/2016
Krylya Sovetov Samara,Sergey Veremko,32,Goalkeeper,APO Levadiakos,free transfer,out,Summer,NA,Premier Liga,2015,2015/2016
Krylya Sovetov Samara,Denis Vavilin,33,Goalkeeper,Volga NN,free transfer,out,Summer,NA,Premier Liga,2015,2015/2016
Krylya Sovetov Samara,Jan Mucha,32,Goalkeeper,Slo. Bratislava,free transfer,out,Summer,NA,Premier Liga,2015,2015/2016
Krylya Sovetov Samara,Aleksandr Eliseev,23,Right Midfield,Volgar,loan transfer,out,Summer,NA,Premier Liga,2015,2015/2016
Krylya Sovetov Samara,Sergey Obivalin,20,Centre-Back,Lada Togliatti,loan transfer,out,Summer,NA,Premier Liga,2015,2015/2016
Krylya Sovetov Samara,Maksim Palienko,20,Attacking Midfield,Zenit 2 S-Pb,loan transfer,out,Summer,NA,Premier Liga,2015,2015/2016
Krylya Sovetov Samara,Emin Mahmudov,23,Central Midfield,Mordovia,loan transfer,out,Summer,NA,Premier Liga,2015,2015/2016
Krylya Sovetov Samara,Vitali Shilnikov,17,Goalkeeper,KS Samara II,-,out,Summer,0,Premier Liga,2015,2015/2016
Krylya Sovetov Samara,Evgeni Kobozev,25,Goalkeeper,Terek Grozny,"End of loanJun 30, 2015",out,Summer,0,Premier Liga,2015,2015/2016
Krylya Sovetov Samara,Aleksey Pomerko,25,Central Midfield,Krasnodar,"End of loanJun 30, 2015",out,Summer,0,Premier Liga,2015,2015/2016
Anzhi Makhachkala,Ivan Maevskiy,27,Defensive Midfield,Zawisza,£225Th.,in,Summer,0.225,Premier Liga,2015,2015/2016
Anzhi Makhachkala,Darko Lazic,20,Centre-Back,Red Star,£135Th.,in,Summer,0.135,Premier Liga,2015,2015/2016
Anzhi Makhachkala,Georgi Tigiev,20,Left-Back,Torpedo Moscow,free transfer,in,Summer,NA,Premier Liga,2015,2015/2016
Anzhi Makhachkala,Batraz Khadartsev,22,Left Midfield,Tosno,free transfer,in,Summer,NA,Premier Liga,2015,2015/2016
Anzhi Makhachkala,Karlen Mkrtchyan,26,Defensive Midfield,Tobol Kostanay,free transfer,in,Summer,NA,Premier Liga,2015,2015/2016
Anzhi Makhachkala,Lorenzo Ebecilio,23,Attacking Midfield,Metalurg D.,free transfer,in,Summer,NA,Premier Liga,2015,2015/2016
Anzhi Makhachkala,Hugo Almeida,31,Centre-Forward,Kuban Krasnodar,free transfer,in,Summer,NA,Premier Liga,2015,2015/2016
Anzhi Makhachkala,Aleksandr Zhirov,24,Centre-Back,Volgar,free transfer,in,Summer,NA,Premier Liga,2015,2015/2016
Anzhi Makhachkala,Lukman Haruna,24,Central Midfield,Dynamo Kyiv,loan transfer,in,Summer,NA,Premier Liga,2015,2015/2016
Anzhi Makhachkala,Sergey Pesjakov,26,Goalkeeper,Spartak Moscow,loan transfer,in,Summer,NA,Premier Liga,2015,2015/2016
Anzhi Makhachkala,Shamil Gasanov,21,Centre-Back,Anzhi 2,-,in,Summer,0,Premier Liga,2015,2015/2016
Anzhi Makhachkala,Magomed Musalov,21,Right-Back,Anzhi 2,-,in,Summer,0,Premier Liga,2015,2015/2016
Anzhi Makhachkala,Mehdi Cannatov,23,Goalkeeper,Anzhi 2,-,in,Summer,0,Premier Liga,2015,2015/2016
Anzhi Makhachkala,Ewerton,26,Centre-Back,Sporting CP,"End of loanJun 30, 2015",in,Summer,0,Premier Liga,2015,2015/2016
Anzhi Makhachkala,Valeri Kichin,22,Left-Back,Tyumen,"End of loanJun 30, 2015",in,Summer,0,Premier Liga,2015,2015/2016
Anzhi Makhachkala,Andrey Eshchenko,31,Right-Back,Kuban Krasnodar,"End of loanJun 30, 2015",in,Summer,0,Premier Liga,2015,2015/2016
Anzhi Makhachkala,Evgeniy Pomazan,26,Goalkeeper,Kuban Krasnodar,"End of loanJun 30, 2015",in,Summer,0,Premier Liga,2015,2015/2016
Anzhi Makhachkala,Ewerton,26,Centre-Back,Sporting CP,£1.35m,out,Summer,1.35,Premier Liga,2015,2015/2016
Anzhi Makhachkala,Valeri Kichin,22,Left-Back,Tyumen,free transfer,out,Summer,NA,Premier Liga,2015,2015/2016
Anzhi Makhachkala,Dmitri Aydov,33,Centre-Back,Arsenal Tula,free transfer,out,Summer,NA,Premier Liga,2015,2015/2016
Anzhi Makhachkala,Sergey Miroshnichenko,32,Centre-Back,Torpedo Armavir,free transfer,out,Summer,NA,Premier Liga,2015,2015/2016
Anzhi Makhachkala,Roman Kontsedalov,29,Central Midfield,Energomash,free transfer,out,Summer,NA,Premier Liga,2015,2015/2016
Anzhi Makhachkala,Maksim Andreev,27,Attacking Midfield,Sokol Saratov,free transfer,out,Summer,NA,Premier Liga,2015,2015/2016
Anzhi Makhachkala,Mikhail Kerzhakov,28,Goalkeeper,Zenit S-Pb,free transfer,out,Summer,NA,Premier Liga,2015,2015/2016
Anzhi Makhachkala,Aleksey Aravin,28,Right-Back,Tosno,?,out,Summer,NA,Premier Liga,2015,2015/2016
Anzhi Makhachkala,Grigori Chirkin,29,Defensive Midfield,Tosno,?,out,Summer,NA,Premier Liga,2015,2015/2016
Anzhi Makhachkala,Mikhail Komkov,30,Right Midfield,Tosno,?,out,Summer,NA,Premier Liga,2015,2015/2016
Anzhi Makhachkala,Aleksandr Krivoruchko,30,Goalkeeper,Tom Tomsk,loan transfer,out,Summer,NA,Premier Liga,2015,2015/2016
Anzhi Makhachkala,Murad Qurbanov,23,Right-Back,Khimik,loan transfer,out,Summer,NA,Premier Liga,2015,2015/2016
Anzhi Makhachkala,Valeri Chuperka,23,Central Midfield,Tom Tomsk,loan transfer,out,Summer,NA,Premier Liga,2015,2015/2016
Anzhi Makhachkala,Sharif Mukhammad,25,Centre-Back,Career break,-,out,Summer,0,Premier Liga,2015,2015/2016
Anzhi Makhachkala,Shamil Asildarov,32,Centre-Forward,Without Club,-,out,Summer,0,Premier Liga,2015,2015/2016
Anzhi Makhachkala,Petr Ten,22,Right-Back,CSKA Moscow II,"End of loanJun 30, 2015",out,Summer,0,Premier Liga,2015,2015/2016
Anzhi Makhachkala,Magomed Mitrishev,22,Right Winger,Terek Grozny,"End of loanJun 30, 2015",out,Summer,0,Premier Liga,2015,2015/2016
Zenit St. Petersburg,Aleksandr Kokorin,24,Centre-Forward,Dinamo Moscow,£1.80m,in,Winter,1.8,Premier Liga,2015,2015/2016
Zenit St. Petersburg,Vukasin Jovanovic,19,Centre-Back,Red Star,£1.80m,in,Winter,1.8,Premier Liga,2015,2015/2016
Zenit St. Petersburg,Yuri Zhirkov,32,Left-Back,Dinamo Moscow,£576Th.,in,Winter,0.576,Premier Liga,2015,2015/2016
Zenit St. Petersburg,Maurício,27,Defensive Midfield,Terek Grozny,free transfer,in,Winter,NA,Premier Liga,2015,2015/2016
Zenit St. Petersburg,Denis Tkachuk,26,Left Midfield,Rubin Kazan,?,out,Winter,NA,Premier Liga,2015,2015/2016
Zenit St. Petersburg,Aleksandr Kerzhakov,33,Centre-Forward,FC Zürich,loan transfer,out,Winter,NA,Premier Liga,2015,2015/2016
Zenit St. Petersburg,Aleksandr Ryazantsev,29,Central Midfield,Ural,loan transfer,out,Winter,NA,Premier Liga,2015,2015/2016
Zenit St. Petersburg,Ivan Solovjev,23,Left Winger,FC Lahti,loan transfer,out,Winter,NA,Premier Liga,2015,2015/2016
CSKA Moscow,Sergey Tkachev,26,Attacking Midfield,Kuban Krasnodar,free transfer,in,Winter,NA,Premier Liga,2015,2015/2016
CSKA Moscow,Roman Shirokov,34,Central Midfield,Spartak Moscow,free transfer,in,Winter,NA,Premier Liga,2015,2015/2016
CSKA Moscow,Aaron Olanare,21,Centre-Forward,GZ R&F,loan transfer,in,Winter,NA,Premier Liga,2015,2015/2016
CSKA Moscow,Carlos Strandberg,19,Centre-Forward,Ural,"End of loanDec 31, 2015",in,Winter,0,Premier Liga,2015,2015/2016
CSKA Moscow,Georgi Milanov,23,Attacking Midfield,Grasshoppers,loan transfer,out,Winter,NA,Premier Liga,2015,2015/2016
CSKA Moscow,Carlos Strandberg,19,Centre-Forward,AIK,loan transfer,out,Winter,NA,Premier Liga,2015,2015/2016
CSKA Moscow,Seydou Doumbia,28,Centre-Forward,AS Roma,"End of loanDec 31, 2015",out,Winter,0,Premier Liga,2015,2015/2016
FK Krasnodar,Vyacheslav Podberezkin,23,Attacking Midfield,Ural,free transfer,in,Winter,NA,Premier Liga,2015,2015/2016
FK Krasnodar,Stanislav Kritsyuk,25,Goalkeeper,SC Braga,loan transfer,in,Winter,NA,Premier Liga,2015,2015/2016
FK Krasnodar,Artur Jedrzejczyk,28,Centre-Back,Legia Warszawa,loan transfer,out,Winter,NA,Premier Liga,2015,2015/2016
FK Krasnodar,Anton Kochenkov,28,Goalkeeper,Loko Moscow,"End of loanDec 31, 2015",out,Winter,0,Premier Liga,2015,2015/2016
Dinamo Moscow,Fatos Beqiraj,27,Centre-Forward,Dinamo Minsk,£450Th.,in,Winter,0.45,Premier Liga,2015,2015/2016
Dinamo Moscow,Sebastian Holmén,23,Centre-Back,Elfsborg,£450Th.,in,Winter,0.45,Premier Liga,2015,2015/2016
Dinamo Moscow,Stanislav Dragun,27,Central Midfield,KS Samara,free transfer,in,Winter,NA,Premier Liga,2015,2015/2016
Dinamo Moscow,Andrey Eshchenko,31,Right-Back,Anzhi,loan transfer,in,Winter,NA,Premier Liga,2015,2015/2016
Dinamo Moscow,Aleksandr Kokorin,24,Centre-Forward,Zenit S-Pb,£1.80m,out,Winter,1.8,Premier Liga,2015,2015/2016
Dinamo Moscow,Yuri Zhirkov,32,Left-Back,Zenit S-Pb,£576Th.,out,Winter,0.576,Premier Liga,2015,2015/2016
Dinamo Moscow,Alexander Büttner,26,Left-Back,RSC Anderlecht,Loan fee:£450Th.,out,Winter,0.45,Premier Liga,2015,2015/2016
Rubin Kazan,Emil Bergström,22,Centre-Back,Djurgarden,£990Th.,in,Winter,0.99,Premier Liga,2015,2015/2016
Rubin Kazan,Mijo Caktas,23,Attacking Midfield,Hajduk Split,£900Th.,in,Winter,0.9,Premier Liga,2015,2015/2016
Rubin Kazan,Mauricio Lemos,20,Centre-Back,Defensor,£360Th.,in,Winter,0.36,Premier Liga,2015,2015/2016
Rubin Kazan,Denis Tkachuk,26,Left Midfield,Zenit S-Pb,?,in,Winter,NA,Premier Liga,2015,2015/2016
Rubin Kazan,Andriy Pylyavskyi,27,Centre-Back,Zorya Lugansk,?,in,Winter,NA,Premier Liga,2015,2015/2016
Rubin Kazan,Alireza Haghighi,27,Goalkeeper,Marítimo,free transfer,out,Winter,NA,Premier Liga,2015,2015/2016
Rubin Kazan,Carlos Eduardo,28,Attacking Midfield,Atlético-MG,free transfer,out,Winter,NA,Premier Liga,2015,2015/2016
Rubin Kazan,Albert Sharipov,22,Central Midfield,Tom Tomsk,loan transfer,out,Winter,NA,Premier Liga,2015,2015/2016
Rubin Kazan,Mauricio Lemos,20,Centre-Back,UD Las Palmas,loan transfer,out,Winter,NA,Premier Liga,2015,2015/2016
Rubin Kazan,Inal Getigezhev,28,Left-Back,Gazovik Orenburg,loan transfer,out,Winter,NA,Premier Liga,2015,2015/2016
Rubin Kazan,Aleksandr Filtsov,25,Goalkeeper,Arsenal Tula,loan transfer,out,Winter,NA,Premier Liga,2015,2015/2016
Rubin Kazan,Mauricio Lemos,20,Centre-Back,Defensor,"End of loanDec 31, 2015",out,Winter,0,Premier Liga,2015,2015/2016
Rubin Kazan,Ramil Sheydayev,19,Centre-Forward,Zenit 2 S-Pb,"End of loanDec 31, 2015",out,Winter,0,Premier Liga,2015,2015/2016
Spartak Moscow,Lorenzo Melgarejo,25,Left Winger,Kuban Krasnodar,£4.05m,in,Winter,4.05,Premier Liga,2015,2015/2016
Spartak Moscow,Ilya Kutepov,22,Centre-Back,Spartak 2,-,in,Winter,0,Premier Liga,2015,2015/2016
Spartak Moscow,Aleksandr Zuev,19,Left Winger,Spartak 2,-,in,Winter,0,Premier Liga,2015,2015/2016
Spartak Moscow,Tino Costa,31,Central Midfield,Genoa,"End of loanJan 20, 2016",in,Winter,0,Premier Liga,2015,2015/2016
Spartak Moscow,Sergey Pesjakov,27,Goalkeeper,Anzhi,"End of loanDec 31, 2015",in,Winter,0,Premier Liga,2015,2015/2016
Spartak Moscow,Serdar Tasci,28,Centre-Back,FC Bayern,Loan fee:£2.25m,out,Winter,2.25,Premier Liga,2015,2015/2016
Spartak Moscow,Aras Özbiliz,25,Right Winger,Besiktas,£1.17m,out,Winter,1.17,Premier Liga,2015,2015/2016
Spartak Moscow,Tino Costa,31,Central Midfield,Fiorentina,Loan fee:£450Th.,out,Winter,0.45,Premier Liga,2015,2015/2016
Spartak Moscow,Anton Mitryushkin,19,Goalkeeper,FC Sion,£342Th.,out,Winter,0.342,Premier Liga,2015,2015/2016
Spartak Moscow,Roman Shirokov,34,Central Midfield,CSKA Moscow,free transfer,out,Winter,NA,Premier Liga,2015,2015/2016
Spartak Moscow,Yura Movsisyan,28,Centre-Forward,Salt Lake,loan transfer,out,Winter,NA,Premier Liga,2015,2015/2016
Spartak Moscow,Denis Davydov,20,Centre-Forward,Mlada Boleslav,loan transfer,out,Winter,NA,Premier Liga,2015,2015/2016
Lokomotiv Moscow,Ezekiel Henty,22,Centre-Forward,NK Olimpija,£4.50m,in,Winter,4.5,Premier Liga,2015,2015/2016
Lokomotiv Moscow,Vladislav Ignatjev,29,Right-Back,Kuban Krasnodar,free transfer,in,Winter,NA,Premier Liga,2015,2015/2016
Lokomotiv Moscow,Dmitri Sychev,32,Centre-Forward,Okzhetpes,"End of loanDec 31, 2015",in,Winter,0,Premier Liga,2015,2015/2016
Lokomotiv Moscow,Anton Kochenkov,28,Goalkeeper,Krasnodar,"End of loanDec 31, 2015",in,Winter,0,Premier Liga,2015,2015/2016
Lokomotiv Moscow,Oumar Niasse,25,Centre-Forward,Everton,£16.11m,out,Winter,16.11,Premier Liga,2015,2015/2016
Lokomotiv Moscow,Moubarak Boussoufa,31,Attacking Midfield,KAA Gent,loan transfer,out,Winter,NA,Premier Liga,2015,2015/2016
Lokomotiv Moscow,Dmitri Sychev,32,Centre-Forward,Career break,-,out,Winter,0,Premier Liga,2015,2015/2016
Mordovia Saransk (-2020),Mikhail Markin,22,Centre-Forward,Tyumen,"End of loanDec 31, 2015",in,Winter,0,Premier Liga,2015,2015/2016
Mordovia Saransk (-2020),Mitchell Donald,27,Central Midfield,Red Star,"End of loanJan 27, 2016",in,Winter,0,Premier Liga,2015,2015/2016
Mordovia Saransk (-2020),Damien Le Tallec,25,Defensive Midfield,Red Star,£225Th.,out,Winter,0.225,Premier Liga,2015,2015/2016
Mordovia Saransk (-2020),Mitchell Donald,27,Central Midfield,Red Star,£180Th.,out,Winter,0.18,Premier Liga,2015,2015/2016
Mordovia Saransk (-2020),Dmitri Sysuev,28,Left Winger,Ufa,?,out,Winter,NA,Premier Liga,2015,2015/2016
Mordovia Saransk (-2020),Yannick Djaló,29,Left Winger,Benfica,"End of loanDec 31, 2015",out,Winter,0,Premier Liga,2015,2015/2016
Terek Grozny,Zaurbek Pliev,24,Left-Back,Kairat Almaty,£342Th.,in,Winter,0.342,Premier Liga,2015,2015/2016
Terek Grozny,Milad Mohammadi,22,Left-Back,Rah Ahan,£270Th.,in,Winter,0.27,Premier Liga,2015,2015/2016
Terek Grozny,Pedro Ken,28,Central Midfield,Cruzeiro,free transfer,in,Winter,NA,Premier Liga,2015,2015/2016
Terek Grozny,Luke Wilkshire,34,Right-Back,Without Club,-,in,Winter,0,Premier Liga,2015,2015/2016
Terek Grozny,Juhani Ojala,26,Centre-Back,HJK Helsinki,"End of loanDec 31, 2015",in,Winter,0,Premier Liga,2015,2015/2016
Terek Grozny,Fedor Kudryashov,28,Centre-Back,Rostov,£1.80m,out,Winter,1.8,Premier Liga,2015,2015/2016
Terek Grozny,Maurício,27,Defensive Midfield,Zenit S-Pb,free transfer,out,Winter,NA,Premier Liga,2015,2015/2016
Terek Grozny,Adlan Katsaev,27,Right Midfield,SKA-Energia,loan transfer,out,Winter,NA,Premier Liga,2015,2015/2016
Kuban Krasnodar (-2018),Igor Zhurakhovskyi,21,Central Midfield,Metalurg Z.,free transfer,in,Winter,NA,Premier Liga,2015,2015/2016
Kuban Krasnodar (-2018),Felipe Santana,29,Centre-Back,FC Schalke 04,free transfer,in,Winter,NA,Premier Liga,2015,2015/2016
Kuban Krasnodar (-2018),Roman Kontsedalov,29,Central Midfield,Energomash,free transfer,in,Winter,NA,Premier Liga,2015,2015/2016
Kuban Krasnodar (-2018),Dmitri Stajila,24,Goalkeeper,FC Sheriff,free transfer,in,Winter,NA,Premier Liga,2015,2015/2016
Kuban Krasnodar (-2018),Georgi Zotov,26,Right-Back,Anzhi,free transfer,in,Winter,NA,Premier Liga,2015,2015/2016
Kuban Krasnodar (-2018),Yevgen Seleznyov,30,Centre-Forward,Dnipro,free transfer,in,Winter,NA,Premier Liga,2015,2015/2016
Kuban Krasnodar (-2018),Apodi,29,Right-Back,Chapecoense,?,in,Winter,NA,Premier Liga,2015,2015/2016
Kuban Krasnodar (-2018),Maksim Mayrovich,19,Centre-Forward,Kuban II,-,in,Winter,0,Premier Liga,2015,2015/2016
Kuban Krasnodar (-2018),Gonzalo Bueno,22,Left Winger,União Madeira,"End of loanDec 10, 2015",in,Winter,0,Premier Liga,2015,2015/2016
Kuban Krasnodar (-2018),Lorenzo Melgarejo,25,Left Winger,Spartak Moscow,£4.05m,out,Winter,4.05,Premier Liga,2015,2015/2016
Kuban Krasnodar (-2018),Sergey Tkachev,26,Attacking Midfield,CSKA Moscow,free transfer,out,Winter,NA,Premier Liga,2015,2015/2016
Kuban Krasnodar (-2018),Andrey Arshavin,34,Second Striker,Kairat Almaty,free transfer,out,Winter,NA,Premier Liga,2015,2015/2016
Kuban Krasnodar (-2018),Vladislav Ignatjev,29,Right-Back,Loko Moscow,free transfer,out,Winter,NA,Premier Liga,2015,2015/2016
Kuban Krasnodar (-2018),Gonzalo Bueno,22,Left Winger,Patriotas,?,out,Winter,NA,Premier Liga,2015,2015/2016
Kuban Krasnodar (-2018),Artur Tlisov,33,Central Midfield,Retired,-,out,Winter,0,Premier Liga,2015,2015/2016
Amkar Perm,Roland Gigolaev,25,Left Midfield,Ruch Chorzow,free transfer,in,Winter,NA,Premier Liga,2015,2015/2016
Amkar Perm,Oleg Mishchenko,26,Right Winger,Vorskla Poltava,free transfer,in,Winter,NA,Premier Liga,2015,2015/2016
Amkar Perm,David Dzakhov,27,Central Midfield,Without Club,-,in,Winter,0,Premier Liga,2015,2015/2016
Amkar Perm,Bright Dike,29,Centre-Forward,Without Club,-,in,Winter,0,Premier Liga,2015,2015/2016
Amkar Perm,Izunna Uzochukwu,25,Defensive Midfield,Odense BK,£630Th.,out,Winter,0.63,Premier Liga,2015,2015/2016
Amkar Perm,Robert Arzumanyan,30,Centre-Back,Shakhter K.,loan transfer,out,Winter,NA,Premier Liga,2015,2015/2016
Amkar Perm,Georgi Peev,37,Right Midfield,Retired,-,out,Winter,0,Premier Liga,2015,2015/2016
FK Ufa,Giorgi Shelia,27,Goalkeeper,Enisey,£54Th.,in,Winter,0.054,Premier Liga,2015,2015/2016
FK Ufa,Vladimir Zubarev,22,Defensive Midfield,Spartak 2,free transfer,in,Winter,NA,Premier Liga,2015,2015/2016
FK Ufa,Aleksandr Filin,19,Centre-Back,Shakhtar 3,?,in,Winter,NA,Premier Liga,2015,2015/2016
FK Ufa,Dmitri Sysuev,28,Left Winger,Mordovia,?,in,Winter,NA,Premier Liga,2015,2015/2016
FK Ufa,Igor Bezdenezhnykh,19,Central Midfield,Ufa II,-,in,Winter,0,Premier Liga,2015,2015/2016
FK Ufa,Dmitri Golubov,30,Centre-Forward,Tom Tomsk,"End of loanFeb 25, 2016",in,Winter,0,Premier Liga,2015,2015/2016
FK Ufa,Dmitri Verkhovtsov,29,Centre-Back,Korona Kielce,free transfer,out,Winter,NA,Premier Liga,2015,2015/2016
FK Ufa,Vagiz Galiulin,28,Right Midfield,Tosno,free transfer,out,Winter,NA,Premier Liga,2015,2015/2016
FK Ufa,Igor Shevchenko,30,Right Winger,Arsenal Tula,free transfer,out,Winter,NA,Premier Liga,2015,2015/2016
FK Ufa,David Yurchenko,29,Goalkeeper,Anzhi,loan transfer,out,Winter,NA,Premier Liga,2015,2015/2016
FK Ufa,Maksim Semakin,32,Central Midfield,Luch Vladivostok,loan transfer,out,Winter,NA,Premier Liga,2015,2015/2016
FK Ufa,Dmitri Golubov,30,Centre-Forward,Without Club,-,out,Winter,0,Premier Liga,2015,2015/2016
FK Ufa,Emmanuel Frimpong,24,Defensive Midfield,Without Club,-,out,Winter,0,Premier Liga,2015,2015/2016
Ural Yekaterinburg,Dmitri Korobov,21,Attacking Midfield,Fakel Voronezh,?,in,Winter,NA,Premier Liga,2015,2015/2016
Ural Yekaterinburg,Aleksandr Ryazantsev,29,Central Midfield,Zenit S-Pb,loan transfer,in,Winter,NA,Premier Liga,2015,2015/2016
Ural Yekaterinburg,Sergey Serchenkov,19,Right Winger,Ural II,-,in,Winter,0,Premier Liga,2015,2015/2016
Ural Yekaterinburg,Dominik Dinga,18,Centre-Back,Without Club,-,in,Winter,0,Premier Liga,2015,2015/2016
Ural Yekaterinburg,Mikhail Merkulov,21,Left-Back,Baikal Irkutsk,"End of loanDec 31, 2015",in,Winter,0,Premier Liga,2015,2015/2016
Ural Yekaterinburg,Vyacheslav Podberezkin,23,Attacking Midfield,Krasnodar,free transfer,out,Winter,NA,Premier Liga,2015,2015/2016
Ural Yekaterinburg,Aleksandr Erokhin,26,Attacking Midfield,Rostov,free transfer,out,Winter,NA,Premier Liga,2015,2015/2016
Ural Yekaterinburg,Igor Lambarskiy,23,Attacking Midfield,Volga-Olimpiets,free transfer,out,Winter,NA,Premier Liga,2015,2015/2016
Ural Yekaterinburg,Aleksandr Belozerov,34,Centre-Back,Lada Togliatti,free transfer,out,Winter,NA,Premier Liga,2015,2015/2016
Ural Yekaterinburg,Andrey Gorbanets,30,Attacking Midfield,Arsenal Tula,free transfer,out,Winter,NA,Premier Liga,2015,2015/2016
Ural Yekaterinburg,Denis Fomin,19,Centre-Back,Tekstilshchik,loan transfer,out,Winter,NA,Premier Liga,2015,2015/2016
Ural Yekaterinburg,Ivan Knyazev,23,Centre-Back,Riga,loan transfer,out,Winter,NA,Premier Liga,2015,2015/2016
Ural Yekaterinburg,Carlos Strandberg,19,Centre-Forward,CSKA Moscow,"End of loanDec 31, 2015",out,Winter,0,Premier Liga,2015,2015/2016
FK Rostov,Fedor Kudryashov,28,Centre-Back,Terek Grozny,£1.80m,in,Winter,1.8,Premier Liga,2015,2015/2016
FK Rostov,Nika Kacharava,21,Centre-Forward,Tskhinvali,£270Th.,in,Winter,0.27,Premier Liga,2015,2015/2016
FK Rostov,Aleksandr Erokhin,26,Attacking Midfield,Ural,free transfer,in,Winter,NA,Premier Liga,2015,2015/2016
FK Rostov,Nikita Medvedev,21,Goalkeeper,Zenit Izhevsk,free transfer,in,Winter,NA,Premier Liga,2015,2015/2016
FK Rostov,Stas Pokatilov,23,Goalkeeper,Aktobe,?,in,Winter,NA,Premier Liga,2015,2015/2016
FK Rostov,Felicio Brown Forbes,24,Centre-Forward,Arsenal Tula,free transfer,out,Winter,NA,Premier Liga,2015,2015/2016
Krylya Sovetov Samara,Vitali Kalenkovich,22,Right Midfield,Baltika,free transfer,in,Winter,NA,Premier Liga,2015,2015/2016
Krylya Sovetov Samara,Gianni Bruno,24,Centre-Forward,Évian,loan transfer,in,Winter,NA,Premier Liga,2015,2015/2016
Krylya Sovetov Samara,Stanislav Dragun,27,Central Midfield,Dinamo Moscow,free transfer,out,Winter,NA,Premier Liga,2015,2015/2016
Krylya Sovetov Samara,Nicolás Canales,30,Centre-Forward,Neftchi Baku,free transfer,out,Winter,NA,Premier Liga,2015,2015/2016
Krylya Sovetov Samara,Igor Gorbatenko,26,Attacking Midfield,Arsenal Tula,loan transfer,out,Winter,NA,Premier Liga,2015,2015/2016
Anzhi Makhachkala,Bernard Berisha,24,Left Winger,KF Skënderbeu,£225Th.,in,Winter,0.225,Premier Liga,2015,2015/2016
Anzhi Makhachkala,Jonathan Mensah,25,Centre-Back,Évian,£180Th.,in,Winter,0.18,Premier Liga,2015,2015/2016
Anzhi Makhachkala,David Yurchenko,29,Goalkeeper,Ufa,loan transfer,in,Winter,NA,Premier Liga,2015,2015/2016
Anzhi Makhachkala,Hugo Almeida,31,Centre-Forward,Hannover 96,free transfer,out,Winter,NA,Premier Liga,2015,2015/2016
Anzhi Makhachkala,Georgi Zotov,26,Right-Back,Kuban Krasnodar,free transfer,out,Winter,NA,Premier Liga,2015,2015/2016
Anzhi Makhachkala,Serder Serderov,21,Left Winger,Slavia Sofia,free transfer,out,Winter,NA,Premier Liga,2015,2015/2016
Anzhi Makhachkala,Andrey Eshchenko,31,Right-Back,Dinamo Moscow,loan transfer,out,Winter,NA,Premier Liga,2015,2015/2016
Anzhi Makhachkala,Leonardo,23,Left Winger,Without Club,-,out,Winter,0,Premier Liga,2015,2015/2016
Anzhi Makhachkala,Rasim Tagirbekov,31,Centre-Back,Retired,-,out,Winter,0,Premier Liga,2015,2015/2016
Anzhi Makhachkala,Kamil Agalarov,27,Defensive Midfield,Career break,-,out,Winter,0,Premier Liga,2015,2015/2016
Anzhi Makhachkala,Lukman Haruna,25,Central Midfield,Dynamo Kyiv,"End of loanDec 31, 2015",out,Winter,0,Premier Liga,2015,2015/2016
Anzhi Makhachkala,Sergey Pesjakov,27,Goalkeeper,Spartak Moscow,"End of loanDec 31, 2015",out,Winter,0,Premier Liga,2015,2015/2016
