club_name,player_name,age,position,club_involved_name,fee,transfer_movement,transfer_period,fee_cleaned,league_name,year,season
Amiens SC,Moussa Konaté,24,Centre-Forward,FC Sion,£3.15m,in,Summer,3.15,Ligue 1,2017,2017/2018
Amiens SC,Bongani Zungu,24,Central Midfield,Vit. Guimarães,£1.80m,in,Summer,1.8,Ligue 1,2017,2017/2018
Amiens SC,Prince Gouano,23,Centre-Back,Atalanta BC,£117Th.,in,Summer,0.117,Ligue 1,2017,2017/2018
Amiens SC,Mathieu Bodmer,34,Defensive Midfield,Guingamp,free transfer,in,Summer,NA,Ligue 1,2017,2017/2018
Amiens SC,Madih Talal,19,Central Midfield,SCO Angers B,free transfer,in,Summer,NA,Ligue 1,2017,2017/2018
Amiens SC,Issa Cissokho,32,Right-Back,SCO Angers,free transfer,in,Summer,NA,Ligue 1,2017,2017/2018
Amiens SC,Jean-Christophe Bouet,33,Goalkeeper,USL Dunkerque,free transfer,in,Summer,NA,Ligue 1,2017,2017/2018
Amiens SC,Brighton Labeau,21,Centre-Forward,Monaco B,free transfer,in,Summer,NA,Ligue 1,2017,2017/2018
Amiens SC,Gaël Kakuta,26,Attacking Midfield,HB CFFC,loan transfer,in,Summer,NA,Ligue 1,2017,2017/2018
Amiens SC,Serge Gakpé,30,Right Winger,Genoa,?,in,Summer,NA,Ligue 1,2017,2017/2018
Amiens SC,Lacina Traore,27,Centre-Forward,Monaco,loan transfer,in,Summer,NA,Ligue 1,2017,2017/2018
Amiens SC,Danilo Avelar,28,Left-Back,Torino,loan transfer,in,Summer,NA,Ligue 1,2017,2017/2018
Amiens SC,Jean-Luc Dompé,21,Left Winger,Standard Liège,loan transfer,in,Summer,NA,Ligue 1,2017,2017/2018
Amiens SC,Nathan,21,Attacking Midfield,Chelsea,loan transfer,in,Summer,NA,Ligue 1,2017,2017/2018
Amiens SC,Sekou Baradji,33,Defensive Midfield,Without Club,-,in,Summer,0,Ligue 1,2017,2017/2018
Amiens SC,Bachibou Koita,23,Centre-Forward,Amiens SC B,-,in,Summer,0,Ligue 1,2017,2017/2018
Amiens SC,Aboubakar Kamara,22,Centre-Forward,Fulham,£5.40m,out,Summer,5.4,Ligue 1,2017,2017/2018
Amiens SC,Tanguy Ndombélé,20,Central Midfield,Olympique Lyon,Loan fee:£1.80m,out,Summer,1.8,Ligue 1,2017,2017/2018
Amiens SC,Hacène Cherifi,25,midfield,Vlamertinge SK,free transfer,out,Summer,NA,Ligue 1,2017,2017/2018
Amiens SC,Alioune Ba,27,Centre-Back,Stade Lavallois,free transfer,out,Summer,NA,Ligue 1,2017,2017/2018
Amiens SC,Richard Soumah,30,Left-Back,M. Petah Tikva,free transfer,out,Summer,NA,Ligue 1,2017,2017/2018
Amiens SC,Joachim Eickmayer,24,Defensive Midfield,Les Herbiers VF,free transfer,out,Summer,NA,Ligue 1,2017,2017/2018
Amiens SC,Matthieu Fontaine,30,Centre-Back,Red Star FC,free transfer,out,Summer,NA,Ligue 1,2017,2017/2018
Amiens SC,Nathan Dekoke,21,Left-Back,US Boulogne,loan transfer,out,Summer,NA,Ligue 1,2017,2017/2018
Amiens SC,Réda Rabeï,23,Central Midfield,AS Lyon-Duchère,loan transfer,out,Summer,NA,Ligue 1,2017,2017/2018
Amiens SC,Jordan Lefort,23,Left-Back,Quevilly Rouen,loan transfer,out,Summer,NA,Ligue 1,2017,2017/2018
Amiens SC,Yannick Mamilonne,25,Centre-Forward,Quevilly Rouen,loan transfer,out,Summer,NA,Ligue 1,2017,2017/2018
Amiens SC,Jean Calvé,33,Right-Back,Without Club,-,out,Summer,0,Ligue 1,2017,2017/2018
Amiens SC,Junior Tallo,24,Centre-Forward,LOSC Lille,"End of loanJun 30, 2017",out,Summer,0,Ligue 1,2017,2017/2018
SCO Angers,Enzo Crivelli,22,Centre-Forward,G. Bordeaux,£3.60m,in,Summer,3.6,Ligue 1,2017,2017/2018
SCO Angers,Thomas Touré,23,Left Winger,G. Bordeaux,£2.70m,in,Summer,2.7,Ligue 1,2017,2017/2018
SCO Angers,Lassana Coulibaly,21,Central Midfield,SC Bastia,£1.80m,in,Summer,1.8,Ligue 1,2017,2017/2018
SCO Angers,Baptiste Guillaume,22,Centre-Forward,LOSC Lille,£1.80m,in,Summer,1.8,Ligue 1,2017,2017/2018
SCO Angers,Angelo Fulgini,20,Central Midfield,Valenciennes FC,£1.26m,in,Summer,1.26,Ligue 1,2017,2017/2018
SCO Angers,Loïc Puyo,28,Central Midfield,AS Nancy,free transfer,in,Summer,NA,Ligue 1,2017,2017/2018
SCO Angers,Wilfried Kanga,19,Centre-Forward,Paris SG U19,free transfer,in,Summer,NA,Ligue 1,2017,2017/2018
SCO Angers,Saliou Ciss,27,Left-Back,Valenciennes FC,free transfer,in,Summer,NA,Ligue 1,2017,2017/2018
SCO Angers,Youcef Belaïli,25,Left Winger,Ban,-,in,Summer,0,Ligue 1,2017,2017/2018
SCO Angers,Anthony Mandréa,20,Goalkeeper,SCO Angers B,-,in,Summer,0,Ligue 1,2017,2017/2018
SCO Angers,Goran Karanovic,29,Centre-Forward,FC Sochaux,"End of loanJun 30, 2017",in,Summer,0,Ligue 1,2017,2017/2018
SCO Angers,Yoane Wissa,20,Left Winger,Stade Lavallois,"End of loanJun 30, 2017",in,Summer,0,Ligue 1,2017,2017/2018
SCO Angers,Gabriel Mutombo,21,Centre-Back,CA Bastia,"End of loanJun 30, 2017",in,Summer,0,Ligue 1,2017,2017/2018
SCO Angers,Nicolas Pépé,22,Right Winger,LOSC Lille,£16.20m,out,Summer,16.2,Ligue 1,2017,2017/2018
SCO Angers,Famara Diédhiou,24,Centre-Forward,Bristol City,£5.40m,out,Summer,5.4,Ligue 1,2017,2017/2018
SCO Angers,Grégory Bourillon,33,Centre-Back,LB Châteauroux,free transfer,out,Summer,NA,Ligue 1,2017,2017/2018
SCO Angers,Denis Petric,29,Goalkeeper,Guingamp,free transfer,out,Summer,NA,Ligue 1,2017,2017/2018
SCO Angers,Cheikh N'Doye,31,Central Midfield,Birmingham,free transfer,out,Summer,NA,Ligue 1,2017,2017/2018
SCO Angers,Issa Cissokho,32,Right-Back,Amiens SC,free transfer,out,Summer,NA,Ligue 1,2017,2017/2018
SCO Angers,Férébory Doré,28,Centre-Forward,Clermont Foot,loan transfer,out,Summer,NA,Ligue 1,2017,2017/2018
SCO Angers,Gabriel Mutombo,21,Centre-Back,US Orléans,loan transfer,out,Summer,NA,Ligue 1,2017,2017/2018
SCO Angers,Mathias Serin,25,Attacking Midfield,USL Dunkerque,loan transfer,out,Summer,NA,Ligue 1,2017,2017/2018
SCO Angers,Yoane Wissa,20,Left Winger,AC Ajaccio,loan transfer,out,Summer,NA,Ligue 1,2017,2017/2018
SCO Angers,Pablo Martinez,28,Centre-Back,R. Strasbourg,?,out,Summer,NA,Ligue 1,2017,2017/2018
SCO Angers,Jamel Saihi,30,Defensive Midfield,Retired,-,out,Summer,0,Ligue 1,2017,2017/2018
SCO Angers,Dickson Nwakaeme,31,Centre-Forward,Without Club,-,out,Summer,0,Ligue 1,2017,2017/2018
SCO Angers,Kévin Bérigaud,29,Centre-Forward,Montpellier,"End of loanJun 30, 2017",out,Summer,0,Ligue 1,2017,2017/2018
SCO Angers,Jonathan Bamba,21,Left Winger,Saint-Étienne,"End of loanJun 30, 2017",out,Summer,0,Ligue 1,2017,2017/2018
FC Girondins Bordeaux,Nicolas de Préville,26,Centre-Forward,LOSC Lille,£7.20m,in,Summer,7.2,Ligue 1,2017,2017/2018
FC Girondins Bordeaux,Jonathan Cafú,26,Right Winger,Ludogorets,£6.75m,in,Summer,6.75,Ligue 1,2017,2017/2018
FC Girondins Bordeaux,Otávio,23,Defensive Midfield,Atlético-PR,£4.50m,in,Summer,4.5,Ligue 1,2017,2017/2018
FC Girondins Bordeaux,Youssouf Sabaly,24,Right-Back,Paris SG,£3.60m,in,Summer,3.6,Ligue 1,2017,2017/2018
FC Girondins Bordeaux,Lukas Lerager,23,Central Midfield,Zulte Waregem,£3.15m,in,Summer,3.15,Ligue 1,2017,2017/2018
FC Girondins Bordeaux,Vukasin Jovanovic,21,Centre-Back,Zenit S-Pb,£2.70m,in,Summer,2.7,Ligue 1,2017,2017/2018
FC Girondins Bordeaux,Alexandre Mendy,23,Centre-Forward,Guingamp,£540Th.,in,Summer,0.54,Ligue 1,2017,2017/2018
FC Girondins Bordeaux,Benoît Costil,29,Goalkeeper,Stade Rennais,free transfer,in,Summer,NA,Ligue 1,2017,2017/2018
FC Girondins Bordeaux,Matheus Pereira,19,Attacking Midfield,Juventus,loan transfer,in,Summer,NA,Ligue 1,2017,2017/2018
FC Girondins Bordeaux,Zaydou Youssouf,18,Central Midfield,G. Bordeaux B,-,in,Summer,0,Ligue 1,2017,2017/2018
FC Girondins Bordeaux,Over Mandanda,18,Goalkeeper,G. Bordeaux B,-,in,Summer,0,Ligue 1,2017,2017/2018
FC Girondins Bordeaux,Olivier Verdon,21,Centre-Back,G. Bordeaux B,-,in,Summer,0,Ligue 1,2017,2017/2018
FC Girondins Bordeaux,Jules Koundé,18,Centre-Back,G. Bordeaux B,-,in,Summer,0,Ligue 1,2017,2017/2018
FC Girondins Bordeaux,Aaron Boupendza,20,Centre-Forward,G. Bordeaux B,-,in,Summer,0,Ligue 1,2017,2017/2018
FC Girondins Bordeaux,Gaëtan Poussin,18,Goalkeeper,G. Bordeaux B,-,in,Summer,0,Ligue 1,2017,2017/2018
FC Girondins Bordeaux,Cédric Yambéré,26,Centre-Back,APOEL Nicosia,"End of loanJun 30, 2017",in,Summer,0,Ligue 1,2017,2017/2018
FC Girondins Bordeaux,Théo Pellenard,22,Left-Back,Paris FC,"End of loanJun 30, 2016",in,Summer,0,Ligue 1,2017,2017/2018
FC Girondins Bordeaux,Isaac Kiese Thelin,25,Centre-Forward,RSC Anderlecht,"End of loanAug 29, 2017",in,Summer,0,Ligue 1,2017,2017/2018
FC Girondins Bordeaux,Frédéric Guilbert,22,Right-Back,SM Caen,"End of loanJun 30, 2017",in,Summer,0,Ligue 1,2017,2017/2018
FC Girondins Bordeaux,Kévin Soni,19,Centre-Forward,Pau FC,"End of loanJun 30, 2017",in,Summer,0,Ligue 1,2017,2017/2018
FC Girondins Bordeaux,Enzo Crivelli,22,Centre-Forward,SC Bastia,"End of loanJun 30, 2017",in,Summer,0,Ligue 1,2017,2017/2018
FC Girondins Bordeaux,Adam Ounas,20,Right Winger,SSC Napoli,£10.80m,out,Summer,10.8,Ligue 1,2017,2017/2018
FC Girondins Bordeaux,Enzo Crivelli,22,Centre-Forward,SCO Angers,£3.60m,out,Summer,3.6,Ligue 1,2017,2017/2018
FC Girondins Bordeaux,Thomas Touré,23,Left Winger,SCO Angers,£2.70m,out,Summer,2.7,Ligue 1,2017,2017/2018
FC Girondins Bordeaux,Isaac Kiese Thelin,25,Centre-Forward,RSC Anderlecht,£2.48m,out,Summer,2.48,Ligue 1,2017,2017/2018
FC Girondins Bordeaux,Nicolas Pallois,29,Centre-Back,FC Nantes,£1.80m,out,Summer,1.8,Ligue 1,2017,2017/2018
FC Girondins Bordeaux,Frédéric Guilbert,22,Right-Back,SM Caen,£1.35m,out,Summer,1.35,Ligue 1,2017,2017/2018
FC Girondins Bordeaux,Jérémy Ménez,30,Right Winger,Antalyaspor,£1.35m,out,Summer,1.35,Ligue 1,2017,2017/2018
FC Girondins Bordeaux,Mauro Arambarri,21,Central Midfield,Boston River,£900Th.,out,Summer,0.9,Ligue 1,2017,2017/2018
FC Girondins Bordeaux,Cédric Yambéré,26,Centre-Back,Dijon,£450Th.,out,Summer,0.45,Ligue 1,2017,2017/2018
FC Girondins Bordeaux,Jorris Romil,22,Left Midfield,Valenciennes FC,free transfer,out,Summer,NA,Ligue 1,2017,2017/2018
FC Girondins Bordeaux,Cédric Carrasso,35,Goalkeeper,Galatasaray,free transfer,out,Summer,NA,Ligue 1,2017,2017/2018
FC Girondins Bordeaux,Kévin Soni,19,Centre-Forward,CF Peralada,free transfer,out,Summer,NA,Ligue 1,2017,2017/2018
FC Girondins Bordeaux,Daniel Mancini,20,Right Winger,Tours FC,loan transfer,out,Summer,NA,Ligue 1,2017,2017/2018
FC Girondins Bordeaux,Aaron Boupendza,21,Centre-Forward,Pau FC,loan transfer,out,Summer,NA,Ligue 1,2017,2017/2018
FC Girondins Bordeaux,Paul Bernardoni,20,Goalkeeper,Clermont Foot,loan transfer,out,Summer,NA,Ligue 1,2017,2017/2018
FC Girondins Bordeaux,Diego Rolán,24,Centre-Forward,Málaga CF,loan transfer,out,Summer,NA,Ligue 1,2017,2017/2018
FC Girondins Bordeaux,Nicolas Maurice-Belay,32,Left Midfield,Without Club,-,out,Summer,0,Ligue 1,2017,2017/2018
FC Girondins Bordeaux,Abdou Traoré,29,Central Midfield,Without Club,-,out,Summer,0,Ligue 1,2017,2017/2018
FC Girondins Bordeaux,Vukasin Jovanovic,21,Centre-Back,Zenit S-Pb,"End of loanJun 30, 2017",out,Summer,0,Ligue 1,2017,2017/2018
FC Girondins Bordeaux,Youssouf Sabaly,24,Right-Back,Paris SG,"End of loanJun 30, 2017",out,Summer,0,Ligue 1,2017,2017/2018
SM Caen,Alexander Djiku,22,Centre-Back,SC Bastia,£1.80m,in,Summer,1.8,Ligue 1,2017,2017/2018
SM Caen,Frédéric Guilbert,22,Right-Back,G. Bordeaux,£1.35m,in,Summer,1.35,Ligue 1,2017,2017/2018
SM Caen,Stef Peeters,25,Central Midfield,Sint-Truiden,£1.22m,in,Summer,1.22,Ligue 1,2017,2017/2018
SM Caen,Jan Repas,20,Attacking Midfield,NK Domzale,£900Th.,in,Summer,0.9,Ligue 1,2017,2017/2018
SM Caen,Baissama Sankoh,25,Defensive Midfield,Guingamp,£450Th.,in,Summer,0.45,Ligue 1,2017,2017/2018
SM Caen,Brice Samba,23,Goalkeeper,Marseille,free transfer,in,Summer,NA,Ligue 1,2017,2017/2018
SM Caen,Adama Mbengue,23,Left-Back,Diambars FC,free transfer,in,Summer,NA,Ligue 1,2017,2017/2018
SM Caen,Youssef Aït Bennasser,21,Central Midfield,Monaco,loan transfer,in,Summer,NA,Ligue 1,2017,2017/2018
SM Caen,Yoël Armougom,19,Left-Back,SM Caen B,-,in,Summer,0,Ligue 1,2017,2017/2018
SM Caen,Jessy Deminguet,19,Central Midfield,SM Caen B,-,in,Summer,0,Ligue 1,2017,2017/2018
SM Caen,Durel Avounou,19,Central Midfield,SM Caen B,-,in,Summer,0,Ligue 1,2017,2017/2018
SM Caen,Jordan N'Kololo,24,Centre-Forward,Stade Lavallois,"End of loanJun 30, 2017",in,Summer,0,Ligue 1,2017,2017/2018
SM Caen,Christian Kouakou,26,Left Winger,Nîmes Olympique,"End of loanJun 30, 2017",in,Summer,0,Ligue 1,2017,2017/2018
SM Caen,Florian Le Joncour,22,Centre-Back,US Avranches,"End of loanJun 30, 2017",in,Summer,0,Ligue 1,2017,2017/2018
SM Caen,Jean-Victor Makengo,19,Central Midfield,OGC Nice,£5.40m,out,Summer,5.4,Ligue 1,2017,2017/2018
SM Caen,Jordan Adéoti,28,Defensive Midfield,AJ Auxerre,free transfer,out,Summer,NA,Ligue 1,2017,2017/2018
SM Caen,Alaeddine Yahia,35,Centre-Back,AS Nancy,free transfer,out,Summer,NA,Ligue 1,2017,2017/2018
SM Caen,Syam Ben Youssef,28,Centre-Back,Kasimpasa,free transfer,out,Summer,NA,Ligue 1,2017,2017/2018
SM Caen,Louis Deschateaux,20,Goalkeeper,US Alençon,free transfer,out,Summer,NA,Ligue 1,2017,2017/2018
SM Caen,Yann Karamoh,19,Left Winger,Inter,loan transfer,out,Summer,NA,Ligue 1,2017,2017/2018
SM Caen,Emmanuel Imorou,28,Left-Back,Cercle Brugge,loan transfer,out,Summer,NA,Ligue 1,2017,2017/2018
SM Caen,Pape Sané,25,Centre-Forward,AJ Auxerre,loan transfer,out,Summer,NA,Ligue 1,2017,2017/2018
SM Caen,Paul Reulet,23,Goalkeeper,US Boulogne,loan transfer,out,Summer,NA,Ligue 1,2017,2017/2018
SM Caen,Chaker Alhadhur,25,Left-Back,LB Châteauroux,loan transfer,out,Summer,NA,Ligue 1,2017,2017/2018
SM Caen,Steed Malbranque,37,Central Midfield,Career break,-,out,Summer,0,Ligue 1,2017,2017/2018
SM Caen,Nicolas Seube,37,Defensive Midfield,Retired,-,out,Summer,0,Ligue 1,2017,2017/2018
SM Caen,Frédéric Guilbert,22,Right-Back,G. Bordeaux,"End of loanJun 30, 2017",out,Summer,0,Ligue 1,2017,2017/2018
Dijon FCO,Benjamin Jeannot,25,Centre-Forward,FC Lorient,£1.80m,in,Summer,1.8,Ligue 1,2017,2017/2018
Dijon FCO,Wesley Saïd,22,Left Winger,Stade Rennais,£1.35m,in,Summer,1.35,Ligue 1,2017,2017/2018
Dijon FCO,Wesley Lautoa,29,Centre-Back,FC Lorient,£1.35m,in,Summer,1.35,Ligue 1,2017,2017/2018
Dijon FCO,Cédric Yambéré,26,Centre-Back,G. Bordeaux,£450Th.,in,Summer,0.45,Ligue 1,2017,2017/2018
Dijon FCO,Eden Massouema,20,Defensive Midfield,Paris FC,free transfer,in,Summer,NA,Ligue 1,2017,2017/2018
Dijon FCO,Xeka,22,Central Midfield,LOSC Lille,loan transfer,in,Summer,NA,Ligue 1,2017,2017/2018
Dijon FCO,Naïm Sliti,24,Left Winger,LOSC Lille,loan transfer,in,Summer,NA,Ligue 1,2017,2017/2018
Dijon FCO,Papy Djilobodji,28,Centre-Back,Sunderland,loan transfer,in,Summer,NA,Ligue 1,2017,2017/2018
Dijon FCO,Erwan Maury,21,Defensive Midfield,Quevilly Rouen,"End of loanJun 30, 2017",in,Summer,0,Ligue 1,2017,2017/2018
Dijon FCO,Enzo Basilio,22,Goalkeeper,Quevilly Rouen,"End of loanJun 30, 2017",in,Summer,0,Ligue 1,2017,2017/2018
Dijon FCO,Jessy Benet,22,Central Midfield,US Avranches,"End of loanJun 30, 2017",in,Summer,0,Ligue 1,2017,2017/2018
Dijon FCO,Mamadou Thiam,22,Centre-Forward,Clermont Foot,"End of loanJun 30, 2017",in,Summer,0,Ligue 1,2017,2017/2018
Dijon FCO,Loïs Diony,24,Centre-Forward,Saint-Étienne,£9.00m,out,Summer,9,Ligue 1,2017,2017/2018
Dijon FCO,Pierre Lees-Melou,24,Central Midfield,OGC Nice,£3.60m,out,Summer,3.6,Ligue 1,2017,2017/2018
Dijon FCO,Mamadou Thiam,22,Centre-Forward,Barnsley FC,£900Th.,out,Summer,0.9,Ligue 1,2017,2017/2018
Dijon FCO,Anthony Belmonte,21,Central Midfield,Levski Sofia,free transfer,out,Summer,NA,Ligue 1,2017,2017/2018
Dijon FCO,Jérémie Bela,24,Left Winger,Albacete,free transfer,out,Summer,NA,Ligue 1,2017,2017/2018
Dijon FCO,Jordan Lotiès,32,Centre-Back,KAS Eupen,free transfer,out,Summer,NA,Ligue 1,2017,2017/2018
Dijon FCO,Yohann Rivière,33,Centre-Forward,US Créteil-L,free transfer,out,Summer,NA,Ligue 1,2017,2017/2018
Dijon FCO,Jessy Benet,22,Central Midfield,Grenoble,loan transfer,out,Summer,NA,Ligue 1,2017,2017/2018
Dijon FCO,Enzo Basilio,22,Goalkeeper,Rodez AF,loan transfer,out,Summer,NA,Ligue 1,2017,2017/2018
Dijon FCO,Yunis Abdelhamid,29,Centre-Back,Stade Reims,?,out,Summer,NA,Ligue 1,2017,2017/2018
Dijon FCO,Marvin Martin,29,Attacking Midfield,LOSC Lille,"End of loanJun 30, 2017",out,Summer,0,Ligue 1,2017,2017/2018
EA Guingamp,Marcus Thuram,19,Left Winger,FC Sochaux,£540Th.,in,Summer,0.54,Ligue 1,2017,2017/2018
EA Guingamp,Pedro Rebocho,22,Left-Back,Benfica,£495Th.,in,Summer,0.495,Ligue 1,2017,2017/2018
EA Guingamp,Lebogang Phiri,22,Central Midfield,Bröndby IF,£203Th.,in,Summer,0.203,Ligue 1,2017,2017/2018
EA Guingamp,Denis Petric,29,Goalkeeper,SCO Angers,free transfer,in,Summer,NA,Ligue 1,2017,2017/2018
EA Guingamp,Franck Tabanou,28,Left-Back,Swansea,free transfer,in,Summer,NA,Ligue 1,2017,2017/2018
EA Guingamp,Abdoul Camara,27,Left Winger,Derby,free transfer,in,Summer,NA,Ligue 1,2017,2017/2018
EA Guingamp,Félix Eboa Eboa,20,Centre-Back,Paris SG B,free transfer,in,Summer,NA,Ligue 1,2017,2017/2018
EA Guingamp,Marc-Aurèle Caillard,23,Goalkeeper,Clermont Foot,?,in,Summer,NA,Ligue 1,2017,2017/2018
EA Guingamp,Cheick Traoré,22,Right-Back,LB Châteauroux,?,in,Summer,NA,Ligue 1,2017,2017/2018
EA Guingamp,Franck Héry,24,Centre-Back,Les Herbiers VF,"End of loanJun 30, 2017",in,Summer,0,Ligue 1,2017,2017/2018
EA Guingamp,Karim Achahbar,21,Left Winger,Quevilly Rouen,"End of loanJun 30, 2017",in,Summer,0,Ligue 1,2017,2017/2018
EA Guingamp,Alexandre Mendy,23,Centre-Forward,G. Bordeaux,£540Th.,out,Summer,0.54,Ligue 1,2017,2017/2018
EA Guingamp,Baissama Sankoh,25,Defensive Midfield,SM Caen,£450Th.,out,Summer,0.45,Ligue 1,2017,2017/2018
EA Guingamp,Nill De Pauw,27,Right Winger,Zulte Waregem,£315Th.,out,Summer,0.315,Ligue 1,2017,2017/2018
EA Guingamp,Romain Salin,33,Goalkeeper,Sporting CP,free transfer,out,Summer,NA,Ligue 1,2017,2017/2018
EA Guingamp,Franck Héry,24,Centre-Back,Les Herbiers VF,free transfer,out,Summer,NA,Ligue 1,2017,2017/2018
EA Guingamp,Dorian Lévêque,27,Left-Back,PAOK Salonika,free transfer,out,Summer,NA,Ligue 1,2017,2017/2018
EA Guingamp,Mathieu Bodmer,34,Defensive Midfield,Amiens SC,free transfer,out,Summer,NA,Ligue 1,2017,2017/2018
EA Guingamp,Johny Placide,29,Goalkeeper,Oldham Athletic,free transfer,out,Summer,NA,Ligue 1,2017,2017/2018
EA Guingamp,Théo Guivarch,21,Goalkeeper,Concarneau,loan transfer,out,Summer,NA,Ligue 1,2017,2017/2018
EA Guingamp,Cheick Traoré,22,Right-Back,LB Châteauroux,loan transfer,out,Summer,NA,Ligue 1,2017,2017/2018
EA Guingamp,Jérémy Livolant,19,Right Midfield,US Boulogne,loan transfer,out,Summer,NA,Ligue 1,2017,2017/2018
EA Guingamp,Reynald Lemaître,34,Left-Back,Without Club,-,out,Summer,0,Ligue 1,2017,2017/2018
EA Guingamp,Sullivan Martinet,21,Centre-Forward,EA Guingamp B,-,out,Summer,0,Ligue 1,2017,2017/2018
EA Guingamp,Marçal,28,Left-Back,Benfica,"End of loanJun 30, 2017",out,Summer,0,Ligue 1,2017,2017/2018
LOSC Lille,Nicolas Pépé,22,Right Winger,SCO Angers,£16.20m,in,Summer,16.2,Ligue 1,2017,2017/2018
LOSC Lille,Thiago Maia,20,Defensive Midfield,Santos FC,£12.60m,in,Summer,12.6,Ligue 1,2017,2017/2018
LOSC Lille,Luiz Araújo,21,Right Winger,São Paulo,£9.45m,in,Summer,9.45,Ligue 1,2017,2017/2018
LOSC Lille,Thiago Mendes,25,Defensive Midfield,São Paulo,£8.10m,in,Summer,8.1,Ligue 1,2017,2017/2018
LOSC Lille,Kévin Malcuit,25,Right-Back,Saint-Étienne,£8.10m,in,Summer,8.1,Ligue 1,2017,2017/2018
LOSC Lille,Xeka,22,Central Midfield,SC Braga,£4.50m,in,Summer,4.5,Ligue 1,2017,2017/2018
LOSC Lille,Nicolas de Préville,26,Centre-Forward,KV Oostende,£4.05m,in,Summer,4.05,Ligue 1,2017,2017/2018
LOSC Lille,Edgar Ié,23,Centre-Back,Belenenses,£3.15m,in,Summer,3.15,Ligue 1,2017,2017/2018
LOSC Lille,Naïm Sliti,24,Left Winger,Red Star FC,£1.80m,in,Summer,1.8,Ligue 1,2017,2017/2018
LOSC Lille,Adam Jakubech,20,Goalkeeper,Spartak Trnava,£900Th.,in,Summer,0.9,Ligue 1,2017,2017/2018
LOSC Lille,Boubakary Soumaré,18,Defensive Midfield,Paris SG B,free transfer,in,Summer,NA,Ligue 1,2017,2017/2018
LOSC Lille,Fodé Ballo-Touré,20,Left-Back,Paris SG B,free transfer,in,Summer,NA,Ligue 1,2017,2017/2018
LOSC Lille,Ezequiel Ponce,20,Centre-Forward,AS Roma,loan transfer,in,Summer,NA,Ligue 1,2017,2017/2018
LOSC Lille,Hervé Koffi,20,Goalkeeper,ASEC Mimosas,?,in,Summer,NA,Ligue 1,2017,2017/2018
LOSC Lille,Valère Pollet,20,Central Midfield,LOSC Lille B,-,in,Summer,0,Ligue 1,2017,2017/2018
LOSC Lille,Rominigue Kouamé,20,Central Midfield,LOSC Lille B,-,in,Summer,0,Ligue 1,2017,2017/2018
LOSC Lille,Imad Faraj,18,Right Winger,LOSC Lille B,-,in,Summer,0,Ligue 1,2017,2017/2018
LOSC Lille,Hamza Mendyl,19,Left-Back,LOSC Lille B,-,in,Summer,0,Ligue 1,2017,2017/2018
LOSC Lille,Junior Tallo,24,Centre-Forward,Amiens SC,"End of loanJun 30, 2017",in,Summer,0,Ligue 1,2017,2017/2018
LOSC Lille,Lenny Nangis,23,Left Winger,SC Bastia,"End of loanJun 30, 2017",in,Summer,0,Ligue 1,2017,2017/2018
LOSC Lille,Alexis Araujo,20,Attacking Midfield,USL Dunkerque,"End of loanJun 30, 2017",in,Summer,0,Ligue 1,2017,2017/2018
LOSC Lille,Marvin Martin,29,Attacking Midfield,Dijon,"End of loanJun 30, 2017",in,Summer,0,Ligue 1,2017,2017/2018
LOSC Lille,Baptiste Guillaume,22,Centre-Forward,R. Strasbourg,"End of loanJun 30, 2017",in,Summer,0,Ligue 1,2017,2017/2018
LOSC Lille,Soualiho Meïté,23,Defensive Midfield,Zulte Waregem,"End of loanJun 30, 2017",in,Summer,0,Ligue 1,2017,2017/2018
LOSC Lille,Nicolas de Préville,26,Centre-Forward,G. Bordeaux,£7.20m,out,Summer,7.2,Ligue 1,2017,2017/2018
LOSC Lille,Soualiho Meïté,23,Defensive Midfield,Zulte Waregem,£4.59m,out,Summer,4.59,Ligue 1,2017,2017/2018
LOSC Lille,Sébastien Corchia,26,Right-Back,Sevilla FC,£4.50m,out,Summer,4.5,Ligue 1,2017,2017/2018
LOSC Lille,Baptiste Guillaume,22,Centre-Forward,SCO Angers,£1.80m,out,Summer,1.8,Ligue 1,2017,2017/2018
LOSC Lille,Marvin Martin,29,Attacking Midfield,Stade Reims,free transfer,out,Summer,NA,Ligue 1,2017,2017/2018
LOSC Lille,Lenny Nangis,23,Left Winger,Valenciennes FC,free transfer,out,Summer,NA,Ligue 1,2017,2017/2018
LOSC Lille,Eric Bauthéac,30,Right Winger,Brisbane Roar,free transfer,out,Summer,NA,Ligue 1,2017,2017/2018
LOSC Lille,Rio Mavuba,33,Defensive Midfield,Sparta Prague,free transfer,out,Summer,NA,Ligue 1,2017,2017/2018
LOSC Lille,Naïm Sliti,24,Left Winger,Dijon,loan transfer,out,Summer,NA,Ligue 1,2017,2017/2018
LOSC Lille,Youssouf Koné,21,Left-Back,Stade Reims,loan transfer,out,Summer,NA,Ligue 1,2017,2017/2018
LOSC Lille,Jean Butez,22,Goalkeeper,Mouscron,loan transfer,out,Summer,NA,Ligue 1,2017,2017/2018
LOSC Lille,Alexis Araujo,20,Attacking Midfield,G. Ajaccio,loan transfer,out,Summer,NA,Ligue 1,2017,2017/2018
LOSC Lille,Martin Terrier,20,Left Winger,R. Strasbourg,loan transfer,out,Summer,NA,Ligue 1,2017,2017/2018
LOSC Lille,Xeka,22,Central Midfield,Dijon,loan transfer,out,Summer,NA,Ligue 1,2017,2017/2018
LOSC Lille,Gabriel,19,Centre-Back,Troyes,loan transfer,out,Summer,NA,Ligue 1,2017,2017/2018
LOSC Lille,Éder,29,Centre-Forward,Loko Moscow,loan transfer,out,Summer,NA,Ligue 1,2017,2017/2018
LOSC Lille,Julian Palmieri,30,Left-Back,Without Club,-,out,Summer,0,Ligue 1,2017,2017/2018
LOSC Lille,Junior Tallo,24,Centre-Forward,Without Club,-,out,Summer,0,Ligue 1,2017,2017/2018
LOSC Lille,Vincent Enyeama,34,Goalkeeper,LOSC Lille B,-,out,Summer,0,Ligue 1,2017,2017/2018
LOSC Lille,Franck Béria,34,Right-Back,Retired,-,out,Summer,0,Ligue 1,2017,2017/2018
LOSC Lille,Marko Basa,34,Centre-Back,Retired,-,out,Summer,0,Ligue 1,2017,2017/2018
LOSC Lille,Xeka,22,Central Midfield,SC Braga,"End of loanJun 30, 2017",out,Summer,0,Ligue 1,2017,2017/2018
LOSC Lille,Ricardo Kishna,22,Left Winger,Lazio,"End of loanJun 30, 2017",out,Summer,0,Ligue 1,2017,2017/2018
LOSC Lille,Naïm Sliti,24,Left Winger,Red Star FC,"End of loanJun 30, 2017",out,Summer,0,Ligue 1,2017,2017/2018
LOSC Lille,Nicolas de Préville,26,Centre-Forward,KV Oostende,"End of loanJun 30, 2017",out,Summer,0,Ligue 1,2017,2017/2018
LOSC Lille,Rony Lopes,21,Right Winger,Monaco,"End of loanJun 30, 2017",out,Summer,0,Ligue 1,2017,2017/2018
LOSC Lille,Stoppila Sunzu,27,Centre-Back,SH Shenhua,"End of loanJun 30, 2016",out,Summer,0,Ligue 1,2017,2017/2018
Olympique Lyon,Pape Cheikh,20,Central Midfield,Celta de Vigo,£9.00m,in,Summer,9,Ligue 1,2017,2017/2018
Olympique Lyon,Bertrand Traoré,21,Right Winger,Chelsea,£9.00m,in,Summer,9,Ligue 1,2017,2017/2018
Olympique Lyon,Mariano Díaz,23,Centre-Forward,Real Madrid,£7.20m,in,Summer,7.2,Ligue 1,2017,2017/2018
Olympique Lyon,Marcelo,30,Centre-Back,Besiktas,£6.30m,in,Summer,6.3,Ligue 1,2017,2017/2018
Olympique Lyon,Ferland Mendy,22,Left-Back,AC Le Havre,£4.50m,in,Summer,4.5,Ligue 1,2017,2017/2018
Olympique Lyon,Marçal,28,Left-Back,Benfica,£4.05m,in,Summer,4.05,Ligue 1,2017,2017/2018
Olympique Lyon,Kenny Tete,21,Right-Back,Ajax,£3.60m,in,Summer,3.6,Ligue 1,2017,2017/2018
Olympique Lyon,Tanguy Ndombélé,20,Central Midfield,Amiens SC,Loan fee:£1.80m,in,Summer,1.8,Ligue 1,2017,2017/2018
Olympique Lyon,Willem Geubbels,15,Left Winger,Olymp. Lyon U19,-,in,Summer,0,Ligue 1,2017,2017/2018
Olympique Lyon,Christopher Martins Pereira,20,Defensive Midfield,Olymp. Lyon B,-,in,Summer,0,Ligue 1,2017,2017/2018
Olympique Lyon,Amine Gouiri,17,Centre-Forward,Olymp. Lyon B,-,in,Summer,0,Ligue 1,2017,2017/2018
Olympique Lyon,Myziane Maolida,18,Left Winger,Olymp. Lyon U19,-,in,Summer,0,Ligue 1,2017,2017/2018
Olympique Lyon,Clément Grenier,26,Central Midfield,AS Roma,"End of loanJun 30, 2017",in,Summer,0,Ligue 1,2017,2017/2018
Olympique Lyon,Olivier Kemen,20,Central Midfield,G. Ajaccio,"End of loanJun 30, 2017",in,Summer,0,Ligue 1,2017,2017/2018
Olympique Lyon,Aldo Kalulu,21,Right Winger,Stade Rennais,"End of loanJun 30, 2017",in,Summer,0,Ligue 1,2017,2017/2018
Olympique Lyon,Louis Nganioni,22,Left-Back,Stade Brestois,"End of loanJun 30, 2017",in,Summer,0,Ligue 1,2017,2017/2018
Olympique Lyon,Romain Del Castillo,21,Right Winger,Bourg-en-Bresse,"End of loanJun 30, 2017",in,Summer,0,Ligue 1,2017,2017/2018
Olympique Lyon,Alexandre Lacazette,26,Centre-Forward,Arsenal,£47.70m,out,Summer,47.7,Ligue 1,2017,2017/2018
Olympique Lyon,Corentin Tolisso,22,Central Midfield,FC Bayern,£37.35m,out,Summer,37.35,Ligue 1,2017,2017/2018
Olympique Lyon,Emanuel Mammana,21,Centre-Back,Zenit S-Pb,£14.40m,out,Summer,14.4,Ligue 1,2017,2017/2018
Olympique Lyon,Maxime Gonalons,28,Defensive Midfield,AS Roma,£4.50m,out,Summer,4.5,Ligue 1,2017,2017/2018
Olympique Lyon,Maciej Rybus,27,Left-Back,Loko Moscow,£1.58m,out,Summer,1.58,Ligue 1,2017,2017/2018
Olympique Lyon,Mathieu Valbuena,32,Attacking Midfield,Fenerbahce,£1.35m,out,Summer,1.35,Ligue 1,2017,2017/2018
Olympique Lyon,Nicolas N'Koulou,27,Centre-Back,Torino,Loan fee:£450Th.,out,Summer,0.45,Ligue 1,2017,2017/2018
Olympique Lyon,Sergi Darder,23,Central Midfield,Espanyol,Loan fee:£270Th.,out,Summer,0.27,Ligue 1,2017,2017/2018
Olympique Lyon,Rachid Ghezzal,25,Right Winger,Monaco,free transfer,out,Summer,NA,Ligue 1,2017,2017/2018
Olympique Lyon,Jordy Gaspar,20,Right-Back,Monaco,free transfer,out,Summer,NA,Ligue 1,2017,2017/2018
Olympique Lyon,Christophe Jallet,33,Right-Back,OGC Nice,free transfer,out,Summer,NA,Ligue 1,2017,2017/2018
Olympique Lyon,Aldo Kalulu,21,Right Winger,FC Sochaux,loan transfer,out,Summer,NA,Ligue 1,2017,2017/2018
Olympique Lyon,Jean-Philippe Mateta,20,Centre-Forward,AC Le Havre,loan transfer,out,Summer,NA,Ligue 1,2017,2017/2018
Olympique Lyon,Olivier Kemen,20,Central Midfield,G. Ajaccio,loan transfer,out,Summer,NA,Ligue 1,2017,2017/2018
Olympique Lyon,Gaëtan Perrin,21,Right Midfield,US Orléans,loan transfer,out,Summer,NA,Ligue 1,2017,2017/2018
Olympique Lyon,Romain Del Castillo,21,Right Winger,Nîmes Olympique,loan transfer,out,Summer,NA,Ligue 1,2017,2017/2018
Olympique Lyon,Christopher Martins Pereira,20,Defensive Midfield,Bourg-en-Bresse,loan transfer,out,Summer,NA,Ligue 1,2017,2017/2018
Olympique Marseille,Konstantinos Mitroglou,29,Centre-Forward,Benfica,£13.50m,in,Summer,13.5,Ligue 1,2017,2017/2018
Olympique Marseille,Florian Thauvin,24,Right Winger,Newcastle,£9.90m,in,Summer,9.9,Ligue 1,2017,2017/2018
Olympique Marseille,Luiz Gustavo,29,Defensive Midfield,VfL Wolfsburg,£9.00m,in,Summer,9,Ligue 1,2017,2017/2018
Olympique Marseille,Valère Germain,27,Centre-Forward,Monaco,£7.20m,in,Summer,7.2,Ligue 1,2017,2017/2018
Olympique Marseille,Clinton N'Jie,23,Right Winger,Spurs,£6.30m,in,Summer,6.3,Ligue 1,2017,2017/2018
Olympique Marseille,Adil Rami,31,Centre-Back,Sevilla FC,£5.40m,in,Summer,5.4,Ligue 1,2017,2017/2018
Olympique Marseille,Steve Mandanda,32,Goalkeeper,Crystal Palace,£2.70m,in,Summer,2.7,Ligue 1,2017,2017/2018
Olympique Marseille,Jordan Amavi,23,Left-Back,Aston Villa,Loan fee:£1.80m,in,Summer,1.8,Ligue 1,2017,2017/2018
Olympique Marseille,Aymen Abdennour,28,Centre-Back,Valencia,loan transfer,in,Summer,NA,Ligue 1,2017,2017/2018
Olympique Marseille,Romain Cagnon,20,Goalkeeper,Without Club,-,in,Summer,0,Ligue 1,2017,2017/2018
Olympique Marseille,Boubacar Kamara,17,Defensive Midfield,Marseille B,-,in,Summer,0,Ligue 1,2017,2017/2018
Olympique Marseille,Gaël Andonian,22,Centre-Back,PAE Veria,"End of loanJun 30, 2017",in,Summer,0,Ligue 1,2017,2017/2018
Olympique Marseille,Baptiste Aloé,23,Centre-Back,Valenciennes FC,"End of loanJun 30, 2017",in,Summer,0,Ligue 1,2017,2017/2018
Olympique Marseille,Stéphane Sparagna,22,Centre-Back,AJ Auxerre,"End of loanJun 30, 2017",in,Summer,0,Ligue 1,2017,2017/2018
Olympique Marseille,Lucas Ocampos,22,Left Winger,AC Milan,"End of loanJun 30, 2017",in,Summer,0,Ligue 1,2017,2017/2018
Olympique Marseille,Julien Fabri,23,Goalkeeper,Bourg-en-Bresse,"End of loanJun 30, 2017",in,Summer,0,Ligue 1,2017,2017/2018
Olympique Marseille,Karim Rekik,22,Centre-Back,Hertha BSC,£2.25m,out,Summer,2.25,Ligue 1,2017,2017/2018
Olympique Marseille,Tomas Hubocan,31,Centre-Back,Trabzonspor,Loan fee:£225Th.,out,Summer,0.225,Ligue 1,2017,2017/2018
Olympique Marseille,Baptiste Aloé,23,Centre-Back,Valenciennes FC,free transfer,out,Summer,NA,Ligue 1,2017,2017/2018
Olympique Marseille,Julien Fabri,23,Goalkeeper,Stade Brestois,free transfer,out,Summer,NA,Ligue 1,2017,2017/2018
Olympique Marseille,Stéphane Sparagna,22,Centre-Back,Boavista,free transfer,out,Summer,NA,Ligue 1,2017,2017/2018
Olympique Marseille,Brice Samba,23,Goalkeeper,SM Caen,free transfer,out,Summer,NA,Ligue 1,2017,2017/2018
Olympique Marseille,Antoine Rabillard,21,Centre-Forward,AS Béziers,free transfer,out,Summer,NA,Ligue 1,2017,2017/2018
Olympique Marseille,Bill Tuiloma,22,Centre-Back,Portland,free transfer,out,Summer,NA,Ligue 1,2017,2017/2018
Olympique Marseille,Saîf-Eddine Khaoui,22,Attacking Midfield,Troyes,loan transfer,out,Summer,NA,Ligue 1,2017,2017/2018
Olympique Marseille,Rémy Cabella,27,Attacking Midfield,Saint-Étienne,loan transfer,out,Summer,NA,Ligue 1,2017,2017/2018
Olympique Marseille,Gaël Andonian,22,Centre-Back,Marseille B,-,out,Summer,0,Ligue 1,2017,2017/2018
Olympique Marseille,Abou Diaby,31,Central Midfield,Without Club,-,out,Summer,0,Ligue 1,2017,2017/2018
Olympique Marseille,William Vainqueur,28,Defensive Midfield,AS Roma,"End of loanJun 30, 2017",out,Summer,0,Ligue 1,2017,2017/2018
Olympique Marseille,Clinton N'Jie,23,Right Winger,Spurs,"End of loanJun 30, 2017",out,Summer,0,Ligue 1,2017,2017/2018
Olympique Marseille,Florian Thauvin,24,Right Winger,Newcastle,"End of loanJun 30, 2017",out,Summer,0,Ligue 1,2017,2017/2018
Olympique Marseille,Bafétimbi Gomis,31,Centre-Forward,Swansea,"End of loanJun 30, 2017",out,Summer,0,Ligue 1,2017,2017/2018
Olympique Marseille,Zinédine Machach,21,Defensive Midfield,Toulouse,"End of loanJun 30, 2017",out,Summer,0,Ligue 1,2017,2017/2018
Olympique Marseille,Aaron Leya Iseka,19,Centre-Forward,RSC Anderlecht,"End of loanJun 30, 2017",out,Summer,0,Ligue 1,2017,2017/2018
FC Metz,Philipp Wollscheid,28,Centre-Back,Stoke City,£2.25m,in,Summer,2.25,Ligue 1,2017,2017/2018
FC Metz,Emmanuel Rivière,27,Centre-Forward,Newcastle,£990Th.,in,Summer,0.99,Ligue 1,2017,2017/2018
FC Metz,Gerónimo Poblete,24,Defensive Midfield,CA Colon,free transfer,in,Summer,NA,Ligue 1,2017,2017/2018
FC Metz,Quentin Beunardeau,23,Goalkeeper,AFC Tubize,free transfer,in,Summer,NA,Ligue 1,2017,2017/2018
FC Metz,Moussa Niakhaté,21,Centre-Back,Valenciennes FC,?,in,Summer,NA,Ligue 1,2017,2017/2018
FC Metz,Ablie Jallow,18,Right Winger,Génération Foot,?,in,Summer,NA,Ligue 1,2017,2017/2018
FC Metz,Ibrahima Niane,18,Centre-Forward,Génération Foot,?,in,Summer,NA,Ligue 1,2017,2017/2018
FC Metz,Nolan Roux,29,Centre-Forward,Saint-Étienne,?,in,Summer,NA,Ligue 1,2017,2017/2018
FC Metz,Cafú,24,Central Midfield,FC Lorient,?,in,Summer,NA,Ligue 1,2017,2017/2018
FC Metz,Mathieu Dossevi,29,Right Winger,Standard Liège,loan transfer,in,Summer,NA,Ligue 1,2017,2017/2018
FC Metz,Brian Fernández,22,Centre-Forward,Racing Club,loan transfer,in,Summer,NA,Ligue 1,2017,2017/2018
FC Metz,Lemouya Goudiaby,20,Left-Back,FC Metz B,-,in,Summer,0,Ligue 1,2017,2017/2018
FC Metz,Théodore Efouba Ayissi,20,Right-Back,FC Metz B,-,in,Summer,0,Ligue 1,2017,2017/2018
FC Metz,Habib Diallo,22,Centre-Forward,Stade Brestois,"End of loanJun 30, 2017",in,Summer,0,Ligue 1,2017,2017/2018
FC Metz,Oumar Gonzalez,19,Centre-Back,SAS Epinal,"End of loanJun 30, 2017",in,Summer,0,Ligue 1,2017,2017/2018
FC Metz,Hamza Sakhi,21,Attacking Midfield,SAS Epinal,"End of loanJun 30, 2017",in,Summer,0,Ligue 1,2017,2017/2018
FC Metz,Médéric Deher,22,Right-Back,US Avranches,"End of loanJun 30, 2017",in,Summer,0,Ligue 1,2017,2017/2018
FC Metz,Lucas Toussaint,21,Defensive Midfield,RFC Seraing,"End of loanJun 30, 2017",in,Summer,0,Ligue 1,2017,2017/2018
FC Metz,Ismaïla Sarr,19,Right Winger,Stade Rennais,£15.30m,out,Summer,15.3,Ligue 1,2017,2017/2018
FC Metz,Simon Falette,25,Centre-Back,E. Frankfurt,£2.43m,out,Summer,2.43,Ligue 1,2017,2017/2018
FC Metz,Cheick Doukouré,24,Defensive Midfield,Levante,£1.44m,out,Summer,1.44,Ligue 1,2017,2017/2018
FC Metz,Georges Mandjeck,28,Defensive Midfield,Sparta Prague,£1.17m,out,Summer,1.17,Ligue 1,2017,2017/2018
FC Metz,David Oberhauser,26,Goalkeeper,Platanias,free transfer,out,Summer,NA,Ligue 1,2017,2017/2018
FC Metz,Guido Milán,30,Centre-Back,Tiburones Rojos,free transfer,out,Summer,NA,Ligue 1,2017,2017/2018
FC Metz,Médéric Deher,22,Right-Back,PAE Veria,free transfer,out,Summer,NA,Ligue 1,2017,2017/2018
FC Metz,Habib Diallo,22,Centre-Forward,Stade Brestois,loan transfer,out,Summer,NA,Ligue 1,2017,2017/2018
FC Metz,Hamza Sakhi,21,Attacking Midfield,AJ Auxerre,loan transfer,out,Summer,NA,Ligue 1,2017,2017/2018
FC Metz,Gauthier Hein,21,Right Winger,Tours FC,loan transfer,out,Summer,NA,Ligue 1,2017,2017/2018
FC Metz,Lucas Toussaint,21,Defensive Midfield,Pau FC,loan transfer,out,Summer,NA,Ligue 1,2017,2017/2018
FC Metz,Thibaut Vion,23,Right-Back,Chamois Niort,?,out,Summer,NA,Ligue 1,2017,2017/2018
FC Metz,Oumar Gonzalez,19,Centre-Back,Rodez AF,loan transfer,out,Summer,NA,Ligue 1,2017,2017/2018
FC Metz,Franck Signorino,35,Left-Back,Retired,-,out,Summer,0,Ligue 1,2017,2017/2018
FC Metz,Cheick Diabaté,29,Centre-Forward,Osmanlispor,"End of loanJun 30, 2017",out,Summer,0,Ligue 1,2017,2017/2018
FC Metz,Mevlüt Erdinc,30,Centre-Forward,Hannover 96,"End of loanJun 30, 2017",out,Summer,0,Ligue 1,2017,2017/2018
AS Monaco,Keita Baldé,22,Centre-Forward,Lazio,£27.00m,in,Summer,27,Ligue 1,2017,2017/2018
AS Monaco,Youri Tielemans,20,Central Midfield,RSC Anderlecht,£22.50m,in,Summer,22.5,Ligue 1,2017,2017/2018
AS Monaco,Terence Kongolo,23,Centre-Back,Feyenoord,£13.50m,in,Summer,13.5,Ligue 1,2017,2017/2018
AS Monaco,Stevan Jovetic,27,Centre-Forward,Inter,£9.45m,in,Summer,9.45,Ligue 1,2017,2017/2018
AS Monaco,Adama Diakhaby,21,Left Winger,Stade Rennais,£9.00m,in,Summer,9,Ligue 1,2017,2017/2018
AS Monaco,Soualiho Meïté,23,Defensive Midfield,Zulte Waregem,£7.20m,in,Summer,7.2,Ligue 1,2017,2017/2018
AS Monaco,Jordi Mboula,18,Right Winger,Barcelona U19,£2.70m,in,Summer,2.7,Ligue 1,2017,2017/2018
AS Monaco,Jordy Gaspar,20,Right-Back,Olympique Lyon,free transfer,in,Summer,NA,Ligue 1,2017,2017/2018
AS Monaco,Rachid Ghezzal,25,Right Winger,Olympique Lyon,free transfer,in,Summer,NA,Ligue 1,2017,2017/2018
AS Monaco,Diego Benaglio,33,Goalkeeper,VfL Wolfsburg,free transfer,in,Summer,NA,Ligue 1,2017,2017/2018
AS Monaco,Julien Serrano,19,Left-Back,Monaco B,-,in,Summer,0,Ligue 1,2017,2017/2018
AS Monaco,Rúben Vinagre,18,Left-Back,Monaco U19,-,in,Summer,0,Ligue 1,2017,2017/2018
AS Monaco,Irvin Cardona,19,Centre-Forward,Monaco B,-,in,Summer,0,Ligue 1,2017,2017/2018
AS Monaco,Gil Dias,20,Left-Back,Rio Ave FC,"End of loanJun 30, 2017",in,Summer,0,Ligue 1,2017,2017/2018
AS Monaco,Allan Saint-Maximin,20,Left Winger,SC Bastia,"End of loanJun 30, 2017",in,Summer,0,Ligue 1,2017,2017/2018
AS Monaco,Raphaël Diarra,22,Centre-Back,Cercle Brugge,"End of loanJun 30, 2017",in,Summer,0,Ligue 1,2017,2017/2018
AS Monaco,Corentin Jean,21,Centre-Forward,Toulouse,"End of loanJun 30, 2017",in,Summer,0,Ligue 1,2017,2017/2018
AS Monaco,Jonathan Mexique,22,Defensive Midfield,Red Star FC,"End of loanJun 30, 2017",in,Summer,0,Ligue 1,2017,2017/2018
AS Monaco,Lacina Traore,27,Centre-Forward,Sporting Gijón,"End of loanJun 30, 2017",in,Summer,0,Ligue 1,2017,2017/2018
AS Monaco,Adama Traoré,22,Central Midfield,Rio Ave FC,"End of loanJun 30, 2017",in,Summer,0,Ligue 1,2017,2017/2018
AS Monaco,Elderson,29,Left-Back,Sporting Gijón,"End of loanJun 30, 2017",in,Summer,0,Ligue 1,2017,2017/2018
AS Monaco,Rony Lopes,21,Right Winger,LOSC Lille,"End of loanJun 30, 2017",in,Summer,0,Ligue 1,2017,2017/2018
AS Monaco,Youssef Aït Bennasser,20,Central Midfield,AS Nancy,"End of loanJun 30, 2017",in,Summer,0,Ligue 1,2017,2017/2018
AS Monaco,Benjamin Mendy,23,Left-Back,Man City,£51.75m,out,Summer,51.75,Ligue 1,2017,2017/2018
AS Monaco,Bernardo Silva,22,Attacking Midfield,Man City,£45.00m,out,Summer,45,Ligue 1,2017,2017/2018
AS Monaco,Tiemoué Bakayoko,22,Defensive Midfield,Chelsea,£36.00m,out,Summer,36,Ligue 1,2017,2017/2018
AS Monaco,Allan Saint-Maximin,20,Left Winger,OGC Nice,£9.00m,out,Summer,9,Ligue 1,2017,2017/2018
AS Monaco,Valère Germain,27,Centre-Forward,Marseille,£7.20m,out,Summer,7.2,Ligue 1,2017,2017/2018
AS Monaco,Abdou Diallo,21,Left-Back,1.FSV Mainz 05,£4.50m,out,Summer,4.5,Ligue 1,2017,2017/2018
AS Monaco,Corentin Jean,21,Centre-Forward,Toulouse,£3.15m,out,Summer,3.15,Ligue 1,2017,2017/2018
AS Monaco,Nabil Dirar,31,Right Winger,Fenerbahce,£3.15m,out,Summer,3.15,Ligue 1,2017,2017/2018
AS Monaco,Irvin Cardona,19,Centre-Forward,Cercle Brugge,loan transfer,out,Summer,NA,Ligue 1,2017,2017/2018
AS Monaco,Jonathan Mexique,22,Defensive Midfield,Cercle Brugge,loan transfer,out,Summer,NA,Ligue 1,2017,2017/2018
AS Monaco,Youssef Aït Bennasser,21,Central Midfield,SM Caen,loan transfer,out,Summer,NA,Ligue 1,2017,2017/2018
AS Monaco,Kylian Mbappé,18,Centre-Forward,Paris SG,loan transfer,out,Summer,NA,Ligue 1,2017,2017/2018
AS Monaco,Lacina Traore,27,Centre-Forward,Amiens SC,loan transfer,out,Summer,NA,Ligue 1,2017,2017/2018
AS Monaco,Jordy Gaspar,20,Right-Back,Cercle Brugge,loan transfer,out,Summer,NA,Ligue 1,2017,2017/2018
AS Monaco,Rúben Vinagre,18,Left-Back,Wolves,loan transfer,out,Summer,NA,Ligue 1,2017,2017/2018
AS Monaco,Elderson,29,Left-Back,Sivasspor,loan transfer,out,Summer,NA,Ligue 1,2017,2017/2018
AS Monaco,Gil Dias,20,Left-Back,Fiorentina,loan transfer,out,Summer,NA,Ligue 1,2017,2017/2018
AS Monaco,Morgan De Sanctis,40,Goalkeeper,Retired,-,out,Summer,0,Ligue 1,2017,2017/2018
Montpellier HSC,Benjamin Lecomte,26,Goalkeeper,FC Lorient,£2.25m,in,Summer,2.25,Ligue 1,2017,2017/2018
Montpellier HSC,Giovanni Sio,28,Centre-Forward,Stade Rennais,£1.98m,in,Summer,1.98,Ligue 1,2017,2017/2018
Montpellier HSC,Pedro Mendes,26,Centre-Back,Stade Rennais,£900Th.,in,Summer,0.9,Ligue 1,2017,2017/2018
Montpellier HSC,Ruben Aguilar,24,Right-Back,AJ Auxerre,free transfer,in,Summer,NA,Ligue 1,2017,2017/2018
Montpellier HSC,Jérémie Porsan-Clémente,19,Centre-Forward,Marseille B,free transfer,in,Summer,NA,Ligue 1,2017,2017/2018
Montpellier HSC,Facundo Píriz,27,Defensive Midfield,Akhmat Grozny,loan transfer,in,Summer,NA,Ligue 1,2017,2017/2018
Montpellier HSC,Jonathan Ikoné,19,Right Winger,Paris SG,loan transfer,in,Summer,NA,Ligue 1,2017,2017/2018
Montpellier HSC,Junior Sambia,20,Right-Back,Chamois Niort,loan transfer,in,Summer,NA,Ligue 1,2017,2017/2018
Montpellier HSC,Bryan Passi,19,Centre-Back,Montpellier B,-,in,Summer,0,Ligue 1,2017,2017/2018
Montpellier HSC,Nicolas Cozza,18,Left-Back,Montpellier U19,-,in,Summer,0,Ligue 1,2017,2017/2018
Montpellier HSC,Dimitry Bertaud,19,Goalkeeper,Montpellier B,-,in,Summer,0,Ligue 1,2017,2017/2018
Montpellier HSC,Kévin Bérigaud,29,Centre-Forward,SCO Angers,"End of loanJun 30, 2017",in,Summer,0,Ligue 1,2017,2017/2018
Montpellier HSC,Steve Mounié,22,Centre-Forward,Huddersfield,£11.70m,out,Summer,11.7,Ligue 1,2017,2017/2018
Montpellier HSC,Ryad Boudebouz,27,Attacking Midfield,Real Betis,£6.30m,out,Summer,6.3,Ligue 1,2017,2017/2018
Montpellier HSC,Geoffrey Jourdren,31,Goalkeeper,AS Nancy,free transfer,out,Summer,NA,Ligue 1,2017,2017/2018
Montpellier HSC,Mamadou N'Diaye,22,Left-Back,US Avranches,free transfer,out,Summer,NA,Ligue 1,2017,2017/2018
Montpellier HSC,Alexandre Llovet,19,attack,Lusitanos,free transfer,out,Summer,NA,Ligue 1,2017,2017/2018
Montpellier HSC,Joris Marveaux,34,Defensive Midfield,G. Ajaccio,free transfer,out,Summer,NA,Ligue 1,2017,2017/2018
Montpellier HSC,Bryan Passi,20,Centre-Back,AC Le Havre,loan transfer,out,Summer,NA,Ligue 1,2017,2017/2018
Montpellier HSC,Jonathan Ligali,26,Goalkeeper,USL Dunkerque,loan transfer,out,Summer,NA,Ligue 1,2017,2017/2018
Montpellier HSC,Mathieu Deplagne,25,Right-Back,Troyes,?,out,Summer,NA,Ligue 1,2017,2017/2018
Montpellier HSC,Cédric Mongongu,28,Centre-Back,Without Club,-,out,Summer,0,Ligue 1,2017,2017/2018
Montpellier HSC,Yacouba Sylla,26,Defensive Midfield,Stade Rennais,"End of loanJun 30, 2017",out,Summer,0,Ligue 1,2017,2017/2018
Montpellier HSC,Jonathan Ikoné,19,Right Winger,Paris SG,"End of loanJun 30, 2017",out,Summer,0,Ligue 1,2017,2017/2018
FC Nantes,Kalifa Coulibaly,25,Centre-Forward,KAA Gent,£4.05m,in,Summer,4.05,Ligue 1,2017,2017/2018
FC Nantes,Ciprian Tatarusanu,31,Goalkeeper,Fiorentina,£2.25m,in,Summer,2.25,Ligue 1,2017,2017/2018
FC Nantes,Andrei Girotto,25,Centre-Back,Tombense,£2.07m,in,Summer,2.07,Ligue 1,2017,2017/2018
FC Nantes,Nicolas Pallois,29,Centre-Back,G. Bordeaux,£1.80m,in,Summer,1.8,Ligue 1,2017,2017/2018
FC Nantes,Santy Ngom,24,Centre-Forward,Suze-sur-Sarthe,free transfer,in,Summer,NA,Ligue 1,2017,2017/2018
FC Nantes,Joris Kayembe,22,Left-Back,FC Porto B,?,in,Summer,NA,Ligue 1,2017,2017/2018
FC Nantes,Yassine El Ghanassy,27,Left Winger,KV Oostende,?,in,Summer,NA,Ligue 1,2017,2017/2018
FC Nantes,Chidozie Awaziem,20,Centre-Back,FC Porto B,loan transfer,in,Summer,NA,Ligue 1,2017,2017/2018
FC Nantes,Rene Krhin,27,Central Midfield,Granada CF,loan transfer,in,Summer,NA,Ligue 1,2017,2017/2018
FC Nantes,David Alcibiade,25,Right-Back,Without Club,-,in,Summer,0,Ligue 1,2017,2017/2018
FC Nantes,Samuel Moutoussamy,21,Central Midfield,FC Nantes B,-,in,Summer,0,Ligue 1,2017,2017/2018
FC Nantes,Najib Gandi,23,Attacking Midfield,FC Nantes B,-,in,Summer,0,Ligue 1,2017,2017/2018
FC Nantes,Randal Kolo Muani,18,Centre-Forward,FC Nantes B,-,in,Summer,0,Ligue 1,2017,2017/2018
FC Nantes,Fernando Aristeguieta,25,Centre-Forward,Nacional,"End of loanJun 30, 2017",in,Summer,0,Ligue 1,2017,2017/2018
FC Nantes,Amine Harit,20,Attacking Midfield,FC Schalke 04,£7.20m,out,Summer,7.2,Ligue 1,2017,2017/2018
FC Nantes,Guillaume Gillet,33,Defensive Midfield,Olympiacos,£900Th.,out,Summer,0.9,Ligue 1,2017,2017/2018
FC Nantes,Rémy Riou,29,Goalkeeper,Alanyaspor,£900Th.,out,Summer,0.9,Ligue 1,2017,2017/2018
FC Nantes,Fernando Aristeguieta,25,Centre-Forward,Caracas FC,free transfer,out,Summer,NA,Ligue 1,2017,2017/2018
FC Nantes,Oswaldo Vizcarrondo,33,Centre-Back,Troyes,free transfer,out,Summer,NA,Ligue 1,2017,2017/2018
FC Nantes,Mariusz Stepinski,22,Centre-Forward,Chievo Verona,loan transfer,out,Summer,NA,Ligue 1,2017,2017/2018
FC Nantes,Sérgio Oliveira,25,Central Midfield,FC Porto,"End of loanJun 30, 2017",out,Summer,0,Ligue 1,2017,2017/2018
FC Nantes,Felipe Pardo,26,Right Winger,Olympiacos,"End of loanJun 30, 2017",out,Summer,0,Ligue 1,2017,2017/2018
OGC Nice,Allan Saint-Maximin,20,Left Winger,Monaco,£9.00m,in,Summer,9,Ligue 1,2017,2017/2018
OGC Nice,Jean-Victor Makengo,19,Central Midfield,SM Caen,£5.40m,in,Summer,5.4,Ligue 1,2017,2017/2018
OGC Nice,Pierre Lees-Melou,24,Central Midfield,Dijon,£3.60m,in,Summer,3.6,Ligue 1,2017,2017/2018
OGC Nice,Racine Coly,21,Left-Back,Brescia,£3.15m,in,Summer,3.15,Ligue 1,2017,2017/2018
OGC Nice,Adrien Tamèze,23,Defensive Midfield,Valenciennes FC,£720Th.,in,Summer,0.72,Ligue 1,2017,2017/2018
OGC Nice,Wesley Sneijder,33,Attacking Midfield,Galatasaray,free transfer,in,Summer,NA,Ligue 1,2017,2017/2018
OGC Nice,Christophe Jallet,33,Right-Back,Olympique Lyon,free transfer,in,Summer,NA,Ligue 1,2017,2017/2018
OGC Nice,Nampalys Mendy,25,Defensive Midfield,Leicester,loan transfer,in,Summer,NA,Ligue 1,2017,2017/2018
OGC Nice,Marlon,21,Centre-Back,Barcelona,loan transfer,in,Summer,NA,Ligue 1,2017,2017/2018
OGC Nice,Romain Perraud,19,Left-Back,OGC Nice B,-,in,Summer,0,Ligue 1,2017,2017/2018
OGC Nice,Mouez Hassen,22,Goalkeeper,Southampton,"End of loanJun 30, 2017",in,Summer,0,Ligue 1,2017,2017/2018
OGC Nice,Saïd Benrahma,21,Left Winger,G. Ajaccio,"End of loanJun 30, 2017",in,Summer,0,Ligue 1,2017,2017/2018
OGC Nice,Dorian Caddy,22,Centre-Forward,Clermont Foot,"End of loanJun 30, 2017",in,Summer,0,Ligue 1,2017,2017/2018
OGC Nice,Franck Honorat,20,Right Winger,FC Sochaux,"End of loanJun 30, 2017",in,Summer,0,Ligue 1,2017,2017/2018
OGC Nice,Dalbert,23,Left-Back,Inter,£18.90m,out,Summer,18.9,Ligue 1,2017,2017/2018
OGC Nice,Valentin Eysseric,25,Attacking Midfield,Fiorentina,£3.15m,out,Summer,3.15,Ligue 1,2017,2017/2018
OGC Nice,Franck Honorat,20,Right Winger,Clermont Foot,free transfer,out,Summer,NA,Ligue 1,2017,2017/2018
OGC Nice,Dorian Caddy,22,Centre-Forward,Quevilly Rouen,free transfer,out,Summer,NA,Ligue 1,2017,2017/2018
OGC Nice,Paul Baysse,29,Centre-Back,Málaga CF,free transfer,out,Summer,NA,Ligue 1,2017,2017/2018
OGC Nice,Alexy Bosetti,24,Centre-Forward,Stade Lavallois,free transfer,out,Summer,NA,Ligue 1,2017,2017/2018
OGC Nice,Olivier Boscagli,19,Centre-Back,Nîmes Olympique,loan transfer,out,Summer,NA,Ligue 1,2017,2017/2018
OGC Nice,Mouez Hassen,22,Goalkeeper,LB Châteauroux,loan transfer,out,Summer,NA,Ligue 1,2017,2017/2018
OGC Nice,Saïd Benrahma,21,Left Winger,LB Châteauroux,loan transfer,out,Summer,NA,Ligue 1,2017,2017/2018
OGC Nice,Simon Pouplin,33,Goalkeeper,Retired,-,out,Summer,0,Ligue 1,2017,2017/2018
OGC Nice,Bryan Constant,23,Centre-Forward,Without Club,-,out,Summer,0,Ligue 1,2017,2017/2018
OGC Nice,Mounir Obbadi,34,Central Midfield,Without Club,-,out,Summer,0,Ligue 1,2017,2017/2018
OGC Nice,Younès Belhanda,27,Attacking Midfield,Dynamo Kyiv,"End of loanJun 30, 2017",out,Summer,0,Ligue 1,2017,2017/2018
OGC Nice,Anastasios Donis,20,Centre-Forward,Juventus,"End of loanJun 30, 2017",out,Summer,0,Ligue 1,2017,2017/2018
OGC Nice,Ricardo Pereira,23,Right-Back,FC Porto,"End of loanJun 30, 2017",out,Summer,0,Ligue 1,2017,2017/2018
Paris Saint-Germain,Neymar,25,Left Winger,Barcelona,£199.80m,in,Summer,199.8,Ligue 1,2017,2017/2018
Paris Saint-Germain,Yuri Berchiche,27,Left-Back,Real Sociedad,£14.40m,in,Summer,14.4,Ligue 1,2017,2017/2018
Paris Saint-Germain,Dani Alves,34,Right-Back,Juventus,free transfer,in,Summer,NA,Ligue 1,2017,2017/2018
Paris Saint-Germain,Kylian Mbappé,18,Centre-Forward,Monaco,loan transfer,in,Summer,NA,Ligue 1,2017,2017/2018
Paris Saint-Germain,Rémy Descamps,21,Goalkeeper,Paris SG B,-,in,Summer,0,Ligue 1,2017,2017/2018
Paris Saint-Germain,Salvatore Sirigu,30,Goalkeeper,CA Osasuna,"End of loanJun 30, 2017",in,Summer,0,Ligue 1,2017,2017/2018
Paris Saint-Germain,Jesé,24,Centre-Forward,UD Las Palmas,"End of loanJun 30, 2017",in,Summer,0,Ligue 1,2017,2017/2018
Paris Saint-Germain,Jonathan Ikoné,19,Right Winger,Montpellier,"End of loanJun 30, 2017",in,Summer,0,Ligue 1,2017,2017/2018
Paris Saint-Germain,Jean-Christophe Bahebeck,24,Centre-Forward,Pescara,"End of loanJun 30, 2017",in,Summer,0,Ligue 1,2017,2017/2018
Paris Saint-Germain,Youssouf Sabaly,24,Right-Back,G. Bordeaux,"End of loanJun 30, 2017",in,Summer,0,Ligue 1,2017,2017/2018
Paris Saint-Germain,Serge Aurier,24,Right-Back,Spurs,£22.50m,out,Summer,22.5,Ligue 1,2017,2017/2018
Paris Saint-Germain,Blaise Matuidi,30,Central Midfield,Juventus,£22.50m,out,Summer,22.5,Ligue 1,2017,2017/2018
Paris Saint-Germain,Jean-Kévin Augustin,20,Centre-Forward,RB Leipzig,£14.40m,out,Summer,14.4,Ligue 1,2017,2017/2018
Paris Saint-Germain,Youssouf Sabaly,24,Right-Back,G. Bordeaux,£3.60m,out,Summer,3.6,Ligue 1,2017,2017/2018
Paris Saint-Germain,Salvatore Sirigu,30,Goalkeeper,Torino,free transfer,out,Summer,NA,Ligue 1,2017,2017/2018
Paris Saint-Germain,Odsonne Edouard,19,Centre-Forward,Celtic,loan transfer,out,Summer,NA,Ligue 1,2017,2017/2018
Paris Saint-Germain,Jonathan Ikoné,19,Right Winger,Montpellier,loan transfer,out,Summer,NA,Ligue 1,2017,2017/2018
Paris Saint-Germain,Jesé,24,Centre-Forward,Stoke City,loan transfer,out,Summer,NA,Ligue 1,2017,2017/2018
Paris Saint-Germain,Gonçalo Guedes,20,Left Winger,Valencia,loan transfer,out,Summer,NA,Ligue 1,2017,2017/2018
Paris Saint-Germain,Grzegorz Krychowiak,27,Defensive Midfield,West Brom,loan transfer,out,Summer,NA,Ligue 1,2017,2017/2018
Paris Saint-Germain,Jean-Christophe Bahebeck,24,Centre-Forward,FC Utrecht,loan transfer,out,Summer,NA,Ligue 1,2017,2017/2018
Paris Saint-Germain,Maxwell,35,Left-Back,Retired,-,out,Summer,0,Ligue 1,2017,2017/2018
Stade Rennais FC,Ismaïla Sarr,19,Right Winger,FC Metz,£15.30m,in,Summer,15.3,Ligue 1,2017,2017/2018
Stade Rennais FC,Faitout Maouassa,18,Left-Back,AS Nancy,£6.30m,in,Summer,6.3,Ligue 1,2017,2017/2018
Stade Rennais FC,Benjamin Bourigeaud,23,Central Midfield,Lens,£3.15m,in,Summer,3.15,Ligue 1,2017,2017/2018
Stade Rennais FC,Brandon Thomas,22,Centre-Forward,RCD Mallorca,£2.70m,in,Summer,2.7,Ligue 1,2017,2017/2018
Stade Rennais FC,Tomas Koubek,25,Goalkeeper,Sparta Prague,£2.70m,in,Summer,2.7,Ligue 1,2017,2017/2018
Stade Rennais FC,Hamari Traoré,25,Right-Back,Stade Reims,£2.16m,in,Summer,2.16,Ligue 1,2017,2017/2018
Stade Rennais FC,Jordan Tell,20,Centre-Forward,SM Caen B,free transfer,in,Summer,NA,Ligue 1,2017,2017/2018
Stade Rennais FC,Wahbi Khazri,26,Centre-Forward,Sunderland,loan transfer,in,Summer,NA,Ligue 1,2017,2017/2018
Stade Rennais FC,James Léa Siliki,21,Central Midfield,Rennes B,-,in,Summer,0,Ligue 1,2017,2017/2018
Stade Rennais FC,Sabri Toufiqui,20,Attacking Midfield,Rennes B,-,in,Summer,0,Ligue 1,2017,2017/2018
Stade Rennais FC,Jérémy Gélin,20,Centre-Back,Rennes B,-,in,Summer,0,Ligue 1,2017,2017/2018
Stade Rennais FC,Anthony Ribelin,21,Central Midfield,Paris FC,"End of loanJun 30, 2017",in,Summer,0,Ligue 1,2017,2017/2018
Stade Rennais FC,Kermit Erasmus,26,Centre-Forward,Lens,"End of loanJun 30, 2017",in,Summer,0,Ligue 1,2017,2017/2018
Stade Rennais FC,Yacouba Sylla,26,Defensive Midfield,Montpellier,"End of loanJun 30, 2017",in,Summer,0,Ligue 1,2017,2017/2018
Stade Rennais FC,Abdoulaye Diallo,25,Goalkeeper,C. Rizespor,"End of loanJun 30, 2017",in,Summer,0,Ligue 1,2017,2017/2018
Stade Rennais FC,Séga Coulibaly,21,Centre-Back,CS Sedan,"End of loanJun 30, 2017",in,Summer,0,Ligue 1,2017,2017/2018
Stade Rennais FC,Adama Diakhaby,21,Left Winger,Monaco,£9.00m,out,Summer,9,Ligue 1,2017,2017/2018
Stade Rennais FC,Giovanni Sio,28,Centre-Forward,Montpellier,£1.98m,out,Summer,1.98,Ligue 1,2017,2017/2018
Stade Rennais FC,Wesley Saïd,22,Left Winger,Dijon,£1.35m,out,Summer,1.35,Ligue 1,2017,2017/2018
Stade Rennais FC,Pedro Mendes,26,Centre-Back,Montpellier,£900Th.,out,Summer,0.9,Ligue 1,2017,2017/2018
Stade Rennais FC,Gelson Fernandes,30,Defensive Midfield,E. Frankfurt,£315Th.,out,Summer,0.315,Ligue 1,2017,2017/2018
Stade Rennais FC,Benoît Costil,29,Goalkeeper,G. Bordeaux,free transfer,out,Summer,NA,Ligue 1,2017,2017/2018
Stade Rennais FC,Ermir Lenjani,27,Left Midfield,FC Sion,free transfer,out,Summer,NA,Ligue 1,2017,2017/2018
Stade Rennais FC,Yacouba Sylla,26,Defensive Midfield,Panathinaikos,loan transfer,out,Summer,NA,Ligue 1,2017,2017/2018
Stade Rennais FC,Denis Will Poha,20,Central Midfield,US Orléans,loan transfer,out,Summer,NA,Ligue 1,2017,2017/2018
Stade Rennais FC,Clément Chantôme,29,Defensive Midfield,Lens,loan transfer,out,Summer,NA,Ligue 1,2017,2017/2018
Stade Rennais FC,Dimitri Cavaré,22,Right-Back,Barnsley FC,?,out,Summer,NA,Ligue 1,2017,2017/2018
Stade Rennais FC,Séga Coulibaly,21,Centre-Back,Rennes B,-,out,Summer,0,Ligue 1,2017,2017/2018
Stade Rennais FC,Sylvain Armand,36,Left-Back,Retired,-,out,Summer,0,Ligue 1,2017,2017/2018
Stade Rennais FC,Aldo Kalulu,21,Right Winger,Olympique Lyon,"End of loanJun 30, 2017",out,Summer,0,Ligue 1,2017,2017/2018
AS Saint-Étienne,Loïs Diony,24,Centre-Forward,Dijon,£9.00m,in,Summer,9,Ligue 1,2017,2017/2018
AS Saint-Étienne,Assane Dioussé,19,Defensive Midfield,Empoli,£4.50m,in,Summer,4.5,Ligue 1,2017,2017/2018
AS Saint-Étienne,Gabriel Silva,26,Left-Back,Udinese Calcio,£2.25m,in,Summer,2.25,Ligue 1,2017,2017/2018
AS Saint-Étienne,Jorginho,21,Left Winger,Arouca,£900Th.,in,Summer,0.9,Ligue 1,2017,2017/2018
AS Saint-Étienne,Alexandros Katranis,19,Left-Back,Atromitos Athen,£720Th.,in,Summer,0.72,Ligue 1,2017,2017/2018
AS Saint-Étienne,Saidy Janko,21,Right-Back,Celtic,?,in,Summer,NA,Ligue 1,2017,2017/2018
AS Saint-Étienne,Rémy Cabella,27,Attacking Midfield,Marseille,loan transfer,in,Summer,NA,Ligue 1,2017,2017/2018
AS Saint-Étienne,Hernani,23,Central Midfield,Zenit S-Pb,loan transfer,in,Summer,NA,Ligue 1,2017,2017/2018
AS Saint-Étienne,Alexis Guendouz,21,Goalkeeper,Saint-Étienne B,-,in,Summer,0,Ligue 1,2017,2017/2018
AS Saint-Étienne,Jonathan Bamba,21,Left Winger,SCO Angers,"End of loanJun 30, 2017",in,Summer,0,Ligue 1,2017,2017/2018
AS Saint-Étienne,Dylan Saint-Louis,22,Right Winger,Stade Lavallois,"End of loanJun 30, 2017",in,Summer,0,Ligue 1,2017,2017/2018
AS Saint-Étienne,Neal Maupay,20,Centre-Forward,Stade Brestois,"End of loanJun 30, 2017",in,Summer,0,Ligue 1,2017,2017/2018
AS Saint-Étienne,Kévin Malcuit,25,Right-Back,LOSC Lille,£8.10m,out,Summer,8.1,Ligue 1,2017,2017/2018
AS Saint-Étienne,Neal Maupay,20,Centre-Forward,Brentford,£1.80m,out,Summer,1.8,Ligue 1,2017,2017/2018
AS Saint-Étienne,Fabien Lemoine,30,Defensive Midfield,FC Lorient,£900Th.,out,Summer,0.9,Ligue 1,2017,2017/2018
AS Saint-Étienne,Jérémy Clément,32,Defensive Midfield,AS Nancy,free transfer,out,Summer,NA,Ligue 1,2017,2017/2018
AS Saint-Étienne,Benjamin Corgnet,30,Attacking Midfield,R. Strasbourg,free transfer,out,Summer,NA,Ligue 1,2017,2017/2018
AS Saint-Étienne,Dylan Saint-Louis,22,Right Winger,Paris FC,free transfer,out,Summer,NA,Ligue 1,2017,2017/2018
AS Saint-Étienne,Pierre-Yves Polomat,23,Left-Back,AJ Auxerre,loan transfer,out,Summer,NA,Ligue 1,2017,2017/2018
AS Saint-Étienne,Oussama Tannane,23,Attacking Midfield,UD Las Palmas,loan transfer,out,Summer,NA,Ligue 1,2017,2017/2018
AS Saint-Étienne,Arnaud Nordin,19,Left Winger,AS Nancy,loan transfer,out,Summer,NA,Ligue 1,2017,2017/2018
AS Saint-Étienne,Nolan Roux,29,Centre-Forward,FC Metz,?,out,Summer,NA,Ligue 1,2017,2017/2018
AS Saint-Étienne,Robert Beric,26,Centre-Forward,RSC Anderlecht,loan transfer,out,Summer,NA,Ligue 1,2017,2017/2018
AS Saint-Étienne,Jorginho,21,Left Winger,Chaves,loan transfer,out,Summer,NA,Ligue 1,2017,2017/2018
AS Saint-Étienne,Jorginho,21,Left Winger,Arouca,"End of loanJun 30, 2017",out,Summer,0,Ligue 1,2017,2017/2018
AS Saint-Étienne,Jordan Veretout,24,Central Midfield,Aston Villa,"End of loanJun 30, 2017",out,Summer,0,Ligue 1,2017,2017/2018
AS Saint-Étienne,Henri Saivet,26,Attacking Midfield,Newcastle,"End of loanJun 30, 2017",out,Summer,0,Ligue 1,2017,2017/2018
RC Strasbourg Alsace,Jonas Martin,27,Central Midfield,Real Betis,£1.35m,in,Summer,1.35,Ligue 1,2017,2017/2018
RC Strasbourg Alsace,Idriss Saadi,25,Centre-Forward,Cardiff,£1.35m,in,Summer,1.35,Ligue 1,2017,2017/2018
RC Strasbourg Alsace,Nuno Da Costa,26,Centre-Forward,Valenciennes FC,£1.35m,in,Summer,1.35,Ligue 1,2017,2017/2018
RC Strasbourg Alsace,Bingourou Kamara,20,Goalkeeper,Tours FC,£630Th.,in,Summer,0.63,Ligue 1,2017,2017/2018
RC Strasbourg Alsace,Benjamin Corgnet,30,Attacking Midfield,Saint-Étienne,free transfer,in,Summer,NA,Ligue 1,2017,2017/2018
RC Strasbourg Alsace,Kenny Lala,25,Right-Back,Lens,free transfer,in,Summer,NA,Ligue 1,2017,2017/2018
RC Strasbourg Alsace,Martin Terrier,20,Left Winger,LOSC Lille,loan transfer,in,Summer,NA,Ligue 1,2017,2017/2018
RC Strasbourg Alsace,Bakary Koné,29,Centre-Back,Málaga CF,loan transfer,in,Summer,NA,Ligue 1,2017,2017/2018
RC Strasbourg Alsace,Pablo Martinez,28,Centre-Back,SCO Angers,?,in,Summer,NA,Ligue 1,2017,2017/2018
RC Strasbourg Alsace,Dimitri Foulquier,24,Right-Back,Watford,loan transfer,in,Summer,NA,Ligue 1,2017,2017/2018
RC Strasbourg Alsace,Duplexe Tchamba,18,Centre-Back,R. Strasbourg B,-,in,Summer,0,Ligue 1,2017,2017/2018
RC Strasbourg Alsace,Oumar Pouye,29,Centre-Forward,Quevilly Rouen,"End of loanJun 30, 2017",in,Summer,0,Ligue 1,2017,2017/2018
RC Strasbourg Alsace,Abdelhak Belahmeur,25,Left Winger,US Créteil-L,"End of loanJun 30, 2017",in,Summer,0,Ligue 1,2017,2017/2018
RC Strasbourg Alsace,Massiré Kanté,28,Defensive Midfield,CS Sedan,"End of loanJun 30, 2017",in,Summer,0,Ligue 1,2017,2017/2018
RC Strasbourg Alsace,Hicham Benkaid,27,Centre-Forward,US Orléans,free transfer,out,Summer,NA,Ligue 1,2017,2017/2018
RC Strasbourg Alsace,Oumar Pouye,29,Centre-Forward,US Créteil-L,free transfer,out,Summer,NA,Ligue 1,2017,2017/2018
RC Strasbourg Alsace,Massiré Kanté,28,Defensive Midfield,FC Martigues,free transfer,out,Summer,NA,Ligue 1,2017,2017/2018
RC Strasbourg Alsace,Abdelhak Belahmeur,25,Left Winger,US Avranches,free transfer,out,Summer,NA,Ligue 1,2017,2017/2018
RC Strasbourg Alsace,Laurent Dos Santos,24,Right-Back,Valenciennes FC,free transfer,out,Summer,NA,Ligue 1,2017,2017/2018
RC Strasbourg Alsace,Khalid Boutaïb,30,Centre-Forward,Y. Malatyaspor,free transfer,out,Summer,NA,Ligue 1,2017,2017/2018
RC Strasbourg Alsace,Felipe Saad,33,Centre-Back,FC Lorient,free transfer,out,Summer,NA,Ligue 1,2017,2017/2018
RC Strasbourg Alsace,Mayoro N'Doye,25,Central Midfield,Tours FC,?,out,Summer,NA,Ligue 1,2017,2017/2018
RC Strasbourg Alsace,Steven Keller,NA,Centre-Back,Without Club,-,out,Summer,0,Ligue 1,2017,2017/2018
RC Strasbourg Alsace,Eric Marester,33,Right-Back,Retired,-,out,Summer,0,Ligue 1,2017,2017/2018
RC Strasbourg Alsace,Vincent Gragnic,34,Attacking Midfield,Without Club,-,out,Summer,0,Ligue 1,2017,2017/2018
RC Strasbourg Alsace,Corentin Schmittheissler,20,Goalkeeper,Without Club,-,out,Summer,0,Ligue 1,2017,2017/2018
RC Strasbourg Alsace,Baptiste Guillaume,22,Centre-Forward,LOSC Lille,"End of loanJun 30, 2017",out,Summer,0,Ligue 1,2017,2017/2018
FC Toulouse,Corentin Jean,21,Centre-Forward,Monaco,£3.15m,in,Summer,3.15,Ligue 1,2017,2017/2018
FC Toulouse,Yannick Cahuzac,32,Defensive Midfield,SC Bastia,free transfer,in,Summer,NA,Ligue 1,2017,2017/2018
FC Toulouse,Yaya Sanogo,24,Centre-Forward,Arsenal,free transfer,in,Summer,NA,Ligue 1,2017,2017/2018
FC Toulouse,Steven Fortes,25,Centre-Back,AC Le Havre,free transfer,in,Summer,NA,Ligue 1,2017,2017/2018
FC Toulouse,Max Gradel,29,Left Winger,Bournemouth,loan transfer,in,Summer,NA,Ligue 1,2017,2017/2018
FC Toulouse,Giannelli Imbula,24,Defensive Midfield,Stoke City,loan transfer,in,Summer,NA,Ligue 1,2017,2017/2018
FC Toulouse,Zinédine Machach,21,Defensive Midfield,Marseille,"End of loanJun 30, 2017",in,Summer,0,Ligue 1,2017,2017/2018
FC Toulouse,Aleksandar Pesic,25,Centre-Forward,Atalanta BC,"End of loanJun 30, 2017",in,Summer,0,Ligue 1,2017,2017/2018
FC Toulouse,Uros Spajic,24,Centre-Back,RSC Anderlecht,"End of loanJun 30, 2017",in,Summer,0,Ligue 1,2017,2017/2018
FC Toulouse,Dominik Furman,24,Central Midfield,Wisla Plock,"End of loanJun 30, 2017",in,Summer,0,Ligue 1,2017,2017/2018
FC Toulouse,Martin Braithwaite,26,Centre-Forward,Middlesbrough,£10.17m,out,Summer,10.17,Ligue 1,2017,2017/2018
FC Toulouse,Tongo Doumbia,27,Defensive Midfield,Dinamo Zagreb,£720Th.,out,Summer,0.72,Ligue 1,2017,2017/2018
FC Toulouse,Aleksandar Pesic,25,Centre-Forward,Red Star,£675Th.,out,Summer,0.675,Ligue 1,2017,2017/2018
FC Toulouse,Dominik Furman,24,Central Midfield,Wisla Plock,£135Th.,out,Summer,0.135,Ligue 1,2017,2017/2018
FC Toulouse,Óscar Trejo,29,Attacking Midfield,Rayo Vallecano,free transfer,out,Summer,NA,Ligue 1,2017,2017/2018
FC Toulouse,Dusan Veskovac,31,Centre-Back,Napredak,free transfer,out,Summer,NA,Ligue 1,2017,2017/2018
FC Toulouse,Jessy Pi,23,Defensive Midfield,Stade Brestois,loan transfer,out,Summer,NA,Ligue 1,2017,2017/2018
FC Toulouse,Uros Spajic,24,Centre-Back,RSC Anderlecht,?,out,Summer,NA,Ligue 1,2017,2017/2018
FC Toulouse,Pavle Ninkov,32,Right-Back,Without Club,-,out,Summer,0,Ligue 1,2017,2017/2018
FC Toulouse,Jean-Daniel Akpa Akpro,24,Central Midfield,Without Club,-,out,Summer,0,Ligue 1,2017,2017/2018
FC Toulouse,Pantxi Sirieix,36,Central Midfield,Retired,-,out,Summer,0,Ligue 1,2017,2017/2018
FC Toulouse,Dodi Lukébakio,19,Right Winger,RSC Anderlecht,"End of loanJun 30, 2017",out,Summer,0,Ligue 1,2017,2017/2018
FC Toulouse,Yrondu Musavu-King,25,Centre-Back,Udinese Calcio,"End of loanJun 30, 2017",out,Summer,0,Ligue 1,2017,2017/2018
FC Toulouse,Corentin Jean,21,Centre-Forward,Monaco,"End of loanJun 30, 2017",out,Summer,0,Ligue 1,2017,2017/2018
ESTAC Troyes,Oswaldo Vizcarrondo,33,Centre-Back,FC Nantes,free transfer,in,Summer,NA,Ligue 1,2017,2017/2018
ESTAC Troyes,Bryan Pelé,25,Left Midfield,Stade Brestois,free transfer,in,Summer,NA,Ligue 1,2017,2017/2018
ESTAC Troyes,Saîf-Eddine Khaoui,22,Attacking Midfield,Marseille,loan transfer,in,Summer,NA,Ligue 1,2017,2017/2018
ESTAC Troyes,Hyun-jun Suk,26,Centre-Forward,FC Porto,loan transfer,in,Summer,NA,Ligue 1,2017,2017/2018
ESTAC Troyes,François Bellugou,30,Defensive Midfield,FC Lorient,?,in,Summer,NA,Ligue 1,2017,2017/2018
ESTAC Troyes,Mathieu Deplagne,25,Right-Back,Montpellier,?,in,Summer,NA,Ligue 1,2017,2017/2018
ESTAC Troyes,Gabriel,19,Centre-Back,LOSC Lille,loan transfer,in,Summer,NA,Ligue 1,2017,2017/2018
ESTAC Troyes,Franck Grandel,39,Goalkeeper,US Boulogne,"End of loanJun 30, 2017",in,Summer,0,Ligue 1,2017,2017/2018
ESTAC Troyes,Thiago Xavier,33,Defensive Midfield,Valenciennes FC,free transfer,out,Summer,NA,Ligue 1,2017,2017/2018
ESTAC Troyes,Mour Paye,23,Centre-Forward,US Créteil-L,free transfer,out,Summer,NA,Ligue 1,2017,2017/2018
ESTAC Troyes,Randi Goteni,22,Defensive Midfield,AS Béziers,loan transfer,out,Summer,NA,Ligue 1,2017,2017/2018
ESTAC Troyes,Johan Martial,26,Centre-Back,M. Petah Tikva,?,out,Summer,NA,Ligue 1,2017,2017/2018
ESTAC Troyes,Franck Grandel,39,Goalkeeper,Retired,-,out,Summer,0,Ligue 1,2017,2017/2018
ESTAC Troyes,Mahamadou N'Diaye,26,Centre-Back,Without Club,-,out,Summer,0,Ligue 1,2017,2017/2018
ESTAC Troyes,Rincón,30,Centre-Back,Without Club,-,out,Summer,0,Ligue 1,2017,2017/2018
ESTAC Troyes,Yanis Hamzaoui,21,Central Midfield,Without Club,-,out,Summer,0,Ligue 1,2017,2017/2018
Amiens SC,Stiven Mendoza,25,Left Winger,Corinthians,£900Th.,in,Winter,0.9,Ligue 1,2017,2017/2018
Amiens SC,Réda Rabeï,23,Central Midfield,AS Lyon-Duchère,"End of loanDec 31, 2017",in,Winter,0,Ligue 1,2017,2017/2018
Amiens SC,Brighton Labeau,22,Centre-Forward,US Créteil-L,loan transfer,out,Winter,NA,Ligue 1,2017,2017/2018
Amiens SC,Réda Rabeï,23,Central Midfield,Juventus Buk.,loan transfer,out,Winter,NA,Ligue 1,2017,2017/2018
Amiens SC,Nathan,21,Attacking Midfield,Chelsea,"End of loanDec 31, 2017",out,Winter,0,Ligue 1,2017,2017/2018
SCO Angers,Prince Oniangué,29,Defensive Midfield,Wolves,loan transfer,in,Winter,NA,Ligue 1,2017,2017/2018
SCO Angers,Jeff Reine-Adélaïde,20,Attacking Midfield,Arsenal U23,loan transfer,in,Winter,NA,Ligue 1,2017,2017/2018
SCO Angers,Ludovic Butelle,34,Goalkeeper,Club Brugge,?,in,Winter,NA,Ligue 1,2017,2017/2018
SCO Angers,Yoane Wissa,21,Left Winger,AC Ajaccio,"End of loanJan 21, 2018",in,Winter,0,Ligue 1,2017,2017/2018
SCO Angers,Férébory Doré,29,Centre-Forward,Clermont Foot,"End of loanJan 31, 2018",in,Winter,0,Ligue 1,2017,2017/2018
SCO Angers,Yoane Wissa,21,Left Winger,FC Lorient,£1.80m,out,Winter,1.8,Ligue 1,2017,2017/2018
SCO Angers,Youcef Belaïli,25,Left Winger,Esperance,free transfer,out,Winter,NA,Ligue 1,2017,2017/2018
SCO Angers,Saliou Ciss,28,Left-Back,Valenciennes FC,loan transfer,out,Winter,NA,Ligue 1,2017,2017/2018
SCO Angers,Alexandre Letellier,27,Goalkeeper,BSC Young Boys,loan transfer,out,Winter,NA,Ligue 1,2017,2017/2018
SCO Angers,Enzo Crivelli,22,Centre-Forward,SM Caen,loan transfer,out,Winter,NA,Ligue 1,2017,2017/2018
SCO Angers,Mehdi Tahrat,27,Centre-Back,Valenciennes FC,loan transfer,out,Winter,NA,Ligue 1,2017,2017/2018
FC Girondins Bordeaux,Paul Baysse,29,Centre-Back,Málaga CF,£900Th.,in,Winter,0.9,Ligue 1,2017,2017/2018
FC Girondins Bordeaux,Soualiho Meïté,23,Defensive Midfield,Monaco,loan transfer,in,Winter,NA,Ligue 1,2017,2017/2018
FC Girondins Bordeaux,Martin Braithwaite,26,Centre-Forward,Middlesbrough,loan transfer,in,Winter,NA,Ligue 1,2017,2017/2018
FC Girondins Bordeaux,Pablo,26,Centre-Back,Corinthians,"End of loanDec 31, 2017",in,Winter,0,Ligue 1,2017,2017/2018
FC Girondins Bordeaux,Vukasin Jovanovic,21,Centre-Back,SD Eibar,loan transfer,out,Winter,NA,Ligue 1,2017,2017/2018
FC Girondins Bordeaux,Jérémy Toulalan,34,Defensive Midfield,Retired,-,out,Winter,0,Ligue 1,2017,2017/2018
FC Girondins Bordeaux,Matheus Pereira,19,Attacking Midfield,Juventus,"End of loanJan 31, 2018",out,Winter,0,Ligue 1,2017,2017/2018
SM Caen,Timo Stavitski,18,Right Winger,RoPS,£540Th.,in,Winter,0.54,Ligue 1,2017,2017/2018
SM Caen,Enzo Crivelli,22,Centre-Forward,SCO Angers,loan transfer,in,Winter,NA,Ligue 1,2017,2017/2018
SM Caen,Valentin Voisin,21,Defensive Midfield,US Avranches,loan transfer,out,Winter,NA,Ligue 1,2017,2017/2018
SM Caen,Jonathan Delaplace,31,Central Midfield,FC Lorient,?,out,Winter,NA,Ligue 1,2017,2017/2018
SM Caen,Jeff Louis,25,Attacking Midfield,Quevilly Rouen,loan transfer,out,Winter,NA,Ligue 1,2017,2017/2018
Dijon FCO,Ádám Lang,24,Centre-Back,AS Nancy,loan transfer,out,Winter,NA,Ligue 1,2017,2017/2018
Dijon FCO,Dylan Bahamboula,22,Attacking Midfield,G. Ajaccio,loan transfer,out,Winter,NA,Ligue 1,2017,2017/2018
EA Guingamp,Clément Grenier,27,Central Midfield,Olympique Lyon,free transfer,in,Winter,NA,Ligue 1,2017,2017/2018
EA Guingamp,Yeni N'Gbakoto,25,Right Winger,QPR,?,in,Winter,NA,Ligue 1,2017,2017/2018
EA Guingamp,Nathaël Julan,21,Centre-Forward,AC Le Havre,?,in,Winter,NA,Ligue 1,2017,2017/2018
EA Guingamp,Benjamin Angoua,31,Centre-Back,New England,"End of loanDec 31, 2017",in,Winter,0,Ligue 1,2017,2017/2018
EA Guingamp,Sloan Privat,28,Centre-Forward,Valenciennes FC,free transfer,out,Winter,NA,Ligue 1,2017,2017/2018
EA Guingamp,Karim Achahbar,22,Left Winger,AFC Tubize,loan transfer,out,Winter,NA,Ligue 1,2017,2017/2018
LOSC Lille,Lebo Mothiba,22,Centre-Forward,LOSC Lille B,-,in,Winter,0,Ligue 1,2017,2017/2018
LOSC Lille,Kouadio-Yves Dabila,21,Centre-Back,LOSC Lille B,-,in,Winter,0,Ligue 1,2017,2017/2018
LOSC Lille,Alexis Araujo,20,Attacking Midfield,G. Ajaccio,"End of loanNov 30, 2017",in,Winter,0,Ligue 1,2017,2017/2018
LOSC Lille,Gabriel,20,Centre-Back,Troyes,"End of loanFeb 14, 2018",in,Winter,0,Ligue 1,2017,2017/2018
LOSC Lille,Martin Terrier,20,Left Winger,R. Strasbourg,"End of loanJan 25, 2018",in,Winter,0,Ligue 1,2017,2017/2018
LOSC Lille,Youssouf Koné,22,Left-Back,Stade Reims,"End of loanJan 4, 2018",in,Winter,0,Ligue 1,2017,2017/2018
LOSC Lille,Gabriel,20,Centre-Back,Din. Zagreb II,"End of loanJun 30, 2018",in,Winter,0,Ligue 1,2017,2017/2018
LOSC Lille,Martin Terrier,20,Left Winger,Olympique Lyon,£9.90m,out,Winter,9.9,Ligue 1,2017,2017/2018
LOSC Lille,Alexis Araujo,20,Attacking Midfield,G. Ajaccio,free transfer,out,Winter,NA,Ligue 1,2017,2017/2018
LOSC Lille,Gabriel,20,Centre-Back,Din. Zagreb II,loan transfer,out,Winter,NA,Ligue 1,2017,2017/2018
Olympique Lyon,Martin Terrier,20,Left Winger,LOSC Lille,£9.90m,in,Winter,9.9,Ligue 1,2017,2017/2018
Olympique Lyon,Oumar Solet,17,Centre-Back,Stade Lavallois,Loan fee:£495Th.,in,Winter,0.495,Ligue 1,2017,2017/2018
Olympique Lyon,Gaëtan Perrin,21,Right Midfield,US Orléans,"End of loanJan 20, 2018",in,Winter,0,Ligue 1,2017,2017/2018
Olympique Lyon,Gaëtan Perrin,21,Right Midfield,US Orléans,free transfer,out,Winter,NA,Ligue 1,2017,2017/2018
Olympique Lyon,Clément Grenier,27,Central Midfield,Guingamp,free transfer,out,Winter,NA,Ligue 1,2017,2017/2018
Olympique Lyon,Martin Terrier,20,Left Winger,R. Strasbourg,loan transfer,out,Winter,NA,Ligue 1,2017,2017/2018
Olympique Marseille,Yusuf Sari,19,Right Winger,Marseille B,-,in,Winter,0,Ligue 1,2017,2017/2018
Olympique Marseille,Rod Fanni,36,Right-Back,Montreal,free transfer,out,Winter,NA,Ligue 1,2017,2017/2018
Olympique Marseille,Dória,23,Centre-Back,Y. Malatyaspor,loan transfer,out,Winter,NA,Ligue 1,2017,2017/2018
Olympique Marseille,Patrice Evra,36,Left-Back,Without Club,-,out,Winter,0,Ligue 1,2017,2017/2018
FC Metz,Danijel Milicevic,32,Attacking Midfield,KAA Gent,loan transfer,in,Winter,NA,Ligue 1,2017,2017/2018
FC Metz,Georges Mandjeck,29,Defensive Midfield,Sparta Prague,loan transfer,in,Winter,NA,Ligue 1,2017,2017/2018
FC Metz,Farid Boulaya,24,Attacking Midfield,Girona,loan transfer,in,Winter,NA,Ligue 1,2017,2017/2018
FC Metz,Julian Palmieri,30,Left-Back,Without Club,-,in,Winter,0,Ligue 1,2017,2017/2018
FC Metz,Hamza Sakhi,21,Attacking Midfield,AJ Auxerre,"End of loanApr 15, 2018",in,Winter,0,Ligue 1,2017,2017/2018
FC Metz,Chris Philipps,23,Defensive Midfield,Legia Warszawa,£225Th.,out,Winter,0.225,Ligue 1,2017,2017/2018
FC Metz,Hamza Sakhi,21,Attacking Midfield,AJ Auxerre,?,out,Winter,NA,Ligue 1,2017,2017/2018
FC Metz,Cafú,25,Central Midfield,Legia Warszawa,loan transfer,out,Winter,NA,Ligue 1,2017,2017/2018
FC Metz,Philipp Wollscheid,28,Centre-Back,Without Club,-,out,Winter,0,Ligue 1,2017,2017/2018
FC Metz,Brian Fernández,23,Centre-Forward,Racing Club,"End of loanDec 31, 2017",out,Winter,0,Ligue 1,2017,2017/2018
AS Monaco,Pietro Pellegri,16,Centre-Forward,Genoa,£18.81m,in,Winter,18.81,Ligue 1,2017,2017/2018
AS Monaco,Jonathan Mexique,22,Defensive Midfield,Cercle Brugge,"End of loanDec 31, 2017",in,Winter,0,Ligue 1,2017,2017/2018
AS Monaco,Elderson,30,Left-Back,Sivasspor,"End of loanJan 30, 2018",in,Winter,0,Ligue 1,2017,2017/2018
AS Monaco,Guido Carrillo,26,Centre-Forward,Southampton,£19.80m,out,Winter,19.8,Ligue 1,2017,2017/2018
AS Monaco,Jonathan Mexique,22,Defensive Midfield,Tours FC,loan transfer,out,Winter,NA,Ligue 1,2017,2017/2018
AS Monaco,Soualiho Meïté,23,Defensive Midfield,G. Bordeaux,loan transfer,out,Winter,NA,Ligue 1,2017,2017/2018
AS Monaco,Terence Kongolo,23,Centre-Back,Huddersfield,loan transfer,out,Winter,NA,Ligue 1,2017,2017/2018
AS Monaco,Elderson,30,Left-Back,Cercle Brugge,loan transfer,out,Winter,NA,Ligue 1,2017,2017/2018
Montpellier HSC,Ambroise Oyongo,26,Left-Back,Montreal,free transfer,in,Winter,NA,Ligue 1,2017,2017/2018
Montpellier HSC,Bryan Passi,20,Centre-Back,AC Le Havre,"End of loanJan 30, 2018",in,Winter,0,Ligue 1,2017,2017/2018
Montpellier HSC,Lukas Pokorny,24,Centre-Back,Slavia Prague,£720Th.,out,Winter,0.72,Ligue 1,2017,2017/2018
Montpellier HSC,William Rémy,26,Centre-Back,Legia Warszawa,free transfer,out,Winter,NA,Ligue 1,2017,2017/2018
Montpellier HSC,Kévin Bérigaud,29,Centre-Forward,Pafos FC,free transfer,out,Winter,NA,Ligue 1,2017,2017/2018
Montpellier HSC,Stéphane Sessègnon,33,Attacking Midfield,Genclerbirligi,?,out,Winter,NA,Ligue 1,2017,2017/2018
FC Nantes,Wilfried Moimbé,29,Left-Back,Oldham Athletic,free transfer,out,Winter,NA,Ligue 1,2017,2017/2018
FC Nantes,Alexandre Olliero,21,Goalkeeper,Chamois Niort,loan transfer,out,Winter,NA,Ligue 1,2017,2017/2018
FC Nantes,Anthony Walongwa,24,Centre-Back,Grenoble,loan transfer,out,Winter,NA,Ligue 1,2017,2017/2018
OGC Nice,Ihsan Sacko,20,Attacking Midfield,R. Strasbourg,£1.80m,in,Winter,1.8,Ligue 1,2017,2017/2018
OGC Nice,Vincent Koziello,22,Central Midfield,1. FC Köln,£2.70m,out,Winter,2.7,Ligue 1,2017,2017/2018
OGC Nice,Wesley Sneijder,33,Attacking Midfield,Al-Gharafa SC,free transfer,out,Winter,NA,Ligue 1,2017,2017/2018
OGC Nice,Gautier Lloris,22,Centre-Back,G. Ajaccio,loan transfer,out,Winter,NA,Ligue 1,2017,2017/2018
OGC Nice,Rémi Walter,22,Central Midfield,Troyes,loan transfer,out,Winter,NA,Ligue 1,2017,2017/2018
Paris Saint-Germain,Lassana Diarra,32,Defensive Midfield,Al-Jazira,free transfer,in,Winter,NA,Ligue 1,2017,2017/2018
Paris Saint-Germain,Lucas Moura,25,Right Winger,Spurs,£25.56m,out,Winter,25.56,Ligue 1,2017,2017/2018
Paris Saint-Germain,Rémy Descamps,21,Goalkeeper,Tours FC,loan transfer,out,Winter,NA,Ligue 1,2017,2017/2018
Stade Rennais FC,Diafra Sakho,28,Centre-Forward,West Ham,£9.00m,in,Winter,9,Ligue 1,2017,2017/2018
Stade Rennais FC,Rafik Guitane,18,Attacking Midfield,AC Le Havre,£7.20m,in,Winter,7.2,Ligue 1,2017,2017/2018
Stade Rennais FC,Yacouba Sylla,27,Defensive Midfield,Panathinaikos,"End of loanJan 8, 2018",in,Winter,0,Ligue 1,2017,2017/2018
Stade Rennais FC,Yacouba Sylla,27,Defensive Midfield,KV Mechelen,£675Th.,out,Winter,0.675,Ligue 1,2017,2017/2018
Stade Rennais FC,Kermit Erasmus,27,Centre-Forward,AFC Eskilstuna,free transfer,out,Winter,NA,Ligue 1,2017,2017/2018
Stade Rennais FC,Anthony Ribelin,21,Central Midfield,Entente SSG,loan transfer,out,Winter,NA,Ligue 1,2017,2017/2018
Stade Rennais FC,Firmin Mubele,23,Centre-Forward,Toulouse,loan transfer,out,Winter,NA,Ligue 1,2017,2017/2018
Stade Rennais FC,Jordan Tell,20,Centre-Forward,Valenciennes FC,loan transfer,out,Winter,NA,Ligue 1,2017,2017/2018
Stade Rennais FC,Afonso Figueiredo,25,Left-Back,Levski Sofia,loan transfer,out,Winter,NA,Ligue 1,2017,2017/2018
Stade Rennais FC,Rafik Guitane,18,Attacking Midfield,AC Le Havre,loan transfer,out,Winter,NA,Ligue 1,2017,2017/2018
Stade Rennais FC,Raïs M'Bolhi,31,Goalkeeper,Without Club,-,out,Winter,0,Ligue 1,2017,2017/2018
AS Saint-Étienne,Neven Subotic,29,Centre-Back,Bor. Dortmund,free transfer,in,Winter,NA,Ligue 1,2017,2017/2018
AS Saint-Étienne,Mathieu Debuchy,32,Right-Back,Arsenal,free transfer,in,Winter,NA,Ligue 1,2017,2017/2018
AS Saint-Étienne,Yann M'Vila,27,Defensive Midfield,Rubin Kazan,?,in,Winter,NA,Ligue 1,2017,2017/2018
AS Saint-Étienne,Paul-Georges Ntep,25,Right Winger,VfL Wolfsburg,loan transfer,in,Winter,NA,Ligue 1,2017,2017/2018
AS Saint-Étienne,Pierre-Yves Polomat,24,Left-Back,AJ Auxerre,"End of loanMar 31, 2018",in,Winter,0,Ligue 1,2017,2017/2018
AS Saint-Étienne,Robert Beric,26,Centre-Forward,RSC Anderlecht,"End of loanJan 3, 2018",in,Winter,0,Ligue 1,2017,2017/2018
AS Saint-Étienne,Oussama Tannane,23,Attacking Midfield,UD Las Palmas,"End of loanJan 31, 2018",in,Winter,0,Ligue 1,2017,2017/2018
AS Saint-Étienne,Bryan Dabo,25,Central Midfield,Fiorentina,£2.70m,out,Winter,2.7,Ligue 1,2017,2017/2018
AS Saint-Étienne,Alexander Söderlund,30,Centre-Forward,Rosenborg,£450Th.,out,Winter,0.45,Ligue 1,2017,2017/2018
AS Saint-Étienne,Florentin Pogba,27,Centre-Back,Genclerbirligi,?,out,Winter,NA,Ligue 1,2017,2017/2018
AS Saint-Étienne,Loïs Diony,25,Centre-Forward,Bristol City,loan transfer,out,Winter,NA,Ligue 1,2017,2017/2018
AS Saint-Étienne,Léo Lacroix,25,Centre-Back,FC Basel,loan transfer,out,Winter,NA,Ligue 1,2017,2017/2018
AS Saint-Étienne,Rayan Souici,19,Defensive Midfield,Entente SSG,loan transfer,out,Winter,NA,Ligue 1,2017,2017/2018
AS Saint-Étienne,Habib Maïga,22,Defensive Midfield,Arsenal Tula,loan transfer,out,Winter,NA,Ligue 1,2017,2017/2018
RC Strasbourg Alsace,Moataz Zemzemi,18,Left Midfield,Club Africain,£180Th.,in,Winter,0.18,Ligue 1,2017,2017/2018
RC Strasbourg Alsace,Martin Terrier,20,Left Winger,Olympique Lyon,loan transfer,in,Winter,NA,Ligue 1,2017,2017/2018
RC Strasbourg Alsace,Ihsan Sacko,20,Attacking Midfield,OGC Nice,£1.80m,out,Winter,1.8,Ligue 1,2017,2017/2018
RC Strasbourg Alsace,Martin Terrier,20,Left Winger,LOSC Lille,"End of loanJan 25, 2018",out,Winter,0,Ligue 1,2017,2017/2018
FC Toulouse,Firmin Mubele,23,Centre-Forward,Stade Rennais,loan transfer,in,Winter,NA,Ligue 1,2017,2017/2018
FC Toulouse,Zinédine Machach,22,Defensive Midfield,SSC Napoli,free transfer,out,Winter,NA,Ligue 1,2017,2017/2018
ESTAC Troyes,Rémi Walter,22,Central Midfield,OGC Nice,loan transfer,in,Winter,NA,Ligue 1,2017,2017/2018
ESTAC Troyes,Mory Koné,23,Centre-Back,Tours FC,loan transfer,out,Winter,NA,Ligue 1,2017,2017/2018
ESTAC Troyes,Jan Kaye,21,Centre-Forward,Troyes B,-,out,Winter,0,Ligue 1,2017,2017/2018
ESTAC Troyes,Gabriel,20,Centre-Back,LOSC Lille,"End of loanFeb 14, 2018",out,Winter,0,Ligue 1,2017,2017/2018
