club_name,player_name,age,position,club_involved_name,fee,transfer_movement,transfer_period,fee_cleaned,league_name,year,season
Vitória Guimarães SC,Sinisa Radanovic,27,Centre-Back,Hajduk Kula,£198Th.,in,Summer,0.198,Liga Nos,2007,2007/2008
Vitória Guimarães SC,Fajardo,28,Attacking Midfield,Naval,free transfer,in,Summer,NA,Liga Nos,2007,2007/2008
Vitória Guimarães SC,Márcio Martins,27,Centre-Back,GE Juventus-SC,free transfer,in,Summer,NA,Liga Nos,2007,2007/2008
Vitória Guimarães SC,Andrézinho,25,Right-Back,Vila Nova FC,free transfer,in,Summer,NA,Liga Nos,2007,2007/2008
Vitória Guimarães SC,Miljan Mrdakovic,25,Centre-Forward,M. Tel Aviv,free transfer,in,Summer,NA,Liga Nos,2007,2007/2008
Vitória Guimarães SC,João Alves,26,Central Midfield,Sporting CP,free transfer,in,Summer,NA,Liga Nos,2007,2007/2008
Vitória Guimarães SC,Carlitos,30,Right Winger,Belenenses,free transfer,in,Summer,NA,Liga Nos,2007,2007/2008
Vitória Guimarães SC,Alan,27,Right Winger,FC Porto,loan transfer,in,Summer,NA,Liga Nos,2007,2007/2008
Vitória Guimarães SC,Rabiola,18,Centre-Forward,FC Porto,loan transfer,in,Summer,NA,Liga Nos,2007,2007/2008
Vitória Guimarães SC,Felipe Conceição,27,Centre-Forward,Tupi FC,?,in,Summer,NA,Liga Nos,2007,2007/2008
Vitória Guimarães SC,Paulo Henrique,20,Defensive Midfield,JMalucelli,?,in,Summer,NA,Liga Nos,2007,2007/2008
Vitória Guimarães SC,Luciano Amaral,24,Left-Back,Villa Rio,loan transfer,in,Summer,NA,Liga Nos,2007,2007/2008
Vitória Guimarães SC,Tiago Ronaldo,17,Central Midfield,Guimarães U19,-,in,Summer,0,Liga Nos,2007,2007/2008
Vitória Guimarães SC,Vítor Pinto,21,Centre-Back,Maria da Fonte,"End of loanJun 30, 2007",in,Summer,0,Liga Nos,2007,2007/2008
Vitória Guimarães SC,Pelé,19,Central Midfield,Inter,£1.80m,out,Summer,1.8,Liga Nos,2007,2007/2008
Vitória Guimarães SC,Rabiola,17,Centre-Forward,FC Porto,£585Th.,out,Summer,0.585,Liga Nos,2007,2007/2008
Vitória Guimarães SC,Paulo Adriano,30,Defensive Midfield,FC Brasov,£360Th.,out,Summer,0.36,Liga Nos,2007,2007/2008
Vitória Guimarães SC,Bacari,23,Centre-Forward,AC Vila Meã,free transfer,out,Summer,NA,Liga Nos,2007,2007/2008
Vitória Guimarães SC,Amadou Dembelé,28,Defensive Midfield,Villemomble,free transfer,out,Summer,NA,Liga Nos,2007,2007/2008
Vitória Guimarães SC,Henrique,27,Centre-Forward,Santa Clara,free transfer,out,Summer,NA,Liga Nos,2007,2007/2008
Vitória Guimarães SC,Hélder Cabral,23,Left-Back,CF Estrela,free transfer,out,Summer,NA,Liga Nos,2007,2007/2008
Vitória Guimarães SC,Rissutt,30,Right-Back,Boavista,free transfer,out,Summer,NA,Liga Nos,2007,2007/2008
Vitória Guimarães SC,Vítor Moreno,26,Right-Back,CF Estrela,free transfer,out,Summer,NA,Liga Nos,2007,2007/2008
Vitória Guimarães SC,Vinícius,20,Centre-Back,Itaperuna-RJ,?,out,Summer,NA,Liga Nos,2007,2007/2008
Vitória Guimarães SC,Cristiano Brasília,29,Centre-Forward,Daejeon Citizen,?,out,Summer,NA,Liga Nos,2007,2007/2008
Vitória Guimarães SC,Oumar Tchomogo,29,Attacking Midfield,Without Club,-,out,Summer,0,Liga Nos,2007,2007/2008
Vitória Guimarães SC,Otacílio,34,Defensive Midfield,Retired,-,out,Summer,0,Liga Nos,2007,2007/2008
Vitória Guimarães SC,Pedro Franco,33,Centre-Back,Without Club,-,out,Summer,0,Liga Nos,2007,2007/2008
Vitória Guimarães SC,Anderson Costa,23,Centre-Forward,Dinamo Zagreb,"End of loanJun 30, 2007",out,Summer,0,Liga Nos,2007,2007/2008
FC Porto,Ernesto Farías,27,Centre-Forward,River Plate,£3.60m,in,Summer,3.6,Liga Nos,2007,2007/2008
FC Porto,Milan Stepanov,24,Centre-Back,Trabzonspor,£3.15m,in,Summer,3.15,Liga Nos,2007,2007/2008
FC Porto,Mario Bolatti,22,Defensive Midfield,Belgrano,£1.80m,in,Summer,1.8,Liga Nos,2007,2007/2008
FC Porto,Edgar Silva,20,Centre-Forward,Beira-Mar,£1.80m,in,Summer,1.8,Liga Nos,2007,2007/2008
FC Porto,Leandro Lima,21,Attacking Midfield,São Caetano,£1.35m,in,Summer,1.35,Liga Nos,2007,2007/2008
FC Porto,Przemyslaw Kazmierczak,25,Defensive Midfield,Pogon Szczecin,£1.26m,in,Summer,1.26,Liga Nos,2007,2007/2008
FC Porto,Mariano González,26,Right Midfield,US Palermo,Loan fee:£1.08m,in,Summer,1.08,Liga Nos,2007,2007/2008
FC Porto,Luis Aguiar,21,Central Midfield,Liverpool FC,£810Th.,in,Summer,0.81,Liga Nos,2007,2007/2008
FC Porto,Fernando,19,Defensive Midfield,Vila Nova FC,£648Th.,in,Summer,0.648,Liga Nos,2007,2007/2008
FC Porto,Rabiola,17,Centre-Forward,Vit. Guimarães,£585Th.,in,Summer,0.585,Liga Nos,2007,2007/2008
FC Porto,Jorge Fucile,22,Right-Back,Liverpool FC,£360Th.,in,Summer,0.36,Liga Nos,2007,2007/2008
FC Porto,Nuno Espírito Santo,33,Goalkeeper,Desportivo Aves,free transfer,in,Summer,NA,Liga Nos,2007,2007/2008
FC Porto,Lino,30,Left-Back,Coimbra,free transfer,in,Summer,NA,Liga Nos,2007,2007/2008
FC Porto,Jorge Monteiro,18,Left Winger,FC Porto U19,-,in,Summer,0,Liga Nos,2007,2007/2008
FC Porto,André Castro,19,Central Midfield,FC Porto U19,-,in,Summer,0,Liga Nos,2007,2007/2008
FC Porto,Hugo Ventura,19,Goalkeeper,FC Porto U19,-,in,Summer,0,Liga Nos,2007,2007/2008
FC Porto,Rui Pedro,18,Attacking Midfield,FC Porto U19,-,in,Summer,0,Liga Nos,2007,2007/2008
FC Porto,Daniel Candeias,19,Right Winger,FC Porto U19,-,in,Summer,0,Liga Nos,2007,2007/2008
FC Porto,Ukra,19,Right Winger,FC Porto U19,-,in,Summer,0,Liga Nos,2007,2007/2008
FC Porto,Hugo Almeida,23,Centre-Forward,Werder Bremen,"End of loanJun 30, 2007",in,Summer,0,Liga Nos,2007,2007/2008
FC Porto,Fatih Sonkaya,25,Right-Back,Coimbra,"End of loanJun 30, 2007",in,Summer,0,Liga Nos,2007,2007/2008
FC Porto,Luis Aguiar,22,Central Midfield,Coimbra,"End of loanMay 1, 2008",in,Summer,0,Liga Nos,2007,2007/2008
FC Porto,Leandro Bonfim,23,Attacking Midfield,Nacional,"End of loanJun 30, 2007",in,Summer,0,Liga Nos,2007,2007/2008
FC Porto,Paulo Ribeiro,23,Goalkeeper,Olhanense,"End of loanAug 1, 2007",in,Summer,0,Liga Nos,2007,2007/2008
FC Porto,João Pedro,19,Centre-Back,Portimonense,"End of loanJun 30, 2007",in,Summer,0,Liga Nos,2007,2007/2008
FC Porto,Zequinha,20,Second Striker,GD Tourizense,"End of loanJun 30, 2007",in,Summer,0,Liga Nos,2007,2007/2008
FC Porto,César Peixoto,27,Left Midfield,Espanyol,"End of loanJun 30, 2007",in,Summer,0,Liga Nos,2007,2007/2008
FC Porto,Steven Vitória,20,Centre-Back,GD Tourizense,"End of loanJun 30, 2007",in,Summer,0,Liga Nos,2007,2007/2008
FC Porto,Nuno André Coelho,21,Centre-Back,Standard Liège,"End of loanJun 30, 2007",in,Summer,0,Liga Nos,2007,2007/2008
FC Porto,Cláudio Pitbull,25,Centre-Forward,Coimbra,"End of loanJun 1, 2007",in,Summer,0,Liga Nos,2007,2007/2008
FC Porto,Bruno Vale,24,Goalkeeper,Leiria,"End of loanJun 30, 2007",in,Summer,0,Liga Nos,2007,2007/2008
FC Porto,Ivanildo,21,Right Winger,Leiria,"End of loanJun 30, 2007",in,Summer,0,Liga Nos,2007,2007/2008
FC Porto,Ezequias,26,Left-Back,Beira-Mar,"End of loanJun 30, 2007",in,Summer,0,Liga Nos,2007,2007/2008
FC Porto,Maciel,28,Right Winger,SC Braga,"End of loanJun 30, 2007",in,Summer,0,Liga Nos,2007,2007/2008
FC Porto,Bruno Gama,19,Left Winger,SC Braga,"End of loanJun 30, 2007",in,Summer,0,Liga Nos,2007,2007/2008
FC Porto,Areias,30,Left-Back,Celta de Vigo,"End of loanJun 30, 2007",in,Summer,0,Liga Nos,2007,2007/2008
FC Porto,Diogo Valente,22,Left Winger,Marítimo,"End of loanJun 30, 2007",in,Summer,0,Liga Nos,2007,2007/2008
FC Porto,Tarik Sektioui,30,Right Winger,RKC Waalwijk,"End of loanJun 30, 2007",in,Summer,0,Liga Nos,2007,2007/2008
FC Porto,Paulo Machado,21,Central Midfield,Leiria,"End of loanJun 1, 2007",in,Summer,0,Liga Nos,2007,2007/2008
FC Porto,Anderson,19,Central Midfield,Man Utd,£28.35m,out,Summer,28.35,Liga Nos,2007,2007/2008
FC Porto,Pepe,24,Centre-Back,Real Madrid,£27.00m,out,Summer,27,Liga Nos,2007,2007/2008
FC Porto,Ricardo Costa,26,Centre-Back,VfL Wolfsburg,£3.60m,out,Summer,3.6,Liga Nos,2007,2007/2008
FC Porto,Hugo Almeida,23,Centre-Forward,Werder Bremen,£3.15m,out,Summer,3.15,Liga Nos,2007,2007/2008
FC Porto,Ibson,23,Central Midfield,Flamengo,Loan fee:£630Th.,out,Summer,0.63,Liga Nos,2007,2007/2008
FC Porto,Areias,30,Left-Back,Belenenses,free transfer,out,Summer,NA,Liga Nos,2007,2007/2008
FC Porto,Maciel,28,Right Winger,Leiria,free transfer,out,Summer,NA,Liga Nos,2007,2007/2008
FC Porto,Leandro Bonfim,23,Attacking Midfield,Vasco da Gama,free transfer,out,Summer,NA,Liga Nos,2007,2007/2008
FC Porto,César Peixoto,27,Left Midfield,SC Braga,free transfer,out,Summer,NA,Liga Nos,2007,2007/2008
FC Porto,Tomislav Sokota,30,Centre-Forward,Dinamo Zagreb,free transfer,out,Summer,NA,Liga Nos,2007,2007/2008
FC Porto,João Pedro,19,Centre-Back,Penafiel,loan transfer,out,Summer,NA,Liga Nos,2007,2007/2008
FC Porto,Bruno Vale,24,Goalkeeper,Varzim,loan transfer,out,Summer,NA,Liga Nos,2007,2007/2008
FC Porto,Zequinha,20,Second Striker,Penafiel,loan transfer,out,Summer,NA,Liga Nos,2007,2007/2008
FC Porto,Rabiola,18,Centre-Forward,Vit. Guimarães,loan transfer,out,Summer,NA,Liga Nos,2007,2007/2008
FC Porto,Daniel Candeias,19,Right Winger,Varzim,loan transfer,out,Summer,NA,Liga Nos,2007,2007/2008
FC Porto,Ukra,19,Right Winger,Varzim,loan transfer,out,Summer,NA,Liga Nos,2007,2007/2008
FC Porto,Fernando,20,Defensive Midfield,CF Estrela,loan transfer,out,Summer,NA,Liga Nos,2007,2007/2008
FC Porto,Nuno André Coelho,21,Centre-Back,Portimonense,loan transfer,out,Summer,NA,Liga Nos,2007,2007/2008
FC Porto,Vieirinha,21,Left-Back,Leixões,loan transfer,out,Summer,NA,Liga Nos,2007,2007/2008
FC Porto,Alan,27,Right Winger,Vit. Guimarães,loan transfer,out,Summer,NA,Liga Nos,2007,2007/2008
FC Porto,Jorge Monteiro,18,Left Winger,GD Ribeirão,loan transfer,out,Summer,NA,Liga Nos,2007,2007/2008
FC Porto,Paulo Machado,21,Central Midfield,Leixões,loan transfer,out,Summer,NA,Liga Nos,2007,2007/2008
FC Porto,Diogo Valente,22,Left Winger,Leixões,loan transfer,out,Summer,NA,Liga Nos,2007,2007/2008
FC Porto,Jorginho,30,Attacking Midfield,SC Braga,?,out,Summer,NA,Liga Nos,2007,2007/2008
FC Porto,Ezequias,26,Left-Back,Leixões,loan transfer,out,Summer,NA,Liga Nos,2007,2007/2008
FC Porto,Steven Vitória,20,Centre-Back,Olhanense,loan transfer,out,Summer,NA,Liga Nos,2007,2007/2008
FC Porto,Wason Rentería,21,Centre-Forward,R. Strasbourg,loan transfer,out,Summer,NA,Liga Nos,2007,2007/2008
FC Porto,Paulo Ribeiro,23,Goalkeeper,Olhanense,loan transfer,out,Summer,NA,Liga Nos,2007,2007/2008
FC Porto,Luis Aguiar,21,Central Midfield,CF Estrela,loan transfer,out,Summer,NA,Liga Nos,2007,2007/2008
FC Porto,Lucas Mareque,24,Left-Back,Independiente,loan transfer,out,Summer,NA,Liga Nos,2007,2007/2008
FC Porto,Fatih Sonkaya,26,Right-Back,Roda JC,loan transfer,out,Summer,NA,Liga Nos,2007,2007/2008
FC Porto,Bruno Gama,19,Left Winger,Vitória Setúbal,loan transfer,out,Summer,NA,Liga Nos,2007,2007/2008
FC Porto,Ivanildo,21,Right Winger,Coimbra,loan transfer,out,Summer,NA,Liga Nos,2007,2007/2008
FC Porto,Cláudio Pitbull,25,Centre-Forward,Vitória Setúbal,loan transfer,out,Summer,NA,Liga Nos,2007,2007/2008
FC Porto,Vítor Baía,37,Goalkeeper,Retired,-,out,Summer,0,Liga Nos,2007,2007/2008
FC Porto,Jorge Fucile,22,Right-Back,Liverpool FC,"End of loanJun 30, 2007",out,Summer,0,Liga Nos,2007,2007/2008
Sporting CP,Milan Purovic,22,Centre-Forward,Red Star,£1.93m,in,Summer,1.93,Liga Nos,2007,2007/2008
Sporting CP,Simon Vukcevic,21,Right Winger,Saturn,£1.80m,in,Summer,1.8,Liga Nos,2007,2007/2008
Sporting CP,Celsinho,18,Attacking Midfield,Loko Moscow,£1.80m,in,Summer,1.8,Liga Nos,2007,2007/2008
Sporting CP,Vladimir Stojkovic,23,Goalkeeper,FC Nantes,£1.80m,in,Summer,1.8,Liga Nos,2007,2007/2008
Sporting CP,Leandro Romagnoli,26,Attacking Midfield,Tiburones Rojos,£1.35m,in,Summer,1.35,Liga Nos,2007,2007/2008
Sporting CP,Marat Izmailov,24,Central Midfield,Loko Moscow,Loan fee:£225Th.,in,Summer,0.225,Liga Nos,2007,2007/2008
Sporting CP,Gladstone,22,Centre-Back,Cruzeiro,Loan fee:£225Th.,in,Summer,0.225,Liga Nos,2007,2007/2008
Sporting CP,Pedro Silva,26,Right-Back,Corinthians,£180Th.,in,Summer,0.18,Liga Nos,2007,2007/2008
Sporting CP,Marián Had,24,Centre-Back,Loko Moscow,Loan fee:£90Th.,in,Summer,0.09,Liga Nos,2007,2007/2008
Sporting CP,Derlei,31,Centre-Forward,Dinamo Moscow,free transfer,in,Summer,NA,Liga Nos,2007,2007/2008
Sporting CP,Luis Páez,17,Centre-Forward,Tacuary FBC,?,in,Summer,NA,Liga Nos,2007,2007/2008
Sporting CP,Alison Almeida,19,Centre-Forward,Sporting U19,-,in,Summer,0,Liga Nos,2007,2007/2008
Sporting CP,Tiago Pinto,19,Left-Back,Sporting U19,-,in,Summer,0,Liga Nos,2007,2007/2008
Sporting CP,João Martins,19,Attacking Midfield,Sporting U19,-,in,Summer,0,Liga Nos,2007,2007/2008
Sporting CP,Daniel Carriço,18,Centre-Back,Sporting U19,-,in,Summer,0,Liga Nos,2007,2007/2008
Sporting CP,Yannick Pupo,19,Attacking Midfield,Sporting U19,-,in,Summer,0,Liga Nos,2007,2007/2008
Sporting CP,Fábio Paim,19,Right Midfield,Sporting U19,-,in,Summer,0,Liga Nos,2007,2007/2008
Sporting CP,Marcelo Labarthe,22,Defensive Midfield,Vitória Setúbal,"End of loanJun 30, 2007",in,Summer,0,Liga Nos,2007,2007/2008
Sporting CP,Mário Felgueiras,20,Goalkeeper,Espinho,"End of loanJun 30, 2007",in,Summer,0,Liga Nos,2007,2007/2008
Sporting CP,Zezinando,20,Attacking Midfield,Estoril Praia,"End of loanJun 30, 2007",in,Summer,0,Liga Nos,2007,2007/2008
Sporting CP,Douala,28,Left Winger,Portsmouth,"End of loanJun 30, 2007",in,Summer,0,Liga Nos,2007,2007/2008
Sporting CP,Wender,32,Left Winger,SC Braga,"End of loanJun 30, 2007",in,Summer,0,Liga Nos,2007,2007/2008
Sporting CP,Tomané,20,Centre-Forward,Barreirense,"End of loanJun 30, 2007",in,Summer,0,Liga Nos,2007,2007/2008
Sporting CP,Emídio Rafael,21,Left-Back,Real SC,"End of loanJun 30, 2007",in,Summer,0,Liga Nos,2007,2007/2008
Sporting CP,Silvestre Varela,22,Left Winger,Vitória Setúbal,"End of loanJun 30, 2007",in,Summer,0,Liga Nos,2007,2007/2008
Sporting CP,Luís Loureiro,30,Defensive Midfield,CF Estrela,"End of loanJun 30, 2007",in,Summer,0,Liga Nos,2007,2007/2008
Sporting CP,Carlos Saleiro,21,Centre-Forward,Olivais,"End of loanJun 30, 2007",in,Summer,0,Liga Nos,2007,2007/2008
Sporting CP,Celestino,20,Defensive Midfield,Olivais,"End of loanJun 30, 2007",in,Summer,0,Liga Nos,2007,2007/2008
Sporting CP,André Marques,19,Left-Back,Olivais,"End of loanJun 30, 2007",in,Summer,0,Liga Nos,2007,2007/2008
Sporting CP,Paulo Sérgio,23,Attacking Midfield,Desportivo Aves,"End of loanJun 30, 2007",in,Summer,0,Liga Nos,2007,2007/2008
Sporting CP,Paulo Renato,20,Centre-Back,Real SC,"End of loanJun 30, 2007",in,Summer,0,Liga Nos,2007,2007/2008
Sporting CP,Nani,20,Left Winger,Man Utd,£22.95m,out,Summer,22.95,Liga Nos,2007,2007/2008
Sporting CP,Ricardo,31,Goalkeeper,Real Betis,£3.60m,out,Summer,3.6,Liga Nos,2007,2007/2008
Sporting CP,Carlos Martins,25,Attacking Midfield,Recr. Huelva,£1.98m,out,Summer,1.98,Liga Nos,2007,2007/2008
Sporting CP,Custódio,24,Defensive Midfield,Dinamo Moscow,£1.35m,out,Summer,1.35,Liga Nos,2007,2007/2008
Sporting CP,Miguel Garcia,24,Right-Back,Reggina,free transfer,out,Summer,NA,Liga Nos,2007,2007/2008
Sporting CP,Emídio Rafael,21,Left-Back,Portimonense,free transfer,out,Summer,NA,Liga Nos,2007,2007/2008
Sporting CP,Rodrigo Tello,27,Left Midfield,Besiktas,free transfer,out,Summer,NA,Liga Nos,2007,2007/2008
Sporting CP,Douala,28,Left Winger,Saint-Étienne,free transfer,out,Summer,NA,Liga Nos,2007,2007/2008
Sporting CP,Tomané,20,Centre-Forward,Villarreal CF B,free transfer,out,Summer,NA,Liga Nos,2007,2007/2008
Sporting CP,Mário Felgueiras,20,Goalkeeper,Portimonense,free transfer,out,Summer,NA,Liga Nos,2007,2007/2008
Sporting CP,Luís Loureiro,30,Defensive Midfield,Anorthosis,free transfer,out,Summer,NA,Liga Nos,2007,2007/2008
Sporting CP,João Alves,26,Central Midfield,Vit. Guimarães,free transfer,out,Summer,NA,Liga Nos,2007,2007/2008
Sporting CP,João Martins,19,Attacking Midfield,Olhanense,loan transfer,out,Summer,NA,Liga Nos,2007,2007/2008
Sporting CP,Marcelo Labarthe,22,Defensive Midfield,Grêmio,loan transfer,out,Summer,NA,Liga Nos,2007,2007/2008
Sporting CP,Celestino,20,Defensive Midfield,Estoril Praia,loan transfer,out,Summer,NA,Liga Nos,2007,2007/2008
Sporting CP,Silvestre Varela,22,Left Winger,Recr. Huelva,loan transfer,out,Summer,NA,Liga Nos,2007,2007/2008
Sporting CP,Tiago Pinto,19,Left-Back,Olivais,loan transfer,out,Summer,NA,Liga Nos,2007,2007/2008
Sporting CP,Wender,32,Left Winger,SC Braga,?,out,Summer,NA,Liga Nos,2007,2007/2008
Sporting CP,Tiago Felipe Dos Santos,20,Centre-Back,FC Lugano,?,out,Summer,NA,Liga Nos,2007,2007/2008
Sporting CP,Fábio Paim,19,Right Midfield,Trofense,loan transfer,out,Summer,NA,Liga Nos,2007,2007/2008
Sporting CP,Carlos Saleiro,21,Centre-Forward,CD Fátima,loan transfer,out,Summer,NA,Liga Nos,2007,2007/2008
Sporting CP,Alison Almeida,19,Centre-Forward,Olivais,loan transfer,out,Summer,NA,Liga Nos,2007,2007/2008
Sporting CP,Paulo Sérgio,23,Attacking Midfield,Portimonense,loan transfer,out,Summer,NA,Liga Nos,2007,2007/2008
Sporting CP,André Marques,20,Left-Back,Leiria,loan transfer,out,Summer,NA,Liga Nos,2007,2007/2008
Sporting CP,Daniel Carriço,18,Centre-Back,Olhanense,loan transfer,out,Summer,NA,Liga Nos,2007,2007/2008
Sporting CP,Yannick Pupo,19,Attacking Midfield,Juventude,loan transfer,out,Summer,NA,Liga Nos,2007,2007/2008
Sporting CP,Zezinando,20,Attacking Midfield,Atlético CP,loan transfer,out,Summer,NA,Liga Nos,2007,2007/2008
Sporting CP,Leandro Romagnoli,26,Attacking Midfield,Tiburones Rojos,"End of loanJun 30, 2007",out,Summer,0,Liga Nos,2007,2007/2008
Sporting CP,Marco Caneira,28,Centre-Back,Valencia,"End of loanJun 30, 2007",out,Summer,0,Liga Nos,2007,2007/2008
Sporting CP,Carlos Bueno,27,Centre-Forward,Paris SG,"End of loanJun 30, 2007",out,Summer,0,Liga Nos,2007,2007/2008
Sporting CP,Alecsandro,26,Centre-Forward,Cruzeiro,"End of loanJun 30, 2007",out,Summer,0,Liga Nos,2007,2007/2008
SL Benfica,Óscar Cardozo,24,Centre-Forward,Newell's,£10.50m,in,Summer,10.5,Liga Nos,2007,2007/2008
SL Benfica,Ángel Di María,19,Right Winger,Rosario Central,£7.20m,in,Summer,7.2,Liga Nos,2007,2007/2008
SL Benfica,Maxi Pereira,23,Right-Back,Defensor,£5.13m,in,Summer,5.13,Liga Nos,2007,2007/2008
SL Benfica,Gonzalo Bergessio,22,Centre-Forward,Racing Club,£2.25m,in,Summer,2.25,Liga Nos,2007,2007/2008
SL Benfica,Edcarlos,22,Centre-Back,São Paulo,£1.62m,in,Summer,1.62,Liga Nos,2007,2007/2008
SL Benfica,Freddy Adu,18,Attacking Midfield,Salt Lake,£1.35m,in,Summer,1.35,Liga Nos,2007,2007/2008
SL Benfica,Fábio Coentrão,19,Left-Back,Rio Ave FC,£810Th.,in,Summer,0.81,Liga Nos,2007,2007/2008
SL Benfica,Luís Filipe,28,Right-Back,SC Braga,£450Th.,in,Summer,0.45,Liga Nos,2007,2007/2008
SL Benfica,David Luiz,20,Centre-Back,EC Vitória,£450Th.,in,Summer,0.45,Liga Nos,2007,2007/2008
SL Benfica,Andrés Díaz,24,Right Midfield,Rosario Central,£450Th.,in,Summer,0.45,Liga Nos,2007,2007/2008
SL Benfica,Gilles Binya,22,Centre-Back,MC Oran,£270Th.,in,Summer,0.27,Liga Nos,2007,2007/2008
SL Benfica,Marco Zoro,23,Centre-Back,Messina Peloro,free transfer,in,Summer,NA,Liga Nos,2007,2007/2008
SL Benfica,Hans Jörg Butt,33,Goalkeeper,Bay. Leverkusen,free transfer,in,Summer,NA,Liga Nos,2007,2007/2008
SL Benfica,Sreten Sretenovic,22,Centre-Back,Rad,free transfer,in,Summer,NA,Liga Nos,2007,2007/2008
SL Benfica,Cristian Rodríguez,21,Central Midfield,Paris SG,loan transfer,in,Summer,NA,Liga Nos,2007,2007/2008
SL Benfica,Jaílson,26,Centre-Forward,Rubin Kazan,?,in,Summer,NA,Liga Nos,2007,2007/2008
SL Benfica,Dabao Yu,19,Centre-Back,Benfica U19,-,in,Summer,0,Liga Nos,2007,2007/2008
SL Benfica,Miguel Vítor,18,Centre-Back,Benfica U19,-,in,Summer,0,Liga Nos,2007,2007/2008
SL Benfica,Romeu Ribeiro,18,Defensive Midfield,Benfica U19,-,in,Summer,0,Liga Nos,2007,2007/2008
SL Benfica,Bijou,21,Defensive Midfield,Gondomar,"End of loanJun 30, 2007",in,Summer,0,Liga Nos,2007,2007/2008
SL Benfica,Carlitos,24,Left Midfield,FC Sion,"End of loanJun 30, 2007",in,Summer,0,Liga Nos,2007,2007/2008
SL Benfica,Fausto,22,Centre-Back,Louletano,"End of loanJun 30, 2007",in,Summer,0,Liga Nos,2007,2007/2008
SL Benfica,Azar Karadas,25,Centre-Back,1.FC K'lautern,"End of loanJun 30, 2007",in,Summer,0,Liga Nos,2007,2007/2008
SL Benfica,Gustavo Manduca,27,Left Winger,AEK Athens,"End of loanJun 30, 2007",in,Summer,0,Liga Nos,2007,2007/2008
SL Benfica,Marcel,25,Centre-Forward,São Paulo,"End of loanJun 30, 2007",in,Summer,0,Liga Nos,2007,2007/2008
SL Benfica,Amoreirinha,22,Centre-Back,CF Estrela,"End of loanJun 30, 2007",in,Summer,0,Liga Nos,2007,2007/2008
SL Benfica,Hélio Roque,21,Right Winger,Olivais,"End of loanJun 30, 2007",in,Summer,0,Liga Nos,2007,2007/2008
SL Benfica,Rodolfo Lima,27,Centre-Forward,Portimonense,"End of loanJun 30, 2007",in,Summer,0,Liga Nos,2007,2007/2008
SL Benfica,Tiago Gomes,20,Left-Back,CF Estrela,"End of loanJun 30, 2007",in,Summer,0,Liga Nos,2007,2007/2008
SL Benfica,Manuel Fernandes,21,Attacking Midfield,Everton,"End of loanJun 30, 2007",in,Summer,0,Liga Nos,2007,2007/2008
SL Benfica,José Fonte,23,Centre-Back,CF Estrela,"End of loanJun 30, 2007",in,Summer,0,Liga Nos,2007,2007/2008
SL Benfica,Bruno Costa,20,Goalkeeper,Odivelas,"End of loanJun 30, 2007",in,Summer,0,Liga Nos,2007,2007/2008
SL Benfica,Simão,27,Left Winger,Atlético Madrid,£18.00m,out,Summer,18,Liga Nos,2007,2007/2008
SL Benfica,Manuel Fernandes,21,Attacking Midfield,Valencia,£16.20m,out,Summer,16.2,Liga Nos,2007,2007/2008
SL Benfica,Anderson,27,Centre-Back,Olympique Lyon,£3.87m,out,Summer,3.87,Liga Nos,2007,2007/2008
SL Benfica,Carlitos,24,Left Midfield,FC Basel,£2.25m,out,Summer,2.25,Liga Nos,2007,2007/2008
SL Benfica,Amoreirinha,22,Centre-Back,CFR Cluj,£900Th.,out,Summer,0.9,Liga Nos,2007,2007/2008
SL Benfica,Moretto,29,Goalkeeper,AEK Athens,Loan fee:£720Th.,out,Summer,0.72,Liga Nos,2007,2007/2008
SL Benfica,Gustavo Manduca,27,Left Winger,AEK Athens,£675Th.,out,Summer,0.675,Liga Nos,2007,2007/2008
SL Benfica,Azar Karadas,25,Centre-Back,Brann,£360Th.,out,Summer,0.36,Liga Nos,2007,2007/2008
SL Benfica,Beto,30,Central Midfield,FC Sion,£180Th.,out,Summer,0.18,Liga Nos,2007,2007/2008
SL Benfica,José Fonte,23,Centre-Back,Crystal Palace,free transfer,out,Summer,NA,Liga Nos,2007,2007/2008
SL Benfica,Bijou,21,Defensive Midfield,CD Fátima,free transfer,out,Summer,NA,Liga Nos,2007,2007/2008
SL Benfica,Georgios Karagounis,30,Central Midfield,Panathinaikos,free transfer,out,Summer,NA,Liga Nos,2007,2007/2008
SL Benfica,Hélio Roque,21,Right Winger,AEL Limassol,free transfer,out,Summer,NA,Liga Nos,2007,2007/2008
SL Benfica,Marco Ferreira,29,Right Winger,Leicester,loan transfer,out,Summer,NA,Liga Nos,2007,2007/2008
SL Benfica,João Coimbra,21,Attacking Midfield,Nacional,loan transfer,out,Summer,NA,Liga Nos,2007,2007/2008
SL Benfica,Sreten Sretenovic,22,Centre-Back,Zaglebie Lubin,loan transfer,out,Summer,NA,Liga Nos,2007,2007/2008
SL Benfica,Manú,24,Right Winger,AEK Athens,loan transfer,out,Summer,NA,Liga Nos,2007,2007/2008
SL Benfica,Fausto,22,Centre-Back,Bradford,?,out,Summer,NA,Liga Nos,2007,2007/2008
SL Benfica,Rodolfo Lima,27,Centre-Forward,Vihren,?,out,Summer,NA,Liga Nos,2007,2007/2008
SL Benfica,Rui Nereu,21,Goalkeeper,Coimbra,?,out,Summer,NA,Liga Nos,2007,2007/2008
SL Benfica,Marcel,26,Centre-Forward,Grêmio,loan transfer,out,Summer,NA,Liga Nos,2007,2007/2008
SL Benfica,Paulo Jorge,26,Right Winger,Málaga CF,loan transfer,out,Summer,NA,Liga Nos,2007,2007/2008
SL Benfica,Pedro Correia,20,Right-Back,Olhanense,loan transfer,out,Summer,NA,Liga Nos,2007,2007/2008
SL Benfica,Marcel,25,Centre-Forward,Grêmio,loan transfer,out,Summer,NA,Liga Nos,2007,2007/2008
SL Benfica,Tiago Gomes,21,Left-Back,Zaglebie Lubin,loan transfer,out,Summer,NA,Liga Nos,2007,2007/2008
SL Benfica,Jaílson,26,Centre-Forward,SC Braga,loan transfer,out,Summer,NA,Liga Nos,2007,2007/2008
SL Benfica,David Luiz,20,Centre-Back,EC Vitória,"End of loanJun 30, 2007",out,Summer,0,Liga Nos,2007,2007/2008
SL Benfica,Derlei,31,Centre-Forward,Dinamo Moscow,"End of loanJun 30, 2007",out,Summer,0,Liga Nos,2007,2007/2008
SL Benfica,Fabrizio Miccoli,28,Centre-Forward,Juventus,"End of loanJun 30, 2007",out,Summer,0,Liga Nos,2007,2007/2008
SC Braga,Roland Linz,26,Centre-Forward,Boavista,£1.80m,in,Summer,1.8,Liga Nos,2007,2007/2008
SC Braga,João Pereira,23,Right-Back,Gil Vicente,£360Th.,in,Summer,0.36,Liga Nos,2007,2007/2008
SC Braga,Philco,18,Centre-Forward,Atlético-PR U20,free transfer,in,Summer,NA,Liga Nos,2007,2007/2008
SC Braga,Hussein Yasser,24,Attacking Midfield,Al-Rayyan SC,free transfer,in,Summer,NA,Liga Nos,2007,2007/2008
SC Braga,Bruno Tiago,26,Central Midfield,Gil Vicente,free transfer,in,Summer,NA,Liga Nos,2007,2007/2008
SC Braga,Pawel Kieszek,23,Goalkeeper,Pol. Warsaw,free transfer,in,Summer,NA,Liga Nos,2007,2007/2008
SC Braga,Zé Manuel,32,Right Winger,Boavista,free transfer,in,Summer,NA,Liga Nos,2007,2007/2008
SC Braga,César Peixoto,27,Left Midfield,FC Porto,free transfer,in,Summer,NA,Liga Nos,2007,2007/2008
SC Braga,Jahirsino Baylón,18,Centre-Forward,Alianza Lima,?,in,Summer,NA,Liga Nos,2007,2007/2008
SC Braga,Jorginho,30,Attacking Midfield,FC Porto,?,in,Summer,NA,Liga Nos,2007,2007/2008
SC Braga,Anilton Júnior,26,Centre-Back,Desportivo Aves,?,in,Summer,NA,Liga Nos,2007,2007/2008
SC Braga,Wender,32,Left Winger,Sporting CP,?,in,Summer,NA,Liga Nos,2007,2007/2008
SC Braga,Roberto Brum,28,Defensive Midfield,Coimbra,?,in,Summer,NA,Liga Nos,2007,2007/2008
SC Braga,Jaílson,26,Centre-Forward,Benfica,loan transfer,in,Summer,NA,Liga Nos,2007,2007/2008
SC Braga,Lenny,19,Right Winger,Fluminense,loan transfer,in,Summer,NA,Liga Nos,2007,2007/2008
SC Braga,Stélvio Cruz,18,Defensive Midfield,Braga U19,-,in,Summer,0,Liga Nos,2007,2007/2008
SC Braga,João Mendes,19,Right Winger,Braga U19,-,in,Summer,0,Liga Nos,2007,2007/2008
SC Braga,Vítor Hugo,19,Right-Back,Braga U19,-,in,Summer,0,Liga Nos,2007,2007/2008
SC Braga,Orlando Sá,19,Centre-Forward,Braga U19,-,in,Summer,0,Liga Nos,2007,2007/2008
SC Braga,William,22,Centre-Back,Gil Vicente,"End of loanJun 30, 2007",in,Summer,0,Liga Nos,2007,2007/2008
SC Braga,Kazeem,19,Attacking Midfield,Portimonense,"End of loanJun 30, 2007",in,Summer,0,Liga Nos,2007,2007/2008
SC Braga,Luisinho,22,Left-Back,Moreirense,"End of loanJun 30, 2007",in,Summer,0,Liga Nos,2007,2007/2008
SC Braga,Pedro Pereira,23,Right Winger,Vizela,"End of loanJun 30, 2007",in,Summer,0,Liga Nos,2007,2007/2008
SC Braga,João Pedro,21,Right-Back,Penafiel,"End of loanJun 30, 2007",in,Summer,0,Liga Nos,2007,2007/2008
SC Braga,João Tomás,32,Centre-Forward,Al-Arabi SC,"End of loanJun 30, 2007",in,Summer,0,Liga Nos,2007,2007/2008
SC Braga,Wellington,26,Centre-Back,OFI Crete FC,"End of loanJun 30, 2007",in,Summer,0,Liga Nos,2007,2007/2008
SC Braga,Filipe Gonçalves,22,Defensive Midfield,Leixões,"End of loanJun 30, 2007",in,Summer,0,Liga Nos,2007,2007/2008
SC Braga,Eduardo,24,Goalkeeper,Beira-Mar,"End of loanJun 30, 2007",in,Summer,0,Liga Nos,2007,2007/2008
SC Braga,Jaime Júnior,28,Attacking Midfield,CF Estrela,"End of loanJun 30, 2007",in,Summer,0,Liga Nos,2007,2007/2008
SC Braga,Matheus,24,Right Winger,Beira-Mar,"End of loanJun 30, 2007",in,Summer,0,Liga Nos,2007,2007/2008
SC Braga,Césinha,27,Second Striker,Rapid Bucharest,£720Th.,out,Summer,0.72,Liga Nos,2007,2007/2008
SC Braga,Luís Filipe,28,Right-Back,Benfica,£450Th.,out,Summer,0.45,Liga Nos,2007,2007/2008
SC Braga,Ricardo Chaves,29,Defensive Midfield,Vitória Setúbal,free transfer,out,Summer,NA,Liga Nos,2007,2007/2008
SC Braga,Zé Carlos,32,Centre-Forward,APOEL Nicosia,free transfer,out,Summer,NA,Liga Nos,2007,2007/2008
SC Braga,Andrade,25,Central Midfield,Vasco da Gama,free transfer,out,Summer,NA,Liga Nos,2007,2007/2008
SC Braga,Jaime Júnior,28,Attacking Midfield,Racing Ferrol,free transfer,out,Summer,NA,Liga Nos,2007,2007/2008
SC Braga,Davide Dias,24,Right Winger,Naval,free transfer,out,Summer,NA,Liga Nos,2007,2007/2008
SC Braga,Nem,33,Centre-Back,Paraná,free transfer,out,Summer,NA,Liga Nos,2007,2007/2008
SC Braga,Pedro Costa,25,Right-Back,Coimbra,free transfer,out,Summer,NA,Liga Nos,2007,2007/2008
SC Braga,João Mendes,19,Right Winger,Merelinense,loan transfer,out,Summer,NA,Liga Nos,2007,2007/2008
SC Braga,Eduardo,24,Goalkeeper,Vitória Setúbal,loan transfer,out,Summer,NA,Liga Nos,2007,2007/2008
SC Braga,Orlando Sá,19,Centre-Forward,Maria da Fonte,loan transfer,out,Summer,NA,Liga Nos,2007,2007/2008
SC Braga,Pedro Pereira,23,Right Winger,CF Estrela,?,out,Summer,NA,Liga Nos,2007,2007/2008
SC Braga,William,22,Centre-Back,H. Ramat Gan,?,out,Summer,NA,Liga Nos,2007,2007/2008
SC Braga,Luisinho,22,Left-Back,Rio Ave FC,loan transfer,out,Summer,NA,Liga Nos,2007,2007/2008
SC Braga,Wellington,26,Centre-Back,Portimonense,loan transfer,out,Summer,NA,Liga Nos,2007,2007/2008
SC Braga,João Pedro,21,Right-Back,Beira-Mar,loan transfer,out,Summer,NA,Liga Nos,2007,2007/2008
SC Braga,Matheus,24,Right Winger,Vitória Setúbal,loan transfer,out,Summer,NA,Liga Nos,2007,2007/2008
SC Braga,Filipe Gonçalves,22,Defensive Midfield,Vitória Setúbal,loan transfer,out,Summer,NA,Liga Nos,2007,2007/2008
SC Braga,Kazeem,19,Attacking Midfield,Trofense,loan transfer,out,Summer,NA,Liga Nos,2007,2007/2008
SC Braga,Diego Costa,18,Centre-Forward,Atlético Madrid,"End of loanJun 30, 2007",out,Summer,0,Liga Nos,2007,2007/2008
SC Braga,Wender,32,Left Winger,Sporting CP,"End of loanJun 30, 2007",out,Summer,0,Liga Nos,2007,2007/2008
SC Braga,Maciel,28,Right Winger,FC Porto,"End of loanJun 30, 2007",out,Summer,0,Liga Nos,2007,2007/2008
SC Braga,Bruno Gama,19,Left Winger,FC Porto,"End of loanJun 30, 2007",out,Summer,0,Liga Nos,2007,2007/2008
SC Braga,Paíto,24,Left-Back,RCD Mallorca,"End of loanJun 30, 2007",out,Summer,0,Liga Nos,2007,2007/2008
SC Braga,Marcin Chmiest,28,Centre-Forward,Odra Wodzislaw,"End of loanJun 30, 2007",out,Summer,0,Liga Nos,2007,2007/2008
FC Paços de Ferreira,Dédé,25,Defensive Midfield,Trofense,free transfer,in,Summer,NA,Liga Nos,2007,2007/2008
FC Paços de Ferreira,Fernando Pilar,28,Left Midfield,Porto Caruaru,free transfer,in,Summer,NA,Liga Nos,2007,2007/2008
FC Paços de Ferreira,Chico Silva,29,Left-Back,Trofense,free transfer,in,Summer,NA,Liga Nos,2007,2007/2008
FC Paços de Ferreira,Rovérsio,23,Centre-Back,Gil Vicente,free transfer,in,Summer,NA,Liga Nos,2007,2007/2008
FC Paços de Ferreira,Valdir,23,Left-Back,Naval,free transfer,in,Summer,NA,Liga Nos,2007,2007/2008
FC Paços de Ferreira,Paulo Gomes,32,Defensive Midfield,Leiria,free transfer,in,Summer,NA,Liga Nos,2007,2007/2008
FC Paços de Ferreira,Furtado,24,Centre-Forward,CSKA Sofia,free transfer,in,Summer,NA,Liga Nos,2007,2007/2008
FC Paços de Ferreira,Filipe Anunciacão,28,Defensive Midfield,Desportivo Aves,free transfer,in,Summer,NA,Liga Nos,2007,2007/2008
FC Paços de Ferreira,Wesley,26,Second Striker,Alavés,loan transfer,in,Summer,NA,Liga Nos,2007,2007/2008
FC Paços de Ferreira,Édson Di,27,attack,Coruripe,?,in,Summer,NA,Liga Nos,2007,2007/2008
FC Paços de Ferreira,Márcio Carioca,24,Centre-Forward,Ceará SC,?,in,Summer,NA,Liga Nos,2007,2007/2008
FC Paços de Ferreira,Kiko,28,Centre-Back,Coruripe,?,in,Summer,NA,Liga Nos,2007,2007/2008
FC Paços de Ferreira,Jorginho,19,Right Winger,Paços F. U19,-,in,Summer,0,Liga Nos,2007,2007/2008
FC Paços de Ferreira,Fábio Pacheco,19,Defensive Midfield,Paços F. U19,-,in,Summer,0,Liga Nos,2007,2007/2008
FC Paços de Ferreira,Ferreira,23,Right-Back,São Bento (SP),-,in,Summer,0,Liga Nos,2007,2007/2008
FC Paços de Ferreira,André Rateira,18,Left Winger,Paços F. U19,-,in,Summer,0,Liga Nos,2007,2007/2008
FC Paços de Ferreira,Romeu Torres,20,Centre-Forward,Fiães,"End of loanJun 30, 2007",in,Summer,0,Liga Nos,2007,2007/2008
FC Paços de Ferreira,Geraldo Alves,26,Centre-Back,AEK Athens,£360Th.,out,Summer,0.36,Liga Nos,2007,2007/2008
FC Paços de Ferreira,Vitorino Antunes,20,Left-Back,AS Roma,Loan fee:£270Th.,out,Summer,0.27,Liga Nos,2007,2007/2008
FC Paços de Ferreira,Primo,30,Right-Back,Beira-Mar,free transfer,out,Summer,NA,Liga Nos,2007,2007/2008
FC Paços de Ferreira,Leanderson,24,Defensive Midfield,Ceará SC,free transfer,out,Summer,NA,Liga Nos,2007,2007/2008
FC Paços de Ferreira,Elias,25,Defensive Midfield,Vitória Setúbal,free transfer,out,Summer,NA,Liga Nos,2007,2007/2008
FC Paços de Ferreira,João Paulo,27,Centre-Forward,Leiria,free transfer,out,Summer,NA,Liga Nos,2007,2007/2008
FC Paços de Ferreira,Paulo Sousa,32,Defensive Midfield,APOP Kinyras,free transfer,out,Summer,NA,Liga Nos,2007,2007/2008
FC Paços de Ferreira,Nuno Claro,30,Goalkeeper,CFR Cluj,free transfer,out,Summer,NA,Liga Nos,2007,2007/2008
FC Paços de Ferreira,José Williams,23,Left Winger,Vizela,free transfer,out,Summer,NA,Liga Nos,2007,2007/2008
FC Paços de Ferreira,André Rateira,18,Left Winger,Eiriz,loan transfer,out,Summer,NA,Liga Nos,2007,2007/2008
FC Paços de Ferreira,Fábio Pacheco,19,Defensive Midfield,Rebordosa AC,loan transfer,out,Summer,NA,Liga Nos,2007,2007/2008
FC Paços de Ferreira,Émerson,29,Centre-Back,Santa Clara,?,out,Summer,NA,Liga Nos,2007,2007/2008
FC Paços de Ferreira,Phil Jackson Ibargüen,22,Centre-Forward,S. João Ver,loan transfer,out,Summer,NA,Liga Nos,2007,2007/2008
FC Paços de Ferreira,Romeu Torres,20,Centre-Forward,Portosantense,loan transfer,out,Summer,NA,Liga Nos,2007,2007/2008
FC Paços de Ferreira,Gualberto Mojica,22,Attacking Midfield,CFR Cluj,"End of loanJun 30, 2007",out,Summer,0,Liga Nos,2007,2007/2008
FC Paços de Ferreira,Fahel,25,Defensive Midfield,Marítimo,"End of loanJun 30, 2007",out,Summer,0,Liga Nos,2007,2007/2008
Leixões SC,Filipe Oliveira,23,Right Winger,Marítimo,free transfer,in,Summer,NA,Liga Nos,2007,2007/2008
Leixões SC,Jorge Baptista,30,Goalkeeper,Gil Vicente,free transfer,in,Summer,NA,Liga Nos,2007,2007/2008
Leixões SC,Livramento,25,Attacking Midfield,Boavista,free transfer,in,Summer,NA,Liga Nos,2007,2007/2008
Leixões SC,Paulo Machado,21,Central Midfield,FC Porto,loan transfer,in,Summer,NA,Liga Nos,2007,2007/2008
Leixões SC,Vieirinha,21,Left-Back,FC Porto,loan transfer,in,Summer,NA,Liga Nos,2007,2007/2008
Leixões SC,Diogo Valente,22,Left Winger,FC Porto,loan transfer,in,Summer,NA,Liga Nos,2007,2007/2008
Leixões SC,Udo Nwoko,22,Attacking Midfield,Hibernians FC,?,in,Summer,NA,Liga Nos,2007,2007/2008
Leixões SC,Nuno Diogo,26,Centre-Back,Penafiel,?,in,Summer,NA,Liga Nos,2007,2007/2008
Leixões SC,Paulo Vinícius,22,Centre-Back,Santa Clara,?,in,Summer,NA,Liga Nos,2007,2007/2008
Leixões SC,Tales Schütz,25,Centre-Forward,União Esporte Clube (MT),loan transfer,in,Summer,NA,Liga Nos,2007,2007/2008
Leixões SC,Ezequias,26,Left-Back,FC Porto,loan transfer,in,Summer,NA,Liga Nos,2007,2007/2008
Leixões SC,Rúben Saldanha,19,Attacking Midfield,Leixões U19,-,in,Summer,0,Liga Nos,2007,2007/2008
Leixões SC,Nuno Silva,20,Right Winger,FC Pedras Rubras,"End of loanJun 30, 2007",in,Summer,0,Liga Nos,2007,2007/2008
Leixões SC,Cícero,30,Centre-Forward,CD Fátima,free transfer,out,Summer,NA,Liga Nos,2007,2007/2008
Leixões SC,Malafaia,25,Defensive Midfield,Varzim,free transfer,out,Summer,NA,Liga Nos,2007,2007/2008
Leixões SC,Pedro Moita,27,Left Midfield,GD Ribeirão,free transfer,out,Summer,NA,Liga Nos,2007,2007/2008
Leixões SC,Rúben Saldanha,19,Attacking Midfield,Padroense,loan transfer,out,Summer,NA,Liga Nos,2007,2007/2008
Leixões SC,Cleuber,30,Centre-Back,Vizela,?,out,Summer,NA,Liga Nos,2007,2007/2008
Leixões SC,Alexandre,33,Right-Back,União Madeira,?,out,Summer,NA,Liga Nos,2007,2007/2008
Leixões SC,Leandro Tatu,25,Second Striker,Desportivo Aves,?,out,Summer,NA,Liga Nos,2007,2007/2008
Leixões SC,Fonseca,22,Goalkeeper,Moreirense,loan transfer,out,Summer,NA,Liga Nos,2007,2007/2008
Leixões SC,Nuno Silva,21,Right Winger,Espinho,loan transfer,out,Summer,NA,Liga Nos,2007,2007/2008
Leixões SC,Paulo Tavares,21,Attacking Midfield,GD Ribeirão,loan transfer,out,Summer,NA,Liga Nos,2007,2007/2008
Leixões SC,Leão,36,Defensive Midfield,Retired,-,out,Summer,0,Liga Nos,2007,2007/2008
Leixões SC,Xavier,23,Left-Back,Without Club,-,out,Summer,0,Liga Nos,2007,2007/2008
Leixões SC,Nandinho,34,Right Winger,Retired,-,out,Summer,0,Liga Nos,2007,2007/2008
Leixões SC,Filipe Gonçalves,22,Defensive Midfield,SC Braga,"End of loanJun 30, 2007",out,Summer,0,Liga Nos,2007,2007/2008
União de Leiria,Dani,23,Central Midfield,Odivelas,free transfer,in,Summer,NA,Liga Nos,2007,2007/2008
União de Leiria,Filipe Machado,23,Centre-Back,Pontevedra,free transfer,in,Summer,NA,Liga Nos,2007,2007/2008
União de Leiria,Maciel,28,Right Winger,FC Porto,free transfer,in,Summer,NA,Liga Nos,2007,2007/2008
União de Leiria,Toñito,30,Right Midfield,HNK Rijeka,free transfer,in,Summer,NA,Liga Nos,2007,2007/2008
União de Leiria,João Paulo,27,Centre-Forward,Paços Ferreira,free transfer,in,Summer,NA,Liga Nos,2007,2007/2008
União de Leiria,Tiago,31,Defensive Midfield,Boavista,free transfer,in,Summer,NA,Liga Nos,2007,2007/2008
União de Leiria,Éder Gaúcho,29,Centre-Back,Sertãozinho,?,in,Summer,NA,Liga Nos,2007,2007/2008
União de Leiria,Rafael Fava,24,Goalkeeper,CA Juventus,?,in,Summer,NA,Liga Nos,2007,2007/2008
União de Leiria,Bruno Miguel,24,Centre-Back,Varzim,?,in,Summer,NA,Liga Nos,2007,2007/2008
União de Leiria,Patrick,26,Left-Back,Guarani,?,in,Summer,NA,Liga Nos,2007,2007/2008
União de Leiria,Ousséni Zongo,22,Defensive Midfield,Msida SJ,?,in,Summer,NA,Liga Nos,2007,2007/2008
União de Leiria,Antoni Lukasiewicz,24,Defensive Midfield,Elche CF,loan transfer,in,Summer,NA,Liga Nos,2007,2007/2008
União de Leiria,André Marques,20,Left-Back,Sporting CP,loan transfer,in,Summer,NA,Liga Nos,2007,2007/2008
União de Leiria,Marco Airosa,22,Right-Back,Olhanense,"End of loanJun 30, 2007",in,Summer,0,Liga Nos,2007,2007/2008
União de Leiria,Filipe Falardo,23,Attacking Midfield,Olivais,"End of loanJun 30, 2007",in,Summer,0,Liga Nos,2007,2007/2008
União de Leiria,Nélson Sousa,23,Right-Back,Estoril Praia,"End of loanJun 30, 2007",in,Summer,0,Liga Nos,2007,2007/2008
União de Leiria,Pedro Moreira,24,Right Winger,Louletano,"End of loanJun 30, 2007",in,Summer,0,Liga Nos,2007,2007/2008
União de Leiria,Ferreira,28,Centre-Forward,Ipatinga FC,"End of loanJun 30, 2007",in,Summer,0,Liga Nos,2007,2007/2008
União de Leiria,Hadson Nery,25,Left-Back,Gondomar,"End of loanJun 30, 2007",in,Summer,0,Liga Nos,2007,2007/2008
União de Leiria,Valdomiro,27,Centre-Back,Trofense,free transfer,out,Summer,NA,Liga Nos,2007,2007/2008
União de Leiria,Marco Airosa,22,Right-Back,CD Fátima,free transfer,out,Summer,NA,Liga Nos,2007,2007/2008
União de Leiria,Hadson Nery,25,Left-Back,Paysandu SC,free transfer,out,Summer,NA,Liga Nos,2007,2007/2008
União de Leiria,Filipe Machado,23,Centre-Back,CSKA Sofia,free transfer,out,Summer,NA,Liga Nos,2007,2007/2008
União de Leiria,Paulo Gomes,32,Defensive Midfield,Paços Ferreira,free transfer,out,Summer,NA,Liga Nos,2007,2007/2008
União de Leiria,Kata,29,Defensive Midfield,Vizela,free transfer,out,Summer,NA,Liga Nos,2007,2007/2008
União de Leiria,Filipe Falardo,23,Attacking Midfield,CD Fátima,loan transfer,out,Summer,NA,Liga Nos,2007,2007/2008
União de Leiria,Pedro Moreira,24,Right Winger,CD Fátima,loan transfer,out,Summer,NA,Liga Nos,2007,2007/2008
União de Leiria,Ferreira,28,Centre-Forward,Náutico,loan transfer,out,Summer,NA,Liga Nos,2007,2007/2008
União de Leiria,Harison,27,Right Winger,Goiás EC,loan transfer,out,Summer,NA,Liga Nos,2007,2007/2008
União de Leiria,Alioune Touré,28,Right Winger,Without Club,-,out,Summer,0,Liga Nos,2007,2007/2008
União de Leiria,Bartosz Slusarski,25,Centre-Forward,Grodzisk,"End of loanJun 30, 2007",out,Summer,0,Liga Nos,2007,2007/2008
União de Leiria,Rossato,29,Left-Back,Real Sociedad,"End of loanJun 30, 2007",out,Summer,0,Liga Nos,2007,2007/2008
União de Leiria,Bruno Vale,24,Goalkeeper,FC Porto,"End of loanJun 30, 2007",out,Summer,0,Liga Nos,2007,2007/2008
União de Leiria,Ivanildo,21,Right Winger,FC Porto,"End of loanJun 30, 2007",out,Summer,0,Liga Nos,2007,2007/2008
União de Leiria,Paulo Machado,21,Central Midfield,FC Porto,"End of loanJun 1, 2007",out,Summer,0,Liga Nos,2007,2007/2008
União de Leiria,Marcos António,24,Centre-Back,Gil Vicente,"End of loanJun 30, 2007",out,Summer,0,Liga Nos,2007,2007/2008
CD Nacional,Felipe Lopes,19,Centre-Back,RSC Anderlecht,free transfer,in,Summer,NA,Liga Nos,2007,2007/2008
CD Nacional,Juninho Arcanjo,24,Attacking Midfield,Atlético-MG,free transfer,in,Summer,NA,Liga Nos,2007,2007/2008
CD Nacional,Marcelo Lipatín,30,Centre-Forward,Marítimo,free transfer,in,Summer,NA,Liga Nos,2007,2007/2008
CD Nacional,João Coimbra,21,Attacking Midfield,Benfica,loan transfer,in,Summer,NA,Liga Nos,2007,2007/2008
CD Nacional,João Moreira,21,Centre-Forward,Valencia,loan transfer,in,Summer,NA,Liga Nos,2007,2007/2008
CD Nacional,Edu Sales,29,Centre-Forward,US Créteil-L,?,in,Summer,NA,Liga Nos,2007,2007/2008
CD Nacional,Fellype Gabriel,21,Attacking Midfield,Flamengo,loan transfer,in,Summer,NA,Liga Nos,2007,2007/2008
CD Nacional,Pedro Pita,19,Central Midfield,Nacional U19,-,in,Summer,0,Liga Nos,2007,2007/2008
CD Nacional,Igor Pita,18,Left-Back,Nacional U19,-,in,Summer,0,Liga Nos,2007,2007/2008
CD Nacional,Gonçalo,18,Right-Back,Nacional U19,-,in,Summer,0,Liga Nos,2007,2007/2008
CD Nacional,Miguel Fidalgo,25,Centre-Forward,AEK Larnaca,"End of loanJun 30, 2007",in,Summer,0,Liga Nos,2007,2007/2008
CD Nacional,Luís Manuel,26,Defensive Midfield,Vizela,"End of loanJun 30, 2007",in,Summer,0,Liga Nos,2007,2007/2008
CD Nacional,Vinicius,21,Central Midfield,União Madeira,"End of loanJun 30, 2007",in,Summer,0,Liga Nos,2007,2007/2008
CD Nacional,Chaínho,33,Central Midfield,Alki Larnaca,free transfer,out,Summer,NA,Liga Nos,2007,2007/2008
CD Nacional,Émerson Nunes,25,Centre-Back,Cruzeiro,free transfer,out,Summer,NA,Liga Nos,2007,2007/2008
CD Nacional,Adilson Soares Cassama,24,Defensive Midfield,Real SC,free transfer,out,Summer,NA,Liga Nos,2007,2007/2008
CD Nacional,Zé Rui,24,Left Winger,CSKA Sofia,free transfer,out,Summer,NA,Liga Nos,2007,2007/2008
CD Nacional,Luciano Fonseca,28,Right Winger,Caxias-RS,free transfer,out,Summer,NA,Liga Nos,2007,2007/2008
CD Nacional,Bruno,33,Central Midfield,Marítimo,free transfer,out,Summer,NA,Liga Nos,2007,2007/2008
CD Nacional,Georgi Chilikov,28,Centre-Forward,CSKA Sofia,£45Th.,out,Summer,0.045,Liga Nos,2007,2007/2008
CD Nacional,Vinicius,21,Central Midfield,União Madeira,?,out,Summer,NA,Liga Nos,2007,2007/2008
CD Nacional,Luís Manuel,26,Defensive Midfield,Gil Vicente,?,out,Summer,NA,Liga Nos,2007,2007/2008
CD Nacional,Miguel Fidalgo,25,Centre-Forward,União Madeira,loan transfer,out,Summer,NA,Liga Nos,2007,2007/2008
CD Nacional,Rogerinho,27,Attacking Midfield,Bragantino,loan transfer,out,Summer,NA,Liga Nos,2007,2007/2008
CD Nacional,Leandro Bonfim,23,Attacking Midfield,FC Porto,"End of loanJun 30, 2007",out,Summer,0,Liga Nos,2007,2007/2008
CD Nacional,Diego Clementino,23,Centre-Forward,Cruzeiro,"End of loanJun 30, 2007",out,Summer,0,Liga Nos,2007,2007/2008
Clube Futebol Estrela da Amadora,Cardoso,22,Centre-Back,Comercial-SP,£135Th.,in,Summer,0.135,Liga Nos,2007,2007/2008
Clube Futebol Estrela da Amadora,Vítor Moreno,26,Right-Back,Vit. Guimarães,free transfer,in,Summer,NA,Liga Nos,2007,2007/2008
Clube Futebol Estrela da Amadora,Fábio Nunes,27,Attacking Midfield,Avaí FC,free transfer,in,Summer,NA,Liga Nos,2007,2007/2008
Clube Futebol Estrela da Amadora,Jeremiah Ani,22,Centre-Forward,Kercem Ajax FC,free transfer,in,Summer,NA,Liga Nos,2007,2007/2008
Clube Futebol Estrela da Amadora,Wagnão,28,Centre-Back,Rio Claro FC,free transfer,in,Summer,NA,Liga Nos,2007,2007/2008
Clube Futebol Estrela da Amadora,Maurício,30,Centre-Back,Pohang Steelers,free transfer,in,Summer,NA,Liga Nos,2007,2007/2008
Clube Futebol Estrela da Amadora,Hélder Cabral,23,Left-Back,Vit. Guimarães,free transfer,in,Summer,NA,Liga Nos,2007,2007/2008
Clube Futebol Estrela da Amadora,Fernando,20,Defensive Midfield,FC Porto,loan transfer,in,Summer,NA,Liga Nos,2007,2007/2008
Clube Futebol Estrela da Amadora,Marcelo Goianira,26,Defensive Midfield,Anápolis-GO,?,in,Summer,NA,Liga Nos,2007,2007/2008
Clube Futebol Estrela da Amadora,Pedro Pereira,23,Right Winger,SC Braga,?,in,Summer,NA,Liga Nos,2007,2007/2008
Clube Futebol Estrela da Amadora,Mossoró,22,Centre-Forward,Friburguense-RJ,?,in,Summer,NA,Liga Nos,2007,2007/2008
Clube Futebol Estrela da Amadora,Luis Aguiar,21,Central Midfield,FC Porto,loan transfer,in,Summer,NA,Liga Nos,2007,2007/2008
Clube Futebol Estrela da Amadora,Mateus Borges,24,Attacking Midfield,Anápolis-GO,loan transfer,in,Summer,NA,Liga Nos,2007,2007/2008
Clube Futebol Estrela da Amadora,Nélson,31,Goalkeeper,Without Club,-,in,Summer,0,Liga Nos,2007,2007/2008
Clube Futebol Estrela da Amadora,Bruno Santos,19,Attacking Midfield,Real SC,"End of loanJun 30, 2007",in,Summer,0,Liga Nos,2007,2007/2008
Clube Futebol Estrela da Amadora,Rui Duarte,28,Attacking Midfield,Olhanense,"End of loanJun 30, 2007",in,Summer,0,Liga Nos,2007,2007/2008
Clube Futebol Estrela da Amadora,Tiago Rosa,21,Right-Back,Torreense,"End of loanJun 30, 2007",in,Summer,0,Liga Nos,2007,2007/2008
Clube Futebol Estrela da Amadora,Carlos Saavedra,26,Defensive Midfield,Trofense,"End of loanJun 1, 2007",in,Summer,0,Liga Nos,2007,2007/2008
Clube Futebol Estrela da Amadora,Filipe Mendes,22,Goalkeeper,GD Tourizense,"End of loanJun 30, 2007",in,Summer,0,Liga Nos,2007,2007/2008
Clube Futebol Estrela da Amadora,Jones,23,Centre-Forward,Guanabara,free transfer,out,Summer,NA,Liga Nos,2007,2007/2008
Clube Futebol Estrela da Amadora,Tiago Rosa,21,Right-Back,Atlético CP,free transfer,out,Summer,NA,Liga Nos,2007,2007/2008
Clube Futebol Estrela da Amadora,Carlos Saavedra,26,Defensive Midfield,Odivelas,free transfer,out,Summer,NA,Liga Nos,2007,2007/2008
Clube Futebol Estrela da Amadora,Dário,30,Centre-Forward,Nea Salamis,free transfer,out,Summer,NA,Liga Nos,2007,2007/2008
Clube Futebol Estrela da Amadora,Zamorano,25,Right-Back,Trofense,free transfer,out,Summer,NA,Liga Nos,2007,2007/2008
Clube Futebol Estrela da Amadora,Rui Borges,33,Attacking Midfield,Trofense,free transfer,out,Summer,NA,Liga Nos,2007,2007/2008
Clube Futebol Estrela da Amadora,Sérgio Marquês,30,Defensive Midfield,Atlético CP,?,out,Summer,NA,Liga Nos,2007,2007/2008
Clube Futebol Estrela da Amadora,Bruno Santos,19,Attacking Midfield,GD Tourizense,?,out,Summer,NA,Liga Nos,2007,2007/2008
Clube Futebol Estrela da Amadora,Paulo Lopes,29,Goalkeeper,Trofense,?,out,Summer,NA,Liga Nos,2007,2007/2008
Clube Futebol Estrela da Amadora,Marcelo Resende,20,Attacking Midfield,Olivais,loan transfer,out,Summer,NA,Liga Nos,2007,2007/2008
Clube Futebol Estrela da Amadora,Jordão,35,Defensive Midfield,Retired,-,out,Summer,0,Liga Nos,2007,2007/2008
Clube Futebol Estrela da Amadora,Pedro Simões,32,Centre-Back,Without Club,-,out,Summer,0,Liga Nos,2007,2007/2008
Clube Futebol Estrela da Amadora,Amoreirinha,22,Centre-Back,Benfica,"End of loanJun 30, 2007",out,Summer,0,Liga Nos,2007,2007/2008
Clube Futebol Estrela da Amadora,Luís Loureiro,30,Defensive Midfield,Sporting CP,"End of loanJun 30, 2007",out,Summer,0,Liga Nos,2007,2007/2008
Clube Futebol Estrela da Amadora,Jaime Júnior,28,Attacking Midfield,SC Braga,"End of loanJun 30, 2007",out,Summer,0,Liga Nos,2007,2007/2008
Clube Futebol Estrela da Amadora,Cleiton,27,Attacking Midfield,Anápolis-GO,"End of loanJun 30, 2007",out,Summer,0,Liga Nos,2007,2007/2008
Clube Futebol Estrela da Amadora,Tiago Gomes,20,Left-Back,Benfica,"End of loanJun 30, 2007",out,Summer,0,Liga Nos,2007,2007/2008
Clube Futebol Estrela da Amadora,José Fonte,23,Centre-Back,Benfica,"End of loanJun 30, 2007",out,Summer,0,Liga Nos,2007,2007/2008
Boavista FC,Sambégou Bangoura,25,Centre-Forward,Stoke City,£365Th.,in,Summer,0.365,Liga Nos,2007,2007/2008
Boavista FC,Rafal Grzelak,25,Attacking Midfield,Pogon Szczecin,£315Th.,in,Summer,0.315,Liga Nos,2007,2007/2008
Boavista FC,Edgar,29,Right Winger,Málaga CF,free transfer,in,Summer,NA,Liga Nos,2007,2007/2008
Boavista FC,Rissutt,30,Right-Back,Vit. Guimarães,free transfer,in,Summer,NA,Liga Nos,2007,2007/2008
Boavista FC,David Fleurival,23,Central Midfield,Tours FC,free transfer,in,Summer,NA,Liga Nos,2007,2007/2008
Boavista FC,Marcelão,26,Centre-Back,Vila Nova FC,free transfer,in,Summer,NA,Liga Nos,2007,2007/2008
Boavista FC,Jorge Ribeiro,25,Left-Back,Dinamo Moscow,free transfer,in,Summer,NA,Liga Nos,2007,2007/2008
Boavista FC,Mateus,23,Left Winger,Gil Vicente,free transfer,in,Summer,NA,Liga Nos,2007,2007/2008
Boavista FC,Olufemi Oluyi Oladapo,18,Defensive Midfield,RSC Anderlecht,free transfer,in,Summer,NA,Liga Nos,2007,2007/2008
Boavista FC,Ikechukwu Obi,22,attack,Sabah,?,in,Summer,NA,Liga Nos,2007,2007/2008
Boavista FC,Mourtala Diakité,26,Centre-Back,Beira-Mar,?,in,Summer,NA,Liga Nos,2007,2007/2008
Boavista FC,Zé Kalanga,23,Right Winger,FC Dinamo,loan transfer,in,Summer,NA,Liga Nos,2007,2007/2008
Boavista FC,Laionel,21,Right Winger,Anápolis-GO,loan transfer,in,Summer,NA,Liga Nos,2007,2007/2008
Boavista FC,Milos Bosancic,19,Attacking Midfield,Partizan,loan transfer,in,Summer,NA,Liga Nos,2007,2007/2008
Boavista FC,Moisés Moura,28,Centre-Back,Cruzeiro,loan transfer,in,Summer,NA,Liga Nos,2007,2007/2008
Boavista FC,Milan Gajic,20,Central Midfield,Napredak,loan transfer,in,Summer,NA,Liga Nos,2007,2007/2008
Boavista FC,Ricardo Neves,18,Goalkeeper,Boavista Y19,-,in,Summer,0,Liga Nos,2007,2007/2008
Boavista FC,Carlos Fernandes,27,Goalkeeper,Without Club,-,in,Summer,0,Liga Nos,2007,2007/2008
Boavista FC,Pedro Moreira,18,Central Midfield,Boavista Y19,-,in,Summer,0,Liga Nos,2007,2007/2008
Boavista FC,Pedro Trigueira,19,Goalkeeper,Boavista Y19,-,in,Summer,0,Liga Nos,2007,2007/2008
Boavista FC,Ivan Santos,18,Left Winger,Boavista Y19,-,in,Summer,0,Liga Nos,2007,2007/2008
Boavista FC,Jaouad Zairi,25,Right Midfield,FC Nantes,"End of loanJun 30, 2007",in,Summer,0,Liga Nos,2007,2007/2008
Boavista FC,João Pedro,22,Defensive Midfield,União Lamas,"End of loanJun 30, 2007",in,Summer,0,Liga Nos,2007,2007/2008
Boavista FC,Gilberto,20,Central Midfield,Penalva Castelo,"End of loanJun 30, 2007",in,Summer,0,Liga Nos,2007,2007/2008
Boavista FC,Paulo Rangel,22,Centre-Forward,AD Lousada,"End of loanJun 30, 2007",in,Summer,0,Liga Nos,2007,2007/2008
Boavista FC,Rui Gomes,20,Attacking Midfield,Dragões,"End of loanJun 30, 2007",in,Summer,0,Liga Nos,2007,2007/2008
Boavista FC,Bruno Pinheiro,19,Defensive Midfield,GD Ribeirão,"End of loanJun 30, 2007",in,Summer,0,Liga Nos,2007,2007/2008
Boavista FC,Igor Rocha,23,Left-Back,GD Ribeirão,"End of loanJun 30, 2007",in,Summer,0,Liga Nos,2007,2007/2008
Boavista FC,Vítor Borges,23,Right-Back,Dragões,"End of loanJun 30, 2007",in,Summer,0,Liga Nos,2007,2007/2008
Boavista FC,Roland Linz,26,Centre-Forward,SC Braga,£1.80m,out,Summer,1.8,Liga Nos,2007,2007/2008
Boavista FC,Kalifa Cissé,23,Centre-Back,Reading,£1.35m,out,Summer,1.35,Liga Nos,2007,2007/2008
Boavista FC,Lucas,27,Attacking Midfield,Red Star,£49Th.,out,Summer,0.049,Liga Nos,2007,2007/2008
Boavista FC,Livramento,25,Attacking Midfield,Leixões,free transfer,out,Summer,NA,Liga Nos,2007,2007/2008
Boavista FC,João Pedro,22,Defensive Midfield,ASIL Lysi,free transfer,out,Summer,NA,Liga Nos,2007,2007/2008
Boavista FC,Jaouad Zairi,25,Right Midfield,Asteras Tripoli,free transfer,out,Summer,NA,Liga Nos,2007,2007/2008
Boavista FC,Tiago,31,Defensive Midfield,Leiria,free transfer,out,Summer,NA,Liga Nos,2007,2007/2008
Boavista FC,Vítor Borges,23,Right-Back,Nogueirense,free transfer,out,Summer,NA,Liga Nos,2007,2007/2008
Boavista FC,William,39,Goalkeeper,Feirense,free transfer,out,Summer,NA,Liga Nos,2007,2007/2008
Boavista FC,Pedro Bessa,30,Right-Back,Trofense,free transfer,out,Summer,NA,Liga Nos,2007,2007/2008
Boavista FC,Fernando Dinis,24,Left-Back,Trofense,free transfer,out,Summer,NA,Liga Nos,2007,2007/2008
Boavista FC,Paulo Sousa,26,Defensive Midfield,Trofense,free transfer,out,Summer,NA,Liga Nos,2007,2007/2008
Boavista FC,Paulo Rangel,22,Centre-Forward,Baraúnas-RN,free transfer,out,Summer,NA,Liga Nos,2007,2007/2008
Boavista FC,Zé Manuel,32,Right Winger,SC Braga,free transfer,out,Summer,NA,Liga Nos,2007,2007/2008
Boavista FC,Hélder Rosário,27,Centre-Back,Málaga CF,free transfer,out,Summer,NA,Liga Nos,2007,2007/2008
Boavista FC,Nuno Pinto,20,Left-Back,Trofense,loan transfer,out,Summer,NA,Liga Nos,2007,2007/2008
Boavista FC,Marcos António,27,Centre-Forward,Trofense,loan transfer,out,Summer,NA,Liga Nos,2007,2007/2008
Boavista FC,Javier Liendo,19,Central Midfield,Nacional,?,out,Summer,NA,Liga Nos,2007,2007/2008
Boavista FC,Rui Gomes,20,Attacking Midfield,Espinho,?,out,Summer,NA,Liga Nos,2007,2007/2008
Boavista FC,Igor Rocha,23,Left-Back,Naval,?,out,Summer,NA,Liga Nos,2007,2007/2008
Boavista FC,Carlos Fernandes,28,Goalkeeper,Foolad,loan transfer,out,Summer,NA,Liga Nos,2007,2007/2008
Boavista FC,Pedro Trigueira,19,Goalkeeper,GD Ribeirão,loan transfer,out,Summer,NA,Liga Nos,2007,2007/2008
Boavista FC,Khadim Fayé,36,Goalkeeper,Retired,-,out,Summer,0,Liga Nos,2007,2007/2008
Boavista FC,Rafal Grzelak,25,Attacking Midfield,Pogon Szczecin,"End of loanJun 30, 2007",out,Summer,0,Liga Nos,2007,2007/2008
Boavista FC,Ricardo Sousa,28,Attacking Midfield,Hannover 96,"End of loanJun 30, 2007",out,Summer,0,Liga Nos,2007,2007/2008
Boavista FC,Przemyslaw Kazmierczak,25,Defensive Midfield,Pogon Szczecin,"End of loanJun 30, 2007",out,Summer,0,Liga Nos,2007,2007/2008
CS Marítimo,Bruno Fogaça,25,Centre-Forward,Skoda Xanthi,free transfer,in,Summer,NA,Liga Nos,2007,2007/2008
CS Marítimo,Antoine van der Linden,31,Centre-Back,FC Groningen,free transfer,in,Summer,NA,Liga Nos,2007,2007/2008
CS Marítimo,Bruno,33,Central Midfield,Nacional,free transfer,in,Summer,NA,Liga Nos,2007,2007/2008
CS Marítimo,Ariza Makukula,26,Centre-Forward,Sevilla FC,loan transfer,in,Summer,NA,Liga Nos,2007,2007/2008
CS Marítimo,Marcelo Boeck,22,Goalkeeper,Internacional,?,in,Summer,NA,Liga Nos,2007,2007/2008
CS Marítimo,Edder Pérez,23,Left-Back,Caracas FC,?,in,Summer,NA,Liga Nos,2007,2007/2008
CS Marítimo,Ricardo Esteves,27,Right-Back,Reggina,?,in,Summer,NA,Liga Nos,2007,2007/2008
CS Marítimo,Márcio Mossoró,24,Attacking Midfield,Internacional,loan transfer,in,Summer,NA,Liga Nos,2007,2007/2008
CS Marítimo,Fábio Felicio,25,Central Midfield,Rubin Kazan,loan transfer,in,Summer,NA,Liga Nos,2007,2007/2008
CS Marítimo,Ediglê,29,Centre-Back,Internacional,loan transfer,in,Summer,NA,Liga Nos,2007,2007/2008
CS Marítimo,Djalma,20,Right Winger,Marítimo B,-,in,Summer,0,Liga Nos,2007,2007/2008
CS Marítimo,Balú,22,Defensive Midfield,Marítimo B,-,in,Summer,0,Liga Nos,2007,2007/2008
CS Marítimo,Fahel,25,Defensive Midfield,Paços Ferreira,"End of loanJun 30, 2007",in,Summer,0,Liga Nos,2007,2007/2008
CS Marítimo,Darl Douglas,27,Right Winger,Willem II,free transfer,out,Summer,NA,Liga Nos,2007,2007/2008
CS Marítimo,Filipe Oliveira,23,Right Winger,Leixões,free transfer,out,Summer,NA,Liga Nos,2007,2007/2008
CS Marítimo,Álex von Schwedler,27,Centre-Back,Alki Larnaca,free transfer,out,Summer,NA,Liga Nos,2007,2007/2008
CS Marítimo,Martin Prest,28,Centre-Forward,Burgos CF,free transfer,out,Summer,NA,Liga Nos,2007,2007/2008
CS Marítimo,Marcelo Lipatín,30,Centre-Forward,Nacional,free transfer,out,Summer,NA,Liga Nos,2007,2007/2008
CS Marítimo,Fahel,25,Defensive Midfield,Beira-Mar,free transfer,out,Summer,NA,Liga Nos,2007,2007/2008
CS Marítimo,Sergio Pires Lopes,22,midfield,Torreense,?,out,Summer,NA,Liga Nos,2007,2007/2008
CS Marítimo,Tiquinho,21,Right Winger,AEL Limassol,?,out,Summer,NA,Liga Nos,2007,2007/2008
CS Marítimo,Pedro Fernandes,22,Goalkeeper,UD Salamanca,?,out,Summer,NA,Liga Nos,2007,2007/2008
CS Marítimo,Milton do Ó,28,Centre-Back,Trofense,?,out,Summer,NA,Liga Nos,2007,2007/2008
CS Marítimo,Zé Gomes,31,Right-Back,Konyaspor,loan transfer,out,Summer,NA,Liga Nos,2007,2007/2008
CS Marítimo,Diogo Valente,22,Left Winger,FC Porto,"End of loanJun 30, 2007",out,Summer,0,Liga Nos,2007,2007/2008
CS Marítimo,Collins Mbesuma,23,Centre-Forward,Portsmouth,"End of loanJun 30, 2007",out,Summer,0,Liga Nos,2007,2007/2008
Naval 1º de Maio,Marcelinho,22,Centre-Forward,Avaí FC,£342Th.,in,Summer,0.342,Liga Nos,2007,2007/2008
Naval 1º de Maio,Bruno Cazarine,24,Centre-Forward,Terrassa FC,free transfer,in,Summer,NA,Liga Nos,2007,2007/2008
Naval 1º de Maio,Fabricio Lopes,23,Centre-Back,Al-Ain FC,free transfer,in,Summer,NA,Liga Nos,2007,2007/2008
Naval 1º de Maio,Diego Ângelo,21,Centre-Back,Ituano,free transfer,in,Summer,NA,Liga Nos,2007,2007/2008
Naval 1º de Maio,Nicolas Godemeche,23,Central Midfield,Montpellier,free transfer,in,Summer,NA,Liga Nos,2007,2007/2008
Naval 1º de Maio,Davide Dias,24,Right Winger,SC Braga,free transfer,in,Summer,NA,Liga Nos,2007,2007/2008
Naval 1º de Maio,Eanes,26,midfield,Coritiba FC,free transfer,in,Summer,NA,Liga Nos,2007,2007/2008
Naval 1º de Maio,Tiago Freitas,26,attack,CRB,free transfer,in,Summer,NA,Liga Nos,2007,2007/2008
Naval 1º de Maio,Wandeir,27,Second Striker,Vardar,free transfer,in,Summer,NA,Liga Nos,2007,2007/2008
Naval 1º de Maio,Dani,33,Goalkeeper,Algeciras CF,free transfer,in,Summer,NA,Liga Nos,2007,2007/2008
Naval 1º de Maio,Bruno Lazaroni,26,Central Midfield,Vasco da Gama,?,in,Summer,NA,Liga Nos,2007,2007/2008
Naval 1º de Maio,Igor Rocha,23,Left-Back,Boavista,?,in,Summer,NA,Liga Nos,2007,2007/2008
Naval 1º de Maio,Felipe,22,Central Midfield,Palmeiras,?,in,Summer,NA,Liga Nos,2007,2007/2008
Naval 1º de Maio,Café,22,Goalkeeper,Coritiba FC,?,in,Summer,NA,Liga Nos,2007,2007/2008
Naval 1º de Maio,Hugo Santos,24,Left Winger,Operário Lagoa,?,in,Summer,NA,Liga Nos,2007,2007/2008
Naval 1º de Maio,Wilson Júnior,30,Goalkeeper,Without Club,-,in,Summer,0,Liga Nos,2007,2007/2008
Naval 1º de Maio,Banjai,25,Centre-Back,SC Covilhã,"End of loanJun 30, 2007",in,Summer,0,Liga Nos,2007,2007/2008
Naval 1º de Maio,Miguel Afonso,22,Centre-Back,Mirandense,"End of loanJun 30, 2007",in,Summer,0,Liga Nos,2007,2007/2008
Naval 1º de Maio,João Mendes,20,Defensive Midfield,FC Pampilhosa,"End of loanJun 30, 2007",in,Summer,0,Liga Nos,2007,2007/2008
Naval 1º de Maio,Nei,27,Centre-Forward,CSKA Sofia,£675Th.,out,Summer,0.675,Liga Nos,2007,2007/2008
Naval 1º de Maio,Orestes,26,Centre-Back,Hansa Rostock,£225Th.,out,Summer,0.225,Liga Nos,2007,2007/2008
Naval 1º de Maio,Lito,32,Right Winger,Coimbra,free transfer,out,Summer,NA,Liga Nos,2007,2007/2008
Naval 1º de Maio,André Martins,20,Centre-Forward,Fulham Res.,free transfer,out,Summer,NA,Liga Nos,2007,2007/2008
Naval 1º de Maio,Valdir,23,Left-Back,Paços Ferreira,free transfer,out,Summer,NA,Liga Nos,2007,2007/2008
Naval 1º de Maio,Fajardo,28,Attacking Midfield,Vit. Guimarães,free transfer,out,Summer,NA,Liga Nos,2007,2007/2008
Naval 1º de Maio,Tony,23,Defensive Midfield,Beira-Mar,free transfer,out,Summer,NA,Liga Nos,2007,2007/2008
Naval 1º de Maio,Osvaldo,23,Centre-Forward,Portimonense,free transfer,out,Summer,NA,Liga Nos,2007,2007/2008
Naval 1º de Maio,Fernando,33,Centre-Back,Beira-Mar,loan transfer,out,Summer,NA,Liga Nos,2007,2007/2008
Naval 1º de Maio,Pimenta,21,Left Winger,Portimonense,loan transfer,out,Summer,NA,Liga Nos,2007,2007/2008
Naval 1º de Maio,Miguel Afonso,22,Centre-Back,Anadia FC,?,out,Summer,NA,Liga Nos,2007,2007/2008
Naval 1º de Maio,João Mendes,20,Defensive Midfield,GD Tourizense,loan transfer,out,Summer,NA,Liga Nos,2007,2007/2008
Naval 1º de Maio,Tiago Fraga,26,Attacking Midfield,Without Club,-,out,Summer,0,Liga Nos,2007,2007/2008
Naval 1º de Maio,Wilson Júnior,30,Goalkeeper,Without Club,-,out,Summer,0,Liga Nos,2007,2007/2008
Naval 1º de Maio,Pedro Santos,31,Central Midfield,Without Club,-,out,Summer,0,Liga Nos,2007,2007/2008
Académica Coimbra,Licá,18,Left Winger,GDRC Social Lamas,free transfer,in,Summer,NA,Liga Nos,2007,2007/2008
Académica Coimbra,Markus Berger,22,Centre-Back,SV Ried,free transfer,in,Summer,NA,Liga Nos,2007,2007/2008
Académica Coimbra,Lito,32,Right Winger,Naval,free transfer,in,Summer,NA,Liga Nos,2007,2007/2008
Académica Coimbra,Pedro Costa,25,Right-Back,SC Braga,free transfer,in,Summer,NA,Liga Nos,2007,2007/2008
Académica Coimbra,Orlando,27,Centre-Back,Freamunde,free transfer,in,Summer,NA,Liga Nos,2007,2007/2008
Académica Coimbra,Aguinaldo,18,Centre-Forward,Alta de Lisboa,free transfer,in,Summer,NA,Liga Nos,2007,2007/2008
Académica Coimbra,Gaoussou Fofana,23,Right Winger,Sabé,?,in,Summer,NA,Liga Nos,2007,2007/2008
Académica Coimbra,William Kwabena Tiero,26,Attacking Midfield,Liberty Prof.,?,in,Summer,NA,Liga Nos,2007,2007/2008
Académica Coimbra,Patrick Vouho,20,Centre-Forward,Sabé,?,in,Summer,NA,Liga Nos,2007,2007/2008
Académica Coimbra,Pedrinho,22,Right-Back,Varzim,?,in,Summer,NA,Liga Nos,2007,2007/2008
Académica Coimbra,Horacio Peralta,25,Centre-Forward,Nacional,?,in,Summer,NA,Liga Nos,2007,2007/2008
Académica Coimbra,Ricardo Nunes,24,Goalkeeper,Varzim,?,in,Summer,NA,Liga Nos,2007,2007/2008
Académica Coimbra,Rui Nereu,21,Goalkeeper,Benfica,?,in,Summer,NA,Liga Nos,2007,2007/2008
Académica Coimbra,Cris,23,Defensive Midfield,Feirense,?,in,Summer,NA,Liga Nos,2007,2007/2008
Académica Coimbra,Milos Pavlovic,23,Defensive Midfield,Vozdovac,?,in,Summer,NA,Liga Nos,2007,2007/2008
Académica Coimbra,Pablo Castro,21,Left-Back,Bella Vista,loan transfer,in,Summer,NA,Liga Nos,2007,2007/2008
Académica Coimbra,Ivanildo,21,Right Winger,FC Porto,loan transfer,in,Summer,NA,Liga Nos,2007,2007/2008
Académica Coimbra,Pedro Ribeiro,19,Centre-Forward,Académica U19,-,in,Summer,0,Liga Nos,2007,2007/2008
Académica Coimbra,Ousmane N'Doye,29,Defensive Midfield,Al-Ettifaq,"End of loanJun 30, 2007",in,Summer,0,Liga Nos,2007,2007/2008
Académica Coimbra,Fausto Lourenço,20,Left Winger,GD Tourizense,"End of loanJun 30, 2007",in,Summer,0,Liga Nos,2007,2007/2008
Académica Coimbra,Filipe Teixeira,26,Right Winger,West Brom,£810Th.,out,Summer,0.81,Liga Nos,2007,2007/2008
Académica Coimbra,Dame N'Doye,22,Centre-Forward,Panathinaikos,£720Th.,out,Summer,0.72,Liga Nos,2007,2007/2008
Académica Coimbra,Eduardo,28,Goalkeeper,GD Tourizense,free transfer,out,Summer,NA,Liga Nos,2007,2007/2008
Académica Coimbra,Lira,24,Left-Back,H. Kfar Saba,free transfer,out,Summer,NA,Liga Nos,2007,2007/2008
Académica Coimbra,Medeiros,30,Centre-Back,Omonia Nikosia,free transfer,out,Summer,NA,Liga Nos,2007,2007/2008
Académica Coimbra,Douglas,27,Goalkeeper,Galo Maringá,free transfer,out,Summer,NA,Liga Nos,2007,2007/2008
Académica Coimbra,Nuno Luís,32,Right-Back,Omonia Nikosia,free transfer,out,Summer,NA,Liga Nos,2007,2007/2008
Académica Coimbra,Danilo Moreira,26,Centre-Back,Juventude,free transfer,out,Summer,NA,Liga Nos,2007,2007/2008
Académica Coimbra,Héldon,18,Left Winger,Caniçal,free transfer,out,Summer,NA,Liga Nos,2007,2007/2008
Académica Coimbra,Lino,30,Left-Back,FC Porto,free transfer,out,Summer,NA,Liga Nos,2007,2007/2008
Académica Coimbra,Fausto Lourenço,20,Left Winger,Anadia FC,loan transfer,out,Summer,NA,Liga Nos,2007,2007/2008
Académica Coimbra,Pedrinho,22,Right-Back,Varzim,loan transfer,out,Summer,NA,Liga Nos,2007,2007/2008
Académica Coimbra,Sílvio Gomes Nunes,24,Centre-Forward,GD Tourizense,?,out,Summer,NA,Liga Nos,2007,2007/2008
Académica Coimbra,Roberto Brum,28,Defensive Midfield,SC Braga,?,out,Summer,NA,Liga Nos,2007,2007/2008
Académica Coimbra,Pedro Ribeiro,19,Centre-Forward,GD Tourizense,loan transfer,out,Summer,NA,Liga Nos,2007,2007/2008
Académica Coimbra,Gélson,28,Centre-Forward,Without Club,-,out,Summer,0,Liga Nos,2007,2007/2008
Académica Coimbra,Luis Aguiar,22,Central Midfield,FC Porto,"End of loanMay 1, 2008",out,Summer,0,Liga Nos,2007,2007/2008
Académica Coimbra,Alexandre Rotweiller,28,Defensive Midfield,Corinthians,"End of loanJun 30, 2007",out,Summer,0,Liga Nos,2007,2007/2008
Académica Coimbra,Fatih Sonkaya,25,Right-Back,FC Porto,"End of loanJun 30, 2007",out,Summer,0,Liga Nos,2007,2007/2008
Académica Coimbra,Cláudio Pitbull,25,Centre-Forward,FC Porto,"End of loanJun 1, 2007",out,Summer,0,Liga Nos,2007,2007/2008
Académica Coimbra,Milos Pavlovic,23,Defensive Midfield,Vozdovac,"End of loanJun 30, 2007",out,Summer,0,Liga Nos,2007,2007/2008
Vitória Setúbal FC,Léo Bonfim,24,Centre-Back,Ceará SC,free transfer,in,Summer,NA,Liga Nos,2007,2007/2008
Vitória Setúbal FC,Leandro Branco,24,Right Winger,GE Juventus-SC,free transfer,in,Summer,NA,Liga Nos,2007,2007/2008
Vitória Setúbal FC,Léo Macaé,24,Centre-Forward,Corinthians,free transfer,in,Summer,NA,Liga Nos,2007,2007/2008
Vitória Setúbal FC,Edinho,24,Centre-Forward,Gil Vicente,free transfer,in,Summer,NA,Liga Nos,2007,2007/2008
Vitória Setúbal FC,Ricardo Chaves,29,Defensive Midfield,SC Braga,free transfer,in,Summer,NA,Liga Nos,2007,2007/2008
Vitória Setúbal FC,Elias,25,Defensive Midfield,Paços Ferreira,free transfer,in,Summer,NA,Liga Nos,2007,2007/2008
Vitória Setúbal FC,Jorginho,29,Left-Back,Estoril Praia,free transfer,in,Summer,NA,Liga Nos,2007,2007/2008
Vitória Setúbal FC,Eduardo,24,Goalkeeper,SC Braga,loan transfer,in,Summer,NA,Liga Nos,2007,2007/2008
Vitória Setúbal FC,Steve Antunes,16,Central Midfield,BEJUNE U18,?,in,Summer,NA,Liga Nos,2007,2007/2008
Vitória Setúbal FC,Paulinho Teles,23,Right-Back,EC Bahia,?,in,Summer,NA,Liga Nos,2007,2007/2008
Vitória Setúbal FC,Robson,23,Centre-Back,Gondomar,?,in,Summer,NA,Liga Nos,2007,2007/2008
Vitória Setúbal FC,Cláudio Pitbull,25,Centre-Forward,FC Porto,loan transfer,in,Summer,NA,Liga Nos,2007,2007/2008
Vitória Setúbal FC,Filipe Gonçalves,22,Defensive Midfield,SC Braga,loan transfer,in,Summer,NA,Liga Nos,2007,2007/2008
Vitória Setúbal FC,Bruno Gama,19,Left Winger,FC Porto,loan transfer,in,Summer,NA,Liga Nos,2007,2007/2008
Vitória Setúbal FC,Matheus,24,Right Winger,SC Braga,loan transfer,in,Summer,NA,Liga Nos,2007,2007/2008
Vitória Setúbal FC,Costinha,21,Attacking Midfield,Setúbal B,-,in,Summer,0,Liga Nos,2007,2007/2008
Vitória Setúbal FC,Portela,19,Right-Back,Setúbal U19,-,in,Summer,0,Liga Nos,2007,2007/2008
Vitória Setúbal FC,Diogo Fonseca,22,Centre-Forward,Operário Lagoa,"End of loanJun 30, 2007",in,Summer,0,Liga Nos,2007,2007/2008
Vitória Setúbal FC,Mário Carlos,24,Right Winger,Zamora CF,"End of loanJun 30, 2007",in,Summer,0,Liga Nos,2007,2007/2008
Vitória Setúbal FC,Nélson Veríssimo,30,Centre-Back,CD Fátima,free transfer,out,Summer,NA,Liga Nos,2007,2007/2008
Vitória Setúbal FC,Julien Fernandes,22,Central Midfield,Montañeros CF,free transfer,out,Summer,NA,Liga Nos,2007,2007/2008
Vitória Setúbal FC,Diogo Fonseca,22,Centre-Forward,RCD Mallorca B,free transfer,out,Summer,NA,Liga Nos,2007,2007/2008
Vitória Setúbal FC,Flávio,25,Centre-Back,Leça,free transfer,out,Summer,NA,Liga Nos,2007,2007/2008
Vitória Setúbal FC,Costinha,21,Attacking Midfield,Rio Maior,free transfer,out,Summer,NA,Liga Nos,2007,2007/2008
Vitória Setúbal FC,João Paulo,33,Goalkeeper,Foolad,free transfer,out,Summer,NA,Liga Nos,2007,2007/2008
Vitória Setúbal FC,Kevin Amuneke,21,Centre-Forward,CSKA Sofia,free transfer,out,Summer,NA,Liga Nos,2007,2007/2008
Vitória Setúbal FC,Binho,30,Defensive Midfield,Iraklis,free transfer,out,Summer,NA,Liga Nos,2007,2007/2008
Vitória Setúbal FC,Nandinho,31,Left-Back,Alki Larnaca,free transfer,out,Summer,NA,Liga Nos,2007,2007/2008
Vitória Setúbal FC,Mamadou N'Diaye,23,Centre-Back,Portimonense,?,out,Summer,NA,Liga Nos,2007,2007/2008
Vitória Setúbal FC,Pedro Russiano,22,Left-Back,Gela,?,out,Summer,NA,Liga Nos,2007,2007/2008
Vitória Setúbal FC,Inzaghi,22,Centre-Forward,Chaves,?,out,Summer,NA,Liga Nos,2007,2007/2008
Vitória Setúbal FC,Ademar,22,Attacking Midfield,Vihren,?,out,Summer,NA,Liga Nos,2007,2007/2008
Vitória Setúbal FC,Cesar La Paglia,28,Attacking Midfield,Indep. Medellín,?,out,Summer,NA,Liga Nos,2007,2007/2008
Vitória Setúbal FC,Mário Carlos,24,Right Winger,Alki Larnaca,loan transfer,out,Summer,NA,Liga Nos,2007,2007/2008
Vitória Setúbal FC,Madior,24,Centre-Back,Without Club,-,out,Summer,0,Liga Nos,2007,2007/2008
Vitória Setúbal FC,Kwame Ayew,33,Centre-Forward,Retired,-,out,Summer,0,Liga Nos,2007,2007/2008
Vitória Setúbal FC,Silvestre Varela,22,Left Winger,Sporting CP,"End of loanJun 30, 2007",out,Summer,0,Liga Nos,2007,2007/2008
Vitória Setúbal FC,André Barreto,27,Central Midfield,Wisla Kraków,"End of loanJun 30, 2007",out,Summer,0,Liga Nos,2007,2007/2008
Vitória Setúbal FC,Marcelo Labarthe,22,Defensive Midfield,Sporting CP,"End of loanJun 30, 2007",out,Summer,0,Liga Nos,2007,2007/2008
Vitória Setúbal FC,Émile Mbamba,24,attack,Arema,free transfer,out,Summer,NA,Liga Nos,2007,2007/2008
Vitória Guimarães SC,Roberto,29,Centre-Forward,Varzim,£153Th.,in,Winter,0.153,Liga Nos,2007,2007/2008
Vitória Guimarães SC,Marco Aurélio,21,Left Winger,JMalucelli,free transfer,in,Winter,NA,Liga Nos,2007,2007/2008
Vitória Guimarães SC,Tiago Targino,21,Right Winger,Manisaspor,Loan fee:£225Th.,out,Winter,0.225,Liga Nos,2007,2007/2008
Vitória Guimarães SC,Rabiola,18,Centre-Forward,FC Porto,"End of loanDec 31, 2007",out,Winter,0,Liga Nos,2007,2007/2008
FC Porto,Edson Henrique,20,Centre-Back,Figueirense FC,loan transfer,in,Winter,NA,Liga Nos,2007,2007/2008
FC Porto,Lucas Mareque,24,Left-Back,Independiente,"End of loanDec 31, 2007",in,Winter,0,Liga Nos,2007,2007/2008
FC Porto,Hélder Barbosa,20,Left Winger,Coimbra,"End of loanDec 31, 2007",in,Winter,0,Liga Nos,2007,2007/2008
FC Porto,Zequinha,20,Second Striker,Penafiel,"End of loanDec 1, 2007",in,Winter,0,Liga Nos,2007,2007/2008
FC Porto,Rabiola,18,Centre-Forward,Vit. Guimarães,"End of loanDec 31, 2007",in,Winter,0,Liga Nos,2007,2007/2008
FC Porto,Luis Aguiar,22,Central Midfield,CF Estrela,"End of loanDec 31, 2007",in,Winter,0,Liga Nos,2007,2007/2008
FC Porto,Lucas Mareque,24,Left-Back,Independiente,£1.26m,out,Winter,1.26,Liga Nos,2007,2007/2008
FC Porto,Hélder Postiga,25,Centre-Forward,Panathinaikos,Loan fee:£225Th.,out,Winter,0.225,Liga Nos,2007,2007/2008
FC Porto,Zequinha,20,Second Striker,Gondomar,loan transfer,out,Winter,NA,Liga Nos,2007,2007/2008
FC Porto,Rui Pedro,19,Attacking Midfield,CF Estrela,loan transfer,out,Winter,NA,Liga Nos,2007,2007/2008
FC Porto,Edgar Silva,20,Centre-Forward,Coimbra,loan transfer,out,Winter,NA,Liga Nos,2007,2007/2008
FC Porto,Edson Henrique,20,Centre-Back,Belenenses,loan transfer,out,Winter,NA,Liga Nos,2007,2007/2008
FC Porto,Luis Aguiar,22,Central Midfield,Coimbra,loan transfer,out,Winter,NA,Liga Nos,2007,2007/2008
Sporting CP,Rodrigo Tiuí,22,Centre-Forward,Fluminense,?,in,Winter,NA,Liga Nos,2007,2007/2008
Sporting CP,Leandro Grimi,22,Left-Back,AC Milan,loan transfer,in,Winter,NA,Liga Nos,2007,2007/2008
Sporting CP,Adrien Silva,18,Central Midfield,Sporting U19,-,in,Winter,0,Liga Nos,2007,2007/2008
Sporting CP,Luis Páez,18,Centre-Forward,Sporting U19,-,in,Winter,0,Liga Nos,2007,2007/2008
Sporting CP,Celestino,20,Defensive Midfield,Estoril Praia,"End of loanDec 31, 2007",in,Winter,0,Liga Nos,2007,2007/2008
Sporting CP,João Martins,19,Attacking Midfield,Olhanense,"End of loanDec 31, 2007",in,Winter,0,Liga Nos,2007,2007/2008
Sporting CP,Fábio Paim,19,Right Midfield,Trofense,"End of loanDec 1, 2007",in,Winter,0,Liga Nos,2007,2007/2008
Sporting CP,André Marques,20,Left-Back,Leiria,"End of loanDec 1, 2007",in,Winter,0,Liga Nos,2007,2007/2008
Sporting CP,Daniel Carriço,19,Centre-Back,Olhanense,"End of loanDec 31, 2007",in,Winter,0,Liga Nos,2007,2007/2008
Sporting CP,Yannick Pupo,19,Attacking Midfield,Juventude,"End of loanFeb 1, 2008",in,Winter,0,Liga Nos,2007,2007/2008
Sporting CP,Carlos Paredes,31,Defensive Midfield,Olimpia,free transfer,out,Winter,NA,Liga Nos,2007,2007/2008
Sporting CP,Celestino,20,Defensive Midfield,CF Estrela,loan transfer,out,Winter,NA,Liga Nos,2007,2007/2008
Sporting CP,Fábio Paim,19,Right Midfield,Paços Ferreira,loan transfer,out,Winter,NA,Liga Nos,2007,2007/2008
Sporting CP,Yannick Pupo,19,Attacking Midfield,Palmeiras,loan transfer,out,Winter,NA,Liga Nos,2007,2007/2008
Sporting CP,João Martins,19,Attacking Midfield,Olivais,loan transfer,out,Winter,NA,Liga Nos,2007,2007/2008
Sporting CP,André Marques,20,Left-Back,Freamunde,loan transfer,out,Winter,NA,Liga Nos,2007,2007/2008
Sporting CP,Daniel Carriço,19,Centre-Back,AEL Limassol,loan transfer,out,Winter,NA,Liga Nos,2007,2007/2008
Sporting CP,Marián Had,25,Centre-Back,Loko Moscow,"End of loanDec 1, 2007",out,Winter,0,Liga Nos,2007,2007/2008
SL Benfica,Ariza Makukula,26,Centre-Forward,Sevilla FC,£3.15m,in,Winter,3.15,Liga Nos,2007,2007/2008
SL Benfica,Laszlo Sepsi,20,Left-Back,Gloria Bistrita,£1.35m,in,Winter,1.35,Liga Nos,2007,2007/2008
SL Benfica,Rafik Halliche,21,Centre-Back,NA Hussein Dey,£270Th.,in,Winter,0.27,Liga Nos,2007,2007/2008
SL Benfica,Rúben Lima,18,Left-Back,Benfica U19,-,in,Winter,0,Liga Nos,2007,2007/2008
SL Benfica,Diego Souza,22,Centre-Forward,Grêmio,"End of loanDec 31, 2007",in,Winter,0,Liga Nos,2007,2007/2008
SL Benfica,Andrey Karyaka,29,Left Winger,Saturn,"End of loanDec 1, 2007",in,Winter,0,Liga Nos,2007,2007/2008
SL Benfica,Marcel,26,Centre-Forward,Grêmio,"End of loanDec 1, 2007",in,Winter,0,Liga Nos,2007,2007/2008
SL Benfica,Marco Ferreira,29,Right Winger,Leicester,"End of loanDec 31, 2007",in,Winter,0,Liga Nos,2007,2007/2008
SL Benfica,Marcel,26,Centre-Forward,Cruzeiro,"End of loanApr 1, 2008",in,Winter,0,Liga Nos,2007,2007/2008
SL Benfica,Diego Souza,22,Centre-Forward,Desp. Brasil,£3.38m,out,Winter,3.38,Liga Nos,2007,2007/2008
SL Benfica,Andrey Karyaka,29,Left Winger,Saturn,£1.80m,out,Winter,1.8,Liga Nos,2007,2007/2008
SL Benfica,Gonzalo Bergessio,23,Centre-Forward,San Lorenzo,£1.62m,out,Winter,1.62,Liga Nos,2007,2007/2008
SL Benfica,Andrés Díaz,24,Right Midfield,CA Banfield,Loan fee:£198Th.,out,Winter,0.198,Liga Nos,2007,2007/2008
SL Benfica,Miguelito,26,Left-Back,SC Braga,free transfer,out,Winter,NA,Liga Nos,2007,2007/2008
SL Benfica,Rúben Lima,18,Left-Back,Desportivo Aves,loan transfer,out,Winter,NA,Liga Nos,2007,2007/2008
SL Benfica,Marco Ferreira,29,Right Winger,Belenenses,loan transfer,out,Winter,NA,Liga Nos,2007,2007/2008
SL Benfica,Dabao Yu,19,Centre-Back,Desportivo Aves,loan transfer,out,Winter,NA,Liga Nos,2007,2007/2008
SL Benfica,Rafik Halliche,21,Centre-Back,Nacional,loan transfer,out,Winter,NA,Liga Nos,2007,2007/2008
SL Benfica,Bruno Costa,21,Goalkeeper,CS Otopeni,loan transfer,out,Winter,NA,Liga Nos,2007,2007/2008
SL Benfica,Romeu Ribeiro,18,Defensive Midfield,Desportivo Aves,loan transfer,out,Winter,NA,Liga Nos,2007,2007/2008
SL Benfica,Marcel,26,Centre-Forward,Cruzeiro,loan transfer,out,Winter,NA,Liga Nos,2007,2007/2008
SL Benfica,Fábio Coentrão,19,Left-Back,Nacional,loan transfer,out,Winter,NA,Liga Nos,2007,2007/2008
SL Benfica,Miguel Vítor,18,Centre-Back,Desportivo Aves,loan transfer,out,Winter,NA,Liga Nos,2007,2007/2008
SC Braga,Miguelito,26,Left-Back,Benfica,free transfer,in,Winter,NA,Liga Nos,2007,2007/2008
SC Braga,Pablo Contreras,29,Centre-Back,Celta de Vigo,free transfer,in,Winter,NA,Liga Nos,2007,2007/2008
SC Braga,Breno,21,Centre-Back,Náutico,free transfer,in,Winter,NA,Liga Nos,2007,2007/2008
SC Braga,Pizzi,18,Attacking Midfield,Braga U19,-,in,Winter,0,Liga Nos,2007,2007/2008
SC Braga,Matheus,24,Right Winger,Vitória Setúbal,"End of loanDec 31, 2007",in,Winter,0,Liga Nos,2007,2007/2008
SC Braga,Luisinho,22,Left-Back,Rio Ave FC,"End of loanDec 1, 2007",in,Winter,0,Liga Nos,2007,2007/2008
SC Braga,Vítor Hugo,19,Right-Back,Maria da Fonte,?,out,Winter,NA,Liga Nos,2007,2007/2008
SC Braga,Luisinho,22,Left-Back,Moreirense,?,out,Winter,NA,Liga Nos,2007,2007/2008
SC Braga,Hussein Yasser,25,Attacking Midfield,Boavista,loan transfer,out,Winter,NA,Liga Nos,2007,2007/2008
SC Braga,Castanheira,30,Central Midfield,Leixões,loan transfer,out,Winter,NA,Liga Nos,2007,2007/2008
SC Braga,Anilton Júnior,27,Centre-Back,Pandurii,loan transfer,out,Winter,NA,Liga Nos,2007,2007/2008
SC Braga,Jahirsino Baylón,19,Centre-Forward,Alianza Lima,loan transfer,out,Winter,NA,Liga Nos,2007,2007/2008
SC Braga,João Pinto,36,Second Striker,Retired,-,out,Winter,0,Liga Nos,2007,2007/2008
SC Braga,Lenny,19,Right Winger,Fluminense,"End of loanDec 31, 2007",out,Winter,0,Liga Nos,2007,2007/2008
FC Paços de Ferreira,Carlos Carneiro,33,Centre-Forward,Walsall,free transfer,in,Winter,NA,Liga Nos,2007,2007/2008
FC Paços de Ferreira,Paulo Sousa,32,Defensive Midfield,APOP Kinyras,loan transfer,in,Winter,NA,Liga Nos,2007,2007/2008
FC Paços de Ferreira,William,25,Centre-Forward,Cabofriense,?,in,Winter,NA,Liga Nos,2007,2007/2008
FC Paços de Ferreira,Fábio Paim,19,Right Midfield,Sporting CP,loan transfer,in,Winter,NA,Liga Nos,2007,2007/2008
FC Paços de Ferreira,Phil Jackson Ibargüen,22,Centre-Forward,S. João Ver,"End of loanDec 31, 2007",in,Winter,0,Liga Nos,2007,2007/2008
FC Paços de Ferreira,Márcio Carioca,24,Centre-Forward,CD Fátima,"End of loanFeb 1, 2008",in,Winter,0,Liga Nos,2007,2007/2008
FC Paços de Ferreira,Paulo Gomes,32,Defensive Midfield,Penafiel,free transfer,out,Winter,NA,Liga Nos,2007,2007/2008
FC Paços de Ferreira,Édson Di,28,attack,América-RN,free transfer,out,Winter,NA,Liga Nos,2007,2007/2008
FC Paços de Ferreira,Márcio Carioca,24,Centre-Forward,CD Fátima,?,out,Winter,NA,Liga Nos,2007,2007/2008
FC Paços de Ferreira,Márcio Carioca,24,Centre-Forward,CD Fátima,loan transfer,out,Winter,NA,Liga Nos,2007,2007/2008
FC Paços de Ferreira,Phil Jackson Ibargüen,22,Centre-Forward,Tondela,loan transfer,out,Winter,NA,Liga Nos,2007,2007/2008
Leixões SC,Jaime Júnior,28,Attacking Midfield,Racing Ferrol,free transfer,in,Winter,NA,Liga Nos,2007,2007/2008
Leixões SC,Castanheira,30,Central Midfield,SC Braga,loan transfer,in,Winter,NA,Liga Nos,2007,2007/2008
Leixões SC,João Moreira,21,Centre-Forward,Valencia,loan transfer,in,Winter,NA,Liga Nos,2007,2007/2008
Leixões SC,Marques,22,Centre-Forward,Anápolis-GO,loan transfer,in,Winter,NA,Liga Nos,2007,2007/2008
Leixões SC,Paulo Tavares,22,Attacking Midfield,GD Ribeirão,"End of loanDec 31, 2007",in,Winter,0,Liga Nos,2007,2007/2008
Leixões SC,Livramento,25,Attacking Midfield,Rio Ave FC,free transfer,out,Winter,NA,Liga Nos,2007,2007/2008
Leixões SC,Cadinha,23,Attacking Midfield,GD Ribeirão,loan transfer,out,Winter,NA,Liga Nos,2007,2007/2008
Leixões SC,Paulo Vinícius,23,Centre-Back,Olhanense,loan transfer,out,Winter,NA,Liga Nos,2007,2007/2008
Leixões SC,Marco Cadete,29,Right-Back,Gondomar,loan transfer,out,Winter,NA,Liga Nos,2007,2007/2008
Leixões SC,Paulo Tavares,22,Attacking Midfield,Estoril Praia,loan transfer,out,Winter,NA,Liga Nos,2007,2007/2008
Leixões SC,Jaime Júnior,28,Attacking Midfield,Without Club,-,out,Winter,0,Liga Nos,2007,2007/2008
Leixões SC,Tales Schütz,26,Centre-Forward,União Esporte Clube (MT),"End of loanDec 31, 2007",out,Winter,0,Liga Nos,2007,2007/2008
União de Leiria,Arvid Smit,27,Central Midfield,Marítimo,loan transfer,in,Winter,NA,Liga Nos,2007,2007/2008
União de Leiria,Marcelinho,29,Centre-Forward,Cabofriense,loan transfer,in,Winter,NA,Liga Nos,2007,2007/2008
União de Leiria,Ferreira,28,Centre-Forward,Náutico,"End of loanDec 31, 2007",in,Winter,0,Liga Nos,2007,2007/2008
União de Leiria,Harison,27,Right Winger,Goiás EC,"End of loanDec 1, 2007",in,Winter,0,Liga Nos,2007,2007/2008
União de Leiria,João Paulo,27,Centre-Forward,Rapid Bucharest,£1.08m,out,Winter,1.08,Liga Nos,2007,2007/2008
União de Leiria,Ferreira,29,Centre-Forward,Ulsan Hyundai,free transfer,out,Winter,NA,Liga Nos,2007,2007/2008
União de Leiria,Marco Soares,23,Defensive Midfield,Pandurii,loan transfer,out,Winter,NA,Liga Nos,2007,2007/2008
União de Leiria,Ousséni Zongo,23,Defensive Midfield,Gil Vicente,loan transfer,out,Winter,NA,Liga Nos,2007,2007/2008
União de Leiria,Renato,34,Centre-Back,Without Club,-,out,Winter,0,Liga Nos,2007,2007/2008
União de Leiria,Maciel,29,Right Winger,Without Club,-,out,Winter,0,Liga Nos,2007,2007/2008
União de Leiria,André Marques,20,Left-Back,Sporting CP,"End of loanDec 1, 2007",out,Winter,0,Liga Nos,2007,2007/2008
União de Leiria,Marcelinho,29,Centre-Forward,Cabofriense,"End of loanApr 1, 2008",out,Winter,0,Liga Nos,2007,2007/2008
CD Nacional,Edson Sitta,24,Defensive Midfield,Corinthians,free transfer,in,Winter,NA,Liga Nos,2007,2007/2008
CD Nacional,Fábio Coentrão,19,Left-Back,Benfica,loan transfer,in,Winter,NA,Liga Nos,2007,2007/2008
CD Nacional,Rafik Halliche,21,Centre-Back,Benfica,loan transfer,in,Winter,NA,Liga Nos,2007,2007/2008
CD Nacional,Reinaldo,23,Attacking Midfield,Palmeiras,loan transfer,in,Winter,NA,Liga Nos,2007,2007/2008
CD Nacional,Fabiano Oliveira,20,Centre-Forward,Flamengo,loan transfer,in,Winter,NA,Liga Nos,2007,2007/2008
CD Nacional,Rogerinho,27,Attacking Midfield,Bragantino,"End of loanDec 31, 2007",in,Winter,0,Liga Nos,2007,2007/2008
CD Nacional,Diego Benaglio,24,Goalkeeper,VfL Wolfsburg,£1.35m,out,Winter,1.35,Liga Nos,2007,2007/2008
CD Nacional,Fernando Ávalos,29,Centre-Back,MSV Duisburg,£180Th.,out,Winter,0.18,Liga Nos,2007,2007/2008
CD Nacional,Zé Vítor,25,Right Midfield,FC St. Gallen,£90Th.,out,Winter,0.09,Liga Nos,2007,2007/2008
CD Nacional,Rogerinho,27,Attacking Midfield,União Madeira,free transfer,out,Winter,NA,Liga Nos,2007,2007/2008
CD Nacional,Edu Sales,30,Centre-Forward,Figueirense FC,free transfer,out,Winter,NA,Liga Nos,2007,2007/2008
CD Nacional,Geufer,27,Centre-Forward,Villa Nova AC,free transfer,out,Winter,NA,Liga Nos,2007,2007/2008
CD Nacional,Cássio,24,Centre-Forward,CSKA Sofia,loan transfer,out,Winter,NA,Liga Nos,2007,2007/2008
CD Nacional,Bruno Basto,29,Left-Back,Shinnik,?,out,Winter,NA,Liga Nos,2007,2007/2008
CD Nacional,João Moreira,21,Centre-Forward,Valencia,"End of loanDec 31, 2007",out,Winter,0,Liga Nos,2007,2007/2008
Clube Futebol Estrela da Amadora,Celestino,20,Defensive Midfield,Sporting CP,loan transfer,in,Winter,NA,Liga Nos,2007,2007/2008
Clube Futebol Estrela da Amadora,Rui Pedro,19,Attacking Midfield,FC Porto,loan transfer,in,Winter,NA,Liga Nos,2007,2007/2008
Clube Futebol Estrela da Amadora,Mendonça,25,Right Winger,Belenenses,loan transfer,in,Winter,NA,Liga Nos,2007,2007/2008
Clube Futebol Estrela da Amadora,Giancarlo,25,Centre-Forward,Náutico,loan transfer,in,Winter,NA,Liga Nos,2007,2007/2008
Clube Futebol Estrela da Amadora,Adul Baldé,18,Centre-Forward,E. Amadora U19,-,in,Winter,0,Liga Nos,2007,2007/2008
Clube Futebol Estrela da Amadora,Marcelo Resende,20,Attacking Midfield,Olivais,"End of loanDec 1, 2007",in,Winter,0,Liga Nos,2007,2007/2008
Clube Futebol Estrela da Amadora,Cardoso,23,Centre-Back,Pandurii,£315Th.,out,Winter,0.315,Liga Nos,2007,2007/2008
Clube Futebol Estrela da Amadora,Johnny,28,Right Winger,Pandurii,£153Th.,out,Winter,0.153,Liga Nos,2007,2007/2008
Clube Futebol Estrela da Amadora,Daniel,27,Defensive Midfield,Pandurii,£117Th.,out,Winter,0.117,Liga Nos,2007,2007/2008
Clube Futebol Estrela da Amadora,Moses Sakyi,26,Centre-Forward,AEL Limassol,free transfer,out,Winter,NA,Liga Nos,2007,2007/2008
Clube Futebol Estrela da Amadora,Jeremiah Ani,22,Centre-Forward,Gondomar,free transfer,out,Winter,NA,Liga Nos,2007,2007/2008
Clube Futebol Estrela da Amadora,Fábio Nunes,27,Attacking Midfield,Pandurii,free transfer,out,Winter,NA,Liga Nos,2007,2007/2008
Clube Futebol Estrela da Amadora,Mossoró,22,Centre-Forward,Democrata,free transfer,out,Winter,NA,Liga Nos,2007,2007/2008
Clube Futebol Estrela da Amadora,Marcelo Resende,20,Attacking Midfield,Sintrense,loan transfer,out,Winter,NA,Liga Nos,2007,2007/2008
Clube Futebol Estrela da Amadora,Luis Aguiar,22,Central Midfield,FC Porto,"End of loanDec 31, 2007",out,Winter,0,Liga Nos,2007,2007/2008
Boavista FC,Luís Loureiro,31,Defensive Midfield,Anorthosis,free transfer,in,Winter,NA,Liga Nos,2007,2007/2008
Boavista FC,Araújo,19,Centre-Back,EC Vitória B,free transfer,in,Winter,NA,Liga Nos,2007,2007/2008
Boavista FC,Brayan Angulo,18,Left-Back,CD América,?,in,Winter,NA,Liga Nos,2007,2007/2008
Boavista FC,Hussein Yasser,25,Attacking Midfield,SC Braga,loan transfer,in,Winter,NA,Liga Nos,2007,2007/2008
Boavista FC,Ricardo Silva,32,Centre-Back,Shinnik,£270Th.,out,Winter,0.27,Liga Nos,2007,2007/2008
Boavista FC,Rafal Grzelak,25,Attacking Midfield,Skoda Xanthi,£225Th.,out,Winter,0.225,Liga Nos,2007,2007/2008
Boavista FC,Krzysztof Kazimierczak,26,Left-Back,Pol. Warsaw,free transfer,out,Winter,NA,Liga Nos,2007,2007/2008
Boavista FC,Marquinhos,24,Right-Back,Vasco da Gama,free transfer,out,Winter,NA,Liga Nos,2007,2007/2008
Boavista FC,Guy Stephane Essamé,23,Central Midfield,Terek Grozny,free transfer,out,Winter,NA,Liga Nos,2007,2007/2008
Boavista FC,Sambégou Bangoura,25,Centre-Forward,Cádiz CF,loan transfer,out,Winter,NA,Liga Nos,2007,2007/2008
Boavista FC,Milos Bosancic,19,Attacking Midfield,Partizan,"End of loanNov 1, 2007",out,Winter,0,Liga Nos,2007,2007/2008
CS Marítimo,João Guilherme,21,Centre-Back,Internacional,£126Th.,in,Winter,0.126,Liga Nos,2007,2007/2008
CS Marítimo,Anderson Gomes,22,Right Winger,Coritiba FC,free transfer,in,Winter,NA,Liga Nos,2007,2007/2008
CS Marítimo,André Pinto,29,Centre-Forward,Kyoto Sanga,?,in,Winter,NA,Liga Nos,2007,2007/2008
CS Marítimo,Adriano,28,Defensive Midfield,Paraná,?,in,Winter,NA,Liga Nos,2007,2007/2008
CS Marítimo,João Luiz,22,Defensive Midfield,Marítimo U19,-,in,Winter,0,Liga Nos,2007,2007/2008
CS Marítimo,Nilson Sergipano,27,Centre-Forward,Coruripe,"End of loanNov 1, 2007",in,Winter,0,Liga Nos,2007,2007/2008
CS Marítimo,Fábio,29,Goalkeeper,Guaratinguetá,free transfer,out,Winter,NA,Liga Nos,2007,2007/2008
CS Marítimo,Cédric Moukouri,28,Centre-Forward,Trofense,loan transfer,out,Winter,NA,Liga Nos,2007,2007/2008
CS Marítimo,Arvid Smit,27,Central Midfield,Leiria,loan transfer,out,Winter,NA,Liga Nos,2007,2007/2008
CS Marítimo,Nilson Sergipano,27,Centre-Forward,Confiança-SE,loan transfer,out,Winter,NA,Liga Nos,2007,2007/2008
CS Marítimo,Ariza Makukula,26,Centre-Forward,Sevilla FC,"End of loanDec 31, 2007",out,Winter,0,Liga Nos,2007,2007/2008
Naval 1º de Maio,Marinho,24,Right Winger,CD Fátima,£90Th.,in,Winter,0.09,Liga Nos,2007,2007/2008
Naval 1º de Maio,Bruno Cazarine,24,Centre-Forward,Bragantino,free transfer,out,Winter,NA,Liga Nos,2007,2007/2008
Naval 1º de Maio,Banjai,26,Centre-Back,Louletano,loan transfer,out,Winter,NA,Liga Nos,2007,2007/2008
Naval 1º de Maio,Felipe,22,Central Midfield,Louletano,?,out,Winter,NA,Liga Nos,2007,2007/2008
Naval 1º de Maio,Solimar,32,Attacking Midfield,Portimonense,loan transfer,out,Winter,NA,Liga Nos,2007,2007/2008
Naval 1º de Maio,Wandeir,27,Second Striker,Pandurii,loan transfer,out,Winter,NA,Liga Nos,2007,2007/2008
Académica Coimbra,Cléber,25,Left-Back,Marília,free transfer,in,Winter,NA,Liga Nos,2007,2007/2008
Académica Coimbra,Edgar Silva,20,Centre-Forward,FC Porto,loan transfer,in,Winter,NA,Liga Nos,2007,2007/2008
Académica Coimbra,Irineu,24,Centre-Back,Cruzeiro,loan transfer,in,Winter,NA,Liga Nos,2007,2007/2008
Académica Coimbra,Luis Aguiar,22,Central Midfield,FC Porto,loan transfer,in,Winter,NA,Liga Nos,2007,2007/2008
Académica Coimbra,Cristiano,18,Central Midfield,Académica U19,-,in,Winter,0,Liga Nos,2007,2007/2008
Académica Coimbra,Pedrinho,22,Right-Back,Varzim,"End of loanDec 31, 2007",in,Winter,0,Liga Nos,2007,2007/2008
Académica Coimbra,Ousmane N'Doye,29,Defensive Midfield,FC Vaslui,£450Th.,out,Winter,0.45,Liga Nos,2007,2007/2008
Académica Coimbra,Néstor Álvarez,27,Centre-Forward,Funda UAM,free transfer,out,Winter,NA,Liga Nos,2007,2007/2008
Académica Coimbra,Horacio Peralta,25,Centre-Forward,Bella Vista,?,out,Winter,NA,Liga Nos,2007,2007/2008
Académica Coimbra,Sarmento,22,Right-Back,Varzim,loan transfer,out,Winter,NA,Liga Nos,2007,2007/2008
Académica Coimbra,Patrick Vouho,20,Centre-Forward,Portimonense,loan transfer,out,Winter,NA,Liga Nos,2007,2007/2008
Académica Coimbra,Szabolcs Gyánó,27,Centre-Forward,Beira-Mar,loan transfer,out,Winter,NA,Liga Nos,2007,2007/2008
Académica Coimbra,Litos,33,Centre-Back,Retired,-,out,Winter,0,Liga Nos,2007,2007/2008
Académica Coimbra,Pablo Castro,21,Left-Back,Bella Vista,"End of loanNov 1, 2007",out,Winter,0,Liga Nos,2007,2007/2008
Académica Coimbra,Hélder Barbosa,20,Left Winger,FC Porto,"End of loanDec 31, 2007",out,Winter,0,Liga Nos,2007,2007/2008
Vitória Setúbal FC,Bruno Severino,21,Right Winger,Gondomar,?,in,Winter,NA,Liga Nos,2007,2007/2008
Vitória Setúbal FC,Edinho,25,Centre-Forward,AEK Athens,Loan fee:£135Th.,out,Winter,0.135,Liga Nos,2007,2007/2008
Vitória Setúbal FC,Léo Macaé,24,Centre-Forward,Coruripe,free transfer,out,Winter,NA,Liga Nos,2007,2007/2008
Vitória Setúbal FC,Matheus,24,Right Winger,SC Braga,"End of loanDec 31, 2007",out,Winter,0,Liga Nos,2007,2007/2008
