club_name,player_name,age,position,club_involved_name,fee,transfer_movement,transfer_period,fee_cleaned,league_name,year,season
Arsenal FC,Ben White,23,Centre-Back,Brighton,£52.65m,in,Summer,52.65,Premier League,2021,2021/2022
Arsenal FC,Martin Ødegaard,22,Attacking Midfield,Real Madrid,£31.50m,in,Summer,31.5,Premier League,2021,2021/2022
Arsenal FC,Aaron Ramsdale,23,Goalkeeper,Sheff Utd,£25.20m,in,Summer,25.2,Premier League,2021,2021/2022
Arsenal FC,Takehiro Tomiyasu,22,Right-Back,Bologna,£16.74m,in,Summer,16.74,Premier League,2021,2021/2022
Arsenal FC,Albert Sambi Lokonga,21,Central Midfield,RSC Anderlecht,£15.75m,in,Summer,15.75,Premier League,2021,2021/2022
Arsenal FC,Nuno Tavares,21,Left-Back,Benfica,£7.20m,in,Summer,7.2,Premier League,2021,2021/2022
Arsenal FC,Mattéo Guendouzi,22,Central Midfield,Hertha BSC,"End of loanJun 30, 2021",in,Summer,0,Premier League,2021,2021/2022
Arsenal FC,Lucas Torreira,25,Defensive Midfield,Atlético Madrid,"End of loanJun 30, 2021",in,Summer,0,Premier League,2021,2021/2022
Arsenal FC,Sead Kolasinac,28,Left-Back,FC Schalke 04,"End of loanJun 30, 2021",in,Summer,0,Premier League,2021,2021/2022
Arsenal FC,William Saliba,20,Centre-Back,OGC Nice,"End of loanJun 30, 2021",in,Summer,0,Premier League,2021,2021/2022
Arsenal FC,Joe Willock,21,Central Midfield,Newcastle,£26.46m,out,Summer,26.46,Premier League,2021,2021/2022
Arsenal FC,Lucas Torreira,25,Defensive Midfield,Fiorentina,Loan fee:£1.35m,out,Summer,1.35,Premier League,2021,2021/2022
Arsenal FC,Willian,33,Right Winger,Corinthians,free transfer,out,Summer,NA,Premier League,2021,2021/2022
Arsenal FC,Mattéo Guendouzi,22,Central Midfield,Marseille,loan transfer,out,Summer,NA,Premier League,2021,2021/2022
Arsenal FC,William Saliba,20,Centre-Back,Marseille,loan transfer,out,Summer,NA,Premier League,2021,2021/2022
Arsenal FC,Dejan Iliev,26,Goalkeeper,Sered,loan transfer,out,Summer,NA,Premier League,2021,2021/2022
Arsenal FC,Héctor Bellerín,26,Right-Back,Real Betis,loan transfer,out,Summer,NA,Premier League,2021,2021/2022
Arsenal FC,Rúnar Alex Rúnarsson,26,Goalkeeper,OH Leuven,loan transfer,out,Summer,NA,Premier League,2021,2021/2022
Arsenal FC,Reiss Nelson,21,Left Winger,Feyenoord,loan transfer,out,Summer,NA,Premier League,2021,2021/2022
Arsenal FC,David Luiz,34,Centre-Back,Without Club,-,out,Summer,0,Premier League,2021,2021/2022
Arsenal FC,Martin Ødegaard,22,Attacking Midfield,Real Madrid,"End of loanJun 30, 2021",out,Summer,0,Premier League,2021,2021/2022
Arsenal FC,Mathew Ryan,29,Goalkeeper,Brighton,"End of loanJun 30, 2021",out,Summer,0,Premier League,2021,2021/2022
Arsenal FC,Dani Ceballos,24,Central Midfield,Real Madrid,"End of loanJun 30, 2021",out,Summer,0,Premier League,2021,2021/2022
Aston Villa,Emiliano Buendía,24,Right Winger,Norwich,£34.56m,in,Summer,34.56,Premier League,2021,2021/2022
Aston Villa,Leon Bailey,23,Left Winger,Bay. Leverkusen,£28.80m,in,Summer,28.8,Premier League,2021,2021/2022
Aston Villa,Danny Ings,29,Centre-Forward,Southampton,£26.48m,in,Summer,26.48,Premier League,2021,2021/2022
Aston Villa,Ashley Young,35,Left-Back,Inter,free transfer,in,Summer,NA,Premier League,2021,2021/2022
Aston Villa,Axel Tuanzebe,23,Centre-Back,Man Utd,loan transfer,in,Summer,NA,Premier League,2021,2021/2022
Aston Villa,Carney Chukwuemeka,17,Central Midfield,Aston Villa U23,-,in,Summer,0,Premier League,2021,2021/2022
Aston Villa,Keinan Davis,24,Centre-Forward,Nottm Forest,"End of loanMay 31, 2022",in,Summer,0,Premier League,2021,2021/2022
Aston Villa,Conor Hourihane,31,Central Midfield,Sheff Utd,"End of loanMay 31, 2022",in,Summer,0,Premier League,2021,2021/2022
Aston Villa,Frédéric Guilbert,26,Right-Back,R. Strasbourg,"End of loanJun 30, 2021",in,Summer,0,Premier League,2021,2021/2022
Aston Villa,Ally Samatta,28,Centre-Forward,Fenerbahce,"End of loanJun 30, 2021",in,Summer,0,Premier League,2021,2021/2022
Aston Villa,Jack Grealish,25,Left Winger,Man City,£105.75m,out,Summer,105.75,Premier League,2021,2021/2022
Aston Villa,Ally Samatta,28,Centre-Forward,Fenerbahce,£5.40m,out,Summer,5.4,Premier League,2021,2021/2022
Aston Villa,Björn Engels,26,Centre-Back,Royal Antwerp,£3.15m,out,Summer,3.15,Premier League,2021,2021/2022
Aston Villa,Tom Heaton,35,Goalkeeper,Man Utd,free transfer,out,Summer,NA,Premier League,2021,2021/2022
Aston Villa,Frédéric Guilbert,26,Right-Back,R. Strasbourg,loan transfer,out,Summer,NA,Premier League,2021,2021/2022
Aston Villa,Wesley,24,Centre-Forward,Club Brugge,loan transfer,out,Summer,NA,Premier League,2021,2021/2022
Aston Villa,Conor Hourihane,30,Central Midfield,Sheff Utd,loan transfer,out,Summer,NA,Premier League,2021,2021/2022
Aston Villa,Ahmed Elmohamady,33,Right-Back,Without Club,-,out,Summer,0,Premier League,2021,2021/2022
Aston Villa,Neil Taylor,32,Left-Back,Without Club,-,out,Summer,0,Premier League,2021,2021/2022
Aston Villa,Axel Tuanzebe,24,Centre-Back,Man Utd,"End of loanMay 31, 2022",out,Summer,0,Premier League,2021,2021/2022
Brentford FC,Kristoffer Ajer,23,Centre-Back,Celtic,£14.13m,in,Summer,14.13,Premier League,2021,2021/2022
Brentford FC,Yoane Wissa,24,Left Winger,FC Lorient,£9.00m,in,Summer,9,Premier League,2021,2021/2022
Brentford FC,Frank Onyeka,23,Central Midfield,FC Midtjylland,£9.00m,in,Summer,9,Premier League,2021,2021/2022
Brentford FC,Álvaro Fernández,23,Goalkeeper,SD Huesca,Loan fee:£900Th.,in,Summer,0.9,Premier League,2021,2021/2022
Brentford FC,Mads Bidstrup,20,Central Midfield,Brentford B,-,in,Summer,0,Premier League,2021,2021/2022
Brentford FC,Zanka,31,Centre-Back,Without Club,-,in,Summer,0,Premier League,2021,2021/2022
Brentford FC,Ellery Balcombe,22,Goalkeeper,Burton Albion,"End of loanMay 31, 2022",in,Summer,0,Premier League,2021,2021/2022
Brentford FC,Julian Jeanvier,29,Centre-Back,Kasimpasa,"End of loanJun 30, 2021",in,Summer,0,Premier League,2021,2021/2022
Brentford FC,Halil Dervisoglu,21,Centre-Forward,Galatasaray,"End of loanJun 30, 2021",in,Summer,0,Premier League,2021,2021/2022
Brentford FC,Patrik Gunnarsson,20,Goalkeeper,Silkeborg IF,"End of loanJun 30, 2021",in,Summer,0,Premier League,2021,2021/2022
Brentford FC,Joel Valencia,26,Left Winger,Legia Warszawa,"End of loanJun 30, 2021",in,Summer,0,Premier League,2021,2021/2022
Brentford FC,Halil Dervisoglu,21,Centre-Forward,Galatasaray,Loan fee:£900Th.,out,Summer,0.9,Premier League,2021,2021/2022
Brentford FC,Emiliano Marcondes,26,Attacking Midfield,Bournemouth,free transfer,out,Summer,NA,Premier League,2021,2021/2022
Brentford FC,Luke Daniels,33,Goalkeeper,Middlesbrough,free transfer,out,Summer,NA,Premier League,2021,2021/2022
Brentford FC,Henrik Dalsgaard,31,Right-Back,FC Midtjylland,free transfer,out,Summer,NA,Premier League,2021,2021/2022
Brentford FC,Patrik Gunnarsson,20,Goalkeeper,Viking FK,loan transfer,out,Summer,NA,Premier League,2021,2021/2022
Brentford FC,Ellery Balcombe,21,Goalkeeper,Burton Albion,loan transfer,out,Summer,NA,Premier League,2021,2021/2022
Brentford FC,Álvaro Fernández,24,Goalkeeper,SD Huesca,"End of loanJun 30, 2022",out,Summer,0,Premier League,2021,2021/2022
Brighton & Hove Albion,Marc Cucurella,23,Left-Back,Getafe,£16.20m,in,Summer,16.2,Premier League,2021,2021/2022
Brighton & Hove Albion,Enock Mwepu,23,Central Midfield,RB Salzburg,£11.70m,in,Summer,11.7,Premier League,2021,2021/2022
Brighton & Hove Albion,Abdallah Sima,20,Right Winger,Slavia Prague,£6.03m,in,Summer,6.03,Premier League,2021,2021/2022
Brighton & Hove Albion,Kjell Scherpen,21,Goalkeeper,Ajax,£4.50m,in,Summer,4.5,Premier League,2021,2021/2022
Brighton & Hove Albion,Kaoru Mitoma,24,Left Winger,Kawasaki Front.,£2.70m,in,Summer,2.7,Premier League,2021,2021/2022
Brighton & Hove Albion,Taylor Richards,20,Attacking Midfield,Brighton U23,-,in,Summer,0,Premier League,2021,2021/2022
Brighton & Hove Albion,Haydon Roberts,19,Centre-Back,Brighton U23,-,in,Summer,0,Premier League,2021,2021/2022
Brighton & Hove Albion,Abdallah Sima,20,Right Winger,Stoke City,"End of loanMay 31, 2022",in,Summer,0,Premier League,2021,2021/2022
Brighton & Hove Albion,Jürgen Locadia,27,Centre-Forward,Cincinnati,"End of loanJun 30, 2021",in,Summer,0,Premier League,2021,2021/2022
Brighton & Hove Albion,Aaron Connolly,22,Centre-Forward,Middlesbrough,"End of loanMay 31, 2022",in,Summer,0,Premier League,2021,2021/2022
Brighton & Hove Albion,Christian Walton,26,Goalkeeper,Ipswich,"End of loanMay 31, 2022",in,Summer,0,Premier League,2021,2021/2022
Brighton & Hove Albion,Jan Paul van Hecke,21,Centre-Back,Blackburn,"End of loanMay 31, 2022",in,Summer,0,Premier League,2021,2021/2022
Brighton & Hove Albion,Kaoru Mitoma,25,Left Winger,Union SG,"End of loanJun 30, 2022",in,Summer,0,Premier League,2021,2021/2022
Brighton & Hove Albion,Matt Clarke,25,Centre-Back,West Brom,"End of loanMay 31, 2022",in,Summer,0,Premier League,2021,2021/2022
Brighton & Hove Albion,Mathew Ryan,29,Goalkeeper,Arsenal,"End of loanJun 30, 2021",in,Summer,0,Premier League,2021,2021/2022
Brighton & Hove Albion,Bernardo,26,Left-Back,RB Salzburg,"End of loanJun 30, 2021",in,Summer,0,Premier League,2021,2021/2022
Brighton & Hove Albion,Tudor Baluta,22,Defensive Midfield,Dynamo Kyiv,"End of loanJun 30, 2021",in,Summer,0,Premier League,2021,2021/2022
Brighton & Hove Albion,Jan Paul van Hecke,21,Centre-Back,Heerenveen,"End of loanJun 30, 2021",in,Summer,0,Premier League,2021,2021/2022
Brighton & Hove Albion,Jan Mlakar,22,Centre-Forward,NK Maribor,"End of loanJun 30, 2021",in,Summer,0,Premier League,2021,2021/2022
Brighton & Hove Albion,Ben White,23,Centre-Back,Arsenal,£52.65m,out,Summer,52.65,Premier League,2021,2021/2022
Brighton & Hove Albion,Percy Tau,27,Centre-Forward,El Ahly,£1.62m,out,Summer,1.62,Premier League,2021,2021/2022
Brighton & Hove Albion,Viktor Gyökeres,23,Centre-Forward,Coventry,£1.08m,out,Summer,1.08,Premier League,2021,2021/2022
Brighton & Hove Albion,Alireza Jahanbakhsh,27,Right Winger,Feyenoord,£900Th.,out,Summer,0.9,Premier League,2021,2021/2022
Brighton & Hove Albion,Michal Karbownik,20,Right-Back,Olympiacos,Loan fee:£900Th.,out,Summer,0.9,Premier League,2021,2021/2022
Brighton & Hove Albion,José Izquierdo,29,Left Winger,Club Brugge,free transfer,out,Summer,NA,Premier League,2021,2021/2022
Brighton & Hove Albion,Davy Pröpper,29,Central Midfield,PSV Eindhoven,free transfer,out,Summer,NA,Premier League,2021,2021/2022
Brighton & Hove Albion,Mathew Ryan,29,Goalkeeper,Real Sociedad,free transfer,out,Summer,NA,Premier League,2021,2021/2022
Brighton & Hove Albion,Kaoru Mitoma,24,Left Winger,Union SG,loan transfer,out,Summer,NA,Premier League,2021,2021/2022
Brighton & Hove Albion,Jan Mlakar,22,Centre-Forward,Hajduk Split,?,out,Summer,NA,Premier League,2021,2021/2022
Brighton & Hove Albion,Bernardo,26,Left-Back,RB Salzburg,?,out,Summer,NA,Premier League,2021,2021/2022
Brighton & Hove Albion,Jan Paul van Hecke,21,Centre-Back,Blackburn,loan transfer,out,Summer,NA,Premier League,2021,2021/2022
Brighton & Hove Albion,Andi Zeqiri,22,Centre-Forward,FC Augsburg,loan transfer,out,Summer,NA,Premier League,2021,2021/2022
Brighton & Hove Albion,Florin Andone,28,Centre-Forward,Cádiz CF,loan transfer,out,Summer,NA,Premier League,2021,2021/2022
Brighton & Hove Albion,Leo Östigard,21,Centre-Back,Stoke City,loan transfer,out,Summer,NA,Premier League,2021,2021/2022
Brighton & Hove Albion,Abdallah Sima,20,Right Winger,Stoke City,loan transfer,out,Summer,NA,Premier League,2021,2021/2022
Brighton & Hove Albion,Matt Clarke,24,Centre-Back,West Brom,loan transfer,out,Summer,NA,Premier League,2021,2021/2022
Brighton & Hove Albion,Christian Walton,25,Goalkeeper,Ipswich,loan transfer,out,Summer,NA,Premier League,2021,2021/2022
Brighton & Hove Albion,Moisés Caicedo,19,Central Midfield,Beerschot V.A.,loan transfer,out,Summer,NA,Premier League,2021,2021/2022
Burnley FC,Maxwel Cornet,24,Left Winger,Olympique Lyon,£13.50m,in,Summer,13.5,Premier League,2021,2021/2022
Burnley FC,Nathan Collins,20,Centre-Back,Stoke City,£12.60m,in,Summer,12.6,Premier League,2021,2021/2022
Burnley FC,Connor Roberts,25,Right-Back,Swansea,£2.61m,in,Summer,2.61,Premier League,2021,2021/2022
Burnley FC,Wayne Hennessey,34,Goalkeeper,Crystal Palace,free transfer,in,Summer,NA,Premier League,2021,2021/2022
Burnley FC,Aaron Lennon,34,Right Winger,Kayserispor,free transfer,in,Summer,NA,Premier League,2021,2021/2022
Burnley FC,Jacob Bedeau,21,Centre-Back,Scunthorpe Utd.,free transfer,in,Summer,NA,Premier League,2021,2021/2022
Burnley FC,Lukas Jensen,22,Goalkeeper,Kórdrengir,"End of loanJul 10, 2021",in,Summer,0,Premier League,2021,2021/2022
Burnley FC,Lukas Jensen,23,Goalkeeper,Carlisle United,"End of loanMay 31, 2022",in,Summer,0,Premier League,2021,2021/2022
Burnley FC,Bailey Peacock-Farrell,25,Goalkeeper,Sheff Wed,"End of loanMay 31, 2022",in,Summer,0,Premier League,2021,2021/2022
Burnley FC,Ben Gibson,28,Centre-Back,Norwich,£8.37m,out,Summer,8.37,Premier League,2021,2021/2022
Burnley FC,Lukas Jensen,22,Goalkeeper,Carlisle United,loan transfer,out,Summer,NA,Premier League,2021,2021/2022
Burnley FC,Jimmy Dunne,23,Centre-Back,QPR,?,out,Summer,NA,Premier League,2021,2021/2022
Burnley FC,Josh Benson,21,Central Midfield,Barnsley FC,?,out,Summer,NA,Premier League,2021,2021/2022
Burnley FC,Bailey Peacock-Farrell,24,Goalkeeper,Sheff Wed,loan transfer,out,Summer,NA,Premier League,2021,2021/2022
Burnley FC,Robbie Brady,29,Left Midfield,Without Club,-,out,Summer,0,Premier League,2021,2021/2022
Chelsea FC,Romelu Lukaku,28,Centre-Forward,Inter,£103.50m,in,Summer,103.5,Premier League,2021,2021/2022
Chelsea FC,Saúl Ñíguez,26,Central Midfield,Atlético Madrid,Loan fee:£4.50m,in,Summer,4.5,Premier League,2021,2021/2022
Chelsea FC,Marcus Bettinelli,29,Goalkeeper,Fulham,free transfer,in,Summer,NA,Premier League,2021,2021/2022
Chelsea FC,Trevoh Chalobah,21,Centre-Back,Chelsea U23,-,in,Summer,0,Premier League,2021,2021/2022
Chelsea FC,Malang Sarr,22,Centre-Back,FC Porto,"End of loanJun 30, 2021",in,Summer,0,Premier League,2021,2021/2022
Chelsea FC,Danilo Pantic,24,Attacking Midfield,Cukaricki,"End of loanJun 30, 2021",in,Summer,0,Premier League,2021,2021/2022
Chelsea FC,Kenedy,25,Left Winger,Granada CF,"End of loanJun 30, 2021",in,Summer,0,Premier League,2021,2021/2022
Chelsea FC,Lewis Baker,26,Central Midfield,Trabzonspor,"End of loanJun 30, 2021",in,Summer,0,Premier League,2021,2021/2022
Chelsea FC,Danny Drinkwater,32,Central Midfield,Reading,"End of loanMay 31, 2022",in,Summer,0,Premier League,2021,2021/2022
Chelsea FC,Davide Zappacosta,29,Right-Back,Genoa,"End of loanJun 30, 2021",in,Summer,0,Premier League,2021,2021/2022
Chelsea FC,Matt Miazga,25,Centre-Back,RSC Anderlecht,"End of loanJun 30, 2021",in,Summer,0,Premier League,2021,2021/2022
Chelsea FC,Tiemoué Bakayoko,26,Defensive Midfield,SSC Napoli,"End of loanJun 30, 2021",in,Summer,0,Premier League,2021,2021/2022
Chelsea FC,Abdul-Rahman Baba,27,Left-Back,Reading,"End of loanMay 31, 2022",in,Summer,0,Premier League,2021,2021/2022
Chelsea FC,Jake Clarke-Salter,24,Centre-Back,Coventry,"End of loanMay 31, 2022",in,Summer,0,Premier League,2021,2021/2022
Chelsea FC,Marco van Ginkel,28,Central Midfield,PSV Eindhoven,"End of loanJun 30, 2021",in,Summer,0,Premier League,2021,2021/2022
Chelsea FC,Victor Moses,30,Right Midfield,Spartak Moscow,"End of loanJun 30, 2021",in,Summer,0,Premier League,2021,2021/2022
Chelsea FC,Danny Drinkwater,31,Central Midfield,Kasimpasa,"End of loanJun 30, 2021",in,Summer,0,Premier League,2021,2021/2022
Chelsea FC,Fikayo Tomori,23,Centre-Back,AC Milan,"End of loanJun 30, 2021",in,Summer,0,Premier League,2021,2021/2022
Chelsea FC,Abdul-Rahman Baba,26,Left-Back,PAOK Salonika,"End of loanJun 30, 2021",in,Summer,0,Premier League,2021,2021/2022
Chelsea FC,Billy Gilmour,20,Central Midfield,Norwich,"End of loanMay 31, 2022",in,Summer,0,Premier League,2021,2021/2022
Chelsea FC,Tammy Abraham,23,Centre-Forward,AS Roma,£36.00m,out,Summer,36,Premier League,2021,2021/2022
Chelsea FC,Kurt Zouma,26,Centre-Back,West Ham,£31.50m,out,Summer,31.5,Premier League,2021,2021/2022
Chelsea FC,Fikayo Tomori,23,Centre-Back,AC Milan,£25.92m,out,Summer,25.92,Premier League,2021,2021/2022
Chelsea FC,Davide Zappacosta,29,Right-Back,Atalanta BC,£8.10m,out,Summer,8.1,Premier League,2021,2021/2022
Chelsea FC,Victor Moses,30,Right Midfield,Spartak Moscow,£4.50m,out,Summer,4.5,Premier League,2021,2021/2022
Chelsea FC,Tiemoué Bakayoko,27,Defensive Midfield,AC Milan,Loan fee:£1.80m,out,Summer,1.8,Premier League,2021,2021/2022
Chelsea FC,Olivier Giroud,34,Centre-Forward,AC Milan,£900Th.,out,Summer,0.9,Premier League,2021,2021/2022
Chelsea FC,Emerson,27,Left-Back,Olympique Lyon,Loan fee:£450Th.,out,Summer,0.45,Premier League,2021,2021/2022
Chelsea FC,Kenedy,25,Left Winger,Flamengo,Loan fee:£450Th.,out,Summer,0.45,Premier League,2021,2021/2022
Chelsea FC,Michy Batshuayi,27,Centre-Forward,Besiktas,Loan fee:£135Th.,out,Summer,0.135,Premier League,2021,2021/2022
Chelsea FC,Marco van Ginkel,28,Central Midfield,PSV Eindhoven,free transfer,out,Summer,NA,Premier League,2021,2021/2022
Chelsea FC,Izzy Brown,24,Second Striker,Preston,free transfer,out,Summer,NA,Premier League,2021,2021/2022
Chelsea FC,Danilo Pantic,24,Attacking Midfield,Partizan,free transfer,out,Summer,NA,Premier League,2021,2021/2022
Chelsea FC,Matt Miazga,26,Centre-Back,Alavés,loan transfer,out,Summer,NA,Premier League,2021,2021/2022
Chelsea FC,Billy Gilmour,20,Central Midfield,Norwich,loan transfer,out,Summer,NA,Premier League,2021,2021/2022
Chelsea FC,Abdul-Rahman Baba,27,Left-Back,Reading,loan transfer,out,Summer,NA,Premier League,2021,2021/2022
Chelsea FC,Danny Drinkwater,31,Central Midfield,Reading,loan transfer,out,Summer,NA,Premier League,2021,2021/2022
Chelsea FC,Ethan Ampadu,20,Centre-Back,Venezia,loan transfer,out,Summer,NA,Premier League,2021,2021/2022
Chelsea FC,Jake Clarke-Salter,23,Centre-Back,Coventry,loan transfer,out,Summer,NA,Premier League,2021,2021/2022
Chelsea FC,Jamal Blackman,27,Goalkeeper,Without Club,-,out,Summer,0,Premier League,2021,2021/2022
Chelsea FC,Willy Caballero,39,Goalkeeper,Without Club,-,out,Summer,0,Premier League,2021,2021/2022
Crystal Palace,Marc Guehi,21,Centre-Back,Chelsea U23,£21.00m,in,Summer,21,Premier League,2021,2021/2022
Crystal Palace,Joachim Andersen,25,Centre-Back,Olympique Lyon,£15.75m,in,Summer,15.75,Premier League,2021,2021/2022
Crystal Palace,Odsonne Edouard,23,Centre-Forward,Celtic,£14.67m,in,Summer,14.67,Premier League,2021,2021/2022
Crystal Palace,Michael Olise,19,Attacking Midfield,Reading,£8.37m,in,Summer,8.37,Premier League,2021,2021/2022
Crystal Palace,Will Hughes,26,Central Midfield,Watford,£6.30m,in,Summer,6.3,Premier League,2021,2021/2022
Crystal Palace,Jacob Montes,22,Attacking Midfield,Georgetown,free transfer,in,Summer,NA,Premier League,2021,2021/2022
Crystal Palace,Remi Matthews,27,Goalkeeper,Sunderland,free transfer,in,Summer,NA,Premier League,2021,2021/2022
Crystal Palace,Conor Gallagher,21,Central Midfield,Chelsea U23,loan transfer,in,Summer,NA,Premier League,2021,2021/2022
Crystal Palace,Jaroslaw Jach,27,Centre-Back,Rakow,"End of loanJun 30, 2021",in,Summer,0,Premier League,2021,2021/2022
Crystal Palace,James McCarthy,30,Central Midfield,Celtic,free transfer,out,Summer,NA,Premier League,2021,2021/2022
Crystal Palace,Wayne Hennessey,34,Goalkeeper,Burnley,free transfer,out,Summer,NA,Premier League,2021,2021/2022
Crystal Palace,Mamadou Sakho,31,Centre-Back,Montpellier,free transfer,out,Summer,NA,Premier League,2021,2021/2022
Crystal Palace,Patrick van Aanholt,30,Left-Back,Galatasaray,free transfer,out,Summer,NA,Premier League,2021,2021/2022
Crystal Palace,Andros Townsend,30,Right Winger,Everton,free transfer,out,Summer,NA,Premier League,2021,2021/2022
Crystal Palace,Scott Dann,34,Centre-Back,Reading,free transfer,out,Summer,NA,Premier League,2021,2021/2022
Crystal Palace,Gary Cahill,35,Centre-Back,Bournemouth,free transfer,out,Summer,NA,Premier League,2021,2021/2022
Crystal Palace,Jacob Montes,22,Attacking Midfield,Waasl.-Beveren,loan transfer,out,Summer,NA,Premier League,2021,2021/2022
Crystal Palace,Connor Wickham,28,Centre-Forward,Without Club,-,out,Summer,0,Premier League,2021,2021/2022
Crystal Palace,Sam Woods,22,Centre-Back,Without Club,-,out,Summer,0,Premier League,2021,2021/2022
Crystal Palace,Stephen Henderson,33,Goalkeeper,Without Club,-,out,Summer,0,Premier League,2021,2021/2022
Crystal Palace,Conor Gallagher,22,Central Midfield,Chelsea U23,"End of loanMay 31, 2022",out,Summer,0,Premier League,2021,2021/2022
Everton FC,Demarai Gray,25,Left Winger,Bay. Leverkusen,£1.80m,in,Summer,1.8,Premier League,2021,2021/2022
Everton FC,Salomón Rondón,31,Centre-Forward,DL Pro,free transfer,in,Summer,NA,Premier League,2021,2021/2022
Everton FC,Asmir Begovic,34,Goalkeeper,Bournemouth,free transfer,in,Summer,NA,Premier League,2021,2021/2022
Everton FC,Andros Townsend,30,Right Winger,Crystal Palace,free transfer,in,Summer,NA,Premier League,2021,2021/2022
Everton FC,Andy Lonergan,37,Goalkeeper,West Brom,free transfer,in,Summer,NA,Premier League,2021,2021/2022
Everton FC,Moise Kean,21,Centre-Forward,Paris SG,"End of loanJun 30, 2021",in,Summer,0,Premier League,2021,2021/2022
Everton FC,Jonjoe Kenny,24,Right-Back,Celtic,"End of loanJun 30, 2021",in,Summer,0,Premier League,2021,2021/2022
Everton FC,Cenk Tosun,30,Centre-Forward,Besiktas,"End of loanJun 30, 2021",in,Summer,0,Premier League,2021,2021/2022
Everton FC,James Rodríguez,30,Attacking Midfield,Al-Rayyan SC,£7.20m,out,Summer,7.2,Premier League,2021,2021/2022
Everton FC,Moise Kean,21,Centre-Forward,Juventus,Loan fee:£6.30m,out,Summer,6.3,Premier League,2021,2021/2022
Everton FC,Bernard,28,Left Winger,Sharjah FC,£900Th.,out,Summer,0.9,Premier League,2021,2021/2022
Everton FC,Joshua King,29,Second Striker,Watford,free transfer,out,Summer,NA,Premier League,2021,2021/2022
Everton FC,Beni Baningime,22,Central Midfield,Heart of Midl.,free transfer,out,Summer,NA,Premier League,2021,2021/2022
Everton FC,Yannick Bolasie,32,Left Winger,C. Rizespor,free transfer,out,Summer,NA,Premier League,2021,2021/2022
Everton FC,Matthew Pennington,26,Centre-Back,Shrewsbury,free transfer,out,Summer,NA,Premier League,2021,2021/2022
Everton FC,Theo Walcott,32,Right Winger,Southampton,free transfer,out,Summer,NA,Premier League,2021,2021/2022
Everton FC,João Virgínia,21,Goalkeeper,Sporting CP,loan transfer,out,Summer,NA,Premier League,2021,2021/2022
Everton FC,Niels Nkounkou,20,Left-Back,Standard Liège,loan transfer,out,Summer,NA,Premier League,2021,2021/2022
Everton FC,Muhamed Besic,28,Defensive Midfield,Without Club,-,out,Summer,0,Premier League,2021,2021/2022
Everton FC,Robin Olsen,31,Goalkeeper,AS Roma,"End of loanJun 30, 2021",out,Summer,0,Premier League,2021,2021/2022
Leeds United,Daniel James,23,Left Winger,Man Utd,£26.19m,in,Summer,26.19,Premier League,2021,2021/2022
Leeds United,Junior Firpo,24,Left-Back,Barcelona,£13.50m,in,Summer,13.5,Premier League,2021,2021/2022
Leeds United,Jack Harrison,24,Left Winger,Man City,£11.52m,in,Summer,11.52,Premier League,2021,2021/2022
Leeds United,Kristoffer Klaesson,20,Goalkeeper,Vålerenga,£1.80m,in,Summer,1.8,Premier League,2021,2021/2022
Leeds United,Crysencio Summerville,19,Right Winger,Leeds U23,-,in,Summer,0,Premier League,2021,2021/2022
Leeds United,Ian Poveda,22,Right Winger,Blackburn,"End of loanMay 31, 2022",in,Summer,0,Premier League,2021,2021/2022
Leeds United,Leif Davis,22,Left-Back,Bournemouth,"End of loanMay 31, 2022",in,Summer,0,Premier League,2021,2021/2022
Leeds United,Mateusz Bogusz,19,Central Midfield,UD Logroñés,"End of loanJun 30, 2021",in,Summer,0,Premier League,2021,2021/2022
Leeds United,Robbie Gotts,21,Central Midfield,Barrow,free transfer,out,Summer,NA,Premier League,2021,2021/2022
Leeds United,Barry Douglas,31,Left-Back,Lech Poznan,free transfer,out,Summer,NA,Premier League,2021,2021/2022
Leeds United,Ezgjan Alioski,29,Left-Back,Ahli,free transfer,out,Summer,NA,Premier League,2021,2021/2022
Leeds United,Ouasim Bouy,28,Defensive Midfield,Al-Kharaitiyat,free transfer,out,Summer,NA,Premier League,2021,2021/2022
Leeds United,Pablo Hernández,36,Attacking Midfield,CD Castellón,free transfer,out,Summer,NA,Premier League,2021,2021/2022
Leeds United,Jordan Stevens,21,Right Midfield,Barrow,free transfer,out,Summer,NA,Premier League,2021,2021/2022
Leeds United,Hélder Costa,27,Right Winger,Valencia,loan transfer,out,Summer,NA,Premier League,2021,2021/2022
Leeds United,Mateusz Bogusz,19,Central Midfield,UD Ibiza,loan transfer,out,Summer,NA,Premier League,2021,2021/2022
Leeds United,Kiko Casilla,34,Goalkeeper,Elche CF,loan transfer,out,Summer,NA,Premier League,2021,2021/2022
Leeds United,Leif Davis,21,Left-Back,Bournemouth,loan transfer,out,Summer,NA,Premier League,2021,2021/2022
Leeds United,Ian Poveda,21,Right Winger,Blackburn,loan transfer,out,Summer,NA,Premier League,2021,2021/2022
Leeds United,Eunan O'Kane,30,Central Midfield,Without Club,-,out,Summer,0,Premier League,2021,2021/2022
Leeds United,Gaetano Berardi,32,Right-Back,Without Club,-,out,Summer,0,Premier League,2021,2021/2022
Leicester City,Patson Daka,22,Centre-Forward,RB Salzburg,£27.00m,in,Summer,27,Premier League,2021,2021/2022
Leicester City,Boubakary Soumaré,22,Defensive Midfield,LOSC Lille,£18.00m,in,Summer,18,Premier League,2021,2021/2022
Leicester City,Jannik Vestergaard,29,Centre-Back,Southampton,£15.84m,in,Summer,15.84,Premier League,2021,2021/2022
Leicester City,Ryan Bertrand,31,Left-Back,Southampton,free transfer,in,Summer,NA,Premier League,2021,2021/2022
Leicester City,Ademola Lookman,23,Left Winger,RB Leipzig,loan transfer,in,Summer,NA,Premier League,2021,2021/2022
Leicester City,Kiernan Dewsbury-Hall,22,Central Midfield,Leicester U23,-,in,Summer,0,Premier League,2021,2021/2022
Leicester City,Rachid Ghezzal,29,Right Winger,Besiktas,"End of loanJun 30, 2021",in,Summer,0,Premier League,2021,2021/2022
Leicester City,Filip Benkovic,23,Centre-Back,OH Leuven,"End of loanJun 30, 2021",in,Summer,0,Premier League,2021,2021/2022
Leicester City,Rachid Ghezzal,29,Right Winger,Besiktas,£2.70m,out,Summer,2.7,Premier League,2021,2021/2022
Leicester City,Dennis Praet,27,Central Midfield,Torino,Loan fee:£900Th.,out,Summer,0.9,Premier League,2021,2021/2022
Leicester City,Christian Fuchs,35,Left-Back,Charlotte Ind.,free transfer,out,Summer,NA,Premier League,2021,2021/2022
Leicester City,Matty James,29,Central Midfield,Bristol City,free transfer,out,Summer,NA,Premier League,2021,2021/2022
Leicester City,Sam Hughes,24,Centre-Back,Burton Albion,loan transfer,out,Summer,NA,Premier League,2021,2021/2022
Leicester City,Wes Morgan,37,Centre-Back,Retired,-,out,Summer,0,Premier League,2021,2021/2022
Leicester City,Cengiz Ünder,23,Right Winger,AS Roma,"End of loanJun 30, 2021",out,Summer,0,Premier League,2021,2021/2022
Liverpool FC,Ibrahima Konaté,22,Centre-Back,RB Leipzig,£36.00m,in,Summer,36,Premier League,2021,2021/2022
Liverpool FC,Harvey Elliott,18,Right Winger,Liverpool U23,-,in,Summer,0,Premier League,2021,2021/2022
Liverpool FC,Sheyi Ojo,24,Left Winger,Millwall,"End of loanMay 31, 2022",in,Summer,0,Premier League,2021,2021/2022
Liverpool FC,Taiwo Awoniyi,23,Centre-Forward,Union Berlin,"End of loanJun 30, 2021",in,Summer,0,Premier League,2021,2021/2022
Liverpool FC,Rhys Williams,21,Centre-Back,Swansea,"End of loanMay 31, 2022",in,Summer,0,Premier League,2021,2021/2022
Liverpool FC,Ben Woodburn,22,Attacking Midfield,Heart of Midl.,"End of loanMay 31, 2022",in,Summer,0,Premier League,2021,2021/2022
Liverpool FC,Ben Davies,26,Centre-Back,Sheff Utd,"End of loanMay 31, 2022",in,Summer,0,Premier League,2021,2021/2022
Liverpool FC,Takumi Minamino,26,Left Winger,Southampton,"End of loanJun 30, 2021",in,Summer,0,Premier League,2021,2021/2022
Liverpool FC,Sepp van den Berg,20,Centre-Back,Preston,"End of loanMay 31, 2022",in,Summer,0,Premier League,2021,2021/2022
Liverpool FC,Marko Grujic,25,Defensive Midfield,FC Porto,"End of loanJun 30, 2021",in,Summer,0,Premier League,2021,2021/2022
Liverpool FC,Loris Karius,28,Goalkeeper,Union Berlin,"End of loanJun 30, 2021",in,Summer,0,Premier League,2021,2021/2022
Liverpool FC,Harry Wilson,24,Right Winger,Fulham,£12.60m,out,Summer,12.6,Premier League,2021,2021/2022
Liverpool FC,Taiwo Awoniyi,23,Centre-Forward,Union Berlin,£5.85m,out,Summer,5.85,Premier League,2021,2021/2022
Liverpool FC,Xherdan Shaqiri,29,Right Winger,Olympique Lyon,£5.40m,out,Summer,5.4,Premier League,2021,2021/2022
Liverpool FC,Marko Grujic,25,Defensive Midfield,FC Porto,Loan fee:£900Th.,out,Summer,0.9,Premier League,2021,2021/2022
Liverpool FC,Georginio Wijnaldum,30,Central Midfield,Paris SG,free transfer,out,Summer,NA,Premier League,2021,2021/2022
Liverpool FC,Rhys Williams,20,Centre-Back,Swansea,loan transfer,out,Summer,NA,Premier League,2021,2021/2022
Liverpool FC,Ben Woodburn,21,Attacking Midfield,Heart of Midl.,loan transfer,out,Summer,NA,Premier League,2021,2021/2022
Liverpool FC,Ben Davies,26,Centre-Back,Sheff Utd,loan transfer,out,Summer,NA,Premier League,2021,2021/2022
Liverpool FC,Sheyi Ojo,24,Left Winger,Millwall,loan transfer,out,Summer,NA,Premier League,2021,2021/2022
Liverpool FC,Ozan Kabak,21,Centre-Back,FC Schalke 04,"End of loanJun 30, 2021",out,Summer,0,Premier League,2021,2021/2022
Manchester City,Jack Grealish,25,Left Winger,Aston Villa,£105.75m,in,Summer,105.75,Premier League,2021,2021/2022
Manchester City,Kayky,18,Right Winger,Fluminense,£9.00m,in,Summer,9,Premier League,2021,2021/2022
Manchester City,Scott Carson,35,Goalkeeper,Derby,free transfer,in,Summer,NA,Premier League,2021,2021/2022
Manchester City,Cole Palmer,19,Attacking Midfield,Man City U23,-,in,Summer,0,Premier League,2021,2021/2022
Manchester City,Arijanet Muric,22,Goalkeeper,Willem II,"End of loanJun 30, 2021",in,Summer,0,Premier League,2021,2021/2022
Manchester City,Daniel Arzani,22,Left Winger,Aarhus GF,"End of loanJun 30, 2021",in,Summer,0,Premier League,2021,2021/2022
Manchester City,Filip Stevanovic,18,Left Winger,Partizan,"End of loanJun 30, 2021",in,Summer,0,Premier League,2021,2021/2022
Manchester City,Marlos Moreno,24,Right Winger,Lommel SK,"End of loanJun 30, 2021",in,Summer,0,Premier League,2021,2021/2022
Manchester City,Angeliño,24,Left Midfield,RB Leipzig,"End of loanJun 30, 2021",in,Summer,0,Premier League,2021,2021/2022
Manchester City,Ryotaro Meshino,23,Left Winger,Rio Ave FC,"End of loanJun 30, 2021",in,Summer,0,Premier League,2021,2021/2022
Manchester City,Yangel Herrera,23,Central Midfield,Granada CF,"End of loanJun 30, 2021",in,Summer,0,Premier League,2021,2021/2022
Manchester City,Lukas Nmecha,22,Centre-Forward,RSC Anderlecht,"End of loanJun 30, 2021",in,Summer,0,Premier League,2021,2021/2022
Manchester City,Issa Kaboré,20,Right-Back,KV Mechelen,"End of loanJun 30, 2021",in,Summer,0,Premier League,2021,2021/2022
Manchester City,Ko Itakura,24,Centre-Back,FC Groningen,"End of loanJun 30, 2021",in,Summer,0,Premier League,2021,2021/2022
Manchester City,Angeliño,24,Left Midfield,RB Leipzig,£16.20m,out,Summer,16.2,Premier League,2021,2021/2022
Manchester City,Jack Harrison,24,Left Winger,Leeds,£11.52m,out,Summer,11.52,Premier League,2021,2021/2022
Manchester City,Lukas Nmecha,22,Centre-Forward,VfL Wolfsburg,£7.20m,out,Summer,7.2,Premier League,2021,2021/2022
Manchester City,Eric García,20,Centre-Back,Barcelona,free transfer,out,Summer,NA,Premier League,2021,2021/2022
Manchester City,Sergio Agüero,33,Centre-Forward,Barcelona,free transfer,out,Summer,NA,Premier League,2021,2021/2022
Manchester City,Philippe Sandler,24,Centre-Back,Troyes,loan transfer,out,Summer,NA,Premier League,2021,2021/2022
Manchester City,Arijanet Muric,22,Goalkeeper,Adana Demirspor,loan transfer,out,Summer,NA,Premier League,2021,2021/2022
Manchester City,Patrick Roberts,24,Right Winger,Troyes,loan transfer,out,Summer,NA,Premier League,2021,2021/2022
Manchester City,Ryotaro Meshino,23,Left Winger,Estoril Praia,loan transfer,out,Summer,NA,Premier League,2021,2021/2022
Manchester City,Daniel Arzani,22,Left Winger,Lommel SK,loan transfer,out,Summer,NA,Premier League,2021,2021/2022
Manchester City,Ko Itakura,24,Centre-Back,FC Schalke 04,loan transfer,out,Summer,NA,Premier League,2021,2021/2022
Manchester City,Yangel Herrera,23,Central Midfield,Espanyol,loan transfer,out,Summer,NA,Premier League,2021,2021/2022
Manchester City,Issa Kaboré,20,Right-Back,Troyes,loan transfer,out,Summer,NA,Premier League,2021,2021/2022
Manchester City,Marlos Moreno,24,Right Winger,KV Kortrijk,loan transfer,out,Summer,NA,Premier League,2021,2021/2022
Manchester City,Filip Stevanovic,18,Left Winger,Heerenveen,loan transfer,out,Summer,NA,Premier League,2021,2021/2022
Manchester United,Jadon Sancho,21,Left Winger,Bor. Dortmund,£76.50m,in,Summer,76.5,Premier League,2021,2021/2022
Manchester United,Raphaël Varane,28,Centre-Back,Real Madrid,£36.00m,in,Summer,36,Premier League,2021,2021/2022
Manchester United,Cristiano Ronaldo,36,Centre-Forward,Juventus,£13.50m,in,Summer,13.5,Premier League,2021,2021/2022
Manchester United,Tom Heaton,35,Goalkeeper,Aston Villa,free transfer,in,Summer,NA,Premier League,2021,2021/2022
Manchester United,Andreas Pereira,25,Attacking Midfield,Lazio,"End of loanJun 30, 2021",in,Summer,0,Premier League,2021,2021/2022
Manchester United,Axel Tuanzebe,24,Centre-Back,Aston Villa,"End of loanMay 31, 2022",in,Summer,0,Premier League,2021,2021/2022
Manchester United,Facundo Pellistri,19,Right Winger,Alavés,"End of loanJun 30, 2021",in,Summer,0,Premier League,2021,2021/2022
Manchester United,Brandon Williams,21,Left-Back,Norwich,"End of loanMay 31, 2022",in,Summer,0,Premier League,2021,2021/2022
Manchester United,Tahith Chong,21,Right Winger,Club Brugge,"End of loanJun 30, 2021",in,Summer,0,Premier League,2021,2021/2022
Manchester United,Diogo Dalot,22,Right-Back,AC Milan,"End of loanJun 30, 2021",in,Summer,0,Premier League,2021,2021/2022
Manchester United,Daniel James,23,Left Winger,Leeds,£26.19m,out,Summer,26.19,Premier League,2021,2021/2022
Manchester United,Andreas Pereira,25,Attacking Midfield,Flamengo,Loan fee:£900Th.,out,Summer,0.9,Premier League,2021,2021/2022
Manchester United,Joel Pereira,25,Goalkeeper,RKC Waalwijk,free transfer,out,Summer,NA,Premier League,2021,2021/2022
Manchester United,Facundo Pellistri,19,Right Winger,Alavés,loan transfer,out,Summer,NA,Premier League,2021,2021/2022
Manchester United,Brandon Williams,20,Left-Back,Norwich,loan transfer,out,Summer,NA,Premier League,2021,2021/2022
Manchester United,Axel Tuanzebe,23,Centre-Back,Aston Villa,loan transfer,out,Summer,NA,Premier League,2021,2021/2022
Manchester United,Tahith Chong,21,Right Winger,Birmingham,loan transfer,out,Summer,NA,Premier League,2021,2021/2022
Manchester United,Sergio Romero,34,Goalkeeper,Without Club,-,out,Summer,0,Premier League,2021,2021/2022
Newcastle United,Joe Willock,21,Central Midfield,Arsenal,£26.46m,in,Summer,26.46,Premier League,2021,2021/2022
Newcastle United,Florian Lejeune,30,Centre-Back,Alavés,"End of loanJun 30, 2021",in,Summer,0,Premier League,2021,2021/2022
Newcastle United,Yoshinori Muto,28,Centre-Forward,SD Eibar,"End of loanJun 30, 2021",in,Summer,0,Premier League,2021,2021/2022
Newcastle United,Christian Atsu,29,Left Winger,Al-Raed,free transfer,out,Summer,NA,Premier League,2021,2021/2022
Newcastle United,Yoshinori Muto,29,Centre-Forward,Vissel Kobe,free transfer,out,Summer,NA,Premier League,2021,2021/2022
Newcastle United,Jake Turner,22,Goalkeeper,Colchester Utd.,loan transfer,out,Summer,NA,Premier League,2021,2021/2022
Newcastle United,Florian Lejeune,30,Centre-Back,Alavés,?,out,Summer,NA,Premier League,2021,2021/2022
Newcastle United,Matty Longstaff,21,Central Midfield,Aberdeen FC,loan transfer,out,Summer,NA,Premier League,2021,2021/2022
Newcastle United,Andy Carroll,32,Centre-Forward,Without Club,-,out,Summer,0,Premier League,2021,2021/2022
Newcastle United,Henri Saivet,30,Attacking Midfield,Without Club,-,out,Summer,0,Premier League,2021,2021/2022
Norwich City,Christos Tzolis,19,Left Winger,PAOK Salonika,£9.90m,in,Summer,9.9,Premier League,2021,2021/2022
Norwich City,Milot Rashica,25,Right Winger,Werder Bremen,£9.90m,in,Summer,9.9,Premier League,2021,2021/2022
Norwich City,Josh Sargent,21,Centre-Forward,Werder Bremen,£8.55m,in,Summer,8.55,Premier League,2021,2021/2022
Norwich City,Ben Gibson,28,Centre-Back,Burnley,£8.37m,in,Summer,8.37,Premier League,2021,2021/2022
Norwich City,Dimitrios Giannoulis,25,Left-Back,PAOK Salonika,£6.75m,in,Summer,6.75,Premier League,2021,2021/2022
Norwich City,Pierre Lees-Melou,28,Central Midfield,OGC Nice,£5.40m,in,Summer,5.4,Premier League,2021,2021/2022
Norwich City,Angus Gunn,25,Goalkeeper,Southampton,£5.27m,in,Summer,5.27,Premier League,2021,2021/2022
Norwich City,Ozan Kabak,21,Centre-Back,FC Schalke 04,Loan fee:£3.60m,in,Summer,3.6,Premier League,2021,2021/2022
Norwich City,Mathias Normann,25,Defensive Midfield,Rostov,Loan fee:£1.80m,in,Summer,1.8,Premier League,2021,2021/2022
Norwich City,Flynn Clarke,18,Attacking Midfield,Peterborough,?,in,Summer,NA,Premier League,2021,2021/2022
Norwich City,Brandon Williams,20,Left-Back,Man Utd,loan transfer,in,Summer,NA,Premier League,2021,2021/2022
Norwich City,Billy Gilmour,20,Central Midfield,Chelsea,loan transfer,in,Summer,NA,Premier League,2021,2021/2022
Norwich City,Onel Hernández,29,Right Winger,Middlesbrough,"End of loanMay 31, 2022",in,Summer,0,Premier League,2021,2021/2022
Norwich City,Jordan Hugill,29,Centre-Forward,West Brom,"End of loanMay 31, 2022",in,Summer,0,Premier League,2021,2021/2022
Norwich City,Bali Mumba,20,Right-Back,Peterborough,"End of loanMay 31, 2022",in,Summer,0,Premier League,2021,2021/2022
Norwich City,Aston Oxborough,24,Goalkeeper,Barnet,"End of loanMay 31, 2022",in,Summer,0,Premier League,2021,2021/2022
Norwich City,Philip Heise,30,Left-Back,Karlsruher SC,"End of loanJun 30, 2021",in,Summer,0,Premier League,2021,2021/2022
Norwich City,Daniel Adshead,20,Central Midfield,Gillingham FC,"End of loanMay 31, 2022",in,Summer,0,Premier League,2021,2021/2022
Norwich City,Danel Sinani,25,Attacking Midfield,Huddersfield,"End of loanMay 31, 2022",in,Summer,0,Premier League,2021,2021/2022
Norwich City,Sam McCallum,21,Left-Back,QPR,"End of loanMay 31, 2022",in,Summer,0,Premier League,2021,2021/2022
Norwich City,Akin Famewo,23,Centre-Back,Charlton,"End of loanMay 31, 2022",in,Summer,0,Premier League,2021,2021/2022
Norwich City,Daniel Barden,21,Goalkeeper,Livingston FC,"End of loanMay 31, 2022",in,Summer,0,Premier League,2021,2021/2022
Norwich City,Josh Martin,20,Left Winger,MK Dons,"End of loanMay 31, 2022",in,Summer,0,Premier League,2021,2021/2022
Norwich City,Rocky Bushiri,21,Centre-Back,KAS Eupen,"End of loanJun 30, 2021",in,Summer,0,Premier League,2021,2021/2022
Norwich City,Timm Klose,33,Centre-Back,FC Basel,"End of loanJun 30, 2021",in,Summer,0,Premier League,2021,2021/2022
Norwich City,Danel Sinani,24,Attacking Midfield,Waasl.-Beveren,"End of loanJun 30, 2021",in,Summer,0,Premier League,2021,2021/2022
Norwich City,Daniel Adshead,19,Central Midfield,Telstar,"End of loanJun 30, 2021",in,Summer,0,Premier League,2021,2021/2022
Norwich City,Emiliano Buendía,24,Right Winger,Aston Villa,£34.56m,out,Summer,34.56,Premier League,2021,2021/2022
Norwich City,Marco Stiepermann,30,Attacking Midfield,SC Paderborn,free transfer,out,Summer,NA,Premier League,2021,2021/2022
Norwich City,Louis Thompson,26,Defensive Midfield,Portsmouth,free transfer,out,Summer,NA,Premier League,2021,2021/2022
Norwich City,Örjan Nyland,30,Goalkeeper,Bournemouth,free transfer,out,Summer,NA,Premier League,2021,2021/2022
Norwich City,Tom Trybull,28,Defensive Midfield,Hannover 96,free transfer,out,Summer,NA,Premier League,2021,2021/2022
Norwich City,Moritz Leitner,28,Central Midfield,FC Zürich,free transfer,out,Summer,NA,Premier League,2021,2021/2022
Norwich City,Philip Heise,30,Left-Back,Karlsruher SC,free transfer,out,Summer,NA,Premier League,2021,2021/2022
Norwich City,Mario Vrancic,32,Central Midfield,Stoke City,free transfer,out,Summer,NA,Premier League,2021,2021/2022
Norwich City,Josh Martin,19,Left Winger,MK Dons,loan transfer,out,Summer,NA,Premier League,2021,2021/2022
Norwich City,Danel Sinani,24,Attacking Midfield,Huddersfield,loan transfer,out,Summer,NA,Premier League,2021,2021/2022
Norwich City,Jordan Hugill,29,Centre-Forward,West Brom,loan transfer,out,Summer,NA,Premier League,2021,2021/2022
Norwich City,Aston Oxborough,23,Goalkeeper,Barnet,loan transfer,out,Summer,NA,Premier League,2021,2021/2022
Norwich City,Sam McCallum,20,Left-Back,QPR,loan transfer,out,Summer,NA,Premier League,2021,2021/2022
Norwich City,Akin Famewo,22,Centre-Back,Charlton,loan transfer,out,Summer,NA,Premier League,2021,2021/2022
Norwich City,Sebastian Soto,20,Centre-Forward,FC Porto B,loan transfer,out,Summer,NA,Premier League,2021,2021/2022
Norwich City,Onel Hernández,28,Right Winger,Middlesbrough,loan transfer,out,Summer,NA,Premier League,2021,2021/2022
Norwich City,Daniel Barden,20,Goalkeeper,Livingston FC,loan transfer,out,Summer,NA,Premier League,2021,2021/2022
Norwich City,Daniel Adshead,19,Central Midfield,Gillingham FC,loan transfer,out,Summer,NA,Premier League,2021,2021/2022
Norwich City,Melvin Sitti,21,Central Midfield,Without Club,-,out,Summer,0,Premier League,2021,2021/2022
Norwich City,Timm Klose,33,Centre-Back,Without Club,-,out,Summer,0,Premier League,2021,2021/2022
Norwich City,Brandon Williams,21,Left-Back,Man Utd,"End of loanMay 31, 2022",out,Summer,0,Premier League,2021,2021/2022
Norwich City,Billy Gilmour,20,Central Midfield,Chelsea,"End of loanMay 31, 2022",out,Summer,0,Premier League,2021,2021/2022
Norwich City,Dimitrios Giannoulis,25,Left-Back,PAOK Salonika,"End of loanJun 30, 2021",out,Summer,0,Premier League,2021,2021/2022
Norwich City,Xavi Quintillà,24,Left-Back,Villarreal,"End of loanJun 30, 2021",out,Summer,0,Premier League,2021,2021/2022
Southampton FC,Adam Armstrong,24,Centre-Forward,Blackburn,£15.93m,in,Summer,15.93,Premier League,2021,2021/2022
Southampton FC,Romain Perraud,23,Left-Back,Stade Brestois,£10.80m,in,Summer,10.8,Premier League,2021,2021/2022
Southampton FC,Lyanco,24,Centre-Back,Torino,£6.75m,in,Summer,6.75,Premier League,2021,2021/2022
Southampton FC,Valentino Livramento,18,Right-Back,Chelsea U23,£5.31m,in,Summer,5.31,Premier League,2021,2021/2022
Southampton FC,Theo Walcott,32,Right Winger,Everton,free transfer,in,Summer,NA,Premier League,2021,2021/2022
Southampton FC,Armando Broja,19,Centre-Forward,Chelsea U23,loan transfer,in,Summer,NA,Premier League,2021,2021/2022
Southampton FC,Dan N'Lundulu,23,Centre-Forward,Cheltenham,"End of loanMay 31, 2022",in,Summer,0,Premier League,2021,2021/2022
Southampton FC,Mohamed Elyounoussi,26,Left Winger,Celtic,"End of loanMay 31, 2021",in,Summer,0,Premier League,2021,2021/2022
Southampton FC,Wesley Hoedt,27,Centre-Back,Lazio,"End of loanJun 30, 2021",in,Summer,0,Premier League,2021,2021/2022
Southampton FC,Danny Ings,29,Centre-Forward,Aston Villa,£26.48m,out,Summer,26.48,Premier League,2021,2021/2022
Southampton FC,Jannik Vestergaard,29,Centre-Back,Leicester,£15.84m,out,Summer,15.84,Premier League,2021,2021/2022
Southampton FC,Angus Gunn,25,Goalkeeper,Norwich,£5.27m,out,Summer,5.27,Premier League,2021,2021/2022
Southampton FC,Mario Lemina,27,Defensive Midfield,OGC Nice,£4.95m,out,Summer,4.95,Premier League,2021,2021/2022
Southampton FC,Michael Obafemi,21,Centre-Forward,Swansea,£1.80m,out,Summer,1.8,Premier League,2021,2021/2022
Southampton FC,Jake Hesketh,25,Attacking Midfield,Eastleigh,free transfer,out,Summer,NA,Premier League,2021,2021/2022
Southampton FC,Ryan Bertrand,31,Left-Back,Leicester,free transfer,out,Summer,NA,Premier League,2021,2021/2022
Southampton FC,Wesley Hoedt,27,Centre-Back,RSC Anderlecht,?,out,Summer,NA,Premier League,2021,2021/2022
Southampton FC,Josh Sims,24,Right Winger,Without Club,-,out,Summer,0,Premier League,2021,2021/2022
Southampton FC,Dan N'Lundulu,22,Centre-Forward,Lincoln City,loan transfer,out,Summer,NA,Premier League,2021,2021/2022
Southampton FC,Armando Broja,20,Centre-Forward,Chelsea U23,"End of loanMay 31, 2022",out,Summer,0,Premier League,2021,2021/2022
Southampton FC,Takumi Minamino,26,Left Winger,Liverpool,"End of loanJun 30, 2021",out,Summer,0,Premier League,2021,2021/2022
Tottenham Hotspur,Emerson Royal,22,Right-Back,Barcelona,£22.50m,in,Summer,22.5,Premier League,2021,2021/2022
Tottenham Hotspur,Bryan Gil,20,Left Winger,Sevilla FC,£22.50m,in,Summer,22.5,Premier League,2021,2021/2022
Tottenham Hotspur,Pape Sarr,18,Defensive Midfield,FC Metz,£15.21m,in,Summer,15.21,Premier League,2021,2021/2022
Tottenham Hotspur,Cristian Romero,23,Centre-Back,Atalanta BC,loan transfer,in,Summer,NA,Premier League,2021,2021/2022
Tottenham Hotspur,Pierluigi Gollini,26,Goalkeeper,Atalanta BC,loan transfer,in,Summer,NA,Premier League,2021,2021/2022
Tottenham Hotspur,Brandon Austin,22,Goalkeeper,Tottenham U23,-,in,Summer,0,Premier League,2021,2021/2022
Tottenham Hotspur,Paulo Gazzaniga,29,Goalkeeper,Elche CF,"End of loanJun 30, 2021",in,Summer,0,Premier League,2021,2021/2022
Tottenham Hotspur,Ryan Sessegnon,21,Left Midfield,TSG Hoffenheim,"End of loanJun 30, 2021",in,Summer,0,Premier League,2021,2021/2022
Tottenham Hotspur,Juan Foyth,23,Centre-Back,Villarreal,"End of loanJun 30, 2021",in,Summer,0,Premier League,2021,2021/2022
Tottenham Hotspur,Juan Foyth,23,Centre-Back,Villarreal,£13.50m,out,Summer,13.5,Premier League,2021,2021/2022
Tottenham Hotspur,Toby Alderweireld,32,Centre-Back,Al-Duhail SC,£11.70m,out,Summer,11.7,Premier League,2021,2021/2022
Tottenham Hotspur,Moussa Sissoko,32,Central Midfield,Watford,£3.15m,out,Summer,3.15,Premier League,2021,2021/2022
Tottenham Hotspur,Joe Hart,34,Goalkeeper,Celtic,£1.08m,out,Summer,1.08,Premier League,2021,2021/2022
Tottenham Hotspur,Danny Rose,30,Left-Back,Watford,free transfer,out,Summer,NA,Premier League,2021,2021/2022
Tottenham Hotspur,Paulo Gazzaniga,29,Goalkeeper,Fulham,free transfer,out,Summer,NA,Premier League,2021,2021/2022
Tottenham Hotspur,Erik Lamela,29,Right Winger,Sevilla FC,free transfer,out,Summer,NA,Premier League,2021,2021/2022
Tottenham Hotspur,Pape Sarr,18,Defensive Midfield,FC Metz,loan transfer,out,Summer,NA,Premier League,2021,2021/2022
Tottenham Hotspur,Alfie Whiteman,22,Goalkeeper,Degerfors,loan transfer,out,Summer,NA,Premier League,2021,2021/2022
Tottenham Hotspur,Serge Aurier,28,Right-Back,Without Club,-,out,Summer,0,Premier League,2021,2021/2022
Tottenham Hotspur,Cameron Carter-Vickers,23,Centre-Back,Celtic,loan transfer,out,Summer,NA,Premier League,2021,2021/2022
Tottenham Hotspur,Carlos Vinícius,26,Centre-Forward,Benfica,"End of loanJun 30, 2021",out,Summer,0,Premier League,2021,2021/2022
Tottenham Hotspur,Gareth Bale,31,Right Winger,Real Madrid,"End of loanJun 30, 2021",out,Summer,0,Premier League,2021,2021/2022
Watford FC,Imrân Louza,22,Central Midfield,FC Nantes,£9.00m,in,Summer,9,Premier League,2021,2021/2022
Watford FC,Emmanuel Dennis,23,Centre-Forward,Club Brugge,£3.60m,in,Summer,3.6,Premier League,2021,2021/2022
Watford FC,Moussa Sissoko,32,Central Midfield,Spurs,£3.15m,in,Summer,3.15,Premier League,2021,2021/2022
Watford FC,Ozan Tufan,26,Central Midfield,Fenerbahce,Loan fee:£900Th.,in,Summer,0.9,Premier League,2021,2021/2022
Watford FC,Mattie Pollock,19,Centre-Back,Grimsby Town,£270Th.,in,Summer,0.27,Premier League,2021,2021/2022
Watford FC,Joshua King,29,Second Striker,Everton,free transfer,in,Summer,NA,Premier League,2021,2021/2022
Watford FC,Ashley Fletcher,25,Centre-Forward,Middlesbrough,free transfer,in,Summer,NA,Premier League,2021,2021/2022
Watford FC,Danny Rose,30,Left-Back,Spurs,free transfer,in,Summer,NA,Premier League,2021,2021/2022
Watford FC,Kwadwo Baah,18,Left Winger,Rochdale,free transfer,in,Summer,NA,Premier League,2021,2021/2022
Watford FC,Juraj Kucka,34,Central Midfield,Parma,loan transfer,in,Summer,NA,Premier League,2021,2021/2022
Watford FC,Peter Etebo,25,Central Midfield,Stoke City,loan transfer,in,Summer,NA,Premier League,2021,2021/2022
Watford FC,Nicolas N'Koulou,31,Centre-Back,Without Club,-,in,Summer,0,Premier League,2021,2021/2022
Watford FC,Andre Gray,30,Centre-Forward,QPR,"End of loanMay 31, 2022",in,Summer,0,Premier League,2021,2021/2022
Watford FC,Domingos Quina,22,Central Midfield,Fulham,"End of loanMay 31, 2022",in,Summer,0,Premier League,2021,2021/2022
Watford FC,Pontus Dahlberg,23,Goalkeeper,Doncaster,"End of loanMay 31, 2022",in,Summer,0,Premier League,2021,2021/2022
Watford FC,Mattie Pollock,20,Centre-Back,Cheltenham,"End of loanMay 31, 2022",in,Summer,0,Premier League,2021,2021/2022
Watford FC,Tom Dele-Bashiru,22,Central Midfield,Reading,"End of loanMay 31, 2022",in,Summer,0,Premier League,2021,2021/2022
Watford FC,Philip Zinckernagel,27,Right Winger,Nottm Forest,"End of loanMay 31, 2022",in,Summer,0,Premier League,2021,2021/2022
Watford FC,Kwasi Sibo,23,Central Midfield,UD Ibiza,"End of loanJun 30, 2021",in,Summer,0,Premier League,2021,2021/2022
Watford FC,Domingos Quina,21,Central Midfield,Granada CF,"End of loanJun 30, 2021",in,Summer,0,Premier League,2021,2021/2022
Watford FC,Jerome Sinclair,24,Centre-Forward,CSKA-Sofia,"End of loanMay 31, 2021",in,Summer,0,Premier League,2021,2021/2022
Watford FC,Adalberto Peñaranda,24,Left Winger,CSKA-Sofia,"End of loanMay 31, 2021",in,Summer,0,Premier League,2021,2021/2022
Watford FC,Jorge Segura,24,Centre-Back,Atl. Nacional,"End of loanJun 30, 2021",in,Summer,0,Premier League,2021,2021/2022
Watford FC,Cucho Hernández,22,Centre-Forward,Getafe,"End of loanJun 30, 2021",in,Summer,0,Premier League,2021,2021/2022
Watford FC,Will Hughes,26,Central Midfield,Crystal Palace,£6.30m,out,Summer,6.3,Premier League,2021,2021/2022
Watford FC,Craig Dawson,31,Centre-Back,West Ham,£2.07m,out,Summer,2.07,Premier League,2021,2021/2022
Watford FC,Isaac Success,25,Centre-Forward,Udinese Calcio,£1.62m,out,Summer,1.62,Premier League,2021,2021/2022
Watford FC,Ben Wilmot,21,Centre-Back,Stoke City,£1.58m,out,Summer,1.58,Premier League,2021,2021/2022
Watford FC,Henry Ochieng,22,Central Midfield,Hemel,free transfer,out,Summer,NA,Premier League,2021,2021/2022
Watford FC,Troy Deeney,33,Centre-Forward,Birmingham,free transfer,out,Summer,NA,Premier League,2021,2021/2022
Watford FC,Stipe Perica,26,Centre-Forward,M. Tel Aviv,free transfer,out,Summer,NA,Premier League,2021,2021/2022
Watford FC,Kwasi Sibo,23,Central Midfield,Betis Deportivo,free transfer,out,Summer,NA,Premier League,2021,2021/2022
Watford FC,Filip Stuparevic,20,Centre-Forward,Metalac,free transfer,out,Summer,NA,Premier League,2021,2021/2022
Watford FC,Nathaniel Chalobah,26,Defensive Midfield,Fulham,free transfer,out,Summer,NA,Premier League,2021,2021/2022
Watford FC,Achraf Lazaar,29,Left-Back,Portimonense,free transfer,out,Summer,NA,Premier League,2021,2021/2022
Watford FC,Andre Gray,30,Centre-Forward,QPR,loan transfer,out,Summer,NA,Premier League,2021,2021/2022
Watford FC,Mattie Pollock,19,Centre-Back,Cheltenham,loan transfer,out,Summer,NA,Premier League,2021,2021/2022
Watford FC,Tom Dele-Bashiru,21,Central Midfield,Reading,loan transfer,out,Summer,NA,Premier League,2021,2021/2022
Watford FC,Jorge Segura,24,Centre-Back,CD América,loan transfer,out,Summer,NA,Premier League,2021,2021/2022
Watford FC,Philip Zinckernagel,26,Right Winger,Nottm Forest,loan transfer,out,Summer,NA,Premier League,2021,2021/2022
Watford FC,Pontus Dahlberg,22,Goalkeeper,Doncaster,loan transfer,out,Summer,NA,Premier League,2021,2021/2022
Watford FC,Adalberto Peñaranda,24,Left Winger,UD Las Palmas,loan transfer,out,Summer,NA,Premier League,2021,2021/2022
Watford FC,Carlos Sánchez,35,Defensive Midfield,Without Club,-,out,Summer,0,Premier League,2021,2021/2022
Watford FC,Jerome Sinclair,24,Centre-Forward,Without Club,-,out,Summer,0,Premier League,2021,2021/2022
Watford FC,Marc Navarro,26,Right-Back,Without Club,-,out,Summer,0,Premier League,2021,2021/2022
Watford FC,Domingos Quina,21,Central Midfield,Fulham,loan transfer,out,Summer,NA,Premier League,2021,2021/2022
Watford FC,Peter Etebo,26,Central Midfield,Stoke City,"End of loanMay 31, 2022",out,Summer,0,Premier League,2021,2021/2022
West Ham United,Kurt Zouma,26,Centre-Back,Chelsea,£31.50m,in,Summer,31.5,Premier League,2021,2021/2022
West Ham United,Nikola Vlasic,23,Attacking Midfield,CSKA Moscow,£27.00m,in,Summer,27,Premier League,2021,2021/2022
West Ham United,Alex Kral,23,Defensive Midfield,Spartak Moscow,Loan fee:£4.68m,in,Summer,4.68,Premier League,2021,2021/2022
West Ham United,Craig Dawson,31,Centre-Back,Watford,£2.07m,in,Summer,2.07,Premier League,2021,2021/2022
West Ham United,Alphonse Areola,28,Goalkeeper,Paris SG,Loan fee:£1.80m,in,Summer,1.8,Premier League,2021,2021/2022
West Ham United,Conor Coventry,21,Defensive Midfield,West Ham U23,-,in,Summer,0,Premier League,2021,2021/2022
West Ham United,Xande Silva,24,Right Winger,Aris Saloniki,"End of loanJun 30, 2021",in,Summer,0,Premier League,2021,2021/2022
West Ham United,Felipe Anderson,28,Left Winger,FC Porto,"End of loanJun 30, 2021",in,Summer,0,Premier League,2021,2021/2022
West Ham United,Frederik Alves,22,Centre-Back,Sunderland,"End of loanMay 31, 2022",in,Summer,0,Premier League,2021,2021/2022
West Ham United,Conor Coventry,22,Defensive Midfield,Peterborough,"End of loanMay 31, 2022",in,Summer,0,Premier League,2021,2021/2022
West Ham United,Felipe Anderson,28,Left Winger,Lazio,£2.70m,out,Summer,2.7,Premier League,2021,2021/2022
West Ham United,Fabián Balbuena,29,Centre-Back,Dynamo Moscow,free transfer,out,Summer,NA,Premier League,2021,2021/2022
West Ham United,Xande Silva,24,Right Winger,Nottm Forest,?,out,Summer,NA,Premier League,2021,2021/2022
West Ham United,Frederik Alves,21,Centre-Back,Sunderland,loan transfer,out,Summer,NA,Premier League,2021,2021/2022
West Ham United,Winston Reid,33,Centre-Back,Without Club,-,out,Summer,0,Premier League,2021,2021/2022
West Ham United,Conor Coventry,21,Defensive Midfield,Peterborough,loan transfer,out,Summer,NA,Premier League,2021,2021/2022
Wolverhampton Wanderers,Rayan Aït Nouri,20,Left-Back,SCO Angers,£9.99m,in,Summer,9.99,Premier League,2021,2021/2022
Wolverhampton Wanderers,José Sá,28,Goalkeeper,Olympiacos,£7.20m,in,Summer,7.2,Premier League,2021,2021/2022
Wolverhampton Wanderers,Francisco Trincão,21,Right Winger,Barcelona,Loan fee:£5.40m,in,Summer,5.4,Premier League,2021,2021/2022
Wolverhampton Wanderers,Yerson Mosquera,20,Centre-Back,Atl. Nacional,£4.68m,in,Summer,4.68,Premier League,2021,2021/2022
Wolverhampton Wanderers,Bendegúz Bolla,21,Right Midfield,Fehérvár,£1.80m,in,Summer,1.8,Premier League,2021,2021/2022
Wolverhampton Wanderers,Hee-chan Hwang,25,Centre-Forward,RB Leipzig,loan transfer,in,Summer,NA,Premier League,2021,2021/2022
Wolverhampton Wanderers,Connor Ronan,24,Central Midfield,St. Mirren,"End of loanMay 31, 2022",in,Summer,0,Premier League,2021,2021/2022
Wolverhampton Wanderers,Rafa Mir,24,Centre-Forward,SD Huesca,"End of loanJun 30, 2021",in,Summer,0,Premier League,2021,2021/2022
Wolverhampton Wanderers,Matija Sarkic,24,Goalkeeper,Birmingham,"End of loanMay 31, 2022",in,Summer,0,Premier League,2021,2021/2022
Wolverhampton Wanderers,Morgan Gibbs-White,22,Central Midfield,Sheff Utd,"End of loanMay 31, 2022",in,Summer,0,Premier League,2021,2021/2022
Wolverhampton Wanderers,Patrick Cutrone,23,Centre-Forward,Valencia,"End of loanJun 30, 2021",in,Summer,0,Premier League,2021,2021/2022
Wolverhampton Wanderers,Oskar Buur,23,Right-Back,Grasshoppers,"End of loanJun 30, 2021",in,Summer,0,Premier League,2021,2021/2022
Wolverhampton Wanderers,Rúben Vinagre,22,Left-Back,Famalicão,"End of loanJun 30, 2021",in,Summer,0,Premier League,2021,2021/2022
Wolverhampton Wanderers,Leonardo Campana,20,Centre-Forward,Famalicão,"End of loanJun 30, 2021",in,Summer,0,Premier League,2021,2021/2022
Wolverhampton Wanderers,Bruno Jordão,22,Central Midfield,Famalicão,"End of loanJun 30, 2021",in,Summer,0,Premier League,2021,2021/2022
Wolverhampton Wanderers,Connor Ronan,23,Central Midfield,Grasshoppers,"End of loanJun 30, 2021",in,Summer,0,Premier League,2021,2021/2022
Wolverhampton Wanderers,Rafa Mir,24,Centre-Forward,Sevilla FC,£14.40m,out,Summer,14.4,Premier League,2021,2021/2022
Wolverhampton Wanderers,Rui Patrício,33,Goalkeeper,AS Roma,£10.35m,out,Summer,10.35,Premier League,2021,2021/2022
Wolverhampton Wanderers,Owen Otasowie,20,Defensive Midfield,Club Brugge,£3.60m,out,Summer,3.6,Premier League,2021,2021/2022
Wolverhampton Wanderers,Leonardo Campana,20,Centre-Forward,Grasshoppers,loan transfer,out,Summer,NA,Premier League,2021,2021/2022
Wolverhampton Wanderers,Connor Ronan,23,Central Midfield,St. Mirren,loan transfer,out,Summer,NA,Premier League,2021,2021/2022
Wolverhampton Wanderers,Matija Sarkic,24,Goalkeeper,Birmingham,loan transfer,out,Summer,NA,Premier League,2021,2021/2022
Wolverhampton Wanderers,Rúben Vinagre,22,Left-Back,Sporting CP,loan transfer,out,Summer,NA,Premier League,2021,2021/2022
Wolverhampton Wanderers,Renat Dadashov,22,Centre-Forward,Tondela,loan transfer,out,Summer,NA,Premier League,2021,2021/2022
Wolverhampton Wanderers,Patrick Cutrone,23,Centre-Forward,FC Empoli,loan transfer,out,Summer,NA,Premier League,2021,2021/2022
Wolverhampton Wanderers,Morgan Gibbs-White,21,Central Midfield,Sheff Utd,loan transfer,out,Summer,NA,Premier League,2021,2021/2022
Wolverhampton Wanderers,Willian José,29,Centre-Forward,Real Sociedad,"End of loanJun 30, 2021",out,Summer,0,Premier League,2021,2021/2022
Wolverhampton Wanderers,Rayan Aït Nouri,20,Left-Back,SCO Angers,"End of loanJun 30, 2021",out,Summer,0,Premier League,2021,2021/2022
Wolverhampton Wanderers,Vitinha,21,Central Midfield,FC Porto,"End of loanJun 30, 2021",out,Summer,0,Premier League,2021,2021/2022
Wolverhampton Wanderers,Bendegúz Bolla,21,Right Midfield,Grasshoppers,loan transfer,out,Summer,NA,Premier League,2021,2021/2022
Aston Villa,Wesley,25,Centre-Forward,Club Brugge,"End of loanJan 3, 2022",in,Winter,0,Premier League,2021,2021/2022
Aston Villa,Keinan Davis,23,Centre-Forward,Nottm Forest,loan transfer,out,Winter,NA,Premier League,2021,2021/2022
Brentford FC,Jonas Lössl,32,Goalkeeper,FC Midtjylland,loan transfer,in,Winter,NA,Premier League,2021,2021/2022
Brentford FC,Patrik Gunnarsson,21,Goalkeeper,Viking FK,"End of loanDec 31, 2021",in,Winter,0,Premier League,2021,2021/2022
Brighton & Hove Albion,Kacper Kozlowski,18,Central Midfield,Pogon Szczecin,£9.90m,in,Winter,9.9,Premier League,2021,2021/2022
Brighton & Hove Albion,Billy Arce,23,Left Winger,LDU Quito,"End of loanDec 31, 2021",in,Winter,0,Premier League,2021,2021/2022
Brighton & Hove Albion,Leo Östigard,22,Centre-Back,Stoke City,"End of loanJan 4, 2022",in,Winter,0,Premier League,2021,2021/2022
Brighton & Hove Albion,Jürgen Locadia,28,Centre-Forward,VfL Bochum,free transfer,out,Winter,NA,Premier League,2021,2021/2022
Brighton & Hove Albion,Aaron Connolly,21,Centre-Forward,Middlesbrough,loan transfer,out,Winter,NA,Premier League,2021,2021/2022
Brighton & Hove Albion,Leo Östigard,22,Centre-Back,Genoa,loan transfer,out,Winter,NA,Premier League,2021,2021/2022
Brighton & Hove Albion,Kacper Kozlowski,18,Central Midfield,Union SG,loan transfer,out,Winter,NA,Premier League,2021,2021/2022
Everton FC,Vitaliy Mykolenko,22,Left-Back,Dynamo Kyiv,£21.15m,in,Winter,21.15,Premier League,2021,2021/2022
Everton FC,Nathan Patterson,20,Right-Back,Rangers,£12.60m,in,Winter,12.6,Premier League,2021,2021/2022
Leicester City,Sam Hughes,24,Centre-Back,Burton Albion,"End of loanJan 1, 2022",in,Winter,0,Premier League,2021,2021/2022
Manchester City,Luka Ilic,22,Attacking Midfield,Twente FC,"End of loanJan 1, 2022",in,Winter,0,Premier League,2021,2021/2022
Manchester City,Ferran Torres,21,Right Winger,Barcelona,£49.50m,out,Winter,49.5,Premier League,2021,2021/2022
Manchester United,Tahith Chong,21,Right Winger,Birmingham,"End of loanNov 3, 2021",in,Winter,0,Premier League,2021,2021/2022
Newcastle United,Jake Turner,22,Goalkeeper,Colchester Utd.,"End of loanJan 5, 2022",in,Winter,0,Premier League,2021,2021/2022
Newcastle United,Matty Longstaff,21,Central Midfield,Aberdeen FC,"End of loanDec 31, 2021",in,Winter,0,Premier League,2021,2021/2022
Newcastle United,Matty Longstaff,20,Central Midfield,Aberdeen FC,"End of loanJan 1, 2021",in,Winter,0,Premier League,2021,2021/2022
Norwich City,Bali Mumba,20,Right-Back,Peterborough,loan transfer,out,Winter,NA,Premier League,2021,2021/2022
Southampton FC,Willy Caballero,40,Goalkeeper,Without Club,-,in,Winter,0,Premier League,2021,2021/2022
Southampton FC,Dan N'Lundulu,22,Centre-Forward,Lincoln City,"End of loanJan 6, 2022",in,Winter,0,Premier League,2021,2021/2022
Southampton FC,Dan N'Lundulu,22,Centre-Forward,Cheltenham,loan transfer,out,Winter,NA,Premier League,2021,2021/2022
Southampton FC,Sam McQueen,26,Left-Back,Retired,-,out,Winter,0,Premier League,2021,2021/2022
Tottenham Hotspur,Alfie Whiteman,23,Goalkeeper,Degerfors,"End of loanDec 31, 2021",in,Winter,0,Premier League,2021,2021/2022
Watford FC,Maduka Okoye,22,Goalkeeper,Sparta R.,£4.50m,in,Winter,4.5,Premier League,2021,2021/2022
Watford FC,Hassane Kamara,27,Left-Back,OGC Nice,£3.60m,in,Winter,3.6,Premier League,2021,2021/2022
Watford FC,Yaser Asprilla,18,Attacking Midfield,Envigado,£2.70m,in,Winter,2.7,Premier League,2021,2021/2022
Watford FC,Maduka Okoye,22,Goalkeeper,Sparta R.,loan transfer,out,Winter,NA,Premier League,2021,2021/2022
Wolverhampton Wanderers,Hayao Kawabe,26,Central Midfield,Grasshoppers,£540Th.,in,Winter,0.54,Premier League,2021,2021/2022
Wolverhampton Wanderers,Toti Gomes,22,Centre-Back,Grasshoppers,"End of loanJan 4, 2022",in,Winter,0,Premier League,2021,2021/2022
Wolverhampton Wanderers,Toti Gomes,23,Centre-Back,Grasshoppers,loan transfer,out,Winter,NA,Premier League,2021,2021/2022
