club_name,player_name,age,position,club_involved_name,fee,transfer_movement,transfer_period,fee_cleaned,league_name,year,season
FC Arouca,Omri Altman,27,Second Striker,Hapoel Tel Aviv,free transfer,in,Summer,NA,Liga Nos,2021,2021/2022
FC Arouca,Oday Dabbagh,22,Centre-Forward,Al-Arabi SC,free transfer,in,Summer,NA,Liga Nos,2021,2021/2022
FC Arouca,Or Dasa,22,Attacking Midfield,Hapoel Raanana,free transfer,in,Summer,NA,Liga Nos,2021,2021/2022
FC Arouca,Leandro Silva,27,Central Midfield,AEL Limassol,free transfer,in,Summer,NA,Liga Nos,2021,2021/2022
FC Arouca,Eugeni,26,Attacking Midfield,SD Huesca,free transfer,in,Summer,NA,Liga Nos,2021,2021/2022
FC Arouca,Abdoulaye Ba,30,Centre-Back,Moreirense,?,in,Summer,NA,Liga Nos,2021,2021/2022
FC Arouca,Antony,19,Second Striker,Joinville-SC,loan transfer,in,Summer,NA,Liga Nos,2021,2021/2022
FC Arouca,Tiago Araújo,20,Left Winger,Benfica B,loan transfer,in,Summer,NA,Liga Nos,2021,2021/2022
FC Arouca,Tiago Esgaio,26,Right-Back,SC Braga,loan transfer,in,Summer,NA,Liga Nos,2021,2021/2022
FC Arouca,Eboue Kouassi,23,Defensive Midfield,KRC Genk,loan transfer,in,Summer,NA,Liga Nos,2021,2021/2022
FC Arouca,Gastón Campi,30,Centre-Back,Without Club,-,in,Summer,0,Liga Nos,2021,2021/2022
FC Arouca,Diogo Clemente,25,Left-Back,CF Estrela,"End of loanJun 30, 2021",in,Summer,0,Liga Nos,2021,2021/2022
FC Arouca,Frederick Takyi,21,Left-Back,FC Pedras Rubras,"End of loanJun 30, 2021",in,Summer,0,Liga Nos,2021,2021/2022
FC Arouca,Diogo Clemente,25,Left-Back,Caldas,free transfer,out,Summer,NA,Liga Nos,2021,2021/2022
FC Arouca,Mauro Caballero,26,Centre-Forward,Coimbra,free transfer,out,Summer,NA,Liga Nos,2021,2021/2022
FC Arouca,Frederick Takyi,21,Left-Back,Mirandela,free transfer,out,Summer,NA,Liga Nos,2021,2021/2022
FC Arouca,Tomás Fontes,18,Goalkeeper,Carregosense,?,out,Summer,NA,Liga Nos,2021,2021/2022
FC Arouca,Heliardo,29,Centre-Forward,Varzim,loan transfer,out,Summer,NA,Liga Nos,2021,2021/2022
FC Arouca,Júnior Sena,30,Right Winger,Without Club,-,out,Summer,0,Liga Nos,2021,2021/2022
FC Arouca,Baptiste Aloé,27,Centre-Back,Without Club,-,out,Summer,0,Liga Nos,2021,2021/2022
FC Arouca,Christian Vassilakis,20,Right Winger,RM Castilla,"End of loanJun 30, 2021",out,Summer,0,Liga Nos,2021,2021/2022
FC Arouca,Lawrence Ofori,23,Central Midfield,Famalicão,"End of loanJun 30, 2021",out,Summer,0,Liga Nos,2021,2021/2022
FC Arouca,Leandro Silva,27,Central Midfield,AEL Limassol,"End of loanJun 30, 2021",out,Summer,0,Liga Nos,2021,2021/2022
Belenenses SAD,Rafael Camacho,21,Left Winger,Sporting CP,Loan fee:£180Th.,in,Summer,0.18,Liga Nos,2021,2021/2022
Belenenses SAD,Alisson Safira,26,Centre-Forward,Londrina-PR,£45Th.,in,Summer,0.045,Liga Nos,2021,2021/2022
Belenenses SAD,Luiz Felipe,24,Goalkeeper,Aimoré-RS,free transfer,in,Summer,NA,Liga Nos,2021,2021/2022
Belenenses SAD,Rafael Santos,24,Attacking Midfield,Oriental,free transfer,in,Summer,NA,Liga Nos,2021,2021/2022
Belenenses SAD,Abel Camará,31,Centre-Forward,Mafra,free transfer,in,Summer,NA,Liga Nos,2021,2021/2022
Belenenses SAD,Trova Boni,21,Defensive Midfield,KV Mechelen,free transfer,in,Summer,NA,Liga Nos,2021,2021/2022
Belenenses SAD,Pedro Nuno,26,Left Winger,Moreirense,free transfer,in,Summer,NA,Liga Nos,2021,2021/2022
Belenenses SAD,Yohan,33,Centre-Back,Tondela,free transfer,in,Summer,NA,Liga Nos,2021,2021/2022
Belenenses SAD,Andrija Lukovic,26,Central Midfield,Famalicão,?,in,Summer,NA,Liga Nos,2021,2021/2022
Belenenses SAD,Carraça,28,Right-Back,FC Porto,loan transfer,in,Summer,NA,Liga Nos,2021,2021/2022
Belenenses SAD,Christian Marques,18,Centre-Back,Wolves U23,loan transfer,in,Summer,NA,Liga Nos,2021,2021/2022
Belenenses SAD,César Sousa,21,Attacking Midfield,B. SAD U23,-,in,Summer,0,Liga Nos,2021,2021/2022
Belenenses SAD,Álvaro Ramalho,22,Goalkeeper,B. SAD U23,-,in,Summer,0,Liga Nos,2021,2021/2022
Belenenses SAD,Luís Mota,17,Centre-Forward,B. SAD U23,-,in,Summer,0,Liga Nos,2021,2021/2022
Belenenses SAD,Alioune Ndour,20,Centre-Forward,B. SAD U23,-,in,Summer,0,Liga Nos,2021,2021/2022
Belenenses SAD,Sandro,32,Defensive Midfield,Without Club,-,in,Summer,0,Liga Nos,2021,2021/2022
Belenenses SAD,Robinho,23,Right Winger,Penafiel,"End of loanJun 30, 2021",in,Summer,0,Liga Nos,2021,2021/2022
Belenenses SAD,Mateo Cassierra,24,Centre-Forward,Sochi,£1.08m,out,Summer,1.08,Liga Nos,2021,2021/2022
Belenenses SAD,Tiago Esgaio,25,Right-Back,SC Braga,£270Th.,out,Summer,0.27,Liga Nos,2021,2021/2022
Belenenses SAD,Gonçalo Silva,30,Centre-Back,Radomiak,free transfer,out,Summer,NA,Liga Nos,2021,2021/2022
Belenenses SAD,Silvestre Varela,36,Left Winger,FC Porto B,free transfer,out,Summer,NA,Liga Nos,2021,2021/2022
Belenenses SAD,Guilherme Oliveira,26,Goalkeeper,Torreense,free transfer,out,Summer,NA,Liga Nos,2021,2021/2022
Belenenses SAD,Rúben Lima,31,Left-Back,Famalicão,free transfer,out,Summer,NA,Liga Nos,2021,2021/2022
Belenenses SAD,Bruno Ramires,27,Central Midfield,Bengaluru FC,free transfer,out,Summer,NA,Liga Nos,2021,2021/2022
Belenenses SAD,Stanislav Kritsyuk,30,Goalkeeper,Gil Vicente,free transfer,out,Summer,NA,Liga Nos,2021,2021/2022
Belenenses SAD,Dieguinho,29,Right Winger,Mafra,?,out,Summer,NA,Liga Nos,2021,2021/2022
Belenenses SAD,Afonso Taira,29,Defensive Midfield,Casa Pia,?,out,Summer,NA,Liga Nos,2021,2021/2022
Belenenses SAD,Robinho,23,Right Winger,Penafiel,?,out,Summer,NA,Liga Nos,2021,2021/2022
Belenenses SAD,André Moreira,25,Goalkeeper,Grasshoppers,?,out,Summer,NA,Liga Nos,2021,2021/2022
Belenenses SAD,Kikas,22,Centre-Forward,Mafra,loan transfer,out,Summer,NA,Liga Nos,2021,2021/2022
Belenenses SAD,Eduardo Kau,22,Centre-Back,B. SAD U23,-,out,Summer,0,Liga Nos,2021,2021/2022
Belenenses SAD,Edi Semedo,22,Centre-Forward,B. SAD U23,-,out,Summer,0,Liga Nos,2021,2021/2022
Belenenses SAD,Miguel Cardoso,27,Right Winger,Dynamo Moscow,"End of loanJun 30, 2021",out,Summer,0,Liga Nos,2021,2021/2022
SL Benfica,Roman Yaremchuk,25,Centre-Forward,KAA Gent,£15.30m,in,Summer,15.3,Liga Nos,2021,2021/2022
SL Benfica,Soualiho Meïté,27,Defensive Midfield,Torino,£5.40m,in,Summer,5.4,Liga Nos,2021,2021/2022
SL Benfica,Gil Dias,24,Left-Back,Monaco,£1.35m,in,Summer,1.35,Liga Nos,2021,2021/2022
SL Benfica,Nemanja Radonjic,25,Left Winger,Marseille,Loan fee:£900Th.,in,Summer,0.9,Liga Nos,2021,2021/2022
SL Benfica,Rodrigo Pinho,30,Centre-Forward,Marítimo,free transfer,in,Summer,NA,Liga Nos,2021,2021/2022
SL Benfica,João Mário,28,Central Midfield,Inter,free transfer,in,Summer,NA,Liga Nos,2021,2021/2022
SL Benfica,Valentino Lazaro,25,Right-Back,Inter,loan transfer,in,Summer,NA,Liga Nos,2021,2021/2022
SL Benfica,Morato,20,Centre-Back,Benfica B,-,in,Summer,0,Liga Nos,2021,2021/2022
SL Benfica,Ilija Vukotic,22,Defensive Midfield,Benfica B,-,in,Summer,0,Liga Nos,2021,2021/2022
SL Benfica,Nuno Santos,22,Attacking Midfield,Boavista,"End of loanJun 30, 2021",in,Summer,0,Liga Nos,2021,2021/2022
SL Benfica,Caio Lucas,27,Left Midfield,Sharjah FC,"End of loanJun 30, 2021",in,Summer,0,Liga Nos,2021,2021/2022
SL Benfica,Pedro Pereira,23,Right Midfield,Crotone,"End of loanJun 30, 2021",in,Summer,0,Liga Nos,2021,2021/2022
SL Benfica,Florentino,21,Defensive Midfield,Monaco,"End of loanJun 30, 2021",in,Summer,0,Liga Nos,2021,2021/2022
SL Benfica,Carlos Vinícius,26,Centre-Forward,Spurs,"End of loanJun 30, 2021",in,Summer,0,Liga Nos,2021,2021/2022
SL Benfica,Alfa Semedo,23,Defensive Midfield,Reading,"End of loanJun 30, 2021",in,Summer,0,Liga Nos,2021,2021/2022
SL Benfica,Jota,22,Left Winger,Real Valladolid,"End of loanJun 30, 2021",in,Summer,0,Liga Nos,2021,2021/2022
SL Benfica,Tiago Dantas,20,Central Midfield,FC Bayern,"End of loanJun 30, 2021",in,Summer,0,Liga Nos,2021,2021/2022
SL Benfica,Tomás Tavares,20,Right-Back,Farense,"End of loanJun 30, 2021",in,Summer,0,Liga Nos,2021,2021/2022
SL Benfica,Filip Krovinovic,25,Attacking Midfield,Nottm Forest,"End of loanJun 30, 2021",in,Summer,0,Liga Nos,2021,2021/2022
SL Benfica,Ferro,24,Centre-Back,Valencia,"End of loanJun 30, 2021",in,Summer,0,Liga Nos,2021,2021/2022
SL Benfica,Gedson Fernandes,22,Central Midfield,Galatasaray,"End of loanJun 30, 2021",in,Summer,0,Liga Nos,2021,2021/2022
SL Benfica,Pedrinho,23,Right Winger,Shakhtar D.,£16.20m,out,Summer,16.2,Liga Nos,2021,2021/2022
SL Benfica,Luca Waldschmidt,25,Second Striker,VfL Wolfsburg,£10.80m,out,Summer,10.8,Liga Nos,2021,2021/2022
SL Benfica,Nuno Tavares,21,Left-Back,Arsenal,£7.20m,out,Summer,7.2,Liga Nos,2021,2021/2022
SL Benfica,Franco Cervi,27,Left Winger,Celta de Vigo,£3.60m,out,Summer,3.6,Liga Nos,2021,2021/2022
SL Benfica,Carlos Vinícius,26,Centre-Forward,PSV Eindhoven,Loan fee:£2.25m,out,Summer,2.25,Liga Nos,2021,2021/2022
SL Benfica,Caio Lucas,27,Left Midfield,Sharjah FC,£1.80m,out,Summer,1.8,Liga Nos,2021,2021/2022
SL Benfica,Filip Krovinovic,25,Attacking Midfield,Hajduk Split,£1.35m,out,Summer,1.35,Liga Nos,2021,2021/2022
SL Benfica,Alfa Semedo,23,Defensive Midfield,Vit. Guimarães,£1.35m,out,Summer,1.35,Liga Nos,2021,2021/2022
SL Benfica,Ilija Vukotic,22,Defensive Midfield,Boavista,loan transfer,out,Summer,NA,Liga Nos,2021,2021/2022
SL Benfica,Pedro Pereira,23,Right Midfield,Monza,loan transfer,out,Summer,NA,Liga Nos,2021,2021/2022
SL Benfica,Florentino,22,Defensive Midfield,Getafe,loan transfer,out,Summer,NA,Liga Nos,2021,2021/2022
SL Benfica,Tomás Tavares,20,Right-Back,FC Basel,loan transfer,out,Summer,NA,Liga Nos,2021,2021/2022
SL Benfica,Jota,22,Left Winger,Celtic,loan transfer,out,Summer,NA,Liga Nos,2021,2021/2022
SL Benfica,Chiquinho,26,Attacking Midfield,SC Braga,loan transfer,out,Summer,NA,Liga Nos,2021,2021/2022
SL Benfica,Gabriel Pires,28,Central Midfield,Al-Gharafa SC,loan transfer,out,Summer,NA,Liga Nos,2021,2021/2022
SL Benfica,Nuno Santos,22,Attacking Midfield,Paços Ferreira,loan transfer,out,Summer,NA,Liga Nos,2021,2021/2022
SL Benfica,Tiago Dantas,20,Central Midfield,Tondela,loan transfer,out,Summer,NA,Liga Nos,2021,2021/2022
SL Benfica,Andreas Samaris,32,Defensive Midfield,Without Club,-,out,Summer,0,Liga Nos,2021,2021/2022
SL Benfica,Jardel,35,Centre-Back,Without Club,-,out,Summer,0,Liga Nos,2021,2021/2022
Boavista FC,Chidozie Awaziem,24,Centre-Back,FC Porto,£4.50m,in,Summer,4.5,Liga Nos,2021,2021/2022
Boavista FC,Seba Pérez,28,Central Midfield,Boca Juniors,£1.17m,in,Summer,1.17,Liga Nos,2021,2021/2022
Boavista FC,Nathan,19,Right-Back,Vasco U20,£1.15m,in,Summer,1.15,Liga Nos,2021,2021/2022
Boavista FC,Gaius Makouta,24,Central Midfield,Braga B,£270Th.,in,Summer,0.27,Liga Nos,2021,2021/2022
Boavista FC,Petar Musa,23,Centre-Forward,Slavia Prague,Loan fee:£225Th.,in,Summer,0.225,Liga Nos,2021,2021/2022
Boavista FC,Tiago Ilori,28,Centre-Back,Sporting CP,Loan fee:£198Th.,in,Summer,0.198,Liga Nos,2021,2021/2022
Boavista FC,Marcelo Djaló,27,Centre-Back,CD Lugo,free transfer,in,Summer,NA,Liga Nos,2021,2021/2022
Boavista FC,Filipe Ferreira,30,Left-Back,Tondela,free transfer,in,Summer,NA,Liga Nos,2021,2021/2022
Boavista FC,Kenji Gorré,26,Left Winger,Nacional,free transfer,in,Summer,NA,Liga Nos,2021,2021/2022
Boavista FC,Rodrigo Abascal,27,Centre-Back,Peñarol,free transfer,in,Summer,NA,Liga Nos,2021,2021/2022
Boavista FC,Ilija Vukotic,22,Defensive Midfield,Benfica,loan transfer,in,Summer,NA,Liga Nos,2021,2021/2022
Boavista FC,Alireza Beiranvand,28,Goalkeeper,Royal Antwerp,loan transfer,in,Summer,NA,Liga Nos,2021,2021/2022
Boavista FC,Fran Pereira,19,Defensive Midfield,Boavista U23,-,in,Summer,0,Liga Nos,2021,2021/2022
Boavista FC,Paul-Georges Ntep,29,Right Winger,Without Club,-,in,Summer,0,Liga Nos,2021,2021/2022
Boavista FC,Guito,18,Centre-Back,Boavista Y19,-,in,Summer,0,Liga Nos,2021,2021/2022
Boavista FC,Luís Santos,21,Right Winger,Boavista U23,-,in,Summer,0,Liga Nos,2021,2021/2022
Boavista FC,Tomás Reymão,22,Defensive Midfield,Boavista U23,-,in,Summer,0,Liga Nos,2021,2021/2022
Boavista FC,Brandon Ndezi,21,Central Midfield,Boavista U23,-,in,Summer,0,Liga Nos,2021,2021/2022
Boavista FC,João Barros,18,Centre-Back,Boavista U23,-,in,Summer,0,Liga Nos,2021,2021/2022
Boavista FC,Pedro Malheiro,20,Right Winger,Boavista U23,-,in,Summer,0,Liga Nos,2021,2021/2022
Boavista FC,Diego Llorente,19,Right Winger,Boavista U23,-,in,Summer,0,Liga Nos,2021,2021/2022
Boavista FC,João Gonçalves,20,Goalkeeper,Boavista U23,-,in,Summer,0,Liga Nos,2021,2021/2022
Boavista FC,Paulinho,24,Central Midfield,Shabab,£900Th.,out,Summer,0.9,Liga Nos,2021,2021/2022
Boavista FC,Adil Rami,35,Centre-Back,Troyes,free transfer,out,Summer,NA,Liga Nos,2021,2021/2022
Boavista FC,Ricardo Mangas,23,Left-Back,G. Bordeaux,loan transfer,out,Summer,NA,Liga Nos,2021,2021/2022
Boavista FC,Alberth Elis,25,Right Winger,G. Bordeaux,loan transfer,out,Summer,NA,Liga Nos,2021,2021/2022
Boavista FC,Juninho,24,Second Striker,Chaves,loan transfer,out,Summer,NA,Liga Nos,2021,2021/2022
Boavista FC,Diego Llorente,19,Right Winger,CD El Ejido,loan transfer,out,Summer,NA,Liga Nos,2021,2021/2022
Boavista FC,Chidozie Awaziem,24,Centre-Back,Alanyaspor,loan transfer,out,Summer,NA,Liga Nos,2021,2021/2022
Boavista FC,Matheus Kayser,26,Goalkeeper,Guanabara City,-,out,Summer,0,Liga Nos,2021,2021/2022
Boavista FC,Brandon Ndezi,21,Central Midfield,Without Club,-,out,Summer,0,Liga Nos,2021,2021/2022
Boavista FC,João Barros,18,Centre-Back,Salgueiros,loan transfer,out,Summer,NA,Liga Nos,2021,2021/2022
Boavista FC,Show,22,Defensive Midfield,LOSC Lille B,"End of loanJun 30, 2021",out,Summer,0,Liga Nos,2021,2021/2022
Boavista FC,Angel Gomes,20,Attacking Midfield,LOSC Lille,"End of loanJun 30, 2021",out,Summer,0,Liga Nos,2021,2021/2022
Boavista FC,Jorge Benguché,25,Centre-Forward,Olimpia,"End of loanJun 30, 2021",out,Summer,0,Liga Nos,2021,2021/2022
Boavista FC,Nuno Santos,22,Attacking Midfield,Benfica,"End of loanJun 30, 2021",out,Summer,0,Liga Nos,2021,2021/2022
Boavista FC,Alejandro Gómez,19,Centre-Back,Atlas U20,"End of loanJun 30, 2021",out,Summer,0,Liga Nos,2021,2021/2022
Boavista FC,Léo Jardim,26,Goalkeeper,LOSC Lille,"End of loanJun 30, 2021",out,Summer,0,Liga Nos,2021,2021/2022
Boavista FC,Chidozie Awaziem,24,Centre-Back,FC Porto,"End of loanJun 30, 2021",out,Summer,0,Liga Nos,2021,2021/2022
Boavista FC,Seba Pérez,28,Central Midfield,Boca Juniors,"End of loanAug 30, 2021",out,Summer,0,Liga Nos,2021,2021/2022
Boavista FC,Nathan,19,Right-Back,Vasco U20,"End of loanJun 30, 2021",out,Summer,0,Liga Nos,2021,2021/2022
Boavista FC,Cristian Castro,20,Centre-Back,Nacional U20,"End of loanJun 30, 2021",out,Summer,0,Liga Nos,2021,2021/2022
SC Braga,Mario González,25,Centre-Forward,Villarreal,£1.35m,in,Summer,1.35,Liga Nos,2021,2021/2022
SC Braga,Lucas Mineiro,25,Defensive Midfield,Chapecoense,£1.35m,in,Summer,1.35,Liga Nos,2021,2021/2022
SC Braga,Iuri Medeiros,26,Right Winger,1.FC Nuremberg,£720Th.,in,Summer,0.72,Liga Nos,2021,2021/2022
SC Braga,Tiago Esgaio,25,Right-Back,Belenenses SAD,£270Th.,in,Summer,0.27,Liga Nos,2021,2021/2022
SC Braga,Paulo Oliveira,29,Centre-Back,SD Eibar,free transfer,in,Summer,NA,Liga Nos,2021,2021/2022
SC Braga,Yan Couto,19,Right-Back,Man City U23,loan transfer,in,Summer,NA,Liga Nos,2021,2021/2022
SC Braga,Diogo Leite,22,Centre-Back,FC Porto,loan transfer,in,Summer,NA,Liga Nos,2021,2021/2022
SC Braga,Chiquinho,26,Attacking Midfield,Benfica,loan transfer,in,Summer,NA,Liga Nos,2021,2021/2022
SC Braga,Roger Fernandes,15,Left Winger,Braga U19,-,in,Summer,0,Liga Nos,2021,2021/2022
SC Braga,Vitinha,21,Centre-Forward,Braga B,-,in,Summer,0,Liga Nos,2021,2021/2022
SC Braga,Fabiano Silva,21,Right-Back,Braga B,-,in,Summer,0,Liga Nos,2021,2021/2022
SC Braga,Guilherme Schettine,25,Centre-Forward,UD Almería,"End of loanJun 30, 2021",in,Summer,0,Liga Nos,2021,2021/2022
SC Braga,Xadas,23,Attacking Midfield,Mouscron,"End of loanJun 30, 2021",in,Summer,0,Liga Nos,2021,2021/2022
SC Braga,Fábio Martins,27,Left Winger,Shabab,"End of loanJun 30, 2021",in,Summer,0,Liga Nos,2021,2021/2022
SC Braga,Murilo de Souza,26,Right Winger,RCD Mallorca,"End of loanJun 30, 2021",in,Summer,0,Liga Nos,2021,2021/2022
SC Braga,Samú Costa,20,Defensive Midfield,UD Almería,"End of loanJun 30, 2021",in,Summer,0,Liga Nos,2021,2021/2022
SC Braga,Lucas Cunha,24,Centre-Back,Celta Vigo B,"End of loanJun 30, 2021",in,Summer,0,Liga Nos,2021,2021/2022
SC Braga,Bruno Wilson,24,Centre-Back,CD Tenerife,"End of loanJun 30, 2021",in,Summer,0,Liga Nos,2021,2021/2022
SC Braga,Pablo Santos,29,Centre-Back,Hatayspor,"End of loanJun 30, 2021",in,Summer,0,Liga Nos,2021,2021/2022
SC Braga,Luther Singh,23,Left Winger,Paços Ferreira,"End of loanJun 30, 2021",in,Summer,0,Liga Nos,2021,2021/2022
SC Braga,Ricardo Ryller,27,Defensive Midfield,RB Bragantino,"End of loanJun 30, 2021",in,Summer,0,Liga Nos,2021,2021/2022
SC Braga,Ricardo Esgaio,28,Right-Back,Sporting CP,£4.95m,out,Summer,4.95,Liga Nos,2021,2021/2022
SC Braga,Samú Costa,20,Defensive Midfield,UD Almería,£4.73m,out,Summer,4.73,Liga Nos,2021,2021/2022
SC Braga,Fransérgio,30,Central Midfield,G. Bordeaux,£4.05m,out,Summer,4.05,Liga Nos,2021,2021/2022
SC Braga,Fábio Martins,28,Left Winger,Al-Wahda FC,£2.70m,out,Summer,2.7,Liga Nos,2021,2021/2022
SC Braga,Luther Singh,24,Left Winger,FC Copenhagen,£1.27m,out,Summer,1.27,Liga Nos,2021,2021/2022
SC Braga,Ricardo Ryller,27,Defensive Midfield,Al-Fayha,£585Th.,out,Summer,0.585,Liga Nos,2021,2021/2022
SC Braga,João Novais,28,Central Midfield,Alanyaspor,Loan fee:£225Th.,out,Summer,0.225,Liga Nos,2021,2021/2022
SC Braga,Rui Fonte,31,Centre-Forward,Estoril Praia,free transfer,out,Summer,NA,Liga Nos,2021,2021/2022
SC Braga,Xadas,23,Attacking Midfield,Marítimo,free transfer,out,Summer,NA,Liga Nos,2021,2021/2022
SC Braga,Nicolás Gaitán,33,Attacking Midfield,Peñarol,free transfer,out,Summer,NA,Liga Nos,2021,2021/2022
SC Braga,Murilo de Souza,26,Right Winger,Gil Vicente,free transfer,out,Summer,NA,Liga Nos,2021,2021/2022
SC Braga,Andrej Lukic,27,Centre-Back,Hrv Dragovoljac,?,out,Summer,NA,Liga Nos,2021,2021/2022
SC Braga,Lucas Cunha,24,Centre-Back,Gil Vicente,?,out,Summer,NA,Liga Nos,2021,2021/2022
SC Braga,Bruno Wilson,24,Centre-Back,Vizela,?,out,Summer,NA,Liga Nos,2021,2021/2022
SC Braga,Zé Carlos,22,Right-Back,Gil Vicente,loan transfer,out,Summer,NA,Liga Nos,2021,2021/2022
SC Braga,Caju,25,Left-Back,Aris Limassol,loan transfer,out,Summer,NA,Liga Nos,2021,2021/2022
SC Braga,Tiago Esgaio,26,Right-Back,Arouca,loan transfer,out,Summer,NA,Liga Nos,2021,2021/2022
SC Braga,Guilherme Schettine,25,Centre-Forward,Vizela,loan transfer,out,Summer,NA,Liga Nos,2021,2021/2022
SC Braga,Cristian Borja,28,Left-Back,Alanyaspor,loan transfer,out,Summer,NA,Liga Nos,2021,2021/2022
SC Braga,Pablo Santos,29,Centre-Back,Moreirense,loan transfer,out,Summer,NA,Liga Nos,2021,2021/2022
SC Braga,Dion McGhee,20,Attacking Midfield,Without Club,-,out,Summer,0,Liga Nos,2021,2021/2022
SC Braga,Andraz Sporar,27,Centre-Forward,Sporting CP,"End of loanJun 30, 2021",out,Summer,0,Liga Nos,2021,2021/2022
SC Braga,Iuri Medeiros,26,Right Winger,1.FC Nuremberg,"End of loanJun 30, 2021",out,Summer,0,Liga Nos,2021,2021/2022
GD Estoril Praia,David Bruno,29,Right-Back,Astra Giurgiu,free transfer,in,Summer,NA,Liga Nos,2021,2021/2022
GD Estoril Praia,Arthur Gomes,23,Left Winger,Santos FC,free transfer,in,Summer,NA,Liga Nos,2021,2021/2022
GD Estoril Praia,Rui Fonte,31,Centre-Forward,SC Braga,free transfer,in,Summer,NA,Liga Nos,2021,2021/2022
GD Estoril Praia,Leonardo Ruiz,25,Centre-Forward,Sporting B,free transfer,in,Summer,NA,Liga Nos,2021,2021/2022
GD Estoril Praia,Racine Coly,25,Left-Back,OGC Nice,free transfer,in,Summer,NA,Liga Nos,2021,2021/2022
GD Estoril Praia,Simão Júnior,22,Centre-Back,Cova Piedade,free transfer,in,Summer,NA,Liga Nos,2021,2021/2022
GD Estoril Praia,Rodrigo Valente,20,Attacking Midfield,FC Porto B,free transfer,in,Summer,NA,Liga Nos,2021,2021/2022
GD Estoril Praia,Lucas Áfrico,26,Centre-Back,Marítimo,?,in,Summer,NA,Liga Nos,2021,2021/2022
GD Estoril Praia,Chico Geraldes,26,Attacking Midfield,Rio Ave FC,?,in,Summer,NA,Liga Nos,2021,2021/2022
GD Estoril Praia,Nahuel Ferraresi,22,Centre-Back,Man City U23,loan transfer,in,Summer,NA,Liga Nos,2021,2021/2022
GD Estoril Praia,Johan Mina,19,Attacking Midfield,W. Bremen II,loan transfer,in,Summer,NA,Liga Nos,2021,2021/2022
GD Estoril Praia,Romário Baró,21,Central Midfield,FC Porto,loan transfer,in,Summer,NA,Liga Nos,2021,2021/2022
GD Estoril Praia,Patrick William,24,Centre-Back,Famalicão,loan transfer,in,Summer,NA,Liga Nos,2021,2021/2022
GD Estoril Praia,Xavier,29,Left Winger,Panathinaikos,loan transfer,in,Summer,NA,Liga Nos,2021,2021/2022
GD Estoril Praia,Ryotaro Meshino,23,Left Winger,Man City,loan transfer,in,Summer,NA,Liga Nos,2021,2021/2022
GD Estoril Praia,Bernardo Vital,20,Centre-Back,Estoril U23,-,in,Summer,0,Liga Nos,2021,2021/2022
GD Estoril Praia,Gilson Tavares,19,Centre-Forward,Estoril U23,-,in,Summer,0,Liga Nos,2021,2021/2022
GD Estoril Praia,Elias Achouri,22,Right Winger,Estoril U23,-,in,Summer,0,Liga Nos,2021,2021/2022
GD Estoril Praia,Lucho Vega,21,Attacking Midfield,Estoril U23,-,in,Summer,0,Liga Nos,2021,2021/2022
GD Estoril Praia,Miguel Crespo,24,Central Midfield,Fenerbahce,£1.35m,out,Summer,1.35,Liga Nos,2021,2021/2022
GD Estoril Praia,Cicero,24,Central Midfield,Torreense,free transfer,out,Summer,NA,Liga Nos,2021,2021/2022
GD Estoril Praia,João Diogo,33,Right-Back,Camacha,free transfer,out,Summer,NA,Liga Nos,2021,2021/2022
GD Estoril Praia,Hugo Gomes,26,Centre-Back,Rio Ave FC,free transfer,out,Summer,NA,Liga Nos,2021,2021/2022
GD Estoril Praia,Hugo Basto,28,Centre-Back,Neftchi Baku,free transfer,out,Summer,NA,Liga Nos,2021,2021/2022
GD Estoril Praia,Pedro Empis,24,Left-Back,CyD Leonesa,free transfer,out,Summer,NA,Liga Nos,2021,2021/2022
GD Estoril Praia,Zé Valente,27,Attacking Midfield,Penafiel,free transfer,out,Summer,NA,Liga Nos,2021,2021/2022
GD Estoril Praia,Harramiz,30,Right Winger,Neftchi Baku,free transfer,out,Summer,NA,Liga Nos,2021,2021/2022
GD Estoril Praia,Marcos Valente,27,Centre-Back,Trofense,?,out,Summer,NA,Liga Nos,2021,2021/2022
GD Estoril Praia,Murilo,25,Left Winger,Varzim,?,out,Summer,NA,Liga Nos,2021,2021/2022
GD Estoril Praia,Nuno Macedo,22,Goalkeeper,Penafiel,?,out,Summer,NA,Liga Nos,2021,2021/2022
GD Estoril Praia,Elias Achouri,22,Right Winger,Trofense,loan transfer,out,Summer,NA,Liga Nos,2021,2021/2022
GD Estoril Praia,Simão Júnior,22,Centre-Back,Vilafranquense,loan transfer,out,Summer,NA,Liga Nos,2021,2021/2022
GD Estoril Praia,João Carlos,26,Centre-Forward,Coimbra,loan transfer,out,Summer,NA,Liga Nos,2021,2021/2022
GD Estoril Praia,Lucho Vega,21,Attacking Midfield,Alcorcón,loan transfer,out,Summer,NA,Liga Nos,2021,2021/2022
GD Estoril Praia,Aziz,22,Centre-Forward,Vit. Guimarães,"End of loanJun 30, 2021",out,Summer,0,Liga Nos,2021,2021/2022
GD Estoril Praia,João Mendes,26,Central Midfield,Tondela,"End of loanJun 30, 2021",out,Summer,0,Liga Nos,2021,2021/2022
GD Estoril Praia,Jean Lazare,23,Central Midfield,RSC Charleroi,"End of loanJun 30, 2021",out,Summer,0,Liga Nos,2021,2021/2022
GD Estoril Praia,André Vidigal,22,Left Winger,Fortuna Sittard,"End of loanJun 30, 2021",out,Summer,0,Liga Nos,2021,2021/2022
FC Famalicão,Charles Pickel,24,Defensive Midfield,Grenoble,£1.35m,in,Summer,1.35,Liga Nos,2021,2021/2022
FC Famalicão,Heriberto Tavares,24,Right Winger,Stade Brestois,£1.08m,in,Summer,1.08,Liga Nos,2021,2021/2022
FC Famalicão,Bruno Alves,39,Centre-Back,Parma,free transfer,in,Summer,NA,Liga Nos,2021,2021/2022
FC Famalicão,Hernán de la Fuente,24,Right-Back,Vélez Sarsfield,free transfer,in,Summer,NA,Liga Nos,2021,2021/2022
FC Famalicão,Rúben Lima,31,Left-Back,Belenenses SAD,free transfer,in,Summer,NA,Liga Nos,2021,2021/2022
FC Famalicão,Dalberson,24,Goalkeeper,Brusque-SC,free transfer,in,Summer,NA,Liga Nos,2021,2021/2022
FC Famalicão,Dylan Batubinsika,25,Centre-Back,Royal Antwerp,?,in,Summer,NA,Liga Nos,2021,2021/2022
FC Famalicão,Pedro Brazão,18,Attacking Midfield,OGC Nice,?,in,Summer,NA,Liga Nos,2021,2021/2022
FC Famalicão,David Tavares,22,Attacking Midfield,Benfica B,?,in,Summer,NA,Liga Nos,2021,2021/2022
FC Famalicão,Pedro Marques,23,Centre-Forward,Sporting CP,loan transfer,in,Summer,NA,Liga Nos,2021,2021/2022
FC Famalicão,Alex,22,Centre-Back,Santos FC,loan transfer,in,Summer,NA,Liga Nos,2021,2021/2022
FC Famalicão,Bruno Rodrigues,24,Left Winger,Tombense,loan transfer,in,Summer,NA,Liga Nos,2021,2021/2022
FC Famalicão,Simon Banza,25,Centre-Forward,Lens,loan transfer,in,Summer,NA,Liga Nos,2021,2021/2022
FC Famalicão,Marcos Paulo,20,Left Winger,Atlético Madrid,loan transfer,in,Summer,NA,Liga Nos,2021,2021/2022
FC Famalicão,Adrián Marín,24,Left-Back,Granada CF,loan transfer,in,Summer,NA,Liga Nos,2021,2021/2022
FC Famalicão,André Ricardo,20,Attacking Midfield,Famalicão U23,-,in,Summer,0,Liga Nos,2021,2021/2022
FC Famalicão,Alexandre Penetra,19,Centre-Back,Famalicão U23,-,in,Summer,0,Liga Nos,2021,2021/2022
FC Famalicão,Geovani,20,Right Winger,Famalicão U23,-,in,Summer,0,Liga Nos,2021,2021/2022
FC Famalicão,Rubén del Campo,21,Centre-Forward,CD Numancia,"End of loanJun 30, 2021",in,Summer,0,Liga Nos,2021,2021/2022
FC Famalicão,Gabriel Souza,24,Goalkeeper,Beira-Mar,"End of loanJun 30, 2021",in,Summer,0,Liga Nos,2021,2021/2022
FC Famalicão,Lawrence Ofori,23,Central Midfield,Arouca,"End of loanJun 30, 2021",in,Summer,0,Liga Nos,2021,2021/2022
FC Famalicão,Manuel Ugarte,20,Defensive Midfield,Sporting CP,£5.85m,out,Summer,5.85,Liga Nos,2021,2021/2022
FC Famalicão,Anderson Silva,23,Centre-Forward,BJ Guoan,£1.80m,out,Summer,1.8,Liga Nos,2021,2021/2022
FC Famalicão,Gustavo Assunção,21,Defensive Midfield,Galatasaray,Loan fee:£90Th.,out,Summer,0.09,Liga Nos,2021,2021/2022
FC Famalicão,Gabriel Souza,24,Goalkeeper,Sanjoanense,free transfer,out,Summer,NA,Liga Nos,2021,2021/2022
FC Famalicão,Vaná Alves,30,Goalkeeper,Aris Limassol,free transfer,out,Summer,NA,Liga Nos,2021,2021/2022
FC Famalicão,Andrija Lukovic,26,Central Midfield,Belenenses SAD,?,out,Summer,NA,Liga Nos,2021,2021/2022
FC Famalicão,Alexandre Guedes,27,Centre-Forward,Rakow,?,out,Summer,NA,Liga Nos,2021,2021/2022
FC Famalicão,Calvin Verdonk,24,Left-Back,NEC Nijmegen,loan transfer,out,Summer,NA,Liga Nos,2021,2021/2022
FC Famalicão,João Neto,18,Central Midfield,Benfica B,loan transfer,out,Summer,NA,Liga Nos,2021,2021/2022
FC Famalicão,Diogo Queirós,22,Centre-Back,Real Valladolid,loan transfer,out,Summer,NA,Liga Nos,2021,2021/2022
FC Famalicão,Patrick William,24,Centre-Back,Estoril Praia,loan transfer,out,Summer,NA,Liga Nos,2021,2021/2022
FC Famalicão,Rubén del Campo,21,Centre-Forward,UD Melilla,loan transfer,out,Summer,NA,Liga Nos,2021,2021/2022
FC Famalicão,Dani Morer,23,Right-Back,FC Andorra,loan transfer,out,Summer,NA,Liga Nos,2021,2021/2022
FC Famalicão,Bruno Alves,39,Centre-Back,Without Club,-,out,Summer,0,Liga Nos,2021,2021/2022
FC Famalicão,Heriberto Tavares,24,Right Winger,Stade Brestois,"End of loanJun 30, 2021",out,Summer,0,Liga Nos,2021,2021/2022
FC Famalicão,Bozhidar Kraev,24,Attacking Midfield,FC Midtjylland,"End of loanJun 30, 2021",out,Summer,0,Liga Nos,2021,2021/2022
FC Famalicão,Rúben Vinagre,22,Left-Back,Wolves,"End of loanJun 30, 2021",out,Summer,0,Liga Nos,2021,2021/2022
FC Famalicão,Edwin Herrera,22,Right-Back,Indep. Santa Fe,"End of loanJun 30, 2021",out,Summer,0,Liga Nos,2021,2021/2022
FC Famalicão,Gil Dias,24,Left-Back,Monaco,"End of loanJun 30, 2021",out,Summer,0,Liga Nos,2021,2021/2022
FC Famalicão,Leonardo Campana,20,Centre-Forward,Wolves,"End of loanJun 30, 2021",out,Summer,0,Liga Nos,2021,2021/2022
FC Famalicão,Joaquín Pereyra,22,Central Midfield,Rosario Central,"End of loanJun 30, 2021",out,Summer,0,Liga Nos,2021,2021/2022
FC Famalicão,Bruno Jordão,22,Central Midfield,Wolves,"End of loanJun 30, 2021",out,Summer,0,Liga Nos,2021,2021/2022
FC Famalicão,Srdjan Babic,25,Centre-Back,Red Star,"End of loanJun 30, 2021",out,Summer,0,Liga Nos,2021,2021/2022
FC Famalicão,Jhonata Robert,21,Left Winger,Grêmio B,"End of loanJun 3, 2021",out,Summer,0,Liga Nos,2021,2021/2022
FC Famalicão,Carlos Valenzuela,24,Left Winger,Barracas C.,"End of loanJun 30, 2021",out,Summer,0,Liga Nos,2021,2021/2022
Gil Vicente FC,Ziga Frelih,23,Goalkeeper,NK Olimpija,free transfer,in,Summer,NA,Liga Nos,2021,2021/2022
Gil Vicente FC,Murilo de Souza,26,Right Winger,SC Braga,free transfer,in,Summer,NA,Liga Nos,2021,2021/2022
Gil Vicente FC,Emmanuel Hackman,26,Right-Back,Portimonense,free transfer,in,Summer,NA,Liga Nos,2021,2021/2022
Gil Vicente FC,Giorgi Aburjania,26,Central Midfield,FC Cartagena,free transfer,in,Summer,NA,Liga Nos,2021,2021/2022
Gil Vicente FC,Fran Navarro,23,Centre-Forward,Valencia B,free transfer,in,Summer,NA,Liga Nos,2021,2021/2022
Gil Vicente FC,Stanislav Kritsyuk,30,Goalkeeper,Belenenses SAD,free transfer,in,Summer,NA,Liga Nos,2021,2021/2022
Gil Vicente FC,João Caiado,22,Central Midfield,Famalicão U23,?,in,Summer,NA,Liga Nos,2021,2021/2022
Gil Vicente FC,Andrew,20,Goalkeeper,Botafogo,?,in,Summer,NA,Liga Nos,2021,2021/2022
Gil Vicente FC,Marcelo dos Santos,24,Centre-Forward,Burgos CF,?,in,Summer,NA,Liga Nos,2021,2021/2022
Gil Vicente FC,Jean Irmer,26,Defensive Midfield,Marítimo,?,in,Summer,NA,Liga Nos,2021,2021/2022
Gil Vicente FC,André Liberal,18,Centre-Forward,Chaves,?,in,Summer,NA,Liga Nos,2021,2021/2022
Gil Vicente FC,Lucas Cunha,24,Centre-Back,SC Braga,?,in,Summer,NA,Liga Nos,2021,2021/2022
Gil Vicente FC,Élder Santana,28,Centre-Forward,Sanjoanense,?,in,Summer,NA,Liga Nos,2021,2021/2022
Gil Vicente FC,Bilel Aouacheria,27,Right Winger,Farense,?,in,Summer,NA,Liga Nos,2021,2021/2022
Gil Vicente FC,Matheus Bueno,22,Attacking Midfield,Coritiba FC,?,in,Summer,NA,Liga Nos,2021,2021/2022
Gil Vicente FC,Vitor Carvalho,24,Defensive Midfield,Coritiba FC,?,in,Summer,NA,Liga Nos,2021,2021/2022
Gil Vicente FC,Zé Carlos,22,Right-Back,SC Braga,loan transfer,in,Summer,NA,Liga Nos,2021,2021/2022
Gil Vicente FC,Iago Maidana,25,Centre-Back,Atlético-MG,loan transfer,in,Summer,NA,Liga Nos,2021,2021/2022
Gil Vicente FC,Juan Calero,22,Centre-Forward,Min. Zacatecas,loan transfer,in,Summer,NA,Liga Nos,2021,2021/2022
Gil Vicente FC,Juan Villa,21,Attacking Midfield,Berço,"End of loanJun 30, 2021",in,Summer,0,Liga Nos,2021,2021/2022
Gil Vicente FC,Ahmed Isaiah,25,Left Midfield,Varzim,"End of loanJun 30, 2021",in,Summer,0,Liga Nos,2021,2021/2022
Gil Vicente FC,Manuel Lopes,21,Centre-Back,Espinho,"End of loanJun 30, 2021",in,Summer,0,Liga Nos,2021,2021/2022
Gil Vicente FC,Stanislav Kritsyuk,30,Goalkeeper,Zenit S-Pb,£1.80m,out,Summer,1.8,Liga Nos,2021,2021/2022
Gil Vicente FC,Denis,34,Goalkeeper,Aris Saloniki,free transfer,out,Summer,NA,Liga Nos,2021,2021/2022
Gil Vicente FC,Ygor Nogueira,26,Centre-Back,Mazatlán FC,free transfer,out,Summer,NA,Liga Nos,2021,2021/2022
Gil Vicente FC,Rodrigão,25,Centre-Back,Sochi,free transfer,out,Summer,NA,Liga Nos,2021,2021/2022
Gil Vicente FC,Quentin Beunardeau,27,Goalkeeper,Leixões,free transfer,out,Summer,NA,Liga Nos,2021,2021/2022
Gil Vicente FC,Lourency,25,Right Winger,Göztepe,free transfer,out,Summer,NA,Liga Nos,2021,2021/2022
Gil Vicente FC,Alaa Abbas,24,Centre-Forward,Al-Quwa Al-Jaw.,free transfer,out,Summer,NA,Liga Nos,2021,2021/2022
Gil Vicente FC,Claude Gonçalves,27,Defensive Midfield,Ludogorets,free transfer,out,Summer,NA,Liga Nos,2021,2021/2022
Gil Vicente FC,Paulinho,30,Right-Back,Moreirense,free transfer,out,Summer,NA,Liga Nos,2021,2021/2022
Gil Vicente FC,Edwin Banguera,24,Left-Back,Felgueiras,free transfer,out,Summer,NA,Liga Nos,2021,2021/2022
Gil Vicente FC,Manuel Lopes,21,Centre-Back,Felgueiras,loan transfer,out,Summer,NA,Liga Nos,2021,2021/2022
Gil Vicente FC,Souleymane Aw,22,Left-Back,Without Club,-,out,Summer,0,Liga Nos,2021,2021/2022
Gil Vicente FC,Juan Villa,21,Attacking Midfield,Without Club,-,out,Summer,0,Liga Nos,2021,2021/2022
Gil Vicente FC,Yves Baraye,29,Right Winger,Without Club,-,out,Summer,0,Liga Nos,2021,2021/2022
Gil Vicente FC,Pedro Marques,23,Centre-Forward,Sporting CP,"End of loanJun 30, 2021",out,Summer,0,Liga Nos,2021,2021/2022
Gil Vicente FC,Lucas Mineiro,25,Defensive Midfield,Chapecoense,"End of loanJun 30, 2021",out,Summer,0,Liga Nos,2021,2021/2022
Gil Vicente FC,Joel Pereira,24,Right-Back,Omonia Nikosia,"End of loanJun 30, 2021",out,Summer,0,Liga Nos,2021,2021/2022
Gil Vicente FC,Vitor Carvalho,24,Defensive Midfield,Coritiba FC,"End of loanJun 30, 2021",out,Summer,0,Liga Nos,2021,2021/2022
CS Marítimo,Miguel Silva,26,Goalkeeper,APOEL Nicosia,free transfer,in,Summer,NA,Liga Nos,2021,2021/2022
CS Marítimo,Xadas,23,Attacking Midfield,SC Braga,free transfer,in,Summer,NA,Liga Nos,2021,2021/2022
CS Marítimo,Iván Rossi,27,Defensive Midfield,Sambenedettese,free transfer,in,Summer,NA,Liga Nos,2021,2021/2022
CS Marítimo,Matheus Costa,26,Centre-Back,Vizela,free transfer,in,Summer,NA,Liga Nos,2021,2021/2022
CS Marítimo,Henrique,27,Left Winger,CSKA-Sofia,free transfer,in,Summer,NA,Liga Nos,2021,2021/2022
CS Marítimo,Clésio Baúque,26,Left Winger,Zira FC,free transfer,in,Summer,NA,Liga Nos,2021,2021/2022
CS Marítimo,Paulo Victor,34,Goalkeeper,Grêmio,free transfer,in,Summer,NA,Liga Nos,2021,2021/2022
CS Marítimo,Rafik Guitane,22,Attacking Midfield,Stade Reims,loan transfer,in,Summer,NA,Liga Nos,2021,2021/2022
CS Marítimo,Vítor Costa,27,Left-Back,Inter de Lages,?,in,Summer,NA,Liga Nos,2021,2021/2022
CS Marítimo,Diogo Mendes,23,Defensive Midfield,Benfica B,?,in,Summer,NA,Liga Nos,2021,2021/2022
CS Marítimo,Filipe Cardoso,27,Defensive Midfield,SC Covilhã,?,in,Summer,NA,Liga Nos,2021,2021/2022
CS Marítimo,André Vidigal,22,Left Winger,Fortuna Sittard,?,in,Summer,NA,Liga Nos,2021,2021/2022
CS Marítimo,Jorge Sáenz,24,Centre-Back,Valencia,loan transfer,in,Summer,NA,Liga Nos,2021,2021/2022
CS Marítimo,Ricardinho,20,Centre-Forward,Grêmio,loan transfer,in,Summer,NA,Liga Nos,2021,2021/2022
CS Marítimo,Rodrigo Andrade,19,Defensive Midfield,Marítimo B,-,in,Summer,0,Liga Nos,2021,2021/2022
CS Marítimo,Pedro Teixeira,19,Goalkeeper,Marítimo U23,-,in,Summer,0,Liga Nos,2021,2021/2022
CS Marítimo,Dejan Kerkez,25,Centre-Back,Mafra,"End of loanJun 30, 2021",in,Summer,0,Liga Nos,2021,2021/2022
CS Marítimo,Marcelinho,24,Left Winger,Vizela,"End of loanJun 30, 2021",in,Summer,0,Liga Nos,2021,2021/2022
CS Marítimo,Amir Abedzadeh,28,Goalkeeper,Ponferradina,free transfer,out,Summer,NA,Liga Nos,2021,2021/2022
CS Marítimo,Dejan Kerkez,25,Centre-Back,Napredak,free transfer,out,Summer,NA,Liga Nos,2021,2021/2022
CS Marítimo,Marcelo Hermes,26,Left-Back,Ponte Preta,free transfer,out,Summer,NA,Liga Nos,2021,2021/2022
CS Marítimo,Rodrigo Pinho,30,Centre-Forward,Benfica,free transfer,out,Summer,NA,Liga Nos,2021,2021/2022
CS Marítimo,Renê Santos,29,Centre-Back,Al-Raed,free transfer,out,Summer,NA,Liga Nos,2021,2021/2022
CS Marítimo,Andreas Karo,24,Centre-Back,APOEL Nicosia,free transfer,out,Summer,NA,Liga Nos,2021,2021/2022
CS Marítimo,Jorge Correa,28,Left Winger,Neftchi Baku,free transfer,out,Summer,NA,Liga Nos,2021,2021/2022
CS Marítimo,Marcelinho,25,Left Winger,Londrina-PR,free transfer,out,Summer,NA,Liga Nos,2021,2021/2022
CS Marítimo,Francois-Xavier Fumu Tamuzo,26,Right Winger,Stade Lavallois,?,out,Summer,NA,Liga Nos,2021,2021/2022
CS Marítimo,Lucas Áfrico,26,Centre-Back,Estoril Praia,?,out,Summer,NA,Liga Nos,2021,2021/2022
CS Marítimo,Franck Bambock,26,Defensive Midfield,Grenoble,?,out,Summer,NA,Liga Nos,2021,2021/2022
CS Marítimo,Jean Irmer,26,Defensive Midfield,Gil Vicente,?,out,Summer,NA,Liga Nos,2021,2021/2022
CS Marítimo,Charles,27,Goalkeeper,Vizela,?,out,Summer,NA,Liga Nos,2021,2021/2022
CS Marítimo,Caio Secco,30,Goalkeeper,Penafiel,?,out,Summer,NA,Liga Nos,2021,2021/2022
CS Marítimo,Filipe Cardoso,27,Defensive Midfield,Marítimo B,-,out,Summer,0,Liga Nos,2021,2021/2022
CS Marítimo,Milson,21,Left Winger,Marítimo B,-,out,Summer,0,Liga Nos,2021,2021/2022
CS Marítimo,Faiq Bolkiah,23,Right Winger,Marítimo B,-,out,Summer,0,Liga Nos,2021,2021/2022
CS Marítimo,Sassá,27,Centre-Forward,Cruzeiro,"End of loanOct 1, 2021",out,Summer,0,Liga Nos,2021,2021/2022
CS Marítimo,Rafik Guitane,22,Attacking Midfield,Stade Rennais,"End of loanJun 30, 2021",out,Summer,0,Liga Nos,2021,2021/2022
Moreirense FC,Artur Jorge,26,Centre-Back,APOEL Nicosia,free transfer,in,Summer,NA,Liga Nos,2021,2021/2022
Moreirense FC,Paulinho,30,Right-Back,Gil Vicente,free transfer,in,Summer,NA,Liga Nos,2021,2021/2022
Moreirense FC,Kewin,26,Goalkeeper,Mirassol-SP,?,in,Summer,NA,Liga Nos,2021,2021/2022
Moreirense FC,Nikola Jambor,25,Defensive Midfield,Rio Ave FC,?,in,Summer,NA,Liga Nos,2021,2021/2022
Moreirense FC,Godfried Frimpong,22,Left-Back,Benfica B,?,in,Summer,NA,Liga Nos,2021,2021/2022
Moreirense FC,Rodrigo Conceição,21,Right-Back,FC Porto B,loan transfer,in,Summer,NA,Liga Nos,2021,2021/2022
Moreirense FC,Pablo Santos,29,Centre-Back,SC Braga,loan transfer,in,Summer,NA,Liga Nos,2021,2021/2022
Moreirense FC,Iddriss Mohammed,20,Central Midfield,Leiria,"End of loanJun 30, 2021",in,Summer,0,Liga Nos,2021,2021/2022
Moreirense FC,Malik Abubakari,21,Centre-Forward,Casa Pia,"End of loanJun 30, 2021",in,Summer,0,Liga Nos,2021,2021/2022
Moreirense FC,Rúben Ramos,22,Defensive Midfield,Mafra,"End of loanJun 30, 2021",in,Summer,0,Liga Nos,2021,2021/2022
Moreirense FC,Anthony D'Alberto,26,Right-Back,Aarhus GF,free transfer,out,Summer,NA,Liga Nos,2021,2021/2022
Moreirense FC,Alex Soares,30,Central Midfield,Volos NPS,free transfer,out,Summer,NA,Liga Nos,2021,2021/2022
Moreirense FC,Iddriss Mohammed,20,Central Midfield,Felgueiras,free transfer,out,Summer,NA,Liga Nos,2021,2021/2022
Moreirense FC,Pedro Nuno,26,Left Winger,Belenenses SAD,free transfer,out,Summer,NA,Liga Nos,2021,2021/2022
Moreirense FC,Gustavo Moura,25,Centre-Forward,Real SC,loan transfer,out,Summer,NA,Liga Nos,2021,2021/2022
Moreirense FC,Lucas Silva,21,Left Winger,Casa Pia,loan transfer,out,Summer,NA,Liga Nos,2021,2021/2022
Moreirense FC,Malik Abubakari,21,Centre-Forward,Malmö FF,?,out,Summer,NA,Liga Nos,2021,2021/2022
Moreirense FC,Abdoulaye Ba,30,Centre-Back,Arouca,?,out,Summer,NA,Liga Nos,2021,2021/2022
Moreirense FC,Afonso Figueiredo,28,Left-Back,Without Club,-,out,Summer,0,Liga Nos,2021,2021/2022
Moreirense FC,David Simão,31,Central Midfield,AEK Athens,"End of loanJun 30, 2021",out,Summer,0,Liga Nos,2021,2021/2022
Moreirense FC,Kewin,26,Goalkeeper,Mirassol-SP,"End of loanJun 30, 2021",out,Summer,0,Liga Nos,2021,2021/2022
Moreirense FC,Nahuel Ferraresi,22,Centre-Back,Man City U23,"End of loanJun 30, 2021",out,Summer,0,Liga Nos,2021,2021/2022
FC Paços de Ferreira,Flávio Ramos,27,Centre-Back,Feirense,free transfer,in,Summer,NA,Liga Nos,2021,2021/2022
FC Paços de Ferreira,Vitorino Antunes,34,Left-Back,Sporting CP,free transfer,in,Summer,NA,Liga Nos,2021,2021/2022
FC Paços de Ferreira,Denílson,25,Centre-Forward,Atlético-MG,free transfer,in,Summer,NA,Liga Nos,2021,2021/2022
FC Paços de Ferreira,Rui Pires,23,Defensive Midfield,Troyes,loan transfer,in,Summer,NA,Liga Nos,2021,2021/2022
FC Paços de Ferreira,Uilton,28,Right Winger,Anápolis-GO,?,in,Summer,NA,Liga Nos,2021,2021/2022
FC Paços de Ferreira,André Ferreira,25,Goalkeeper,Santa Clara,?,in,Summer,NA,Liga Nos,2021,2021/2022
FC Paços de Ferreira,Juan Delgado,28,Right Winger,Necaxa,?,in,Summer,NA,Liga Nos,2021,2021/2022
FC Paços de Ferreira,João Vigário,25,Left-Back,Nacional,?,in,Summer,NA,Liga Nos,2021,2021/2022
FC Paços de Ferreira,Igor Vekic,23,Goalkeeper,NK Bravo,loan transfer,in,Summer,NA,Liga Nos,2021,2021/2022
FC Paços de Ferreira,Nuno Santos,22,Attacking Midfield,Benfica,loan transfer,in,Summer,NA,Liga Nos,2021,2021/2022
FC Paços de Ferreira,Luís Bastos,19,Left-Back,Paços F. U19,-,in,Summer,0,Liga Nos,2021,2021/2022
FC Paços de Ferreira,José Oliveira,19,Goalkeeper,Paços F. U19,-,in,Summer,0,Liga Nos,2021,2021/2022
FC Paços de Ferreira,Bruno Silva,18,Central Midfield,Paços F. U19,-,in,Summer,0,Liga Nos,2021,2021/2022
FC Paços de Ferreira,Jeimes,20,Goalkeeper,Montalegre,"End of loanJun 30, 2021",in,Summer,0,Liga Nos,2021,2021/2022
FC Paços de Ferreira,Bernardo Martins,23,Left Midfield,SC Covilhã,"End of loanJun 30, 2021",in,Summer,0,Liga Nos,2021,2021/2022
FC Paços de Ferreira,Nuno Lima,20,Centre-Back,Felgueiras,"End of loanJun 30, 2021",in,Summer,0,Liga Nos,2021,2021/2022
FC Paços de Ferreira,Sam Silvera,20,Left Winger,Sanjoanense,"End of loanJun 30, 2021",in,Summer,0,Liga Nos,2021,2021/2022
FC Paços de Ferreira,Pedro Martelo,21,Centre-Forward,CD Badajoz,"End of loanJun 30, 2021",in,Summer,0,Liga Nos,2021,2021/2022
FC Paços de Ferreira,Simão Rocha,20,Left-Back,Real SC,"End of loanJun 30, 2021",in,Summer,0,Liga Nos,2021,2021/2022
FC Paços de Ferreira,Bruno Silva,19,Central Midfield,Praiense,free transfer,out,Summer,NA,Liga Nos,2021,2021/2022
FC Paços de Ferreira,Bernardo Martins,23,Left Midfield,Vilafranquense,free transfer,out,Summer,NA,Liga Nos,2021,2021/2022
FC Paços de Ferreira,Pedro Marques,23,Centre-Back,Torreense,free transfer,out,Summer,NA,Liga Nos,2021,2021/2022
FC Paços de Ferreira,Marcelo,31,Centre-Back,Al-Tai,free transfer,out,Summer,NA,Liga Nos,2021,2021/2022
FC Paços de Ferreira,Douglas Tanque,27,Centre-Forward,Khor Fakkan,?,out,Summer,NA,Liga Nos,2021,2021/2022
FC Paços de Ferreira,Adriano Castanheira,28,Left Midfield,Chaves,loan transfer,out,Summer,NA,Liga Nos,2021,2021/2022
FC Paços de Ferreira,Sam Silvera,20,Left Winger,Newcastle,loan transfer,out,Summer,NA,Liga Nos,2021,2021/2022
FC Paços de Ferreira,Dor Jan,26,Centre-Forward,M. Petah Tikva,loan transfer,out,Summer,NA,Liga Nos,2021,2021/2022
FC Paços de Ferreira,Simão Rocha,20,Left-Back,Torreense,loan transfer,out,Summer,NA,Liga Nos,2021,2021/2022
FC Paços de Ferreira,David Sualehe,24,Left-Back,Coimbra,loan transfer,out,Summer,NA,Liga Nos,2021,2021/2022
FC Paços de Ferreira,Pedro Martelo,21,Centre-Forward,Amora FC,loan transfer,out,Summer,NA,Liga Nos,2021,2021/2022
FC Paços de Ferreira,José Oliveira,19,Goalkeeper,Sanjoanense,loan transfer,out,Summer,NA,Liga Nos,2021,2021/2022
FC Paços de Ferreira,Luther Singh,23,Left Winger,SC Braga,"End of loanJun 30, 2021",out,Summer,0,Liga Nos,2021,2021/2022
FC Paços de Ferreira,Bruno Costa,24,Central Midfield,Portimonense,"End of loanJun 30, 2021",out,Summer,0,Liga Nos,2021,2021/2022
FC Paços de Ferreira,Martín Calderón,22,Central Midfield,RM Castilla,"End of loanJun 30, 2021",out,Summer,0,Liga Nos,2021,2021/2022
FC Paços de Ferreira,Pedro Rebocho,26,Left-Back,Guingamp,"End of loanJun 30, 2021",out,Summer,0,Liga Nos,2021,2021/2022
FC Paços de Ferreira,João Amaral,29,Attacking Midfield,Lech Poznan,"End of loanJun 30, 2021",out,Summer,0,Liga Nos,2021,2021/2022
FC Paços de Ferreira,Uilton,28,Right Winger,Anápolis-GO,"End of loanJun 30, 2021",out,Summer,0,Liga Nos,2021,2021/2022
FC Paços de Ferreira,Michael,26,Goalkeeper,Atlético-MG,"End of loanJun 30, 2021",out,Summer,0,Liga Nos,2021,2021/2022
Portimonense SC,Payam Niazmand,26,Goalkeeper,Sepahan,free transfer,in,Summer,NA,Liga Nos,2021,2021/2022
Portimonense SC,Achraf Lazaar,29,Left-Back,Watford,free transfer,in,Summer,NA,Liga Nos,2021,2021/2022
Portimonense SC,Ewerton,28,Central Midfield,FC Porto,free transfer,in,Summer,NA,Liga Nos,2021,2021/2022
Portimonense SC,Fabrício,31,Centre-Forward,Urawa Reds,?,in,Summer,NA,Liga Nos,2021,2021/2022
Portimonense SC,Shuhei Kawasaki,20,Left Winger,Gamba Osaka,?,in,Summer,NA,Liga Nos,2021,2021/2022
Portimonense SC,Henrique Jocú,19,Defensive Midfield,Benfica U23,?,in,Summer,NA,Liga Nos,2021,2021/2022
Portimonense SC,Wilinton Aponzá,21,Centre-Forward,Berço,?,in,Summer,NA,Liga Nos,2021,2021/2022
Portimonense SC,Pedrão,24,Centre-Back,Palmeiras,loan transfer,in,Summer,NA,Liga Nos,2021,2021/2022
Portimonense SC,Iván Angulo,22,Left Winger,Palmeiras,loan transfer,in,Summer,NA,Liga Nos,2021,2021/2022
Portimonense SC,Abraham Marcus,21,Left Winger,Remo Stars FC,loan transfer,in,Summer,NA,Liga Nos,2021,2021/2022
Portimonense SC,Renato Júnior,19,Centre-Forward,EC Água Santa,loan transfer,in,Summer,NA,Liga Nos,2021,2021/2022
Portimonense SC,Shoya Nakajima,27,Attacking Midfield,FC Porto,loan transfer,in,Summer,NA,Liga Nos,2021,2021/2022
Portimonense SC,Filipe Relvas,21,Centre-Back,Portimonense 23,-,in,Summer,0,Liga Nos,2021,2021/2022
Portimonense SC,Carlinhos,27,Attacking Midfield,Without Club,-,in,Summer,0,Liga Nos,2021,2021/2022
Portimonense SC,Jadson,29,Centre-Back,WH Three Towns,"End of loanJul 26, 2021",in,Summer,0,Liga Nos,2021,2021/2022
Portimonense SC,Felipe Macedo,27,Centre-Back,SC Covilhã,"End of loanJun 30, 2021",in,Summer,0,Liga Nos,2021,2021/2022
Portimonense SC,Gleison Moreira,26,Right Winger,SC Covilhã,"End of loanJun 30, 2021",in,Summer,0,Liga Nos,2021,2021/2022
Portimonense SC,Brendon Lucas,26,Centre-Back,Leixões,"End of loanJun 24, 2021",in,Summer,0,Liga Nos,2021,2021/2022
Portimonense SC,Bruno Costa,24,Central Midfield,Paços Ferreira,"End of loanJun 30, 2021",in,Summer,0,Liga Nos,2021,2021/2022
Portimonense SC,Jeferson Bahia,29,Centre-Back,Londrina-PR,"End of loanJun 30, 2021",in,Summer,0,Liga Nos,2021,2021/2022
Portimonense SC,Bruno Costa,24,Central Midfield,FC Porto,£2.25m,out,Summer,2.25,Liga Nos,2021,2021/2022
Portimonense SC,Jadson,29,Centre-Back,SD Taishan,Loan fee:£152Th.,out,Summer,0.152,Liga Nos,2021,2021/2022
Portimonense SC,Jafar Salmani,24,Left Winger,Esteghlal FC,£115Th.,out,Summer,0.115,Liga Nos,2021,2021/2022
Portimonense SC,Guilherme Lazaroni,28,Left-Back,Novorizontino,free transfer,out,Summer,NA,Liga Nos,2021,2021/2022
Portimonense SC,Lucas Tagliapietra,30,Centre-Back,Penafiel,free transfer,out,Summer,NA,Liga Nos,2021,2021/2022
Portimonense SC,Dener,29,Attacking Midfield,Al-Tai,free transfer,out,Summer,NA,Liga Nos,2021,2021/2022
Portimonense SC,Felipe Macedo,27,Centre-Back,PAEEK,free transfer,out,Summer,NA,Liga Nos,2021,2021/2022
Portimonense SC,Emmanuel Hackman,26,Right-Back,Gil Vicente,free transfer,out,Summer,NA,Liga Nos,2021,2021/2022
Portimonense SC,Bruno Moreira,33,Centre-Forward,Trofense,free transfer,out,Summer,NA,Liga Nos,2021,2021/2022
Portimonense SC,Fernando Medeiros,25,Central Midfield,Confiança-SE,free transfer,out,Summer,NA,Liga Nos,2021,2021/2022
Portimonense SC,Gleison Moreira,26,Right Winger,Petro Luanda,?,out,Summer,NA,Liga Nos,2021,2021/2022
Portimonense SC,Koki Anzai,26,Right-Back,Kashima Antlers,?,out,Summer,NA,Liga Nos,2021,2021/2022
Portimonense SC,Beto,23,Centre-Forward,Udinese Calcio,loan transfer,out,Summer,NA,Liga Nos,2021,2021/2022
Portimonense SC,Jeferson Bahia,29,Centre-Back,Amora FC,loan transfer,out,Summer,NA,Liga Nos,2021,2021/2022
Portimonense SC,Henrique,26,Left-Back,Farense,loan transfer,out,Summer,NA,Liga Nos,2021,2021/2022
Portimonense SC,Ricardo Vaz Tê,34,Right Winger,Without Club,-,out,Summer,0,Liga Nos,2021,2021/2022
Portimonense SC,Rodrigo Freitas,22,Centre-Back,São Paulo,"End of loanJul 31, 2020",out,Summer,0,Liga Nos,2021,2021/2022
Portimonense SC,Seung-woo Lee,23,Left Winger,Sint-Truiden,"End of loanJun 30, 2021",out,Summer,0,Liga Nos,2021,2021/2022
Portimonense SC,Denis Will Poha,24,Central Midfield,Vit. Guimarães,"End of loanJun 30, 2021",out,Summer,0,Liga Nos,2021,2021/2022
Portimonense SC,Ewerton,28,Central Midfield,FC Porto,"End of loanJun 30, 2021",out,Summer,0,Liga Nos,2021,2021/2022
Portimonense SC,Maurício Antônio,29,Centre-Back,Urawa Reds,"End of loanJun 30, 2021",out,Summer,0,Liga Nos,2021,2021/2022
Portimonense SC,Fabrício,31,Centre-Forward,Urawa Reds,"End of loanJun 30, 2021",out,Summer,0,Liga Nos,2021,2021/2022
FC Porto,Pepê,24,Left Midfield,Grêmio,£13.50m,in,Summer,13.5,Liga Nos,2021,2021/2022
FC Porto,Wendell,28,Left-Back,Bay. Leverkusen,£3.60m,in,Summer,3.6,Liga Nos,2021,2021/2022
FC Porto,Bruno Costa,24,Central Midfield,Portimonense,£2.25m,in,Summer,2.25,Liga Nos,2021,2021/2022
FC Porto,Fábio Cardoso,27,Centre-Back,Santa Clara,£1.98m,in,Summer,1.98,Liga Nos,2021,2021/2022
FC Porto,Marko Grujic,25,Defensive Midfield,Liverpool,Loan fee:£900Th.,in,Summer,0.9,Liga Nos,2021,2021/2022
FC Porto,Vitinha,21,Central Midfield,Wolves,"End of loanJun 30, 2021",in,Summer,0,Liga Nos,2021,2021/2022
FC Porto,Fernando Andrade,28,Second Striker,C. Rizespor,"End of loanJun 30, 2021",in,Summer,0,Liga Nos,2021,2021/2022
FC Porto,Danilo Pereira,29,Defensive Midfield,Paris SG,"End of loanJun 30, 2021",in,Summer,0,Liga Nos,2021,2021/2022
FC Porto,Tomás Esteves,19,Right-Back,Reading,"End of loanJun 30, 2021",in,Summer,0,Liga Nos,2021,2021/2022
FC Porto,Ewerton,28,Central Midfield,Portimonense,"End of loanJun 30, 2021",in,Summer,0,Liga Nos,2021,2021/2022
FC Porto,Shoya Nakajima,26,Attacking Midfield,Al-Ain FC,"End of loanJun 30, 2021",in,Summer,0,Liga Nos,2021,2021/2022
FC Porto,Chidozie Awaziem,24,Centre-Back,Boavista,"End of loanJun 30, 2021",in,Summer,0,Liga Nos,2021,2021/2022
FC Porto,Danilo Pereira,29,Defensive Midfield,Paris SG,£14.40m,out,Summer,14.4,Liga Nos,2021,2021/2022
FC Porto,Chidozie Awaziem,24,Centre-Back,Boavista,£4.50m,out,Summer,4.5,Liga Nos,2021,2021/2022
FC Porto,Fernando Andrade,28,Second Striker,Al-Fayha,Loan fee:£225Th.,out,Summer,0.225,Liga Nos,2021,2021/2022
FC Porto,Ewerton,28,Central Midfield,Portimonense,free transfer,out,Summer,NA,Liga Nos,2021,2021/2022
FC Porto,Moussa Marega,30,Second Striker,Hilal,free transfer,out,Summer,NA,Liga Nos,2021,2021/2022
FC Porto,Carraça,28,Right-Back,Belenenses SAD,loan transfer,out,Summer,NA,Liga Nos,2021,2021/2022
FC Porto,Shoya Nakajima,27,Attacking Midfield,Portimonense,loan transfer,out,Summer,NA,Liga Nos,2021,2021/2022
FC Porto,Diogo Leite,22,Centre-Back,SC Braga,loan transfer,out,Summer,NA,Liga Nos,2021,2021/2022
FC Porto,Mamadou Loum,24,Defensive Midfield,Alavés,loan transfer,out,Summer,NA,Liga Nos,2021,2021/2022
FC Porto,Romário Baró,21,Central Midfield,Estoril Praia,loan transfer,out,Summer,NA,Liga Nos,2021,2021/2022
FC Porto,Tomás Esteves,19,Right-Back,FC Porto B,-,out,Summer,0,Liga Nos,2021,2021/2022
FC Porto,Malang Sarr,22,Centre-Back,Chelsea,"End of loanJun 30, 2021",out,Summer,0,Liga Nos,2021,2021/2022
FC Porto,Felipe Anderson,28,Left Winger,West Ham,"End of loanJun 30, 2021",out,Summer,0,Liga Nos,2021,2021/2022
FC Porto,Marko Grujic,25,Defensive Midfield,Liverpool,"End of loanJun 30, 2021",out,Summer,0,Liga Nos,2021,2021/2022
CD Santa Clara,Mohammad Mohebi,22,Left Winger,Sepahan,£450Th.,in,Summer,0.45,Liga Nos,2021,2021/2022
CD Santa Clara,Andrei Chindris,22,Centre-Back,FC Botosani,£198Th.,in,Summer,0.198,Liga Nos,2021,2021/2022
CD Santa Clara,Luiz Phellype,27,Centre-Forward,Sporting CP,Loan fee:£108Th.,in,Summer,0.108,Liga Nos,2021,2021/2022
CD Santa Clara,Mohamed Bouldini,25,Centre-Forward,Coimbra,free transfer,in,Summer,NA,Liga Nos,2021,2021/2022
CD Santa Clara,Hamidou Keyta,26,Left Winger,FC Botosani,free transfer,in,Summer,NA,Liga Nos,2021,2021/2022
CD Santa Clara,Kennedy Boateng,24,Centre-Back,SV Ried,free transfer,in,Summer,NA,Liga Nos,2021,2021/2022
CD Santa Clara,Ricardo Fernandes,26,Goalkeeper,Académico Viseu,free transfer,in,Summer,NA,Liga Nos,2021,2021/2022
CD Santa Clara,Paulo Henrique,24,Left-Back,Penafiel,free transfer,in,Summer,NA,Liga Nos,2021,2021/2022
CD Santa Clara,Rodrigo Simão,20,Centre-Forward,Operário Lagoa,"End of loanJun 30, 2021",in,Summer,0,Liga Nos,2021,2021/2022
CD Santa Clara,Bruno Lamas,27,Attacking Midfield,Khor Fakkan,"End of loanJun 30, 2021",in,Summer,0,Liga Nos,2021,2021/2022
CD Santa Clara,André Mesquita,23,Right Winger,Mafra,"End of loanJun 30, 2021",in,Summer,0,Liga Nos,2021,2021/2022
CD Santa Clara,Diogo Motty,21,Left Winger,Mirandela,"End of loanJun 30, 2021",in,Summer,0,Liga Nos,2021,2021/2022
CD Santa Clara,Ricardinho,22,Attacking Midfield,Torreense,"End of loanJun 30, 2021",in,Summer,0,Liga Nos,2021,2021/2022
CD Santa Clara,Carlos Júnior,26,Right Winger,Shabab,£2.70m,out,Summer,2.7,Liga Nos,2021,2021/2022
CD Santa Clara,Fábio Cardoso,27,Centre-Back,FC Porto,£1.98m,out,Summer,1.98,Liga Nos,2021,2021/2022
CD Santa Clara,Shahriar Moghanlou,26,Centre-Forward,Sepahan,£450Th.,out,Summer,0.45,Liga Nos,2021,2021/2022
CD Santa Clara,Bruno Lamas,27,Attacking Midfield,Daegu FC,free transfer,out,Summer,NA,Liga Nos,2021,2021/2022
CD Santa Clara,Lucas Marques,26,Central Midfield,Mafra,free transfer,out,Summer,NA,Liga Nos,2021,2021/2022
CD Santa Clara,João Lucas,25,Left-Back,Coimbra,free transfer,out,Summer,NA,Liga Nos,2021,2021/2022
CD Santa Clara,Ukra,33,Right Winger,Rio Ave FC,free transfer,out,Summer,NA,Liga Nos,2021,2021/2022
CD Santa Clara,Diogo Salomão,32,Left Winger,CF Estrela,free transfer,out,Summer,NA,Liga Nos,2021,2021/2022
CD Santa Clara,André Ferreira,25,Goalkeeper,Paços Ferreira,?,out,Summer,NA,Liga Nos,2021,2021/2022
CD Santa Clara,Diogo Motty,21,Left Winger,Santarém,loan transfer,out,Summer,NA,Liga Nos,2021,2021/2022
CD Santa Clara,André Mesquita,23,Right Winger,Vitória Setúbal,loan transfer,out,Summer,NA,Liga Nos,2021,2021/2022
CD Santa Clara,Gustavo Viera,20,Centre-Forward,CA Fénix,loan transfer,out,Summer,NA,Liga Nos,2021,2021/2022
CD Santa Clara,Rodrigo Simão,20,Centre-Forward,Without Club,-,out,Summer,0,Liga Nos,2021,2021/2022
Sporting CP,Manuel Ugarte,20,Defensive Midfield,Famalicão,£5.85m,in,Summer,5.85,Liga Nos,2021,2021/2022
Sporting CP,Ricardo Esgaio,28,Right-Back,SC Braga,£4.95m,in,Summer,4.95,Liga Nos,2021,2021/2022
Sporting CP,Pablo Sarabia,29,Right Winger,Paris SG,Loan fee:£1.80m,in,Summer,1.8,Liga Nos,2021,2021/2022
Sporting CP,Matheus Reis,26,Left-Back,Rio Ave FC,free transfer,in,Summer,NA,Liga Nos,2021,2021/2022
Sporting CP,Rúben Vinagre,22,Left-Back,Wolves,loan transfer,in,Summer,NA,Liga Nos,2021,2021/2022
Sporting CP,João Virgínia,21,Goalkeeper,Everton,loan transfer,in,Summer,NA,Liga Nos,2021,2021/2022
Sporting CP,Eduardo Henrique,26,Defensive Midfield,Crotone,"End of loanJun 30, 2021",in,Summer,0,Liga Nos,2021,2021/2022
Sporting CP,Mattheus,26,Attacking Midfield,Coritiba FC,"End of loanJun 30, 2021",in,Summer,0,Liga Nos,2021,2021/2022
Sporting CP,Idrissa Doumbia,23,Defensive Midfield,SD Huesca,"End of loanJun 30, 2021",in,Summer,0,Liga Nos,2021,2021/2022
Sporting CP,Josip Misic,27,Central Midfield,Dinamo Zagreb,"End of loanJun 30, 2021",in,Summer,0,Liga Nos,2021,2021/2022
Sporting CP,Ivanildo Fernandes,25,Centre-Back,UD Almería,"End of loanJun 30, 2021",in,Summer,0,Liga Nos,2021,2021/2022
Sporting CP,Abdoulay Diaby,30,Right Winger,RSC Anderlecht,"End of loanJun 30, 2021",in,Summer,0,Liga Nos,2021,2021/2022
Sporting CP,Tiago Ilori,28,Centre-Back,FC Lorient,"End of loanJun 30, 2021",in,Summer,0,Liga Nos,2021,2021/2022
Sporting CP,Pedro Mendes,21,Centre-Forward,Nacional,"End of loanJun 30, 2021",in,Summer,0,Liga Nos,2021,2021/2022
Sporting CP,Pedro Marques,23,Centre-Forward,Gil Vicente,"End of loanJun 30, 2021",in,Summer,0,Liga Nos,2021,2021/2022
Sporting CP,Andraz Sporar,27,Centre-Forward,SC Braga,"End of loanJun 30, 2021",in,Summer,0,Liga Nos,2021,2021/2022
Sporting CP,Rafael Camacho,21,Left Winger,Rio Ave FC,"End of loanJun 30, 2021",in,Summer,0,Liga Nos,2021,2021/2022
Sporting CP,Valentin Rosier,24,Right-Back,Besiktas,"End of loanJun 30, 2021",in,Summer,0,Liga Nos,2021,2021/2022
Sporting CP,Rodrigo Battaglia,29,Central Midfield,Alavés,"End of loanJun 30, 2021",in,Summer,0,Liga Nos,2021,2021/2022
Sporting CP,Nuno Mendes,19,Left-Back,Paris SG,Loan fee:£6.30m,out,Summer,6.3,Liga Nos,2021,2021/2022
Sporting CP,Luís Maximiano,22,Goalkeeper,Granada CF,£4.05m,out,Summer,4.05,Liga Nos,2021,2021/2022
Sporting CP,Josip Misic,27,Central Midfield,Dinamo Zagreb,£1.80m,out,Summer,1.8,Liga Nos,2021,2021/2022
Sporting CP,Eduardo Henrique,26,Defensive Midfield,Al-Raed,Loan fee:£315Th.,out,Summer,0.315,Liga Nos,2021,2021/2022
Sporting CP,Tiago Ilori,28,Centre-Back,Boavista,Loan fee:£198Th.,out,Summer,0.198,Liga Nos,2021,2021/2022
Sporting CP,Rafael Camacho,21,Left Winger,Belenenses SAD,Loan fee:£180Th.,out,Summer,0.18,Liga Nos,2021,2021/2022
Sporting CP,Eduardo Quaresma,19,Centre-Back,Tondela,Loan fee:£162Th.,out,Summer,0.162,Liga Nos,2021,2021/2022
Sporting CP,Luiz Phellype,27,Centre-Forward,Santa Clara,Loan fee:£108Th.,out,Summer,0.108,Liga Nos,2021,2021/2022
Sporting CP,Vitorino Antunes,34,Left-Back,Paços Ferreira,free transfer,out,Summer,NA,Liga Nos,2021,2021/2022
Sporting CP,Lumor,24,Left-Back,Aris Saloniki,free transfer,out,Summer,NA,Liga Nos,2021,2021/2022
Sporting CP,Ivanildo Fernandes,25,Centre-Back,Vizela,free transfer,out,Summer,NA,Liga Nos,2021,2021/2022
Sporting CP,Valentin Rosier,24,Right-Back,Besiktas,loan transfer,out,Summer,NA,Liga Nos,2021,2021/2022
Sporting CP,Gonzalo Plata,20,Right Winger,Real Valladolid,loan transfer,out,Summer,NA,Liga Nos,2021,2021/2022
Sporting CP,Pedro Marques,23,Centre-Forward,Famalicão,loan transfer,out,Summer,NA,Liga Nos,2021,2021/2022
Sporting CP,Idrissa Doumbia,23,Defensive Midfield,Zulte Waregem,loan transfer,out,Summer,NA,Liga Nos,2021,2021/2022
Sporting CP,Rodrigo Battaglia,30,Central Midfield,RCD Mallorca,loan transfer,out,Summer,NA,Liga Nos,2021,2021/2022
Sporting CP,Pedro Mendes,21,Centre-Forward,Rio Ave FC,loan transfer,out,Summer,NA,Liga Nos,2021,2021/2022
Sporting CP,Andraz Sporar,27,Centre-Forward,Middlesbrough,loan transfer,out,Summer,NA,Liga Nos,2021,2021/2022
Sporting CP,Mattheus,27,Attacking Midfield,Without Club,-,out,Summer,0,Liga Nos,2021,2021/2022
Sporting CP,Abdoulay Diaby,30,Right Winger,Sporting B,-,out,Summer,0,Liga Nos,2021,2021/2022
Sporting CP,João Pereira,37,Right-Back,Retired,-,out,Summer,0,Liga Nos,2021,2021/2022
Sporting CP,João Mário,28,Central Midfield,Inter,"End of loanJun 30, 2021",out,Summer,0,Liga Nos,2021,2021/2022
Sporting CP,Matheus Reis,26,Left-Back,Rio Ave FC,"End of loanJun 30, 2021",out,Summer,0,Liga Nos,2021,2021/2022
CD Tondela,Eduardo Quaresma,19,Centre-Back,Sporting CP,Loan fee:£162Th.,in,Summer,0.162,Liga Nos,2021,2021/2022
CD Tondela,Philip Tear,22,Goalkeeper,Somorrostro,free transfer,in,Summer,NA,Liga Nos,2021,2021/2022
CD Tondela,Iker Undabarrena,26,Central Midfield,CE Sabadell,free transfer,in,Summer,NA,Liga Nos,2021,2021/2022
CD Tondela,Manu Hernando,22,Centre-Back,RM Castilla,free transfer,in,Summer,NA,Liga Nos,2021,2021/2022
CD Tondela,Daniel dos Anjos,25,Centre-Forward,Benfica B,?,in,Summer,NA,Liga Nos,2021,2021/2022
CD Tondela,Tiago Dantas,20,Central Midfield,Benfica,loan transfer,in,Summer,NA,Liga Nos,2021,2021/2022
CD Tondela,Simone Muratore,23,Central Midfield,Atalanta BC,loan transfer,in,Summer,NA,Liga Nos,2021,2021/2022
CD Tondela,Modibo Sagnan,22,Centre-Back,Real Sociedad,loan transfer,in,Summer,NA,Liga Nos,2021,2021/2022
CD Tondela,Juan Manuel Boselli,21,Right Winger,Defensor,loan transfer,in,Summer,NA,Liga Nos,2021,2021/2022
CD Tondela,Neto Borges,24,Left-Back,KRC Genk,loan transfer,in,Summer,NA,Liga Nos,2021,2021/2022
CD Tondela,Renat Dadashov,22,Centre-Forward,Wolves,loan transfer,in,Summer,NA,Liga Nos,2021,2021/2022
CD Tondela,Manel Garruço,22,Central Midfield,Beira-Mar,"End of loanJun 30, 2021",in,Summer,0,Liga Nos,2021,2021/2022
CD Tondela,Rúben Fonseca,21,Centre-Forward,Salgueiros,"End of loanJun 30, 2021",in,Summer,0,Liga Nos,2021,2021/2022
CD Tondela,João Mendes,26,Central Midfield,Estoril Praia,"End of loanJun 30, 2021",in,Summer,0,Liga Nos,2021,2021/2022
CD Tondela,Manel Garruço,22,Central Midfield,Condeixa,free transfer,out,Summer,NA,Liga Nos,2021,2021/2022
CD Tondela,Souleymane Anne,23,Centre-Forward,RE Virton,free transfer,out,Summer,NA,Liga Nos,2021,2021/2022
CD Tondela,Yohan,33,Centre-Back,Belenenses SAD,free transfer,out,Summer,NA,Liga Nos,2021,2021/2022
CD Tondela,Filipe Ferreira,30,Left-Back,Boavista,free transfer,out,Summer,NA,Liga Nos,2021,2021/2022
CD Tondela,João Mendes,26,Central Midfield,Chaves,free transfer,out,Summer,NA,Liga Nos,2021,2021/2022
CD Tondela,João Jaquité,25,Defensive Midfield,Vilafranquense,?,out,Summer,NA,Liga Nos,2021,2021/2022
CD Tondela,Joel Sousa,21,Goalkeeper,ARC Oleiros,loan transfer,out,Summer,NA,Liga Nos,2021,2021/2022
CD Tondela,Tomislav Strkalj,25,Centre-Forward,Hrv Dragovoljac,loan transfer,out,Summer,NA,Liga Nos,2021,2021/2022
CD Tondela,Enzo Martínez,23,Centre-Back,Peñarol,"End of loanJun 30, 2021",out,Summer,0,Liga Nos,2021,2021/2022
CD Tondela,Abdel Medioub,23,Centre-Back,G. Bordeaux B,"End of loanJun 30, 2021",out,Summer,0,Liga Nos,2021,2021/2022
CD Tondela,Roberto Olabe,25,Central Midfield,SD Eibar,"End of loanJun 30, 2021",out,Summer,0,Liga Nos,2021,2021/2022
CD Tondela,Mario González,25,Centre-Forward,Villarreal,"End of loanJun 30, 2021",out,Summer,0,Liga Nos,2021,2021/2022
CD Tondela,Jaume Grau,24,Central Midfield,CA Osasuna,"End of loanJun 30, 2021",out,Summer,0,Liga Nos,2021,2021/2022
Vitória Guimarães SC,Alfa Semedo,23,Defensive Midfield,Benfica,£1.35m,in,Summer,1.35,Liga Nos,2021,2021/2022
Vitória Guimarães SC,Toni Borevkovic,24,Centre-Back,Rio Ave FC,£1.08m,in,Summer,1.08,Liga Nos,2021,2021/2022
Vitória Guimarães SC,Tiago Silva,28,Attacking Midfield,Olympiacos,free transfer,in,Summer,NA,Liga Nos,2021,2021/2022
Vitória Guimarães SC,João Ferreira,20,Right-Back,Benfica B,loan transfer,in,Summer,NA,Liga Nos,2021,2021/2022
Vitória Guimarães SC,Tomás Händel,20,Defensive Midfield,Guimarães B,-,in,Summer,0,Liga Nos,2021,2021/2022
Vitória Guimarães SC,Herculano Nabian,17,Centre-Forward,Guimarães B,-,in,Summer,0,Liga Nos,2021,2021/2022
Vitória Guimarães SC,Gui,19,Central Midfield,Guimarães U23,-,in,Summer,0,Liga Nos,2021,2021/2022
Vitória Guimarães SC,Hélder Sá,18,Left-Back,Guimarães U23,-,in,Summer,0,Liga Nos,2021,2021/2022
Vitória Guimarães SC,Aziz,22,Centre-Forward,Estoril Praia,"End of loanJun 30, 2021",in,Summer,0,Liga Nos,2021,2021/2022
Vitória Guimarães SC,Frederico Venâncio,28,Centre-Back,CD Lugo,"End of loanJun 30, 2021",in,Summer,0,Liga Nos,2021,2021/2022
Vitória Guimarães SC,Pedro Henrique,28,Centre-Back,Al-Wahda,"End of loanJun 30, 2021",in,Summer,0,Liga Nos,2021,2021/2022
Vitória Guimarães SC,Denis Will Poha,24,Central Midfield,Portimonense,"End of loanJun 30, 2021",in,Summer,0,Liga Nos,2021,2021/2022
Vitória Guimarães SC,Rafa Soares,26,Left-Back,SD Eibar,"End of loanJun 30, 2021",in,Summer,0,Liga Nos,2021,2021/2022
Vitória Guimarães SC,Frederico Venâncio,28,Centre-Back,SD Eibar,free transfer,out,Summer,NA,Liga Nos,2021,2021/2022
Vitória Guimarães SC,Alhassan Wakaso,29,Defensive Midfield,Olympiakos N.,free transfer,out,Summer,NA,Liga Nos,2021,2021/2022
Vitória Guimarães SC,Noah Jean Holm,20,Centre-Forward,Rosenborg,?,out,Summer,NA,Liga Nos,2021,2021/2022
Vitória Guimarães SC,Miguel Luís,22,Central Midfield,Rakow,?,out,Summer,NA,Liga Nos,2021,2021/2022
Vitória Guimarães SC,Jhonatan,30,Goalkeeper,Rio Ave FC,loan transfer,out,Summer,NA,Liga Nos,2021,2021/2022
Vitória Guimarães SC,Aziz,22,Centre-Forward,Rio Ave FC,loan transfer,out,Summer,NA,Liga Nos,2021,2021/2022
Vitória Guimarães SC,Easah Suliman,23,Centre-Back,Nacional,loan transfer,out,Summer,NA,Liga Nos,2021,2021/2022
Vitória Guimarães SC,Pedro Henrique,28,Centre-Back,Atlético-GO,loan transfer,out,Summer,NA,Liga Nos,2021,2021/2022
Vitória Guimarães SC,Jacob Maddox,22,Attacking Midfield,Burton Albion,loan transfer,out,Summer,NA,Liga Nos,2021,2021/2022
Vitória Guimarães SC,Zié Ouattara,21,Right-Back,Guimarães U23,-,out,Summer,0,Liga Nos,2021,2021/2022
Vitória Guimarães SC,Gideon Mensah,22,Left-Back,RB Salzburg,"End of loanJun 30, 2021",out,Summer,0,Liga Nos,2021,2021/2022
Vitória Guimarães SC,Pepelu,22,Defensive Midfield,Levante,"End of loanJun 30, 2021",out,Summer,0,Liga Nos,2021,2021/2022
FC Vizela,Ivanildo Fernandes,25,Centre-Back,Sporting CP,free transfer,in,Summer,NA,Liga Nos,2021,2021/2022
FC Vizela,Igor Julião,26,Right-Back,Fluminense,free transfer,in,Summer,NA,Liga Nos,2021,2021/2022
FC Vizela,Claudemir,33,Defensive Midfield,Sivasspor,free transfer,in,Summer,NA,Liga Nos,2021,2021/2022
FC Vizela,Tomás Silva,21,Central Midfield,Sporting B,free transfer,in,Summer,NA,Liga Nos,2021,2021/2022
FC Vizela,Kévin Zohi,24,Centre-Forward,R. Strasbourg,free transfer,in,Summer,NA,Liga Nos,2021,2021/2022
FC Vizela,Bruno Wilson,24,Centre-Back,SC Braga,?,in,Summer,NA,Liga Nos,2021,2021/2022
FC Vizela,Nuno Moreira,22,Right Winger,Sporting B,?,in,Summer,NA,Liga Nos,2021,2021/2022
FC Vizela,Charles,27,Goalkeeper,Marítimo,?,in,Summer,NA,Liga Nos,2021,2021/2022
FC Vizela,Alex Méndez,20,Attacking Midfield,Ajax U21,?,in,Summer,NA,Liga Nos,2021,2021/2022
FC Vizela,Guilherme Schettine,25,Centre-Forward,SC Braga,loan transfer,in,Summer,NA,Liga Nos,2021,2021/2022
FC Vizela,Richard Opoku,20,Defensive Midfield,Pedras Salgadas,"End of loanJun 30, 2021",in,Summer,0,Liga Nos,2021,2021/2022
FC Vizela,Francis Okoli,23,Central Midfield,Pedras Salgadas,"End of loanJun 30, 2021",in,Summer,0,Liga Nos,2021,2021/2022
FC Vizela,Kiko,21,Centre-Back,Pedras Salgadas,"End of loanJun 30, 2021",in,Summer,0,Liga Nos,2021,2021/2022
FC Vizela,João Ricardo,19,Right Winger,Pedras Salgadas,"End of loanJun 30, 2021",in,Summer,0,Liga Nos,2021,2021/2022
FC Vizela,Junxian Liu,20,Centre-Forward,Pedras Salgadas,"End of loanJun 30, 2021",in,Summer,0,Liga Nos,2021,2021/2022
FC Vizela,David Martins,21,Centre-Back,Pedras Salgadas,"End of loanJun 30, 2021",in,Summer,0,Liga Nos,2021,2021/2022
FC Vizela,Isah Musa,22,Right-Back,Pedras Salgadas,"End of loanJun 30, 2021",in,Summer,0,Liga Nos,2021,2021/2022
FC Vizela,João Pais,22,Left Winger,Pedras Salgadas,"End of loanJun 30, 2021",in,Summer,0,Liga Nos,2021,2021/2022
FC Vizela,Kuku Fidelis,22,Right Winger,Boavista U23,"End of loanJun 30, 2021",in,Summer,0,Liga Nos,2021,2021/2022
FC Vizela,Didi,22,Centre-Forward,Pedras Salgadas,"End of loanJun 30, 2021",in,Summer,0,Liga Nos,2021,2021/2022
FC Vizela,Zé Luís,19,Left Midfield,Bragança,"End of loanJun 30, 2021",in,Summer,0,Liga Nos,2021,2021/2022
FC Vizela,Junxian Liu,20,Centre-Forward,Wuhan FC,£118Th.,out,Summer,0.118,Liga Nos,2021,2021/2022
FC Vizela,Diogo Ribeiro,30,Centre-Forward,Alverca,free transfer,out,Summer,NA,Liga Nos,2021,2021/2022
FC Vizela,Zé Luís,19,Left Midfield,Torcatense,free transfer,out,Summer,NA,Liga Nos,2021,2021/2022
FC Vizela,Richard Opoku,20,Defensive Midfield,Câmara Lobos,free transfer,out,Summer,NA,Liga Nos,2021,2021/2022
FC Vizela,Kiko,21,Centre-Back,Valadares Gaia,free transfer,out,Summer,NA,Liga Nos,2021,2021/2022
FC Vizela,André Soares,31,Right Winger,Länk FCV,free transfer,out,Summer,NA,Liga Nos,2021,2021/2022
FC Vizela,Ericson,33,Defensive Midfield,Académico Viseu,free transfer,out,Summer,NA,Liga Nos,2021,2021/2022
FC Vizela,Musa Yahaya,23,Right-Back,Académico Viseu,free transfer,out,Summer,NA,Liga Nos,2021,2021/2022
FC Vizela,Tavinho,27,Right Winger,Varzim,free transfer,out,Summer,NA,Liga Nos,2021,2021/2022
FC Vizela,Matheus Costa,26,Centre-Back,Marítimo,free transfer,out,Summer,NA,Liga Nos,2021,2021/2022
FC Vizela,João Pais,23,Left Winger,Oliv. Hospital,loan transfer,out,Summer,NA,Liga Nos,2021,2021/2022
FC Vizela,Marcelo,22,Centre-Back,Oliv. Hospital,loan transfer,out,Summer,NA,Liga Nos,2021,2021/2022
FC Vizela,Didi,22,Centre-Forward,Sanjoanense,loan transfer,out,Summer,NA,Liga Nos,2021,2021/2022
FC Vizela,Kuku Fidelis,22,Right Winger,FC Vizela U23,-,out,Summer,0,Liga Nos,2021,2021/2022
FC Vizela,David Martins,21,Centre-Back,FC Vizela U23,-,out,Summer,0,Liga Nos,2021,2021/2022
FC Vizela,João Ricardo,19,Right Winger,FC Vizela U23,-,out,Summer,0,Liga Nos,2021,2021/2022
FC Vizela,Manuel Baldé,18,Goalkeeper,FC Vizela U23,-,out,Summer,0,Liga Nos,2021,2021/2022
FC Vizela,Emmanuel Maviram,20,Left-Back,FC Vizela U23,-,out,Summer,0,Liga Nos,2021,2021/2022
FC Vizela,Isah Musa,22,Right-Back,Without Club,-,out,Summer,0,Liga Nos,2021,2021/2022
FC Vizela,João Pedro,31,Right-Back,Retired,-,out,Summer,0,Liga Nos,2021,2021/2022
FC Vizela,Francis Okoli,23,Central Midfield,Without Club,-,out,Summer,0,Liga Nos,2021,2021/2022
FC Vizela,Fernando Cardozo,20,Right Midfield,Olimpia,"End of loanJun 30, 2021",out,Summer,0,Liga Nos,2021,2021/2022
FC Vizela,Marcelinho,24,Left Winger,Marítimo,"End of loanJun 30, 2021",out,Summer,0,Liga Nos,2021,2021/2022
FC Vizela,Leonel Mosevich,24,Centre-Back,Argentinos Jrs.,"End of loanJun 30, 2021",out,Summer,0,Liga Nos,2021,2021/2022
FC Arouca,Emilijus Zubas,31,Goalkeeper,Without Club,-,in,Winter,0,Liga Nos,2021,2021/2022
SL Benfica,Jhonder Cádiz,26,Centre-Forward,Nashville,"End of loanDec 31, 2021",in,Winter,0,Liga Nos,2021,2021/2022
SL Benfica,Yony González,27,Right Winger,Ceará SC,"End of loanDec 31, 2021",in,Winter,0,Liga Nos,2021,2021/2022
SL Benfica,Germán Conti,27,Centre-Back,EC Bahia,"End of loanDec 31, 2021",in,Winter,0,Liga Nos,2021,2021/2022
SL Benfica,Germán Conti,27,Centre-Back,América-MG,loan transfer,out,Winter,NA,Liga Nos,2021,2021/2022
Boavista FC,Marcelo Djaló,28,Centre-Back,Without Club,-,out,Winter,0,Liga Nos,2021,2021/2022
SC Braga,Bruno Viana,26,Centre-Back,Flamengo,"End of loanDec 31, 2021",in,Winter,0,Liga Nos,2021,2021/2022
SC Braga,Eduardo,28,Attacking Midfield,Náutico,loan transfer,out,Winter,NA,Liga Nos,2021,2021/2022
GD Estoril Praia,Henrique Trevisan,24,Centre-Back,Oita Trinita,"End of loanJan 1, 2022",in,Winter,0,Liga Nos,2021,2021/2022
Gil Vicente FC,Ahmed Isaiah,25,Left Midfield,SC Covilhã,free transfer,out,Winter,NA,Liga Nos,2021,2021/2022
Gil Vicente FC,Guilherme Mantuan,24,Right-Back,Botafogo-SP,free transfer,out,Winter,NA,Liga Nos,2021,2021/2022
Moreirense FC,Luiz Henrique,24,Attacking Midfield,Náutico,"End of loanDec 31, 2021",in,Winter,0,Liga Nos,2021,2021/2022
Portimonense SC,Shuichi Gonda,32,Goalkeeper,Shimizu S-Pulse,"End of loanJan 1, 2022",in,Winter,0,Liga Nos,2021,2021/2022
Portimonense SC,Welinton Junior,28,Right Winger,Shonan Bellmare,"End of loanJan 1, 2022",in,Winter,0,Liga Nos,2021,2021/2022
Portimonense SC,Júlio César,27,Left Winger,Guarani,"End of loanDec 31, 2021",in,Winter,0,Liga Nos,2021,2021/2022
Portimonense SC,Iury,26,Centre-Forward,CSA,"End of loanDec 31, 2021",in,Winter,0,Liga Nos,2021,2021/2022
Portimonense SC,Rômulo,25,Defensive Midfield,Brasil-RS,"End of loanNov 30, 2021",in,Winter,0,Liga Nos,2021,2021/2022
Portimonense SC,Jadson,30,Centre-Back,SD Taishan,"End of loanJan 10, 2022",in,Winter,0,Liga Nos,2021,2021/2022
Portimonense SC,Shuichi Gonda,32,Goalkeeper,Shimizu S-Pulse,£1.80m,out,Winter,1.8,Liga Nos,2021,2021/2022
Portimonense SC,Iury,26,Centre-Forward,Ceará SC,Loan fee:£108Th.,out,Winter,0.108,Liga Nos,2021,2021/2022
FC Porto,Saravia,28,Right-Back,Internacional,"End of loanDec 31, 2021",in,Winter,0,Liga Nos,2021,2021/2022
Sporting CP,Carlos Jatoba,26,Central Midfield,CRB,"End of loanNov 30, 2021",in,Winter,0,Liga Nos,2021,2021/2022
Sporting CP,Bruno Gaspar,28,Right-Back,Vancouver,"End of loanDec 31, 2021",in,Winter,0,Liga Nos,2021,2021/2022
CD Tondela,Rubilio Castillo,30,Centre-Forward,Royal Pari,"End of loanDec 31, 2021",in,Winter,0,Liga Nos,2021,2021/2022
FC Vizela,Anderson,26,Centre-Back,América-MG,free transfer,in,Winter,NA,Liga Nos,2021,2021/2022
