club_name,player_name,age,position,club_involved_name,fee,transfer_movement,transfer_period,fee_cleaned,league_name,year,season
Zenit St. Petersburg,Claudinho,24,Attacking Midfield,RB Bragantino,£10.80m,in,Summer,10.8,Premier Liga,2021,2021/2022
Zenit St. Petersburg,Dmitri Chistyakov,27,Centre-Back,Rostov,£2.93m,in,Summer,2.93,Premier Liga,2021,2021/2022
Zenit St. Petersburg,Stanislav Kritsyuk,30,Goalkeeper,Gil Vicente,£1.80m,in,Summer,1.8,Premier Liga,2021,2021/2022
Zenit St. Petersburg,Danila Prokhin,20,Centre-Back,Sochi,"End of loanJun 30, 2021",in,Summer,0,Premier Liga,2021,2021/2022
Zenit St. Petersburg,Sebastián Driussi,25,Left Winger,Austin,£5.73m,out,Summer,5.73,Premier Liga,2021,2021/2022
Zenit St. Petersburg,Danila Prokhin,20,Centre-Back,Rostov,free transfer,out,Summer,NA,Premier Liga,2021,2021/2022
Zenit St. Petersburg,Andrey Lunev,29,Goalkeeper,Bay. Leverkusen,free transfer,out,Summer,NA,Premier Liga,2021,2021/2022
Zenit St. Petersburg,Yuri Zhirkov,37,Left-Back,Without Club,-,out,Summer,0,Premier Liga,2021,2021/2022
Zenit St. Petersburg,Daniil Shamkin,19,Attacking Midfield,Baltika,loan transfer,out,Summer,NA,Premier Liga,2021,2021/2022
Zenit St. Petersburg,Dmitri Chistyakov,27,Centre-Back,Rostov,"End of loanJun 30, 2021",out,Summer,0,Premier Liga,2021,2021/2022
Spartak Moscow,Victor Moses,30,Right Midfield,Chelsea,£4.50m,in,Summer,4.5,Premier Liga,2021,2021/2022
Spartak Moscow,Maximiliano Caufriez,24,Centre-Back,Sint-Truiden,£2.25m,in,Summer,2.25,Premier Liga,2021,2021/2022
Spartak Moscow,Ruslan Litvinov,20,Defensive Midfield,Spartak 2,-,in,Summer,0,Premier Liga,2021,2021/2022
Spartak Moscow,Mikhail Ignatov,21,Attacking Midfield,Spartak 2,-,in,Summer,0,Premier Liga,2021,2021/2022
Spartak Moscow,Oston Urunov,20,Attacking Midfield,Ufa,"End of loanJun 30, 2021",in,Summer,0,Premier Liga,2021,2021/2022
Spartak Moscow,Maksim Glushenkov,21,Right Winger,Khimki,"End of loanJun 30, 2021",in,Summer,0,Premier Liga,2021,2021/2022
Spartak Moscow,Reziuan Mirzov,28,Left Winger,Khimki,"End of loanJun 30, 2021",in,Summer,0,Premier Liga,2021,2021/2022
Spartak Moscow,Aleksandr Lomovitskiy,23,Right Winger,Arsenal Tula,"End of loanJun 30, 2021",in,Summer,0,Premier Liga,2021,2021/2022
Spartak Moscow,Nikolay Rasskazov,23,Right-Back,Arsenal Tula,"End of loanJun 30, 2021",in,Summer,0,Premier Liga,2021,2021/2022
Spartak Moscow,Guus Til,23,Attacking Midfield,SC Freiburg,"End of loanJun 30, 2021",in,Summer,0,Premier Liga,2021,2021/2022
Spartak Moscow,Georgi Melkadze,24,Second Striker,Akhmat Grozny,"End of loanJun 30, 2021",in,Summer,0,Premier Liga,2021,2021/2022
Spartak Moscow,Artem Timofeev,27,Defensive Midfield,Akhmat Grozny,"End of loanJun 30, 2021",in,Summer,0,Premier Liga,2021,2021/2022
Spartak Moscow,Alex Kral,23,Defensive Midfield,West Ham,Loan fee:£4.68m,out,Summer,4.68,Premier Liga,2021,2021/2022
Spartak Moscow,Artem Timofeev,27,Defensive Midfield,Akhmat Grozny,£720Th.,out,Summer,0.72,Premier Liga,2021,2021/2022
Spartak Moscow,Pedro Rocha,26,Left Winger,Athletico-PR,Loan fee:£630Th.,out,Summer,0.63,Premier Liga,2021,2021/2022
Spartak Moscow,Aleksandr Tashaev,27,Right Winger,Rotor Volgograd,free transfer,out,Summer,NA,Premier Liga,2021,2021/2022
Spartak Moscow,Ayaz Guliev,24,Central Midfield,Arsenal Tula,free transfer,out,Summer,NA,Premier Liga,2021,2021/2022
Spartak Moscow,Maksim Glushenkov,22,Right Winger,KS Samara,Loan fee:£30Th.,out,Summer,0.03,Premier Liga,2021,2021/2022
Spartak Moscow,Guus Til,23,Attacking Midfield,Feyenoord,loan transfer,out,Summer,NA,Premier Liga,2021,2021/2022
Spartak Moscow,Oston Urunov,20,Attacking Midfield,Ufa,loan transfer,out,Summer,NA,Premier Liga,2021,2021/2022
Spartak Moscow,Reziuan Mirzov,28,Left Winger,Khimki,loan transfer,out,Summer,NA,Premier Liga,2021,2021/2022
Spartak Moscow,Victor Moses,30,Right Midfield,Chelsea,"End of loanJun 30, 2021",out,Summer,0,Premier Liga,2021,2021/2022
Lokomotiv Moscow,Konstantin Maradishvili,21,Defensive Midfield,CSKA Moscow,£6.30m,in,Summer,6.3,Premier Liga,2021,2021/2022
Lokomotiv Moscow,Gyrano Kerk,25,Right Winger,FC Utrecht,£5.40m,in,Summer,5.4,Premier Liga,2021,2021/2022
Lokomotiv Moscow,Alexis Beka Beka,20,Defensive Midfield,SM Caen,£5.40m,in,Summer,5.4,Premier Liga,2021,2021/2022
Lokomotiv Moscow,Nair Tiknizyan,22,Left-Back,CSKA Moscow,£4.50m,in,Summer,4.5,Premier Liga,2021,2021/2022
Lokomotiv Moscow,Tin Jedvaj,25,Centre-Back,Bay. Leverkusen,£3.60m,in,Summer,3.6,Premier Liga,2021,2021/2022
Lokomotiv Moscow,Maksim Nenakhov,22,Right-Back,Akhmat Grozny,£1.80m,in,Summer,1.8,Premier Liga,2021,2021/2022
Lokomotiv Moscow,Kirill Zinovich,18,Attacking Midfield,FK Minsk,£162Th.,in,Summer,0.162,Premier Liga,2021,2021/2022
Lokomotiv Moscow,Maksim Petrov,20,Central Midfield,Loko-Kazanka M.,-,in,Summer,0,Premier Liga,2021,2021/2022
Lokomotiv Moscow,Daniil Khudyakov,17,Goalkeeper,Loko-Kazanka M.,-,in,Summer,0,Premier Liga,2021,2021/2022
Lokomotiv Moscow,Aleksandr Silyanov,20,Right-Back,Loko-Kazanka M.,-,in,Summer,0,Premier Liga,2021,2021/2022
Lokomotiv Moscow,Tino Anjorin,19,Attacking Midfield,Chelsea U23,loan transfer,in,Summer,NA,Premier Liga,2021,2021/2022
Lokomotiv Moscow,Andrey Nikitin,20,Left Winger,Fakel Voronezh,"End of loanJun 30, 2021",in,Summer,0,Premier Liga,2021,2021/2022
Lokomotiv Moscow,Luka Djordjevic,26,Centre-Forward,Arsenal Tula,"End of loanJun 30, 2021",in,Summer,0,Premier Liga,2021,2021/2022
Lokomotiv Moscow,Solomon Kvirkvelia,29,Centre-Back,Rotor Volgograd,"End of loanJun 30, 2021",in,Summer,0,Premier Liga,2021,2021/2022
Lokomotiv Moscow,Bryan Idowu,29,Left-Back,Khimki,"End of loanJun 30, 2021",in,Summer,0,Premier Liga,2021,2021/2022
Lokomotiv Moscow,Grzegorz Krychowiak,31,Defensive Midfield,Krasnodar,£3.60m,out,Summer,3.6,Premier Liga,2021,2021/2022
Lokomotiv Moscow,Maksim Mukhin,19,Defensive Midfield,CSKA Moscow,£153Th.,out,Summer,0.153,Premier Liga,2021,2021/2022
Lokomotiv Moscow,Bryan Idowu,29,Left-Back,Khimki,free transfer,out,Summer,NA,Premier Liga,2021,2021/2022
Lokomotiv Moscow,Vladislav Ignatjev,34,Right-Back,Rubin Kazan,free transfer,out,Summer,NA,Premier Liga,2021,2021/2022
Lokomotiv Moscow,Anton Kochenkov,34,Goalkeeper,Arsenal Tula,free transfer,out,Summer,NA,Premier Liga,2021,2021/2022
Lokomotiv Moscow,Solomon Kvirkvelia,29,Centre-Back,Without Club,-,out,Summer,0,Premier Liga,2021,2021/2022
Lokomotiv Moscow,Luka Djordjevic,26,Centre-Forward,Without Club,-,out,Summer,0,Premier Liga,2021,2021/2022
Lokomotiv Moscow,Éder,33,Centre-Forward,Without Club,-,out,Summer,0,Premier Liga,2021,2021/2022
Lokomotiv Moscow,Vedran Corluka,35,Centre-Back,Retired,-,out,Summer,0,Premier Liga,2021,2021/2022
Lokomotiv Moscow,Mikhail Lysov,23,Left-Back,Retired,-,out,Summer,0,Premier Liga,2021,2021/2022
Lokomotiv Moscow,Vitali Lystsov,25,Centre-Back,Akhmat Grozny,loan transfer,out,Summer,NA,Premier Liga,2021,2021/2022
Lokomotiv Moscow,Andrey Nikitin,20,Left Winger,Fakel Voronezh,loan transfer,out,Summer,NA,Premier Liga,2021,2021/2022
Rubin Kazan,Anders Dreyer,23,Right Winger,FC Midtjylland,£6.30m,in,Summer,6.3,Premier Liga,2021,2021/2022
Rubin Kazan,Sead Haksabanovic,22,Left Winger,Norrköping,£5.85m,in,Summer,5.85,Premier Liga,2021,2021/2022
Rubin Kazan,Montassar Talbi,23,Centre-Back,Benevento,£810Th.,in,Summer,0.81,Premier Liga,2021,2021/2022
Rubin Kazan,Konstantin Nizhegorodov,19,Centre-Back,H. Rostock U19,free transfer,in,Summer,NA,Premier Liga,2021,2021/2022
Rubin Kazan,Vladislav Ignatjev,34,Right-Back,Loko Moscow,free transfer,in,Summer,NA,Premier Liga,2021,2021/2022
Rubin Kazan,German Onugkha,25,Centre-Forward,Vejle BK,loan transfer,in,Summer,NA,Premier Liga,2021,2021/2022
Rubin Kazan,Kirill Kosarev,20,Centre-Forward,Hrv Dragovoljac,"End of loanAug 16, 2021",in,Summer,0,Premier Liga,2021,2021/2022
Rubin Kazan,Kamil Zakirov,22,Central Midfield,Noah Jurmala,"End of loanJul 31, 2021",in,Summer,0,Premier Liga,2021,2021/2022
Rubin Kazan,Ivan Konovalov,26,Goalkeeper,Ural,"End of loanJun 30, 2021",in,Summer,0,Premier Liga,2021,2021/2022
Rubin Kazan,Kirill Klimov,20,Centre-Forward,Tambov,"End of loanJun 30, 2021",in,Summer,0,Premier Liga,2021,2021/2022
Rubin Kazan,Kirill Kosarev,19,Centre-Forward,Tom Tomsk,"End of loanJun 30, 2021",in,Summer,0,Premier Liga,2021,2021/2022
Rubin Kazan,Aleksey Gorodovoy,27,Goalkeeper,SKA Khabarovsk,"End of loanJun 30, 2021",in,Summer,0,Premier Liga,2021,2021/2022
Rubin Kazan,Igor Konovalov,24,Central Midfield,Arsenal Tula,"End of loanJun 30, 2021",in,Summer,0,Premier Liga,2021,2021/2022
Rubin Kazan,Zuriko Davitashvili,20,Left Winger,Rotor Volgograd,"End of loanJun 30, 2021",in,Summer,0,Premier Liga,2021,2021/2022
Rubin Kazan,Danil Stepanov,21,Left-Back,Rotor Volgograd,"End of loanJun 30, 2021",in,Summer,0,Premier Liga,2021,2021/2022
Rubin Kazan,Denis Makarov,23,Right Midfield,Dynamo Moscow,£6.75m,out,Summer,6.75,Premier Liga,2021,2021/2022
Rubin Kazan,Carl Starfelt,26,Centre-Back,Celtic,£4.50m,out,Summer,4.5,Premier Liga,2021,2021/2022
Rubin Kazan,Kamil Zakirov,22,Central Midfield,DinSPb,free transfer,out,Summer,NA,Premier Liga,2021,2021/2022
Rubin Kazan,Mikhail Merkulov,27,Left-Back,HNK Rijeka,free transfer,out,Summer,NA,Premier Liga,2021,2021/2022
Rubin Kazan,Zuriko Davitashvili,20,Left Winger,Arsenal Tula,free transfer,out,Summer,NA,Premier Liga,2021,2021/2022
Rubin Kazan,Darko Jevtic,28,Attacking Midfield,AEK Athens,loan transfer,out,Summer,NA,Premier Liga,2021,2021/2022
Rubin Kazan,Silvije Begic,28,Centre-Back,KS Samara,loan transfer,out,Summer,NA,Premier Liga,2021,2021/2022
Rubin Kazan,Aleksey Gritsaenko,26,Centre-Back,Kuban,loan transfer,out,Summer,NA,Premier Liga,2021,2021/2022
Rubin Kazan,Kirill Kosarev,20,Centre-Forward,Nizhny Novgorod,loan transfer,out,Summer,NA,Premier Liga,2021,2021/2022
Rubin Kazan,Kirill Kosarev,19,Centre-Forward,Hrv Dragovoljac,loan transfer,out,Summer,NA,Premier Liga,2021,2021/2022
Rubin Kazan,Igor Konovalov,25,Central Midfield,Akhmat Grozny,loan transfer,out,Summer,NA,Premier Liga,2021,2021/2022
Rubin Kazan,Kirill Klimov,20,Centre-Forward,Kuban,loan transfer,out,Summer,NA,Premier Liga,2021,2021/2022
Rubin Kazan,Danil Stepanov,21,Left-Back,Arsenal Tula,loan transfer,out,Summer,NA,Premier Liga,2021,2021/2022
FC Sochi,Victorien Angban,24,Central Midfield,FC Metz,£3.69m,in,Summer,3.69,Premier Liga,2021,2021/2022
FC Sochi,Mateo Cassierra,24,Centre-Forward,Belenenses SAD,£1.08m,in,Summer,1.08,Premier Liga,2021,2021/2022
FC Sochi,Sergey Terekhov,31,Left-Back,Orenburg,£302Th.,in,Summer,0.302,Premier Liga,2021,2021/2022
FC Sochi,Rodrigão,25,Centre-Back,Gil Vicente,free transfer,in,Summer,NA,Premier Liga,2021,2021/2022
FC Sochi,Mateo Barac,26,Centre-Back,Rapid Vienna,free transfer,in,Summer,NA,Premier Liga,2021,2021/2022
FC Sochi,Danila Prokhin,20,Centre-Back,Rostov,loan transfer,in,Summer,NA,Premier Liga,2021,2021/2022
FC Sochi,Dmitri Vorobyev,23,Centre-Forward,Orenburg,loan transfer,in,Summer,NA,Premier Liga,2021,2021/2022
FC Sochi,Nikita Koldunov,21,Central Midfield,Zenit 2 S-Pb,"End of loanJun 30, 2021",in,Summer,0,Premier Liga,2021,2021/2022
FC Sochi,Igor Yurganov,27,Centre-Back,Baltika,"End of loanJun 30, 2021",in,Summer,0,Premier Liga,2021,2021/2022
FC Sochi,Pavel Shakuro,23,Left-Back,Irtysh Omsk,"End of loanJun 30, 2021",in,Summer,0,Premier Liga,2021,2021/2022
FC Sochi,Danil Prutsev,21,Central Midfield,KS Samara,£540Th.,out,Summer,0.54,Premier Liga,2021,2021/2022
FC Sochi,Miha Mevlja,31,Centre-Back,Alanyaspor,free transfer,out,Summer,NA,Premier Liga,2021,2021/2022
FC Sochi,Nikita Koldunov,21,Central Midfield,Zenit 2 S-Pb,free transfer,out,Summer,NA,Premier Liga,2021,2021/2022
FC Sochi,Elmir Nabiullin,26,Left-Back,Khimki,free transfer,out,Summer,NA,Premier Liga,2021,2021/2022
FC Sochi,Ivan Novoseltsev,29,Centre-Back,Arsenal Tula,free transfer,out,Summer,NA,Premier Liga,2021,2021/2022
FC Sochi,Aleksey Pomerko,31,Central Midfield,Torpedo Moscow,free transfer,out,Summer,NA,Premier Liga,2021,2021/2022
FC Sochi,Anton Zabolotnyi,30,Centre-Forward,CSKA Moscow,free transfer,out,Summer,NA,Premier Liga,2021,2021/2022
FC Sochi,Erik Vardanyan,23,Attacking Midfield,Pyunik Yerevan,loan transfer,out,Summer,NA,Premier Liga,2021,2021/2022
FC Sochi,Ivan Miladinovic,26,Centre-Back,Nizhny Novgorod,loan transfer,out,Summer,NA,Premier Liga,2021,2021/2022
FC Sochi,Aleksandr Rudenko,22,Left Winger,Spartak 2,"End of loanJun 30, 2021",out,Summer,0,Premier Liga,2021,2021/2022
FC Sochi,Danila Prokhin,20,Centre-Back,Zenit S-Pb,"End of loanJun 30, 2021",out,Summer,0,Premier Liga,2021,2021/2022
FC Sochi,Sergey Terekhov,31,Left-Back,Orenburg,"End of loanJun 30, 2021",out,Summer,0,Premier Liga,2021,2021/2022
CSKA Moscow,Maksim Mukhin,19,Defensive Midfield,Loko Moscow,£153Th.,in,Summer,0.153,Premier Liga,2021,2021/2022
CSKA Moscow,Anton Zabolotnyi,30,Centre-Forward,Sochi,free transfer,in,Summer,NA,Premier Liga,2021,2021/2022
CSKA Moscow,Vladislav Yakovlev,19,Centre-Forward,CSKA Moscow II,-,in,Summer,0,Premier Liga,2021,2021/2022
CSKA Moscow,Cédric Gogoua,26,Centre-Back,Rotor Volgograd,"End of loanJun 30, 2021",in,Summer,0,Premier Liga,2021,2021/2022
CSKA Moscow,Nikita Kotin,18,Centre-Back,Irtysh Omsk,"End of loanJun 30, 2021",in,Summer,0,Premier Liga,2021,2021/2022
CSKA Moscow,Lassana N'Diaye,20,Centre-Forward,Veles Moscow,"End of loanJun 30, 2021",in,Summer,0,Premier Liga,2021,2021/2022
CSKA Moscow,Vitali Zhironkin,21,Centre-Forward,KamAZ,"End of loanJun 30, 2021",in,Summer,0,Premier Liga,2021,2021/2022
CSKA Moscow,Adolfo Gaich,22,Centre-Forward,Benevento,"End of loanJun 30, 2021",in,Summer,0,Premier Liga,2021,2021/2022
CSKA Moscow,Kristijan Bistrovic,23,Central Midfield,Kasimpasa,"End of loanJun 30, 2021",in,Summer,0,Premier Liga,2021,2021/2022
CSKA Moscow,Jaka Bijol,22,Defensive Midfield,Hannover 96,"End of loanJun 30, 2021",in,Summer,0,Premier Liga,2021,2021/2022
CSKA Moscow,Gocha Gogrichiani,21,Centre-Forward,Akron Togliatti,"End of loanJun 30, 2021",in,Summer,0,Premier Liga,2021,2021/2022
CSKA Moscow,Nikola Vlasic,23,Attacking Midfield,West Ham,£27.00m,out,Summer,27,Premier Liga,2021,2021/2022
CSKA Moscow,Konstantin Maradishvili,21,Defensive Midfield,Loko Moscow,£6.30m,out,Summer,6.3,Premier Liga,2021,2021/2022
CSKA Moscow,Nair Tiknizyan,22,Left-Back,Loko Moscow,£4.50m,out,Summer,4.5,Premier Liga,2021,2021/2022
CSKA Moscow,Arnór Sigurdsson,22,Attacking Midfield,Venezia,Loan fee:£720Th.,out,Summer,0.72,Premier Liga,2021,2021/2022
CSKA Moscow,Nikita Kotin,18,Centre-Back,Rostov,free transfer,out,Summer,NA,Premier Liga,2021,2021/2022
CSKA Moscow,Adolfo Gaich,22,Centre-Forward,SD Huesca,loan transfer,out,Summer,NA,Premier Liga,2021,2021/2022
CSKA Moscow,Gocha Gogrichiani,21,Centre-Forward,Tekstilshchik,loan transfer,out,Summer,NA,Premier Liga,2021,2021/2022
CSKA Moscow,Vadim Karpov,19,Centre-Back,Tekstilshchik,loan transfer,out,Summer,NA,Premier Liga,2021,2021/2022
CSKA Moscow,Lassana N'Diaye,20,Centre-Forward,Tekstilshchik,loan transfer,out,Summer,NA,Premier Liga,2021,2021/2022
CSKA Moscow,Ilya Shkurin,21,Centre-Forward,Dynamo Kyiv,loan transfer,out,Summer,NA,Premier Liga,2021,2021/2022
CSKA Moscow,Vitali Zhironkin,21,Centre-Forward,Volgar,loan transfer,out,Summer,NA,Premier Liga,2021,2021/2022
CSKA Moscow,Ilya Pomazun,24,Goalkeeper,Ural,loan transfer,out,Summer,NA,Premier Liga,2021,2021/2022
CSKA Moscow,Salomón Rondón,31,Centre-Forward,DL Pro,"End of loanJun 30, 2021",out,Summer,0,Premier Liga,2021,2021/2022
Dynamo Moscow,Denis Makarov,23,Right Midfield,Rubin Kazan,£6.75m,in,Summer,6.75,Premier Liga,2021,2021/2022
Dynamo Moscow,Diego Laxalt,28,Left-Back,AC Milan,£3.15m,in,Summer,3.15,Premier Liga,2021,2021/2022
Dynamo Moscow,Luka Gagnidze,18,Central Midfield,Dinamo Tbilisi,£1.35m,in,Summer,1.35,Premier Liga,2021,2021/2022
Dynamo Moscow,Guillermo Varela,28,Right-Back,FC Copenhagen,£900Th.,in,Summer,0.9,Premier Liga,2021,2021/2022
Dynamo Moscow,Fabián Balbuena,29,Centre-Back,West Ham,free transfer,in,Summer,NA,Premier Liga,2021,2021/2022
Dynamo Moscow,Igor Kalinin,25,Left-Back,Ural,"End of loanJun 30, 2021",in,Summer,0,Premier Liga,2021,2021/2022
Dynamo Moscow,Anton Terekhov,23,Right Winger,Tambov,"End of loanJun 30, 2021",in,Summer,0,Premier Liga,2021,2021/2022
Dynamo Moscow,Vladislav Karapuzov,21,Right Winger,Tambov,"End of loanJun 30, 2021",in,Summer,0,Premier Liga,2021,2021/2022
Dynamo Moscow,Grigori Morozov,27,Right-Back,Ufa,"End of loanJun 30, 2021",in,Summer,0,Premier Liga,2021,2021/2022
Dynamo Moscow,Maximilian Philipp,27,Second Striker,VfL Wolfsburg,"End of loanJun 30, 2021",in,Summer,0,Premier Liga,2021,2021/2022
Dynamo Moscow,Miguel Cardoso,27,Right Winger,Belenenses SAD,"End of loanJun 30, 2021",in,Summer,0,Premier Liga,2021,2021/2022
Dynamo Moscow,Maximilian Philipp,27,Second Striker,VfL Wolfsburg,£6.75m,out,Summer,6.75,Premier Liga,2021,2021/2022
Dynamo Moscow,Igor Kalinin,25,Left-Back,Ural,£315Th.,out,Summer,0.315,Premier Liga,2021,2021/2022
Dynamo Moscow,Danil Lipovoy,21,Left Midfield,KS Samara,£207Th.,out,Summer,0.207,Premier Liga,2021,2021/2022
Dynamo Moscow,Miguel Cardoso,27,Right Winger,Kayserispor,free transfer,out,Summer,NA,Premier Liga,2021,2021/2022
Dynamo Moscow,Roman Neustädter,33,Defensive Midfield,Without Club,-,out,Summer,0,Premier Liga,2021,2021/2022
Dynamo Moscow,Charles Kaboré,33,Defensive Midfield,Without Club,-,out,Summer,0,Premier Liga,2021,2021/2022
Dynamo Moscow,Igor Shkolik,20,Central Midfield,Rotor Volgograd,loan transfer,out,Summer,NA,Premier Liga,2021,2021/2022
Dynamo Moscow,Vladislav Karapuzov,21,Right Winger,Akhmat Grozny,loan transfer,out,Summer,NA,Premier Liga,2021,2021/2022
Dynamo Moscow,Luka Gagnidze,18,Central Midfield,Ural,loan transfer,out,Summer,NA,Premier Liga,2021,2021/2022
Dynamo Moscow,Vladimir Moskvichev,21,Defensive Midfield,Neftekhimik,loan transfer,out,Summer,NA,Premier Liga,2021,2021/2022
Dynamo Moscow,Nikolay Komlichenko,26,Centre-Forward,Rostov,loan transfer,out,Summer,NA,Premier Liga,2021,2021/2022
Dynamo Moscow,Guillermo Varela,28,Right-Back,FC Copenhagen,"End of loanJun 30, 2021",out,Summer,0,Premier Liga,2021,2021/2022
FK Khimki,Kemal Ademi,25,Centre-Forward,Fenerbahce,£720Th.,in,Summer,0.72,Premier Liga,2021,2021/2022
FK Khimki,Aleksandr Dolgov,22,Centre-Forward,Rostov,£104Th.,in,Summer,0.104,Premier Liga,2021,2021/2022
FK Khimki,Besard Sabovic,23,Central Midfield,Kayserispor,free transfer,in,Summer,NA,Premier Liga,2021,2021/2022
FK Khimki,Ilya Kamyshev,23,Defensive Midfield,Chertanovo,free transfer,in,Summer,NA,Premier Liga,2021,2021/2022
FK Khimki,Ilya Sadygov,20,Centre-Forward,Dolgoprudnyi,free transfer,in,Summer,NA,Premier Liga,2021,2021/2022
FK Khimki,Vitali Sychev,21,Goalkeeper,Tambov,free transfer,in,Summer,NA,Premier Liga,2021,2021/2022
FK Khimki,Bryan Idowu,29,Left-Back,Loko Moscow,free transfer,in,Summer,NA,Premier Liga,2021,2021/2022
FK Khimki,David Davidyan,23,Right Winger,Alashkert FC,free transfer,in,Summer,NA,Premier Liga,2021,2021/2022
FK Khimki,Elmir Nabiullin,26,Left-Back,Sochi,free transfer,in,Summer,NA,Premier Liga,2021,2021/2022
FK Khimki,Kirill Bolshakov,21,Centre-Back,SKA Khabarovsk,£36Th.,in,Summer,0.036,Premier Liga,2021,2021/2022
FK Khimki,Artem Sokolov,18,Attacking Midfield,Chertanovo,£21Th.,in,Summer,0.021,Premier Liga,2021,2021/2022
FK Khimki,Reziuan Mirzov,28,Left Winger,Spartak Moscow,loan transfer,in,Summer,NA,Premier Liga,2021,2021/2022
FK Khimki,Maksim Karpov,26,Centre-Back,KS Samara,loan transfer,in,Summer,NA,Premier Liga,2021,2021/2022
FK Khimki,Kirill Bozhenov,20,Right-Back,Rostov,loan transfer,in,Summer,NA,Premier Liga,2021,2021/2022
FK Khimki,Dusan Stojinovic,20,Centre-Back,NK Celje,loan transfer,in,Summer,NA,Premier Liga,2021,2021/2022
FK Khimki,Nikita Balakhontsev,18,Left Winger,Novosibirsk,"End of loanJun 30, 2021",in,Summer,0,Premier Liga,2021,2021/2022
FK Khimki,Senin Sebai,27,Centre-Forward,Akhmat Grozny,£207Th.,out,Summer,0.207,Premier Liga,2021,2021/2022
FK Khimki,Kirill Bozhenov,20,Right-Back,Rostov,£90Th.,out,Summer,0.09,Premier Liga,2021,2021/2022
FK Khimki,Pavel Mogilevets,28,Central Midfield,Nizhny Novgorod,free transfer,out,Summer,NA,Premier Liga,2021,2021/2022
FK Khimki,Andrey Murnin,36,Central Midfield,Khimik Dzer.,free transfer,out,Summer,NA,Premier Liga,2021,2021/2022
FK Khimki,Dmitri Khomich,36,Goalkeeper,SKA Khabarovsk,free transfer,out,Summer,NA,Premier Liga,2021,2021/2022
FK Khimki,Mohamed Konaté,23,Centre-Forward,Akhmat Grozny,free transfer,out,Summer,NA,Premier Liga,2021,2021/2022
FK Khimki,Vladimir Dyadyun,32,Centre-Forward,Without Club,-,out,Summer,0,Premier Liga,2021,2021/2022
FK Khimki,Arshak Koryan,26,Right Winger,Orenburg,loan transfer,out,Summer,NA,Premier Liga,2021,2021/2022
FK Khimki,Kamran Aliev,22,Second Striker,SKA Khabarovsk,loan transfer,out,Summer,NA,Premier Liga,2021,2021/2022
FK Khimki,Nikita Balakhontsev,18,Left Winger,Dolgoprudnyi,loan transfer,out,Summer,NA,Premier Liga,2021,2021/2022
FK Khimki,Kirill Bolshakov,21,Centre-Back,Dolgoprudnyi,loan transfer,out,Summer,NA,Premier Liga,2021,2021/2022
FK Khimki,Maksim Glushenkov,21,Right Winger,Spartak Moscow,"End of loanJun 30, 2021",out,Summer,0,Premier Liga,2021,2021/2022
FK Khimki,Ilya Kamyshev,23,Defensive Midfield,Chertanovo,"End of loanJun 30, 2021",out,Summer,0,Premier Liga,2021,2021/2022
FK Khimki,Aleksandr Dolgov,22,Centre-Forward,Rostov,"End of loanJun 30, 2021",out,Summer,0,Premier Liga,2021,2021/2022
FK Khimki,Arseni Logashov,29,Right-Back,Rostov,"End of loanJun 30, 2021",out,Summer,0,Premier Liga,2021,2021/2022
FK Khimki,Reziuan Mirzov,28,Left Winger,Spartak Moscow,"End of loanJun 30, 2021",out,Summer,0,Premier Liga,2021,2021/2022
FK Khimki,Bryan Idowu,29,Left-Back,Loko Moscow,"End of loanJun 30, 2021",out,Summer,0,Premier Liga,2021,2021/2022
FK Rostov,Ali Sowe,27,Centre-Forward,CSKA-Sofia,£2.70m,in,Summer,2.7,Premier Liga,2021,2021/2022
FK Rostov,Igor Kalinin,25,Left-Back,Ural,£540Th.,in,Summer,0.54,Premier Liga,2021,2021/2022
FK Rostov,Kirill Bozhenov,20,Right-Back,Khimki,£90Th.,in,Summer,0.09,Premier Liga,2021,2021/2022
FK Rostov,Nikita Kotin,18,Centre-Back,CSKA Moscow,free transfer,in,Summer,NA,Premier Liga,2021,2021/2022
FK Rostov,Danila Prokhin,20,Centre-Back,Zenit S-Pb,free transfer,in,Summer,NA,Premier Liga,2021,2021/2022
FK Rostov,Danila Sukhomlinov,18,Attacking Midfield,Rostov II,-,in,Summer,0,Premier Liga,2021,2021/2022
FK Rostov,Andrey Langovich,18,Right-Back,Rostov II,-,in,Summer,0,Premier Liga,2021,2021/2022
FK Rostov,Viktor Melekhin,17,Centre-Back,Rostov II,-,in,Summer,0,Premier Liga,2021,2021/2022
FK Rostov,Bastos,30,Centre-Back,Al-Ain,loan transfer,in,Summer,NA,Premier Liga,2021,2021/2022
FK Rostov,Nikolay Komlichenko,26,Centre-Forward,Dynamo Moscow,loan transfer,in,Summer,NA,Premier Liga,2021,2021/2022
FK Rostov,Maksim Rudakov,25,Goalkeeper,Rotor Volgograd,"End of loanAug 10, 2021",in,Summer,0,Premier Liga,2021,2021/2022
FK Rostov,Aleksandr Smirnov,25,Left-Back,Orenburg,"End of loanJun 30, 2021",in,Summer,0,Premier Liga,2021,2021/2022
FK Rostov,Egor Baburin,27,Goalkeeper,Krasnodar,"End of loanJun 30, 2021",in,Summer,0,Premier Liga,2021,2021/2022
FK Rostov,David Tosevski,19,Centre-Forward,Tambov,"End of loanJun 30, 2021",in,Summer,0,Premier Liga,2021,2021/2022
FK Rostov,Konstantin Kovalev,21,Right-Back,Baltika,"End of loanJun 30, 2021",in,Summer,0,Premier Liga,2021,2021/2022
FK Rostov,Danila Proshlyakov,21,Centre-Forward,Veles Moscow,"End of loanJun 30, 2021",in,Summer,0,Premier Liga,2021,2021/2022
FK Rostov,Aleksandr Dolgov,22,Centre-Forward,Khimki,"End of loanJun 30, 2021",in,Summer,0,Premier Liga,2021,2021/2022
FK Rostov,Arseni Logashov,29,Right-Back,Khimki,"End of loanJun 30, 2021",in,Summer,0,Premier Liga,2021,2021/2022
FK Rostov,Dmitri Chistyakov,27,Centre-Back,Zenit S-Pb,"End of loanJun 30, 2021",in,Summer,0,Premier Liga,2021,2021/2022
FK Rostov,Dmitri Chistyakov,27,Centre-Back,Zenit S-Pb,£2.93m,out,Summer,2.93,Premier Liga,2021,2021/2022
FK Rostov,Mathias Normann,25,Defensive Midfield,Norwich,Loan fee:£1.80m,out,Summer,1.8,Premier Liga,2021,2021/2022
FK Rostov,Aleksandr Dolgov,22,Centre-Forward,Khimki,£104Th.,out,Summer,0.104,Premier Liga,2021,2021/2022
FK Rostov,Haitam Aleesami,30,Left-Back,Apol. Limassol,free transfer,out,Summer,NA,Premier Liga,2021,2021/2022
FK Rostov,Aleksey Kozlov,34,Right-Back,Nizhny Novgorod,free transfer,out,Summer,NA,Premier Liga,2021,2021/2022
FK Rostov,Arseni Logashov,29,Right-Back,Kuban,free transfer,out,Summer,NA,Premier Liga,2021,2021/2022
FK Rostov,Georgi Makhatadze,23,Central Midfield,Rotor Volgograd,free transfer,out,Summer,NA,Premier Liga,2021,2021/2022
FK Rostov,Vladimir Obukhov,29,Centre-Forward,Ban,-,out,Summer,0,Premier Liga,2021,2021/2022
FK Rostov,Aleksandr Smirnov,25,Left-Back,SKA Khabarovsk,loan transfer,out,Summer,NA,Premier Liga,2021,2021/2022
FK Rostov,Kirill Bozhenov,20,Right-Back,Khimki,loan transfer,out,Summer,NA,Premier Liga,2021,2021/2022
FK Rostov,Tomas Rukas,24,Centre-Back,Enisey,loan transfer,out,Summer,NA,Premier Liga,2021,2021/2022
FK Rostov,Aleksandr Pavlovets,24,Centre-Back,Kolos Kovalivka,loan transfer,out,Summer,NA,Premier Liga,2021,2021/2022
FK Rostov,David Tosevski,20,Centre-Forward,Górnik Zabrze,loan transfer,out,Summer,NA,Premier Liga,2021,2021/2022
FK Rostov,Aleksandr Saplinov,23,Attacking Midfield,Ufa,loan transfer,out,Summer,NA,Premier Liga,2021,2021/2022
FK Rostov,Maksim Rudakov,25,Goalkeeper,Rotor Volgograd,loan transfer,out,Summer,NA,Premier Liga,2021,2021/2022
FK Rostov,Danila Prokhin,20,Centre-Back,Sochi,loan transfer,out,Summer,NA,Premier Liga,2021,2021/2022
FK Rostov,Ali Sowe,27,Centre-Forward,CSKA-Sofia,"End of loanJun 30, 2021",out,Summer,0,Premier Liga,2021,2021/2022
FK Krasnodar,Jhon Córdoba,28,Centre-Forward,Hertha BSC,£18.00m,in,Summer,18,Premier Liga,2021,2021/2022
FK Krasnodar,Grzegorz Krychowiak,31,Defensive Midfield,Loko Moscow,£3.60m,in,Summer,3.6,Premier Liga,2021,2021/2022
FK Krasnodar,Vladimir Iljin,29,Centre-Forward,Akhmat Grozny,£2.70m,in,Summer,2.7,Premier Liga,2021,2021/2022
FK Krasnodar,Nikita Krivtsov,18,Attacking Midfield,Torpedo Vlad.,£81Th.,in,Summer,0.081,Premier Liga,2021,2021/2022
FK Krasnodar,Eduard Spertsyan,21,Attacking Midfield,Krasnodar 2,-,in,Summer,0,Premier Liga,2021,2021/2022
FK Krasnodar,Aleksandr Chernikov,21,Defensive Midfield,Krasnodar 2,-,in,Summer,0,Premier Liga,2021,2021/2022
FK Krasnodar,Ilya Zhigulev,25,Central Midfield,Rotor Volgograd,"End of loanJun 30, 2021",in,Summer,0,Premier Liga,2021,2021/2022
FK Krasnodar,German Onugkha,24,Centre-Forward,Vejle BK,"End of loanJun 30, 2021",in,Summer,0,Premier Liga,2021,2021/2022
FK Krasnodar,Leo Goglichidze,24,Left-Back,Nizhny Novgorod,"End of loanAug 31, 2021",in,Summer,0,Premier Liga,2021,2021/2022
FK Krasnodar,Uros Spajic,28,Centre-Back,Feyenoord,"End of loanJun 30, 2021",in,Summer,0,Premier Liga,2021,2021/2022
FK Krasnodar,Kristoffer Olsson,26,Central Midfield,RSC Anderlecht,£3.60m,out,Summer,3.6,Premier Liga,2021,2021/2022
FK Krasnodar,German Onugkha,24,Centre-Forward,Vejle BK,£540Th.,out,Summer,0.54,Premier Liga,2021,2021/2022
FK Krasnodar,Ilya Zhigulev,25,Central Midfield,Zaglebie Lubin,£270Th.,out,Summer,0.27,Premier Liga,2021,2021/2022
FK Krasnodar,Marcus Berg,34,Centre-Forward,IFK Göteborg,free transfer,out,Summer,NA,Premier Liga,2021,2021/2022
FK Krasnodar,Ruslan Kambolov,31,Defensive Midfield,Arsenal Tula,free transfer,out,Summer,NA,Premier Liga,2021,2021/2022
FK Krasnodar,Evgeniy Markov,26,Centre-Forward,Arsenal Tula,free transfer,out,Summer,NA,Premier Liga,2021,2021/2022
FK Krasnodar,Igor Smolnikov,32,Right-Back,Arsenal Tula,free transfer,out,Summer,NA,Premier Liga,2021,2021/2022
FK Krasnodar,Shapi Suleymanov,21,Right Winger,Giresunspor,loan transfer,out,Summer,NA,Premier Liga,2021,2021/2022
FK Krasnodar,Ari,35,Centre-Forward,Without Club,-,out,Summer,0,Premier Liga,2021,2021/2022
FK Krasnodar,Leo Goglichidze,24,Left-Back,Ural,loan transfer,out,Summer,NA,Premier Liga,2021,2021/2022
FK Krasnodar,Daniil Utkin,21,Central Midfield,Akhmat Grozny,loan transfer,out,Summer,NA,Premier Liga,2021,2021/2022
FK Krasnodar,Egor Baburin,27,Goalkeeper,Rostov,"End of loanJun 30, 2021",out,Summer,0,Premier Liga,2021,2021/2022
Akhmat Grozny,Artem Timofeev,27,Defensive Midfield,Spartak Moscow,£720Th.,in,Summer,0.72,Premier Liga,2021,2021/2022
Akhmat Grozny,Senin Sebai,27,Centre-Forward,Khimki,£207Th.,in,Summer,0.207,Premier Liga,2021,2021/2022
Akhmat Grozny,Mohamed Konaté,23,Centre-Forward,Khimki,free transfer,in,Summer,NA,Premier Liga,2021,2021/2022
Akhmat Grozny,Islam Alsultanov,19,Centre-Forward,Akhmat II,-,in,Summer,0,Premier Liga,2021,2021/2022
Akhmat Grozny,Artem Arkhipov,24,Centre-Forward,Kuban,loan transfer,in,Summer,NA,Premier Liga,2021,2021/2022
Akhmat Grozny,Vladislav Karapuzov,21,Right Winger,Dynamo Moscow,loan transfer,in,Summer,NA,Premier Liga,2021,2021/2022
Akhmat Grozny,Darko Todorovic,24,Right-Back,RB Salzburg,loan transfer,in,Summer,NA,Premier Liga,2021,2021/2022
Akhmat Grozny,Igor Konovalov,25,Central Midfield,Rubin Kazan,loan transfer,in,Summer,NA,Premier Liga,2021,2021/2022
Akhmat Grozny,Vitali Lystsov,25,Centre-Back,Loko Moscow,loan transfer,in,Summer,NA,Premier Liga,2021,2021/2022
Akhmat Grozny,Daniil Utkin,21,Central Midfield,Krasnodar,loan transfer,in,Summer,NA,Premier Liga,2021,2021/2022
Akhmat Grozny,Magomed Mitrishev,28,Right Winger,Chaika Pes.,"End of loanJun 30, 2021",in,Summer,0,Premier Liga,2021,2021/2022
Akhmat Grozny,Odise Roshi,30,Right Winger,Diósgyőr,"End of loanJun 30, 2021",in,Summer,0,Premier Liga,2021,2021/2022
Akhmat Grozny,Andrés Ponce,24,Centre-Forward,Rotor Volgograd,"End of loanJun 30, 2021",in,Summer,0,Premier Liga,2021,2021/2022
Akhmat Grozny,Idris Umaev,22,Centre-Forward,Chaika Pes.,"End of loanJun 30, 2021",in,Summer,0,Premier Liga,2021,2021/2022
Akhmat Grozny,Konrad Michalak,23,Right Winger,C. Rizespor,"End of loanJun 30, 2021",in,Summer,0,Premier Liga,2021,2021/2022
Akhmat Grozny,Vladimir Iljin,29,Centre-Forward,Krasnodar,£2.70m,out,Summer,2.7,Premier Liga,2021,2021/2022
Akhmat Grozny,Maksim Nenakhov,22,Right-Back,Loko Moscow,£1.80m,out,Summer,1.8,Premier Liga,2021,2021/2022
Akhmat Grozny,Pavel Kaloshin,23,Centre-Back,Irtysh Omsk,free transfer,out,Summer,NA,Premier Liga,2021,2021/2022
Akhmat Grozny,Odise Roshi,30,Right Winger,Boluspor,free transfer,out,Summer,NA,Premier Liga,2021,2021/2022
Akhmat Grozny,Ismael Silva,26,Central Midfield,Faisaly,free transfer,out,Summer,NA,Premier Liga,2021,2021/2022
Akhmat Grozny,Andrés Ponce,24,Centre-Forward,Vejle BK,free transfer,out,Summer,NA,Premier Liga,2021,2021/2022
Akhmat Grozny,Wilker Ángel,28,Centre-Back,Göztepe,free transfer,out,Summer,NA,Premier Liga,2021,2021/2022
Akhmat Grozny,Konrad Michalak,23,Right Winger,Konyaspor,loan transfer,out,Summer,NA,Premier Liga,2021,2021/2022
Akhmat Grozny,Magomed Mitrishev,28,Right Winger,Without Club,-,out,Summer,0,Premier Liga,2021,2021/2022
Akhmat Grozny,Idris Umaev,22,Centre-Forward,Shakhter K.,loan transfer,out,Summer,NA,Premier Liga,2021,2021/2022
Akhmat Grozny,Nikita Karmaev,20,Centre-Back,Kuban,loan transfer,out,Summer,NA,Premier Liga,2021,2021/2022
Akhmat Grozny,Ladislav Almasi,22,Centre-Forward,Ruzomberok,"End of loanJun 30, 2021",out,Summer,0,Premier Liga,2021,2021/2022
Akhmat Grozny,Georgi Melkadze,24,Second Striker,Spartak Moscow,"End of loanJun 30, 2021",out,Summer,0,Premier Liga,2021,2021/2022
Akhmat Grozny,Artem Timofeev,27,Defensive Midfield,Spartak Moscow,"End of loanJun 30, 2021",out,Summer,0,Premier Liga,2021,2021/2022
Ural Yekaterinburg,Igor Kalinin,25,Left-Back,Dynamo Moscow,£315Th.,in,Summer,0.315,Premier Liga,2021,2021/2022
Ural Yekaterinburg,Kirill Kolesnichenko,21,Left Winger,Kairat Almaty,£126Th.,in,Summer,0.126,Premier Liga,2021,2021/2022
Ural Yekaterinburg,Mikhail Ageev,21,Centre-Forward,Loko-Kazanka M.,free transfer,in,Summer,NA,Premier Liga,2021,2021/2022
Ural Yekaterinburg,Yuri Zheleznov,18,Left Midfield,Saturn,free transfer,in,Summer,NA,Premier Liga,2021,2021/2022
Ural Yekaterinburg,Ivan Kuzmichev,20,Centre-Back,Ural 2,-,in,Summer,0,Premier Liga,2021,2021/2022
Ural Yekaterinburg,Ilya Pomazun,24,Goalkeeper,CSKA Moscow,loan transfer,in,Summer,NA,Premier Liga,2021,2021/2022
Ural Yekaterinburg,Luka Gagnidze,18,Central Midfield,Dynamo Moscow,loan transfer,in,Summer,NA,Premier Liga,2021,2021/2022
Ural Yekaterinburg,Leo Goglichidze,24,Left-Back,Krasnodar,loan transfer,in,Summer,NA,Premier Liga,2021,2021/2022
Ural Yekaterinburg,David Karaev,26,Centre-Forward,Kaspiy Aktau,"End of loanJun 30, 2021",in,Summer,0,Premier Liga,2021,2021/2022
Ural Yekaterinburg,Yuri Bavin,27,Central Midfield,Tambov,"End of loanJun 30, 2021",in,Summer,0,Premier Liga,2021,2021/2022
Ural Yekaterinburg,Artem Mamin,24,Centre-Back,Tom Tomsk,"End of loanSep 3, 2021",in,Summer,0,Premier Liga,2021,2021/2022
Ural Yekaterinburg,Artem Mamin,23,Centre-Back,Orenburg,"End of loanJun 30, 2021",in,Summer,0,Premier Liga,2021,2021/2022
Ural Yekaterinburg,Igor Kalinin,25,Left-Back,Rostov,£540Th.,out,Summer,0.54,Premier Liga,2021,2021/2022
Ural Yekaterinburg,David Karaev,26,Centre-Forward,SKA Khabarovsk,free transfer,out,Summer,NA,Premier Liga,2021,2021/2022
Ural Yekaterinburg,Stefan Strandberg,30,Centre-Back,Salernitana,free transfer,out,Summer,NA,Premier Liga,2021,2021/2022
Ural Yekaterinburg,Othman El Kabir,29,Left Midfield,Without Club,-,out,Summer,0,Premier Liga,2021,2021/2022
Ural Yekaterinburg,Pavel Pogrebnyak,37,Centre-Forward,Without Club,-,out,Summer,0,Premier Liga,2021,2021/2022
Ural Yekaterinburg,Artem Mamin,23,Centre-Back,Chaika Pes.,loan transfer,out,Summer,NA,Premier Liga,2021,2021/2022
Ural Yekaterinburg,Oleg Baklov,26,Goalkeeper,KamAZ,loan transfer,out,Summer,NA,Premier Liga,2021,2021/2022
Ural Yekaterinburg,Artem Mamin,23,Centre-Back,Tom Tomsk,loan transfer,out,Summer,NA,Premier Liga,2021,2021/2022
Ural Yekaterinburg,Yuri Bavin,27,Central Midfield,Rotor Volgograd,loan transfer,out,Summer,NA,Premier Liga,2021,2021/2022
Ural Yekaterinburg,Islamzhan Nasyrov,23,Left-Back,Tyumen,loan transfer,out,Summer,NA,Premier Liga,2021,2021/2022
Ural Yekaterinburg,Ivan Konovalov,26,Goalkeeper,Rubin Kazan,"End of loanJun 30, 2021",out,Summer,0,Premier Liga,2021,2021/2022
Ural Yekaterinburg,Igor Kalinin,25,Left-Back,Dynamo Moscow,"End of loanJun 30, 2021",out,Summer,0,Premier Liga,2021,2021/2022
FK Ufa,Erving Botaka,22,Centre-Back,Veles Moscow,free transfer,in,Summer,NA,Premier Liga,2021,2021/2022
FK Ufa,Egas Cacintura,23,Right Midfield,Unknown,free transfer,in,Summer,NA,Premier Liga,2021,2021/2022
FK Ufa,Moritz Bauer,29,Right-Back,Stoke City,free transfer,in,Summer,NA,Premier Liga,2021,2021/2022
FK Ufa,Aleksey Kuznetsov,24,Goalkeeper,Dinamo Bryansk,free transfer,in,Summer,NA,Premier Liga,2021,2021/2022
FK Ufa,Ruslan Fishchenko,21,Defensive Midfield,Veles Moscow,free transfer,in,Summer,NA,Premier Liga,2021,2021/2022
FK Ufa,Yuri Zhuravlev,25,Centre-Back,Volgar,free transfer,in,Summer,NA,Premier Liga,2021,2021/2022
FK Ufa,Azer Aliev,27,Right Midfield,Tambov,free transfer,in,Summer,NA,Premier Liga,2021,2021/2022
FK Ufa,Aleksandr Saplinov,23,Attacking Midfield,Rostov,loan transfer,in,Summer,NA,Premier Liga,2021,2021/2022
FK Ufa,Oston Urunov,20,Attacking Midfield,Spartak Moscow,loan transfer,in,Summer,NA,Premier Liga,2021,2021/2022
FK Ufa,Danila Emeljanov,21,Central Midfield,Volgar,"End of loanJun 30, 2021",in,Summer,0,Premier Liga,2021,2021/2022
FK Ufa,Gamid Agalarov,20,Centre-Forward,Volgar,"End of loanJun 30, 2021",in,Summer,0,Premier Liga,2021,2021/2022
FK Ufa,Nikolay Giorgobiani,23,Attacking Midfield,Alania Vl.,"End of loanJun 30, 2021",in,Summer,0,Premier Liga,2021,2021/2022
FK Ufa,Igor Bezdenezhnykh,24,Central Midfield,Chaika Pes.,"End of loanJun 30, 2021",in,Summer,0,Premier Liga,2021,2021/2022
FK Ufa,Nikolay Giorgobiani,23,Attacking Midfield,Alania Vl.,£194Th.,out,Summer,0.194,Premier Liga,2021,2021/2022
FK Ufa,Aleksey Chernov,23,Goalkeeper,Vejle BK,£135Th.,out,Summer,0.135,Premier Liga,2021,2021/2022
FK Ufa,Parfait Bizoza,22,Defensive Midfield,Vendsyssel FF,£90Th.,out,Summer,0.09,Premier Liga,2021,2021/2022
FK Ufa,Dmitri Sysuev,33,Left Winger,FK Saransk,free transfer,out,Summer,NA,Premier Liga,2021,2021/2022
FK Ufa,Pavel Alikin,37,Centre-Back,Rodina Moscow,free transfer,out,Summer,NA,Premier Liga,2021,2021/2022
FK Ufa,Igor Bezdenezhnykh,24,Central Midfield,Kuban,free transfer,out,Summer,NA,Premier Liga,2021,2021/2022
FK Ufa,Yuri Shafinskiy,27,Goalkeeper,Without Club,-,out,Summer,0,Premier Liga,2021,2021/2022
FK Ufa,Danila Emeljanov,21,Central Midfield,Neftekhimik,loan transfer,out,Summer,NA,Premier Liga,2021,2021/2022
FK Ufa,Oston Urunov,20,Attacking Midfield,Spartak Moscow,"End of loanJun 30, 2021",out,Summer,0,Premier Liga,2021,2021/2022
FK Ufa,Moritz Bauer,29,Right-Back,Stoke City,"End of loanJun 30, 2021",out,Summer,0,Premier Liga,2021,2021/2022
FK Ufa,Grigori Morozov,27,Right-Back,Dynamo Moscow,"End of loanJun 30, 2021",out,Summer,0,Premier Liga,2021,2021/2022
FK Ufa,Komnen Andric,25,Centre-Forward,Dinamo Zagreb,"End of loanJun 30, 2021",out,Summer,0,Premier Liga,2021,2021/2022
Arsenal Tula,Axel Björnström,25,Left-Back,Sirius,£180Th.,in,Summer,0.18,Premier Liga,2021,2021/2022
Arsenal Tula,Uros Radakovic,27,Centre-Back,Sparta Prague,free transfer,in,Summer,NA,Premier Liga,2021,2021/2022
Arsenal Tula,Zuriko Davitashvili,20,Left Winger,Rubin Kazan,free transfer,in,Summer,NA,Premier Liga,2021,2021/2022
Arsenal Tula,Ruslan Kambolov,31,Defensive Midfield,Krasnodar,free transfer,in,Summer,NA,Premier Liga,2021,2021/2022
Arsenal Tula,Ayaz Guliev,24,Central Midfield,Spartak Moscow,free transfer,in,Summer,NA,Premier Liga,2021,2021/2022
Arsenal Tula,Evgeniy Markov,26,Centre-Forward,Krasnodar,free transfer,in,Summer,NA,Premier Liga,2021,2021/2022
Arsenal Tula,Igor Smolnikov,32,Right-Back,Krasnodar,free transfer,in,Summer,NA,Premier Liga,2021,2021/2022
Arsenal Tula,Anton Kochenkov,34,Goalkeeper,Loko Moscow,free transfer,in,Summer,NA,Premier Liga,2021,2021/2022
Arsenal Tula,Ivan Novoseltsev,29,Centre-Back,Sochi,free transfer,in,Summer,NA,Premier Liga,2021,2021/2022
Arsenal Tula,Danil Stepanov,21,Left-Back,Rubin Kazan,loan transfer,in,Summer,NA,Premier Liga,2021,2021/2022
Arsenal Tula,Alexandru Tudorie,25,Centre-Forward,Univ. Craiova,"End of loanJun 30, 2021",in,Summer,0,Premier Liga,2021,2021/2022
Arsenal Tula,Roman Minaev,23,Centre-Forward,Tambov,"End of loanJun 30, 2021",in,Summer,0,Premier Liga,2021,2021/2022
Arsenal Tula,Aleksandr Denisov,32,Centre-Back,Tambov,"End of loanJun 30, 2021",in,Summer,0,Premier Liga,2021,2021/2022
Arsenal Tula,Lameck Banda,20,Right Winger,Maccabi Netanya,"End of loanJun 30, 2021",in,Summer,0,Premier Liga,2021,2021/2022
Arsenal Tula,Roman Minaev,23,Centre-Forward,Rotor Volgograd,£54Th.,out,Summer,0.054,Premier Liga,2021,2021/2022
Arsenal Tula,Yuri Kovalev,28,Right Midfield,Orenburg,free transfer,out,Summer,NA,Premier Liga,2021,2021/2022
Arsenal Tula,Artur Nigmatullin,30,Goalkeeper,Nizhny Novgorod,free transfer,out,Summer,NA,Premier Liga,2021,2021/2022
Arsenal Tula,Kirill Kombarov,34,Right-Back,Retired,-,out,Summer,0,Premier Liga,2021,2021/2022
Arsenal Tula,Gia Grigalava,31,Centre-Back,Without Club,-,out,Summer,0,Premier Liga,2021,2021/2022
Arsenal Tula,Robert Bauer,26,Defensive Midfield,Without Club,-,out,Summer,0,Premier Liga,2021,2021/2022
Arsenal Tula,Anri Khagush,34,Right-Back,Retired,-,out,Summer,0,Premier Liga,2021,2021/2022
Arsenal Tula,Valeriy Gromyko,24,Attacking Midfield,BATE Borisov,loan transfer,out,Summer,NA,Premier Liga,2021,2021/2022
Arsenal Tula,Lameck Banda,20,Right Winger,M. Petah Tikva,loan transfer,out,Summer,NA,Premier Liga,2021,2021/2022
Arsenal Tula,Igor Konovalov,24,Central Midfield,Rubin Kazan,"End of loanJun 30, 2021",out,Summer,0,Premier Liga,2021,2021/2022
Arsenal Tula,Luka Djordjevic,26,Centre-Forward,Loko Moscow,"End of loanJun 30, 2021",out,Summer,0,Premier Liga,2021,2021/2022
Arsenal Tula,Aleksandr Lomovitskiy,23,Right Winger,Spartak Moscow,"End of loanJun 30, 2021",out,Summer,0,Premier Liga,2021,2021/2022
Arsenal Tula,Nikolay Rasskazov,23,Right-Back,Spartak Moscow,"End of loanJun 30, 2021",out,Summer,0,Premier Liga,2021,2021/2022
Krylya Sovetov Samara,Danil Prutsev,21,Central Midfield,Sochi,£540Th.,in,Summer,0.54,Premier Liga,2021,2021/2022
Krylya Sovetov Samara,Sergey Pinyaev,16,Left Winger,Chertanovo,£450Th.,in,Summer,0.45,Premier Liga,2021,2021/2022
Krylya Sovetov Samara,Danil Lipovoy,21,Left Midfield,Dynamo Moscow,£207Th.,in,Summer,0.207,Premier Liga,2021,2021/2022
Krylya Sovetov Samara,Glenn Bijl,26,Right-Back,FC Emmen,£180Th.,in,Summer,0.18,Premier Liga,2021,2021/2022
Krylya Sovetov Samara,Dmytro Ivanisenya,27,Defensive Midfield,Zorya Lugansk,free transfer,in,Summer,NA,Premier Liga,2021,2021/2022
Krylya Sovetov Samara,Maksim Glushenkov,22,Right Winger,Spartak Moscow,Loan fee:£30Th.,in,Summer,0.03,Premier Liga,2021,2021/2022
Krylya Sovetov Samara,Silvije Begic,28,Centre-Back,Rubin Kazan,loan transfer,in,Summer,NA,Premier Liga,2021,2021/2022
Krylya Sovetov Samara,German Onugkha,25,Centre-Forward,Vejle BK,loan transfer,in,Summer,NA,Premier Liga,2021,2021/2022
Krylya Sovetov Samara,Gennadi Kiselev,22,Defensive Midfield,Irtysh Omsk,"End of loanJun 30, 2021",in,Summer,0,Premier Liga,2021,2021/2022
Krylya Sovetov Samara,Dmitri Molchanov,20,Centre-Forward,Chertanovo,"End of loanJun 30, 2021",in,Summer,0,Premier Liga,2021,2021/2022
Krylya Sovetov Samara,Egor Golenkov,22,Centre-Forward,Sigma Olomouc,£104Th.,out,Summer,0.104,Premier Liga,2021,2021/2022
Krylya Sovetov Samara,Safaa Hadi,22,Defensive Midfield,Al-Quwa Al-Jaw.,free transfer,out,Summer,NA,Premier Liga,2021,2021/2022
Krylya Sovetov Samara,Vladimir Poluyakhtov,31,Right-Back,Orenburg,free transfer,out,Summer,NA,Premier Liga,2021,2021/2022
Krylya Sovetov Samara,Ricardo Alves,28,Attacking Midfield,Kairat Almaty,free transfer,out,Summer,NA,Premier Liga,2021,2021/2022
Krylya Sovetov Samara,Gennadi Kiselev,22,Defensive Midfield,Torpedo Moscow,free transfer,out,Summer,NA,Premier Liga,2021,2021/2022
Krylya Sovetov Samara,Dmitri Efremov,26,Right Midfield,Akron Togliatti,free transfer,out,Summer,NA,Premier Liga,2021,2021/2022
Krylya Sovetov Samara,Dmitri Kombarov,34,Left-Back,Without Club,-,out,Summer,0,Premier Liga,2021,2021/2022
Krylya Sovetov Samara,Sergey Kornilenko,38,Centre-Forward,Retired,-,out,Summer,0,Premier Liga,2021,2021/2022
Krylya Sovetov Samara,Maksim Karpov,26,Centre-Back,Khimki,loan transfer,out,Summer,NA,Premier Liga,2021,2021/2022
Krylya Sovetov Samara,Dmitri Molchanov,20,Centre-Forward,Dinamo Bryansk,loan transfer,out,Summer,NA,Premier Liga,2021,2021/2022
Krylya Sovetov Samara,Vladislav Tyurin,21,Left Midfield,Tyumen,loan transfer,out,Summer,NA,Premier Liga,2021,2021/2022
Krylya Sovetov Samara,German Onugkha,25,Centre-Forward,Vejle BK,"End of loanAug 31, 2021",out,Summer,0,Premier Liga,2021,2021/2022
FK Nizhny Novgorod,Ibrokhimkhalil Yuldoshev,20,Left-Back,Pakhtakor,£225Th.,in,Summer,0.225,Premier Liga,2021,2021/2022
FK Nizhny Novgorod,Timur Suleymanov,21,Centre-Forward,Loko-Kazanka M.,£155Th.,in,Summer,0.155,Premier Liga,2021,2021/2022
FK Nizhny Novgorod,Daniil Penchikov,23,Right-Back,Tom Tomsk,free transfer,in,Summer,NA,Premier Liga,2021,2021/2022
FK Nizhny Novgorod,Artur Nigmatullin,30,Goalkeeper,Arsenal Tula,free transfer,in,Summer,NA,Premier Liga,2021,2021/2022
FK Nizhny Novgorod,Ákos Kecskés,25,Centre-Back,FC Lugano,free transfer,in,Summer,NA,Premier Liga,2021,2021/2022
FK Nizhny Novgorod,Denis Tkachuk,31,Left Midfield,Orenburg,free transfer,in,Summer,NA,Premier Liga,2021,2021/2022
FK Nizhny Novgorod,Aleksey Kozlov,34,Right-Back,Rostov,free transfer,in,Summer,NA,Premier Liga,2021,2021/2022
FK Nizhny Novgorod,Andrey Sinitsyn,33,Goalkeeper,Akron Togliatti,free transfer,in,Summer,NA,Premier Liga,2021,2021/2022
FK Nizhny Novgorod,Pavel Mogilevets,28,Central Midfield,Khimki,free transfer,in,Summer,NA,Premier Liga,2021,2021/2022
FK Nizhny Novgorod,Lucas Masoero,26,Centre-Back,Lok. Plovdiv,free transfer,in,Summer,NA,Premier Liga,2021,2021/2022
FK Nizhny Novgorod,Bekim Balaj,30,Centre-Forward,Sturm Graz,free transfer,in,Summer,NA,Premier Liga,2021,2021/2022
FK Nizhny Novgorod,Petrus Boumal,28,Defensive Midfield,BB Erzurumspor,free transfer,in,Summer,NA,Premier Liga,2021,2021/2022
FK Nizhny Novgorod,Ivan Miladinovic,26,Centre-Back,Sochi,loan transfer,in,Summer,NA,Premier Liga,2021,2021/2022
FK Nizhny Novgorod,Richlord Ennin,22,Centre-Forward,Spartaks,loan transfer,in,Summer,NA,Premier Liga,2021,2021/2022
FK Nizhny Novgorod,Kirill Kosarev,20,Centre-Forward,Rubin Kazan,loan transfer,in,Summer,NA,Premier Liga,2021,2021/2022
FK Nizhny Novgorod,Dmitri Yugaldin,18,Central Midfield,Irtysh Omsk,free transfer,out,Summer,NA,Premier Liga,2021,2021/2022
FK Nizhny Novgorod,Sergey Zuykov,27,Right-Back,Tom Tomsk,free transfer,out,Summer,NA,Premier Liga,2021,2021/2022
FK Nizhny Novgorod,Ivan Temnikov,32,Right-Back,Torpedo Moscow,free transfer,out,Summer,NA,Premier Liga,2021,2021/2022
FK Nizhny Novgorod,Ismail Ediev,33,Centre-Back,Kuban,free transfer,out,Summer,NA,Premier Liga,2021,2021/2022
FK Nizhny Novgorod,Mikhail Gashchenkov,29,Central Midfield,Akzhayik,free transfer,out,Summer,NA,Premier Liga,2021,2021/2022
FK Nizhny Novgorod,Beka Kavtaradze,22,Centre-Forward,Rotor Volgograd,free transfer,out,Summer,NA,Premier Liga,2021,2021/2022
FK Nizhny Novgorod,Artem Popov,28,Right Winger,Baltika,free transfer,out,Summer,NA,Premier Liga,2021,2021/2022
FK Nizhny Novgorod,Aleksandr Stavpets,32,Right Winger,Tom Tomsk,free transfer,out,Summer,NA,Premier Liga,2021,2021/2022
FK Nizhny Novgorod,Oleg Smirnov,30,Goalkeeper,Volgar,free transfer,out,Summer,NA,Premier Liga,2021,2021/2022
FK Nizhny Novgorod,Aleksey Shumskikh,31,Centre-Back,Torpedo Moscow,free transfer,out,Summer,NA,Premier Liga,2021,2021/2022
FK Nizhny Novgorod,Mukhammad Sultonov,28,Right Winger,Torpedo Moscow,£23Th.,out,Summer,0.023,Premier Liga,2021,2021/2022
FK Nizhny Novgorod,Nikolay Sysuev,22,Goalkeeper,Without Club,-,out,Summer,0,Premier Liga,2021,2021/2022
FK Nizhny Novgorod,Kirill Malyarov,24,Right-Back,Without Club,-,out,Summer,0,Premier Liga,2021,2021/2022
FK Nizhny Novgorod,Pavel Komolov,32,Central Midfield,Retired,-,out,Summer,0,Premier Liga,2021,2021/2022
FK Nizhny Novgorod,Momo Yansane,23,Centre-Forward,Black Stars,"End of loanJun 30, 2021",out,Summer,0,Premier Liga,2021,2021/2022
FK Nizhny Novgorod,Leo Goglichidze,24,Left-Back,Krasnodar,"End of loanAug 31, 2021",out,Summer,0,Premier Liga,2021,2021/2022
FK Nizhny Novgorod,Timur Suleymanov,21,Centre-Forward,Loko-Kazanka M.,"End of loanJun 30, 2021",out,Summer,0,Premier Liga,2021,2021/2022
Zenit St. Petersburg,Aleksandr Vasyutin,26,Goalkeeper,Djurgarden,"End of loanDec 31, 2021",in,Winter,0,Premier Liga,2021,2021/2022
Spartak Moscow,Shamar Nicholson,24,Centre-Forward,RSC Charleroi,£8.10m,in,Winter,8.1,Premier Liga,2021,2021/2022
Spartak Moscow,Daniil Khlusevich,20,Right Midfield,Arsenal Tula,£2.70m,in,Winter,2.7,Premier Liga,2021,2021/2022
Spartak Moscow,Leon Klassen,21,Left-Back,WSG Tirol,£810Th.,in,Winter,0.81,Premier Liga,2021,2021/2022
Spartak Moscow,Ilya Svinov,21,Goalkeeper,Fakel Voronezh,£225Th.,in,Winter,0.225,Premier Liga,2021,2021/2022
Spartak Moscow,Aleksandr Lomovitskiy,23,Right Winger,Rubin Kazan,£1.35m,out,Winter,1.35,Premier Liga,2021,2021/2022
Spartak Moscow,Artem Rebrov,37,Goalkeeper,Retired,-,out,Winter,0,Premier Liga,2021,2021/2022
Lokomotiv Moscow,Mark Mampassi,18,Centre-Back,Shakhtar U19,£2.70m,in,Winter,2.7,Premier Liga,2021,2021/2022
Rubin Kazan,Aleksandr Lomovitskiy,23,Right Winger,Spartak Moscow,£1.35m,in,Winter,1.35,Premier Liga,2021,2021/2022
Rubin Kazan,Marat Apshatsev,20,Central Midfield,Tom Tomsk,£171Th.,in,Winter,0.171,Premier Liga,2021,2021/2022
Rubin Kazan,Danil Stepanov,21,Left-Back,Arsenal Tula,"End of loanDec 31, 2021",in,Winter,0,Premier Liga,2021,2021/2022
Rubin Kazan,Danil Stepanov,21,Left-Back,Arsenal Tula,£360Th.,out,Winter,0.36,Premier Liga,2021,2021/2022
Rubin Kazan,Aleksey Gorodovoy,28,Goalkeeper,Fakel Voronezh,free transfer,out,Winter,NA,Premier Liga,2021,2021/2022
Rubin Kazan,Oleg Shatov,31,Attacking Midfield,Career break,-,out,Winter,0,Premier Liga,2021,2021/2022
FC Sochi,Erik Vardanyan,23,Attacking Midfield,Pyunik Yerevan,"End of loanDec 31, 2021",in,Winter,0,Premier Liga,2021,2021/2022
CSKA Moscow,Cédric Gogoua,27,Centre-Back,Without Club,-,out,Winter,0,Premier Liga,2021,2021/2022
FK Khimki,Pavel Mamaev,33,Central Midfield,Rostov,free transfer,in,Winter,NA,Premier Liga,2021,2021/2022
FK Khimki,Kirill Bozhenov,21,Right-Back,Rostov,"End of loanDec 31, 2021",out,Winter,0,Premier Liga,2021,2021/2022
FK Rostov,Magnus Knudsen,20,Central Midfield,Lillestrøm,£900Th.,in,Winter,0.9,Premier Liga,2021,2021/2022
FK Rostov,Aleksandr Selyava,29,Defensive Midfield,Dinamo Minsk,£108Th.,in,Winter,0.108,Premier Liga,2021,2021/2022
FK Rostov,Aleksandr Smirnov,25,Left-Back,SKA Khabarovsk,"End of loanDec 31, 2021",in,Winter,0,Premier Liga,2021,2021/2022
FK Rostov,Kirill Bozhenov,21,Right-Back,Khimki,"End of loanDec 31, 2021",in,Winter,0,Premier Liga,2021,2021/2022
FK Rostov,Pavel Mamaev,33,Central Midfield,Khimki,free transfer,out,Winter,NA,Premier Liga,2021,2021/2022
FK Rostov,Maksim Rudakov,25,Goalkeeper,FC Honka,loan transfer,out,Winter,NA,Premier Liga,2021,2021/2022
FK Rostov,Konstantin Kovalev,21,Right-Back,Baltika,loan transfer,out,Winter,NA,Premier Liga,2021,2021/2022
FK Krasnodar,Erik Botheim,21,Centre-Forward,Bodø/Glimt,£4.50m,in,Winter,4.5,Premier Liga,2021,2021/2022
FK Krasnodar,Younes Namli,27,Attacking Midfield,Colorado,"End of loanDec 31, 2021",in,Winter,0,Premier Liga,2021,2021/2022
Akhmat Grozny,Ravanelli,24,Attacking Midfield,Chapecoense,"End of loanDec 31, 2021",in,Winter,0,Premier Liga,2021,2021/2022
Akhmat Grozny,Ablaye Mbengue,29,Centre-Forward,Dinamo Minsk,"End of loanDec 31, 2021",in,Winter,0,Premier Liga,2021,2021/2022
Akhmat Grozny,Nikita Karmaev,21,Centre-Back,Kuban,"End of loanDec 31, 2021",in,Winter,0,Premier Liga,2021,2021/2022
Akhmat Grozny,Idris Umaev,22,Centre-Forward,Shakhter K.,"End of loanDec 31, 2021",in,Winter,0,Premier Liga,2021,2021/2022
Ural Yekaterinburg,Dominik Dinga,23,Centre-Back,Dinamo Minsk,"End of loanDec 31, 2021",in,Winter,0,Premier Liga,2021,2021/2022
FK Ufa,Danila Emeljanov,21,Central Midfield,Neftekhimik,"End of loanDec 31, 2021",in,Winter,0,Premier Liga,2021,2021/2022
Arsenal Tula,Danil Stepanov,21,Left-Back,Rubin Kazan,£360Th.,in,Winter,0.36,Premier Liga,2021,2021/2022
Arsenal Tula,Valeriy Gromyko,24,Attacking Midfield,BATE Borisov,"End of loanDec 31, 2021",in,Winter,0,Premier Liga,2021,2021/2022
Arsenal Tula,Daniil Khlusevich,20,Right Midfield,Spartak Moscow,£2.70m,out,Winter,2.7,Premier Liga,2021,2021/2022
Arsenal Tula,Aleksandr Denisov,32,Centre-Back,SKA Khabarovsk,free transfer,out,Winter,NA,Premier Liga,2021,2021/2022
Arsenal Tula,Alexandru Tudorie,25,Centre-Forward,Sepsi OSK,free transfer,out,Winter,NA,Premier Liga,2021,2021/2022
Arsenal Tula,Danil Stepanov,21,Left-Back,Rubin Kazan,"End of loanDec 31, 2021",out,Winter,0,Premier Liga,2021,2021/2022
Krylya Sovetov Samara,Abat Aymbetov,26,Centre-Forward,FC Astana,"End of loanDec 31, 2021",in,Winter,0,Premier Liga,2021,2021/2022
Krylya Sovetov Samara,Mehdi Zeffane,29,Right-Back,Without Club,-,out,Winter,0,Premier Liga,2021,2021/2022
FK Nizhny Novgorod,Petrus Boumal,28,Defensive Midfield,Without Club,-,out,Winter,0,Premier Liga,2021,2021/2022
FK Nizhny Novgorod,Artem Galadzhan,23,Centre-Forward,Without Club,-,out,Winter,0,Premier Liga,2021,2021/2022
FK Nizhny Novgorod,Andrey Sinitsyn,33,Goalkeeper,Without Club,-,out,Winter,0,Premier Liga,2021,2021/2022
FK Nizhny Novgorod,Pavel Mogilevets,28,Central Midfield,Without Club,-,out,Winter,0,Premier Liga,2021,2021/2022
