club_name,player_name,age,position,club_involved_name,fee,transfer_movement,transfer_period,fee_cleaned,league_name,year,season
Boavista FC,Elpídio Silva,24,Centre-Forward,Braga,£630Th.,in,Summer,0.63,Liga Nos,2000,2000/2001
Boavista FC,Marçal,25,Defender,Leiria,Free transfer,in,Summer,0,Liga Nos,2000,2000/2001
Boavista FC,Rui Óscar,24,Right-Back,Marítimo,Free transfer,in,Summer,0,Liga Nos,2000,2000/2001
Boavista FC,Erivan,25,Left-Back,Freamunde,?,in,Summer,NA,Liga Nos,2000,2000/2001
Boavista FC,Artur Jorge Vicente,27,Forward,Rio Ave FC,?,in,Summer,NA,Liga Nos,2000,2000/2001
Boavista FC,Filipe Gouveia,27,Left Midfield,Montpellier,?,in,Summer,NA,Liga Nos,2000,2000/2001
Boavista FC,Pedro Santos,24,Central Midfield,Gil Vicente,?,in,Summer,NA,Liga Nos,2000,2000/2001
Boavista FC,Petit,23,Defensive Midfield,Gil Vicente,?,in,Summer,NA,Liga Nos,2000,2000/2001
Boavista FC,Duda,26,Centre-Forward,Alverca,?,in,Summer,NA,Liga Nos,2000,2000/2001
Boavista FC,Khadim Fayé,29,Goalkeeper,Felgueiras,?,in,Summer,NA,Liga Nos,2000,2000/2001
Boavista FC,Frechaut,22,Right-Back,Vitória Setúbal,?,in,Summer,NA,Liga Nos,2000,2000/2001
Boavista FC,Geraldo,27,Central Midfield,Bragantino,?,in,Summer,NA,Liga Nos,2000,2000/2001
Boavista FC,Bosingwa,17,Right-Back,Boavista U19,-,in,Summer,0,Liga Nos,2000,2000/2001
Boavista FC,Rui Lima,22,Left Midfield,Chaves,"End of loanJun 30, 2000",in,Summer,0,Liga Nos,2000,2000/2001
Boavista FC,João Paulo,20,Centre-Forward,Desportivo Aves,"End of loanJun 30, 2000",in,Summer,0,Liga Nos,2000,2000/2001
Boavista FC,César de Loma,24,Left Midfield,CP Mérida,"End of loanJun 30, 2000",in,Summer,0,Liga Nos,2000,2000/2001
Boavista FC,Pedro Martins,29,Defensive Midfield,Alverca,Free transfer,out,Summer,0,Liga Nos,2000,2000/2001
Boavista FC,Bosingwa,17,Right-Back,Freamunde,Loan,out,Summer,0,Liga Nos,2000,2000/2001
Boavista FC,Mário Silva,23,Left-Back,FC Nantes,?,out,Summer,NA,Liga Nos,2000,2000/2001
Boavista FC,Douala,21,Left Winger,Desportivo Aves,Loan,out,Summer,0,Liga Nos,2000,2000/2001
Boavista FC,Nílton,21,Central Midfield,Desportivo Aves,?,out,Summer,NA,Liga Nos,2000,2000/2001
Boavista FC,Pedro Costa,18,Right-Back,Gondomar,?,out,Summer,NA,Liga Nos,2000,2000/2001
Boavista FC,Luís Manuel,29,Defensive Midfield,Beira-Mar,?,out,Summer,NA,Liga Nos,2000,2000/2001
Boavista FC,Paulo Sousa,33,Right-Back,União Lamas,?,out,Summer,NA,Liga Nos,2000,2000/2001
Boavista FC,Gilmar,33,Forward,Chaves,?,out,Summer,NA,Liga Nos,2000,2000/2001
Boavista FC,César de Loma,24,Left Midfield,Real Betis,?,out,Summer,NA,Liga Nos,2000,2000/2001
Boavista FC,Pedro Albergaria,19,Goalkeeper,Gondomar,?,out,Summer,NA,Liga Nos,2000,2000/2001
Boavista FC,Carlos Alberto,25,Right Midfield,Rio Branco-MG,?,out,Summer,NA,Liga Nos,2000,2000/2001
Boavista FC,Rui Lima,22,Left Midfield,Desportivo Aves,Loan,out,Summer,0,Liga Nos,2000,2000/2001
Boavista FC,João Paulo,20,Centre-Forward,Vitória Setúbal,Loan,out,Summer,0,Liga Nos,2000,2000/2001
Boavista FC,Ion Timofte,32,Left Midfield,Retired,-,out,Summer,0,Liga Nos,2000,2000/2001
FC Porto,Dmitri Alenichev,27,Central Midfield,AS Roma,£2.70m,in,Summer,2.7,Liga Nos,2000,2000/2001
FC Porto,Miran Pavlin,28,Attacking Midfield,SC Freiburg,£810Th.,in,Summer,0.81,Liga Nos,2000,2000/2001
FC Porto,Carlos Paredes,23,Defensive Midfield,Olimpia,Free transfer,in,Summer,0,Liga Nos,2000,2000/2001
FC Porto,Sergey Ovchinnikov,29,Goalkeeper,Alverca,?,in,Summer,NA,Liga Nos,2000,2000/2001
FC Porto,Pena,26,Centre-Forward,Palmeiras,?,in,Summer,NA,Liga Nos,2000,2000/2001
FC Porto,Pedro Oliveira,18,Right Winger,Boavista U19,?,in,Summer,NA,Liga Nos,2000,2000/2001
FC Porto,Alhandra,21,Left-Back,Alverca,?,in,Summer,NA,Liga Nos,2000,2000/2001
FC Porto,Pedro Espinha,34,Goalkeeper,Vit. Guimarães,?,in,Summer,NA,Liga Nos,2000,2000/2001
FC Porto,Jorge Andrade,22,Centre-Back,CF Estrela,?,in,Summer,NA,Liga Nos,2000,2000/2001
FC Porto,Fernandinho,19,Left-Back,EC Vitória,?,in,Summer,NA,Liga Nos,2000,2000/2001
FC Porto,Juan Antonio Pizzi,32,Centre-Forward,CA Rosario,?,in,Summer,NA,Liga Nos,2000,2000/2001
FC Porto,Sousa,22,Right-Back,Alverca,?,in,Summer,NA,Liga Nos,2000,2000/2001
FC Porto,Sousa,23,Right-Back,Braga,"End of loanJun 30, 2001",in,Summer,0,Liga Nos,2000,2000/2001
FC Porto,Manuel José,19,Right Winger,FC Porto B,-,in,Summer,0,Liga Nos,2000,2000/2001
FC Porto,Bruno Alves,17,Centre-Back,FC Porto U19,-,in,Summer,0,Liga Nos,2000,2000/2001
FC Porto,Candido Costa,19,Right Midfield,FC Porto B,-,in,Summer,0,Liga Nos,2000,2000/2001
FC Porto,Ricardo Carvalho,22,Centre-Back,Vitória Setúbal,"End of loanJun 30, 2000",in,Summer,0,Liga Nos,2000,2000/2001
FC Porto,Miklós Fehér,20,Centre-Forward,Salgueiros,"End of loanJun 1, 2000",in,Summer,0,Liga Nos,2000,2000/2001
FC Porto,Jardel,26,Centre-Forward,Galatasaray,£15.35m,out,Summer,15.35,Liga Nos,2000,2000/2001
FC Porto,Ljubinko Drulovic,31,Left Winger,Benfica,Free transfer,out,Summer,0,Liga Nos,2000,2000/2001
FC Porto,Ricardo Carvalho,22,Centre-Back,Alverca,Loan,out,Summer,0,Liga Nos,2000,2000/2001
FC Porto,Joca,20,Right-Back,Famalicão,Free transfer,out,Summer,0,Liga Nos,2000,2000/2001
FC Porto,Argel Fucks,25,Centre-Back,Palmeiras,?,out,Summer,NA,Liga Nos,2000,2000/2001
FC Porto,António Folha,29,Left Winger,Standard Liège,Loan,out,Summer,0,Liga Nos,2000,2000/2001
FC Porto,Marco Almeida,21,Midfielder,Leça,Loan,out,Summer,0,Liga Nos,2000,2000/2001
FC Porto,Alessandro Cambalhota,27,Right Winger,Fluminense,Loan,out,Summer,0,Liga Nos,2000,2000/2001
FC Porto,Miklós Fehér,20,Centre-Forward,Braga,Loan,out,Summer,0,Liga Nos,2000,2000/2001
FC Porto,Cajú,23,Centre-Forward,Alverca,?,out,Summer,NA,Liga Nos,2000,2000/2001
FC Porto,Sousa,22,Right-Back,Braga,Loan,out,Summer,0,Liga Nos,2000,2000/2001
FC Porto,Rui Barros,34,Attacking Midfield,Retired,-,out,Summer,0,Liga Nos,2000,2000/2001
FC Porto,Cajú,23,Forward,Alverca,"End of loanJun 30, 2000",out,Summer,0,Liga Nos,2000,2000/2001
Sporting CP,Pavel Horvath,25,Defensive Midfield,Slavia Prague,£1.35m,in,Summer,1.35,Liga Nos,2000,2000/2001
Sporting CP,Houssine Kharja,17,Central Midfield,GFCO Ajaccio,Free transfer,in,Summer,0,Liga Nos,2000,2000/2001
Sporting CP,Chiquinho Delgado,19,Centre-Forward,Naval,Free transfer,in,Summer,0,Liga Nos,2000,2000/2001
Sporting CP,Alan Mahon,22,Left Midfield,Tranmere Rovers,Free transfer,in,Summer,0,Liga Nos,2000,2000/2001
Sporting CP,Cuco,18,Central Midfield,Rio Tinto,Free transfer,in,Summer,0,Liga Nos,2000,2000/2001
Sporting CP,João Pinto,28,Second Striker,Benfica,Free transfer,in,Summer,0,Liga Nos,2000,2000/2001
Sporting CP,Jovan Kirovski,24,Right Winger,Bor. Dortmund,Free transfer,in,Summer,0,Liga Nos,2000,2000/2001
Sporting CP,Phil Babb,29,Centre-Back,Liverpool,Free transfer,in,Summer,0,Liga Nos,2000,2000/2001
Sporting CP,Bruno Caires,24,Defensive Midfield,CD Tenerife,?,in,Summer,NA,Liga Nos,2000,2000/2001
Sporting CP,Jorge Brítez,19,Defensive Midfield,Real Valladolid,?,in,Summer,NA,Liga Nos,2000,2000/2001
Sporting CP,Paulo Teixeira,19,Defensive Midfield,Lourinhanense,?,in,Summer,NA,Liga Nos,2000,2000/2001
Sporting CP,Jorge Vidigal,22,Right-Back,Estoril,?,in,Summer,NA,Liga Nos,2000,2000/2001
Sporting CP,Hélder Rosário,20,Centre-Back,Lourinhanense,?,in,Summer,NA,Liga Nos,2000,2000/2001
Sporting CP,Dimas,31,Left-Back,Standard Liège,?,in,Summer,NA,Liga Nos,2000,2000/2001
Sporting CP,Vargas,21,Right Winger,Espinho,?,in,Summer,NA,Liga Nos,2000,2000/2001
Sporting CP,Paíto,17,Left-Back,Maxaquene,?,in,Summer,NA,Liga Nos,2000,2000/2001
Sporting CP,Paulo Bento,31,Defensive Midfield,Real Oviedo,?,in,Summer,NA,Liga Nos,2000,2000/2001
Sporting CP,Ricardo Sá Pinto,27,Second Striker,Real Sociedad,?,in,Summer,NA,Liga Nos,2000,2000/2001
Sporting CP,Rodrigo Fabri,24,Attacking Midfield,Real Madrid,Loan,in,Summer,0,Liga Nos,2000,2000/2001
Sporting CP,Facundo Quiroga,23,Centre-Back,SSC Napoli,"End of loanJun 30, 2001",in,Summer,0,Liga Nos,2000,2000/2001
Sporting CP,Nuno Santos,21,Goalkeeper,Lourinhanense,"End of loanJun 30, 2000",in,Summer,0,Liga Nos,2000,2000/2001
Sporting CP,Márcio Ramos,19,Goalkeeper,Lourinhanense,"End of loanJun 30, 2000",in,Summer,0,Liga Nos,2000,2000/2001
Sporting CP,Santamaria,18,Centre-Back,Lourinhanense,"End of loanJun 30, 2000",in,Summer,0,Liga Nos,2000,2000/2001
Sporting CP,Marco Caneira,21,Centre-Back,Alverca,"End of loanJun 30, 2000",in,Summer,0,Liga Nos,2000,2000/2001
Sporting CP,Patacas,22,Right-Back,Lourinhanense,"End of loanJun 30, 2000",in,Summer,0,Liga Nos,2000,2000/2001
Sporting CP,Gabriel,22,Midfielder,Lourinhanense,"End of loanJun 30, 2000",in,Summer,0,Liga Nos,2000,2000/2001
Sporting CP,Aldo Duscher,21,Defensive Midfield,Dep. La Coruña,£11.70m,out,Summer,11.7,Liga Nos,2000,2000/2001
Sporting CP,José Luís Vidigal,27,Defensive Midfield,SSC Napoli,£5.85m,out,Summer,5.85,Liga Nos,2000,2000/2001
Sporting CP,Abdelilah Saber,26,Right-Back,SSC Napoli,£2.25m,out,Summer,2.25,Liga Nos,2000,2000/2001
Sporting CP,Vinícius,23,Centre-Back,Standard Liège,Free transfer,out,Summer,0,Liga Nos,2000,2000/2001
Sporting CP,Gabriel,22,Midfielder,Alverca,Free transfer,out,Summer,0,Liga Nos,2000,2000/2001
Sporting CP,Facundo Quiroga,22,Centre-Back,SSC Napoli,Loan,out,Summer,0,Liga Nos,2000,2000/2001
Sporting CP,Marco Caneira,21,Centre-Back,Reggina,Free transfer,out,Summer,0,Liga Nos,2000,2000/2001
Sporting CP,Mauricio Hanuch,23,Central Midfield,Estudiantes,?,out,Summer,NA,Liga Nos,2000,2000/2001
Sporting CP,Juan Viveros,19,Left Winger,Alverca,Loan,out,Summer,0,Liga Nos,2000,2000/2001
Sporting CP,Marcos,24,Centre-Back,EC Vitória,?,out,Summer,NA,Liga Nos,2000,2000/2001
Sporting CP,Andrija Balajic,27,Left-Back,H. Beer Sheva,?,out,Summer,NA,Liga Nos,2000,2000/2001
Sporting CP,Vasco Faísca,19,Centre-Back,Inter U19,?,out,Summer,NA,Liga Nos,2000,2000/2001
Sporting CP,Julián Andrés Kmet,22,Left Winger,Lanús,?,out,Summer,NA,Liga Nos,2000,2000/2001
Sporting CP,Patacas,22,Right-Back,Campomaiorense,Loan,out,Summer,0,Liga Nos,2000,2000/2001
Sporting CP,Ivone De Franceschi,26,Left Winger,AC Venezia 1907,?,out,Summer,NA,Liga Nos,2000,2000/2001
Sporting CP,Toni Robaina,25,Left Midfield,Uni. Las Palmas,?,out,Summer,NA,Liga Nos,2000,2000/2001
SC Braga,Abiodun Agunbiade,17,Right Winger,Plateau United,Free transfer,in,Summer,0,Liga Nos,2000,2000/2001
SC Braga,Sena,22,Right-Back,Dep. La Coruña,?,in,Summer,NA,Liga Nos,2000,2000/2001
SC Braga,Miklós Fehér,20,Centre-Forward,FC Porto,Loan,in,Summer,0,Liga Nos,2000,2000/2001
SC Braga,Edmilson,32,Forward,Vit. Guimarães,?,in,Summer,NA,Liga Nos,2000,2000/2001
SC Braga,Sousa,22,Right-Back,FC Porto,Loan,in,Summer,0,Liga Nos,2000,2000/2001
SC Braga,Luís Manuel,19,Defensive Midfield,Braga U19,-,in,Summer,0,Liga Nos,2000,2000/2001
SC Braga,Elpídio Silva,24,Centre-Forward,Boavista,£630Th.,out,Summer,0.63,Liga Nos,2000,2000/2001
SC Braga,Jordão,28,Defensive Midfield,West Brom,£405Th.,out,Summer,0.405,Liga Nos,2000,2000/2001
SC Braga,Nuno Cavaleiro,24,Right Winger,Moreirense,?,out,Summer,NA,Liga Nos,2000,2000/2001
SC Braga,Alberto Cabral,31,Left-Back,Maia,?,out,Summer,NA,Liga Nos,2000,2000/2001
SC Braga,Lino,28,Left-Back,Chaves,?,out,Summer,NA,Liga Nos,2000,2000/2001
SC Braga,Toni,33,Centre-Forward,Santa Clara,?,out,Summer,NA,Liga Nos,2000,2000/2001
SC Braga,Sousa,23,Right-Back,FC Porto,"End of loanJun 30, 2001",out,Summer,0,Liga Nos,2000,2000/2001
SC Braga,Sob Evariste Dibo,31,Attacking Midfield,Retired,-,out,Summer,0,Liga Nos,2000,2000/2001
União de Leiria,Éder Gaúcho,22,Centre-Back,Grêmio,?,in,Summer,NA,Liga Nos,2000,2000/2001
União de Leiria,Costinha,26,Goalkeeper,CD Tenerife,?,in,Summer,NA,Liga Nos,2000,2000/2001
União de Leiria,Tiago,25,Defensive Midfield,CD Tenerife,?,in,Summer,NA,Liga Nos,2000,2000/2001
União de Leiria,Vasco Évora,21,Goalkeeper,GDR Bidoeirense,?,in,Summer,NA,Liga Nos,2000,2000/2001
União de Leiria,Bruno Jorge,15,Goalkeeper,Leiria Sub-17,-,in,Summer,0,Liga Nos,2000,2000/2001
União de Leiria,Pedro Regueira,19,Central Midfield,Leiria U19,-,in,Summer,0,Liga Nos,2000,2000/2001
União de Leiria,João Paulo,19,Centre-Back,Tomar,Loan,out,Summer,0,Liga Nos,2000,2000/2001
União de Leiria,Pedro Mingote,19,Goalkeeper,Naval,Free transfer,out,Summer,0,Liga Nos,2000,2000/2001
União de Leiria,Marçal,25,Defender,Boavista,Free transfer,out,Summer,0,Liga Nos,2000,2000/2001
União de Leiria,Ramos,19,Centre-Back,Vila FC,?,out,Summer,NA,Liga Nos,2000,2000/2001
União de Leiria,Miroslav Zitnjak,32,Goalkeeper,NK Osijek,?,out,Summer,NA,Liga Nos,2000,2000/2001
SL Benfica,Pierre van Hooijdonk,30,Centre-Forward,Vitesse,£6.12m,in,Summer,6.12,Liga Nos,2000,2000/2001
SL Benfica,Fernando Meira,22,Centre-Back,Vit. Guimarães,£3.60m,in,Summer,3.6,Liga Nos,2000,2000/2001
SL Benfica,Ljubinko Drulovic,31,Left Winger,FC Porto,Free transfer,in,Summer,0,Liga Nos,2000,2000/2001
SL Benfica,Miguel,20,Right-Back,CF Estrela,Free transfer,in,Summer,0,Liga Nos,2000,2000/2001
SL Benfica,Ivan Dudic,23,Right-Back,Red Star,Free transfer,in,Summer,0,Liga Nos,2000,2000/2001
SL Benfica,Alejandro Escalona,20,Left-Back,Torino,?,in,Summer,NA,Liga Nos,2000,2000/2001
SL Benfica,André Neles,22,Centre-Forward,Atlético-MG,?,in,Summer,NA,Liga Nos,2000,2000/2001
SL Benfica,Carlos Marchena,20,Centre-Back,Sevilla FC,?,in,Summer,NA,Liga Nos,2000,2000/2001
SL Benfica,Carlitos,23,Right Winger,Gil Vicente,?,in,Summer,NA,Liga Nos,2000,2000/2001
SL Benfica,Geraldo Alves,19,Centre-Back,Benfica B,-,in,Summer,0,Liga Nos,2000,2000/2001
SL Benfica,Paulo Fonseca,18,Right-Back,Benfica U19,-,in,Summer,0,Liga Nos,2000,2000/2001
SL Benfica,Diogo Luís,19,Left-Back,Benfica U19,-,in,Summer,0,Liga Nos,2000,2000/2001
SL Benfica,Nuno Marques,19,Goalkeeper,Benfica B,-,in,Summer,0,Liga Nos,2000,2000/2001
SL Benfica,Nuno Gomes,23,Centre-Forward,Fiorentina,£15.30m,out,Summer,15.3,Liga Nos,2000,2000/2001
SL Benfica,João Pinto,28,Second Striker,Sporting CP,Free transfer,out,Summer,0,Liga Nos,2000,2000/2001
SL Benfica,Jorge Ribeiro,18,Left Midfield,Santa Clara,Loan,out,Summer,0,Liga Nos,2000,2000/2001
SL Benfica,Michael Thomas,32,Right Midfield,Wimbledon FC,Free transfer,out,Summer,0,Liga Nos,2000,2000/2001
SL Benfica,Porfírio,26,Left Midfield,Marítimo,Loan,out,Summer,0,Liga Nos,2000,2000/2001
SL Benfica,Rui Baião,19,Attacking Midfield,Alverca,Loan,out,Summer,0,Liga Nos,2000,2000/2001
SL Benfica,Nuno Santos,27,Goalkeeper,CD Badajoz,?,out,Summer,NA,Liga Nos,2000,2000/2001
SL Benfica,Luís Carlos,27,Attacking Midfield,CF Estrela,?,out,Summer,NA,Liga Nos,2000,2000/2001
SL Benfica,Marco Freitas,27,Defensive Midfield,Alverca,Loan,out,Summer,0,Liga Nos,2000,2000/2001
SL Benfica,Tote,21,Attacking Midfield,Real Madrid,"End of loanJun 30, 2000",out,Summer,0,Liga Nos,2000,2000/2001
SL Benfica,Samuel Okunowo,21,Right-Back,FC Barcelona,"End of loanJun 30, 2000",out,Summer,0,Liga Nos,2000,2000/2001
Belenenses SAD,Guga,23,Right Winger,Gil Vicente,Free transfer,in,Summer,0,Liga Nos,2000,2000/2001
Belenenses SAD,Carlos Manuel,21,Central Midfield,Alcains,?,in,Summer,NA,Liga Nos,2000,2000/2001
Belenenses SAD,Verona,26,Attacking Midfield,CF Estrela,?,in,Summer,NA,Liga Nos,2000,2000/2001
Belenenses SAD,Cléber,26,Centre-Back,UA Barbarense,?,in,Summer,NA,Liga Nos,2000,2000/2001
Belenenses SAD,Pedro Henriques,25,Left-Back,Vitória Setúbal,?,in,Summer,NA,Liga Nos,2000,2000/2001
Belenenses SAD,Paulo Dias,22,Defensive Midfield,Coimbra,?,in,Summer,NA,Liga Nos,2000,2000/2001
Belenenses SAD,Bruno Fernandes,21,Centre-Back,Alcochentense,?,in,Summer,NA,Liga Nos,2000,2000/2001
Belenenses SAD,Fábio Cosme,22,Defensive Midfield,Caçadores,?,in,Summer,NA,Liga Nos,2000,2000/2001
Belenenses SAD,Gerson,25,Centre-Back,Espinho,?,in,Summer,NA,Liga Nos,2000,2000/2001
Belenenses SAD,Pedro Alves,21,Goalkeeper,CD Fátima,"End of loanJun 30, 2000",in,Summer,0,Liga Nos,2000,2000/2001
Belenenses SAD,Marco Botelho,24,Goalkeeper,Vitória Setúbal,Free transfer,out,Summer,0,Liga Nos,2000,2000/2001
Belenenses SAD,Rui Gregório,31,Centre-Back,Santa Clara,?,out,Summer,NA,Liga Nos,2000,2000/2001
Belenenses SAD,Fernando Mendes,33,Left-Back,Vitória Setúbal,?,out,Summer,NA,Liga Nos,2000,2000/2001
Belenenses SAD,José Carlos,33,Right-Back,Atlético CP,?,out,Summer,NA,Liga Nos,2000,2000/2001
Belenenses SAD,Haruna Doda,25,Forward,Santa Clara,?,out,Summer,NA,Liga Nos,2000,2000/2001
SC Beira-Mar,Filipe,26,Centre-Back,Freamunde,?,in,Summer,NA,Liga Nos,2000,2000/2001
SC Beira-Mar,Gamboa,27,Right Winger,Santa Clara,?,in,Summer,NA,Liga Nos,2000,2000/2001
SC Beira-Mar,Ricardo Sousa,21,Attacking Midfield,FC Porto B,Loan,in,Summer,0,Liga Nos,2000,2000/2001
SC Beira-Mar,Areias,23,Left-Back,Ovarense,?,in,Summer,NA,Liga Nos,2000,2000/2001
SC Beira-Mar,Avelino,24,Goalkeeper,Penafiel,?,in,Summer,NA,Liga Nos,2000,2000/2001
SC Beira-Mar,Luís Manuel,29,Defensive Midfield,Boavista,?,in,Summer,NA,Liga Nos,2000,2000/2001
SC Beira-Mar,Tobias Grahn,20,Central Midfield,Lyngby FC,?,out,Summer,NA,Liga Nos,2000,2000/2001
SC Beira-Mar,Maxwell Konadu,27,Centre-Forward,Marinhense,?,out,Summer,NA,Liga Nos,2000,2000/2001
SC Beira-Mar,Caetano,33,Left-Back,Feirense,?,out,Summer,NA,Liga Nos,2000,2000/2001
SC Beira-Mar,Paulo Sérgio,28,Right Midfield,Leixões,?,out,Summer,NA,Liga Nos,2000,2000/2001
SC Beira-Mar,Eduardo Henriques,23,Central Midfield,Cucujães,?,out,Summer,NA,Liga Nos,2000,2000/2001
FC Paços de Ferreira,Beto,23,Central Midfield,Sport Recife,£900Th.,in,Summer,0.9,Liga Nos,2000,2000/2001
FC Paços de Ferreira,Glauber,25,Defensive Midfield,Sport Recife,Free transfer,in,Summer,0,Liga Nos,2000,2000/2001
FC Paços de Ferreira,Zé Nando,24,Left-Back,Gil Vicente,?,in,Summer,NA,Liga Nos,2000,2000/2001
FC Paços de Ferreira,Gaspar,25,Centre-Back,Alverca,?,in,Summer,NA,Liga Nos,2000,2000/2001
FC Paços de Ferreira,Pinho,28,Goalkeeper,Freamunde,?,in,Summer,NA,Liga Nos,2000,2000/2001
FC Paços de Ferreira,Vitinha,24,Left-Back,Trofense,?,in,Summer,NA,Liga Nos,2000,2000/2001
FC Paços de Ferreira,Formoso,26,Left Winger,Santa Clara,?,in,Summer,NA,Liga Nos,2000,2000/2001
FC Paços de Ferreira,Leonardo,31,Centre-Forward,ABC FC,?,in,Summer,NA,Liga Nos,2000,2000/2001
FC Paços de Ferreira,Cadú,18,Centre-Back,Paços F. U19,-,in,Summer,0,Liga Nos,2000,2000/2001
FC Paços de Ferreira,Miguel Reisinho,25,Right Winger,Marco,Free transfer,out,Summer,0,Liga Nos,2000,2000/2001
FC Paços de Ferreira,Cadú,18,Centre-Back,Aliados Lordelo,Loan,out,Summer,0,Liga Nos,2000,2000/2001
FC Paços de Ferreira,Rui Miguel,25,Centre-Forward,Vitória Setúbal,?,out,Summer,NA,Liga Nos,2000,2000/2001
FC Paços de Ferreira,José Tavares,35,Central Midfield,Infesta,?,out,Summer,NA,Liga Nos,2000,2000/2001
FC Paços de Ferreira,Gabriel Alejandro Gervino,35,Central Midfield,Olhanense,?,out,Summer,NA,Liga Nos,2000,2000/2001
FC Paços de Ferreira,Lula,34,Centre-Back,SC Quanxing,?,out,Summer,NA,Liga Nos,2000,2000/2001
SC Salgueiros,Nandinho,24,Left-Back,Maia,?,in,Summer,NA,Liga Nos,2000,2000/2001
SC Salgueiros,Bodunha,25,Right-Back,Espinho,?,in,Summer,NA,Liga Nos,2000,2000/2001
SC Salgueiros,Ahmed Ouattara,30,Centre-Forward,CF Extremadura,?,in,Summer,NA,Liga Nos,2000,2000/2001
SC Salgueiros,Ivan Litera,24,Midfielder,Velbazhd,?,in,Summer,NA,Liga Nos,2000,2000/2001
SC Salgueiros,Schuster,22,Attacking Midfield,Naval,?,in,Summer,NA,Liga Nos,2000,2000/2001
SC Salgueiros,Maia,19,Right-Back,Salgueiros U19,-,in,Summer,0,Liga Nos,2000,2000/2001
SC Salgueiros,André Macanga,22,Defensive Midfield,Alverca,Free transfer,out,Summer,0,Liga Nos,2000,2000/2001
SC Salgueiros,Paulinho,34,Centre-Back,Estoril,Free transfer,out,Summer,0,Liga Nos,2000,2000/2001
SC Salgueiros,Marcelo Verón,22,Forward,Platense,Free transfer,out,Summer,0,Liga Nos,2000,2000/2001
SC Salgueiros,Filipe Cândido,20,Right Winger,Felgueiras,?,out,Summer,NA,Liga Nos,2000,2000/2001
SC Salgueiros,Edu Brasil,22,Right Winger,Chaves,Loan,out,Summer,0,Liga Nos,2000,2000/2001
SC Salgueiros,Basarab Panduru,29,Attacking Midfield,Retired,-,out,Summer,0,Liga Nos,2000,2000/2001
SC Salgueiros,Silvino Louro,41,Goalkeeper,Retired,-,out,Summer,0,Liga Nos,2000,2000/2001
SC Salgueiros,Miklós Fehér,20,Centre-Forward,FC Porto,"End of loanJun 1, 2000",out,Summer,0,Liga Nos,2000,2000/2001
CS Marítimo,Marco Lagarto,NA,Attacking Midfield,Farense,Free transfer,in,Summer,0,Liga Nos,2000,2000/2001
CS Marítimo,Porfírio,26,Left Midfield,Benfica,Loan,in,Summer,0,Liga Nos,2000,2000/2001
CS Marítimo,Quim,26,Centre-Forward,Dundee United,?,in,Summer,NA,Liga Nos,2000,2000/2001
CS Marítimo,Bakero,22,Left Winger,Sevilla FC,?,in,Summer,NA,Liga Nos,2000,2000/2001
CS Marítimo,Danny,16,Attacking Midfield,Marítimo U19,-,in,Summer,0,Liga Nos,2000,2000/2001
CS Marítimo,Briguel,21,Right-Back,Marítimo B,-,in,Summer,0,Liga Nos,2000,2000/2001
CS Marítimo,Fernando,19,Centre-Back,Marítimo B,-,in,Summer,0,Liga Nos,2000,2000/2001
CS Marítimo,Rui Óscar,24,Right-Back,Boavista,Free transfer,out,Summer,0,Liga Nos,2000,2000/2001
CS Marítimo,Yves Van Der Straeten,29,Goalkeeper,Lierse SK,?,out,Summer,NA,Liga Nos,2000,2000/2001
CS Marítimo,Mariano Toedtli,24,Centre-Forward,UD Salamanca,?,out,Summer,NA,Liga Nos,2000,2000/2001
CS Marítimo,Johann Duveau,22,Left Winger,Torpedo Moscow,?,out,Summer,NA,Liga Nos,2000,2000/2001
CS Marítimo,Nuno Afonso,25,Centre-Back,Desportivo Aves,?,out,Summer,NA,Liga Nos,2000,2000/2001
CS Marítimo,Toni,27,Centre-Forward,Leça,?,out,Summer,NA,Liga Nos,2000,2000/2001
CS Marítimo,Ion Sburlea,29,Centre-Back,CSM Ceahlaul,?,out,Summer,NA,Liga Nos,2000,2000/2001
CS Marítimo,Jörg Smeets,29,Midfielder,Helmond Sport,?,out,Summer,NA,Liga Nos,2000,2000/2001
FC Alverca,Ricardo Carvalho,22,Centre-Back,FC Porto,Loan,in,Summer,0,Liga Nos,2000,2000/2001
FC Alverca,Pedro Martins,29,Defensive Midfield,Boavista,Free transfer,in,Summer,0,Liga Nos,2000,2000/2001
FC Alverca,Gabriel,22,Midfielder,Sporting CP,Free transfer,in,Summer,0,Liga Nos,2000,2000/2001
FC Alverca,André Macanga,22,Defensive Midfield,Salgueiros,Free transfer,in,Summer,0,Liga Nos,2000,2000/2001
FC Alverca,Ernesto,20,Goalkeeper,Barreirense,Free transfer,in,Summer,0,Liga Nos,2000,2000/2001
FC Alverca,Mickaël Tavares,17,Defensive Midfield,US Créteil,Free transfer,in,Summer,0,Liga Nos,2000,2000/2001
FC Alverca,Rui Baião,19,Attacking Midfield,Benfica,Loan,in,Summer,0,Liga Nos,2000,2000/2001
FC Alverca,Tito,28,Left-Back,Vit. Guimarães,?,in,Summer,NA,Liga Nos,2000,2000/2001
FC Alverca,Correia,21,Centre-Back,FC Porto B,?,in,Summer,NA,Liga Nos,2000,2000/2001
FC Alverca,Ricardo Esteves,20,Right Midfield,Vitória Setúbal,?,in,Summer,NA,Liga Nos,2000,2000/2001
FC Alverca,Juan Viveros,19,Left Winger,Sporting CP,Loan,in,Summer,0,Liga Nos,2000,2000/2001
FC Alverca,Chiquinho Conde,34,Centre-Forward,Vitória Setúbal,?,in,Summer,NA,Liga Nos,2000,2000/2001
FC Alverca,Marco Freitas,27,Defensive Midfield,Benfica,Loan,in,Summer,0,Liga Nos,2000,2000/2001
FC Alverca,Cajú,23,Centre-Forward,FC Porto,?,in,Summer,NA,Liga Nos,2000,2000/2001
FC Alverca,Manú,17,Right Winger,Alverca U19,-,in,Summer,0,Liga Nos,2000,2000/2001
FC Alverca,Pedro Neves,18,Right-Back,Alverca U19,-,in,Summer,0,Liga Nos,2000,2000/2001
FC Alverca,Cajú,23,Forward,FC Porto,"End of loanJun 30, 2000",in,Summer,0,Liga Nos,2000,2000/2001
FC Alverca,Hugo Santos,22,Left Winger,Olivais,"End of loanJun 30, 2000",in,Summer,0,Liga Nos,2000,2000/2001
FC Alverca,Paulo Costa,20,Attacking Midfield,Inter,Free transfer,out,Summer,0,Liga Nos,2000,2000/2001
FC Alverca,Miner,29,Midfielder,Santa Clara,?,out,Summer,NA,Liga Nos,2000,2000/2001
FC Alverca,Sergey Ovchinnikov,29,Goalkeeper,FC Porto,?,out,Summer,NA,Liga Nos,2000,2000/2001
FC Alverca,Alhandra,21,Left-Back,FC Porto,?,out,Summer,NA,Liga Nos,2000,2000/2001
FC Alverca,Gaspar,25,Centre-Back,Paços Ferreira,?,out,Summer,NA,Liga Nos,2000,2000/2001
FC Alverca,Duda,26,Centre-Forward,Boavista,?,out,Summer,NA,Liga Nos,2000,2000/2001
FC Alverca,Nuno Assis,22,Attacking Midfield,Gil Vicente,?,out,Summer,NA,Liga Nos,2000,2000/2001
FC Alverca,Sousa,22,Right-Back,FC Porto,?,out,Summer,NA,Liga Nos,2000,2000/2001
FC Alverca,Vasili Kulkov,34,Centre-Back,Retired,-,out,Summer,0,Liga Nos,2000,2000/2001
FC Alverca,Abel Silva,30,Right-Back,Retired,-,out,Summer,0,Liga Nos,2000,2000/2001
FC Alverca,Lima,33,Left Winger,Retired,-,out,Summer,0,Liga Nos,2000,2000/2001
FC Alverca,Marco Caneira,21,Centre-Back,Sporting CP,"End of loanJun 30, 2000",out,Summer,0,Liga Nos,2000,2000/2001
SC Farense,Toni Lopes,20,Right-Back,Lusitano,Free transfer,in,Summer,0,Liga Nos,2000,2000/2001
SC Farense,Rubio,24,Centre-Back,CD Toledo,Free transfer,in,Summer,0,Liga Nos,2000,2000/2001
SC Farense,Raúl Iglesias,25,Goalkeeper,CP Mérida,Free transfer,in,Summer,0,Liga Nos,2000,2000/2001
SC Farense,Jean Paulista,22,Centre-Forward,Desportivo Aves,?,in,Summer,NA,Liga Nos,2000,2000/2001
SC Farense,Rui Marcos,25,Goalkeeper,Nacional,?,in,Summer,NA,Liga Nos,2000,2000/2001
SC Farense,Pablo Zegarra,27,Attacking Midfield,UD Salamanca,?,in,Summer,NA,Liga Nos,2000,2000/2001
SC Farense,Ivan Djurdjevic,23,Defensive Midfield,CD Ourense,?,in,Summer,NA,Liga Nos,2000,2000/2001
SC Farense,Fernando De Los Rios,24,Forward,R. Valladolid B,?,in,Summer,NA,Liga Nos,2000,2000/2001
SC Farense,Patrick Silva,21,Right Winger,Santa Cruz,?,in,Summer,NA,Liga Nos,2000,2000/2001
SC Farense,Bruno Mestre,18,Left-Back,Farense U19,-,in,Summer,0,Liga Nos,2000,2000/2001
SC Farense,Candeias,27,Goalkeeper,Famalicão,Free transfer,out,Summer,0,Liga Nos,2000,2000/2001
SC Farense,Marco Lagarto,NA,Attacking Midfield,Marítimo,Free transfer,out,Summer,0,Liga Nos,2000,2000/2001
SC Farense,Mouloud Beltitane,29,Goalkeeper,CD Roda,Free transfer,out,Summer,0,Liga Nos,2000,2000/2001
SC Farense,Bruno Mestre,18,Left-Back,Esp. Lagos,Loan,out,Summer,0,Liga Nos,2000,2000/2001
SC Farense,Zé Tó,25,Attacking Midfield,UD Salamanca,?,out,Summer,NA,Liga Nos,2000,2000/2001
SC Farense,Tulipa,27,Attacking Midfield,CD Badajoz,?,out,Summer,NA,Liga Nos,2000,2000/2001
SC Farense,Darko Butorovic,29,Right-Back,Hajduk Split,?,out,Summer,NA,Liga Nos,2000,2000/2001
SC Farense,Ricardo Lunari,30,Midfielder,Almagro,?,out,Summer,NA,Liga Nos,2000,2000/2001
SC Farense,Eugénio,33,Right-Back,Olhanense,?,out,Summer,NA,Liga Nos,2000,2000/2001
SC Farense,Everson,24,Forward,Olhanense,Loan,out,Summer,0,Liga Nos,2000,2000/2001
SC Farense,Pedro Miguel,32,Defender,Retired,-,out,Summer,0,Liga Nos,2000,2000/2001
SC Farense,Redouane Hajry,36,Attacking Midfield,Retired,-,out,Summer,0,Liga Nos,2000,2000/2001
SC Farense,Lucian Marinescu,28,Attacking Midfield,UD Salamanca,"End of loanJun 30, 2000",out,Summer,0,Liga Nos,2000,2000/2001
SC Farense,Paulo Ferreira,26,Forward,CF Estrela,"End of loanJun 30, 2000",out,Summer,0,Liga Nos,2000,2000/2001
Gil Vicente FC,Nuno Assis,22,Attacking Midfield,Alverca,?,in,Summer,NA,Liga Nos,2000,2000/2001
Gil Vicente FC,Nuno Amaro,24,Left-Back,Marco,?,in,Summer,NA,Liga Nos,2000,2000/2001
Gil Vicente FC,Adriano,22,Goalkeeper,Leixões,?,in,Summer,NA,Liga Nos,2000,2000/2001
Gil Vicente FC,Pinheiro,23,Attacking Midfield,Dragões,?,in,Summer,NA,Liga Nos,2000,2000/2001
Gil Vicente FC,Paulo César,20,Right Winger,Villa Nova AC,?,in,Summer,NA,Liga Nos,2000,2000/2001
Gil Vicente FC,Sérgio Gameiro,24,Attacking Midfield,Santa Clara,?,in,Summer,NA,Liga Nos,2000,2000/2001
Gil Vicente FC,Ivo Afonso,24,Centre-Back,Canelas 2010,?,in,Summer,NA,Liga Nos,2000,2000/2001
Gil Vicente FC,Vargas Fernandes,22,Left Midfield,Sporting Praia,?,in,Summer,NA,Liga Nos,2000,2000/2001
Gil Vicente FC,Miguel Simao,27,Forward,Sanf. Hiroshima,?,in,Summer,NA,Liga Nos,2000,2000/2001
Gil Vicente FC,Dário,21,Centre-Back,Sporting Praia,?,in,Summer,NA,Liga Nos,2000,2000/2001
Gil Vicente FC,Nuno Sampaio,25,Goalkeeper,Espinho,?,in,Summer,NA,Liga Nos,2000,2000/2001
Gil Vicente FC,Clayton Maranhense,27,Attacking Midfield,Fortaleza,?,in,Summer,NA,Liga Nos,2000,2000/2001
Gil Vicente FC,Vítor Vieira,27,Right Winger,CF Estrela,?,in,Summer,NA,Liga Nos,2000,2000/2001
Gil Vicente FC,Fangueiro,23,Right Winger,Vit. Guimarães,Free transfer,out,Summer,0,Liga Nos,2000,2000/2001
Gil Vicente FC,Guga,23,Right Winger,Belenenses SAD,Free transfer,out,Summer,0,Liga Nos,2000,2000/2001
Gil Vicente FC,Carlitos,23,Right Winger,Benfica,?,out,Summer,NA,Liga Nos,2000,2000/2001
Gil Vicente FC,Paulo Lopes,22,Goalkeeper,Barreirense,?,out,Summer,NA,Liga Nos,2000,2000/2001
Gil Vicente FC,Auri,26,Centre-Back,Vit. Guimarães,?,out,Summer,NA,Liga Nos,2000,2000/2001
Gil Vicente FC,Ricardo Nascimento,26,Attacking Midfield,Montpellier,?,out,Summer,NA,Liga Nos,2000,2000/2001
Gil Vicente FC,Pedro Santos,24,Central Midfield,Boavista,?,out,Summer,NA,Liga Nos,2000,2000/2001
Gil Vicente FC,Petit,23,Defensive Midfield,Boavista,?,out,Summer,NA,Liga Nos,2000,2000/2001
Gil Vicente FC,Zé Nando,24,Left-Back,Paços Ferreira,?,out,Summer,NA,Liga Nos,2000,2000/2001
Gil Vicente FC,Ovidiu Lucian Cuc,27,Centre-Forward,FC Ashdod,?,out,Summer,NA,Liga Nos,2000,2000/2001
Gil Vicente FC,Peter Rufai,36,Goalkeeper,Retired,-,out,Summer,0,Liga Nos,2000,2000/2001
Vitória Guimarães SC,Fangueiro,23,Right Winger,Gil Vicente,Free transfer,in,Summer,0,Liga Nos,2000,2000/2001
Vitória Guimarães SC,Rogério Matias,25,Left-Back,Campomaiorense,?,in,Summer,NA,Liga Nos,2000,2000/2001
Vitória Guimarães SC,Abel Ferreira,21,Right-Back,Penafiel,?,in,Summer,NA,Liga Nos,2000,2000/2001
Vitória Guimarães SC,Manoel,22,Centre-Forward,EC Vitória,?,in,Summer,NA,Liga Nos,2000,2000/2001
Vitória Guimarães SC,Auri,26,Centre-Back,Gil Vicente,?,in,Summer,NA,Liga Nos,2000,2000/2001
Vitória Guimarães SC,Cândido Rego,29,Goalkeeper,Desportivo Aves,?,in,Summer,NA,Liga Nos,2000,2000/2001
Vitória Guimarães SC,Marco Couto,25,Centre-Back,Chaves,?,in,Summer,NA,Liga Nos,2000,2000/2001
Vitória Guimarães SC,Edwin Congo,23,Centre-Forward,Real Madrid,Loan,in,Summer,0,Liga Nos,2000,2000/2001
Vitória Guimarães SC,William,32,Centre-Back,SD Compostela,?,in,Summer,NA,Liga Nos,2000,2000/2001
Vitória Guimarães SC,Evando,23,Centre-Forward,EC Vitória,"End of loanJun 30, 2000",in,Summer,0,Liga Nos,2000,2000/2001
Vitória Guimarães SC,Fernando Meira,22,Centre-Back,Benfica,£3.60m,out,Summer,3.6,Liga Nos,2000,2000/2001
Vitória Guimarães SC,Edmilson,32,Forward,Braga,?,out,Summer,NA,Liga Nos,2000,2000/2001
Vitória Guimarães SC,Preto Casagrande,25,Midfielder,EC Bahia,?,out,Summer,NA,Liga Nos,2000,2000/2001
Vitória Guimarães SC,Pedro Espinha,34,Goalkeeper,FC Porto,?,out,Summer,NA,Liga Nos,2000,2000/2001
Vitória Guimarães SC,Paulo Fonseca,27,Centre-Back,CF Estrela,?,out,Summer,NA,Liga Nos,2000,2000/2001
Vitória Guimarães SC,Kipulo,18,Centre-Back,Moreirense,?,out,Summer,NA,Liga Nos,2000,2000/2001
Vitória Guimarães SC,Tito,28,Left-Back,Alverca,?,out,Summer,NA,Liga Nos,2000,2000/2001
Vitória Guimarães SC,Nuno Claro,23,Goalkeeper,Trofense,?,out,Summer,NA,Liga Nos,2000,2000/2001
Vitória Guimarães SC,Paiva,27,Defensive Midfield,Santa Clara,?,out,Summer,NA,Liga Nos,2000,2000/2001
Vitória Guimarães SC,Bruno Tiago,19,Central Midfield,UD Salamanca,?,out,Summer,NA,Liga Nos,2000,2000/2001
Vitória Guimarães SC,Brandao,30,Forward,Santa Clara,?,out,Summer,NA,Liga Nos,2000,2000/2001
SC Campomaiorense,Sreto Ristic,24,Centre-Forward,VfB Stuttgart,Free transfer,in,Summer,0,Liga Nos,2000,2000/2001
SC Campomaiorense,Srgjan Zaharievski,26,Central Midfield,VfB Stuttgart,Free transfer,in,Summer,0,Liga Nos,2000,2000/2001
SC Campomaiorense,Philippe Azevedo,25,Centre-Forward,Loko Moscow,Free transfer,in,Summer,0,Liga Nos,2000,2000/2001
SC Campomaiorense,Julián Palacios,29,Left-Back,CP Mérida,Free transfer,in,Summer,0,Liga Nos,2000,2000/2001
SC Campomaiorense,Marco Almeida,23,Centre-Back,Southampton,?,in,Summer,NA,Liga Nos,2000,2000/2001
SC Campomaiorense,Patacas,22,Right-Back,Sporting CP,Loan,in,Summer,0,Liga Nos,2000,2000/2001
SC Campomaiorense,Detinho,26,Centre-Forward,Marco,?,in,Summer,NA,Liga Nos,2000,2000/2001
SC Campomaiorense,Duka,27,Centre-Back,Espinho,?,in,Summer,NA,Liga Nos,2000,2000/2001
SC Campomaiorense,Miguel Vaz,27,Defensive Midfield,Covilhã,?,in,Summer,NA,Liga Nos,2000,2000/2001
SC Campomaiorense,Rogério Matias,25,Left-Back,Vit. Guimarães,?,out,Summer,NA,Liga Nos,2000,2000/2001
SC Campomaiorense,José Soares,24,Centre-Back,Desportivo Aves,?,out,Summer,NA,Liga Nos,2000,2000/2001
SC Campomaiorense,Marco Silva,22,Right-Back,Trofense,?,out,Summer,NA,Liga Nos,2000,2000/2001
SC Campomaiorense,Abilio,33,Attacking Midfield,Desportivo Aves,?,out,Summer,NA,Liga Nos,2000,2000/2001
Desportivo Aves,Douala,21,Left Winger,Boavista,Loan,in,Summer,0,Liga Nos,2000,2000/2001
Desportivo Aves,Nílton,21,Central Midfield,Boavista,?,in,Summer,NA,Liga Nos,2000,2000/2001
Desportivo Aves,José Soares,24,Centre-Back,Campomaiorense,?,in,Summer,NA,Liga Nos,2000,2000/2001
Desportivo Aves,Michel Pensée,27,Centre-Back,Seongnam Ilhwa,?,in,Summer,NA,Liga Nos,2000,2000/2001
Desportivo Aves,Quinzinho,26,Centre-Forward,Rayo Vallecano,?,in,Summer,NA,Liga Nos,2000,2000/2001
Desportivo Aves,Nuno Afonso,25,Centre-Back,Marítimo,?,in,Summer,NA,Liga Nos,2000,2000/2001
Desportivo Aves,Adamo Ramos Martins,29,Goalkeeper,Moreirense,?,in,Summer,NA,Liga Nos,2000,2000/2001
Desportivo Aves,Tó Luis,32,Goalkeeper,Rio Ave FC,?,in,Summer,NA,Liga Nos,2000,2000/2001
Desportivo Aves,Abilio,33,Attacking Midfield,Campomaiorense,?,in,Summer,NA,Liga Nos,2000,2000/2001
Desportivo Aves,Jorge Vinagre,25,Left-Back,Chaves,?,in,Summer,NA,Liga Nos,2000,2000/2001
Desportivo Aves,Camberra,29,Central Midfield,Freamunde,?,in,Summer,NA,Liga Nos,2000,2000/2001
Desportivo Aves,Rui Lima,22,Left Midfield,Boavista,Loan,in,Summer,0,Liga Nos,2000,2000/2001
Desportivo Aves,Rui Faria,19,Goalkeeper,GD Serzedelo,Loan,out,Summer,0,Liga Nos,2000,2000/2001
Desportivo Aves,Cândido Rego,29,Goalkeeper,Vit. Guimarães,?,out,Summer,NA,Liga Nos,2000,2000/2001
Desportivo Aves,Paulo Alexandre,30,Centre-Back,Chaves,?,out,Summer,NA,Liga Nos,2000,2000/2001
Desportivo Aves,Jean Paulista,22,Centre-Forward,Farense,?,out,Summer,NA,Liga Nos,2000,2000/2001
Desportivo Aves,Ermin Rakovic,22,Right Winger,NK Olimpija,?,out,Summer,NA,Liga Nos,2000,2000/2001
Desportivo Aves,Quim Machado,33,Right-Back,Tirsense,?,out,Summer,NA,Liga Nos,2000,2000/2001
Desportivo Aves,Nenad Divac,31,Right-Back,Sloboda Uzice,?,out,Summer,NA,Liga Nos,2000,2000/2001
Desportivo Aves,João Paulo,20,Centre-Forward,Boavista,"End of loanJun 30, 2000",out,Summer,0,Liga Nos,2000,2000/2001
CF Estrela Amadora SAD,Jorge Cadete,31,Centre-Forward,Bradford,?,in,Summer,NA,Liga Nos,2000,2000/2001
CF Estrela Amadora SAD,Paulo Fonseca,27,Centre-Back,Vit. Guimarães,?,in,Summer,NA,Liga Nos,2000,2000/2001
CF Estrela Amadora SAD,António Semedo,21,Right Winger,Casa Pia,?,in,Summer,NA,Liga Nos,2000,2000/2001
CF Estrela Amadora SAD,Tiago Lemos,22,Central Midfield,Estoril,?,in,Summer,NA,Liga Nos,2000,2000/2001
CF Estrela Amadora SAD,Luís Carlos,27,Attacking Midfield,Benfica,?,in,Summer,NA,Liga Nos,2000,2000/2001
CF Estrela Amadora SAD,Igor Souza,21,Attacking Midfield,Central,?,in,Summer,NA,Liga Nos,2000,2000/2001
CF Estrela Amadora SAD,Paulo Ferreira,26,Forward,Farense,"End of loanJun 30, 2000",in,Summer,0,Liga Nos,2000,2000/2001
CF Estrela Amadora SAD,Miguel,20,Right-Back,Benfica,Free transfer,out,Summer,0,Liga Nos,2000,2000/2001
CF Estrela Amadora SAD,Pedro Duarte,28,Goalkeeper,Sporting Pombal,Free transfer,out,Summer,0,Liga Nos,2000,2000/2001
CF Estrela Amadora SAD,Verona,26,Attacking Midfield,Belenenses SAD,?,out,Summer,NA,Liga Nos,2000,2000/2001
CF Estrela Amadora SAD,Hugo Évora,18,Centre-Back,Samora Correia,Loan,out,Summer,0,Liga Nos,2000,2000/2001
CF Estrela Amadora SAD,Jorge Andrade,22,Centre-Back,FC Porto,?,out,Summer,NA,Liga Nos,2000,2000/2001
CF Estrela Amadora SAD,José Leal,35,Left-Back,Santa Clara,?,out,Summer,NA,Liga Nos,2000,2000/2001
CF Estrela Amadora SAD,Leonson Lewis,33,Forward,União Lamas,?,out,Summer,NA,Liga Nos,2000,2000/2001
CF Estrela Amadora SAD,Vítor Vieira,27,Right Winger,Gil Vicente,?,out,Summer,NA,Liga Nos,2000,2000/2001
Boavista FC,Rui Bento,28,Defensive Midfield,Sporting CP,Free transfer,out,Winter,0,Liga Nos,2000,2000/2001
Boavista FC,Artur Jorge Vicente,28,Forward,Vitória Setúbal,?,out,Winter,NA,Liga Nos,2000,2000/2001
Boavista FC,Emanuel,25,Central Midfield,Rio Ave FC,?,out,Winter,NA,Liga Nos,2000,2000/2001
Boavista FC,Augustine Ahinful,26,Centre-Forward,Ankaragücü,?,out,Winter,NA,Liga Nos,2000,2000/2001
FC Porto,António Folha,29,Left Winger,Standard Liège,"End of loanDec 31, 2000",in,Winter,0,Liga Nos,2000,2000/2001
FC Porto,Alessandro Cambalhota,27,Right Winger,Fluminense,"End of loanDec 31, 2000",in,Winter,0,Liga Nos,2000,2000/2001
FC Porto,Rubens Júnior,25,Left-Back,Atlético-PR,Loan,out,Winter,0,Liga Nos,2000,2000/2001
FC Porto,Alhandra,21,Left-Back,Coimbra,?,out,Winter,NA,Liga Nos,2000,2000/2001
FC Porto,Alessandro Cambalhota,27,Right Winger,Cruzeiro,Loan,out,Winter,0,Liga Nos,2000,2000/2001
FC Porto,Juan Antonio Pizzi,32,Centre-Forward,CA Rosario,?,out,Winter,NA,Liga Nos,2000,2000/2001
Sporting CP,Rodrigo Tello,21,Left Midfield,U. de Chile,£6.30m,in,Winter,6.3,Liga Nos,2000,2000/2001
Sporting CP,Rui Bento,28,Defensive Midfield,Boavista,Free transfer,in,Winter,0,Liga Nos,2000,2000/2001
Sporting CP,Mario Cáceres,19,Centre-Forward,Colo Colo,Loan,in,Winter,0,Liga Nos,2000,2000/2001
Sporting CP,Alan Mahon,22,Left Midfield,Blackburn,£2.07m,out,Winter,2.07,Liga Nos,2000,2000/2001
Sporting CP,Kwame Ayew,26,Centre-Forward,Yimpas Yozgat,?,out,Winter,NA,Liga Nos,2000,2000/2001
SC Braga,Michael Curcija,23,Centre-Forward,Partizan,?,in,Winter,NA,Liga Nos,2000,2000/2001
União de Leiria,Bruno Ribeiro,25,Left Midfield,Sheffield Utd.,?,in,Winter,NA,Liga Nos,2000,2000/2001
União de Leiria,Pedro Regueira,19,Central Midfield,GDR Bidoeirense,Loan,out,Winter,0,Liga Nos,2000,2000/2001
SL Benfica,Roger,22,Attacking Midfield,Fluminense,£5.87m,in,Winter,5.87,Liga Nos,2000,2000/2001
SL Benfica,Ednilson,18,Defensive Midfield,Roma U19,?,in,Winter,NA,Liga Nos,2000,2000/2001
SL Benfica,Ricardo Esteves,21,Right Midfield,Alverca,?,in,Winter,NA,Liga Nos,2000,2000/2001
SL Benfica,Rui Baião,20,Attacking Midfield,Alverca,"End of loanDec 31, 2000",in,Winter,0,Liga Nos,2000,2000/2001
SL Benfica,Jorge Ribeiro,19,Left Midfield,Santa Clara,"End of loanDec 31, 2000",in,Winter,0,Liga Nos,2000,2000/2001
SL Benfica,Karel Poborsky,28,Right Midfield,Lazio,£2.03m,out,Winter,2.03,Liga Nos,2000,2000/2001
SL Benfica,Ricardo Rojas,29,Right-Back,River Plate,Loan fee:£180Th.,out,Winter,0.18,Liga Nos,2000,2000/2001
SL Benfica,Triantafyllos Macheridis,27,Defensive Midfield,PS Kalamata,Loan,out,Winter,0,Liga Nos,2000,2000/2001
SL Benfica,Dani,24,Attacking Midfield,Atlético Madrid,?,out,Winter,NA,Liga Nos,2000,2000/2001
Belenenses SAD,Brian Waltrip,22,Right Midfield,Tampere United,?,in,Winter,NA,Liga Nos,2000,2000/2001
FC Paços de Ferreira,Paulo Vida,29,Centre-Forward,Campomaiorense,?,out,Winter,NA,Liga Nos,2000,2000/2001
CS Marítimo,Rubén Darío Ferrer,25,Forward,Los Andes,?,in,Winter,NA,Liga Nos,2000,2000/2001
CS Marítimo,Walter Otta,27,Centre-Forward,Marathón,?,in,Winter,NA,Liga Nos,2000,2000/2001
CS Marítimo,Luís Olim,19,Left-Back,Marítimo U19,-,in,Winter,0,Liga Nos,2000,2000/2001
CS Marítimo,Paulo Pereira,23,Defensive Midfield,Ovarense,Free transfer,out,Winter,0,Liga Nos,2000,2000/2001
FC Alverca,Tinaia,21,Left-Back,Real Madrid C,Free transfer,in,Winter,0,Liga Nos,2000,2000/2001
FC Alverca,Nicolas Paviot,25,Right-Back,Toulouse,?,in,Winter,NA,Liga Nos,2000,2000/2001
FC Alverca,Zeferino,22,Centre-Forward,Real Madrid B,"End of loanDec 31, 2000",in,Winter,0,Liga Nos,2000,2000/2001
FC Alverca,Hugo Santos,22,Left Winger,Olivais,Loan,out,Winter,0,Liga Nos,2000,2000/2001
FC Alverca,Ricardo Esteves,21,Right Midfield,Benfica,?,out,Winter,NA,Liga Nos,2000,2000/2001
FC Alverca,Jamir,28,Defensive Midfield,Cor. Bolognesi,?,out,Winter,NA,Liga Nos,2000,2000/2001
FC Alverca,Rui Baião,20,Attacking Midfield,Benfica,"End of loanDec 31, 2000",out,Winter,0,Liga Nos,2000,2000/2001
SC Farense,Jean Paulista,23,Centre-Forward,Imortal,Free transfer,out,Winter,0,Liga Nos,2000,2000/2001
SC Farense,Fernando De Los Rios,24,Forward,CD Castellón,?,out,Winter,NA,Liga Nos,2000,2000/2001
Gil Vicente FC,Marquinhos,26,Midfielder,Chaves,?,out,Winter,NA,Liga Nos,2000,2000/2001
Vitória Guimarães SC,Romano Sion,29,Midfielder,SD Compostela,?,in,Winter,NA,Liga Nos,2000,2000/2001
Vitória Guimarães SC,Cândido Rego,29,Goalkeeper,Imortal,?,out,Winter,NA,Liga Nos,2000,2000/2001
Vitória Guimarães SC,João Costa,27,Defensive Midfield,Vitória Setúbal,?,out,Winter,NA,Liga Nos,2000,2000/2001
SC Campomaiorense,Nuno Gomes,22,Centre-Back,Felgueiras,Free transfer,in,Winter,0,Liga Nos,2000,2000/2001
SC Campomaiorense,Bruno Da Rocha,23,Midfielder,G. Bordeaux B,Loan,in,Winter,0,Liga Nos,2000,2000/2001
SC Campomaiorense,Paulo Vida,29,Centre-Forward,Paços Ferreira,?,in,Winter,NA,Liga Nos,2000,2000/2001
SC Campomaiorense,Sreto Ristic,24,Centre-Forward,SSV Ulm 1846,Free transfer,out,Winter,0,Liga Nos,2000,2000/2001
SC Campomaiorense,Srgjan Zaharievski,27,Central Midfield,Vardar,Free transfer,out,Winter,0,Liga Nos,2000,2000/2001
SC Campomaiorense,Philippe Azevedo,25,Centre-Forward,Penafiel,Free transfer,out,Winter,0,Liga Nos,2000,2000/2001
SC Campomaiorense,Arley,28,Defender,América-MG,?,out,Winter,NA,Liga Nos,2000,2000/2001
SC Campomaiorense,Constantino,33,Second Striker,União Lamas,?,out,Winter,NA,Liga Nos,2000,2000/2001
Desportivo Aves,Josivan,21,Left Winger,FC Porto B,Loan,in,Winter,0,Liga Nos,2000,2000/2001
Desportivo Aves,Josivan,21,Left Winger,FC Porto B,"End of loanMar 1, 2001",out,Winter,0,Liga Nos,2000,2000/2001
CF Estrela Amadora SAD,Sérgio Marquês,24,Defensive Midfield,Imortal,?,out,Winter,NA,Liga Nos,2000,2000/2001
