club_name,player_name,age,position,club_involved_name,fee,transfer_movement,transfer_period,fee_cleaned,league_name,year,season
Roda JC Kerkrade,Wiljan Pluim,22,Attacking Midfield,Vitesse,£315Th.,in,Summer,0.315,Eredivisie,2011,2011/2012
Roda JC Kerkrade,Bart Biemans,23,Centre-Back,Willem II,free transfer,in,Summer,NA,Eredivisie,2011,2011/2012
Roda JC Kerkrade,Sanharib Malki,27,Centre-Forward,KSC Lokeren,free transfer,in,Summer,NA,Eredivisie,2011,2011/2012
Roda JC Kerkrade,Bryan Roox,18,Goalkeeper,VVV/Hel U19,free transfer,in,Summer,NA,Eredivisie,2011,2011/2012
Roda JC Kerkrade,Adil Ramzi,33,Left Midfield,Al-Wakrah SC,free transfer,in,Summer,NA,Eredivisie,2011,2011/2012
Roda JC Kerkrade,Leon Broekhof,23,Centre-Back,De Graafschap,free transfer,in,Summer,NA,Eredivisie,2011,2011/2012
Roda JC Kerkrade,Mark-Jan Fledderus,28,Left-Back,Heracles Almelo,free transfer,in,Summer,NA,Eredivisie,2011,2011/2012
Roda JC Kerkrade,Davy De Beule,29,Right Midfield,KV Kortrijk,free transfer,in,Summer,NA,Eredivisie,2011,2011/2012
Roda JC Kerkrade,Martijn Monteyne,26,Right-Back,Beerschot AC,free transfer,in,Summer,NA,Eredivisie,2011,2011/2012
Roda JC Kerkrade,Rob Wielaert,32,Centre-Back,Ajax,free transfer,in,Summer,NA,Eredivisie,2011,2011/2012
Roda JC Kerkrade,Mitchell Donald,22,Central Midfield,Ajax,free transfer,in,Summer,NA,Eredivisie,2011,2011/2012
Roda JC Kerkrade,Mikolaj Lebedynski,20,Attacking Midfield,Pogon Szczecin,loan transfer,in,Summer,NA,Eredivisie,2011,2011/2012
Roda JC Kerkrade,Pawel Kieszek,27,Goalkeeper,FC Porto,loan transfer,in,Summer,NA,Eredivisie,2011,2011/2012
Roda JC Kerkrade,Jagos Vukovic,23,Centre-Back,PSV Eindhoven,loan transfer,in,Summer,NA,Eredivisie,2011,2011/2012
Roda JC Kerkrade,Adnan Secerovic,19,Defensive Midfield,NEC Nijmegen,"End of loanJun 30, 2011",in,Summer,0,Eredivisie,2011,2011/2012
Roda JC Kerkrade,Przemyslaw Tyton,24,Goalkeeper,PSV Eindhoven,Loan fee:£630Th.,out,Summer,0.63,Eredivisie,2011,2011/2012
Roda JC Kerkrade,Yani Urdinov,20,Left-Back,Rabotnicki,free transfer,out,Summer,NA,Eredivisie,2011,2011/2012
Roda JC Kerkrade,Anouar Hadouir,28,Attacking Midfield,Alem. Aachen,free transfer,out,Summer,NA,Eredivisie,2011,2011/2012
Roda JC Kerkrade,Rihairo Meulens,23,Right Winger,Almere City,free transfer,out,Summer,NA,Eredivisie,2011,2011/2012
Roda JC Kerkrade,Boldizsár Bodor,29,Left-Back,OFI Crete FC,free transfer,out,Summer,NA,Eredivisie,2011,2011/2012
Roda JC Kerkrade,Collin van Eijk,19,Goalkeeper,MVV Maastricht,free transfer,out,Summer,NA,Eredivisie,2011,2011/2012
Roda JC Kerkrade,Pa-Modou Kah,30,Centre-Back,Al-Khor SC,free transfer,out,Summer,NA,Eredivisie,2011,2011/2012
Roda JC Kerkrade,Eelco Horsten,21,Right-Back,VV UNA,free transfer,out,Summer,NA,Eredivisie,2011,2011/2012
Roda JC Kerkrade,Willem Janssen,24,Centre-Back,Twente FC,free transfer,out,Summer,NA,Eredivisie,2011,2011/2012
Roda JC Kerkrade,Davy De fauw,29,Right-Back,Zulte Waregem,?,out,Summer,NA,Eredivisie,2011,2011/2012
Roda JC Kerkrade,Antonio Stankov,20,Right-Back,FC Oss,loan transfer,out,Summer,NA,Eredivisie,2011,2011/2012
Roda JC Kerkrade,Eric Addo,32,Centre-Back,Without Club,-,out,Summer,0,Eredivisie,2011,2011/2012
Roda JC Kerkrade,Vincent Lachambre,30,Left-Back,Without Club,-,out,Summer,0,Eredivisie,2011,2011/2012
Roda JC Kerkrade,Adnan Secerovic,19,Defensive Midfield,Fortuna Sittard,loan transfer,out,Summer,NA,Eredivisie,2011,2011/2012
Roda JC Kerkrade,Stein Huysegems,29,Centre-Forward,KRC Genk,"End of loanJun 30, 2011",out,Summer,0,Eredivisie,2011,2011/2012
Roda JC Kerkrade,Wiljan Pluim,22,Attacking Midfield,Vitesse,"End of loanJun 30, 2011",out,Summer,0,Eredivisie,2011,2011/2012
Roda JC Kerkrade,Morten Skoubo,31,Centre-Forward,FC Utrecht,"End of loanJun 30, 2011",out,Summer,0,Eredivisie,2011,2011/2012
Roda JC Kerkrade,Rob Wielaert,32,Centre-Back,Ajax,"End of loanJun 30, 2011",out,Summer,0,Eredivisie,2011,2011/2012
AZ Alkmaar,Roy Beerens,23,Right Winger,Heerenveen,£1.44m,in,Summer,1.44,Eredivisie,2011,2011/2012
AZ Alkmaar,Jozy Altidore,21,Centre-Forward,Villarreal,£1.35m,in,Summer,1.35,Eredivisie,2011,2011/2012
AZ Alkmaar,Ruud Boymans,22,Centre-Forward,VVV-Venlo,?,in,Summer,NA,Eredivisie,2011,2011/2012
AZ Alkmaar,Adam Maher,17,Central Midfield,AZ Alkmaar U21,-,in,Summer,0,Eredivisie,2011,2011/2012
AZ Alkmaar,Niki Mäenpää,26,Goalkeeper,Without Club,-,in,Summer,0,Eredivisie,2011,2011/2012
AZ Alkmaar,James Holland,22,Defensive Midfield,Sparta R.,"End of loanJun 30, 2011",in,Summer,0,Eredivisie,2011,2011/2012
AZ Alkmaar,Gill Swerts,28,Right-Back,Feyenoord,"End of loanJun 30, 2011",in,Summer,0,Eredivisie,2011,2011/2012
AZ Alkmaar,Gijs Luirink,27,Centre-Back,SC Cambuur,"End of loanJun 30, 2011",in,Summer,0,Eredivisie,2011,2011/2012
AZ Alkmaar,Boy Waterman,27,Goalkeeper,De Graafschap,"End of loanJun 30, 2011",in,Summer,0,Eredivisie,2011,2011/2012
AZ Alkmaar,Kolbeinn Sigthórsson,21,Centre-Forward,Ajax,£3.60m,out,Summer,3.6,Eredivisie,2011,2011/2012
AZ Alkmaar,Héctor Moreno,23,Centre-Back,Espanyol,£2.25m,out,Summer,2.25,Eredivisie,2011,2011/2012
AZ Alkmaar,Sergio Romero,24,Goalkeeper,Sampdoria,£1.89m,out,Summer,1.89,Eredivisie,2011,2011/2012
AZ Alkmaar,Graziano Pellè,25,Centre-Forward,Parma,£1.35m,out,Summer,1.35,Eredivisie,2011,2011/2012
AZ Alkmaar,Stijn Schaars,27,Defensive Midfield,Sporting CP,£1.22m,out,Summer,1.22,Eredivisie,2011,2011/2012
AZ Alkmaar,Gill Swerts,28,Right-Back,Feyenoord,free transfer,out,Summer,NA,Eredivisie,2011,2011/2012
AZ Alkmaar,Boy Waterman,27,Goalkeeper,Alem. Aachen,free transfer,out,Summer,NA,Eredivisie,2011,2011/2012
AZ Alkmaar,Ramón,20,Right-Back,Itabuna-BA,free transfer,out,Summer,NA,Eredivisie,2011,2011/2012
AZ Alkmaar,Gijs Luirink,27,Centre-Back,Sparta R.,free transfer,out,Summer,NA,Eredivisie,2011,2011/2012
AZ Alkmaar,Nick van der Velden,29,Left Winger,NEC Nijmegen,free transfer,out,Summer,NA,Eredivisie,2011,2011/2012
AZ Alkmaar,Joey Didulica,33,Goalkeeper,Retired,-,out,Summer,0,Eredivisie,2011,2011/2012
De Graafschap Doetinchem,Xhelil Abdulla,19,Centre-Back,Shkendija,£135Th.,in,Summer,0.135,Eredivisie,2011,2011/2012
De Graafschap Doetinchem,Nenad Sreckovic,23,Left Winger,Red Star,£45Th.,in,Summer,0.045,Eredivisie,2011,2011/2012
De Graafschap Doetinchem,Dulee Johnson,26,Central Midfield,Panetolikos,free transfer,in,Summer,NA,Eredivisie,2011,2011/2012
De Graafschap Doetinchem,Michael de Leeuw,24,Centre-Forward,SC Veendam,?,in,Summer,NA,Eredivisie,2011,2011/2012
De Graafschap Doetinchem,Yves De Winter,24,Goalkeeper,KVC Westerlo,?,in,Summer,NA,Eredivisie,2011,2011/2012
De Graafschap Doetinchem,Lion Kaak,20,Defensive Midfield,De Graafs. U21,-,in,Summer,0,Eredivisie,2011,2011/2012
De Graafschap Doetinchem,Kaye Coppoolse,20,Centre-Forward,De Graafs. U21,-,in,Summer,0,Eredivisie,2011,2011/2012
De Graafschap Doetinchem,Jordy van de Kracht,21,Goalkeeper,De Graafs. U21,-,in,Summer,0,Eredivisie,2011,2011/2012
De Graafschap Doetinchem,Leon Broekhof,23,Centre-Back,Roda JC,free transfer,out,Summer,NA,Eredivisie,2011,2011/2012
De Graafschap Doetinchem,Hugo Bargas,24,Centre-Forward,All Boys,free transfer,out,Summer,NA,Eredivisie,2011,2011/2012
De Graafschap Doetinchem,Youssouf Hersi,28,Right Winger,Without Club,free transfer,out,Summer,NA,Eredivisie,2011,2011/2012
De Graafschap Doetinchem,Niek Sebens,21,Centre-Forward,Juliana '31,free transfer,out,Summer,NA,Eredivisie,2011,2011/2012
De Graafschap Doetinchem,Rik Sebens,23,Attacking Midfield,Achilles '29,free transfer,out,Summer,NA,Eredivisie,2011,2011/2012
De Graafschap Doetinchem,Peter Jungschläger,27,Central Midfield,Gold Coast Utd.,free transfer,out,Summer,NA,Eredivisie,2011,2011/2012
De Graafschap Doetinchem,Jordy Buijs,22,Centre-Back,NAC Breda,free transfer,out,Summer,NA,Eredivisie,2011,2011/2012
De Graafschap Doetinchem,Steve De Ridder,24,Attacking Midfield,Southampton,?,out,Summer,NA,Eredivisie,2011,2011/2012
De Graafschap Doetinchem,Tyrone Loran,30,Right-Back,Without Club,-,out,Summer,0,Eredivisie,2011,2011/2012
De Graafschap Doetinchem,Dulee Johnson,26,Central Midfield,Without Club,-,out,Summer,0,Eredivisie,2011,2011/2012
De Graafschap Doetinchem,Boy Waterman,27,Goalkeeper,AZ Alkmaar,"End of loanJun 30, 2011",out,Summer,0,Eredivisie,2011,2011/2012
Ajax Amsterdam,Kolbeinn Sigthórsson,21,Centre-Forward,AZ Alkmaar,£3.60m,in,Summer,3.6,Eredivisie,2011,2011/2012
Ajax Amsterdam,Jasper Cillessen,22,Goalkeeper,NEC Nijmegen,£2.90m,in,Summer,2.9,Eredivisie,2011,2011/2012
Ajax Amsterdam,Theo Janssen,29,Central Midfield,Twente FC,£2.70m,in,Summer,2.7,Eredivisie,2011,2011/2012
Ajax Amsterdam,Thulani Serero,21,Defensive Midfield,Ajax Cape Town,£2.25m,in,Summer,2.25,Eredivisie,2011,2011/2012
Ajax Amsterdam,Derk Boerrigter,24,Left Winger,RKC Waalwijk,£495Th.,in,Summer,0.495,Eredivisie,2011,2011/2012
Ajax Amsterdam,Dmitri Bulykin,31,Centre-Forward,RSC Anderlecht,free transfer,in,Summer,NA,Eredivisie,2011,2011/2012
Ajax Amsterdam,Mats Rits,17,Defensive Midfield,Beerschot AC,?,in,Summer,NA,Eredivisie,2011,2011/2012
Ajax Amsterdam,Nicolai Boilesen,19,Left-Back,Ajax U21,-,in,Summer,0,Eredivisie,2011,2011/2012
Ajax Amsterdam,Hyun-jun Suk,20,Centre-Forward,Ajax U21,-,in,Summer,0,Eredivisie,2011,2011/2012
Ajax Amsterdam,Marvin Zeegelaar,20,Left-Back,Excelsior,"End of loanJun 30, 2011",in,Summer,0,Eredivisie,2011,2011/2012
Ajax Amsterdam,Ismail Aissati,22,Attacking Midfield,Vitesse,"End of loanJun 30, 2011",in,Summer,0,Eredivisie,2011,2011/2012
Ajax Amsterdam,Rob Wielaert,32,Centre-Back,Roda JC,"End of loanJun 30, 2011",in,Summer,0,Eredivisie,2011,2011/2012
Ajax Amsterdam,Jan-Arie van der Heijden,23,Centre-Back,Willem II,"End of loanJun 30, 2011",in,Summer,0,Eredivisie,2011,2011/2012
Ajax Amsterdam,Maarten Stekelenburg,28,Goalkeeper,AS Roma,£6.59m,out,Summer,6.59,Eredivisie,2011,2011/2012
Ajax Amsterdam,Demy de Zeeuw,28,Central Midfield,Spartak Moscow,£5.40m,out,Summer,5.4,Eredivisie,2011,2011/2012
Ajax Amsterdam,Jan-Arie van der Heijden,23,Centre-Back,Vitesse,£270Th.,out,Summer,0.27,Eredivisie,2011,2011/2012
Ajax Amsterdam,Rob Wielaert,32,Centre-Back,Roda JC,free transfer,out,Summer,NA,Eredivisie,2011,2011/2012
Ajax Amsterdam,Rasmus Lindgren,26,Centre-Back,RB Salzburg,free transfer,out,Summer,NA,Eredivisie,2011,2011/2012
Ajax Amsterdam,Marvin Zeegelaar,20,Left-Back,RCD Espanyol B,free transfer,out,Summer,NA,Eredivisie,2011,2011/2012
Ajax Amsterdam,Hyun-jun Suk,20,Centre-Forward,FC Groningen,free transfer,out,Summer,NA,Eredivisie,2011,2011/2012
Ajax Amsterdam,Ronald Graafland,32,Goalkeeper,VV Capelle,free transfer,out,Summer,NA,Eredivisie,2011,2011/2012
Ajax Amsterdam,Mitchell Donald,22,Central Midfield,Roda JC,free transfer,out,Summer,NA,Eredivisie,2011,2011/2012
Ajax Amsterdam,Darío Cvitanich,27,Centre-Forward,Boca Juniors,loan transfer,out,Summer,NA,Eredivisie,2011,2011/2012
Ajax Amsterdam,Florian Jozefzoon,20,Right Winger,NAC Breda,loan transfer,out,Summer,NA,Eredivisie,2011,2011/2012
Ajax Amsterdam,Roly Bonevacia,19,Central Midfield,NAC Breda,loan transfer,out,Summer,NA,Eredivisie,2011,2011/2012
Ajax Amsterdam,Oleguer,31,Centre-Back,Retired,-,out,Summer,0,Eredivisie,2011,2011/2012
Ajax Amsterdam,Mounir El Hamdaoui,26,Centre-Forward,Ajax U21,-,out,Summer,0,Eredivisie,2011,2011/2012
Ajax Amsterdam,Thimothée Atouba,29,Left-Back,Without Club,-,out,Summer,0,Eredivisie,2011,2011/2012
Vitesse Arnhem,Renato Ibarra,20,Right Winger,CD El Nacional,£1.80m,in,Summer,1.8,Eredivisie,2011,2011/2012
Vitesse Arnhem,Anthony Annan,25,Defensive Midfield,FC Schalke 04,Loan fee:£360Th.,in,Summer,0.36,Eredivisie,2011,2011/2012
Vitesse Arnhem,Jan-Arie van der Heijden,23,Centre-Back,Ajax,£270Th.,in,Summer,0.27,Eredivisie,2011,2011/2012
Vitesse Arnhem,Valeri Qazaishvili,18,Left Winger,Saburtalo,£108Th.,in,Summer,0.108,Eredivisie,2011,2011/2012
Vitesse Arnhem,Piet Velthuizen,24,Goalkeeper,Hércules CF,free transfer,in,Summer,NA,Eredivisie,2011,2011/2012
Vitesse Arnhem,Nicky Hofs,28,Attacking Midfield,AEL Limassol,free transfer,in,Summer,NA,Eredivisie,2011,2011/2012
Vitesse Arnhem,Tomas Kalas,18,Centre-Back,Chelsea,loan transfer,in,Summer,NA,Eredivisie,2011,2011/2012
Vitesse Arnhem,Ulises Dávila,20,Second Striker,Chelsea,loan transfer,in,Summer,NA,Eredivisie,2011,2011/2012
Vitesse Arnhem,Marko Meerits,19,Goalkeeper,FC Flora,?,in,Summer,NA,Eredivisie,2011,2011/2012
Vitesse Arnhem,Stanley Aborah,24,Central Midfield,Royal Cappellen,?,in,Summer,NA,Eredivisie,2011,2011/2012
Vitesse Arnhem,Raio Piiroja,32,Centre-Back,Fredrikstad,?,in,Summer,NA,Eredivisie,2011,2011/2012
Vitesse Arnhem,Giorgi Chanturia,18,Right Winger,Vit./AGOVV U19,-,in,Summer,0,Eredivisie,2011,2011/2012
Vitesse Arnhem,Wimilio Vink,17,Attacking Midfield,Vit./AGOVV U19,-,in,Summer,0,Eredivisie,2011,2011/2012
Vitesse Arnhem,Julian Jenner,27,Right Winger,NAC Breda,"End of loanJun 30, 2011",in,Summer,0,Eredivisie,2011,2011/2012
Vitesse Arnhem,Jeroen Drost,24,Left-Back,FC Zwolle,"End of loanJun 30, 2011",in,Summer,0,Eredivisie,2011,2011/2012
Vitesse Arnhem,Wiljan Pluim,22,Attacking Midfield,Roda JC,"End of loanJun 30, 2011",in,Summer,0,Eredivisie,2011,2011/2012
Vitesse Arnhem,Kevin van Diermen,21,Centre-Back,Go Ahead Eagles,"End of loanJun 30, 2011",in,Summer,0,Eredivisie,2011,2011/2012
Vitesse Arnhem,Wiljan Pluim,22,Attacking Midfield,Roda JC,£315Th.,out,Summer,0.315,Eredivisie,2011,2011/2012
Vitesse Arnhem,Rogier Molhoek,29,Defensive Midfield,VVV-Venlo,free transfer,out,Summer,NA,Eredivisie,2011,2011/2012
Vitesse Arnhem,Gino Felixdaal,21,Centre-Back,Almere City,free transfer,out,Summer,NA,Eredivisie,2011,2011/2012
Vitesse Arnhem,Sinan Kaloglu,30,Centre-Forward,Karabükspor,free transfer,out,Summer,NA,Eredivisie,2011,2011/2012
Vitesse Arnhem,Dalibor Stevanovic,27,Central Midfield,Volyn Lutsk,free transfer,out,Summer,NA,Eredivisie,2011,2011/2012
Vitesse Arnhem,Jordi López,30,Central Midfield,OFI Crete FC,free transfer,out,Summer,NA,Eredivisie,2011,2011/2012
Vitesse Arnhem,Haruna Babangida,28,Right Winger,Without Club,-,out,Summer,0,Eredivisie,2011,2011/2012
Vitesse Arnhem,Martí Riverola,20,Central Midfield,Barcelona B,"End of loanJun 30, 2011",out,Summer,0,Eredivisie,2011,2011/2012
Vitesse Arnhem,Matej Delac,18,Goalkeeper,Chelsea,"End of loanJun 30, 2011",out,Summer,0,Eredivisie,2011,2011/2012
Vitesse Arnhem,Ismail Aissati,22,Attacking Midfield,Ajax,"End of loanJun 30, 2011",out,Summer,0,Eredivisie,2011,2011/2012
Vitesse Arnhem,Nemanja Matic,22,Defensive Midfield,Chelsea,"End of loanJun 30, 2011",out,Summer,0,Eredivisie,2011,2011/2012
Vitesse Arnhem,Slobodan Rajkovic,22,Centre-Back,Chelsea,"End of loanJun 30, 2011",out,Summer,0,Eredivisie,2011,2011/2012
Vitesse Arnhem,Luca Caldirola,20,Centre-Back,Inter,"End of loanJun 30, 2011",out,Summer,0,Eredivisie,2011,2011/2012
NEC Nijmegen,Zoltán Szélesi,29,Right-Back,Olymp. Volou,free transfer,in,Summer,NA,Eredivisie,2011,2011/2012
NEC Nijmegen,Krisztián Vadócz,26,Central Midfield,CA Osasuna,free transfer,in,Summer,NA,Eredivisie,2011,2011/2012
NEC Nijmegen,Cees Paauwe,33,Goalkeeper,Quick '20,free transfer,in,Summer,NA,Eredivisie,2011,2011/2012
NEC Nijmegen,Márton Eppel,19,Centre-Forward,MTK Budapest,free transfer,in,Summer,NA,Eredivisie,2011,2011/2012
NEC Nijmegen,Nick van der Velden,29,Left Winger,AZ Alkmaar,free transfer,in,Summer,NA,Eredivisie,2011,2011/2012
NEC Nijmegen,Melvin Platje,22,Centre-Forward,FC Volendam,free transfer,in,Summer,NA,Eredivisie,2011,2011/2012
NEC Nijmegen,Ryan Koolwijk,25,Central Midfield,Excelsior,free transfer,in,Summer,NA,Eredivisie,2011,2011/2012
NEC Nijmegen,Abdisalam Ibrahim,20,Central Midfield,Man City,loan transfer,in,Summer,NA,Eredivisie,2011,2011/2012
NEC Nijmegen,Joshua Smits,18,Goalkeeper,De Treffers U19,?,in,Summer,NA,Eredivisie,2011,2011/2012
NEC Nijmegen,Kevin Conboy,23,Left-Back,Esbjerg fB,?,in,Summer,NA,Eredivisie,2011,2011/2012
NEC Nijmegen,Stef Nijland,22,Attacking Midfield,PSV Eindhoven,loan transfer,in,Summer,NA,Eredivisie,2011,2011/2012
NEC Nijmegen,Género Zeefuik,21,Centre-Forward,PSV Eindhoven,loan transfer,in,Summer,NA,Eredivisie,2011,2011/2012
NEC Nijmegen,Navarone Foor,19,Attacking Midfield,NEC U19,-,in,Summer,0,Eredivisie,2011,2011/2012
NEC Nijmegen,Erwin Stadhouders,19,Right-Back,NEC U19,-,in,Summer,0,Eredivisie,2011,2011/2012
NEC Nijmegen,Erton Fejzullahu,23,Centre-Forward,Randers FC,"End of loanJun 30, 2011",in,Summer,0,Eredivisie,2011,2011/2012
NEC Nijmegen,Pavel Cmovs,21,Centre-Back,SC Veendam,"End of loanJun 30, 2011",in,Summer,0,Eredivisie,2011,2011/2012
NEC Nijmegen,Björn Vleminckx,25,Centre-Forward,Club Brugge,£2.97m,out,Summer,2.97,Eredivisie,2011,2011/2012
NEC Nijmegen,Jasper Cillessen,22,Goalkeeper,Ajax,£2.90m,out,Summer,2.9,Eredivisie,2011,2011/2012
NEC Nijmegen,Ramon Zomer,28,Centre-Back,Heerenveen,£585Th.,out,Summer,0.585,Eredivisie,2011,2011/2012
NEC Nijmegen,Joost Ebergen,21,Centre-Back,FC Oss,free transfer,out,Summer,NA,Eredivisie,2011,2011/2012
NEC Nijmegen,Ryan van Dijk,21,Central Midfield,FC Oss,free transfer,out,Summer,NA,Eredivisie,2011,2011/2012
NEC Nijmegen,Lorenzo Davids,24,Defensive Midfield,FC Augsburg,free transfer,out,Summer,NA,Eredivisie,2011,2011/2012
NEC Nijmegen,Mark Otten,25,Centre-Back,Ferencváros,free transfer,out,Summer,NA,Eredivisie,2011,2011/2012
NEC Nijmegen,Bas Sibum,28,Central Midfield,Alem. Aachen,free transfer,out,Summer,NA,Eredivisie,2011,2011/2012
NEC Nijmegen,Furkan Alakmak,19,Left Winger,RKC Waalwijk,?,out,Summer,NA,Eredivisie,2011,2011/2012
NEC Nijmegen,Erton Fejzullahu,23,Centre-Forward,Mjällby AIF,loan transfer,out,Summer,NA,Eredivisie,2011,2011/2012
NEC Nijmegen,Rick ten Voorde,20,Centre-Forward,RKC Waalwijk,loan transfer,out,Summer,NA,Eredivisie,2011,2011/2012
NEC Nijmegen,Adnan Secerovic,19,Defensive Midfield,Roda JC,"End of loanJun 30, 2011",out,Summer,0,Eredivisie,2011,2011/2012
NEC Nijmegen,Thomas Chatelle,30,Right Winger,RSC Anderlecht,"End of loanJun 30, 2011",out,Summer,0,Eredivisie,2011,2011/2012
NEC Nijmegen,Niki Zimling,26,Defensive Midfield,Udinese Calcio,"End of loanJun 30, 2011",out,Summer,0,Eredivisie,2011,2011/2012
PSV Eindhoven,Dries Mertens,24,Centre-Forward,FC Utrecht,£7.65m,in,Summer,7.65,Eredivisie,2011,2011/2012
PSV Eindhoven,Tim Matavz,22,Centre-Forward,FC Groningen,£6.30m,in,Summer,6.3,Eredivisie,2011,2011/2012
PSV Eindhoven,Georginio Wijnaldum,20,Central Midfield,Feyenoord,£4.50m,in,Summer,4.5,Eredivisie,2011,2011/2012
PSV Eindhoven,Kevin Strootman,21,Central Midfield,FC Utrecht,£4.05m,in,Summer,4.05,Eredivisie,2011,2011/2012
PSV Eindhoven,Jetro Willems,17,Left-Back,Sparta R.,£720Th.,in,Summer,0.72,Eredivisie,2011,2011/2012
PSV Eindhoven,Timothy Derijck,24,Centre-Back,ADO Den Haag,£675Th.,in,Summer,0.675,Eredivisie,2011,2011/2012
PSV Eindhoven,Przemyslaw Tyton,24,Goalkeeper,Roda JC,Loan fee:£630Th.,in,Summer,0.63,Eredivisie,2011,2011/2012
PSV Eindhoven,Khalid Sinouh,36,Goalkeeper,FC Utrecht,free transfer,in,Summer,NA,Eredivisie,2011,2011/2012
PSV Eindhoven,Abel Tamata,20,Left-Back,PSV U21,-,in,Summer,0,Eredivisie,2011,2011/2012
PSV Eindhoven,Funso Ojo,19,Central Midfield,VVV-Venlo,"End of loanJun 1, 2011",in,Summer,0,Eredivisie,2011,2011/2012
PSV Eindhoven,Balázs Dzsudzsák,24,Central Midfield,Anzhi,£12.60m,out,Summer,12.6,Eredivisie,2011,2011/2012
PSV Eindhoven,Francisco Rodríguez,29,Centre-Back,VfB Stuttgart,£1.62m,out,Summer,1.62,Eredivisie,2011,2011/2012
PSV Eindhoven,Jan Kromkamp,30,Right-Back,Go Ahead Eagles,free transfer,out,Summer,NA,Eredivisie,2011,2011/2012
PSV Eindhoven,Danny Koevermans,32,Centre-Forward,Toronto,free transfer,out,Summer,NA,Eredivisie,2011,2011/2012
PSV Eindhoven,Otman Bakkal,26,Attacking Midfield,Feyenoord,loan transfer,out,Summer,NA,Eredivisie,2011,2011/2012
PSV Eindhoven,Stef Nijland,22,Attacking Midfield,NEC Nijmegen,loan transfer,out,Summer,NA,Eredivisie,2011,2011/2012
PSV Eindhoven,Género Zeefuik,21,Centre-Forward,NEC Nijmegen,loan transfer,out,Summer,NA,Eredivisie,2011,2011/2012
PSV Eindhoven,Jagos Vukovic,23,Centre-Back,Roda JC,loan transfer,out,Summer,NA,Eredivisie,2011,2011/2012
PSV Eindhoven,Jeroen Zoet,20,Goalkeeper,RKC Waalwijk,loan transfer,out,Summer,NA,Eredivisie,2011,2011/2012
PSV Eindhoven,Cássio,24,Goalkeeper,Without Club,-,out,Summer,0,Eredivisie,2011,2011/2012
PSV Eindhoven,Jonathan Reis,22,Centre-Forward,Without Club,-,out,Summer,0,Eredivisie,2011,2011/2012
PSV Eindhoven,Marcus Berg,24,Centre-Forward,Hamburger SV,"End of loanJun 30, 2011",out,Summer,0,Eredivisie,2011,2011/2012
Twente Enschede FC,Leroy Fer,21,Defensive Midfield,Feyenoord,£4.95m,in,Summer,4.95,Eredivisie,2011,2011/2012
Twente Enschede FC,Willem Janssen,24,Centre-Back,Roda JC,free transfer,in,Summer,NA,Eredivisie,2011,2011/2012
Twente Enschede FC,Tim Cornelisse,33,Right-Back,FC Utrecht,free transfer,in,Summer,NA,Eredivisie,2011,2011/2012
Twente Enschede FC,Nick Marsman,20,Goalkeeper,FC Twente U21,-,in,Summer,0,Eredivisie,2011,2011/2012
Twente Enschede FC,Steven Berghuis,19,Right Winger,FC Twente U21,-,in,Summer,0,Eredivisie,2011,2011/2012
Twente Enschede FC,Dario Vujicevic,21,Defensive Midfield,VVV-Venlo,"End of loanJun 30, 2011",in,Summer,0,Eredivisie,2011,2011/2012
Twente Enschede FC,Patrick Gerritsen,24,Centre-Forward,Go Ahead Eagles,"End of loanJun 30, 2011",in,Summer,0,Eredivisie,2011,2011/2012
Twente Enschede FC,Andrej Rendla,20,Right Winger,Heracles Almelo,"End of loanJun 30, 2011",in,Summer,0,Eredivisie,2011,2011/2012
Twente Enschede FC,Vaqif Dzhavadov,22,Centre-Forward,FC Baku,"End of loanJun 30, 2011",in,Summer,0,Eredivisie,2011,2011/2012
Twente Enschede FC,Bryan Ruíz,26,Attacking Midfield,Fulham,£10.80m,out,Summer,10.8,Eredivisie,2011,2011/2012
Twente Enschede FC,Theo Janssen,29,Central Midfield,Ajax,£2.70m,out,Summer,2.7,Eredivisie,2011,2011/2012
Twente Enschede FC,Patrick Gerritsen,24,Centre-Forward,Go Ahead Eagles,free transfer,out,Summer,NA,Eredivisie,2011,2011/2012
Twente Enschede FC,Wilko de Vogt,35,Goalkeeper,VVV-Venlo,free transfer,out,Summer,NA,Eredivisie,2011,2011/2012
Twente Enschede FC,Vaqif Dzhavadov,22,Centre-Forward,Volga NN,free transfer,out,Summer,NA,Eredivisie,2011,2011/2012
Twente Enschede FC,Bernard Parker,25,Attacking Midfield,Kaizer Chiefs,free transfer,out,Summer,NA,Eredivisie,2011,2011/2012
Twente Enschede FC,Alexander Bannink,21,Attacking Midfield,FC Zwolle,loan transfer,out,Summer,NA,Eredivisie,2011,2011/2012
Twente Enschede FC,Arnold Bruggink,33,Attacking Midfield,Retired,-,out,Summer,0,Eredivisie,2011,2011/2012
Twente Enschede FC,Oguchi Onyewu,29,Centre-Back,AC Milan,"End of loanJun 30, 2011",out,Summer,0,Eredivisie,2011,2011/2012
SC Heerenveen,Sven Kums,23,Central Midfield,KV Kortrijk,£720Th.,in,Summer,0.72,Eredivisie,2011,2011/2012
SC Heerenveen,Ramon Zomer,28,Centre-Back,NEC Nijmegen,£585Th.,in,Summer,0.585,Eredivisie,2011,2011/2012
SC Heerenveen,Rajiv van La Parra,20,Left Winger,SM Caen,free transfer,in,Summer,NA,Eredivisie,2011,2011/2012
SC Heerenveen,Gerald Sibon,37,Centre-Forward,Melbourne Heart,free transfer,in,Summer,NA,Eredivisie,2011,2011/2012
SC Heerenveen,Mitja Resek,20,Left-Back,NK Maribor,loan transfer,in,Summer,NA,Eredivisie,2011,2011/2012
SC Heerenveen,Pele van Anholt,20,Defensive Midfield,H'veen/Emmen II,-,in,Summer,0,Eredivisie,2011,2011/2012
SC Heerenveen,Doke Schmidt,19,Right-Back,Heerenveen U19,-,in,Summer,0,Eredivisie,2011,2011/2012
SC Heerenveen,Tobias Kainz,18,Defensive Midfield,H'veen/Emmen II,-,in,Summer,0,Eredivisie,2011,2011/2012
SC Heerenveen,Jeffrey Gouweleeuw,19,Centre-Back,H'veen/Emmen II,-,in,Summer,0,Eredivisie,2011,2011/2012
SC Heerenveen,Quenten Martinus,20,Left Winger,H'veen/Emmen II,-,in,Summer,0,Eredivisie,2011,2011/2012
SC Heerenveen,Geert Arend Roorda,23,Attacking Midfield,Excelsior,"End of loanJun 30, 2011",in,Summer,0,Eredivisie,2011,2011/2012
SC Heerenveen,Youssef El Akchaoui,30,Left-Back,VVV-Venlo,"End of loanJun 30, 2011",in,Summer,0,Eredivisie,2011,2011/2012
SC Heerenveen,Richard Stolte,21,Left Midfield,FC Emmen,"End of loanJun 30, 2011",in,Summer,0,Eredivisie,2011,2011/2012
SC Heerenveen,Roy Beerens,23,Right Winger,AZ Alkmaar,£1.44m,out,Summer,1.44,Eredivisie,2011,2011/2012
SC Heerenveen,Christian Grindheim,27,Central Midfield,FC Copenhagen,£675Th.,out,Summer,0.675,Eredivisie,2011,2011/2012
SC Heerenveen,Igor Djuric,26,Centre-Back,Sharjah FC,free transfer,out,Summer,NA,Eredivisie,2011,2011/2012
SC Heerenveen,Gerry Koning,31,Right-Back,FC Volendam,free transfer,out,Summer,NA,Eredivisie,2011,2011/2012
SC Heerenveen,Calvin Jong-A-Pin,25,Centre-Back,Shimizu S-Pulse,free transfer,out,Summer,NA,Eredivisie,2011,2011/2012
SC Heerenveen,Mika Väyrynen,29,Central Midfield,Leeds,free transfer,out,Summer,NA,Eredivisie,2011,2011/2012
SC Heerenveen,Philip Haglund,24,Defensive Midfield,IFK Göteborg,?,out,Summer,NA,Eredivisie,2011,2011/2012
SC Heerenveen,Richard Stolte,21,Left Midfield,Fortuna Sittard,loan transfer,out,Summer,NA,Eredivisie,2011,2011/2012
SC Heerenveen,Kevin Stuhr-Ellegaard,28,Goalkeeper,Without Club,-,out,Summer,0,Eredivisie,2011,2011/2012
RKC Waalwijk,Evander Sno,24,Defensive Midfield,Ajax U21,free transfer,in,Summer,NA,Eredivisie,2011,2011/2012
RKC Waalwijk,Karim Fachtali,23,Centre-Forward,Almere City,free transfer,in,Summer,NA,Eredivisie,2011,2011/2012
RKC Waalwijk,Cuco Martina,21,Right-Back,RBC Roosendaal,free transfer,in,Summer,NA,Eredivisie,2011,2011/2012
RKC Waalwijk,Furkan Alakmak,19,Left Winger,NEC Nijmegen,?,in,Summer,NA,Eredivisie,2011,2011/2012
RKC Waalwijk,Mark Janssen,19,Centre-Forward,Willem II/RKC-19,?,in,Summer,NA,Eredivisie,2011,2011/2012
RKC Waalwijk,Jeroen Zoet,20,Goalkeeper,PSV Eindhoven,loan transfer,in,Summer,NA,Eredivisie,2011,2011/2012
RKC Waalwijk,Rick ten Voorde,20,Centre-Forward,NEC Nijmegen,loan transfer,in,Summer,NA,Eredivisie,2011,2011/2012
RKC Waalwijk,Adil Auassar,24,Defensive Midfield,Feyenoord,loan transfer,in,Summer,NA,Eredivisie,2011,2011/2012
RKC Waalwijk,Geoffrey Castillion,20,Centre-Forward,Ajax U21,loan transfer,in,Summer,NA,Eredivisie,2011,2011/2012
RKC Waalwijk,Derk Boerrigter,24,Left Winger,Ajax,£495Th.,out,Summer,0.495,Eredivisie,2011,2011/2012
RKC Waalwijk,Donny de Groot,31,Centre-Forward,Willem II,free transfer,out,Summer,NA,Eredivisie,2011,2011/2012
RKC Waalwijk,Hans Mulder,24,Central Midfield,Willem II,free transfer,out,Summer,NA,Eredivisie,2011,2011/2012
RKC Waalwijk,Toni Varela,25,Central Midfield,Sparta R.,free transfer,out,Summer,NA,Eredivisie,2011,2011/2012
RKC Waalwijk,Fred Benson,27,Centre-Forward,Lechia Gdansk,free transfer,out,Summer,NA,Eredivisie,2011,2011/2012
RKC Waalwijk,Ohad Levita,25,Goalkeeper,Without Club,-,out,Summer,0,Eredivisie,2011,2011/2012
Feyenoord Rotterdam,Guyon Fernandez,25,Centre-Forward,Excelsior,free transfer,in,Summer,NA,Eredivisie,2011,2011/2012
Feyenoord Rotterdam,Gill Swerts,28,Right-Back,AZ Alkmaar,free transfer,in,Summer,NA,Eredivisie,2011,2011/2012
Feyenoord Rotterdam,Ronald Graafland,32,Goalkeeper,VV Capelle,free transfer,in,Summer,NA,Eredivisie,2011,2011/2012
Feyenoord Rotterdam,Miquel Nelom,20,Left-Back,Excelsior,free transfer,in,Summer,NA,Eredivisie,2011,2011/2012
Feyenoord Rotterdam,Otman Bakkal,26,Attacking Midfield,PSV Eindhoven,loan transfer,in,Summer,NA,Eredivisie,2011,2011/2012
Feyenoord Rotterdam,John Guidetti,19,Centre-Forward,Man City,loan transfer,in,Summer,NA,Eredivisie,2011,2011/2012
Feyenoord Rotterdam,Kaj Ramsteijn,21,Centre-Back,Feyenoord U21,-,in,Summer,0,Eredivisie,2011,2011/2012
Feyenoord Rotterdam,Konstantinos Lamprou,19,Goalkeeper,Feyenoord U21,-,in,Summer,0,Eredivisie,2011,2011/2012
Feyenoord Rotterdam,Karim El Ahmadi,26,Defensive Midfield,Al-Ahli (UAE),"End of loanJun 30, 2011",in,Summer,0,Eredivisie,2011,2011/2012
Feyenoord Rotterdam,Shabir Isoufi,19,Attacking Midfield,Excelsior,"End of loanJun 30, 2011",in,Summer,0,Eredivisie,2011,2011/2012
Feyenoord Rotterdam,Kevin Hofland,32,Centre-Back,AEK Larnaca,"End of loanJun 30, 2011",in,Summer,0,Eredivisie,2011,2011/2012
Feyenoord Rotterdam,Jordy Clasie,20,Defensive Midfield,Excelsior,"End of loanJun 30, 2011",in,Summer,0,Eredivisie,2011,2011/2012
Feyenoord Rotterdam,Leroy Fer,21,Defensive Midfield,Twente FC,£4.95m,out,Summer,4.95,Eredivisie,2011,2011/2012
Feyenoord Rotterdam,Georginio Wijnaldum,20,Central Midfield,PSV Eindhoven,£4.50m,out,Summer,4.5,Eredivisie,2011,2011/2012
Feyenoord Rotterdam,Luc Castaignos,18,Centre-Forward,Inter,£1.35m,out,Summer,1.35,Eredivisie,2011,2011/2012
Feyenoord Rotterdam,Rob van Dijk,42,Goalkeeper,FC Utrecht,free transfer,out,Summer,NA,Eredivisie,2011,2011/2012
Feyenoord Rotterdam,Kevin Hofland,32,Centre-Back,AEK Larnaca,free transfer,out,Summer,NA,Eredivisie,2011,2011/2012
Feyenoord Rotterdam,Tim de Cler,32,Left-Back,AEK Larnaca,free transfer,out,Summer,NA,Eredivisie,2011,2011/2012
Feyenoord Rotterdam,André Bahia,27,Centre-Back,Samsunspor,?,out,Summer,NA,Eredivisie,2011,2011/2012
Feyenoord Rotterdam,Adil Auassar,24,Defensive Midfield,RKC Waalwijk,loan transfer,out,Summer,NA,Eredivisie,2011,2011/2012
Feyenoord Rotterdam,Jon Dahl Tomasson,34,Centre-Forward,Retired,-,out,Summer,0,Eredivisie,2011,2011/2012
Feyenoord Rotterdam,Luigi Bruins,24,Central Midfield,Without Club,-,out,Summer,0,Eredivisie,2011,2011/2012
Feyenoord Rotterdam,Ryo Miyaichi,18,Right Winger,Arsenal,"End of loanJun 30, 2011",out,Summer,0,Eredivisie,2011,2011/2012
Feyenoord Rotterdam,Sören Larsen,29,Centre-Forward,Toulouse,"End of loanJun 30, 2011",out,Summer,0,Eredivisie,2011,2011/2012
Feyenoord Rotterdam,Marcel Meeuwis,30,Defensive Midfield,Bor. M'gladbach,"End of loanJun 30, 2011",out,Summer,0,Eredivisie,2011,2011/2012
Feyenoord Rotterdam,Krisztián Simon,20,Right Winger,Újpest FC,"End of loanJun 30, 2011",out,Summer,0,Eredivisie,2011,2011/2012
Feyenoord Rotterdam,Gill Swerts,28,Right-Back,AZ Alkmaar,"End of loanJun 30, 2011",out,Summer,0,Eredivisie,2011,2011/2012
FC Groningen,David Texeira,20,Centre-Forward,Defensor,£1.31m,in,Summer,1.31,Eredivisie,2011,2011/2012
FC Groningen,Emil Johansson,24,Left-Back,Molde,£450Th.,in,Summer,0.45,Eredivisie,2011,2011/2012
FC Groningen,Agil Etemadi,24,Goalkeeper,SC Veendam,free transfer,in,Summer,NA,Eredivisie,2011,2011/2012
FC Groningen,Hyun-jun Suk,20,Centre-Forward,Ajax,free transfer,in,Summer,NA,Eredivisie,2011,2011/2012
FC Groningen,Johan Kappelhof,20,Centre-Back,Ajax U21,free transfer,in,Summer,NA,Eredivisie,2011,2011/2012
FC Groningen,Lorenzo Burnet,20,Left-Back,Ajax U21,free transfer,in,Summer,NA,Eredivisie,2011,2011/2012
FC Groningen,Kees Kwakman,28,Defensive Midfield,FC Augsburg,£9Th.,in,Summer,0.009,Eredivisie,2011,2011/2012
FC Groningen,Virgil van Dijk,19,Centre-Back,Gron./Cam. U21,-,in,Summer,0,Eredivisie,2011,2011/2012
FC Groningen,Danny Holla,24,Central Midfield,VVV-Venlo,"End of loanJun 30, 2012",in,Summer,0,Eredivisie,2011,2011/2012
FC Groningen,Michael Jansen,27,Left-Back,SC Veendam,"End of loanJun 30, 2011",in,Summer,0,Eredivisie,2011,2011/2012
FC Groningen,Matías Jones,19,Attacking Midfield,Danubio FC,"End of loanJun 30, 2011",in,Summer,0,Eredivisie,2011,2011/2012
FC Groningen,Serhat Koc,20,Centre-Forward,FC Eindhoven,"End of loanJun 30, 2011",in,Summer,0,Eredivisie,2011,2011/2012
FC Groningen,Tim Matavz,22,Centre-Forward,PSV Eindhoven,£6.30m,out,Summer,6.3,Eredivisie,2011,2011/2012
FC Groningen,Andreas Granqvist,26,Centre-Back,Genoa,£2.25m,out,Summer,2.25,Eredivisie,2011,2011/2012
FC Groningen,Jorrit Kunst,22,Right-Back,FC Emmen,free transfer,out,Summer,NA,Eredivisie,2011,2011/2012
FC Groningen,Gonzalo García,27,Second Striker,AEK Larnaca,free transfer,out,Summer,NA,Eredivisie,2011,2011/2012
FC Groningen,Michael Jansen,27,Left-Back,Go Ahead Eagles,free transfer,out,Summer,NA,Eredivisie,2011,2011/2012
FC Groningen,Darryl Lachman,21,Centre-Back,FC Zwolle,free transfer,out,Summer,NA,Eredivisie,2011,2011/2012
FC Groningen,Jeffrey Rijsdijk,23,Attacking Midfield,FC Dordrecht,free transfer,out,Summer,NA,Eredivisie,2011,2011/2012
FC Groningen,Fredrik Stenman,28,Centre-Back,Club Brugge,free transfer,out,Summer,NA,Eredivisie,2011,2011/2012
FC Groningen,Jeroen Veldmate,22,Centre-Back,Sparta R.,£36Th.,out,Summer,0.036,Eredivisie,2011,2011/2012
FC Groningen,Serhat Koc,20,Centre-Forward,FC Eindhoven,?,out,Summer,NA,Eredivisie,2011,2011/2012
FC Groningen,Shkodran Metaj,23,Defensive Midfield,FC Emmen,loan transfer,out,Summer,NA,Eredivisie,2011,2011/2012
FC Groningen,Femi,26,Defensive Midfield,Bröndby IF,loan transfer,out,Summer,NA,Eredivisie,2011,2011/2012
FC Utrecht,Alexander Gerndt,25,Centre-Forward,Helsingborg,£4.32m,in,Summer,4.32,Eredivisie,2011,2011/2012
FC Utrecht,Marcus Nilsson,23,Centre-Back,Helsingborg,£990Th.,in,Summer,0.99,Eredivisie,2011,2011/2012
FC Utrecht,Johan Martensson,22,Defensive Midfield,GAIS,£990Th.,in,Summer,0.99,Eredivisie,2011,2011/2012
FC Utrecht,Yoshiaki Takagi,18,Attacking Midfield,Tokyo Verdy,£900Th.,in,Summer,0.9,Eredivisie,2011,2011/2012
FC Utrecht,Rob van Dijk,42,Goalkeeper,Feyenoord,free transfer,in,Summer,NA,Eredivisie,2011,2011/2012
FC Utrecht,Bob Schepers,19,Left Winger,SC Cambuur,?,in,Summer,NA,Eredivisie,2011,2011/2012
FC Utrecht,Daan Bovenberg,22,Right-Back,Excelsior,?,in,Summer,NA,Eredivisie,2011,2011/2012
FC Utrecht,Rodney Sneijder,20,Central Midfield,Ajax U21,loan transfer,in,Summer,NA,Eredivisie,2011,2011/2012
FC Utrecht,Roberto Fernández,23,Goalkeeper,Cerro Porteño,loan transfer,in,Summer,NA,Eredivisie,2011,2011/2012
FC Utrecht,Dave Bulthuis,21,Centre-Back,Utrecht U21,-,in,Summer,0,Eredivisie,2011,2011/2012
FC Utrecht,Kai Heerings,21,Centre-Back,Utrecht U21,-,in,Summer,0,Eredivisie,2011,2011/2012
FC Utrecht,Erik Cummins,22,Goalkeeper,Utrecht U21,-,in,Summer,0,Eredivisie,2011,2011/2012
FC Utrecht,Leon de Kogel,19,Centre-Forward,Utrecht U21,-,in,Summer,0,Eredivisie,2011,2011/2012
FC Utrecht,Gévero Markiet,20,Centre-Back,Utrecht U21,-,in,Summer,0,Eredivisie,2011,2011/2012
FC Utrecht,Anouar Kali,20,Defensive Midfield,Utrecht U21,-,in,Summer,0,Eredivisie,2011,2011/2012
FC Utrecht,Morten Skoubo,31,Centre-Forward,Roda JC,"End of loanJun 30, 2011",in,Summer,0,Eredivisie,2011,2011/2012
FC Utrecht,Wesley de Ruiter,25,Goalkeeper,FC Den Bosch,"End of loanJun 30, 2011",in,Summer,0,Eredivisie,2011,2011/2012
FC Utrecht,André Krul,24,Goalkeeper,Sparta R.,"End of loanJun 30, 2011",in,Summer,0,Eredivisie,2011,2011/2012
FC Utrecht,Dries Mertens,24,Centre-Forward,PSV Eindhoven,£7.65m,out,Summer,7.65,Eredivisie,2011,2011/2012
FC Utrecht,Ricky van Wolfswinkel,22,Centre-Forward,Sporting CP,£4.57m,out,Summer,4.57,Eredivisie,2011,2011/2012
FC Utrecht,Kevin Strootman,21,Central Midfield,PSV Eindhoven,£4.05m,out,Summer,4.05,Eredivisie,2011,2011/2012
FC Utrecht,Michel Vorm,27,Goalkeeper,Swansea,£1.53m,out,Summer,1.53,Eredivisie,2011,2011/2012
FC Utrecht,Wesley de Ruiter,25,Goalkeeper,Excelsior,free transfer,out,Summer,NA,Eredivisie,2011,2011/2012
FC Utrecht,Tim Cornelisse,33,Right-Back,Twente FC,free transfer,out,Summer,NA,Eredivisie,2011,2011/2012
FC Utrecht,Morten Skoubo,31,Centre-Forward,Odense BK,free transfer,out,Summer,NA,Eredivisie,2011,2011/2012
FC Utrecht,Khalid Sinouh,36,Goalkeeper,PSV Eindhoven,free transfer,out,Summer,NA,Eredivisie,2011,2011/2012
FC Utrecht,Barry Maguire,21,Attacking Midfield,VVV-Venlo,free transfer,out,Summer,NA,Eredivisie,2011,2011/2012
FC Utrecht,Michael Silberbauer,29,Central Midfield,BSC Young Boys,free transfer,out,Summer,NA,Eredivisie,2011,2011/2012
FC Utrecht,Bob Schepers,19,Left Winger,SC Cambuur,loan transfer,out,Summer,NA,Eredivisie,2011,2011/2012
FC Utrecht,André Krul,24,Goalkeeper,AGOVV,loan transfer,out,Summer,NA,Eredivisie,2011,2011/2012
FC Utrecht,Erixon Danso,21,Attacking Midfield,Without Club,-,out,Summer,0,Eredivisie,2011,2011/2012
NAC Breda,Eric Botteghin,23,Centre-Back,FC Zwolle,free transfer,in,Summer,NA,Eredivisie,2011,2011/2012
NAC Breda,Jordy Buijs,22,Centre-Back,De Graafschap,free transfer,in,Summer,NA,Eredivisie,2011,2011/2012
NAC Breda,Mike Zonneveld,30,Left-Back,AEL Limassol,free transfer,in,Summer,NA,Eredivisie,2011,2011/2012
NAC Breda,Santi Kolk,29,Right Winger,Union Berlin,loan transfer,in,Summer,NA,Eredivisie,2011,2011/2012
NAC Breda,Florian Jozefzoon,20,Right Winger,Ajax,loan transfer,in,Summer,NA,Eredivisie,2011,2011/2012
NAC Breda,Roly Bonevacia,19,Central Midfield,Ajax,loan transfer,in,Summer,NA,Eredivisie,2011,2011/2012
NAC Breda,Andreas Lasnik,27,Attacking Midfield,Without Club,-,in,Summer,0,Eredivisie,2011,2011/2012
NAC Breda,Alex Schalk,18,Centre-Forward,NAC Breda U19,-,in,Summer,0,Eredivisie,2011,2011/2012
NAC Breda,Mats Seuntjens,19,Attacking Midfield,NAC Breda U19,-,in,Summer,0,Eredivisie,2011,2011/2012
NAC Breda,Matthew Amoah,30,attack,Mersin IY,£405Th.,out,Summer,0.405,Eredivisie,2011,2011/2012
NAC Breda,Fouad Idabdelhay,23,Centre-Forward,VfL Osnabrück,free transfer,out,Summer,NA,Eredivisie,2011,2011/2012
NAC Breda,Joonas Kolkka,36,Right Winger,Willem II,free transfer,out,Summer,NA,Eredivisie,2011,2011/2012
NAC Breda,Csaba Fehér,35,Defensive Midfield,Újpest FC,free transfer,out,Summer,NA,Eredivisie,2011,2011/2012
NAC Breda,Gino Mommers,23,Goalkeeper,IJsselm.vogels,free transfer,out,Summer,NA,Eredivisie,2011,2011/2012
NAC Breda,Leonardo,28,Second Striker,RB Salzburg,loan transfer,out,Summer,NA,Eredivisie,2011,2011/2012
NAC Breda,Ali Boussaboun,32,Left Winger,Without Club,-,out,Summer,0,Eredivisie,2011,2011/2012
NAC Breda,Ferne Snoyl,26,Left-Back,Without Club,-,out,Summer,0,Eredivisie,2011,2011/2012
NAC Breda,Rob Penders,35,Centre-Back,Retired,-,out,Summer,0,Eredivisie,2011,2011/2012
NAC Breda,Gábor Horváth,25,Centre-Back,Videoton FC,"End of loanJun 30, 2011",out,Summer,0,Eredivisie,2011,2011/2012
NAC Breda,Julian Jenner,27,Right Winger,Vitesse,"End of loanJun 30, 2011",out,Summer,0,Eredivisie,2011,2011/2012
ADO Den Haag,Tjaronn Chery,23,Attacking Midfield,FC Emmen,£158Th.,in,Summer,0.158,Eredivisie,2011,2011/2012
ADO Den Haag,Wouter de Vogel,20,Attacking Midfield,AZ Alkmaar U21,free transfer,in,Summer,NA,Eredivisie,2011,2011/2012
ADO Den Haag,Mitja Mörec,28,Centre-Back,Lyngby BK,free transfer,in,Summer,NA,Eredivisie,2011,2011/2012
ADO Den Haag,Paul Mulders,30,Attacking Midfield,AGOVV,free transfer,in,Summer,NA,Eredivisie,2011,2011/2012
ADO Den Haag,Martijn de Zwart,20,Goalkeeper,Quick Boys,free transfer,in,Summer,NA,Eredivisie,2011,2011/2012
ADO Den Haag,Jaap van Duijn,20,Right Winger,Quick Boys,free transfer,in,Summer,NA,Eredivisie,2011,2011/2012
ADO Den Haag,Marc Höcher,26,Right Winger,Helmond Sport,free transfer,in,Summer,NA,Eredivisie,2011,2011/2012
ADO Den Haag,Kevin Tano,18,Right Winger,FC Volendam,free transfer,in,Summer,NA,Eredivisie,2011,2011/2012
ADO Den Haag,John Verhoek,22,Centre-Forward,Stade Rennais,loan transfer,in,Summer,NA,Eredivisie,2011,2011/2012
ADO Den Haag,Gábor Horváth,26,Centre-Back,Videoton FC,?,in,Summer,NA,Eredivisie,2011,2011/2012
ADO Den Haag,Filip Luksik,26,Centre-Back,FK Senica,?,in,Summer,NA,Eredivisie,2011,2011/2012
ADO Den Haag,Tim de Rijk,19,Central Midfield,Alphense Boys,?,in,Summer,NA,Eredivisie,2011,2011/2012
ADO Den Haag,Donny van der Dussen,19,Defensive Midfield,ADO U21,-,in,Summer,0,Eredivisie,2011,2011/2012
ADO Den Haag,Adil Tihouna,18,Attacking Midfield,ADO U19,-,in,Summer,0,Eredivisie,2011,2011/2012
ADO Den Haag,Mike van Duinen,19,Centre-Forward,ADO U21,-,in,Summer,0,Eredivisie,2011,2011/2012
ADO Den Haag,Stanley Elbers,19,Right Winger,ADO U19,-,in,Summer,0,Eredivisie,2011,2011/2012
ADO Den Haag,Leroy Resodihardjo,24,Defensive Midfield,Almere City,"End of loanJun 30, 2011",in,Summer,0,Eredivisie,2011,2011/2012
ADO Den Haag,Nico Pellatz,24,Goalkeeper,Excelsior,"End of loanJun 30, 2011",in,Summer,0,Eredivisie,2011,2011/2012
ADO Den Haag,Santy Hulst,24,Attacking Midfield,FC Dordrecht,"End of loanJun 30, 2011",in,Summer,0,Eredivisie,2011,2011/2012
ADO Den Haag,Kai van Hese,22,Centre-Back,FC Dordrecht,"End of loanJun 30, 2011",in,Summer,0,Eredivisie,2011,2011/2012
ADO Den Haag,Tom Beugelsdijk,20,Centre-Back,FC Dordrecht,"End of loanJun 30, 2011",in,Summer,0,Eredivisie,2011,2011/2012
ADO Den Haag,Timothy Derijck,24,Centre-Back,PSV Eindhoven,£675Th.,out,Summer,0.675,Eredivisie,2011,2011/2012
ADO Den Haag,Tom Boks,19,Goalkeeper,Scheveningen,free transfer,out,Summer,NA,Eredivisie,2011,2011/2012
ADO Den Haag,Lorenzo Piqué,20,Centre-Back,FC Volendam,free transfer,out,Summer,NA,Eredivisie,2011,2011/2012
ADO Den Haag,Mitchell Piqué,31,Left-Back,Willem II,free transfer,out,Summer,NA,Eredivisie,2011,2011/2012
ADO Den Haag,Leroy Resodihardjo,24,Defensive Midfield,Almere City,free transfer,out,Summer,NA,Eredivisie,2011,2011/2012
ADO Den Haag,Aleksandar Rankovic,32,Right-Back,Partizan,free transfer,out,Summer,NA,Eredivisie,2011,2011/2012
ADO Den Haag,Danny Buijs,29,Central Midfield,Kilmarnock FC,free transfer,out,Summer,NA,Eredivisie,2011,2011/2012
ADO Den Haag,Joël Tillema,21,Attacking Midfield,Scheveningen,free transfer,out,Summer,NA,Eredivisie,2011,2011/2012
ADO Den Haag,Nico Pellatz,24,Goalkeeper,Sparta R.,free transfer,out,Summer,NA,Eredivisie,2011,2011/2012
ADO Den Haag,Kai van Hese,22,Centre-Back,Ludogorets,free transfer,out,Summer,NA,Eredivisie,2011,2011/2012
ADO Den Haag,Santy Hulst,24,Attacking Midfield,FC Dordrecht,free transfer,out,Summer,NA,Eredivisie,2011,2011/2012
ADO Den Haag,Tom Beugelsdijk,21,Centre-Back,FC Dordrecht,loan transfer,out,Summer,NA,Eredivisie,2011,2011/2012
ADO Den Haag,Kevin Tano,18,Right Winger,FC Dordrecht,loan transfer,out,Summer,NA,Eredivisie,2011,2011/2012
ADO Den Haag,Donny van der Dussen,19,Defensive Midfield,FC Dordrecht,loan transfer,out,Summer,NA,Eredivisie,2011,2011/2012
ADO Den Haag,Pascal Bosschaart,31,Centre-Back,Sydney FC,?,out,Summer,NA,Eredivisie,2011,2011/2012
ADO Den Haag,Serhat Köksal,21,Central Midfield,FC Dordrecht,loan transfer,out,Summer,NA,Eredivisie,2011,2011/2012
ADO Den Haag,Giorgio Achterberg,21,Attacking Midfield,FC Dordrecht,loan transfer,out,Summer,NA,Eredivisie,2011,2011/2012
ADO Den Haag,Roderick Gielisse,21,Right-Back,FC Dordrecht,loan transfer,out,Summer,NA,Eredivisie,2011,2011/2012
ADO Den Haag,Jordy Brouwer,23,Centre-Forward,Without Club,-,out,Summer,0,Eredivisie,2011,2011/2012
ADO Den Haag,Dmitri Bulykin,31,Centre-Forward,RSC Anderlecht,"End of loanJun 30, 2011",out,Summer,0,Eredivisie,2011,2011/2012
ADO Den Haag,Frantisek Kubik,22,Left Winger,AS Trencin,"End of loanJun 30, 2011",out,Summer,0,Eredivisie,2011,2011/2012
Heracles Almelo,Lerin Duarte,20,Central Midfield,Sparta R.,£270Th.,in,Summer,0.27,Eredivisie,2011,2011/2012
Heracles Almelo,Luis Pedro,21,Right Winger,Go Ahead Eagles,free transfer,in,Summer,NA,Eredivisie,2011,2011/2012
Heracles Almelo,Leon van Dijk,19,Right-Back,FC Twente U19,free transfer,in,Summer,NA,Eredivisie,2011,2011/2012
Heracles Almelo,Daryl van Mieghem,21,Right Winger,AFC Amsterdam,free transfer,in,Summer,NA,Eredivisie,2011,2011/2012
Heracles Almelo,Erwin Nieuwboer,21,Attacking Midfield,HSC '21,free transfer,out,Summer,NA,Eredivisie,2011,2011/2012
Heracles Almelo,Mark-Jan Fledderus,28,Left-Back,Roda JC,free transfer,out,Summer,NA,Eredivisie,2011,2011/2012
Heracles Almelo,Ellery Cairo,32,Right Winger,AGOVV,free transfer,out,Summer,NA,Eredivisie,2011,2011/2012
Heracles Almelo,Peter Reekers,30,Centre-Back,AGOVV,free transfer,out,Summer,NA,Eredivisie,2011,2011/2012
Heracles Almelo,Xander Houtkoop,22,Left Winger,Go Ahead Eagles,free transfer,out,Summer,NA,Eredivisie,2011,2011/2012
Heracles Almelo,Andrej Rendla,20,Right Winger,Twente FC,"End of loanJun 30, 2011",out,Summer,0,Eredivisie,2011,2011/2012
Excelsior Rotterdam,Samuel Scheimann,23,Left-Back,FC Den Bosch,free transfer,in,Summer,NA,Eredivisie,2011,2011/2012
Excelsior Rotterdam,Joost Broerse,32,Centre-Back,APOEL Nicosia,free transfer,in,Summer,NA,Eredivisie,2011,2011/2012
Excelsior Rotterdam,Wesley de Ruiter,25,Goalkeeper,FC Utrecht,free transfer,in,Summer,NA,Eredivisie,2011,2011/2012
Excelsior Rotterdam,Darren Maatsen,20,Right Winger,Excelsior M,free transfer,in,Summer,NA,Eredivisie,2011,2011/2012
Excelsior Rotterdam,Erwin Nuytinck,17,Attacking Midfield,RBC Roosendaal,free transfer,in,Summer,NA,Eredivisie,2011,2011/2012
Excelsior Rotterdam,Niels Vorthoren,23,Central Midfield,FC Den Bosch,free transfer,in,Summer,NA,Eredivisie,2011,2011/2012
Excelsior Rotterdam,Mitchell Te Vrede,19,Centre-Forward,AZ Alkmaar U21,free transfer,in,Summer,NA,Eredivisie,2011,2011/2012
Excelsior Rotterdam,Roland Alberg,20,Attacking Midfield,AZ Alkmaar U21,free transfer,in,Summer,NA,Eredivisie,2011,2011/2012
Excelsior Rotterdam,Edwin de Graaf,31,Central Midfield,Hibernian FC,free transfer,in,Summer,NA,Eredivisie,2011,2011/2012
Excelsior Rotterdam,Jason Oost,28,Attacking Midfield,Lommel United,free transfer,in,Summer,NA,Eredivisie,2011,2011/2012
Excelsior Rotterdam,Jordy Deckers,22,Goalkeeper,Ajax U21,free transfer,in,Summer,NA,Eredivisie,2011,2011/2012
Excelsior Rotterdam,Michael Termijn,18,Goalkeeper,Feyenoord U19,?,in,Summer,NA,Eredivisie,2011,2011/2012
Excelsior Rotterdam,Nayib Lagouireh,20,Right Winger,Feyenoord U19,?,in,Summer,NA,Eredivisie,2011,2011/2012
Excelsior Rotterdam,Martijn de Vries,19,Centre-Back,Feyenoord U19,?,in,Summer,NA,Eredivisie,2011,2011/2012
Excelsior Rotterdam,Tim Eekman,19,Right-Back,Feyenoord U19,?,in,Summer,NA,Eredivisie,2011,2011/2012
Excelsior Rotterdam,Mick van Buren,18,Right Winger,Feyenoord U19,?,in,Summer,NA,Eredivisie,2011,2011/2012
Excelsior Rotterdam,Marley Berkvens,18,Defensive Midfield,Feyenoord U18,loan transfer,in,Summer,NA,Eredivisie,2011,2011/2012
Excelsior Rotterdam,Kevin Jansen,19,Central Midfield,Feyenoord U21,loan transfer,in,Summer,NA,Eredivisie,2011,2011/2012
Excelsior Rotterdam,Rheda Djellal,20,Right-Back,Anderlecht U21,loan transfer,in,Summer,NA,Eredivisie,2011,2011/2012
Excelsior Rotterdam,Daan Smith,19,Centre-Back,Feyenoord U19,loan transfer,in,Summer,NA,Eredivisie,2011,2011/2012
Excelsior Rotterdam,Jurgen Mattheij,18,Centre-Back,Excelsior U19,-,in,Summer,0,Eredivisie,2011,2011/2012
Excelsior Rotterdam,Jerson Ribeiro,23,Attacking Midfield,Fortuna Sittard,"End of loanJun 30, 2011",in,Summer,0,Eredivisie,2011,2011/2012
Excelsior Rotterdam,Karim Mossaoui,23,Central Midfield,Fortuna Sittard,"End of loanJun 30, 2011",in,Summer,0,Eredivisie,2011,2011/2012
Excelsior Rotterdam,Delano a Cohen,20,Defensive Midfield,Almere City,"End of loanJun 30, 2011",in,Summer,0,Eredivisie,2011,2011/2012
Excelsior Rotterdam,Tobias Waisapy,23,Left-Back,Unknown,free transfer,out,Summer,NA,Eredivisie,2011,2011/2012
Excelsior Rotterdam,Delano a Cohen,20,Defensive Midfield,Nieuwenhoorn,free transfer,out,Summer,NA,Eredivisie,2011,2011/2012
Excelsior Rotterdam,Roland Bergkamp,20,Centre-Forward,Brighton,free transfer,out,Summer,NA,Eredivisie,2011,2011/2012
Excelsior Rotterdam,Benjamin Baltes,27,Right Midfield,Wuppertaler SV,free transfer,out,Summer,NA,Eredivisie,2011,2011/2012
Excelsior Rotterdam,Lex van Haeften,24,Goalkeeper,XerxesDZB,free transfer,out,Summer,NA,Eredivisie,2011,2011/2012
Excelsior Rotterdam,Cees Paauwe,33,Goalkeeper,Quick '20,free transfer,out,Summer,NA,Eredivisie,2011,2011/2012
Excelsior Rotterdam,Guyon Fernandez,25,Centre-Forward,Feyenoord,free transfer,out,Summer,NA,Eredivisie,2011,2011/2012
Excelsior Rotterdam,Wouter Gudde,26,Centre-Back,Excelsior M,free transfer,out,Summer,NA,Eredivisie,2011,2011/2012
Excelsior Rotterdam,András Simon,21,Centre-Forward,ETO FC Győr,free transfer,out,Summer,NA,Eredivisie,2011,2011/2012
Excelsior Rotterdam,Adnan Alisic,27,Central Midfield,Debrecen,free transfer,out,Summer,NA,Eredivisie,2011,2011/2012
Excelsior Rotterdam,Ryan Koolwijk,25,Central Midfield,NEC Nijmegen,free transfer,out,Summer,NA,Eredivisie,2011,2011/2012
Excelsior Rotterdam,Miquel Nelom,20,Left-Back,Feyenoord,free transfer,out,Summer,NA,Eredivisie,2011,2011/2012
Excelsior Rotterdam,Karim Mossaoui,23,Central Midfield,Etar,?,out,Summer,NA,Eredivisie,2011,2011/2012
Excelsior Rotterdam,Daan Bovenberg,22,Right-Back,FC Utrecht,?,out,Summer,NA,Eredivisie,2011,2011/2012
Excelsior Rotterdam,Jerson Ribeiro,23,Attacking Midfield,Almere City,loan transfer,out,Summer,NA,Eredivisie,2011,2011/2012
Excelsior Rotterdam,Kaj Ramsteijn,21,Centre-Back,Feyenoord U21,"End of loanJun 30, 2011",out,Summer,0,Eredivisie,2011,2011/2012
Excelsior Rotterdam,Jordy Clasie,20,Defensive Midfield,Feyenoord,"End of loanJun 30, 2011",out,Summer,0,Eredivisie,2011,2011/2012
Excelsior Rotterdam,Nico Pellatz,24,Goalkeeper,ADO Den Haag,"End of loanJun 30, 2011",out,Summer,0,Eredivisie,2011,2011/2012
Excelsior Rotterdam,Geert Arend Roorda,23,Attacking Midfield,Heerenveen,"End of loanJun 30, 2011",out,Summer,0,Eredivisie,2011,2011/2012
Excelsior Rotterdam,Marvin Zeegelaar,20,Left-Back,Ajax,"End of loanJun 30, 2011",out,Summer,0,Eredivisie,2011,2011/2012
Excelsior Rotterdam,Tim Eekman,19,Right-Back,Feyenoord U19,"End of loanJun 30, 2011",out,Summer,0,Eredivisie,2011,2011/2012
Excelsior Rotterdam,Shabir Isoufi,19,Attacking Midfield,Feyenoord,"End of loanJun 30, 2011",out,Summer,0,Eredivisie,2011,2011/2012
Excelsior Rotterdam,Nayib Lagouireh,20,Right Winger,Feyenoord U19,"End of loanJun 30, 2011",out,Summer,0,Eredivisie,2011,2011/2012
VVV-Venlo,Yanic Wildschut,19,Left Winger,FC Zwolle,£180Th.,in,Summer,0.18,Eredivisie,2011,2011/2012
VVV-Venlo,Wilko de Vogt,35,Goalkeeper,Twente FC,free transfer,in,Summer,NA,Eredivisie,2011,2011/2012
VVV-Venlo,Barry Maguire,21,Attacking Midfield,FC Utrecht,free transfer,in,Summer,NA,Eredivisie,2011,2011/2012
VVV-Venlo,Rogier Molhoek,29,Defensive Midfield,Vitesse,free transfer,in,Summer,NA,Eredivisie,2011,2011/2012
VVV-Venlo,Marcel Meeuwis,30,Defensive Midfield,Bor. M'gladbach,free transfer,in,Summer,NA,Eredivisie,2011,2011/2012
VVV-Venlo,Uche Nwofor,19,Centre-Forward,Enugu Rangers,?,in,Summer,NA,Eredivisie,2011,2011/2012
VVV-Venlo,Andrea Mei,22,Centre-Back,Inter,loan transfer,in,Summer,NA,Eredivisie,2011,2011/2012
VVV-Venlo,Soufiane Dadda,21,Right Winger,VVV-Venlo U21,-,in,Summer,0,Eredivisie,2011,2011/2012
VVV-Venlo,Marnix Kolder,30,Centre-Forward,SC Veendam,"End of loanJun 30, 2011",in,Summer,0,Eredivisie,2011,2011/2012
VVV-Venlo,Kevin Begois,29,Goalkeeper,FC Den Bosch,free transfer,out,Summer,NA,Eredivisie,2011,2011/2012
VVV-Venlo,Achmed Ahahaoui,28,Left Winger,FC Volendam,free transfer,out,Summer,NA,Eredivisie,2011,2011/2012
VVV-Venlo,Rachid Ofrany,24,Right Winger,Fortuna Sittard,free transfer,out,Summer,NA,Eredivisie,2011,2011/2012
VVV-Venlo,Marnix Kolder,30,Centre-Forward,Go Ahead Eagles,free transfer,out,Summer,NA,Eredivisie,2011,2011/2012
VVV-Venlo,Frank van Kouwen,30,Centre-Back,FC Eindhoven,free transfer,out,Summer,NA,Eredivisie,2011,2011/2012
VVV-Venlo,Roel Janssen,21,Centre-Back,Fortuna Sittard,free transfer,out,Summer,NA,Eredivisie,2011,2011/2012
VVV-Venlo,Delano van Crooij,20,Goalkeeper,FC Zwolle,free transfer,out,Summer,NA,Eredivisie,2011,2011/2012
VVV-Venlo,Ruud Boymans,22,Centre-Forward,AZ Alkmaar,?,out,Summer,NA,Eredivisie,2011,2011/2012
VVV-Venlo,Danny Holla,24,Central Midfield,FC Groningen,"End of loanJun 30, 2012",out,Summer,0,Eredivisie,2011,2011/2012
VVV-Venlo,Youssef El Akchaoui,30,Left-Back,Heerenveen,"End of loanJun 30, 2011",out,Summer,0,Eredivisie,2011,2011/2012
VVV-Venlo,Funso Ojo,19,Central Midfield,PSV Eindhoven,"End of loanJun 1, 2011",out,Summer,0,Eredivisie,2011,2011/2012
VVV-Venlo,Dario Vujicevic,21,Defensive Midfield,Twente FC,"End of loanJun 30, 2011",out,Summer,0,Eredivisie,2011,2011/2012
VVV-Venlo,Balázs Tóth,29,Defensive Midfield,KRC Genk,"End of loanJun 30, 2011",out,Summer,0,Eredivisie,2011,2011/2012
VVV-Venlo,Josué,20,Attacking Midfield,FC Porto,"End of loanJun 30, 2011",out,Summer,0,Eredivisie,2011,2011/2012
VVV-Venlo,Jorge Chula,21,Right Winger,FC Porto,"End of loanJun 30, 2011",out,Summer,0,Eredivisie,2011,2011/2012
Roda JC Kerkrade,Aleksandar Stankov,20,Second Striker,FC Oss,loan transfer,out,Winter,NA,Eredivisie,2011,2011/2012
Roda JC Kerkrade,Sebastian Svärd,28,Defensive Midfield,Without Club,-,out,Winter,0,Eredivisie,2011,2011/2012
AZ Alkmaar,Mattias Johansson,19,Right-Back,Kalmar FF,£1.35m,in,Winter,1.35,Eredivisie,2011,2011/2012
AZ Alkmaar,Fernando Lewis,17,Right Winger,AZ Alkmaar U19,-,in,Winter,0,Eredivisie,2011,2011/2012
AZ Alkmaar,Pontus Wernbloom,25,Central Midfield,CSKA Moscow,£2.70m,out,Winter,2.7,Eredivisie,2011,2011/2012
AZ Alkmaar,James Holland,22,Defensive Midfield,Austria Vienna,free transfer,out,Winter,NA,Eredivisie,2011,2011/2012
AZ Alkmaar,Toine van Huizen,21,Centre-Back,Sparta R.,?,out,Winter,NA,Eredivisie,2011,2011/2012
De Graafschap Doetinchem,Anco Jansen,22,Centre-Forward,SC Veendam,£158Th.,in,Winter,0.158,Eredivisie,2011,2011/2012
De Graafschap Doetinchem,Gil Vermouth,26,Right Midfield,1.FC K'lautern,loan transfer,in,Winter,NA,Eredivisie,2011,2011/2012
De Graafschap Doetinchem,Ziguy Badibanga,20,Right Winger,RSC Anderlecht,loan transfer,in,Winter,NA,Eredivisie,2011,2011/2012
De Graafschap Doetinchem,Jordan Garcia-Calvete,19,Right Winger,RSC Anderlecht,loan transfer,in,Winter,NA,Eredivisie,2011,2011/2012
De Graafschap Doetinchem,Edwin Gyasi,20,Right Winger,Without Club,-,in,Winter,0,Eredivisie,2011,2011/2012
De Graafschap Doetinchem,Geoffry Hairemans,20,Right Winger,Lierse SK,free transfer,out,Winter,NA,Eredivisie,2011,2011/2012
De Graafschap Doetinchem,Dimitri Hairemans,20,defence,Zwarte Leeuw,free transfer,out,Winter,NA,Eredivisie,2011,2011/2012
De Graafschap Doetinchem,Edwin Gyasi,20,Right Winger,FC Twente U21,?,out,Winter,NA,Eredivisie,2011,2011/2012
De Graafschap Doetinchem,Kaye Coppoolse,20,Centre-Forward,SC Veendam,loan transfer,out,Winter,NA,Eredivisie,2011,2011/2012
De Graafschap Doetinchem,Sjoerd Overgoor,23,Central Midfield,Go Ahead Eagles,loan transfer,out,Winter,NA,Eredivisie,2011,2011/2012
Ajax Amsterdam,Ricardo van Rhijn,20,Right-Back,Ajax U21,-,in,Winter,0,Eredivisie,2011,2011/2012
Vitesse Arnhem,Mike Havenaar,24,Centre-Forward,Ventforet Kofu,free transfer,in,Winter,NA,Eredivisie,2011,2011/2012
Vitesse Arnhem,Patrick van Aanholt,21,Left-Back,Chelsea,loan transfer,in,Winter,NA,Eredivisie,2011,2011/2012
Vitesse Arnhem,Mart Lieder,21,Centre-Forward,Purmersteijn,?,in,Winter,NA,Eredivisie,2011,2011/2012
Vitesse Arnhem,Jonathan Reis,22,Centre-Forward,Without Club,-,in,Winter,0,Eredivisie,2011,2011/2012
Vitesse Arnhem,Genaro Snijders,22,Right Winger,Willem II,loan transfer,out,Winter,NA,Eredivisie,2011,2011/2012
Vitesse Arnhem,Marcus Pedersen,21,Centre-Forward,Vålerenga,loan transfer,out,Winter,NA,Eredivisie,2011,2011/2012
NEC Nijmegen,Márton Eppel,20,Centre-Forward,Paksi FC,free transfer,out,Winter,NA,Eredivisie,2011,2011/2012
NEC Nijmegen,Dammyano Grootfaam,20,Right Winger,FC Oss,loan transfer,out,Winter,NA,Eredivisie,2011,2011/2012
NEC Nijmegen,Abdisalam Ibrahim,20,Central Midfield,Man City,"End of loanMar 1, 2012",out,Winter,0,Eredivisie,2011,2011/2012
PSV Eindhoven,Memphis Depay,17,Centre-Forward,PSV U19,-,in,Winter,0,Eredivisie,2011,2011/2012
PSV Eindhoven,Jan Vennegoor of Hesselink,32,Centre-Forward,Without Club,-,in,Winter,0,Eredivisie,2011,2011/2012
PSV Eindhoven,Marcel Ritzmaier,18,Central Midfield,PSV U21,-,in,Winter,0,Eredivisie,2011,2011/2012
PSV Eindhoven,Ibrahim Rabiu,20,Central Midfield,Celtic,free transfer,out,Winter,NA,Eredivisie,2011,2011/2012
Twente Enschede FC,Wesley Verhoek,25,Right Winger,ADO Den Haag,£1.35m,in,Winter,1.35,Eredivisie,2011,2011/2012
Twente Enschede FC,Glynor Plet,24,Centre-Forward,Heracles Almelo,£1.35m,in,Winter,1.35,Eredivisie,2011,2011/2012
Twente Enschede FC,Daniel Fernandes,28,Goalkeeper,CFR Cluj,free transfer,in,Winter,NA,Eredivisie,2011,2011/2012
Twente Enschede FC,Joshua John,23,Left Winger,Sparta R.,?,in,Winter,NA,Eredivisie,2011,2011/2012
Twente Enschede FC,Marc Janko,28,Centre-Forward,FC Porto,£2.70m,out,Winter,2.7,Eredivisie,2011,2011/2012
Twente Enschede FC,Steven Berghuis,20,Right Winger,VVV-Venlo,loan transfer,out,Winter,NA,Eredivisie,2011,2011/2012
Twente Enschede FC,Dario Vujicevic,21,Defensive Midfield,Without Club,-,out,Winter,0,Eredivisie,2011,2011/2012
SC Heerenveen,Kristoffer Nordfeldt,22,Goalkeeper,Brommapojkarna,free transfer,in,Winter,NA,Eredivisie,2011,2011/2012
SC Heerenveen,Arsenio Valpoort,19,Left Winger,H'veen/Emmen II,-,in,Winter,0,Eredivisie,2011,2011/2012
SC Heerenveen,Luciano Slagveer,17,Right Winger,Heerenveen U19,-,in,Winter,0,Eredivisie,2011,2011/2012
SC Heerenveen,Youssef El Akchaoui,30,Left-Back,NAC Breda,loan transfer,out,Winter,NA,Eredivisie,2011,2011/2012
SC Heerenveen,René Oosterhof,21,Goalkeeper,AGOVV,loan transfer,out,Winter,NA,Eredivisie,2011,2011/2012
RKC Waalwijk,Krisztián Németh,22,Centre-Forward,MTK Budapest,free transfer,in,Winter,NA,Eredivisie,2011,2011/2012
RKC Waalwijk,Karim Fachtali,23,Centre-Forward,Go Ahead Eagles,loan transfer,out,Winter,NA,Eredivisie,2011,2011/2012
Feyenoord Rotterdam,Bruno Martins Indi,19,Centre-Back,Feyenoord U21,-,in,Winter,0,Eredivisie,2011,2011/2012
Feyenoord Rotterdam,Diego Biseswar,23,Attacking Midfield,Kayserispor,£180Th.,out,Winter,0.18,Eredivisie,2011,2011/2012
Feyenoord Rotterdam,Bart Schenkeveld,20,Centre-Back,Excelsior,loan transfer,out,Winter,NA,Eredivisie,2011,2011/2012
Feyenoord Rotterdam,Shabir Isoufi,19,Attacking Midfield,FC Dordrecht,loan transfer,out,Winter,NA,Eredivisie,2011,2011/2012
FC Groningen,Agil Etemadi,24,Goalkeeper,Tractor Sazi,free transfer,out,Winter,NA,Eredivisie,2011,2011/2012
FC Groningen,Danny Holla,24,Central Midfield,VVV-Venlo,loan transfer,out,Winter,NA,Eredivisie,2011,2011/2012
FC Utrecht,Cedric van der Gun,32,Centre-Forward,Without Club,-,in,Winter,0,Eredivisie,2011,2011/2012
FC Utrecht,Gianluca Nijholt,21,Central Midfield,Almere City,loan transfer,out,Winter,NA,Eredivisie,2011,2011/2012
FC Utrecht,Ismo Vorstermans,22,Centre-Back,VVV-Venlo,loan transfer,out,Winter,NA,Eredivisie,2011,2011/2012
FC Utrecht,Jacob Lensky,23,Central Midfield,Retired,-,out,Winter,0,Eredivisie,2011,2011/2012
NAC Breda,Stefano Seedorf,29,Central Midfield,Monza,free transfer,in,Winter,NA,Eredivisie,2011,2011/2012
NAC Breda,Nourdin Boukhari,31,Attacking Midfield,Kasimpasa,free transfer,in,Winter,NA,Eredivisie,2011,2011/2012
NAC Breda,Jeffrey Sarpong,23,Right Winger,Real Sociedad,loan transfer,in,Winter,NA,Eredivisie,2011,2011/2012
NAC Breda,Youssef El Akchaoui,30,Left-Back,Heerenveen,loan transfer,in,Winter,NA,Eredivisie,2011,2011/2012
NAC Breda,Pim Bouwman,21,Central Midfield,FC Inter,?,out,Winter,NA,Eredivisie,2011,2011/2012
NAC Breda,Nasser El Khayati,22,Attacking Midfield,Without Club,-,out,Winter,0,Eredivisie,2011,2011/2012
ADO Den Haag,Ebi Smolarek,30,Centre-Forward,Al-Khor SC,free transfer,in,Winter,NA,Eredivisie,2011,2011/2012
ADO Den Haag,Kenneth Omeruo,18,Centre-Back,Chelsea,loan transfer,in,Winter,NA,Eredivisie,2011,2011/2012
ADO Den Haag,Milan Lalkovic,19,Left Winger,Chelsea Res.,loan transfer,in,Winter,NA,Eredivisie,2011,2011/2012
ADO Den Haag,Ali Boussaboun,32,Left Winger,Without Club,-,in,Winter,0,Eredivisie,2011,2011/2012
ADO Den Haag,Wesley Verhoek,25,Right Winger,Twente FC,£1.35m,out,Winter,1.35,Eredivisie,2011,2011/2012
ADO Den Haag,Wouter de Vogel,21,Attacking Midfield,FC Dordrecht,loan transfer,out,Winter,NA,Eredivisie,2011,2011/2012
ADO Den Haag,Marc Höcher,27,Right Winger,Willem II,loan transfer,out,Winter,NA,Eredivisie,2011,2011/2012
ADO Den Haag,Mitja Mörec,28,Centre-Back,Without Club,-,out,Winter,0,Eredivisie,2011,2011/2012
ADO Den Haag,Jaap van Duijn,21,Right Winger,Without Club,-,out,Winter,0,Eredivisie,2011,2011/2012
ADO Den Haag,Milan Lalkovic,19,Left Winger,Chelsea Res.,"End of loanApr 1, 2012",out,Winter,0,Eredivisie,2011,2011/2012
Heracles Almelo,Joey Belterman,18,Central Midfield,FC Twente U19,free transfer,in,Winter,NA,Eredivisie,2011,2011/2012
Heracles Almelo,Jason Davidson,20,Left-Back,Without Club,-,in,Winter,0,Eredivisie,2011,2011/2012
Heracles Almelo,Ninos Gouriye,20,Left Winger,FC Twente U21,-,in,Winter,0,Eredivisie,2011,2011/2012
Heracles Almelo,Glynor Plet,24,Centre-Forward,Twente FC,£1.35m,out,Winter,1.35,Eredivisie,2011,2011/2012
Heracles Almelo,Birger Maertens,31,Centre-Back,Without Club,-,out,Winter,0,Eredivisie,2011,2011/2012
Excelsior Rotterdam,Bart Schenkeveld,20,Centre-Back,Feyenoord,loan transfer,in,Winter,NA,Eredivisie,2011,2011/2012
Excelsior Rotterdam,Rangelo Janga,19,Centre-Forward,Willem II,loan transfer,in,Winter,NA,Eredivisie,2011,2011/2012
Excelsior Rotterdam,Jordy van Deelen,18,Right-Back,Feyenoord U19,loan transfer,in,Winter,NA,Eredivisie,2011,2011/2012
Excelsior Rotterdam,Moussa Kalisse,28,Left Winger,Without Club,-,in,Winter,0,Eredivisie,2011,2011/2012
Excelsior Rotterdam,Luigi Bruins,25,Central Midfield,Without Club,-,in,Winter,0,Eredivisie,2011,2011/2012
Excelsior Rotterdam,Rheda Djellal,20,Right-Back,Anderlecht U21,"End of loanDec 31, 2011",out,Winter,0,Eredivisie,2011,2011/2012
VVV-Venlo,Jeffrey Leiwakabessy,30,Left-Back,Anorthosis,free transfer,in,Winter,NA,Eredivisie,2011,2011/2012
VVV-Venlo,Ismo Vorstermans,22,Centre-Back,FC Utrecht,loan transfer,in,Winter,NA,Eredivisie,2011,2011/2012
VVV-Venlo,Danny Holla,24,Central Midfield,FC Groningen,loan transfer,in,Winter,NA,Eredivisie,2011,2011/2012
VVV-Venlo,Steven Berghuis,20,Right Winger,Twente FC,loan transfer,in,Winter,NA,Eredivisie,2011,2011/2012
VVV-Venlo,Ahmed Musa,19,Right Winger,CSKA Moscow,£4.50m,out,Winter,4.5,Eredivisie,2011,2011/2012
VVV-Venlo,Soufiane Dadda,21,Right Winger,VVV-Venlo U21,-,out,Winter,0,Eredivisie,2011,2011/2012
