club_name,player_name,age,position,club_involved_name,fee,transfer_movement,transfer_period,fee_cleaned,league_name,year,season
FC Barcelona,Antoine Griezmann,28,Second Striker,Atlético Madrid,£108.00m,in,Summer,108,Primera Division,2019,2019/2020
FC Barcelona,Frenkie de Jong,22,Central Midfield,Ajax,£77.40m,in,Summer,77.4,Primera Division,2019,2019/2020
FC Barcelona,Neto,29,Goalkeeper,Valencia,£23.40m,in,Summer,23.4,Primera Division,2019,2019/2020
FC Barcelona,Pedri,16,Central Midfield,UD Las Palmas,£18.00m,in,Summer,18,Primera Division,2019,2019/2020
FC Barcelona,Junior Firpo,22,Left-Back,Real Betis,£18.00m,in,Summer,18,Primera Division,2019,2019/2020
FC Barcelona,Marc Cucurella,20,Left-Back,SD Eibar,£3.60m,in,Summer,3.6,Primera Division,2019,2019/2020
FC Barcelona,Juan Miranda,19,Left-Back,Barcelona B,-,in,Summer,0,Primera Division,2019,2019/2020
FC Barcelona,Carles Pérez,21,Right Winger,Barcelona B,-,in,Summer,0,Primera Division,2019,2019/2020
FC Barcelona,Moussa Wagué,20,Right-Back,Barcelona B,-,in,Summer,0,Primera Division,2019,2019/2020
FC Barcelona,Matheus Fernandes,22,Central Midfield,Real Valladolid,"End of loanJul 20, 2020",in,Summer,0,Primera Division,2019,2019/2020
FC Barcelona,Marc Cardona,23,Centre-Forward,SD Eibar,"End of loanJun 30, 2019",in,Summer,0,Primera Division,2019,2019/2020
FC Barcelona,Denis Suárez,25,Attacking Midfield,Arsenal,"End of loanJun 30, 2019",in,Summer,0,Primera Division,2019,2019/2020
FC Barcelona,Marc Cucurella,20,Left-Back,SD Eibar,"End of loanJun 30, 2019",in,Summer,0,Primera Division,2019,2019/2020
FC Barcelona,Paco Alcácer,25,Centre-Forward,Bor. Dortmund,"End of loanJun 30, 2019",in,Summer,0,Primera Division,2019,2019/2020
FC Barcelona,Sergi Palencia,23,Right-Back,G. Bordeaux,"End of loanJun 30, 2019",in,Summer,0,Primera Division,2019,2019/2020
FC Barcelona,André Gomes,25,Central Midfield,Everton,"End of loanJun 30, 2019",in,Summer,0,Primera Division,2019,2019/2020
FC Barcelona,Adrián Ortolá,25,Goalkeeper,Dep. La Coruña,"End of loanJun 30, 2019",in,Summer,0,Primera Division,2019,2019/2020
FC Barcelona,Douglas,28,Right-Back,Sivasspor,"End of loanJun 30, 2019",in,Summer,0,Primera Division,2019,2019/2020
FC Barcelona,Malcom,22,Right Winger,Zenit S-Pb,£36.00m,out,Summer,36,Primera Division,2019,2019/2020
FC Barcelona,Jasper Cillessen,30,Goalkeeper,Valencia,£31.50m,out,Summer,31.5,Primera Division,2019,2019/2020
FC Barcelona,André Gomes,25,Central Midfield,Everton,£22.50m,out,Summer,22.5,Primera Division,2019,2019/2020
FC Barcelona,Paco Alcácer,25,Centre-Forward,Bor. Dortmund,£18.90m,out,Summer,18.9,Primera Division,2019,2019/2020
FC Barcelona,Denis Suárez,25,Attacking Midfield,Celta de Vigo,£11.61m,out,Summer,11.61,Primera Division,2019,2019/2020
FC Barcelona,Philippe Coutinho,27,Attacking Midfield,FC Bayern,Loan fee:£7.65m,out,Summer,7.65,Primera Division,2019,2019/2020
FC Barcelona,Marc Cardona,23,Centre-Forward,CA Osasuna,£2.25m,out,Summer,2.25,Primera Division,2019,2019/2020
FC Barcelona,Marc Cucurella,20,Left-Back,SD Eibar,£1.80m,out,Summer,1.8,Primera Division,2019,2019/2020
FC Barcelona,Sergi Palencia,23,Right-Back,Saint-Étienne,£1.80m,out,Summer,1.8,Primera Division,2019,2019/2020
FC Barcelona,Rafinha,26,Attacking Midfield,Celta de Vigo,Loan fee:£1.35m,out,Summer,1.35,Primera Division,2019,2019/2020
FC Barcelona,Thomas Vermaelen,33,Centre-Back,Vissel Kobe,free transfer,out,Summer,NA,Primera Division,2019,2019/2020
FC Barcelona,Douglas,28,Right-Back,Besiktas,free transfer,out,Summer,NA,Primera Division,2019,2019/2020
FC Barcelona,Adrián Ortolá,25,Goalkeeper,CD Tenerife,free transfer,out,Summer,NA,Primera Division,2019,2019/2020
FC Barcelona,Juan Miranda,19,Left-Back,FC Schalke 04,loan transfer,out,Summer,NA,Primera Division,2019,2019/2020
FC Barcelona,Marc Cucurella,20,Left-Back,Getafe,loan transfer,out,Summer,NA,Primera Division,2019,2019/2020
FC Barcelona,Pedri,16,Central Midfield,UD Las Palmas,loan transfer,out,Summer,NA,Primera Division,2019,2019/2020
FC Barcelona,Kevin-Prince Boateng,32,Attacking Midfield,Sassuolo,"End of loanJun 30, 2019",out,Summer,0,Primera Division,2019,2019/2020
FC Barcelona,Jeison Murillo,27,Centre-Back,Valencia,"End of loanJun 30, 2019",out,Summer,0,Primera Division,2019,2019/2020
Atlético de Madrid,João Félix,19,Second Striker,Benfica,£114.48m,in,Summer,114.48,Primera Division,2019,2019/2020
Atlético de Madrid,Marcos Llorente,24,Central Midfield,Real Madrid,£27.00m,in,Summer,27,Primera Division,2019,2019/2020
Atlético de Madrid,Mario Hermoso,24,Centre-Back,Espanyol,£22.50m,in,Summer,22.5,Primera Division,2019,2019/2020
Atlético de Madrid,Kieran Trippier,28,Right-Back,Spurs,£19.80m,in,Summer,19.8,Primera Division,2019,2019/2020
Atlético de Madrid,Renan Lodi,21,Left-Back,Athletico-PR,£18.54m,in,Summer,18.54,Primera Division,2019,2019/2020
Atlético de Madrid,Felipe,30,Centre-Back,FC Porto,£18.00m,in,Summer,18,Primera Division,2019,2019/2020
Atlético de Madrid,Ivan Saponjic,21,Centre-Forward,Benfica B,£450Th.,in,Summer,0.45,Primera Division,2019,2019/2020
Atlético de Madrid,Héctor Herrera,29,Central Midfield,FC Porto,free transfer,in,Summer,NA,Primera Division,2019,2019/2020
Atlético de Madrid,Nicolás Ibáñez,24,Centre-Forward,San Luis,?,in,Summer,NA,Primera Division,2019,2019/2020
Atlético de Madrid,Víctor Mollejo,18,Right Winger,Atl. Madrid B,-,in,Summer,0,Primera Division,2019,2019/2020
Atlético de Madrid,Francisco Montero,20,Centre-Back,Atl. Madrid B,-,in,Summer,0,Primera Division,2019,2019/2020
Atlético de Madrid,Caio Henrique,22,Left-Back,Grêmio,"End of loanMay 29, 2020",in,Summer,0,Primera Division,2019,2019/2020
Atlético de Madrid,Bernard Mensah,24,Attacking Midfield,Kayserispor,"End of loanJun 30, 2019",in,Summer,0,Primera Division,2019,2019/2020
Atlético de Madrid,Axel Werner,23,Goalkeeper,Málaga CF,"End of loanJun 30, 2019",in,Summer,0,Primera Division,2019,2019/2020
Atlético de Madrid,Héctor Hernández,23,Centre-Forward,R. Majadahonda,"End of loanJun 30, 2019",in,Summer,0,Primera Division,2019,2019/2020
Atlético de Madrid,Gelson Martins,24,Right Winger,Monaco,"End of loanJun 30, 2019",in,Summer,0,Primera Division,2019,2019/2020
Atlético de Madrid,André Moreira,23,Goalkeeper,Feirense,"End of loanJun 30, 2019",in,Summer,0,Primera Division,2019,2019/2020
Atlético de Madrid,Luciano Vietto,25,Left Winger,Fulham,"End of loanJun 30, 2019",in,Summer,0,Primera Division,2019,2019/2020
Atlético de Madrid,Sime Vrsaljko,27,Right-Back,Inter,"End of loanJun 30, 2019",in,Summer,0,Primera Division,2019,2019/2020
Atlético de Madrid,Antoine Griezmann,28,Second Striker,Barcelona,£108.00m,out,Summer,108,Primera Division,2019,2019/2020
Atlético de Madrid,Lucas Hernández,23,Centre-Back,FC Bayern,£72.00m,out,Summer,72,Primera Division,2019,2019/2020
Atlético de Madrid,Rodri,23,Defensive Midfield,Man City,£56.43m,out,Summer,56.43,Primera Division,2019,2019/2020
Atlético de Madrid,Gelson Martins,24,Right Winger,Monaco,£27.00m,out,Summer,27,Primera Division,2019,2019/2020
Atlético de Madrid,Luciano Vietto,25,Left Winger,Sporting CP,£9.90m,out,Summer,9.9,Primera Division,2019,2019/2020
Atlético de Madrid,Bernard Mensah,24,Attacking Midfield,Kayserispor,£2.52m,out,Summer,2.52,Primera Division,2019,2019/2020
Atlético de Madrid,Nikola Kalinic,31,Centre-Forward,AS Roma,Loan fee:£1.80m,out,Summer,1.8,Primera Division,2019,2019/2020
Atlético de Madrid,Diego Godín,33,Centre-Back,Inter,free transfer,out,Summer,NA,Primera Division,2019,2019/2020
Atlético de Madrid,André Moreira,23,Goalkeeper,Belenenses SAD,free transfer,out,Summer,NA,Primera Division,2019,2019/2020
Atlético de Madrid,Filipe Luís,33,Left-Back,Flamengo,free transfer,out,Summer,NA,Primera Division,2019,2019/2020
Atlético de Madrid,Juanfran Torres,34,Right-Back,São Paulo,free transfer,out,Summer,NA,Primera Division,2019,2019/2020
Atlético de Madrid,Héctor Hernández,23,Centre-Forward,CF Fuenlabrada,free transfer,out,Summer,NA,Primera Division,2019,2019/2020
Atlético de Madrid,Nicolás Ibáñez,24,Centre-Forward,San Luis,loan transfer,out,Summer,NA,Primera Division,2019,2019/2020
Atlético de Madrid,Axel Werner,23,Goalkeeper,San Luis,loan transfer,out,Summer,NA,Primera Division,2019,2019/2020
Atlético de Madrid,Nehuén Pérez,19,Centre-Back,Famalicão,loan transfer,out,Summer,NA,Primera Division,2019,2019/2020
Atlético de Madrid,Víctor Mollejo,18,Right Winger,Dep. La Coruña,loan transfer,out,Summer,NA,Primera Division,2019,2019/2020
Atlético de Madrid,Francisco Montero,20,Centre-Back,Dep. La Coruña,loan transfer,out,Summer,NA,Primera Division,2019,2019/2020
Atlético de Madrid,Yannick Carrasco,26,Left Winger,DL Pro,"End of loanAug 24, 2020",out,Summer,0,Primera Division,2019,2019/2020
Real Madrid,Eden Hazard,28,Left Winger,Chelsea,£103.50m,in,Summer,103.5,Primera Division,2019,2019/2020
Real Madrid,Luka Jovic,21,Centre-Forward,E. Frankfurt,£56.70m,in,Summer,56.7,Primera Division,2019,2019/2020
Real Madrid,Éder Militão,21,Centre-Back,FC Porto,£45.00m,in,Summer,45,Primera Division,2019,2019/2020
Real Madrid,Ferland Mendy,24,Left-Back,Olympique Lyon,£43.20m,in,Summer,43.2,Primera Division,2019,2019/2020
Real Madrid,Rodrygo,18,Right Winger,Santos FC,£40.50m,in,Summer,40.5,Primera Division,2019,2019/2020
Real Madrid,Alberto Soro,20,Right Winger,Real Zaragoza,£2.25m,in,Summer,2.25,Primera Division,2019,2019/2020
Real Madrid,Alphonse Areola,26,Goalkeeper,Paris SG,Loan fee:£1.80m,in,Summer,1.8,Primera Division,2019,2019/2020
Real Madrid,Takefusa Kubo,18,Right Winger,FC Tokyo,free transfer,in,Summer,NA,Primera Division,2019,2019/2020
Real Madrid,Javi Sánchez,22,Centre-Back,RM Castilla,-,in,Summer,0,Primera Division,2019,2019/2020
Real Madrid,Dani Gómez,20,Centre-Forward,RM Castilla,-,in,Summer,0,Primera Division,2019,2019/2020
Real Madrid,Jorge de Frutos,22,Right Winger,RM Castilla,-,in,Summer,0,Primera Division,2019,2019/2020
Real Madrid,Borja Mayoral,22,Centre-Forward,Levante,"End of loanJun 30, 2019",in,Summer,0,Primera Division,2019,2019/2020
Real Madrid,Andriy Lunin,20,Goalkeeper,CD Leganés,"End of loanJun 30, 2019",in,Summer,0,Primera Division,2019,2019/2020
Real Madrid,Raúl de Tomás,24,Centre-Forward,Rayo Vallecano,"End of loanJun 30, 2019",in,Summer,0,Primera Division,2019,2019/2020
Real Madrid,Martin Ødegaard,20,Attacking Midfield,Vitesse,"End of loanJun 30, 2019",in,Summer,0,Primera Division,2019,2019/2020
Real Madrid,Theo Hernández,21,Left-Back,Real Sociedad,"End of loanJun 30, 2019",in,Summer,0,Primera Division,2019,2019/2020
Real Madrid,Mateo Kovacic,25,Central Midfield,Chelsea,"End of loanJun 30, 2019",in,Summer,0,Primera Division,2019,2019/2020
Real Madrid,James Rodríguez,27,Attacking Midfield,FC Bayern,"End of loanJun 30, 2019",in,Summer,0,Primera Division,2019,2019/2020
Real Madrid,Lucas Silva,26,Defensive Midfield,Cruzeiro,"End of loanJun 30, 2019",in,Summer,0,Primera Division,2019,2019/2020
Real Madrid,Mateo Kovacic,25,Central Midfield,Chelsea,£40.50m,out,Summer,40.5,Primera Division,2019,2019/2020
Real Madrid,Marcos Llorente,24,Central Midfield,Atlético Madrid,£27.00m,out,Summer,27,Primera Division,2019,2019/2020
Real Madrid,Theo Hernández,21,Left-Back,AC Milan,£19.35m,out,Summer,19.35,Primera Division,2019,2019/2020
Real Madrid,Raúl de Tomás,24,Centre-Forward,Benfica,£18.00m,out,Summer,18,Primera Division,2019,2019/2020
Real Madrid,Keylor Navas,32,Goalkeeper,Paris SG,£13.50m,out,Summer,13.5,Primera Division,2019,2019/2020
Real Madrid,Borja Mayoral,22,Centre-Forward,Levante,Loan fee:£1.80m,out,Summer,1.8,Primera Division,2019,2019/2020
Real Madrid,Martin Ødegaard,20,Attacking Midfield,Real Sociedad,Loan fee:£1.80m,out,Summer,1.8,Primera Division,2019,2019/2020
Real Madrid,Jesús Vallejo,22,Centre-Back,Wolves,loan transfer,out,Summer,NA,Primera Division,2019,2019/2020
Real Madrid,Sergio Reguilón,22,Left-Back,Sevilla FC,loan transfer,out,Summer,NA,Primera Division,2019,2019/2020
Real Madrid,Dani Gómez,20,Centre-Forward,CD Tenerife,loan transfer,out,Summer,NA,Primera Division,2019,2019/2020
Real Madrid,Dani Ceballos,22,Central Midfield,Arsenal,loan transfer,out,Summer,NA,Primera Division,2019,2019/2020
Real Madrid,Javi Sánchez,22,Centre-Back,Real Valladolid,loan transfer,out,Summer,NA,Primera Division,2019,2019/2020
Real Madrid,Jorge de Frutos,22,Right Winger,Real Valladolid,loan transfer,out,Summer,NA,Primera Division,2019,2019/2020
Real Madrid,Alberto Soro,20,Right Winger,Real Zaragoza,loan transfer,out,Summer,NA,Primera Division,2019,2019/2020
Real Madrid,Lucas Silva,26,Defensive Midfield,Without Club,-,out,Summer,0,Primera Division,2019,2019/2020
Real Madrid,Luca Zidane,21,Goalkeeper,Racing,loan transfer,out,Summer,NA,Primera Division,2019,2019/2020
Real Madrid,Andriy Lunin,20,Goalkeeper,Real Valladolid,loan transfer,out,Summer,NA,Primera Division,2019,2019/2020
Real Madrid,Takefusa Kubo,18,Right Winger,RCD Mallorca,loan transfer,out,Summer,NA,Primera Division,2019,2019/2020
Getafe CF,Enric Gallego,32,Centre-Forward,SD Huesca,£5.40m,in,Summer,5.4,Primera Division,2019,2019/2020
Getafe CF,Allan Nyom,31,Right-Back,West Brom,£2.70m,in,Summer,2.7,Primera Division,2019,2019/2020
Getafe CF,Fayçal Fajr,31,Central Midfield,SM Caen,£1.35m,in,Summer,1.35,Primera Division,2019,2019/2020
Getafe CF,Jack Harper,23,Centre-Forward,Málaga CF,£1.35m,in,Summer,1.35,Primera Division,2019,2019/2020
Getafe CF,Xabi Etxeita,31,Centre-Back,Athletic,free transfer,in,Summer,NA,Primera Division,2019,2019/2020
Getafe CF,Raúl Carnero,30,Left-Back,Girona,free transfer,in,Summer,NA,Primera Division,2019,2019/2020
Getafe CF,David Timor,29,Defensive Midfield,UD Las Palmas,free transfer,in,Summer,NA,Primera Division,2019,2019/2020
Getafe CF,Marc Cucurella,20,Left-Back,Barcelona,loan transfer,in,Summer,NA,Primera Division,2019,2019/2020
Getafe CF,Jason,25,Right Winger,Valencia,loan transfer,in,Summer,NA,Primera Division,2019,2019/2020
Getafe CF,Kenedy,23,Left Winger,Chelsea,loan transfer,in,Summer,NA,Primera Division,2019,2019/2020
Getafe CF,Iván Alejo,24,Right Winger,Málaga CF,"End of loanJun 30, 2019",in,Summer,0,Primera Division,2019,2019/2020
Getafe CF,Merveil Ndockyt,20,Left Winger,Barcelona B,"End of loanJun 30, 2019",in,Summer,0,Primera Division,2019,2019/2020
Getafe CF,Rober Ibáñez,26,Right Winger,CA Osasuna,"End of loanJun 30, 2019",in,Summer,0,Primera Division,2019,2019/2020
Getafe CF,Álvaro Jiménez,24,Right Winger,Sporting Gijón,"End of loanJun 30, 2019",in,Summer,0,Primera Division,2019,2019/2020
Getafe CF,Chuli,28,Centre-Forward,Extremadura,"End of loanJun 30, 2019",in,Summer,0,Primera Division,2019,2019/2020
Getafe CF,José Carlos Lazo,23,Left Winger,CD Lugo,"End of loanJun 30, 2019",in,Summer,0,Primera Division,2019,2019/2020
Getafe CF,Filip Manojlovic,23,Goalkeeper,Panionios,"End of loanJun 30, 2019",in,Summer,0,Primera Division,2019,2019/2020
Getafe CF,Rober Ibáñez,26,Right Winger,CA Osasuna,£1.80m,out,Summer,1.8,Primera Division,2019,2019/2020
Getafe CF,José Carlos Lazo,23,Left Winger,UD Almería,Loan fee:£225Th.,out,Summer,0.225,Primera Division,2019,2019/2020
Getafe CF,Gaku Shibasaki,27,Central Midfield,Dep. La Coruña,free transfer,out,Summer,NA,Primera Division,2019,2019/2020
Getafe CF,Chuli,28,Centre-Forward,Recr. Huelva,free transfer,out,Summer,NA,Primera Division,2019,2019/2020
Getafe CF,Jack Harper,23,Centre-Forward,Alcorcón,loan transfer,out,Summer,NA,Primera Division,2019,2019/2020
Getafe CF,Rubén Yáñez,25,Goalkeeper,SD Huesca,loan transfer,out,Summer,NA,Primera Division,2019,2019/2020
Getafe CF,Merveil Ndockyt,21,Left Winger,NK Osijek,loan transfer,out,Summer,NA,Primera Division,2019,2019/2020
Getafe CF,Álvaro Jiménez,24,Right Winger,Albacete,loan transfer,out,Summer,NA,Primera Division,2019,2019/2020
Getafe CF,Iván Alejo,24,Right Winger,Cádiz CF,loan transfer,out,Summer,NA,Primera Division,2019,2019/2020
Getafe CF,Ignasi Miquel,26,Centre-Back,Girona,loan transfer,out,Summer,NA,Primera Division,2019,2019/2020
Getafe CF,Mathieu Flamini,35,Defensive Midfield,Retired,-,out,Summer,0,Primera Division,2019,2019/2020
Getafe CF,Samu Saiz,28,Left Winger,Leeds,"End of loanJun 30, 2019",out,Summer,0,Primera Division,2019,2019/2020
Getafe CF,Sebastián Cristóforo,25,Central Midfield,Fiorentina,"End of loanJun 30, 2019",out,Summer,0,Primera Division,2019,2019/2020
Getafe CF,Dimitri Foulquier,26,Right-Back,Watford,"End of loanJun 30, 2019",out,Summer,0,Primera Division,2019,2019/2020
Valencia CF,Jasper Cillessen,30,Goalkeeper,Barcelona,£31.50m,in,Summer,31.5,Primera Division,2019,2019/2020
Valencia CF,Maxi Gómez,22,Centre-Forward,Celta de Vigo,£13.05m,in,Summer,13.05,Primera Division,2019,2019/2020
Valencia CF,Thierry Correia,20,Right-Back,Sporting CP,£10.80m,in,Summer,10.8,Primera Division,2019,2019/2020
Valencia CF,Denis Cheryshev,28,Left Winger,Villarreal,£5.40m,in,Summer,5.4,Primera Division,2019,2019/2020
Valencia CF,Manu Vallejo,22,Centre-Forward,Cádiz CF,£4.95m,in,Summer,4.95,Primera Division,2019,2019/2020
Valencia CF,Jorge Sáenz,22,Centre-Back,CD Tenerife,£1.80m,in,Summer,1.8,Primera Division,2019,2019/2020
Valencia CF,Jason,24,Right Winger,Levante,free transfer,in,Summer,NA,Primera Division,2019,2019/2020
Valencia CF,Eliaquim Mangala,28,Centre-Back,Man City,free transfer,in,Summer,NA,Primera Division,2019,2019/2020
Valencia CF,Àlex Carbonell,21,Central Midfield,Córdoba CF,free transfer,in,Summer,NA,Primera Division,2019,2019/2020
Valencia CF,Salva Ruiz,24,Left-Back,RCD Mallorca,free transfer,in,Summer,NA,Primera Division,2019,2019/2020
Valencia CF,Jaume Costa,31,Left-Back,Villarreal,loan transfer,in,Summer,NA,Primera Division,2019,2019/2020
Valencia CF,Álex Centelles,19,Left-Back,Valencia B,-,in,Summer,0,Primera Division,2019,2019/2020
Valencia CF,Álex Blanco,20,Left Winger,Alavés,"End of loanJun 30, 2019",in,Summer,0,Primera Division,2019,2019/2020
Valencia CF,Rúben Vezo,25,Centre-Back,Levante,"End of loanJun 30, 2019",in,Summer,0,Primera Division,2019,2019/2020
Valencia CF,Uros Racic,21,Defensive Midfield,CD Tenerife,"End of loanJun 30, 2019",in,Summer,0,Primera Division,2019,2019/2020
Valencia CF,Jeison Murillo,27,Centre-Back,Barcelona,"End of loanJun 30, 2019",in,Summer,0,Primera Division,2019,2019/2020
Valencia CF,Nacho Gil,23,Left Winger,Elche CF,"End of loanJun 30, 2019",in,Summer,0,Primera Division,2019,2019/2020
Valencia CF,Simone Zaza,28,Centre-Forward,Torino,"End of loanJun 30, 2019",in,Summer,0,Primera Division,2019,2019/2020
Valencia CF,Álvaro Medrán,25,Central Midfield,Rayo Vallecano,"End of loanJun 30, 2019",in,Summer,0,Primera Division,2019,2019/2020
Valencia CF,Fran Villalba,21,Attacking Midfield,CD Numancia,"End of loanJun 30, 2019",in,Summer,0,Primera Division,2019,2019/2020
Valencia CF,Aymen Abdennour,29,Centre-Back,Marseille,"End of loanJun 30, 2019",in,Summer,0,Primera Division,2019,2019/2020
Valencia CF,Neto,29,Goalkeeper,Barcelona,£23.40m,out,Summer,23.4,Primera Division,2019,2019/2020
Valencia CF,Simone Zaza,28,Centre-Forward,Torino,£10.80m,out,Summer,10.8,Primera Division,2019,2019/2020
Valencia CF,Rúben Vezo,25,Centre-Back,Levante,£4.50m,out,Summer,4.5,Primera Division,2019,2019/2020
Valencia CF,Nacho Gil,23,Left Winger,Ponferradina,free transfer,out,Summer,NA,Primera Division,2019,2019/2020
Valencia CF,Santi Mina,23,Centre-Forward,Celta de Vigo,free transfer,out,Summer,NA,Primera Division,2019,2019/2020
Valencia CF,Aymen Abdennour,29,Centre-Back,Kayserispor,free transfer,out,Summer,NA,Primera Division,2019,2019/2020
Valencia CF,Salva Ruiz,24,Left-Back,Dep. La Coruña,free transfer,out,Summer,NA,Primera Division,2019,2019/2020
Valencia CF,Fran Villalba,21,Attacking Midfield,Birmingham,free transfer,out,Summer,NA,Primera Division,2019,2019/2020
Valencia CF,Jorge Sáenz,22,Centre-Back,Celta de Vigo,loan transfer,out,Summer,NA,Primera Division,2019,2019/2020
Valencia CF,Jason,25,Right Winger,Getafe,loan transfer,out,Summer,NA,Primera Division,2019,2019/2020
Valencia CF,Uros Racic,21,Defensive Midfield,Famalicão,loan transfer,out,Summer,NA,Primera Division,2019,2019/2020
Valencia CF,Álex Centelles,19,Left-Back,Famalicão,loan transfer,out,Summer,NA,Primera Division,2019,2019/2020
Valencia CF,Toni Lato,21,Left-Back,PSV Eindhoven,loan transfer,out,Summer,NA,Primera Division,2019,2019/2020
Valencia CF,Álex Blanco,20,Left Winger,Real Zaragoza,loan transfer,out,Summer,NA,Primera Division,2019,2019/2020
Valencia CF,Àlex Carbonell,21,Central Midfield,Fortuna Sittard,loan transfer,out,Summer,NA,Primera Division,2019,2019/2020
Valencia CF,Jeison Murillo,27,Centre-Back,Sampdoria,loan transfer,out,Summer,NA,Primera Division,2019,2019/2020
Valencia CF,Álvaro Medrán,25,Central Midfield,Without Club,-,out,Summer,0,Primera Division,2019,2019/2020
Valencia CF,Facundo Roncaglia,32,Centre-Back,Celta de Vigo,"End of loanJun 30, 2019",out,Summer,0,Primera Division,2019,2019/2020
Valencia CF,Denis Cheryshev,28,Left Winger,Villarreal,"End of loanJun 30, 2019",out,Summer,0,Primera Division,2019,2019/2020
Sevilla FC,Jules Koundé,20,Centre-Back,G. Bordeaux,£22.50m,in,Summer,22.5,Primera Division,2019,2019/2020
Sevilla FC,Rony Lopes,23,Right Winger,Monaco,£22.50m,in,Summer,22.5,Primera Division,2019,2019/2020
Sevilla FC,Munas Dabbur,27,Centre-Forward,RB Salzburg,£15.30m,in,Summer,15.3,Primera Division,2019,2019/2020
Sevilla FC,Lucas Ocampos,24,Left Winger,Marseille,£13.50m,in,Summer,13.5,Primera Division,2019,2019/2020
Sevilla FC,Diego Carlos,26,Centre-Back,FC Nantes,£13.50m,in,Summer,13.5,Primera Division,2019,2019/2020
Sevilla FC,Joan Jordán,24,Central Midfield,SD Eibar,£12.60m,in,Summer,12.6,Primera Division,2019,2019/2020
Sevilla FC,Luuk de Jong,28,Centre-Forward,PSV Eindhoven,£11.25m,in,Summer,11.25,Primera Division,2019,2019/2020
Sevilla FC,Óliver Torres,24,Central Midfield,FC Porto,£9.90m,in,Summer,9.9,Primera Division,2019,2019/2020
Sevilla FC,Maximilian Wöber,21,Centre-Back,Ajax,£9.45m,in,Summer,9.45,Primera Division,2019,2019/2020
Sevilla FC,Chicharito,31,Centre-Forward,West Ham,£6.98m,in,Summer,6.98,Primera Division,2019,2019/2020
Sevilla FC,Fernando,31,Defensive Midfield,Galatasaray,£4.05m,in,Summer,4.05,Primera Division,2019,2019/2020
Sevilla FC,Yan Eteki,21,Central Midfield,UD Almería,£450Th.,in,Summer,0.45,Primera Division,2019,2019/2020
Sevilla FC,Nemanja Gudelj,27,Defensive Midfield,GZ Evergrande,free transfer,in,Summer,NA,Primera Division,2019,2019/2020
Sevilla FC,Bono,28,Goalkeeper,Girona,loan transfer,in,Summer,NA,Primera Division,2019,2019/2020
Sevilla FC,Sergio Reguilón,22,Left-Back,Real Madrid,loan transfer,in,Summer,NA,Primera Division,2019,2019/2020
Sevilla FC,Javi Díaz,22,Goalkeeper,Sevilla Atl.,-,in,Summer,0,Primera Division,2019,2019/2020
Sevilla FC,Sergio Rico,25,Goalkeeper,Fulham,"End of loanJun 30, 2019",in,Summer,0,Primera Division,2019,2019/2020
Sevilla FC,Marc Gual,23,Centre-Forward,Real Zaragoza,"End of loanJun 30, 2019",in,Summer,0,Primera Division,2019,2019/2020
Sevilla FC,Sébastien Corchia,28,Right-Back,Benfica,"End of loanJun 30, 2019",in,Summer,0,Primera Division,2019,2019/2020
Sevilla FC,Sergio Rico,26,Goalkeeper,Paris SG,"End of loanAug 24, 2020",in,Summer,0,Primera Division,2019,2019/2020
Sevilla FC,Alejandro Pozo,20,Right-Back,Granada CF,"End of loanJun 30, 2019",in,Summer,0,Primera Division,2019,2019/2020
Sevilla FC,Carlos Fernández,23,Centre-Forward,Dep. La Coruña,"End of loanJun 30, 2019",in,Summer,0,Primera Division,2019,2019/2020
Sevilla FC,Luis Muriel,28,Centre-Forward,Fiorentina,"End of loanJun 30, 2019",in,Summer,0,Primera Division,2019,2019/2020
Sevilla FC,Giorgi Aburjania,24,Central Midfield,CD Lugo,"End of loanJun 30, 2019",in,Summer,0,Primera Division,2019,2019/2020
Sevilla FC,Wissam Ben Yedder,29,Centre-Forward,Monaco,£36.00m,out,Summer,36,Primera Division,2019,2019/2020
Sevilla FC,Luis Muriel,28,Centre-Forward,Atalanta BC,£19.08m,out,Summer,19.08,Primera Division,2019,2019/2020
Sevilla FC,Pablo Sarabia,27,Right Winger,Paris SG,£16.20m,out,Summer,16.2,Primera Division,2019,2019/2020
Sevilla FC,Quincy Promes,27,Left Winger,Ajax,£14.13m,out,Summer,14.13,Primera Division,2019,2019/2020
Sevilla FC,Maximilian Wöber,21,Centre-Back,RB Salzburg,£9.45m,out,Summer,9.45,Primera Division,2019,2019/2020
Sevilla FC,Yan Eteki,21,Central Midfield,Granada CF,£900Th.,out,Summer,0.9,Primera Division,2019,2019/2020
Sevilla FC,Gabriel Mercado,32,Right-Back,Al-Rayyan SC,free transfer,out,Summer,NA,Primera Division,2019,2019/2020
Sevilla FC,Nolito,33,Left Winger,Celta de Vigo,free transfer,out,Summer,NA,Primera Division,2019,2019/2020
Sevilla FC,Guilherme Arana,22,Left-Back,Atalanta BC,loan transfer,out,Summer,NA,Primera Division,2019,2019/2020
Sevilla FC,Simon Kjaer,30,Centre-Back,Atalanta BC,loan transfer,out,Summer,NA,Primera Division,2019,2019/2020
Sevilla FC,Carlos Fernández,23,Centre-Forward,Granada CF,loan transfer,out,Summer,NA,Primera Division,2019,2019/2020
Sevilla FC,Roque Mesa,30,Central Midfield,CD Leganés,loan transfer,out,Summer,NA,Primera Division,2019,2019/2020
Sevilla FC,Sébastien Corchia,28,Right-Back,Espanyol,loan transfer,out,Summer,NA,Primera Division,2019,2019/2020
Sevilla FC,Joris Gnagnon,22,Centre-Back,Stade Rennais,loan transfer,out,Summer,NA,Primera Division,2019,2019/2020
Sevilla FC,Sergio Rico,26,Goalkeeper,Paris SG,loan transfer,out,Summer,NA,Primera Division,2019,2019/2020
Sevilla FC,Ibrahim Amadou,26,Defensive Midfield,Norwich,loan transfer,out,Summer,NA,Primera Division,2019,2019/2020
Sevilla FC,Juan Soriano,21,Goalkeeper,CD Leganés,loan transfer,out,Summer,NA,Primera Division,2019,2019/2020
Sevilla FC,Giorgi Aburjania,24,Central Midfield,Twente FC,loan transfer,out,Summer,NA,Primera Division,2019,2019/2020
Sevilla FC,Aleix Vidal,29,Right-Back,Alavés,loan transfer,out,Summer,NA,Primera Division,2019,2019/2020
Sevilla FC,Marc Gual,23,Centre-Forward,Girona,loan transfer,out,Summer,NA,Primera Division,2019,2019/2020
Sevilla FC,André Silva,23,Centre-Forward,AC Milan,"End of loanJun 30, 2019",out,Summer,0,Primera Division,2019,2019/2020
Sevilla FC,Maxime Gonalons,30,Defensive Midfield,AS Roma,"End of loanJun 30, 2019",out,Summer,0,Primera Division,2019,2019/2020
Sevilla FC,Maximilian Wöber,21,Centre-Back,Ajax,"End of loanJun 30, 2019",out,Summer,0,Primera Division,2019,2019/2020
Sevilla FC,Marko Rog,23,Central Midfield,SSC Napoli,"End of loanJun 30, 2019",out,Summer,0,Primera Division,2019,2019/2020
Athletic Bilbao,Hodei Oleaga,22,Goalkeeper,Bilbao Athletic,-,in,Summer,0,Primera Division,2019,2019/2020
Athletic Bilbao,Iñigo Vicente,21,Left Winger,Bilbao Athletic,-,in,Summer,0,Primera Division,2019,2019/2020
Athletic Bilbao,Asier Villalibre,21,Centre-Forward,Bilbao Athletic,-,in,Summer,0,Primera Division,2019,2019/2020
Athletic Bilbao,Gaizka Larrazabal,21,Right Winger,Bilbao Athletic,-,in,Summer,0,Primera Division,2019,2019/2020
Athletic Bilbao,Peru Nolaskoain,20,Defensive Midfield,Bilbao Athletic,-,in,Summer,0,Primera Division,2019,2019/2020
Athletic Bilbao,Cristian Ganea,27,Left-Back,CD Numancia,"End of loanJun 30, 2019",in,Summer,0,Primera Division,2019,2019/2020
Athletic Bilbao,Sabin Merino,27,Centre-Forward,CD Leganés,"End of loanJun 30, 2019",in,Summer,0,Primera Division,2019,2019/2020
Athletic Bilbao,Andoni López,23,Left-Back,UD Almería,"End of loanJun 30, 2019",in,Summer,0,Primera Division,2019,2019/2020
Athletic Bilbao,Xabi Etxeita,31,Centre-Back,SD Huesca,"End of loanJun 30, 2019",in,Summer,0,Primera Division,2019,2019/2020
Athletic Bilbao,Mikel Vesga,26,Defensive Midfield,CD Leganés,"End of loanJun 30, 2019",in,Summer,0,Primera Division,2019,2019/2020
Athletic Bilbao,Xabi Etxeita,31,Centre-Back,Getafe,free transfer,out,Summer,NA,Primera Division,2019,2019/2020
Athletic Bilbao,Sabin Merino,27,Centre-Forward,CD Leganés,free transfer,out,Summer,NA,Primera Division,2019,2019/2020
Athletic Bilbao,Álex Remiro,24,Goalkeeper,Real Sociedad,free transfer,out,Summer,NA,Primera Division,2019,2019/2020
Athletic Bilbao,Mikel Rico,34,Central Midfield,SD Huesca,free transfer,out,Summer,NA,Primera Division,2019,2019/2020
Athletic Bilbao,Ander Iturraspe,30,Defensive Midfield,Espanyol,free transfer,out,Summer,NA,Primera Division,2019,2019/2020
Athletic Bilbao,Hodei Oleaga,22,Goalkeeper,UD Melilla,loan transfer,out,Summer,NA,Primera Division,2019,2019/2020
Athletic Bilbao,Peru Nolaskoain,20,Defensive Midfield,Dep. La Coruña,loan transfer,out,Summer,NA,Primera Division,2019,2019/2020
Athletic Bilbao,Andoni López,23,Left-Back,Elche CF,loan transfer,out,Summer,NA,Primera Division,2019,2019/2020
Athletic Bilbao,Iñigo Vicente,21,Left Winger,CD Mirandés,loan transfer,out,Summer,NA,Primera Division,2019,2019/2020
Athletic Bilbao,Aritz Aduriz,39,Centre-Forward,Retired,-,out,Summer,0,Primera Division,2019,2019/2020
Athletic Bilbao,Markel Susaeta,31,Right Winger,Without Club,-,out,Summer,0,Primera Division,2019,2019/2020
Real Sociedad,Alexander Isak,19,Centre-Forward,Bor. Dortmund,£13.50m,in,Summer,13.5,Primera Division,2019,2019/2020
Real Sociedad,Portu,27,Right Winger,Girona,£9.00m,in,Summer,9,Primera Division,2019,2019/2020
Real Sociedad,Modibo Sagnan,20,Centre-Back,Lens,£4.05m,in,Summer,4.05,Primera Division,2019,2019/2020
Real Sociedad,Martin Ødegaard,20,Attacking Midfield,Real Madrid,Loan fee:£1.80m,in,Summer,1.8,Primera Division,2019,2019/2020
Real Sociedad,Nacho Monreal,33,Left-Back,Arsenal,£225Th.,in,Summer,0.225,Primera Division,2019,2019/2020
Real Sociedad,Álex Remiro,24,Goalkeeper,Athletic,free transfer,in,Summer,NA,Primera Division,2019,2019/2020
Real Sociedad,Robin Le Normand,22,Centre-Back,Real Sociedad B,-,in,Summer,0,Primera Division,2019,2019/2020
Real Sociedad,Ander Guevara,21,Central Midfield,Real Sociedad B,-,in,Summer,0,Primera Division,2019,2019/2020
Real Sociedad,Aihen Muñoz,21,Left-Back,Real Sociedad B,-,in,Summer,0,Primera Division,2019,2019/2020
Real Sociedad,Ander Barrenetxea,17,Left Winger,Real Sociedad B,-,in,Summer,0,Primera Division,2019,2019/2020
Real Sociedad,Jon Guridi,24,Central Midfield,CD Mirandés,"End of loanJun 30, 2019",in,Summer,0,Primera Division,2019,2019/2020
Real Sociedad,Eneko Capilla,24,Attacking Midfield,CyD Leonesa,"End of loanJun 30, 2019",in,Summer,0,Primera Division,2019,2019/2020
Real Sociedad,Juanmi,26,Left Winger,Real Betis,£7.20m,out,Summer,7.2,Primera Division,2019,2019/2020
Real Sociedad,Gerónimo Rulli,27,Goalkeeper,Montpellier,Loan fee:£1.35m,out,Summer,1.35,Primera Division,2019,2019/2020
Real Sociedad,Héctor Moreno,31,Centre-Back,Al-Gharafa SC,free transfer,out,Summer,NA,Primera Division,2019,2019/2020
Real Sociedad,Eneko Capilla,24,Attacking Midfield,Asteras Tripoli,free transfer,out,Summer,NA,Primera Division,2019,2019/2020
Real Sociedad,Kévin Rodrigues,25,Left-Back,CD Leganés,loan transfer,out,Summer,NA,Primera Division,2019,2019/2020
Real Sociedad,Raúl Navas,31,Centre-Back,CA Osasuna,loan transfer,out,Summer,NA,Primera Division,2019,2019/2020
Real Sociedad,Martín Merquelanz,24,Left Winger,CD Mirandés,loan transfer,out,Summer,NA,Primera Division,2019,2019/2020
Real Sociedad,Jon Guridi,24,Central Midfield,CD Mirandés,loan transfer,out,Summer,NA,Primera Division,2019,2019/2020
Real Sociedad,Jon Bautista,24,Centre-Forward,KAS Eupen,loan transfer,out,Summer,NA,Primera Division,2019,2019/2020
Real Sociedad,Sandro Ramírez,23,Centre-Forward,Everton,"End of loanJun 30, 2019",out,Summer,0,Primera Division,2019,2019/2020
Real Sociedad,Theo Hernández,21,Left-Back,Real Madrid,"End of loanJun 30, 2019",out,Summer,0,Primera Division,2019,2019/2020
RCD Espanyol Barcelona,Matías Vargas,22,Left Winger,Vélez Sarsfield,£9.45m,in,Summer,9.45,Primera Division,2019,2019/2020
RCD Espanyol Barcelona,Fernando Calero,23,Centre-Back,Real Valladolid,£7.20m,in,Summer,7.2,Primera Division,2019,2019/2020
RCD Espanyol Barcelona,Andrés Prieto,25,Goalkeeper,CD Leganés,free transfer,in,Summer,NA,Primera Division,2019,2019/2020
RCD Espanyol Barcelona,Ander Iturraspe,30,Defensive Midfield,Athletic,free transfer,in,Summer,NA,Primera Division,2019,2019/2020
RCD Espanyol Barcelona,Bernardo Espinosa,29,Centre-Back,Girona,loan transfer,in,Summer,NA,Primera Division,2019,2019/2020
RCD Espanyol Barcelona,Sébastien Corchia,28,Right-Back,Sevilla FC,loan transfer,in,Summer,NA,Primera Division,2019,2019/2020
RCD Espanyol Barcelona,Jonathan Calleri,25,Centre-Forward,Maldonado,loan transfer,in,Summer,NA,Primera Division,2019,2019/2020
RCD Espanyol Barcelona,Víctor Gómez,19,Right-Back,RCD Espanyol B,-,in,Summer,0,Primera Division,2019,2019/2020
RCD Espanyol Barcelona,Víctor Campuzano,22,Centre-Forward,RCD Espanyol B,-,in,Summer,0,Primera Division,2019,2019/2020
RCD Espanyol Barcelona,Lluís López,22,Centre-Back,RCD Espanyol B,-,in,Summer,0,Primera Division,2019,2019/2020
RCD Espanyol Barcelona,Adrià Pedrosa,21,Left-Back,RCD Espanyol B,-,in,Summer,0,Primera Division,2019,2019/2020
RCD Espanyol Barcelona,Pipa,21,Right-Back,Gimnàstic,"End of loanJun 30, 2019",in,Summer,0,Primera Division,2019,2019/2020
RCD Espanyol Barcelona,Álvaro Vázquez,28,Centre-Forward,Real Zaragoza,"End of loanJun 30, 2019",in,Summer,0,Primera Division,2019,2019/2020
RCD Espanyol Barcelona,Aarón Martín,22,Left-Back,1.FSV Mainz 05,"End of loanJun 30, 2019",in,Summer,0,Primera Division,2019,2019/2020
RCD Espanyol Barcelona,Borja Iglesias,26,Centre-Forward,Real Betis,£25.20m,out,Summer,25.2,Primera Division,2019,2019/2020
RCD Espanyol Barcelona,Mario Hermoso,24,Centre-Back,Atlético Madrid,£22.50m,out,Summer,22.5,Primera Division,2019,2019/2020
RCD Espanyol Barcelona,Aarón Martín,22,Left-Back,1.FSV Mainz 05,£5.40m,out,Summer,5.4,Primera Division,2019,2019/2020
RCD Espanyol Barcelona,Roberto,33,Goalkeeper,West Ham,free transfer,out,Summer,NA,Primera Division,2019,2019/2020
RCD Espanyol Barcelona,Hernán Pérez,30,Right Winger,Al-Ahli SC,free transfer,out,Summer,NA,Primera Division,2019,2019/2020
RCD Espanyol Barcelona,Álvaro Vázquez,28,Centre-Forward,Sporting Gijón,free transfer,out,Summer,NA,Primera Division,2019,2019/2020
RCD Espanyol Barcelona,Óscar Duarte,30,Centre-Back,Levante,free transfer,out,Summer,NA,Primera Division,2019,2019/2020
RCD Espanyol Barcelona,Álex López,22,Central Midfield,CD Lugo,loan transfer,out,Summer,NA,Primera Division,2019,2019/2020
RCD Espanyol Barcelona,Sergio García,36,Centre-Forward,Without Club,-,out,Summer,0,Primera Division,2019,2019/2020
RCD Espanyol Barcelona,Alfa Semedo,21,Defensive Midfield,Benfica,"End of loanJun 30, 2019",out,Summer,0,Primera Division,2019,2019/2020
RCD Espanyol Barcelona,Roberto Rosales,30,Right-Back,Málaga CF,"End of loanJun 30, 2019",out,Summer,0,Primera Division,2019,2019/2020
Deportivo Alavés,Lucas Pérez,30,Centre-Forward,West Ham,£2.07m,in,Summer,2.07,Primera Division,2019,2019/2020
Deportivo Alavés,Joselu,29,Centre-Forward,Newcastle,£2.02m,in,Summer,2.02,Primera Division,2019,2019/2020
Deportivo Alavés,Ramón Miérez,22,Centre-Forward,Tigre,£2.01m,in,Summer,2.01,Primera Division,2019,2019/2020
Deportivo Alavés,Pere Pons,26,Defensive Midfield,Girona,£1.80m,in,Summer,1.8,Primera Division,2019,2019/2020
Deportivo Alavés,Luis Rioja,25,Left Winger,UD Almería,£1.80m,in,Summer,1.8,Primera Division,2019,2019/2020
Deportivo Alavés,Olivier Verdon,23,Centre-Back,FC Sochaux,free transfer,in,Summer,NA,Primera Division,2019,2019/2020
Deportivo Alavés,Saúl García,24,Left-Back,Dep. La Coruña,free transfer,in,Summer,NA,Primera Division,2019,2019/2020
Deportivo Alavés,Tachi,21,Centre-Back,Atl. Madrid B,free transfer,in,Summer,NA,Primera Division,2019,2019/2020
Deportivo Alavés,Jeando Fuchs,21,Defensive Midfield,FC Sochaux,?,in,Summer,NA,Primera Division,2019,2019/2020
Deportivo Alavés,Lisandro Magallán,25,Centre-Back,Ajax,loan transfer,in,Summer,NA,Primera Division,2019,2019/2020
Deportivo Alavés,Oliver Burke,22,Centre-Forward,West Brom,loan transfer,in,Summer,NA,Primera Division,2019,2019/2020
Deportivo Alavés,Aleix Vidal,29,Right-Back,Sevilla FC,loan transfer,in,Summer,NA,Primera Division,2019,2019/2020
Deportivo Alavés,Borja Sainz,18,Left Winger,Alavés U19,-,in,Summer,0,Primera Division,2019,2019/2020
Deportivo Alavés,Anderson Cruz,23,Left Winger,FC Sochaux,"End of loanJun 30, 2019",in,Summer,0,Primera Division,2019,2019/2020
Deportivo Alavés,Rafa Páez,24,Centre-Back,FC Sochaux,"End of loanJun 30, 2019",in,Summer,0,Primera Division,2019,2019/2020
Deportivo Alavés,Rafa Navarro,25,Right-Back,FC Sochaux,"End of loanJun 30, 2019",in,Summer,0,Primera Division,2019,2019/2020
Deportivo Alavés,Javi Muñoz,24,Central Midfield,Real Oviedo,"End of loanJun 30, 2019",in,Summer,0,Primera Division,2019,2019/2020
Deportivo Alavés,Cristian Glauder,23,Left-Back,CF Fuenlabrada,"End of loanJun 30, 2019",in,Summer,0,Primera Division,2019,2019/2020
Deportivo Alavés,Ermedin Demirovic,21,Centre-Forward,UD Almería,"End of loanJun 30, 2019",in,Summer,0,Primera Division,2019,2019/2020
Deportivo Alavés,Nando García,25,Right Winger,Extremadura,"End of loanJun 30, 2019",in,Summer,0,Primera Division,2019,2019/2020
Deportivo Alavés,Dani Torres,29,Central Midfield,Albacete,"End of loanJun 30, 2019",in,Summer,0,Primera Division,2019,2019/2020
Deportivo Alavés,Adrián Diéguez,23,Centre-Back,SD Huesca,"End of loanJun 30, 2019",in,Summer,0,Primera Division,2019,2019/2020
Deportivo Alavés,Guillermo Maripán,25,Centre-Back,Monaco,£16.20m,out,Summer,16.2,Primera Division,2019,2019/2020
Deportivo Alavés,Nando García,25,Right Winger,Arka Gdynia,free transfer,out,Summer,NA,Primera Division,2019,2019/2020
Deportivo Alavés,Cristian Glauder,23,Left-Back,CF Fuenlabrada,free transfer,out,Summer,NA,Primera Division,2019,2019/2020
Deportivo Alavés,Carlos Vigaray,24,Right-Back,Real Zaragoza,free transfer,out,Summer,NA,Primera Division,2019,2019/2020
Deportivo Alavés,Anderson Cruz,23,Left Winger,CF Fuenlabrada,loan transfer,out,Summer,NA,Primera Division,2019,2019/2020
Deportivo Alavés,Adrián Diéguez,23,Centre-Back,Alcorcón,loan transfer,out,Summer,NA,Primera Division,2019,2019/2020
Deportivo Alavés,Saúl García,24,Left-Back,Rayo Vallecano,loan transfer,out,Summer,NA,Primera Division,2019,2019/2020
Deportivo Alavés,Ermedin Demirovic,21,Centre-Forward,FC St. Gallen,loan transfer,out,Summer,NA,Primera Division,2019,2019/2020
Deportivo Alavés,Olivier Verdon,23,Centre-Back,KAS Eupen,loan transfer,out,Summer,NA,Primera Division,2019,2019/2020
Deportivo Alavés,Patrick Twumasi,25,Right Winger,Gaziantep FK,loan transfer,out,Summer,NA,Primera Division,2019,2019/2020
Deportivo Alavés,Rafa Páez,24,Centre-Back,NK Istra,loan transfer,out,Summer,NA,Primera Division,2019,2019/2020
Deportivo Alavés,Jeando Fuchs,21,Defensive Midfield,Maccabi Haifa,loan transfer,out,Summer,NA,Primera Division,2019,2019/2020
Deportivo Alavés,Ramón Miérez,22,Centre-Forward,CD Tenerife,loan transfer,out,Summer,NA,Primera Division,2019,2019/2020
Deportivo Alavés,Álex Blanco,20,Left Winger,Valencia,"End of loanJun 30, 2019",out,Summer,0,Primera Division,2019,2019/2020
Deportivo Alavés,Jony,27,Left Winger,Málaga CF,"End of loanJun 30, 2019",out,Summer,0,Primera Division,2019,2019/2020
Deportivo Alavés,Borja Bastón,26,Centre-Forward,Swansea,"End of loanJun 30, 2019",out,Summer,0,Primera Division,2019,2019/2020
Deportivo Alavés,Diego Rolán,26,Centre-Forward,Dep. La Coruña,"End of loanJun 30, 2019",out,Summer,0,Primera Division,2019,2019/2020
Deportivo Alavés,Darko Brasanac,27,Central Midfield,Real Betis,"End of loanJun 30, 2019",out,Summer,0,Primera Division,2019,2019/2020
Deportivo Alavés,Takashi Inui,31,Left Winger,Real Betis,"End of loanJun 30, 2019",out,Summer,0,Primera Division,2019,2019/2020
Deportivo Alavés,Jonathan Calleri,25,Centre-Forward,Maldonado,"End of loanJun 30, 2019",out,Summer,0,Primera Division,2019,2019/2020
SD Eibar,Edu Expósito,22,Central Midfield,Dep. La Coruña,£3.60m,in,Summer,3.6,Primera Division,2019,2019/2020
SD Eibar,Quique González,29,Centre-Forward,Dep. La Coruña,£2.97m,in,Summer,2.97,Primera Division,2019,2019/2020
SD Eibar,Pedro Bigas,29,Centre-Back,UD Las Palmas,£2.70m,in,Summer,2.7,Primera Division,2019,2019/2020
SD Eibar,Roberto Olabe,23,Central Midfield,Atl. Madrid B,£2.70m,in,Summer,2.7,Primera Division,2019,2019/2020
SD Eibar,Takashi Inui,31,Left Winger,Real Betis,£1.80m,in,Summer,1.8,Primera Division,2019,2019/2020
SD Eibar,Marc Cucurella,20,Left-Back,Barcelona,£1.80m,in,Summer,1.8,Primera Division,2019,2019/2020
SD Eibar,Rober Correa,26,Right-Back,Cádiz CF,free transfer,in,Summer,NA,Primera Division,2019,2019/2020
SD Eibar,Asier Benito,24,Centre-Forward,Bilbao Athletic,free transfer,in,Summer,NA,Primera Division,2019,2019/2020
SD Eibar,Rubén Lobato,25,Left-Back,Oviedo Vetusta,free transfer,in,Summer,NA,Primera Division,2019,2019/2020
SD Eibar,Esteban Burgos,27,Centre-Back,Alcorcón,free transfer,in,Summer,NA,Primera Division,2019,2019/2020
SD Eibar,Álvaro Tejero,22,Right-Back,RM Castilla,free transfer,in,Summer,NA,Primera Division,2019,2019/2020
SD Eibar,José Antonio Martínez,26,Centre-Back,Granada CF,"End of loanJun 30, 2019",in,Summer,0,Primera Division,2019,2019/2020
SD Eibar,Nano Mesa,24,Centre-Forward,CD Tenerife,"End of loanJun 30, 2019",in,Summer,0,Primera Division,2019,2019/2020
SD Eibar,Unai Elgezabal,26,Centre-Back,Alcorcón,"End of loanJun 30, 2019",in,Summer,0,Primera Division,2019,2019/2020
SD Eibar,Yoel Rodríguez,30,Goalkeeper,Real Valladolid,"End of loanJun 30, 2019",in,Summer,0,Primera Division,2019,2019/2020
SD Eibar,Pablo Hervías,26,Right Winger,Real Valladolid,"End of loanJun 30, 2019",in,Summer,0,Primera Division,2019,2019/2020
SD Eibar,Joan Jordán,24,Central Midfield,Sevilla FC,£12.60m,out,Summer,12.6,Primera Division,2019,2019/2020
SD Eibar,Rubén Peña,27,Right-Back,Villarreal,£7.20m,out,Summer,7.2,Primera Division,2019,2019/2020
SD Eibar,Marc Cucurella,20,Left-Back,Barcelona,£3.60m,out,Summer,3.6,Primera Division,2019,2019/2020
SD Eibar,Pablo Hervías,26,Right Winger,Real Valladolid,£900Th.,out,Summer,0.9,Primera Division,2019,2019/2020
SD Eibar,Asier Riesgo,35,Goalkeeper,Girona,free transfer,out,Summer,NA,Primera Division,2019,2019/2020
SD Eibar,Unai Elgezabal,26,Centre-Back,Alcorcón,free transfer,out,Summer,NA,Primera Division,2019,2019/2020
SD Eibar,Rubén Lobato,25,Left-Back,Getafe CF B,free transfer,out,Summer,NA,Primera Division,2019,2019/2020
SD Eibar,Pere Milla,26,Second Striker,Elche CF,free transfer,out,Summer,NA,Primera Division,2019,2019/2020
SD Eibar,Jordi Calavera,24,Right-Back,Girona,loan transfer,out,Summer,NA,Primera Division,2019,2019/2020
SD Eibar,Nano Mesa,24,Centre-Forward,Cádiz CF,loan transfer,out,Summer,NA,Primera Division,2019,2019/2020
SD Eibar,José Antonio Martínez,26,Centre-Back,Granada CF,loan transfer,out,Summer,NA,Primera Division,2019,2019/2020
SD Eibar,Asier Benito,24,Centre-Forward,Ponferradina,loan transfer,out,Summer,NA,Primera Division,2019,2019/2020
SD Eibar,Roberto Olabe,23,Central Midfield,Albacete,loan transfer,out,Summer,NA,Primera Division,2019,2019/2020
SD Eibar,Pedro Bigas,29,Centre-Back,UD Las Palmas,"End of loanJun 30, 2019",out,Summer,0,Primera Division,2019,2019/2020
SD Eibar,Marc Cucurella,20,Left-Back,Barcelona,"End of loanJun 30, 2019",out,Summer,0,Primera Division,2019,2019/2020
SD Eibar,Marc Cardona,23,Centre-Forward,Barcelona,"End of loanJun 30, 2019",out,Summer,0,Primera Division,2019,2019/2020
CD Leganés,Martin Braithwaite,28,Centre-Forward,Middlesbrough,£4.50m,in,Summer,4.5,Primera Division,2019,2019/2020
CD Leganés,Kenneth Omeruo,25,Centre-Back,Chelsea,£4.50m,in,Summer,4.5,Primera Division,2019,2019/2020
CD Leganés,Jonathan Silva,25,Left-Back,Sporting CP,£2.43m,in,Summer,2.43,Primera Division,2019,2019/2020
CD Leganés,Juan Muñoz,23,Centre-Forward,Alcorcón,£1.35m,in,Summer,1.35,Primera Division,2019,2019/2020
CD Leganés,Roberto Rosales,30,Right-Back,Málaga CF,£1.08m,in,Summer,1.08,Primera Division,2019,2019/2020
CD Leganés,Fede Varela,22,Attacking Midfield,FC Porto B,£900Th.,in,Summer,0.9,Primera Division,2019,2019/2020
CD Leganés,Sabin Merino,27,Centre-Forward,Athletic,free transfer,in,Summer,NA,Primera Division,2019,2019/2020
CD Leganés,Álex Martín,21,Centre-Back,RM Castilla,free transfer,in,Summer,NA,Primera Division,2019,2019/2020
CD Leganés,Guido Carrillo,28,Centre-Forward,Southampton,loan transfer,in,Summer,NA,Primera Division,2019,2019/2020
CD Leganés,Chidozie Awaziem,22,Centre-Back,FC Porto,loan transfer,in,Summer,NA,Primera Division,2019,2019/2020
CD Leganés,Christian Rivera,22,Central Midfield,UD Las Palmas,loan transfer,in,Summer,NA,Primera Division,2019,2019/2020
CD Leganés,Kévin Rodrigues,25,Left-Back,Real Sociedad,loan transfer,in,Summer,NA,Primera Division,2019,2019/2020
CD Leganés,Roque Mesa,30,Central Midfield,Sevilla FC,loan transfer,in,Summer,NA,Primera Division,2019,2019/2020
CD Leganés,Aitor Ruibal,23,Right Winger,Real Betis,loan transfer,in,Summer,NA,Primera Division,2019,2019/2020
CD Leganés,Juan Soriano,21,Goalkeeper,Sevilla FC,loan transfer,in,Summer,NA,Primera Division,2019,2019/2020
CD Leganés,Kleandro Lleshi,19,Defensive Midfield,CD Leganés B,-,in,Summer,0,Primera Division,2019,2019/2020
CD Leganés,Fede Vico,24,Attacking Midfield,Granada CF,"End of loanJun 30, 2019",in,Summer,0,Primera Division,2019,2019/2020
CD Leganés,Owusu,22,Centre-Forward,Salamanca CF,"End of loanJun 30, 2019",in,Summer,0,Primera Division,2019,2019/2020
CD Leganés,Mamadou Koné,27,Centre-Forward,Málaga CF,"End of loanJun 30, 2019",in,Summer,0,Primera Division,2019,2019/2020
CD Leganés,Facundo García,19,Central Midfield,AEK Larnaca,"End of loanJun 30, 2019",in,Summer,0,Primera Division,2019,2019/2020
CD Leganés,William de Camargo,20,Right Winger,Karpaty,"End of loanJun 30, 2019",in,Summer,0,Primera Division,2019,2019/2020
CD Leganés,Luciano,26,Second Striker,Fluminense,"End of loanJul 28, 2019",in,Summer,0,Primera Division,2019,2019/2020
CD Leganés,Dani Ojeda,24,Left Winger,Granada CF,"End of loanJun 30, 2019",in,Summer,0,Primera Division,2019,2019/2020
CD Leganés,Josua Mejías,21,Centre-Back,FC Cartagena,"End of loanJun 30, 2019",in,Summer,0,Primera Division,2019,2019/2020
CD Leganés,Luciano,26,Second Striker,Grêmio,£900Th.,out,Summer,0.9,Primera Division,2019,2019/2020
CD Leganés,Gerard Gumbau,24,Defensive Midfield,Girona,£450Th.,out,Summer,0.45,Primera Division,2019,2019/2020
CD Leganés,Juan Muñoz,23,Centre-Forward,UD Almería,Loan fee:£243Th.,out,Summer,0.243,Primera Division,2019,2019/2020
CD Leganés,Fede Vico,24,Attacking Midfield,Granada CF,£225Th.,out,Summer,0.225,Primera Division,2019,2019/2020
CD Leganés,Andrés Prieto,25,Goalkeeper,Espanyol,free transfer,out,Summer,NA,Primera Division,2019,2019/2020
CD Leganés,Ezequiel Muñoz,28,Centre-Back,Lanús,free transfer,out,Summer,NA,Primera Division,2019,2019/2020
CD Leganés,Nabil El Zhar,32,Right Winger,Al-Ahli SC,free transfer,out,Summer,NA,Primera Division,2019,2019/2020
CD Leganés,Álex Martín,21,Centre-Back,FC Cartagena,loan transfer,out,Summer,NA,Primera Division,2019,2019/2020
CD Leganés,Mamadou Koné,27,Centre-Forward,Dep. La Coruña,loan transfer,out,Summer,NA,Primera Division,2019,2019/2020
CD Leganés,Facundo García,19,Central Midfield,AEK Larnaca,loan transfer,out,Summer,NA,Primera Division,2019,2019/2020
CD Leganés,William de Camargo,20,Right Winger,FC Cartagena,loan transfer,out,Summer,NA,Primera Division,2019,2019/2020
CD Leganés,Kleandro Lleshi,19,Defensive Midfield,CF Fuenlabrada,loan transfer,out,Summer,NA,Primera Division,2019,2019/2020
CD Leganés,Owusu,22,Centre-Forward,Córdoba CF,loan transfer,out,Summer,NA,Primera Division,2019,2019/2020
CD Leganés,Josua Mejías,22,Centre-Back,Atl. Madrid B,loan transfer,out,Summer,NA,Primera Division,2019,2019/2020
CD Leganés,Dani Ojeda,24,Left Winger,Albacete,loan transfer,out,Summer,NA,Primera Division,2019,2019/2020
CD Leganés,Mikel Vesga,26,Defensive Midfield,Athletic,"End of loanJun 30, 2019",out,Summer,0,Primera Division,2019,2019/2020
CD Leganés,Guido Carrillo,28,Centre-Forward,Southampton,"End of loanJun 30, 2019",out,Summer,0,Primera Division,2019,2019/2020
CD Leganés,Juanfran,30,Right-Back,Dep. La Coruña,"End of loanJun 30, 2019",out,Summer,0,Primera Division,2019,2019/2020
CD Leganés,Jonathan Silva,25,Left-Back,Sporting CP,"End of loanJun 30, 2019",out,Summer,0,Primera Division,2019,2019/2020
CD Leganés,Michael Santos,26,Centre-Forward,Málaga CF,"End of loanJun 30, 2019",out,Summer,0,Primera Division,2019,2019/2020
CD Leganés,Kenneth Omeruo,25,Centre-Back,Chelsea,"End of loanJun 30, 2019",out,Summer,0,Primera Division,2019,2019/2020
CD Leganés,Allan Nyom,31,Right-Back,West Brom,"End of loanJun 30, 2019",out,Summer,0,Primera Division,2019,2019/2020
CD Leganés,Andriy Lunin,20,Goalkeeper,Real Madrid,"End of loanJun 30, 2019",out,Summer,0,Primera Division,2019,2019/2020
CD Leganés,Sabin Merino,27,Centre-Forward,Athletic,"End of loanJun 30, 2019",out,Summer,0,Primera Division,2019,2019/2020
CD Leganés,Martin Braithwaite,28,Centre-Forward,Middlesbrough,"End of loanJun 30, 2019",out,Summer,0,Primera Division,2019,2019/2020
CD Leganés,Diego Reyes,26,Centre-Back,Fenerbahce,"End of loanJun 30, 2019",out,Summer,0,Primera Division,2019,2019/2020
Real Betis Balompié,Borja Iglesias,26,Centre-Forward,Espanyol,£25.20m,in,Summer,25.2,Primera Division,2019,2019/2020
Real Betis Balompié,Giovani Lo Celso,23,Central Midfield,Paris SG,£19.80m,in,Summer,19.8,Primera Division,2019,2019/2020
Real Betis Balompié,Nabil Fekir,26,Attacking Midfield,Olympique Lyon,£17.78m,in,Summer,17.78,Primera Division,2019,2019/2020
Real Betis Balompié,Juanmi,26,Left Winger,Real Sociedad,£7.20m,in,Summer,7.2,Primera Division,2019,2019/2020
Real Betis Balompié,Álex Moreno,26,Left-Back,Rayo Vallecano,£6.30m,in,Summer,6.3,Primera Division,2019,2019/2020
Real Betis Balompié,Dani Martín,21,Goalkeeper,Sporting Gijón,£4.50m,in,Summer,4.5,Primera Division,2019,2019/2020
Real Betis Balompié,Alfonso Pedraza,23,Left-Back,Villarreal,loan transfer,in,Summer,NA,Primera Division,2019,2019/2020
Real Betis Balompié,Aitor Ruibal,23,Right Winger,Betis Deportivo,-,in,Summer,0,Primera Division,2019,2019/2020
Real Betis Balompié,Víctor Camarasa,25,Central Midfield,Cardiff,"End of loanJun 30, 2019",in,Summer,0,Primera Division,2019,2019/2020
Real Betis Balompié,Wilfrid Kaptoum,24,Central Midfield,UD Almería,"End of loanAug 17, 2020",in,Summer,0,Primera Division,2019,2019/2020
Real Betis Balompié,Álex Alegría,26,Centre-Forward,Sporting Gijón,"End of loanJun 30, 2019",in,Summer,0,Primera Division,2019,2019/2020
Real Betis Balompié,Ryad Boudebouz,29,Attacking Midfield,Celta de Vigo,"End of loanJun 30, 2019",in,Summer,0,Primera Division,2019,2019/2020
Real Betis Balompié,Takashi Inui,31,Left Winger,Alavés,"End of loanJun 30, 2019",in,Summer,0,Primera Division,2019,2019/2020
Real Betis Balompié,Juanjo Narváez,24,Centre-Forward,UD Almería,"End of loanJun 30, 2019",in,Summer,0,Primera Division,2019,2019/2020
Real Betis Balompié,Darko Brasanac,27,Central Midfield,Alavés,"End of loanJun 30, 2019",in,Summer,0,Primera Division,2019,2019/2020
Real Betis Balompié,Alin Tosca,27,Centre-Back,PAOK Salonika,"End of loanJun 30, 2019",in,Summer,0,Primera Division,2019,2019/2020
Real Betis Balompié,Liberto Beltrán,22,Left Winger,CyD Leonesa,"End of loanJun 30, 2019",in,Summer,0,Primera Division,2019,2019/2020
Real Betis Balompié,Pau López,24,Goalkeeper,AS Roma,£21.15m,out,Summer,21.15,Primera Division,2019,2019/2020
Real Betis Balompié,Junior Firpo,22,Left-Back,Barcelona,£18.00m,out,Summer,18,Primera Division,2019,2019/2020
Real Betis Balompié,Giovani Lo Celso,23,Central Midfield,Spurs,Loan fee:£14.40m,out,Summer,14.4,Primera Division,2019,2019/2020
Real Betis Balompié,Sergio León,30,Centre-Forward,Levante,£3.60m,out,Summer,3.6,Primera Division,2019,2019/2020
Real Betis Balompié,Ryad Boudebouz,29,Attacking Midfield,Saint-Étienne,£3.15m,out,Summer,3.15,Primera Division,2019,2019/2020
Real Betis Balompié,Takashi Inui,31,Left Winger,SD Eibar,£1.80m,out,Summer,1.8,Primera Division,2019,2019/2020
Real Betis Balompié,Víctor Camarasa,25,Central Midfield,Crystal Palace,Loan fee:£1.35m,out,Summer,1.35,Primera Division,2019,2019/2020
Real Betis Balompié,Darko Brasanac,27,Central Midfield,CA Osasuna,£900Th.,out,Summer,0.9,Primera Division,2019,2019/2020
Real Betis Balompié,Álex Alegría,26,Centre-Forward,RCD Mallorca,free transfer,out,Summer,NA,Primera Division,2019,2019/2020
Real Betis Balompié,Alin Tosca,27,Centre-Back,Gaziantep FK,free transfer,out,Summer,NA,Primera Division,2019,2019/2020
Real Betis Balompié,Aitor Ruibal,23,Right Winger,CD Leganés,loan transfer,out,Summer,NA,Primera Division,2019,2019/2020
Real Betis Balompié,Liberto Beltrán,22,Left Winger,Lleida Esportiu,loan transfer,out,Summer,NA,Primera Division,2019,2019/2020
Real Betis Balompié,Juanjo Narváez,24,Centre-Forward,UD Las Palmas,loan transfer,out,Summer,NA,Primera Division,2019,2019/2020
Real Betis Balompié,Jesé,26,Centre-Forward,Paris SG,"End of loanJun 30, 2019",out,Summer,0,Primera Division,2019,2019/2020
Real Betis Balompié,Giovani Lo Celso,23,Central Midfield,Paris SG,"End of loanJun 30, 2019",out,Summer,0,Primera Division,2019,2019/2020
Villarreal CF,Rubén Peña,27,Right-Back,SD Eibar,£7.20m,in,Summer,7.2,Primera Division,2019,2019/2020
Villarreal CF,Javi Ontiveros,21,Left Winger,Málaga CF,£6.75m,in,Summer,6.75,Primera Division,2019,2019/2020
Villarreal CF,Raúl Albiol,33,Centre-Back,SSC Napoli,£3.60m,in,Summer,3.6,Primera Division,2019,2019/2020
Villarreal CF,Moi Gómez,25,Left Winger,Sporting Gijón,£1.17m,in,Summer,1.17,Primera Division,2019,2019/2020
Villarreal CF,Alberto Moreno,27,Left-Back,Liverpool,free transfer,in,Summer,NA,Primera Division,2019,2019/2020
Villarreal CF,André Zambo Anguissa,23,Defensive Midfield,Fulham,loan transfer,in,Summer,NA,Primera Division,2019,2019/2020
Villarreal CF,Enric Franquesa,22,Left-Back,Villarreal CF B,-,in,Summer,0,Primera Division,2019,2019/2020
Villarreal CF,Xavi Quintillà,22,Left-Back,Villarreal CF B,-,in,Summer,0,Primera Division,2019,2019/2020
Villarreal CF,Juan Ibiza,23,Centre-Back,UD Almería,"End of loanJun 30, 2019",in,Summer,0,Primera Division,2019,2019/2020
Villarreal CF,Leo Suárez,23,Right Winger,RCD Mallorca,"End of loanJun 30, 2019",in,Summer,0,Primera Division,2019,2019/2020
Villarreal CF,Rúben Semedo,25,Centre-Back,Rio Ave FC,"End of loanJun 30, 2019",in,Summer,0,Primera Division,2019,2019/2020
Villarreal CF,Nicola Sansone,27,Left Winger,Bologna,"End of loanJun 30, 2019",in,Summer,0,Primera Division,2019,2019/2020
Villarreal CF,Roberto Soriano,28,Attacking Midfield,Bologna,"End of loanJun 30, 2019",in,Summer,0,Primera Division,2019,2019/2020
Villarreal CF,Denis Cheryshev,28,Left Winger,Valencia,"End of loanJun 30, 2019",in,Summer,0,Primera Division,2019,2019/2020
Villarreal CF,Alfred N'Diaye,29,Defensive Midfield,Málaga CF,"End of loanAug 30, 2019",in,Summer,0,Primera Division,2019,2019/2020
Villarreal CF,Pau Torres,22,Centre-Back,Málaga CF,"End of loanJun 30, 2019",in,Summer,0,Primera Division,2019,2019/2020
Villarreal CF,Pablo Fornals,23,Attacking Midfield,West Ham,£25.20m,out,Summer,25.2,Primera Division,2019,2019/2020
Villarreal CF,Nicola Sansone,27,Left Winger,Bologna,£7.20m,out,Summer,7.2,Primera Division,2019,2019/2020
Villarreal CF,Roberto Soriano,28,Attacking Midfield,Bologna,£7.20m,out,Summer,7.2,Primera Division,2019,2019/2020
Villarreal CF,Alfred N'Diaye,29,Defensive Midfield,Shabab,£5.40m,out,Summer,5.4,Primera Division,2019,2019/2020
Villarreal CF,Denis Cheryshev,28,Left Winger,Valencia,£5.40m,out,Summer,5.4,Primera Division,2019,2019/2020
Villarreal CF,Rúben Semedo,25,Centre-Back,Olympiacos,£4.05m,out,Summer,4.05,Primera Division,2019,2019/2020
Villarreal CF,Víctor Ruiz,30,Centre-Back,Besiktas,£2.25m,out,Summer,2.25,Primera Division,2019,2019/2020
Villarreal CF,Javi Fuego,35,Defensive Midfield,Sporting Gijón,free transfer,out,Summer,NA,Primera Division,2019,2019/2020
Villarreal CF,Juan Ibiza,23,Centre-Back,UD Almería,free transfer,out,Summer,NA,Primera Division,2019,2019/2020
Villarreal CF,Álvaro González,29,Centre-Back,Marseille,loan transfer,out,Summer,NA,Primera Division,2019,2019/2020
Villarreal CF,Enric Franquesa,22,Left-Back,CD Mirandés,loan transfer,out,Summer,NA,Primera Division,2019,2019/2020
Villarreal CF,Dani Raba,23,Right Winger,SD Huesca,loan transfer,out,Summer,NA,Primera Division,2019,2019/2020
Villarreal CF,Jaume Costa,31,Left-Back,Valencia,loan transfer,out,Summer,NA,Primera Division,2019,2019/2020
Villarreal CF,Miguelón,23,Right-Back,SD Huesca,loan transfer,out,Summer,NA,Primera Division,2019,2019/2020
Villarreal CF,Alfonso Pedraza,23,Left-Back,Real Betis,loan transfer,out,Summer,NA,Primera Division,2019,2019/2020
Villarreal CF,Daniele Bonera,38,Centre-Back,Retired,-,out,Summer,0,Primera Division,2019,2019/2020
Levante UD,Rúben Vezo,25,Centre-Back,Valencia,£4.50m,in,Summer,4.5,Primera Division,2019,2019/2020
Levante UD,Sergio León,30,Centre-Forward,Real Betis,£3.60m,in,Summer,3.6,Primera Division,2019,2019/2020
Levante UD,Gonzalo Melero,25,Central Midfield,SD Huesca,£3.24m,in,Summer,3.24,Primera Division,2019,2019/2020
Levante UD,Borja Mayoral,22,Centre-Forward,Real Madrid,Loan fee:£1.80m,in,Summer,1.8,Primera Division,2019,2019/2020
Levante UD,Óscar Duarte,30,Centre-Back,Espanyol,free transfer,in,Summer,NA,Primera Division,2019,2019/2020
Levante UD,Nemanja Radoja,26,Defensive Midfield,Celta de Vigo,free transfer,in,Summer,NA,Primera Division,2019,2019/2020
Levante UD,Carlos Clerc,27,Left-Back,CA Osasuna,free transfer,in,Summer,NA,Primera Division,2019,2019/2020
Levante UD,Jorge Miramón,30,Right-Back,SD Huesca,free transfer,in,Summer,NA,Primera Division,2019,2019/2020
Levante UD,Rober Pier,24,Centre-Back,Dep. La Coruña,free transfer,in,Summer,NA,Primera Division,2019,2019/2020
Levante UD,Hernâni,27,Right Winger,FC Porto,free transfer,in,Summer,NA,Primera Division,2019,2019/2020
Levante UD,Pepelu,20,Defensive Midfield,Atl. Levante,-,in,Summer,0,Primera Division,2019,2019/2020
Levante UD,Fran Manzanara,22,Central Midfield,Atl. Levante,-,in,Summer,0,Primera Division,2019,2019/2020
Levante UD,Armando Sadiku,28,Centre-Forward,FC Lugano,"End of loanJun 30, 2019",in,Summer,0,Primera Division,2019,2019/2020
Levante UD,Ivi López,25,Attacking Midfield,Sporting Gijón,"End of loanJun 30, 2019",in,Summer,0,Primera Division,2019,2019/2020
Levante UD,Sanjin Prcic,25,Central Midfield,R. Strasbourg,"End of loanJun 30, 2019",in,Summer,0,Primera Division,2019,2019/2020
Levante UD,Esteban Saveljich,28,Centre-Back,UD Almería,"End of loanJun 30, 2019",in,Summer,0,Primera Division,2019,2019/2020
Levante UD,Iván López,25,Right-Back,Gimnàstic,"End of loanJun 30, 2019",in,Summer,0,Primera Division,2019,2019/2020
Levante UD,Rubén García,25,Right Winger,CA Osasuna,"End of loanJun 30, 2019",in,Summer,0,Primera Division,2019,2019/2020
Levante UD,Rubén García,25,Right Winger,CA Osasuna,£3.15m,out,Summer,3.15,Primera Division,2019,2019/2020
Levante UD,Sanjin Prcic,25,Central Midfield,R. Strasbourg,£900Th.,out,Summer,0.9,Primera Division,2019,2019/2020
Levante UD,Chema,27,Centre-Back,Nottm Forest,£450Th.,out,Summer,0.45,Primera Division,2019,2019/2020
Levante UD,Esteban Saveljich,28,Centre-Back,Rayo Vallecano,£360Th.,out,Summer,0.36,Primera Division,2019,2019/2020
Levante UD,Pedro López,35,Right-Back,SD Huesca,free transfer,out,Summer,NA,Primera Division,2019,2019/2020
Levante UD,Jason,24,Right Winger,Valencia,free transfer,out,Summer,NA,Primera Division,2019,2019/2020
Levante UD,Moses Simon,24,Left Winger,FC Nantes,loan transfer,out,Summer,NA,Primera Division,2019,2019/2020
Levante UD,Fran Manzanara,22,Central Midfield,Ponferradina,loan transfer,out,Summer,NA,Primera Division,2019,2019/2020
Levante UD,Koke Vegas,23,Goalkeeper,Dep. La Coruña,loan transfer,out,Summer,NA,Primera Division,2019,2019/2020
Levante UD,Armando Sadiku,28,Centre-Forward,Málaga CF,loan transfer,out,Summer,NA,Primera Division,2019,2019/2020
Levante UD,Cheick Doukouré,26,Defensive Midfield,SD Huesca,loan transfer,out,Summer,NA,Primera Division,2019,2019/2020
Levante UD,Antonio Luna,28,Left-Back,Rayo Vallecano,loan transfer,out,Summer,NA,Primera Division,2019,2019/2020
Levante UD,Ivi López,25,Attacking Midfield,SD Huesca,loan transfer,out,Summer,NA,Primera Division,2019,2019/2020
Levante UD,Pepelu,20,Defensive Midfield,Tondela,loan transfer,out,Summer,NA,Primera Division,2019,2019/2020
Levante UD,Raphael Dwamena,23,Centre-Forward,Real Zaragoza,loan transfer,out,Summer,NA,Primera Division,2019,2019/2020
Levante UD,Rúben Vezo,25,Centre-Back,Valencia,"End of loanJun 30, 2019",out,Summer,0,Primera Division,2019,2019/2020
Levante UD,Borja Mayoral,22,Centre-Forward,Real Madrid,"End of loanJun 30, 2019",out,Summer,0,Primera Division,2019,2019/2020
Levante UD,Rober Pier,24,Centre-Back,Dep. La Coruña,"End of loanJun 30, 2019",out,Summer,0,Primera Division,2019,2019/2020
Real Valladolid CF,Pablo Hervías,26,Right Winger,SD Eibar,£900Th.,in,Summer,0.9,Primera Division,2019,2019/2020
Real Valladolid CF,Pedro Porro,19,Right-Back,Man City,loan transfer,in,Summer,NA,Primera Division,2019,2019/2020
Real Valladolid CF,Javi Sánchez,22,Centre-Back,Real Madrid,loan transfer,in,Summer,NA,Primera Division,2019,2019/2020
Real Valladolid CF,Federico Barba,25,Centre-Back,Chievo Verona,loan transfer,in,Summer,NA,Primera Division,2019,2019/2020
Real Valladolid CF,Sandro Ramírez,23,Centre-Forward,Everton,loan transfer,in,Summer,NA,Primera Division,2019,2019/2020
Real Valladolid CF,Jorge de Frutos,22,Right Winger,Real Madrid,loan transfer,in,Summer,NA,Primera Division,2019,2019/2020
Real Valladolid CF,Marcos André,22,Centre-Forward,Valladolid B,-,in,Summer,0,Primera Division,2019,2019/2020
Real Valladolid CF,Mohammed Salisu,20,Centre-Back,Valladolid B,-,in,Summer,0,Primera Division,2019,2019/2020
Real Valladolid CF,Andriy Lunin,20,Goalkeeper,Real Madrid,loan transfer,in,Summer,NA,Primera Division,2019,2019/2020
Real Valladolid CF,Álvaro Aguado,23,Attacking Midfield,Córdoba CF,"End of loanJun 30, 2019",in,Summer,0,Primera Division,2019,2019/2020
Real Valladolid CF,Chris Ramos,22,Centre-Forward,Sevilla Atl.,"End of loanJun 30, 2019",in,Summer,0,Primera Division,2019,2019/2020
Real Valladolid CF,Antonio Domínguez,26,Attacking Midfield,CE Sabadell,"End of loanJun 30, 2019",in,Summer,0,Primera Division,2019,2019/2020
Real Valladolid CF,David Mayoral,22,Right Winger,Alcorcón,"End of loanJun 30, 2019",in,Summer,0,Primera Division,2019,2019/2020
Real Valladolid CF,Fede San Emeterio,22,Central Midfield,Granada CF,"End of loanJun 30, 2019",in,Summer,0,Primera Division,2019,2019/2020
Real Valladolid CF,José Antonio Caro,25,Goalkeeper,Albacete,"End of loanJun 30, 2019",in,Summer,0,Primera Division,2019,2019/2020
Real Valladolid CF,Fernando Calero,23,Centre-Back,Espanyol,£7.20m,out,Summer,7.2,Primera Division,2019,2019/2020
Real Valladolid CF,Antonio Domínguez,26,Attacking Midfield,Algeciras CF,free transfer,out,Summer,NA,Primera Division,2019,2019/2020
Real Valladolid CF,David Mayoral,22,Right Winger,UCAM Murcia,free transfer,out,Summer,NA,Primera Division,2019,2019/2020
Real Valladolid CF,Moi Delgado,25,Left-Back,Racing,loan transfer,out,Summer,NA,Primera Division,2019,2019/2020
Real Valladolid CF,José Antonio Caro,25,Goalkeeper,Ponferradina,loan transfer,out,Summer,NA,Primera Division,2019,2019/2020
Real Valladolid CF,Chris Ramos,22,Centre-Forward,CD Badajoz,loan transfer,out,Summer,NA,Primera Division,2019,2019/2020
Real Valladolid CF,Borja Fernández,38,Defensive Midfield,Retired,-,out,Summer,0,Primera Division,2019,2019/2020
Real Valladolid CF,Marcos André,22,Centre-Forward,CD Mirandés,loan transfer,out,Summer,NA,Primera Division,2019,2019/2020
Real Valladolid CF,Matheus Fernandes,22,Central Midfield,Barcelona,"End of loanJul 20, 2020",out,Summer,0,Primera Division,2019,2019/2020
Real Valladolid CF,Keko Gontán,27,Right Winger,Málaga CF,"End of loanJun 30, 2019",out,Summer,0,Primera Division,2019,2019/2020
Real Valladolid CF,Pablo Hervías,26,Right Winger,SD Eibar,"End of loanJun 30, 2019",out,Summer,0,Primera Division,2019,2019/2020
Real Valladolid CF,Yoel Rodríguez,30,Goalkeeper,SD Eibar,"End of loanJun 30, 2019",out,Summer,0,Primera Division,2019,2019/2020
Real Valladolid CF,Duje Cop,29,Centre-Forward,Standard Liège,"End of loanJun 30, 2019",out,Summer,0,Primera Division,2019,2019/2020
Real Valladolid CF,Daniele Verde,23,Right Winger,AS Roma,"End of loanJun 30, 2019",out,Summer,0,Primera Division,2019,2019/2020
Celta de Vigo,Denis Suárez,25,Attacking Midfield,Barcelona,£11.61m,in,Summer,11.61,Primera Division,2019,2019/2020
Celta de Vigo,Joseph Aidoo,23,Centre-Back,KRC Genk,£7.20m,in,Summer,7.2,Primera Division,2019,2019/2020
Celta de Vigo,Rafinha,26,Attacking Midfield,Barcelona,Loan fee:£1.35m,in,Summer,1.35,Primera Division,2019,2019/2020
Celta de Vigo,Pape Cheikh,22,Central Midfield,Olympique Lyon,Loan fee:£450Th.,in,Summer,0.45,Primera Division,2019,2019/2020
Celta de Vigo,Nolito,33,Left Winger,Sevilla FC,free transfer,in,Summer,NA,Primera Division,2019,2019/2020
Celta de Vigo,Santi Mina,23,Centre-Forward,Valencia,free transfer,in,Summer,NA,Primera Division,2019,2019/2020
Celta de Vigo,Jorge Sáenz,22,Centre-Back,Valencia,loan transfer,in,Summer,NA,Primera Division,2019,2019/2020
Celta de Vigo,Iván Villar,21,Goalkeeper,Celta Vigo B,-,in,Summer,0,Primera Division,2019,2019/2020
Celta de Vigo,Facundo Roncaglia,32,Centre-Back,Valencia,"End of loanJun 30, 2019",in,Summer,0,Primera Division,2019,2019/2020
Celta de Vigo,Dennis Eckert Ayensa,22,Centre-Forward,Excelsior,"End of loanJun 30, 2019",in,Summer,0,Primera Division,2019,2019/2020
Celta de Vigo,Gabriel Fernández,25,Centre-Forward,Peñarol,"End of loanJun 30, 2019",in,Summer,0,Primera Division,2019,2019/2020
Celta de Vigo,Robert Mazan,25,Left-Back,Venezia,"End of loanJun 30, 2019",in,Summer,0,Primera Division,2019,2019/2020
Celta de Vigo,Claudio Beauvue,31,Centre-Forward,SM Caen,"End of loanJun 30, 2019",in,Summer,0,Primera Division,2019,2019/2020
Celta de Vigo,Juan Hernández,24,Right Winger,Cádiz CF,"End of loanJun 30, 2019",in,Summer,0,Primera Division,2019,2019/2020
Celta de Vigo,Maxi Gómez,22,Centre-Forward,Valencia,£13.05m,out,Summer,13.05,Primera Division,2019,2019/2020
Celta de Vigo,Mathias Jensen,23,Central Midfield,Brentford,£3.42m,out,Summer,3.42,Primera Division,2019,2019/2020
Celta de Vigo,Andrew Hjulsager,24,Attacking Midfield,KV Oostende,£450Th.,out,Summer,0.45,Primera Division,2019,2019/2020
Celta de Vigo,Facundo Roncaglia,32,Centre-Back,CA Osasuna,£225Th.,out,Summer,0.225,Primera Division,2019,2019/2020
Celta de Vigo,Emre Mor,22,Right Winger,Galatasaray,Loan fee:£171Th.,out,Summer,0.171,Primera Division,2019,2019/2020
Celta de Vigo,Dennis Eckert Ayensa,22,Centre-Forward,FC Ingolstadt,free transfer,out,Summer,NA,Primera Division,2019,2019/2020
Celta de Vigo,Gustavo Cabral,33,Centre-Back,CF Pachuca,free transfer,out,Summer,NA,Primera Division,2019,2019/2020
Celta de Vigo,Nemanja Radoja,26,Defensive Midfield,Levante,free transfer,out,Summer,NA,Primera Division,2019,2019/2020
Celta de Vigo,Robert Mazan,25,Left-Back,CD Tenerife,loan transfer,out,Summer,NA,Primera Division,2019,2019/2020
Celta de Vigo,Jozabed Sánchez,28,Central Midfield,Girona,loan transfer,out,Summer,NA,Primera Division,2019,2019/2020
Celta de Vigo,Ryad Boudebouz,29,Attacking Midfield,Real Betis,"End of loanJun 30, 2019",out,Summer,0,Primera Division,2019,2019/2020
Celta de Vigo,Wesley Hoedt,25,Centre-Back,Southampton,"End of loanJun 30, 2019",out,Summer,0,Primera Division,2019,2019/2020
Celta de Vigo,Sofiane Boufal,25,Left Winger,Southampton,"End of loanJun 30, 2019",out,Summer,0,Primera Division,2019,2019/2020
CA Osasuna,Rubén García,25,Right Winger,Levante,£3.15m,in,Summer,3.15,Primera Division,2019,2019/2020
CA Osasuna,Chimy Ávila,25,Centre-Forward,San Lorenzo,£2.43m,in,Summer,2.43,Primera Division,2019,2019/2020
CA Osasuna,Marc Cardona,23,Centre-Forward,Barcelona,£2.25m,in,Summer,2.25,Primera Division,2019,2019/2020
CA Osasuna,Rober Ibáñez,26,Right Winger,Getafe,£1.80m,in,Summer,1.8,Primera Division,2019,2019/2020
CA Osasuna,Brandon Thomas,24,Centre-Forward,Stade Rennais,£1.80m,in,Summer,1.8,Primera Division,2019,2019/2020
CA Osasuna,Darko Brasanac,27,Central Midfield,Real Betis,£900Th.,in,Summer,0.9,Primera Division,2019,2019/2020
CA Osasuna,Facundo Roncaglia,32,Centre-Back,Celta de Vigo,£225Th.,in,Summer,0.225,Primera Division,2019,2019/2020
CA Osasuna,Adrián López,31,Centre-Forward,FC Porto,free transfer,in,Summer,NA,Primera Division,2019,2019/2020
CA Osasuna,Jaume Grau,22,Central Midfield,RM Castilla,free transfer,in,Summer,NA,Primera Division,2019,2019/2020
CA Osasuna,Pervis Estupiñán,21,Left-Back,Watford,loan transfer,in,Summer,NA,Primera Division,2019,2019/2020
CA Osasuna,Raúl Navas,31,Centre-Back,Real Sociedad,loan transfer,in,Summer,NA,Primera Division,2019,2019/2020
CA Osasuna,Juan Pérez,22,Goalkeeper,CA Osasuna Prom,-,in,Summer,0,Primera Division,2019,2019/2020
CA Osasuna,Jon Moncayola,21,Central Midfield,CA Osasuna Prom,-,in,Summer,0,Primera Division,2019,2019/2020
CA Osasuna,Miguel Díaz,25,Attacking Midfield,Real Murcia,"End of loanJun 30, 2019",in,Summer,0,Primera Division,2019,2019/2020
CA Osasuna,David Rodríguez,33,Centre-Forward,CD Numancia,"End of loanJun 30, 2019",in,Summer,0,Primera Division,2019,2019/2020
CA Osasuna,Imanol García,23,Central Midfield,Gimnàstic,"End of loanJun 30, 2019",in,Summer,0,Primera Division,2019,2019/2020
CA Osasuna,Antonio Otegui,21,Central Midfield,UD Melilla,"End of loanJun 30, 2019",in,Summer,0,Primera Division,2019,2019/2020
CA Osasuna,Imanol García,23,Central Midfield,Córdoba CF,free transfer,out,Summer,NA,Primera Division,2019,2019/2020
CA Osasuna,Miguel Díaz,25,Attacking Midfield,CD Tudelano,free transfer,out,Summer,NA,Primera Division,2019,2019/2020
CA Osasuna,David Rodríguez,33,Centre-Forward,Racing,free transfer,out,Summer,NA,Primera Division,2019,2019/2020
CA Osasuna,Carlos Clerc,27,Left-Back,Levante,free transfer,out,Summer,NA,Primera Division,2019,2019/2020
CA Osasuna,Jaume Grau,22,Central Midfield,CD Lugo,loan transfer,out,Summer,NA,Primera Division,2019,2019/2020
CA Osasuna,Antonio Otegui,21,Central Midfield,CD Numancia,loan transfer,out,Summer,NA,Primera Division,2019,2019/2020
CA Osasuna,Xisco,33,Centre-Forward,Without Club,-,out,Summer,0,Primera Division,2019,2019/2020
CA Osasuna,Miguel Olavide,23,Right Winger,Without Club,-,out,Summer,0,Primera Division,2019,2019/2020
CA Osasuna,Rubén García,25,Right Winger,Levante,"End of loanJun 30, 2019",out,Summer,0,Primera Division,2019,2019/2020
CA Osasuna,Rober Ibáñez,26,Right Winger,Getafe,"End of loanJun 30, 2019",out,Summer,0,Primera Division,2019,2019/2020
CA Osasuna,Brandon Thomas,24,Centre-Forward,Stade Rennais,"End of loanJun 30, 2019",out,Summer,0,Primera Division,2019,2019/2020
Granada CF,Darwin Machís,26,Left Winger,Udinese Calcio,£4.50m,in,Summer,4.5,Primera Division,2019,2019/2020
Granada CF,Domingos Duarte,24,Centre-Back,Sporting CP,£2.70m,in,Summer,2.7,Primera Division,2019,2019/2020
Granada CF,Yan Eteki,21,Central Midfield,Sevilla FC,£900Th.,in,Summer,0.9,Primera Division,2019,2019/2020
Granada CF,Fede Vico,24,Attacking Midfield,CD Leganés,£225Th.,in,Summer,0.225,Primera Division,2019,2019/2020
Granada CF,Ismail Köybasi,30,Left-Back,Fenerbahce,free transfer,in,Summer,NA,Primera Division,2019,2019/2020
Granada CF,Roberto Soldado,34,Centre-Forward,Fenerbahce,free transfer,in,Summer,NA,Primera Division,2019,2019/2020
Granada CF,Neyder Lozano,25,Centre-Back,Elche CF,free transfer,in,Summer,NA,Primera Division,2019,2019/2020
Granada CF,Maxime Gonalons,30,Defensive Midfield,AS Roma,loan transfer,in,Summer,NA,Primera Division,2019,2019/2020
Granada CF,Yangel Herrera,21,Central Midfield,Man City,loan transfer,in,Summer,NA,Primera Division,2019,2019/2020
Granada CF,José Antonio Martínez,26,Centre-Back,SD Eibar,loan transfer,in,Summer,NA,Primera Division,2019,2019/2020
Granada CF,Carlos Fernández,23,Centre-Forward,Sevilla FC,loan transfer,in,Summer,NA,Primera Division,2019,2019/2020
Granada CF,Carlos Neva,23,Left-Back,Recre Granada,-,in,Summer,0,Primera Division,2019,2019/2020
Granada CF,Pablo Vázquez,24,Centre-Back,CyD Leonesa,"End of loanJun 30, 2019",in,Summer,0,Primera Division,2019,2019/2020
Granada CF,Raúl Baena,30,Defensive Midfield,Melbourne,"End of loanJun 30, 2019",in,Summer,0,Primera Division,2019,2019/2020
Granada CF,Sergio Peña,23,Attacking Midfield,Tondela,"End of loanJun 30, 2019",in,Summer,0,Primera Division,2019,2019/2020
Granada CF,Adrián Castellano,25,Left-Back,CD Numancia,£270Th.,out,Summer,0.27,Primera Division,2019,2019/2020
Granada CF,Raúl Baena,30,Defensive Midfield,Atromitos Athen,free transfer,out,Summer,NA,Primera Division,2019,2019/2020
Granada CF,Pablo Vázquez,24,Centre-Back,CD Badajoz,free transfer,out,Summer,NA,Primera Division,2019,2019/2020
Granada CF,Sergio Peña,23,Attacking Midfield,FC Emmen,free transfer,out,Summer,NA,Primera Division,2019,2019/2020
Granada CF,José Antonio González,23,Central Midfield,Córdoba CF,loan transfer,out,Summer,NA,Primera Division,2019,2019/2020
Granada CF,Bernardo Cruz,26,Centre-Back,Alcorcón,loan transfer,out,Summer,NA,Primera Division,2019,2019/2020
Granada CF,Fran Rico,31,Central Midfield,Retired,-,out,Summer,0,Primera Division,2019,2019/2020
Granada CF,Alberto Martín,30,Central Midfield,Without Club,-,out,Summer,0,Primera Division,2019,2019/2020
Granada CF,Nicolás Aguirre,29,Attacking Midfield,Without Club,-,out,Summer,0,Primera Division,2019,2019/2020
Granada CF,Rodri Ríos,29,Centre-Forward,Without Club,-,out,Summer,0,Primera Division,2019,2019/2020
Granada CF,Dani Ojeda,24,Left Winger,CD Leganés,"End of loanJun 30, 2019",out,Summer,0,Primera Division,2019,2019/2020
Granada CF,Alejandro Pozo,20,Right-Back,Sevilla FC,"End of loanJun 30, 2019",out,Summer,0,Primera Division,2019,2019/2020
Granada CF,Fede San Emeterio,22,Central Midfield,Real Valladolid,"End of loanJun 30, 2019",out,Summer,0,Primera Division,2019,2019/2020
Granada CF,José Antonio Martínez,26,Centre-Back,SD Eibar,"End of loanJun 30, 2019",out,Summer,0,Primera Division,2019,2019/2020
Granada CF,Fede Vico,24,Attacking Midfield,CD Leganés,"End of loanJun 30, 2019",out,Summer,0,Primera Division,2019,2019/2020
RCD Mallorca,Ante Budimir,27,Centre-Forward,Crotone,£1.98m,in,Summer,1.98,Primera Division,2019,2019/2020
RCD Mallorca,Yannis Salibur,28,Right Winger,Guingamp,£1.80m,in,Summer,1.8,Primera Division,2019,2019/2020
RCD Mallorca,Martin Valjent,23,Centre-Back,Chievo Verona,£1.35m,in,Summer,1.35,Primera Division,2019,2019/2020
RCD Mallorca,Igor Zlatanovic,21,Centre-Forward,Radnik,£1.17m,in,Summer,1.17,Primera Division,2019,2019/2020
RCD Mallorca,Pablo Chavarría,31,Centre-Forward,Stade Reims,free transfer,in,Summer,NA,Primera Division,2019,2019/2020
RCD Mallorca,Aleksandar Trajkovski,26,Left Winger,Palermo,free transfer,in,Summer,NA,Primera Division,2019,2019/2020
RCD Mallorca,Aleix Febas,23,Central Midfield,RM Castilla,free transfer,in,Summer,NA,Primera Division,2019,2019/2020
RCD Mallorca,Josep Señé,27,Attacking Midfield,CyD Leonesa,free transfer,in,Summer,NA,Primera Division,2019,2019/2020
RCD Mallorca,Álex Alegría,26,Centre-Forward,Real Betis,free transfer,in,Summer,NA,Primera Division,2019,2019/2020
RCD Mallorca,Aleksandar Sedlar,27,Centre-Back,Piast Gliwice,free transfer,in,Summer,NA,Primera Division,2019,2019/2020
RCD Mallorca,Iñigo Ruiz de Galarreta,26,Central Midfield,UD Las Palmas,?,in,Summer,NA,Primera Division,2019,2019/2020
RCD Mallorca,Lumor,22,Left-Back,Sporting CP,loan transfer,in,Summer,NA,Primera Division,2019,2019/2020
RCD Mallorca,Cucho Hernández,20,Centre-Forward,Watford,loan transfer,in,Summer,NA,Primera Division,2019,2019/2020
RCD Mallorca,Abdul-Rahman Baba,25,Left-Back,Chelsea,loan transfer,in,Summer,NA,Primera Division,2019,2019/2020
RCD Mallorca,Fabri,31,Goalkeeper,Fulham,loan transfer,in,Summer,NA,Primera Division,2019,2019/2020
RCD Mallorca,Takefusa Kubo,18,Right Winger,Real Madrid,loan transfer,in,Summer,NA,Primera Division,2019,2019/2020
RCD Mallorca,Pierre Cornud,22,Left-Back,R. B. Linense,"End of loanJun 30, 2019",in,Summer,0,Primera Division,2019,2019/2020
RCD Mallorca,Antonio Sánchez,22,Central Midfield,Barakaldo CF,"End of loanJun 30, 2019",in,Summer,0,Primera Division,2019,2019/2020
RCD Mallorca,Bryan Reyna,20,Left Winger,CD Alcoyano,"End of loanJun 30, 2019",in,Summer,0,Primera Division,2019,2019/2020
RCD Mallorca,Fernando Cano,24,Attacking Midfield,Lleida Esportiu,"End of loanJun 30, 2019",in,Summer,0,Primera Division,2019,2019/2020
RCD Mallorca,Sergio Moyita,26,Attacking Midfield,FC Cartagena,"End of loanJun 30, 2019",in,Summer,0,Primera Division,2019,2019/2020
RCD Mallorca,Alejandro Faurlín,32,Central Midfield,Marbella FC,"End of loanJun 30, 2019",in,Summer,0,Primera Division,2019,2019/2020
RCD Mallorca,Carlos Castro,24,Centre-Forward,Elche CF,"End of loanJun 30, 2019",in,Summer,0,Primera Division,2019,2019/2020
RCD Mallorca,Álvaro Bustos,24,Left Winger,Pontevedra,"End of loanJun 30, 2019",in,Summer,0,Primera Division,2019,2019/2020
RCD Mallorca,Pol Roigé,25,Right Winger,Hércules CF,"End of loanJun 30, 2019",in,Summer,0,Primera Division,2019,2019/2020
RCD Mallorca,Alejandro Faurlín,32,Central Midfield,Marbella FC,free transfer,out,Summer,NA,Primera Division,2019,2019/2020
RCD Mallorca,Fernando Cano,24,Attacking Midfield,Lleida Esportiu,free transfer,out,Summer,NA,Primera Division,2019,2019/2020
RCD Mallorca,Pol Roigé,25,Right Winger,GIF Sundsvall,free transfer,out,Summer,NA,Primera Division,2019,2019/2020
RCD Mallorca,Álvaro Bustos,24,Left Winger,Pontevedra,free transfer,out,Summer,NA,Primera Division,2019,2019/2020
RCD Mallorca,Leandro Montagud,30,Goalkeeper,CyD Leonesa,free transfer,out,Summer,NA,Primera Division,2019,2019/2020
RCD Mallorca,Salva Ruiz,24,Left-Back,Valencia,free transfer,out,Summer,NA,Primera Division,2019,2019/2020
RCD Mallorca,Pablo Valcarce,26,Right Winger,Ponferradina,loan transfer,out,Summer,NA,Primera Division,2019,2019/2020
RCD Mallorca,Sergio Buenacasa,23,Centre-Forward,Ponferradina,loan transfer,out,Summer,NA,Primera Division,2019,2019/2020
RCD Mallorca,Álex López,25,Centre-Forward,Extremadura,loan transfer,out,Summer,NA,Primera Division,2019,2019/2020
RCD Mallorca,Enzo Lombardo,22,Left Winger,Racing,loan transfer,out,Summer,NA,Primera Division,2019,2019/2020
RCD Mallorca,Igor Zlatanovic,21,Centre-Forward,CD Numancia,loan transfer,out,Summer,NA,Primera Division,2019,2019/2020
RCD Mallorca,Antonio Sánchez,22,Central Midfield,CD Mirandés,loan transfer,out,Summer,NA,Primera Division,2019,2019/2020
RCD Mallorca,Pierre Cornud,22,Left-Back,Oviedo Vetusta,loan transfer,out,Summer,NA,Primera Division,2019,2019/2020
RCD Mallorca,Bryan Reyna,20,Left Winger,Barakaldo CF,loan transfer,out,Summer,NA,Primera Division,2019,2019/2020
RCD Mallorca,Iñigo Ruiz de Galarreta,26,Central Midfield,UD Las Palmas,loan transfer,out,Summer,NA,Primera Division,2019,2019/2020
RCD Mallorca,Sergio Moyita,26,Attacking Midfield,R. Majadahonda,loan transfer,out,Summer,NA,Primera Division,2019,2019/2020
RCD Mallorca,Carlos Castro,24,Centre-Forward,CD Lugo,loan transfer,out,Summer,NA,Primera Division,2019,2019/2020
RCD Mallorca,Stoichkov,25,Attacking Midfield,Alcorcón,loan transfer,out,Summer,NA,Primera Division,2019,2019/2020
RCD Mallorca,Franco Russo,24,Centre-Back,Ponferradina,loan transfer,out,Summer,NA,Primera Division,2019,2019/2020
RCD Mallorca,Pervis Estupiñán,21,Left-Back,Watford,"End of loanJun 30, 2019",out,Summer,0,Primera Division,2019,2019/2020
RCD Mallorca,Martin Valjent,23,Centre-Back,Chievo Verona,"End of loanJun 30, 2019",out,Summer,0,Primera Division,2019,2019/2020
RCD Mallorca,Ante Budimir,27,Centre-Forward,Crotone,"End of loanJun 30, 2019",out,Summer,0,Primera Division,2019,2019/2020
RCD Mallorca,Nikola Stojiljkovic,26,Centre-Forward,SC Braga,"End of loanJun 30, 2019",out,Summer,0,Primera Division,2019,2019/2020
RCD Mallorca,Leo Suárez,23,Right Winger,Villarreal,"End of loanJun 30, 2019",out,Summer,0,Primera Division,2019,2019/2020
FC Barcelona,Martin Braithwaite,28,Centre-Forward,CD Leganés,£16.20m,in,Winter,16.2,Primera Division,2019,2019/2020
FC Barcelona,Matheus Fernandes,21,Central Midfield,Palmeiras,£6.30m,in,Winter,6.3,Primera Division,2019,2019/2020
FC Barcelona,Arda Turan,32,Left Winger,Basaksehir,"End of loanJan 4, 2020",in,Winter,0,Primera Division,2019,2019/2020
FC Barcelona,Jean-Clair Todibo,20,Centre-Back,FC Schalke 04,Loan fee:£1.35m,out,Winter,1.35,Primera Division,2019,2019/2020
FC Barcelona,Carles Pérez,21,Right Winger,AS Roma,Loan fee:£900Th.,out,Winter,0.9,Primera Division,2019,2019/2020
FC Barcelona,Moussa Wagué,21,Right-Back,OGC Nice,loan transfer,out,Winter,NA,Primera Division,2019,2019/2020
FC Barcelona,Carles Aleñá,21,Central Midfield,Real Betis,loan transfer,out,Winter,NA,Primera Division,2019,2019/2020
FC Barcelona,Matheus Fernandes,21,Central Midfield,Real Valladolid,loan transfer,out,Winter,NA,Primera Division,2019,2019/2020
Atlético de Madrid,Yannick Carrasco,26,Left Winger,DL Pro,loan transfer,in,Winter,NA,Primera Division,2019,2019/2020
Atlético de Madrid,Caio Henrique,22,Left-Back,Fluminense,"End of loanDec 31, 2019",in,Winter,0,Primera Division,2019,2019/2020
Atlético de Madrid,Caio Henrique,22,Left-Back,Grêmio,Loan fee:£450Th.,out,Winter,0.45,Primera Division,2019,2019/2020
Real Madrid,Reinier,18,Attacking Midfield,Flamengo,£27.00m,in,Winter,27,Primera Division,2019,2019/2020
Real Madrid,Andriy Lunin,20,Goalkeeper,Real Valladolid,"End of loanJan 14, 2020",in,Winter,0,Primera Division,2019,2019/2020
Real Madrid,Jorge de Frutos,22,Right Winger,Real Valladolid,"End of loanJan 16, 2020",in,Winter,0,Primera Division,2019,2019/2020
Real Madrid,Jesús Vallejo,23,Centre-Back,Wolves,"End of loanJan 24, 2020",in,Winter,0,Primera Division,2019,2019/2020
Real Madrid,Jorge de Frutos,22,Right Winger,Rayo Vallecano,loan transfer,out,Winter,NA,Primera Division,2019,2019/2020
Real Madrid,Álvaro Odriozola,24,Right-Back,FC Bayern,loan transfer,out,Winter,NA,Primera Division,2019,2019/2020
Real Madrid,Jesús Vallejo,23,Centre-Back,Granada CF,loan transfer,out,Winter,NA,Primera Division,2019,2019/2020
Real Madrid,Andriy Lunin,20,Goalkeeper,Real Oviedo,loan transfer,out,Winter,NA,Primera Division,2019,2019/2020
Getafe CF,Erick Cabaco,24,Centre-Back,Levante,£7.20m,in,Winter,7.2,Primera Division,2019,2019/2020
Getafe CF,Chema,27,Centre-Back,Nottm Forest,£1.35m,in,Winter,1.35,Primera Division,2019,2019/2020
Getafe CF,Peter Etebo,24,Central Midfield,Stoke City,loan transfer,in,Winter,NA,Primera Division,2019,2019/2020
Getafe CF,Deyverson,28,Centre-Forward,Palmeiras,loan transfer,in,Winter,NA,Primera Division,2019,2019/2020
Getafe CF,Leandro Cabrera,28,Centre-Back,Espanyol,£8.10m,out,Winter,8.1,Primera Division,2019,2019/2020
Getafe CF,Bruno González,29,Centre-Back,Levante,free transfer,out,Winter,NA,Primera Division,2019,2019/2020
Getafe CF,Enric Gallego,33,Centre-Forward,CA Osasuna,loan transfer,out,Winter,NA,Primera Division,2019,2019/2020
Getafe CF,Markel Bergara,33,Defensive Midfield,Retired,-,out,Winter,0,Primera Division,2019,2019/2020
Getafe CF,Raúl Carnero,30,Left-Back,Real Valladolid,loan transfer,out,Winter,NA,Primera Division,2019,2019/2020
Valencia CF,Alessandro Florenzi,28,Right-Back,AS Roma,loan transfer,in,Winter,NA,Primera Division,2019,2019/2020
Valencia CF,Toni Lato,22,Left-Back,PSV Eindhoven,"End of loanJan 1, 2020",in,Winter,0,Primera Division,2019,2019/2020
Valencia CF,Jeison Murillo,27,Centre-Back,Sampdoria,"End of loanDec 31, 2019",in,Winter,0,Primera Division,2019,2019/2020
Valencia CF,Jeison Murillo,27,Centre-Back,Sampdoria,£11.97m,out,Winter,11.97,Primera Division,2019,2019/2020
Valencia CF,Toni Lato,22,Left-Back,CA Osasuna,loan transfer,out,Winter,NA,Primera Division,2019,2019/2020
Sevilla FC,Youssef En-Nesyri,22,Centre-Forward,CD Leganés,£18.00m,in,Winter,18,Primera Division,2019,2019/2020
Sevilla FC,Suso,26,Right Winger,AC Milan,Loan fee:£882Th.,in,Winter,0.882,Primera Division,2019,2019/2020
Sevilla FC,Marc Gual,23,Centre-Forward,Girona,"End of loanJan 29, 2020",in,Winter,0,Primera Division,2019,2019/2020
Sevilla FC,Ibrahim Amadou,26,Defensive Midfield,Norwich,"End of loanJan 30, 2020",in,Winter,0,Primera Division,2019,2019/2020
Sevilla FC,Guilherme Arana,22,Left-Back,Atalanta BC,"End of loanJan 28, 2020",in,Winter,0,Primera Division,2019,2019/2020
Sevilla FC,Simon Kjaer,30,Centre-Back,Atalanta BC,"End of loanJan 12, 2020",in,Winter,0,Primera Division,2019,2019/2020
Sevilla FC,Munas Dabbur,27,Centre-Forward,TSG Hoffenheim,£10.80m,out,Winter,10.8,Primera Division,2019,2019/2020
Sevilla FC,Chicharito,31,Centre-Forward,Los Angeles,£7.69m,out,Winter,7.69,Primera Division,2019,2019/2020
Sevilla FC,Guilherme Arana,22,Left-Back,Atlético-MG,Loan fee:£2.25m,out,Winter,2.25,Primera Division,2019,2019/2020
Sevilla FC,Daniel Carriço,31,Centre-Back,WH Zall,£1.80m,out,Winter,1.8,Primera Division,2019,2019/2020
Sevilla FC,Simon Kjaer,30,Centre-Back,AC Milan,loan transfer,out,Winter,NA,Primera Division,2019,2019/2020
Sevilla FC,Alejandro Pozo,20,Right-Back,RCD Mallorca,loan transfer,out,Winter,NA,Primera Division,2019,2019/2020
Sevilla FC,Marc Gual,23,Centre-Forward,RM Castilla,loan transfer,out,Winter,NA,Primera Division,2019,2019/2020
Sevilla FC,Bryan Gil,18,Left Winger,CD Leganés,loan transfer,out,Winter,NA,Primera Division,2019,2019/2020
Sevilla FC,Ibrahim Amadou,26,Defensive Midfield,CD Leganés,loan transfer,out,Winter,NA,Primera Division,2019,2019/2020
Athletic Bilbao,Cristian Ganea,27,Left-Back,FC Viitorul,loan transfer,out,Winter,NA,Primera Division,2019,2019/2020
Real Sociedad,David Concha,23,Right Winger,Gamba Osaka,"End of loanJan 1, 2020",in,Winter,0,Primera Division,2019,2019/2020
Real Sociedad,Rubén Pardo,27,Central Midfield,G. Bordeaux,free transfer,out,Winter,NA,Primera Division,2019,2019/2020
Real Sociedad,Modibo Sagnan,20,Centre-Back,CD Mirandés,loan transfer,out,Winter,NA,Primera Division,2019,2019/2020
Real Sociedad,David Concha,23,Right Winger,Without Club,-,out,Winter,0,Primera Division,2019,2019/2020
RCD Espanyol Barcelona,Raúl de Tomás,25,Centre-Forward,Benfica,£20.25m,in,Winter,20.25,Primera Division,2019,2019/2020
RCD Espanyol Barcelona,Adrián Embarba,27,Right Winger,Rayo Vallecano,£9.00m,in,Winter,9,Primera Division,2019,2019/2020
RCD Espanyol Barcelona,Leandro Cabrera,28,Centre-Back,Getafe,£8.10m,in,Winter,8.1,Primera Division,2019,2019/2020
RCD Espanyol Barcelona,Oier Olazábal,30,Goalkeeper,Levante,£1.35m,in,Winter,1.35,Primera Division,2019,2019/2020
RCD Espanyol Barcelona,Esteban Granero,32,Central Midfield,Marbella FC,free transfer,out,Winter,NA,Primera Division,2019,2019/2020
RCD Espanyol Barcelona,Pablo Piatti,30,Left Winger,Toronto,free transfer,out,Winter,NA,Primera Division,2019,2019/2020
RCD Espanyol Barcelona,Javi Puado,21,Left Winger,Real Zaragoza,loan transfer,out,Winter,NA,Primera Division,2019,2019/2020
RCD Espanyol Barcelona,Lluís López,22,Centre-Back,CD Tenerife,loan transfer,out,Winter,NA,Primera Division,2019,2019/2020
Deportivo Alavés,Edgar Méndez,30,Right Winger,CD Cruz Azul,?,in,Winter,NA,Primera Division,2019,2019/2020
Deportivo Alavés,Víctor Camarasa,25,Central Midfield,Real Betis,loan transfer,in,Winter,NA,Primera Division,2019,2019/2020
Deportivo Alavés,Ismael Gutiérrez,19,Central Midfield,Real Betis,loan transfer,in,Winter,NA,Primera Division,2019,2019/2020
Deportivo Alavés,Roberto,33,Goalkeeper,West Ham,loan transfer,in,Winter,NA,Primera Division,2019,2019/2020
Deportivo Alavés,Ljubomir Fejsa,31,Defensive Midfield,Benfica,loan transfer,in,Winter,NA,Primera Division,2019,2019/2020
Deportivo Alavés,Jeando Fuchs,22,Defensive Midfield,Maccabi Haifa,"End of loanJan 27, 2020",in,Winter,0,Primera Division,2019,2019/2020
Deportivo Alavés,Mubarak Wakaso,29,Central Midfield,JS Suning,£3.60m,out,Winter,3.6,Primera Division,2019,2019/2020
Deportivo Alavés,John Guidetti,27,Centre-Forward,Hannover 96,Loan fee:£450Th.,out,Winter,0.45,Primera Division,2019,2019/2020
Deportivo Alavés,Dani Torres,30,Central Midfield,Real Zaragoza,free transfer,out,Winter,NA,Primera Division,2019,2019/2020
Deportivo Alavés,Antonio Sivera,23,Goalkeeper,UD Almería,loan transfer,out,Winter,NA,Primera Division,2019,2019/2020
Deportivo Alavés,Javi Muñoz,24,Central Midfield,CD Tenerife,loan transfer,out,Winter,NA,Primera Division,2019,2019/2020
Deportivo Alavés,Burgui,26,Left Winger,Real Zaragoza,loan transfer,out,Winter,NA,Primera Division,2019,2019/2020
SD Eibar,Sebastián Cristóforo,26,Central Midfield,Fiorentina,loan transfer,in,Winter,NA,Primera Division,2019,2019/2020
SD Eibar,Rafa Soares,24,Left-Back,Vit. Guimarães,loan transfer,in,Winter,NA,Primera Division,2019,2019/2020
SD Eibar,Roberto Olabe,23,Central Midfield,Albacete,"End of loanJan 21, 2020",in,Winter,0,Primera Division,2019,2019/2020
SD Eibar,Roberto Olabe,23,Central Midfield,Extremadura,loan transfer,out,Winter,NA,Primera Division,2019,2019/2020
CD Leganés,Owusu,22,Centre-Forward,Córdoba CF,"End of loanJan 22, 2020",in,Winter,0,Primera Division,2019,2019/2020
CD Leganés,Bryan Gil,18,Left Winger,Sevilla FC,loan transfer,in,Winter,NA,Primera Division,2019,2019/2020
CD Leganés,Miguel Ángel Guerrero,29,Centre-Forward,Olympiacos,loan transfer,in,Winter,NA,Primera Division,2019,2019/2020
CD Leganés,Roger Assalé,26,Centre-Forward,BSC Young Boys,loan transfer,in,Winter,NA,Primera Division,2019,2019/2020
CD Leganés,Ibrahim Amadou,26,Defensive Midfield,Sevilla FC,loan transfer,in,Winter,NA,Primera Division,2019,2019/2020
CD Leganés,Kleandro Lleshi,20,Defensive Midfield,CF Fuenlabrada,"End of loanJan 20, 2020",in,Winter,0,Primera Division,2019,2019/2020
CD Leganés,Youssef En-Nesyri,22,Centre-Forward,Sevilla FC,£18.00m,out,Winter,18,Primera Division,2019,2019/2020
CD Leganés,Martin Braithwaite,28,Centre-Forward,Barcelona,£16.20m,out,Winter,16.2,Primera Division,2019,2019/2020
CD Leganés,José Manuel Arnáiz,24,Left Winger,CA Osasuna,Loan fee:£450Th.,out,Winter,0.45,Primera Division,2019,2019/2020
CD Leganés,Owusu,22,Centre-Forward,Qarabag FK,£270Th.,out,Winter,0.27,Primera Division,2019,2019/2020
CD Leganés,Sabin Merino,28,Centre-Forward,Dep. La Coruña,free transfer,out,Winter,NA,Primera Division,2019,2019/2020
CD Leganés,Fede Varela,22,Attacking Midfield,UD Las Palmas,loan transfer,out,Winter,NA,Primera Division,2019,2019/2020
CD Leganés,Vasyl Kravets,22,Left-Back,CD Lugo,loan transfer,out,Winter,NA,Primera Division,2019,2019/2020
CD Leganés,Kleandro Lleshi,20,Defensive Midfield,Recr. Huelva,loan transfer,out,Winter,NA,Primera Division,2019,2019/2020
CD Leganés,Christian Rivera,22,Central Midfield,UD Las Palmas,"End of loanJan 30, 2020",out,Winter,0,Primera Division,2019,2019/2020
Real Betis Balompié,Guido Rodríguez,25,Defensive Midfield,América,£2.70m,in,Winter,2.7,Primera Division,2019,2019/2020
Real Betis Balompié,Carles Aleñá,21,Central Midfield,Barcelona,loan transfer,in,Winter,NA,Primera Division,2019,2019/2020
Real Betis Balompié,Ismael Gutiérrez,19,Central Midfield,Betis Deportivo,-,in,Winter,0,Primera Division,2019,2019/2020
Real Betis Balompié,Víctor Camarasa,25,Central Midfield,Crystal Palace,"End of loanJan 12, 2020",in,Winter,0,Primera Division,2019,2019/2020
Real Betis Balompié,Wilfrid Kaptoum,23,Central Midfield,UD Almería,Loan fee:£450Th.,out,Winter,0.45,Primera Division,2019,2019/2020
Real Betis Balompié,Víctor Camarasa,25,Central Midfield,Alavés,loan transfer,out,Winter,NA,Primera Division,2019,2019/2020
Real Betis Balompié,Ismael Gutiérrez,19,Central Midfield,Alavés,loan transfer,out,Winter,NA,Primera Division,2019,2019/2020
Real Betis Balompié,Francis Guerrero,23,Right-Back,UD Almería,loan transfer,out,Winter,NA,Primera Division,2019,2019/2020
Villarreal CF,Paco Alcácer,26,Centre-Forward,Bor. Dortmund,£20.70m,in,Winter,20.7,Primera Division,2019,2019/2020
Villarreal CF,Soufiane Chakla,26,Centre-Back,Villarreal CF B,-,in,Winter,0,Primera Division,2019,2019/2020
Villarreal CF,Cristian Espinoza,24,Right Winger,San Jose,"End of loanDec 31, 2019",in,Winter,0,Primera Division,2019,2019/2020
Villarreal CF,Karl Toko Ekambi,27,Left Winger,Olympique Lyon,Loan fee:£3.60m,out,Winter,3.6,Primera Division,2019,2019/2020
Villarreal CF,Cristian Espinoza,24,Right Winger,San Jose,£2.07m,out,Winter,2.07,Primera Division,2019,2019/2020
Villarreal CF,Leo Suárez,23,Right Winger,América,?,out,Winter,NA,Primera Division,2019,2019/2020
Villarreal CF,Santiago Cáseres,22,Defensive Midfield,América,loan transfer,out,Winter,NA,Primera Division,2019,2019/2020
Levante UD,Bruno González,29,Centre-Back,Getafe,free transfer,in,Winter,NA,Primera Division,2019,2019/2020
Levante UD,Ivi López,25,Attacking Midfield,SD Huesca,"End of loanJan 15, 2020",in,Winter,0,Primera Division,2019,2019/2020
Levante UD,Koke Vegas,24,Goalkeeper,Dep. La Coruña,"End of loanJan 31, 2020",in,Winter,0,Primera Division,2019,2019/2020
Levante UD,Erick Cabaco,24,Centre-Back,Getafe,£7.20m,out,Winter,7.2,Primera Division,2019,2019/2020
Levante UD,Oier Olazábal,30,Goalkeeper,Espanyol,£1.35m,out,Winter,1.35,Primera Division,2019,2019/2020
Levante UD,Ivi López,25,Attacking Midfield,Ponferradina,loan transfer,out,Winter,NA,Primera Division,2019,2019/2020
Real Valladolid CF,Sekou Gassama,24,Centre-Forward,UD Almería,£360Th.,in,Winter,0.36,Primera Division,2019,2019/2020
Real Valladolid CF,Hatem Ben Arfa,32,Attacking Midfield,Without Club,-,in,Winter,0,Primera Division,2019,2019/2020
Real Valladolid CF,El Hacen,22,Central Midfield,Valladolid B,-,in,Winter,0,Primera Division,2019,2019/2020
Real Valladolid CF,Raúl Carnero,30,Left-Back,Getafe,loan transfer,in,Winter,NA,Primera Division,2019,2019/2020
Real Valladolid CF,José Antonio Caro,25,Goalkeeper,Ponferradina,"End of loanJan 12, 2020",in,Winter,0,Primera Division,2019,2019/2020
Real Valladolid CF,Matheus Fernandes,21,Central Midfield,Barcelona,loan transfer,in,Winter,NA,Primera Division,2019,2019/2020
Real Valladolid CF,Anuar,24,Central Midfield,Panathinaikos,loan transfer,out,Winter,NA,Primera Division,2019,2019/2020
Real Valladolid CF,Luismi,27,Defensive Midfield,Real Oviedo,loan transfer,out,Winter,NA,Primera Division,2019,2019/2020
Real Valladolid CF,Álvaro Aguado,23,Attacking Midfield,CD Numancia,loan transfer,out,Winter,NA,Primera Division,2019,2019/2020
Real Valladolid CF,Sekou Gassama,24,Centre-Forward,CF Fuenlabrada,loan transfer,out,Winter,NA,Primera Division,2019,2019/2020
Real Valladolid CF,El Hacen,22,Central Midfield,CD Lugo,loan transfer,out,Winter,NA,Primera Division,2019,2019/2020
Real Valladolid CF,Federico Barba,26,Centre-Back,Chievo Verona,"End of loanJan 23, 2020",out,Winter,0,Primera Division,2019,2019/2020
Real Valladolid CF,Andriy Lunin,20,Goalkeeper,Real Madrid,"End of loanJan 14, 2020",out,Winter,0,Primera Division,2019,2019/2020
Real Valladolid CF,Jorge de Frutos,22,Right Winger,Real Madrid,"End of loanJan 16, 2020",out,Winter,0,Primera Division,2019,2019/2020
Celta de Vigo,Jeison Murillo,27,Centre-Back,Sampdoria,Loan fee:£900Th.,in,Winter,0.9,Primera Division,2019,2019/2020
Celta de Vigo,Fedor Smolov,29,Centre-Forward,Loko Moscow,Loan fee:£630Th.,in,Winter,0.63,Primera Division,2019,2019/2020
Celta de Vigo,Filip Bradaric,28,Defensive Midfield,Cagliari Calcio,loan transfer,in,Winter,NA,Primera Division,2019,2019/2020
Celta de Vigo,Emre Mor,22,Right Winger,Galatasaray,"End of loanJan 31, 2020",in,Winter,0,Primera Division,2019,2019/2020
Celta de Vigo,Stanislav Lobotka,25,Defensive Midfield,SSC Napoli,£18.81m,out,Winter,18.81,Primera Division,2019,2019/2020
Celta de Vigo,Emre Mor,22,Right Winger,Olympiacos,Loan fee:£369Th.,out,Winter,0.369,Primera Division,2019,2019/2020
Celta de Vigo,Claudio Beauvue,31,Centre-Forward,Dep. La Coruña,free transfer,out,Winter,NA,Primera Division,2019,2019/2020
Celta de Vigo,David Costas,24,Centre-Back,UD Almería,loan transfer,out,Winter,NA,Primera Division,2019,2019/2020
CA Osasuna,José Manuel Arnáiz,24,Left Winger,CD Leganés,Loan fee:£450Th.,in,Winter,0.45,Primera Division,2019,2019/2020
CA Osasuna,Toni Lato,22,Left-Back,Valencia,loan transfer,in,Winter,NA,Primera Division,2019,2019/2020
CA Osasuna,Enric Gallego,33,Centre-Forward,Getafe,loan transfer,in,Winter,NA,Primera Division,2019,2019/2020
CA Osasuna,Barbero,21,Centre-Forward,CA Osasuna Prom,-,in,Winter,0,Primera Division,2019,2019/2020
CA Osasuna,Barbero,21,Centre-Forward,UD Almería,Loan fee:£270Th.,out,Winter,0.27,Primera Division,2019,2019/2020
CA Osasuna,Lillo Castellano,30,Right-Back,Maccabi Haifa,free transfer,out,Winter,NA,Primera Division,2019,2019/2020
CA Osasuna,Luis Perea,22,Defensive Midfield,Alcorcón,loan transfer,out,Winter,NA,Primera Division,2019,2019/2020
CA Osasuna,Brandon Thomas,24,Centre-Forward,Girona,loan transfer,out,Winter,NA,Primera Division,2019,2019/2020
CA Osasuna,Juan Villar,31,Right Winger,Rayo Vallecano,loan transfer,out,Winter,NA,Primera Division,2019,2019/2020
Granada CF,Antoñín,19,Centre-Forward,Málaga CF,£1.35m,in,Winter,1.35,Primera Division,2019,2019/2020
Granada CF,Dimitri Foulquier,26,Right-Back,Watford,loan transfer,in,Winter,NA,Primera Division,2019,2019/2020
Granada CF,Gil Dias,23,Left-Back,Monaco,loan transfer,in,Winter,NA,Primera Division,2019,2019/2020
Granada CF,Jesús Vallejo,23,Centre-Back,Real Madrid,loan transfer,in,Winter,NA,Primera Division,2019,2019/2020
Granada CF,Bernardo Cruz,26,Centre-Back,Alcorcón,"End of loanJan 10, 2020",in,Winter,0,Primera Division,2019,2019/2020
Granada CF,Adrián Ramos,33,Centre-Forward,CD América,free transfer,out,Winter,NA,Primera Division,2019,2019/2020
Granada CF,Bernardo Cruz,26,Centre-Back,CD Numancia,loan transfer,out,Winter,NA,Primera Division,2019,2019/2020
RCD Mallorca,Leonardo Koutris,24,Left-Back,Olympiacos,Loan fee:£450Th.,in,Winter,0.45,Primera Division,2019,2019/2020
RCD Mallorca,Sung-yueng Ki,31,Defensive Midfield,Newcastle,free transfer,in,Winter,NA,Primera Division,2019,2019/2020
RCD Mallorca,Alejandro Pozo,20,Right-Back,Sevilla FC,loan transfer,in,Winter,NA,Primera Division,2019,2019/2020
RCD Mallorca,Sergio Buenacasa,23,Centre-Forward,Ponferradina,"End of loanJan 8, 2020",in,Winter,0,Primera Division,2019,2019/2020
RCD Mallorca,Bryan Reyna,21,Left Winger,Barakaldo CF,"End of loanDec 31, 2019",in,Winter,0,Primera Division,2019,2019/2020
RCD Mallorca,Pierre Cornud,23,Left-Back,Oviedo Vetusta,"End of loanJan 28, 2020",in,Winter,0,Primera Division,2019,2019/2020
RCD Mallorca,Aridai Cabrera,31,Right Winger,UD Las Palmas,free transfer,out,Winter,NA,Primera Division,2019,2019/2020
RCD Mallorca,Álex Alegría,27,Centre-Forward,Extremadura,loan transfer,out,Winter,NA,Primera Division,2019,2019/2020
RCD Mallorca,Bryan Reyna,21,Left Winger,Las Rozas CF,loan transfer,out,Winter,NA,Primera Division,2019,2019/2020
RCD Mallorca,Sergio Buenacasa,23,Centre-Forward,Málaga CF,loan transfer,out,Winter,NA,Primera Division,2019,2019/2020
RCD Mallorca,Pierre Cornud,23,Left-Back,UD Ibiza,loan transfer,out,Winter,NA,Primera Division,2019,2019/2020
