club_name,player_name,age,position,club_involved_name,fee,transfer_movement,transfer_period,fee_cleaned,league_name,year,season
PSV Eindhoven,Stef Nijland,19,Attacking Midfield,FC Groningen,£3.60m,in,Summer,3.6,Eredivisie,2008,2008/2009
PSV Eindhoven,Francisco Rodríguez,26,Centre-Back,Chivas,£2.52m,in,Summer,2.52,Eredivisie,2008,2008/2009
PSV Eindhoven,Andreas Isaksson,26,Goalkeeper,Man City,£2.52m,in,Summer,2.52,Eredivisie,2008,2008/2009
PSV Eindhoven,Erik Pieters,19,Left-Back,FC Utrecht,£2.25m,in,Summer,2.25,Eredivisie,2008,2008/2009
PSV Eindhoven,Nordin Amrabat,21,Right Winger,VVV-Venlo,£2.07m,in,Summer,2.07,Eredivisie,2008,2008/2009
PSV Eindhoven,Reimond Manco,17,Attacking Midfield,Alianza Lima,£1.26m,in,Summer,1.26,Eredivisie,2008,2008/2009
PSV Eindhoven,Jérémie Bréchet,28,Centre-Back,FC Sochaux,free transfer,in,Summer,NA,Eredivisie,2008,2008/2009
PSV Eindhoven,Stijn Wuytens,18,Centre-Back,PSV U19,-,in,Summer,0,Eredivisie,2008,2008/2009
PSV Eindhoven,Rens van Eijden,20,Centre-Back,PSV U21,-,in,Summer,0,Eredivisie,2008,2008/2009
PSV Eindhoven,Ruud Boffin,20,Goalkeeper,FC Eindhoven,"End of loanJun 30, 2008",in,Summer,0,Eredivisie,2008,2008/2009
PSV Eindhoven,Juan Carlos Carrizo,21,Left Winger,Olimpo,"End of loanJun 30, 2008",in,Summer,0,Eredivisie,2008,2008/2009
PSV Eindhoven,Jefferson Farfán,23,Centre-Forward,FC Schalke 04,£9.00m,out,Summer,9,Eredivisie,2008,2008/2009
PSV Eindhoven,Heurelho Gomes,27,Goalkeeper,Spurs,£8.10m,out,Summer,8.1,Eredivisie,2008,2008/2009
PSV Eindhoven,Ismail Aissati,19,Attacking Midfield,Ajax,£3.60m,out,Summer,3.6,Eredivisie,2008,2008/2009
PSV Eindhoven,Ruud Boffin,20,Goalkeeper,MVV Maastricht,free transfer,out,Summer,NA,Eredivisie,2008,2008/2009
PSV Eindhoven,Mika Väyrynen,26,Central Midfield,Heerenveen,free transfer,out,Summer,NA,Eredivisie,2008,2008/2009
PSV Eindhoven,Tom van der Leegte,31,Defensive Midfield,NAC Breda,free transfer,out,Summer,NA,Eredivisie,2008,2008/2009
PSV Eindhoven,Juan Carlos Carrizo,21,Left Winger,Argentinos II,free transfer,out,Summer,NA,Eredivisie,2008,2008/2009
PSV Eindhoven,Género Zeefuik,18,Centre-Forward,FC Omniworld,loan transfer,out,Summer,NA,Eredivisie,2008,2008/2009
PSV Eindhoven,Rens van Eijden,20,Centre-Back,Willem II,loan transfer,out,Summer,NA,Eredivisie,2008,2008/2009
PSV Eindhoven,Jonathan Reis,19,Centre-Forward,PSV U21,-,out,Summer,0,Eredivisie,2008,2008/2009
PSV Eindhoven,Fágner,19,Right-Back,Without Club,-,out,Summer,0,Eredivisie,2008,2008/2009
PSV Eindhoven,Alcides,23,Centre-Back,Chelsea,"End of loanJun 30, 2008",out,Summer,0,Eredivisie,2008,2008/2009
PSV Eindhoven,Slobodan Rajkovic,19,Centre-Back,Chelsea,"End of loanJun 30, 2008",out,Summer,0,Eredivisie,2008,2008/2009
Ajax Amsterdam,Miralem Sulejmani,19,Left Midfield,Heerenveen,£14.63m,in,Summer,14.63,Eredivisie,2008,2008/2009
Ajax Amsterdam,Darío Cvitanich,24,Centre-Forward,CA Banfield,£6.30m,in,Summer,6.3,Eredivisie,2008,2008/2009
Ajax Amsterdam,Ismail Aissati,19,Attacking Midfield,PSV Eindhoven,£3.60m,in,Summer,3.6,Eredivisie,2008,2008/2009
Ajax Amsterdam,Oleguer,28,Centre-Back,Barcelona,£2.70m,in,Summer,2.7,Eredivisie,2008,2008/2009
Ajax Amsterdam,Evander Sno,21,Defensive Midfield,Celtic,£900Th.,in,Summer,0.9,Eredivisie,2008,2008/2009
Ajax Amsterdam,Eyong Enoh,22,Defensive Midfield,Ajax Cape Town,free transfer,in,Summer,NA,Eredivisie,2008,2008/2009
Ajax Amsterdam,Donovan Slijngard,20,Left-Back,Ajax U21,-,in,Summer,0,Eredivisie,2008,2008/2009
Ajax Amsterdam,Hans Vonk,38,Goalkeeper,Without Club,-,in,Summer,0,Eredivisie,2008,2008/2009
Ajax Amsterdam,Vurnon Anita,19,Defensive Midfield,Ajax U19,-,in,Summer,0,Eredivisie,2008,2008/2009
Ajax Amsterdam,Javier Martina,21,Right Winger,Ajax U21,-,in,Summer,0,Eredivisie,2008,2008/2009
Ajax Amsterdam,Kenneth Vermeer,22,Goalkeeper,Willem II,"End of loanJun 30, 2008",in,Summer,0,Eredivisie,2008,2008/2009
Ajax Amsterdam,Robbert Schilder,22,Centre-Back,Heracles Almelo,"End of loanJun 30, 2008",in,Summer,0,Eredivisie,2008,2008/2009
Ajax Amsterdam,Rydell Poepon,20,Centre-Forward,Willem II,"End of loanJun 30, 2008",in,Summer,0,Eredivisie,2008,2008/2009
Ajax Amsterdam,Johnny Heitinga,24,Centre-Back,Atlético Madrid,£9.00m,out,Summer,9,Eredivisie,2008,2008/2009
Ajax Amsterdam,Albert Luque,30,Left Winger,Málaga CF,Loan fee:£450Th.,out,Summer,0.45,Eredivisie,2008,2008/2009
Ajax Amsterdam,Nicolae Mitea,23,Left Winger,FC Dinamo,£315Th.,out,Summer,0.315,Eredivisie,2008,2008/2009
Ajax Amsterdam,Erik Heijblok,31,Goalkeeper,De Graafschap,free transfer,out,Summer,NA,Eredivisie,2008,2008/2009
Ajax Amsterdam,Jürgen Colin,27,Centre-Back,Sporting Gijón,free transfer,out,Summer,NA,Eredivisie,2008,2008/2009
Ajax Amsterdam,Kenneth Pérez,33,Centre-Forward,Twente FC,free transfer,out,Summer,NA,Eredivisie,2008,2008/2009
Ajax Amsterdam,Michael Krohn-Dehli,25,Central Midfield,Bröndby IF,free transfer,out,Summer,NA,Eredivisie,2008,2008/2009
Ajax Amsterdam,George Ogararu,28,Right-Back,Steaua Bukarest,loan transfer,out,Summer,NA,Eredivisie,2008,2008/2009
Ajax Amsterdam,Rydell Poepon,20,Centre-Forward,Sparta R.,?,out,Summer,NA,Eredivisie,2008,2008/2009
Ajax Amsterdam,Donovan Slijngard,21,Left-Back,Sparta R.,loan transfer,out,Summer,NA,Eredivisie,2008,2008/2009
Ajax Amsterdam,Laurent Delorge,29,Right Winger,Ajax U21,-,out,Summer,0,Eredivisie,2008,2008/2009
Ajax Amsterdam,Ismael Urzaiz,36,Centre-Forward,Retired,-,out,Summer,0,Eredivisie,2008,2008/2009
Ajax Amsterdam,Edgar Davids,35,Central Midfield,Career break,-,out,Summer,0,Eredivisie,2008,2008/2009
Ajax Amsterdam,Samuel Kuffour,31,Centre-Back,Career break,-,out,Summer,0,Eredivisie,2008,2008/2009
AZ Alkmaar,Brett Holman,24,Attacking Midfield,NEC Nijmegen,£2.70m,in,Summer,2.7,Eredivisie,2008,2008/2009
AZ Alkmaar,Nick van der Velden,26,Left Winger,FC Dordrecht,£608Th.,in,Summer,0.608,Eredivisie,2008,2008/2009
AZ Alkmaar,Niklas Moisander,22,Centre-Back,FC Zwolle,£540Th.,in,Summer,0.54,Eredivisie,2008,2008/2009
AZ Alkmaar,Gill Swerts,25,Right-Back,Vitesse,free transfer,in,Summer,NA,Eredivisie,2008,2008/2009
AZ Alkmaar,Toni Kolehmainen,20,Central Midfield,AZ Alkmaar U21,-,in,Summer,0,Eredivisie,2008,2008/2009
AZ Alkmaar,Jordy Deckers,19,Goalkeeper,AZ Alkmaar U19,-,in,Summer,0,Eredivisie,2008,2008/2009
AZ Alkmaar,Jeremain Lens,20,Right Winger,NEC Nijmegen,"End of loanJun 30, 2008",in,Summer,0,Eredivisie,2008,2008/2009
AZ Alkmaar,Theo Zwarthoed,25,Goalkeeper,RKC Waalwijk,"End of loanJun 30, 2008",in,Summer,0,Eredivisie,2008,2008/2009
AZ Alkmaar,Rogier Molhoek,26,Defensive Midfield,NAC Breda,"End of loanJun 30, 2008",in,Summer,0,Eredivisie,2008,2008/2009
AZ Alkmaar,Kees Luijckx,22,Centre-Back,Excelsior,"End of loanJun 30, 2008",in,Summer,0,Eredivisie,2008,2008/2009
AZ Alkmaar,Barry Opdam,32,Centre-Back,RB Salzburg,£1.35m,out,Summer,1.35,Eredivisie,2008,2008/2009
AZ Alkmaar,Kemy Agustien,21,Defensive Midfield,Birmingham,Loan fee:£630Th.,out,Summer,0.63,Eredivisie,2008,2008/2009
AZ Alkmaar,Haris Medunjanin,23,Central Midfield,Real Valladolid,£405Th.,out,Summer,0.405,Eredivisie,2008,2008/2009
AZ Alkmaar,Simon Cziommer,27,Central Midfield,FC Utrecht,Loan fee:£135Th.,out,Summer,0.135,Eredivisie,2008,2008/2009
AZ Alkmaar,Ruud Vormer,20,Central Midfield,Roda JC,free transfer,out,Summer,NA,Eredivisie,2008,2008/2009
AZ Alkmaar,Theo Zwarthoed,25,Goalkeeper,RKC Waalwijk,free transfer,out,Summer,NA,Eredivisie,2008,2008/2009
AZ Alkmaar,Ryan Donk,22,Centre-Back,West Brom,loan transfer,out,Summer,NA,Eredivisie,2008,2008/2009
AZ Alkmaar,Julian Jenner,24,Right Winger,Vitesse,?,out,Summer,NA,Eredivisie,2008,2008/2009
AZ Alkmaar,Boy Waterman,24,Goalkeeper,ADO Den Haag,loan transfer,out,Summer,NA,Eredivisie,2008,2008/2009
AZ Alkmaar,Rogier Molhoek,26,Defensive Midfield,Vitesse,loan transfer,out,Summer,NA,Eredivisie,2008,2008/2009
Twente Enschede FC,Ronnie Stam,24,Right-Back,NAC Breda,£2.25m,in,Summer,2.25,Eredivisie,2008,2008/2009
Twente Enschede FC,Cheik Tioté,22,Defensive Midfield,RSC Anderlecht,£2.25m,in,Summer,2.25,Eredivisie,2008,2008/2009
Twente Enschede FC,Theo Janssen,26,Central Midfield,Vitesse,£1.35m,in,Summer,1.35,Eredivisie,2008,2008/2009
Twente Enschede FC,Bjarni Vidarsson,20,Central Midfield,Everton Res.,free transfer,in,Summer,NA,Eredivisie,2008,2008/2009
Twente Enschede FC,Kenneth Pérez,33,Centre-Forward,Ajax,free transfer,in,Summer,NA,Eredivisie,2008,2008/2009
Twente Enschede FC,Slobodan Rajkovic,19,Centre-Back,Chelsea,loan transfer,in,Summer,NA,Eredivisie,2008,2008/2009
Twente Enschede FC,Andrej Rendla,17,Right Winger,FC Twente U19,-,in,Summer,0,Eredivisie,2008,2008/2009
Twente Enschede FC,Marcel Kleizen,22,attack,FC Zwolle,"End of loanJun 30, 2008",in,Summer,0,Eredivisie,2008,2008/2009
Twente Enschede FC,Arnar Vidarsson,30,Defensive Midfield,De Graafschap,"End of loanJun 30, 2008",in,Summer,0,Eredivisie,2008,2008/2009
Twente Enschede FC,Orlando Engelaar,28,Defensive Midfield,FC Schalke 04,£4.95m,out,Summer,4.95,Eredivisie,2008,2008/2009
Twente Enschede FC,Karim El Ahmadi,23,Defensive Midfield,Feyenoord,£4.50m,out,Summer,4.5,Eredivisie,2008,2008/2009
Twente Enschede FC,Luke Wilkshire,26,Right-Back,Dinamo Moscow,£1.98m,out,Summer,1.98,Eredivisie,2008,2008/2009
Twente Enschede FC,Alfred Schreuder,35,Defensive Midfield,Vitesse,free transfer,out,Summer,NA,Eredivisie,2008,2008/2009
Twente Enschede FC,Marcel Kleizen,22,attack,FC Zwolle,free transfer,out,Summer,NA,Eredivisie,2008,2008/2009
Twente Enschede FC,Arnar Vidarsson,30,Defensive Midfield,Cercle Brugge,?,out,Summer,NA,Eredivisie,2008,2008/2009
Twente Enschede FC,Ramon Zomer,25,Centre-Back,NEC Nijmegen,loan transfer,out,Summer,NA,Eredivisie,2008,2008/2009
Twente Enschede FC,Bjarni Vidarsson,20,Central Midfield,Everton Res.,"End of loanJun 30, 2008",out,Summer,0,Eredivisie,2008,2008/2009
SC Heerenveen,Tarik Elyounoussi,20,Centre-Forward,Fredrikstad,£3.33m,in,Summer,3.33,Eredivisie,2008,2008/2009
SC Heerenveen,Daryl Janmaat,18,Centre-Back,ADO Den Haag,£1.62m,in,Summer,1.62,Eredivisie,2008,2008/2009
SC Heerenveen,Kenny Steppe,19,Goalkeeper,Germ. Beerschot,£1.35m,in,Summer,1.35,Eredivisie,2008,2008/2009
SC Heerenveen,Lázaro,18,Centre-Back,Atlético-MG U20,£450Th.,in,Summer,0.45,Eredivisie,2008,2008/2009
SC Heerenveen,Milan Kopic,22,Centre-Back,Mlada Boleslav,£315Th.,in,Summer,0.315,Eredivisie,2008,2008/2009
SC Heerenveen,Goran Popov,23,Left-Back,AO Egaleo,free transfer,in,Summer,NA,Eredivisie,2008,2008/2009
SC Heerenveen,Lesly Fellinga,22,Left-Back,SC Veendam,free transfer,in,Summer,NA,Eredivisie,2008,2008/2009
SC Heerenveen,Mika Väyrynen,26,Central Midfield,PSV Eindhoven,free transfer,in,Summer,NA,Eredivisie,2008,2008/2009
SC Heerenveen,Pawel Wojciechowski,18,Centre-Forward,Promien Opalenica,?,in,Summer,NA,Eredivisie,2008,2008/2009
SC Heerenveen,Bonaventure Kalou,30,Right Winger,Without Club,-,in,Summer,0,Eredivisie,2008,2008/2009
SC Heerenveen,Arjen Bergsma,19,Centre-Back,Heerenveen U19,-,in,Summer,0,Eredivisie,2008,2008/2009
SC Heerenveen,Samuel Armenteros,18,Centre-Forward,Heerenveen U19,-,in,Summer,0,Eredivisie,2008,2008/2009
SC Heerenveen,Cecilio Lopes,30,Centre-Forward,FC Volendam,"End of loanOct 1, 2008",in,Summer,0,Eredivisie,2008,2008/2009
SC Heerenveen,Sebastiaan Steur,24,Left Winger,Excelsior,"End of loanJun 30, 2008",in,Summer,0,Eredivisie,2008,2008/2009
SC Heerenveen,Radoslaw Matusiak,26,Centre-Forward,Wisla Kraków,"End of loanJun 30, 2008",in,Summer,0,Eredivisie,2008,2008/2009
SC Heerenveen,Jeroen Drost,21,Left-Back,NEC Nijmegen,"End of loanJun 30, 2008",in,Summer,0,Eredivisie,2008,2008/2009
SC Heerenveen,Gonzalo García,24,Second Striker,Heracles Almelo,"End of loanJun 30, 2008",in,Summer,0,Eredivisie,2008,2008/2009
SC Heerenveen,Robbert Maruanaya,22,Centre-Back,Go Ahead Eagles,"End of loanJun 30, 2008",in,Summer,0,Eredivisie,2008,2008/2009
SC Heerenveen,Will Johnson,21,Central Midfield,De Graafschap,"End of loanJun 30, 2008",in,Summer,0,Eredivisie,2008,2008/2009
SC Heerenveen,Niklas Tarvajärvi,25,Centre-Forward,De Graafschap,"End of loanJun 30, 2008",in,Summer,0,Eredivisie,2008,2008/2009
SC Heerenveen,Miralem Sulejmani,19,Left Midfield,Ajax,£14.63m,out,Summer,14.63,Eredivisie,2008,2008/2009
SC Heerenveen,Gianni Zuiverloon,21,Centre-Back,West Brom,£3.60m,out,Summer,3.6,Eredivisie,2008,2008/2009
SC Heerenveen,Michael Bradley,21,Central Midfield,Bor. M'gladbach,£2.25m,out,Summer,2.25,Eredivisie,2008,2008/2009
SC Heerenveen,Gonzalo García,24,Second Striker,FC Groningen,£585Th.,out,Summer,0.585,Eredivisie,2008,2008/2009
SC Heerenveen,Niklas Tarvajärvi,25,Centre-Forward,Vitesse,Loan fee:£450Th.,out,Summer,0.45,Eredivisie,2008,2008/2009
SC Heerenveen,Jakob Poulsen,25,Central Midfield,Aarhus GF,£270Th.,out,Summer,0.27,Eredivisie,2008,2008/2009
SC Heerenveen,Thomas Prager,22,Central Midfield,LASK,£225Th.,out,Summer,0.225,Eredivisie,2008,2008/2009
SC Heerenveen,Pim Balkestein,21,Centre-Back,Ipswich,£135Th.,out,Summer,0.135,Eredivisie,2008,2008/2009
SC Heerenveen,Niek Loohuis,22,Centre-Back,SC Veendam,free transfer,out,Summer,NA,Eredivisie,2008,2008/2009
SC Heerenveen,Robbert Maruanaya,22,Centre-Back,Go Ahead Eagles,free transfer,out,Summer,NA,Eredivisie,2008,2008/2009
SC Heerenveen,Timmi Johansen,21,Left-Back,Odense BK,loan transfer,out,Summer,NA,Eredivisie,2008,2008/2009
SC Heerenveen,Sebastiaan Steur,24,Left Winger,Heracles Almelo,?,out,Summer,NA,Eredivisie,2008,2008/2009
SC Heerenveen,Will Johnson,21,Central Midfield,Salt Lake,?,out,Summer,NA,Eredivisie,2008,2008/2009
SC Heerenveen,Rob van Dijk,39,Goalkeeper,Feyenoord,?,out,Summer,NA,Eredivisie,2008,2008/2009
SC Heerenveen,Jeroen Drost,21,Left-Back,Vitesse,loan transfer,out,Summer,NA,Eredivisie,2008,2008/2009
SC Heerenveen,Henrico Drost,21,Centre-Back,De Graafschap,loan transfer,out,Summer,NA,Eredivisie,2008,2008/2009
SC Heerenveen,Cecilio Lopes,30,Centre-Forward,FC Volendam,loan transfer,out,Summer,NA,Eredivisie,2008,2008/2009
SC Heerenveen,Radoslaw Matusiak,26,Centre-Forward,Without Club,-,out,Summer,0,Eredivisie,2008,2008/2009
SC Heerenveen,Harmen Kuperus,31,Goalkeeper,FC Zwolle,"End of loanJun 30, 2008",out,Summer,0,Eredivisie,2008,2008/2009
SC Heerenveen,Mark Bloemendaal,20,Defensive Midfield,De Graafschap,"End of loanJun 30, 2008",out,Summer,0,Eredivisie,2008,2008/2009
Roda JC Kerkrade,Mark De Man,25,Centre-Back,RSC Anderlecht,£270Th.,in,Summer,0.27,Eredivisie,2008,2008/2009
Roda JC Kerkrade,Harrie Gommans,25,Centre-Forward,Vitesse,£180Th.,in,Summer,0.18,Eredivisie,2008,2008/2009
Roda JC Kerkrade,Edwin Linssen,27,Defensive Midfield,VVV-Venlo,free transfer,in,Summer,NA,Eredivisie,2008,2008/2009
Roda JC Kerkrade,Ruud Vormer,20,Central Midfield,AZ Alkmaar,free transfer,in,Summer,NA,Eredivisie,2008,2008/2009
Roda JC Kerkrade,Adnan Secerovic,16,Defensive Midfield,Slaven Zivinice,free transfer,in,Summer,NA,Eredivisie,2008,2008/2009
Roda JC Kerkrade,Kjell Knops,20,Centre-Back,Roda JC U21,-,in,Summer,0,Eredivisie,2008,2008/2009
Roda JC Kerkrade,Roy Bejas,21,Centre-Back,Fortuna Sittard,"End of loanJun 30, 2008",in,Summer,0,Eredivisie,2008,2008/2009
Roda JC Kerkrade,Frank van Kouwen,27,Centre-Back,VVV-Venlo,£90Th.,out,Summer,0.09,Eredivisie,2008,2008/2009
Roda JC Kerkrade,Nuelson Wau,27,Right-Back,Nea Salamis,free transfer,out,Summer,NA,Eredivisie,2008,2008/2009
Roda JC Kerkrade,Roy Bejas,21,Centre-Back,Groene Ster,free transfer,out,Summer,NA,Eredivisie,2008,2008/2009
Roda JC Kerkrade,Ger Senden,36,Right-Back,Retired,-,out,Summer,0,Eredivisie,2008,2008/2009
Roda JC Kerkrade,Adnan Secerovic,16,Defensive Midfield,Slaven Zivinice,loan transfer,out,Summer,NA,Eredivisie,2008,2008/2009
Roda JC Kerkrade,Roland Lamah,20,Left Winger,RSC Anderlecht,"End of loanJun 30, 2008",out,Summer,0,Eredivisie,2008,2008/2009
Roda JC Kerkrade,Cheik Tioté,22,Defensive Midfield,RSC Anderlecht,"End of loanJun 30, 2008",out,Summer,0,Eredivisie,2008,2008/2009
Roda JC Kerkrade,Fatih Sonkaya,26,Right-Back,FC Porto,"End of loanJun 30, 2008",out,Summer,0,Eredivisie,2008,2008/2009
Feyenoord Rotterdam,Karim El Ahmadi,23,Defensive Midfield,Twente FC,£4.50m,in,Summer,4.5,Eredivisie,2008,2008/2009
Feyenoord Rotterdam,Kermit Erasmus,17,Centre-Forward,SuperSport Utd.,£135Th.,in,Summer,0.135,Eredivisie,2008,2008/2009
Feyenoord Rotterdam,Jon Dahl Tomasson,31,Centre-Forward,Villarreal,free transfer,in,Summer,NA,Eredivisie,2008,2008/2009
Feyenoord Rotterdam,David Manteiga,18,Defensive Midfield,SE Gama,?,in,Summer,NA,Eredivisie,2008,2008/2009
Feyenoord Rotterdam,Rob van Dijk,39,Goalkeeper,Heerenveen,?,in,Summer,NA,Eredivisie,2008,2008/2009
Feyenoord Rotterdam,Luis Pedro,18,Right Winger,Feyenoord U19,-,in,Summer,0,Eredivisie,2008,2008/2009
Feyenoord Rotterdam,Kelvin Leerdam,18,Right-Back,Feyenoord U19,-,in,Summer,0,Eredivisie,2008,2008/2009
Feyenoord Rotterdam,Mitchell Schet,20,Right Winger,Feyenoord U21,-,in,Summer,0,Eredivisie,2008,2008/2009
Feyenoord Rotterdam,Michal Janota,17,Attacking Midfield,Feyenoord U19,-,in,Summer,0,Eredivisie,2008,2008/2009
Feyenoord Rotterdam,Karim Saïdi,25,Centre-Back,Sivasspor,"End of loanJun 30, 2008",in,Summer,0,Eredivisie,2008,2008/2009
Feyenoord Rotterdam,Timothy Derijck,21,Centre-Back,FCV Dender EH,"End of loanJun 30, 2008",in,Summer,0,Eredivisie,2008,2008/2009
Feyenoord Rotterdam,Jordy Buijs,19,Centre-Back,De Graafschap,"End of loanJun 30, 2008",in,Summer,0,Eredivisie,2008,2008/2009
Feyenoord Rotterdam,Diego Biseswar,20,Attacking Midfield,De Graafschap,"End of loanJun 30, 2008",in,Summer,0,Eredivisie,2008,2008/2009
Feyenoord Rotterdam,Dwight Tiendalli,22,Right-Back,Sparta R.,"End of loanJun 30, 2008",in,Summer,0,Eredivisie,2008,2008/2009
Feyenoord Rotterdam,Michael Jansen,24,Left-Back,De Graafschap,"End of loanJun 30, 2008",in,Summer,0,Eredivisie,2008,2008/2009
Feyenoord Rotterdam,Sebastián Pardo,26,Central Midfield,Excelsior,"End of loanJun 30, 2008",in,Summer,0,Eredivisie,2008,2008/2009
Feyenoord Rotterdam,Karim Saïdi,25,Centre-Back,Club Africain,free transfer,out,Summer,NA,Eredivisie,2008,2008/2009
Feyenoord Rotterdam,Sebastián Pardo,26,Central Midfield,U. de Chile,free transfer,out,Summer,NA,Eredivisie,2008,2008/2009
Feyenoord Rotterdam,Michael Jansen,24,Left-Back,Cambuur L.,free transfer,out,Summer,NA,Eredivisie,2008,2008/2009
Feyenoord Rotterdam,Erwin Mulder,19,Goalkeeper,Excelsior,loan transfer,out,Summer,NA,Eredivisie,2008,2008/2009
Feyenoord Rotterdam,Jordy Buijs,19,Centre-Back,De Graafschap,?,out,Summer,NA,Eredivisie,2008,2008/2009
Feyenoord Rotterdam,Chun-soo Lee,26,Second Striker,Suwon Bluewings,loan transfer,out,Summer,NA,Eredivisie,2008,2008/2009
Feyenoord Rotterdam,Sherif Ekramy,25,Goalkeeper,Ankaragücü,loan transfer,out,Summer,NA,Eredivisie,2008,2008/2009
Feyenoord Rotterdam,Nicky Hofs,25,Attacking Midfield,Vitesse,loan transfer,out,Summer,NA,Eredivisie,2008,2008/2009
Feyenoord Rotterdam,Jacob Lensky,19,Central Midfield,Career break,-,out,Summer,0,Eredivisie,2008,2008/2009
Feyenoord Rotterdam,Nuri Sahin,19,Defensive Midfield,Bor. Dortmund,"End of loanJun 30, 2008",out,Summer,0,Eredivisie,2008,2008/2009
FC Groningen,Femi,23,Defensive Midfield,FC Midtjylland,£2.97m,in,Summer,2.97,Eredivisie,2008,2008/2009
FC Groningen,Andreas Granqvist,23,Centre-Back,Wigan,£900Th.,in,Summer,0.9,Eredivisie,2008,2008/2009
FC Groningen,Petter Andersson,23,Central Midfield,Hammarby,£792Th.,in,Summer,0.792,Eredivisie,2008,2008/2009
FC Groningen,Gonzalo García,24,Second Striker,Heerenveen,£585Th.,in,Summer,0.585,Eredivisie,2008,2008/2009
FC Groningen,Gijs Koopmans,22,Goalkeeper,FC Groning. U21,-,in,Summer,0,Eredivisie,2008,2008/2009
FC Groningen,Sander Rozema,21,Defensive Midfield,FC Zwolle,"End of loanJun 30, 2008",in,Summer,0,Eredivisie,2008,2008/2009
FC Groningen,Stef Nijland,19,Attacking Midfield,PSV Eindhoven,£3.60m,out,Summer,3.6,Eredivisie,2008,2008/2009
FC Groningen,Mark-Jan Fledderus,25,Left-Back,Heracles Almelo,£158Th.,out,Summer,0.158,Eredivisie,2008,2008/2009
FC Groningen,Marnix Kolder,27,Centre-Forward,VVV-Venlo,£113Th.,out,Summer,0.113,Eredivisie,2008,2008/2009
FC Groningen,Arnold Kruiswijk,23,Centre-Back,RSC Anderlecht,free transfer,out,Summer,NA,Eredivisie,2008,2008/2009
FC Groningen,Rogier Krohne,21,Centre-Forward,FC Emmen,free transfer,out,Summer,NA,Eredivisie,2008,2008/2009
FC Groningen,Sander Rozema,21,Defensive Midfield,SC Veendam,free transfer,out,Summer,NA,Eredivisie,2008,2008/2009
FC Groningen,Tim Matavz,19,Centre-Forward,FC Emmen,loan transfer,out,Summer,NA,Eredivisie,2008,2008/2009
FC Groningen,Martijn van der Laan,19,Centre-Back,SC Veendam,?,out,Summer,NA,Eredivisie,2008,2008/2009
FC Groningen,Serdar Öztürk,20,Centre-Forward,FC Groning. U21,-,out,Summer,0,Eredivisie,2008,2008/2009
FC Groningen,Anco Jansen,19,Centre-Forward,FC Zwolle,"End of loanJun 30, 2008",out,Summer,0,Eredivisie,2008,2008/2009
FC Utrecht,Mihai Nesu,25,Left-Back,Steaua Bukarest,£1.08m,in,Summer,1.08,Eredivisie,2008,2008/2009
FC Utrecht,Morten Skoubo,28,Centre-Forward,Real Sociedad,£360Th.,in,Summer,0.36,Eredivisie,2008,2008/2009
FC Utrecht,Simon Cziommer,27,Central Midfield,AZ Alkmaar,Loan fee:£135Th.,in,Summer,0.135,Eredivisie,2008,2008/2009
FC Utrecht,Vito Wormgoor,19,Centre-Back,Ajax U21,free transfer,in,Summer,NA,Eredivisie,2008,2008/2009
FC Utrecht,Ali Boussaboun,29,Left Winger,Al-Wakrah SC,free transfer,in,Summer,NA,Eredivisie,2008,2008/2009
FC Utrecht,Michael Silberbauer,26,Central Midfield,FC Copenhagen,free transfer,in,Summer,NA,Eredivisie,2008,2008/2009
FC Utrecht,Barry Maguire,18,Attacking Midfield,FC Den Bosch,?,in,Summer,NA,Eredivisie,2008,2008/2009
FC Utrecht,Nick Kuipers,20,Left-Back,FC Zwolle,?,in,Summer,NA,Eredivisie,2008,2008/2009
FC Utrecht,André Krul,21,Goalkeeper,Utrecht U21,-,in,Summer,0,Eredivisie,2008,2008/2009
FC Utrecht,Nassir Maachi,22,Right Winger,FC Dordrecht,"End of loanJun 30, 2008",in,Summer,0,Eredivisie,2008,2008/2009
FC Utrecht,Erik Pieters,19,Left-Back,PSV Eindhoven,£2.25m,out,Summer,2.25,Eredivisie,2008,2008/2009
FC Utrecht,Giuseppe Rossini,21,Centre-Forward,KV Mechelen,free transfer,out,Summer,NA,Eredivisie,2008,2008/2009
FC Utrecht,Mustapha El Aamrani,22,Right Winger,Blauw-Wit,free transfer,out,Summer,NA,Eredivisie,2008,2008/2009
FC Utrecht,Peter Kopteff,29,Left Winger,Aalesund,free transfer,out,Summer,NA,Eredivisie,2008,2008/2009
FC Utrecht,Nassir Maachi,22,Right Winger,Cambuur L.,free transfer,out,Summer,NA,Eredivisie,2008,2008/2009
FC Utrecht,Robin Nelisse,30,Centre-Forward,RB Salzburg,free transfer,out,Summer,NA,Eredivisie,2008,2008/2009
FC Utrecht,Rick Kruys,23,Central Midfield,Malmö FF,?,out,Summer,NA,Eredivisie,2008,2008/2009
FC Utrecht,Kevin Vandenbergh,25,Centre-Forward,Germ. Beerschot,loan transfer,out,Summer,NA,Eredivisie,2008,2008/2009
FC Utrecht,Jahrizinho Valentijn,23,Right-Back,AGOVV,loan transfer,out,Summer,NA,Eredivisie,2008,2008/2009
FC Utrecht,Franck Grandel,30,Goalkeeper,Without Club,-,out,Summer,0,Eredivisie,2008,2008/2009
FC Utrecht,Lucian Sanmartean,28,Central Midfield,Without Club,-,out,Summer,0,Eredivisie,2008,2008/2009
NEC Nijmegen,Lasse Schöne,22,Defensive Midfield,De Graafschap,£324Th.,in,Summer,0.324,Eredivisie,2008,2008/2009
NEC Nijmegen,Mostapha El Kabir,19,Centre-Forward,Utrecht U21,free transfer,in,Summer,NA,Eredivisie,2008,2008/2009
NEC Nijmegen,Arkadiusz Radomski,31,Defensive Midfield,Austria Vienna,free transfer,in,Summer,NA,Eredivisie,2008,2008/2009
NEC Nijmegen,Collins John,22,Centre-Forward,Fulham,loan transfer,in,Summer,NA,Eredivisie,2008,2008/2009
NEC Nijmegen,Dani Fernández,25,Right-Back,Arsenal Kyiv,loan transfer,in,Summer,NA,Eredivisie,2008,2008/2009
NEC Nijmegen,Rachid Bouaouzan,24,Left Midfield,Wigan,loan transfer,in,Summer,NA,Eredivisie,2008,2008/2009
NEC Nijmegen,Ramon Zomer,25,Centre-Back,Twente FC,loan transfer,in,Summer,NA,Eredivisie,2008,2008/2009
NEC Nijmegen,Joel Tshibamba,19,Centre-Forward,NECOss U21,-,in,Summer,0,Eredivisie,2008,2008/2009
NEC Nijmegen,Roddy Kambala,20,Centre-Forward,NECOss U21,-,in,Summer,0,Eredivisie,2008,2008/2009
NEC Nijmegen,Joey Brock,19,Left-Back,NECOss U21,-,in,Summer,0,Eredivisie,2008,2008/2009
NEC Nijmegen,Brett Holman,24,Attacking Midfield,AZ Alkmaar,£2.70m,out,Summer,2.7,Eredivisie,2008,2008/2009
NEC Nijmegen,Jonas Olsson,25,Centre-Back,West Brom,£900Th.,out,Summer,0.9,Eredivisie,2008,2008/2009
NEC Nijmegen,Krisztián Vadócz,23,Central Midfield,CA Osasuna,£855Th.,out,Summer,0.855,Eredivisie,2008,2008/2009
NEC Nijmegen,Naïm Aarab,20,Centre-Back,AE Larisa,free transfer,out,Summer,NA,Eredivisie,2008,2008/2009
NEC Nijmegen,Bart van Brakel,21,Defensive Midfield,FC Eindhoven,free transfer,out,Summer,NA,Eredivisie,2008,2008/2009
NEC Nijmegen,Bob Verweij,21,Right Winger,Achilles '29,free transfer,out,Summer,NA,Eredivisie,2008,2008/2009
NEC Nijmegen,Muslu Nalbantoglu,24,Right-Back,Kayserispor,free transfer,out,Summer,NA,Eredivisie,2008,2008/2009
NEC Nijmegen,Karim Fachtali,20,Centre-Forward,TOP Oss,loan transfer,out,Summer,NA,Eredivisie,2008,2008/2009
NEC Nijmegen,Dominique Scholten,20,Central Midfield,TOP Oss,loan transfer,out,Summer,NA,Eredivisie,2008,2008/2009
NEC Nijmegen,Dani Fernández,25,Right-Back,Metalurg D.,"End of loanJun 30, 2008",out,Summer,0,Eredivisie,2008,2008/2009
NEC Nijmegen,Kevin Bobson,27,Left Winger,Willem II,"End of loanJun 30, 2008",out,Summer,0,Eredivisie,2008,2008/2009
NEC Nijmegen,Jeroen Drost,21,Left-Back,Heerenveen,"End of loanJun 30, 2008",out,Summer,0,Eredivisie,2008,2008/2009
NEC Nijmegen,Jeremain Lens,20,Right Winger,AZ Alkmaar,"End of loanJun 30, 2008",out,Summer,0,Eredivisie,2008,2008/2009
NAC Breda,Kees Kwakman,25,Defensive Midfield,RBC Roosendaal,£68Th.,in,Summer,0.068,Eredivisie,2008,2008/2009
NAC Breda,Ellery Cairo,29,Right Winger,Coventry,free transfer,in,Summer,NA,Eredivisie,2008,2008/2009
NAC Breda,Tom van der Leegte,31,Defensive Midfield,PSV Eindhoven,free transfer,in,Summer,NA,Eredivisie,2008,2008/2009
NAC Breda,Enric Vallès,18,Central Midfield,Barcelona U19,free transfer,in,Summer,NA,Eredivisie,2008,2008/2009
NAC Breda,Martijn Reuser,33,Attacking Midfield,RKC Waalwijk,free transfer,in,Summer,NA,Eredivisie,2008,2008/2009
NAC Breda,Donny Gorter,20,Left-Back,PSV U21,free transfer,in,Summer,NA,Eredivisie,2008,2008/2009
NAC Breda,Jimmy van Fessem,32,Goalkeeper,De Graafschap,?,in,Summer,NA,Eredivisie,2008,2008/2009
NAC Breda,Wesley Pollemans,20,Centre-Back,NAC Breda U21,-,in,Summer,0,Eredivisie,2008,2008/2009
NAC Breda,Tim Hofstede,18,Centre-Back,NAC Breda U19,-,in,Summer,0,Eredivisie,2008,2008/2009
NAC Breda,Rafael Pollack,19,Centre-Forward,Without Club,-,in,Summer,0,Eredivisie,2008,2008/2009
NAC Breda,Edinho Pattinama,19,Centre-Forward,NAC Breda U21,-,in,Summer,0,Eredivisie,2008,2008/2009
NAC Breda,Ariën Pietersma,21,Goalkeeper,RBC Roosendaal,"End of loanJun 30, 2008",in,Summer,0,Eredivisie,2008,2008/2009
NAC Breda,Ronnie Stam,24,Right-Back,Twente FC,£2.25m,out,Summer,2.25,Eredivisie,2008,2008/2009
NAC Breda,Ahmed Ammi,27,Right-Back,ADO Den Haag,£360Th.,out,Summer,0.36,Eredivisie,2008,2008/2009
NAC Breda,Andro Franca,20,Right Winger,Kozakken Boys,free transfer,out,Summer,NA,Eredivisie,2008,2008/2009
NAC Breda,Ariën Pietersma,21,Goalkeeper,Willem II U21,free transfer,out,Summer,NA,Eredivisie,2008,2008/2009
NAC Breda,Bas van Wegen,23,Goalkeeper,Haarlem,free transfer,out,Summer,NA,Eredivisie,2008,2008/2009
NAC Breda,Victor Sikora,30,Right Winger,Dallas,free transfer,out,Summer,NA,Eredivisie,2008,2008/2009
NAC Breda,Sander van Gessel,31,Defensive Midfield,Sparta R.,free transfer,out,Summer,NA,Eredivisie,2008,2008/2009
NAC Breda,Sander Fischer,19,Centre-Back,Cambuur L.,free transfer,out,Summer,NA,Eredivisie,2008,2008/2009
NAC Breda,Benjamin van den Broek,20,Central Midfield,Haarlem,free transfer,out,Summer,NA,Eredivisie,2008,2008/2009
NAC Breda,Rogier Veenstra,20,Left Winger,Excelsior,loan transfer,out,Summer,NA,Eredivisie,2008,2008/2009
NAC Breda,Edwin Zoetebier,38,Goalkeeper,Retired,-,out,Summer,0,Eredivisie,2008,2008/2009
NAC Breda,Rogier Molhoek,26,Defensive Midfield,AZ Alkmaar,"End of loanJun 30, 2008",out,Summer,0,Eredivisie,2008,2008/2009
NAC Breda,Donny Gorter,20,Left-Back,PSV U21,"End of loanJun 30, 2008",out,Summer,0,Eredivisie,2008,2008/2009
Vitesse Arnhem,Frank van der Struijk,23,Right-Back,Willem II,£450Th.,in,Summer,0.45,Eredivisie,2008,2008/2009
Vitesse Arnhem,Niklas Tarvajärvi,25,Centre-Forward,Heerenveen,Loan fee:£450Th.,in,Summer,0.45,Eredivisie,2008,2008/2009
Vitesse Arnhem,Alfred Schreuder,35,Defensive Midfield,Twente FC,free transfer,in,Summer,NA,Eredivisie,2008,2008/2009
Vitesse Arnhem,Ronald Graafland,29,Goalkeeper,Excelsior,?,in,Summer,NA,Eredivisie,2008,2008/2009
Vitesse Arnhem,Julian Jenner,24,Right Winger,AZ Alkmaar,?,in,Summer,NA,Eredivisie,2008,2008/2009
Vitesse Arnhem,Rogier Molhoek,26,Defensive Midfield,AZ Alkmaar,loan transfer,in,Summer,NA,Eredivisie,2008,2008/2009
Vitesse Arnhem,Jeroen Drost,21,Left-Back,Heerenveen,loan transfer,in,Summer,NA,Eredivisie,2008,2008/2009
Vitesse Arnhem,Nicky Hofs,25,Attacking Midfield,Feyenoord,loan transfer,in,Summer,NA,Eredivisie,2008,2008/2009
Vitesse Arnhem,Nicky Kuiper,19,Left-Back,Vit./AGOVV U19,-,in,Summer,0,Eredivisie,2008,2008/2009
Vitesse Arnhem,Alexander Büttner,19,Left-Back,Vit./AGOVV U19,-,in,Summer,0,Eredivisie,2008,2008/2009
Vitesse Arnhem,Wiljan Pluim,19,Attacking Midfield,Vit./AGOVV U19,-,in,Summer,0,Eredivisie,2008,2008/2009
Vitesse Arnhem,Eloy Room,19,Goalkeeper,Vit./AGOVV U19,-,in,Summer,0,Eredivisie,2008,2008/2009
Vitesse Arnhem,Purrel Fränkel,31,Left-Back,De Graafschap,"End of loanJun 30, 2008",in,Summer,0,Eredivisie,2008,2008/2009
Vitesse Arnhem,Siebe Blondelle,22,Centre-Back,VVV-Venlo,"End of loanJun 30, 2008",in,Summer,0,Eredivisie,2008,2008/2009
Vitesse Arnhem,Rihairo Meulens,20,Right Winger,AGOVV,"End of loanJun 30, 2008",in,Summer,0,Eredivisie,2008,2008/2009
Vitesse Arnhem,Theo Janssen,26,Central Midfield,Twente FC,£1.35m,out,Summer,1.35,Eredivisie,2008,2008/2009
Vitesse Arnhem,Harrie Gommans,25,Centre-Forward,Roda JC,£180Th.,out,Summer,0.18,Eredivisie,2008,2008/2009
Vitesse Arnhem,Hai Yu,21,Left-Back,SX Chanba,£180Th.,out,Summer,0.18,Eredivisie,2008,2008/2009
Vitesse Arnhem,Balázs Rabóczki,30,Goalkeeper,Honvéd,free transfer,out,Summer,NA,Eredivisie,2008,2008/2009
Vitesse Arnhem,Stephan Veenboer,20,Goalkeeper,AFC Amsterdam,free transfer,out,Summer,NA,Eredivisie,2008,2008/2009
Vitesse Arnhem,Siebe Blondelle,22,Centre-Back,FCV Dender EH,free transfer,out,Summer,NA,Eredivisie,2008,2008/2009
Vitesse Arnhem,Robin Faber,21,Right-Back,ADO Den Haag,free transfer,out,Summer,NA,Eredivisie,2008,2008/2009
Vitesse Arnhem,Gill Swerts,25,Right-Back,AZ Alkmaar,free transfer,out,Summer,NA,Eredivisie,2008,2008/2009
Vitesse Arnhem,Purrel Fränkel,31,Left-Back,De Graafschap,free transfer,out,Summer,NA,Eredivisie,2008,2008/2009
Vitesse Arnhem,Remco van der Schaaf,29,Centre-Back,Burnley,free transfer,out,Summer,NA,Eredivisie,2008,2008/2009
Vitesse Arnhem,Rihairo Meulens,20,Right Winger,FC Dordrecht,loan transfer,out,Summer,NA,Eredivisie,2008,2008/2009
Vitesse Arnhem,Cees Keizer,22,Defensive Midfield,FC Zwolle,?,out,Summer,NA,Eredivisie,2008,2008/2009
Vitesse Arnhem,Jaime Bruinier,21,Central Midfield,AGOVV,loan transfer,out,Summer,NA,Eredivisie,2008,2008/2009
Vitesse Arnhem,Jasar Takak,26,Central Midfield,Without Club,-,out,Summer,0,Eredivisie,2008,2008/2009
Vitesse Arnhem,Juan Gonzalo Lorca,23,Centre-Forward,Colo Colo,"End of loanJun 30, 2008",out,Summer,0,Eredivisie,2008,2008/2009
Sparta Rotterdam,Maciej Wilusz,19,Centre-Back,H'veen/Emmen II,free transfer,in,Summer,NA,Eredivisie,2008,2008/2009
Sparta Rotterdam,Floribert Ngalula,21,Defensive Midfield,Randers FC,free transfer,in,Summer,NA,Eredivisie,2008,2008/2009
Sparta Rotterdam,Sander van Gessel,31,Defensive Midfield,NAC Breda,free transfer,in,Summer,NA,Eredivisie,2008,2008/2009
Sparta Rotterdam,Ruud Knol,27,Centre-Back,PAOK Salonika,free transfer,in,Summer,NA,Eredivisie,2008,2008/2009
Sparta Rotterdam,Rydell Poepon,20,Centre-Forward,Ajax,?,in,Summer,NA,Eredivisie,2008,2008/2009
Sparta Rotterdam,Karim Touzani,27,Defensive Midfield,Aberdeen FC,?,in,Summer,NA,Eredivisie,2008,2008/2009
Sparta Rotterdam,Krisztián Vermes,22,Centre-Back,Újpest FC,loan transfer,in,Summer,NA,Eredivisie,2008,2008/2009
Sparta Rotterdam,Donovan Slijngard,21,Left-Back,Ajax,loan transfer,in,Summer,NA,Eredivisie,2008,2008/2009
Sparta Rotterdam,Joey Godee,19,Centre-Forward,Sparta U19,-,in,Summer,0,Eredivisie,2008,2008/2009
Sparta Rotterdam,Jeffrey Vlug,22,attack,RBC Roosendaal,"End of loanJun 30, 2008",in,Summer,0,Eredivisie,2008,2008/2009
Sparta Rotterdam,Marvin Emnes,20,Centre-Forward,Middlesbrough,£3.60m,out,Summer,3.6,Eredivisie,2008,2008/2009
Sparta Rotterdam,Nourdin Boukhari,28,Attacking Midfield,Ittihad,£1.31m,out,Summer,1.31,Eredivisie,2008,2008/2009
Sparta Rotterdam,Danny Schenkel,30,Centre-Back,Willem II,£720Th.,out,Summer,0.72,Eredivisie,2008,2008/2009
Sparta Rotterdam,Mark Smith,21,Goalkeeper,Noordwijk,free transfer,out,Summer,NA,Eredivisie,2008,2008/2009
Sparta Rotterdam,Dolf Kerklaan,21,Goalkeeper,FC Zwolle,free transfer,out,Summer,NA,Eredivisie,2008,2008/2009
Sparta Rotterdam,Sani Kaita,22,Defensive Midfield,Monaco,free transfer,out,Summer,NA,Eredivisie,2008,2008/2009
Sparta Rotterdam,Olaf Lindenbergh,34,Defensive Midfield,Purmersteijn,free transfer,out,Summer,NA,Eredivisie,2008,2008/2009
Sparta Rotterdam,Darryl Roberts,24,Centre-Forward,Denizlispor,free transfer,out,Summer,NA,Eredivisie,2008,2008/2009
Sparta Rotterdam,Sjaak Polak,32,Left-Back,SC Veendam,free transfer,out,Summer,NA,Eredivisie,2008,2008/2009
Sparta Rotterdam,Felino Jardim,22,Attacking Midfield,Cambridge Utd.,?,out,Summer,NA,Eredivisie,2008,2008/2009
Sparta Rotterdam,Jeffrey Vlug,22,attack,Go Ahead Eagles,loan transfer,out,Summer,NA,Eredivisie,2008,2008/2009
Sparta Rotterdam,Sander Westerveld,33,Goalkeeper,Without Club,-,out,Summer,0,Eredivisie,2008,2008/2009
Sparta Rotterdam,Dwight Tiendalli,22,Right-Back,Feyenoord,"End of loanJun 30, 2008",out,Summer,0,Eredivisie,2008,2008/2009
Heracles Almelo,Bas Dost,19,Centre-Forward,FC Emmen,£270Th.,in,Summer,0.27,Eredivisie,2008,2008/2009
Heracles Almelo,Mark-Jan Fledderus,25,Left-Back,FC Groningen,£158Th.,in,Summer,0.158,Eredivisie,2008,2008/2009
Heracles Almelo,Darl Douglas,28,Right Winger,Willem II,free transfer,in,Summer,NA,Eredivisie,2008,2008/2009
Heracles Almelo,Denis Mangafic,18,Central Midfield,Frankfurt U19,free transfer,in,Summer,NA,Eredivisie,2008,2008/2009
Heracles Almelo,Willie Overtoom,21,Attacking Midfield,Hollandia,free transfer,in,Summer,NA,Eredivisie,2008,2008/2009
Heracles Almelo,Birger Maertens,28,Centre-Back,Club Brugge,free transfer,in,Summer,NA,Eredivisie,2008,2008/2009
Heracles Almelo,Jörg van Nieuwenhuijzen,29,Goalkeeper,Excelsior,free transfer,in,Summer,NA,Eredivisie,2008,2008/2009
Heracles Almelo,Vojtech Schulmeister,24,Centre-Forward,Sigma Olomouc,?,in,Summer,NA,Eredivisie,2008,2008/2009
Heracles Almelo,Sebastiaan Steur,24,Left Winger,Heerenveen,?,in,Summer,NA,Eredivisie,2008,2008/2009
Heracles Almelo,Lukas Bajer,23,Attacking Midfield,Sigma Olomouc,loan transfer,in,Summer,NA,Eredivisie,2008,2008/2009
Heracles Almelo,Serdar Gökkaya,19,Centre-Forward,Heracles U21,-,in,Summer,0,Eredivisie,2008,2008/2009
Heracles Almelo,Qays Shayesteh,20,Central Midfield,FC Twente U21,-,in,Summer,0,Eredivisie,2008,2008/2009
Heracles Almelo,Dennis Rosink,20,Defensive Midfield,Heracles U21,-,in,Summer,0,Eredivisie,2008,2008/2009
Heracles Almelo,Nino Beukert,20,attack,Heracles U21,-,in,Summer,0,Eredivisie,2008,2008/2009
Heracles Almelo,Dennis Telgenkamp,21,Goalkeeper,FC Twente U21,-,in,Summer,0,Eredivisie,2008,2008/2009
Heracles Almelo,Maikel Kampjes,21,Goalkeeper,Heracles U21,-,in,Summer,0,Eredivisie,2008,2008/2009
Heracles Almelo,John Lubbers,20,Centre-Back,Heracles U21,-,in,Summer,0,Eredivisie,2008,2008/2009
Heracles Almelo,Jef Meinderink,21,Left-Back,FC Twente U21,-,in,Summer,0,Eredivisie,2008,2008/2009
Heracles Almelo,Marc Höcher,23,Right Winger,Helmond Sport,"End of loanJun 30, 2008",in,Summer,0,Eredivisie,2008,2008/2009
Heracles Almelo,Rob Maas,38,Defensive Midfield,RKC Waalwijk,free transfer,out,Summer,NA,Eredivisie,2008,2008/2009
Heracles Almelo,Björn Daelemans,30,Right-Back,Geel-Meerhout,free transfer,out,Summer,NA,Eredivisie,2008,2008/2009
Heracles Almelo,Marc Höcher,23,Right Winger,Helmond Sport,?,out,Summer,NA,Eredivisie,2008,2008/2009
Heracles Almelo,Remko Pasveer,24,Goalkeeper,Go Ahead Eagles,loan transfer,out,Summer,NA,Eredivisie,2008,2008/2009
Heracles Almelo,Kai Michalke,32,Left Winger,Without Club,-,out,Summer,0,Eredivisie,2008,2008/2009
Heracles Almelo,Igor Gluscevic,34,Centre-Forward,Retired,-,out,Summer,0,Eredivisie,2008,2008/2009
Heracles Almelo,Rahim Ouédraogo,27,defence,Without Club,-,out,Summer,0,Eredivisie,2008,2008/2009
Heracles Almelo,Srdjan Lakic,24,Centre-Forward,Hertha BSC,"End of loanJun 30, 2008",out,Summer,0,Eredivisie,2008,2008/2009
Heracles Almelo,Gonzalo García,24,Second Striker,Heerenveen,"End of loanJun 30, 2008",out,Summer,0,Eredivisie,2008,2008/2009
Heracles Almelo,Robbert Schilder,22,Centre-Back,Ajax,"End of loanJun 30, 2008",out,Summer,0,Eredivisie,2008,2008/2009
Heracles Almelo,Martin Christensen,20,Right Midfield,Charlton,"End of loanJun 30, 2008",out,Summer,0,Eredivisie,2008,2008/2009
Willem II Tilburg,Danny Schenkel,30,Centre-Back,Sparta R.,£720Th.,in,Summer,0.72,Eredivisie,2008,2008/2009
Willem II Tilburg,Paul Quasten,23,Left-Back,FC Volendam,free transfer,in,Summer,NA,Eredivisie,2008,2008/2009
Willem II Tilburg,Boy Deul,20,Attacking Midfield,FC Volendam,?,in,Summer,NA,Eredivisie,2008,2008/2009
Willem II Tilburg,Ibad Muhamadu,26,Centre-Forward,FC Dordrecht,?,in,Summer,NA,Eredivisie,2008,2008/2009
Willem II Tilburg,Rens van Eijden,20,Centre-Back,PSV Eindhoven,loan transfer,in,Summer,NA,Eredivisie,2008,2008/2009
Willem II Tilburg,Oscar Moens,35,Goalkeeper,Without Club,-,in,Summer,0,Eredivisie,2008,2008/2009
Willem II Tilburg,Bruno Appels,19,Goalkeeper,Willem II U21,-,in,Summer,0,Eredivisie,2008,2008/2009
Willem II Tilburg,Kevin Bobson,27,Left Winger,NEC Nijmegen,"End of loanJun 30, 2008",in,Summer,0,Eredivisie,2008,2008/2009
Willem II Tilburg,Frank van der Struijk,23,Right-Back,Vitesse,£450Th.,out,Summer,0.45,Eredivisie,2008,2008/2009
Willem II Tilburg,Delano Hill,33,Centre-Back,Al-Wakrah SC,free transfer,out,Summer,NA,Eredivisie,2008,2008/2009
Willem II Tilburg,Björn Sengier,29,Goalkeeper,Overpelt-Lommel,free transfer,out,Summer,NA,Eredivisie,2008,2008/2009
Willem II Tilburg,Kevin Bobson,27,Left Winger,RB Salzburg,free transfer,out,Summer,NA,Eredivisie,2008,2008/2009
Willem II Tilburg,Darl Douglas,28,Right Winger,Heracles Almelo,free transfer,out,Summer,NA,Eredivisie,2008,2008/2009
Willem II Tilburg,Ken van Mierlo,20,Central Midfield,Utrecht U21,free transfer,out,Summer,NA,Eredivisie,2008,2008/2009
Willem II Tilburg,Thomas Baelum,30,Centre-Back,Silkeborg IF,free transfer,out,Summer,NA,Eredivisie,2008,2008/2009
Willem II Tilburg,Cristiano,27,Centre-Forward,Adelaide United,free transfer,out,Summer,NA,Eredivisie,2008,2008/2009
Willem II Tilburg,José Valencia,26,Left-Back,FC Eindhoven,loan transfer,out,Summer,NA,Eredivisie,2008,2008/2009
Willem II Tilburg,Rydell Poepon,20,Centre-Forward,Ajax,"End of loanJun 30, 2008",out,Summer,0,Eredivisie,2008,2008/2009
Willem II Tilburg,Kenneth Vermeer,22,Goalkeeper,Ajax,"End of loanJun 30, 2008",out,Summer,0,Eredivisie,2008,2008/2009
De Graafschap Doetinchem,Oussama Assaidi,19,Left Winger,FC Omniworld,£203Th.,in,Summer,0.203,Eredivisie,2008,2008/2009
De Graafschap Doetinchem,Peter Jungschläger,24,Central Midfield,VVV-Venlo,£90Th.,in,Summer,0.09,Eredivisie,2008,2008/2009
De Graafschap Doetinchem,Abdelhali Chaiat,24,Right Winger,FC Volendam,free transfer,in,Summer,NA,Eredivisie,2008,2008/2009
De Graafschap Doetinchem,Purrel Fränkel,31,Left-Back,Vitesse,free transfer,in,Summer,NA,Eredivisie,2008,2008/2009
De Graafschap Doetinchem,Erik Heijblok,31,Goalkeeper,Ajax,free transfer,in,Summer,NA,Eredivisie,2008,2008/2009
De Graafschap Doetinchem,Stefan Postma,32,Goalkeeper,ADO Den Haag,free transfer,in,Summer,NA,Eredivisie,2008,2008/2009
De Graafschap Doetinchem,Geert den Ouden,31,Centre-Forward,Excelsior,free transfer,in,Summer,NA,Eredivisie,2008,2008/2009
De Graafschap Doetinchem,Leon Broekhof,20,Centre-Back,Vit./AGOVV U19,free transfer,in,Summer,NA,Eredivisie,2008,2008/2009
De Graafschap Doetinchem,Jason Oost,25,Attacking Midfield,VVV-Venlo,free transfer,in,Summer,NA,Eredivisie,2008,2008/2009
De Graafschap Doetinchem,Melvin Kolf,22,Right-Back,NECOss U21,free transfer,in,Summer,NA,Eredivisie,2008,2008/2009
De Graafschap Doetinchem,Hugo Bargas,21,Centre-Forward,All Boys,free transfer,in,Summer,NA,Eredivisie,2008,2008/2009
De Graafschap Doetinchem,Steve De Ridder,21,Attacking Midfield,KAA Gent,?,in,Summer,NA,Eredivisie,2008,2008/2009
De Graafschap Doetinchem,Jordy Buijs,19,Centre-Back,Feyenoord,?,in,Summer,NA,Eredivisie,2008,2008/2009
De Graafschap Doetinchem,Henrico Drost,21,Centre-Back,Heerenveen,loan transfer,in,Summer,NA,Eredivisie,2008,2008/2009
De Graafschap Doetinchem,Geert van der Heiden,19,Left-Back,De Graafs. U21,-,in,Summer,0,Eredivisie,2008,2008/2009
De Graafschap Doetinchem,Rifat Bugdayci,20,Centre-Forward,De Graafs. U21,-,in,Summer,0,Eredivisie,2008,2008/2009
De Graafschap Doetinchem,Soufian El Hassnaoui,18,Centre-Forward,Graafschap U19,-,in,Summer,0,Eredivisie,2008,2008/2009
De Graafschap Doetinchem,Luuk de Jong,17,Centre-Forward,Graafschap U19,-,in,Summer,0,Eredivisie,2008,2008/2009
De Graafschap Doetinchem,Dave Bus,30,Centre-Back,Aberdeen FC,"End of loanJun 30, 2008",in,Summer,0,Eredivisie,2008,2008/2009
De Graafschap Doetinchem,Raymond Lenting,24,Goalkeeper,AGOVV,"End of loanJun 30, 2008",in,Summer,0,Eredivisie,2008,2008/2009
De Graafschap Doetinchem,Ard van Peppen,23,Left-Back,Excelsior,"End of loanJun 30, 2008",in,Summer,0,Eredivisie,2008,2008/2009
De Graafschap Doetinchem,Kevin Sissing,22,attack,Haarlem,"End of loanJun 30, 2008",in,Summer,0,Eredivisie,2008,2008/2009
De Graafschap Doetinchem,Mark Bloemendaal,20,Defensive Midfield,Heerenveen,"End of loanJun 30, 2008",in,Summer,0,Eredivisie,2008,2008/2009
De Graafschap Doetinchem,Lasse Schöne,22,Defensive Midfield,NEC Nijmegen,£324Th.,out,Summer,0.324,Eredivisie,2008,2008/2009
De Graafschap Doetinchem,Ard van Peppen,23,Left-Back,Excelsior,free transfer,out,Summer,NA,Eredivisie,2008,2008/2009
De Graafschap Doetinchem,Raymond Lenting,24,Goalkeeper,NEC Amateurs,free transfer,out,Summer,NA,Eredivisie,2008,2008/2009
De Graafschap Doetinchem,Dave Bus,30,Centre-Back,Go Ahead Eagles,free transfer,out,Summer,NA,Eredivisie,2008,2008/2009
De Graafschap Doetinchem,Girts Karlsons,27,Centre-Forward,Metalurgs,free transfer,out,Summer,NA,Eredivisie,2008,2008/2009
De Graafschap Doetinchem,Kevin Sissing,22,attack,De Treffers,free transfer,out,Summer,NA,Eredivisie,2008,2008/2009
De Graafschap Doetinchem,Jimmy van Fessem,32,Goalkeeper,NAC Breda,?,out,Summer,NA,Eredivisie,2008,2008/2009
De Graafschap Doetinchem,Mark Bloemendaal,20,Defensive Midfield,Without Club,-,out,Summer,0,Eredivisie,2008,2008/2009
De Graafschap Doetinchem,Purrel Fränkel,31,Left-Back,Vitesse,"End of loanJun 30, 2008",out,Summer,0,Eredivisie,2008,2008/2009
De Graafschap Doetinchem,Jordy Buijs,19,Centre-Back,Feyenoord,"End of loanJun 30, 2008",out,Summer,0,Eredivisie,2008,2008/2009
De Graafschap Doetinchem,Diego Biseswar,20,Attacking Midfield,Feyenoord,"End of loanJun 30, 2008",out,Summer,0,Eredivisie,2008,2008/2009
De Graafschap Doetinchem,Michael Jansen,24,Left-Back,Feyenoord,"End of loanJun 30, 2008",out,Summer,0,Eredivisie,2008,2008/2009
De Graafschap Doetinchem,Will Johnson,21,Central Midfield,Heerenveen,"End of loanJun 30, 2008",out,Summer,0,Eredivisie,2008,2008/2009
De Graafschap Doetinchem,Niklas Tarvajärvi,25,Centre-Forward,Heerenveen,"End of loanJun 30, 2008",out,Summer,0,Eredivisie,2008,2008/2009
De Graafschap Doetinchem,Arnar Vidarsson,30,Defensive Midfield,Twente FC,"End of loanJun 30, 2008",out,Summer,0,Eredivisie,2008,2008/2009
FC Volendam,Marijn Sterk,20,Left-Back,Ajax U21,free transfer,in,Summer,NA,Eredivisie,2008,2008/2009
FC Volendam,Gerry Koning,28,Right-Back,RBC Roosendaal,free transfer,in,Summer,NA,Eredivisie,2008,2008/2009
FC Volendam,Arvid Smit,27,Central Midfield,Marítimo,free transfer,in,Summer,NA,Eredivisie,2008,2008/2009
FC Volendam,Paul de Lange,27,Defensive Midfield,PAE Veria,free transfer,in,Summer,NA,Eredivisie,2008,2008/2009
FC Volendam,Tim Bakens,25,Centre-Back,RKC Waalwijk,free transfer,in,Summer,NA,Eredivisie,2008,2008/2009
FC Volendam,Harmen Kuperus,31,Goalkeeper,FC Zwolle,free transfer,in,Summer,NA,Eredivisie,2008,2008/2009
FC Volendam,Cecilio Lopes,30,Centre-Forward,Heerenveen,loan transfer,in,Summer,NA,Eredivisie,2008,2008/2009
FC Volendam,Furdjel Narsingh,20,Right Winger,AZ Alkmaar U21,loan transfer,in,Summer,NA,Eredivisie,2008,2008/2009
FC Volendam,Dominique van Dijk,28,Attacking Midfield,Go Ahead Eagles,loan transfer,in,Summer,NA,Eredivisie,2008,2008/2009
FC Volendam,Maikel van der Werff,19,Centre-Back,Volendam U19,-,in,Summer,0,Eredivisie,2008,2008/2009
FC Volendam,Abdelhali Chaiat,24,Right Winger,De Graafschap,free transfer,out,Summer,NA,Eredivisie,2008,2008/2009
FC Volendam,Yuri Petrov,33,Centre-Forward,ASWH,free transfer,out,Summer,NA,Eredivisie,2008,2008/2009
FC Volendam,Raymond Homoet,27,Goalkeeper,Zwaluwen´30,free transfer,out,Summer,NA,Eredivisie,2008,2008/2009
FC Volendam,Michiel Hemmen,21,Centre-Forward,SC Veendam,free transfer,out,Summer,NA,Eredivisie,2008,2008/2009
FC Volendam,Paul Quasten,23,Left-Back,Willem II,free transfer,out,Summer,NA,Eredivisie,2008,2008/2009
FC Volendam,Harry Zwarthoed,22,Centre-Forward,Zwaluwen´30,free transfer,out,Summer,NA,Eredivisie,2008,2008/2009
FC Volendam,Rachid El Yaakoubi,22,Left Winger,Haarlem,free transfer,out,Summer,NA,Eredivisie,2008,2008/2009
FC Volendam,Luciano Dompig,21,Right Midfield,SC Veendam,?,out,Summer,NA,Eredivisie,2008,2008/2009
FC Volendam,Boy Deul,20,Attacking Midfield,Willem II,?,out,Summer,NA,Eredivisie,2008,2008/2009
FC Volendam,Johan Plat,21,Centre-Forward,FC Zwolle,?,out,Summer,NA,Eredivisie,2008,2008/2009
FC Volendam,Cecilio Lopes,30,Centre-Forward,Heerenveen,"End of loanOct 1, 2008",out,Summer,0,Eredivisie,2008,2008/2009
ADO Den Haag,Bogdan Milic,20,Centre-Forward,B. Podgorica,£608Th.,in,Summer,0.608,Eredivisie,2008,2008/2009
ADO Den Haag,Ahmed Ammi,27,Right-Back,NAC Breda,£360Th.,in,Summer,0.36,Eredivisie,2008,2008/2009
ADO Den Haag,Joël Tillema,18,Attacking Midfield,Ajax U19,free transfer,in,Summer,NA,Eredivisie,2008,2008/2009
ADO Den Haag,Remco Klaasse,19,Centre-Forward,HBS,free transfer,in,Summer,NA,Eredivisie,2008,2008/2009
ADO Den Haag,Leroy Resodihardjo,21,Defensive Midfield,Scheveningen,free transfer,in,Summer,NA,Eredivisie,2008,2008/2009
ADO Den Haag,Ekrem Kahya,30,Central Midfield,VVV-Venlo,free transfer,in,Summer,NA,Eredivisie,2008,2008/2009
ADO Den Haag,Tim De Meersman,23,Attacking Midfield,FC Eindhoven,free transfer,in,Summer,NA,Eredivisie,2008,2008/2009
ADO Den Haag,Mitchell Piqué,28,Left-Back,Excelsior,free transfer,in,Summer,NA,Eredivisie,2008,2008/2009
ADO Den Haag,Karim Soltani,23,Right Winger,VVV-Venlo,free transfer,in,Summer,NA,Eredivisie,2008,2008/2009
ADO Den Haag,Robin Faber,21,Right-Back,Vitesse,free transfer,in,Summer,NA,Eredivisie,2008,2008/2009
ADO Den Haag,Gino Coutinho,25,Goalkeeper,FC Den Bosch,free transfer,in,Summer,NA,Eredivisie,2008,2008/2009
ADO Den Haag,Csaba Horvath,26,Centre-Back,AS Trencin,loan transfer,in,Summer,NA,Eredivisie,2008,2008/2009
ADO Den Haag,Fabio Caracciolo,23,Centre-Forward,FC Eindhoven,?,in,Summer,NA,Eredivisie,2008,2008/2009
ADO Den Haag,Boy Waterman,24,Goalkeeper,AZ Alkmaar,loan transfer,in,Summer,NA,Eredivisie,2008,2008/2009
ADO Den Haag,Mike de Geer,18,Central Midfield,ADO U19,-,in,Summer,0,Eredivisie,2008,2008/2009
ADO Den Haag,Kai van Hese,19,Centre-Back,ADO U19,-,in,Summer,0,Eredivisie,2008,2008/2009
ADO Den Haag,Daryl Janmaat,18,Centre-Back,Heerenveen,£1.62m,out,Summer,1.62,Eredivisie,2008,2008/2009
ADO Den Haag,Nick Coster,22,Left-Back,FC Dordrecht,free transfer,out,Summer,NA,Eredivisie,2008,2008/2009
ADO Den Haag,Richard Blonk,22,Central Midfield,Katwijk,free transfer,out,Summer,NA,Eredivisie,2008,2008/2009
ADO Den Haag,Raimund Riedewald,21,Centre-Back,Haaglandia Zon.,free transfer,out,Summer,NA,Eredivisie,2008,2008/2009
ADO Den Haag,Danilo Arends,22,Left-Back,Katwijk,free transfer,out,Summer,NA,Eredivisie,2008,2008/2009
ADO Den Haag,Richard van Nieuwkoop,21,Goalkeeper,VSV TONEGIDO,free transfer,out,Summer,NA,Eredivisie,2008,2008/2009
ADO Den Haag,Daniël Rijaard,31,Right-Back,Scheveningen,free transfer,out,Summer,NA,Eredivisie,2008,2008/2009
ADO Den Haag,Geoffrey Knijnenburg,25,Right Winger,Go Ahead Eagles,free transfer,out,Summer,NA,Eredivisie,2008,2008/2009
ADO Den Haag,Stefan Postma,32,Goalkeeper,De Graafschap,free transfer,out,Summer,NA,Eredivisie,2008,2008/2009
ADO Den Haag,Hans van de Haar,33,Centre-Forward,AGOVV,loan transfer,out,Summer,NA,Eredivisie,2008,2008/2009
ADO Den Haag,Raymond Victoria,35,Central Midfield,Retired,-,out,Summer,0,Eredivisie,2008,2008/2009
ADO Den Haag,Mimoun El Kadi,21,Attacking Midfield,ADO U21,-,out,Summer,0,Eredivisie,2008,2008/2009
ADO Den Haag,Guyon Fernandez,22,Centre-Forward,ADO U21,-,out,Summer,0,Eredivisie,2008,2008/2009
ADO Den Haag,Roel Stoffels,21,Centre-Back,ADO U21,-,out,Summer,0,Eredivisie,2008,2008/2009
PSV Eindhoven,Ola Toivonen,22,Attacking Midfield,Malmö FF,£3.60m,in,Winter,3.6,Eredivisie,2008,2008/2009
PSV Eindhoven,Haibin Zhou,23,Defensive Midfield,SD Luneng,free transfer,in,Winter,NA,Eredivisie,2008,2008/2009
PSV Eindhoven,Jeroen Zoet,17,Goalkeeper,PSV U21,-,in,Winter,0,Eredivisie,2008,2008/2009
PSV Eindhoven,Funso Ojo,17,Central Midfield,PSV U21,-,in,Winter,0,Eredivisie,2008,2008/2009
PSV Eindhoven,Cássio,21,Goalkeeper,Sparta R.,loan transfer,out,Winter,NA,Eredivisie,2008,2008/2009
PSV Eindhoven,Eric Addo,30,Centre-Back,Roda JC,loan transfer,out,Winter,NA,Eredivisie,2008,2008/2009
PSV Eindhoven,Reimond Manco,18,Attacking Midfield,Willem II,loan transfer,out,Winter,NA,Eredivisie,2008,2008/2009
PSV Eindhoven,Stijn Wuytens,19,Centre-Back,De Graafschap,loan transfer,out,Winter,NA,Eredivisie,2008,2008/2009
Ajax Amsterdam,Rob Wielaert,30,Centre-Back,Twente FC,£2.70m,in,Winter,2.7,Eredivisie,2008,2008/2009
Ajax Amsterdam,Daley Blind,18,Left-Back,Ajax U21,-,in,Winter,0,Eredivisie,2008,2008/2009
Ajax Amsterdam,Toby Alderweireld,19,Centre-Back,Ajax U21,-,in,Winter,0,Eredivisie,2008,2008/2009
Ajax Amsterdam,Klaas-Jan Huntelaar,25,Centre-Forward,Real Madrid,£24.30m,out,Winter,24.3,Eredivisie,2008,2008/2009
Ajax Amsterdam,Hans Vonk,38,Goalkeeper,Heerenveen,free transfer,out,Winter,NA,Eredivisie,2008,2008/2009
Ajax Amsterdam,Dennis Rommedahl,30,Right Winger,NEC Nijmegen,loan transfer,out,Winter,NA,Eredivisie,2008,2008/2009
AZ Alkmaar,Ragnar Klavan,23,Centre-Back,Heracles Almelo,loan transfer,in,Winter,NA,Eredivisie,2008,2008/2009
AZ Alkmaar,Milano Koenders,22,Centre-Back,NEC Nijmegen,loan transfer,out,Winter,NA,Eredivisie,2008,2008/2009
Twente Enschede FC,Peter Wisgerhof,29,Centre-Back,NEC Nijmegen,£900Th.,in,Winter,0.9,Eredivisie,2008,2008/2009
Twente Enschede FC,Nikita Rukavytsya,21,Centre-Forward,Perth Glory,£540Th.,in,Winter,0.54,Eredivisie,2008,2008/2009
Twente Enschede FC,Rob Wielaert,30,Centre-Back,Ajax,£2.70m,out,Winter,2.7,Eredivisie,2008,2008/2009
Twente Enschede FC,Stein Huysegems,26,Centre-Forward,KRC Genk,£900Th.,out,Winter,0.9,Eredivisie,2008,2008/2009
Twente Enschede FC,Jules Reimerink,19,Left Winger,Go Ahead Eagles,loan transfer,out,Winter,NA,Eredivisie,2008,2008/2009
Twente Enschede FC,Ibrahim Maaroufi,19,Defensive Midfield,Inter,"End of loanJan 1, 2009",out,Winter,0,Eredivisie,2008,2008/2009
SC Heerenveen,Patrik Ingelsten,26,Centre-Forward,Kalmar FF,£1.13m,in,Winter,1.13,Eredivisie,2008,2008/2009
SC Heerenveen,Viktor Elm,23,Centre-Back,Kalmar FF,free transfer,in,Winter,NA,Eredivisie,2008,2008/2009
SC Heerenveen,Hans Vonk,38,Goalkeeper,Ajax,free transfer,in,Winter,NA,Eredivisie,2008,2008/2009
SC Heerenveen,Niklas Tarvajärvi,25,Centre-Forward,Vitesse,"End of loanDec 31, 2008",in,Winter,0,Eredivisie,2008,2008/2009
SC Heerenveen,Niklas Tarvajärvi,25,Centre-Forward,Xamax,£450Th.,out,Winter,0.45,Eredivisie,2008,2008/2009
SC Heerenveen,Reza Ghoochannejhad,21,Centre-Forward,FC Emmen,loan transfer,out,Winter,NA,Eredivisie,2008,2008/2009
SC Heerenveen,Cecilio Lopes,30,Centre-Forward,FC Dordrecht,loan transfer,out,Winter,NA,Eredivisie,2008,2008/2009
SC Heerenveen,Robin Huisman de Jong,20,Centre-Back,FC Emmen,loan transfer,out,Winter,NA,Eredivisie,2008,2008/2009
Roda JC Kerkrade,Laurent Delorge,29,Right Winger,Ajax U21,free transfer,in,Winter,NA,Eredivisie,2008,2008/2009
Roda JC Kerkrade,Arnaud Djoum,19,Central Midfield,RSC Anderlecht,£14Th.,in,Winter,0.014,Eredivisie,2008,2008/2009
Roda JC Kerkrade,Kris De Wree,27,Right-Back,Germ. Beerschot,?,in,Winter,NA,Eredivisie,2008,2008/2009
Roda JC Kerkrade,Eric Addo,30,Centre-Back,PSV Eindhoven,loan transfer,in,Winter,NA,Eredivisie,2008,2008/2009
Roda JC Kerkrade,Mark De Man,25,Centre-Back,Germ. Beerschot,£270Th.,out,Winter,0.27,Eredivisie,2008,2008/2009
Roda JC Kerkrade,Jan-Paul Saeijs,30,Centre-Back,Southampton,loan transfer,out,Winter,NA,Eredivisie,2008,2008/2009
Roda JC Kerkrade,Harrie Gommans,25,Centre-Forward,KSV Roeselare,loan transfer,out,Winter,NA,Eredivisie,2008,2008/2009
Feyenoord Rotterdam,Glenn Kobussen,19,Defensive Midfield,Feyenoord U21,-,in,Winter,0,Eredivisie,2008,2008/2009
Feyenoord Rotterdam,Kevin Wattamaleo,19,Central Midfield,Feyenoord U21,-,in,Winter,0,Eredivisie,2008,2008/2009
Feyenoord Rotterdam,Norichio Nieveld,19,Centre-Back,Feyenoord U21,-,in,Winter,0,Eredivisie,2008,2008/2009
Feyenoord Rotterdam,Chun-soo Lee,27,Second Striker,Suwon Bluewings,"End of loanFeb 1, 2009",in,Winter,0,Eredivisie,2008,2008/2009
Feyenoord Rotterdam,Sherif Ekramy,25,Goalkeeper,Ankaragücü,"End of loanDec 31, 2008",in,Winter,0,Eredivisie,2008,2008/2009
Feyenoord Rotterdam,Timothy Derijck,21,Centre-Back,ADO Den Haag,?,out,Winter,NA,Eredivisie,2008,2008/2009
Feyenoord Rotterdam,Danny Buijs,26,Central Midfield,ADO Den Haag,?,out,Winter,NA,Eredivisie,2008,2008/2009
Feyenoord Rotterdam,Chun-soo Lee,27,Second Striker,Chunnam Dragons,loan transfer,out,Winter,NA,Eredivisie,2008,2008/2009
FC Groningen,Nicklas Pedersen,21,Centre-Forward,Nordsjaelland,£1.98m,in,Winter,1.98,Eredivisie,2008,2008/2009
FC Groningen,Tim Matavz,19,Centre-Forward,FC Emmen,"End of loanDec 31, 2008",in,Winter,0,Eredivisie,2008,2008/2009
FC Groningen,Berry Powel,28,Centre-Forward,ADO Den Haag,?,out,Winter,NA,Eredivisie,2008,2008/2009
FC Groningen,Matías Cahais,21,Centre-Back,Boca Juniors,"End of loanDec 31, 2008",out,Winter,0,Eredivisie,2008,2008/2009
FC Utrecht,Jahrizinho Valentijn,23,Right-Back,AGOVV,"End of loanDec 1, 2008",in,Winter,0,Eredivisie,2008,2008/2009
FC Utrecht,Frank van der Zwan,20,Centre-Forward,Haarlem,"End of loanDec 31, 2008",in,Winter,0,Eredivisie,2008,2008/2009
FC Utrecht,Jahrizinho Valentijn,24,Right-Back,Haaglandia Zon.,free transfer,out,Winter,NA,Eredivisie,2008,2008/2009
FC Utrecht,Nick Kuipers,20,Left-Back,FC Zwolle,?,out,Winter,NA,Eredivisie,2008,2008/2009
NEC Nijmegen,Dennis Rommedahl,30,Right Winger,Ajax,loan transfer,in,Winter,NA,Eredivisie,2008,2008/2009
NEC Nijmegen,John Goossens,20,Defensive Midfield,Ajax U21,?,in,Winter,NA,Eredivisie,2008,2008/2009
NEC Nijmegen,Milano Koenders,22,Centre-Back,AZ Alkmaar,loan transfer,in,Winter,NA,Eredivisie,2008,2008/2009
NEC Nijmegen,Mitchell Burgzorg,21,Right-Back,NECOss U21,-,in,Winter,0,Eredivisie,2008,2008/2009
NEC Nijmegen,Peter Wisgerhof,29,Centre-Back,Twente FC,£900Th.,out,Winter,0.9,Eredivisie,2008,2008/2009
NEC Nijmegen,Collins John,23,Centre-Forward,Fulham,"End of loanMar 1, 2009",out,Winter,0,Eredivisie,2008,2008/2009
NAC Breda,Nourdin Boukhari,28,Attacking Midfield,Ittihad,free transfer,in,Winter,NA,Eredivisie,2008,2008/2009
NAC Breda,Rogier Veenstra,21,Left Winger,Excelsior,"End of loanDec 1, 2008",in,Winter,0,Eredivisie,2008,2008/2009
NAC Breda,Rogier Veenstra,21,Left Winger,Haarlem,loan transfer,out,Winter,NA,Eredivisie,2008,2008/2009
NAC Breda,Rafael Pollack,20,Centre-Forward,Without Club,-,out,Winter,0,Eredivisie,2008,2008/2009
Vitesse Arnhem,Dalibor Stevanovic,24,Central Midfield,M. Petah Tikva,loan transfer,in,Winter,NA,Eredivisie,2008,2008/2009
Vitesse Arnhem,Lasse Nilsson,26,Centre-Forward,Saint-Étienne,loan transfer,in,Winter,NA,Eredivisie,2008,2008/2009
Vitesse Arnhem,Genaro Snijders,19,Right Winger,Vitesse U21,-,in,Winter,0,Eredivisie,2008,2008/2009
Vitesse Arnhem,Colin van Mourik,23,Right Midfield,JVC Cuijk,free transfer,out,Winter,NA,Eredivisie,2008,2008/2009
Vitesse Arnhem,Haim Megrelashvili,26,Left-Back,M. Tel Aviv,loan transfer,out,Winter,NA,Eredivisie,2008,2008/2009
Vitesse Arnhem,Alfred Schreuder,36,Defensive Midfield,Career break,-,out,Winter,0,Eredivisie,2008,2008/2009
Vitesse Arnhem,Niklas Tarvajärvi,25,Centre-Forward,Heerenveen,"End of loanDec 31, 2008",out,Winter,0,Eredivisie,2008,2008/2009
Sparta Rotterdam,Cássio,21,Goalkeeper,PSV Eindhoven,loan transfer,in,Winter,NA,Eredivisie,2008,2008/2009
Sparta Rotterdam,David Abdul,19,Left Winger,Sparta U21,-,in,Winter,0,Eredivisie,2008,2008/2009
Sparta Rotterdam,Jeffrey Vlug,22,attack,Go Ahead Eagles,"End of loanDec 31, 2008",in,Winter,0,Eredivisie,2008,2008/2009
Sparta Rotterdam,Cees Toet,21,Centre-Back,RBC Roosendaal,loan transfer,out,Winter,NA,Eredivisie,2008,2008/2009
Sparta Rotterdam,Jeffrey Vlug,22,attack,RBC Roosendaal,loan transfer,out,Winter,NA,Eredivisie,2008,2008/2009
Sparta Rotterdam,Maciej Wilusz,20,Centre-Back,Without Club,-,out,Winter,0,Eredivisie,2008,2008/2009
Heracles Almelo,Juha Hakola,21,Attacking Midfield,FC Flora,£45Th.,in,Winter,0.045,Eredivisie,2008,2008/2009
Heracles Almelo,Paddy John,18,Left Winger,FC Twente U19,?,in,Winter,NA,Eredivisie,2008,2008/2009
Heracles Almelo,Bartlomiej Pacuszka,18,Left-Back,FC Twente U21,loan transfer,in,Winter,NA,Eredivisie,2008,2008/2009
Heracles Almelo,Ragnar Klavan,23,Centre-Back,AZ Alkmaar,loan transfer,out,Winter,NA,Eredivisie,2008,2008/2009
Heracles Almelo,Jef Meinderink,22,Left-Back,Without Club,-,out,Winter,0,Eredivisie,2008,2008/2009
Willem II Tilburg,Reimond Manco,18,Attacking Midfield,PSV Eindhoven,loan transfer,in,Winter,NA,Eredivisie,2008,2008/2009
Willem II Tilburg,Nuelson Wau,28,Right-Back,Without Club,-,in,Winter,0,Eredivisie,2008,2008/2009
Willem II Tilburg,Kiki Musampa,31,Left Winger,Without Club,-,in,Winter,0,Eredivisie,2008,2008/2009
Willem II Tilburg,Bart Biemans,20,Centre-Back,Willem II U21,-,in,Winter,0,Eredivisie,2008,2008/2009
Willem II Tilburg,Christophe Grégoire,28,Left Winger,RSC Charleroi,loan transfer,out,Winter,NA,Eredivisie,2008,2008/2009
De Graafschap Doetinchem,Muslu Nalbantoglu,25,Right-Back,Kayserispor,free transfer,in,Winter,NA,Eredivisie,2008,2008/2009
De Graafschap Doetinchem,Ben Sahar,19,Centre-Forward,Chelsea,loan transfer,in,Winter,NA,Eredivisie,2008,2008/2009
De Graafschap Doetinchem,Stijn Wuytens,19,Centre-Back,PSV Eindhoven,loan transfer,in,Winter,NA,Eredivisie,2008,2008/2009
De Graafschap Doetinchem,Stefan Postma,32,Goalkeeper,Omon. Aradippou,free transfer,out,Winter,NA,Eredivisie,2008,2008/2009
De Graafschap Doetinchem,Donny de Groot,29,Centre-Forward,Newcastle,free transfer,out,Winter,NA,Eredivisie,2008,2008/2009
De Graafschap Doetinchem,Hugo Bargas,22,Centre-Forward,FC Zwolle,loan transfer,out,Winter,NA,Eredivisie,2008,2008/2009
ADO Den Haag,Berry Powel,28,Centre-Forward,FC Groningen,?,in,Winter,NA,Eredivisie,2008,2008/2009
ADO Den Haag,Timothy Derijck,21,Centre-Back,Feyenoord,?,in,Winter,NA,Eredivisie,2008,2008/2009
ADO Den Haag,Danny Buijs,26,Central Midfield,Feyenoord,?,in,Winter,NA,Eredivisie,2008,2008/2009
ADO Den Haag,Hursut Meric,25,Right Midfield,Genclerbirligi,?,out,Winter,NA,Eredivisie,2008,2008/2009
ADO Den Haag,Levi Schwiebbe,22,Central Midfield,Haarlem,loan transfer,out,Winter,NA,Eredivisie,2008,2008/2009
