club_name,player_name,age,position,club_involved_name,fee,transfer_movement,transfer_period,fee_cleaned,league_name,year,season
FC Internazionale,Ricardo Quaresma,24,Right Winger,FC Porto,£22.14m,in,Summer,22.14,Serie A,2008,2008/2009
FC Internazionale,Sulley Muntari,23,Central Midfield,Portsmouth,£12.60m,in,Summer,12.6,Serie A,2008,2008/2009
FC Internazionale,Mancini,27,Left Winger,AS Roma,£11.70m,in,Summer,11.7,Serie A,2008,2008/2009
FC Internazionale,Luis Jiménez,24,Attacking Midfield,Ternana,£9.90m,in,Summer,9.9,Serie A,2008,2008/2009
FC Internazionale,Philippe Coutinho,16,Attacking Midfield,Vasco U17,£3.42m,in,Summer,3.42,Serie A,2008,2008/2009
FC Internazionale,Riccardo Meggiorini,23,Centre-Forward,Cittadella,£2.25m,in,Summer,2.25,Serie A,2008,2008/2009
FC Internazionale,Victor Obinna,21,Second Striker,Chievo Verona,£1.08m,in,Summer,1.08,Serie A,2008,2008/2009
FC Internazionale,Hernán Crespo,32,Centre-Forward,Chelsea,free transfer,in,Summer,NA,Serie A,2008,2008/2009
FC Internazionale,Zule,18,Left Winger,Málaga CF,?,in,Summer,NA,Serie A,2008,2008/2009
FC Internazionale,Davide Santon,17,Right-Back,Inter U19,-,in,Summer,0,Serie A,2008,2008/2009
FC Internazionale,Andrea Mei,19,Centre-Back,Inter U19,-,in,Summer,0,Serie A,2008,2008/2009
FC Internazionale,Alberto Gerbo,19,Central Midfield,Inter U19,-,in,Summer,0,Serie A,2008,2008/2009
FC Internazionale,Dennis Esposito,20,Centre-Back,Inter U19,-,in,Summer,0,Serie A,2008,2008/2009
FC Internazionale,Gabriele Puccio,18,Central Midfield,Inter U19,-,in,Summer,0,Serie A,2008,2008/2009
FC Internazionale,Luca Siligardi,20,Right Winger,Inter U19,-,in,Summer,0,Serie A,2008,2008/2009
FC Internazionale,Pelé,20,Central Midfield,FC Porto,£5.40m,out,Summer,5.4,Serie A,2008,2008/2009
FC Internazionale,Luca Ceccarelli,25,Centre-Back,AC Milan,£2.32m,out,Summer,2.32,Serie A,2008,2008/2009
FC Internazionale,Sebastián Ribas,20,Centre-Forward,Dijon,£900Th.,out,Summer,0.9,Serie A,2008,2008/2009
FC Internazionale,Tijani Belaid,20,Attacking Midfield,Slavia Prague,£360Th.,out,Summer,0.36,Serie A,2008,2008/2009
FC Internazionale,David Suazo,28,Centre-Forward,Benfica,Loan fee:£180Th.,out,Summer,0.18,Serie A,2008,2008/2009
FC Internazionale,Santiago Solari,31,Left Midfield,San Lorenzo,free transfer,out,Summer,NA,Serie A,2008,2008/2009
FC Internazionale,Álvaro Recoba,32,Second Striker,Panionios,free transfer,out,Summer,NA,Serie A,2008,2008/2009
FC Internazionale,Adriano,27,Centre-Forward,Flamengo,free transfer,out,Summer,NA,Serie A,2008,2008/2009
FC Internazionale,Domenico Germinale,21,Centre-Forward,Foggia,free transfer,out,Summer,NA,Serie A,2008,2008/2009
FC Internazionale,Rincón,21,Centre-Back,Ancona,loan transfer,out,Summer,NA,Serie A,2008,2008/2009
FC Internazionale,Matteo Lombardo,23,Left Midfield,Legnano,£450,out,Summer,NA,Serie A,2008,2008/2009
FC Internazionale,Fabrizio Biava,24,midfield,Spezia,?,out,Summer,NA,Serie A,2008,2008/2009
FC Internazionale,Dennis Esposito,20,Centre-Back,Reggiana,loan transfer,out,Summer,NA,Serie A,2008,2008/2009
FC Internazionale,Luca Siligardi,20,Right Winger,Bari,loan transfer,out,Summer,NA,Serie A,2008,2008/2009
FC Internazionale,Philippe Coutinho,16,Attacking Midfield,Vasco da Gama,loan transfer,out,Summer,NA,Serie A,2008,2008/2009
FC Internazionale,Gabriele Puccio,18,Central Midfield,Hellas Verona,loan transfer,out,Summer,NA,Serie A,2008,2008/2009
FC Internazionale,Enrico Alfonso,20,Goalkeeper,AC Pisa,loan transfer,out,Summer,NA,Serie A,2008,2008/2009
FC Internazionale,Ivan Fatic,19,Centre-Back,Vicenza,loan transfer,out,Summer,NA,Serie A,2008,2008/2009
FC Internazionale,Giacomo Bindi,21,Goalkeeper,Monza,loan transfer,out,Summer,NA,Serie A,2008,2008/2009
FC Internazionale,Attila Filkor,19,Central Midfield,Sassuolo,loan transfer,out,Summer,NA,Serie A,2008,2008/2009
FC Internazionale,César,33,Left Midfield,Without Club,-,out,Summer,0,Serie A,2008,2008/2009
FC Internazionale,Luis Jiménez,24,Attacking Midfield,Ternana,"End of loanJun 30, 2008",out,Summer,0,Serie A,2008,2008/2009
FC Internazionale,Hernán Crespo,32,Centre-Forward,Chelsea,"End of loanJun 30, 2008",out,Summer,0,Serie A,2008,2008/2009
FC Internazionale,Maniche,30,Central Midfield,Atlético Madrid,"End of loanJun 30, 2008",out,Summer,0,Serie A,2008,2008/2009
AS Roma,Jérémy Ménez,21,Right Winger,Monaco,£10.80m,in,Summer,10.8,Serie A,2008,2008/2009
AS Roma,Júlio Baptista,26,Attacking Midfield,Real Madrid,£9.00m,in,Summer,9,Serie A,2008,2008/2009
AS Roma,John Arne Riise,27,Left-Back,Liverpool,£4.95m,in,Summer,4.95,Serie A,2008,2008/2009
AS Roma,Simone Loria,31,Centre-Back,Siena,£2.52m,in,Summer,2.52,Serie A,2008,2008/2009
AS Roma,Vitorino Antunes,21,Left-Back,Paços Ferreira,£1.08m,in,Summer,1.08,Serie A,2008,2008/2009
AS Roma,Artur Moraes,27,Goalkeeper,Siena,£675Th.,in,Summer,0.675,Serie A,2008,2008/2009
AS Roma,Leandro Greco,21,Central Midfield,Hellas Verona,£135Th.,in,Summer,0.135,Serie A,2008,2008/2009
AS Roma,Filipe,21,Defensive Midfield,Fiorentina U19,free transfer,in,Summer,NA,Serie A,2008,2008/2009
AS Roma,Felipe Ribeiro Gomes,21,midfield,Unknown,?,in,Summer,NA,Serie A,2008,2008/2009
AS Roma,Federico Maria Erba,19,Centre-Back,Roma U19,-,in,Summer,0,Serie A,2008,2008/2009
AS Roma,João Paulo,19,Right Midfield,Roma U19,-,in,Summer,0,Serie A,2008,2008/2009
AS Roma,Manuel Mancini,19,Left Midfield,Roma U19,-,in,Summer,0,Serie A,2008,2008/2009
AS Roma,Cristian Palumbo,19,Centre-Back,Roma U19,-,in,Summer,0,Serie A,2008,2008/2009
AS Roma,Alessandro Ianniciello,20,Centre-Back,Roma U19,-,in,Summer,0,Serie A,2008,2008/2009
AS Roma,Marco Viviano,19,Central Midfield,Roma U19,-,in,Summer,0,Serie A,2008,2008/2009
AS Roma,Alessandro Triola,17,Right Winger,Roma U19,-,in,Summer,0,Serie A,2008,2008/2009
AS Roma,Mirco Zazza,18,Centre-Back,Roma U19,-,in,Summer,0,Serie A,2008,2008/2009
AS Roma,Mancini,27,Left Winger,Inter,£11.70m,out,Summer,11.7,Serie A,2008,2008/2009
AS Roma,Ludovic Giuly,32,Right Winger,Paris SG,£2.25m,out,Summer,2.25,Serie A,2008,2008/2009
AS Roma,Gianluca Curci,22,Goalkeeper,Siena,£1.58m,out,Summer,1.58,Serie A,2008,2008/2009
AS Roma,Alessio Cerci,21,Right Winger,Atalanta BC,Loan fee:£225Th.,out,Summer,0.225,Serie A,2008,2008/2009
AS Roma,Simone Palermo,20,Central Midfield,Treviso,£180Th.,out,Summer,0.18,Serie A,2008,2008/2009
AS Roma,Vitorino Antunes,21,Left-Back,Lecce,Loan fee:£180Th.,out,Summer,0.18,Serie A,2008,2008/2009
AS Roma,Dario Polverini,21,Centre-Back,Pro Patria,£90Th.,out,Summer,0.09,Serie A,2008,2008/2009
AS Roma,Matteo Ferrari,28,Centre-Back,Genoa,free transfer,out,Summer,NA,Serie A,2008,2008/2009
AS Roma,Carlo Zotti,25,Goalkeeper,Cittadella,free transfer,out,Summer,NA,Serie A,2008,2008/2009
AS Roma,Ahmed Barusso,23,Defensive Midfield,Siena,loan transfer,out,Summer,NA,Serie A,2008,2008/2009
AS Roma,Massimiliano Marsili,21,Defensive Midfield,Modena,loan transfer,out,Summer,NA,Serie A,2008,2008/2009
AS Roma,Alessandro Triola,18,Right Winger,ASD Sarzanese,loan transfer,out,Summer,NA,Serie A,2008,2008/2009
AS Roma,Daniele Magliocchetti,22,Centre-Back,Cagliari Calcio,?,out,Summer,NA,Serie A,2008,2008/2009
AS Roma,Alessandro Ianniciello,20,Centre-Back,Gallipoli,loan transfer,out,Summer,NA,Serie A,2008,2008/2009
AS Roma,Mirco Zazza,18,Centre-Back,ASD Sarzanese,loan transfer,out,Summer,NA,Serie A,2008,2008/2009
AS Roma,Aleandro Rosi,21,Right-Back,AS Livorno,loan transfer,out,Summer,NA,Serie A,2008,2008/2009
AS Roma,Federico Maria Erba,19,Centre-Back,Virtus Lanciano,loan transfer,out,Summer,NA,Serie A,2008,2008/2009
AS Roma,Cristian Palumbo,19,Centre-Back,Casale,loan transfer,out,Summer,NA,Serie A,2008,2008/2009
AS Roma,Manuel Mancini,19,Left Midfield,Rieti,loan transfer,out,Summer,NA,Serie A,2008,2008/2009
AS Roma,João Paulo,19,Right Midfield,Virtus Lanciano,loan transfer,out,Summer,NA,Serie A,2008,2008/2009
AS Roma,Marco Andreolli,22,Centre-Back,Sassuolo,loan transfer,out,Summer,NA,Serie A,2008,2008/2009
AS Roma,Édgar Álvarez,28,Right Midfield,AC Pisa,loan transfer,out,Summer,NA,Serie A,2008,2008/2009
AS Roma,Adrian Pit,24,Left Midfield,AC Pisa,loan transfer,out,Summer,NA,Serie A,2008,2008/2009
AS Roma,Mauro Esposito,29,Right Winger,Chievo Verona,loan transfer,out,Summer,NA,Serie A,2008,2008/2009
AS Roma,Andrea Giacomini,21,Left Midfield,Gallipoli,loan transfer,out,Summer,NA,Serie A,2008,2008/2009
AS Roma,Keivan Zarineh,23,Centre-Forward,AS Pescina,loan transfer,out,Summer,NA,Serie A,2008,2008/2009
AS Roma,Marco Viviano,19,Central Midfield,Virtus Lanciano,loan transfer,out,Summer,NA,Serie A,2008,2008/2009
AS Roma,Vitorino Antunes,21,Left-Back,Paços Ferreira,"End of loanJun 30, 2008",out,Summer,0,Serie A,2008,2008/2009
AC Milan,Ronaldinho Gaúcho,28,Attacking Midfield,Barcelona,£21.74m,in,Summer,21.74,Serie A,2008,2008/2009
AC Milan,Marco Borriello,26,Centre-Forward,Genoa,£10.58m,in,Summer,10.58,Serie A,2008,2008/2009
AC Milan,Gianluca Zambrotta,31,Right-Back,Barcelona,£9.45m,in,Summer,9.45,Serie A,2008,2008/2009
AC Milan,Luca Antonini,25,Left-Back,Empoli,£2.61m,in,Summer,2.61,Serie A,2008,2008/2009
AC Milan,Luca Ceccarelli,25,Centre-Back,Inter,£2.32m,in,Summer,2.32,Serie A,2008,2008/2009
AC Milan,Tabaré Viúdez,18,Right Winger,Defensor,£2.25m,in,Summer,2.25,Serie A,2008,2008/2009
AC Milan,Philippe Senderos,23,Centre-Back,Arsenal,Loan fee:£2.25m,in,Summer,2.25,Serie A,2008,2008/2009
AC Milan,Mathías Cardacio,20,Central Midfield,Nacional,£1.80m,in,Summer,1.8,Serie A,2008,2008/2009
AC Milan,Mathieu Flamini,24,Defensive Midfield,Arsenal,free transfer,in,Summer,NA,Serie A,2008,2008/2009
AC Milan,Andriy Shevchenko,31,Centre-Forward,Chelsea,loan transfer,in,Summer,NA,Serie A,2008,2008/2009
AC Milan,Davide Facchin,21,Goalkeeper,Milan U19,-,in,Summer,0,Serie A,2008,2008/2009
AC Milan,Pierre-Emerick Aubameyang,19,Centre-Forward,Milan U19,-,in,Summer,0,Serie A,2008,2008/2009
AC Milan,Alberto Paloschi,18,Centre-Forward,Milan U19,-,in,Summer,0,Serie A,2008,2008/2009
AC Milan,Alberto Gilardino,25,Centre-Forward,Fiorentina,£12.60m,out,Summer,12.6,Serie A,2008,2008/2009
AC Milan,Ricardo Oliveira,28,Centre-Forward,Real Zaragoza,£9.00m,out,Summer,9,Serie A,2008,2008/2009
AC Milan,Davide Astori,21,Centre-Back,Cagliari Calcio,£4.50m,out,Summer,4.5,Serie A,2008,2008/2009
AC Milan,Leandro Grimi,23,Left-Back,Sporting CP,£2.25m,out,Summer,2.25,Serie A,2008,2008/2009
AC Milan,Paolo Sammarco,25,Central Midfield,Sampdoria,£2.16m,out,Summer,2.16,Serie A,2008,2008/2009
AC Milan,Alberto Paloschi,18,Centre-Forward,Parma,£2.03m,out,Summer,2.03,Serie A,2008,2008/2009
AC Milan,Ignazio Abate,21,Right-Back,Torino,£1.98m,out,Summer,1.98,Serie A,2008,2008/2009
AC Milan,Cristian Brocchi,32,Central Midfield,Lazio,£1.80m,out,Summer,1.8,Serie A,2008,2008/2009
AC Milan,Davide Di Gennaro,20,Defensive Midfield,Genoa,£1.35m,out,Summer,1.35,Serie A,2008,2008/2009
AC Milan,Yoann Gourcuff,21,Attacking Midfield,G. Bordeaux,Loan fee:£1.26m,out,Summer,1.26,Serie A,2008,2008/2009
AC Milan,Lino Marzorati,21,Centre-Back,Empoli,£1.13m,out,Summer,1.13,Serie A,2008,2008/2009
AC Milan,Romano Perticone,21,Centre-Back,AS Livorno,£1.08m,out,Summer,1.08,Serie A,2008,2008/2009
AC Milan,Ferdinando Coppola,30,Goalkeeper,Atalanta BC,£810Th.,out,Summer,0.81,Serie A,2008,2008/2009
AC Milan,Marcus Diniz,20,Centre-Back,AS Livorno,£540Th.,out,Summer,0.54,Serie A,2008,2008/2009
AC Milan,Luca Ceccarelli,25,Centre-Back,Hellas Verona,free transfer,out,Summer,NA,Serie A,2008,2008/2009
AC Milan,Dario Simic,32,Right-Back,Monaco,free transfer,out,Summer,NA,Serie A,2008,2008/2009
AC Milan,Sandro Bloudek,22,Attacking Midfield,Varteks,loan transfer,out,Summer,NA,Serie A,2008,2008/2009
AC Milan,Massimo Oddo,32,Right-Back,FC Bayern,loan transfer,out,Summer,NA,Serie A,2008,2008/2009
AC Milan,Digão,22,Centre-Back,Standard Liège,loan transfer,out,Summer,NA,Serie A,2008,2008/2009
AC Milan,Filippo Porcari,24,Defensive Midfield,Novara,?,out,Summer,NA,Serie A,2008,2008/2009
AC Milan,Luca Antonelli,21,Left-Back,Parma,?,out,Summer,NA,Serie A,2008,2008/2009
AC Milan,Pierre-Emerick Aubameyang,19,Centre-Forward,Dijon,loan transfer,out,Summer,NA,Serie A,2008,2008/2009
AC Milan,Patrick Kalambay,24,Right Midfield,Como,loan transfer,out,Summer,NA,Serie A,2008,2008/2009
AC Milan,William-Fils Aubameyang,21,Centre-Back,Avellino,loan transfer,out,Summer,NA,Serie A,2008,2008/2009
AC Milan,Elia Legati,22,Centre-Back,Monaco,loan transfer,out,Summer,NA,Serie A,2008,2008/2009
AC Milan,Davide Facchin,21,Goalkeeper,Padova,loan transfer,out,Summer,NA,Serie A,2008,2008/2009
AC Milan,Marco Storari,31,Goalkeeper,Fiorentina,loan transfer,out,Summer,NA,Serie A,2008,2008/2009
AC Milan,Valerio Fiori,39,Goalkeeper,Retired,-,out,Summer,0,Serie A,2008,2008/2009
AC Milan,Ibrahim Bá,34,Right Midfield,Retired,-,out,Summer,0,Serie A,2008,2008/2009
AC Milan,Serginho,37,Left Midfield,Retired,-,out,Summer,0,Serie A,2008,2008/2009
AC Milan,Ronaldo,31,Centre-Forward,Without Club,-,out,Summer,0,Serie A,2008,2008/2009
AC Milan,Cafú,38,Right-Back,Career break,-,out,Summer,0,Serie A,2008,2008/2009
UC Sampdoria,Daniele Dessena,21,Central Midfield,Parma,£6.03m,in,Summer,6.03,Serie A,2008,2008/2009
UC Sampdoria,Antonio Cassano,25,Second Striker,Real Madrid,£4.50m,in,Summer,4.5,Serie A,2008,2008/2009
UC Sampdoria,Bruno Fornaroli,20,Centre-Forward,Nacional,£2.70m,in,Summer,2.7,Serie A,2008,2008/2009
UC Sampdoria,Marius Stankevicius,26,Centre-Back,Brescia,£2.70m,in,Summer,2.7,Serie A,2008,2008/2009
UC Sampdoria,Antonio Mirante,24,Goalkeeper,Juventus,£2.43m,in,Summer,2.43,Serie A,2008,2008/2009
UC Sampdoria,Jonathan Bottinelli,23,Centre-Back,San Lorenzo,£2.34m,in,Summer,2.34,Serie A,2008,2008/2009
UC Sampdoria,Marco Padalino,24,Right-Back,Piacenza,£2.25m,in,Summer,2.25,Serie A,2008,2008/2009
UC Sampdoria,Paolo Sammarco,25,Central Midfield,AC Milan,£2.16m,in,Summer,2.16,Serie A,2008,2008/2009
UC Sampdoria,Francesco Signori,19,Central Midfield,AC Montichiari,£171Th.,in,Summer,0.171,Serie A,2008,2008/2009
UC Sampdoria,Stefano Scappini,20,Centre-Forward,Ternana,£135Th.,in,Summer,0.135,Serie A,2008,2008/2009
UC Sampdoria,Gianluigi Bianco,19,Left-Back,Sampdoria U19,-,in,Summer,0,Serie A,2008,2008/2009
UC Sampdoria,Mirko Eramo,18,Central Midfield,Sampdoria U19,-,in,Summer,0,Serie A,2008,2008/2009
UC Sampdoria,Guido Marilungo,18,Centre-Forward,Sampdoria U19,-,in,Summer,0,Serie A,2008,2008/2009
UC Sampdoria,Mattia Mustacchio,19,Right Midfield,Sampdoria U19,-,in,Summer,0,Serie A,2008,2008/2009
UC Sampdoria,Gabriel Ferrari,19,Centre-Forward,Sampdoria U19,-,in,Summer,0,Serie A,2008,2008/2009
UC Sampdoria,Matteo Lanzoni,19,Centre-Back,Sampdoria U19,-,in,Summer,0,Serie A,2008,2008/2009
UC Sampdoria,Christian Maggio,26,Right-Back,SSC Napoli,£7.20m,out,Summer,7.2,Serie A,2008,2008/2009
UC Sampdoria,Nikola Gulan,19,Defensive Midfield,Fiorentina,"End of loanJul 1, 2008",out,Summer,0,Serie A,2008,2008/2009
UC Sampdoria,Cristian Zenoni,31,Right-Back,Bologna,£900Th.,out,Summer,0.9,Serie A,2008,2008/2009
UC Sampdoria,Ikechukwu Kalu,24,Centre-Forward,AC Bellinzona,£270Th.,out,Summer,0.27,Serie A,2008,2008/2009
UC Sampdoria,Luigi Sala,34,Centre-Back,Udinese,free transfer,out,Summer,NA,Serie A,2008,2008/2009
UC Sampdoria,Sergio Volpi,34,Central Midfield,Bologna,free transfer,out,Summer,NA,Serie A,2008,2008/2009
UC Sampdoria,Leonardo Migliónico,28,Centre-Back,AS Livorno,loan transfer,out,Summer,NA,Serie A,2008,2008/2009
UC Sampdoria,Fabrizio Cacciatore,21,Right-Back,Triestina,loan transfer,out,Summer,NA,Serie A,2008,2008/2009
UC Sampdoria,Vladimir Koman,19,Attacking Midfield,Avellino,loan transfer,out,Summer,NA,Serie A,2008,2008/2009
UC Sampdoria,Daniele Padelli,22,Goalkeeper,Avellino,loan transfer,out,Summer,NA,Serie A,2008,2008/2009
UC Sampdoria,Paolo Castellazzi,20,Central Midfield,Ternana,loan transfer,out,Summer,NA,Serie A,2008,2008/2009
UC Sampdoria,Matteo Lanzoni,20,Centre-Back,Bari,loan transfer,out,Summer,NA,Serie A,2008,2008/2009
UC Sampdoria,Giovanni Taormina,20,Left Midfield,Como,loan transfer,out,Summer,NA,Serie A,2008,2008/2009
UC Sampdoria,Francesco Signori,19,Central Midfield,Foligno,loan transfer,out,Summer,NA,Serie A,2008,2008/2009
UC Sampdoria,Jonathan Rossini,19,Centre-Back,Legnano,loan transfer,out,Summer,NA,Serie A,2008,2008/2009
UC Sampdoria,Massimo Volta,21,Centre-Back,Vicenza,loan transfer,out,Summer,NA,Serie A,2008,2008/2009
UC Sampdoria,Mirko Eramo,19,Central Midfield,Piacenza,loan transfer,out,Summer,NA,Serie A,2008,2008/2009
UC Sampdoria,Solomon Enow,21,Centre-Back,Legnano,loan transfer,out,Summer,NA,Serie A,2008,2008/2009
UC Sampdoria,Gianluigi Bianco,19,Left-Back,Empoli,loan transfer,out,Summer,NA,Serie A,2008,2008/2009
UC Sampdoria,Stefano Scappini,20,Centre-Forward,Ternana,loan transfer,out,Summer,NA,Serie A,2008,2008/2009
UC Sampdoria,Pietro Arnulfo,19,attack,Cuoio Cappiano,loan transfer,out,Summer,NA,Serie A,2008,2008/2009
UC Sampdoria,Francesco Virdis,23,Centre-Forward,Legnano,loan transfer,out,Summer,NA,Serie A,2008,2008/2009
UC Sampdoria,Danilo Soddimo,20,Left Midfield,Ancona,loan transfer,out,Summer,NA,Serie A,2008,2008/2009
UC Sampdoria,Alessandro Bastrini,21,Centre-Back,Sassuolo,loan transfer,out,Summer,NA,Serie A,2008,2008/2009
UC Sampdoria,Gabriel Ferrari,19,Centre-Forward,Perugia,loan transfer,out,Summer,NA,Serie A,2008,2008/2009
UC Sampdoria,Antonio Mirante,24,Goalkeeper,Juventus,"End of loanJun 30, 2008",out,Summer,0,Serie A,2008,2008/2009
UC Sampdoria,Paolo Sammarco,25,Central Midfield,AC Milan,"End of loanJun 30, 2008",out,Summer,0,Serie A,2008,2008/2009
UC Sampdoria,Antonio Cassano,25,Second Striker,Real Madrid,"End of loanJun 30, 2008",out,Summer,0,Serie A,2008,2008/2009
UC Sampdoria,Vincenzo Montella,34,Centre-Forward,AS Roma,"End of loanJun 30, 2008",out,Summer,0,Serie A,2008,2008/2009
US Palermo,Cesare Bovo,25,Centre-Back,Genoa,£7.07m,in,Summer,7.07,Serie A,2008,2008/2009
US Palermo,Antonio Nocerino,23,Central Midfield,Juventus,£6.75m,in,Summer,6.75,Serie A,2008,2008/2009
US Palermo,Andrea Raggi,24,Centre-Back,Empoli,£6.30m,in,Summer,6.3,Serie A,2008,2008/2009
US Palermo,Marco Amelia,26,Goalkeeper,AS Livorno,£5.40m,in,Summer,5.4,Serie A,2008,2008/2009
US Palermo,Igor Budan,28,Centre-Forward,Parma,£4.05m,in,Summer,4.05,Serie A,2008,2008/2009
US Palermo,Simon Kjaer,19,Centre-Back,FC Midtjylland,£3.60m,in,Summer,3.6,Serie A,2008,2008/2009
US Palermo,Moris Carrozzieri,27,Centre-Back,Atalanta BC,£3.06m,in,Summer,3.06,Serie A,2008,2008/2009
US Palermo,Davide Succi,26,Centre-Forward,Ravenna,£2.75m,in,Summer,2.75,Serie A,2008,2008/2009
US Palermo,Davide Lanzafame,21,Centre-Forward,Juventus,£2.25m,in,Summer,2.25,Serie A,2008,2008/2009
US Palermo,Levan Mchedlidze,18,Centre-Forward,Empoli,Loan fee:£1.35m,in,Summer,1.35,Serie A,2008,2008/2009
US Palermo,Túlio de Melo,23,Centre-Forward,Le Mans UC 72,free transfer,in,Summer,NA,Serie A,2008,2008/2009
US Palermo,Fabio Liverani,32,Defensive Midfield,Fiorentina,free transfer,in,Summer,NA,Serie A,2008,2008/2009
US Palermo,Samuele Romeo,19,Centre-Back,Palermo U19,-,in,Summer,0,Serie A,2008,2008/2009
US Palermo,Giuseppe Ingrassia,20,Goalkeeper,Palermo U19,-,in,Summer,0,Serie A,2008,2008/2009
US Palermo,Giuseppe Polito,19,Second Striker,Palermo U19,-,in,Summer,0,Serie A,2008,2008/2009
US Palermo,Francesco Inglese,20,defence,Palermo U19,-,in,Summer,0,Serie A,2008,2008/2009
US Palermo,Amauri,28,Centre-Forward,Juventus,£20.52m,out,Summer,20.52,Serie A,2008,2008/2009
US Palermo,Andrea Barzagli,27,Centre-Back,VfL Wolfsburg,£12.60m,out,Summer,12.6,Serie A,2008,2008/2009
US Palermo,Cristian Zaccardo,26,Centre-Back,VfL Wolfsburg,£6.30m,out,Summer,6.3,Serie A,2008,2008/2009
US Palermo,Leandro Rinaudo,25,Centre-Back,SSC Napoli,£4.95m,out,Summer,4.95,Serie A,2008,2008/2009
US Palermo,Túlio de Melo,23,Centre-Forward,LOSC Lille,£3.60m,out,Summer,3.6,Serie A,2008,2008/2009
US Palermo,Mariano González,27,Right Midfield,FC Porto,£2.88m,out,Summer,2.88,Serie A,2008,2008/2009
US Palermo,Franco Brienza,29,Attacking Midfield,Reggina,£1.98m,out,Summer,1.98,Serie A,2008,2008/2009
US Palermo,Fabio Caserta,29,Central Midfield,Lecce,£1.44m,out,Summer,1.44,Serie A,2008,2008/2009
US Palermo,Marco Pisano,26,Left-Back,Torino,£1.35m,out,Summer,1.35,Serie A,2008,2008/2009
US Palermo,Giuseppe Biava,31,Centre-Back,Genoa,£1.08m,out,Summer,1.08,Serie A,2008,2008/2009
US Palermo,Giuseppe Polito,20,Second Striker,Vibonese,Loan fee:£90Th.,out,Summer,0.09,Serie A,2008,2008/2009
US Palermo,Boško Janković,24,Right Winger,Genoa,Loan fee:£45Th.,out,Summer,0.045,Serie A,2008,2008/2009
US Palermo,Davis Curiale,20,Centre-Forward,Vicenza,loan transfer,out,Summer,NA,Serie A,2008,2008/2009
US Palermo,Federico Agliardi,25,Goalkeeper,Rimini,loan transfer,out,Summer,NA,Serie A,2008,2008/2009
US Palermo,Salvatore Sirigu,21,Goalkeeper,Ancona,loan transfer,out,Summer,NA,Serie A,2008,2008/2009
US Palermo,Alberto Cossentino,19,Centre-Back,Triestina,loan transfer,out,Summer,NA,Serie A,2008,2008/2009
US Palermo,Mirko Velardi,20,Central Midfield,Foggia,£450,out,Summer,NA,Serie A,2008,2008/2009
US Palermo,Nicola Ficano,21,Left-Back,Sambenedettese,?,out,Summer,NA,Serie A,2008,2008/2009
US Palermo,Edgar Cani,18,Centre-Forward,Ascoli,loan transfer,out,Summer,NA,Serie A,2008,2008/2009
US Palermo,Francesco Inglese,20,defence,Lucchese,loan transfer,out,Summer,NA,Serie A,2008,2008/2009
US Palermo,Pietro Balistreri,22,Centre-Forward,Monopoli,loan transfer,out,Summer,NA,Serie A,2008,2008/2009
SSC Napoli,Christian Maggio,26,Right-Back,Sampdoria,£7.20m,in,Summer,7.2,Serie A,2008,2008/2009
SSC Napoli,Germán Denis,26,Centre-Forward,Independiente,£6.78m,in,Summer,6.78,Serie A,2008,2008/2009
SSC Napoli,Leandro Rinaudo,25,Centre-Back,US Palermo,£4.95m,in,Summer,4.95,Serie A,2008,2008/2009
SSC Napoli,Salvatore Aronica,30,Centre-Back,Reggina,£2.41m,in,Summer,2.41,Serie A,2008,2008/2009
SSC Napoli,Andrea Russotto,20,Attacking Midfield,AC Bellinzona,Loan fee:£315Th.,in,Summer,0.315,Serie A,2008,2008/2009
SSC Napoli,Alessandro Venezia,18,Defensive Midfield,Gela Calcio Youth,£225Th.,in,Summer,0.225,Serie A,2008,2008/2009
SSC Napoli,Luca Lacrimini,30,Left-Back,Ancona,free transfer,in,Summer,NA,Serie A,2008,2008/2009
SSC Napoli,Mario D'Urso,18,defence,Napoli U19,-,in,Summer,0,Serie A,2008,2008/2009
SSC Napoli,Maurizio Domizzi,28,Centre-Back,Udinese,£4.05m,out,Summer,4.05,Serie A,2008,2008/2009
SSC Napoli,Emanuele Calaiò,26,Centre-Forward,Siena,£3.20m,out,Summer,3.2,Serie A,2008,2008/2009
SSC Napoli,György Garics,24,Right-Back,Atalanta BC,£2.25m,out,Summer,2.25,Serie A,2008,2008/2009
SSC Napoli,Gaetano Grieco,25,Centre-Forward,Stabia,£90Th.,out,Summer,0.09,Serie A,2008,2008/2009
SSC Napoli,Luca Lacrimini,30,Left-Back,Cavese,free transfer,out,Summer,NA,Serie A,2008,2008/2009
SSC Napoli,Biagio Del Giudice,19,Goalkeeper,Aversa Norm.,free transfer,out,Summer,NA,Serie A,2008,2008/2009
SSC Napoli,Roberto Sosa,33,Centre-Forward,Gimnasia,free transfer,out,Summer,NA,Serie A,2008,2008/2009
SSC Napoli,Marco Capparella,33,Right Midfield,Stabia,free transfer,out,Summer,NA,Serie A,2008,2008/2009
SSC Napoli,Andrea Cupi,32,Centre-Back,Empoli,free transfer,out,Summer,NA,Serie A,2008,2008/2009
SSC Napoli,Cristian Bucchi,31,Centre-Forward,Ascoli,loan transfer,out,Summer,NA,Serie A,2008,2008/2009
SSC Napoli,Rubén Maldonado,29,Centre-Back,Gimnasia,?,out,Summer,NA,Serie A,2008,2008/2009
SSC Napoli,Giuseppe Feola,19,midfield,Barletta,?,out,Summer,NA,Serie A,2008,2008/2009
SSC Napoli,Roberto De Zerbi,29,Attacking Midfield,Avellino,loan transfer,out,Summer,NA,Serie A,2008,2008/2009
SSC Napoli,Mario D'Urso,18,defence,Giulianova,loan transfer,out,Summer,NA,Serie A,2008,2008/2009
SSC Napoli,Carmine Biagio Gatti,20,Goalkeeper,Matera,loan transfer,out,Summer,NA,Serie A,2008,2008/2009
SSC Napoli,Erminio Rullo,24,Left-Back,Triestina,loan transfer,out,Summer,NA,Serie A,2008,2008/2009
Juventus FC,Amauri,28,Centre-Forward,US Palermo,£20.52m,in,Summer,20.52,Serie A,2008,2008/2009
Juventus FC,Christian Poulsen,28,Defensive Midfield,Sevilla FC,£8.78m,in,Summer,8.78,Serie A,2008,2008/2009
Juventus FC,Paolo De Ceglie,21,Left-Back,Siena,£3.15m,in,Summer,3.15,Serie A,2008,2008/2009
Juventus FC,Alexander Manninger,31,Goalkeeper,Udinese,£2.25m,in,Summer,2.25,Serie A,2008,2008/2009
Juventus FC,Dario Knezevic,26,Centre-Back,AS Livorno,Loan fee:£675Th.,in,Summer,0.675,Serie A,2008,2008/2009
Juventus FC,Albin Ekdal,18,Defensive Midfield,Brommapojkarna,£540Th.,in,Summer,0.54,Serie A,2008,2008/2009
Juventus FC,Antonio Chimenti,38,Goalkeeper,Udinese,free transfer,in,Summer,NA,Serie A,2008,2008/2009
Juventus FC,Olof Mellberg,30,Centre-Back,Aston Villa,free transfer,in,Summer,NA,Serie A,2008,2008/2009
Juventus FC,Dario Campagna,20,Right-Back,Juventus U19,-,in,Summer,0,Serie A,2008,2008/2009
Juventus FC,Davide Borin,19,Centre-Back,Juventus U19,-,in,Summer,0,Serie A,2008,2008/2009
Juventus FC,Alessandro D'Antoni,19,Second Striker,Juventus U19,-,in,Summer,0,Serie A,2008,2008/2009
Juventus FC,Nicola Cosentini,20,Defensive Midfield,Juventus U19,-,in,Summer,0,Serie A,2008,2008/2009
Juventus FC,Domenico Criscito,21,Centre-Back,Genoa,£10.35m,out,Summer,10.35,Serie A,2008,2008/2009
Juventus FC,Antonio Nocerino,23,Central Midfield,US Palermo,£6.75m,out,Summer,6.75,Serie A,2008,2008/2009
Juventus FC,Raffaele Palladino,24,Left Winger,Genoa,£4.50m,out,Summer,4.5,Serie A,2008,2008/2009
Juventus FC,Antonio Mirante,24,Goalkeeper,Sampdoria,£2.43m,out,Summer,2.43,Serie A,2008,2008/2009
Juventus FC,Davide Lanzafame,21,Centre-Forward,US Palermo,£2.25m,out,Summer,2.25,Serie A,2008,2008/2009
Juventus FC,Andrea Rossi,21,Left-Back,Siena,£900Th.,out,Summer,0.9,Serie A,2008,2008/2009
Juventus FC,Rey Volpato,21,Centre-Forward,Bari,£900Th.,out,Summer,0.9,Serie A,2008,2008/2009
Juventus FC,Sergio Almirón,27,Central Midfield,Fiorentina,Loan fee:£450Th.,out,Summer,0.45,Serie A,2008,2008/2009
Juventus FC,Andrea Luci,23,Defensive Midfield,Ascoli,£93Th.,out,Summer,0.093,Serie A,2008,2008/2009
Juventus FC,Alessandro Birindelli,33,Right-Back,AC Pisa,free transfer,out,Summer,NA,Serie A,2008,2008/2009
Juventus FC,Raffaele Bianco,20,Defensive Midfield,Bari,loan transfer,out,Summer,NA,Serie A,2008,2008/2009
Juventus FC,Alessandro D'Antoni,19,Second Striker,Giulianova,loan transfer,out,Summer,NA,Serie A,2008,2008/2009
Juventus FC,Samon Reider Rodríguez,19,Second Striker,US Poggibonsi,loan transfer,out,Summer,NA,Serie A,2008,2008/2009
Juventus FC,Cristiano Novembre,21,Goalkeeper,Figline,?,out,Summer,NA,Serie A,2008,2008/2009
Juventus FC,Emanuele Belardi,30,Goalkeeper,Udinese,?,out,Summer,NA,Serie A,2008,2008/2009
Juventus FC,Andrea Pozzato,20,Goalkeeper,FC Canavese,?,out,Summer,NA,Serie A,2008,2008/2009
Juventus FC,Davide Borin,19,Centre-Back,ProVercelli U19,?,out,Summer,NA,Serie A,2008,2008/2009
Juventus FC,Dario Campagna,20,Right-Back,Hellas Verona,?,out,Summer,NA,Serie A,2008,2008/2009
Juventus FC,Dario Venitucci,21,Attacking Midfield,Mantova,?,out,Summer,NA,Serie A,2008,2008/2009
Juventus FC,Alessandro Vono,20,Goalkeeper,AS Livorno,?,out,Summer,NA,Serie A,2008,2008/2009
Juventus FC,Nicola Faralli,18,attack,US Poggibonsi,?,out,Summer,NA,Serie A,2008,2008/2009
Juventus FC,Stefano Di Berardino,21,Centre-Back,Pistoiese,loan transfer,out,Summer,NA,Serie A,2008,2008/2009
Juventus FC,Andrea Torta,18,Centre-Back,Rovigo Calcio,loan transfer,out,Summer,NA,Serie A,2008,2008/2009
Juventus FC,Rubén Olivera,25,Central Midfield,Genoa,loan transfer,out,Summer,NA,Serie A,2008,2008/2009
Juventus FC,Andrea Pisani,21,Centre-Back,Pro Patria,loan transfer,out,Summer,NA,Serie A,2008,2008/2009
Juventus FC,Nicola Cosentini,20,Defensive Midfield,Pro Patria,loan transfer,out,Summer,NA,Serie A,2008,2008/2009
Juventus FC,Oussama Essabr,19,Centre-Forward,Vicenza,loan transfer,out,Summer,NA,Serie A,2008,2008/2009
Juventus FC,Jess Kedwell Vanstrattan,25,Goalkeeper,Hellas Verona,"End of loanJun 30, 2008",out,Summer,0,Serie A,2008,2008/2009
Juventus FC,Guglielmo Stendardo,27,Centre-Back,Lazio,"End of loanJun 30, 2008",out,Summer,0,Serie A,2008,2008/2009
Genoa CFC,Diego Milito,29,Centre-Forward,Real Zaragoza,£11.70m,in,Summer,11.7,Serie A,2008,2008/2009
Genoa CFC,Domenico Criscito,21,Centre-Back,Juventus,£10.35m,in,Summer,10.35,Serie A,2008,2008/2009
Genoa CFC,Andrea Gasbarroni,26,Second Striker,Parma,£4.50m,in,Summer,4.5,Serie A,2008,2008/2009
Genoa CFC,Raffaele Palladino,24,Left Winger,Juventus,£4.50m,in,Summer,4.5,Serie A,2008,2008/2009
Genoa CFC,Francesco Modesto,26,Left-Back,Reggina,£4.05m,in,Summer,4.05,Serie A,2008,2008/2009
Genoa CFC,Sokratis Papastathopoulos,20,Centre-Back,AEK Athens,£3.42m,in,Summer,3.42,Serie A,2008,2008/2009
Genoa CFC,Giandomenico Mesto,26,Right-Back,Udinese,£2.70m,in,Summer,2.7,Serie A,2008,2008/2009
Genoa CFC,Alessandro Potenza,24,Centre-Back,Fiorentina,£1.98m,in,Summer,1.98,Serie A,2008,2008/2009
Genoa CFC,Salvatore Bocchetti,21,Centre-Back,Frosinone,£1.98m,in,Summer,1.98,Serie A,2008,2008/2009
Genoa CFC,Andrea Ranocchia,20,Centre-Back,Arezzo,£1.62m,in,Summer,1.62,Serie A,2008,2008/2009
Genoa CFC,Davide Di Gennaro,20,Defensive Midfield,AC Milan,£1.35m,in,Summer,1.35,Serie A,2008,2008/2009
Genoa CFC,Giuseppe Biava,31,Centre-Back,US Palermo,£1.08m,in,Summer,1.08,Serie A,2008,2008/2009
Genoa CFC,Francesco Renzetti,20,Left-Back,Lucchese,£540Th.,in,Summer,0.54,Serie A,2008,2008/2009
Genoa CFC,Steve Pinau,20,Attacking Midfield,Monaco B,£504Th.,in,Summer,0.504,Serie A,2008,2008/2009
Genoa CFC,Boško Janković,24,Right Winger,US Palermo,Loan fee:£45Th.,in,Summer,0.045,Serie A,2008,2008/2009
Genoa CFC,Matteo Ferrari,28,Centre-Back,AS Roma,free transfer,in,Summer,NA,Serie A,2008,2008/2009
Genoa CFC,Alessandro Di Maio,21,Centre-Back,Valenzana,free transfer,in,Summer,NA,Serie A,2008,2008/2009
Genoa CFC,Salvatore Aurelio,23,Left Winger,FC Crotone,?,in,Summer,NA,Serie A,2008,2008/2009
Genoa CFC,Vincenzo Rennella,19,Centre-Forward,FC Lugano,?,in,Summer,NA,Serie A,2008,2008/2009
Genoa CFC,Giuseppe Greco,24,Centre-Forward,Rimini,?,in,Summer,NA,Serie A,2008,2008/2009
Genoa CFC,Marcel Román,20,Defensive Midfield,Peñarol,?,in,Summer,NA,Serie A,2008,2008/2009
Genoa CFC,Armando Padula,22,defence,Sorrento,?,in,Summer,NA,Serie A,2008,2008/2009
Genoa CFC,Davide Brivio,20,Left-Back,Vicenza,loan transfer,in,Summer,NA,Serie A,2008,2008/2009
Genoa CFC,Nicolás Domingo,23,Defensive Midfield,River Plate,loan transfer,in,Summer,NA,Serie A,2008,2008/2009
Genoa CFC,Rubén Olivera,25,Central Midfield,Juventus,loan transfer,in,Summer,NA,Serie A,2008,2008/2009
Genoa CFC,Thiago Motta,26,Defensive Midfield,Without Club,-,in,Summer,0,Serie A,2008,2008/2009
Genoa CFC,Matteo D'Alessandro,19,Defensive Midfield,Genoa U19,-,in,Summer,0,Serie A,2008,2008/2009
Genoa CFC,Selim Ben Djemia,19,Centre-Back,Genoa U19,-,in,Summer,0,Serie A,2008,2008/2009
Genoa CFC,Emmanuel Ledesma,20,Right Winger,Genoa U19,-,in,Summer,0,Serie A,2008,2008/2009
Genoa CFC,Jacopo Sbravati,18,Right Winger,Genoa U19,-,in,Summer,0,Serie A,2008,2008/2009
Genoa CFC,Marco Borriello,26,Centre-Forward,AC Milan,£10.58m,out,Summer,10.58,Serie A,2008,2008/2009
Genoa CFC,Abdoulay Konko,24,Right-Back,Sevilla FC,£7.65m,out,Summer,7.65,Serie A,2008,2008/2009
Genoa CFC,Cesare Bovo,25,Centre-Back,US Palermo,£7.07m,out,Summer,7.07,Serie A,2008,2008/2009
Genoa CFC,Julio de León,28,Attacking Midfield,Parma,£3.20m,out,Summer,3.2,Serie A,2008,2008/2009
Genoa CFC,Abdelkader Ghezzal,23,Centre-Forward,Siena,£1.35m,out,Summer,1.35,Serie A,2008,2008/2009
Genoa CFC,Alessandro Lucarelli,30,Centre-Back,Parma,£1.08m,out,Summer,1.08,Serie A,2008,2008/2009
Genoa CFC,Santos,26,Centre-Back,Reggina,£900Th.,out,Summer,0.9,Serie A,2008,2008/2009
Genoa CFC,Francesco Renzetti,20,Left-Back,UC AlbinoLeffe,£675Th.,out,Summer,0.675,Serie A,2008,2008/2009
Genoa CFC,Luciano Figueroa,27,Centre-Forward,Boca Juniors,Loan fee:£450Th.,out,Summer,0.45,Serie A,2008,2008/2009
Genoa CFC,Danilo Sacramento,25,Attacking Midfield,Celta de Vigo,free transfer,out,Summer,NA,Serie A,2008,2008/2009
Genoa CFC,Alessandro Di Maio,21,Centre-Back,Cuoio Cappiano,free transfer,out,Summer,NA,Serie A,2008,2008/2009
Genoa CFC,Davide Di Gennaro,20,Defensive Midfield,Reggina,loan transfer,out,Summer,NA,Serie A,2008,2008/2009
Genoa CFC,Steve Pinau,20,Attacking Midfield,Hibernian FC,loan transfer,out,Summer,NA,Serie A,2008,2008/2009
Genoa CFC,Marco Di Vaio,32,Centre-Forward,Bologna,loan transfer,out,Summer,NA,Serie A,2008,2008/2009
Genoa CFC,Danilo Russo,20,Goalkeeper,Pergocrema,loan transfer,out,Summer,NA,Serie A,2008,2008/2009
Genoa CFC,Diogo Tavares,21,Centre-Forward,Frosinone,?,out,Summer,NA,Serie A,2008,2008/2009
Genoa CFC,Damián Lanza,27,Goalkeeper,CS Emelec,?,out,Summer,NA,Serie A,2008,2008/2009
Genoa CFC,Stefano Botta,21,Central Midfield,Vicenza,loan transfer,out,Summer,NA,Serie A,2008,2008/2009
Genoa CFC,Fabiano,29,Left-Back,Celta de Vigo,loan transfer,out,Summer,NA,Serie A,2008,2008/2009
Genoa CFC,Vincenzo Rennella,19,Centre-Forward,FC Lugano,loan transfer,out,Summer,NA,Serie A,2008,2008/2009
Genoa CFC,Mariano Stendardo,25,Centre-Back,Grosseto,loan transfer,out,Summer,NA,Serie A,2008,2008/2009
Genoa CFC,Jacopo Sbravati,18,Right Winger,ProVercelli U19,loan transfer,out,Summer,NA,Serie A,2008,2008/2009
Genoa CFC,Tiago Pires,21,Centre-Back,FC Gloria Buzău,loan transfer,out,Summer,NA,Serie A,2008,2008/2009
Genoa CFC,Emmanuel Ledesma,20,Right Winger,QPR,loan transfer,out,Summer,NA,Serie A,2008,2008/2009
Genoa CFC,Matías Masiero,20,Second Striker,AC Pisa,loan transfer,out,Summer,NA,Serie A,2008,2008/2009
Genoa CFC,Michele Tarallo,27,Centre-Forward,Pergocrema,loan transfer,out,Summer,NA,Serie A,2008,2008/2009
Genoa CFC,Gianluca Pegolo,27,Goalkeeper,Parma,loan transfer,out,Summer,NA,Serie A,2008,2008/2009
Genoa CFC,Wilson,23,Centre-Forward,Sport Recife,loan transfer,out,Summer,NA,Serie A,2008,2008/2009
Genoa CFC,Giuseppe Greco,24,Centre-Forward,AC Pisa,loan transfer,out,Summer,NA,Serie A,2008,2008/2009
Genoa CFC,Andrea Ranocchia,20,Centre-Back,Bari,loan transfer,out,Summer,NA,Serie A,2008,2008/2009
Genoa CFC,Gaetano De Rosa,35,Centre-Back,Retired,-,out,Summer,0,Serie A,2008,2008/2009
Genoa CFC,Tommaso Ghinassi,21,Centre-Back,Pistoiese,"End of loanJun 30, 2008",out,Summer,0,Serie A,2008,2008/2009
Genoa CFC,Domenico Criscito,21,Centre-Back,Juventus,"End of loanJun 30, 2008",out,Summer,0,Serie A,2008,2008/2009
ACF Fiorentina,Alberto Gilardino,25,Centre-Forward,AC Milan,£12.60m,in,Summer,12.6,Serie A,2008,2008/2009
ACF Fiorentina,Juan Manuel Vargas,24,Left-Back,Catania,£10.80m,in,Summer,10.8,Serie A,2008,2008/2009
ACF Fiorentina,Stevan Jovetic,18,Centre-Forward,Partizan,£7.20m,in,Summer,7.2,Serie A,2008,2008/2009
ACF Fiorentina,Felipe Melo,25,Defensive Midfield,UD Almería,£7.20m,in,Summer,7.2,Serie A,2008,2008/2009
ACF Fiorentina,Gianluca Comotto,29,Right-Back,Torino,£4.32m,in,Summer,4.32,Serie A,2008,2008/2009
ACF Fiorentina,Sergio Almirón,27,Central Midfield,Juventus,Loan fee:£450Th.,in,Summer,0.45,Serie A,2008,2008/2009
ACF Fiorentina,Luciano Zauri,30,Right-Back,Lazio,Loan fee:£360Th.,in,Summer,0.36,Serie A,2008,2008/2009
ACF Fiorentina,Marco Storari,31,Goalkeeper,AC Milan,loan transfer,in,Summer,NA,Serie A,2008,2008/2009
ACF Fiorentina,Luca Petri,19,Centre-Back,Fiorentina U19,-,in,Summer,0,Serie A,2008,2008/2009
ACF Fiorentina,Giacomo Casoli,19,Central Midfield,Fiorentina U19,-,in,Summer,0,Serie A,2008,2008/2009
ACF Fiorentina,Alessandro Potenza,24,Centre-Back,Genoa,£1.98m,out,Summer,1.98,Serie A,2008,2008/2009
ACF Fiorentina,Henry Okoroji,24,Centre-Back,Pro Vasto,free transfer,out,Summer,NA,Serie A,2008,2008/2009
ACF Fiorentina,Guly,26,Attacking Midfield,Pro Patria,free transfer,out,Summer,NA,Serie A,2008,2008/2009
ACF Fiorentina,Christian Vieri,34,Centre-Forward,Atalanta BC,free transfer,out,Summer,NA,Serie A,2008,2008/2009
ACF Fiorentina,Fabio Liverani,32,Defensive Midfield,US Palermo,free transfer,out,Summer,NA,Serie A,2008,2008/2009
ACF Fiorentina,Tomas Ujfalusi,30,Centre-Back,Atlético Madrid,free transfer,out,Summer,NA,Serie A,2008,2008/2009
ACF Fiorentina,Samuel Di Carmine,19,Centre-Forward,QPR,loan transfer,out,Summer,NA,Serie A,2008,2008/2009
ACF Fiorentina,Arturo Lupoli,21,Centre-Forward,Norwich,loan transfer,out,Summer,NA,Serie A,2008,2008/2009
ACF Fiorentina,Andrea Paolucci,21,Defensive Midfield,Taranto,loan transfer,out,Summer,NA,Serie A,2008,2008/2009
ACF Fiorentina,David Mateo,21,Centre-Back,Lecco,loan transfer,out,Summer,NA,Serie A,2008,2008/2009
ACF Fiorentina,Cristiano Lupatelli,30,Goalkeeper,Cagliari Calcio,?,out,Summer,NA,Serie A,2008,2008/2009
ACF Fiorentina,Matthias Lepiller,20,Second Striker,Grasshoppers,loan transfer,out,Summer,NA,Serie A,2008,2008/2009
ACF Fiorentina,Davide Carcuro,21,Central Midfield,FC Crotone,loan transfer,out,Summer,NA,Serie A,2008,2008/2009
ACF Fiorentina,Giacomo Casoli,19,Central Midfield,Cassino,loan transfer,out,Summer,NA,Serie A,2008,2008/2009
ACF Fiorentina,Luca Petri,19,Centre-Back,Montevarchi,loan transfer,out,Summer,NA,Serie A,2008,2008/2009
Atalanta BC,Luca Cigarini,22,Defensive Midfield,Parma,£9.45m,in,Summer,9.45,Serie A,2008,2008/2009
Atalanta BC,György Garics,24,Right-Back,SSC Napoli,£2.25m,in,Summer,2.25,Serie A,2008,2008/2009
Atalanta BC,Ferdinando Coppola,30,Goalkeeper,AC Milan,£810Th.,in,Summer,0.81,Serie A,2008,2008/2009
Atalanta BC,Michele Rinaldi,21,Centre-Back,Udinese,£540Th.,in,Summer,0.54,Serie A,2008,2008/2009
Atalanta BC,Alessio Cerci,21,Right Winger,AS Roma,Loan fee:£225Th.,in,Summer,0.225,Serie A,2008,2008/2009
Atalanta BC,Christian Vieri,34,Centre-Forward,Fiorentina,free transfer,in,Summer,NA,Serie A,2008,2008/2009
Atalanta BC,Jaime Valdés,27,Central Midfield,Lecce,free transfer,in,Summer,NA,Serie A,2008,2008/2009
Atalanta BC,Christian Tiboni,20,Centre-Forward,Udinese,?,in,Summer,NA,Serie A,2008,2008/2009
Atalanta BC,Nicola Barbetti,19,Centre-Back,Atalanta U19,-,in,Summer,0,Serie A,2008,2008/2009
Atalanta BC,Matteo Gentili,18,Centre-Back,Atalanta U19,-,in,Summer,0,Serie A,2008,2008/2009
Atalanta BC,Cristian Tissone,20,Defensive Midfield,Atalanta U19,-,in,Summer,0,Serie A,2008,2008/2009
Atalanta BC,Simone Colombi,17,Goalkeeper,Atalanta U19,-,in,Summer,0,Serie A,2008,2008/2009
Atalanta BC,Michele Marconi,19,Centre-Forward,Atalanta U19,-,in,Summer,0,Serie A,2008,2008/2009
Atalanta BC,Giacomo Bonaventura,18,Central Midfield,Atalanta U19,-,in,Summer,0,Serie A,2008,2008/2009
Atalanta BC,Michael Girasole,19,midfield,Atalanta U19,-,in,Summer,0,Serie A,2008,2008/2009
Atalanta BC,Andrea Lazzari,23,Central Midfield,Cagliari Calcio,£4.32m,out,Summer,4.32,Serie A,2008,2008/2009
Atalanta BC,Fernando Tissone,21,Defensive Midfield,Udinese,£3.78m,out,Summer,3.78,Serie A,2008,2008/2009
Atalanta BC,Moris Carrozzieri,27,Centre-Back,US Palermo,£3.06m,out,Summer,3.06,Serie A,2008,2008/2009
Atalanta BC,Zlatan Muslimovic,27,Centre-Forward,PAOK Salonika,£540Th.,out,Summer,0.54,Serie A,2008,2008/2009
Atalanta BC,Michele Rinaldi,21,Centre-Back,Rimini,£540Th.,out,Summer,0.54,Serie A,2008,2008/2009
Atalanta BC,George Forsyth,26,Goalkeeper,Alianza Lima,£90Th.,out,Summer,0.09,Serie A,2008,2008/2009
Atalanta BC,Antonio Langella,31,Left Winger,Udinese,free transfer,out,Summer,NA,Serie A,2008,2008/2009
Atalanta BC,Dario Bergamelli,21,Centre-Back,Hellas Verona,loan transfer,out,Summer,NA,Serie A,2008,2008/2009
Atalanta BC,Michael Cia,19,Central Midfield,Triestina,loan transfer,out,Summer,NA,Serie A,2008,2008/2009
Atalanta BC,Matteo Gentili,18,Centre-Back,Pergocrema,loan transfer,out,Summer,NA,Serie A,2008,2008/2009
Atalanta BC,Alberto Filippini,21,Attacking Midfield,Padova,loan transfer,out,Summer,NA,Serie A,2008,2008/2009
Atalanta BC,Nicola Barbetti,19,Centre-Back,AS Pizzighettone,loan transfer,out,Summer,NA,Serie A,2008,2008/2009
Atalanta BC,Daniele Gasparetto,20,Centre-Back,Modena,loan transfer,out,Summer,NA,Serie A,2008,2008/2009
Atalanta BC,Christian Tiboni,20,Centre-Forward,Hellas Verona,loan transfer,out,Summer,NA,Serie A,2008,2008/2009
Atalanta BC,Ivan Radovanovic,19,Defensive Midfield,AC Pisa,loan transfer,out,Summer,NA,Serie A,2008,2008/2009
Atalanta BC,Andrea Arrigoni,19,Defensive Midfield,AC Mezzocorona,loan transfer,out,Summer,NA,Serie A,2008,2008/2009
Atalanta BC,Stefano Mauri,20,Left Midfield,Ternana,loan transfer,out,Summer,NA,Serie A,2008,2008/2009
Atalanta BC,Andrea Ivan,35,Goalkeeper,Without Club,-,out,Summer,0,Serie A,2008,2008/2009
Atalanta BC,Riccardo Fissore,28,Centre-Back,Vicenza,"End of loanJun 30, 2008",out,Summer,0,Serie A,2008,2008/2009
Atalanta BC,Michele Paolucci,22,Centre-Forward,Udinese,"End of loanJun 30, 2008",out,Summer,0,Serie A,2008,2008/2009
Atalanta BC,Manuel Belleri,30,Right-Back,Lazio,"End of loanJun 30, 2008",out,Summer,0,Serie A,2008,2008/2009
Atalanta BC,Simone Inzaghi,32,Centre-Forward,Lazio,"End of loanJun 30, 2008",out,Summer,0,Serie A,2008,2008/2009
Atalanta BC,Ferdinando Coppola,30,Goalkeeper,AC Milan,"End of loanJun 30, 2008",out,Summer,0,Serie A,2008,2008/2009
SS Lazio,Juan Pablo Carrizo,24,Goalkeeper,River Plate,£6.75m,in,Summer,6.75,Serie A,2008,2008/2009
SS Lazio,Stefan Radu,21,Centre-Back,FC Dinamo,£4.28m,in,Summer,4.28,Serie A,2008,2008/2009
SS Lazio,David Rozehnal,27,Centre-Back,Newcastle,£3.24m,in,Summer,3.24,Serie A,2008,2008/2009
SS Lazio,Mauro Zárate,21,Centre-Forward,Al-Sadd SC,Loan fee:£3.15m,in,Summer,3.15,Serie A,2008,2008/2009
SS Lazio,Cristian Brocchi,32,Central Midfield,AC Milan,£1.80m,in,Summer,1.8,Serie A,2008,2008/2009
SS Lazio,Stephan Lichtsteiner,24,Right-Back,LOSC Lille,£1.08m,in,Summer,1.08,Serie A,2008,2008/2009
SS Lazio,Libor Kozak,19,Centre-Forward,SFC Opava,£1.08m,in,Summer,1.08,Serie A,2008,2008/2009
SS Lazio,Matuzalém,28,Defensive Midfield,Real Zaragoza,Loan fee:£720Th.,in,Summer,0.72,Serie A,2008,2008/2009
SS Lazio,Simone Sannibale,23,Centre-Back,Isola Liri,?,in,Summer,NA,Serie A,2008,2008/2009
SS Lazio,Federico Chirico,19,Centre-Back,Lazio U19,-,in,Summer,0,Serie A,2008,2008/2009
SS Lazio,Vincent Degrè,19,Goalkeeper,Lazio U19,-,in,Summer,0,Serie A,2008,2008/2009
SS Lazio,Riccardo Capogna,20,Centre-Forward,Lazio U19,-,in,Summer,0,Serie A,2008,2008/2009
SS Lazio,Alessandro Tuia,18,Centre-Back,Lazio U19,-,in,Summer,0,Serie A,2008,2008/2009
SS Lazio,Valon Behrami,23,Defensive Midfield,West Ham,£5.67m,out,Summer,5.67,Serie A,2008,2008/2009
SS Lazio,Gaby Mudingayi,26,Defensive Midfield,Bologna,£5.40m,out,Summer,5.4,Serie A,2008,2008/2009
SS Lazio,Luciano Zauri,30,Right-Back,Fiorentina,Loan fee:£360Th.,out,Summer,0.36,Serie A,2008,2008/2009
SS Lazio,Marco Ballotta,44,Goalkeeper,Calcara,free transfer,out,Summer,NA,Serie A,2008,2008/2009
SS Lazio,Fabio Vignaroli,32,Centre-Forward,Panthrakikos,free transfer,out,Summer,NA,Serie A,2008,2008/2009
SS Lazio,Daniele Greco,20,Central Midfield,Sorrento,?,out,Summer,NA,Serie A,2008,2008/2009
SS Lazio,Lucas Correa,24,Defensive Midfield,Pro Patria,loan transfer,out,Summer,NA,Serie A,2008,2008/2009
SS Lazio,Simone Santarelli,19,Goalkeeper,Sangiorgese,loan transfer,out,Summer,NA,Serie A,2008,2008/2009
SS Lazio,Guglielmo Stendardo,27,Centre-Back,Lecce,loan transfer,out,Summer,NA,Serie A,2008,2008/2009
SS Lazio,Alberto Quadri,25,Defensive Midfield,Monza,loan transfer,out,Summer,NA,Serie A,2008,2008/2009
SS Lazio,Roberto Baronio,30,Defensive Midfield,Brescia,loan transfer,out,Summer,NA,Serie A,2008,2008/2009
SS Lazio,Fabio Zaccardi,21,defence,Celano,loan transfer,out,Summer,NA,Serie A,2008,2008/2009
SS Lazio,Matteo Merini,20,Centre-Forward,Melfi,loan transfer,out,Summer,NA,Serie A,2008,2008/2009
SS Lazio,Federico Chirico,19,Centre-Back,Aversa Norm.,loan transfer,out,Summer,NA,Serie A,2008,2008/2009
SS Lazio,Riccardo Bonetto,29,Left-Back,AS Livorno,loan transfer,out,Summer,NA,Serie A,2008,2008/2009
SS Lazio,Ivan Artipoli,22,Centre-Back,Modena,loan transfer,out,Summer,NA,Serie A,2008,2008/2009
SS Lazio,Riccardo Capogna,20,Centre-Forward,AC Mezzocorona,loan transfer,out,Summer,NA,Serie A,2008,2008/2009
SS Lazio,Massimo Mutarelli,30,Central Midfield,Without Club,-,out,Summer,0,Serie A,2008,2008/2009
SS Lazio,Igli Tare,34,Centre-Forward,Retired,-,out,Summer,0,Serie A,2008,2008/2009
SS Lazio,Stefan Radu,21,Centre-Back,FC Dinamo,"End of loanJun 30, 2008",out,Summer,0,Serie A,2008,2008/2009
SS Lazio,David Rozehnal,27,Centre-Back,Newcastle,"End of loanJun 30, 2008",out,Summer,0,Serie A,2008,2008/2009
AC Siena,Emanuele Calaiò,26,Centre-Forward,SSC Napoli,£3.20m,in,Summer,3.2,Serie A,2008,2008/2009
AC Siena,Gianluca Curci,22,Goalkeeper,AS Roma,£1.58m,in,Summer,1.58,Serie A,2008,2008/2009
AC Siena,Camilo Zúñiga,22,Right-Back,Atl. Nacional,£1.35m,in,Summer,1.35,Serie A,2008,2008/2009
AC Siena,Abdelkader Ghezzal,23,Centre-Forward,Genoa,£1.35m,in,Summer,1.35,Serie A,2008,2008/2009
AC Siena,Nicola Belmonte,21,Centre-Back,Bari,£1.35m,in,Summer,1.35,Serie A,2008,2008/2009
AC Siena,Houssine Kharja,25,Central Midfield,Piacenza,£1.08m,in,Summer,1.08,Serie A,2008,2008/2009
AC Siena,Andrea Rossi,21,Left-Back,Juventus,£900Th.,in,Summer,0.9,Serie A,2008,2008/2009
AC Siena,Cristiano Del Grosso,25,Left-Back,Cagliari Calcio,£720Th.,in,Summer,0.72,Serie A,2008,2008/2009
AC Siena,Cosmin Moti,23,Centre-Back,FC Dinamo,Loan fee:£540Th.,in,Summer,0.54,Serie A,2008,2008/2009
AC Siena,Gianluca Sansone,21,Centre-Forward,AS Pescina,£450Th.,in,Summer,0.45,Serie A,2008,2008/2009
AC Siena,Antonio Zito,22,Left Midfield,Taranto,£270Th.,in,Summer,0.27,Serie A,2008,2008/2009
AC Siena,Manuel Mancini,24,Central Midfield,Taranto,£270Th.,in,Summer,0.27,Serie A,2008,2008/2009
AC Siena,Lorenzo Del Prete,22,Right-Back,Virtus Lanciano,£90Th.,in,Summer,0.09,Serie A,2008,2008/2009
AC Siena,Gonçalo Brandão,21,Centre-Back,Belenenses,free transfer,in,Summer,NA,Serie A,2008,2008/2009
AC Siena,Ahmed Barusso,23,Defensive Midfield,AS Roma,loan transfer,in,Summer,NA,Serie A,2008,2008/2009
AC Siena,Marco Di Crescenzo,20,Centre-Forward,Sangiustese,?,in,Summer,NA,Serie A,2008,2008/2009
AC Siena,Manuel Mancini,25,Central Midfield,Rieti,?,in,Summer,NA,Serie A,2008,2008/2009
AC Siena,Marcelo Larrondo,19,Centre-Forward,River Plate,loan transfer,in,Summer,NA,Serie A,2008,2008/2009
AC Siena,Luca Pietrobattista,20,Defensive Midfield,Siena Junior,-,in,Summer,0,Serie A,2008,2008/2009
AC Siena,Carlo Crociani,18,Left-Back,Siena Junior,-,in,Summer,0,Serie A,2008,2008/2009
AC Siena,Matteo Prandelli,19,Centre-Forward,Siena Junior,-,in,Summer,0,Serie A,2008,2008/2009
AC Siena,Marco Di Crescenzo,19,Centre-Forward,Siena Junior,-,in,Summer,0,Serie A,2008,2008/2009
AC Siena,Paolo De Ceglie,21,Left-Back,Juventus,£3.15m,out,Summer,3.15,Serie A,2008,2008/2009
AC Siena,Simone Loria,31,Centre-Back,AS Roma,£2.52m,out,Summer,2.52,Serie A,2008,2008/2009
AC Siena,Alexander Manninger,31,Goalkeeper,Udinese,£1.62m,out,Summer,1.62,Serie A,2008,2008/2009
AC Siena,Artur Moraes,27,Goalkeeper,AS Roma,£675Th.,out,Summer,0.675,Serie A,2008,2008/2009
AC Siena,Caetano Calil,24,Centre-Forward,FC Crotone,£450Th.,out,Summer,0.45,Serie A,2008,2008/2009
AC Siena,Enrico Chiesa,37,Centre-Forward,Figline,free transfer,out,Summer,NA,Serie A,2008,2008/2009
AC Siena,Alberto Valentim,33,Right Midfield,Atlético-PR,free transfer,out,Summer,NA,Serie A,2008,2008/2009
AC Siena,Alessandro Rigoli,21,Centre-Back,Sangimignano,free transfer,out,Summer,NA,Serie A,2008,2008/2009
AC Siena,Matteo Prandelli,19,Centre-Forward,AS Pescina,loan transfer,out,Summer,NA,Serie A,2008,2008/2009
AC Siena,Marco Di Crescenzo,19,Centre-Forward,US Poggibonsi,?,out,Summer,NA,Serie A,2008,2008/2009
AC Siena,Manuel Mancini,24,Central Midfield,Rieti,?,out,Summer,NA,Serie A,2008,2008/2009
AC Siena,Stefano Pezzana,21,midfield,Noicattaro,?,out,Summer,NA,Serie A,2008,2008/2009
AC Siena,Tomas Locatelli,32,Attacking Midfield,Mantova,?,out,Summer,NA,Serie A,2008,2008/2009
AC Siena,Thomas Albanese,20,Centre-Forward,Legnano,loan transfer,out,Summer,NA,Serie A,2008,2008/2009
AC Siena,Daniele Corvia,23,Centre-Forward,Empoli,loan transfer,out,Summer,NA,Serie A,2008,2008/2009
AC Siena,Mirko Guadalupi,21,Attacking Midfield,Ancona,loan transfer,out,Summer,NA,Serie A,2008,2008/2009
AC Siena,Gennaro Esposito,23,Defensive Midfield,Gallipoli,loan transfer,out,Summer,NA,Serie A,2008,2008/2009
AC Siena,Pasquale Iadaresta,22,Centre-Forward,Foligno,loan transfer,out,Summer,NA,Serie A,2008,2008/2009
AC Siena,Leonardo Blanchard,20,Centre-Back,AS Pescina,loan transfer,out,Summer,NA,Serie A,2008,2008/2009
AC Siena,Luca Pietrobattista,20,Defensive Midfield,AS Pescina,loan transfer,out,Summer,NA,Serie A,2008,2008/2009
AC Siena,Richard Porta,25,Centre-Forward,Belenenses,loan transfer,out,Summer,NA,Serie A,2008,2008/2009
AC Siena,Alessandro Bettega,21,Central Midfield,Ravenna,loan transfer,out,Summer,NA,Serie A,2008,2008/2009
AC Siena,Giovanni Bartolucci,24,Right-Back,Pistoiese,loan transfer,out,Summer,NA,Serie A,2008,2008/2009
AC Siena,Valerio Bertotto,35,Right-Back,Without Club,-,out,Summer,0,Serie A,2008,2008/2009
AC Siena,Rosario Pepe,21,Central Midfield,Without Club,-,out,Summer,0,Serie A,2008,2008/2009
AC Siena,Houssine Kharja,25,Central Midfield,Piacenza,"End of loanJun 30, 2008",out,Summer,0,Serie A,2008,2008/2009
AC Siena,Andrea Rossi,21,Left-Back,Juventus,"End of loanJun 30, 2008",out,Summer,0,Serie A,2008,2008/2009
AC Siena,Christian Riganó,34,Centre-Forward,Levante,"End of loanJun 30, 2008",out,Summer,0,Serie A,2008,2008/2009
Calcio Catania,Nicolae Dica,28,Second Striker,Steaua Bukarest,£2.25m,in,Summer,2.25,Serie A,2008,2008/2009
Calcio Catania,Pablo Ledesma,24,Central Midfield,Boca Juniors,£2.25m,in,Summer,2.25,Serie A,2008,2008/2009
Calcio Catania,Andrea Catellani,20,Centre-Forward,Reggiana,£450Th.,in,Summer,0.45,Serie A,2008,2008/2009
Calcio Catania,Tomas Kosicky,22,Goalkeeper,Inter Bratislava,free transfer,in,Summer,NA,Serie A,2008,2008/2009
Calcio Catania,Julián di Cosmo,23,Centre-Forward,Igea 1946,free transfer,in,Summer,NA,Serie A,2008,2008/2009
Calcio Catania,Vincenzo Ferrante,21,Goalkeeper,Catanzaro,?,in,Summer,NA,Serie A,2008,2008/2009
Calcio Catania,Gianvito Plasmati,25,Centre-Forward,Foggia,?,in,Summer,NA,Serie A,2008,2008/2009
Calcio Catania,Milan Bortel,22,Centre-Back,Manfredonia,?,in,Summer,NA,Serie A,2008,2008/2009
Calcio Catania,Ezequiel Carboni,29,Defensive Midfield,RB Salzburg,?,in,Summer,NA,Serie A,2008,2008/2009
Calcio Catania,Michele Paolucci,22,Centre-Forward,Udinese,loan transfer,in,Summer,NA,Serie A,2008,2008/2009
Calcio Catania,Fabio Sciacca,19,Central Midfield,Catania,-,in,Summer,0,Serie A,2008,2008/2009
Calcio Catania,Andrea D'Amico,19,Central Midfield,Catania,-,in,Summer,0,Serie A,2008,2008/2009
Calcio Catania,Juan Manuel Vargas,24,Left-Back,Fiorentina,£10.80m,out,Summer,10.8,Serie A,2008,2008/2009
Calcio Catania,Andrea Sottil,34,Centre-Back,Rimini,free transfer,out,Summer,NA,Serie A,2008,2008/2009
Calcio Catania,Adrian Bica Badan,19,defence,Vibonese,?,out,Summer,NA,Serie A,2008,2008/2009
Calcio Catania,Samuele Costanzo,20,defence,Paganese,?,out,Summer,NA,Serie A,2008,2008/2009
Calcio Catania,Mauro Minelli,27,Centre-Back,Triestina,?,out,Summer,NA,Serie A,2008,2008/2009
Calcio Catania,Babù,27,Right Winger,Avellino,loan transfer,out,Summer,NA,Serie A,2008,2008/2009
Calcio Catania,Antonino Profeta,20,Central Midfield,Cosenza,loan transfer,out,Summer,NA,Serie A,2008,2008/2009
Calcio Catania,Julián di Cosmo,23,Centre-Forward,Paganese,loan transfer,out,Summer,NA,Serie A,2008,2008/2009
Calcio Catania,Marcello Gazzola,23,Right-Back,Avellino,loan transfer,out,Summer,NA,Serie A,2008,2008/2009
Calcio Catania,Raffaele Ioime,20,Goalkeeper,Legnano,loan transfer,out,Summer,NA,Serie A,2008,2008/2009
Calcio Catania,Riccardo Nardini,25,Central Midfield,Without Club,-,out,Summer,0,Serie A,2008,2008/2009
Calcio Catania,Piá,26,Left Winger,SSC Napoli,"End of loanJun 30, 2008",out,Summer,0,Serie A,2008,2008/2009
Calcio Catania,Generoso Rossi,29,Goalkeeper,Triestina,"End of loanJun 30, 2008",out,Summer,0,Serie A,2008,2008/2009
Chievo Verona,Kerlon,20,Attacking Midfield,Cruzeiro,£1.17m,in,Summer,1.17,Serie A,2008,2008/2009
Chievo Verona,Simone Grippo,19,Centre-Back,FC Basel,£720Th.,in,Summer,0.72,Serie A,2008,2008/2009
Chievo Verona,Nicolas Frey,24,Right-Back,Modena,£450Th.,in,Summer,0.45,Serie A,2008,2008/2009
Chievo Verona,Pablo Granoche,24,Centre-Forward,Triestina,£360Th.,in,Summer,0.36,Serie A,2008,2008/2009
Chievo Verona,Francesco Scardina,26,Centre-Back,Vicenza,£270Th.,in,Summer,0.27,Serie A,2008,2008/2009
Chievo Verona,Stefano Sorrentino,29,Goalkeeper,AEK Athens,Loan fee:£180Th.,in,Summer,0.18,Serie A,2008,2008/2009
Chievo Verona,Mario Yepes,32,Centre-Back,Paris SG,free transfer,in,Summer,NA,Serie A,2008,2008/2009
Chievo Verona,Nicolò Brighenti,19,Centre-Back,AC Mezzocorona,?,in,Summer,NA,Serie A,2008,2008/2009
Chievo Verona,Santiago Morero,26,Centre-Back,Udinese,?,in,Summer,NA,Serie A,2008,2008/2009
Chievo Verona,Emanuele D'Anna,26,Right Midfield,AC Pisa,?,in,Summer,NA,Serie A,2008,2008/2009
Chievo Verona,Mahamet Diagouraga,24,Centre-Back,Massese,?,in,Summer,NA,Serie A,2008,2008/2009
Chievo Verona,Giampiero Pinzi,27,Central Midfield,Udinese,loan transfer,in,Summer,NA,Serie A,2008,2008/2009
Chievo Verona,Mauro Esposito,29,Right Winger,AS Roma,loan transfer,in,Summer,NA,Serie A,2008,2008/2009
Chievo Verona,Antonio Langella,31,Left Winger,Udinese,loan transfer,in,Summer,NA,Serie A,2008,2008/2009
Chievo Verona,Bogdan Patrascu,29,Defensive Midfield,Piacenza,loan transfer,in,Summer,NA,Serie A,2008,2008/2009
Chievo Verona,Diego Farias,18,Second Striker,Chievo U19,-,in,Summer,0,Serie A,2008,2008/2009
Chievo Verona,Andrea Burato,17,Defensive Midfield,Chievo U19,-,in,Summer,0,Serie A,2008,2008/2009
Chievo Verona,Valerio Anastasi,18,Centre-Forward,Chievo U19,-,in,Summer,0,Serie A,2008,2008/2009
Chievo Verona,Nicolò Brighenti,18,Centre-Back,Chievo U19,-,in,Summer,0,Serie A,2008,2008/2009
Chievo Verona,Victor Obinna,21,Second Striker,Inter,£1.08m,out,Summer,1.08,Serie A,2008,2008/2009
Chievo Verona,Leonardo Moracci,20,Centre-Back,Hellas Verona,£180Th.,out,Summer,0.18,Serie A,2008,2008/2009
Chievo Verona,Pablo Granoche,24,Centre-Forward,Triestina,Loan fee:£90Th.,out,Summer,0.09,Serie A,2008,2008/2009
Chievo Verona,Mattia Passarini,28,Goalkeeper,Bassano,free transfer,out,Summer,NA,Serie A,2008,2008/2009
Chievo Verona,Tommaso Chiecchi,28,Centre-Back,Lumezzane,loan transfer,out,Summer,NA,Serie A,2008,2008/2009
Chievo Verona,Andrea De Falco,22,Central Midfield,Ancona,loan transfer,out,Summer,NA,Serie A,2008,2008/2009
Chievo Verona,Giuseppe Cozzolino,22,Centre-Forward,Cremonese,?,out,Summer,NA,Serie A,2008,2008/2009
Chievo Verona,Shadi Ghosheh,20,Centre-Back,Bassano,?,out,Summer,NA,Serie A,2008,2008/2009
Chievo Verona,Michele Troiano,23,Defensive Midfield,Modena,?,out,Summer,NA,Serie A,2008,2008/2009
Chievo Verona,Nicolò Brighenti,19,Centre-Back,AC Mezzocorona,?,out,Summer,NA,Serie A,2008,2008/2009
Chievo Verona,Francesco Forte,20,defence,Vigor Lamezia,?,out,Summer,NA,Serie A,2008,2008/2009
Chievo Verona,Andrea Mengoni,24,Centre-Back,Piacenza,loan transfer,out,Summer,NA,Serie A,2008,2008/2009
Chievo Verona,Cesare Rickler,21,Centre-Back,Piacenza,loan transfer,out,Summer,NA,Serie A,2008,2008/2009
Chievo Verona,Mirco Gasparetto,28,Centre-Forward,AC Pisa,loan transfer,out,Summer,NA,Serie A,2008,2008/2009
Chievo Verona,Giovanni Marchese,23,Left-Back,Salernitana,loan transfer,out,Summer,NA,Serie A,2008,2008/2009
Chievo Verona,Mahamet Diagouraga,24,Centre-Back,Modena,loan transfer,out,Summer,NA,Serie A,2008,2008/2009
Chievo Verona,Philippe Montandon,25,Centre-Back,FC Lugano,loan transfer,out,Summer,NA,Serie A,2008,2008/2009
Chievo Verona,Federico Giunti,36,Defensive Midfield,Retired,-,out,Summer,0,Serie A,2008,2008/2009
Chievo Verona,Federico Cossato,35,Centre-Forward,Retired,-,out,Summer,0,Serie A,2008,2008/2009
Chievo Verona,Rubén Maldonado,29,Centre-Back,SSC Napoli,"End of loanJun 30, 2008",out,Summer,0,Serie A,2008,2008/2009
Chievo Verona,Maurizio Ciaramitaro,26,Central Midfield,US Palermo,"End of loanJun 30, 2008",out,Summer,0,Serie A,2008,2008/2009
Chievo Verona,Marino Defendi,22,Right Midfield,Atalanta BC,"End of loanJun 30, 2008",out,Summer,0,Serie A,2008,2008/2009
Chievo Verona,Aleandro Rosi,21,Right-Back,AS Roma,"End of loanJun 30, 2008",out,Summer,0,Serie A,2008,2008/2009
Reggina Calcio,Andrea Costa,22,Centre-Back,Bologna,£2.48m,in,Summer,2.48,Serie A,2008,2008/2009
Reggina Calcio,Franco Brienza,29,Attacking Midfield,US Palermo,£1.98m,in,Summer,1.98,Serie A,2008,2008/2009
Reggina Calcio,Santos,26,Centre-Back,Genoa,£900Th.,in,Summer,0.9,Serie A,2008,2008/2009
Reggina Calcio,Carlos Carmona,21,Defensive Midfield,O'Higgins,£900Th.,in,Summer,0.9,Serie A,2008,2008/2009
Reggina Calcio,Alessio Sestu,24,Right Winger,Avellino,£360Th.,in,Summer,0.36,Serie A,2008,2008/2009
Reggina Calcio,Bruno Cirillo,31,Centre-Back,Levante,free transfer,in,Summer,NA,Serie A,2008,2008/2009
Reggina Calcio,Bernardo Corradi,32,Centre-Forward,Man City,free transfer,in,Summer,NA,Serie A,2008,2008/2009
Reggina Calcio,Davide Di Gennaro,20,Defensive Midfield,Genoa,loan transfer,in,Summer,NA,Serie A,2008,2008/2009
Reggina Calcio,Lóránd Szatmári,19,Central Midfield,Pécsi MFC,?,in,Summer,NA,Serie A,2008,2008/2009
Reggina Calcio,Antonio Rizzo,27,Right-Back,Perugia,?,in,Summer,NA,Serie A,2008,2008/2009
Reggina Calcio,Djordje Rakic,22,Centre-Forward,RB Salzburg,loan transfer,in,Summer,NA,Serie A,2008,2008/2009
Reggina Calcio,Nicolas Viola,18,Central Midfield,Reggina Primaver,-,in,Summer,0,Serie A,2008,2008/2009
Reggina Calcio,Jonis Khoris,19,Centre-Forward,Reggina Primaver,-,in,Summer,0,Serie A,2008,2008/2009
Reggina Calcio,Josias Basso,19,Centre-Back,Reggina Primaver,-,in,Summer,0,Serie A,2008,2008/2009
Reggina Calcio,Kris Thackray,20,Centre-Back,Reggina Primaver,-,in,Summer,0,Serie A,2008,2008/2009
Reggina Calcio,Francesco Modesto,26,Left-Back,Genoa,£4.05m,out,Summer,4.05,Serie A,2008,2008/2009
Reggina Calcio,Nicola Amoruso,33,Centre-Forward,Torino,£2.70m,out,Summer,2.7,Serie A,2008,2008/2009
Reggina Calcio,Salvatore Aronica,30,Centre-Back,SSC Napoli,£2.41m,out,Summer,2.41,Serie A,2008,2008/2009
Reggina Calcio,Nicki Bille Nielsen,20,Centre-Forward,Nordsjaelland,free transfer,out,Summer,NA,Serie A,2008,2008/2009
Reggina Calcio,Daniele Degano,25,Second Striker,AC Pisa,free transfer,out,Summer,NA,Serie A,2008,2008/2009
Reggina Calcio,José Montiel,20,Attacking Midfield,Politehnica Iasi,loan transfer,out,Summer,NA,Serie A,2008,2008/2009
Reggina Calcio,Simone Missiroli,22,Central Midfield,Treviso,loan transfer,out,Summer,NA,Serie A,2008,2008/2009
Reggina Calcio,Nenad Novakovic,25,Goalkeeper,Aalesund,loan transfer,out,Summer,NA,Serie A,2008,2008/2009
Reggina Calcio,Nicolò Cherubin,21,Centre-Back,Cittadella,?,out,Summer,NA,Serie A,2008,2008/2009
Reggina Calcio,Daniele Cerretti,34,Goalkeeper,Catanzaro,?,out,Summer,NA,Serie A,2008,2008/2009
Reggina Calcio,Lóránd Szatmári,19,Central Midfield,Avellino,loan transfer,out,Summer,NA,Serie A,2008,2008/2009
Reggina Calcio,Antonio Rizzo,27,Right-Back,Cremonese,loan transfer,out,Summer,NA,Serie A,2008,2008/2009
Reggina Calcio,Kris Thackray,20,Centre-Back,Monopoli,loan transfer,out,Summer,NA,Serie A,2008,2008/2009
Reggina Calcio,Pasquale Porcaro,20,Centre-Back,Potenza SC,loan transfer,out,Summer,NA,Serie A,2008,2008/2009
Reggina Calcio,Joelson,25,Right Winger,AC Pisa,loan transfer,out,Summer,NA,Serie A,2008,2008/2009
Reggina Calcio,Mike Tullberg,22,Centre-Forward,Heart of Midl.,loan transfer,out,Summer,NA,Serie A,2008,2008/2009
Reggina Calcio,Ivan Castiglia,20,Central Midfield,Cittadella,loan transfer,out,Summer,NA,Serie A,2008,2008/2009
Reggina Calcio,Gaetano Ungaro,20,Centre-Back,Ravenna,loan transfer,out,Summer,NA,Serie A,2008,2008/2009
Reggina Calcio,Leonardo Pettinari,21,Left Winger,Ravenna,loan transfer,out,Summer,NA,Serie A,2008,2008/2009
Reggina Calcio,Miguel Garcia,25,Right-Back,Without Club,-,out,Summer,0,Serie A,2008,2008/2009
Reggina Calcio,Raffaele Barbagallo,19,Central Midfield,Unknown,-,out,Summer,0,Serie A,2008,2008/2009
Reggina Calcio,Bruno Cirillo,31,Centre-Back,Levante,"End of loanJun 30, 2008",out,Summer,0,Serie A,2008,2008/2009
Reggina Calcio,Franco Brienza,29,Attacking Midfield,US Palermo,"End of loanJun 30, 2008",out,Summer,0,Serie A,2008,2008/2009
Reggina Calcio,Stephen Makinwa,24,Centre-Forward,Lazio,"End of loanJun 30, 2008",out,Summer,0,Serie A,2008,2008/2009
Reggina Calcio,Andrea Costa,22,Centre-Back,Bologna,"End of loanJun 30, 2008",out,Summer,0,Serie A,2008,2008/2009
Torino FC,Rolando Bianchi,25,Centre-Forward,Man City,£6.30m,in,Summer,6.3,Serie A,2008,2008/2009
Torino FC,Francesco Pratali,29,Centre-Back,Empoli,£2.70m,in,Summer,2.7,Serie A,2008,2008/2009
Torino FC,Nicola Amoruso,33,Centre-Forward,Reggina,£2.70m,in,Summer,2.7,Serie A,2008,2008/2009
Torino FC,Ignazio Abate,21,Right-Back,AC Milan,£1.98m,in,Summer,1.98,Serie A,2008,2008/2009
Torino FC,Elvis Abbruscato,27,Centre-Forward,Lecce,£1.80m,in,Summer,1.8,Serie A,2008,2008/2009
Torino FC,Marco Pisano,26,Left-Back,US Palermo,£1.35m,in,Summer,1.35,Serie A,2008,2008/2009
Torino FC,Riccardo Colombo,25,Right Midfield,UC AlbinoLeffe,£1.17m,in,Summer,1.17,Serie A,2008,2008/2009
Torino FC,Jürgen Säumel,23,Central Midfield,Sturm Graz,free transfer,in,Summer,NA,Serie A,2008,2008/2009
Torino FC,Blerim Dzemaili,22,Central Midfield,Bolton,loan transfer,in,Summer,NA,Serie A,2008,2008/2009
Torino FC,Alex Calderoni,32,Goalkeeper,Treviso,?,in,Summer,NA,Serie A,2008,2008/2009
Torino FC,Marco Moro,24,Centre-Forward,Messina,?,in,Summer,NA,Serie A,2008,2008/2009
Torino FC,Gianluca Comotto,29,Right-Back,Fiorentina,£4.32m,out,Summer,4.32,Serie A,2008,2008/2009
Torino FC,Vince Grella,28,Central Midfield,Blackburn,£3.60m,out,Summer,3.6,Serie A,2008,2008/2009
Torino FC,Salvatore Lanna,32,Left-Back,Bologna,£1.35m,out,Summer,1.35,Serie A,2008,2008/2009
Torino FC,David Di Michele,32,Centre-Forward,West Ham,Loan fee:£630Th.,out,Summer,0.63,Serie A,2008,2008/2009
Torino FC,Paolo Dellafiore,23,Centre-Back,US Palermo,"End of loanJun 30, 2008",out,Summer,0,Serie A,2008,2008/2009
Torino FC,Daniel Soares Martelo Humberto,29,Attacking Midfield,Maccabi Netanya,free transfer,out,Summer,NA,Serie A,2008,2008/2009
Torino FC,Masashi Oguro,28,Centre-Forward,Tokyo Verdy,free transfer,out,Summer,NA,Serie A,2008,2008/2009
Torino FC,Nikola Lazetic,30,Right Winger,Red Star,free transfer,out,Summer,NA,Serie A,2008,2008/2009
Torino FC,Vito Falconieri,22,Centre-Forward,Reggiana,?,out,Summer,NA,Serie A,2008,2008/2009
Torino FC,Mattia De Stefano,22,Centre-Back,Foligno,loan transfer,out,Summer,NA,Serie A,2008,2008/2009
Torino FC,Sasa Bjelanovic,29,Centre-Forward,Vicenza,loan transfer,out,Summer,NA,Serie A,2008,2008/2009
Torino FC,Davide Bottone,22,Central Midfield,Vicenza,loan transfer,out,Summer,NA,Serie A,2008,2008/2009
Torino FC,Marco Moro,24,Centre-Forward,SPAL,loan transfer,out,Summer,NA,Serie A,2008,2008/2009
Torino FC,Kwadwo Asamoah,19,Left Midfield,AC Bellinzona,"End of loanJun 30, 2008",out,Summer,0,Serie A,2008,2008/2009
Torino FC,Marco Pisano,26,Left-Back,US Palermo,"End of loanJun 30, 2008",out,Summer,0,Serie A,2008,2008/2009
Torino FC,Álvaro Recoba,32,Second Striker,Inter,"End of loanJun 30, 2008",out,Summer,0,Serie A,2008,2008/2009
Torino FC,Marco Motta,22,Right-Back,Udinese,"End of loanJun 30, 2008",out,Summer,0,Serie A,2008,2008/2009
Udinese Calcio,Maurizio Domizzi,28,Centre-Back,SSC Napoli,£4.05m,in,Summer,4.05,Serie A,2008,2008/2009
Udinese Calcio,Fernando Tissone,21,Defensive Midfield,Atalanta BC,£3.78m,in,Summer,3.78,Serie A,2008,2008/2009
Udinese Calcio,Giovanni Pasquale,26,Left-Back,AS Livorno,£3.15m,in,Summer,3.15,Serie A,2008,2008/2009
Udinese Calcio,Odion Ighalo,19,Centre-Forward,FK Lyn,£1.71m,in,Summer,1.71,Serie A,2008,2008/2009
Udinese Calcio,Alain Nef,26,Centre-Back,Piacenza,£1.62m,in,Summer,1.62,Serie A,2008,2008/2009
Udinese Calcio,Alexander Manninger,31,Goalkeeper,Siena,£1.62m,in,Summer,1.62,Serie A,2008,2008/2009
Udinese Calcio,Nikola Vujadinovic,22,Centre-Back,CSKA Sofia,£810Th.,in,Summer,0.81,Serie A,2008,2008/2009
Udinese Calcio,Dusan Basta,23,Right-Back,Red Star,£630Th.,in,Summer,0.63,Serie A,2008,2008/2009
Udinese Calcio,Luigi Sala,34,Centre-Back,Sampdoria,free transfer,in,Summer,NA,Serie A,2008,2008/2009
Udinese Calcio,Santiago Morero,26,Centre-Back,Tigre,free transfer,in,Summer,NA,Serie A,2008,2008/2009
Udinese Calcio,Antonio Langella,31,Left Winger,Atalanta BC,free transfer,in,Summer,NA,Serie A,2008,2008/2009
Udinese Calcio,Cristoforo Correale,20,midfield,Stabia,?,in,Summer,NA,Serie A,2008,2008/2009
Udinese Calcio,Emanuele Belardi,30,Goalkeeper,Juventus,?,in,Summer,NA,Serie A,2008,2008/2009
Udinese Calcio,Nicolás Crovetto,22,Left-Back,Audax Italiano,?,in,Summer,NA,Serie A,2008,2008/2009
Udinese Calcio,Jan Koprivec,19,Goalkeeper,Cagliari Calcio,?,in,Summer,NA,Serie A,2008,2008/2009
Udinese Calcio,Salvatore Foti,19,Centre-Forward,Messina,?,in,Summer,NA,Serie A,2008,2008/2009
Udinese Calcio,Kwadwo Asamoah,19,Left Midfield,AC Bellinzona,loan transfer,in,Summer,NA,Serie A,2008,2008/2009
Udinese Calcio,Alessandro Osso Armellino,21,attack,Udinese U19,-,in,Summer,0,Serie A,2008,2008/2009
Udinese Calcio,Facundo Zampa,19,Central Midfield,Udinese U19,-,in,Summer,0,Serie A,2008,2008/2009
Udinese Calcio,Felipe Sodinha,19,Second Striker,Udinese U19,-,in,Summer,0,Serie A,2008,2008/2009
Udinese Calcio,Andrea Dossena,26,Left Midfield,Liverpool,£8.10m,out,Summer,8.1,Serie A,2008,2008/2009
Udinese Calcio,Asamoah Gyan,22,Centre-Forward,Stade Rennais,£7.20m,out,Summer,7.2,Serie A,2008,2008/2009
Udinese Calcio,Tomas Sivok,24,Centre-Back,Besiktas,£4.23m,out,Summer,4.23,Serie A,2008,2008/2009
Udinese Calcio,Tomas Zapotocny,27,Centre-Back,Besiktas,£4.05m,out,Summer,4.05,Serie A,2008,2008/2009
Udinese Calcio,Giandomenico Mesto,26,Right-Back,Genoa,£2.70m,out,Summer,2.7,Serie A,2008,2008/2009
Udinese Calcio,Alexander Manninger,31,Goalkeeper,Juventus,£2.25m,out,Summer,2.25,Serie A,2008,2008/2009
Udinese Calcio,Salvatore Masiello,26,Left-Back,Bari,£900Th.,out,Summer,0.9,Serie A,2008,2008/2009
Udinese Calcio,Barreto,22,Second Striker,Bari,Loan fee:£900Th.,out,Summer,0.9,Serie A,2008,2008/2009
Udinese Calcio,Michele Rinaldi,21,Centre-Back,Atalanta BC,£540Th.,out,Summer,0.54,Serie A,2008,2008/2009
Udinese Calcio,Antonio Candreva,21,Right Midfield,AS Livorno,Loan fee:£450Th.,out,Summer,0.45,Serie A,2008,2008/2009
Udinese Calcio,Raffaele De Martino,22,Defensive Midfield,Avellino,£360Th.,out,Summer,0.36,Serie A,2008,2008/2009
Udinese Calcio,Roman Eremenko,21,Attacking Midfield,Dynamo Kyiv,Loan fee:£270Th.,out,Summer,0.27,Serie A,2008,2008/2009
Udinese Calcio,Antonio Chimenti,38,Goalkeeper,Juventus,free transfer,out,Summer,NA,Serie A,2008,2008/2009
Udinese Calcio,Ivan Buonocunto,22,Attacking Midfield,ISM Gradisca,free transfer,out,Summer,NA,Serie A,2008,2008/2009
Udinese Calcio,Dusan Basta,23,Right-Back,Lecce,loan transfer,out,Summer,NA,Serie A,2008,2008/2009
Udinese Calcio,Guilherme Siqueira,22,Left-Back,Ancona,loan transfer,out,Summer,NA,Serie A,2008,2008/2009
Udinese Calcio,Abdul-Aziz Tetteh,18,Defensive Midfield,Xerez CD,loan transfer,out,Summer,NA,Serie A,2008,2008/2009
Udinese Calcio,Facundo Zampa,19,Central Midfield,Gallipoli,loan transfer,out,Summer,NA,Serie A,2008,2008/2009
Udinese Calcio,Felipe Sodinha,20,Second Striker,Bari,loan transfer,out,Summer,NA,Serie A,2008,2008/2009
Udinese Calcio,Mohamadou Sissoko,19,Centre-Back,Gallipoli,loan transfer,out,Summer,NA,Serie A,2008,2008/2009
Udinese Calcio,Flavio Lazzari,21,Attacking Midfield,Grosseto,loan transfer,out,Summer,NA,Serie A,2008,2008/2009
Udinese Calcio,Santiago Morero,26,Centre-Back,Chievo Verona,?,out,Summer,NA,Serie A,2008,2008/2009
Udinese Calcio,Claudio Vargas,22,Defensive Midfield,Olimpia,?,out,Summer,NA,Serie A,2008,2008/2009
Udinese Calcio,Christian Tiboni,20,Centre-Forward,Atalanta BC,?,out,Summer,NA,Serie A,2008,2008/2009
Udinese Calcio,Salvatore Foti,19,Centre-Forward,Treviso,?,out,Summer,NA,Serie A,2008,2008/2009
Udinese Calcio,Cristoforo Correale,20,midfield,AC Scafatese,loan transfer,out,Summer,NA,Serie A,2008,2008/2009
Udinese Calcio,Andrea Peron,21,Centre-Forward,ISM Gradisca,loan transfer,out,Summer,NA,Serie A,2008,2008/2009
Udinese Calcio,Matteo Piccinni,22,Centre-Back,AC Pisa,loan transfer,out,Summer,NA,Serie A,2008,2008/2009
Udinese Calcio,Massimo Gotti,22,Left-Back,Portosummaga,loan transfer,out,Summer,NA,Serie A,2008,2008/2009
Udinese Calcio,Michele Paolucci,22,Centre-Forward,Catania,loan transfer,out,Summer,NA,Serie A,2008,2008/2009
Udinese Calcio,Federico Laurito,18,Centre-Forward,AS Livorno,loan transfer,out,Summer,NA,Serie A,2008,2008/2009
Udinese Calcio,Alessandro Osso Armellino,21,attack,Celano,loan transfer,out,Summer,NA,Serie A,2008,2008/2009
Udinese Calcio,Ferdinando Sforzini,23,Centre-Forward,Grosseto,loan transfer,out,Summer,NA,Serie A,2008,2008/2009
Udinese Calcio,Nicolás Crovetto,22,Left-Back,Albacete,loan transfer,out,Summer,NA,Serie A,2008,2008/2009
Udinese Calcio,Viktor Budyanskiy,24,Central Midfield,Lecce,loan transfer,out,Summer,NA,Serie A,2008,2008/2009
Udinese Calcio,Schumacher,21,Centre-Forward,Austria Kärnten,loan transfer,out,Summer,NA,Serie A,2008,2008/2009
Udinese Calcio,Juan Surraco,20,Second Striker,Ancona,loan transfer,out,Summer,NA,Serie A,2008,2008/2009
Udinese Calcio,Igor Djuric,19,Centre-Back,Arezzo,loan transfer,out,Summer,NA,Serie A,2008,2008/2009
Udinese Calcio,Giampiero Pinzi,27,Central Midfield,Chievo Verona,loan transfer,out,Summer,NA,Serie A,2008,2008/2009
Udinese Calcio,Antonio Langella,31,Left Winger,Chievo Verona,loan transfer,out,Summer,NA,Serie A,2008,2008/2009
Udinese Calcio,Federico Gerardi,20,Centre-Forward,Salernitana,loan transfer,out,Summer,NA,Serie A,2008,2008/2009
Udinese Calcio,Abel Aguilar,23,Defensive Midfield,Hércules CF,loan transfer,out,Summer,NA,Serie A,2008,2008/2009
Udinese Calcio,Riccardo Colombo,25,Right Midfield,UC AlbinoLeffe,"End of loanJun 30, 2008",out,Summer,0,Serie A,2008,2008/2009
Cagliari Calcio,Federico Marchetti,25,Goalkeeper,UC AlbinoLeffe,£6.03m,in,Summer,6.03,Serie A,2008,2008/2009
Cagliari Calcio,Davide Astori,21,Centre-Back,AC Milan,£4.50m,in,Summer,4.5,Serie A,2008,2008/2009
Cagliari Calcio,Andrea Lazzari,23,Central Midfield,Atalanta BC,£4.32m,in,Summer,4.32,Serie A,2008,2008/2009
Cagliari Calcio,Carlos Matheu,23,Centre-Back,Independiente,£1.85m,in,Summer,1.85,Serie A,2008,2008/2009
Cagliari Calcio,Cristiano Lupatelli,30,Goalkeeper,Fiorentina,?,in,Summer,NA,Serie A,2008,2008/2009
Cagliari Calcio,Daniele Magliocchetti,22,Centre-Back,AS Roma,?,in,Summer,NA,Serie A,2008,2008/2009
Cagliari Calcio,Alberto Usai,18,midfield,Cagliari U19,-,in,Summer,0,Serie A,2008,2008/2009
Cagliari Calcio,Cristiano Del Grosso,25,Left-Back,Siena,£720Th.,out,Summer,0.72,Serie A,2008,2008/2009
Cagliari Calcio,Joe Bizera,28,Centre-Back,PAOK Salonika,£270Th.,out,Summer,0.27,Serie A,2008,2008/2009
Cagliari Calcio,Davide Marchini,27,Right Midfield,Triestina,£45Th.,out,Summer,0.045,Serie A,2008,2008/2009
Cagliari Calcio,Vincenzo Marruocco,29,Goalkeeper,Cavese,free transfer,out,Summer,NA,Serie A,2008,2008/2009
Cagliari Calcio,Rijat Shala,24,Central Midfield,Sorrento,free transfer,out,Summer,NA,Serie A,2008,2008/2009
Cagliari Calcio,Ivica Guberarc,19,defence,Taranto,?,out,Summer,NA,Serie A,2008,2008/2009
Cagliari Calcio,Tiziano Bruzzone,23,Centre-Forward,Pontedera,?,out,Summer,NA,Serie A,2008,2008/2009
Cagliari Calcio,Jan Koprivec,19,Goalkeeper,Udinese,?,out,Summer,NA,Serie A,2008,2008/2009
Cagliari Calcio,Marco Mancosu,19,Attacking Midfield,Rimini,loan transfer,out,Summer,NA,Serie A,2008,2008/2009
Cagliari Calcio,Marco Sau,20,Centre-Forward,UC AlbinoLeffe,loan transfer,out,Summer,NA,Serie A,2008,2008/2009
Cagliari Calcio,Enrico Cotza,19,Central Midfield,Foligno,loan transfer,out,Summer,NA,Serie A,2008,2008/2009
Cagliari Calcio,Luca Capecchi,33,Goalkeeper,Ravenna,"End of loanJun 30, 2008",out,Summer,0,Serie A,2008,2008/2009
Cagliari Calcio,Marco Storari,31,Goalkeeper,AC Milan,"End of loanJun 30, 2008",out,Summer,0,Serie A,2008,2008/2009
Cagliari Calcio,Sebastián Rosano,21,Right Midfield,Wanderers,"End of loanJun 30, 2008",out,Summer,0,Serie A,2008,2008/2009
Cagliari Calcio,Vítor Gomes,20,Defensive Midfield,Rio Ave FC,"End of loanJun 30, 2008",out,Summer,0,Serie A,2008,2008/2009
Cagliari Calcio,Daniele Magliocchetti,22,Centre-Back,AS Roma,"End of loanJun 30, 2008",out,Summer,0,Serie A,2008,2008/2009
Cagliari Calcio,Pasquale Foggia,25,Attacking Midfield,Lazio,"End of loanJun 30, 2008",out,Summer,0,Serie A,2008,2008/2009
Bologna FC 1909,Gaby Mudingayi,26,Defensive Midfield,Lazio,£5.40m,in,Summer,5.4,Serie A,2008,2008/2009
Bologna FC 1909,Marco Bernacci,24,Centre-Forward,Cesena,£3.87m,in,Summer,3.87,Serie A,2008,2008/2009
Bologna FC 1909,Miguel Britos,22,Centre-Back,Wanderers,£3.60m,in,Summer,3.6,Serie A,2008,2008/2009
Bologna FC 1909,Salvatore Lanna,32,Left-Back,Torino,£1.35m,in,Summer,1.35,Serie A,2008,2008/2009
Bologna FC 1909,Cristian Zenoni,31,Right-Back,Sampdoria,£900Th.,in,Summer,0.9,Serie A,2008,2008/2009
Bologna FC 1909,Massimo Coda,19,Centre-Forward,Treviso,£360Th.,in,Summer,0.36,Serie A,2008,2008/2009
Bologna FC 1909,Coelho,25,Right-Back,Corinthians,Loan fee:£180Th.,in,Summer,0.18,Serie A,2008,2008/2009
Bologna FC 1909,Sergio Volpi,34,Central Midfield,Sampdoria,free transfer,in,Summer,NA,Serie A,2008,2008/2009
Bologna FC 1909,Marco Di Vaio,32,Centre-Forward,Genoa,loan transfer,in,Summer,NA,Serie A,2008,2008/2009
Bologna FC 1909,Diego Rodríguez,21,Left-Back,Peñarol,loan transfer,in,Summer,NA,Serie A,2008,2008/2009
Bologna FC 1909,Davide Marchini,27,Right Midfield,Triestina,loan transfer,in,Summer,NA,Serie A,2008,2008/2009
Bologna FC 1909,Andrea Costa,22,Centre-Back,Reggina,£2.48m,out,Summer,2.48,Serie A,2008,2008/2009
Bologna FC 1909,Michelangelo Albertazzi,17,Left-Back,Milan U19,£1.98m,out,Summer,1.98,Serie A,2008,2008/2009
Bologna FC 1909,Massimo Coda,19,Centre-Forward,Cremonese,£135Th.,out,Summer,0.135,Serie A,2008,2008/2009
Bologna FC 1909,Luca Ferrari,22,Central Midfield,Reggiana,?,out,Summer,NA,Serie A,2008,2008/2009
Bologna FC 1909,Mattia Ascani,19,Goalkeeper,Sambenedettese,?,out,Summer,NA,Serie A,2008,2008/2009
Bologna FC 1909,Davide Colomba,19,Left Midfield,Foggia,?,out,Summer,NA,Serie A,2008,2008/2009
Bologna FC 1909,Francesco Della Rocca,20,Central Midfield,Sassuolo,loan transfer,out,Summer,NA,Serie A,2008,2008/2009
Bologna FC 1909,Daniele Daino,28,Right-Back,Without Club,-,out,Summer,0,Serie A,2008,2008/2009
Bologna FC 1909,David Giubilato,31,Centre-Back,Vicenza,"End of loanJun 30, 2008",out,Summer,0,Serie A,2008,2008/2009
Bologna FC 1909,Davide Di Gennaro,20,Defensive Midfield,AC Milan,"End of loanJun 30, 2008",out,Summer,0,Serie A,2008,2008/2009
Bologna FC 1909,Riccardo Bonetto,29,Left-Back,Lazio,"End of loanJun 30, 2008",out,Summer,0,Serie A,2008,2008/2009
Bologna FC 1909,Cristian Bucchi,31,Centre-Forward,SSC Napoli,"End of loanJun 30, 2008",out,Summer,0,Serie A,2008,2008/2009
Bologna FC 1909,Dino Fava,31,Centre-Forward,Treviso,"End of loanJun 30, 2008",out,Summer,0,Serie A,2008,2008/2009
US Lecce,Daniele Cacia,24,Centre-Forward,Piacenza,£2.70m,in,Summer,2.7,Serie A,2008,2008/2009
US Lecce,Fabio Caserta,29,Central Midfield,US Palermo,£1.44m,in,Summer,1.44,Serie A,2008,2008/2009
US Lecce,José Castillo,32,Centre-Forward,AC Pisa,£1.44m,in,Summer,1.44,Serie A,2008,2008/2009
US Lecce,Frank Feltscher,20,Right Winger,Grasshoppers,£360Th.,in,Summer,0.36,Serie A,2008,2008/2009
US Lecce,Vitorino Antunes,21,Left-Back,AS Roma,Loan fee:£180Th.,in,Summer,0.18,Serie A,2008,2008/2009
US Lecce,Léo,24,Centre-Forward,Internacional,loan transfer,in,Summer,NA,Serie A,2008,2008/2009
US Lecce,Dusan Basta,23,Right-Back,Udinese,loan transfer,in,Summer,NA,Serie A,2008,2008/2009
US Lecce,Dimitrios Papadopoulos,26,Centre-Forward,Panathinaikos,loan transfer,in,Summer,NA,Serie A,2008,2008/2009
US Lecce,Guillermo Giacomazzi,30,Defensive Midfield,Empoli,?,in,Summer,NA,Serie A,2008,2008/2009
US Lecce,Viktor Budyanskiy,24,Central Midfield,Udinese,loan transfer,in,Summer,NA,Serie A,2008,2008/2009
US Lecce,Guglielmo Stendardo,27,Centre-Back,Lazio,loan transfer,in,Summer,NA,Serie A,2008,2008/2009
US Lecce,Gianmarco Ingrosso,19,Centre-Back,Lecce U19,-,in,Summer,0,Serie A,2008,2008/2009
US Lecce,Matteo Legittimo,19,Left-Back,Lecce U19,-,in,Summer,0,Serie A,2008,2008/2009
US Lecce,Elvis Abbruscato,27,Centre-Forward,Torino,£1.80m,out,Summer,1.8,Serie A,2008,2008/2009
US Lecce,Anej Lovrecic,21,Central Midfield,NK Celje,£270Th.,out,Summer,0.27,Serie A,2008,2008/2009
US Lecce,Jaime Valdés,27,Central Midfield,Atalanta BC,free transfer,out,Summer,NA,Serie A,2008,2008/2009
US Lecce,Davide Giorgino,23,Central Midfield,Taranto,free transfer,out,Summer,NA,Serie A,2008,2008/2009
US Lecce,Giuseppe Caccavallo,21,Right Winger,Sorrento,loan transfer,out,Summer,NA,Serie A,2008,2008/2009
US Lecce,Stefano Russo,19,Goalkeeper,Brindisi,loan transfer,out,Summer,NA,Serie A,2008,2008/2009
US Lecce,Alessandro Camisa,23,Centre-Back,Varese,?,out,Summer,NA,Serie A,2008,2008/2009
US Lecce,Marcello Cottafava,30,Centre-Back,Triestina,?,out,Summer,NA,Serie A,2008,2008/2009
US Lecce,Matteo Legittimo,19,Left-Back,Pistoiese,loan transfer,out,Summer,NA,Serie A,2008,2008/2009
US Lecce,Mattia Conte,20,Centre-Back,AS Gubbio,loan transfer,out,Summer,NA,Serie A,2008,2008/2009
US Lecce,Francesco Giorgetti,22,Left Midfield,AC Mezzocorona,loan transfer,out,Summer,NA,Serie A,2008,2008/2009
US Lecce,Fabio Franceschini,20,Centre-Back,Giacomense,loan transfer,out,Summer,NA,Serie A,2008,2008/2009
US Lecce,Ugo Gabrieli,19,Goalkeeper,US Poggibonsi,loan transfer,out,Summer,NA,Serie A,2008,2008/2009
US Lecce,Italo Mattioli,23,Centre-Forward,Foggia,loan transfer,out,Summer,NA,Serie A,2008,2008/2009
US Lecce,Blazej Vascak,24,Attacking Midfield,Teplice,loan transfer,out,Summer,NA,Serie A,2008,2008/2009
US Lecce,Patrik Bordon,20,Centre-Forward,FC Koper,loan transfer,out,Summer,NA,Serie A,2008,2008/2009
US Lecce,Cristian Agnelli,22,Central Midfield,Sorrento,loan transfer,out,Summer,NA,Serie A,2008,2008/2009
US Lecce,Drissa Diarra,23,Defensive Midfield,AC Bellinzona,loan transfer,out,Summer,NA,Serie A,2008,2008/2009
US Lecce,Viktor Budyanskiy,24,Central Midfield,Udinese,"End of loanJun 30, 2008",out,Summer,0,Serie A,2008,2008/2009
US Lecce,Daniele Corvia,23,Centre-Forward,Siena,"End of loanJun 30, 2008",out,Summer,0,Serie A,2008,2008/2009
FC Internazionale,Olivier Dacourt,34,Defensive Midfield,Fulham,loan transfer,out,Winter,NA,Serie A,2008,2008/2009
FC Internazionale,Ricardo Quaresma,25,Right Winger,Chelsea,loan transfer,out,Winter,NA,Serie A,2008,2008/2009
FC Internazionale,Ivan Fatic,20,Centre-Back,Salernitana,loan transfer,out,Winter,NA,Serie A,2008,2008/2009
FC Internazionale,Leonardo Bonucci,21,Centre-Back,AC Pisa,loan transfer,out,Winter,NA,Serie A,2008,2008/2009
FC Internazionale,Ibrahim Maaroufi,20,Defensive Midfield,Vicenza,loan transfer,out,Winter,NA,Serie A,2008,2008/2009
FC Internazionale,Giacomo Bindi,21,Goalkeeper,Pistoiese,loan transfer,out,Winter,NA,Serie A,2008,2008/2009
FC Internazionale,Luca Siligardi,21,Right Winger,Piacenza,loan transfer,out,Winter,NA,Serie A,2008,2008/2009
AS Roma,Souleymane Diamoutene,25,Centre-Back,Lecce,Loan fee:£135Th.,in,Winter,0.135,Serie A,2008,2008/2009
AS Roma,Marco Motta,22,Right-Back,Udinese,loan transfer,in,Winter,NA,Serie A,2008,2008/2009
AS Roma,Lorenzo Poli,18,Left-Back,Vibonese,?,in,Winter,NA,Serie A,2008,2008/2009
AS Roma,Stefano Okaka,19,Centre-Forward,Brescia,loan transfer,out,Winter,NA,Serie A,2008,2008/2009
AS Roma,Valerio Virga,22,Right-Back,Novara,loan transfer,out,Winter,NA,Serie A,2008,2008/2009
AS Roma,João Paulo,19,Right Midfield,Vibonese,loan transfer,out,Winter,NA,Serie A,2008,2008/2009
AS Roma,Marco Viviano,19,Central Midfield,Grosseto,?,out,Winter,NA,Serie A,2008,2008/2009
AS Roma,Lorenzo Poli,18,Left-Back,Benevento,?,out,Winter,NA,Serie A,2008,2008/2009
AS Roma,Keivan Zarineh,23,Centre-Forward,Paganese,loan transfer,out,Winter,NA,Serie A,2008,2008/2009
AS Roma,Giuliano Falco,19,Centre-Back,Vibonese,loan transfer,out,Winter,NA,Serie A,2008,2008/2009
AS Roma,Leandro Greco,22,Central Midfield,AC Pisa,loan transfer,out,Winter,NA,Serie A,2008,2008/2009
AC Milan,Thiago Silva,24,Centre-Back,Fluminense,£9.00m,in,Winter,9,Serie A,2008,2008/2009
AC Milan,Marcus Diniz,21,Centre-Back,AS Livorno,£4.50m,in,Winter,4.5,Serie A,2008,2008/2009
AC Milan,David Beckham,33,Right Midfield,Los Angeles,loan transfer,in,Winter,NA,Serie A,2008,2008/2009
AC Milan,Felipe Mattioni,20,Right-Back,Maga,loan transfer,in,Winter,NA,Serie A,2008,2008/2009
AC Milan,Elia Legati,22,Centre-Back,Novara,loan transfer,out,Winter,NA,Serie A,2008,2008/2009
AC Milan,Marcus Diniz,21,Centre-Back,FC Crotone,loan transfer,out,Winter,NA,Serie A,2008,2008/2009
AC Milan,Émerson,33,Defensive Midfield,Without Club,-,out,Winter,0,Serie A,2008,2008/2009
UC Sampdoria,Giampaolo Pazzini,24,Centre-Forward,Fiorentina,£8.10m,in,Winter,8.1,Serie A,2008,2008/2009
UC Sampdoria,Vasco Regini,18,Left-Back,Cesena,£540Th.,in,Winter,0.54,Serie A,2008,2008/2009
UC Sampdoria,Andrea Raggi,24,Centre-Back,US Palermo,Loan fee:£360Th.,in,Winter,0.36,Serie A,2008,2008/2009
UC Sampdoria,Michele Ferri,27,Centre-Back,Cagliari Calcio,?,in,Winter,NA,Serie A,2008,2008/2009
UC Sampdoria,Manuel da Costa,22,Centre-Back,Fiorentina,loan transfer,in,Winter,NA,Serie A,2008,2008/2009
UC Sampdoria,Emiliano Bonazzoli,29,Centre-Forward,Fiorentina,loan transfer,out,Winter,NA,Serie A,2008,2008/2009
UC Sampdoria,Jonathan Bottinelli,24,Centre-Back,San Lorenzo,loan transfer,out,Winter,NA,Serie A,2008,2008/2009
UC Sampdoria,Massimo Bonanni,26,Left Midfield,Grosseto,loan transfer,out,Winter,NA,Serie A,2008,2008/2009
UC Sampdoria,Bruno Fornaroli,21,Centre-Forward,San Lorenzo,loan transfer,out,Winter,NA,Serie A,2008,2008/2009
UC Sampdoria,Alessandro Romeo,21,Centre-Forward,Cavese,loan transfer,out,Winter,NA,Serie A,2008,2008/2009
UC Sampdoria,Jonathan Rossini,19,Centre-Back,Cittadella,loan transfer,out,Winter,NA,Serie A,2008,2008/2009
UC Sampdoria,Carmine Cucciniello,20,Central Midfield,Paganese,loan transfer,out,Winter,NA,Serie A,2008,2008/2009
UC Sampdoria,Matteo Lanzoni,20,Centre-Back,Sambenedettese,loan transfer,out,Winter,NA,Serie A,2008,2008/2009
UC Sampdoria,Paolo Castellazzi,21,Central Midfield,SPAL,loan transfer,out,Winter,NA,Serie A,2008,2008/2009
US Palermo,Abel Hernández,18,Centre-Forward,Peñarol,£3.42m,in,Winter,3.42,Serie A,2008,2008/2009
US Palermo,Michel Morganella,19,Right-Back,FC Basel,£1.80m,in,Winter,1.8,Serie A,2008,2008/2009
US Palermo,Mirko Savini,29,Left-Back,SSC Napoli,free transfer,in,Winter,NA,Serie A,2008,2008/2009
US Palermo,Andrea Raggi,24,Centre-Back,Sampdoria,Loan fee:£360Th.,out,Winter,0.36,Serie A,2008,2008/2009
US Palermo,Paolo Dellafiore,23,Centre-Back,Torino,Loan fee:£360Th.,out,Winter,0.36,Serie A,2008,2008/2009
US Palermo,Valerio Lischi,17,Goalkeeper,Chieti,?,out,Winter,NA,Serie A,2008,2008/2009
US Palermo,Davide Lanzafame,21,Centre-Forward,Bari,loan transfer,out,Winter,NA,Serie A,2008,2008/2009
US Palermo,Maurizio Ciaramitaro,26,Central Midfield,Salernitana,loan transfer,out,Winter,NA,Serie A,2008,2008/2009
US Palermo,Davis Curiale,21,Centre-Forward,Ravenna,loan transfer,out,Winter,NA,Serie A,2008,2008/2009
US Palermo,Ciro Capuano,27,Centre-Back,Catania,loan transfer,out,Winter,NA,Serie A,2008,2008/2009
US Palermo,Luca Di Matteo,20,Left-Back,Cittadella,loan transfer,out,Winter,NA,Serie A,2008,2008/2009
SSC Napoli,Jesús Dátolo,24,Attacking Midfield,Boca Juniors,£5.85m,in,Winter,5.85,Serie A,2008,2008/2009
SSC Napoli,Luca Bucci,39,Goalkeeper,Career break,-,in,Winter,0,Serie A,2008,2008/2009
SSC Napoli,Mirko Savini,29,Left-Back,US Palermo,free transfer,out,Winter,NA,Serie A,2008,2008/2009
SSC Napoli,Alessandro Venezia,19,Defensive Midfield,FC Mugnano,-,out,Winter,0,Serie A,2008,2008/2009
SSC Napoli,Samuele Dalla Bona,27,Central Midfield,Without Club,-,out,Winter,0,Serie A,2008,2008/2009
Juventus FC,Mario Kirev,19,Goalkeeper,Slavia Sofia,£540Th.,in,Winter,0.54,Serie A,2008,2008/2009
Juventus FC,Dario Venitucci,21,Attacking Midfield,Mantova,?,in,Winter,NA,Serie A,2008,2008/2009
Juventus FC,Lorenzo Ariaudo,19,Centre-Back,Juventus U19,-,in,Winter,0,Serie A,2008,2008/2009
Juventus FC,Donato Bottone,20,Centre-Forward,Pro Sesto,loan transfer,out,Winter,NA,Serie A,2008,2008/2009
Juventus FC,Samon Reider Rodríguez,20,Second Striker,Alessandria,loan transfer,out,Winter,NA,Serie A,2008,2008/2009
Juventus FC,Dario Venitucci,21,Attacking Midfield,Avellino,loan transfer,out,Winter,NA,Serie A,2008,2008/2009
Juventus FC,Mario Kirev,19,Goalkeeper,Grasshoppers,loan transfer,out,Winter,NA,Serie A,2008,2008/2009
Juventus FC,Jorge Andrade,30,Centre-Back,Retired,-,out,Winter,0,Serie A,2008,2008/2009
Genoa CFC,Stephan El Shaarawy,16,Left Winger,Genoa U19,-,in,Winter,0,Serie A,2008,2008/2009
Genoa CFC,Manuel Coppola,26,Central Midfield,Siena,£1.62m,out,Winter,1.62,Serie A,2008,2008/2009
Genoa CFC,Andrea Gasbarroni,27,Second Striker,Torino,£900Th.,out,Winter,0.9,Serie A,2008,2008/2009
Genoa CFC,Marcel Román,20,Defensive Midfield,Frosinone,loan transfer,out,Winter,NA,Serie A,2008,2008/2009
Genoa CFC,Alessandro Potenza,24,Centre-Back,Catania,?,out,Winter,NA,Serie A,2008,2008/2009
Genoa CFC,Fernando Forestieri,18,Second Striker,Vicenza,loan transfer,out,Winter,NA,Serie A,2008,2008/2009
Genoa CFC,Emmanuel Ledesma,20,Right Winger,Salernitana,loan transfer,out,Winter,NA,Serie A,2008,2008/2009
Genoa CFC,Tiago Pires,21,Centre-Back,Potenza Youth,loan transfer,out,Winter,NA,Serie A,2008,2008/2009
Genoa CFC,Nicolás Domingo,23,Defensive Midfield,River Plate,"End of loanDec 1, 2008",out,Winter,0,Serie A,2008,2008/2009
Genoa CFC,Davide Brivio,20,Left-Back,Vicenza,"End of loanDec 31, 2008",out,Winter,0,Serie A,2008,2008/2009
ACF Fiorentina,Emiliano Bonazzoli,29,Centre-Forward,Sampdoria,loan transfer,in,Winter,NA,Serie A,2008,2008/2009
ACF Fiorentina,Pape Diakhaté,19,Defensive Midfield,Fiorentina U19,-,in,Winter,0,Serie A,2008,2008/2009
ACF Fiorentina,Lorenzo Morelli,20,Centre-Forward,Fiorentina U19,-,in,Winter,0,Serie A,2008,2008/2009
ACF Fiorentina,Giampaolo Pazzini,24,Centre-Forward,Sampdoria,£8.10m,out,Winter,8.1,Serie A,2008,2008/2009
ACF Fiorentina,Daniel Osvaldo,23,Centre-Forward,Bologna,£6.30m,out,Winter,6.3,Serie A,2008,2008/2009
ACF Fiorentina,Jan Hable,20,Central Midfield,Banik Ostrava,loan transfer,out,Winter,NA,Serie A,2008,2008/2009
ACF Fiorentina,Arturo Lupoli,21,Centre-Forward,Sheff Utd,loan transfer,out,Winter,NA,Serie A,2008,2008/2009
ACF Fiorentina,Matthias Lepiller,20,Second Striker,KAS Eupen,loan transfer,out,Winter,NA,Serie A,2008,2008/2009
ACF Fiorentina,N'Diaye Papa Waigo,24,Right Winger,Lecce,loan transfer,out,Winter,NA,Serie A,2008,2008/2009
ACF Fiorentina,Manuel da Costa,22,Centre-Back,Sampdoria,loan transfer,out,Winter,NA,Serie A,2008,2008/2009
ACF Fiorentina,Nikola Gulan,19,Defensive Midfield,1860 Munich,loan transfer,out,Winter,NA,Serie A,2008,2008/2009
ACF Fiorentina,Lorenzo Morelli,20,Centre-Forward,SSC Venezia,loan transfer,out,Winter,NA,Serie A,2008,2008/2009
Atalanta BC,Federico Peluso,24,Centre-Back,UC AlbinoLeffe,£900Th.,in,Winter,0.9,Serie A,2008,2008/2009
Atalanta BC,Gianvito Plasmati,26,Centre-Forward,Catania,Loan fee:£270Th.,in,Winter,0.27,Serie A,2008,2008/2009
Atalanta BC,Francesco Parravicini,27,Defensive Midfield,Parma,loan transfer,in,Winter,NA,Serie A,2008,2008/2009
Atalanta BC,Claudio Rivalta,30,Centre-Back,Torino,£720Th.,out,Winter,0.72,Serie A,2008,2008/2009
Atalanta BC,Karamoko Cissé,20,Centre-Forward,UC AlbinoLeffe,£630Th.,out,Winter,0.63,Serie A,2008,2008/2009
Atalanta BC,Alessio Manzoni,21,Central Midfield,Parma,?,out,Winter,NA,Serie A,2008,2008/2009
Atalanta BC,Michele Marconi,19,Centre-Forward,Grosseto,loan transfer,out,Winter,NA,Serie A,2008,2008/2009
Atalanta BC,Giacomo Bonaventura,19,Central Midfield,Pergocrema,loan transfer,out,Winter,NA,Serie A,2008,2008/2009
Atalanta BC,Antonino D'Agostino,30,Right Midfield,Parma,loan transfer,out,Winter,NA,Serie A,2008,2008/2009
Atalanta BC,Christian Vieri,35,Centre-Forward,Retired,-,out,Winter,0,Serie A,2008,2008/2009
SS Lazio,Ettore Mendicino,18,Centre-Forward,Lazio U19,-,in,Winter,0,Serie A,2008,2008/2009
SS Lazio,Manuel Belleri,31,Right-Back,Bologna,?,out,Winter,NA,Serie A,2008,2008/2009
SS Lazio,Stephen Makinwa,25,Centre-Forward,Chievo Verona,loan transfer,out,Winter,NA,Serie A,2008,2008/2009
SS Lazio,Tommaso Berni,25,Goalkeeper,Salernitana,loan transfer,out,Winter,NA,Serie A,2008,2008/2009
SS Lazio,Fabio Firmani,30,Central Midfield,Al-Wasl,loan transfer,out,Winter,NA,Serie A,2008,2008/2009
AC Siena,Manuel Coppola,26,Central Midfield,Genoa,£1.62m,in,Winter,1.62,Serie A,2008,2008/2009
AC Siena,Nicola Amoruso,34,Centre-Forward,Torino,loan transfer,in,Winter,NA,Serie A,2008,2008/2009
AC Siena,Emanuele Manitta,31,Goalkeeper,Without Club,-,in,Winter,0,Serie A,2008,2008/2009
AC Siena,Gianluca Sansone,21,Centre-Forward,Gallipoli,loan transfer,out,Winter,NA,Serie A,2008,2008/2009
AC Siena,Rodrigo Lazzari,28,Centre-Back,VF Colligiana,loan transfer,out,Winter,NA,Serie A,2008,2008/2009
AC Siena,Anssi Jaakkola,21,Goalkeeper,VF Colligiana,loan transfer,out,Winter,NA,Serie A,2008,2008/2009
AC Siena,Maximiliano Re,21,Attacking Midfield,VF Colligiana,loan transfer,out,Winter,NA,Serie A,2008,2008/2009
AC Siena,Pasquale Iadaresta,22,Centre-Forward,Vibonese,loan transfer,out,Winter,NA,Serie A,2008,2008/2009
AC Siena,Fernando Forestieri,18,Second Striker,Genoa,"End of loanDec 1, 2008",out,Winter,0,Serie A,2008,2008/2009
AC Siena,Cosmin Moti,24,Centre-Back,FC Dinamo,"End of loanFeb 3, 2009",out,Winter,0,Serie A,2008,2008/2009
Calcio Catania,Alessandro Potenza,24,Centre-Back,Genoa,?,in,Winter,NA,Serie A,2008,2008/2009
Calcio Catania,Vito Falconieri,22,Centre-Forward,Reggiana,?,in,Winter,NA,Serie A,2008,2008/2009
Calcio Catania,Paolo Acerbis,27,Goalkeeper,Grosseto,loan transfer,in,Winter,NA,Serie A,2008,2008/2009
Calcio Catania,Ciro Capuano,27,Centre-Back,US Palermo,loan transfer,in,Winter,NA,Serie A,2008,2008/2009
Calcio Catania,Gianvito Plasmati,26,Centre-Forward,Atalanta BC,Loan fee:£270Th.,out,Winter,0.27,Serie A,2008,2008/2009
Calcio Catania,Mirco Antenucci,24,Centre-Forward,AC Pisa,loan transfer,out,Winter,NA,Serie A,2008,2008/2009
Calcio Catania,Mark Edusei,32,Defensive Midfield,Bari,?,out,Winter,NA,Serie A,2008,2008/2009
Calcio Catania,Rocco Sabato,26,Left-Back,Empoli,?,out,Winter,NA,Serie A,2008,2008/2009
Calcio Catania,Giuseppe Colucci,28,Central Midfield,Chievo Verona,?,out,Winter,NA,Serie A,2008,2008/2009
Calcio Catania,Ciro Polito,29,Goalkeeper,Grosseto,loan transfer,out,Winter,NA,Serie A,2008,2008/2009
Calcio Catania,Pablo Álvarez,24,Right-Back,Rosario Central,loan transfer,out,Winter,NA,Serie A,2008,2008/2009
Calcio Catania,Julián di Cosmo,24,Centre-Forward,Andria,loan transfer,out,Winter,NA,Serie A,2008,2008/2009
Calcio Catania,Gennaro Sardo,29,Right-Back,Chievo Verona,loan transfer,out,Winter,NA,Serie A,2008,2008/2009
Chievo Verona,Giuseppe Colucci,28,Central Midfield,Catania,?,in,Winter,NA,Serie A,2008,2008/2009
Chievo Verona,Stephen Makinwa,25,Centre-Forward,Lazio,loan transfer,in,Winter,NA,Serie A,2008,2008/2009
Chievo Verona,Gennaro Sardo,29,Right-Back,Catania,loan transfer,in,Winter,NA,Serie A,2008,2008/2009
Chievo Verona,César,29,Centre-Back,Padova,loan transfer,out,Winter,NA,Serie A,2008,2008/2009
Chievo Verona,Antimo Iunco,24,Second Striker,Salernitana,loan transfer,out,Winter,NA,Serie A,2008,2008/2009
Chievo Verona,Emanuele D'Anna,26,Right Midfield,AC Pisa,loan transfer,out,Winter,NA,Serie A,2008,2008/2009
Chievo Verona,Simone Grippo,20,Centre-Back,Piacenza,loan transfer,out,Winter,NA,Serie A,2008,2008/2009
Chievo Verona,Bogdan Patrascu,29,Defensive Midfield,Piacenza,"End of loanDec 1, 2008",out,Winter,0,Serie A,2008,2008/2009
Reggina Calcio,Matej Krajcik,30,Right-Back,Slavia Prague,free transfer,in,Winter,NA,Serie A,2008,2008/2009
Reggina Calcio,Daniel Adejo,19,Centre-Back,Reggina Primaver,-,in,Winter,0,Serie A,2008,2008/2009
Reggina Calcio,Nenad Novakovic,26,Goalkeeper,Nordsjaelland,free transfer,out,Winter,NA,Serie A,2008,2008/2009
Reggina Calcio,Giovanni Lavrendi,22,Central Midfield,Trento,free transfer,out,Winter,NA,Serie A,2008,2008/2009
Reggina Calcio,Jonis Khoris,19,Centre-Forward,Ravenna,loan transfer,out,Winter,NA,Serie A,2008,2008/2009
Reggina Calcio,Francesco Cosenza,22,Centre-Back,Avellino,loan transfer,out,Winter,NA,Serie A,2008,2008/2009
Reggina Calcio,Luca Tognozzi,31,Central Midfield,Brescia,loan transfer,out,Winter,NA,Serie A,2008,2008/2009
Reggina Calcio,Lóránd Szatmári,20,Central Midfield,Monopoli,loan transfer,out,Winter,NA,Serie A,2008,2008/2009
Reggina Calcio,Antonio Rizzo,27,Right-Back,Ravenna,loan transfer,out,Winter,NA,Serie A,2008,2008/2009
Torino FC,Andrea Gasbarroni,27,Second Striker,Genoa,£900Th.,in,Winter,0.9,Serie A,2008,2008/2009
Torino FC,Claudio Rivalta,30,Centre-Back,Atalanta BC,£720Th.,in,Winter,0.72,Serie A,2008,2008/2009
Torino FC,Paolo Dellafiore,23,Centre-Back,US Palermo,Loan fee:£360Th.,in,Winter,0.36,Serie A,2008,2008/2009
Torino FC,Dominique Malonga,20,Centre-Forward,Foggia,loan transfer,out,Winter,NA,Serie A,2008,2008/2009
Torino FC,Nicola Amoruso,34,Centre-Forward,Siena,loan transfer,out,Winter,NA,Serie A,2008,2008/2009
Udinese Calcio,Sakari Mattila,19,Defensive Midfield,HJK Helsinki,£720Th.,in,Winter,0.72,Serie A,2008,2008/2009
Udinese Calcio,Niki Zimling,23,Defensive Midfield,Esbjerg fB,free transfer,in,Winter,NA,Serie A,2008,2008/2009
Udinese Calcio,Viktor Budyanskiy,24,Central Midfield,Khimki,loan transfer,out,Winter,NA,Serie A,2008,2008/2009
Udinese Calcio,Moreno,25,Left-Back,KAS Eupen,loan transfer,out,Winter,NA,Serie A,2008,2008/2009
Udinese Calcio,Marco Motta,22,Right-Back,AS Roma,loan transfer,out,Winter,NA,Serie A,2008,2008/2009
Udinese Calcio,Felipe Sodinha,20,Second Striker,Paganese,loan transfer,out,Winter,NA,Serie A,2008,2008/2009
Udinese Calcio,Alessandro Osso Armellino,21,attack,VF Colligiana,?,out,Winter,NA,Serie A,2008,2008/2009
Udinese Calcio,Alain Nef,26,Centre-Back,Recr. Huelva,loan transfer,out,Winter,NA,Serie A,2008,2008/2009
Udinese Calcio,Ferdinando Sforzini,24,Centre-Forward,Avellino,loan transfer,out,Winter,NA,Serie A,2008,2008/2009
Udinese Calcio,Federico Laurito,18,Centre-Forward,SSC Venezia,loan transfer,out,Winter,NA,Serie A,2008,2008/2009
Udinese Calcio,Federico Gerardi,21,Centre-Forward,Cittadella,loan transfer,out,Winter,NA,Serie A,2008,2008/2009
Cagliari Calcio,Mikhail Sivakov,21,Centre-Back,BATE Borisov,£405Th.,in,Winter,0.405,Serie A,2008,2008/2009
Cagliari Calcio,Claudio Pani,22,Defensive Midfield,Triestina,?,out,Winter,NA,Serie A,2008,2008/2009
Cagliari Calcio,Michele Ferri,27,Centre-Back,Sampdoria,?,out,Winter,NA,Serie A,2008,2008/2009
Cagliari Calcio,Joaquín Larrivey,24,Centre-Forward,Vélez Sarsfield,loan transfer,out,Winter,NA,Serie A,2008,2008/2009
Cagliari Calcio,Salvatore Burrai,21,Defensive Midfield,Ternana,loan transfer,out,Winter,NA,Serie A,2008,2008/2009
Bologna FC 1909,Daniel Osvaldo,23,Centre-Forward,Fiorentina,£6.30m,in,Winter,6.3,Serie A,2008,2008/2009
Bologna FC 1909,Manuel Belleri,31,Right-Back,Lazio,?,in,Winter,NA,Serie A,2008,2008/2009
Bologna FC 1909,César,34,Left Midfield,Without Club,-,in,Winter,0,Serie A,2008,2008/2009
Bologna FC 1909,Massimo Mutarelli,31,Central Midfield,Without Club,-,in,Winter,0,Serie A,2008,2008/2009
Bologna FC 1909,Davide Carrus,29,Defensive Midfield,Empoli,loan transfer,out,Winter,NA,Serie A,2008,2008/2009
Bologna FC 1909,Andrey Galabinov,20,Centre-Forward,Giacomense,loan transfer,out,Winter,NA,Serie A,2008,2008/2009
US Lecce,Edinho,25,Defensive Midfield,Internacional,£2.07m,in,Winter,2.07,Serie A,2008,2008/2009
US Lecce,N'Diaye Papa Waigo,24,Right Winger,Fiorentina,loan transfer,in,Winter,NA,Serie A,2008,2008/2009
US Lecce,Souleymane Diamoutene,25,Centre-Back,AS Roma,Loan fee:£135Th.,out,Winter,0.135,Serie A,2008,2008/2009
US Lecce,Giuseppe Caccavallo,21,Right Winger,Celano,loan transfer,out,Winter,NA,Serie A,2008,2008/2009
US Lecce,Frank Feltscher,20,Right Winger,AC Bellinzona,loan transfer,out,Winter,NA,Serie A,2008,2008/2009
US Lecce,Mattia Conte,20,Centre-Back,SSC Venezia,loan transfer,out,Winter,NA,Serie A,2008,2008/2009
US Lecce,Matteo Legittimo,19,Left-Back,Paganese,loan transfer,out,Winter,NA,Serie A,2008,2008/2009
US Lecce,Léo,24,Centre-Forward,Internacional,"End of loanDec 1, 2008",out,Winter,0,Serie A,2008,2008/2009
US Lecce,Viktor Budyanskiy,24,Central Midfield,Udinese,"End of loanDec 31, 2008",out,Winter,0,Serie A,2008,2008/2009
US Lecce,Dimitrios Papadopoulos,27,Centre-Forward,Panathinaikos,"End of loanDec 31, 2008",out,Winter,0,Serie A,2008,2008/2009
