club_name,player_name,age,position,club_involved_name,fee,transfer_movement,transfer_period,fee_cleaned,league_name,year,season
Paris Saint-Germain,Mauro Icardi,27,Centre-Forward,Inter,£45.00m,in,Summer,45,Ligue 1,2020,2020/2021
Paris Saint-Germain,Sergio Rico,27,Goalkeeper,Sevilla FC,£5.40m,in,Summer,5.4,Ligue 1,2020,2020/2021
Paris Saint-Germain,Danilo Pereira,29,Defensive Midfield,FC Porto,Loan fee:£3.60m,in,Summer,3.6,Ligue 1,2020,2020/2021
Paris Saint-Germain,Rafinha,27,Attacking Midfield,Barcelona,£1.35m,in,Summer,1.35,Ligue 1,2020,2020/2021
Paris Saint-Germain,Alessandro Florenzi,29,Right-Back,AS Roma,Loan fee:£450Th.,in,Summer,0.45,Ligue 1,2020,2020/2021
Paris Saint-Germain,Alexandre Letellier,29,Goalkeeper,US Orléans,free transfer,in,Summer,NA,Ligue 1,2020,2020/2021
Paris Saint-Germain,Moise Kean,20,Centre-Forward,Everton,loan transfer,in,Summer,NA,Ligue 1,2020,2020/2021
Paris Saint-Germain,Timothée Pembélé,17,Centre-Back,Paris SG U19,-,in,Summer,0,Ligue 1,2020,2020/2021
Paris Saint-Germain,Arnaud Kalimuendo,18,Centre-Forward,Paris SG U19,-,in,Summer,0,Ligue 1,2020,2020/2021
Paris Saint-Germain,Kays Ruiz-Atil,17,Central Midfield,Paris SG U19,-,in,Summer,0,Ligue 1,2020,2020/2021
Paris Saint-Germain,Bandiougou Fadiga,19,Attacking Midfield,Paris SG U19,-,in,Summer,0,Ligue 1,2020,2020/2021
Paris Saint-Germain,Junior Dina Ebimbe,19,Central Midfield,AC Le Havre,"End of loanJun 30, 2020",in,Summer,0,Ligue 1,2020,2020/2021
Paris Saint-Germain,Moussa Sissako,19,Centre-Back,Standard Liège,"End of loanJun 30, 2020",in,Summer,0,Ligue 1,2020,2020/2021
Paris Saint-Germain,Alphonse Areola,27,Goalkeeper,Real Madrid,"End of loanAug 11, 2020",in,Summer,0,Ligue 1,2020,2020/2021
Paris Saint-Germain,Moussa Sissako,19,Centre-Back,Standard Liège,£360Th.,out,Summer,0.36,Ligue 1,2020,2020/2021
Paris Saint-Germain,Thiago Silva,35,Centre-Back,Chelsea,free transfer,out,Summer,NA,Ligue 1,2020,2020/2021
Paris Saint-Germain,Edinson Cavani,33,Centre-Forward,Man Utd,free transfer,out,Summer,NA,Ligue 1,2020,2020/2021
Paris Saint-Germain,Eric Maxim Choupo-Moting,31,Centre-Forward,FC Bayern,free transfer,out,Summer,NA,Ligue 1,2020,2020/2021
Paris Saint-Germain,Adil Aouchiche,18,Attacking Midfield,Saint-Étienne,free transfer,out,Summer,NA,Ligue 1,2020,2020/2021
Paris Saint-Germain,Tanguy Nianzou,18,Centre-Back,FC Bayern,free transfer,out,Summer,NA,Ligue 1,2020,2020/2021
Paris Saint-Germain,Thomas Meunier,28,Right-Back,Bor. Dortmund,free transfer,out,Summer,NA,Ligue 1,2020,2020/2021
Paris Saint-Germain,Junior Dina Ebimbe,19,Central Midfield,Dijon,loan transfer,out,Summer,NA,Ligue 1,2020,2020/2021
Paris Saint-Germain,Garissone Innocent,20,Goalkeeper,SM Caen,loan transfer,out,Summer,NA,Ligue 1,2020,2020/2021
Paris Saint-Germain,Alphonse Areola,27,Goalkeeper,Fulham,loan transfer,out,Summer,NA,Ligue 1,2020,2020/2021
Paris Saint-Germain,Marcin Bulka,20,Goalkeeper,FC Cartagena,loan transfer,out,Summer,NA,Ligue 1,2020,2020/2021
Paris Saint-Germain,Arnaud Kalimuendo,18,Centre-Forward,Lens,loan transfer,out,Summer,NA,Ligue 1,2020,2020/2021
Paris Saint-Germain,Mauro Icardi,27,Centre-Forward,Inter,"End of loanJun 30, 2020",out,Summer,0,Ligue 1,2020,2020/2021
Olympique Marseille,Luis Henrique,18,Left Winger,Três Passos,£7.20m,in,Summer,7.2,Ligue 1,2020,2020/2021
Olympique Marseille,Álvaro González,30,Centre-Back,Villarreal,£3.60m,in,Summer,3.6,Ligue 1,2020,2020/2021
Olympique Marseille,Leonardo Balerdi,21,Centre-Back,Bor. Dortmund,Loan fee:£900Th.,in,Summer,0.9,Ligue 1,2020,2020/2021
Olympique Marseille,Pape Gueye,21,Defensive Midfield,AC Le Havre,free transfer,in,Summer,NA,Ligue 1,2020,2020/2021
Olympique Marseille,Yuto Nagatomo,33,Left-Back,Galatasaray,free transfer,in,Summer,NA,Ligue 1,2020,2020/2021
Olympique Marseille,Christopher Rocchia,22,Left-Back,FC Sochaux,"End of loanJun 30, 2020",in,Summer,0,Ligue 1,2020,2020/2021
Olympique Marseille,Michaël Cuisance,21,Central Midfield,FC Bayern,loan transfer,in,Summer,NA,Ligue 1,2020,2020/2021
Olympique Marseille,Alexandre Phliponeau,20,Defensive Midfield,Marseille B,-,in,Summer,0,Ligue 1,2020,2020/2021
Olympique Marseille,Konstantinos Mitroglou,32,Centre-Forward,Galatasaray,"End of loanJun 30, 2020",in,Summer,0,Ligue 1,2020,2020/2021
Olympique Marseille,Bouna Sarr,28,Right-Back,FC Bayern,£7.20m,out,Summer,7.2,Ligue 1,2020,2020/2021
Olympique Marseille,Mohamed Abdallah,21,Right-Back,Zulte Waregem,loan transfer,out,Summer,NA,Ligue 1,2020,2020/2021
Olympique Marseille,Maxime López,22,Central Midfield,Sassuolo,loan transfer,out,Summer,NA,Ligue 1,2020,2020/2021
Olympique Marseille,Grégory Sertic,30,Defensive Midfield,Without Club,-,out,Summer,0,Ligue 1,2020,2020/2021
Olympique Marseille,Ahmadou Dia,20,Goalkeeper,FC Dordrecht,loan transfer,out,Summer,NA,Ligue 1,2020,2020/2021
Olympique Marseille,Álvaro González,30,Centre-Back,Villarreal,"End of loanJun 30, 2020",out,Summer,0,Ligue 1,2020,2020/2021
Stade Rennais FC,Jérémy Doku,18,Right Winger,RSC Anderlecht,£23.40m,in,Summer,23.4,Ligue 1,2020,2020/2021
Stade Rennais FC,Serhou Guirassy,24,Centre-Forward,Amiens SC,£13.50m,in,Summer,13.5,Ligue 1,2020,2020/2021
Stade Rennais FC,Martin Terrier,23,Left Winger,Olympique Lyon,£10.80m,in,Summer,10.8,Ligue 1,2020,2020/2021
Stade Rennais FC,Alfred Gomis,27,Goalkeeper,Dijon,£9.00m,in,Summer,9,Ligue 1,2020,2020/2021
Stade Rennais FC,Nayef Aguerd,24,Centre-Back,Dijon,£3.60m,in,Summer,3.6,Ligue 1,2020,2020/2021
Stade Rennais FC,Dalbert,27,Left-Back,Inter,Loan fee:£2.25m,in,Summer,2.25,Ligue 1,2020,2020/2021
Stade Rennais FC,Daniele Rugani,26,Centre-Back,Juventus,Loan fee:£957Th.,in,Summer,0.957,Ligue 1,2020,2020/2021
Stade Rennais FC,Brandon Soppy,18,Right-Back,Rennes B,-,in,Summer,0,Ligue 1,2020,2020/2021
Stade Rennais FC,Georginio Rutter,18,Centre-Forward,Rennes B,-,in,Summer,0,Ligue 1,2020,2020/2021
Stade Rennais FC,Adrien Truffert,18,Left-Back,Rennes B,-,in,Summer,0,Ligue 1,2020,2020/2021
Stade Rennais FC,Lilian Brassier,20,Centre-Back,Rennes B,-,in,Summer,0,Ligue 1,2020,2020/2021
Stade Rennais FC,Denis Will Poha,23,Central Midfield,Vit. Guimarães,"End of loanJul 31, 2020",in,Summer,0,Ligue 1,2020,2020/2021
Stade Rennais FC,Souleyman Doumbia,23,Left-Back,SCO Angers,"End of loanJun 30, 2020",in,Summer,0,Ligue 1,2020,2020/2021
Stade Rennais FC,Hakim El Mokeddem,21,Attacking Midfield,Stade Lavallois,"End of loanJun 30, 2020",in,Summer,0,Ligue 1,2020,2020/2021
Stade Rennais FC,Armand Laurienté,21,Right Winger,FC Lorient,"End of loanJun 30, 2020",in,Summer,0,Ligue 1,2020,2020/2021
Stade Rennais FC,Jordan Tell,23,Centre-Forward,SM Caen,"End of loanJun 30, 2020",in,Summer,0,Ligue 1,2020,2020/2021
Stade Rennais FC,Edouard Mendy,28,Goalkeeper,Chelsea,£21.60m,out,Summer,21.6,Ligue 1,2020,2020/2021
Stade Rennais FC,Raphinha,23,Right Winger,Leeds,£16.74m,out,Summer,16.74,Ligue 1,2020,2020/2021
Stade Rennais FC,Souleyman Doumbia,23,Left-Back,SCO Angers,£2.70m,out,Summer,2.7,Ligue 1,2020,2020/2021
Stade Rennais FC,Armand Laurienté,21,Right Winger,FC Lorient,£2.70m,out,Summer,2.7,Ligue 1,2020,2020/2021
Stade Rennais FC,Lucas Da Cunha,19,Left Winger,OGC Nice,£900Th.,out,Summer,0.9,Ligue 1,2020,2020/2021
Stade Rennais FC,Denis Will Poha,23,Central Midfield,Vit. Guimarães,£270Th.,out,Summer,0.27,Ligue 1,2020,2020/2021
Stade Rennais FC,Jakob Johansson,30,Defensive Midfield,IFK Göteborg,free transfer,out,Summer,NA,Ligue 1,2020,2020/2021
Stade Rennais FC,Jérémy Morel,36,Centre-Back,FC Lorient,free transfer,out,Summer,NA,Ligue 1,2020,2020/2021
Stade Rennais FC,Jordan Tell,23,Centre-Forward,Clermont Foot,free transfer,out,Summer,NA,Ligue 1,2020,2020/2021
Stade Rennais FC,Lilian Brassier,20,Centre-Back,Stade Brestois,loan transfer,out,Summer,NA,Ligue 1,2020,2020/2021
Stade Rennais FC,Sacha Boey,20,Right-Back,Dijon,loan transfer,out,Summer,NA,Ligue 1,2020,2020/2021
Stade Rennais FC,Hakim El Mokeddem,21,Attacking Midfield,FC Sète 34,loan transfer,out,Summer,NA,Ligue 1,2020,2020/2021
Stade Rennais FC,Rafik Guitane,21,Attacking Midfield,Marítimo,loan transfer,out,Summer,NA,Ligue 1,2020,2020/2021
Stade Rennais FC,Metehan Güçlü,21,Centre-Forward,Valenciennes FC,loan transfer,out,Summer,NA,Ligue 1,2020,2020/2021
Stade Rennais FC,Jordan Siebatcheu,24,Centre-Forward,BSC Young Boys,loan transfer,out,Summer,NA,Ligue 1,2020,2020/2021
Stade Rennais FC,Jérémy Gélin,23,Centre-Back,Royal Antwerp,loan transfer,out,Summer,NA,Ligue 1,2020,2020/2021
Stade Rennais FC,Riffi Mandanda,27,Goalkeeper,Without Club,-,out,Summer,0,Ligue 1,2020,2020/2021
Stade Rennais FC,Joris Gnagnon,23,Centre-Back,Sevilla FC,"End of loanJun 30, 2020",out,Summer,0,Ligue 1,2020,2020/2021
LOSC Lille,Jonathan David,20,Centre-Forward,KAA Gent,£24.30m,in,Summer,24.3,Ligue 1,2020,2020/2021
LOSC Lille,Sven Botman,20,Centre-Back,Ajax U21,£7.20m,in,Summer,7.2,Ligue 1,2020,2020/2021
LOSC Lille,Orestis Karnezis,35,Goalkeeper,SSC Napoli,£4.50m,in,Summer,4.5,Ligue 1,2020,2020/2021
LOSC Lille,Isaac Lihadji,18,Right Winger,Marseille B,£270Th.,in,Summer,0.27,Ligue 1,2020,2020/2021
LOSC Lille,Angel Gomes,19,Attacking Midfield,Man Utd U23,free transfer,in,Summer,NA,Ligue 1,2020,2020/2021
LOSC Lille,Eugenio Pizzuto,18,Defensive Midfield,CF Pachuca U20,free transfer,in,Summer,NA,Ligue 1,2020,2020/2021
LOSC Lille,Burak Yilmaz,35,Centre-Forward,Besiktas,free transfer,in,Summer,NA,Ligue 1,2020,2020/2021
LOSC Lille,Cheikh Niasse,20,Defensive Midfield,LOSC Lille B,-,in,Summer,0,Ligue 1,2020,2020/2021
LOSC Lille,Lucas Chevalier,18,Goalkeeper,LOSC Lille B,-,in,Summer,0,Ligue 1,2020,2020/2021
LOSC Lille,Júnior Alonso,27,Centre-Back,Boca Juniors,"End of loanJun 30, 2020",in,Summer,0,Ligue 1,2020,2020/2021
LOSC Lille,Adama Soumaoro,28,Centre-Back,Genoa,"End of loanAug 31, 2020",in,Summer,0,Ligue 1,2020,2020/2021
LOSC Lille,Rominigue Kouamé,23,Central Midfield,Troyes,"End of loanJun 30, 2020",in,Summer,0,Ligue 1,2020,2020/2021
LOSC Lille,Kouadio-Yves Dabila,23,Centre-Back,Cercle Brugge,"End of loanJun 30, 2020",in,Summer,0,Ligue 1,2020,2020/2021
LOSC Lille,Hervé Koffi,23,Goalkeeper,Belenenses SAD,"End of loanJul 31, 2020",in,Summer,0,Ligue 1,2020,2020/2021
LOSC Lille,Scotty Sadzoute,22,Left-Back,Pau FC,"End of loanJun 30, 2020",in,Summer,0,Ligue 1,2020,2020/2021
LOSC Lille,Victor Osimhen,21,Centre-Forward,SSC Napoli,£64.13m,out,Summer,64.13,Ligue 1,2020,2020/2021
LOSC Lille,Gabriel,22,Centre-Back,Arsenal,£23.40m,out,Summer,23.4,Ligue 1,2020,2020/2021
LOSC Lille,Júnior Alonso,27,Centre-Back,Atlético-MG,£2.70m,out,Summer,2.7,Ligue 1,2020,2020/2021
LOSC Lille,Loïc Rémy,33,Centre-Forward,C. Rizespor,free transfer,out,Summer,NA,Ligue 1,2020,2020/2021
LOSC Lille,Nicolás Gaitán,32,Attacking Midfield,SC Braga,free transfer,out,Summer,NA,Ligue 1,2020,2020/2021
LOSC Lille,Jean Onana,20,Defensive Midfield,Mouscron,loan transfer,out,Summer,NA,Ligue 1,2020,2020/2021
LOSC Lille,Kouadio-Yves Dabila,23,Centre-Back,Mouscron,loan transfer,out,Summer,NA,Ligue 1,2020,2020/2021
LOSC Lille,Hervé Koffi,23,Goalkeeper,Mouscron,loan transfer,out,Summer,NA,Ligue 1,2020,2020/2021
LOSC Lille,Saad Agouzoul,22,Centre-Back,Mouscron,loan transfer,out,Summer,NA,Ligue 1,2020,2020/2021
LOSC Lille,Rominigue Kouamé,23,Central Midfield,Troyes,loan transfer,out,Summer,NA,Ligue 1,2020,2020/2021
LOSC Lille,Scotty Sadzoute,22,Left-Back,Pau FC,loan transfer,out,Summer,NA,Ligue 1,2020,2020/2021
LOSC Lille,Angel Gomes,19,Attacking Midfield,Boavista,loan transfer,out,Summer,NA,Ligue 1,2020,2020/2021
LOSC Lille,Léo Jardim,25,Goalkeeper,Boavista,loan transfer,out,Summer,NA,Ligue 1,2020,2020/2021
OGC Nice,Robson Bambu,22,Centre-Back,Athletico-PR,£7.20m,in,Summer,7.2,Ligue 1,2020,2020/2021
OGC Nice,Jordan Lotomba,21,Right-Back,BSC Young Boys,£6.30m,in,Summer,6.3,Ligue 1,2020,2020/2021
OGC Nice,Amine Gouiri,20,Centre-Forward,Olympique Lyon,£6.30m,in,Summer,6.3,Ligue 1,2020,2020/2021
OGC Nice,Hassane Kamara,26,Left-Back,Stade Reims,£3.60m,in,Summer,3.6,Ligue 1,2020,2020/2021
OGC Nice,Morgan Schneiderlin,30,Defensive Midfield,Everton,£2.00m,in,Summer,2,Ligue 1,2020,2020/2021
OGC Nice,Lucas Da Cunha,19,Left Winger,Stade Rennais,£900Th.,in,Summer,0.9,Ligue 1,2020,2020/2021
OGC Nice,Deji Sotona,17,Left Winger,Man Utd U18,free transfer,in,Summer,NA,Ligue 1,2020,2020/2021
OGC Nice,Flavius Daniliuc,19,Centre-Back,FC Bayern U19,free transfer,in,Summer,NA,Ligue 1,2020,2020/2021
OGC Nice,Trazié Thomas,21,Central Midfield,RC Abidjan,?,in,Summer,NA,Ligue 1,2020,2020/2021
OGC Nice,Armel Zohouri,19,Right-Back,RC Abidjan,?,in,Summer,NA,Ligue 1,2020,2020/2021
OGC Nice,Rony Lopes,24,Right Winger,Sevilla FC,loan transfer,in,Summer,NA,Ligue 1,2020,2020/2021
OGC Nice,Jeff Reine-Adélaïde,22,Attacking Midfield,Olympique Lyon,loan transfer,in,Summer,NA,Ligue 1,2020,2020/2021
OGC Nice,Ihsan Sacko,22,Attacking Midfield,Troyes,"End of loanJun 30, 2020",in,Summer,0,Ligue 1,2020,2020/2021
OGC Nice,Hicham Mahou,20,Right Winger,OGC Nice B,-,in,Summer,0,Ligue 1,2020,2020/2021
OGC Nice,Evann Guessand,19,Centre-Forward,OGC Nice B,-,in,Summer,0,Ligue 1,2020,2020/2021
OGC Nice,Yanis Hamache,20,Left-Back,OGC Nice B,-,in,Summer,0,Ligue 1,2020,2020/2021
OGC Nice,Pedro Brazão,17,Attacking Midfield,OGC Nice B,-,in,Summer,0,Ligue 1,2020,2020/2021
OGC Nice,Ibrahim Cissé,21,Centre-Back,OGC Nice B,-,in,Summer,0,Ligue 1,2020,2020/2021
OGC Nice,Teddy Boulhendi,19,Goalkeeper,OGC Nice B,-,in,Summer,0,Ligue 1,2020,2020/2021
OGC Nice,Dan Ndoye,19,Right Winger,Lausanne-Sport,"End of loanAug 1, 2020",in,Summer,0,Ligue 1,2020,2020/2021
OGC Nice,Racine Coly,24,Left-Back,Famalicão,"End of loanJul 31, 2020",in,Summer,0,Ligue 1,2020,2020/2021
OGC Nice,Eddy Sylvestre,20,Right Winger,AJ Auxerre,"End of loanJun 30, 2020",in,Summer,0,Ligue 1,2020,2020/2021
OGC Nice,Jean-Victor Makengo,22,Central Midfield,Toulouse,"End of loanJun 30, 2020",in,Summer,0,Ligue 1,2020,2020/2021
OGC Nice,Ignatius Ganago,21,Centre-Forward,Lens,£5.40m,out,Summer,5.4,Ligue 1,2020,2020/2021
OGC Nice,Christophe Hérelle,27,Centre-Back,Stade Brestois,£3.60m,out,Summer,3.6,Ligue 1,2020,2020/2021
OGC Nice,Adrien Tamèze,26,Defensive Midfield,Hellas Verona,£3.15m,out,Summer,3.15,Ligue 1,2020,2020/2021
OGC Nice,Jean-Victor Makengo,22,Central Midfield,Udinese Calcio,£3.15m,out,Summer,3.15,Ligue 1,2020,2020/2021
OGC Nice,Patrick Burner,24,Right-Back,Nîmes Olympique,£1.35m,out,Summer,1.35,Ligue 1,2020,2020/2021
OGC Nice,Wylan Cyprien,25,Central Midfield,Parma,Loan fee:£1.35m,out,Summer,1.35,Ligue 1,2020,2020/2021
OGC Nice,Eddy Sylvestre,21,Right Winger,Standard Liège,£99Th.,out,Summer,0.099,Ligue 1,2020,2020/2021
OGC Nice,Malang Sarr,21,Centre-Back,Chelsea,free transfer,out,Summer,NA,Ligue 1,2020,2020/2021
OGC Nice,Trazié Thomas,21,Central Midfield,Lausanne-Sport,loan transfer,out,Summer,NA,Ligue 1,2020,2020/2021
OGC Nice,Ibrahim Cissé,21,Centre-Back,LB Châteauroux,loan transfer,out,Summer,NA,Ligue 1,2020,2020/2021
OGC Nice,Lucas Da Cunha,19,Left Winger,Lausanne-Sport,loan transfer,out,Summer,NA,Ligue 1,2020,2020/2021
OGC Nice,Evann Guessand,19,Centre-Forward,Lausanne-Sport,loan transfer,out,Summer,NA,Ligue 1,2020,2020/2021
OGC Nice,Armel Zohouri,19,Right-Back,Lausanne-Sport,loan transfer,out,Summer,NA,Ligue 1,2020,2020/2021
OGC Nice,Ihsan Sacko,23,Attacking Midfield,Cosenza,loan transfer,out,Summer,NA,Ligue 1,2020,2020/2021
OGC Nice,Gautier Lloris,24,Centre-Back,AJ Auxerre,?,out,Summer,NA,Ligue 1,2020,2020/2021
OGC Nice,Yanis Hamache,21,Left-Back,Boavista,?,out,Summer,NA,Ligue 1,2020,2020/2021
OGC Nice,Pedro Brazão,17,Attacking Midfield,Lausanne-Sport,loan transfer,out,Summer,NA,Ligue 1,2020,2020/2021
OGC Nice,Arnaud Lusamba,23,Central Midfield,Without Club,-,out,Summer,0,Ligue 1,2020,2020/2021
OGC Nice,Yannis Clementia,22,Goalkeeper,Without Club,-,out,Summer,0,Ligue 1,2020,2020/2021
OGC Nice,Moussa Wagué,21,Right-Back,Barcelona,"End of loanJun 30, 2020",out,Summer,0,Ligue 1,2020,2020/2021
OGC Nice,Riza Durmisi,26,Left-Back,Lazio,"End of loanJun 30, 2020",out,Summer,0,Ligue 1,2020,2020/2021
OGC Nice,Adam Ounas,23,Right Winger,SSC Napoli,"End of loanJun 30, 2020",out,Summer,0,Ligue 1,2020,2020/2021
Stade Reims,Valon Berisha,27,Central Midfield,Lazio,£4.05m,in,Summer,4.05,Ligue 1,2020,2020/2021
Stade Reims,Anastasios Donis,23,Centre-Forward,VfB Stuttgart,£3.60m,in,Summer,3.6,Ligue 1,2020,2020/2021
Stade Reims,Fraser Hornby,20,Centre-Forward,Everton U23,£1.80m,in,Summer,1.8,Ligue 1,2020,2020/2021
Stade Reims,Thibault De Smet,22,Left-Back,Sint-Truiden,£630Th.,in,Summer,0.63,Ligue 1,2020,2020/2021
Stade Reims,Logan Costa,19,Centre-Back,Stade Reims B,-,in,Summer,0,Ligue 1,2020,2020/2021
Stade Reims,Ilan Kebbal,21,Attacking Midfield,Stade Reims B,-,in,Summer,0,Ligue 1,2020,2020/2021
Stade Reims,Dialy Ndiaye,20,Goalkeeper,Stade Reims B,-,in,Summer,0,Ligue 1,2020,2020/2021
Stade Reims,Fraser Hornby,21,Centre-Forward,Aberdeen FC,"End of loanMay 17, 2021",in,Summer,0,Ligue 1,2020,2020/2021
Stade Reims,Wout Faes,22,Centre-Back,KV Oostende,"End of loanJun 30, 2020",in,Summer,0,Ligue 1,2020,2020/2021
Stade Reims,Axel Disasi,22,Centre-Back,Monaco,£11.70m,out,Summer,11.7,Ligue 1,2020,2020/2021
Stade Reims,Hassane Kamara,26,Left-Back,OGC Nice,£3.60m,out,Summer,3.6,Ligue 1,2020,2020/2021
Stade Reims,Virgile Pinson,24,Left Midfield,Quevilly Rouen,free transfer,out,Summer,NA,Ligue 1,2020,2020/2021
Stade Reims,Nolan Mbemba,25,Defensive Midfield,AC Le Havre,free transfer,out,Summer,NA,Ligue 1,2020,2020/2021
Stade Reims,Alaixys Romao,36,Defensive Midfield,Guingamp,free transfer,out,Summer,NA,Ligue 1,2020,2020/2021
Stade Reims,Sambou Sissoko,21,Right-Back,Quevilly Rouen,loan transfer,out,Summer,NA,Ligue 1,2020,2020/2021
Stade Reims,Timothé Nkada,21,Centre-Forward,Aalborg BK,loan transfer,out,Summer,NA,Ligue 1,2020,2020/2021
Stade Reims,Logan Costa,19,Centre-Back,Le Mans FC,loan transfer,out,Summer,NA,Ligue 1,2020,2020/2021
Stade Reims,Ilan Kebbal,21,Attacking Midfield,USL Dunkerque,loan transfer,out,Summer,NA,Ligue 1,2020,2020/2021
Stade Reims,Nicolas Lemaître,23,Goalkeeper,Quevilly Rouen,loan transfer,out,Summer,NA,Ligue 1,2020,2020/2021
Stade Reims,Tristan Dingomé,29,Central Midfield,Troyes,?,out,Summer,NA,Ligue 1,2020,2020/2021
Stade Reims,Anastasios Donis,23,Centre-Forward,VfB Stuttgart,"End of loanJun 30, 2020",out,Summer,0,Ligue 1,2020,2020/2021
Olympique Lyon,Lucas Paquetá,23,Attacking Midfield,AC Milan,£18.00m,in,Summer,18,Ligue 1,2020,2020/2021
Olympique Lyon,Karl Toko Ekambi,27,Left Winger,Villarreal,£10.35m,in,Summer,10.35,Ligue 1,2020,2020/2021
Olympique Lyon,Cenk Özkacar,19,Centre-Back,Altay SK,£1.35m,in,Summer,1.35,Ligue 1,2020,2020/2021
Olympique Lyon,Julian Pollersbeck,26,Goalkeeper,Hamburger SV,£225Th.,in,Summer,0.225,Ligue 1,2020,2020/2021
Olympique Lyon,Djamel Eddine Benlamri,30,Centre-Back,Shabab,free transfer,in,Summer,NA,Ligue 1,2020,2020/2021
Olympique Lyon,Mattia De Sciglio,27,Right-Back,Juventus,loan transfer,in,Summer,NA,Ligue 1,2020,2020/2021
Olympique Lyon,Sinaly Diomandé,19,Centre-Back,Olymp. Lyon B,-,in,Summer,0,Ligue 1,2020,2020/2021
Olympique Lyon,Melvin Bard,19,Left-Back,Olymp. Lyon B,-,in,Summer,0,Ligue 1,2020,2020/2021
Olympique Lyon,Yahya Soumaré,20,Right Winger,Olymp. Lyon B,-,in,Summer,0,Ligue 1,2020,2020/2021
Olympique Lyon,Lenny Pintor,19,Left Winger,Troyes,"End of loanJun 30, 2020",in,Summer,0,Ligue 1,2020,2020/2021
Olympique Lyon,Tino Kadewere,24,Right Winger,AC Le Havre,"End of loanJun 30, 2020",in,Summer,0,Ligue 1,2020,2020/2021
Olympique Lyon,Pape Cheikh,22,Central Midfield,Celta de Vigo,"End of loanJul 20, 2020",in,Summer,0,Ligue 1,2020,2020/2021
Olympique Lyon,Bertrand Traoré,25,Right Winger,Aston Villa,£16.56m,out,Summer,16.56,Ligue 1,2020,2020/2021
Olympique Lyon,Martin Terrier,23,Left Winger,Stade Rennais,£10.80m,out,Summer,10.8,Ligue 1,2020,2020/2021
Olympique Lyon,Amine Gouiri,20,Centre-Forward,OGC Nice,£6.30m,out,Summer,6.3,Ligue 1,2020,2020/2021
Olympique Lyon,Oumar Solet,20,Centre-Back,RB Salzburg,£4.05m,out,Summer,4.05,Ligue 1,2020,2020/2021
Olympique Lyon,Kenny Tete,24,Right-Back,Fulham,£2.88m,out,Summer,2.88,Ligue 1,2020,2020/2021
Olympique Lyon,Marçal,31,Left-Back,Wolves,£1.80m,out,Summer,1.8,Ligue 1,2020,2020/2021
Olympique Lyon,Ciprian Tatarusanu,34,Goalkeeper,AC Milan,£900Th.,out,Summer,0.9,Ligue 1,2020,2020/2021
Olympique Lyon,Joachim Andersen,24,Centre-Back,Fulham,Loan fee:£900Th.,out,Summer,0.9,Ligue 1,2020,2020/2021
Olympique Lyon,Anthony Racioppi,21,Goalkeeper,Dijon,free transfer,out,Summer,NA,Ligue 1,2020,2020/2021
Olympique Lyon,Rafael,30,Right-Back,Basaksehir,free transfer,out,Summer,NA,Ligue 1,2020,2020/2021
Olympique Lyon,Youssouf Koné,25,Left-Back,Elche CF,loan transfer,out,Summer,NA,Ligue 1,2020,2020/2021
Olympique Lyon,Lenny Pintor,20,Left Winger,Troyes,loan transfer,out,Summer,NA,Ligue 1,2020,2020/2021
Olympique Lyon,Pape Cheikh,22,Central Midfield,Dijon,loan transfer,out,Summer,NA,Ligue 1,2020,2020/2021
Olympique Lyon,Jeff Reine-Adélaïde,22,Attacking Midfield,OGC Nice,loan transfer,out,Summer,NA,Ligue 1,2020,2020/2021
Olympique Lyon,Mapou Yanga-Mbiwa,31,Centre-Back,Without Club,-,out,Summer,0,Ligue 1,2020,2020/2021
Olympique Lyon,Lucas Tousart,23,Defensive Midfield,Hertha BSC,"End of loanJun 30, 2020",out,Summer,0,Ligue 1,2020,2020/2021
Olympique Lyon,Karl Toko Ekambi,27,Left Winger,Villarreal,"End of loanJun 30, 2020",out,Summer,0,Ligue 1,2020,2020/2021
Montpellier HSC,Stephy Mavididi,22,Left Winger,Juventus U23,£5.67m,in,Summer,5.67,Ligue 1,2020,2020/2021
Montpellier HSC,Jonas Omlin,26,Goalkeeper,FC Basel,£5.40m,in,Summer,5.4,Ligue 1,2020,2020/2021
Montpellier HSC,Béni Makouana,18,Centre-Forward,Diables Noirs,£720Th.,in,Summer,0.72,Ligue 1,2020,2020/2021
Montpellier HSC,Samy Benchamma,20,Central Midfield,Montpellier B,-,in,Summer,0,Ligue 1,2020,2020/2021
Montpellier HSC,Yanis Ammour,21,Centre-Forward,AS Béziers,"End of loanJun 30, 2020",in,Summer,0,Ligue 1,2020,2020/2021
Montpellier HSC,Killian Sanson,23,Defensive Midfield,Quevilly Rouen,"End of loanJun 30, 2020",in,Summer,0,Ligue 1,2020,2020/2021
Montpellier HSC,Bastian Badu,20,Centre-Forward,FC Chambly,"End of loanJun 30, 2020",in,Summer,0,Ligue 1,2020,2020/2021
Montpellier HSC,Petar Skuletic,30,Centre-Forward,Sivasspor,"End of loanAug 3, 2020",in,Summer,0,Ligue 1,2020,2020/2021
Montpellier HSC,Bilal Boutobba,21,Right Winger,Chamois Niort,free transfer,out,Summer,NA,Ligue 1,2020,2020/2021
Montpellier HSC,Killian Sanson,23,Defensive Midfield,Thonon Évian,free transfer,out,Summer,NA,Ligue 1,2020,2020/2021
Montpellier HSC,Kylian Kaïboué,21,Left-Back,FC Sète 34,loan transfer,out,Summer,NA,Ligue 1,2020,2020/2021
Montpellier HSC,Bastian Badu,20,Centre-Forward,FC Chambly,loan transfer,out,Summer,NA,Ligue 1,2020,2020/2021
Montpellier HSC,Amir Aduev,21,Central Midfield,Akhmat Grozny,?,out,Summer,NA,Ligue 1,2020,2020/2021
Montpellier HSC,Souleymane Camara,37,Right Winger,Retired,-,out,Summer,0,Ligue 1,2020,2020/2021
Montpellier HSC,Gerónimo Rulli,28,Goalkeeper,Real Sociedad,"End of loanJun 30, 2020",out,Summer,0,Ligue 1,2020,2020/2021
RC Strasbourg Alsace,Habib Diallo,25,Centre-Forward,FC Metz,£9.00m,in,Summer,9,Ligue 1,2020,2020/2021
RC Strasbourg Alsace,Majeed Waris,28,Centre-Forward,FC Porto B,£1.80m,in,Summer,1.8,Ligue 1,2020,2020/2021
RC Strasbourg Alsace,Mahamé Siby,23,Defensive Midfield,Valenciennes FC,?,in,Summer,NA,Ligue 1,2020,2020/2021
RC Strasbourg Alsace,Jean-Eudes Aholou,26,Defensive Midfield,Monaco,loan transfer,in,Summer,NA,Ligue 1,2020,2020/2021
RC Strasbourg Alsace,Idriss Saadi,28,Centre-Forward,Cercle Brugge,"End of loanJun 30, 2020",in,Summer,0,Ligue 1,2020,2020/2021
RC Strasbourg Alsace,Moataz Zemzemi,20,Left Midfield,Club Africain,"End of loanJun 30, 2020",in,Summer,0,Ligue 1,2020,2020/2021
RC Strasbourg Alsace,Mehdi Chahiri,23,Left Winger,Red Star FC,"End of loanJun 30, 2020",in,Summer,0,Ligue 1,2020,2020/2021
RC Strasbourg Alsace,Abdallah Ndour,26,Left-Back,FC Sochaux,free transfer,out,Summer,NA,Ligue 1,2020,2020/2021
RC Strasbourg Alsace,Louis Pelletier,20,Goalkeeper,Stade Reims B,free transfer,out,Summer,NA,Ligue 1,2020,2020/2021
RC Strasbourg Alsace,Moataz Zemzemi,21,Left Midfield,US Avranches,loan transfer,out,Summer,NA,Ligue 1,2020,2020/2021
RC Strasbourg Alsace,Benjamin Corgnet,33,Attacking Midfield,Without Club,-,out,Summer,0,Ligue 1,2020,2020/2021
RC Strasbourg Alsace,Jérémy Grimm,33,Defensive Midfield,Without Club,-,out,Summer,0,Ligue 1,2020,2020/2021
RC Strasbourg Alsace,Majeed Waris,28,Centre-Forward,FC Porto B,"End of loanJun 30, 2020",out,Summer,0,Ligue 1,2020,2020/2021
AS Monaco,Axel Disasi,22,Centre-Back,Stade Reims,£11.70m,in,Summer,11.7,Ligue 1,2020,2020/2021
AS Monaco,Kevin Volland,28,Centre-Forward,Bay. Leverkusen,£9.90m,in,Summer,9.9,Ligue 1,2020,2020/2021
AS Monaco,Caio Henrique,23,Left-Back,Atlético Madrid,£7.20m,in,Summer,7.2,Ligue 1,2020,2020/2021
AS Monaco,Anthony Musaba,19,Right Winger,NEC Nijmegen,£2.25m,in,Summer,2.25,Ligue 1,2020,2020/2021
AS Monaco,Florentino,21,Defensive Midfield,Benfica,Loan fee:£1.35m,in,Summer,1.35,Ligue 1,2020,2020/2021
AS Monaco,Vito Mannone,32,Goalkeeper,Reading,free transfer,in,Summer,NA,Ligue 1,2020,2020/2021
AS Monaco,Chrislain Matsima,18,Centre-Back,Monaco B,-,in,Summer,0,Ligue 1,2020,2020/2021
AS Monaco,Enzo Millot,17,Central Midfield,Monaco B,-,in,Summer,0,Ligue 1,2020,2020/2021
AS Monaco,Eliot Matazo,18,Central Midfield,Monaco B,-,in,Summer,0,Ligue 1,2020,2020/2021
AS Monaco,Lyle Foster,19,Centre-Forward,Cercle Brugge,"End of loanJun 30, 2020",in,Summer,0,Ligue 1,2020,2020/2021
AS Monaco,Sofiane Diop,20,Attacking Midfield,FC Sochaux,"End of loanJun 30, 2020",in,Summer,0,Ligue 1,2020,2020/2021
AS Monaco,Youssef Aït Bennasser,23,Central Midfield,G. Bordeaux,"End of loanJun 30, 2020",in,Summer,0,Ligue 1,2020,2020/2021
AS Monaco,Nacer Chadli,30,Left Winger,RSC Anderlecht,"End of loanJun 30, 2020",in,Summer,0,Ligue 1,2020,2020/2021
AS Monaco,Djibril Sidibé,28,Right-Back,Everton,"End of loanJul 31, 2020",in,Summer,0,Ligue 1,2020,2020/2021
AS Monaco,Pelé,28,Defensive Midfield,Reading,"End of loanAug 5, 2020",in,Summer,0,Ligue 1,2020,2020/2021
AS Monaco,Jean-Eudes Aholou,26,Defensive Midfield,Saint-Étienne,"End of loanJun 30, 2020",in,Summer,0,Ligue 1,2020,2020/2021
AS Monaco,Samuel Grandsir,23,Right Winger,Stade Brestois,"End of loanJun 30, 2020",in,Summer,0,Ligue 1,2020,2020/2021
AS Monaco,Antonio Barreca,25,Left-Back,Genoa,"End of loanAug 31, 2020",in,Summer,0,Ligue 1,2020,2020/2021
AS Monaco,Giulian Biancone,20,Right-Back,Cercle Brugge,"End of loanJun 30, 2020",in,Summer,0,Ligue 1,2020,2020/2021
AS Monaco,Kévin N'Doram,24,Defensive Midfield,FC Metz,"End of loanJun 30, 2020",in,Summer,0,Ligue 1,2020,2020/2021
AS Monaco,Adama Traoré,25,Central Midfield,FC Metz,"End of loanJun 30, 2020",in,Summer,0,Ligue 1,2020,2020/2021
AS Monaco,Wilson Isidor,19,Centre-Forward,Stade Lavallois,"End of loanJun 30, 2020",in,Summer,0,Ligue 1,2020,2020/2021
AS Monaco,Strahinja Pavlovic,19,Centre-Back,Partizan,"End of loanJun 30, 2020",in,Summer,0,Ligue 1,2020,2020/2021
AS Monaco,Henry Onyekuru,23,Left Winger,Galatasaray,"End of loanJun 30, 2020",in,Summer,0,Ligue 1,2020,2020/2021
AS Monaco,Julien Serrano,23,Left-Back,Livingston FC,"End of loanMay 18, 2021",in,Summer,0,Ligue 1,2020,2020/2021
AS Monaco,Julien Serrano,22,Left-Back,Cercle Brugge,"End of loanJun 30, 2020",in,Summer,0,Ligue 1,2020,2020/2021
AS Monaco,Radoslaw Majecki,20,Goalkeeper,Legia Warszawa,"End of loanJun 30, 2020",in,Summer,0,Ligue 1,2020,2020/2021
AS Monaco,Jordi Mboula,21,Right Winger,SD Huesca,"End of loanJul 21, 2020",in,Summer,0,Ligue 1,2020,2020/2021
AS Monaco,Adrien Bongiovanni,20,Left Winger,Cercle Brugge,"End of loanJun 30, 2020",in,Summer,0,Ligue 1,2020,2020/2021
AS Monaco,Gil Dias,23,Left-Back,Granada CF,"End of loanJul 20, 2020",in,Summer,0,Ligue 1,2020,2020/2021
AS Monaco,Loïc Badiashile,22,Goalkeeper,Amiens SC,"End of loanJun 30, 2020",in,Summer,0,Ligue 1,2020,2020/2021
AS Monaco,Kévin N'Doram,24,Defensive Midfield,FC Metz,£4.05m,out,Summer,4.05,Ligue 1,2020,2020/2021
AS Monaco,Kamil Glik,32,Centre-Back,Benevento,£2.70m,out,Summer,2.7,Ligue 1,2020,2020/2021
AS Monaco,Jordi Mboula,21,Right Winger,RCD Mallorca,£1.53m,out,Summer,1.53,Ligue 1,2020,2020/2021
AS Monaco,Lyle Foster,19,Centre-Forward,Vit. Guimarães,£1.08m,out,Summer,1.08,Ligue 1,2020,2020/2021
AS Monaco,Keita Baldé,25,Centre-Forward,Sampdoria,Loan fee:£900Th.,out,Summer,0.9,Ligue 1,2020,2020/2021
AS Monaco,Moussa Sylla,20,Right Winger,FC Utrecht,free transfer,out,Summer,NA,Ligue 1,2020,2020/2021
AS Monaco,Giulian Biancone,20,Right-Back,Cercle Brugge,loan transfer,out,Summer,NA,Ligue 1,2020,2020/2021
AS Monaco,Julien Serrano,22,Left-Back,Livingston FC,loan transfer,out,Summer,NA,Ligue 1,2020,2020/2021
AS Monaco,Wilson Isidor,19,Centre-Forward,Bastia-Borgo,loan transfer,out,Summer,NA,Ligue 1,2020,2020/2021
AS Monaco,Nacer Chadli,31,Left Winger,Basaksehir,?,out,Summer,NA,Ligue 1,2020,2020/2021
AS Monaco,Adama Traoré,25,Central Midfield,Hatayspor,?,out,Summer,NA,Ligue 1,2020,2020/2021
AS Monaco,Adrien Bongiovanni,20,Left Winger,FC Den Bosch,loan transfer,out,Summer,NA,Ligue 1,2020,2020/2021
AS Monaco,Jean Marcelin,20,Centre-Back,Cercle Brugge,loan transfer,out,Summer,NA,Ligue 1,2020,2020/2021
AS Monaco,Anthony Musaba,19,Right Winger,Cercle Brugge,loan transfer,out,Summer,NA,Ligue 1,2020,2020/2021
AS Monaco,Loïc Badiashile,22,Goalkeeper,Las Rozas CF,loan transfer,out,Summer,NA,Ligue 1,2020,2020/2021
AS Monaco,Gil Dias,23,Left-Back,Famalicão,loan transfer,out,Summer,NA,Ligue 1,2020,2020/2021
AS Monaco,Pelé,29,Defensive Midfield,Rio Ave FC,loan transfer,out,Summer,NA,Ligue 1,2020,2020/2021
AS Monaco,Benjamin Henrichs,23,Right-Back,RB Leipzig,loan transfer,out,Summer,NA,Ligue 1,2020,2020/2021
AS Monaco,Jean-Eudes Aholou,26,Defensive Midfield,R. Strasbourg,loan transfer,out,Summer,NA,Ligue 1,2020,2020/2021
AS Monaco,Jorge,24,Left-Back,FC Basel,loan transfer,out,Summer,NA,Ligue 1,2020,2020/2021
AS Monaco,Antonio Barreca,25,Left-Back,Fiorentina,loan transfer,out,Summer,NA,Ligue 1,2020,2020/2021
AS Monaco,Arthur Zagre,19,Left-Back,Dijon,loan transfer,out,Summer,NA,Ligue 1,2020,2020/2021
AS Monaco,Danijel Subasic,35,Goalkeeper,Career break,-,out,Summer,0,Ligue 1,2020,2020/2021
AS Monaco,Diego Benaglio,36,Goalkeeper,Retired,-,out,Summer,0,Ligue 1,2020,2020/2021
AS Monaco,Seydou Sy,24,Goalkeeper,Without Club,-,out,Summer,0,Ligue 1,2020,2020/2021
AS Monaco,Adrien Silva,31,Central Midfield,Leicester,"End of loanJun 30, 2020",out,Summer,0,Ligue 1,2020,2020/2021
AS Monaco,Islam Slimani,32,Centre-Forward,Leicester,"End of loanJun 30, 2020",out,Summer,0,Ligue 1,2020,2020/2021
AS Monaco,Tiemoué Bakayoko,25,Defensive Midfield,Chelsea,"End of loanJun 30, 2020",out,Summer,0,Ligue 1,2020,2020/2021
SCO Angers,Paul Bernardoni,23,Goalkeeper,G. Bordeaux,£6.75m,in,Summer,6.75,Ligue 1,2020,2020/2021
SCO Angers,Souleyman Doumbia,23,Left-Back,Stade Rennais,£2.70m,in,Summer,2.7,Ligue 1,2020,2020/2021
SCO Angers,Enzo Ebosse,21,Left-Back,Le Mans FC,£450Th.,in,Summer,0.45,Ligue 1,2020,2020/2021
SCO Angers,Kevin Bemanga,22,Right Winger,Paris FC B,£225Th.,in,Summer,0.225,Ligue 1,2020,2020/2021
SCO Angers,Sofiane Boufal,27,Left Winger,Southampton,free transfer,in,Summer,NA,Ligue 1,2020,2020/2021
SCO Angers,Jimmy Cabot,26,Right Midfield,FC Lorient,free transfer,in,Summer,NA,Ligue 1,2020,2020/2021
SCO Angers,Loïs Diony,27,Centre-Forward,Saint-Étienne,free transfer,in,Summer,NA,Ligue 1,2020,2020/2021
SCO Angers,Ibrahim Amadou,27,Defensive Midfield,Sevilla FC,loan transfer,in,Summer,NA,Ligue 1,2020,2020/2021
SCO Angers,Lassana Coulibaly,24,Central Midfield,Cercle Brugge,"End of loanJun 30, 2020",in,Summer,0,Ligue 1,2020,2020/2021
SCO Angers,Mohamed-Ali Cho,16,Centre-Forward,SCO Angers U19,-,in,Summer,0,Ligue 1,2020,2020/2021
SCO Angers,Ibrahim Cissé,24,Centre-Back,Paris FC,"End of loanJun 30, 2020",in,Summer,0,Ligue 1,2020,2020/2021
SCO Angers,Vincent Pajot,29,Defensive Midfield,FC Metz,"End of loanJun 30, 2020",in,Summer,0,Ligue 1,2020,2020/2021
SCO Angers,Thomas Touré,26,Left Winger,FC Sochaux,"End of loanJun 30, 2020",in,Summer,0,Ligue 1,2020,2020/2021
SCO Angers,Baptiste Guillaume,25,Centre-Forward,Valenciennes FC,"End of loanJun 30, 2020",in,Summer,0,Ligue 1,2020,2020/2021
SCO Angers,Harrison Manzala,26,Right Winger,Le Mans FC,"End of loanJun 30, 2020",in,Summer,0,Ligue 1,2020,2020/2021
SCO Angers,Elhadji Pape Diaw,25,Centre-Back,SM Caen,"End of loanJun 30, 2020",in,Summer,0,Ligue 1,2020,2020/2021
SCO Angers,Baptiste Santamaria,25,Defensive Midfield,SC Freiburg,£9.00m,out,Summer,9,Ligue 1,2020,2020/2021
SCO Angers,Vincent Pajot,29,Defensive Midfield,FC Metz,£630Th.,out,Summer,0.63,Ligue 1,2020,2020/2021
SCO Angers,Ibrahim Cissé,24,Centre-Back,USL Dunkerque,free transfer,out,Summer,NA,Ligue 1,2020,2020/2021
SCO Angers,Baptiste Guillaume,25,Centre-Forward,Valenciennes FC,free transfer,out,Summer,NA,Ligue 1,2020,2020/2021
SCO Angers,Harrison Manzala,26,Right Winger,Kayserispor,free transfer,out,Summer,NA,Ligue 1,2020,2020/2021
SCO Angers,Anthony Mandréa,23,Goalkeeper,SO Cholet,loan transfer,out,Summer,NA,Ligue 1,2020,2020/2021
SCO Angers,Wilfried Kanga,22,Centre-Forward,Kayserispor,?,out,Summer,NA,Ligue 1,2020,2020/2021
SCO Angers,Rayan Aït Nouri,19,Left-Back,Wolves,loan transfer,out,Summer,NA,Ligue 1,2020,2020/2021
SCO Angers,Casimir Ninga,27,Left Winger,Sivasspor,loan transfer,out,Summer,NA,Ligue 1,2020,2020/2021
SCO Angers,Théo Pellenard,26,Left-Back,Without Club,-,out,Summer,0,Ligue 1,2020,2020/2021
SCO Angers,Souleyman Doumbia,23,Left-Back,Stade Rennais,"End of loanJun 30, 2020",out,Summer,0,Ligue 1,2020,2020/2021
FC Girondins Bordeaux,Alexandre Lauray,23,Centre-Back,G. Bordeaux B,-,in,Summer,0,Ligue 1,2020,2020/2021
FC Girondins Bordeaux,Dilane Bakwa,17,Left Winger,G. Bordeaux B,-,in,Summer,0,Ligue 1,2020,2020/2021
FC Girondins Bordeaux,Thomas Carrique,21,Right-Back,G. Bordeaux B,-,in,Summer,0,Ligue 1,2020,2020/2021
FC Girondins Bordeaux,Sékou Mara,17,Centre-Forward,G. Bordeaux B,-,in,Summer,0,Ligue 1,2020,2020/2021
FC Girondins Bordeaux,Loïc Bessile,21,Centre-Back,G. Bordeaux B,-,in,Summer,0,Ligue 1,2020,2020/2021
FC Girondins Bordeaux,Hatem Ben Arfa,33,Attacking Midfield,Without Club,-,in,Summer,0,Ligue 1,2020,2020/2021
FC Girondins Bordeaux,Mehdi Zerkane,20,Right Winger,G. Bordeaux B,-,in,Summer,0,Ligue 1,2020,2020/2021
FC Girondins Bordeaux,Paul Bernardoni,23,Goalkeeper,Nîmes Olympique,"End of loanJun 30, 2020",in,Summer,0,Ligue 1,2020,2020/2021
FC Girondins Bordeaux,Yassine Benrahou,21,Attacking Midfield,Nîmes Olympique,"End of loanJun 30, 2020",in,Summer,0,Ligue 1,2020,2020/2021
FC Girondins Bordeaux,Alexandre Mendy,26,Centre-Forward,Stade Brestois,"End of loanJun 30, 2020",in,Summer,0,Ligue 1,2020,2020/2021
FC Girondins Bordeaux,Over Mandanda,21,Goalkeeper,US Créteil-L,"End of loanJun 30, 2020",in,Summer,0,Ligue 1,2020,2020/2021
FC Girondins Bordeaux,Paul Bernardoni,23,Goalkeeper,SCO Angers,£6.75m,out,Summer,6.75,Ligue 1,2020,2020/2021
FC Girondins Bordeaux,François Kamano,24,Left Winger,Loko Moscow,£4.95m,out,Summer,4.95,Ligue 1,2020,2020/2021
FC Girondins Bordeaux,Yassine Benrahou,21,Attacking Midfield,Nîmes Olympique,£1.35m,out,Summer,1.35,Ligue 1,2020,2020/2021
FC Girondins Bordeaux,Aaron Boupendza,23,Centre-Forward,Hatayspor,free transfer,out,Summer,NA,Ligue 1,2020,2020/2021
FC Girondins Bordeaux,Alexandre Mendy,26,Centre-Forward,SM Caen,free transfer,out,Summer,NA,Ligue 1,2020,2020/2021
FC Girondins Bordeaux,Albert Lottin,19,Defensive Midfield,Utrecht U21,free transfer,out,Summer,NA,Ligue 1,2020,2020/2021
FC Girondins Bordeaux,Alexandre Lauray,23,Centre-Back,FC Villefranche,loan transfer,out,Summer,NA,Ligue 1,2020,2020/2021
FC Girondins Bordeaux,Thomas Carrique,21,Right-Back,Calahorra,loan transfer,out,Summer,NA,Ligue 1,2020,2020/2021
FC Girondins Bordeaux,Rubén Pardo,27,Central Midfield,CD Leganés,loan transfer,out,Summer,NA,Ligue 1,2020,2020/2021
FC Girondins Bordeaux,Youssef Aït Bennasser,23,Central Midfield,Monaco,"End of loanJun 30, 2020",out,Summer,0,Ligue 1,2020,2020/2021
FC Nantes,Moses Simon,24,Left Winger,Levante,£4.50m,in,Summer,4.5,Ligue 1,2020,2020/2021
FC Nantes,Jean-Kévin Augustin,23,Centre-Forward,RB Leipzig,free transfer,in,Summer,NA,Ligue 1,2020,2020/2021
FC Nantes,Jean-Charles Castelletto,25,Centre-Back,Stade Brestois,free transfer,in,Summer,NA,Ligue 1,2020,2020/2021
FC Nantes,Pedro Chirivella,23,Defensive Midfield,Liverpool U23,free transfer,in,Summer,NA,Ligue 1,2020,2020/2021
FC Nantes,Charly Jan,21,Goalkeeper,FC Nantes B,-,in,Summer,0,Ligue 1,2020,2020/2021
FC Nantes,Sébastien Corchia,29,Right-Back,Without Club,-,in,Summer,0,Ligue 1,2020,2020/2021
FC Nantes,Abou Ba,21,Defensive Midfield,Aris Saloniki,"End of loanJun 30, 2020",in,Summer,0,Ligue 1,2020,2020/2021
FC Nantes,Lucas Evangelista,25,Central Midfield,Vit. Guimarães,"End of loanJun 30, 2020",in,Summer,0,Ligue 1,2020,2020/2021
FC Nantes,Randal Kolo Muani,21,Centre-Forward,US Boulogne,"End of loanJun 30, 2020",in,Summer,0,Ligue 1,2020,2020/2021
FC Nantes,Maxime Dupé,27,Goalkeeper,Clermont Foot,"End of loanJun 30, 2020",in,Summer,0,Ligue 1,2020,2020/2021
FC Nantes,Quentin Braat,22,Goalkeeper,Chamois Niort,"End of loanJun 30, 2020",in,Summer,0,Ligue 1,2020,2020/2021
FC Nantes,Maxime Dupé,27,Goalkeeper,Toulouse,£450Th.,out,Summer,0.45,Ligue 1,2020,2020/2021
FC Nantes,Élie Youan,21,Left Winger,FC St. Gallen,loan transfer,out,Summer,NA,Ligue 1,2020,2020/2021
FC Nantes,Molla Wagué,29,Centre-Back,Amiens SC,loan transfer,out,Summer,NA,Ligue 1,2020,2020/2021
FC Nantes,Alexandre Olliero,24,Goalkeeper,Pau FC,loan transfer,out,Summer,NA,Ligue 1,2020,2020/2021
FC Nantes,Josué Homawoo,22,Centre-Back,Lorient B,?,out,Summer,NA,Ligue 1,2020,2020/2021
FC Nantes,Quentin Braat,23,Goalkeeper,Chamois Niort,?,out,Summer,NA,Ligue 1,2020,2020/2021
FC Nantes,Samuel Moutoussamy,24,Central Midfield,Fortuna Sittard,loan transfer,out,Summer,NA,Ligue 1,2020,2020/2021
FC Nantes,Lucas Evangelista,25,Central Midfield,RB Bragantino,loan transfer,out,Summer,NA,Ligue 1,2020,2020/2021
FC Nantes,Abou Ba,21,Defensive Midfield,FC Nantes B,-,out,Summer,0,Ligue 1,2020,2020/2021
FC Nantes,Rene Krhin,30,Central Midfield,Without Club,-,out,Summer,0,Ligue 1,2020,2020/2021
FC Nantes,Moses Simon,24,Left Winger,Levante,"End of loanJun 30, 2020",out,Summer,0,Ligue 1,2020,2020/2021
FC Nantes,Cristian Benavente,26,Attacking Midfield,Pyramids FC,"End of loanJun 30, 2020",out,Summer,0,Ligue 1,2020,2020/2021
Stade Brestois 29,Franck Honorat,23,Right Winger,Saint-Étienne,£4.50m,in,Summer,4.5,Ligue 1,2020,2020/2021
Stade Brestois 29,Steve Mounié,25,Centre-Forward,Huddersfield,£4.50m,in,Summer,4.5,Ligue 1,2020,2020/2021
Stade Brestois 29,Christophe Hérelle,27,Centre-Back,OGC Nice,£3.60m,in,Summer,3.6,Ligue 1,2020,2020/2021
Stade Brestois 29,Heriberto Tavares,23,Right Winger,Benfica B,£1.08m,in,Summer,1.08,Ligue 1,2020,2020/2021
Stade Brestois 29,Romain Philippoteaux,32,Left Winger,Nîmes Olympique,£450Th.,in,Summer,0.45,Ligue 1,2020,2020/2021
Stade Brestois 29,Romain Faivre,21,Left Midfield,Monaco B,£360Th.,in,Summer,0.36,Ligue 1,2020,2020/2021
Stade Brestois 29,Jérémy Le Douaron,22,Centre-Forward,Stade Briochin,free transfer,in,Summer,NA,Ligue 1,2020,2020/2021
Stade Brestois 29,Lilian Brassier,20,Centre-Back,Stade Rennais,loan transfer,in,Summer,NA,Ligue 1,2020,2020/2021
Stade Brestois 29,Ronaël Pierre-Gabriel,22,Right-Back,1.FSV Mainz 05,loan transfer,in,Summer,NA,Ligue 1,2020,2020/2021
Stade Brestois 29,Rafiki Saïd,20,Centre-Forward,Brest B,-,in,Summer,0,Ligue 1,2020,2020/2021
Stade Brestois 29,Idrissa Dioh,21,Defensive Midfield,Brest B,-,in,Summer,0,Ligue 1,2020,2020/2021
Stade Brestois 29,Guillaume Buon,22,Centre-Back,US Avranches,"End of loanJun 30, 2020",in,Summer,0,Ligue 1,2020,2020/2021
Stade Brestois 29,Derick Osei Yaw,21,Centre-Forward,AS Béziers,"End of loanJun 30, 2020",in,Summer,0,Ligue 1,2020,2020/2021
Stade Brestois 29,Ibrahima Diallo,21,Defensive Midfield,Southampton,£10.80m,out,Summer,10.8,Ligue 1,2020,2020/2021
Stade Brestois 29,Mathias Autret,29,Attacking Midfield,AJ Auxerre,free transfer,out,Summer,NA,Ligue 1,2020,2020/2021
Stade Brestois 29,Jean-Charles Castelletto,25,Centre-Back,FC Nantes,free transfer,out,Summer,NA,Ligue 1,2020,2020/2021
Stade Brestois 29,Gaëtan Belaud,33,Right-Back,Paris FC,free transfer,out,Summer,NA,Ligue 1,2020,2020/2021
Stade Brestois 29,Yoann Court,30,Left Midfield,SM Caen,free transfer,out,Summer,NA,Ligue 1,2020,2020/2021
Stade Brestois 29,Kevin Mayi,27,Centre-Forward,Ümraniyespor,free transfer,out,Summer,NA,Ligue 1,2020,2020/2021
Stade Brestois 29,Donovan Léon,27,Goalkeeper,AJ Auxerre,free transfer,out,Summer,NA,Ligue 1,2020,2020/2021
Stade Brestois 29,Derick Osei Yaw,21,Centre-Forward,Oxford United,free transfer,out,Summer,NA,Ligue 1,2020,2020/2021
Stade Brestois 29,David Kiki,26,Left-Back,Montana,free transfer,out,Summer,NA,Ligue 1,2020,2020/2021
Stade Brestois 29,Guillaume Buon,22,Centre-Back,Bastia-Borgo,loan transfer,out,Summer,NA,Ligue 1,2020,2020/2021
Stade Brestois 29,Alexandre Mendy,26,Centre-Forward,G. Bordeaux,"End of loanJun 30, 2020",out,Summer,0,Ligue 1,2020,2020/2021
Stade Brestois 29,Samuel Grandsir,23,Right Winger,Monaco,"End of loanJun 30, 2020",out,Summer,0,Ligue 1,2020,2020/2021
FC Metz,Kévin N'Doram,24,Defensive Midfield,Monaco,£4.05m,in,Summer,4.05,Ligue 1,2020,2020/2021
FC Metz,Kiki Kouyaté,23,Centre-Back,Troyes,£3.15m,in,Summer,3.15,Ligue 1,2020,2020/2021
FC Metz,Vagner,24,Right Winger,Saint-Étienne,£2.70m,in,Summer,2.7,Ligue 1,2020,2020/2021
FC Metz,Thierry Ambrose,23,Centre-Forward,Man City U23,£1.80m,in,Summer,1.8,Ligue 1,2020,2020/2021
FC Metz,Warren Tchimbembé,22,Right Midfield,Troyes,£900Th.,in,Summer,0.9,Ligue 1,2020,2020/2021
FC Metz,Vincent Pajot,29,Defensive Midfield,SCO Angers,£630Th.,in,Summer,0.63,Ligue 1,2020,2020/2021
FC Metz,Marc-Aurèle Caillard,26,Goalkeeper,Guingamp,free transfer,in,Summer,NA,Ligue 1,2020,2020/2021
FC Metz,Aaron Leya Iseka,22,Centre-Forward,Toulouse,loan transfer,in,Summer,NA,Ligue 1,2020,2020/2021
FC Metz,Lamine Gueye,22,Right Winger,Génération Foot,?,in,Summer,NA,Ligue 1,2020,2020/2021
FC Metz,Pape Sarr,18,Defensive Midfield,Génération Foot,?,in,Summer,NA,Ligue 1,2020,2020/2021
FC Metz,Lenny Lacroix,17,Centre-Back,FC Metz B,-,in,Summer,0,Ligue 1,2020,2020/2021
FC Metz,Georges Mikautadze,19,Centre-Forward,FC Metz B,-,in,Summer,0,Ligue 1,2020,2020/2021
FC Metz,Youssef Maziz,22,Attacking Midfield,FC Metz B,-,in,Summer,0,Ligue 1,2020,2020/2021
FC Metz,Leverton Pierre,22,Defensive Midfield,FC Metz B,-,in,Summer,0,Ligue 1,2020,2020/2021
FC Metz,Gerónimo Poblete,27,Defensive Midfield,San Lorenzo,"End of loanJun 30, 2020",in,Summer,0,Ligue 1,2020,2020/2021
FC Metz,Amadou Ndiaye,21,Centre-Forward,RFC Seraing,"End of loanJun 30, 2021",in,Summer,0,Ligue 1,2020,2020/2021
FC Metz,Amadou Ndiaye,20,Centre-Forward,FC Sochaux,"End of loanJun 30, 2020",in,Summer,0,Ligue 1,2020,2020/2021
FC Metz,Ablie Jallow,21,Right Winger,AC Ajaccio,"End of loanJun 30, 2020",in,Summer,0,Ligue 1,2020,2020/2021
FC Metz,Raouf Mroivili,21,Central Midfield,RFC Seraing,"End of loanJun 30, 2020",in,Summer,0,Ligue 1,2020,2020/2021
FC Metz,Cheikh Sabaly,21,Left Winger,Pau FC,"End of loanJun 30, 2020",in,Summer,0,Ligue 1,2020,2020/2021
FC Metz,Laurent Jans,27,Right-Back,SC Paderborn,"End of loanJun 30, 2020",in,Summer,0,Ligue 1,2020,2020/2021
FC Metz,Gauthier Hein,23,Right Winger,Valenciennes FC,"End of loanJun 30, 2020",in,Summer,0,Ligue 1,2020,2020/2021
FC Metz,Vincent Thill,20,Attacking Midfield,US Orléans,"End of loanJun 30, 2020",in,Summer,0,Ligue 1,2020,2020/2021
FC Metz,Habib Diallo,25,Centre-Forward,R. Strasbourg,£9.00m,out,Summer,9,Ligue 1,2020,2020/2021
FC Metz,Gerónimo Poblete,27,Defensive Midfield,La Serena,free transfer,out,Summer,NA,Ligue 1,2020,2020/2021
FC Metz,Laurent Jans,28,Right-Back,Standard Liège,free transfer,out,Summer,NA,Ligue 1,2020,2020/2021
FC Metz,Georges Mikautadze,19,Centre-Forward,RFC Seraing,loan transfer,out,Summer,NA,Ligue 1,2020,2020/2021
FC Metz,Guillaume Dietsch,19,Goalkeeper,RFC Seraing,loan transfer,out,Summer,NA,Ligue 1,2020,2020/2021
FC Metz,Sami Lahssaini,21,Central Midfield,RFC Seraing,loan transfer,out,Summer,NA,Ligue 1,2020,2020/2021
FC Metz,Cheikh Sabaly,21,Left Winger,Pau FC,loan transfer,out,Summer,NA,Ligue 1,2020,2020/2021
FC Metz,Gauthier Hein,23,Right Winger,AJ Auxerre,?,out,Summer,NA,Ligue 1,2020,2020/2021
FC Metz,Leverton Pierre,22,Defensive Midfield,USL Dunkerque,?,out,Summer,NA,Ligue 1,2020,2020/2021
FC Metz,Marvin Gakpa,26,Central Midfield,Paris FC,?,out,Summer,NA,Ligue 1,2020,2020/2021
FC Metz,Vincent Thill,20,Attacking Midfield,Nacional,?,out,Summer,NA,Ligue 1,2020,2020/2021
FC Metz,Ablie Jallow,21,Right Winger,RFC Seraing,loan transfer,out,Summer,NA,Ligue 1,2020,2020/2021
FC Metz,Renaud Cohade,35,Central Midfield,Retired,-,out,Summer,0,Ligue 1,2020,2020/2021
FC Metz,Raouf Mroivili,21,Central Midfield,Without Club,-,out,Summer,0,Ligue 1,2020,2020/2021
FC Metz,Vincent Pajot,29,Defensive Midfield,SCO Angers,"End of loanJun 30, 2020",out,Summer,0,Ligue 1,2020,2020/2021
FC Metz,Adama Traoré,25,Central Midfield,Monaco,"End of loanJun 30, 2020",out,Summer,0,Ligue 1,2020,2020/2021
FC Metz,Thierry Ambrose,23,Centre-Forward,Man City U23,"End of loanJun 30, 2020",out,Summer,0,Ligue 1,2020,2020/2021
FC Metz,Kévin N'Doram,24,Defensive Midfield,Monaco,"End of loanJun 30, 2020",out,Summer,0,Ligue 1,2020,2020/2021
Dijon FCO,Roger Assalé,26,Centre-Forward,BSC Young Boys,£3.60m,in,Summer,3.6,Ligue 1,2020,2020/2021
Dijon FCO,Jonathan Panzo,19,Centre-Back,Monaco B,£3.06m,in,Summer,3.06,Ligue 1,2020,2020/2021
Dijon FCO,Bersant Celina,24,Attacking Midfield,Swansea,£2.70m,in,Summer,2.7,Ligue 1,2020,2020/2021
Dijon FCO,Moussa Konaté,27,Centre-Forward,Amiens SC,£2.16m,in,Summer,2.16,Ligue 1,2020,2020/2021
Dijon FCO,Saturnin Allagbé,26,Goalkeeper,Chamois Niort,£1.80m,in,Summer,1.8,Ligue 1,2020,2020/2021
Dijon FCO,Alexandru Dobre,21,Left Winger,Bournemouth U21,£900Th.,in,Summer,0.9,Ligue 1,2020,2020/2021
Dijon FCO,Anthony Racioppi,21,Goalkeeper,Olympique Lyon,free transfer,in,Summer,NA,Ligue 1,2020,2020/2021
Dijon FCO,Junior Dina Ebimbe,19,Central Midfield,Paris SG,loan transfer,in,Summer,NA,Ligue 1,2020,2020/2021
Dijon FCO,Sacha Boey,20,Right-Back,Stade Rennais,loan transfer,in,Summer,NA,Ligue 1,2020,2020/2021
Dijon FCO,Aníbal Chalá,24,Left-Back,Toluca,loan transfer,in,Summer,NA,Ligue 1,2020,2020/2021
Dijon FCO,Pape Cheikh,22,Central Midfield,Olympique Lyon,loan transfer,in,Summer,NA,Ligue 1,2020,2020/2021
Dijon FCO,Arthur Zagre,19,Left-Back,Monaco,loan transfer,in,Summer,NA,Ligue 1,2020,2020/2021
Dijon FCO,Ahmad Ngouyamsa,19,Right-Back,FCO Dijon B,-,in,Summer,0,Ligue 1,2020,2020/2021
Dijon FCO,Wilitty Younoussa,18,Defensive Midfield,FCO Dijon B,-,in,Summer,0,Ligue 1,2020,2020/2021
Dijon FCO,Rayan Philippe,19,Centre-Forward,FCO Dijon B,-,in,Summer,0,Ligue 1,2020,2020/2021
Dijon FCO,Aurélien Scheidler,22,Centre-Forward,US Orléans,"End of loanJun 30, 2020",in,Summer,0,Ligue 1,2020,2020/2021
Dijon FCO,Enzo Loiodice,19,Central Midfield,Wolves U23,"End of loanJun 30, 2020",in,Summer,0,Ligue 1,2020,2020/2021
Dijon FCO,Alfred Gomis,27,Goalkeeper,Stade Rennais,£9.00m,out,Summer,9,Ligue 1,2020,2020/2021
Dijon FCO,Nayef Aguerd,24,Centre-Back,Stade Rennais,£3.60m,out,Summer,3.6,Ligue 1,2020,2020/2021
Dijon FCO,Rúnar Alex Rúnarsson,25,Goalkeeper,Arsenal,£1.80m,out,Summer,1.8,Ligue 1,2020,2020/2021
Dijon FCO,Julio Tavarès,31,Centre-Forward,Faisaly,£900Th.,out,Summer,0.9,Ligue 1,2020,2020/2021
Dijon FCO,Enzo Loiodice,19,Central Midfield,UD Las Palmas,free transfer,out,Summer,NA,Ligue 1,2020,2020/2021
Dijon FCO,Théo Barbet,19,Centre-Back,Bastia-Borgo,loan transfer,out,Summer,NA,Ligue 1,2020,2020/2021
Dijon FCO,Bryan Soumaré,21,Attacking Midfield,FC Sochaux,loan transfer,out,Summer,NA,Ligue 1,2020,2020/2021
Dijon FCO,Mickaël Alphonse,31,Right-Back,Amiens SC,?,out,Summer,NA,Ligue 1,2020,2020/2021
Dijon FCO,Romain Amalfitano,31,Central Midfield,Faisaly,?,out,Summer,NA,Ligue 1,2020,2020/2021
Dijon FCO,Rayan Philippe,19,Centre-Forward,AS Nancy,loan transfer,out,Summer,NA,Ligue 1,2020,2020/2021
Dijon FCO,Florent Balmont,40,Central Midfield,Retired,-,out,Summer,0,Ligue 1,2020,2020/2021
Dijon FCO,Hamza Mendyl,22,Left-Back,FC Schalke 04,"End of loanJun 30, 2020",out,Summer,0,Ligue 1,2020,2020/2021
Dijon FCO,Jhonder Cádiz,24,Centre-Forward,Benfica,"End of loanJun 30, 2020",out,Summer,0,Ligue 1,2020,2020/2021
Dijon FCO,Stephy Mavididi,22,Left Winger,Juventus U23,"End of loanJun 30, 2020",out,Summer,0,Ligue 1,2020,2020/2021
AS Saint-Étienne,Timothée Kolodziejczak,28,Centre-Back,Tigres UANL,£4.05m,in,Summer,4.05,Ligue 1,2020,2020/2021
AS Saint-Étienne,Adil Aouchiche,18,Attacking Midfield,Paris SG,free transfer,in,Summer,NA,Ligue 1,2020,2020/2021
AS Saint-Étienne,Jean-Philippe Krasso,22,Centre-Forward,SAS Epinal,free transfer,in,Summer,NA,Ligue 1,2020,2020/2021
AS Saint-Étienne,Panagiotis Retsos,22,Centre-Back,Bay. Leverkusen,loan transfer,in,Summer,NA,Ligue 1,2020,2020/2021
AS Saint-Étienne,Yvan Neyou,23,Defensive Midfield,Braga B,loan transfer,in,Summer,NA,Ligue 1,2020,2020/2021
AS Saint-Étienne,Saïdou Sow,17,Centre-Back,St-Étienne U19,-,in,Summer,0,Ligue 1,2020,2020/2021
AS Saint-Étienne,Lucas Gourna-Douath,16,Defensive Midfield,Saint-Étienne B,-,in,Summer,0,Ligue 1,2020,2020/2021
AS Saint-Étienne,Maxence Rivera,18,Right Winger,Saint-Étienne B,-,in,Summer,0,Ligue 1,2020,2020/2021
AS Saint-Étienne,Aimen Moueffek,19,Central Midfield,Saint-Étienne B,-,in,Summer,0,Ligue 1,2020,2020/2021
AS Saint-Étienne,Lamine Ghezali,20,Right Winger,Saint-Étienne B,-,in,Summer,0,Ligue 1,2020,2020/2021
AS Saint-Étienne,Mickaël Nade,21,Centre-Back,Saint-Étienne B,-,in,Summer,0,Ligue 1,2020,2020/2021
AS Saint-Étienne,Alexis Guendouz,24,Goalkeeper,Pau FC,"End of loanJun 30, 2020",in,Summer,0,Ligue 1,2020,2020/2021
AS Saint-Étienne,Oussama Tannane,26,Attacking Midfield,Vitesse,"End of loanJun 30, 2020",in,Summer,0,Ligue 1,2020,2020/2021
AS Saint-Étienne,Vagner,24,Right Winger,AS Nancy,"End of loanJun 30, 2020",in,Summer,0,Ligue 1,2020,2020/2021
AS Saint-Étienne,Makhtar Gueye,22,Centre-Forward,AS Nancy,"End of loanJun 30, 2020",in,Summer,0,Ligue 1,2020,2020/2021
AS Saint-Étienne,Rayan Souici,22,Defensive Midfield,Servette FC,"End of loanJun 30, 2020",in,Summer,0,Ligue 1,2020,2020/2021
AS Saint-Étienne,Alpha Sissoko,23,Right-Back,Le Puy Foot,"End of loanJun 30, 2020",in,Summer,0,Ligue 1,2020,2020/2021
AS Saint-Étienne,Harold Moukoudi,22,Centre-Back,Middlesbrough,"End of loanJun 30, 2020",in,Summer,0,Ligue 1,2020,2020/2021
AS Saint-Étienne,Alexandros Katranis,22,Left-Back,Atromitos Athen,"End of loanJul 31, 2020",in,Summer,0,Ligue 1,2020,2020/2021
AS Saint-Étienne,Wesley Fofana,19,Centre-Back,Leicester,£31.50m,out,Summer,31.5,Ligue 1,2020,2020/2021
AS Saint-Étienne,Franck Honorat,23,Right Winger,Stade Brestois,£4.50m,out,Summer,4.5,Ligue 1,2020,2020/2021
AS Saint-Étienne,Vagner,24,Right Winger,FC Metz,£2.70m,out,Summer,2.7,Ligue 1,2020,2020/2021
AS Saint-Étienne,Makhtar Gueye,22,Centre-Forward,KV Oostende,£900Th.,out,Summer,0.9,Ligue 1,2020,2020/2021
AS Saint-Étienne,Alexis Guendouz,24,Goalkeeper,USM Alger,£90Th.,out,Summer,0.09,Ligue 1,2020,2020/2021
AS Saint-Étienne,Yann M'Vila,30,Defensive Midfield,Olympiacos,free transfer,out,Summer,NA,Ligue 1,2020,2020/2021
AS Saint-Étienne,Loïs Diony,27,Centre-Forward,SCO Angers,free transfer,out,Summer,NA,Ligue 1,2020,2020/2021
AS Saint-Étienne,Théo Vermot,23,Goalkeeper,US Orléans,free transfer,out,Summer,NA,Ligue 1,2020,2020/2021
AS Saint-Étienne,Oussama Tannane,26,Attacking Midfield,Vitesse,free transfer,out,Summer,NA,Ligue 1,2020,2020/2021
AS Saint-Étienne,Lamine Ghezali,21,Right Winger,SC Lyon,loan transfer,out,Summer,NA,Ligue 1,2020,2020/2021
AS Saint-Étienne,Mickaël Nade,21,Centre-Back,Quevilly Rouen,loan transfer,out,Summer,NA,Ligue 1,2020,2020/2021
AS Saint-Étienne,Alexandros Katranis,22,Left-Back,Hatayspor,loan transfer,out,Summer,NA,Ligue 1,2020,2020/2021
AS Saint-Étienne,Sergi Palencia,24,Right-Back,CD Leganés,loan transfer,out,Summer,NA,Ligue 1,2020,2020/2021
AS Saint-Étienne,Assane Dioussé,22,Defensive Midfield,Ankaragücü,loan transfer,out,Summer,NA,Ligue 1,2020,2020/2021
AS Saint-Étienne,Loïc Perrin,34,Centre-Back,Retired,-,out,Summer,0,Ligue 1,2020,2020/2021
AS Saint-Étienne,Yohan Cabaye,34,Central Midfield,Without Club,-,out,Summer,0,Ligue 1,2020,2020/2021
AS Saint-Étienne,Léo Lacroix,28,Centre-Back,Without Club,-,out,Summer,0,Ligue 1,2020,2020/2021
AS Saint-Étienne,William Saliba,19,Centre-Back,Arsenal,"End of loanJun 30, 2020",out,Summer,0,Ligue 1,2020,2020/2021
AS Saint-Étienne,Jean-Eudes Aholou,26,Defensive Midfield,Monaco,"End of loanJun 30, 2020",out,Summer,0,Ligue 1,2020,2020/2021
AS Saint-Étienne,Timothée Kolodziejczak,28,Centre-Back,Tigres UANL,"End of loanJun 30, 2020",out,Summer,0,Ligue 1,2020,2020/2021
Nîmes Olympique,Niclas Eliasson,24,Left Midfield,Bristol City,£2.70m,in,Summer,2.7,Ligue 1,2020,2020/2021
Nîmes Olympique,Andrés Cubas,24,Defensive Midfield,CA Talleres,£2.61m,in,Summer,2.61,Ligue 1,2020,2020/2021
Nîmes Olympique,Yassine Benrahou,21,Attacking Midfield,G. Bordeaux,£1.35m,in,Summer,1.35,Ligue 1,2020,2020/2021
Nîmes Olympique,Patrick Burner,24,Right-Back,OGC Nice,£1.35m,in,Summer,1.35,Ligue 1,2020,2020/2021
Nîmes Olympique,Birger Meling,25,Left-Back,Rosenborg,£900Th.,in,Summer,0.9,Ligue 1,2020,2020/2021
Nîmes Olympique,Karim Aribi,26,Centre-Forward,ES Sahel,£900Th.,in,Summer,0.9,Ligue 1,2020,2020/2021
Nîmes Olympique,Baptiste Reynet,29,Goalkeeper,Toulouse,£315Th.,in,Summer,0.315,Ligue 1,2020,2020/2021
Nîmes Olympique,Mattéo Ahlinvi,20,Central Midfield,Nîmes B,-,in,Summer,0,Ligue 1,2020,2020/2021
Nîmes Olympique,Amjhad Nazih,18,Goalkeeper,Nîmes B,-,in,Summer,0,Ligue 1,2020,2020/2021
Nîmes Olympique,Théo Sainte-Luce,21,Left-Back,G. Ajaccio,"End of loanJun 30, 2020",in,Summer,0,Ligue 1,2020,2020/2021
Nîmes Olympique,Romain Philippoteaux,32,Left Winger,Stade Brestois,£450Th.,out,Summer,0.45,Ligue 1,2020,2020/2021
Nîmes Olympique,Théo Valls,24,Central Midfield,Servette FC,free transfer,out,Summer,NA,Ligue 1,2020,2020/2021
Nîmes Olympique,Théo Sainte-Luce,21,Left-Back,Red Star FC,loan transfer,out,Summer,NA,Ligue 1,2020,2020/2021
Nîmes Olympique,Vlatko Stojanovski,23,Centre-Forward,FC Chambly,loan transfer,out,Summer,NA,Ligue 1,2020,2020/2021
Nîmes Olympique,Paul Bernardoni,23,Goalkeeper,G. Bordeaux,"End of loanJun 30, 2020",out,Summer,0,Ligue 1,2020,2020/2021
Nîmes Olympique,Yassine Benrahou,21,Attacking Midfield,G. Bordeaux,"End of loanJun 30, 2020",out,Summer,0,Ligue 1,2020,2020/2021
FC Lorient,Adrian Grbic,23,Centre-Forward,Clermont Foot,£8.10m,in,Summer,8.1,Ligue 1,2020,2020/2021
FC Lorient,Terem Moffi,21,Centre-Forward,KV Kortrijk,£7.20m,in,Summer,7.2,Ligue 1,2020,2020/2021
FC Lorient,Armand Laurienté,21,Right Winger,Stade Rennais,£2.70m,in,Summer,2.7,Ligue 1,2020,2020/2021
FC Lorient,Stéphane Diarra,21,Right Winger,Le Mans FC,£2.25m,in,Summer,2.25,Ligue 1,2020,2020/2021
FC Lorient,Quentin Boisgard,23,Attacking Midfield,Toulouse,£1.80m,in,Summer,1.8,Ligue 1,2020,2020/2021
FC Lorient,Thomas Monconduit,29,Defensive Midfield,Amiens SC,£1.80m,in,Summer,1.8,Ligue 1,2020,2020/2021
FC Lorient,Matthieu Dreyer,31,Goalkeeper,Amiens SC,free transfer,in,Summer,NA,Ligue 1,2020,2020/2021
FC Lorient,Jérémy Morel,36,Centre-Back,Stade Rennais,free transfer,in,Summer,NA,Ligue 1,2020,2020/2021
FC Lorient,Thomas Callens,22,Goalkeeper,SM Caen,free transfer,in,Summer,NA,Ligue 1,2020,2020/2021
FC Lorient,Trevoh Chalobah,21,Centre-Back,Chelsea U23,loan transfer,in,Summer,NA,Ligue 1,2020,2020/2021
FC Lorient,Andreaw Gravillon,22,Centre-Back,Inter,loan transfer,in,Summer,NA,Ligue 1,2020,2020/2021
FC Lorient,Samuel Loric,19,Left-Back,Lorient B,-,in,Summer,0,Ligue 1,2020,2020/2021
FC Lorient,Teddy Bartouche,23,Goalkeeper,Lorient B,-,in,Summer,0,Ligue 1,2020,2020/2021
FC Lorient,Peter Ouaneh,22,Centre-Back,Le Puy Foot,"End of loanJun 30, 2020",in,Summer,0,Ligue 1,2020,2020/2021
FC Lorient,Mohamed Mara,23,Left Winger,Paris FC,"End of loanJun 30, 2020",in,Summer,0,Ligue 1,2020,2020/2021
FC Lorient,Mamadou Kamissoko,27,Centre-Back,Pau FC,"End of loanJun 30, 2020",in,Summer,0,Ligue 1,2020,2020/2021
FC Lorient,Wilfried Ebane,28,Left-Back,USL Dunkerque,"End of loanJun 30, 2020",in,Summer,0,Ligue 1,2020,2020/2021
FC Lorient,Illan Meslier,20,Goalkeeper,Leeds,"End of loanJul 23, 2020",in,Summer,0,Ligue 1,2020,2020/2021
FC Lorient,Gaëtan Courtet,31,Centre-Forward,AC Ajaccio,"End of loanJun 30, 2020",in,Summer,0,Ligue 1,2020,2020/2021
FC Lorient,Moussa Guel,21,Right Midfield,Quevilly Rouen,"End of loanJun 30, 2020",in,Summer,0,Ligue 1,2020,2020/2021
FC Lorient,Illan Meslier,20,Goalkeeper,Leeds,£5.85m,out,Summer,5.85,Ligue 1,2020,2020/2021
FC Lorient,Mamadou Kamissoko,27,Centre-Back,Pau FC,free transfer,out,Summer,NA,Ligue 1,2020,2020/2021
FC Lorient,Maxime Etuin,24,Central Midfield,Le Mans FC,free transfer,out,Summer,NA,Ligue 1,2020,2020/2021
FC Lorient,Romain Cagnon,23,Goalkeeper,US Créteil-L,free transfer,out,Summer,NA,Ligue 1,2020,2020/2021
FC Lorient,Mohamed Mara,23,Left Winger,Thonon Évian,free transfer,out,Summer,NA,Ligue 1,2020,2020/2021
FC Lorient,Jimmy Cabot,26,Right Midfield,SCO Angers,free transfer,out,Summer,NA,Ligue 1,2020,2020/2021
FC Lorient,Joris Sainati,32,Centre-Back,AC Ajaccio,free transfer,out,Summer,NA,Ligue 1,2020,2020/2021
FC Lorient,Samuel Loric,19,Left-Back,US Avranches,loan transfer,out,Summer,NA,Ligue 1,2020,2020/2021
FC Lorient,Maxime Pattier,24,Goalkeeper,Stade Briochin,loan transfer,out,Summer,NA,Ligue 1,2020,2020/2021
FC Lorient,Quentin Lecoeuche,26,Left-Back,AC Ajaccio,loan transfer,out,Summer,NA,Ligue 1,2020,2020/2021
FC Lorient,Julien Ponceau,19,Attacking Midfield,Rodez AF,loan transfer,out,Summer,NA,Ligue 1,2020,2020/2021
FC Lorient,Peter Ouaneh,22,Centre-Back,Concarneau,?,out,Summer,NA,Ligue 1,2020,2020/2021
FC Lorient,Gaëtan Courtet,31,Centre-Forward,AC Ajaccio,?,out,Summer,NA,Ligue 1,2020,2020/2021
FC Lorient,Moussa Guel,21,Right Midfield,Valenciennes FC,?,out,Summer,NA,Ligue 1,2020,2020/2021
FC Lorient,Wilfried Ebane,28,Left-Back,Without Club,-,out,Summer,0,Ligue 1,2020,2020/2021
FC Lorient,Jonathan Martins Pereira,34,Right-Back,Retired,-,out,Summer,0,Ligue 1,2020,2020/2021
FC Lorient,Armand Laurienté,21,Right Winger,Stade Rennais,"End of loanJun 30, 2020",out,Summer,0,Ligue 1,2020,2020/2021
FC Lorient,Yann Kitala,22,Centre-Forward,Olymp. Lyon B,"End of loanJun 30, 2020",out,Summer,0,Ligue 1,2020,2020/2021
RC Lens,Seko Fofana,25,Central Midfield,Udinese Calcio,£7.65m,in,Summer,7.65,Ligue 1,2020,2020/2021
RC Lens,Ignatius Ganago,21,Centre-Forward,OGC Nice,£5.40m,in,Summer,5.4,Ligue 1,2020,2020/2021
RC Lens,Facundo Medina,21,Centre-Back,CA Talleres,£3.15m,in,Summer,3.15,Ligue 1,2020,2020/2021
RC Lens,Corentin Jean,24,Centre-Forward,Toulouse,£900Th.,in,Summer,0.9,Ligue 1,2020,2020/2021
RC Lens,Loïc Badé,20,Centre-Back,AC Le Havre,free transfer,in,Summer,NA,Ligue 1,2020,2020/2021
RC Lens,Jonathan Clauss,27,Right Midfield,Arm. Bielefeld,free transfer,in,Summer,NA,Ligue 1,2020,2020/2021
RC Lens,Issiaga Sylla,26,Left-Back,Toulouse,loan transfer,in,Summer,NA,Ligue 1,2020,2020/2021
RC Lens,Gaël Kakuta,29,Attacking Midfield,Amiens SC,loan transfer,in,Summer,NA,Ligue 1,2020,2020/2021
RC Lens,Wuilker Fariñez,22,Goalkeeper,Millonarios,loan transfer,in,Summer,NA,Ligue 1,2020,2020/2021
RC Lens,Arnaud Kalimuendo,18,Centre-Forward,Paris SG,loan transfer,in,Summer,NA,Ligue 1,2020,2020/2021
RC Lens,Tom Ducrocq,20,Defensive Midfield,RC Lens B,-,in,Summer,0,Ligue 1,2020,2020/2021
RC Lens,David Costa,19,Attacking Midfield,RC Lens B,-,in,Summer,0,Ligue 1,2020,2020/2021
RC Lens,Adam Oudjani,18,Attacking Midfield,RC Lens B,-,in,Summer,0,Ligue 1,2020,2020/2021
RC Lens,Arial Mendy,25,Left-Back,US Orléans,"End of loanJun 30, 2020",in,Summer,0,Ligue 1,2020,2020/2021
RC Lens,Cyrille Bayala,24,Right Winger,AC Ajaccio,"End of loanJun 30, 2020",in,Summer,0,Ligue 1,2020,2020/2021
RC Lens,Arial Mendy,25,Left-Back,Servette FC,free transfer,out,Summer,NA,Ligue 1,2020,2020/2021
RC Lens,Guillaume Gillet,36,Defensive Midfield,RSC Charleroi,free transfer,out,Summer,NA,Ligue 1,2020,2020/2021
RC Lens,Tom Ducrocq,20,Defensive Midfield,SC Bastia,loan transfer,out,Summer,NA,Ligue 1,2020,2020/2021
RC Lens,Thomas Vincensini,26,Goalkeeper,SC Bastia,loan transfer,out,Summer,NA,Ligue 1,2020,2020/2021
RC Lens,Gaëtan Robail,26,Left Winger,Guingamp,loan transfer,out,Summer,NA,Ligue 1,2020,2020/2021
RC Lens,Jules Keita,22,Left Winger,CSKA-Sofia,loan transfer,out,Summer,NA,Ligue 1,2020,2020/2021
RC Lens,Manuel Perez,29,Defensive Midfield,Grenoble,?,out,Summer,NA,Ligue 1,2020,2020/2021
RC Lens,Mouaad Madri,30,Centre-Forward,Without Club,-,out,Summer,0,Ligue 1,2020,2020/2021
RC Lens,Vítor Costa,25,Left-Back,Inter de Lages,"End of loanJun 30, 2020",out,Summer,0,Ligue 1,2020,2020/2021
RC Lens,Corentin Jean,24,Centre-Forward,Toulouse,"End of loanJun 30, 2020",out,Summer,0,Ligue 1,2020,2020/2021
Paris Saint-Germain,Marcin Bulka,21,Goalkeeper,FC Cartagena,"End of loanJan 30, 2021",in,Winter,0,Ligue 1,2020,2020/2021
Paris Saint-Germain,Bandiougou Fadiga,20,Attacking Midfield,Stade Brestois,loan transfer,out,Winter,NA,Ligue 1,2020,2020/2021
Paris Saint-Germain,Marcin Bulka,21,Goalkeeper,LB Châteauroux,loan transfer,out,Winter,NA,Ligue 1,2020,2020/2021
Paris Saint-Germain,Jesé,27,Centre-Forward,Without Club,-,out,Winter,0,Ligue 1,2020,2020/2021
Olympique Marseille,Pol Lirola,23,Right-Back,Fiorentina,loan transfer,in,Winter,NA,Ligue 1,2020,2020/2021
Olympique Marseille,Arkadiusz Milik,26,Centre-Forward,SSC Napoli,loan transfer,in,Winter,NA,Ligue 1,2020,2020/2021
Olympique Marseille,Olivier Ntcham,24,Central Midfield,Celtic,loan transfer,in,Winter,NA,Ligue 1,2020,2020/2021
Olympique Marseille,Morgan Sanson,26,Central Midfield,Aston Villa,£14.22m,out,Winter,14.22,Ligue 1,2020,2020/2021
Olympique Marseille,Marley Aké,20,Left Winger,Juventus U23,£7.20m,out,Winter,7.2,Ligue 1,2020,2020/2021
Olympique Marseille,Nemanja Radonjic,24,Left Winger,Hertha BSC,Loan fee:£225Th.,out,Winter,0.225,Ligue 1,2020,2020/2021
Olympique Marseille,Florian Chabrolle,22,Attacking Midfield,AC Ajaccio,free transfer,out,Winter,NA,Ligue 1,2020,2020/2021
Olympique Marseille,Konstantinos Mitroglou,32,Centre-Forward,Aris Saloniki,free transfer,out,Winter,NA,Ligue 1,2020,2020/2021
Olympique Marseille,Kevin Strootman,30,Central Midfield,Genoa,loan transfer,out,Winter,NA,Ligue 1,2020,2020/2021
Stade Rennais FC,Adrien Hunou,27,Centre-Forward,Minnesota,£2.95m,out,Winter,2.95,Ligue 1,2020,2020/2021
Stade Rennais FC,M'Baye Niang,26,Centre-Forward,Ahli,Loan fee:£1.35m,out,Winter,1.35,Ligue 1,2020,2020/2021
Stade Rennais FC,Georginio Rutter,18,Centre-Forward,TSG Hoffenheim,£675Th.,out,Winter,0.675,Ligue 1,2020,2020/2021
Stade Rennais FC,Daniele Rugani,26,Centre-Back,Juventus,"End of loanJan 31, 2021",out,Winter,0,Ligue 1,2020,2020/2021
LOSC Lille,Adama Soumaoro,28,Centre-Back,Bologna,Loan fee:£158Th.,out,Winter,0.158,Ligue 1,2020,2020/2021
LOSC Lille,Cheikh Niasse,21,Defensive Midfield,Panathinaikos,loan transfer,out,Winter,NA,Ligue 1,2020,2020/2021
OGC Nice,William Saliba,19,Centre-Back,Arsenal,loan transfer,in,Winter,NA,Ligue 1,2020,2020/2021
OGC Nice,Jean-Clair Todibo,21,Centre-Back,Barcelona,loan transfer,in,Winter,NA,Ligue 1,2020,2020/2021
OGC Nice,Racine Coly,25,Left-Back,Amiens SC,loan transfer,out,Winter,NA,Ligue 1,2020,2020/2021
OGC Nice,Hicham Mahou,21,Right Winger,Lausanne-Sport,loan transfer,out,Winter,NA,Ligue 1,2020,2020/2021
OGC Nice,Danilo Barbosa,25,Defensive Midfield,Palmeiras,loan transfer,out,Winter,NA,Ligue 1,2020,2020/2021
Stade Reims,Anastasios Donis,24,Centre-Forward,VVV-Venlo,loan transfer,out,Winter,NA,Ligue 1,2020,2020/2021
Stade Reims,Fraser Hornby,21,Centre-Forward,Aberdeen FC,loan transfer,out,Winter,NA,Ligue 1,2020,2020/2021
Olympique Lyon,Islam Slimani,32,Centre-Forward,Leicester,free transfer,in,Winter,NA,Ligue 1,2020,2020/2021
Olympique Lyon,Youssouf Koné,25,Left-Back,Elche CF,"End of loanJan 31, 2021",in,Winter,0,Ligue 1,2020,2020/2021
Olympique Lyon,Moussa Dembélé,24,Centre-Forward,Atlético Madrid,Loan fee:£1.35m,out,Winter,1.35,Ligue 1,2020,2020/2021
Olympique Lyon,Youssouf Koné,25,Left-Back,Hatayspor,loan transfer,out,Winter,NA,Ligue 1,2020,2020/2021
Olympique Lyon,Jean Lucas,22,Central Midfield,Stade Brestois,loan transfer,out,Winter,NA,Ligue 1,2020,2020/2021
Olympique Lyon,Camilo,22,Central Midfield,Cuiabá-MT,loan transfer,out,Winter,NA,Ligue 1,2020,2020/2021
Montpellier HSC,Elye Wahi,17,Centre-Forward,Montpellier B,-,in,Winter,0,Ligue 1,2020,2020/2021
Montpellier HSC,Mathías Suárez,24,Right-Back,Nacional,"End of loanDec 31, 2020",in,Winter,0,Ligue 1,2020,2020/2021
Montpellier HSC,Ambroise Oyongo,29,Left-Back,Krasnodar,"End of loanMar 4, 2021",in,Winter,0,Ligue 1,2020,2020/2021
Montpellier HSC,Thibaut Vargas,20,Right-Back,LB Châteauroux,loan transfer,out,Winter,NA,Ligue 1,2020,2020/2021
Montpellier HSC,Ambroise Oyongo,29,Left-Back,Krasnodar,loan transfer,out,Winter,NA,Ligue 1,2020,2020/2021
RC Strasbourg Alsace,Frédéric Guilbert,26,Right-Back,Aston Villa,loan transfer,in,Winter,NA,Ligue 1,2020,2020/2021
RC Strasbourg Alsace,Kenny Lala,29,Right-Back,Olympiacos,£450Th.,out,Winter,0.45,Ligue 1,2020,2020/2021
AS Monaco,Krépin Diatta,21,Right Winger,Club Brugge,£15.03m,in,Winter,15.03,Ligue 1,2020,2020/2021
AS Monaco,Jemerson,28,Centre-Back,Corinthians,£612Th.,out,Winter,0.612,Ligue 1,2020,2020/2021
AS Monaco,Henry Onyekuru,23,Left Winger,Galatasaray,Loan fee:£585Th.,out,Winter,0.585,Ligue 1,2020,2020/2021
AS Monaco,Samuel Grandsir,24,Right Winger,Los Angeles,free transfer,out,Winter,NA,Ligue 1,2020,2020/2021
AS Monaco,Strahinja Pavlovic,19,Centre-Back,Cercle Brugge,loan transfer,out,Winter,NA,Ligue 1,2020,2020/2021
SCO Angers,Yassin Fortuné,22,Centre-Forward,FC Sion,loan transfer,in,Winter,NA,Ligue 1,2020,2020/2021
SCO Angers,Haithem Loucif,24,Right-Back,USM Alger,free transfer,out,Winter,NA,Ligue 1,2020,2020/2021
SCO Angers,Elhadji Pape Diaw,26,Centre-Back,Zalgiris,free transfer,out,Winter,NA,Ligue 1,2020,2020/2021
SCO Angers,Kevin Bemanga,22,Right Winger,FC Sion U21,loan transfer,out,Winter,NA,Ligue 1,2020,2020/2021
FC Girondins Bordeaux,Jean Michaël Seri,29,Central Midfield,Fulham,loan transfer,in,Winter,NA,Ligue 1,2020,2020/2021
FC Girondins Bordeaux,Tom Lacoux,18,Central Midfield,G. Bordeaux B,-,in,Winter,0,Ligue 1,2020,2020/2021
FC Girondins Bordeaux,Amadou Traoré,18,Right Winger,G. Bordeaux B,-,in,Winter,0,Ligue 1,2020,2020/2021
FC Girondins Bordeaux,Pablo,29,Centre-Back,Loko Moscow,£2.25m,out,Winter,2.25,Ligue 1,2020,2020/2021
FC Girondins Bordeaux,Over Mandanda,22,Goalkeeper,Stade Lavallois,loan transfer,out,Winter,NA,Ligue 1,2020,2020/2021
FC Girondins Bordeaux,Josh Maja,22,Centre-Forward,Fulham,loan transfer,out,Winter,NA,Ligue 1,2020,2020/2021
FC Nantes,Mehdi Abeid,28,Central Midfield,Al-Nasr,£1.35m,out,Winter,1.35,Ligue 1,2020,2020/2021
Stade Brestois 29,Bandiougou Fadiga,20,Attacking Midfield,Paris SG,loan transfer,in,Winter,NA,Ligue 1,2020,2020/2021
Stade Brestois 29,Jean Lucas,22,Central Midfield,Olympique Lyon,loan transfer,in,Winter,NA,Ligue 1,2020,2020/2021
Stade Brestois 29,Mouez Hassen,25,Goalkeeper,Without Club,-,in,Winter,0,Ligue 1,2020,2020/2021
Stade Brestois 29,Rafiki Saïd,20,Centre-Forward,Stade Briochin,loan transfer,out,Winter,NA,Ligue 1,2020,2020/2021
Stade Brestois 29,Cristian Battocchio,28,Central Midfield,Tokushima Vort.,?,out,Winter,NA,Ligue 1,2020,2020/2021
Stade Brestois 29,Heriberto Tavares,23,Right Winger,Famalicão,loan transfer,out,Winter,NA,Ligue 1,2020,2020/2021
FC Metz,Ernest Boahene,20,Right-Back,Rainbow FC,free transfer,in,Winter,NA,Ligue 1,2020,2020/2021
FC Metz,Paul Delecroix,32,Goalkeeper,Annecy FC,free transfer,out,Winter,NA,Ligue 1,2020,2020/2021
FC Metz,Adama Traoré,25,Right Winger,FC Sheriff,?,out,Winter,NA,Ligue 1,2020,2020/2021
Dijon FCO,Aboubakar Kamara,25,Centre-Forward,Fulham,loan transfer,in,Winter,NA,Ligue 1,2020,2020/2021
Dijon FCO,Aurélien Scheidler,22,Centre-Forward,AS Nancy,loan transfer,out,Winter,NA,Ligue 1,2020,2020/2021
AS Saint-Étienne,Pape Abou Cissé,25,Centre-Back,Olympiacos,Loan fee:£630Th.,in,Winter,0.63,Ligue 1,2020,2020/2021
AS Saint-Étienne,Yvan Neyou,23,Defensive Midfield,Braga B,£360Th.,in,Winter,0.36,Ligue 1,2020,2020/2021
AS Saint-Étienne,Boubacar Fall,19,Goalkeeper,Guédiawaye FC,free transfer,in,Winter,NA,Ligue 1,2020,2020/2021
AS Saint-Étienne,Anthony Modeste,32,Centre-Forward,1. FC Köln,loan transfer,in,Winter,NA,Ligue 1,2020,2020/2021
AS Saint-Étienne,Etienne Green,20,Goalkeeper,Saint-Étienne B,-,in,Winter,0,Ligue 1,2020,2020/2021
AS Saint-Étienne,Jean-Philippe Krasso,23,Centre-Forward,Le Mans FC,loan transfer,out,Winter,NA,Ligue 1,2020,2020/2021
AS Saint-Étienne,Stéphane Ruffier,34,Goalkeeper,Retired,-,out,Winter,0,Ligue 1,2020,2020/2021
AS Saint-Étienne,Yvan Neyou,23,Defensive Midfield,Braga B,"End of loanJan 1, 2021",out,Winter,0,Ligue 1,2020,2020/2021
Nîmes Olympique,Naomichi Ueda,26,Centre-Back,Cercle Brugge,loan transfer,in,Winter,NA,Ligue 1,2020,2020/2021
Nîmes Olympique,Marco Majouga,19,Right Winger,Nîmes B,-,in,Winter,0,Ligue 1,2020,2020/2021
Nîmes Olympique,Kévin Denkey,20,Centre-Forward,Cercle Brugge,£1.80m,out,Winter,1.8,Ligue 1,2020,2020/2021
FC Lorient,Tiago Ilori,27,Centre-Back,Sporting CP,loan transfer,in,Winter,NA,Ligue 1,2020,2020/2021
FC Lorient,Umut Bozok,24,Centre-Forward,Troyes,loan transfer,out,Winter,NA,Ligue 1,2020,2020/2021
RC Lens,Gaëtan Robail,27,Left Winger,Guingamp,"End of loanJan 11, 2021",in,Winter,0,Ligue 1,2020,2020/2021
RC Lens,Didier Desprez,21,Goalkeeper,Paris FC,free transfer,out,Winter,NA,Ligue 1,2020,2020/2021
RC Lens,Cyrille Bayala,24,Right Winger,AC Ajaccio,free transfer,out,Winter,NA,Ligue 1,2020,2020/2021
RC Lens,Charles Boli,22,Left Midfield,Paris FC,loan transfer,out,Winter,NA,Ligue 1,2020,2020/2021
RC Lens,Gaëtan Robail,27,Left Winger,Valenciennes FC,loan transfer,out,Winter,NA,Ligue 1,2020,2020/2021
RC Lens,Aleksandar Radovanovic,27,Centre-Back,KV Kortrijk,?,out,Winter,NA,Ligue 1,2020,2020/2021
