club_name,player_name,age,position,club_involved_name,fee,transfer_movement,transfer_period,fee_cleaned,league_name,year,season
Real Madrid,Luca Zidane,22,Goalkeeper,Racing,"End of loanJul 20, 2020",in,Summer,0,Primera Division,2020,2020/2021
Real Madrid,Achraf Hakimi,21,Right-Back,Bor. Dortmund,"End of loanJun 30, 2020",in,Summer,0,Primera Division,2020,2020/2021
Real Madrid,Óscar Rodríguez,22,Attacking Midfield,CD Leganés,"End of loanJul 20, 2020",in,Summer,0,Primera Division,2020,2020/2021
Real Madrid,Sergio Reguilón,23,Left-Back,Sevilla FC,"End of loanAug 22, 2020",in,Summer,0,Primera Division,2020,2020/2021
Real Madrid,Martin Ødegaard,21,Attacking Midfield,Real Sociedad,"End of loanJul 20, 2020",in,Summer,0,Primera Division,2020,2020/2021
Real Madrid,Alberto Soro,21,Right Winger,Real Zaragoza,"End of loanAug 17, 2020",in,Summer,0,Primera Division,2020,2020/2021
Real Madrid,Dani Gómez,21,Centre-Forward,CD Tenerife,"End of loanJul 21, 2020",in,Summer,0,Primera Division,2020,2020/2021
Real Madrid,Javi Sánchez,23,Centre-Back,Real Valladolid,"End of loanJun 30, 2020",in,Summer,0,Primera Division,2020,2020/2021
Real Madrid,Borja Mayoral,23,Centre-Forward,Levante,"End of loanJul 20, 2020",in,Summer,0,Primera Division,2020,2020/2021
Real Madrid,Jesús Vallejo,23,Centre-Back,Granada CF,"End of loanJul 20, 2020",in,Summer,0,Primera Division,2020,2020/2021
Real Madrid,Álvaro Odriozola,24,Right-Back,FC Bayern,"End of loanAug 24, 2020",in,Summer,0,Primera Division,2020,2020/2021
Real Madrid,Jorge de Frutos,23,Right Winger,Rayo Vallecano,"End of loanJul 21, 2020",in,Summer,0,Primera Division,2020,2020/2021
Real Madrid,Andriy Lunin,21,Goalkeeper,Real Oviedo,"End of loanJul 21, 2020",in,Summer,0,Primera Division,2020,2020/2021
Real Madrid,Takefusa Kubo,19,Right Winger,RCD Mallorca,"End of loanJul 20, 2020",in,Summer,0,Primera Division,2020,2020/2021
Real Madrid,Achraf Hakimi,21,Right-Back,Inter,£38.70m,out,Summer,38.7,Primera Division,2020,2020/2021
Real Madrid,Sergio Reguilón,23,Left-Back,Spurs,£27.00m,out,Summer,27,Primera Division,2020,2020/2021
Real Madrid,Óscar Rodríguez,22,Attacking Midfield,Sevilla FC,£12.15m,out,Summer,12.15,Primera Division,2020,2020/2021
Real Madrid,Javi Sánchez,23,Centre-Back,Real Valladolid,£2.70m,out,Summer,2.7,Primera Division,2020,2020/2021
Real Madrid,Alberto Soro,21,Right Winger,Granada CF,£2.25m,out,Summer,2.25,Primera Division,2020,2020/2021
Real Madrid,Dani Gómez,22,Centre-Forward,Levante,£1.80m,out,Summer,1.8,Primera Division,2020,2020/2021
Real Madrid,Jorge de Frutos,23,Right Winger,Levante,£1.80m,out,Summer,1.8,Primera Division,2020,2020/2021
Real Madrid,Borja Mayoral,23,Centre-Forward,AS Roma,Loan fee:£1.80m,out,Summer,1.8,Primera Division,2020,2020/2021
Real Madrid,Takefusa Kubo,19,Right Winger,Villarreal,Loan fee:£1.13m,out,Summer,1.13,Primera Division,2020,2020/2021
Real Madrid,Brahim Díaz,21,Attacking Midfield,AC Milan,Loan fee:£180Th.,out,Summer,0.18,Primera Division,2020,2020/2021
Real Madrid,James Rodríguez,29,Attacking Midfield,Everton,free transfer,out,Summer,NA,Primera Division,2020,2020/2021
Real Madrid,Luca Zidane,22,Goalkeeper,Rayo Vallecano,free transfer,out,Summer,NA,Primera Division,2020,2020/2021
Real Madrid,Gareth Bale,31,Right Winger,Spurs,loan transfer,out,Summer,NA,Primera Division,2020,2020/2021
Real Madrid,Reinier,18,Attacking Midfield,Bor. Dortmund,loan transfer,out,Summer,NA,Primera Division,2020,2020/2021
Real Madrid,Jesús Vallejo,23,Centre-Back,Granada CF,loan transfer,out,Summer,NA,Primera Division,2020,2020/2021
Real Madrid,Alphonse Areola,27,Goalkeeper,Paris SG,"End of loanAug 11, 2020",out,Summer,0,Primera Division,2020,2020/2021
FC Barcelona,Miralem Pjanic,30,Central Midfield,Juventus,£54.00m,in,Summer,54,Primera Division,2020,2020/2021
FC Barcelona,Francisco Trincão,20,Right Winger,SC Braga,£27.90m,in,Summer,27.9,Primera Division,2020,2020/2021
FC Barcelona,Sergiño Dest,19,Right-Back,Ajax,£18.90m,in,Summer,18.9,Primera Division,2020,2020/2021
FC Barcelona,Monchu,20,Central Midfield,Barcelona B,-,in,Summer,0,Primera Division,2020,2020/2021
FC Barcelona,Ronald Araújo,21,Centre-Back,Barcelona B,-,in,Summer,0,Primera Division,2020,2020/2021
FC Barcelona,Riqui Puig,20,Central Midfield,Barcelona B,-,in,Summer,0,Primera Division,2020,2020/2021
FC Barcelona,Ansu Fati,17,Left Winger,Barcelona B,-,in,Summer,0,Primera Division,2020,2020/2021
FC Barcelona,Pedri,17,Central Midfield,UD Las Palmas,"End of loanJun 30, 2020",in,Summer,0,Primera Division,2020,2020/2021
FC Barcelona,Juan Miranda,20,Left-Back,FC Schalke 04,"End of loanJun 30, 2020",in,Summer,0,Primera Division,2020,2020/2021
FC Barcelona,Marc Cucurella,21,Left-Back,Getafe,"End of loanJun 30, 2020",in,Summer,0,Primera Division,2020,2020/2021
FC Barcelona,Moussa Wagué,21,Right-Back,OGC Nice,"End of loanJun 30, 2020",in,Summer,0,Primera Division,2020,2020/2021
FC Barcelona,Carles Pérez,22,Right Winger,AS Roma,"End of loanAug 31, 2020",in,Summer,0,Primera Division,2020,2020/2021
FC Barcelona,Jean-Clair Todibo,20,Centre-Back,FC Schalke 04,"End of loanJun 30, 2020",in,Summer,0,Primera Division,2020,2020/2021
FC Barcelona,Carles Aleñá,22,Central Midfield,Real Betis,"End of loanJul 20, 2020",in,Summer,0,Primera Division,2020,2020/2021
FC Barcelona,Rafinha,27,Attacking Midfield,Celta de Vigo,"End of loanJul 20, 2020",in,Summer,0,Primera Division,2020,2020/2021
FC Barcelona,Philippe Coutinho,28,Attacking Midfield,FC Bayern,"End of loanAug 31, 2020",in,Summer,0,Primera Division,2020,2020/2021
FC Barcelona,Arthur,24,Central Midfield,Juventus,£68.40m,out,Summer,68.4,Primera Division,2020,2020/2021
FC Barcelona,Nélson Semedo,26,Right-Back,Wolves,£28.80m,out,Summer,28.8,Primera Division,2020,2020/2021
FC Barcelona,Carles Pérez,22,Right Winger,AS Roma,£11.25m,out,Summer,11.25,Primera Division,2020,2020/2021
FC Barcelona,Marc Cucurella,21,Left-Back,Getafe,£10.62m,out,Summer,10.62,Primera Division,2020,2020/2021
FC Barcelona,Luis Suárez,33,Centre-Forward,Atlético Madrid,£6.30m,out,Summer,6.3,Primera Division,2020,2020/2021
FC Barcelona,Ivan Rakitic,32,Central Midfield,Sevilla FC,£3.15m,out,Summer,3.15,Primera Division,2020,2020/2021
FC Barcelona,Jean-Clair Todibo,20,Centre-Back,Benfica,Loan fee:£1.80m,out,Summer,1.8,Primera Division,2020,2020/2021
FC Barcelona,Rafinha,27,Attacking Midfield,Paris SG,£1.35m,out,Summer,1.35,Primera Division,2020,2020/2021
FC Barcelona,Arda Turan,33,Left Winger,Galatasaray,free transfer,out,Summer,NA,Primera Division,2020,2020/2021
FC Barcelona,Arturo Vidal,33,Central Midfield,Inter,free transfer,out,Summer,NA,Primera Division,2020,2020/2021
FC Barcelona,Moussa Wagué,21,Right-Back,PAOK Salonika,loan transfer,out,Summer,NA,Primera Division,2020,2020/2021
FC Barcelona,Juan Miranda,20,Left-Back,Real Betis,loan transfer,out,Summer,NA,Primera Division,2020,2020/2021
FC Barcelona,Monchu,21,Central Midfield,Girona,loan transfer,out,Summer,NA,Primera Division,2020,2020/2021
Atlético de Madrid,Álvaro Morata,27,Centre-Forward,Chelsea,£31.50m,in,Summer,31.5,Primera Division,2020,2020/2021
Atlético de Madrid,Yannick Carrasco,27,Left Winger,DL Pro,£24.30m,in,Summer,24.3,Primera Division,2020,2020/2021
Atlético de Madrid,Luis Suárez,33,Centre-Forward,Barcelona,£6.30m,in,Summer,6.3,Primera Division,2020,2020/2021
Atlético de Madrid,Ivo Grbic,24,Goalkeeper,NK Lokomotiva,£3.15m,in,Summer,3.15,Primera Division,2020,2020/2021
Atlético de Madrid,Lucas Torreira,24,Defensive Midfield,Arsenal,loan transfer,in,Summer,NA,Primera Division,2020,2020/2021
Atlético de Madrid,Manu Sánchez,19,Left-Back,Atl. Madrid B,-,in,Summer,0,Primera Division,2020,2020/2021
Atlético de Madrid,Francisco Montero,21,Centre-Back,Dep. La Coruña,"End of loanJul 21, 2020",in,Summer,0,Primera Division,2020,2020/2021
Atlético de Madrid,Nehuén Pérez,20,Centre-Back,Famalicão,"End of loanJul 31, 2020",in,Summer,0,Primera Division,2020,2020/2021
Atlético de Madrid,Víctor Mollejo,19,Right Winger,Dep. La Coruña,"End of loanJul 21, 2020",in,Summer,0,Primera Division,2020,2020/2021
Atlético de Madrid,Nikola Kalinic,32,Centre-Forward,AS Roma,"End of loanAug 31, 2020",in,Summer,0,Primera Division,2020,2020/2021
Atlético de Madrid,Thomas Partey,27,Defensive Midfield,Arsenal,£45.00m,out,Summer,45,Primera Division,2020,2020/2021
Atlético de Madrid,Álvaro Morata,27,Centre-Forward,Juventus,Loan fee:£18.00m,out,Summer,18,Primera Division,2020,2020/2021
Atlético de Madrid,Caio Henrique,23,Left-Back,Monaco,£7.20m,out,Summer,7.2,Primera Division,2020,2020/2021
Atlético de Madrid,Santiago Arias,28,Right-Back,Bay. Leverkusen,Loan fee:£2.70m,out,Summer,2.7,Primera Division,2020,2020/2021
Atlético de Madrid,Nikola Kalinic,32,Centre-Forward,Hellas Verona,£1.62m,out,Summer,1.62,Primera Division,2020,2020/2021
Atlético de Madrid,Francisco Montero,21,Centre-Back,Besiktas,Loan fee:£450Th.,out,Summer,0.45,Primera Division,2020,2020/2021
Atlético de Madrid,Antonio Adán,33,Goalkeeper,Sporting CP,free transfer,out,Summer,NA,Primera Division,2020,2020/2021
Atlético de Madrid,Víctor Mollejo,19,Right Winger,Getafe,loan transfer,out,Summer,NA,Primera Division,2020,2020/2021
Atlético de Madrid,Nehuén Pérez,20,Centre-Back,Granada CF,loan transfer,out,Summer,NA,Primera Division,2020,2020/2021
Atlético de Madrid,Álvaro Morata,27,Centre-Forward,Chelsea,"End of loanJun 30, 2020",out,Summer,0,Primera Division,2020,2020/2021
Sevilla FC,Suso,26,Right Winger,AC Milan,£18.90m,in,Summer,18.9,Primera Division,2020,2020/2021
Sevilla FC,Óscar Rodríguez,22,Attacking Midfield,Real Madrid,£12.15m,in,Summer,12.15,Primera Division,2020,2020/2021
Sevilla FC,Oussama Idrissi,24,Left Winger,AZ Alkmaar,£10.80m,in,Summer,10.8,Primera Division,2020,2020/2021
Sevilla FC,Marcos Acuña,28,Left-Back,Sporting CP,£10.13m,in,Summer,10.13,Primera Division,2020,2020/2021
Sevilla FC,Bono,29,Goalkeeper,Girona,£3.60m,in,Summer,3.6,Primera Division,2020,2020/2021
Sevilla FC,Ivan Rakitic,32,Central Midfield,Barcelona,£3.15m,in,Summer,3.15,Primera Division,2020,2020/2021
Sevilla FC,Karim Rekik,25,Centre-Back,Hertha BSC,£1.80m,in,Summer,1.8,Primera Division,2020,2020/2021
Sevilla FC,José Alonso Lara,20,Left Winger,Sevilla Atl.,-,in,Summer,0,Primera Division,2020,2020/2021
Sevilla FC,Juan Berrocal,21,Centre-Back,Sevilla Atl.,-,in,Summer,0,Primera Division,2020,2020/2021
Sevilla FC,Ibrahim Amadou,27,Defensive Midfield,CD Leganés,"End of loanJul 20, 2020",in,Summer,0,Primera Division,2020,2020/2021
Sevilla FC,Bryan Gil,19,Left Winger,CD Leganés,"End of loanJul 20, 2020",in,Summer,0,Primera Division,2020,2020/2021
Sevilla FC,Marc Gual,24,Centre-Forward,RM Castilla,"End of loanJun 30, 2020",in,Summer,0,Primera Division,2020,2020/2021
Sevilla FC,Alejandro Pozo,21,Right-Back,RCD Mallorca,"End of loanJul 20, 2020",in,Summer,0,Primera Division,2020,2020/2021
Sevilla FC,Simon Kjaer,31,Centre-Back,AC Milan,"End of loanAug 31, 2020",in,Summer,0,Primera Division,2020,2020/2021
Sevilla FC,Joris Gnagnon,23,Centre-Back,Stade Rennais,"End of loanJun 30, 2020",in,Summer,0,Primera Division,2020,2020/2021
Sevilla FC,Sébastien Corchia,29,Right-Back,Espanyol,"End of loanJun 30, 2020",in,Summer,0,Primera Division,2020,2020/2021
Sevilla FC,Roque Mesa,31,Central Midfield,CD Leganés,"End of loanJul 20, 2020",in,Summer,0,Primera Division,2020,2020/2021
Sevilla FC,Carlos Fernández,24,Centre-Forward,Granada CF,"End of loanJul 20, 2020",in,Summer,0,Primera Division,2020,2020/2021
Sevilla FC,Aleix Vidal,30,Right-Back,Alavés,"End of loanJul 20, 2020",in,Summer,0,Primera Division,2020,2020/2021
Sevilla FC,Giorgi Aburjania,25,Central Midfield,Twente FC,"End of loanSep 19, 2020",in,Summer,0,Primera Division,2020,2020/2021
Sevilla FC,Juan Soriano,22,Goalkeeper,CD Leganés,"End of loanJul 20, 2020",in,Summer,0,Primera Division,2020,2020/2021
Sevilla FC,Sergio Rico,27,Goalkeeper,Paris SG,£5.40m,out,Summer,5.4,Primera Division,2020,2020/2021
Sevilla FC,Simon Kjaer,31,Centre-Back,AC Milan,£3.31m,out,Summer,3.31,Primera Division,2020,2020/2021
Sevilla FC,Éver Banega,32,Central Midfield,Shabab,free transfer,out,Summer,NA,Primera Division,2020,2020/2021
Sevilla FC,Giorgi Aburjania,25,Central Midfield,Real Oviedo,free transfer,out,Summer,NA,Primera Division,2020,2020/2021
Sevilla FC,Roque Mesa,31,Central Midfield,Real Valladolid,free transfer,out,Summer,NA,Primera Division,2020,2020/2021
Sevilla FC,Bryan Gil,19,Left Winger,SD Eibar,loan transfer,out,Summer,NA,Primera Division,2020,2020/2021
Sevilla FC,Ibrahim Amadou,27,Defensive Midfield,SCO Angers,loan transfer,out,Summer,NA,Primera Division,2020,2020/2021
Sevilla FC,Marc Gual,24,Centre-Forward,Alcorcón,?,out,Summer,NA,Primera Division,2020,2020/2021
Sevilla FC,José Alonso Lara,20,Left Winger,Dep. La Coruña,loan transfer,out,Summer,NA,Primera Division,2020,2020/2021
Sevilla FC,Juan Soriano,23,Goalkeeper,Málaga CF,loan transfer,out,Summer,NA,Primera Division,2020,2020/2021
Sevilla FC,Alejandro Pozo,21,Right-Back,SD Eibar,loan transfer,out,Summer,NA,Primera Division,2020,2020/2021
Sevilla FC,Rony Lopes,24,Right Winger,OGC Nice,loan transfer,out,Summer,NA,Primera Division,2020,2020/2021
Sevilla FC,Juan Berrocal,21,Centre-Back,CD Mirandés,loan transfer,out,Summer,NA,Primera Division,2020,2020/2021
Sevilla FC,Sébastien Corchia,29,Right-Back,Without Club,-,out,Summer,0,Primera Division,2020,2020/2021
Sevilla FC,Suso,26,Right Winger,AC Milan,"End of loanJul 20, 2020",out,Summer,0,Primera Division,2020,2020/2021
Sevilla FC,Bono,29,Goalkeeper,Girona,"End of loanAug 22, 2020",out,Summer,0,Primera Division,2020,2020/2021
Sevilla FC,Sergio Reguilón,23,Left-Back,Real Madrid,"End of loanAug 22, 2020",out,Summer,0,Primera Division,2020,2020/2021
Villarreal CF,Pervis Estupiñán,22,Left-Back,Watford,£14.76m,in,Summer,14.76,Primera Division,2020,2020/2021
Villarreal CF,Francis Coquelin,29,Defensive Midfield,Valencia,£6.39m,in,Summer,6.39,Primera Division,2020,2020/2021
Villarreal CF,Gerónimo Rulli,28,Goalkeeper,Real Sociedad,£4.50m,in,Summer,4.5,Primera Division,2020,2020/2021
Villarreal CF,Jorge Cuenca,20,Centre-Back,Barcelona B,£2.25m,in,Summer,2.25,Primera Division,2020,2020/2021
Villarreal CF,Dani Parejo,31,Central Midfield,Valencia,£2.03m,in,Summer,2.03,Primera Division,2020,2020/2021
Villarreal CF,Takefusa Kubo,19,Right Winger,Real Madrid,Loan fee:£1.13m,in,Summer,1.13,Primera Division,2020,2020/2021
Villarreal CF,Mario González,24,Centre-Forward,Clermont Foot,free transfer,in,Summer,NA,Primera Division,2020,2020/2021
Villarreal CF,Juan Foyth,22,Centre-Back,Spurs,loan transfer,in,Summer,NA,Primera Division,2020,2020/2021
Villarreal CF,Yéremy Pino,17,Right Winger,FC Villarreal C,-,in,Summer,0,Primera Division,2020,2020/2021
Villarreal CF,Fer Niño,19,Centre-Forward,Villarreal CF B,-,in,Summer,0,Primera Division,2020,2020/2021
Villarreal CF,Álex Baena,19,Left Winger,Villarreal CF B,-,in,Summer,0,Primera Division,2020,2020/2021
Villarreal CF,Iván Martín,21,Attacking Midfield,Villarreal CF B,-,in,Summer,0,Primera Division,2020,2020/2021
Villarreal CF,Karl Toko Ekambi,27,Left Winger,Olympique Lyon,"End of loanJun 30, 2020",in,Summer,0,Primera Division,2020,2020/2021
Villarreal CF,Jaume Costa,32,Left-Back,Valencia,"End of loanJul 20, 2020",in,Summer,0,Primera Division,2020,2020/2021
Villarreal CF,Dani Raba,24,Right Winger,SD Huesca,"End of loanJul 21, 2020",in,Summer,0,Primera Division,2020,2020/2021
Villarreal CF,Enric Franquesa,23,Left-Back,CD Mirandés,"End of loanJul 21, 2020",in,Summer,0,Primera Division,2020,2020/2021
Villarreal CF,Álvaro González,30,Centre-Back,Marseille,"End of loanJun 30, 2020",in,Summer,0,Primera Division,2020,2020/2021
Villarreal CF,Alfonso Pedraza,24,Left-Back,Real Betis,"End of loanJul 20, 2020",in,Summer,0,Primera Division,2020,2020/2021
Villarreal CF,Miguelón,24,Right-Back,SD Huesca,"End of loanJul 21, 2020",in,Summer,0,Primera Division,2020,2020/2021
Villarreal CF,Enes Ünal,23,Centre-Forward,Real Valladolid,"End of loanJul 20, 2020",in,Summer,0,Primera Division,2020,2020/2021
Villarreal CF,Akram Afif,23,Left Winger,Al-Sadd SC,"End of loanJun 30, 2020",in,Summer,0,Primera Division,2020,2020/2021
Villarreal CF,Karl Toko Ekambi,27,Left Winger,Olympique Lyon,£10.35m,out,Summer,10.35,Primera Division,2020,2020/2021
Villarreal CF,Enes Ünal,23,Centre-Forward,Getafe,£8.10m,out,Summer,8.1,Primera Division,2020,2020/2021
Villarreal CF,Álvaro González,30,Centre-Back,Marseille,£3.60m,out,Summer,3.6,Primera Division,2020,2020/2021
Villarreal CF,Akram Afif,23,Left Winger,Al-Sadd SC,£900Th.,out,Summer,0.9,Primera Division,2020,2020/2021
Villarreal CF,Javi Ontiveros,23,Left Winger,SD Huesca,Loan fee:£585Th.,out,Summer,0.585,Primera Division,2020,2020/2021
Villarreal CF,Andrés Fernández,33,Goalkeeper,SD Huesca,£450Th.,out,Summer,0.45,Primera Division,2020,2020/2021
Villarreal CF,Santi Cazorla,35,Central Midfield,Al-Sadd SC,free transfer,out,Summer,NA,Primera Division,2020,2020/2021
Villarreal CF,Miguelón,24,Right-Back,Espanyol,loan transfer,out,Summer,NA,Primera Division,2020,2020/2021
Villarreal CF,Iván Martín,21,Attacking Midfield,CD Mirandés,loan transfer,out,Summer,NA,Primera Division,2020,2020/2021
Villarreal CF,Enric Franquesa,23,Left-Back,Girona,loan transfer,out,Summer,NA,Primera Division,2020,2020/2021
Villarreal CF,Xavi Quintillà,23,Left-Back,Norwich,loan transfer,out,Summer,NA,Primera Division,2020,2020/2021
Villarreal CF,Manu Morlanes,21,Central Midfield,UD Almería,loan transfer,out,Summer,NA,Primera Division,2020,2020/2021
Villarreal CF,Mario González,24,Centre-Forward,Tondela,loan transfer,out,Summer,NA,Primera Division,2020,2020/2021
Villarreal CF,Jorge Cuenca,20,Centre-Back,UD Almería,loan transfer,out,Summer,NA,Primera Division,2020,2020/2021
Villarreal CF,Mariano Barbosa,35,Goalkeeper,Without Club,-,out,Summer,0,Primera Division,2020,2020/2021
Villarreal CF,Bruno Soriano,36,Defensive Midfield,Retired,-,out,Summer,0,Primera Division,2020,2020/2021
Villarreal CF,André Zambo Anguissa,24,Defensive Midfield,Fulham,"End of loanJul 20, 2020",out,Summer,0,Primera Division,2020,2020/2021
Getafe CF,Marc Cucurella,21,Left-Back,Barcelona,£10.62m,in,Summer,10.62,Primera Division,2020,2020/2021
Getafe CF,Enes Ünal,23,Centre-Forward,Villarreal,£8.10m,in,Summer,8.1,Primera Division,2020,2020/2021
Getafe CF,Darío Poveda,23,Centre-Forward,Atl. Madrid B,loan transfer,in,Summer,NA,Primera Division,2020,2020/2021
Getafe CF,Ante Palaversa,20,Defensive Midfield,Man City,loan transfer,in,Summer,NA,Primera Division,2020,2020/2021
Getafe CF,Víctor Mollejo,19,Right Winger,Atlético Madrid,loan transfer,in,Summer,NA,Primera Division,2020,2020/2021
Getafe CF,Abdoulay Diaby,29,Right Winger,Sporting CP,loan transfer,in,Summer,NA,Primera Division,2020,2020/2021
Getafe CF,Cucho Hernández,21,Centre-Forward,Watford,loan transfer,in,Summer,NA,Primera Division,2020,2020/2021
Getafe CF,Hugo Duro,20,Centre-Forward,Getafe CF B,-,in,Summer,0,Primera Division,2020,2020/2021
Getafe CF,Enric Gallego,33,Centre-Forward,CA Osasuna,"End of loanJun 30, 2020",in,Summer,0,Primera Division,2020,2020/2021
Getafe CF,Raúl Carnero,31,Left-Back,Real Valladolid,"End of loanJul 20, 2020",in,Summer,0,Primera Division,2020,2020/2021
Getafe CF,Iván Alejo,25,Right Winger,Cádiz CF,"End of loanJul 21, 2020",in,Summer,0,Primera Division,2020,2020/2021
Getafe CF,Merveil Ndockyt,22,Left Winger,NK Osijek,"End of loanJul 31, 2020",in,Summer,0,Primera Division,2020,2020/2021
Getafe CF,Rubén Yáñez,26,Goalkeeper,SD Huesca,"End of loanJul 21, 2020",in,Summer,0,Primera Division,2020,2020/2021
Getafe CF,José Carlos Lazo,24,Left Winger,UD Almería,"End of loanJun 30, 2020",in,Summer,0,Primera Division,2020,2020/2021
Getafe CF,Ignasi Miquel,27,Centre-Back,Girona,"End of loanAug 24, 2020",in,Summer,0,Primera Division,2020,2020/2021
Getafe CF,Jack Harper,24,Centre-Forward,Alcorcón,"End of loanJul 21, 2020",in,Summer,0,Primera Division,2020,2020/2021
Getafe CF,Álvaro Jiménez,25,Right Winger,Albacete,"End of loanJul 21, 2020",in,Summer,0,Primera Division,2020,2020/2021
Getafe CF,José Carlos Lazo,24,Left Winger,UD Almería,£3.60m,out,Summer,3.6,Primera Division,2020,2020/2021
Getafe CF,Enric Gallego,33,Centre-Forward,CA Osasuna,£2.70m,out,Summer,2.7,Primera Division,2020,2020/2021
Getafe CF,Iván Alejo,25,Right Winger,Cádiz CF,£1.80m,out,Summer,1.8,Primera Division,2020,2020/2021
Getafe CF,Merveil Ndockyt,22,Left Winger,NK Osijek,£495Th.,out,Summer,0.495,Primera Division,2020,2020/2021
Getafe CF,Raúl Carnero,31,Left-Back,Real Valladolid,£180Th.,out,Summer,0.18,Primera Division,2020,2020/2021
Getafe CF,Vitorino Antunes,33,Left-Back,Sporting CP,free transfer,out,Summer,NA,Primera Division,2020,2020/2021
Getafe CF,Filip Manojlovic,24,Goalkeeper,UD Sanse,free transfer,out,Summer,NA,Primera Division,2020,2020/2021
Getafe CF,Álvaro Jiménez,25,Right Winger,Albacete,free transfer,out,Summer,NA,Primera Division,2020,2020/2021
Getafe CF,Jorge Molina,38,Centre-Forward,Granada CF,free transfer,out,Summer,NA,Primera Division,2020,2020/2021
Getafe CF,Jack Harper,24,Centre-Forward,FC Cartagena,loan transfer,out,Summer,NA,Primera Division,2020,2020/2021
Getafe CF,Fayçal Fajr,32,Central Midfield,Sivasspor,?,out,Summer,NA,Primera Division,2020,2020/2021
Getafe CF,Hugo Duro,20,Centre-Forward,RM Castilla,loan transfer,out,Summer,NA,Primera Division,2020,2020/2021
Getafe CF,Amath Ndiaye,24,Left Winger,RCD Mallorca,loan transfer,out,Summer,NA,Primera Division,2020,2020/2021
Getafe CF,Ignasi Miquel,27,Centre-Back,CD Leganés,loan transfer,out,Summer,NA,Primera Division,2020,2020/2021
Getafe CF,Peter Etebo,24,Central Midfield,Stoke City,"End of loanAug 10, 2020",out,Summer,0,Primera Division,2020,2020/2021
Getafe CF,Kenedy,24,Left Winger,Chelsea,"End of loanJun 30, 2020",out,Summer,0,Primera Division,2020,2020/2021
Getafe CF,Deyverson,29,Centre-Forward,Palmeiras,"End of loanJun 30, 2020",out,Summer,0,Primera Division,2020,2020/2021
Getafe CF,Jason,26,Right Winger,Valencia,"End of loanAug 20, 2020",out,Summer,0,Primera Division,2020,2020/2021
Getafe CF,Marc Cucurella,21,Left-Back,Barcelona,"End of loanJun 30, 2020",out,Summer,0,Primera Division,2020,2020/2021
Real Sociedad,David Silva,34,Attacking Midfield,Man City,free transfer,in,Summer,NA,Primera Division,2020,2020/2021
Real Sociedad,Roberto López,20,Attacking Midfield,Real Sociedad B,-,in,Summer,0,Primera Division,2020,2020/2021
Real Sociedad,Martín Zubimendi,21,Defensive Midfield,Real Sociedad B,-,in,Summer,0,Primera Division,2020,2020/2021
Real Sociedad,Modibo Sagnan,21,Centre-Back,CD Mirandés,"End of loanJul 21, 2020",in,Summer,0,Primera Division,2020,2020/2021
Real Sociedad,Kévin Rodrigues,26,Left-Back,CD Leganés,"End of loanJul 20, 2020",in,Summer,0,Primera Division,2020,2020/2021
Real Sociedad,Raúl Navas,32,Centre-Back,CA Osasuna,"End of loanJun 30, 2020",in,Summer,0,Primera Division,2020,2020/2021
Real Sociedad,Gerónimo Rulli,28,Goalkeeper,Montpellier,"End of loanJun 30, 2020",in,Summer,0,Primera Division,2020,2020/2021
Real Sociedad,Martín Merquelanz,25,Left Winger,CD Mirandés,"End of loanJul 21, 2020",in,Summer,0,Primera Division,2020,2020/2021
Real Sociedad,Jon Guridi,25,Central Midfield,CD Mirandés,"End of loanJul 21, 2020",in,Summer,0,Primera Division,2020,2020/2021
Real Sociedad,Jon Bautista,24,Centre-Forward,KAS Eupen,"End of loanJun 30, 2020",in,Summer,0,Primera Division,2020,2020/2021
Real Sociedad,Diego Llorente,27,Centre-Back,Leeds,£18.00m,out,Summer,18,Primera Division,2020,2020/2021
Real Sociedad,Gerónimo Rulli,28,Goalkeeper,Villarreal,£4.50m,out,Summer,4.5,Primera Division,2020,2020/2021
Real Sociedad,Raúl Navas,32,Centre-Back,CA Osasuna,£225Th.,out,Summer,0.225,Primera Division,2020,2020/2021
Real Sociedad,Kévin Rodrigues,26,Left-Back,SD Eibar,loan transfer,out,Summer,NA,Primera Division,2020,2020/2021
Real Sociedad,David Zurutuza,34,Central Midfield,Retired,-,out,Summer,0,Primera Division,2020,2020/2021
Real Sociedad,Martin Ødegaard,21,Attacking Midfield,Real Madrid,"End of loanJul 20, 2020",out,Summer,0,Primera Division,2020,2020/2021
Valencia CF,Javi Jiménez,23,Centre-Back,Valencia B,-,in,Summer,0,Primera Division,2020,2020/2021
Valencia CF,Hugo Guillamón,20,Defensive Midfield,Valencia B,-,in,Summer,0,Primera Division,2020,2020/2021
Valencia CF,Cristian Rivero,22,Goalkeeper,Valencia B,-,in,Summer,0,Primera Division,2020,2020/2021
Valencia CF,Yunus Musah,17,Right Winger,Valencia B,-,in,Summer,0,Primera Division,2020,2020/2021
Valencia CF,Toni Lato,22,Left-Back,CA Osasuna,"End of loanJul 20, 2020",in,Summer,0,Primera Division,2020,2020/2021
Valencia CF,Jason,26,Right Winger,Getafe,"End of loanAug 20, 2020",in,Summer,0,Primera Division,2020,2020/2021
Valencia CF,Uros Racic,22,Defensive Midfield,Famalicão,"End of loanJul 31, 2020",in,Summer,0,Primera Division,2020,2020/2021
Valencia CF,Àlex Carbonell,22,Central Midfield,Fortuna Sittard,"End of loanJun 30, 2020",in,Summer,0,Primera Division,2020,2020/2021
Valencia CF,Álex Blanco,21,Left Winger,Real Zaragoza,"End of loanAug 17, 2020",in,Summer,0,Primera Division,2020,2020/2021
Valencia CF,Álex Centelles,20,Left-Back,Famalicão,"End of loanJul 31, 2020",in,Summer,0,Primera Division,2020,2020/2021
Valencia CF,Ferran Torres,20,Right Winger,Man City,£30.15m,out,Summer,30.15,Primera Division,2020,2020/2021
Valencia CF,Rodrigo,29,Second Striker,Leeds,£27.00m,out,Summer,27,Primera Division,2020,2020/2021
Valencia CF,Francis Coquelin,29,Defensive Midfield,Villarreal,£6.39m,out,Summer,6.39,Primera Division,2020,2020/2021
Valencia CF,Dani Parejo,31,Central Midfield,Villarreal,£2.03m,out,Summer,2.03,Primera Division,2020,2020/2021
Valencia CF,Álex Centelles,21,Left-Back,UD Almería,free transfer,out,Summer,NA,Primera Division,2020,2020/2021
Valencia CF,Àlex Carbonell,23,Central Midfield,FC Luzern,free transfer,out,Summer,NA,Primera Division,2020,2020/2021
Valencia CF,Javi Jiménez,23,Centre-Back,Albacete,loan transfer,out,Summer,NA,Primera Division,2020,2020/2021
Valencia CF,Cristiano Piccini,27,Right-Back,Atalanta BC,loan transfer,out,Summer,NA,Primera Division,2020,2020/2021
Valencia CF,Ezequiel Garay,33,Centre-Back,Without Club,-,out,Summer,0,Primera Division,2020,2020/2021
Valencia CF,Alessandro Florenzi,29,Right-Back,AS Roma,"End of loanJul 20, 2020",out,Summer,0,Primera Division,2020,2020/2021
Valencia CF,Jaume Costa,32,Left-Back,Villarreal,"End of loanJul 20, 2020",out,Summer,0,Primera Division,2020,2020/2021
Athletic Bilbao,Álex Berenguer,25,Left Winger,Torino,£10.80m,in,Summer,10.8,Primera Division,2020,2020/2021
Athletic Bilbao,Unai Vencedor,19,Central Midfield,Bilbao Athletic,-,in,Summer,0,Primera Division,2020,2020/2021
Athletic Bilbao,Jon Morcillo,21,Left Winger,Bilbao Athletic,-,in,Summer,0,Primera Division,2020,2020/2021
Athletic Bilbao,Dani Vivian,21,Centre-Back,Bilbao Athletic,-,in,Summer,0,Primera Division,2020,2020/2021
Athletic Bilbao,Oihan Sancet,20,Attacking Midfield,Bilbao Athletic,-,in,Summer,0,Primera Division,2020,2020/2021
Athletic Bilbao,Jokin Ezkieta,23,Goalkeeper,Bilbao Athletic,-,in,Summer,0,Primera Division,2020,2020/2021
Athletic Bilbao,Cristian Ganea,28,Left-Back,FC Viitorul,"End of loanJul 1, 2020",in,Summer,0,Primera Division,2020,2020/2021
Athletic Bilbao,Hodei Oleaga,23,Goalkeeper,UD Melilla,"End of loanJun 30, 2020",in,Summer,0,Primera Division,2020,2020/2021
Athletic Bilbao,Peru Nolaskoain,21,Defensive Midfield,Dep. La Coruña,"End of loanJul 21, 2020",in,Summer,0,Primera Division,2020,2020/2021
Athletic Bilbao,Andoni López,24,Left-Back,Elche CF,"End of loanAug 24, 2020",in,Summer,0,Primera Division,2020,2020/2021
Athletic Bilbao,Iñigo Vicente,22,Left Winger,CD Mirandés,"End of loanJul 21, 2020",in,Summer,0,Primera Division,2020,2020/2021
Athletic Bilbao,Gaizka Larrazabal,22,Right Winger,Real Zaragoza,free transfer,out,Summer,NA,Primera Division,2020,2020/2021
Athletic Bilbao,Andoni López,24,Left-Back,UD Logroñés,free transfer,out,Summer,NA,Primera Division,2020,2020/2021
Athletic Bilbao,Hodei Oleaga,23,Goalkeeper,Barakaldo CF,free transfer,out,Summer,NA,Primera Division,2020,2020/2021
Athletic Bilbao,Cristian Ganea,28,Left-Back,Aris Saloniki,free transfer,out,Summer,NA,Primera Division,2020,2020/2021
Athletic Bilbao,Dani Vivian,21,Centre-Back,CD Mirandés,loan transfer,out,Summer,NA,Primera Division,2020,2020/2021
Athletic Bilbao,Mikel San José,31,Defensive Midfield,Without Club,-,out,Summer,0,Primera Division,2020,2020/2021
Athletic Bilbao,Beñat Etxebarria,33,Central Midfield,Without Club,-,out,Summer,0,Primera Division,2020,2020/2021
Granada CF,Luis Suárez,22,Centre-Forward,Watford,£6.30m,in,Summer,6.3,Primera Division,2020,2020/2021
Granada CF,Luis Milla,25,Central Midfield,CD Tenerife,£4.50m,in,Summer,4.5,Primera Division,2020,2020/2021
Granada CF,Maxime Gonalons,31,Defensive Midfield,AS Roma,£3.60m,in,Summer,3.6,Primera Division,2020,2020/2021
Granada CF,Alberto Soro,21,Right Winger,Real Madrid,£2.25m,in,Summer,2.25,Primera Division,2020,2020/2021
Granada CF,Dimitri Foulquier,27,Right-Back,Watford,£1.80m,in,Summer,1.8,Primera Division,2020,2020/2021
Granada CF,Jorge Molina,38,Centre-Forward,Getafe,free transfer,in,Summer,NA,Primera Division,2020,2020/2021
Granada CF,Nehuén Pérez,20,Centre-Back,Atlético Madrid,loan transfer,in,Summer,NA,Primera Division,2020,2020/2021
Granada CF,Kenedy,24,Left Winger,Chelsea,loan transfer,in,Summer,NA,Primera Division,2020,2020/2021
Granada CF,Jesús Vallejo,23,Centre-Back,Real Madrid,loan transfer,in,Summer,NA,Primera Division,2020,2020/2021
Granada CF,Bernardo Cruz,27,Centre-Back,CD Numancia,"End of loanJul 21, 2020",in,Summer,0,Primera Division,2020,2020/2021
Granada CF,José Antonio González,24,Central Midfield,Córdoba CF,"End of loanJun 30, 2020",in,Summer,0,Primera Division,2020,2020/2021
Granada CF,Bernardo Cruz,27,Centre-Back,Córdoba CF,free transfer,out,Summer,NA,Primera Division,2020,2020/2021
Granada CF,Álvaro Vadillo,25,Left Winger,Celta de Vigo,free transfer,out,Summer,NA,Primera Division,2020,2020/2021
Granada CF,Ismail Köybasi,31,Left-Back,C. Rizespor,free transfer,out,Summer,NA,Primera Division,2020,2020/2021
Granada CF,José Antonio González,24,Central Midfield,Recr. Huelva,free transfer,out,Summer,NA,Primera Division,2020,2020/2021
Granada CF,Antoñín,20,Centre-Forward,Rayo Vallecano,loan transfer,out,Summer,NA,Primera Division,2020,2020/2021
Granada CF,Álex Martínez,30,Left-Back,Without Club,-,out,Summer,0,Primera Division,2020,2020/2021
Granada CF,Gil Dias,23,Left-Back,Monaco,"End of loanJul 20, 2020",out,Summer,0,Primera Division,2020,2020/2021
Granada CF,Jesús Vallejo,23,Centre-Back,Real Madrid,"End of loanJul 20, 2020",out,Summer,0,Primera Division,2020,2020/2021
Granada CF,Dimitri Foulquier,27,Right-Back,Watford,"End of loanJul 20, 2020",out,Summer,0,Primera Division,2020,2020/2021
Granada CF,Maxime Gonalons,31,Defensive Midfield,AS Roma,"End of loanAug 3, 2020",out,Summer,0,Primera Division,2020,2020/2021
Granada CF,Carlos Fernández,24,Centre-Forward,Sevilla FC,"End of loanJul 20, 2020",out,Summer,0,Primera Division,2020,2020/2021
Granada CF,José Antonio Martínez,27,Centre-Back,SD Eibar,"End of loanJul 20, 2020",out,Summer,0,Primera Division,2020,2020/2021
CA Osasuna,Juan Cruz,28,Left-Back,Elche CF,£2.70m,in,Summer,2.7,Primera Division,2020,2020/2021
CA Osasuna,Enric Gallego,33,Centre-Forward,Getafe,£2.70m,in,Summer,2.7,Primera Division,2020,2020/2021
CA Osasuna,Lucas Torró,26,Defensive Midfield,E. Frankfurt,£1.80m,in,Summer,1.8,Primera Division,2020,2020/2021
CA Osasuna,Raúl Navas,32,Centre-Back,Real Sociedad,£225Th.,in,Summer,0.225,Primera Division,2020,2020/2021
CA Osasuna,Ante Budimir,29,Centre-Forward,RCD Mallorca,loan transfer,in,Summer,NA,Primera Division,2020,2020/2021
CA Osasuna,Jony,29,Left Winger,Lazio,loan transfer,in,Summer,NA,Primera Division,2020,2020/2021
CA Osasuna,Jonathan Calleri,26,Centre-Forward,Maldonado,loan transfer,in,Summer,NA,Primera Division,2020,2020/2021
CA Osasuna,Juan Villar,32,Right Winger,Rayo Vallecano,"End of loanJul 21, 2020",in,Summer,0,Primera Division,2020,2020/2021
CA Osasuna,Barbero,22,Centre-Forward,UD Almería,"End of loanAug 17, 2020",in,Summer,0,Primera Division,2020,2020/2021
CA Osasuna,Brandon Thomas,25,Centre-Forward,Girona,"End of loanJun 30, 2020",in,Summer,0,Primera Division,2020,2020/2021
CA Osasuna,Luis Perea,22,Defensive Midfield,Alcorcón,"End of loanJul 21, 2020",in,Summer,0,Primera Division,2020,2020/2021
CA Osasuna,Antonio Otegui,22,Central Midfield,CD Numancia,"End of loanJul 21, 2020",in,Summer,0,Primera Division,2020,2020/2021
CA Osasuna,Jaume Grau,23,Central Midfield,CD Lugo,"End of loanJul 21, 2020",in,Summer,0,Primera Division,2020,2020/2021
CA Osasuna,Luis Perea,23,Defensive Midfield,CD Leganés,£2.70m,out,Summer,2.7,Primera Division,2020,2020/2021
CA Osasuna,Juan Villar,32,Right Winger,UD Almería,£405Th.,out,Summer,0.405,Primera Division,2020,2020/2021
CA Osasuna,Antonio Otegui,22,Central Midfield,CD Badajoz,free transfer,out,Summer,NA,Primera Division,2020,2020/2021
CA Osasuna,Fran Mérida,30,Central Midfield,Espanyol,free transfer,out,Summer,NA,Primera Division,2020,2020/2021
CA Osasuna,Marc Cardona,25,Centre-Forward,RCD Mallorca,loan transfer,out,Summer,NA,Primera Division,2020,2020/2021
CA Osasuna,Barbero,22,Centre-Forward,Alcorcón,loan transfer,out,Summer,NA,Primera Division,2020,2020/2021
CA Osasuna,Rober Ibáñez,27,Right Winger,CD Leganés,loan transfer,out,Summer,NA,Primera Division,2020,2020/2021
CA Osasuna,Jaume Grau,23,Central Midfield,Tondela,loan transfer,out,Summer,NA,Primera Division,2020,2020/2021
CA Osasuna,José Manuel Arnáiz,25,Left Winger,CD Leganés,"End of loanJul 20, 2020",out,Summer,0,Primera Division,2020,2020/2021
CA Osasuna,Enric Gallego,33,Centre-Forward,Getafe,"End of loanJun 30, 2020",out,Summer,0,Primera Division,2020,2020/2021
CA Osasuna,Toni Lato,22,Left-Back,Valencia,"End of loanJul 20, 2020",out,Summer,0,Primera Division,2020,2020/2021
CA Osasuna,Raúl Navas,32,Centre-Back,Real Sociedad,"End of loanJun 30, 2020",out,Summer,0,Primera Division,2020,2020/2021
CA Osasuna,Pervis Estupiñán,22,Left-Back,Watford,"End of loanJul 31, 2020",out,Summer,0,Primera Division,2020,2020/2021
Levante UD,Dani Gómez,22,Centre-Forward,Real Madrid,£1.80m,in,Summer,1.8,Primera Division,2020,2020/2021
Levante UD,Jorge de Frutos,23,Right Winger,Real Madrid,£1.80m,in,Summer,1.8,Primera Division,2020,2020/2021
Levante UD,Son,26,Right-Back,Ponferradina,free transfer,in,Summer,NA,Primera Division,2020,2020/2021
Levante UD,Mickaël Malsa,24,Defensive Midfield,CD Mirandés,free transfer,in,Summer,NA,Primera Division,2020,2020/2021
Levante UD,Arturo Molina,24,Attacking Midfield,Atl. Levante,-,in,Summer,0,Primera Division,2020,2020/2021
Levante UD,Pablo Martínez,22,Central Midfield,Atl. Levante,-,in,Summer,0,Primera Division,2020,2020/2021
Levante UD,Ivi López,26,Attacking Midfield,Ponferradina,"End of loanJul 21, 2020",in,Summer,0,Primera Division,2020,2020/2021
Levante UD,Fran Manzanara,23,Central Midfield,Ponferradina,"End of loanJul 21, 2020",in,Summer,0,Primera Division,2020,2020/2021
Levante UD,Armando Sadiku,29,Centre-Forward,Málaga CF,"End of loanJul 21, 2020",in,Summer,0,Primera Division,2020,2020/2021
Levante UD,Cheick Doukouré,27,Defensive Midfield,SD Huesca,"End of loanJun 30, 2020",in,Summer,0,Primera Division,2020,2020/2021
Levante UD,Antonio Luna,29,Left-Back,Rayo Vallecano,"End of loanJul 21, 2020",in,Summer,0,Primera Division,2020,2020/2021
Levante UD,Moses Simon,24,Left Winger,FC Nantes,"End of loanJun 30, 2020",in,Summer,0,Primera Division,2020,2020/2021
Levante UD,Pepelu,21,Defensive Midfield,Tondela,"End of loanJul 27, 2020",in,Summer,0,Primera Division,2020,2020/2021
Levante UD,Raphael Dwamena,24,Centre-Forward,Real Zaragoza,"End of loanJun 30, 2020",in,Summer,0,Primera Division,2020,2020/2021
Levante UD,Moses Simon,24,Left Winger,FC Nantes,£4.50m,out,Summer,4.5,Primera Division,2020,2020/2021
Levante UD,Fran Manzanara,24,Central Midfield,CD Numancia,free transfer,out,Summer,NA,Primera Division,2020,2020/2021
Levante UD,Antonio Luna,29,Left-Back,Girona,free transfer,out,Summer,NA,Primera Division,2020,2020/2021
Levante UD,Ivi López,26,Attacking Midfield,Rakow,free transfer,out,Summer,NA,Primera Division,2020,2020/2021
Levante UD,Raphael Dwamena,24,Centre-Forward,Vejle BK,free transfer,out,Summer,NA,Primera Division,2020,2020/2021
Levante UD,Armando Sadiku,29,Centre-Forward,BB Erzurumspor,free transfer,out,Summer,NA,Primera Division,2020,2020/2021
Levante UD,Bruno González,30,Centre-Back,Real Valladolid,free transfer,out,Summer,NA,Primera Division,2020,2020/2021
Levante UD,Hernâni,29,Right Winger,Al-Wahda,loan transfer,out,Summer,NA,Primera Division,2020,2020/2021
Levante UD,Arturo Molina,24,Attacking Midfield,CD Castellón,loan transfer,out,Summer,NA,Primera Division,2020,2020/2021
Levante UD,Pablo Martínez,22,Central Midfield,CD Mirandés,loan transfer,out,Summer,NA,Primera Division,2020,2020/2021
Levante UD,Iván López,26,Right-Back,Without Club,-,out,Summer,0,Primera Division,2020,2020/2021
Levante UD,Pepelu,22,Defensive Midfield,Vit. Guimarães,loan transfer,out,Summer,NA,Primera Division,2020,2020/2021
Levante UD,Borja Mayoral,23,Centre-Forward,Real Madrid,"End of loanJul 20, 2020",out,Summer,0,Primera Division,2020,2020/2021
Real Betis Balompié,Víctor Ruiz,31,Centre-Back,Besiktas,free transfer,in,Summer,NA,Primera Division,2020,2020/2021
Real Betis Balompié,Claudio Bravo,37,Goalkeeper,Man City,free transfer,in,Summer,NA,Primera Division,2020,2020/2021
Real Betis Balompié,Martín Montoya,29,Right-Back,Brighton,free transfer,in,Summer,NA,Primera Division,2020,2020/2021
Real Betis Balompié,Juan Miranda,20,Left-Back,Barcelona,loan transfer,in,Summer,NA,Primera Division,2020,2020/2021
Real Betis Balompié,Paul Akouokou,22,Defensive Midfield,Betis Deportivo,-,in,Summer,0,Primera Division,2020,2020/2021
Real Betis Balompié,Rober González,19,Right Winger,Betis Deportivo,-,in,Summer,0,Primera Division,2020,2020/2021
Real Betis Balompié,Edgar González,23,Centre-Back,Betis Deportivo,-,in,Summer,0,Primera Division,2020,2020/2021
Real Betis Balompié,Francis Guerrero,24,Right-Back,UD Almería,"End of loanAug 17, 2020",in,Summer,0,Primera Division,2020,2020/2021
Real Betis Balompié,Ismael Gutiérrez,20,Central Midfield,Alavés,"End of loanOct 2, 2020",in,Summer,0,Primera Division,2020,2020/2021
Real Betis Balompié,Víctor Camarasa,26,Central Midfield,Alavés,"End of loanJul 20, 2020",in,Summer,0,Primera Division,2020,2020/2021
Real Betis Balompié,Juanjo Narváez,25,Centre-Forward,UD Las Palmas,"End of loanJul 21, 2020",in,Summer,0,Primera Division,2020,2020/2021
Real Betis Balompié,Giovani Lo Celso,24,Central Midfield,Spurs,"End of loanJun 30, 2020",in,Summer,0,Primera Division,2020,2020/2021
Real Betis Balompié,Liberto Beltrán,23,Left Winger,Lleida Esportiu,"End of loanJun 30, 2020",in,Summer,0,Primera Division,2020,2020/2021
Real Betis Balompié,Aitor Ruibal,24,Right Winger,CD Leganés,"End of loanJul 20, 2020",in,Summer,0,Primera Division,2020,2020/2021
Real Betis Balompié,Antonio Sanabria,24,Centre-Forward,Genoa,"End of loanAug 31, 2020",in,Summer,0,Primera Division,2020,2020/2021
Real Betis Balompié,Giovani Lo Celso,24,Central Midfield,Spurs,£28.80m,out,Summer,28.8,Primera Division,2020,2020/2021
Real Betis Balompié,Zouhair Feddal,30,Centre-Back,Sporting CP,£3.42m,out,Summer,3.42,Primera Division,2020,2020/2021
Real Betis Balompié,Ismael Gutiérrez,20,Central Midfield,Atl. Madrid B,£900Th.,out,Summer,0.9,Primera Division,2020,2020/2021
Real Betis Balompié,Antonio Barragán,33,Right-Back,Elche CF,free transfer,out,Summer,NA,Primera Division,2020,2020/2021
Real Betis Balompié,Juanjo Narváez,25,Centre-Forward,Real Zaragoza,free transfer,out,Summer,NA,Primera Division,2020,2020/2021
Real Betis Balompié,Liberto Beltrán,23,Left Winger,Albacete,free transfer,out,Summer,NA,Primera Division,2020,2020/2021
Real Betis Balompié,Javi García,33,Centre-Back,Boavista,free transfer,out,Summer,NA,Primera Division,2020,2020/2021
Real Betis Balompié,Rober González,19,Right Winger,UD Las Palmas,loan transfer,out,Summer,NA,Primera Division,2020,2020/2021
Real Betis Balompié,Francis Guerrero,24,Right-Back,Without Club,-,out,Summer,0,Primera Division,2020,2020/2021
Real Betis Balompié,Wilfrid Kaptoum,24,Central Midfield,Without Club,-,out,Summer,0,Primera Division,2020,2020/2021
Real Betis Balompié,Edgar González,23,Centre-Back,Real Oviedo,loan transfer,out,Summer,NA,Primera Division,2020,2020/2021
Real Betis Balompié,Carles Aleñá,22,Central Midfield,Barcelona,"End of loanJul 20, 2020",out,Summer,0,Primera Division,2020,2020/2021
Real Betis Balompié,Alfonso Pedraza,24,Left-Back,Villarreal,"End of loanJul 20, 2020",out,Summer,0,Primera Division,2020,2020/2021
Real Valladolid CF,Shon Weissman,24,Centre-Forward,Wolfsberger AC,£3.60m,in,Summer,3.6,Primera Division,2020,2020/2021
Real Valladolid CF,Javi Sánchez,23,Centre-Back,Real Madrid,£2.70m,in,Summer,2.7,Primera Division,2020,2020/2021
Real Valladolid CF,Saidy Janko,24,Right-Back,FC Porto,£1.71m,in,Summer,1.71,Primera Division,2020,2020/2021
Real Valladolid CF,Jawad El Yamiq,28,Centre-Back,Genoa,£225Th.,in,Summer,0.225,Primera Division,2020,2020/2021
Real Valladolid CF,Raúl Carnero,31,Left-Back,Getafe,£180Th.,in,Summer,0.18,Primera Division,2020,2020/2021
Real Valladolid CF,Bruno González,30,Centre-Back,Levante,free transfer,in,Summer,NA,Primera Division,2020,2020/2021
Real Valladolid CF,Roberto,34,Goalkeeper,West Ham,free transfer,in,Summer,NA,Primera Division,2020,2020/2021
Real Valladolid CF,Luis Pérez,25,Right-Back,CD Tenerife,free transfer,in,Summer,NA,Primera Division,2020,2020/2021
Real Valladolid CF,Fabián Orellana,34,Right Winger,SD Eibar,free transfer,in,Summer,NA,Primera Division,2020,2020/2021
Real Valladolid CF,Roque Mesa,31,Central Midfield,Sevilla FC,free transfer,in,Summer,NA,Primera Division,2020,2020/2021
Real Valladolid CF,Jota,21,Left Winger,Benfica,loan transfer,in,Summer,NA,Primera Division,2020,2020/2021
Real Valladolid CF,Kike Pérez,23,Central Midfield,Valladolid B,-,in,Summer,0,Primera Division,2020,2020/2021
Real Valladolid CF,Roberto Corral,22,Left-Back,Valladolid B,-,in,Summer,0,Primera Division,2020,2020/2021
Real Valladolid CF,Diego Alende,22,Centre-Back,Valladolid B,-,in,Summer,0,Primera Division,2020,2020/2021
Real Valladolid CF,Carlos Doncel,23,Left Winger,Valladolid B,-,in,Summer,0,Primera Division,2020,2020/2021
Real Valladolid CF,Víctor García,23,Right Winger,Valladolid B,-,in,Summer,0,Primera Division,2020,2020/2021
Real Valladolid CF,Moi Delgado,26,Left-Back,Racing,"End of loanJul 21, 2020",in,Summer,0,Primera Division,2020,2020/2021
Real Valladolid CF,Marcos André,23,Centre-Forward,CD Mirandés,"End of loanJun 30, 2020",in,Summer,0,Primera Division,2020,2020/2021
Real Valladolid CF,Chris Ramos,23,Centre-Forward,CD Badajoz,"End of loanJul 27, 2020",in,Summer,0,Primera Division,2020,2020/2021
Real Valladolid CF,Anuar,25,Central Midfield,Panathinaikos,"End of loanJul 31, 2020",in,Summer,0,Primera Division,2020,2020/2021
Real Valladolid CF,Luismi,28,Defensive Midfield,Real Oviedo,"End of loanJul 21, 2020",in,Summer,0,Primera Division,2020,2020/2021
Real Valladolid CF,Álvaro Aguado,24,Attacking Midfield,CD Numancia,"End of loanJun 30, 2020",in,Summer,0,Primera Division,2020,2020/2021
Real Valladolid CF,Sekou Gassama,25,Centre-Forward,CF Fuenlabrada,"End of loanAug 12, 2020",in,Summer,0,Primera Division,2020,2020/2021
Real Valladolid CF,El Hacen,22,Central Midfield,CD Lugo,"End of loanJul 21, 2020",in,Summer,0,Primera Division,2020,2020/2021
Real Valladolid CF,Mohammed Salisu,21,Centre-Back,Southampton,£10.80m,out,Summer,10.8,Primera Division,2020,2020/2021
Real Valladolid CF,Stiven Plaza,21,Centre-Forward,Trabzonspor,Loan fee:£90Th.,out,Summer,0.09,Primera Division,2020,2020/2021
Real Valladolid CF,Antoñito,32,Right-Back,Panathinaikos,free transfer,out,Summer,NA,Primera Division,2020,2020/2021
Real Valladolid CF,Luismi,28,Defensive Midfield,Elche CF,free transfer,out,Summer,NA,Primera Division,2020,2020/2021
Real Valladolid CF,El Hacen,22,Central Midfield,CD Lugo,loan transfer,out,Summer,NA,Primera Division,2020,2020/2021
Real Valladolid CF,José Antonio Caro,26,Goalkeeper,Ponferradina,loan transfer,out,Summer,NA,Primera Division,2020,2020/2021
Real Valladolid CF,Carlos Doncel,23,Left Winger,Ponferradina,loan transfer,out,Summer,NA,Primera Division,2020,2020/2021
Real Valladolid CF,Diego Alende,22,Centre-Back,CD Lugo,loan transfer,out,Summer,NA,Primera Division,2020,2020/2021
Real Valladolid CF,Moi Delgado,26,Left-Back,CF Fuenlabrada,loan transfer,out,Summer,NA,Primera Division,2020,2020/2021
Real Valladolid CF,Anuar,25,Central Midfield,APOEL Nicosia,loan transfer,out,Summer,NA,Primera Division,2020,2020/2021
Real Valladolid CF,Roberto Corral,23,Left-Back,CD Numancia,loan transfer,out,Summer,NA,Primera Division,2020,2020/2021
Real Valladolid CF,Víctor García,23,Right Winger,CE Sabadell,loan transfer,out,Summer,NA,Primera Division,2020,2020/2021
Real Valladolid CF,Chris Ramos,23,Centre-Forward,CD Lugo,loan transfer,out,Summer,NA,Primera Division,2020,2020/2021
Real Valladolid CF,Sekou Gassama,25,Centre-Forward,CF Fuenlabrada,loan transfer,out,Summer,NA,Primera Division,2020,2020/2021
Real Valladolid CF,Álvaro Aguado,24,Attacking Midfield,CF Fuenlabrada,loan transfer,out,Summer,NA,Primera Division,2020,2020/2021
Real Valladolid CF,Javi Moyano,34,Right-Back,Without Club,-,out,Summer,0,Primera Division,2020,2020/2021
Real Valladolid CF,Hatem Ben Arfa,33,Attacking Midfield,Without Club,-,out,Summer,0,Primera Division,2020,2020/2021
Real Valladolid CF,Sandro Ramírez,25,Centre-Forward,Everton,"End of loanJul 20, 2020",out,Summer,0,Primera Division,2020,2020/2021
Real Valladolid CF,Javi Sánchez,23,Centre-Back,Real Madrid,"End of loanJun 30, 2020",out,Summer,0,Primera Division,2020,2020/2021
Real Valladolid CF,Pedro Porro,20,Right-Back,Man City,"End of loanJul 20, 2020",out,Summer,0,Primera Division,2020,2020/2021
Real Valladolid CF,Raúl Carnero,31,Left-Back,Getafe,"End of loanJul 20, 2020",out,Summer,0,Primera Division,2020,2020/2021
Real Valladolid CF,Enes Ünal,23,Centre-Forward,Villarreal,"End of loanJul 20, 2020",out,Summer,0,Primera Division,2020,2020/2021
Cádiz CF,Álvaro Giménez,29,Centre-Forward,Birmingham,£2.43m,in,Summer,2.43,Primera Division,2020,2020/2021
Cádiz CF,Choco Lozano,27,Centre-Forward,Girona,£2.25m,in,Summer,2.25,Primera Division,2020,2020/2021
Cádiz CF,Iván Alejo,25,Right Winger,Getafe,£1.80m,in,Summer,1.8,Primera Division,2020,2020/2021
Cádiz CF,Jorge Pombo,26,Attacking Midfield,Real Zaragoza,£1.08m,in,Summer,1.08,Primera Division,2020,2020/2021
Cádiz CF,Filip Malbasic,27,Right Winger,CD Tenerife,£900Th.,in,Summer,0.9,Primera Division,2020,2020/2021
Cádiz CF,Jeremías Ledesma,27,Goalkeeper,Rosario Central,Loan fee:£450Th.,in,Summer,0.45,Primera Division,2020,2020/2021
Cádiz CF,Jairo Izquierdo,26,Left Winger,Girona,Loan fee:£180Th.,in,Summer,0.18,Primera Division,2020,2020/2021
Cádiz CF,Dani Sotres,27,Goalkeeper,Salamanca CF,free transfer,in,Summer,NA,Primera Division,2020,2020/2021
Cádiz CF,Jens Jönsson,27,Defensive Midfield,Konyaspor,free transfer,in,Summer,NA,Primera Division,2020,2020/2021
Cádiz CF,Nano Mesa,25,Centre-Forward,SD Eibar,free transfer,in,Summer,NA,Primera Division,2020,2020/2021
Cádiz CF,David Mayoral,23,Right Winger,UCAM Murcia,free transfer,in,Summer,NA,Primera Division,2020,2020/2021
Cádiz CF,Álvaro Negredo,34,Centre-Forward,Al-Nasr,free transfer,in,Summer,NA,Primera Division,2020,2020/2021
Cádiz CF,Gaspar Panadero,22,Left Winger,Al-Wahda FC,free transfer,in,Summer,NA,Primera Division,2020,2020/2021
Cádiz CF,Pedro Alcalá,31,Centre-Back,Girona,free transfer,in,Summer,NA,Primera Division,2020,2020/2021
Cádiz CF,Bobby Adekanye,21,Right Winger,Lazio,loan transfer,in,Summer,NA,Primera Division,2020,2020/2021
Cádiz CF,Sergio González,23,Defensive Midfield,Cádiz B,-,in,Summer,0,Primera Division,2020,2020/2021
Cádiz CF,José Matos,25,Left-Back,Twente FC,"End of loanJun 30, 2020",in,Summer,0,Primera Division,2020,2020/2021
Cádiz CF,David Carmona,23,Right-Back,Racing,"End of loanJul 21, 2020",in,Summer,0,Primera Division,2020,2020/2021
Cádiz CF,Dani Romera,24,Centre-Forward,Alcorcón,"End of loanJul 21, 2020",in,Summer,0,Primera Division,2020,2020/2021
Cádiz CF,Djordje Jovanovic,21,Centre-Forward,FC Cartagena,"End of loanJul 27, 2020",in,Summer,0,Primera Division,2020,2020/2021
Cádiz CF,Brian Oliván,26,Left-Back,Girona,"End of loanAug 24, 2020",in,Summer,0,Primera Division,2020,2020/2021
Cádiz CF,Caye Quintana,26,Centre-Forward,CF Fuenlabrada,"End of loanAug 12, 2020",in,Summer,0,Primera Division,2020,2020/2021
Cádiz CF,Christian Martínez,23,Defensive Midfield,Recr. Huelva,"End of loanJun 30, 2020",in,Summer,0,Primera Division,2020,2020/2021
Cádiz CF,Javi Navarro,23,Left Winger,Ponferradina,"End of loanJul 21, 2020",in,Summer,0,Primera Division,2020,2020/2021
Cádiz CF,David Querol,31,Right Winger,Albacete,"End of loanJul 21, 2020",in,Summer,0,Primera Division,2020,2020/2021
Cádiz CF,Sergio Sánchez,34,Centre-Back,Albacete,"End of loanJul 21, 2020",in,Summer,0,Primera Division,2020,2020/2021
Cádiz CF,Brian Oliván,26,Left-Back,RCD Mallorca,free transfer,out,Summer,NA,Primera Division,2020,2020/2021
Cádiz CF,Dani Romera,25,Centre-Forward,Ponferradina,free transfer,out,Summer,NA,Primera Division,2020,2020/2021
Cádiz CF,David Carmona,23,Right-Back,Betis Deportivo,free transfer,out,Summer,NA,Primera Division,2020,2020/2021
Cádiz CF,Edu Ramos,28,Central Midfield,Marbella FC,free transfer,out,Summer,NA,Primera Division,2020,2020/2021
Cádiz CF,Jean-Pierre Rhyner,24,Centre-Back,FC Cartagena,loan transfer,out,Summer,NA,Primera Division,2020,2020/2021
Cádiz CF,Gaspar Panadero,22,Left Winger,Ponferradina,loan transfer,out,Summer,NA,Primera Division,2020,2020/2021
Cádiz CF,José Matos,25,Left-Back,Málaga CF,loan transfer,out,Summer,NA,Primera Division,2020,2020/2021
Cádiz CF,Caye Quintana,26,Centre-Forward,Málaga CF,loan transfer,out,Summer,NA,Primera Division,2020,2020/2021
Cádiz CF,David Mayoral,23,Right Winger,FC Hermannstadt,loan transfer,out,Summer,NA,Primera Division,2020,2020/2021
Cádiz CF,Dani Sotres,27,Goalkeeper,R. Majadahonda,loan transfer,out,Summer,NA,Primera Division,2020,2020/2021
Cádiz CF,Javi Navarro,23,Left Winger,Albacete,loan transfer,out,Summer,NA,Primera Division,2020,2020/2021
Cádiz CF,David Querol,31,Right Winger,Without Club,-,out,Summer,0,Primera Division,2020,2020/2021
Cádiz CF,Alberto Cifuentes,41,Goalkeeper,Retired,-,out,Summer,0,Primera Division,2020,2020/2021
Cádiz CF,José Manuel Jurado,34,Attacking Midfield,Retired,-,out,Summer,0,Primera Division,2020,2020/2021
Cádiz CF,Djordje Jovanovic,21,Centre-Forward,Without Club,-,out,Summer,0,Primera Division,2020,2020/2021
Cádiz CF,Christian Martínez,23,Defensive Midfield,Cádiz B,-,out,Summer,0,Primera Division,2020,2020/2021
Cádiz CF,Sergio Sánchez,34,Centre-Back,Without Club,-,out,Summer,0,Primera Division,2020,2020/2021
Cádiz CF,Jorge Pombo,26,Attacking Midfield,Real Zaragoza,"End of loanJul 21, 2020",out,Summer,0,Primera Division,2020,2020/2021
Cádiz CF,Nano Mesa,25,Centre-Forward,SD Eibar,"End of loanJul 21, 2020",out,Summer,0,Primera Division,2020,2020/2021
Cádiz CF,Iván Alejo,25,Right Winger,Getafe,"End of loanJul 21, 2020",out,Summer,0,Primera Division,2020,2020/2021
Cádiz CF,Choco Lozano,27,Centre-Forward,Girona,"End of loanJul 21, 2020",out,Summer,0,Primera Division,2020,2020/2021
Cádiz CF,Filip Malbasic,27,Right Winger,CD Tenerife,"End of loanJul 21, 2020",out,Summer,0,Primera Division,2020,2020/2021
Cádiz CF,Álvaro Giménez,29,Centre-Forward,Birmingham,"End of loanJul 21, 2020",out,Summer,0,Primera Division,2020,2020/2021
SD Eibar,Damian Kadzior,28,Right Winger,Dinamo Zagreb,£1.80m,in,Summer,1.8,Primera Division,2020,2020/2021
SD Eibar,Bryan Gil,19,Left Winger,Sevilla FC,loan transfer,in,Summer,NA,Primera Division,2020,2020/2021
SD Eibar,Kévin Rodrigues,26,Left-Back,Real Sociedad,loan transfer,in,Summer,NA,Primera Division,2020,2020/2021
SD Eibar,Yoshinori Muto,28,Centre-Forward,Newcastle,loan transfer,in,Summer,NA,Primera Division,2020,2020/2021
SD Eibar,Alejandro Pozo,21,Right-Back,Sevilla FC,loan transfer,in,Summer,NA,Primera Division,2020,2020/2021
SD Eibar,Recio,29,Central Midfield,CD Leganés,loan transfer,in,Summer,NA,Primera Division,2020,2020/2021
SD Eibar,Roberto Olabe,24,Central Midfield,Extremadura,"End of loanJul 21, 2020",in,Summer,0,Primera Division,2020,2020/2021
SD Eibar,Jordi Calavera,25,Right-Back,Girona,"End of loanAug 24, 2020",in,Summer,0,Primera Division,2020,2020/2021
SD Eibar,Nano Mesa,25,Centre-Forward,Cádiz CF,"End of loanJul 21, 2020",in,Summer,0,Primera Division,2020,2020/2021
SD Eibar,José Antonio Martínez,27,Centre-Back,Granada CF,"End of loanJul 20, 2020",in,Summer,0,Primera Division,2020,2020/2021
SD Eibar,Asier Benito,25,Centre-Forward,Ponferradina,"End of loanJul 21, 2020",in,Summer,0,Primera Division,2020,2020/2021
SD Eibar,Gonzalo Escalante,27,Central Midfield,Lazio,free transfer,out,Summer,NA,Primera Division,2020,2020/2021
SD Eibar,Charles,36,Centre-Forward,Pontevedra,free transfer,out,Summer,NA,Primera Division,2020,2020/2021
SD Eibar,Jordi Calavera,25,Right-Back,Girona,free transfer,out,Summer,NA,Primera Division,2020,2020/2021
SD Eibar,Fabián Orellana,34,Right Winger,Real Valladolid,free transfer,out,Summer,NA,Primera Division,2020,2020/2021
SD Eibar,Nano Mesa,25,Centre-Forward,Cádiz CF,free transfer,out,Summer,NA,Primera Division,2020,2020/2021
SD Eibar,Asier Benito,25,Centre-Forward,CD Numancia,loan transfer,out,Summer,NA,Primera Division,2020,2020/2021
SD Eibar,Álvaro Tejero,24,Right-Back,Real Zaragoza,loan transfer,out,Summer,NA,Primera Division,2020,2020/2021
SD Eibar,Pablo de Blasis,32,Left Winger,Without Club,-,out,Summer,0,Primera Division,2020,2020/2021
SD Eibar,Iván Ramis,35,Centre-Back,Retired,-,out,Summer,0,Primera Division,2020,2020/2021
SD Eibar,Sebastián Cristóforo,26,Central Midfield,Fiorentina,"End of loanJul 20, 2020",out,Summer,0,Primera Division,2020,2020/2021
Deportivo Alavés,Jota Peleteiro,29,Right Winger,Aston Villa,free transfer,in,Summer,NA,Primera Division,2020,2020/2021
Deportivo Alavés,Carlos Isaac,22,Right-Back,Atl. Madrid B,free transfer,in,Summer,NA,Primera Division,2020,2020/2021
Deportivo Alavés,Deyverson,29,Centre-Forward,Palmeiras,loan transfer,in,Summer,NA,Primera Division,2020,2020/2021
Deportivo Alavés,Rodrigo Battaglia,29,Central Midfield,Sporting CP,loan transfer,in,Summer,NA,Primera Division,2020,2020/2021
Deportivo Alavés,Florian Lejeune,29,Centre-Back,Newcastle,loan transfer,in,Summer,NA,Primera Division,2020,2020/2021
Deportivo Alavés,Tomás Tavares,19,Right-Back,Benfica,loan transfer,in,Summer,NA,Primera Division,2020,2020/2021
Deportivo Alavés,Javi López,18,Left-Back,Depor. Alavés B,-,in,Summer,0,Primera Division,2020,2020/2021
Deportivo Alavés,José Luis Rodríguez,22,Left Winger,Depor. Alavés B,-,in,Summer,0,Primera Division,2020,2020/2021
Deportivo Alavés,Adrián Diéguez,24,Centre-Back,Alcorcón,"End of loanJul 21, 2020",in,Summer,0,Primera Division,2020,2020/2021
Deportivo Alavés,Ramón Miérez,23,Centre-Forward,CD Tenerife,"End of loanJul 21, 2020",in,Summer,0,Primera Division,2020,2020/2021
Deportivo Alavés,Patrick Twumasi,26,Right Winger,Gaziantep FK,"End of loanJun 30, 2020",in,Summer,0,Primera Division,2020,2020/2021
Deportivo Alavés,Olivier Verdon,24,Centre-Back,KAS Eupen,"End of loanJun 30, 2020",in,Summer,0,Primera Division,2020,2020/2021
Deportivo Alavés,Ermedin Demirovic,22,Centre-Forward,FC St. Gallen,"End of loanAug 4, 2020",in,Summer,0,Primera Division,2020,2020/2021
Deportivo Alavés,Saúl García,25,Left-Back,Rayo Vallecano,"End of loanJul 21, 2020",in,Summer,0,Primera Division,2020,2020/2021
Deportivo Alavés,Anderson Cruz,24,Left Winger,CF Fuenlabrada,"End of loanAug 12, 2020",in,Summer,0,Primera Division,2020,2020/2021
Deportivo Alavés,Antonio Sivera,24,Goalkeeper,UD Almería,"End of loanAug 17, 2020",in,Summer,0,Primera Division,2020,2020/2021
Deportivo Alavés,John Guidetti,28,Centre-Forward,Hannover 96,"End of loanJun 30, 2020",in,Summer,0,Primera Division,2020,2020/2021
Deportivo Alavés,Javi Muñoz,25,Central Midfield,CD Tenerife,"End of loanJul 21, 2020",in,Summer,0,Primera Division,2020,2020/2021
Deportivo Alavés,Burgui,26,Left Winger,Real Zaragoza,"End of loanAug 17, 2020",in,Summer,0,Primera Division,2020,2020/2021
Deportivo Alavés,Ermedin Demirovic,22,Centre-Forward,SC Freiburg,£3.33m,out,Summer,3.33,Primera Division,2020,2020/2021
Deportivo Alavés,Patrick Twumasi,26,Right Winger,Hannover 96,£630Th.,out,Summer,0.63,Primera Division,2020,2020/2021
Deportivo Alavés,Jeando Fuchs,22,Defensive Midfield,Dundee United,?,out,Summer,NA,Primera Division,2020,2020/2021
Deportivo Alavés,Adrián Diéguez,24,Centre-Back,CF Fuenlabrada,?,out,Summer,NA,Primera Division,2020,2020/2021
Deportivo Alavés,Anderson Cruz,24,Left Winger,Bolívar,?,out,Summer,NA,Primera Division,2020,2020/2021
Deportivo Alavés,Rafa Navarro,26,Right-Back,NK Istra,loan transfer,out,Summer,NA,Primera Division,2020,2020/2021
Deportivo Alavés,Ramón Miérez,23,Centre-Forward,NK Osijek,loan transfer,out,Summer,NA,Primera Division,2020,2020/2021
Deportivo Alavés,Carlos Isaac,22,Right-Back,Albacete,loan transfer,out,Summer,NA,Primera Division,2020,2020/2021
Deportivo Alavés,José Luis Rodríguez,22,Left Winger,CD Lugo,loan transfer,out,Summer,NA,Primera Division,2020,2020/2021
Deportivo Alavés,Olivier Verdon,24,Centre-Back,Ludogorets,loan transfer,out,Summer,NA,Primera Division,2020,2020/2021
Deportivo Alavés,Javi Muñoz,25,Central Midfield,CD Mirandés,loan transfer,out,Summer,NA,Primera Division,2020,2020/2021
Deportivo Alavés,Saúl García,25,Left-Back,Sporting Gijón,loan transfer,out,Summer,NA,Primera Division,2020,2020/2021
Deportivo Alavés,Víctor Camarasa,26,Central Midfield,Real Betis,"End of loanJul 20, 2020",out,Summer,0,Primera Division,2020,2020/2021
Deportivo Alavés,Aleix Vidal,30,Right-Back,Sevilla FC,"End of loanJul 20, 2020",out,Summer,0,Primera Division,2020,2020/2021
Deportivo Alavés,Oliver Burke,23,Centre-Forward,West Brom,"End of loanJul 20, 2020",out,Summer,0,Primera Division,2020,2020/2021
Deportivo Alavés,Lisandro Magallán,26,Centre-Back,Ajax,"End of loanJul 20, 2020",out,Summer,0,Primera Division,2020,2020/2021
Deportivo Alavés,Ismael Gutiérrez,20,Central Midfield,Real Betis,"End of loanOct 2, 2020",out,Summer,0,Primera Division,2020,2020/2021
Deportivo Alavés,Roberto,34,Goalkeeper,West Ham,"End of loanJul 20, 2020",out,Summer,0,Primera Division,2020,2020/2021
Deportivo Alavés,Ljubomir Fejsa,31,Defensive Midfield,Benfica,"End of loanJul 20, 2020",out,Summer,0,Primera Division,2020,2020/2021
Deportivo Alavés,Deyverson,30,Centre-Forward,Palmeiras,"End of loanMay 31, 2021",out,Summer,0,Primera Division,2020,2020/2021
SD Huesca,Borja García,29,Attacking Midfield,Girona,£1.35m,in,Summer,1.35,Primera Division,2020,2020/2021
SD Huesca,Dimitrios Siovas,32,Centre-Back,CD Leganés,£900Th.,in,Summer,0.9,Primera Division,2020,2020/2021
SD Huesca,Javi Ontiveros,23,Left Winger,Villarreal,Loan fee:£585Th.,in,Summer,0.585,Primera Division,2020,2020/2021
SD Huesca,Andrés Fernández,33,Goalkeeper,Villarreal,£450Th.,in,Summer,0.45,Primera Division,2020,2020/2021
SD Huesca,Pablo Insua,26,Centre-Back,FC Schalke 04,£225Th.,in,Summer,0.225,Primera Division,2020,2020/2021
SD Huesca,Sandro Ramírez,25,Centre-Forward,Everton,free transfer,in,Summer,NA,Primera Division,2020,2020/2021
SD Huesca,Gastón Silva,26,Centre-Back,Independiente,free transfer,in,Summer,NA,Primera Division,2020,2020/2021
SD Huesca,Idrissa Doumbia,22,Defensive Midfield,Sporting CP,loan transfer,in,Summer,NA,Primera Division,2020,2020/2021
SD Huesca,Pablo Maffeo,23,Right-Back,VfB Stuttgart,loan transfer,in,Summer,NA,Primera Division,2020,2020/2021
SD Huesca,Juan Peñaloza,20,Left Winger,SD Ejea,-,in,Summer,0,Primera Division,2020,2020/2021
SD Huesca,Kike Hermoso,20,Centre-Back,SD Ejea,-,in,Summer,0,Primera Division,2020,2020/2021
SD Huesca,Ronald Gbizie,23,Central Midfield,SD Ejea,-,in,Summer,0,Primera Division,2020,2020/2021
SD Huesca,Serdar Gürler,28,Right Winger,Göztepe,"End of loanAug 3, 2020",in,Summer,0,Primera Division,2020,2020/2021
SD Huesca,Jonathan Toro,23,Attacking Midfield,Tondela,"End of loanJul 30, 2020",in,Summer,0,Primera Division,2020,2020/2021
SD Huesca,Aleksandar Jovanovic,27,Goalkeeper,Aarhus GF,"End of loanDec 31, 2019",in,Summer,0,Primera Division,2020,2020/2021
SD Huesca,Jaime Seoane,23,Central Midfield,CD Lugo,"End of loanJul 21, 2020",in,Summer,0,Primera Division,2020,2020/2021
SD Huesca,Dani Escriche,22,Centre-Forward,Elche CF,"End of loanAug 24, 2020",in,Summer,0,Primera Division,2020,2020/2021
SD Huesca,Joaquín Muñoz,21,Left Winger,CD Mirandés,"End of loanJul 21, 2020",in,Summer,0,Primera Division,2020,2020/2021
SD Huesca,Aleksandar Jovanovic,27,Goalkeeper,Dep. La Coruña,"End of loanJul 21, 2020",in,Summer,0,Primera Division,2020,2020/2021
SD Huesca,Jonathan Toro,23,Attacking Midfield,Chaves,free transfer,out,Summer,NA,Primera Division,2020,2020/2021
SD Huesca,Kike Hermoso,21,Centre-Back,Betis Deportivo,free transfer,out,Summer,NA,Primera Division,2020,2020/2021
SD Huesca,Aleksandar Jovanovic,27,Goalkeeper,Apol. Limassol,free transfer,out,Summer,NA,Primera Division,2020,2020/2021
SD Huesca,Serdar Gürler,28,Right Winger,Antalyaspor,?,out,Summer,NA,Primera Division,2020,2020/2021
SD Huesca,Joaquín Muñoz,21,Left Winger,Málaga CF,loan transfer,out,Summer,NA,Primera Division,2020,2020/2021
SD Huesca,Juan Peñaloza,20,Left Winger,Racing Ferrol,loan transfer,out,Summer,NA,Primera Division,2020,2020/2021
SD Huesca,Ronald Gbizie,23,Central Midfield,CD Numancia,loan transfer,out,Summer,NA,Primera Division,2020,2020/2021
SD Huesca,Cheick Doukouré,27,Defensive Midfield,Levante,"End of loanJun 30, 2020",out,Summer,0,Primera Division,2020,2020/2021
SD Huesca,Miguelón,24,Right-Back,Villarreal,"End of loanJul 21, 2020",out,Summer,0,Primera Division,2020,2020/2021
SD Huesca,Dani Raba,24,Right Winger,Villarreal,"End of loanJul 21, 2020",out,Summer,0,Primera Division,2020,2020/2021
SD Huesca,Cristo González,22,Centre-Forward,Udinese Calcio,"End of loanJul 21, 2020",out,Summer,0,Primera Division,2020,2020/2021
SD Huesca,Pablo Insua,26,Centre-Back,FC Schalke 04,"End of loanJul 21, 2020",out,Summer,0,Primera Division,2020,2020/2021
SD Huesca,Rubén Yáñez,26,Goalkeeper,Getafe,"End of loanJul 21, 2020",out,Summer,0,Primera Division,2020,2020/2021
SD Huesca,Josué Sá,28,Centre-Back,RSC Anderlecht,"End of loanJul 21, 2020",out,Summer,0,Primera Division,2020,2020/2021
SD Huesca,Toni Datkovic,26,Centre-Back,NK Lokomotiva,"End of loanJul 31, 2020",out,Summer,0,Primera Division,2020,2020/2021
SD Huesca,Jordi Mboula,21,Right Winger,Monaco,"End of loanJul 21, 2020",out,Summer,0,Primera Division,2020,2020/2021
Celta de Vigo,Miguel Baeza,20,Attacking Midfield,RM Castilla,£2.25m,in,Summer,2.25,Primera Division,2020,2020/2021
Celta de Vigo,Álvaro Vadillo,25,Left Winger,Granada CF,free transfer,in,Summer,NA,Primera Division,2020,2020/2021
Celta de Vigo,Renato Tapia,25,Defensive Midfield,Feyenoord,free transfer,in,Summer,NA,Primera Division,2020,2020/2021
Celta de Vigo,Emre Mor,22,Right Winger,Olympiacos,"End of loanJun 30, 2020",in,Summer,0,Primera Division,2020,2020/2021
Celta de Vigo,David Costas,25,Centre-Back,UD Almería,"End of loanAug 17, 2020",in,Summer,0,Primera Division,2020,2020/2021
Celta de Vigo,Jozabed Sánchez,29,Central Midfield,Girona,"End of loanAug 24, 2020",in,Summer,0,Primera Division,2020,2020/2021
Celta de Vigo,Robert Mazan,26,Left-Back,CD Tenerife,"End of loanJun 30, 2020",in,Summer,0,Primera Division,2020,2020/2021
Celta de Vigo,Pione Sisto,25,Left Winger,FC Midtjylland,£2.25m,out,Summer,2.25,Primera Division,2020,2020/2021
Celta de Vigo,Robert Mazan,26,Left-Back,Mlada Boleslav,free transfer,out,Summer,NA,Primera Division,2020,2020/2021
Celta de Vigo,Álvaro Vadillo,26,Left Winger,Espanyol,loan transfer,out,Summer,NA,Primera Division,2020,2020/2021
Celta de Vigo,Jozabed Sánchez,29,Central Midfield,Málaga CF,loan transfer,out,Summer,NA,Primera Division,2020,2020/2021
Celta de Vigo,Gabriel Fernández,26,Centre-Forward,Real Zaragoza,loan transfer,out,Summer,NA,Primera Division,2020,2020/2021
Celta de Vigo,Juan Hernández,25,Right Winger,CE Sabadell,loan transfer,out,Summer,NA,Primera Division,2020,2020/2021
Celta de Vigo,Fedor Smolov,30,Centre-Forward,Loko Moscow,"End of loanJul 27, 2020",out,Summer,0,Primera Division,2020,2020/2021
Celta de Vigo,Filip Bradaric,28,Defensive Midfield,Cagliari Calcio,"End of loanJul 20, 2020",out,Summer,0,Primera Division,2020,2020/2021
Celta de Vigo,Rafinha,27,Attacking Midfield,Barcelona,"End of loanJul 20, 2020",out,Summer,0,Primera Division,2020,2020/2021
Celta de Vigo,Pape Cheikh,22,Central Midfield,Olympique Lyon,"End of loanJul 20, 2020",out,Summer,0,Primera Division,2020,2020/2021
Elche CF,Raúl Guti,23,Central Midfield,Real Zaragoza,£4.50m,in,Summer,4.5,Primera Division,2020,2020/2021
Elche CF,Tete Morente,23,Left Winger,Málaga CF,£450Th.,in,Summer,0.45,Primera Division,2020,2020/2021
Elche CF,Iván Marcone,30,Defensive Midfield,Boca Juniors,Loan fee:£450Th.,in,Summer,0.45,Primera Division,2020,2020/2021
Elche CF,Emiliano Rigoni,27,Right Winger,Zenit S-Pb,£90Th.,in,Summer,0.09,Primera Division,2020,2020/2021
Elche CF,Antonio Barragán,33,Right-Back,Real Betis,free transfer,in,Summer,NA,Primera Division,2020,2020/2021
Elche CF,Luismi,28,Defensive Midfield,Real Valladolid,free transfer,in,Summer,NA,Primera Division,2020,2020/2021
Elche CF,Miguel Cifuentes,29,Right-Back,Málaga CF,free transfer,in,Summer,NA,Primera Division,2020,2020/2021
Elche CF,Guido Carrillo,29,Centre-Forward,Southampton,free transfer,in,Summer,NA,Primera Division,2020,2020/2021
Elche CF,Juan Sánchez Miño,30,Left-Back,Independiente,free transfer,in,Summer,NA,Primera Division,2020,2020/2021
Elche CF,Jeison Lucumí,25,Right Winger,Tigres UANL,free transfer,in,Summer,NA,Primera Division,2020,2020/2021
Elche CF,Diego González,25,Centre-Back,Málaga CF,free transfer,in,Summer,NA,Primera Division,2020,2020/2021
Elche CF,Youssouf Koné,25,Left-Back,Olympique Lyon,loan transfer,in,Summer,NA,Primera Division,2020,2020/2021
Elche CF,Diego Rodríguez,31,Goalkeeper,Defensa,loan transfer,in,Summer,NA,Primera Division,2020,2020/2021
Elche CF,Lucas Boyé,24,Centre-Forward,Torino,loan transfer,in,Summer,NA,Primera Division,2020,2020/2021
Elche CF,Jony Ñiguez,35,Central Midfield,CD Alcoyano,"End of loanJul 27, 2020",in,Summer,0,Primera Division,2020,2020/2021
Elche CF,Manu Justo,24,Second Striker,Celta Vigo B,"End of loanJun 30, 2020",in,Summer,0,Primera Division,2020,2020/2021
Elche CF,Juan Cruz,28,Left-Back,CA Osasuna,£2.70m,out,Summer,2.7,Primera Division,2020,2020/2021
Elche CF,Emiliano Rigoni,28,Right Winger,São Paulo,£1.62m,out,Summer,1.62,Primera Division,2020,2020/2021
Elche CF,Óscar Gil,22,Right-Back,Espanyol,£450Th.,out,Summer,0.45,Primera Division,2020,2020/2021
Elche CF,Jonathas,31,Centre-Forward,Sharjah FC,free transfer,out,Summer,NA,Primera Division,2020,2020/2021
Elche CF,Claudio Medina,27,Centre-Forward,Burgos CF,free transfer,out,Summer,NA,Primera Division,2020,2020/2021
Elche CF,Manuel Sánchez,32,Defensive Midfield,Real Ávila,free transfer,out,Summer,NA,Primera Division,2020,2020/2021
Elche CF,Jony Ñiguez,35,Central Midfield,CD Alcoyano,free transfer,out,Summer,NA,Primera Division,2020,2020/2021
Elche CF,Tekio,30,Right-Back,Volos NPS,free transfer,out,Summer,NA,Primera Division,2020,2020/2021
Elche CF,Iván Sánchez,27,Right Winger,Birmingham,free transfer,out,Summer,NA,Primera Division,2020,2020/2021
Elche CF,Ramón Folch,31,Central Midfield,CD Tenerife,loan transfer,out,Summer,NA,Primera Division,2020,2020/2021
Elche CF,Manu Justo,24,Second Striker,Celta Vigo B,loan transfer,out,Summer,NA,Primera Division,2020,2020/2021
Elche CF,Miguel San Román,23,Goalkeeper,Atl. Madrid B,"End of loanAug 24, 2020",out,Summer,0,Primera Division,2020,2020/2021
Elche CF,Dani Escriche,22,Centre-Forward,SD Huesca,"End of loanAug 24, 2020",out,Summer,0,Primera Division,2020,2020/2021
Elche CF,Andoni López,24,Left-Back,Athletic,"End of loanAug 24, 2020",out,Summer,0,Primera Division,2020,2020/2021
Real Madrid,Takefusa Kubo,19,Right Winger,Villarreal,"End of loanJan 7, 2021",in,Winter,0,Primera Division,2020,2020/2021
Real Madrid,Martin Ødegaard,22,Attacking Midfield,Arsenal,Loan fee:£1.80m,out,Winter,1.8,Primera Division,2020,2020/2021
Real Madrid,Takefusa Kubo,19,Right Winger,Getafe,Loan fee:£1.13m,out,Winter,1.13,Primera Division,2020,2020/2021
Real Madrid,Luka Jovic,23,Centre-Forward,E. Frankfurt,Loan fee:£900Th.,out,Winter,0.9,Primera Division,2020,2020/2021
FC Barcelona,Óscar Mingueza,21,Centre-Back,Barcelona B,-,in,Winter,0,Primera Division,2020,2020/2021
FC Barcelona,Moussa Wagué,22,Right-Back,PAOK Salonika,"End of loanDec 31, 2020",in,Winter,0,Primera Division,2020,2020/2021
FC Barcelona,Jean-Clair Todibo,21,Centre-Back,Benfica,"End of loanJan 31, 2021",in,Winter,0,Primera Division,2020,2020/2021
FC Barcelona,Carles Aleñá,23,Central Midfield,Getafe,loan transfer,out,Winter,NA,Primera Division,2020,2020/2021
FC Barcelona,Jean-Clair Todibo,21,Centre-Back,OGC Nice,loan transfer,out,Winter,NA,Primera Division,2020,2020/2021
Atlético de Madrid,Geoffrey Kondogbia,27,Defensive Midfield,Valencia,£13.50m,in,Winter,13.5,Primera Division,2020,2020/2021
Atlético de Madrid,Moussa Dembélé,24,Centre-Forward,Olympique Lyon,Loan fee:£1.35m,in,Winter,1.35,Primera Division,2020,2020/2021
Atlético de Madrid,Víctor Mollejo,20,Right Winger,Getafe,"End of loanJan 31, 2021",in,Winter,0,Primera Division,2020,2020/2021
Atlético de Madrid,Manu Sánchez,20,Left-Back,CA Osasuna,loan transfer,out,Winter,NA,Primera Division,2020,2020/2021
Atlético de Madrid,Ivan Saponjic,23,Centre-Forward,Cádiz CF,loan transfer,out,Winter,NA,Primera Division,2020,2020/2021
Atlético de Madrid,Víctor Mollejo,20,Right Winger,RCD Mallorca,loan transfer,out,Winter,NA,Primera Division,2020,2020/2021
Atlético de Madrid,Diego Costa,32,Centre-Forward,Without Club,-,out,Winter,0,Primera Division,2020,2020/2021
Sevilla FC,Papu Gómez,32,Second Striker,Atalanta BC,£4.50m,in,Winter,4.5,Primera Division,2020,2020/2021
Sevilla FC,Carlos Fernández,24,Centre-Forward,Real Sociedad,£9.00m,out,Winter,9,Primera Division,2020,2020/2021
Sevilla FC,Oussama Idrissi,24,Left Winger,Ajax,loan transfer,out,Winter,NA,Primera Division,2020,2020/2021
Villarreal CF,Étienne Capoue,32,Defensive Midfield,Watford,£1.80m,in,Winter,1.8,Primera Division,2020,2020/2021
Villarreal CF,Santiago Cáseres,23,Defensive Midfield,América,"End of loanJan 4, 2021",in,Winter,0,Primera Division,2020,2020/2021
Villarreal CF,Andrei Ratiu,22,Right-Back,ADO Den Haag,"End of loanJan 29, 2021",in,Winter,0,Primera Division,2020,2020/2021
Villarreal CF,Santiago Cáseres,23,Defensive Midfield,Vélez Sarsfield,loan transfer,out,Winter,NA,Primera Division,2020,2020/2021
Villarreal CF,Soufiane Chakla,27,Centre-Back,Getafe,loan transfer,out,Winter,NA,Primera Division,2020,2020/2021
Villarreal CF,Takefusa Kubo,19,Right Winger,Real Madrid,"End of loanJan 7, 2021",out,Winter,0,Primera Division,2020,2020/2021
Getafe CF,Takefusa Kubo,19,Right Winger,Real Madrid,Loan fee:£1.13m,in,Winter,1.13,Primera Division,2020,2020/2021
Getafe CF,Carles Aleñá,23,Central Midfield,Barcelona,loan transfer,in,Winter,NA,Primera Division,2020,2020/2021
Getafe CF,Soufiane Chakla,27,Centre-Back,Villarreal,loan transfer,in,Winter,NA,Primera Division,2020,2020/2021
Getafe CF,Jack Harper,24,Centre-Forward,FC Cartagena,"End of loanJan 31, 2021",in,Winter,0,Primera Division,2020,2020/2021
Getafe CF,Leandro Chichizola,30,Goalkeeper,FC Cartagena,free transfer,out,Winter,NA,Primera Division,2020,2020/2021
Getafe CF,Jack Harper,24,Centre-Forward,Villarreal CF B,loan transfer,out,Winter,NA,Primera Division,2020,2020/2021
Getafe CF,Ante Palaversa,20,Defensive Midfield,Man City,"End of loanJan 25, 2021",out,Winter,0,Primera Division,2020,2020/2021
Getafe CF,Víctor Mollejo,20,Right Winger,Atlético Madrid,"End of loanJan 31, 2021",out,Winter,0,Primera Division,2020,2020/2021
Getafe CF,Abdoulay Diaby,29,Right Winger,Sporting CP,"End of loanJan 17, 2021",out,Winter,0,Primera Division,2020,2020/2021
Real Sociedad,Carlos Fernández,24,Centre-Forward,Sevilla FC,£9.00m,in,Winter,9,Primera Division,2020,2020/2021
Real Sociedad,Willian José,29,Centre-Forward,Wolves,loan transfer,out,Winter,NA,Primera Division,2020,2020/2021
Valencia CF,Patrick Cutrone,23,Centre-Forward,Wolves,loan transfer,in,Winter,NA,Primera Division,2020,2020/2021
Valencia CF,Ferro,23,Centre-Back,Benfica,loan transfer,in,Winter,NA,Primera Division,2020,2020/2021
Valencia CF,Christian Oliva,24,Defensive Midfield,Cagliari Calcio,loan transfer,in,Winter,NA,Primera Division,2020,2020/2021
Valencia CF,Cristiano Piccini,28,Right-Back,Atalanta BC,"End of loanJan 23, 2021",in,Winter,0,Primera Division,2020,2020/2021
Valencia CF,Geoffrey Kondogbia,27,Defensive Midfield,Atlético Madrid,£13.50m,out,Winter,13.5,Primera Division,2020,2020/2021
Valencia CF,Rubén Sobrino,28,Centre-Forward,Cádiz CF,loan transfer,out,Winter,NA,Primera Division,2020,2020/2021
Athletic Bilbao,Oier Zarraga,22,Central Midfield,Bilbao Athletic,-,in,Winter,0,Primera Division,2020,2020/2021
Athletic Bilbao,Kenan Kodro,27,Centre-Forward,Real Valladolid,loan transfer,out,Winter,NA,Primera Division,2020,2020/2021
Athletic Bilbao,Iñigo Córdoba,23,Left Winger,Alavés,loan transfer,out,Winter,NA,Primera Division,2020,2020/2021
Granada CF,Adrián Marín,24,Left-Back,Alavés,free transfer,in,Winter,NA,Primera Division,2020,2020/2021
Granada CF,Domingos Quina,21,Central Midfield,Watford,loan transfer,in,Winter,NA,Primera Division,2020,2020/2021
Granada CF,Ramon Azeez,28,Central Midfield,FC Cartagena,loan transfer,out,Winter,NA,Primera Division,2020,2020/2021
CA Osasuna,Manu Sánchez,20,Left-Back,Atlético Madrid,loan transfer,in,Winter,NA,Primera Division,2020,2020/2021
CA Osasuna,Jonás Ramalho,27,Centre-Back,Girona,loan transfer,in,Winter,NA,Primera Division,2020,2020/2021
CA Osasuna,Raúl Navas,32,Centre-Back,FC Cartagena,free transfer,out,Winter,NA,Primera Division,2020,2020/2021
CA Osasuna,Brandon Thomas,25,Centre-Forward,CD Leganés,loan transfer,out,Winter,NA,Primera Division,2020,2020/2021
Levante UD,Dani Cárdenas,23,Goalkeeper,Atl. Levante,-,in,Winter,0,Primera Division,2020,2020/2021
Levante UD,Koke Vegas,25,Goalkeeper,RCD Mallorca,loan transfer,out,Winter,NA,Primera Division,2020,2020/2021
Real Betis Balompié,Yassin Fekir,23,Left Winger,Betis Deportivo,-,in,Winter,0,Primera Division,2020,2020/2021
Real Betis Balompié,Antonio Sanabria,24,Centre-Forward,Torino,£6.30m,out,Winter,6.3,Primera Division,2020,2020/2021
Real Valladolid CF,Lucas Olaza,26,Left-Back,Boca Juniors,Loan fee:£450Th.,in,Winter,0.45,Primera Division,2020,2020/2021
Real Valladolid CF,Kenan Kodro,27,Centre-Forward,Athletic,loan transfer,in,Winter,NA,Primera Division,2020,2020/2021
Real Valladolid CF,Stiven Plaza,21,Centre-Forward,Trabzonspor,"End of loanJan 29, 2021",in,Winter,0,Primera Division,2020,2020/2021
Real Valladolid CF,Moi Delgado,26,Left-Back,CF Fuenlabrada,"End of loanFeb 1, 2021",in,Winter,0,Primera Division,2020,2020/2021
Real Valladolid CF,Moi Delgado,26,Left-Back,Ponferradina,loan transfer,out,Winter,NA,Primera Division,2020,2020/2021
Real Valladolid CF,Stiven Plaza,21,Centre-Forward,Independiente,loan transfer,out,Winter,NA,Primera Division,2020,2020/2021
Cádiz CF,Ivan Saponjic,23,Centre-Forward,Atlético Madrid,loan transfer,in,Winter,NA,Primera Division,2020,2020/2021
Cádiz CF,Rubén Sobrino,28,Centre-Forward,Valencia,loan transfer,in,Winter,NA,Primera Division,2020,2020/2021
Cádiz CF,Javi Navarro,24,Left Winger,Albacete,"End of loanJan 18, 2021",in,Winter,0,Primera Division,2020,2020/2021
Cádiz CF,Jean-Pierre Rhyner,24,Centre-Back,FC Cartagena,"End of loanJan 15, 2021",in,Winter,0,Primera Division,2020,2020/2021
Cádiz CF,Yann Bodiger,25,Central Midfield,CD Castellón,free transfer,out,Winter,NA,Primera Division,2020,2020/2021
Cádiz CF,Jean-Pierre Rhyner,24,Centre-Back,FC Emmen,loan transfer,out,Winter,NA,Primera Division,2020,2020/2021
Cádiz CF,Nano Mesa,25,Centre-Forward,UD Logroñés,loan transfer,out,Winter,NA,Primera Division,2020,2020/2021
Cádiz CF,Álvaro Giménez,29,Centre-Forward,RCD Mallorca,loan transfer,out,Winter,NA,Primera Division,2020,2020/2021
Cádiz CF,Javi Navarro,24,Left Winger,Cádiz B,-,out,Winter,0,Primera Division,2020,2020/2021
Cádiz CF,Luismi Quezada,24,Left-Back,Without Club,-,out,Winter,0,Primera Division,2020,2020/2021
Cádiz CF,Sergio González,23,Defensive Midfield,CD Tenerife,loan transfer,out,Winter,NA,Primera Division,2020,2020/2021
Cádiz CF,Bobby Adekanye,21,Right Winger,Lazio,"End of loanJan 26, 2021",out,Winter,0,Primera Division,2020,2020/2021
SD Eibar,Aleix García,23,Central Midfield,FC Dinamo,free transfer,in,Winter,NA,Primera Division,2020,2020/2021
SD Eibar,Miguel Atienza,21,Central Midfield,CD Vitoria,-,in,Winter,0,Primera Division,2020,2020/2021
SD Eibar,Damian Kadzior,28,Right Winger,Alanyaspor,Loan fee:£135Th.,out,Winter,0.135,Primera Division,2020,2020/2021
SD Eibar,José Antonio Martínez,27,Centre-Back,Dallas,?,out,Winter,NA,Primera Division,2020,2020/2021
SD Eibar,Roberto Olabe,24,Central Midfield,Tondela,loan transfer,out,Winter,NA,Primera Division,2020,2020/2021
Deportivo Alavés,Facundo Pellistri,19,Right Winger,Man Utd,loan transfer,in,Winter,NA,Primera Division,2020,2020/2021
Deportivo Alavés,Iñigo Córdoba,23,Left Winger,Athletic,loan transfer,in,Winter,NA,Primera Division,2020,2020/2021
Deportivo Alavés,Fabrice Ondoa,25,Goalkeeper,Without Club,-,in,Winter,0,Primera Division,2020,2020/2021
Deportivo Alavés,Adrián Marín,24,Left-Back,Granada CF,free transfer,out,Winter,NA,Primera Division,2020,2020/2021
Deportivo Alavés,Fabrice Ondoa,25,Goalkeeper,NK Istra,loan transfer,out,Winter,NA,Primera Division,2020,2020/2021
Deportivo Alavés,Tomás Tavares,19,Right-Back,Benfica,"End of loanJan 15, 2021",out,Winter,0,Primera Division,2020,2020/2021
SD Huesca,Denis Vavro,24,Centre-Back,Lazio,loan transfer,in,Winter,NA,Primera Division,2020,2020/2021
SD Huesca,Damián Musto,33,Defensive Midfield,Internacional,"End of loanJan 4, 2021",in,Winter,0,Primera Division,2020,2020/2021
SD Huesca,Damián Musto,33,Defensive Midfield,Peñarol,free transfer,out,Winter,NA,Primera Division,2020,2020/2021
SD Huesca,Kelechi Nwakali,22,Attacking Midfield,Alcorcón,loan transfer,out,Winter,NA,Primera Division,2020,2020/2021
Celta de Vigo,Augusto Solari,29,Right Winger,Racing Club,£450Th.,in,Winter,0.45,Primera Division,2020,2020/2021
Celta de Vigo,Facundo Ferreyra,29,Centre-Forward,Benfica,free transfer,in,Winter,NA,Primera Division,2020,2020/2021
Celta de Vigo,Aarón Martín,23,Left-Back,1.FSV Mainz 05,loan transfer,in,Winter,NA,Primera Division,2020,2020/2021
Celta de Vigo,Okay Yokuslu,26,Defensive Midfield,West Brom,loan transfer,out,Winter,NA,Primera Division,2020,2020/2021
Celta de Vigo,Lucas Olaza,26,Left-Back,Boca Juniors,"End of loanJan 31, 2021",out,Winter,0,Primera Division,2020,2020/2021
Elche CF,Johan Mojica,28,Left-Back,Girona,loan transfer,in,Winter,NA,Primera Division,2020,2020/2021
Elche CF,Paulo Gazzaniga,29,Goalkeeper,Spurs,loan transfer,in,Winter,NA,Primera Division,2020,2020/2021
Elche CF,Helibelton Palacios,27,Right-Back,Without Club,-,in,Winter,0,Primera Division,2020,2020/2021
Elche CF,Pablo Piatti,31,Left Winger,Without Club,-,in,Winter,0,Primera Division,2020,2020/2021
Elche CF,Jeison Lucumí,25,Right Winger,CD América,free transfer,out,Winter,NA,Primera Division,2020,2020/2021
Elche CF,Juan Sánchez Miño,31,Left-Back,Estudiantes,free transfer,out,Winter,NA,Primera Division,2020,2020/2021
Elche CF,Youssouf Koné,25,Left-Back,Olympique Lyon,"End of loanJan 31, 2021",out,Winter,0,Primera Division,2020,2020/2021
Elche CF,Diego Rodríguez,31,Goalkeeper,Defensa,"End of loanFeb 1, 2021",out,Winter,0,Primera Division,2020,2020/2021
