club_name,player_name,age,position,club_involved_name,fee,transfer_movement,transfer_period,fee_cleaned,league_name,year,season
MVV Maastricht,Kenneth Pérez,22,Centre-Forward,FC Copenhagen,£450Th.,in,Summer,0.45,Eredivisie,1997,1997/1998
MVV Maastricht,Wasio Taiwo,20,Centre-Forward,De Graafschap,Free transfer,in,Summer,0,Eredivisie,1997,1997/1998
MVV Maastricht,Jeroen Heubach,22,Left-Back,Twente FC,Loan,in,Summer,0,Eredivisie,1997,1997/1998
MVV Maastricht,Mark Luijpers,26,Left-Back,Roda JC,Loan,in,Summer,0,Eredivisie,1997,1997/1998
MVV Maastricht,Davy Heymans,18,Midfielder,KRC Genk U19,?,in,Summer,NA,Eredivisie,1997,1997/1998
MVV Maastricht,Joost Volmer,23,Centre-Back,VVV-Venlo,?,in,Summer,NA,Eredivisie,1997,1997/1998
MVV Maastricht,Marc Nygaard,20,Centre-Forward,Heerenveen,?,in,Summer,NA,Eredivisie,1997,1997/1998
MVV Maastricht,Jerry de Jong,32,Centre-Back,Eindhoven,?,in,Summer,NA,Eredivisie,1997,1997/1998
MVV Maastricht,Wim Dusseldorp,36,Goalkeeper,SV Meerssen,?,in,Summer,NA,Eredivisie,1997,1997/1998
MVV Maastricht,Hans Spillmann,28,Goalkeeper,Roda JC,?,in,Summer,NA,Eredivisie,1997,1997/1998
MVV Maastricht,Jack Vaessen,20,Defensive Midfield,Unknown,?,in,Summer,NA,Eredivisie,1997,1997/1998
MVV Maastricht,Arjan Vermeulen,28,Left-Back,OGC Nice,?,in,Summer,NA,Eredivisie,1997,1997/1998
MVV Maastricht,Edwin Hermans,23,Left-Back,Fortuna Sittard,Free transfer,out,Summer,0,Eredivisie,1997,1997/1998
MVV Maastricht,Marco Gentile,28,Centre-Back,Burnley,?,out,Summer,NA,Eredivisie,1997,1997/1998
MVV Maastricht,Leo Koswal,21,Right Winger,Vitesse,?,out,Summer,NA,Eredivisie,1997,1997/1998
MVV Maastricht,Roger Knarren,27,Midfielder,Unknown,?,out,Summer,NA,Eredivisie,1997,1997/1998
MVV Maastricht,Robbie Servais,21,Defensive Midfield,SV Meerssen,?,out,Summer,NA,Eredivisie,1997,1997/1998
MVV Maastricht,Rik Platvoet,21,Centre-Forward,Twente FC,"End of loanJun 1, 1997",out,Summer,0,Eredivisie,1997,1997/1998
FC Volendam,Dennis Schulp,19,Central Midfield,Ajax,Free transfer,in,Summer,0,Eredivisie,1997,1997/1998
FC Volendam,Silvan Inia,28,Left Midfield,AZ Alkmaar,Free transfer,in,Summer,0,Eredivisie,1997,1997/1998
FC Volendam,Marco Gentile,29,Centre-Back,Burnley,?,in,Summer,NA,Eredivisie,1997,1997/1998
FC Volendam,Ibrahim Babangida,20,Midfielder,Unknown,?,in,Summer,NA,Eredivisie,1997,1997/1998
FC Volendam,Ashwin de Bruijn,25,Forward,Unknown,?,in,Summer,NA,Eredivisie,1997,1997/1998
FC Volendam,Rob Hilbers,26,Goalkeeper,FC Groningen,?,in,Summer,NA,Eredivisie,1997,1997/1998
FC Volendam,Arnold Nijkamp,24,Goalkeeper,Telstar,?,in,Summer,NA,Eredivisie,1997,1997/1998
FC Volendam,Vincent Gouttebarge,21,Defender,AJ Auxerre,?,in,Summer,NA,Eredivisie,1997,1997/1998
FC Volendam,Yuri Rose,18,Attacking Midfield,Ajax U19,?,in,Summer,NA,Eredivisie,1997,1997/1998
FC Volendam,Marco Boogers,30,Centre-Forward,RKC Waalwijk,?,in,Summer,NA,Eredivisie,1997,1997/1998
FC Volendam,Radoslav Samardzic,27,Centre-Forward,Heerenveen,?,out,Summer,NA,Eredivisie,1997,1997/1998
FC Volendam,Dejan Govedarica,27,Central Midfield,Lecce,?,out,Summer,NA,Eredivisie,1997,1997/1998
FC Volendam,Edwin Zoetebier,27,Goalkeeper,Sunderland,?,out,Summer,NA,Eredivisie,1997,1997/1998
FC Volendam,Gert Aandewiel,27,Defensive Midfield,Sparta R.,?,out,Summer,NA,Eredivisie,1997,1997/1998
FC Volendam,Fred Admiraal,29,Goalkeeper,Unknown,?,out,Summer,NA,Eredivisie,1997,1997/1998
FC Volendam,Pascal Jongsma,28,Midfielder,Unknown,?,out,Summer,NA,Eredivisie,1997,1997/1998
FC Volendam,Rogier Hoogland,22,Defender,Unknown,?,out,Summer,NA,Eredivisie,1997,1997/1998
FC Volendam,Klaas Klein,21,Midfielder,Unknown,?,out,Summer,NA,Eredivisie,1997,1997/1998
De Graafschap Doetinchem,Tomasz Rzasa,24,Left-Back,BSC Young Boys,Free transfer,in,Summer,0,Eredivisie,1997,1997/1998
De Graafschap Doetinchem,Dave de Jong,22,Centre-Back,Willem II,Free transfer,in,Summer,0,Eredivisie,1997,1997/1998
De Graafschap Doetinchem,Daniel Voigt,19,Centre-Back,PSV U21,Loan,in,Summer,0,Eredivisie,1997,1997/1998
De Graafschap Doetinchem,Ville Väisänen,20,Centre-Forward,FC Jazz Pori,Free transfer,in,Summer,0,Eredivisie,1997,1997/1998
De Graafschap Doetinchem,Dennis Gerritsen,26,Centre-Forward,Helmond Sport,Free transfer,in,Summer,0,Eredivisie,1997,1997/1998
De Graafschap Doetinchem,Wasio Taiwo,20,Centre-Forward,MVV Maastricht,Free transfer,out,Summer,0,Eredivisie,1997,1997/1998
De Graafschap Doetinchem,Bennie Dekker,30,Right Winger,Spakenburg,Free transfer,out,Summer,0,Eredivisie,1997,1997/1998
De Graafschap Doetinchem,Marchanno Schultz,24,Midfielder,NEC Nijmegen,?,out,Summer,NA,Eredivisie,1997,1997/1998
De Graafschap Doetinchem,Jan Oosterhuis,33,Midfielder,Haarlem,?,out,Summer,NA,Eredivisie,1997,1997/1998
Ajax Amsterdam,Michael Laudrup,33,Attacking Midfield,Vissel Kobe,£6.75m,in,Summer,6.75,Eredivisie,1997,1997/1998
Ajax Amsterdam,Froylán Ledezma,19,Centre-Forward,LD Alajuelense,£3.60m,in,Summer,3.6,Eredivisie,1997,1997/1998
Ajax Amsterdam,Sunday Oliseh,22,Defensive Midfield,1. FC Köln,£2.07m,in,Summer,2.07,Eredivisie,1997,1997/1998
Ajax Amsterdam,Gerald Sibon,23,Centre-Forward,Roda JC,£2.03m,in,Summer,2.03,Eredivisie,1997,1997/1998
Ajax Amsterdam,Shota Arveladze,24,Centre-Forward,Trabzonspor,£1.44m,in,Summer,1.44,Eredivisie,1997,1997/1998
Ajax Amsterdam,Ole Tobiasen,21,Centre-Back,Heerenveen,£1.17m,in,Summer,1.17,Eredivisie,1997,1997/1998
Ajax Amsterdam,Andrzej Rudy,31,Attacking Midfield,Lierse SK,£1.01m,in,Summer,1.01,Eredivisie,1997,1997/1998
Ajax Amsterdam,Benni McCarthy,19,Centre-Forward,Ajax Cape Town,Free transfer,in,Summer,0,Eredivisie,1997,1997/1998
Ajax Amsterdam,Richard Knopper,19,Attacking Midfield,Feyenoord U19,?,in,Summer,NA,Eredivisie,1997,1997/1998
Ajax Amsterdam,Dean Gorré,26,Right Winger,FC Groningen,?,in,Summer,NA,Eredivisie,1997,1997/1998
Ajax Amsterdam,Tom Sier,27,Left-Back,Heerenveen,?,in,Summer,NA,Eredivisie,1997,1997/1998
Ajax Amsterdam,Márcio Santos,27,Centre-Back,Atlético-MG,"End of loanJul 1, 1997",in,Summer,0,Eredivisie,1997,1997/1998
Ajax Amsterdam,Andy van der Meyde,17,Right Winger,Ajax U19,-,in,Summer,0,Eredivisie,1997,1997/1998
Ajax Amsterdam,Tim de Cler,18,Left-Back,Ajax U19,-,in,Summer,0,Eredivisie,1997,1997/1998
Ajax Amsterdam,Chris Kanu,17,Right-Back,FC Lugano,"End of loanJun 30, 1997",in,Summer,0,Eredivisie,1997,1997/1998
Ajax Amsterdam,Marc Overmars,24,Left Winger,Arsenal,£6.75m,out,Summer,6.75,Eredivisie,1997,1997/1998
Ajax Amsterdam,Iván Gabrich,24,Centre-Forward,CP Mérida,£2.70m,out,Summer,2.7,Eredivisie,1997,1997/1998
Ajax Amsterdam,Patrick Kluivert,21,Centre-Forward,Milan,£1.80m,out,Summer,1.8,Eredivisie,1997,1997/1998
Ajax Amsterdam,Dennis Schulp,19,Central Midfield,FC Volendam,Free transfer,out,Summer,0,Eredivisie,1997,1997/1998
Ajax Amsterdam,Winston Bogarde,26,Centre-Back,Milan,?,out,Summer,NA,Eredivisie,1997,1997/1998
Ajax Amsterdam,Nordin Wooter,19,Right Winger,Real Zaragoza,?,out,Summer,NA,Eredivisie,1997,1997/1998
Ajax Amsterdam,Dave van den Bergh,21,Left Midfield,Rayo Vallecano,?,out,Summer,NA,Eredivisie,1997,1997/1998
Ajax Amsterdam,Kiki Musampa,19,Left Winger,G. Bordeaux,?,out,Summer,NA,Eredivisie,1997,1997/1998
Ajax Amsterdam,Menno Willems,20,Left-Back,Vitesse,?,out,Summer,NA,Eredivisie,1997,1997/1998
Ajax Amsterdam,John Veldman,29,Centre-Back,Vitesse,?,out,Summer,NA,Eredivisie,1997,1997/1998
Ajax Amsterdam,Arnold Scholten,34,Defensive Midfield,JEF Utd. Chiba,?,out,Summer,NA,Eredivisie,1997,1997/1998
Ajax Amsterdam,Elijah Louhenapessy,20,Defensive Midfield,Udinese,?,out,Summer,NA,Eredivisie,1997,1997/1998
Ajax Amsterdam,Robert Gehring,21,Midfielder,Rayo Vallecano,?,out,Summer,NA,Eredivisie,1997,1997/1998
Ajax Amsterdam,Martijn Reuser,22,Attacking Midfield,Vitesse,Loan,out,Summer,0,Eredivisie,1997,1997/1998
Ajax Amsterdam,Márcio Santos,28,Centre-Back,São Paulo,?,out,Summer,NA,Eredivisie,1997,1997/1998
Vitesse Arnhem,Marian Zeman,22,Centre-Back,Istanbulspor,£1.44m,in,Summer,1.44,Eredivisie,1997,1997/1998
Vitesse Arnhem,Mamadou Zongo,16,Right Winger,ASEC Mimosas,Free transfer,in,Summer,0,Eredivisie,1997,1997/1998
Vitesse Arnhem,Marc van Hintum,30,Left-Back,Willem II,?,in,Summer,NA,Eredivisie,1997,1997/1998
Vitesse Arnhem,Michel Kreek,26,Left-Back,Perugia,?,in,Summer,NA,Eredivisie,1997,1997/1998
Vitesse Arnhem,Menno Willems,20,Left-Back,Ajax,?,in,Summer,NA,Eredivisie,1997,1997/1998
Vitesse Arnhem,Marko Perović,25,Attacking Midfield,Cremonese,?,in,Summer,NA,Eredivisie,1997,1997/1998
Vitesse Arnhem,John Veldman,29,Centre-Back,Ajax,?,in,Summer,NA,Eredivisie,1997,1997/1998
Vitesse Arnhem,Leo Koswal,21,Right Winger,MVV Maastricht,?,in,Summer,NA,Eredivisie,1997,1997/1998
Vitesse Arnhem,Jeremy Overbeek Bloem,16,Midfielder,Graafschap Yth.,?,in,Summer,NA,Eredivisie,1997,1997/1998
Vitesse Arnhem,Marco De Marchi,30,Centre-Back,Bologna,?,in,Summer,NA,Eredivisie,1997,1997/1998
Vitesse Arnhem,Martijn Reuser,22,Attacking Midfield,Ajax,Loan,in,Summer,0,Eredivisie,1997,1997/1998
Vitesse Arnhem,Orlando Trustfull,26,Defensive Midfield,Sheff Wed,?,in,Summer,NA,Eredivisie,1997,1997/1998
Vitesse Arnhem,Remco van der Schaaf,18,Centre-Back,Vitesse U19,-,in,Summer,0,Eredivisie,1997,1997/1998
Vitesse Arnhem,Martijn van Strien,18,Goalkeeper,Vitesse U21,-,in,Summer,0,Eredivisie,1997,1997/1998
Vitesse Arnhem,Carlos Fortes,23,Left Winger,Sparta R.,,in,Summer,NA,Eredivisie,1997,1997/1998
Vitesse Arnhem,John Stegeman,20,Centre-Forward,Helmond Sport,"End of loanJun 30, 1997",in,Summer,0,Eredivisie,1997,1997/1998
Vitesse Arnhem,Roy Makaay,22,Centre-Forward,CD Tenerife,£5.40m,out,Summer,5.4,Eredivisie,1997,1997/1998
Vitesse Arnhem,Martijn Kuiper,18,Centre-Back,RKC Waalwijk,Loan,out,Summer,0,Eredivisie,1997,1997/1998
Vitesse Arnhem,John Stegeman,20,Centre-Forward,Go Ahead Eagles,Free transfer,out,Summer,0,Eredivisie,1997,1997/1998
Vitesse Arnhem,Erwin van de Looi,25,Centre-Back,NAC Breda,?,out,Summer,NA,Eredivisie,1997,1997/1998
Vitesse Arnhem,Carlos van Wanrooij,30,Left Midfield,RKC Waalwijk,?,out,Summer,NA,Eredivisie,1997,1997/1998
Vitesse Arnhem,Joaquín del Olmo,28,Central Midfield,Necaxa,?,out,Summer,NA,Eredivisie,1997,1997/1998
Vitesse Arnhem,Ferdi Vierklau,24,Right-Back,CD Tenerife,?,out,Summer,NA,Eredivisie,1997,1997/1998
Vitesse Arnhem,Ante Mise,29,Defensive Midfield,Hajduk Split,?,out,Summer,NA,Eredivisie,1997,1997/1998
Vitesse Arnhem,Tom Bloeming,20,Defender,Vitesse U21,-,out,Summer,0,Eredivisie,1997,1997/1998
Sparta Rotterdam,Roland Jansen,29,Goalkeeper,Willem II,?,in,Summer,NA,Eredivisie,1997,1997/1998
Sparta Rotterdam,Johan van der Werff,22,Goalkeeper,Kozakken Boys,?,in,Summer,NA,Eredivisie,1997,1997/1998
Sparta Rotterdam,Nico Jalink,33,Right Midfield,NAC Breda,?,in,Summer,NA,Eredivisie,1997,1997/1998
Sparta Rotterdam,Gert Aandewiel,27,Defensive Midfield,FC Volendam,?,in,Summer,NA,Eredivisie,1997,1997/1998
Sparta Rotterdam,Jimmy Simons,27,Centre-Forward,FC Lisse,?,in,Summer,NA,Eredivisie,1997,1997/1998
Sparta Rotterdam,Antoine van der Linden,21,Centre-Back,Sparta U21,-,in,Summer,0,Eredivisie,1997,1997/1998
Sparta Rotterdam,Rob Alflen,29,Defensive Midfield,Heracles,Free transfer,out,Summer,0,Eredivisie,1997,1997/1998
Sparta Rotterdam,Frank van der Geest,24,Goalkeeper,Heracles,?,out,Summer,NA,Eredivisie,1997,1997/1998
Sparta Rotterdam,Rody Hoegee,20,Goalkeeper,Unknown,?,out,Summer,NA,Eredivisie,1997,1997/1998
Sparta Rotterdam,Edward Metgod,37,Goalkeeper,Retired,-,out,Summer,0,Eredivisie,1997,1997/1998
Sparta Rotterdam,Carlos Fortes,23,Left Winger,Vitesse,,out,Summer,NA,Eredivisie,1997,1997/1998
NEC Nijmegen,Danny Hesp,27,Centre-Back,AZ Alkmaar,?,in,Summer,NA,Eredivisie,1997,1997/1998
NEC Nijmegen,Dzevdet Sainoski,24,Defensive Midfield,Vardar,?,in,Summer,NA,Eredivisie,1997,1997/1998
NEC Nijmegen,Marchanno Schultz,24,Midfielder,De Graafschap,?,in,Summer,NA,Eredivisie,1997,1997/1998
NEC Nijmegen,Krzystof Bociek,23,Centre-Forward,AZ Alkmaar,?,in,Summer,NA,Eredivisie,1997,1997/1998
NEC Nijmegen,Roy Grootaert,19,Centre-Back,NEC U19,-,in,Summer,0,Eredivisie,1997,1997/1998
NEC Nijmegen,Danny Hoekman,32,Left Winger,JVC Cuijk,Free transfer,out,Summer,0,Eredivisie,1997,1997/1998
NEC Nijmegen,Michel Langerak,28,Attacking Midfield,AZ Alkmaar,?,out,Summer,NA,Eredivisie,1997,1997/1998
NEC Nijmegen,Benito Kemble,28,Centre-Back,VVV-Venlo,?,out,Summer,NA,Eredivisie,1997,1997/1998
NEC Nijmegen,Bas Hendriks,20,Midfielder,Unknown,?,out,Summer,NA,Eredivisie,1997,1997/1998
NEC Nijmegen,Roy Kerstens,20,Midfielder,Unknown,?,out,Summer,NA,Eredivisie,1997,1997/1998
NEC Nijmegen,Rastislav Mores,21,Midfielder,Roda JC,?,out,Summer,NA,Eredivisie,1997,1997/1998
Willem II Tilburg,Clyde Wijnhard,23,Centre-Forward,RKC Waalwijk,Free transfer,in,Summer,0,Eredivisie,1997,1997/1998
Willem II Tilburg,Marino Promes,20,Forward,Haarlem,?,in,Summer,NA,Eredivisie,1997,1997/1998
Willem II Tilburg,Arno Arts,28,Central Midfield,Cambuur L.,?,in,Summer,NA,Eredivisie,1997,1997/1998
Willem II Tilburg,Jukka Koskinen,24,Left-Back,MYPA,?,in,Summer,NA,Eredivisie,1997,1997/1998
Willem II Tilburg,István Szekér,26,Centre-Back,Haladás,?,in,Summer,NA,Eredivisie,1997,1997/1998
Willem II Tilburg,Cemal Yilmaz,28,Central Midfield,Dessel Sport,?,in,Summer,NA,Eredivisie,1997,1997/1998
Willem II Tilburg,Bert Konterman,26,Centre-Back,Feyenoord,£2.43m,out,Summer,2.43,Eredivisie,1997,1997/1998
Willem II Tilburg,Dave de Jong,22,Centre-Back,De Graafschap,Free transfer,out,Summer,0,Eredivisie,1997,1997/1998
Willem II Tilburg,Marc van Hintum,30,Left-Back,Vitesse,?,out,Summer,NA,Eredivisie,1997,1997/1998
Willem II Tilburg,Roland Jansen,29,Goalkeeper,Sparta R.,?,out,Summer,NA,Eredivisie,1997,1997/1998
Willem II Tilburg,Jack de Gier,28,Centre-Forward,Lierse SK,?,out,Summer,NA,Eredivisie,1997,1997/1998
Willem II Tilburg,John Feskens,31,Midfielder,NAC Breda,?,out,Summer,NA,Eredivisie,1997,1997/1998
Willem II Tilburg,Alex de Jong,18,Midfielder,Unknown,?,out,Summer,NA,Eredivisie,1997,1997/1998
Willem II Tilburg,Arne van den Berg,24,Forward,Unknown,?,out,Summer,NA,Eredivisie,1997,1997/1998
Fortuna Sittard,Edwin Hermans,23,Left-Back,MVV Maastricht,Free transfer,in,Summer,0,Eredivisie,1997,1997/1998
Fortuna Sittard,François Gesthuizen,24,Right Midfield,NAC Breda,Free transfer,in,Summer,0,Eredivisie,1997,1997/1998
Fortuna Sittard,Dorel Zegrean,27,Left-Back,FC National,?,in,Summer,NA,Eredivisie,1997,1997/1998
Fortuna Sittard,Alin Banceu,23,Forward,U Cluj,?,in,Summer,NA,Eredivisie,1997,1997/1998
Fortuna Sittard,Cosmin Maris,22,Central Midfield,U Cluj,?,in,Summer,NA,Eredivisie,1997,1997/1998
Fortuna Sittard,Kevin Hofland,18,Centre-Back,Fortuna U19,-,in,Summer,0,Eredivisie,1997,1997/1998
Fortuna Sittard,Phil Gray,28,Centre-Forward,Luton,£810Th.,out,Summer,0.81,Eredivisie,1997,1997/1998
Fortuna Sittard,Fernando Ricksen,20,Right-Back,AZ Alkmaar,Free transfer,out,Summer,0,Eredivisie,1997,1997/1998
Fortuna Sittard,Robert Loontjens,24,Defender,Cambuur L.,Free transfer,out,Summer,0,Eredivisie,1997,1997/1998
Fortuna Sittard,Frank van Eijs,25,Centre-Back,KV Mechelen,?,out,Summer,NA,Eredivisie,1997,1997/1998
Fortuna Sittard,Martin Van Ophuizen,28,Sweeper,KSK Beveren,?,out,Summer,NA,Eredivisie,1997,1997/1998
Fortuna Sittard,Wil Boessen,33,Left-Back,Helmond Sport,?,out,Summer,NA,Eredivisie,1997,1997/1998
Fortuna Sittard,Robert van der Weert,27,Centre-Forward,AZ Alkmaar,?,out,Summer,NA,Eredivisie,1997,1997/1998
NAC Breda,Archil Arveladze,24,Centre-Forward,Trabzonspor,£450Th.,in,Summer,0.45,Eredivisie,1997,1997/1998
NAC Breda,John Feskens,31,Midfielder,Willem II,?,in,Summer,NA,Eredivisie,1997,1997/1998
NAC Breda,Bart De Roover,29,Centre-Back,Lierse SK,?,in,Summer,NA,Eredivisie,1997,1997/1998
NAC Breda,Ante Milicic,23,Centre-Forward,Sydney United,?,in,Summer,NA,Eredivisie,1997,1997/1998
NAC Breda,Alfred Schreuder,24,Defensive Midfield,RKC Waalwijk,?,in,Summer,NA,Eredivisie,1997,1997/1998
NAC Breda,Kevin Van Dessel,18,Left Midfield,Germinal Ekeren,?,in,Summer,NA,Eredivisie,1997,1997/1998
NAC Breda,Nebojsa Gudelj,27,Left-Back,CD Toledo,?,in,Summer,NA,Eredivisie,1997,1997/1998
NAC Breda,Erwin van de Looi,25,Centre-Back,Vitesse,?,in,Summer,NA,Eredivisie,1997,1997/1998
NAC Breda,Glenn Helder,28,Left Winger,Arsenal,?,in,Summer,NA,Eredivisie,1997,1997/1998
NAC Breda,Frank Broers,19,Left-Back,NAC Breda U19,-,in,Summer,0,Eredivisie,1997,1997/1998
NAC Breda,Barry van Galen,27,Central Midfield,AZ Alkmaar,Free transfer,out,Summer,0,Eredivisie,1997,1997/1998
NAC Breda,François Gesthuizen,24,Right Midfield,Fortuna Sittard,Free transfer,out,Summer,0,Eredivisie,1997,1997/1998
NAC Breda,Mark Minnaert,21,Midfielder,Hoek,Free transfer,out,Summer,0,Eredivisie,1997,1997/1998
NAC Breda,Nico Jalink,33,Right Midfield,Sparta R.,?,out,Summer,NA,Eredivisie,1997,1997/1998
NAC Breda,Pascal Beeken,23,Goalkeeper,KV Mechelen,?,out,Summer,NA,Eredivisie,1997,1997/1998
NAC Breda,Jean-Claude Mukanya,29,Defender,Eendracht Aalst,?,out,Summer,NA,Eredivisie,1997,1997/1998
NAC Breda,Paulo Da Costa Tavares,18,Midfielder,Unknown,?,out,Summer,NA,Eredivisie,1997,1997/1998
PSV Eindhoven,Tomasz Iwan,26,Right Midfield,Feyenoord,£2.16m,in,Summer,2.16,Eredivisie,1997,1997/1998
PSV Eindhoven,Peter Möller,25,Centre-Forward,Bröndby IF,£1.35m,in,Summer,1.35,Eredivisie,1997,1997/1998
PSV Eindhoven,Georg Koch,25,Goalkeeper,F. Düsseldorf,Free transfer,in,Summer,0,Eredivisie,1997,1997/1998
PSV Eindhoven,Arnold Bruggink,19,Attacking Midfield,Twente FC,Free transfer,in,Summer,0,Eredivisie,1997,1997/1998
PSV Eindhoven,Igor Demo,21,Central Midfield,Slo. Bratislava,?,in,Summer,NA,Eredivisie,1997,1997/1998
PSV Eindhoven,Rob Wielaert,18,Centre-Back,PSV U19,-,in,Summer,0,Eredivisie,1997,1997/1998
PSV Eindhoven,Marcelo Ramos,24,Centre-Forward,Cruzeiro,£900Th.,out,Summer,0.9,Eredivisie,1997,1997/1998
PSV Eindhoven,René Eijkelkamp,33,Centre-Forward,FC Schalke 04,Free transfer,out,Summer,0,Eredivisie,1997,1997/1998
PSV Eindhoven,Dennis Rommedahl,18,Right Winger,RKC Waalwijk,Loan,out,Summer,0,Eredivisie,1997,1997/1998
PSV Eindhoven,Anders Nielsen,24,Centre-Forward,RKC Waalwijk,Loan,out,Summer,0,Eredivisie,1997,1997/1998
PSV Eindhoven,Björn van der Doelen,20,Central Midfield,Standard Liège,Loan,out,Summer,0,Eredivisie,1997,1997/1998
Twente Enschede FC,Dennis Hulshoff,27,Right-Back,Go Ahead Eagles,Free transfer,in,Summer,0,Eredivisie,1997,1997/1998
Twente Enschede FC,Rico Steinmann,29,Right Midfield,1. FC Köln,?,in,Summer,NA,Eredivisie,1997,1997/1998
Twente Enschede FC,Martijn Abbenhuës,23,Forward,SC Enschede,?,in,Summer,NA,Eredivisie,1997,1997/1998
Twente Enschede FC,Ahmed Kandhai,19,Forward,Unknown,?,in,Summer,NA,Eredivisie,1997,1997/1998
Twente Enschede FC,Rik Platvoet,21,Centre-Forward,MVV Maastricht,"End of loanJun 1, 1997",in,Summer,0,Eredivisie,1997,1997/1998
Twente Enschede FC,Paul Bosvelt,27,Defensive Midfield,Feyenoord,£450Th.,out,Summer,0.45,Eredivisie,1997,1997/1998
Twente Enschede FC,Arnold Bruggink,19,Attacking Midfield,PSV Eindhoven,Free transfer,out,Summer,0,Eredivisie,1997,1997/1998
Twente Enschede FC,Jeroen Heubach,22,Left-Back,MVV Maastricht,Loan,out,Summer,0,Eredivisie,1997,1997/1998
Twente Enschede FC,Rik Platvoet,21,Centre-Forward,Emmen,Loan,out,Summer,0,Eredivisie,1997,1997/1998
Twente Enschede FC,Wilfried Elzinga,27,Defender,Emmen,?,out,Summer,NA,Eredivisie,1997,1997/1998
Twente Enschede FC,Tobias Sumelka,21,Midfielder,Preußen Münster,?,out,Summer,NA,Eredivisie,1997,1997/1998
SC Heerenveen,Ruud van Nistelrooy,21,Centre-Forward,FC Den Bosch,£1.42m,in,Summer,1.42,Eredivisie,1997,1997/1998
SC Heerenveen,Arkadiusz Radomski,20,Defensive Midfield,Veendam,Free transfer,in,Summer,0,Eredivisie,1997,1997/1998
SC Heerenveen,Thomas Holm,16,Central Midfield,Valerenga U19,?,in,Summer,NA,Eredivisie,1997,1997/1998
SC Heerenveen,Florin Constantinovici,29,Centre-Back,Rapid Bucharest,?,in,Summer,NA,Eredivisie,1997,1997/1998
SC Heerenveen,Dumitru Mitrita,26,Left-Back,FC U Craiova,?,in,Summer,NA,Eredivisie,1997,1997/1998
SC Heerenveen,Meindert Postma,19,Midfielder,Unknown,?,in,Summer,NA,Eredivisie,1997,1997/1998
SC Heerenveen,Ardon de Waard,20,Midfielder,Unknown,?,in,Summer,NA,Eredivisie,1997,1997/1998
SC Heerenveen,Emmanuel Ebiede,21,Midfielder,Eendracht Aalst,?,in,Summer,NA,Eredivisie,1997,1997/1998
SC Heerenveen,David Damman,20,Defender,KSK Beveren,?,in,Summer,NA,Eredivisie,1997,1997/1998
SC Heerenveen,Ties Heldens,18,Midfielder,Unknown,?,in,Summer,NA,Eredivisie,1997,1997/1998
SC Heerenveen,Radu Gusatu,27,Attacking Midfield,Poli AEK,?,in,Summer,NA,Eredivisie,1997,1997/1998
SC Heerenveen,Khalid Sinouh,22,Goalkeeper,Haarlem,?,in,Summer,NA,Eredivisie,1997,1997/1998
SC Heerenveen,Radoslav Samardzic,27,Centre-Forward,FC Volendam,?,in,Summer,NA,Eredivisie,1997,1997/1998
SC Heerenveen,Ivan Tsvetkov,17,Centre-Forward,OFK Pirin,?,in,Summer,NA,Eredivisie,1997,1997/1998
SC Heerenveen,Raphael Bove,20,Midfielder,Sydney Olympic,?,in,Summer,NA,Eredivisie,1997,1997/1998
SC Heerenveen,Jon Dahl Tomasson,20,Centre-Forward,Newcastle,£3.51m,out,Summer,3.51,Eredivisie,1997,1997/1998
SC Heerenveen,Ole Tobiasen,21,Centre-Back,Ajax,£1.17m,out,Summer,1.17,Eredivisie,1997,1997/1998
SC Heerenveen,Igor Korneev,29,Right Winger,Feyenoord,Free transfer,out,Summer,0,Eredivisie,1997,1997/1998
SC Heerenveen,Alex Pastoor,31,Midfielder,KRC Harelbeke,?,out,Summer,NA,Eredivisie,1997,1997/1998
SC Heerenveen,Marc Nygaard,20,Centre-Forward,MVV Maastricht,?,out,Summer,NA,Eredivisie,1997,1997/1998
SC Heerenveen,Leeroy Echteld,29,Attacking Midfield,Cannes,?,out,Summer,NA,Eredivisie,1997,1997/1998
SC Heerenveen,Tom Sier,27,Left-Back,Ajax,?,out,Summer,NA,Eredivisie,1997,1997/1998
SC Heerenveen,Brian Tevreden,28,Right-Back,Cambuur L.,?,out,Summer,NA,Eredivisie,1997,1997/1998
SC Heerenveen,Romeo Wouden,26,Left Winger,Boavista,?,out,Summer,NA,Eredivisie,1997,1997/1998
SC Heerenveen,Tony Alberda,23,Forward,Emmen,?,out,Summer,NA,Eredivisie,1997,1997/1998
SC Heerenveen,Sierk Kooistra,22,Goalkeeper,Veendam,?,out,Summer,NA,Eredivisie,1997,1997/1998
RKC Waalwijk,Augustus Dumbar,18,Forward,Mighty Barrolle,Free transfer,in,Summer,0,Eredivisie,1997,1997/1998
RKC Waalwijk,Martijn Kuiper,18,Centre-Back,Vitesse,Loan,in,Summer,0,Eredivisie,1997,1997/1998
RKC Waalwijk,Dennis Rommedahl,18,Right Winger,PSV Eindhoven,Loan,in,Summer,0,Eredivisie,1997,1997/1998
RKC Waalwijk,Carlos van Wanrooij,30,Left Midfield,Vitesse,?,in,Summer,NA,Eredivisie,1997,1997/1998
RKC Waalwijk,Anders Nielsen,24,Centre-Forward,PSV Eindhoven,Loan,in,Summer,0,Eredivisie,1997,1997/1998
RKC Waalwijk,Miodrag Bozovic,29,Defender,APOP Kinyras,?,in,Summer,NA,Eredivisie,1997,1997/1998
RKC Waalwijk,Charles Chiemezie,17,Forward,Anderlecht Yth.,?,in,Summer,NA,Eredivisie,1997,1997/1998
RKC Waalwijk,Jose Maria Cela,27,Forward,CD Numancia,-,in,Summer,0,Eredivisie,1997,1997/1998
RKC Waalwijk,Clyde Wijnhard,23,Centre-Forward,Willem II,Free transfer,out,Summer,0,Eredivisie,1997,1997/1998
RKC Waalwijk,Dick Schreuder,25,Defensive Midfield,Stoke City,Free transfer,out,Summer,0,Eredivisie,1997,1997/1998
RKC Waalwijk,Alfred Schreuder,24,Defensive Midfield,NAC Breda,?,out,Summer,NA,Eredivisie,1997,1997/1998
RKC Waalwijk,Jurgen Streppel,28,Centre-Back,Helmond Sport,?,out,Summer,NA,Eredivisie,1997,1997/1998
RKC Waalwijk,Marcel Brands,35,Central Midfield,OJC Rosmalen,?,out,Summer,NA,Eredivisie,1997,1997/1998
RKC Waalwijk,Nagib El Farougi,23,Midfielder,Unknown,?,out,Summer,NA,Eredivisie,1997,1997/1998
RKC Waalwijk,Marco Boogers,30,Centre-Forward,FC Volendam,?,out,Summer,NA,Eredivisie,1997,1997/1998
RKC Waalwijk,Danny Muller,27,Attacking Midfield,Without Club,-,out,Summer,0,Eredivisie,1997,1997/1998
Feyenoord Rotterdam,Bert Konterman,26,Centre-Back,Willem II,£2.43m,in,Summer,2.43,Eredivisie,1997,1997/1998
Feyenoord Rotterdam,Giorgi Demetradze,20,Centre-Forward,Dinamo Tbilisi,£900Th.,in,Summer,0.9,Eredivisie,1997,1997/1998
Feyenoord Rotterdam,Paul Bosvelt,27,Defensive Midfield,Twente FC,£450Th.,in,Summer,0.45,Eredivisie,1997,1997/1998
Feyenoord Rotterdam,Igor Korneev,29,Right Winger,Heerenveen,Free transfer,in,Summer,0,Eredivisie,1997,1997/1998
Feyenoord Rotterdam,David Connolly,20,Centre-Forward,Watford,Free transfer,in,Summer,0,Eredivisie,1997,1997/1998
Feyenoord Rotterdam,Bonaventure Kalou,19,Right Winger,ASEC Mimosas,?,in,Summer,NA,Eredivisie,1997,1997/1998
Feyenoord Rotterdam,Zsolt Petry,30,Goalkeeper,RSC Charleroi,?,in,Summer,NA,Eredivisie,1997,1997/1998
Feyenoord Rotterdam,Ulrich Van Gobbel,26,Right-Back,Southampton,?,in,Summer,NA,Eredivisie,1997,1997/1998
Feyenoord Rotterdam,Robin Nelisse,19,Centre-Forward,Feyenoord U19,-,in,Summer,0,Eredivisie,1997,1997/1998
Feyenoord Rotterdam,René Bot,18,Right-Back,SC Telstar U19,-,in,Summer,0,Eredivisie,1997,1997/1998
Feyenoord Rotterdam,Gláucio,21,Attacking Midfield,Excelsior,"End of loanJun 30, 1997",in,Summer,0,Eredivisie,1997,1997/1998
Feyenoord Rotterdam,Denis Klyuev,23,Central Midfield,Lierse SK,"End of loanJun 30, 1997",in,Summer,0,Eredivisie,1997,1997/1998
Feyenoord Rotterdam,Ed de Goey,30,Goalkeeper,Chelsea,£3.02m,out,Summer,3.02,Eredivisie,1997,1997/1998
Feyenoord Rotterdam,Tomasz Iwan,26,Right Midfield,PSV Eindhoven,£2.16m,out,Summer,2.16,Eredivisie,1997,1997/1998
Feyenoord Rotterdam,Denis Klyuev,23,Central Midfield,FC Schalke 04,£540Th.,out,Summer,0.54,Eredivisie,1997,1997/1998
Feyenoord Rotterdam,Henrik Larsson,25,Centre-Forward,Celtic,Free transfer,out,Summer,0,Eredivisie,1997,1997/1998
Feyenoord Rotterdam,Jaromír Paciorek,17,Midfielder,Excelsior,Free transfer,out,Summer,0,Eredivisie,1997,1997/1998
Feyenoord Rotterdam,Gaston Taument,26,Right Winger,Benfica,?,out,Summer,NA,Eredivisie,1997,1997/1998
Feyenoord Rotterdam,Patrick Allotey,18,Defender,Excelsior,Loan,out,Summer,0,Eredivisie,1997,1997/1998
Feyenoord Rotterdam,Shalimar Jones,20,Defender,Excelsior,?,out,Summer,NA,Eredivisie,1997,1997/1998
Feyenoord Rotterdam,Haytham Farouk,26,Centre-Back,Helsingborg,?,out,Summer,NA,Eredivisie,1997,1997/1998
Feyenoord Rotterdam,Ronald Koeman,34,Sweeper,Retired,-,out,Summer,0,Eredivisie,1997,1997/1998
Feyenoord Rotterdam,Eduardo Bustos Montoya,20,Centre-Forward,CA Rosario,"End of loanJun 30, 1997",out,Summer,0,Eredivisie,1997,1997/1998
FC Groningen,Joost Broerse,18,Centre-Back,FC Utrecht U19,Free transfer,in,Summer,0,Eredivisie,1997,1997/1998
FC Groningen,Leonardo,20,Right-Back,Flamengo,Free transfer,in,Summer,0,Eredivisie,1997,1997/1998
FC Groningen,Hugo,22,Attacking Midfield,Flamengo,Free transfer,in,Summer,0,Eredivisie,1997,1997/1998
FC Groningen,Paul Matthijs,20,Defensive Midfield,VV Actief,?,in,Summer,NA,Eredivisie,1997,1997/1998
FC Groningen,Mariano Bombarda,24,Centre-Forward,FC Metz,?,in,Summer,NA,Eredivisie,1997,1997/1998
FC Groningen,Marcel Peeper,31,Left Midfield,KSC Lokeren,?,in,Summer,NA,Eredivisie,1997,1997/1998
FC Groningen,Toine Rorije,23,Left Winger,Go Ahead Eagles,?,in,Summer,NA,Eredivisie,1997,1997/1998
FC Groningen,Rutger Feijer,19,Centre-Back,FC Groning. U21,-,in,Summer,0,Eredivisie,1997,1997/1998
FC Groningen,Harvey Esajas,23,Defender,Cambuur L.,Free transfer,out,Summer,0,Eredivisie,1997,1997/1998
FC Groningen,Lucas ten Brinke,26,Defender,Drachten,Free transfer,out,Summer,0,Eredivisie,1997,1997/1998
FC Groningen,Arjan Blaauw,23,Midfielder,Veendam,?,out,Summer,NA,Eredivisie,1997,1997/1998
FC Groningen,Dean Gorré,26,Right Winger,Ajax,?,out,Summer,NA,Eredivisie,1997,1997/1998
FC Groningen,Pieter Huistra,30,Left Winger,Lierse SK,?,out,Summer,NA,Eredivisie,1997,1997/1998
FC Groningen,Roël Liefden,30,Right-Back,VVV-Venlo,?,out,Summer,NA,Eredivisie,1997,1997/1998
FC Groningen,Joop Gall,33,Defender,Veendam,?,out,Summer,NA,Eredivisie,1997,1997/1998
FC Groningen,Rob Hilbers,26,Goalkeeper,FC Volendam,?,out,Summer,NA,Eredivisie,1997,1997/1998
FC Utrecht,Dennis van der Ree,18,Right-Back,Barendrecht,Free transfer,in,Summer,0,Eredivisie,1997,1997/1998
FC Utrecht,Emmanuel Nwakire,18,Left-Back,Jasper United,Free transfer,in,Summer,0,Eredivisie,1997,1997/1998
FC Utrecht,Mitchell van der Gaag,25,Centre-Back,Motherwell FC,?,in,Summer,NA,Eredivisie,1997,1997/1998
FC Utrecht,Harald Wapenaar,27,Goalkeeper,Helmond Sport,?,in,Summer,NA,Eredivisie,1997,1997/1998
FC Utrecht,Tom Van Mol,24,Left-Back,Lommel SK,?,in,Summer,NA,Eredivisie,1997,1997/1998
FC Utrecht,Pascal Bosschaart,17,Centre-Back,SC Feyenoord,?,in,Summer,NA,Eredivisie,1997,1997/1998
FC Utrecht,Harry Decheiver,27,Centre-Forward,SC Freiburg,?,in,Summer,NA,Eredivisie,1997,1997/1998
FC Utrecht,Stefan Haaksman,23,Forward,Unknown,?,in,Summer,NA,Eredivisie,1997,1997/1998
FC Utrecht,Dennis van der Steen,21,Right Midfield,Brederodes,?,in,Summer,NA,Eredivisie,1997,1997/1998
FC Utrecht,Dionysius Sebwe,28,Defender,Orlando Sundogs,?,in,Summer,NA,Eredivisie,1997,1997/1998
FC Utrecht,Dennis Scharrenburg,18,Midfielder,Ajax U19,?,in,Summer,NA,Eredivisie,1997,1997/1998
FC Utrecht,Wouter Kos,18,Midfielder,Utrecht U21,-,in,Summer,0,Eredivisie,1997,1997/1998
FC Utrecht,Dick Van Burik,23,Centre-Back,Hertha BSC,£540Th.,out,Summer,0.54,Eredivisie,1997,1997/1998
FC Utrecht,René Ponk,25,Goalkeeper,SD Compostela,Free transfer,out,Summer,0,Eredivisie,1997,1997/1998
FC Utrecht,Peter Hofstede,30,Centre-Forward,Helmond Sport,?,out,Summer,NA,Eredivisie,1997,1997/1998
FC Utrecht,Gerald Vanenburg,33,Right Winger,Cannes,?,out,Summer,NA,Eredivisie,1997,1997/1998
FC Utrecht,Hans Visser,30,Forward,KRC Harelbeke,?,out,Summer,NA,Eredivisie,1997,1997/1998
FC Utrecht,Eric Smit,25,Midfielder,Unknown,?,out,Summer,NA,Eredivisie,1997,1997/1998
FC Utrecht,Vincent Polfliet,21,Defender,Unknown,?,out,Summer,NA,Eredivisie,1997,1997/1998
FC Utrecht,René van de Brink,31,Right Winger,Haarlem,?,out,Summer,NA,Eredivisie,1997,1997/1998
Roda JC Kerkrade,Bob Peeters,23,Centre-Forward,Lierse SK,Free transfer,in,Summer,0,Eredivisie,1997,1997/1998
Roda JC Kerkrade,Mariusz Kukielka,20,Centre-Back,GKS Belchatow,?,in,Summer,NA,Eredivisie,1997,1997/1998
Roda JC Kerkrade,Igor Tomasic,20,Centre-Back,Croatia Zagreb,?,in,Summer,NA,Eredivisie,1997,1997/1998
Roda JC Kerkrade,Joos Valgaeren,21,Centre-Back,KV Mechelen,?,in,Summer,NA,Eredivisie,1997,1997/1998
Roda JC Kerkrade,Jörg Kässmann,28,Goalkeeper,Bor. M'gladbach,?,in,Summer,NA,Eredivisie,1997,1997/1998
Roda JC Kerkrade,Gábor Torma,20,Centre-Forward,Cercle Brugge,?,in,Summer,NA,Eredivisie,1997,1997/1998
Roda JC Kerkrade,Stephan 't Hart,26,Defender,Scheveningen,?,in,Summer,NA,Eredivisie,1997,1997/1998
Roda JC Kerkrade,Nikola Damjanac,25,Goalkeeper,Partizan,?,in,Summer,NA,Eredivisie,1997,1997/1998
Roda JC Kerkrade,Rastislav Mores,21,Midfielder,NEC Nijmegen,?,in,Summer,NA,Eredivisie,1997,1997/1998
Roda JC Kerkrade,Nenad Miskovic,21,Left Midfield,Rad Belgrade,?,in,Summer,NA,Eredivisie,1997,1997/1998
Roda JC Kerkrade,Grégory Delwarte,19,Goalkeeper,Roda JC U19,-,in,Summer,0,Eredivisie,1997,1997/1998
Roda JC Kerkrade,Gerald Sibon,23,Centre-Forward,Ajax,£2.03m,out,Summer,2.03,Eredivisie,1997,1997/1998
Roda JC Kerkrade,Ruud Hesp,31,Goalkeeper,FC Barcelona,£990Th.,out,Summer,0.99,Eredivisie,1997,1997/1998
Roda JC Kerkrade,Henri Heeren,22,Right-Back,Alem. Aachen,Free transfer,out,Summer,0,Eredivisie,1997,1997/1998
Roda JC Kerkrade,Mark Luijpers,26,Left-Back,MVV Maastricht,Loan,out,Summer,0,Eredivisie,1997,1997/1998
Roda JC Kerkrade,Hans Spillmann,28,Goalkeeper,MVV Maastricht,?,out,Summer,NA,Eredivisie,1997,1997/1998
MVV Maastricht,Emerson,24,Centre-Forward,Grêmio,Free transfer,in,Winter,0,Eredivisie,1997,1997/1998
MVV Maastricht,Arjan Vermeulen,28,Left-Back,OGC Nice,?,in,Winter,NA,Eredivisie,1997,1997/1998
FC Volendam,Milan Berck Beelenkamp,20,Right-Back,Ajax,Free transfer,in,Winter,0,Eredivisie,1997,1997/1998
FC Volendam,Marco Gentile,29,Centre-Back,Burnley,?,in,Winter,NA,Eredivisie,1997,1997/1998
FC Volendam,Marco Boogers,30,Centre-Forward,RKC Waalwijk,?,in,Winter,NA,Eredivisie,1997,1997/1998
FC Volendam,Ayhan Tumani,26,Centre-Forward,NEC Nijmegen,Free transfer,out,Winter,0,Eredivisie,1997,1997/1998
FC Volendam,Marcel Valk,30,Right Midfield,Willem II,?,out,Winter,NA,Eredivisie,1997,1997/1998
De Graafschap Doetinchem,Daniel Voigt,20,Centre-Back,PSV U21,"End of loanDec 31, 1997",out,Winter,0,Eredivisie,1997,1997/1998
Ajax Amsterdam,Milan Berck Beelenkamp,20,Right-Back,FC Volendam,Free transfer,out,Winter,0,Eredivisie,1997,1997/1998
Ajax Amsterdam,Márcio Santos,28,Centre-Back,São Paulo,?,out,Winter,NA,Eredivisie,1997,1997/1998
NEC Nijmegen,Ayhan Tumani,26,Centre-Forward,FC Volendam,Free transfer,in,Winter,0,Eredivisie,1997,1997/1998
NEC Nijmegen,Bart Latuheru,32,Right Winger,AZ Alkmaar,?,in,Winter,NA,Eredivisie,1997,1997/1998
NEC Nijmegen,Yassine Abdellaoui,22,Left Midfield,Rayo Vallecano,,in,Winter,NA,Eredivisie,1997,1997/1998
NEC Nijmegen,Jörg Sobiech,29,Left-Back,Stoke City,Loan,out,Winter,0,Eredivisie,1997,1997/1998
NEC Nijmegen,Antti Sumiala,23,Centre-Forward,Twente FC,?,out,Winter,NA,Eredivisie,1997,1997/1998
Willem II Tilburg,Adil Ramzi,20,Left Midfield,Udinese,Loan,in,Winter,0,Eredivisie,1997,1997/1998
Willem II Tilburg,Marcel Valk,30,Right Midfield,FC Volendam,?,in,Winter,NA,Eredivisie,1997,1997/1998
NAC Breda,Rade Bogdanovic,27,Centre-Forward,Atlético Madrid,Loan,in,Winter,0,Eredivisie,1997,1997/1998
NAC Breda,Jeong-yun No,26,Centre-Forward,Sanf. Hiroshima,?,in,Winter,NA,Eredivisie,1997,1997/1998
NAC Breda,Glenn Helder,28,Left Winger,Arsenal,?,in,Winter,NA,Eredivisie,1997,1997/1998
NAC Breda,Tony Vidmar,27,Left-Back,Rangers,Free transfer,out,Winter,0,Eredivisie,1997,1997/1998
NAC Breda,Edwin Gorter,34,Attacking Midfield,Revolution,Free transfer,out,Winter,0,Eredivisie,1997,1997/1998
PSV Eindhoven,André Ooijer,23,Centre-Back,Roda JC,£405Th.,in,Winter,0.405,Eredivisie,1997,1997/1998
PSV Eindhoven,Dmitri Khokhlov,22,Central Midfield,Torpedo Moscow,£270Th.,in,Winter,0.27,Eredivisie,1997,1997/1998
PSV Eindhoven,Andrius Skerla,20,Centre-Back,Zalgiris,Free transfer,in,Winter,0,Eredivisie,1997,1997/1998
PSV Eindhoven,Sergey Temryukov,19,Centre-Back,PSV U19,-,in,Winter,0,Eredivisie,1997,1997/1998
PSV Eindhoven,Georg Koch,25,Goalkeeper,Arm. Bielefeld,Free transfer,out,Winter,0,Eredivisie,1997,1997/1998
PSV Eindhoven,Piotr Matys,19,Forward,Lausanne-Sport,?,out,Winter,NA,Eredivisie,1997,1997/1998
Twente Enschede FC,Antti Sumiala,23,Centre-Forward,NEC Nijmegen,?,in,Winter,NA,Eredivisie,1997,1997/1998
Twente Enschede FC,Chris De Witte,19,Centre-Forward,RSC Anderlecht,?,in,Winter,NA,Eredivisie,1997,1997/1998
Twente Enschede FC,Yuri Petrov,23,Centre-Forward,RKC Waalwijk,Loan,out,Winter,0,Eredivisie,1997,1997/1998
SC Heerenveen,Brian Tevreden,28,Right-Back,Cambuur L.,?,in,Winter,NA,Eredivisie,1997,1997/1998
RKC Waalwijk,Maarten Schops,21,Defensive Midfield,Roda JC,Loan,in,Winter,0,Eredivisie,1997,1997/1998
RKC Waalwijk,Yuri Petrov,23,Centre-Forward,Twente FC,Loan,in,Winter,0,Eredivisie,1997,1997/1998
RKC Waalwijk,Marco Boogers,30,Centre-Forward,FC Volendam,?,out,Winter,NA,Eredivisie,1997,1997/1998
Feyenoord Rotterdam,Julio Cruz,23,Centre-Forward,River Plate,£4.86m,in,Winter,4.86,Eredivisie,1997,1997/1998
Feyenoord Rotterdam,Edwin Zoetebier,27,Goalkeeper,Sunderland,Free transfer,in,Winter,0,Eredivisie,1997,1997/1998
Feyenoord Rotterdam,Patrick Allotey,19,Defender,Excelsior,"End of loanDec 31, 1997",in,Winter,0,Eredivisie,1997,1997/1998
Feyenoord Rotterdam,George Boateng,22,Defensive Midfield,Coventry,£315Th.,out,Winter,0.315,Eredivisie,1997,1997/1998
Feyenoord Rotterdam,Christian Gyan,19,Right-Back,Excelsior,Loan,out,Winter,0,Eredivisie,1997,1997/1998
Feyenoord Rotterdam,Gláucio,22,Attacking Midfield,América-RJ,Free transfer,out,Winter,0,Eredivisie,1997,1997/1998
FC Groningen,Mario Rodríguez,21,Centre-Back,Kickers Emden,Free transfer,in,Winter,0,Eredivisie,1997,1997/1998
FC Groningen,Jeffrey Kooistra,28,Midfielder,Helmond Sport,?,out,Winter,NA,Eredivisie,1997,1997/1998
FC Utrecht,Scott Booth,26,Centre-Forward,Bor. Dortmund,Loan,in,Winter,0,Eredivisie,1997,1997/1998
FC Utrecht,John de Jong,20,Attacking Midfield,ADO Den Haag,?,in,Winter,NA,Eredivisie,1997,1997/1998
FC Utrecht,Marcel van der Net,33,Sweeper,RBC,Loan,out,Winter,0,Eredivisie,1997,1997/1998
FC Utrecht,Harry Decheiver,27,Centre-Forward,Bor. Dortmund,?,out,Winter,NA,Eredivisie,1997,1997/1998
Roda JC Kerkrade,Edwin Grünholz,28,Forward,ADO Den Haag,?,in,Winter,NA,Eredivisie,1997,1997/1998
Roda JC Kerkrade,Bernard Samuel Tchoutang,21,Left Winger,KRC Genk,?,in,Winter,NA,Eredivisie,1997,1997/1998
Roda JC Kerkrade,André Ooijer,23,Centre-Back,PSV Eindhoven,£405Th.,out,Winter,0.405,Eredivisie,1997,1997/1998
Roda JC Kerkrade,Maarten Schops,21,Defensive Midfield,RKC Waalwijk,Loan,out,Winter,0,Eredivisie,1997,1997/1998
Roda JC Kerkrade,Jan-Pieter Martens,23,Attacking Midfield,Sturm Graz,?,out,Winter,NA,Eredivisie,1997,1997/1998
Roda JC Kerkrade,Stephan Van Der Heyden,28,Left Midfield,LOSC Lille,?,out,Winter,NA,Eredivisie,1997,1997/1998
Roda JC Kerkrade,Nenad Miskovic,22,Left Midfield,Proleter Zrenj.,?,out,Winter,NA,Eredivisie,1997,1997/1998
