club_name,player_name,age,position,club_involved_name,fee,transfer_movement,transfer_period,fee_cleaned,league_name,year,season
Borussia Dortmund,Neven Subotic,19,Centre-Back,1.FSV Mainz 05,£4.05m,in,Summer,4.05,1 Bundesliga,2008,2008/2009
Borussia Dortmund,Mohamed Zidan,26,Second Striker,Hamburger SV,£2.52m,in,Summer,2.52,1 Bundesliga,2008,2008/2009
Borussia Dortmund,Patrick Owomoyela,28,Right-Back,Werder Bremen,£2.25m,in,Summer,2.25,1 Bundesliga,2008,2008/2009
Borussia Dortmund,Felipe Santana,22,Centre-Back,Figueirense FC,£1.89m,in,Summer,1.89,1 Bundesliga,2008,2008/2009
Borussia Dortmund,Tamás Hajnal,27,Attacking Midfield,Karlsruher SC,£1.13m,in,Summer,1.13,1 Bundesliga,2008,2008/2009
Borussia Dortmund,Young-pyo Lee,31,Left-Back,Spurs,£450Th.,in,Summer,0.45,1 Bundesliga,2008,2008/2009
Borussia Dortmund,Lukas Kruse,24,Goalkeeper,SC Paderborn,free transfer,in,Summer,NA,1 Bundesliga,2008,2008/2009
Borussia Dortmund,Bajram Sadrijaj,21,Centre-Forward,Thannhausen,free transfer,in,Summer,NA,1 Bundesliga,2008,2008/2009
Borussia Dortmund,Marcel Schmelzer,20,Left-Back,B. Dortmund II,-,in,Summer,0,1 Bundesliga,2008,2008/2009
Borussia Dortmund,Steven Pienaar,26,Left Winger,Everton,"End of loanJun 30, 2008",in,Summer,0,1 Bundesliga,2008,2008/2009
Borussia Dortmund,Nuri Sahin,19,Defensive Midfield,Feyenoord,"End of loanJun 30, 2008",in,Summer,0,1 Bundesliga,2008,2008/2009
Borussia Dortmund,Mladen Petric,27,Centre-Forward,Hamburger SV,£6.57m,out,Summer,6.57,1 Bundesliga,2008,2008/2009
Borussia Dortmund,Steven Pienaar,26,Left Winger,Everton,£2.48m,out,Summer,2.48,1 Bundesliga,2008,2008/2009
Borussia Dortmund,Martin Amedick,25,Centre-Back,1.FC K'lautern,£405Th.,out,Summer,0.405,1 Bundesliga,2008,2008/2009
Borussia Dortmund,Markus Brzenska,24,Centre-Back,MSV Duisburg,Loan fee:£90Th.,out,Summer,0.09,1 Bundesliga,2008,2008/2009
Borussia Dortmund,Philipp Degen,25,Right-Back,Liverpool,free transfer,out,Summer,NA,1 Bundesliga,2008,2008/2009
Borussia Dortmund,Daniel Gordon,23,Centre-Back,B. Dortmund II,-,out,Summer,0,1 Bundesliga,2008,2008/2009
Borussia Dortmund,David Vrzogic,18,Left-Back,B. Dortmund II,-,out,Summer,0,1 Bundesliga,2008,2008/2009
Borussia Dortmund,Sebastian Tyrala,20,Central Midfield,B. Dortmund II,-,out,Summer,0,1 Bundesliga,2008,2008/2009
Borussia Dortmund,Christian Wörns,36,Centre-Back,Retired,-,out,Summer,0,1 Bundesliga,2008,2008/2009
Borussia Dortmund,Alexander Bade,37,Goalkeeper,Without Club,-,out,Summer,0,1 Bundesliga,2008,2008/2009
Bayern Munich,Tim Borowski,28,Central Midfield,Werder Bremen,free transfer,in,Summer,NA,1 Bundesliga,2008,2008/2009
Bayern Munich,Hans Jörg Butt,34,Goalkeeper,Benfica,free transfer,in,Summer,NA,1 Bundesliga,2008,2008/2009
Bayern Munich,Massimo Oddo,32,Right-Back,AC Milan,loan transfer,in,Summer,NA,1 Bundesliga,2008,2008/2009
Bayern Munich,Thomas Kraft,19,Goalkeeper,FC Bayern II,-,in,Summer,0,1 Bundesliga,2008,2008/2009
Bayern Munich,Markus Steinhöfer,22,Right-Back,FC Bayern II,-,in,Summer,0,1 Bundesliga,2008,2008/2009
Bayern Munich,Julio dos Santos,25,Central Midfield,Grêmio,"End of loanJun 30, 2008",in,Summer,0,1 Bundesliga,2008,2008/2009
Bayern Munich,Marcell Jansen,22,Centre-Forward,Hamburger SV,£7.20m,out,Summer,7.2,1 Bundesliga,2008,2008/2009
Bayern Munich,Jan Schlaudraff,24,Second Striker,Hannover 96,£1.80m,out,Summer,1.8,1 Bundesliga,2008,2008/2009
Bayern Munich,Markus Steinhöfer,22,Right-Back,E. Frankfurt,£810Th.,out,Summer,0.81,1 Bundesliga,2008,2008/2009
Bayern Munich,Sandro Wagner,20,Centre-Forward,MSV Duisburg,free transfer,out,Summer,NA,1 Bundesliga,2008,2008/2009
Bayern Munich,Julio dos Santos,25,Central Midfield,Atlético-PR,free transfer,out,Summer,NA,1 Bundesliga,2008,2008/2009
Bayern Munich,Oliver Kahn,39,Goalkeeper,Retired,-,out,Summer,0,1 Bundesliga,2008,2008/2009
Bayern Munich,Bernd Dreher,41,Goalkeeper,Retired,-,out,Summer,0,1 Bundesliga,2008,2008/2009
Bayern Munich,Stephan Fürstner,20,Defensive Midfield,FC Bayern II,-,out,Summer,0,1 Bundesliga,2008,2008/2009
FC Schalke 04,Jefferson Farfán,23,Centre-Forward,PSV Eindhoven,£9.00m,in,Summer,9,1 Bundesliga,2008,2008/2009
FC Schalke 04,Orlando Engelaar,28,Defensive Midfield,Twente FC,£4.95m,in,Summer,4.95,1 Bundesliga,2008,2008/2009
FC Schalke 04,Levan Kenia,17,Attacking Midfield,Schalke 04 U19,-,in,Summer,0,1 Bundesliga,2008,2008/2009
FC Schalke 04,Carlos Zambrano,18,Centre-Back,Schalke 04 U19,-,in,Summer,0,1 Bundesliga,2008,2008/2009
FC Schalke 04,Mohamed Amsif,19,Goalkeeper,Schalke 04 U19,-,in,Summer,0,1 Bundesliga,2008,2008/2009
FC Schalke 04,Mimoun Azaouagh,25,Attacking Midfield,VfL Bochum,"End of loanJun 30, 2008",in,Summer,0,1 Bundesliga,2008,2008/2009
FC Schalke 04,Sören Larsen,26,Centre-Forward,Toulouse,£2.70m,out,Summer,2.7,1 Bundesliga,2008,2008/2009
FC Schalke 04,Mimoun Azaouagh,25,Attacking Midfield,VfL Bochum,£900Th.,out,Summer,0.9,1 Bundesliga,2008,2008/2009
FC Schalke 04,Zlatan Bajramovic,28,Defensive Midfield,E. Frankfurt,free transfer,out,Summer,NA,1 Bundesliga,2008,2008/2009
FC Schalke 04,Mathias Abel,27,Centre-Back,1.FC K'lautern,free transfer,out,Summer,NA,1 Bundesliga,2008,2008/2009
Borussia Mönchengladbach,Karim Matmour,23,Right Winger,SC Freiburg,£2.34m,in,Summer,2.34,1 Bundesliga,2008,2008/2009
Borussia Mönchengladbach,Michael Bradley,21,Central Midfield,Heerenveen,£2.25m,in,Summer,2.25,1 Bundesliga,2008,2008/2009
Borussia Mönchengladbach,Jan-Ingwer Callsen-Bracker,23,Centre-Back,Bay. Leverkusen,£675Th.,in,Summer,0.675,1 Bundesliga,2008,2008/2009
Borussia Mönchengladbach,Gal Alberman,25,Defensive Midfield,B. Jerusalem,£585Th.,in,Summer,0.585,1 Bundesliga,2008,2008/2009
Borussia Mönchengladbach,Jean-Sébastien Jaurès,30,Left-Back,AJ Auxerre,free transfer,in,Summer,NA,1 Bundesliga,2008,2008/2009
Borussia Mönchengladbach,Frederic Löhe,19,Goalkeeper,M'gladbach II,-,in,Summer,0,1 Bundesliga,2008,2008/2009
Borussia Mönchengladbach,David Degen,25,Right Midfield,FC Basel,"End of loanJun 30, 2008",in,Summer,0,1 Bundesliga,2008,2008/2009
Borussia Mönchengladbach,Zé António,31,Centre-Back,Manisaspor,"End of loanJun 30, 2008",in,Summer,0,1 Bundesliga,2008,2008/2009
Borussia Mönchengladbach,Nando Rafael,24,Centre-Forward,Aarhus GF,£423Th.,out,Summer,0.423,1 Bundesliga,2008,2008/2009
Borussia Mönchengladbach,Kasper Bögelund,27,Right-Back,Aalborg BK,free transfer,out,Summer,NA,1 Bundesliga,2008,2008/2009
Borussia Mönchengladbach,Robert Fleßers,21,Defensive Midfield,1.FSV Mainz 05,free transfer,out,Summer,NA,1 Bundesliga,2008,2008/2009
Borussia Mönchengladbach,Eugen Polanski,22,Defensive Midfield,Getafe,free transfer,out,Summer,NA,1 Bundesliga,2008,2008/2009
Borussia Mönchengladbach,Zé António,31,Centre-Back,Racing,free transfer,out,Summer,NA,1 Bundesliga,2008,2008/2009
Borussia Mönchengladbach,David Degen,25,Right Midfield,BSC Young Boys,free transfer,out,Summer,NA,1 Bundesliga,2008,2008/2009
Bayer 04 Leverkusen,Renato Augusto,20,Central Midfield,Flamengo,£4.68m,in,Summer,4.68,1 Bundesliga,2008,2008/2009
Bayer 04 Leverkusen,Constant Djakpa,21,Left-Back,Pandurii,£900Th.,in,Summer,0.9,1 Bundesliga,2008,2008/2009
Bayer 04 Leverkusen,Michal Kadlec,23,Centre-Back,Sparta Prague,Loan fee:£900Th.,in,Summer,0.9,1 Bundesliga,2008,2008/2009
Bayer 04 Leverkusen,Henrique,21,Centre-Back,Barcelona,Loan fee:£360Th.,in,Summer,0.36,1 Bundesliga,2008,2008/2009
Bayer 04 Leverkusen,Patrick Helmes,24,Centre-Forward,1. FC Köln,free transfer,in,Summer,NA,1 Bundesliga,2008,2008/2009
Bayer 04 Leverkusen,Richard Sukuta-Pasu,18,Centre-Forward,Leverkusen U19,-,in,Summer,0,1 Bundesliga,2008,2008/2009
Bayer 04 Leverkusen,Jens Hegeler,20,Central Midfield,Leverkusen II,-,in,Summer,0,1 Bundesliga,2008,2008/2009
Bayer 04 Leverkusen,Stefan Reinartz,19,Defensive Midfield,Leverkusen II,-,in,Summer,0,1 Bundesliga,2008,2008/2009
Bayer 04 Leverkusen,Marcel Risse,18,Right Midfield,Leverkusen U19,-,in,Summer,0,1 Bundesliga,2008,2008/2009
Bayer 04 Leverkusen,Bastian Oczipka,19,Left-Back,Leverkusen U19,-,in,Summer,0,1 Bundesliga,2008,2008/2009
Bayer 04 Leverkusen,Michal Papadopulos,23,Centre-Forward,Energie Cottbus,"End of loanJun 30, 2008",in,Summer,0,1 Bundesliga,2008,2008/2009
Bayer 04 Leverkusen,Paul Freier,28,Right Midfield,VfL Bochum,£990Th.,out,Summer,0.99,1 Bundesliga,2008,2008/2009
Bayer 04 Leverkusen,Dmitri Bulykin,28,Centre-Forward,RSC Anderlecht,£900Th.,out,Summer,0.9,1 Bundesliga,2008,2008/2009
Bayer 04 Leverkusen,Jan-Ingwer Callsen-Bracker,23,Centre-Back,Bor. M'gladbach,£675Th.,out,Summer,0.675,1 Bundesliga,2008,2008/2009
Bayer 04 Leverkusen,Michal Papadopulos,23,Centre-Forward,Mlada Boleslav,£270Th.,out,Summer,0.27,1 Bundesliga,2008,2008/2009
Bayer 04 Leverkusen,Bastian Oczipka,19,Left-Back,Hansa Rostock,loan transfer,out,Summer,NA,1 Bundesliga,2008,2008/2009
Bayer 04 Leverkusen,Sergej Barbarez,36,Second Striker,Retired,-,out,Summer,0,1 Bundesliga,2008,2008/2009
Bayer 04 Leverkusen,Carsten Ramelow,34,Defensive Midfield,Leverkusen II,-,out,Summer,0,1 Bundesliga,2008,2008/2009
VfB Stuttgart,Khalid Boulahrouz,26,Centre-Back,Chelsea,£4.50m,in,Summer,4.5,1 Bundesliga,2008,2008/2009
VfB Stuttgart,Jan Simak,29,Attacking Midfield,Carl Zeiss Jena,£720Th.,in,Summer,0.72,1 Bundesliga,2008,2008/2009
VfB Stuttgart,Martin Lanig,23,Defensive Midfield,Greuther Fürth,£450Th.,in,Summer,0.45,1 Bundesliga,2008,2008/2009
VfB Stuttgart,Jens Lehmann,38,Goalkeeper,Arsenal,free transfer,in,Summer,NA,1 Bundesliga,2008,2008/2009
VfB Stuttgart,Christian Träsch,20,Defensive Midfield,Stuttgart II,-,in,Summer,0,1 Bundesliga,2008,2008/2009
VfB Stuttgart,Sebastian Rudy,18,Defensive Midfield,Stuttgart II,-,in,Summer,0,1 Bundesliga,2008,2008/2009
VfB Stuttgart,Manuel Fischer,18,Centre-Forward,Stuttgart II,-,in,Summer,0,1 Bundesliga,2008,2008/2009
VfB Stuttgart,Christian Gentner,22,Central Midfield,VfL Wolfsburg,"End of loanJun 30, 2008",in,Summer,0,1 Bundesliga,2008,2008/2009
VfB Stuttgart,Georges Mandjeck,19,Defensive Midfield,1.FC K'lautern,"End of loanJun 30, 2008",in,Summer,0,1 Bundesliga,2008,2008/2009
VfB Stuttgart,Danijel Ljuboja,29,Centre-Forward,VfL Wolfsburg,"End of loanJun 30, 2008",in,Summer,0,1 Bundesliga,2008,2008/2009
VfB Stuttgart,David Pisot,20,Centre-Back,SC Paderborn,"End of loanJun 30, 2008",in,Summer,0,1 Bundesliga,2008,2008/2009
VfB Stuttgart,Fernando Meira,30,Centre-Back,Galatasaray,£4.05m,out,Summer,4.05,1 Bundesliga,2008,2008/2009
VfB Stuttgart,Andreas Beck,21,Right-Back,TSG Hoffenheim,£2.88m,out,Summer,2.88,1 Bundesliga,2008,2008/2009
VfB Stuttgart,Christian Gentner,22,Central Midfield,VfL Wolfsburg,£2.25m,out,Summer,2.25,1 Bundesliga,2008,2008/2009
VfB Stuttgart,Antônio da Silva,30,Attacking Midfield,Karlsruher SC,£810Th.,out,Summer,0.81,1 Bundesliga,2008,2008/2009
VfB Stuttgart,Alexander Farnerud,24,Central Midfield,Bröndby IF,£720Th.,out,Summer,0.72,1 Bundesliga,2008,2008/2009
VfB Stuttgart,Raphael Schäfer,29,Goalkeeper,1.FC Nuremberg,£450Th.,out,Summer,0.45,1 Bundesliga,2008,2008/2009
VfB Stuttgart,Julian Schuster,23,Defensive Midfield,SC Freiburg,£135Th.,out,Summer,0.135,1 Bundesliga,2008,2008/2009
VfB Stuttgart,Peter Perchtold,23,Defensive Midfield,1.FC Nuremberg,free transfer,out,Summer,NA,1 Bundesliga,2008,2008/2009
VfB Stuttgart,David Pisot,20,Centre-Back,Stuttgart II,-,out,Summer,0,1 Bundesliga,2008,2008/2009
VfB Stuttgart,Silvio Meißner,35,Defensive Midfield,Retired,-,out,Summer,0,1 Bundesliga,2008,2008/2009
VfB Stuttgart,Sergiu Radu,30,Centre-Forward,VfL Wolfsburg,"End of loanJun 30, 2008",out,Summer,0,1 Bundesliga,2008,2008/2009
Hannover 96,Jan Schlaudraff,24,Second Striker,FC Bayern,£1.80m,in,Summer,1.8,1 Bundesliga,2008,2008/2009
Hannover 96,Mario Eggimann,27,Centre-Back,Karlsruher SC,£1.26m,in,Summer,1.26,1 Bundesliga,2008,2008/2009
Hannover 96,Mikael Forssell,27,Centre-Forward,Birmingham,free transfer,in,Summer,NA,1 Bundesliga,2008,2008/2009
Hannover 96,Leon Balogun,20,Centre-Back,Türkiyemspor,free transfer,in,Summer,NA,1 Bundesliga,2008,2008/2009
Hannover 96,Florian Fromlowitz,21,Goalkeeper,1.FC K'lautern,free transfer,in,Summer,NA,1 Bundesliga,2008,2008/2009
Hannover 96,Tim Hofmann,20,Centre-Back,Hannover 96 II,-,in,Summer,0,1 Bundesliga,2008,2008/2009
Hannover 96,Bastian Schulz,22,Defensive Midfield,Hannover 96 II,-,in,Summer,0,1 Bundesliga,2008,2008/2009
Hannover 96,Konstantin Rausch,18,Left-Back,Hannover 96 U19,-,in,Summer,0,1 Bundesliga,2008,2008/2009
Hannover 96,Gunnar Heidar Thorvaldsson,26,Centre-Forward,Vålerenga,"End of loanJun 30, 2008",in,Summer,0,1 Bundesliga,2008,2008/2009
Hannover 96,Sören Halfar,21,Left-Back,SC Paderborn,"End of loanJun 30, 2008",in,Summer,0,1 Bundesliga,2008,2008/2009
Hannover 96,Gunnar Heidar Thorvaldsson,26,Centre-Forward,Esbjerg fB,£122Th.,out,Summer,0.122,1 Bundesliga,2008,2008/2009
Hannover 96,Sören Halfar,21,Left-Back,SC Paderborn,free transfer,out,Summer,NA,1 Bundesliga,2008,2008/2009
Hannover 96,Benjamin Lauth,26,Centre-Forward,1860 Munich,free transfer,out,Summer,NA,1 Bundesliga,2008,2008/2009
Hannover 96,Dariusz Zuraw,35,Centre-Back,Arka Gdynia,free transfer,out,Summer,NA,1 Bundesliga,2008,2008/2009
Hannover 96,Frank Juric,34,Goalkeeper,Perth Glory,free transfer,out,Summer,NA,1 Bundesliga,2008,2008/2009
Hannover 96,Vahid Hashemian,31,Centre-Forward,VfL Bochum,free transfer,out,Summer,NA,1 Bundesliga,2008,2008/2009
Hannover 96,Richard Golz,40,Goalkeeper,Retired,-,out,Summer,0,1 Bundesliga,2008,2008/2009
Hannover 96,Thomas Brdaric,33,Centre-Forward,Retired,-,out,Summer,0,1 Bundesliga,2008,2008/2009
VfL Wolfsburg,Andrea Barzagli,27,Centre-Back,US Palermo,£12.60m,in,Summer,12.6,1 Bundesliga,2008,2008/2009
VfL Wolfsburg,Cristian Zaccardo,26,Centre-Back,US Palermo,£6.30m,in,Summer,6.3,1 Bundesliga,2008,2008/2009
VfL Wolfsburg,Zvjezdan Misimovic,26,Attacking Midfield,1.FC Nuremberg,£3.60m,in,Summer,3.6,1 Bundesliga,2008,2008/2009
VfL Wolfsburg,Caiuby,20,Second Striker,Guaratinguetá,£2.25m,in,Summer,2.25,1 Bundesliga,2008,2008/2009
VfL Wolfsburg,Christian Gentner,22,Central Midfield,VfB Stuttgart,£2.25m,in,Summer,2.25,1 Bundesliga,2008,2008/2009
VfL Wolfsburg,Mahir Saglik,25,Centre-Forward,Wuppertaler SV,£135Th.,in,Summer,0.135,1 Bundesliga,2008,2008/2009
VfL Wolfsburg,Alexander Esswein,18,Right Winger,K'lautern U19,£90Th.,in,Summer,0.09,1 Bundesliga,2008,2008/2009
VfL Wolfsburg,Daniel Adlung,20,Central Midfield,Greuther Fürth,free transfer,in,Summer,NA,1 Bundesliga,2008,2008/2009
VfL Wolfsburg,Marwin Hitz,20,Goalkeeper,St. Gallen U21,free transfer,in,Summer,NA,1 Bundesliga,2008,2008/2009
VfL Wolfsburg,Rodrigo Alvim,24,Left-Back,Belenenses,free transfer,in,Summer,NA,1 Bundesliga,2008,2008/2009
VfL Wolfsburg,Bernd Korzynietz,28,Right-Back,Arm. Bielefeld,loan transfer,in,Summer,NA,1 Bundesliga,2008,2008/2009
VfL Wolfsburg,Isaac Boakye,26,Centre-Forward,1.FSV Mainz 05,"End of loanJun 30, 2008",in,Summer,0,1 Bundesliga,2008,2008/2009
VfL Wolfsburg,Vlad Munteanu,27,Left Midfield,AJ Auxerre,"End of loanJun 30, 2008",in,Summer,0,1 Bundesliga,2008,2008/2009
VfL Wolfsburg,Sergiu Radu,30,Centre-Forward,VfB Stuttgart,"End of loanJun 30, 2008",in,Summer,0,1 Bundesliga,2008,2008/2009
VfL Wolfsburg,Patrick Platins,25,Goalkeeper,FC Augsburg,"End of loanJun 30, 2008",in,Summer,0,1 Bundesliga,2008,2008/2009
VfL Wolfsburg,Uwe Möhrle,28,Centre-Back,FC Augsburg,"End of loanJun 30, 2008",in,Summer,0,1 Bundesliga,2008,2008/2009
VfL Wolfsburg,Yoshito Okubo,27,Centre-Forward,Vissel Kobe,£1.35m,out,Summer,1.35,1 Bundesliga,2008,2008/2009
VfL Wolfsburg,Marcelinho Paraíba,33,Attacking Midfield,Flamengo,£900Th.,out,Summer,0.9,1 Bundesliga,2008,2008/2009
VfL Wolfsburg,Isaac Boakye,26,Centre-Forward,1.FC Nuremberg,£405Th.,out,Summer,0.405,1 Bundesliga,2008,2008/2009
VfL Wolfsburg,Sergiu Radu,30,Centre-Forward,1. FC Köln,Loan fee:£225Th.,out,Summer,0.225,1 Bundesliga,2008,2008/2009
VfL Wolfsburg,Peter Van der Heyden,31,Left-Back,1.FSV Mainz 05,free transfer,out,Summer,NA,1 Bundesliga,2008,2008/2009
VfL Wolfsburg,Facundo Quiroga,30,Centre-Back,River Plate,free transfer,out,Summer,NA,1 Bundesliga,2008,2008/2009
VfL Wolfsburg,Emre Öztürk,22,Right Winger,SV Sandhausen,free transfer,out,Summer,NA,1 Bundesliga,2008,2008/2009
VfL Wolfsburg,Uwe Möhrle,28,Centre-Back,FC Augsburg,free transfer,out,Summer,NA,1 Bundesliga,2008,2008/2009
VfL Wolfsburg,Daniel Baier,24,Defensive Midfield,FC Augsburg,loan transfer,out,Summer,NA,1 Bundesliga,2008,2008/2009
VfL Wolfsburg,Alexander Laas,24,Left Midfield,Arm. Bielefeld,loan transfer,out,Summer,NA,1 Bundesliga,2008,2008/2009
VfL Wolfsburg,Mame Niang,24,Centre-Forward,Viking FK,loan transfer,out,Summer,NA,1 Bundesliga,2008,2008/2009
VfL Wolfsburg,Cédric Makiadi,24,Central Midfield,MSV Duisburg,loan transfer,out,Summer,NA,1 Bundesliga,2008,2008/2009
VfL Wolfsburg,Pablo Thiam,34,Defensive Midfield,Retired,-,out,Summer,0,1 Bundesliga,2008,2008/2009
VfL Wolfsburg,Danijel Ljuboja,29,Centre-Forward,VfB Stuttgart,"End of loanJun 30, 2008",out,Summer,0,1 Bundesliga,2008,2008/2009
VfL Wolfsburg,Christian Gentner,22,Central Midfield,VfB Stuttgart,"End of loanJun 30, 2008",out,Summer,0,1 Bundesliga,2008,2008/2009
SV Werder Bremen,Sebastian Prödl,21,Centre-Back,Sturm Graz,£2.25m,in,Summer,2.25,1 Bundesliga,2008,2008/2009
SV Werder Bremen,Claudio Pizarro,29,Centre-Forward,Chelsea,Loan fee:£1.80m,in,Summer,1.8,1 Bundesliga,2008,2008/2009
SV Werder Bremen,Said Husejinovic,20,Attacking Midfield,Sloboda Tuzla,£810Th.,in,Summer,0.81,1 Bundesliga,2008,2008/2009
SV Werder Bremen,Niklas Andersen,19,Centre-Back,RW Essen,free transfer,in,Summer,NA,1 Bundesliga,2008,2008/2009
SV Werder Bremen,Sebastian Mielitz,18,Goalkeeper,W. Bremen U19,-,in,Summer,0,1 Bundesliga,2008,2008/2009
SV Werder Bremen,John Jairo Mosquera,20,Centre-Forward,Alem. Aachen,"End of loanJun 30, 2008",in,Summer,0,1 Bundesliga,2008,2008/2009
SV Werder Bremen,Patrick Owomoyela,28,Right-Back,Bor. Dortmund,£2.25m,out,Summer,2.25,1 Bundesliga,2008,2008/2009
SV Werder Bremen,Tim Borowski,28,Central Midfield,FC Bayern,free transfer,out,Summer,NA,1 Bundesliga,2008,2008/2009
SV Werder Bremen,Ivan Klasnic,28,Centre-Forward,FC Nantes,free transfer,out,Summer,NA,1 Bundesliga,2008,2008/2009
SV Werder Bremen,Pierre Womé,29,Left-Back,1. FC Köln,free transfer,out,Summer,NA,1 Bundesliga,2008,2008/2009
SV Werder Bremen,Kevin Schindler,20,Defensive Midfield,Hansa Rostock,loan transfer,out,Summer,NA,1 Bundesliga,2008,2008/2009
SV Werder Bremen,John Jairo Mosquera,20,Centre-Forward,SönderjyskE,loan transfer,out,Summer,NA,1 Bundesliga,2008,2008/2009
Hertha BSC,Amine Chermiti,20,Centre-Forward,ES Sahel,£1.98m,in,Summer,1.98,1 Bundesliga,2008,2008/2009
Hertha BSC,Kaká,27,Centre-Back,Coimbra,£1.71m,in,Summer,1.71,1 Bundesliga,2008,2008/2009
Hertha BSC,Valeri Domovchiyski,21,Centre-Forward,Levski Sofia,£900Th.,in,Summer,0.9,1 Bundesliga,2008,2008/2009
Hertha BSC,Cícero,23,Central Midfield,Tombense,Loan fee:£720Th.,in,Summer,0.72,1 Bundesliga,2008,2008/2009
Hertha BSC,Maximilian Nicu,25,Centre-Back,Wehen Wiesbaden,£270Th.,in,Summer,0.27,1 Bundesliga,2008,2008/2009
Hertha BSC,Rodnei,22,Centre-Back,GO Audax,£180Th.,in,Summer,0.18,1 Bundesliga,2008,2008/2009
Hertha BSC,Marc Stein,22,Centre-Back,Hansa Rostock,free transfer,in,Summer,NA,1 Bundesliga,2008,2008/2009
Hertha BSC,Andriy Voronin,29,Second Striker,Liverpool,loan transfer,in,Summer,NA,1 Bundesliga,2008,2008/2009
Hertha BSC,Shervin Radjabali-Fardi,17,Left-Back,Hertha BSC U17,-,in,Summer,0,1 Bundesliga,2008,2008/2009
Hertha BSC,Lennart Hartmann,17,Defensive Midfield,Hertha BSC U17,-,in,Summer,0,1 Bundesliga,2008,2008/2009
Hertha BSC,Florian Riedel,18,Right-Back,Hertha BSC U19,-,in,Summer,0,1 Bundesliga,2008,2008/2009
Hertha BSC,Sascha Bigalke,18,Attacking Midfield,Hertha BSC II,-,in,Summer,0,1 Bundesliga,2008,2008/2009
Hertha BSC,Sascha Burchert,18,Goalkeeper,Hertha BSC U19,-,in,Summer,0,1 Bundesliga,2008,2008/2009
Hertha BSC,Srdjan Lakic,24,Centre-Forward,Heracles Almelo,"End of loanJun 30, 2008",in,Summer,0,1 Bundesliga,2008,2008/2009
Hertha BSC,Dennis Cagara,23,Left-Back,Nordsjaelland,"End of loanJun 30, 2008",in,Summer,0,1 Bundesliga,2008,2008/2009
Hertha BSC,Solomon Okoronkwo,21,Centre-Forward,Saturn,£1.26m,out,Summer,1.26,1 Bundesliga,2008,2008/2009
Hertha BSC,André Lima,23,Centre-Forward,São Paulo,Loan fee:£720Th.,out,Summer,0.72,1 Bundesliga,2008,2008/2009
Hertha BSC,Srdjan Lakic,24,Centre-Forward,1.FC K'lautern,£360Th.,out,Summer,0.36,1 Bundesliga,2008,2008/2009
Hertha BSC,Bilal Cubukcu,21,Attacking Midfield,Genclerbirligi,£270Th.,out,Summer,0.27,1 Bundesliga,2008,2008/2009
Hertha BSC,Dennis Cagara,23,Left-Back,Nordsjaelland,free transfer,out,Summer,NA,1 Bundesliga,2008,2008/2009
Hertha BSC,Amadeus Wallschläger,22,Centre-Back,Carl Zeiss Jena,free transfer,out,Summer,NA,1 Bundesliga,2008,2008/2009
Hertha BSC,Chinedu Ede,21,Right Winger,MSV Duisburg,free transfer,out,Summer,NA,1 Bundesliga,2008,2008/2009
Hertha BSC,Pascal Bieler,22,Left-Back,1.FC Nuremberg,free transfer,out,Summer,NA,1 Bundesliga,2008,2008/2009
Hertha BSC,Mineiro,32,Defensive Midfield,Without Club,-,out,Summer,0,1 Bundesliga,2008,2008/2009
Hertha BSC,Rudi Skacel,28,Left Midfield,Southampton,"End of loanJun 30, 2008",out,Summer,0,1 Bundesliga,2008,2008/2009
Hertha BSC,Valeri Domovchiyski,21,Centre-Forward,Levski Sofia,"End of loanJun 30, 2008",out,Summer,0,1 Bundesliga,2008,2008/2009
Hertha BSC,Tobias Grahn,28,Central Midfield,Gimnàstic,"End of loanJun 30, 2008",out,Summer,0,1 Bundesliga,2008,2008/2009
TSG 1899 Hoffenheim,Wellington,20,Centre-Forward,Internacional,£4.05m,in,Summer,4.05,1 Bundesliga,2008,2008/2009
TSG 1899 Hoffenheim,Andreas Beck,21,Right-Back,VfB Stuttgart,£2.88m,in,Summer,2.88,1 Bundesliga,2008,2008/2009
TSG 1899 Hoffenheim,Luiz Gustavo,20,Defensive Midfield,Corinthians,£900Th.,in,Summer,0.9,1 Bundesliga,2008,2008/2009
TSG 1899 Hoffenheim,Ramazan Özcan,24,Goalkeeper,RB Salzburg,£900Th.,in,Summer,0.9,1 Bundesliga,2008,2008/2009
TSG 1899 Hoffenheim,Isaac Vorsah,20,Centre-Back,Asante Kotoko,£900Th.,in,Summer,0.9,1 Bundesliga,2008,2008/2009
TSG 1899 Hoffenheim,Jonas Strifler,18,Right-Back,Hoffenheim U19,-,in,Summer,0,1 Bundesliga,2008,2008/2009
TSG 1899 Hoffenheim,Dragan Paljic,25,Left Midfield,1.FC K'lautern,£45Th.,out,Summer,0.045,1 Bundesliga,2008,2008/2009
TSG 1899 Hoffenheim,Denis Bindnagel,29,Centre-Back,SV Sandhausen,free transfer,out,Summer,NA,1 Bundesliga,2008,2008/2009
TSG 1899 Hoffenheim,Radek Spilacek,28,Defensive Midfield,FSV Frankfurt,free transfer,out,Summer,NA,1 Bundesliga,2008,2008/2009
TSG 1899 Hoffenheim,Kai Hesse,23,Centre-Forward,1.FC K'lautern,£23Th.,out,Summer,0.023,1 Bundesliga,2008,2008/2009
TSG 1899 Hoffenheim,Steffen Haas,20,Defensive Midfield,K. Offenbach,loan transfer,out,Summer,NA,1 Bundesliga,2008,2008/2009
TSG 1899 Hoffenheim,Tomislav Maric,35,Centre-Forward,Retired,-,out,Summer,0,1 Bundesliga,2008,2008/2009
TSG 1899 Hoffenheim,Matthias Keller,33,Right Midfield,Hoffenheim II,-,out,Summer,0,1 Bundesliga,2008,2008/2009
TSG 1899 Hoffenheim,Michael Rundio,25,Centre-Back,Career break,-,out,Summer,0,1 Bundesliga,2008,2008/2009
TSG 1899 Hoffenheim,Isaac Vorsah,20,Centre-Back,Asante Kotoko,"End of loanJun 30, 2008",out,Summer,0,1 Bundesliga,2008,2008/2009
TSG 1899 Hoffenheim,Ramazan Özcan,24,Goalkeeper,RB Salzburg,"End of loanJun 30, 2008",out,Summer,0,1 Bundesliga,2008,2008/2009
TSG 1899 Hoffenheim,Fabrício,19,Centre-Back,Flamengo,"End of loanMay 1, 2009",out,Summer,0,1 Bundesliga,2008,2008/2009
TSG 1899 Hoffenheim,Luiz Gustavo,20,Defensive Midfield,Corinthians,"End of loanJun 30, 2008",out,Summer,0,1 Bundesliga,2008,2008/2009
Karlsruher SC,Antônio da Silva,30,Attacking Midfield,VfB Stuttgart,£810Th.,in,Summer,0.81,1 Bundesliga,2008,2008/2009
Karlsruher SC,Stefano Celozzi,19,Right-Back,FC Bayern II,£180Th.,in,Summer,0.18,1 Bundesliga,2008,2008/2009
Karlsruher SC,Tim Sebastian,24,Centre-Back,Hansa Rostock,free transfer,in,Summer,NA,1 Bundesliga,2008,2008/2009
Karlsruher SC,Mario Eggimann,27,Centre-Back,Hannover 96,£1.26m,out,Summer,1.26,1 Bundesliga,2008,2008/2009
Karlsruher SC,Tamás Hajnal,27,Attacking Midfield,Bor. Dortmund,£1.13m,out,Summer,1.13,1 Bundesliga,2008,2008/2009
Karlsruher SC,Christopher Reinhard,23,Left-Back,FC Ingolstadt,£225Th.,out,Summer,0.225,1 Bundesliga,2008,2008/2009
Karlsruher SC,Florian Dick,23,Right-Back,1.FC K'lautern,free transfer,out,Summer,NA,1 Bundesliga,2008,2008/2009
VfL Bochum,Christian Fuchs,22,Left-Back,SV Mattersburg,£1.08m,in,Summer,1.08,1 Bundesliga,2008,2008/2009
VfL Bochum,Daniel Fernandes,24,Goalkeeper,PAOK Salonika,£990Th.,in,Summer,0.99,1 Bundesliga,2008,2008/2009
VfL Bochum,Paul Freier,28,Right Midfield,Bay. Leverkusen,£990Th.,in,Summer,0.99,1 Bundesliga,2008,2008/2009
VfL Bochum,Mimoun Azaouagh,25,Attacking Midfield,FC Schalke 04,£900Th.,in,Summer,0.9,1 Bundesliga,2008,2008/2009
VfL Bochum,Sinan Kaloglu,27,Centre-Forward,Bursaspor,free transfer,in,Summer,NA,1 Bundesliga,2008,2008/2009
VfL Bochum,Andreas Lengsfeld,22,Goalkeeper,Jahn Regensburg,free transfer,in,Summer,NA,1 Bundesliga,2008,2008/2009
VfL Bochum,Vahid Hashemian,31,Centre-Forward,Hannover 96,free transfer,in,Summer,NA,1 Bundesliga,2008,2008/2009
VfL Bochum,Thomas Rathgeber,23,Centre-Forward,Unterhaching,"End of loanJun 30, 2008",in,Summer,0,1 Bundesliga,2008,2008/2009
VfL Bochum,Pavel Drsek,31,Centre-Back,Panionios,free transfer,out,Summer,NA,1 Bundesliga,2008,2008/2009
VfL Bochum,Thomas Rathgeber,23,Centre-Forward,Unterhaching,free transfer,out,Summer,NA,1 Bundesliga,2008,2008/2009
VfL Bochum,Benjamin Auer,27,Centre-Forward,Alem. Aachen,free transfer,out,Summer,NA,1 Bundesliga,2008,2008/2009
VfL Bochum,Tommy Bechmann,26,Centre-Forward,SC Freiburg,free transfer,out,Summer,NA,1 Bundesliga,2008,2008/2009
VfL Bochum,Martin Meichelbeck,31,Centre-Back,Greuther Fürth,free transfer,out,Summer,NA,1 Bundesliga,2008,2008/2009
VfL Bochum,Marc Sand,20,Centre-Forward,Austria Vienna,Loan fee:£7Th.,out,Summer,0.007,1 Bundesliga,2008,2008/2009
VfL Bochum,Oleksiy Belik,27,Centre-Forward,Shakhtar D.,"End of loanJun 30, 2008",out,Summer,0,1 Bundesliga,2008,2008/2009
VfL Bochum,Mimoun Azaouagh,25,Attacking Midfield,FC Schalke 04,"End of loanJun 30, 2008",out,Summer,0,1 Bundesliga,2008,2008/2009
VfL Bochum,Jan Lastuvka,25,Goalkeeper,Shakhtar D.,"End of loanJun 30, 2008",out,Summer,0,1 Bundesliga,2008,2008/2009
FC Energie Cottbus,Emil Jula,28,Centre-Forward,Otelul Galati,£630Th.,in,Summer,0.63,1 Bundesliga,2008,2008/2009
FC Energie Cottbus,Dimitar Rangelov,25,Second Striker,R. Strasbourg,£585Th.,in,Summer,0.585,1 Bundesliga,2008,2008/2009
FC Energie Cottbus,Savo Pavicevic,27,Centre-Back,Vojvodina,£270Th.,in,Summer,0.27,1 Bundesliga,2008,2008/2009
FC Energie Cottbus,Cagdas Atan,28,Centre-Back,Trabzonspor,free transfer,in,Summer,NA,1 Bundesliga,2008,2008/2009
FC Energie Cottbus,Ivica Iliev,28,Second Striker,PAOK Salonika,free transfer,in,Summer,NA,1 Bundesliga,2008,2008/2009
FC Energie Cottbus,Philipp Pentke,23,Goalkeeper,FC Augsburg,free transfer,in,Summer,NA,1 Bundesliga,2008,2008/2009
FC Energie Cottbus,Marco Kurth,29,Defensive Midfield,Erzgebirge Aue,free transfer,in,Summer,NA,1 Bundesliga,2008,2008/2009
FC Energie Cottbus,Danny Galm,22,Centre-Forward,E. Frankfurt II,£45Th.,in,Summer,0.045,1 Bundesliga,2008,2008/2009
FC Energie Cottbus,Alexander Bittroff,19,Centre-Back,E. Cottbus II,-,in,Summer,0,1 Bundesliga,2008,2008/2009
FC Energie Cottbus,Marc-Philipp Zimmermann,18,Centre-Forward,E. Cottbus U19,-,in,Summer,0,1 Bundesliga,2008,2008/2009
FC Energie Cottbus,Peter Hackenberg,19,Centre-Back,E. Cottbus II,-,in,Summer,0,1 Bundesliga,2008,2008/2009
FC Energie Cottbus,Tomasz Bandrowski,23,Central Midfield,Lech Poznan,"End of loanJun 30, 2008",in,Summer,0,1 Bundesliga,2008,2008/2009
FC Energie Cottbus,Kristijan Ipsa,22,Centre-Back,FC Midtjylland,£315Th.,out,Summer,0.315,1 Bundesliga,2008,2008/2009
FC Energie Cottbus,Tomasz Bandrowski,23,Central Midfield,Lech Poznan,£180Th.,out,Summer,0.18,1 Bundesliga,2008,2008/2009
FC Energie Cottbus,Arne Feick,20,Left-Back,Erzgebirge Aue,£45Th.,out,Summer,0.045,1 Bundesliga,2008,2008/2009
FC Energie Cottbus,Martin Männel,20,Goalkeeper,Erzgebirge Aue,£45Th.,out,Summer,0.045,1 Bundesliga,2008,2008/2009
FC Energie Cottbus,Christian Bassila,30,Centre-Back,Guingamp,free transfer,out,Summer,NA,1 Bundesliga,2008,2008/2009
FC Energie Cottbus,Silvio Bankert,23,Centre-Back,1.FC Magdeburg,free transfer,out,Summer,NA,1 Bundesliga,2008,2008/2009
FC Energie Cottbus,Toni Wachsmuth,21,Centre-Back,SC Paderborn,free transfer,out,Summer,NA,1 Bundesliga,2008,2008/2009
FC Energie Cottbus,Sebastian Schuppan,21,Centre-Back,SC Paderborn,free transfer,out,Summer,NA,1 Bundesliga,2008,2008/2009
FC Energie Cottbus,Przemyslaw Trytko,20,Centre-Forward,Arka Gdynia,Loan fee:£18Th.,out,Summer,0.018,1 Bundesliga,2008,2008/2009
FC Energie Cottbus,Stathis Aloneftis,25,Left Winger,Omonia Nikosia,?,out,Summer,NA,1 Bundesliga,2008,2008/2009
FC Energie Cottbus,Ovidiu Burca,28,Centre-Back,BJ Guoan,loan transfer,out,Summer,NA,1 Bundesliga,2008,2008/2009
FC Energie Cottbus,Dimitar Rangelov,25,Second Striker,R. Strasbourg,"End of loanJun 30, 2008",out,Summer,0,1 Bundesliga,2008,2008/2009
FC Energie Cottbus,Michal Papadopulos,23,Centre-Forward,Bay. Leverkusen,"End of loanJun 30, 2008",out,Summer,0,1 Bundesliga,2008,2008/2009
Hamburger SV,Thiago Neves,23,Attacking Midfield,Fluminense,£8.10m,in,Summer,8.1,1 Bundesliga,2008,2008/2009
Hamburger SV,Marcell Jansen,22,Centre-Forward,FC Bayern,£7.20m,in,Summer,7.2,1 Bundesliga,2008,2008/2009
Hamburger SV,Mladen Petric,27,Centre-Forward,Bor. Dortmund,£6.57m,in,Summer,6.57,1 Bundesliga,2008,2008/2009
Hamburger SV,Alex Silva,23,Centre-Back,Iraty SC,£5.58m,in,Summer,5.58,1 Bundesliga,2008,2008/2009
Hamburger SV,Dennis Aogo,21,Defensive Midfield,SC Freiburg,£1.17m,in,Summer,1.17,1 Bundesliga,2008,2008/2009
Hamburger SV,Jonathan Pitroipa,22,Right Winger,SC Freiburg,free transfer,in,Summer,NA,1 Bundesliga,2008,2008/2009
Hamburger SV,Tunay Torun,18,Right Winger,Hamburger SV II,-,in,Summer,0,1 Bundesliga,2008,2008/2009
Hamburger SV,Miroslav Stepanek,18,Centre-Back,Hamburg U19,-,in,Summer,0,1 Bundesliga,2008,2008/2009
Hamburger SV,Rouwen Hennings,20,Centre-Forward,VfL Osnabrück,"End of loanJun 30, 2008",in,Summer,0,1 Bundesliga,2008,2008/2009
Hamburger SV,Rafael van der Vaart,25,Attacking Midfield,Real Madrid,£13.50m,out,Summer,13.5,1 Bundesliga,2008,2008/2009
Hamburger SV,Vincent Kompany,22,Centre-Back,Man City,£7.65m,out,Summer,7.65,1 Bundesliga,2008,2008/2009
Hamburger SV,Mohamed Zidan,26,Second Striker,Bor. Dortmund,£2.52m,out,Summer,2.52,1 Bundesliga,2008,2008/2009
Hamburger SV,Miso Brecko,24,Right-Back,1. FC Köln,free transfer,out,Summer,NA,1 Bundesliga,2008,2008/2009
Hamburger SV,Mario Fillinger,23,Left Midfield,Hansa Rostock,free transfer,out,Summer,NA,1 Bundesliga,2008,2008/2009
Hamburger SV,Juan Pablo Sorín,32,Left-Back,Cruzeiro,free transfer,out,Summer,NA,1 Bundesliga,2008,2008/2009
Hamburger SV,Rouwen Hennings,20,Centre-Forward,FC St. Pauli,loan transfer,out,Summer,NA,1 Bundesliga,2008,2008/2009
Hamburger SV,Sidney Sam,20,Right Winger,1.FC K'lautern,loan transfer,out,Summer,NA,1 Bundesliga,2008,2008/2009
Hamburger SV,Miroslav Stepanek,18,Centre-Back,SV Kapfenberg,loan transfer,out,Summer,NA,1 Bundesliga,2008,2008/2009
Arminia Bielefeld,Christopher Katongo,25,Centre-Forward,Bröndby IF,£1.80m,in,Summer,1.8,1 Bundesliga,2008,2008/2009
Arminia Bielefeld,Michael Lamey,28,Right-Back,MSV Duisburg,£360Th.,in,Summer,0.36,1 Bundesliga,2008,2008/2009
Arminia Bielefeld,Berat Sadik,21,Centre-Forward,FC Lahti,£360Th.,in,Summer,0.36,1 Bundesliga,2008,2008/2009
Arminia Bielefeld,Nico Herzig,24,Centre-Back,Alem. Aachen,free transfer,in,Summer,NA,1 Bundesliga,2008,2008/2009
Arminia Bielefeld,Alexander Laas,24,Left Midfield,VfL Wolfsburg,loan transfer,in,Summer,NA,1 Bundesliga,2008,2008/2009
Arminia Bielefeld,Stefan Aigner,20,Right Winger,A. Bielefeld II,-,in,Summer,0,1 Bundesliga,2008,2008/2009
Arminia Bielefeld,Alexander Bade,38,Goalkeeper,Without Club,-,in,Summer,0,1 Bundesliga,2008,2008/2009
Arminia Bielefeld,Maik Rodenberg,19,Centre-Back,A. Bielefeld II,-,in,Summer,0,1 Bundesliga,2008,2008/2009
Arminia Bielefeld,Zlatko Janjic,22,Centre-Forward,A. Bielefeld II,-,in,Summer,0,1 Bundesliga,2008,2008/2009
Arminia Bielefeld,Tim Danneberg,22,Central Midfield,E. Braunschweig,"End of loanJun 30, 2008",in,Summer,0,1 Bundesliga,2008,2008/2009
Arminia Bielefeld,Dennis Eilhoff,25,Goalkeeper,TuS Koblenz,"End of loanJun 30, 2008",in,Summer,0,1 Bundesliga,2008,2008/2009
Arminia Bielefeld,Christian Eigler,24,Right Winger,1.FC Nuremberg,£1.44m,out,Summer,1.44,1 Bundesliga,2008,2008/2009
Arminia Bielefeld,Umut Kocin,20,Attacking Midfield,Kayserispor,£68Th.,out,Summer,0.068,1 Bundesliga,2008,2008/2009
Arminia Bielefeld,Tim Danneberg,22,Central Midfield,E. Braunschweig,£68Th.,out,Summer,0.068,1 Bundesliga,2008,2008/2009
Arminia Bielefeld,David Kobylik,27,Central Midfield,Omonia Nikosia,free transfer,out,Summer,NA,1 Bundesliga,2008,2008/2009
Arminia Bielefeld,Petr Gabriel,35,Centre-Back,Viktoria Zizkov,free transfer,out,Summer,NA,1 Bundesliga,2008,2008/2009
Arminia Bielefeld,Mathias Hain,35,Goalkeeper,FC St. Pauli,free transfer,out,Summer,NA,1 Bundesliga,2008,2008/2009
Arminia Bielefeld,Matthias Langkamp,24,Centre-Back,Panionios,free transfer,out,Summer,NA,1 Bundesliga,2008,2008/2009
Arminia Bielefeld,Ioannis Masmanidis,25,Attacking Midfield,1.FC Nuremberg,free transfer,out,Summer,NA,1 Bundesliga,2008,2008/2009
Arminia Bielefeld,Sibusiso Zuma,33,Centre-Forward,Sundowns,free transfer,out,Summer,NA,1 Bundesliga,2008,2008/2009
Arminia Bielefeld,Nils-Christian Schmidt,24,Right-Back,TuS Dornberg,free transfer,out,Summer,NA,1 Bundesliga,2008,2008/2009
Arminia Bielefeld,Bernd Korzynietz,28,Right-Back,VfL Wolfsburg,loan transfer,out,Summer,NA,1 Bundesliga,2008,2008/2009
Arminia Bielefeld,Dirk Heinen,37,Goalkeeper,Retired,-,out,Summer,0,1 Bundesliga,2008,2008/2009
Arminia Bielefeld,Jörg Böhme,34,Left Midfield,Retired,-,out,Summer,0,1 Bundesliga,2008,2008/2009
Eintracht Frankfurt,Habib Bellaid,22,Centre-Back,R. Strasbourg,£2.25m,in,Summer,2.25,1 Bundesliga,2008,2008/2009
Eintracht Frankfurt,Ümit Korkmaz,22,Left Winger,Rapid Vienna,£2.07m,in,Summer,2.07,1 Bundesliga,2008,2008/2009
Eintracht Frankfurt,Markus Steinhöfer,22,Right-Back,FC Bayern,£810Th.,in,Summer,0.81,1 Bundesliga,2008,2008/2009
Eintracht Frankfurt,Zlatan Bajramovic,28,Defensive Midfield,FC Schalke 04,free transfer,in,Summer,NA,1 Bundesliga,2008,2008/2009
Eintracht Frankfurt,Alexander Dercho,21,Left-Back,Kickers Emden,free transfer,in,Summer,NA,1 Bundesliga,2008,2008/2009
Eintracht Frankfurt,Nikolaos Lyberopoulos,32,Centre-Forward,AEK Athens,free transfer,in,Summer,NA,1 Bundesliga,2008,2008/2009
Eintracht Frankfurt,Markus Weissenberger,33,Attacking Midfield,LASK,free transfer,out,Summer,NA,1 Bundesliga,2008,2008/2009
Eintracht Frankfurt,Mounir Chaftar,22,Left-Back,MSV Duisburg,free transfer,out,Summer,NA,1 Bundesliga,2008,2008/2009
Eintracht Frankfurt,Sotiris Kyrgiakos,29,Centre-Back,AEK Athens,free transfer,out,Summer,NA,1 Bundesliga,2008,2008/2009
Eintracht Frankfurt,Marcel Heller,22,Right Midfield,MSV Duisburg,Loan fee:£18Th.,out,Summer,0.018,1 Bundesliga,2008,2008/2009
Eintracht Frankfurt,Vangelis Mantzios,25,Centre-Forward,Panathinaikos,"End of loanJun 30, 2008",out,Summer,0,1 Bundesliga,2008,2008/2009
1. FC Köln,Pedro Geromel,22,Centre-Back,Vit. Guimarães,£4.05m,in,Summer,4.05,1 Bundesliga,2008,2008/2009
1. FC Köln,Manasseh Ishiaku,25,Centre-Forward,MSV Duisburg,£1.80m,in,Summer,1.8,1 Bundesliga,2008,2008/2009
1. FC Köln,Sergiu Radu,30,Centre-Forward,VfL Wolfsburg,Loan fee:£225Th.,in,Summer,0.225,1 Bundesliga,2008,2008/2009
1. FC Köln,Wilfried Sanou,24,Left Winger,SC Freiburg,free transfer,in,Summer,NA,1 Bundesliga,2008,2008/2009
1. FC Köln,Miso Brecko,24,Right-Back,Hamburger SV,free transfer,in,Summer,NA,1 Bundesliga,2008,2008/2009
1. FC Köln,Daniel Brosinski,19,Right-Back,Karlsruhe II,free transfer,in,Summer,NA,1 Bundesliga,2008,2008/2009
1. FC Köln,Pierre Womé,29,Left-Back,Werder Bremen,free transfer,in,Summer,NA,1 Bundesliga,2008,2008/2009
1. FC Köln,Petit,31,Defensive Midfield,Benfica,free transfer,in,Summer,NA,1 Bundesliga,2008,2008/2009
1. FC Köln,Miro Varvodic,19,Goalkeeper,Hajduk Split,loan transfer,in,Summer,NA,1 Bundesliga,2008,2008/2009
1. FC Köln,Michael Gardawski,17,Left Midfield,1.FC Köln U19,-,in,Summer,0,1 Bundesliga,2008,2008/2009
1. FC Köln,Taner Yalcin,18,Defensive Midfield,1.FC Köln U19,-,in,Summer,0,1 Bundesliga,2008,2008/2009
1. FC Köln,Patrick Helmes,24,Centre-Forward,Bay. Leverkusen,free transfer,out,Summer,NA,1 Bundesliga,2008,2008/2009
1. FC Köln,Salvatore Gambino,24,Second Striker,TuS Koblenz,free transfer,out,Summer,NA,1 Bundesliga,2008,2008/2009
1. FC Köln,Martin Toshev,18,Centre-Forward,CSKA Sofia,free transfer,out,Summer,NA,1 Bundesliga,2008,2008/2009
1. FC Köln,Aleksandar Mitreski,28,Centre-Back,1.FC Nuremberg,free transfer,out,Summer,NA,1 Bundesliga,2008,2008/2009
1. FC Köln,André Beleza,23,Attacking Midfield,Náutico,loan transfer,out,Summer,NA,1 Bundesliga,2008,2008/2009
1. FC Köln,Dieter Paucken,25,Goalkeeper,Without Club,-,out,Summer,0,1 Bundesliga,2008,2008/2009
1. FC Köln,Alpay Özalan,35,Centre-Back,Retired,-,out,Summer,0,1 Bundesliga,2008,2008/2009
1. FC Köln,Maynor Suazo,28,Defensive Midfield,Antalyaspor,"End of loanJun 30, 2008",out,Summer,0,1 Bundesliga,2008,2008/2009
Borussia Dortmund,Kevin-Prince Boateng,21,Attacking Midfield,Spurs,Loan fee:£90Th.,in,Winter,0.09,1 Bundesliga,2008,2008/2009
Borussia Dortmund,Uwe Hünemeier,22,Centre-Back,B. Dortmund II,-,in,Winter,0,1 Bundesliga,2008,2008/2009
Borussia Dortmund,Marc-André Kruska,21,Central Midfield,Club Brugge,£675Th.,out,Winter,0.675,1 Bundesliga,2008,2008/2009
Borussia Dortmund,Robert Kovac,34,Centre-Back,Dinamo Zagreb,£405Th.,out,Winter,0.405,1 Bundesliga,2008,2008/2009
Borussia Dortmund,Diego Klimowicz,34,Centre-Forward,VfL Bochum,£315Th.,out,Winter,0.315,1 Bundesliga,2008,2008/2009
Borussia Dortmund,Giovanni Federico,28,Attacking Midfield,Karlsruher SC,Loan fee:£135Th.,out,Winter,0.135,1 Bundesliga,2008,2008/2009
Borussia Dortmund,Lukas Kruse,25,Goalkeeper,FC Augsburg,free transfer,out,Winter,NA,1 Bundesliga,2008,2008/2009
Borussia Dortmund,Delron Buckley,31,Left Winger,1.FSV Mainz 05,free transfer,out,Winter,NA,1 Bundesliga,2008,2008/2009
Borussia Dortmund,Antonio Rukavina,25,Right-Back,1860 Munich,loan transfer,out,Winter,NA,1 Bundesliga,2008,2008/2009
Bayern Munich,Landon Donovan,26,Second Striker,Los Angeles,loan transfer,in,Winter,NA,1 Bundesliga,2008,2008/2009
Bayern Munich,Toni Kroos,19,Central Midfield,Bay. Leverkusen,loan transfer,out,Winter,NA,1 Bundesliga,2008,2008/2009
Bayern Munich,Willy Sagnol,31,Right-Back,Retired,-,out,Winter,0,1 Bundesliga,2008,2008/2009
Bayern Munich,Landon Donovan,27,Second Striker,Los Angeles,"End of loanMar 10, 2009",out,Winter,0,1 Bundesliga,2008,2008/2009
FC Schalke 04,Marvin Pourié,18,Centre-Forward,Liverpool U18,£225Th.,in,Winter,0.225,1 Bundesliga,2008,2008/2009
FC Schalke 04,Danny Latza,19,Central Midfield,Schalke 04 II,-,in,Winter,0,1 Bundesliga,2008,2008/2009
FC Schalke 04,Fabian Ernst,29,Defensive Midfield,Besiktas,£4.05m,out,Winter,4.05,1 Bundesliga,2008,2008/2009
FC Schalke 04,Zé Roberto,28,Attacking Midfield,Flamengo,Loan fee:£180Th.,out,Winter,0.18,1 Bundesliga,2008,2008/2009
FC Schalke 04,Albert Streit,28,Right Winger,Hamburger SV,Loan fee:£180Th.,out,Winter,0.18,1 Bundesliga,2008,2008/2009
FC Schalke 04,Marvin Pourié,18,Centre-Forward,1860 Munich,Loan fee:£90Th.,out,Winter,0.09,1 Bundesliga,2008,2008/2009
FC Schalke 04,Markus Heppke,22,Defensive Midfield,RW Oberhausen,free transfer,out,Winter,NA,1 Bundesliga,2008,2008/2009
FC Schalke 04,Peter Lövenkrands,28,Centre-Forward,Newcastle,free transfer,out,Winter,NA,1 Bundesliga,2008,2008/2009
FC Schalke 04,Gustavo Varela,30,Right Midfield,Without Club,-,out,Winter,0,1 Bundesliga,2008,2008/2009
Borussia Mönchengladbach,Logan Bailly,23,Goalkeeper,KRC Genk,£2.25m,in,Winter,2.25,1 Bundesliga,2008,2008/2009
Borussia Mönchengladbach,Dante,25,Centre-Back,Standard Liège,£2.25m,in,Winter,2.25,1 Bundesliga,2008,2008/2009
Borussia Mönchengladbach,Tomas Galasek,35,Defensive Midfield,Banik Ostrava,£45Th.,in,Winter,0.045,1 Bundesliga,2008,2008/2009
Borussia Mönchengladbach,Paul Stalteri,31,Right-Back,Spurs,free transfer,in,Winter,NA,1 Bundesliga,2008,2008/2009
Borussia Mönchengladbach,Christian Dorda,20,Left-Back,M'gladbach II,-,in,Winter,0,1 Bundesliga,2008,2008/2009
Borussia Mönchengladbach,Sascha Rösler,31,Second Striker,1860 Munich,£180Th.,out,Winter,0.18,1 Bundesliga,2008,2008/2009
Borussia Mönchengladbach,Alexander Voigt,30,Left-Back,Greuther Fürth,free transfer,out,Winter,NA,1 Bundesliga,2008,2008/2009
Borussia Mönchengladbach,Sebastian Svärd,25,Defensive Midfield,Hansa Rostock,loan transfer,out,Winter,NA,1 Bundesliga,2008,2008/2009
Borussia Mönchengladbach,Marcel Ndjeng,26,Right Midfield,Hamburger SV,loan transfer,out,Winter,NA,1 Bundesliga,2008,2008/2009
Borussia Mönchengladbach,Uwe Gospodarek,35,Goalkeeper,Without Club,-,out,Winter,0,1 Bundesliga,2008,2008/2009
Bayer 04 Leverkusen,Michal Kadlec,24,Centre-Back,Sparta Prague,£2.25m,in,Winter,2.25,1 Bundesliga,2008,2008/2009
Bayer 04 Leverkusen,Angelos Charisteas,28,Centre-Forward,1.FC Nuremberg,Loan fee:£135Th.,in,Winter,0.135,1 Bundesliga,2008,2008/2009
Bayer 04 Leverkusen,Tomasz Zdebel,35,Defensive Midfield,VfL Bochum,free transfer,in,Winter,NA,1 Bundesliga,2008,2008/2009
Bayer 04 Leverkusen,Gábor Király,32,Goalkeeper,Burnley,loan transfer,in,Winter,NA,1 Bundesliga,2008,2008/2009
Bayer 04 Leverkusen,Toni Kroos,19,Central Midfield,FC Bayern,loan transfer,in,Winter,NA,1 Bundesliga,2008,2008/2009
Bayer 04 Leverkusen,Theofanis Gekas,28,Centre-Forward,Portsmouth,Loan fee:£720Th.,out,Winter,0.72,1 Bundesliga,2008,2008/2009
Bayer 04 Leverkusen,Jens Hegeler,20,Central Midfield,FC Augsburg,Loan fee:£45Th.,out,Winter,0.045,1 Bundesliga,2008,2008/2009
Bayer 04 Leverkusen,Marcel Risse,19,Right Midfield,1.FC Nuremberg,loan transfer,out,Winter,NA,1 Bundesliga,2008,2008/2009
Bayer 04 Leverkusen,Stefan Reinartz,20,Defensive Midfield,1.FC Nuremberg,loan transfer,out,Winter,NA,1 Bundesliga,2008,2008/2009
Bayer 04 Leverkusen,Michal Kadlec,24,Centre-Back,Sparta Prague,"End of loanDec 31, 2008",out,Winter,0,1 Bundesliga,2008,2008/2009
VfB Stuttgart,Timo Gebhart,19,Attacking Midfield,1860 Munich,£2.88m,in,Winter,2.88,1 Bundesliga,2008,2008/2009
VfB Stuttgart,Georg Niedermeier,22,Centre-Back,FC Bayern II,Loan fee:£90Th.,in,Winter,0.09,1 Bundesliga,2008,2008/2009
VfB Stuttgart,Julian Schieber,19,Centre-Forward,Stuttgart II,-,in,Winter,0,1 Bundesliga,2008,2008/2009
VfB Stuttgart,Pável Pardo,32,Defensive Midfield,América,£450Th.,out,Winter,0.45,1 Bundesliga,2008,2008/2009
VfB Stuttgart,Manuel Fischer,19,Centre-Forward,TuS Koblenz,Loan fee:£45Th.,out,Winter,0.045,1 Bundesliga,2008,2008/2009
VfB Stuttgart,Marco Pischorn,23,Centre-Back,Stuttgart II,-,out,Winter,0,1 Bundesliga,2008,2008/2009
Hannover 96,Leon Andreasen,25,Central Midfield,Fulham,£2.25m,in,Winter,2.25,1 Bundesliga,2008,2008/2009
Hannover 96,Jacek Krzynowek,32,Left Midfield,VfL Wolfsburg,£450Th.,in,Winter,0.45,1 Bundesliga,2008,2008/2009
Hannover 96,Szabolcs Huszti,25,Left Midfield,Zenit S-Pb,£2.70m,out,Winter,2.7,1 Bundesliga,2008,2008/2009
VfL Wolfsburg,Yoshito Okubo,26,Centre-Forward,Vissel Kobe,£1.80m,in,Winter,1.8,1 Bundesliga,2008,2008/2009
VfL Wolfsburg,Peter Pekarik,22,Right-Back,MSK Zilina,£765Th.,in,Winter,0.765,1 Bundesliga,2008,2008/2009
VfL Wolfsburg,Mame Niang,24,Centre-Forward,Viking FK,"End of loanDec 31, 2008",in,Winter,0,1 Bundesliga,2008,2008/2009
VfL Wolfsburg,Jacek Krzynowek,32,Left Midfield,Hannover 96,£450Th.,out,Winter,0.45,1 Bundesliga,2008,2008/2009
VfL Wolfsburg,Vlad Munteanu,27,Left Midfield,Arm. Bielefeld,Loan fee:£360Th.,out,Winter,0.36,1 Bundesliga,2008,2008/2009
VfL Wolfsburg,Jonathan Santana,27,Central Midfield,San Lorenzo,Loan fee:£207Th.,out,Winter,0.207,1 Bundesliga,2008,2008/2009
VfL Wolfsburg,Mahir Saglik,26,Centre-Forward,Karlsruher SC,Loan fee:£180Th.,out,Winter,0.18,1 Bundesliga,2008,2008/2009
VfL Wolfsburg,Mame Niang,24,Centre-Forward,Viking FK,?,out,Winter,NA,1 Bundesliga,2008,2008/2009
VfL Wolfsburg,Simon Jentzsch,32,Goalkeeper,Without Club,-,out,Winter,0,1 Bundesliga,2008,2008/2009
VfL Wolfsburg,Bernd Korzynietz,29,Right-Back,Arm. Bielefeld,"End of loanDec 1, 2008",out,Winter,0,1 Bundesliga,2008,2008/2009
SV Werder Bremen,Alexandros Tziolis,23,Defensive Midfield,Panathinaikos,Loan fee:£225Th.,in,Winter,0.225,1 Bundesliga,2008,2008/2009
SV Werder Bremen,Márkó Futács,18,Centre-Forward,AS Nancy B,£135Th.,in,Winter,0.135,1 Bundesliga,2008,2008/2009
SV Werder Bremen,José-Alex Ikeng,20,Defensive Midfield,Stuttgart II,free transfer,in,Winter,NA,1 Bundesliga,2008,2008/2009
SV Werder Bremen,Carlos Alberto,23,Attacking Midfield,Botafogo,"End of loanNov 12, 2008",in,Winter,0,1 Bundesliga,2008,2008/2009
SV Werder Bremen,Boubacar Sanogo,26,Centre-Forward,TSG Hoffenheim,Loan fee:£810Th.,out,Winter,0.81,1 Bundesliga,2008,2008/2009
SV Werder Bremen,Carlos Alberto,24,Attacking Midfield,Vasco da Gama,loan transfer,out,Winter,NA,1 Bundesliga,2008,2008/2009
SV Werder Bremen,Said Husejinovic,20,Attacking Midfield,1.FC K'lautern,loan transfer,out,Winter,NA,1 Bundesliga,2008,2008/2009
Hertha BSC,Marko Babic,27,Left Midfield,Real Betis,free transfer,in,Winter,NA,1 Bundesliga,2008,2008/2009
Hertha BSC,Leandro Cufré,30,Left-Back,Monaco,loan transfer,in,Winter,NA,1 Bundesliga,2008,2008/2009
TSG 1899 Hoffenheim,Boubacar Sanogo,26,Centre-Forward,Werder Bremen,Loan fee:£810Th.,in,Winter,0.81,1 Bundesliga,2008,2008/2009
TSG 1899 Hoffenheim,Fabrício,18,Centre-Back,Flamengo,Loan fee:£315Th.,in,Winter,0.315,1 Bundesliga,2008,2008/2009
TSG 1899 Hoffenheim,Timo Hildebrand,29,Goalkeeper,Valencia,free transfer,in,Winter,NA,1 Bundesliga,2008,2008/2009
TSG 1899 Hoffenheim,Kai Herdling,24,Left Winger,Waldh. Mannheim,?,in,Winter,NA,1 Bundesliga,2008,2008/2009
TSG 1899 Hoffenheim,Francisco Copado,34,Second Striker,Unterhaching,free transfer,out,Winter,NA,1 Bundesliga,2008,2008/2009
TSG 1899 Hoffenheim,Jochen Seitz,32,Left Winger,Alem. Aachen,free transfer,out,Winter,NA,1 Bundesliga,2008,2008/2009
TSG 1899 Hoffenheim,Thorsten Kirschbaum,21,Goalkeeper,FC Vaduz,free transfer,out,Winter,NA,1 Bundesliga,2008,2008/2009
TSG 1899 Hoffenheim,Zsolt Löw,29,Left-Back,1.FSV Mainz 05,£45Th.,out,Winter,0.045,1 Bundesliga,2008,2008/2009
Karlsruher SC,Marco Engelhardt,28,Defensive Midfield,1.FC Nuremberg,£270Th.,in,Winter,0.27,1 Bundesliga,2008,2008/2009
Karlsruher SC,Mahir Saglik,26,Centre-Forward,VfL Wolfsburg,Loan fee:£180Th.,in,Winter,0.18,1 Bundesliga,2008,2008/2009
Karlsruher SC,Giovanni Federico,28,Attacking Midfield,Bor. Dortmund,Loan fee:£135Th.,in,Winter,0.135,1 Bundesliga,2008,2008/2009
Karlsruher SC,Dino Drpic,27,Centre-Back,Dinamo Zagreb,Loan fee:£135Th.,in,Winter,0.135,1 Bundesliga,2008,2008/2009
VfL Bochum,Diego Klimowicz,34,Centre-Forward,Bor. Dortmund,£315Th.,in,Winter,0.315,1 Bundesliga,2008,2008/2009
VfL Bochum,Marc Sand,20,Centre-Forward,Austria Vienna,"End of loanDec 31, 2008",in,Winter,0,1 Bundesliga,2008,2008/2009
VfL Bochum,Tomasz Zdebel,35,Defensive Midfield,Bay. Leverkusen,free transfer,out,Winter,NA,1 Bundesliga,2008,2008/2009
VfL Bochum,Marc Sand,20,Centre-Forward,Austria Kärnten,free transfer,out,Winter,NA,1 Bundesliga,2008,2008/2009
VfL Bochum,Danny Fuchs,32,Left Winger,1.FC K'lautern,loan transfer,out,Winter,NA,1 Bundesliga,2008,2008/2009
FC Energie Cottbus,Adi Rocha,23,Centre-Forward,Austria Kärnten,£315Th.,in,Winter,0.315,1 Bundesliga,2008,2008/2009
FC Energie Cottbus,Nils Petersen,20,Centre-Forward,Carl Zeiss Jena,£270Th.,in,Winter,0.27,1 Bundesliga,2008,2008/2009
FC Energie Cottbus,Jan Rajnoch,27,Centre-Back,Mlada Boleslav,Loan fee:£225Th.,in,Winter,0.225,1 Bundesliga,2008,2008/2009
FC Energie Cottbus,Ovidiu Burca,28,Centre-Back,BJ Guoan,"End of loanDec 31, 2008",in,Winter,0,1 Bundesliga,2008,2008/2009
FC Energie Cottbus,Danny Galm,22,Centre-Forward,Stuttg. Kickers,free transfer,out,Winter,NA,1 Bundesliga,2008,2008/2009
FC Energie Cottbus,Igor Mitreski,29,Centre-Back,Germ. Beerschot,Loan fee:£45Th.,out,Winter,0.045,1 Bundesliga,2008,2008/2009
Hamburger SV,Mickaël Tavares,26,Defensive Midfield,Slavia Prague,£1.67m,in,Winter,1.67,1 Bundesliga,2008,2008/2009
Hamburger SV,Tomás Rincón,21,Defensive Midfield,Táchira,Loan fee:£270Th.,in,Winter,0.27,1 Bundesliga,2008,2008/2009
Hamburger SV,Michael Gravgaard,30,Centre-Back,FC Nantes,Loan fee:£270Th.,in,Winter,0.27,1 Bundesliga,2008,2008/2009
Hamburger SV,Albert Streit,28,Right Winger,FC Schalke 04,Loan fee:£180Th.,in,Winter,0.18,1 Bundesliga,2008,2008/2009
Hamburger SV,Marcel Ndjeng,26,Right Midfield,Bor. M'gladbach,loan transfer,in,Winter,NA,1 Bundesliga,2008,2008/2009
Hamburger SV,Khalid Sinouh,33,Goalkeeper,Without Club,-,in,Winter,0,1 Bundesliga,2008,2008/2009
Hamburger SV,Nigel de Jong,24,Defensive Midfield,Man City,£16.20m,out,Winter,16.2,1 Bundesliga,2008,2008/2009
Hamburger SV,Vadis Odjidja-Ofoe,19,Central Midfield,Club Brugge,£810Th.,out,Winter,0.81,1 Bundesliga,2008,2008/2009
Hamburger SV,Änis Ben-Hatira,20,Attacking Midfield,MSV Duisburg,loan transfer,out,Winter,NA,1 Bundesliga,2008,2008/2009
Hamburger SV,Thiago Neves,23,Attacking Midfield,Fluminense,loan transfer,out,Winter,NA,1 Bundesliga,2008,2008/2009
Hamburger SV,Anton Putilo,21,Attacking Midfield,Dinamo Minsk,"End of loanDec 31, 2008",out,Winter,0,1 Bundesliga,2008,2008/2009
Arminia Bielefeld,Vlad Munteanu,27,Left Midfield,VfL Wolfsburg,Loan fee:£360Th.,in,Winter,0.36,1 Bundesliga,2008,2008/2009
Arminia Bielefeld,Kevin Kerr,19,Central Midfield,A. Bielefeld II,-,in,Winter,0,1 Bundesliga,2008,2008/2009
Arminia Bielefeld,Bernd Korzynietz,29,Right-Back,VfL Wolfsburg,"End of loanDec 1, 2008",in,Winter,0,1 Bundesliga,2008,2008/2009
Arminia Bielefeld,Siyabonga Nkosi,27,Attacking Midfield,Maccabi Netanya,£68Th.,out,Winter,0.068,1 Bundesliga,2008,2008/2009
Arminia Bielefeld,Stefan Aigner,21,Right Winger,1860 Munich,free transfer,out,Winter,NA,1 Bundesliga,2008,2008/2009
Arminia Bielefeld,Bernd Korzynietz,29,Right-Back,MSV Duisburg,free transfer,out,Winter,NA,1 Bundesliga,2008,2008/2009
Arminia Bielefeld,Nils Fischer,21,Centre-Back,Wuppertaler SV,loan transfer,out,Winter,NA,1 Bundesliga,2008,2008/2009
Eintracht Frankfurt,Nikola Petkovic,22,Centre-Back,Red Star,£630Th.,in,Winter,0.63,1 Bundesliga,2008,2008/2009
Eintracht Frankfurt,Léonard Kweuke,21,Centre-Forward,Dunajska Streda,Loan fee:£225Th.,in,Winter,0.225,1 Bundesliga,2008,2008/2009
Eintracht Frankfurt,Aarón Galindo,26,Centre-Back,Chivas,£900Th.,out,Winter,0.9,1 Bundesliga,2008,2008/2009
1. FC Köln,Derek Boateng,25,Defensive Midfield,B. Jerusalem,£360Th.,in,Winter,0.36,1 Bundesliga,2008,2008/2009
1. FC Köln,André Beleza,23,Attacking Midfield,Náutico,"End of loanDec 1, 2008",in,Winter,0,1 Bundesliga,2008,2008/2009
1. FC Köln,Roda Antar,28,Defensive Midfield,SD Luneng,£630Th.,out,Winter,0.63,1 Bundesliga,2008,2008/2009
1. FC Köln,Kevin Schöneberg,23,Defensive Midfield,Hansa Rostock,£45Th.,out,Winter,0.045,1 Bundesliga,2008,2008/2009
1. FC Köln,Tobias Nickenig,24,Centre-Back,FC Vaduz,free transfer,out,Winter,NA,1 Bundesliga,2008,2008/2009
1. FC Köln,André Beleza,23,Attacking Midfield,Iraty SC,free transfer,out,Winter,NA,1 Bundesliga,2008,2008/2009
1. FC Köln,Ümit Özat,32,Left-Back,Retired,-,out,Winter,0,1 Bundesliga,2008,2008/2009
