club_name,player_name,age,position,club_involved_name,fee,transfer_movement,transfer_period,fee_cleaned,league_name,year,season
ADO Den Haag,Mike Havekotte,22,Goalkeeper,Excelsior,free transfer,in,Summer,NA,Eredivisie,2018,2018/2019
ADO Den Haag,Dion Malone,29,Defensive Midfield,FK Qabala,free transfer,in,Summer,NA,Eredivisie,2018,2018/2019
ADO Den Haag,Tomas Necid,29,Centre-Forward,Bursaspor,free transfer,in,Summer,NA,Eredivisie,2018,2018/2019
ADO Den Haag,Yuning Zhang,21,Centre-Forward,West Brom,loan transfer,in,Summer,NA,Eredivisie,2018,2018/2019
ADO Den Haag,Giovanni Troupée,20,Right-Back,FC Utrecht,loan transfer,in,Summer,NA,Eredivisie,2018,2018/2019
ADO Den Haag,Shaquille Pinas,20,Centre-Back,ADO U21,-,in,Summer,0,Eredivisie,2018,2018/2019
ADO Den Haag,Robin Polley,19,Right-Back,ADO U21,-,in,Summer,0,Eredivisie,2018,2018/2019
ADO Den Haag,Mats van Kins,19,Central Midfield,ADO U21,-,in,Summer,0,Eredivisie,2018,2018/2019
ADO Den Haag,Thomas Meißner,27,Centre-Back,Willem II,"End of loanJun 30, 2018",in,Summer,0,Eredivisie,2018,2018/2019
ADO Den Haag,Björn Johnsen,26,Centre-Forward,AZ Alkmaar,£2.07m,out,Summer,2.07,Eredivisie,2018,2018/2019
ADO Den Haag,Édouard Duplan,35,Left Winger,Sparta R.,free transfer,out,Summer,NA,Eredivisie,2018,2018/2019
ADO Den Haag,Tyronne Ebuehi,22,Right-Back,Benfica,free transfer,out,Summer,NA,Eredivisie,2018,2018/2019
ADO Den Haag,Tim Coremans,27,Goalkeeper,Sparta R.,free transfer,out,Summer,NA,Eredivisie,2018,2018/2019
ADO Den Haag,Thomas Meißner,27,Centre-Back,Willem II,?,out,Summer,NA,Eredivisie,2018,2018/2019
ADO Den Haag,Hennos Asmelash,19,Right-Back,TOP Oss,loan transfer,out,Summer,NA,Eredivisie,2018,2018/2019
ADO Den Haag,Delano Ladan,18,Centre-Forward,TOP Oss,loan transfer,out,Summer,NA,Eredivisie,2018,2018/2019
AZ Alkmaar,Björn Johnsen,26,Centre-Forward,ADO Den Haag,£2.07m,in,Summer,2.07,Eredivisie,2018,2018/2019
AZ Alkmaar,Albert Gudmundsson,21,Right Winger,PSV Eindhoven,£1.62m,in,Summer,1.62,Eredivisie,2018,2018/2019
AZ Alkmaar,Marko Vejinović,28,Central Midfield,Feyenoord,£1.13m,in,Summer,1.13,Eredivisie,2018,2018/2019
AZ Alkmaar,Henri Weigelt,20,Centre-Back,Arm. Bielefeld,£1.08m,in,Summer,1.08,Eredivisie,2018,2018/2019
AZ Alkmaar,Rody de Boer,20,Goalkeeper,Telstar,£225Th.,in,Summer,0.225,Eredivisie,2018,2018/2019
AZ Alkmaar,Leon Bergsma,21,Centre-Back,Ajax U21,free transfer,in,Summer,NA,Eredivisie,2018,2018/2019
AZ Alkmaar,Dorin Rotariu,22,Right Winger,Club Brugge,loan transfer,in,Summer,NA,Eredivisie,2018,2018/2019
AZ Alkmaar,Adam Maher,25,Central Midfield,Without Club,-,in,Summer,0,Eredivisie,2018,2018/2019
AZ Alkmaar,Jasper Schendelaar,17,Goalkeeper,AZ Alkmaar U19,-,in,Summer,0,Eredivisie,2018,2018/2019
AZ Alkmaar,Mees Hoedemakers,20,Defensive Midfield,AZ Alkmaar U21,-,in,Summer,0,Eredivisie,2018,2018/2019
AZ Alkmaar,Levi García,20,Right Winger,Excelsior,"End of loanJun 30, 2018",in,Summer,0,Eredivisie,2018,2018/2019
AZ Alkmaar,Fred Friday,23,Centre-Forward,Sparta R.,"End of loanJun 30, 2018",in,Summer,0,Eredivisie,2018,2018/2019
AZ Alkmaar,Dabney dos Santos,21,Left Winger,Sparta R.,"End of loanJun 30, 2018",in,Summer,0,Eredivisie,2018,2018/2019
AZ Alkmaar,Jop van der Linden,27,Centre-Back,Willem II,"End of loanJun 30, 2018",in,Summer,0,Eredivisie,2018,2018/2019
AZ Alkmaar,Ben Rienstra,28,Central Midfield,Willem II,"End of loanJun 30, 2018",in,Summer,0,Eredivisie,2018,2018/2019
AZ Alkmaar,Alireza Jahanbakhsh,24,Right Winger,Brighton,£17.10m,out,Summer,17.1,Eredivisie,2018,2018/2019
AZ Alkmaar,Wout Weghorst,25,Centre-Forward,VfL Wolfsburg,£9.45m,out,Summer,9.45,Eredivisie,2018,2018/2019
AZ Alkmaar,Joris van Overeem,24,Central Midfield,FC Utrecht,£630Th.,out,Summer,0.63,Eredivisie,2018,2018/2019
AZ Alkmaar,Gino Coutinho,35,Goalkeeper,NEC Nijmegen,free transfer,out,Summer,NA,Eredivisie,2018,2018/2019
AZ Alkmaar,Levi García,20,Right Winger,Kiryat Shmona,free transfer,out,Summer,NA,Eredivisie,2018,2018/2019
AZ Alkmaar,Jop van der Linden,28,Centre-Back,Sydney FC,free transfer,out,Summer,NA,Eredivisie,2018,2018/2019
AZ Alkmaar,Rens van Eijden,30,Centre-Back,NEC Nijmegen,free transfer,out,Summer,NA,Eredivisie,2018,2018/2019
AZ Alkmaar,Dabney dos Santos,22,Left Winger,Heracles Almelo,free transfer,out,Summer,NA,Eredivisie,2018,2018/2019
AZ Alkmaar,Nick Olij,22,Goalkeeper,TOP Oss,loan transfer,out,Summer,NA,Eredivisie,2018,2018/2019
AZ Alkmaar,Ricardo van Rhijn,27,Right-Back,Club Brugge,"End of loanJun 30, 2018",out,Summer,0,Eredivisie,2018,2018/2019
AZ Alkmaar,Marko Vejinović,28,Central Midfield,Feyenoord,"End of loanJun 30, 2018",out,Summer,0,Eredivisie,2018,2018/2019
Ajax Amsterdam,Daley Blind,28,Left-Back,Man Utd,£14.40m,in,Summer,14.4,Eredivisie,2018,2018/2019
Ajax Amsterdam,Dusan Tadic,29,Left Winger,Southampton,£12.33m,in,Summer,12.33,Eredivisie,2018,2018/2019
Ajax Amsterdam,Hassane Bandé,19,Left Winger,KV Mechelen,£7.43m,in,Summer,7.43,Eredivisie,2018,2018/2019
Ajax Amsterdam,Zakaria Labyad,25,Attacking Midfield,FC Utrecht,£5.40m,in,Summer,5.4,Eredivisie,2018,2018/2019
Ajax Amsterdam,Deyovaisio Zeefuik,20,Right-Back,FC Groningen,"End of loanJun 30, 2018",in,Summer,0,Eredivisie,2018,2018/2019
Ajax Amsterdam,Perr Schuurs,18,Centre-Back,Fortuna Sittard,"End of loanJun 30, 2018",in,Summer,0,Eredivisie,2018,2018/2019
Ajax Amsterdam,Justin Kluivert,19,Left Winger,AS Roma,£15.53m,out,Summer,15.53,Eredivisie,2018,2018/2019
Ajax Amsterdam,Deyovaisio Zeefuik,20,Right-Back,FC Groningen,£270Th.,out,Summer,0.27,Eredivisie,2018,2018/2019
Ajax Amsterdam,Norbert Alblas,23,Goalkeeper,NEC Nijmegen,free transfer,out,Summer,NA,Eredivisie,2018,2018/2019
Ajax Amsterdam,Mitchell Dijks,25,Left-Back,Bologna,free transfer,out,Summer,NA,Eredivisie,2018,2018/2019
Ajax Amsterdam,Nick Viergever,28,Centre-Back,PSV Eindhoven,free transfer,out,Summer,NA,Eredivisie,2018,2018/2019
Ajax Amsterdam,Amin Younes,24,Attacking Midfield,SSC Napoli,free transfer,out,Summer,NA,Eredivisie,2018,2018/2019
Ajax Amsterdam,Mateo Cassierra,21,Centre-Forward,FC Groningen,loan transfer,out,Summer,NA,Eredivisie,2018,2018/2019
Ajax Amsterdam,Siem de Jong,29,Attacking Midfield,Sydney FC,loan transfer,out,Summer,NA,Eredivisie,2018,2018/2019
Ajax Amsterdam,Benjamin van Leer,26,Goalkeeper,NAC Breda,loan transfer,out,Summer,NA,Eredivisie,2018,2018/2019
De Graafschap Doetinchem,Daryl van Mieghem,28,Right Winger,Heracles Almelo,free transfer,in,Summer,NA,Eredivisie,2018,2018/2019
De Graafschap Doetinchem,Stef Nijland,29,Attacking Midfield,PEC Zwolle,free transfer,in,Summer,NA,Eredivisie,2018,2018/2019
De Graafschap Doetinchem,Javier Vet,24,Defensive Midfield,Almere City,free transfer,in,Summer,NA,Eredivisie,2018,2018/2019
De Graafschap Doetinchem,Furdjel Narsingh,30,Right Winger,SC Cambuur,free transfer,in,Summer,NA,Eredivisie,2018,2018/2019
De Graafschap Doetinchem,Erik Bakker,28,Central Midfield,PEC Zwolle,free transfer,in,Summer,NA,Eredivisie,2018,2018/2019
De Graafschap Doetinchem,Liban Abdulahi,22,Central Midfield,Telstar,free transfer,in,Summer,NA,Eredivisie,2018,2018/2019
De Graafschap Doetinchem,Ted van de Pavert,26,Centre-Back,PEC Zwolle,free transfer,in,Summer,NA,Eredivisie,2018,2018/2019
De Graafschap Doetinchem,Jordy Thomassen,25,Centre-Forward,Helmond Sport,free transfer,in,Summer,NA,Eredivisie,2018,2018/2019
De Graafschap Doetinchem,Mohamed Hamdaoui,25,Left Winger,Telstar,free transfer,in,Summer,NA,Eredivisie,2018,2018/2019
De Graafschap Doetinchem,Leeroy Owusu,21,Right-Back,Ajax U21,?,in,Summer,NA,Eredivisie,2018,2018/2019
De Graafschap Doetinchem,Hidde Jurjus,24,Goalkeeper,PSV Eindhoven,loan transfer,in,Summer,NA,Eredivisie,2018,2018/2019
De Graafschap Doetinchem,Marlon Versteeg,20,Centre-Forward,De Graafs. U21,-,in,Summer,0,Eredivisie,2018,2018/2019
De Graafschap Doetinchem,Koen Huntelaar,19,Central Midfield,De Graafs. U21,-,in,Summer,0,Eredivisie,2018,2018/2019
De Graafschap Doetinchem,Jurre Vreman,20,Centre-Back,De Graafs. U21,-,in,Summer,0,Eredivisie,2018,2018/2019
De Graafschap Doetinchem,Kyvon Leidsman,19,Centre-Forward,De Graafs. U21,-,in,Summer,0,Eredivisie,2018,2018/2019
De Graafschap Doetinchem,Delano Burgzorg,19,Left Winger,De Graafs. U21,-,in,Summer,0,Eredivisie,2018,2018/2019
De Graafschap Doetinchem,Mark Diemers,24,Central Midfield,Fortuna Sittard,free transfer,out,Summer,NA,Eredivisie,2018,2018/2019
De Graafschap Doetinchem,Kevin van Diermen,29,Centre-Back,IJsselm.vogels,free transfer,out,Summer,NA,Eredivisie,2018,2018/2019
De Graafschap Doetinchem,Tim Receveur,26,Defensive Midfield,Almere City,free transfer,out,Summer,NA,Eredivisie,2018,2018/2019
De Graafschap Doetinchem,Filip Bednarek,25,Goalkeeper,Heerenveen,free transfer,out,Summer,NA,Eredivisie,2018,2018/2019
De Graafschap Doetinchem,Anthony van den Hurk,25,Centre-Forward,MVV Maastricht,?,out,Summer,NA,Eredivisie,2018,2018/2019
De Graafschap Doetinchem,Marlon Versteeg,21,Centre-Forward,Lienden,loan transfer,out,Summer,NA,Eredivisie,2018,2018/2019
De Graafschap Doetinchem,Elvio van Overbeek,24,Right Winger,Without Club,-,out,Summer,0,Eredivisie,2018,2018/2019
De Graafschap Doetinchem,Rannick Schoop,21,Right-Back,Without Club,-,out,Summer,0,Eredivisie,2018,2018/2019
De Graafschap Doetinchem,Andy Driver,30,Left Midfield,Retired,-,out,Summer,0,Eredivisie,2018,2018/2019
De Graafschap Doetinchem,Tim Keurntjes,27,Left-Back,Without Club,-,out,Summer,0,Eredivisie,2018,2018/2019
De Graafschap Doetinchem,Tarik Tissoudali,25,Left Winger,AC Le Havre,"End of loanJun 30, 2018",out,Summer,0,Eredivisie,2018,2018/2019
De Graafschap Doetinchem,Daryl van Mieghem,28,Right Winger,Heracles Almelo,"End of loanJun 30, 2018",out,Summer,0,Eredivisie,2018,2018/2019
De Graafschap Doetinchem,Sjoerd Ars,34,Centre-Forward,Fortuna Sittard,"End of loanJun 30, 2018",out,Summer,0,Eredivisie,2018,2018/2019
FC Emmen,Jafar Arias,23,Centre-Forward,FC Dordrecht,£45Th.,in,Summer,0.045,Eredivisie,2018,2018/2019
FC Emmen,Nicklas Pedersen,30,Centre-Forward,KV Mechelen,free transfer,in,Summer,NA,Eredivisie,2018,2018/2019
FC Emmen,Stephen Warmolts,24,Centre-Back,Helmond Sport,free transfer,in,Summer,NA,Eredivisie,2018,2018/2019
FC Emmen,Wouter Marinus,23,Attacking Midfield,PEC Zwolle,free transfer,in,Summer,NA,Eredivisie,2018,2018/2019
FC Emmen,Jason Bourdouxhe,27,Left Midfield,Helmond Sport,free transfer,in,Summer,NA,Eredivisie,2018,2018/2019
FC Emmen,Caner Cavlan,26,Left-Back,Heerenveen,free transfer,in,Summer,NA,Eredivisie,2018,2018/2019
FC Emmen,Delano Grootenhuis,21,Attacking Midfield,FC Twente U21,free transfer,in,Summer,NA,Eredivisie,2018,2018/2019
FC Emmen,Daniel Camara Bos,19,Right-Back,Groningen U19,free transfer,in,Summer,NA,Eredivisie,2018,2018/2019
FC Emmen,Kasper Oldenburger,22,Right Winger,Groningen U21,free transfer,in,Summer,NA,Eredivisie,2018,2018/2019
FC Emmen,Robbert de Vos,22,Central Midfield,Groningen U21,free transfer,in,Summer,NA,Eredivisie,2018,2018/2019
FC Emmen,Reuven Niemeijer,23,Second Striker,Heracles Almelo,loan transfer,in,Summer,NA,Eredivisie,2018,2018/2019
FC Emmen,Luciano Slagveer,24,Right Winger,KSC Lokeren,loan transfer,in,Summer,NA,Eredivisie,2018,2018/2019
FC Emmen,Easah Suliman,20,Centre-Back,Aston Villa U23,loan transfer,in,Summer,NA,Eredivisie,2018,2018/2019
FC Emmen,Rob Deiman,19,Central Midfield,Emmen U19,-,in,Summer,0,Eredivisie,2018,2018/2019
FC Emmen,Kjelt Engbers,18,Centre-Back,Emmen U19,-,in,Summer,0,Eredivisie,2018,2018/2019
FC Emmen,Nande Wielink,20,Centre-Back,Spelle-Venhaus,"End of loanJun 30, 2018",in,Summer,0,Eredivisie,2018,2018/2019
FC Emmen,Willem Huizing,23,Right-Back,Harkemase Boys,free transfer,out,Summer,NA,Eredivisie,2018,2018/2019
FC Emmen,Josimar Lima,28,Centre-Back,FC Lahti,free transfer,out,Summer,NA,Eredivisie,2018,2018/2019
FC Emmen,Jeroen Veldmate,29,Centre-Back,Go Ahead Eagles,free transfer,out,Summer,NA,Eredivisie,2018,2018/2019
FC Emmen,Omran Haydary,20,Right Winger,FC Dordrecht,free transfer,out,Summer,NA,Eredivisie,2018,2018/2019
FC Emmen,Youri Loen,27,Central Midfield,Almere City,free transfer,out,Summer,NA,Eredivisie,2018,2018/2019
FC Emmen,Mario Bilate,27,Centre-Forward,RKC Waalwijk,free transfer,out,Summer,NA,Eredivisie,2018,2018/2019
FC Emmen,Joris Voest,23,Left-Back,Harkemase Boys,free transfer,out,Summer,NA,Eredivisie,2018,2018/2019
FC Emmen,Nande Wielink,20,Centre-Back,ACV Assen,free transfer,out,Summer,NA,Eredivisie,2018,2018/2019
FC Emmen,Norair Aslanyan,27,Right Winger,Katwijk,free transfer,out,Summer,NA,Eredivisie,2018,2018/2019
FC Emmen,Cas Peters,25,Centre-Forward,FC Volendam,?,out,Summer,NA,Eredivisie,2018,2018/2019
FC Emmen,Nicklas Pedersen,31,Centre-Forward,Retired,-,out,Summer,0,Eredivisie,2018,2018/2019
Excelsior Rotterdam,Elías Már Ómarsson,23,Centre-Forward,IFK Göteborg,£270Th.,in,Summer,0.27,Eredivisie,2018,2018/2019
Excelsior Rotterdam,Thomas Oude Kotte,22,Left-Back,Vitesse U21,free transfer,in,Summer,NA,Eredivisie,2018,2018/2019
Excelsior Rotterdam,Denis Mahmudov,28,Right Winger,FC Dordrecht,free transfer,in,Summer,NA,Eredivisie,2018,2018/2019
Excelsior Rotterdam,Robin van der Meer,23,Centre-Back,FC Utrecht,free transfer,in,Summer,NA,Eredivisie,2018,2018/2019
Excelsior Rotterdam,Maarten de Fockert,23,Goalkeeper,Heerenveen,free transfer,in,Summer,NA,Eredivisie,2018,2018/2019
Excelsior Rotterdam,Sonny Stevens,26,Goalkeeper,Go Ahead Eagles,free transfer,in,Summer,NA,Eredivisie,2018,2018/2019
Excelsior Rotterdam,Hervé Matthys,22,Centre-Back,FC Eindhoven,?,in,Summer,NA,Eredivisie,2018,2018/2019
Excelsior Rotterdam,Jerdy Schouten,21,Central Midfield,Telstar,?,in,Summer,NA,Eredivisie,2018,2018/2019
Excelsior Rotterdam,Siebe Horemans,20,Right-Back,KAA Gent,loan transfer,in,Summer,NA,Eredivisie,2018,2018/2019
Excelsior Rotterdam,Marcus Edwards,19,Right Winger,Tottenham U23,loan transfer,in,Summer,NA,Eredivisie,2018,2018/2019
Excelsior Rotterdam,Mikael Anderson,20,Central Midfield,FC Midtjylland,loan transfer,in,Summer,NA,Eredivisie,2018,2018/2019
Excelsior Rotterdam,Mounir El Hamdaoui,34,Centre-Forward,Without Club,-,in,Summer,0,Eredivisie,2018,2018/2019
Excelsior Rotterdam,Mike van Duinen,26,Centre-Forward,PEC Zwolle,£675Th.,out,Summer,0.675,Eredivisie,2018,2018/2019
Excelsior Rotterdam,Khalid Karami,28,Right-Back,Vitesse,free transfer,out,Summer,NA,Eredivisie,2018,2018/2019
Excelsior Rotterdam,Theo Zwarthoed,35,Goalkeeper,NAC Breda,free transfer,out,Summer,NA,Eredivisie,2018,2018/2019
Excelsior Rotterdam,Ögmundur Kristinsson,29,Goalkeeper,AE Larisa,free transfer,out,Summer,NA,Eredivisie,2018,2018/2019
Excelsior Rotterdam,Stanley Elbers,26,Right Winger,PEC Zwolle,free transfer,out,Summer,NA,Eredivisie,2018,2018/2019
Excelsior Rotterdam,Milan Massop,24,Left-Back,Waasl.-Beveren,free transfer,out,Summer,NA,Eredivisie,2018,2018/2019
Excelsior Rotterdam,Mike Havekotte,22,Goalkeeper,ADO Den Haag,free transfer,out,Summer,NA,Eredivisie,2018,2018/2019
Excelsior Rotterdam,Kevin Vermeulen,27,Attacking Midfield,RKC Waalwijk,free transfer,out,Summer,NA,Eredivisie,2018,2018/2019
Excelsior Rotterdam,Shane O'Neill,24,Centre-Back,Orlando,free transfer,out,Summer,NA,Eredivisie,2018,2018/2019
Excelsior Rotterdam,Hicham Faik,26,Defensive Midfield,Zulte Waregem,free transfer,out,Summer,NA,Eredivisie,2018,2018/2019
Excelsior Rotterdam,Levi García,20,Right Winger,AZ Alkmaar,"End of loanJun 30, 2018",out,Summer,0,Eredivisie,2018,2018/2019
Excelsior Rotterdam,Jordy de Wijs,23,Centre-Back,PSV Eindhoven,"End of loanJun 30, 2018",out,Summer,0,Eredivisie,2018,2018/2019
Excelsior Rotterdam,Wout Faes,20,Centre-Back,RSC Anderlecht,"End of loanJun 30, 2018",out,Summer,0,Eredivisie,2018,2018/2019
Excelsior Rotterdam,Zakaria El Azzouzi,22,Centre-Forward,Ajax U21,"End of loanJun 30, 2018",out,Summer,0,Eredivisie,2018,2018/2019
Feyenoord Rotterdam,Luis Sinisterra,19,Left Winger,Once Caldas,£1.80m,in,Summer,1.8,Eredivisie,2018,2018/2019
Feyenoord Rotterdam,Yassin Ayoub,24,Central Midfield,FC Utrecht,free transfer,in,Summer,NA,Eredivisie,2018,2018/2019
Feyenoord Rotterdam,Joris Delle,28,Goalkeeper,NEC Nijmegen,free transfer,in,Summer,NA,Eredivisie,2018,2018/2019
Feyenoord Rotterdam,Jordy Clasie,27,Defensive Midfield,Southampton,loan transfer,in,Summer,NA,Eredivisie,2018,2018/2019
Feyenoord Rotterdam,Orkun Kökcü,17,Central Midfield,Feyenoord U19,-,in,Summer,0,Eredivisie,2018,2018/2019
Feyenoord Rotterdam,Wouter Burger,17,Central Midfield,Feyenoord U19,-,in,Summer,0,Eredivisie,2018,2018/2019
Feyenoord Rotterdam,Lutsharel Geertruida,17,Right-Back,Feyenoord U19,-,in,Summer,0,Eredivisie,2018,2018/2019
Feyenoord Rotterdam,Miquel Nelom,27,Left-Back,Sparta R.,"End of loanJun 30, 2018",in,Summer,0,Eredivisie,2018,2018/2019
Feyenoord Rotterdam,Kenneth Vermeer,32,Goalkeeper,Club Brugge,"End of loanJun 30, 2018",in,Summer,0,Eredivisie,2018,2018/2019
Feyenoord Rotterdam,Mo El Hankouri,20,Left Winger,Willem II,"End of loanJun 30, 2018",in,Summer,0,Eredivisie,2018,2018/2019
Feyenoord Rotterdam,Jari Schuurman,21,Attacking Midfield,NEC Nijmegen,"End of loanJun 30, 2018",in,Summer,0,Eredivisie,2018,2018/2019
Feyenoord Rotterdam,Gustavo Hamer,21,Defensive Midfield,FC Dordrecht,"End of loanJun 30, 2018",in,Summer,0,Eredivisie,2018,2018/2019
Feyenoord Rotterdam,Marko Vejinović,28,Central Midfield,AZ Alkmaar,"End of loanJun 30, 2018",in,Summer,0,Eredivisie,2018,2018/2019
Feyenoord Rotterdam,Simon Gustafson,23,Attacking Midfield,Roda JC,"End of loanJun 30, 2018",in,Summer,0,Eredivisie,2018,2018/2019
Feyenoord Rotterdam,Jean-Paul Boëtius,24,Attacking Midfield,1.FSV Mainz 05,£3.15m,out,Summer,3.15,Eredivisie,2018,2018/2019
Feyenoord Rotterdam,Sofyan Amrabat,22,Defensive Midfield,Club Brugge,£2.25m,out,Summer,2.25,Eredivisie,2018,2018/2019
Feyenoord Rotterdam,Marko Vejinović,28,Central Midfield,AZ Alkmaar,£1.13m,out,Summer,1.13,Eredivisie,2018,2018/2019
Feyenoord Rotterdam,Simon Gustafson,23,Attacking Midfield,FC Utrecht,£900Th.,out,Summer,0.9,Eredivisie,2018,2018/2019
Feyenoord Rotterdam,Bilal Basacikoglu,23,Left Winger,Kayserispor,£360Th.,out,Summer,0.36,Eredivisie,2018,2018/2019
Feyenoord Rotterdam,Gustavo Hamer,21,Defensive Midfield,PEC Zwolle,£270Th.,out,Summer,0.27,Eredivisie,2018,2018/2019
Feyenoord Rotterdam,Brad Jones,36,Goalkeeper,Al-Nassr FC,free transfer,out,Summer,NA,Eredivisie,2018,2018/2019
Feyenoord Rotterdam,Karim El Ahmadi,33,Defensive Midfield,Ittihad,free transfer,out,Summer,NA,Eredivisie,2018,2018/2019
Feyenoord Rotterdam,Emil Hansson,20,Left Winger,RKC Waalwijk,loan transfer,out,Summer,NA,Eredivisie,2018,2018/2019
Feyenoord Rotterdam,Jari Schuurman,21,Attacking Midfield,Feyenoord U21,-,out,Summer,0,Eredivisie,2018,2018/2019
Feyenoord Rotterdam,Mats Knoester,19,Centre-Back,Feyenoord U21,-,out,Summer,0,Eredivisie,2018,2018/2019
Feyenoord Rotterdam,Miquel Nelom,27,Left-Back,Without Club,-,out,Summer,0,Eredivisie,2018,2018/2019
Feyenoord Rotterdam,Kevin Diks,21,Right-Back,Fiorentina,"End of loanJun 30, 2018",out,Summer,0,Eredivisie,2018,2018/2019
Fortuna Sittard,Amadou Ciss,18,Left Midfield,Pau FC,£144Th.,in,Summer,0.144,Eredivisie,2018,2018/2019
Fortuna Sittard,Alexei Coselev,24,Goalkeeper,ACSM Poli Iasi,free transfer,in,Summer,NA,Eredivisie,2018,2018/2019
Fortuna Sittard,Alessandro Ciranni,22,Right-Back,MVV Maastricht,free transfer,in,Summer,NA,Eredivisie,2018,2018/2019
Fortuna Sittard,Mark Diemers,24,Central Midfield,De Graafschap,free transfer,in,Summer,NA,Eredivisie,2018,2018/2019
Fortuna Sittard,Lazaros Lamprou,20,Left Winger,PAOK Salonika,loan transfer,in,Summer,NA,Eredivisie,2018,2018/2019
Fortuna Sittard,Lisandro Semedo,22,Right Winger,Apol. Limassol,?,in,Summer,NA,Eredivisie,2018,2018/2019
Fortuna Sittard,Branislav Ninaj,24,Centre-Back,KSC Lokeren,?,in,Summer,NA,Eredivisie,2018,2018/2019
Fortuna Sittard,Rubén Ramírez,22,Centre-Back,Atl. Venezuela,?,in,Summer,NA,Eredivisie,2018,2018/2019
Fortuna Sittard,Áron Dobos,18,Right Winger,Dunaújváros,?,in,Summer,NA,Eredivisie,2018,2018/2019
Fortuna Sittard,José Rodríguez,23,Central Midfield,1.FSV Mainz 05,loan transfer,in,Summer,NA,Eredivisie,2018,2018/2019
Fortuna Sittard,José Bandez,18,Left Winger,Carabobo FC,loan transfer,in,Summer,NA,Eredivisie,2018,2018/2019
Fortuna Sittard,Ahmed El Messaoudi,22,Attacking Midfield,KV Mechelen,loan transfer,in,Summer,NA,Eredivisie,2018,2018/2019
Fortuna Sittard,Andrija Novakovich,21,Centre-Forward,Reading,loan transfer,in,Summer,NA,Eredivisie,2018,2018/2019
Fortuna Sittard,George Mells,21,Central Midfield,Without Club,-,in,Summer,0,Eredivisie,2018,2018/2019
Fortuna Sittard,Rowen Koot,18,Goalkeeper,Fortuna U19,-,in,Summer,0,Eredivisie,2018,2018/2019
Fortuna Sittard,Vítor Saba,27,Attacking Midfield,Eastern,"End of loanJun 30, 2018",in,Summer,0,Eredivisie,2018,2018/2019
Fortuna Sittard,Mickaël Malsa,22,Defensive Midfield,Platanias,"End of loanJun 30, 2018",in,Summer,0,Eredivisie,2018,2018/2019
Fortuna Sittard,Sjoerd Ars,34,Centre-Forward,De Graafschap,"End of loanJun 30, 2018",in,Summer,0,Eredivisie,2018,2018/2019
Fortuna Sittard,Mohamed Kourouma,20,midfield,Groene Ster,free transfer,out,Summer,NA,Eredivisie,2018,2018/2019
Fortuna Sittard,Sjoerd Ars,34,Centre-Forward,De Treffers,free transfer,out,Summer,NA,Eredivisie,2018,2018/2019
Fortuna Sittard,Miguel Santos,23,Goalkeeper,Astra Giurgiu,free transfer,out,Summer,NA,Eredivisie,2018,2018/2019
Fortuna Sittard,Driess Saddiki,21,Defensive Midfield,Willem II,free transfer,out,Summer,NA,Eredivisie,2018,2018/2019
Fortuna Sittard,Stefan Ashkovski,26,Right Winger,Slavia Sofia,free transfer,out,Summer,NA,Eredivisie,2018,2018/2019
Fortuna Sittard,Lazar Kojic,18,Central Midfield,Backa,loan transfer,out,Summer,NA,Eredivisie,2018,2018/2019
Fortuna Sittard,Luc Tinnemans,20,Defensive Midfield,EVV Echt,loan transfer,out,Summer,NA,Eredivisie,2018,2018/2019
Fortuna Sittard,Mickaël Malsa,22,Defensive Midfield,Albacete,loan transfer,out,Summer,NA,Eredivisie,2018,2018/2019
Fortuna Sittard,Job van de Walle,20,Goalkeeper,Groene Ster,loan transfer,out,Summer,NA,Eredivisie,2018,2018/2019
Fortuna Sittard,Perr Schuurs,18,Centre-Back,Ajax,"End of loanJun 30, 2018",out,Summer,0,Eredivisie,2018,2018/2019
Fortuna Sittard,Lisandro Semedo,22,Right Winger,Apol. Limassol,"End of loanJun 30, 2018",out,Summer,0,Eredivisie,2018,2018/2019
Fortuna Sittard,José Bandez,18,Left Winger,Carabobo FC,"End of loanSep 4, 2018",out,Summer,0,Eredivisie,2018,2018/2019
FC Groningen,Ritsu Doan,20,Right Winger,Gamba Osaka,£1.53m,in,Summer,1.53,Eredivisie,2018,2018/2019
FC Groningen,Julian Chabot,20,Centre-Back,Sparta R.,£1.08m,in,Summer,1.08,Eredivisie,2018,2018/2019
FC Groningen,Deyovaisio Zeefuik,20,Right-Back,Ajax,£270Th.,in,Summer,0.27,Eredivisie,2018,2018/2019
FC Groningen,Ahmad Mendes Moreira,23,Left Winger,Kozakken Boys,free transfer,in,Summer,NA,Eredivisie,2018,2018/2019
FC Groningen,Jannik Pohl,22,Centre-Forward,Aalborg BK,free transfer,in,Summer,NA,Eredivisie,2018,2018/2019
FC Groningen,Mateo Cassierra,21,Centre-Forward,Ajax,loan transfer,in,Summer,NA,Eredivisie,2018,2018/2019
FC Groningen,Tim Handwerker,20,Left-Back,1. FC Köln,loan transfer,in,Summer,NA,Eredivisie,2018,2018/2019
FC Groningen,Jan Hoekstra,19,Goalkeeper,Groningen U21,-,in,Summer,0,Eredivisie,2018,2018/2019
FC Groningen,Michael Breij,21,Left Winger,Groningen U21,-,in,Summer,0,Eredivisie,2018,2018/2019
FC Groningen,Lars Kramer,18,Centre-Back,Groningen U21,-,in,Summer,0,Eredivisie,2018,2018/2019
FC Groningen,Ruben Jenssen,30,Central Midfield,1.FC K'lautern,"End of loanJun 30, 2018",in,Summer,0,Eredivisie,2018,2018/2019
FC Groningen,Juninho Bacuna,20,Central Midfield,Huddersfield,£2.25m,out,Summer,2.25,Eredivisie,2018,2018/2019
FC Groningen,Jesper Drost,25,Attacking Midfield,Heracles Almelo,free transfer,out,Summer,NA,Eredivisie,2018,2018/2019
FC Groningen,Tom van Weert,28,Centre-Forward,Aalborg BK,free transfer,out,Summer,NA,Eredivisie,2018,2018/2019
FC Groningen,Kasper Larsen,25,Centre-Back,Norrköping,free transfer,out,Summer,NA,Eredivisie,2018,2018/2019
FC Groningen,Yoëll van Nieff,25,Defensive Midfield,Heracles Almelo,free transfer,out,Summer,NA,Eredivisie,2018,2018/2019
FC Groningen,Ruben Jenssen,30,Central Midfield,Brann,free transfer,out,Summer,NA,Eredivisie,2018,2018/2019
FC Groningen,Lars Veldwijk,26,Centre-Forward,Sparta R.,free transfer,out,Summer,NA,Eredivisie,2018,2018/2019
FC Groningen,Ritsu Doan,20,Right Winger,Gamba Osaka,"End of loanJun 30, 2018",out,Summer,0,Eredivisie,2018,2018/2019
FC Groningen,Deyovaisio Zeefuik,20,Right-Back,Ajax,"End of loanJun 30, 2018",out,Summer,0,Eredivisie,2018,2018/2019
SC Heerenveen,Rodney Kongolo,20,Central Midfield,Man City U23,£756Th.,in,Summer,0.756,Eredivisie,2018,2018/2019
SC Heerenveen,Sherel Floranus,19,Right-Back,Sparta R.,£495Th.,in,Summer,0.495,Eredivisie,2018,2018/2019
SC Heerenveen,Mitchell van Bergen,19,Left Winger,Vitesse,£450Th.,in,Summer,0.45,Eredivisie,2018,2018/2019
SC Heerenveen,Filip Bednarek,25,Goalkeeper,De Graafschap,free transfer,in,Summer,NA,Eredivisie,2018,2018/2019
SC Heerenveen,Sam Lammers,21,Centre-Forward,PSV Eindhoven,loan transfer,in,Summer,NA,Eredivisie,2018,2018/2019
SC Heerenveen,Trevor Doornbusch,18,Goalkeeper,Heerenveen U19,-,in,Summer,0,Eredivisie,2018,2018/2019
SC Heerenveen,Jizz Hornkamp,20,Centre-Forward,Heerenveen U21,-,in,Summer,0,Eredivisie,2018,2018/2019
SC Heerenveen,Emil Frederiksen,17,Attacking Midfield,Heerenveen U19,-,in,Summer,0,Eredivisie,2018,2018/2019
SC Heerenveen,Robert van Koesveld,23,Centre-Back,Helmond Sport,"End of loanJun 30, 2018",in,Summer,0,Eredivisie,2018,2018/2019
SC Heerenveen,Caner Cavlan,26,Left-Back,Boluspor,"End of loanJun 30, 2018",in,Summer,0,Eredivisie,2018,2018/2019
SC Heerenveen,Maarten de Fockert,23,Goalkeeper,Go Ahead Eagles,"End of loanJun 30, 2018",in,Summer,0,Eredivisie,2018,2018/2019
SC Heerenveen,Denzel Dumfries,22,Right-Back,PSV Eindhoven,£4.95m,out,Summer,4.95,Eredivisie,2018,2018/2019
SC Heerenveen,Henk Veerman,27,Centre-Forward,FC St. Pauli,£450Th.,out,Summer,0.45,Eredivisie,2018,2018/2019
SC Heerenveen,Wouter van der Steen,28,Goalkeeper,FC Den Bosch,free transfer,out,Summer,NA,Eredivisie,2018,2018/2019
SC Heerenveen,Maarten de Fockert,23,Goalkeeper,Excelsior,free transfer,out,Summer,NA,Eredivisie,2018,2018/2019
SC Heerenveen,Caner Cavlan,26,Left-Back,FC Emmen,free transfer,out,Summer,NA,Eredivisie,2018,2018/2019
SC Heerenveen,Reza Ghoochannejhad,30,Centre-Forward,APOEL Nicosia,free transfer,out,Summer,NA,Eredivisie,2018,2018/2019
SC Heerenveen,Robert van Koesveld,23,Centre-Back,SC Cambuur,free transfer,out,Summer,NA,Eredivisie,2018,2018/2019
SC Heerenveen,Martin Hansen,28,Goalkeeper,FC Ingolstadt,"End of loanJun 30, 2018",out,Summer,0,Eredivisie,2018,2018/2019
SC Heerenveen,Martin Ødegaard,19,Attacking Midfield,Real Madrid,"End of loanJun 30, 2018",out,Summer,0,Eredivisie,2018,2018/2019
Heracles Almelo,Lennart Czyborra,19,Left-Back,Schalke 04 U19,£225Th.,in,Summer,0.225,Eredivisie,2018,2018/2019
Heracles Almelo,Janis Blaswich,27,Goalkeeper,Bor. M'gladbach,free transfer,in,Summer,NA,Eredivisie,2018,2018/2019
Heracles Almelo,Koen Bucker,22,Goalkeeper,AZ Alkmaar U21,free transfer,in,Summer,NA,Eredivisie,2018,2018/2019
Heracles Almelo,Alexander Merkel,26,Central Midfield,Admira Wacker,free transfer,in,Summer,NA,Eredivisie,2018,2018/2019
Heracles Almelo,Stephen Sama,25,Centre-Back,Greuther Fürth,free transfer,in,Summer,NA,Eredivisie,2018,2018/2019
Heracles Almelo,Jelle van Benthem,19,Centre-Back,FC Twente U19,free transfer,in,Summer,NA,Eredivisie,2018,2018/2019
Heracles Almelo,Adrián Dalmau,24,Centre-Forward,Villarreal CF B,free transfer,in,Summer,NA,Eredivisie,2018,2018/2019
Heracles Almelo,Maximilian Rossmann,23,Centre-Back,SF Lotte,free transfer,in,Summer,NA,Eredivisie,2018,2018/2019
Heracles Almelo,Joey Konings,20,Centre-Forward,PSV U21,free transfer,in,Summer,NA,Eredivisie,2018,2018/2019
Heracles Almelo,Dabney dos Santos,22,Left Winger,AZ Alkmaar,free transfer,in,Summer,NA,Eredivisie,2018,2018/2019
Heracles Almelo,Yoëll van Nieff,25,Defensive Midfield,FC Groningen,free transfer,in,Summer,NA,Eredivisie,2018,2018/2019
Heracles Almelo,Jesper Drost,25,Attacking Midfield,FC Groningen,free transfer,in,Summer,NA,Eredivisie,2018,2018/2019
Heracles Almelo,Silvester van der Water,21,Right Winger,Almere City,?,in,Summer,NA,Eredivisie,2018,2018/2019
Heracles Almelo,Zeki Erkilinc,20,Left Winger,FC Twente U21,-,in,Summer,0,Eredivisie,2018,2018/2019
Heracles Almelo,Tarik Kada,22,Right Winger,FC Eindhoven,"End of loanJun 30, 2018",in,Summer,0,Eredivisie,2018,2018/2019
Heracles Almelo,Daryl van Mieghem,28,Right Winger,De Graafschap,"End of loanJun 30, 2018",in,Summer,0,Eredivisie,2018,2018/2019
Heracles Almelo,Jamiro Monteiro,24,Central Midfield,FC Metz,£2.70m,out,Summer,2.7,Eredivisie,2018,2018/2019
Heracles Almelo,Peter van Ooijen,26,Left Winger,VVV-Venlo,free transfer,out,Summer,NA,Eredivisie,2018,2018/2019
Heracles Almelo,Daryl van Mieghem,28,Right Winger,De Graafschap,free transfer,out,Summer,NA,Eredivisie,2018,2018/2019
Heracles Almelo,Brahim Darri,23,Left Winger,NEC Nijmegen,free transfer,out,Summer,NA,Eredivisie,2018,2018/2019
Heracles Almelo,Renze Fij,25,Goalkeeper,Florö SK,free transfer,out,Summer,NA,Eredivisie,2018,2018/2019
Heracles Almelo,Roland Baas,22,Left-Back,Go Ahead Eagles,free transfer,out,Summer,NA,Eredivisie,2018,2018/2019
Heracles Almelo,Jaroslav Navratil,26,Right Winger,Go Ahead Eagles,free transfer,out,Summer,NA,Eredivisie,2018,2018/2019
Heracles Almelo,Bram Castro,35,Goalkeeper,KV Mechelen,free transfer,out,Summer,NA,Eredivisie,2018,2018/2019
Heracles Almelo,Gor Agbaljan,21,Central Midfield,Go Ahead Eagles,free transfer,out,Summer,NA,Eredivisie,2018,2018/2019
Heracles Almelo,Dries Wuytens,27,Centre-Back,Sparta R.,?,out,Summer,NA,Eredivisie,2018,2018/2019
Heracles Almelo,Reuven Niemeijer,23,Second Striker,FC Emmen,loan transfer,out,Summer,NA,Eredivisie,2018,2018/2019
Heracles Almelo,Tarik Kada,22,Right Winger,Without Club,-,out,Summer,0,Eredivisie,2018,2018/2019
Heracles Almelo,Kai Huisman,23,Centre-Forward,Without Club,-,out,Summer,0,Eredivisie,2018,2018/2019
Heracles Almelo,Zeki Erkilinc,20,Left Winger,FC Twente U21,"End of loanJun 30, 2018",out,Summer,0,Eredivisie,2018,2018/2019
Heracles Almelo,Paul Gladon,26,Centre-Forward,Wolves,"End of loanJun 30, 2018",out,Summer,0,Eredivisie,2018,2018/2019
NAC Breda,Gervane Kastaneer,22,Left Winger,1.FC K'lautern,free transfer,in,Summer,NA,Eredivisie,2018,2018/2019
NAC Breda,Greg Leigh,23,Left-Back,Bury,free transfer,in,Summer,NA,Eredivisie,2018,2018/2019
NAC Breda,Jurich Carolina,19,Left-Back,PSV U21,free transfer,in,Summer,NA,Eredivisie,2018,2018/2019
NAC Breda,Mikhail Rosheuvel,27,Right Winger,Roda JC,free transfer,in,Summer,NA,Eredivisie,2018,2018/2019
NAC Breda,Theo Zwarthoed,35,Goalkeeper,Excelsior,free transfer,in,Summer,NA,Eredivisie,2018,2018/2019
NAC Breda,Arijanet Muric,19,Goalkeeper,Man City,loan transfer,in,Summer,NA,Eredivisie,2018,2018/2019
NAC Breda,Anouar Kali,27,Defensive Midfield,FC Utrecht,?,in,Summer,NA,Eredivisie,2018,2018/2019
NAC Breda,Robert Mühren,29,Centre-Forward,Zulte Waregem,loan transfer,in,Summer,NA,Eredivisie,2018,2018/2019
NAC Breda,Erik Palmer-Brown,21,Centre-Back,Man City U23,loan transfer,in,Summer,NA,Eredivisie,2018,2018/2019
NAC Breda,Luka Ilic,19,Attacking Midfield,Man City,loan transfer,in,Summer,NA,Eredivisie,2018,2018/2019
NAC Breda,Benjamin van Leer,26,Goalkeeper,Ajax,loan transfer,in,Summer,NA,Eredivisie,2018,2018/2019
NAC Breda,Pele van Anholt,27,Defensive Midfield,Without Club,-,in,Summer,0,Eredivisie,2018,2018/2019
NAC Breda,Jordan van der Gaag,19,Attacking Midfield,NAC Breda U19,-,in,Summer,0,Eredivisie,2018,2018/2019
NAC Breda,Sydney van Hooijdonk,18,Centre-Forward,NAC Breda U19,-,in,Summer,0,Eredivisie,2018,2018/2019
NAC Breda,Marwin Reuvers,19,Central Midfield,NAC Breda U19,-,in,Summer,0,Eredivisie,2018,2018/2019
NAC Breda,Grad Damen,20,Defensive Midfield,Helmond Sport,"End of loanJun 30, 2018",in,Summer,0,Eredivisie,2018,2018/2019
NAC Breda,Fisayo Adarabioyo,23,Centre-Forward,TOP Oss,"End of loanJun 30, 2018",in,Summer,0,Eredivisie,2018,2018/2019
NAC Breda,Sven van der Maaten,23,Goalkeeper,Telstar,"End of loanJun 30, 2018",in,Summer,0,Eredivisie,2018,2018/2019
NAC Breda,Vinnie Vermeer,22,Central Midfield,TEC,"End of loanJun 30, 2018",in,Summer,0,Eredivisie,2018,2018/2019
NAC Breda,Rai Vloet,23,Attacking Midfield,FC Chiasso,£540Th.,out,Summer,0.54,Eredivisie,2018,2018/2019
NAC Breda,Mark Birighitti,27,Goalkeeper,Melbourne City,free transfer,out,Summer,NA,Eredivisie,2018,2018/2019
NAC Breda,James Horsfield,22,Defensive Midfield,Scunthorpe Utd.,free transfer,out,Summer,NA,Eredivisie,2018,2018/2019
NAC Breda,Feyo Glim,21,Defensive Midfield,Koninklijke HFC,free transfer,out,Summer,NA,Eredivisie,2018,2018/2019
NAC Breda,Chiró N'Toko,30,Centre-Back,FK Senica,free transfer,out,Summer,NA,Eredivisie,2018,2018/2019
NAC Breda,Sven van der Maaten,23,Goalkeeper,Telstar,free transfer,out,Summer,NA,Eredivisie,2018,2018/2019
NAC Breda,Nigel Bertrams,25,Goalkeeper,Nordsjaelland,?,out,Summer,NA,Eredivisie,2018,2018/2019
NAC Breda,Bart Meijers,21,Centre-Back,Helmond Sport,loan transfer,out,Summer,NA,Eredivisie,2018,2018/2019
NAC Breda,Richelor Sprangers,20,Centre-Forward,Helmond Sport,loan transfer,out,Summer,NA,Eredivisie,2018,2018/2019
NAC Breda,Diego Snepvangers,20,Left Winger,Helmond Sport,loan transfer,out,Summer,NA,Eredivisie,2018,2018/2019
NAC Breda,Bodi Brusselers,19,Attacking Midfield,Helmond Sport,loan transfer,out,Summer,NA,Eredivisie,2018,2018/2019
NAC Breda,Jordan van der Gaag,19,Attacking Midfield,Helmond Sport,loan transfer,out,Summer,NA,Eredivisie,2018,2018/2019
NAC Breda,Bradley Vliet,20,Left-Back,Without Club,-,out,Summer,0,Eredivisie,2018,2018/2019
NAC Breda,Fisayo Adarabioyo,23,Centre-Forward,Without Club,-,out,Summer,0,Eredivisie,2018,2018/2019
NAC Breda,Pablo Marí,24,Centre-Back,Man City,"End of loanJun 30, 2018",out,Summer,0,Eredivisie,2018,2018/2019
NAC Breda,Arijanet Muric,19,Goalkeeper,Man City,"End of loanAug 22, 2018",out,Summer,0,Eredivisie,2018,2018/2019
NAC Breda,Thierry Ambrose,21,Centre-Forward,Man City U23,"End of loanJun 30, 2018",out,Summer,0,Eredivisie,2018,2018/2019
NAC Breda,Angeliño,21,Left Midfield,Man City U23,"End of loanJun 29, 2018",out,Summer,0,Eredivisie,2018,2018/2019
NAC Breda,Thomas Agyepong,21,Left Winger,Man City U23,"End of loanJun 30, 2018",out,Summer,0,Eredivisie,2018,2018/2019
NAC Breda,Manu García,20,Attacking Midfield,Man City U23,"End of loanJun 30, 2018",out,Summer,0,Eredivisie,2018,2018/2019
NAC Breda,Umar Sadiq,21,Centre-Forward,AS Roma,"End of loanJun 30, 2018",out,Summer,0,Eredivisie,2018,2018/2019
PEC Zwolle,Mike van Duinen,26,Centre-Forward,Excelsior,£675Th.,in,Summer,0.675,Eredivisie,2018,2018/2019
PEC Zwolle,Vito van Crooij,22,Right Winger,VVV-Venlo,£585Th.,in,Summer,0.585,Eredivisie,2018,2018/2019
PEC Zwolle,Clint Leemans,22,Central Midfield,VVV-Venlo,£315Th.,in,Summer,0.315,Eredivisie,2018,2018/2019
PEC Zwolle,Gustavo Hamer,21,Defensive Midfield,Feyenoord,£270Th.,in,Summer,0.27,Eredivisie,2018,2018/2019
PEC Zwolle,Zian Flemming,19,Attacking Midfield,Ajax U21,£113Th.,in,Summer,0.113,Eredivisie,2018,2018/2019
PEC Zwolle,Darryl Lachman,28,Centre-Back,Willem II,free transfer,in,Summer,NA,Eredivisie,2018,2018/2019
PEC Zwolle,Stanley Elbers,26,Right Winger,Excelsior,free transfer,in,Summer,NA,Eredivisie,2018,2018/2019
PEC Zwolle,Thomas Lam,24,Centre-Back,Nottm Forest,free transfer,in,Summer,NA,Eredivisie,2018,2018/2019
PEC Zwolle,Kenneth Paal,21,Left-Back,PSV Eindhoven,loan transfer,in,Summer,NA,Eredivisie,2018,2018/2019
PEC Zwolle,Gianluca Scamacca,19,Centre-Forward,Sassuolo,loan transfer,in,Summer,NA,Eredivisie,2018,2018/2019
PEC Zwolle,Ouasim Bouy,25,Defensive Midfield,Leeds,loan transfer,in,Summer,NA,Eredivisie,2018,2018/2019
PEC Zwolle,Denis Genreau,19,Attacking Midfield,Melbourne City,loan transfer,in,Summer,NA,Eredivisie,2018,2018/2019
PEC Zwolle,Alessandro Tripaldelli,19,Left-Back,Sassuolo,loan transfer,in,Summer,NA,Eredivisie,2018,2018/2019
PEC Zwolle,Dean Bouzanis,27,Goalkeeper,Melbourne City,loan transfer,in,Summer,NA,Eredivisie,2018,2018/2019
PEC Zwolle,Sepp van den Berg,16,Centre-Back,PEC Zwolle U19,-,in,Summer,0,Eredivisie,2018,2018/2019
PEC Zwolle,Josef Kvida,21,Centre-Back,Almere City,"End of loanJun 30, 2018",in,Summer,0,Eredivisie,2018,2018/2019
PEC Zwolle,Ted van de Pavert,26,Centre-Back,NEC Nijmegen,"End of loanJun 30, 2018",in,Summer,0,Eredivisie,2018,2018/2019
PEC Zwolle,Ryan Thomas,23,Central Midfield,PSV Eindhoven,£2.48m,out,Summer,2.48,Eredivisie,2018,2018/2019
PEC Zwolle,Philippe Sandler,21,Centre-Back,Man City,£2.25m,out,Summer,2.25,Eredivisie,2018,2018/2019
PEC Zwolle,Youness Mokhtar,26,Left Winger,Ankaragücü,free transfer,out,Summer,NA,Eredivisie,2018,2018/2019
PEC Zwolle,Mustafa Saymak,25,Central Midfield,C. Rizespor,free transfer,out,Summer,NA,Eredivisie,2018,2018/2019
PEC Zwolle,Athanasios Karagounis,26,Right Winger,PAS Lamia,free transfer,out,Summer,NA,Eredivisie,2018,2018/2019
PEC Zwolle,Erik Bakker,28,Central Midfield,De Graafschap,free transfer,out,Summer,NA,Eredivisie,2018,2018/2019
PEC Zwolle,Wouter Marinus,23,Attacking Midfield,FC Emmen,free transfer,out,Summer,NA,Eredivisie,2018,2018/2019
PEC Zwolle,Stef Nijland,29,Attacking Midfield,De Graafschap,free transfer,out,Summer,NA,Eredivisie,2018,2018/2019
PEC Zwolle,Ted van de Pavert,26,Centre-Back,De Graafschap,free transfer,out,Summer,NA,Eredivisie,2018,2018/2019
PEC Zwolle,Josef Kvida,21,Centre-Back,NEC Nijmegen,free transfer,out,Summer,NA,Eredivisie,2018,2018/2019
PEC Zwolle,Piotr Parzyszek,24,Centre-Forward,Piast Gliwice,free transfer,out,Summer,NA,Eredivisie,2018,2018/2019
PEC Zwolle,Erik Israelsson,29,Central Midfield,Vålerenga,loan transfer,out,Summer,NA,Eredivisie,2018,2018/2019
PEC Zwolle,Shaquile Woudstra,21,Right-Back,PEC Zwolle U21,-,out,Summer,0,Eredivisie,2018,2018/2019
PEC Zwolle,Terell Ondaan,24,Right Winger,Without Club,-,out,Summer,0,Eredivisie,2018,2018/2019
PEC Zwolle,Dirk Marcellis,30,Centre-Back,Retired,-,out,Summer,0,Eredivisie,2018,2018/2019
PEC Zwolle,Bas van Wijnen,20,Central Midfield,PEC Zwolle U21,-,out,Summer,0,Eredivisie,2018,2018/2019
PEC Zwolle,Queensy Menig,22,Left Winger,FC Nantes B,"End of loanJun 30, 2018",out,Summer,0,Eredivisie,2018,2018/2019
PEC Zwolle,Nicolás Freire,24,Centre-Back,CA Torque,"End of loanJun 30, 2018",out,Summer,0,Eredivisie,2018,2018/2019
PSV Eindhoven,Érick Gutiérrez,23,Central Midfield,CF Pachuca,£5.40m,in,Summer,5.4,Eredivisie,2018,2018/2019
PSV Eindhoven,Denzel Dumfries,22,Right-Back,Heerenveen,£4.95m,in,Summer,4.95,Eredivisie,2018,2018/2019
PSV Eindhoven,Angeliño,21,Left Midfield,Man City U23,£4.95m,in,Summer,4.95,Eredivisie,2018,2018/2019
PSV Eindhoven,Ryan Thomas,23,Central Midfield,PEC Zwolle,£2.48m,in,Summer,2.48,Eredivisie,2018,2018/2019
PSV Eindhoven,Aziz Behich,27,Left-Back,Bursaspor,£1.35m,in,Summer,1.35,Eredivisie,2018,2018/2019
PSV Eindhoven,Lars Unnerstall,27,Goalkeeper,VVV-Venlo,free transfer,in,Summer,NA,Eredivisie,2018,2018/2019
PSV Eindhoven,Nick Viergever,28,Centre-Back,Ajax,free transfer,in,Summer,NA,Eredivisie,2018,2018/2019
PSV Eindhoven,Trent Sainsbury,26,Centre-Back,JS Suning,free transfer,in,Summer,NA,Eredivisie,2018,2018/2019
PSV Eindhoven,Donyell Malen,19,Centre-Forward,PSV U21,-,in,Summer,0,Eredivisie,2018,2018/2019
PSV Eindhoven,Cody Gakpo,19,Left Winger,PSV U19,-,in,Summer,0,Eredivisie,2018,2018/2019
PSV Eindhoven,Jordy de Wijs,23,Centre-Back,Excelsior,"End of loanJun 30, 2018",in,Summer,0,Eredivisie,2018,2018/2019
PSV Eindhoven,Hidde Jurjus,24,Goalkeeper,Roda JC,"End of loanJun 30, 2018",in,Summer,0,Eredivisie,2018,2018/2019
PSV Eindhoven,Santiago Arias,26,Right-Back,Atlético Madrid,£9.90m,out,Summer,9.9,Eredivisie,2018,2018/2019
PSV Eindhoven,Joshua Brenet,24,Right-Back,TSG Hoffenheim,£3.15m,out,Summer,3.15,Eredivisie,2018,2018/2019
PSV Eindhoven,Albert Gudmundsson,21,Right Winger,AZ Alkmaar,£1.62m,out,Summer,1.62,Eredivisie,2018,2018/2019
PSV Eindhoven,Derrick Luckassen,23,Centre-Back,Hertha BSC,Loan fee:£450Th.,out,Summer,0.45,Eredivisie,2018,2018/2019
PSV Eindhoven,Jordy de Wijs,23,Centre-Back,Hull City,£360Th.,out,Summer,0.36,Eredivisie,2018,2018/2019
PSV Eindhoven,Marcel Ritzmaier,25,Central Midfield,Wolfsberger AC,free transfer,out,Summer,NA,Eredivisie,2018,2018/2019
PSV Eindhoven,Lars Unnerstall,27,Goalkeeper,VVV-Venlo,loan transfer,out,Summer,NA,Eredivisie,2018,2018/2019
PSV Eindhoven,Kenneth Paal,21,Left-Back,PEC Zwolle,loan transfer,out,Summer,NA,Eredivisie,2018,2018/2019
PSV Eindhoven,Sam Lammers,21,Centre-Forward,Heerenveen,loan transfer,out,Summer,NA,Eredivisie,2018,2018/2019
PSV Eindhoven,Hidde Jurjus,24,Goalkeeper,De Graafschap,loan transfer,out,Summer,NA,Eredivisie,2018,2018/2019
PSV Eindhoven,Luuk Koopmans,24,Goalkeeper,MVV Maastricht,loan transfer,out,Summer,NA,Eredivisie,2018,2018/2019
PSV Eindhoven,Marco van Ginkel,25,Central Midfield,Chelsea,"End of loanJun 30, 2018",out,Summer,0,Eredivisie,2018,2018/2019
FC Utrecht,Simon Gustafson,23,Attacking Midfield,Feyenoord,£900Th.,in,Summer,0.9,Eredivisie,2018,2018/2019
FC Utrecht,Joris van Overeem,24,Central Midfield,AZ Alkmaar,£630Th.,in,Summer,0.63,Eredivisie,2018,2018/2019
FC Utrecht,Leon Guwara,22,Left-Back,Werder Bremen,£540Th.,in,Summer,0.54,Eredivisie,2018,2018/2019
FC Utrecht,Nicolas Gavory,23,Left-Back,Clermont Foot,£225Th.,in,Summer,0.225,Eredivisie,2018,2018/2019
FC Utrecht,Jean-Christophe Bahebeck,25,Centre-Forward,Paris SG,free transfer,in,Summer,NA,Eredivisie,2018,2018/2019
FC Utrecht,Emil Bergström,25,Centre-Back,Rubin Kazan,free transfer,in,Summer,NA,Eredivisie,2018,2018/2019
FC Utrecht,Othmane Boussaid,18,Left Winger,Lierse SK,free transfer,in,Summer,NA,Eredivisie,2018,2018/2019
FC Utrecht,Oussama Tannane,24,Attacking Midfield,Saint-Étienne,loan transfer,in,Summer,NA,Eredivisie,2018,2018/2019
FC Utrecht,Timo Letschert,25,Centre-Back,Sassuolo,loan transfer,in,Summer,NA,Eredivisie,2018,2018/2019
FC Utrecht,Zakaria Labyad,25,Attacking Midfield,Ajax,£5.40m,out,Summer,5.4,Eredivisie,2018,2018/2019
FC Utrecht,Ramon Leeuwin,30,Centre-Back,Odense BK,£225Th.,out,Summer,0.225,Eredivisie,2018,2018/2019
FC Utrecht,Dario Dumic,26,Centre-Back,Dynamo Dresden,Loan fee:£135Th.,out,Summer,0.135,Eredivisie,2018,2018/2019
FC Utrecht,Robin van der Meer,23,Centre-Back,Excelsior,free transfer,out,Summer,NA,Eredivisie,2018,2018/2019
FC Utrecht,Yassin Ayoub,24,Central Midfield,Feyenoord,free transfer,out,Summer,NA,Eredivisie,2018,2018/2019
FC Utrecht,Anouar Kali,27,Defensive Midfield,NAC Breda,?,out,Summer,NA,Eredivisie,2018,2018/2019
FC Utrecht,Giovanni Troupée,20,Right-Back,ADO Den Haag,loan transfer,out,Summer,NA,Eredivisie,2018,2018/2019
FC Utrecht,Patrick Joosten,22,Left Winger,VVV-Venlo,loan transfer,out,Summer,NA,Eredivisie,2018,2018/2019
FC Utrecht,Bilal Ould-Chikh,21,Right Winger,Without Club,-,out,Summer,0,Eredivisie,2018,2018/2019
FC Utrecht,Chris David,25,Attacking Midfield,Without Club,-,out,Summer,0,Eredivisie,2018,2018/2019
FC Utrecht,Jean-Christophe Bahebeck,25,Centre-Forward,Paris SG,"End of loanJun 30, 2018",out,Summer,0,Eredivisie,2018,2018/2019
FC Utrecht,Mateusz Klich,28,Central Midfield,Leeds,"End of loanJun 30, 2018",out,Summer,0,Eredivisie,2018,2018/2019
VVV-Venlo,Tino-Sven Susic,26,Central Midfield,Royal Antwerp,free transfer,in,Summer,NA,Eredivisie,2018,2018/2019
VVV-Venlo,Peter van Ooijen,26,Left Winger,Heracles Almelo,free transfer,in,Summer,NA,Eredivisie,2018,2018/2019
VVV-Venlo,Christian Kum,32,Centre-Back,Roda JC,free transfer,in,Summer,NA,Eredivisie,2018,2018/2019
VVV-Venlo,Axel Borgmann,24,Left-Back,FC Vaduz,free transfer,in,Summer,NA,Eredivisie,2018,2018/2019
VVV-Venlo,Damian van Bruggen,22,Centre-Back,PSV U21,free transfer,in,Summer,NA,Eredivisie,2018,2018/2019
VVV-Venlo,Martin Samuelsen,21,Left Winger,West Ham U23,loan transfer,in,Summer,NA,Eredivisie,2018,2018/2019
VVV-Venlo,Patrick Joosten,22,Left Winger,FC Utrecht,loan transfer,in,Summer,NA,Eredivisie,2018,2018/2019
VVV-Venlo,Lars Unnerstall,27,Goalkeeper,PSV Eindhoven,loan transfer,in,Summer,NA,Eredivisie,2018,2018/2019
VVV-Venlo,Peniel Mlapa,27,Centre-Forward,Dynamo Dresden,loan transfer,in,Summer,NA,Eredivisie,2018,2018/2019
VVV-Venlo,Sem Steijn,16,Central Midfield,ADO U19,loan transfer,in,Summer,NA,Eredivisie,2018,2018/2019
VVV-Venlo,Jay-Roy Grot,20,Centre-Forward,Leeds,loan transfer,in,Summer,NA,Eredivisie,2018,2018/2019
VVV-Venlo,Stan van Dijck,17,Centre-Back,VVV U19,-,in,Summer,0,Eredivisie,2018,2018/2019
VVV-Venlo,Simon Janssen,17,Left-Back,VVV U19,-,in,Summer,0,Eredivisie,2018,2018/2019
VVV-Venlo,Evert Linthorst,18,Central Midfield,VVV U19,-,in,Summer,0,Eredivisie,2018,2018/2019
VVV-Venlo,Yahcuroo Roemer,16,Right Winger,VVV-Venlo U17,-,in,Summer,0,Eredivisie,2018,2018/2019
VVV-Venlo,Bram Verbong,18,Goalkeeper,VVV U19,-,in,Summer,0,Eredivisie,2018,2018/2019
VVV-Venlo,Vito van Crooij,22,Right Winger,PEC Zwolle,£585Th.,out,Summer,0.585,Eredivisie,2018,2018/2019
VVV-Venlo,Clint Leemans,22,Central Midfield,PEC Zwolle,£315Th.,out,Summer,0.315,Eredivisie,2018,2018/2019
VVV-Venlo,Jeffrey Rijkers,19,Left-Back,EVV Echt,free transfer,out,Summer,NA,Eredivisie,2018,2018/2019
VVV-Venlo,Lugman Bezzat,21,Left Winger,Sport. Hasselt,free transfer,out,Summer,NA,Eredivisie,2018,2018/2019
VVV-Venlo,Jens Janse,32,Right Midfield,Ellera,free transfer,out,Summer,NA,Eredivisie,2018,2018/2019
VVV-Venlo,Romeo Castelen,35,Right Winger,Retired,free transfer,out,Summer,NA,Eredivisie,2018,2018/2019
VVV-Venlo,Roy Gielen,20,Central Midfield,EVV Echt,free transfer,out,Summer,NA,Eredivisie,2018,2018/2019
VVV-Venlo,Sem Custers,18,Goalkeeper,NAC Breda U19,free transfer,out,Summer,NA,Eredivisie,2018,2018/2019
VVV-Venlo,Lars Unnerstall,27,Goalkeeper,PSV Eindhoven,free transfer,out,Summer,NA,Eredivisie,2018,2018/2019
VVV-Venlo,Leroy Labylle,27,Left-Back,NEC Nijmegen,?,out,Summer,NA,Eredivisie,2018,2018/2019
VVV-Venlo,Ralf Seuntjens,30,Centre-Forward,Without Club,-,out,Summer,0,Eredivisie,2018,2018/2019
VVV-Venlo,Torino Hunte,27,Left Winger,Without Club,-,out,Summer,0,Eredivisie,2018,2018/2019
VVV-Venlo,Emil Riis,20,Centre-Forward,Derby U23,"End of loanJun 30, 2018",out,Summer,0,Eredivisie,2018,2018/2019
VVV-Venlo,Damian van Bruggen,22,Centre-Back,PSV U21,"End of loanJun 30, 2018",out,Summer,0,Eredivisie,2018,2018/2019
VVV-Venlo,Lennart Thy,26,Centre-Forward,Werder Bremen,"End of loanJun 30, 2018",out,Summer,0,Eredivisie,2018,2018/2019
Vitesse Arnhem,Hilary Gong,19,Right Winger,AS Trencin,£1.80m,in,Summer,1.8,Eredivisie,2018,2018/2019
Vitesse Arnhem,Matus Bero,22,Central Midfield,Trabzonspor,£1.48m,in,Summer,1.48,Eredivisie,2018,2018/2019
Vitesse Arnhem,Rasmus Thelander,26,Centre-Back,FC Zürich,£225Th.,in,Summer,0.225,Eredivisie,2018,2018/2019
Vitesse Arnhem,Danilho Doekhi,20,Centre-Back,Ajax U21,£225Th.,in,Summer,0.225,Eredivisie,2018,2018/2019
Vitesse Arnhem,Khalid Karami,28,Right-Back,Excelsior,free transfer,in,Summer,NA,Eredivisie,2018,2018/2019
Vitesse Arnhem,Oussama Darfalou,24,Centre-Forward,USM Alger,free transfer,in,Summer,NA,Eredivisie,2018,2018/2019
Vitesse Arnhem,Max Clark,22,Left-Back,Hull City,free transfer,in,Summer,NA,Eredivisie,2018,2018/2019
Vitesse Arnhem,Eduardo,35,Goalkeeper,Chelsea,loan transfer,in,Summer,NA,Eredivisie,2018,2018/2019
Vitesse Arnhem,Charly Musonda Jr.,21,Attacking Midfield,Chelsea,loan transfer,in,Summer,NA,Eredivisie,2018,2018/2019
Vitesse Arnhem,Martin Ødegaard,19,Attacking Midfield,Real Madrid,loan transfer,in,Summer,NA,Eredivisie,2018,2018/2019
Vitesse Arnhem,Jake Clarke-Salter,20,Centre-Back,Chelsea,loan transfer,in,Summer,NA,Eredivisie,2018,2018/2019
Vitesse Arnhem,Thomas Buitink,18,Centre-Forward,Vitesse U19,-,in,Summer,0,Eredivisie,2018,2018/2019
Vitesse Arnhem,Mitchell van Bergen,19,Left Winger,Heerenveen,£450Th.,out,Summer,0.45,Eredivisie,2018,2018/2019
Vitesse Arnhem,Michael Törnes,32,Goalkeeper,Vendsyssel FF,free transfer,out,Summer,NA,Eredivisie,2018,2018/2019
Vitesse Arnhem,Julian Calor,21,Central Midfield,SC Cambuur,free transfer,out,Summer,NA,Eredivisie,2018,2018/2019
Vitesse Arnhem,Guram Kashia,31,Centre-Back,San Jose,?,out,Summer,NA,Eredivisie,2018,2018/2019
Vitesse Arnhem,Jeroen Houwen,22,Goalkeeper,Telstar,loan transfer,out,Summer,NA,Eredivisie,2018,2018/2019
Vitesse Arnhem,Julian Lelieveld,20,Right-Back,Go Ahead Eagles,loan transfer,out,Summer,NA,Eredivisie,2018,2018/2019
Vitesse Arnhem,Luc Castaignos,25,Centre-Forward,Sporting CP,"End of loanJun 30, 2018",out,Summer,0,Eredivisie,2018,2018/2019
Vitesse Arnhem,Matt Miazga,22,Centre-Back,Chelsea,"End of loanJun 30, 2018",out,Summer,0,Eredivisie,2018,2018/2019
Vitesse Arnhem,Mason Mount,19,Attacking Midfield,Chelsea U23,"End of loanJun 30, 2018",out,Summer,0,Eredivisie,2018,2018/2019
Vitesse Arnhem,Fankaty Dabo,22,Right-Back,Chelsea U23,"End of loanJun 30, 2018",out,Summer,0,Eredivisie,2018,2018/2019
Willem II Tilburg,Atakan Akkaynak,19,Central Midfield,Leverkusen U19,£90Th.,in,Summer,0.09,Eredivisie,2018,2018/2019
Willem II Tilburg,Pol Llonch,25,Central Midfield,Wisla Kraków,free transfer,in,Summer,NA,Eredivisie,2018,2018/2019
Willem II Tilburg,Driess Saddiki,21,Defensive Midfield,Fortuna Sittard,free transfer,in,Summer,NA,Eredivisie,2018,2018/2019
Willem II Tilburg,James McGarry,20,Left-Back,Wellington P.,free transfer,in,Summer,NA,Eredivisie,2018,2018/2019
Willem II Tilburg,Donis Avdijaj,21,Attacking Midfield,FC Schalke 04,free transfer,in,Summer,NA,Eredivisie,2018,2018/2019
Willem II Tilburg,Thomas Meißner,27,Centre-Back,ADO Den Haag,?,in,Summer,NA,Eredivisie,2018,2018/2019
Willem II Tilburg,Michael Woud,19,Goalkeeper,Sunderland U23,?,in,Summer,NA,Eredivisie,2018,2018/2019
Willem II Tilburg,Vurnon Anita,29,Defensive Midfield,Leeds,loan transfer,in,Summer,NA,Eredivisie,2018,2018/2019
Willem II Tilburg,Dimitrios Kolovos,25,Attacking Midfield,KV Mechelen,loan transfer,in,Summer,NA,Eredivisie,2018,2018/2019
Willem II Tilburg,Diego Palacios,19,Left-Back,SD Aucas,loan transfer,in,Summer,NA,Eredivisie,2018,2018/2019
Willem II Tilburg,Aras Özbiliz,28,Right Winger,Besiktas,loan transfer,in,Summer,NA,Eredivisie,2018,2018/2019
Willem II Tilburg,Kristófer Kristinsson,19,Centre-Forward,Willem II U21,-,in,Summer,0,Eredivisie,2018,2018/2019
Willem II Tilburg,Dan Crowley,20,Attacking Midfield,SC Cambuur,"End of loanJun 30, 2018",in,Summer,0,Eredivisie,2018,2018/2019
Willem II Tilburg,Thomas Kok,20,Defensive Midfield,FC Dordrecht,"End of loanJun 30, 2018",in,Summer,0,Eredivisie,2018,2018/2019
Willem II Tilburg,Andreias Calcan,24,Left Winger,FC Dordrecht,"End of loanJun 30, 2018",in,Summer,0,Eredivisie,2018,2018/2019
Willem II Tilburg,Eyong Enoh,32,Defensive Midfield,EN Paralimniou,free transfer,out,Summer,NA,Eredivisie,2018,2018/2019
Willem II Tilburg,Thom Haye,23,Defensive Midfield,Lecce,free transfer,out,Summer,NA,Eredivisie,2018,2018/2019
Willem II Tilburg,Giliano Wijnaldum,25,Left-Back,Sparta R.,free transfer,out,Summer,NA,Eredivisie,2018,2018/2019
Willem II Tilburg,Stefan van der Lei,25,Goalkeeper,Dalkurd,free transfer,out,Summer,NA,Eredivisie,2018,2018/2019
Willem II Tilburg,Bartholomew Ogbeche,33,Centre-Forward,NorthEast Utd.,free transfer,out,Summer,NA,Eredivisie,2018,2018/2019
Willem II Tilburg,Darryl Lachman,28,Centre-Back,PEC Zwolle,free transfer,out,Summer,NA,Eredivisie,2018,2018/2019
Willem II Tilburg,Andreias Calcan,24,Left Winger,Almere City,free transfer,out,Summer,NA,Eredivisie,2018,2018/2019
Willem II Tilburg,Dani Koks,20,Central Midfield,KVV Vosselaar,free transfer,out,Summer,NA,Eredivisie,2018,2018/2019
Willem II Tilburg,Asumah Abubakar,21,Centre-Forward,MVV Maastricht,free transfer,out,Summer,NA,Eredivisie,2018,2018/2019
Willem II Tilburg,Thomas Kok,20,Defensive Midfield,FC Dordrecht,free transfer,out,Summer,NA,Eredivisie,2018,2018/2019
Willem II Tilburg,Etien Velikonja,29,Centre-Forward,Without Club,-,out,Summer,0,Eredivisie,2018,2018/2019
Willem II Tilburg,Thomas Meißner,27,Centre-Back,ADO Den Haag,"End of loanJun 30, 2018",out,Summer,0,Eredivisie,2018,2018/2019
Willem II Tilburg,Jop van der Linden,27,Centre-Back,AZ Alkmaar,"End of loanJun 30, 2018",out,Summer,0,Eredivisie,2018,2018/2019
Willem II Tilburg,Mo El Hankouri,20,Left Winger,Feyenoord,"End of loanJun 30, 2018",out,Summer,0,Eredivisie,2018,2018/2019
Willem II Tilburg,Ben Rienstra,28,Central Midfield,AZ Alkmaar,"End of loanJun 30, 2018",out,Summer,0,Eredivisie,2018,2018/2019
Willem II Tilburg,Ismail Azzaoui,20,Right Winger,VfL Wolfsburg,"End of loanJun 30, 2018",out,Summer,0,Eredivisie,2018,2018/2019
Willem II Tilburg,Pedro Chirivella,21,Defensive Midfield,Liverpool U23,"End of loanJun 30, 2018",out,Summer,0,Eredivisie,2018,2018/2019
Willem II Tilburg,Konstantinos Tsimikas,22,Left-Back,Olympiacos,"End of loanJun 30, 2018",out,Summer,0,Eredivisie,2018,2018/2019
ADO Den Haag,Bas Kuipers,24,Left-Back,FC Viitorul,free transfer,out,Winter,NA,Eredivisie,2018,2018/2019
ADO Den Haag,Nick Kuipers,26,Centre-Back,FC Emmen,loan transfer,out,Winter,NA,Eredivisie,2018,2018/2019
ADO Den Haag,Yuning Zhang,22,Centre-Forward,West Brom,"End of loanFeb 22, 2019",out,Winter,0,Eredivisie,2018,2018/2019
AZ Alkmaar,Marko Vejinović,29,Central Midfield,Arka Gdynia,Loan fee:£23Th.,out,Winter,0.023,Eredivisie,2018,2018/2019
AZ Alkmaar,Iliass Bel Hassani,26,Attacking Midfield,FC Groningen,loan transfer,out,Winter,NA,Eredivisie,2018,2018/2019
AZ Alkmaar,Fred Friday,23,Centre-Forward,Twente FC,loan transfer,out,Winter,NA,Eredivisie,2018,2018/2019
AZ Alkmaar,Dorin Rotariu,23,Right Winger,Club Brugge,"End of loanFeb 15, 2019",out,Winter,0,Eredivisie,2018,2018/2019
Ajax Amsterdam,Lisandro Magallán,25,Centre-Back,Boca Juniors,£8.10m,in,Winter,8.1,Eredivisie,2018,2018/2019
Ajax Amsterdam,Dani de Wit,20,Attacking Midfield,Ajax U21,-,in,Winter,0,Eredivisie,2018,2018/2019
Ajax Amsterdam,Bruno Varela,24,Goalkeeper,Benfica,loan transfer,in,Winter,NA,Eredivisie,2018,2018/2019
Ajax Amsterdam,Mateo Cassierra,21,Centre-Forward,FC Groningen,"End of loanDec 31, 2018",in,Winter,0,Eredivisie,2018,2018/2019
Ajax Amsterdam,Maximilian Wöber,20,Centre-Back,Sevilla FC,loan transfer,out,Winter,NA,Eredivisie,2018,2018/2019
Ajax Amsterdam,Mateo Cassierra,21,Centre-Forward,Racing Club,loan transfer,out,Winter,NA,Eredivisie,2018,2018/2019
Ajax Amsterdam,Luis Orejuela,23,Right-Back,Cruzeiro,loan transfer,out,Winter,NA,Eredivisie,2018,2018/2019
De Graafschap Doetinchem,Nabil Bahoui,28,Centre-Forward,Grasshoppers,free transfer,in,Winter,NA,Eredivisie,2018,2018/2019
De Graafschap Doetinchem,Charlison Benschop,29,Centre-Forward,FC Ingolstadt,loan transfer,in,Winter,NA,Eredivisie,2018,2018/2019
De Graafschap Doetinchem,Nigel Bertrams,26,Goalkeeper,Nordsjaelland,loan transfer,in,Winter,NA,Eredivisie,2018,2018/2019
De Graafschap Doetinchem,Azor Matusiwa,20,Defensive Midfield,Ajax U21,loan transfer,in,Winter,NA,Eredivisie,2018,2018/2019
De Graafschap Doetinchem,Ruben Ligeon,26,Right-Back,PEC Zwolle,loan transfer,in,Winter,NA,Eredivisie,2018,2018/2019
De Graafschap Doetinchem,Kyvon Leidsman,20,Centre-Forward,Almere City U21,free transfer,out,Winter,NA,Eredivisie,2018,2018/2019
De Graafschap Doetinchem,Agil Etemadi,31,Goalkeeper,Almere City,?,out,Winter,NA,Eredivisie,2018,2018/2019
De Graafschap Doetinchem,Myenty Abena,24,Centre-Back,Spartak Trnava,?,out,Winter,NA,Eredivisie,2018,2018/2019
De Graafschap Doetinchem,Mohamed Hamdaoui,25,Left Winger,Twente FC,loan transfer,out,Winter,NA,Eredivisie,2018,2018/2019
De Graafschap Doetinchem,Jordy Thomassen,25,Centre-Forward,Adelaide United,loan transfer,out,Winter,NA,Eredivisie,2018,2018/2019
FC Emmen,Michael de Leeuw,32,Centre-Forward,Chicago,free transfer,in,Winter,NA,Eredivisie,2018,2018/2019
FC Emmen,Nico Neidhart,24,Right-Back,SF Lotte,free transfer,in,Winter,NA,Eredivisie,2018,2018/2019
FC Emmen,Sven Braken,25,Centre-Forward,NEC Nijmegen,loan transfer,in,Winter,NA,Eredivisie,2018,2018/2019
FC Emmen,Andrej Lukic,24,Centre-Back,SC Braga,loan transfer,in,Winter,NA,Eredivisie,2018,2018/2019
FC Emmen,Nick Kuipers,26,Centre-Back,ADO Den Haag,loan transfer,in,Winter,NA,Eredivisie,2018,2018/2019
FC Emmen,Zakaria El Azzouzi,22,Centre-Forward,Without Club,-,in,Winter,0,Eredivisie,2018,2018/2019
FC Emmen,Kjelt Engbers,19,Centre-Back,VV Hoogeveen,free transfer,out,Winter,NA,Eredivisie,2018,2018/2019
FC Emmen,Easah Suliman,20,Centre-Back,Aston Villa U23,"End of loanJan 1, 2019",out,Winter,0,Eredivisie,2018,2018/2019
Excelsior Rotterdam,Dennis Eckert Ayensa,22,Centre-Forward,Celta de Vigo,loan transfer,in,Winter,NA,Eredivisie,2018,2018/2019
Feyenoord Rotterdam,Cuco Martina,29,Right-Back,Everton,loan transfer,in,Winter,NA,Eredivisie,2018,2018/2019
Feyenoord Rotterdam,Renato Tapia,23,Defensive Midfield,Willem II,loan transfer,out,Winter,NA,Eredivisie,2018,2018/2019
Feyenoord Rotterdam,Mo El Hankouri,21,Left Winger,FC Groningen,loan transfer,out,Winter,NA,Eredivisie,2018,2018/2019
Fortuna Sittard,Anthony Syhre,23,Defensive Midfield,Würzb. Kickers,free transfer,in,Winter,NA,Eredivisie,2018,2018/2019
Fortuna Sittard,Agim Zeka,20,Right Winger,LOSC Lille B,loan transfer,in,Winter,NA,Eredivisie,2018,2018/2019
Fortuna Sittard,Mahamadou Dembélé,19,Centre-Back,RB Salzburg,loan transfer,in,Winter,NA,Eredivisie,2018,2018/2019
Fortuna Sittard,Andrija Balic,21,Central Midfield,Udinese Calcio,loan transfer,in,Winter,NA,Eredivisie,2018,2018/2019
Fortuna Sittard,Azbe Jug,26,Goalkeeper,Without Club,-,in,Winter,0,Eredivisie,2018,2018/2019
Fortuna Sittard,Calvin Mac-Intosch,29,Centre-Back,Without Club,-,in,Winter,0,Eredivisie,2018,2018/2019
Fortuna Sittard,Lazar Kojic,19,Central Midfield,Backa,"End of loanFeb 7, 2019",in,Winter,0,Eredivisie,2018,2018/2019
Fortuna Sittard,Christopher Braun,27,Right-Back,OFI Crete FC,free transfer,out,Winter,NA,Eredivisie,2018,2018/2019
Fortuna Sittard,Lazar Kojic,19,Central Midfield,Radnik,loan transfer,out,Winter,NA,Eredivisie,2018,2018/2019
Fortuna Sittard,Bo Breukers,19,Central Midfield,FC Dordrecht,loan transfer,out,Winter,NA,Eredivisie,2018,2018/2019
Fortuna Sittard,André Vidigal,20,Left Winger,APOEL Nicosia,loan transfer,out,Winter,NA,Eredivisie,2018,2018/2019
Fortuna Sittard,Vítor Saba,28,Attacking Midfield,Retired,-,out,Winter,0,Eredivisie,2018,2018/2019
Fortuna Sittard,Mahamadou Dembélé,19,Centre-Back,RB Salzburg,"End of loanApr 3, 2019",out,Winter,0,Eredivisie,2018,2018/2019
FC Groningen,Paul Gladon,26,Centre-Forward,Wolves,free transfer,in,Winter,NA,Eredivisie,2018,2018/2019
FC Groningen,Ko Itakura,21,Centre-Back,Man City,loan transfer,in,Winter,NA,Eredivisie,2018,2018/2019
FC Groningen,Kaj Sierhuis,20,Centre-Forward,Ajax U21,loan transfer,in,Winter,NA,Eredivisie,2018,2018/2019
FC Groningen,Thomas Bruns,26,Central Midfield,Vitesse,loan transfer,in,Winter,NA,Eredivisie,2018,2018/2019
FC Groningen,Iliass Bel Hassani,26,Attacking Midfield,AZ Alkmaar,loan transfer,in,Winter,NA,Eredivisie,2018,2018/2019
FC Groningen,Mo El Hankouri,21,Left Winger,Feyenoord,loan transfer,in,Winter,NA,Eredivisie,2018,2018/2019
FC Groningen,Ahmad Mendes Moreira,23,Left Winger,Telstar,loan transfer,out,Winter,NA,Eredivisie,2018,2018/2019
FC Groningen,Uriel Antuna,21,Right Winger,Man City U23,"End of loanDec 31, 2018",out,Winter,0,Eredivisie,2018,2018/2019
FC Groningen,Mateo Cassierra,21,Centre-Forward,Ajax,"End of loanDec 31, 2018",out,Winter,0,Eredivisie,2018,2018/2019
SC Heerenveen,Andreas Skovgaard,21,Centre-Back,Nordsjaelland,free transfer,in,Winter,NA,Eredivisie,2018,2018/2019
SC Heerenveen,Ibrahim Dresevic,22,Centre-Back,Elfsborg,?,in,Winter,NA,Eredivisie,2018,2018/2019
SC Heerenveen,Dennis Johnsen,20,Left Winger,Ajax U21,loan transfer,in,Winter,NA,Eredivisie,2018,2018/2019
SC Heerenveen,Arbër Zeneli,23,Left Winger,Stade Reims,£3.60m,out,Winter,3.6,Eredivisie,2018,2018/2019
SC Heerenveen,Dave Bulthuis,28,Centre-Back,Ulsan Hyundai,£270Th.,out,Winter,0.27,Eredivisie,2018,2018/2019
SC Heerenveen,Nicolai Naess,25,Defensive Midfield,Sarpsborg 08,free transfer,out,Winter,NA,Eredivisie,2018,2018/2019
SC Heerenveen,Marco Rojas,27,Left Winger,SönderjyskE,free transfer,out,Winter,NA,Eredivisie,2018,2018/2019
SC Heerenveen,Jordy Bruijn,22,Defensive Midfield,NEC Nijmegen,loan transfer,out,Winter,NA,Eredivisie,2018,2018/2019
Heracles Almelo,Mats Knoester,20,Centre-Back,Feyenoord U21,£135Th.,in,Winter,0.135,Eredivisie,2018,2018/2019
Heracles Almelo,Vincent Vermeij,24,Centre-Forward,FC Den Bosch,loan transfer,out,Winter,NA,Eredivisie,2018,2018/2019
NAC Breda,Sullay Kaikai,23,Left Winger,Crystal Palace,free transfer,in,Winter,NA,Eredivisie,2018,2018/2019
NAC Breda,Alex Gersbach,21,Left-Back,Rosenborg,free transfer,in,Winter,NA,Eredivisie,2018,2018/2019
NAC Breda,Dorian Dervite,30,Centre-Back,RSC Charleroi,loan transfer,in,Winter,NA,Eredivisie,2018,2018/2019
NAC Breda,Ramon Pascal Lundqvist,21,Attacking Midfield,PSV Eindhoven,?,in,Winter,NA,Eredivisie,2018,2018/2019
NAC Breda,Jethro Mashart,18,Left-Back,NAC Breda U19,-,in,Winter,0,Eredivisie,2018,2018/2019
NAC Breda,Khalid Karami,29,Right-Back,Vitesse,loan transfer,in,Winter,NA,Eredivisie,2018,2018/2019
NAC Breda,Karol Mets,25,Centre-Back,AIK,£270Th.,out,Winter,0.27,Eredivisie,2018,2018/2019
NAC Breda,Olivier Rommens,23,Central Midfield,TOP Oss,free transfer,out,Winter,NA,Eredivisie,2018,2018/2019
NAC Breda,Vinnie Vermeer,23,Central Midfield,Nashville SC,free transfer,out,Winter,NA,Eredivisie,2018,2018/2019
NAC Breda,Jurich Carolina,20,Left-Back,FC Den Bosch,loan transfer,out,Winter,NA,Eredivisie,2018,2018/2019
NAC Breda,Robbie Haemhouts,35,Central Midfield,Retired,-,out,Winter,0,Eredivisie,2018,2018/2019
PEC Zwolle,Lennart Thy,26,Centre-Forward,BB Erzurumspor,free transfer,in,Winter,NA,Eredivisie,2018,2018/2019
PEC Zwolle,Pelle Clement,22,Central Midfield,Reading,free transfer,in,Winter,NA,Eredivisie,2018,2018/2019
PEC Zwolle,Yuta Nakayama,21,Centre-Back,Kashiwa Reysol,?,in,Winter,NA,Eredivisie,2018,2018/2019
PEC Zwolle,Erik Israelsson,29,Central Midfield,Vålerenga,"End of loanDec 31, 2018",in,Winter,0,Eredivisie,2018,2018/2019
PEC Zwolle,Erik Israelsson,29,Central Midfield,Vålerenga,free transfer,out,Winter,NA,Eredivisie,2018,2018/2019
PEC Zwolle,Mike Hauptmeijer,21,Goalkeeper,Achilles '29,loan transfer,out,Winter,NA,Eredivisie,2018,2018/2019
PEC Zwolle,Ruben Ligeon,26,Right-Back,De Graafschap,loan transfer,out,Winter,NA,Eredivisie,2018,2018/2019
PEC Zwolle,Alessandro Tripaldelli,19,Left-Back,Sassuolo,"End of loanJan 9, 2019",out,Winter,0,Eredivisie,2018,2018/2019
PEC Zwolle,Gianluca Scamacca,20,Centre-Forward,Sassuolo,"End of loanJan 22, 2019",out,Winter,0,Eredivisie,2018,2018/2019
PSV Eindhoven,Michal Sadilek,19,Central Midfield,PSV U21,-,in,Winter,0,Eredivisie,2018,2018/2019
PSV Eindhoven,Mohamed Ihattaren,16,Attacking Midfield,PSV U19,-,in,Winter,0,Eredivisie,2018,2018/2019
PSV Eindhoven,Nicolas Isimat-Mirin,27,Centre-Back,Besiktas,£315Th.,out,Winter,0.315,Eredivisie,2018,2018/2019
PSV Eindhoven,Ramon Pascal Lundqvist,21,Attacking Midfield,NAC Breda,?,out,Winter,NA,Eredivisie,2018,2018/2019
FC Utrecht,Michiel Kramer,30,Centre-Forward,Maccabi Haifa,free transfer,in,Winter,NA,Eredivisie,2018,2018/2019
FC Utrecht,Riechedly Bazoer,22,Centre-Back,VfL Wolfsburg,loan transfer,in,Winter,NA,Eredivisie,2018,2018/2019
FC Utrecht,Nick Venema,19,Centre-Forward,Utrecht U21,-,in,Winter,0,Eredivisie,2018,2018/2019
FC Utrecht,Odysseus Velanas,20,Attacking Midfield,Helmond Sport,loan transfer,out,Winter,NA,Eredivisie,2018,2018/2019
VVV-Venlo,Josimar Lima,29,Centre-Back,Without Club,-,in,Winter,0,Eredivisie,2018,2018/2019
VVV-Venlo,Martin Samuelsen,21,Left Winger,West Ham U23,"End of loanFeb 18, 2019",out,Winter,0,Eredivisie,2018,2018/2019
Vitesse Arnhem,Mo Dauda,20,Second Striker,RSC Anderlecht,loan transfer,in,Winter,NA,Eredivisie,2018,2018/2019
Vitesse Arnhem,Jeroen Houwen,22,Goalkeeper,Telstar,"End of loanJan 23, 2019",in,Winter,0,Eredivisie,2018,2018/2019
Vitesse Arnhem,Lassana Faye,20,Left-Back,Sparta R.,?,out,Winter,NA,Eredivisie,2018,2018/2019
Vitesse Arnhem,Thomas Bruns,26,Central Midfield,FC Groningen,loan transfer,out,Winter,NA,Eredivisie,2018,2018/2019
Vitesse Arnhem,Khalid Karami,29,Right-Back,NAC Breda,loan transfer,out,Winter,NA,Eredivisie,2018,2018/2019
Willem II Tilburg,Marios Vrousai,20,Left Winger,Olympiacos,loan transfer,in,Winter,NA,Eredivisie,2018,2018/2019
Willem II Tilburg,Renato Tapia,23,Defensive Midfield,Feyenoord,loan transfer,in,Winter,NA,Eredivisie,2018,2018/2019
Willem II Tilburg,Vangelis Pavlidis,20,Centre-Forward,VfL Bochum,loan transfer,in,Winter,NA,Eredivisie,2018,2018/2019
Willem II Tilburg,Alexander Isak,19,Centre-Forward,Bor. Dortmund,loan transfer,in,Winter,NA,Eredivisie,2018,2018/2019
Willem II Tilburg,Fran Sol,26,Centre-Forward,Dynamo Kyiv,£3.15m,out,Winter,3.15,Eredivisie,2018,2018/2019
Willem II Tilburg,Bartlomiej Urbanski,20,Central Midfield,Chojniczanka,free transfer,out,Winter,NA,Eredivisie,2018,2018/2019
Willem II Tilburg,Mattijs Branderhorst,25,Goalkeeper,NEC Nijmegen,loan transfer,out,Winter,NA,Eredivisie,2018,2018/2019
Willem II Tilburg,Jordy Croux,25,Right Winger,MVV Maastricht,loan transfer,out,Winter,NA,Eredivisie,2018,2018/2019
Willem II Tilburg,Donis Avdijaj,22,Attacking Midfield,Without Club,-,out,Winter,0,Eredivisie,2018,2018/2019
Willem II Tilburg,Dimitrios Kolovos,25,Attacking Midfield,KV Mechelen,"End of loanDec 31, 2018",out,Winter,0,Eredivisie,2018,2018/2019
Willem II Tilburg,Aras Özbiliz,29,Right Winger,Besiktas,"End of loanApr 4, 2019",out,Winter,0,Eredivisie,2018,2018/2019
