club_name,player_name,age,position,club_involved_name,fee,transfer_movement,transfer_period,fee_cleaned,league_name,year,season
NEC Nijmegen,Marco van Duin,23,Goalkeeper,FC Volendam,free transfer,in,Summer,NA,Eredivisie,2010,2010/2011
NEC Nijmegen,Leroy George,23,Left Winger,FC Utrecht,free transfer,in,Summer,NA,Eredivisie,2010,2010/2011
NEC Nijmegen,Pavel Cmovs,20,Centre-Back,Slavia Prague B,free transfer,in,Summer,NA,Eredivisie,2010,2010/2011
NEC Nijmegen,Nathaniel Will,21,Right-Back,Ajax U21,free transfer,in,Summer,NA,Eredivisie,2010,2010/2011
NEC Nijmegen,Rémy Amieux,23,Left-Back,FC Eindhoven,?,in,Summer,NA,Eredivisie,2010,2010/2011
NEC Nijmegen,Niki Zimling,25,Defensive Midfield,Udinese Calcio,loan transfer,in,Summer,NA,Eredivisie,2010,2010/2011
NEC Nijmegen,Thomas Chatelle,29,Right Winger,RSC Anderlecht,loan transfer,in,Summer,NA,Eredivisie,2010,2010/2011
NEC Nijmegen,Dammyano Grootfaam,19,Right Winger,NEC U19,-,in,Summer,0,Eredivisie,2010,2010/2011
NEC Nijmegen,Caifano Latupeirissa,19,Left Winger,NEC U19,-,in,Summer,0,Eredivisie,2010,2010/2011
NEC Nijmegen,Youri Loen,19,Central Midfield,NEC U19,-,in,Summer,0,Eredivisie,2010,2010/2011
NEC Nijmegen,Furkan Alakmak,18,Left Winger,NECOss U21,-,in,Summer,0,Eredivisie,2010,2010/2011
NEC Nijmegen,Ryan van Dijk,20,Central Midfield,NECOss U21,-,in,Summer,0,Eredivisie,2010,2010/2011
NEC Nijmegen,Jasper Cillessen,21,Goalkeeper,NECOss U21,-,in,Summer,0,Eredivisie,2010,2010/2011
NEC Nijmegen,Adnan Secerovic,18,Defensive Midfield,Roda JC,loan transfer,in,Summer,NA,Eredivisie,2010,2010/2011
NEC Nijmegen,Youssef El Akchaoui,29,Left-Back,FC Augsburg,"End of loanJun 30, 2010",in,Summer,0,Eredivisie,2010,2010/2011
NEC Nijmegen,Joost Ebergen,20,Centre-Back,FC Oss,"End of loanJun 30, 2010",in,Summer,0,Eredivisie,2010,2010/2011
NEC Nijmegen,Saidi Ntibazonkiza,23,Left Winger,Cracovia,£630Th.,out,Summer,0.63,Eredivisie,2010,2010/2011
NEC Nijmegen,Joey Brock,21,Left-Back,RBC Roosendaal,free transfer,out,Summer,NA,Eredivisie,2010,2010/2011
NEC Nijmegen,Youssef El Akchaoui,29,Left-Back,Heerenveen,free transfer,out,Summer,NA,Eredivisie,2010,2010/2011
NEC Nijmegen,Rutger Worm,24,Right Winger,Melbourne Heart,free transfer,out,Summer,NA,Eredivisie,2010,2010/2011
NEC Nijmegen,Bastian Weiser,20,Central Midfield,EHC Hoensbroek,free transfer,out,Summer,NA,Eredivisie,2010,2010/2011
NEC Nijmegen,Arkadiusz Radomski,33,Defensive Midfield,Cracovia,free transfer,out,Summer,NA,Eredivisie,2010,2010/2011
NEC Nijmegen,Patrick Pothuizen,38,Centre-Back,De Treffers,free transfer,out,Summer,NA,Eredivisie,2010,2010/2011
NEC Nijmegen,Nicholas Skverer,22,Goalkeeper,CSV Apeldoorn,free transfer,out,Summer,NA,Eredivisie,2010,2010/2011
NEC Nijmegen,Dominique Kivuvu,22,Defensive Midfield,CFR Cluj,free transfer,out,Summer,NA,Eredivisie,2010,2010/2011
NEC Nijmegen,Jhonny van Beukering,26,Centre-Forward,Go Ahead Eagles,free transfer,out,Summer,NA,Eredivisie,2010,2010/2011
NEC Nijmegen,Rein Baart,38,Goalkeeper,FC Edmonton,free transfer,out,Summer,NA,Eredivisie,2010,2010/2011
NEC Nijmegen,Pavel Cmovs,20,Centre-Back,SC Veendam,loan transfer,out,Summer,NA,Eredivisie,2010,2010/2011
NEC Nijmegen,Mitchell Burgzorg,22,Right-Back,Without Club,-,out,Summer,0,Eredivisie,2010,2010/2011
NEC Nijmegen,Jeroen Heubach,35,Left-Back,Twente FC,"End of loanJun 30, 2010",out,Summer,0,Eredivisie,2010,2010/2011
NEC Nijmegen,Jeffrey Sarpong,21,Right Winger,Ajax,"End of loanJun 30, 2010",out,Summer,0,Eredivisie,2010,2010/2011
VVV-Venlo,Josué,19,Attacking Midfield,FC Porto,loan transfer,in,Summer,NA,Eredivisie,2010,2010/2011
VVV-Venlo,Ahmed Musa,17,Right Winger,Kano Pillars,?,in,Summer,NA,Eredivisie,2010,2010/2011
VVV-Venlo,Bryan Linssen,19,Centre-Forward,MVV Maastricht,?,in,Summer,NA,Eredivisie,2010,2010/2011
VVV-Venlo,Jorge Chula,20,Right Winger,FC Porto,loan transfer,in,Summer,NA,Eredivisie,2010,2010/2011
VVV-Venlo,Balázs Tóth,28,Defensive Midfield,KRC Genk,loan transfer,in,Summer,NA,Eredivisie,2010,2010/2011
VVV-Venlo,Roel Janssen,20,Centre-Back,VVV-Venlo U21,-,in,Summer,0,Eredivisie,2010,2010/2011
VVV-Venlo,Delano van Crooij,19,Goalkeeper,VVV/Hel U19,-,in,Summer,0,Eredivisie,2010,2010/2011
VVV-Venlo,Quin Kruijsen,19,Central Midfield,VVV-Venlo U21,-,in,Summer,0,Eredivisie,2010,2010/2011
VVV-Venlo,Rick Verbeek,21,Central Midfield,Helmond Sport,"End of loanJun 30, 2010",in,Summer,0,Eredivisie,2010,2010/2011
VVV-Venlo,Rachid Ofrany,23,Right Winger,AGOVV,"End of loanJun 30, 2010",in,Summer,0,Eredivisie,2010,2010/2011
VVV-Venlo,Adil Auassar,23,Defensive Midfield,Feyenoord,free transfer,out,Summer,NA,Eredivisie,2010,2010/2011
VVV-Venlo,Ruben Schaken,28,Right Winger,Feyenoord,free transfer,out,Summer,NA,Eredivisie,2010,2010/2011
VVV-Venlo,Sjors Verdellen,28,Centre-Back,MVV Maastricht,free transfer,out,Summer,NA,Eredivisie,2010,2010/2011
VVV-Venlo,Sandro Calabro,27,Centre-Forward,FC St. Gallen,free transfer,out,Summer,NA,Eredivisie,2010,2010/2011
VVV-Venlo,Kevin Van Dessel,31,Left Midfield,APOP Kinyras,free transfer,out,Summer,NA,Eredivisie,2010,2010/2011
VVV-Venlo,Soufiane Dadda,20,Right Winger,Fortuna Sittard,loan transfer,out,Summer,NA,Eredivisie,2010,2010/2011
VVV-Venlo,Robert Böhm,22,Goalkeeper,Without Club,-,out,Summer,0,Eredivisie,2010,2010/2011
VVV-Venlo,Jasar Takak,28,Central Midfield,Without Club,-,out,Summer,0,Eredivisie,2010,2010/2011
VVV-Venlo,Ruud Boffin,22,Goalkeeper,MVV Maastricht,"End of loanJun 30, 2010",out,Summer,0,Eredivisie,2010,2010/2011
VVV-Venlo,Gonzalo García,26,Second Striker,FC Groningen,"End of loanJun 30, 2010",out,Summer,0,Eredivisie,2010,2010/2011
VVV-Venlo,Henrico Drost,23,Centre-Back,Heerenveen,"End of loanJun 30, 2010",out,Summer,0,Eredivisie,2010,2010/2011
Heracles Almelo,Anmar Almubaraki,19,Attacking Midfield,FC Twente U19,free transfer,in,Summer,NA,Eredivisie,2010,2010/2011
Heracles Almelo,Glynor Plet,23,Centre-Forward,Telstar,free transfer,in,Summer,NA,Eredivisie,2010,2010/2011
Heracles Almelo,Xander Houtkoop,21,Left Winger,H'veen/Emmen II,free transfer,in,Summer,NA,Eredivisie,2010,2010/2011
Heracles Almelo,Andrej Rendla,19,Right Winger,Twente FC,loan transfer,in,Summer,NA,Eredivisie,2010,2010/2011
Heracles Almelo,Alexander Bannink,20,Attacking Midfield,Twente FC,loan transfer,in,Summer,NA,Eredivisie,2010,2010/2011
Heracles Almelo,Ben Rienstra,20,Central Midfield,AZ Alkmaar U21,?,in,Summer,NA,Eredivisie,2010,2010/2011
Heracles Almelo,Mike te Wierik,18,Centre-Back,FC Twente U19,?,in,Summer,NA,Eredivisie,2010,2010/2011
Heracles Almelo,Nick Hengelman,20,Goalkeeper,FC Twente U21,-,in,Summer,0,Eredivisie,2010,2010/2011
Heracles Almelo,Ellery Cairo,32,Right Winger,Without Club,-,in,Summer,0,Eredivisie,2010,2010/2011
Heracles Almelo,Remko Pasveer,26,Goalkeeper,Go Ahead Eagles,"End of loanJun 30, 2010",in,Summer,0,Eredivisie,2010,2010/2011
Heracles Almelo,Bas Dost,21,Centre-Forward,Heerenveen,£2.48m,out,Summer,2.48,Eredivisie,2010,2010/2011
Heracles Almelo,Juha Hakola,22,Attacking Midfield,Willem II,free transfer,out,Summer,NA,Eredivisie,2010,2010/2011
Heracles Almelo,Martin Pieckenhagen,38,Goalkeeper,1.FSV Mainz 05,free transfer,out,Summer,NA,Eredivisie,2010,2010/2011
Heracles Almelo,Paddy John,20,Left Winger,RKC Waalwijk,free transfer,out,Summer,NA,Eredivisie,2010,2010/2011
Heracles Almelo,Qays Shayesteh,22,Central Midfield,SC Veendam,free transfer,out,Summer,NA,Eredivisie,2010,2010/2011
Heracles Almelo,Dennis Rosink,22,Defensive Midfield,Excelsior '31,free transfer,out,Summer,NA,Eredivisie,2010,2010/2011
Heracles Almelo,Andrew Ornoch,24,Centre-Forward,SC Veendam,free transfer,out,Summer,NA,Eredivisie,2010,2010/2011
Heracles Almelo,Vojtech Schulmeister,26,Centre-Forward,FC Hlucin,free transfer,out,Summer,NA,Eredivisie,2010,2010/2011
Heracles Almelo,Sebastiaan Steur,26,Left Winger,Spakenburg,free transfer,out,Summer,NA,Eredivisie,2010,2010/2011
Heracles Almelo,Maikel Kampjes,23,Goalkeeper,Quick '20,free transfer,out,Summer,NA,Eredivisie,2010,2010/2011
Heracles Almelo,Jörg van Nieuwenhuijzen,31,Goalkeeper,HSV Hoek,free transfer,out,Summer,NA,Eredivisie,2010,2010/2011
Heracles Almelo,Denis Mangafic,20,Central Midfield,Without Club,-,out,Summer,0,Eredivisie,2010,2010/2011
Heracles Almelo,Elias Pech,21,Central Midfield,Retired,-,out,Summer,0,Eredivisie,2010,2010/2011
ADO Den Haag,Christian Supusepa,21,Left-Back,Ajax U21,free transfer,in,Summer,NA,Eredivisie,2010,2010/2011
ADO Den Haag,Aleksandar Radosavljevic,31,Defensive Midfield,AE Larisa,free transfer,in,Summer,NA,Eredivisie,2010,2010/2011
ADO Den Haag,Ramon Leeuwin,22,Centre-Back,AGOVV,?,in,Summer,NA,Eredivisie,2010,2010/2011
ADO Den Haag,Frantisek Kubik,21,Left Winger,AS Trencin,loan transfer,in,Summer,NA,Eredivisie,2010,2010/2011
ADO Den Haag,Dmitri Bulykin,30,Centre-Forward,RSC Anderlecht,loan transfer,in,Summer,NA,Eredivisie,2010,2010/2011
ADO Den Haag,Kevin Visser,21,Defensive Midfield,ADO U21,-,in,Summer,0,Eredivisie,2010,2010/2011
ADO Den Haag,Giorgio Achterberg,20,Attacking Midfield,ADO U21,-,in,Summer,0,Eredivisie,2010,2010/2011
ADO Den Haag,Tom Beugelsdijk,19,Centre-Back,ADO U21,-,in,Summer,0,Eredivisie,2010,2010/2011
ADO Den Haag,Tom Boks,18,Goalkeeper,ADO U19,-,in,Summer,0,Eredivisie,2010,2010/2011
ADO Den Haag,Nico Pellatz,24,Goalkeeper,Without Club,-,in,Summer,0,Eredivisie,2010,2010/2011
ADO Den Haag,Fabio Caracciolo,25,Centre-Forward,FC Den Bosch,"End of loanJun 30, 2010",in,Summer,0,Eredivisie,2010,2010/2011
ADO Den Haag,Berry Powel,30,Centre-Forward,De Graafschap,"End of loanJun 30, 2010",in,Summer,0,Eredivisie,2010,2010/2011
ADO Den Haag,Csaba Horvath,28,Centre-Back,Zaglebie Lubin,£135Th.,out,Summer,0.135,Eredivisie,2010,2010/2011
ADO Den Haag,Mike de Geer,20,Central Midfield,HBS,free transfer,out,Summer,NA,Eredivisie,2010,2010/2011
ADO Den Haag,Berry Powel,30,Centre-Forward,Gimnàstic,free transfer,out,Summer,NA,Eredivisie,2010,2010/2011
ADO Den Haag,Danny van der Ree,21,Centre-Back,DHC,free transfer,out,Summer,NA,Eredivisie,2010,2010/2011
ADO Den Haag,Barry Ditewig,32,Goalkeeper,Achilles '29,free transfer,out,Summer,NA,Eredivisie,2010,2010/2011
ADO Den Haag,Levi Schwiebbe,23,Central Midfield,AGOVV,free transfer,out,Summer,NA,Eredivisie,2010,2010/2011
ADO Den Haag,Bogdan Milic,22,Centre-Forward,KS Samara,free transfer,out,Summer,NA,Eredivisie,2010,2010/2011
ADO Den Haag,Fabio Caracciolo,25,Centre-Forward,Fortuna Sittard,free transfer,out,Summer,NA,Eredivisie,2010,2010/2011
ADO Den Haag,Karim Soltani,25,Right Winger,Iraklis,free transfer,out,Summer,NA,Eredivisie,2010,2010/2011
ADO Den Haag,Tom Beugelsdijk,20,Centre-Back,FC Dordrecht,loan transfer,out,Summer,NA,Eredivisie,2010,2010/2011
ADO Den Haag,Raily Ignacio,23,Centre-Forward,FC Dordrecht,loan transfer,out,Summer,NA,Eredivisie,2010,2010/2011
ADO Den Haag,Kai van Hese,21,Centre-Back,FC Dordrecht,loan transfer,out,Summer,NA,Eredivisie,2010,2010/2011
ADO Den Haag,Andres Oper,32,Centre-Forward,Without Club,-,out,Summer,0,Eredivisie,2010,2010/2011
ADO Den Haag,Yuri Cornelisse,35,Right Midfield,Retired,-,out,Summer,0,Eredivisie,2010,2010/2011
ADO Den Haag,Richard Knopper,32,Attacking Midfield,Without Club,-,out,Summer,0,Eredivisie,2010,2010/2011
ADO Den Haag,Kees Luijckx,24,Centre-Back,AZ Alkmaar,"End of loanJun 30, 2010",out,Summer,0,Eredivisie,2010,2010/2011
AZ Alkmaar,Nick Viergever,20,Centre-Back,Sparta R.,£1.13m,in,Summer,1.13,Eredivisie,2010,2010/2011
AZ Alkmaar,Charlison Benschop,20,Centre-Forward,RKC Waalwijk,£900Th.,in,Summer,0.9,Eredivisie,2010,2010/2011
AZ Alkmaar,Erik Falkenburg,22,Attacking Midfield,Sparta R.,£675Th.,in,Summer,0.675,Eredivisie,2010,2010/2011
AZ Alkmaar,Esteban Alvarado,21,Goalkeeper,Saprissa,?,in,Summer,NA,Eredivisie,2010,2010/2011
AZ Alkmaar,Dirk Marcellis,22,Centre-Back,PSV Eindhoven,?,in,Summer,NA,Eredivisie,2010,2010/2011
AZ Alkmaar,Giliano Wijnaldum,17,Left-Back,AZ Alkmaar U21,-,in,Summer,0,Eredivisie,2010,2010/2011
AZ Alkmaar,Erik Schouten,18,Centre-Back,AZ Alkmaar U21,-,in,Summer,0,Eredivisie,2010,2010/2011
AZ Alkmaar,Ali Messaoud,19,Attacking Midfield,AZ Alkmaar U21,-,in,Summer,0,Eredivisie,2010,2010/2011
AZ Alkmaar,Ramón,19,Right-Back,AZ Alkmaar U21,-,in,Summer,0,Eredivisie,2010,2010/2011
AZ Alkmaar,Kolbeinn Sigthórsson,20,Centre-Forward,AZ Alkmaar U21,-,in,Summer,0,Eredivisie,2010,2010/2011
AZ Alkmaar,Jóhann Berg Gudmundsson,19,Right Winger,AZ Alkmaar U21,-,in,Summer,0,Eredivisie,2010,2010/2011
AZ Alkmaar,Hobie Verhulst,17,Goalkeeper,AZ Alkmaar U19,-,in,Summer,0,Eredivisie,2010,2010/2011
AZ Alkmaar,James Holland,21,Defensive Midfield,AZ Alkmaar U21,-,in,Summer,0,Eredivisie,2010,2010/2011
AZ Alkmaar,Milano Koenders,23,Centre-Back,Sparta R.,"End of loanJun 30, 2010",in,Summer,0,Eredivisie,2010,2010/2011
AZ Alkmaar,Kees Luijckx,24,Centre-Back,ADO Den Haag,"End of loanJun 30, 2010",in,Summer,0,Eredivisie,2010,2010/2011
AZ Alkmaar,Gijs Luirink,26,Centre-Back,RKC Waalwijk,"End of loanJun 30, 2010",in,Summer,0,Eredivisie,2010,2010/2011
AZ Alkmaar,Kemy Agustien,23,Defensive Midfield,RKC Waalwijk,"End of loanJun 30, 2010",in,Summer,0,Eredivisie,2010,2010/2011
AZ Alkmaar,Jordy Deckers,21,Goalkeeper,Telstar,"End of loanJun 30, 2010",in,Summer,0,Eredivisie,2010,2010/2011
AZ Alkmaar,Mousa Dembélé,23,Central Midfield,Fulham,£5.40m,out,Summer,5.4,Eredivisie,2010,2010/2011
AZ Alkmaar,Mounir El Hamdaoui,25,Centre-Forward,Ajax,£4.50m,out,Summer,4.5,Eredivisie,2010,2010/2011
AZ Alkmaar,Jeremain Lens,22,Right Winger,PSV Eindhoven,£3.15m,out,Summer,3.15,Eredivisie,2010,2010/2011
AZ Alkmaar,David Mendes da Silva,27,Defensive Midfield,RB Salzburg,£2.25m,out,Summer,2.25,Eredivisie,2010,2010/2011
AZ Alkmaar,Kees Luijckx,24,Centre-Back,NAC Breda,free transfer,out,Summer,NA,Eredivisie,2010,2010/2011
AZ Alkmaar,Jordy Deckers,21,Goalkeeper,Ajax U21,free transfer,out,Summer,NA,Eredivisie,2010,2010/2011
AZ Alkmaar,Milano Koenders,24,Centre-Back,NAC Breda,loan transfer,out,Summer,NA,Eredivisie,2010,2010/2011
AZ Alkmaar,Boy Waterman,26,Goalkeeper,De Graafschap,loan transfer,out,Summer,NA,Eredivisie,2010,2010/2011
AZ Alkmaar,Kemy Agustien,23,Defensive Midfield,Without Club,-,out,Summer,0,Eredivisie,2010,2010/2011
Excelsior Rotterdam,Benjamin Baltes,26,Right Midfield,M'gladbach II,free transfer,in,Summer,NA,Eredivisie,2010,2010/2011
Excelsior Rotterdam,Miquel Nelom,19,Left-Back,Feyenoord U21,free transfer,in,Summer,NA,Eredivisie,2010,2010/2011
Excelsior Rotterdam,Norichio Nieveld,21,Centre-Back,Feyenoord,free transfer,in,Summer,NA,Eredivisie,2010,2010/2011
Excelsior Rotterdam,Tim Vincken,23,Right Winger,Feyenoord,free transfer,in,Summer,NA,Eredivisie,2010,2010/2011
Excelsior Rotterdam,Wouter Gudde,25,Centre-Back,RKC Waalwijk,free transfer,in,Summer,NA,Eredivisie,2010,2010/2011
Excelsior Rotterdam,Kevin Wattamaleo,21,Central Midfield,Feyenoord,free transfer,in,Summer,NA,Eredivisie,2010,2010/2011
Excelsior Rotterdam,Cees Paauwe,32,Goalkeeper,Twente FC,free transfer,in,Summer,NA,Eredivisie,2010,2010/2011
Excelsior Rotterdam,Jerson Ribeiro,22,Attacking Midfield,Feyenoord U21,?,in,Summer,NA,Eredivisie,2010,2010/2011
Excelsior Rotterdam,Tobias Waisapy,22,Left-Back,Feyenoord U21,?,in,Summer,NA,Eredivisie,2010,2010/2011
Excelsior Rotterdam,Andrea Fileccia,18,Centre-Forward,Feyenoord U19,?,in,Summer,NA,Eredivisie,2010,2010/2011
Excelsior Rotterdam,Jordy Clasie,19,Defensive Midfield,Feyenoord,loan transfer,in,Summer,NA,Eredivisie,2010,2010/2011
Excelsior Rotterdam,Konstantinos Lamprou,18,Goalkeeper,Feyenoord U21,loan transfer,in,Summer,NA,Eredivisie,2010,2010/2011
Excelsior Rotterdam,Nayib Lagouireh,19,Right Winger,Feyenoord U19,loan transfer,in,Summer,NA,Eredivisie,2010,2010/2011
Excelsior Rotterdam,Shabir Isoufi,18,Attacking Midfield,Feyenoord U19,loan transfer,in,Summer,NA,Eredivisie,2010,2010/2011
Excelsior Rotterdam,Kaj Ramsteijn,20,Centre-Back,Feyenoord U21,loan transfer,in,Summer,NA,Eredivisie,2010,2010/2011
Excelsior Rotterdam,Tim Eekman,18,Right-Back,Feyenoord U19,loan transfer,in,Summer,NA,Eredivisie,2010,2010/2011
Excelsior Rotterdam,Delano a Cohen,19,Defensive Midfield,Excelsior U19,-,in,Summer,0,Eredivisie,2010,2010/2011
Excelsior Rotterdam,Mathijs Benard,21,Centre-Forward,Westlandia,free transfer,out,Summer,NA,Eredivisie,2010,2010/2011
Excelsior Rotterdam,Michel van Guldener,24,Left Winger,VV Capelle,free transfer,out,Summer,NA,Eredivisie,2010,2010/2011
Excelsior Rotterdam,Sigourney Bandjar,25,Right-Back,RKC Waalwijk,free transfer,out,Summer,NA,Eredivisie,2010,2010/2011
Excelsior Rotterdam,Arjan van Dijk,23,Goalkeeper,RKC Waalwijk,free transfer,out,Summer,NA,Eredivisie,2010,2010/2011
Excelsior Rotterdam,Ard van Peppen,25,Left-Back,RKC Waalwijk,free transfer,out,Summer,NA,Eredivisie,2010,2010/2011
Excelsior Rotterdam,Mohammed Faouzi,22,Centre-Forward,Noordwijk,free transfer,out,Summer,NA,Eredivisie,2010,2010/2011
Excelsior Rotterdam,Edwin de Graaf,31,Central Midfield,Hibernian FC,"End of loanMay 1, 2011",out,Summer,0,Eredivisie,2010,2010/2011
Excelsior Rotterdam,Tobias Waisapy,22,Left-Back,Feyenoord U21,"End of loanJun 30, 2010",out,Summer,0,Eredivisie,2010,2010/2011
Excelsior Rotterdam,Luis Pedro,20,Right Winger,Feyenoord,"End of loanJun 30, 2010",out,Summer,0,Eredivisie,2010,2010/2011
Excelsior Rotterdam,Jerson Ribeiro,22,Attacking Midfield,Feyenoord U21,"End of loanJun 30, 2010",out,Summer,0,Eredivisie,2010,2010/2011
Excelsior Rotterdam,Miquel Nelom,19,Left-Back,Feyenoord U21,"End of loanJun 30, 2010",out,Summer,0,Eredivisie,2010,2010/2011
Excelsior Rotterdam,Kamohelo Mokotjo,19,Defensive Midfield,Feyenoord,"End of loanJun 30, 2010",out,Summer,0,Eredivisie,2010,2010/2011
Excelsior Rotterdam,Tim Vincken,23,Right Winger,Feyenoord,"End of loanJun 30, 2010",out,Summer,0,Eredivisie,2010,2010/2011
Excelsior Rotterdam,Michal Janota,19,Attacking Midfield,Feyenoord,"End of loanJun 30, 2010",out,Summer,0,Eredivisie,2010,2010/2011
Excelsior Rotterdam,Norichio Nieveld,21,Centre-Back,Feyenoord,"End of loanJun 30, 2010",out,Summer,0,Eredivisie,2010,2010/2011
Excelsior Rotterdam,Vojtech Machek,20,Central Midfield,Feyenoord U21,"End of loanJun 30, 2010",out,Summer,0,Eredivisie,2010,2010/2011
Excelsior Rotterdam,Kevin Wattamaleo,21,Central Midfield,Feyenoord,"End of loanJun 30, 2010",out,Summer,0,Eredivisie,2010,2010/2011
Excelsior Rotterdam,Kermit Erasmus,19,Centre-Forward,Feyenoord,"End of loanJun 30, 2010",out,Summer,0,Eredivisie,2010,2010/2011
De Graafschap Doetinchem,Youssouf Hersi,27,Right Winger,AEK Athens,free transfer,in,Summer,NA,Eredivisie,2010,2010/2011
De Graafschap Doetinchem,Jan-Paul Saeijs,32,Centre-Back,Roda JC,free transfer,in,Summer,NA,Eredivisie,2010,2010/2011
De Graafschap Doetinchem,Vito Wormgoor,21,Centre-Back,FC Utrecht,free transfer,in,Summer,NA,Eredivisie,2010,2010/2011
De Graafschap Doetinchem,Yuri Rose,31,Attacking Midfield,Sparta R.,free transfer,in,Summer,NA,Eredivisie,2010,2010/2011
De Graafschap Doetinchem,Rydell Poepon,22,Centre-Forward,Sparta R.,?,in,Summer,NA,Eredivisie,2010,2010/2011
De Graafschap Doetinchem,Boy Waterman,26,Goalkeeper,AZ Alkmaar,loan transfer,in,Summer,NA,Eredivisie,2010,2010/2011
De Graafschap Doetinchem,Gregor Breinburg,18,Central Midfield,Graafschap U19,-,in,Summer,0,Eredivisie,2010,2010/2011
De Graafschap Doetinchem,Niek Sebens,20,Centre-Forward,De Graafs. U21,-,in,Summer,0,Eredivisie,2010,2010/2011
De Graafschap Doetinchem,Ted van de Pavert,18,Centre-Back,Graafschap U19,-,in,Summer,0,Eredivisie,2010,2010/2011
De Graafschap Doetinchem,Dimitri Hairemans,18,defence,De Graafs. U21,-,in,Summer,0,Eredivisie,2010,2010/2011
De Graafschap Doetinchem,Marcel van der Sloot,30,Attacking Midfield,FC Dordrecht,"End of loanJun 30, 2010",in,Summer,0,Eredivisie,2010,2010/2011
De Graafschap Doetinchem,Cerezo Fung a Wing,26,Defensive Midfield,IJsselm.vogels,free transfer,out,Summer,NA,Eredivisie,2010,2010/2011
De Graafschap Doetinchem,Abdelhali Chaiat,26,Right Winger,AGOVV,free transfer,out,Summer,NA,Eredivisie,2010,2010/2011
De Graafschap Doetinchem,Roy Terschegget,23,Defensive Midfield,GVVV,free transfer,out,Summer,NA,Eredivisie,2010,2010/2011
De Graafschap Doetinchem,Mees Siers,22,Right-Back,AGOVV,free transfer,out,Summer,NA,Eredivisie,2010,2010/2011
De Graafschap Doetinchem,Marcel van der Sloot,30,Attacking Midfield,RBC Roosendaal,free transfer,out,Summer,NA,Eredivisie,2010,2010/2011
De Graafschap Doetinchem,Joep van den Ouweland,26,Central Midfield,Go Ahead Eagles,free transfer,out,Summer,NA,Eredivisie,2010,2010/2011
De Graafschap Doetinchem,Mustafa Amezrine,21,Goalkeeper,SDV Barneveld,free transfer,out,Summer,NA,Eredivisie,2010,2010/2011
De Graafschap Doetinchem,Tim Keurntjes,19,Left-Back,FC Groning. U21,?,out,Summer,NA,Eredivisie,2010,2010/2011
De Graafschap Doetinchem,Martijn Meerdink,33,Right Winger,Retired,-,out,Summer,0,Eredivisie,2010,2010/2011
De Graafschap Doetinchem,Berry Powel,30,Centre-Forward,ADO Den Haag,"End of loanJun 30, 2010",out,Summer,0,Eredivisie,2010,2010/2011
De Graafschap Doetinchem,Yuri Rose,31,Attacking Midfield,Sparta R.,"End of loanJun 30, 2010",out,Summer,0,Eredivisie,2010,2010/2011
De Graafschap Doetinchem,Vito Wormgoor,21,Centre-Back,FC Utrecht,"End of loanJun 30, 2010",out,Summer,0,Eredivisie,2010,2010/2011
Ajax Amsterdam,Mounir El Hamdaoui,25,Centre-Forward,AZ Alkmaar,£4.50m,in,Summer,4.5,Eredivisie,2010,2010/2011
Ajax Amsterdam,Teemu Tainio,30,Defensive Midfield,Sunderland,free transfer,in,Summer,NA,Eredivisie,2010,2010/2011
Ajax Amsterdam,André Ooijer,36,Centre-Back,PSV Eindhoven,free transfer,in,Summer,NA,Eredivisie,2010,2010/2011
Ajax Amsterdam,Mido,27,Centre-Forward,Middlesbrough,free transfer,in,Summer,NA,Eredivisie,2010,2010/2011
Ajax Amsterdam,Aras Özbiliz,20,Right Winger,Ajax U21,-,in,Summer,0,Eredivisie,2010,2010/2011
Ajax Amsterdam,Ronald Graafland,31,Goalkeeper,Without Club,-,in,Summer,0,Eredivisie,2010,2010/2011
Ajax Amsterdam,Florian Jozefzoon,19,Right Winger,Ajax U21,-,in,Summer,0,Eredivisie,2010,2010/2011
Ajax Amsterdam,Roly Bonevacia,18,Central Midfield,Ajax U21,-,in,Summer,0,Eredivisie,2010,2010/2011
Ajax Amsterdam,Marvin Zeegelaar,19,Left-Back,Ajax U21,-,in,Summer,0,Eredivisie,2010,2010/2011
Ajax Amsterdam,Mitchell Donald,21,Central Midfield,Willem II,"End of loanJun 30, 2010",in,Summer,0,Eredivisie,2010,2010/2011
Ajax Amsterdam,Daley Blind,20,Left-Back,FC Groningen,"End of loanJun 30, 2010",in,Summer,0,Eredivisie,2010,2010/2011
Ajax Amsterdam,Jeffrey Sarpong,21,Right Winger,NEC Nijmegen,"End of loanJun 30, 2010",in,Summer,0,Eredivisie,2010,2010/2011
Ajax Amsterdam,Darko Bodul,21,Second Striker,Sparta R.,"End of loanJun 30, 2010",in,Summer,0,Eredivisie,2010,2010/2011
Ajax Amsterdam,Jeffrey Sarpong,21,Right Winger,Real Sociedad,£180Th.,out,Summer,0.18,Eredivisie,2010,2010/2011
Ajax Amsterdam,Gabri,31,Defensive Midfield,Umm Salal SC,free transfer,out,Summer,NA,Eredivisie,2010,2010/2011
Ajax Amsterdam,Kennedy,29,Right Midfield,Racing,free transfer,out,Summer,NA,Eredivisie,2010,2010/2011
Ajax Amsterdam,Dennis Rommedahl,31,Right Winger,Olympiacos,free transfer,out,Summer,NA,Eredivisie,2010,2010/2011
Ajax Amsterdam,Marko Pantelic,31,Centre-Forward,Olympiacos,free transfer,out,Summer,NA,Eredivisie,2010,2010/2011
Ajax Amsterdam,George Ogararu,30,Right-Back,FC Sion,free transfer,out,Summer,NA,Eredivisie,2010,2010/2011
Ajax Amsterdam,Ismail Aissati,22,Attacking Midfield,Vitesse,loan transfer,out,Summer,NA,Eredivisie,2010,2010/2011
Ajax Amsterdam,Rob Wielaert,31,Centre-Back,Roda JC,loan transfer,out,Summer,NA,Eredivisie,2010,2010/2011
Vitesse Arnhem,Marcus Pedersen,20,Centre-Forward,Strømsgodset,£1.35m,in,Summer,1.35,Eredivisie,2010,2010/2011
Vitesse Arnhem,Guram Kashia,23,Centre-Back,Dinamo Tbilisi,£270Th.,in,Summer,0.27,Eredivisie,2010,2010/2011
Vitesse Arnhem,Laryea Kingston,29,Central Midfield,Heart of Midl.,free transfer,in,Summer,NA,Eredivisie,2010,2010/2011
Vitesse Arnhem,Nacer Barazite,20,Attacking Midfield,Arsenal,loan transfer,in,Summer,NA,Eredivisie,2010,2010/2011
Vitesse Arnhem,Slobodan Rajkovic,21,Centre-Back,Chelsea,loan transfer,in,Summer,NA,Eredivisie,2010,2010/2011
Vitesse Arnhem,Nemanja Matic,22,Defensive Midfield,Chelsea,loan transfer,in,Summer,NA,Eredivisie,2010,2010/2011
Vitesse Arnhem,Matej Delac,17,Goalkeeper,Chelsea,loan transfer,in,Summer,NA,Eredivisie,2010,2010/2011
Vitesse Arnhem,Luca Caldirola,19,Centre-Back,Inter,loan transfer,in,Summer,NA,Eredivisie,2010,2010/2011
Vitesse Arnhem,Ismail Aissati,22,Attacking Midfield,Ajax,loan transfer,in,Summer,NA,Eredivisie,2010,2010/2011
Vitesse Arnhem,Marco van Ginkel,17,Central Midfield,Vit./AGOVV U19,-,in,Summer,0,Eredivisie,2010,2010/2011
Vitesse Arnhem,Genaro Snijders,20,Right Winger,Almere City,"End of loanJun 30, 2010",in,Summer,0,Eredivisie,2010,2010/2011
Vitesse Arnhem,Jop van der Linden,19,Centre-Back,AGOVV,"End of loanJun 30, 2010",in,Summer,0,Eredivisie,2010,2010/2011
Vitesse Arnhem,Anduele Pryor,25,Attacking Midfield,KSV Roeselare,"End of loanJun 30, 2010",in,Summer,0,Eredivisie,2010,2010/2011
Vitesse Arnhem,Julian Jenner,26,Right Winger,Rot Weiss Ahlen,"End of loanJun 30, 2010",in,Summer,0,Eredivisie,2010,2010/2011
Vitesse Arnhem,Frank van der Struijk,25,Right-Back,Willem II,"End of loanJun 30, 2010",in,Summer,0,Eredivisie,2010,2010/2011
Vitesse Arnhem,Mads Junker,29,Centre-Forward,Roda JC,"End of loanJun 30, 2010",in,Summer,0,Eredivisie,2010,2010/2011
Vitesse Arnhem,Claudemir,22,Defensive Midfield,FC Copenhagen,£900Th.,out,Summer,0.9,Eredivisie,2010,2010/2011
Vitesse Arnhem,Piet Velthuizen,23,Goalkeeper,Hércules CF,£720Th.,out,Summer,0.72,Eredivisie,2010,2010/2011
Vitesse Arnhem,Paul Verhaegh,26,Right-Back,FC Augsburg,£270Th.,out,Summer,0.27,Eredivisie,2010,2010/2011
Vitesse Arnhem,Giovanni Gravenbeek,22,Central Midfield,Willem II,free transfer,out,Summer,NA,Eredivisie,2010,2010/2011
Vitesse Arnhem,Santi Kolk,28,Right Winger,Union Berlin,free transfer,out,Summer,NA,Eredivisie,2010,2010/2011
Vitesse Arnhem,Serginho Greene,28,Defensive Midfield,Levski Sofia,free transfer,out,Summer,NA,Eredivisie,2010,2010/2011
Vitesse Arnhem,Onur Kaya,24,Attacking Midfield,RSC Charleroi,free transfer,out,Summer,NA,Eredivisie,2010,2010/2011
Vitesse Arnhem,Mads Junker,29,Centre-Forward,Roda JC,free transfer,out,Summer,NA,Eredivisie,2010,2010/2011
Vitesse Arnhem,Nicky Hofs,27,Attacking Midfield,AEL Limassol,?,out,Summer,NA,Eredivisie,2010,2010/2011
Vitesse Arnhem,Jop van der Linden,20,Centre-Back,Helmond Sport,?,out,Summer,NA,Eredivisie,2010,2010/2011
Vitesse Arnhem,Ronald Graafland,31,Goalkeeper,Without Club,-,out,Summer,0,Eredivisie,2010,2010/2011
Vitesse Arnhem,Anduele Pryor,25,Attacking Midfield,Without Club,-,out,Summer,0,Eredivisie,2010,2010/2011
Vitesse Arnhem,Calvin Jong-A-Pin,23,Centre-Back,Heerenveen,"End of loanJun 30, 2010",out,Summer,0,Eredivisie,2010,2010/2011
NAC Breda,Kees Luijckx,24,Centre-Back,AZ Alkmaar,free transfer,in,Summer,NA,Eredivisie,2010,2010/2011
NAC Breda,Ali Boussaboun,31,Left Winger,Al-Nasr,free transfer,in,Summer,NA,Eredivisie,2010,2010/2011
NAC Breda,Nasser El Khayati,21,Attacking Midfield,FC Den Bosch,free transfer,in,Summer,NA,Eredivisie,2010,2010/2011
NAC Breda,Gino Mommers,22,Goalkeeper,RBC Roosendaal,free transfer,in,Summer,NA,Eredivisie,2010,2010/2011
NAC Breda,Jens Janse,24,Right Midfield,Willem II,free transfer,in,Summer,NA,Eredivisie,2010,2010/2011
NAC Breda,Claudio Sabato,25,Left Midfield,Aurore Bienne,?,in,Summer,NA,Eredivisie,2010,2010/2011
NAC Breda,Gábor Horváth,25,Centre-Back,Videoton FC,loan transfer,in,Summer,NA,Eredivisie,2010,2010/2011
NAC Breda,Milano Koenders,24,Centre-Back,AZ Alkmaar,loan transfer,in,Summer,NA,Eredivisie,2010,2010/2011
NAC Breda,Fouad Idabdelhay,22,Centre-Forward,RKC Waalwijk,"End of loanJun 30, 2010",in,Summer,0,Eredivisie,2010,2010/2011
NAC Breda,Kees Kwakman,27,Defensive Midfield,FC Augsburg,£653Th.,out,Summer,0.653,Eredivisie,2010,2010/2011
NAC Breda,Ali Benomar,22,Central Midfield,IFC Ambacht,free transfer,out,Summer,NA,Eredivisie,2010,2010/2011
NAC Breda,Edinho Pattinama,21,Centre-Forward,Leonidas,free transfer,out,Summer,NA,Eredivisie,2010,2010/2011
NAC Breda,Benjamin van Wanrooy,19,Right Winger,Baronie,free transfer,out,Summer,NA,Eredivisie,2010,2010/2011
NAC Breda,Tim Hofstede,20,Centre-Back,FC Den Bosch,free transfer,out,Summer,NA,Eredivisie,2010,2010/2011
NAC Breda,Johan Jansen,21,Goalkeeper,Almere City,free transfer,out,Summer,NA,Eredivisie,2010,2010/2011
NAC Breda,Edwin de Graaf,30,Central Midfield,Hibernian FC,free transfer,out,Summer,NA,Eredivisie,2010,2010/2011
NAC Breda,Rogier Veenstra,22,Left Winger,HSV Hoek,free transfer,out,Summer,NA,Eredivisie,2010,2010/2011
NAC Breda,Patrick Zwaanswijk,35,Centre-Back,Central Coast,free transfer,out,Summer,NA,Eredivisie,2010,2010/2011
NAC Breda,Enric Vallès,20,Central Midfield,Birmingham,free transfer,out,Summer,NA,Eredivisie,2010,2010/2011
NAC Breda,Ellery Cairo,31,Right Winger,Without Club,-,out,Summer,0,Eredivisie,2010,2010/2011
NAC Breda,Tim Coremans,19,Goalkeeper,NAC Breda U21,-,out,Summer,0,Eredivisie,2010,2010/2011
NAC Breda,Kurt Elshot,32,Right-Back,Without Club,-,out,Summer,0,Eredivisie,2010,2010/2011
NAC Breda,Martijn Reuser,35,Attacking Midfield,Retired,-,out,Summer,0,Eredivisie,2010,2010/2011
NAC Breda,Tom van der Leegte,33,Defensive Midfield,Retired,-,out,Summer,0,Eredivisie,2010,2010/2011
Willem II Tilburg,Lars Hutten,20,Centre-Forward,PSV U21,free transfer,in,Summer,NA,Eredivisie,2010,2010/2011
Willem II Tilburg,Giovanni Gravenbeek,22,Central Midfield,Vitesse,free transfer,in,Summer,NA,Eredivisie,2010,2010/2011
Willem II Tilburg,Rowin van Zaanen,25,Left Winger,FC Volendam,free transfer,in,Summer,NA,Eredivisie,2010,2010/2011
Willem II Tilburg,Yevgen Levchenko,32,Central Midfield,Saturn,free transfer,in,Summer,NA,Eredivisie,2010,2010/2011
Willem II Tilburg,Niek Vossebelt,18,Central Midfield,FC Zwolle,free transfer,in,Summer,NA,Eredivisie,2010,2010/2011
Willem II Tilburg,Andreas Lasnik,26,Attacking Midfield,Alem. Aachen,free transfer,in,Summer,NA,Eredivisie,2010,2010/2011
Willem II Tilburg,Pawel Wojciechowski,20,Centre-Forward,Heerenveen,free transfer,in,Summer,NA,Eredivisie,2010,2010/2011
Willem II Tilburg,Veli Lampi,25,Right-Back,FC Zürich,free transfer,in,Summer,NA,Eredivisie,2010,2010/2011
Willem II Tilburg,Juha Hakola,22,Attacking Midfield,Heracles Almelo,free transfer,in,Summer,NA,Eredivisie,2010,2010/2011
Willem II Tilburg,Maceo Rigters,26,Centre-Forward,Blackburn,loan transfer,in,Summer,NA,Eredivisie,2010,2010/2011
Willem II Tilburg,Davino Verhulst,22,Goalkeeper,KRC Genk,loan transfer,in,Summer,NA,Eredivisie,2010,2010/2011
Willem II Tilburg,Andreas Landgren,21,Right-Back,Udinese U19,loan transfer,in,Summer,NA,Eredivisie,2010,2010/2011
Willem II Tilburg,Denis Halilovic,24,Centre-Back,Saturn,loan transfer,in,Summer,NA,Eredivisie,2010,2010/2011
Willem II Tilburg,Ricardo Ippel,19,Central Midfield,Willem II U21,-,in,Summer,0,Eredivisie,2010,2010/2011
Willem II Tilburg,Harmen Kuperus,33,Goalkeeper,Without Club,-,in,Summer,0,Eredivisie,2010,2010/2011
Willem II Tilburg,Frank Demouge,28,Centre-Forward,FC Utrecht,£495Th.,out,Summer,0.495,Eredivisie,2010,2010/2011
Willem II Tilburg,Ariën Pietersma,23,Goalkeeper,Dijkse Boys,free transfer,out,Summer,NA,Eredivisie,2010,2010/2011
Willem II Tilburg,Ratko Vansimpsen,20,Centre-Forward,FC Eindhoven,free transfer,out,Summer,NA,Eredivisie,2010,2010/2011
Willem II Tilburg,Maikel Aerts,34,Goalkeeper,Hertha BSC,free transfer,out,Summer,NA,Eredivisie,2010,2010/2011
Willem II Tilburg,Mehmet Akgün,23,Central Midfield,Genclerbirligi,free transfer,out,Summer,NA,Eredivisie,2010,2010/2011
Willem II Tilburg,Daan van Dinter,21,Left-Back,FC Den Bosch,free transfer,out,Summer,NA,Eredivisie,2010,2010/2011
Willem II Tilburg,Jens Janse,24,Right Midfield,NAC Breda,free transfer,out,Summer,NA,Eredivisie,2010,2010/2011
Willem II Tilburg,Ronnie Reniers,22,Right Winger,FC Den Bosch,free transfer,out,Summer,NA,Eredivisie,2010,2010/2011
Willem II Tilburg,Danny Schenkel,32,Centre-Back,AEK Larnaca,free transfer,out,Summer,NA,Eredivisie,2010,2010/2011
Willem II Tilburg,Marciano Bruma,26,Right-Back,Arka Gdynia,free transfer,out,Summer,NA,Eredivisie,2010,2010/2011
Willem II Tilburg,Boy Deul,22,Attacking Midfield,FC Bayern II,free transfer,out,Summer,NA,Eredivisie,2010,2010/2011
Willem II Tilburg,Ibrahim Kargbo,28,Defensive Midfield,FC Baku,free transfer,out,Summer,NA,Eredivisie,2010,2010/2011
Willem II Tilburg,Saïd Boutahar,27,Attacking Midfield,Without Club,-,out,Summer,0,Eredivisie,2010,2010/2011
Willem II Tilburg,Sergio Zijler,22,Right Winger,Without Club,-,out,Summer,0,Eredivisie,2010,2010/2011
Willem II Tilburg,Christophe Grégoire,30,Left Winger,Without Club,-,out,Summer,0,Eredivisie,2010,2010/2011
Willem II Tilburg,Paul Quasten,25,Left-Back,Without Club,-,out,Summer,0,Eredivisie,2010,2010/2011
Willem II Tilburg,Stef Nijland,21,Attacking Midfield,PSV Eindhoven,"End of loanJun 30, 2010",out,Summer,0,Eredivisie,2010,2010/2011
Willem II Tilburg,Mitchell Donald,21,Central Midfield,Ajax,"End of loanJun 30, 2010",out,Summer,0,Eredivisie,2010,2010/2011
Willem II Tilburg,Frank van der Struijk,25,Right-Back,Vitesse,"End of loanJun 30, 2010",out,Summer,0,Eredivisie,2010,2010/2011
PSV Eindhoven,Marcelo,23,Centre-Back,Wisla Kraków,£3.42m,in,Summer,3.42,Eredivisie,2010,2010/2011
PSV Eindhoven,Jeremain Lens,22,Right Winger,AZ Alkmaar,£3.15m,in,Summer,3.15,Eredivisie,2010,2010/2011
PSV Eindhoven,Jagos Vukovic,22,Centre-Back,Rad,£1.08m,in,Summer,1.08,Eredivisie,2010,2010/2011
PSV Eindhoven,Marcus Berg,23,Centre-Forward,Hamburger SV,Loan fee:£900Th.,in,Summer,0.9,Eredivisie,2010,2010/2011
PSV Eindhoven,Atiba Hutchinson,27,Central Midfield,FC Copenhagen,free transfer,in,Summer,NA,Eredivisie,2010,2010/2011
PSV Eindhoven,Wilfred Bouma,32,Left-Back,Aston Villa,free transfer,in,Summer,NA,Eredivisie,2010,2010/2011
PSV Eindhoven,Bram Castro,27,Goalkeeper,Without Club,-,in,Summer,0,Eredivisie,2010,2010/2011
PSV Eindhoven,Jonathan Reis,21,Centre-Forward,Without Club,-,in,Summer,0,Eredivisie,2010,2010/2011
PSV Eindhoven,Zakaria Labyad,17,Attacking Midfield,PSV U19,-,in,Summer,0,Eredivisie,2010,2010/2011
PSV Eindhoven,Stef Nijland,21,Attacking Midfield,Willem II,"End of loanJun 30, 2010",in,Summer,0,Eredivisie,2010,2010/2011
PSV Eindhoven,Reimond Manco,19,Attacking Midfield,Juan Aurich,"End of loanJun 30, 2010",in,Summer,0,Eredivisie,2010,2010/2011
PSV Eindhoven,Mike Zonneveld,29,Left-Back,FC Groningen,"End of loanJun 30, 2010",in,Summer,0,Eredivisie,2010,2010/2011
PSV Eindhoven,Género Zeefuik,20,Centre-Forward,FC Dordrecht,"End of loanJun 30, 2010",in,Summer,0,Eredivisie,2010,2010/2011
PSV Eindhoven,Carlos Salcido,30,Centre-Back,Fulham,£1.76m,out,Summer,1.76,Eredivisie,2010,2010/2011
PSV Eindhoven,Reimond Manco,19,Attacking Midfield,Juan Aurich,£225Th.,out,Summer,0.225,Eredivisie,2010,2010/2011
PSV Eindhoven,Timmy Simons,33,Defensive Midfield,1.FC Nuremberg,free transfer,out,Summer,NA,Eredivisie,2010,2010/2011
PSV Eindhoven,André Ooijer,36,Centre-Back,Ajax,free transfer,out,Summer,NA,Eredivisie,2010,2010/2011
PSV Eindhoven,Steve Olfers,28,Centre-Back,FK Qabala,free transfer,out,Summer,NA,Eredivisie,2010,2010/2011
PSV Eindhoven,Mike Zonneveld,29,Left-Back,AEL Limassol,?,out,Summer,NA,Eredivisie,2010,2010/2011
PSV Eindhoven,Dirk Marcellis,22,Centre-Back,AZ Alkmaar,?,out,Summer,NA,Eredivisie,2010,2010/2011
PSV Eindhoven,Andy van der Meyde,30,Right Winger,Career break,-,out,Summer,0,Eredivisie,2010,2010/2011
PSV Eindhoven,Bas Roorda,37,Goalkeeper,Retired,-,out,Summer,0,Eredivisie,2010,2010/2011
PSV Eindhoven,Jagos Vukovic,22,Centre-Back,Rad,"End of loanJun 30, 2010",out,Summer,0,Eredivisie,2010,2010/2011
Twente Enschede FC,Marc Janko,27,Centre-Forward,RB Salzburg,£6.30m,in,Summer,6.3,Eredivisie,2010,2010/2011
Twente Enschede FC,Emir Bajrami,22,Right Winger,Elfsborg,£3.15m,in,Summer,3.15,Eredivisie,2010,2010/2011
Twente Enschede FC,Roberto Rosales,21,Right-Back,KAA Gent,£1.80m,in,Summer,1.8,Eredivisie,2010,2010/2011
Twente Enschede FC,Bart Buysse,23,Left-Back,Zulte Waregem,£450Th.,in,Summer,0.45,Eredivisie,2010,2010/2011
Twente Enschede FC,Nacer Chadli,20,Left Winger,AGOVV,£360Th.,in,Summer,0.36,Eredivisie,2010,2010/2011
Twente Enschede FC,Rasmus Bengtsson,24,Centre-Back,Hertha BSC,free transfer,in,Summer,NA,Eredivisie,2010,2010/2011
Twente Enschede FC,Denny Landzaat,34,Central Midfield,Feyenoord,free transfer,in,Summer,NA,Eredivisie,2010,2010/2011
Twente Enschede FC,Wilko de Vogt,34,Goalkeeper,FC Oss,free transfer,in,Summer,NA,Eredivisie,2010,2010/2011
Twente Enschede FC,Nikolay Mihaylov,22,Goalkeeper,Liverpool,free transfer,in,Summer,NA,Eredivisie,2010,2010/2011
Twente Enschede FC,Anouar Diba,27,Right Winger,Al-Nasr,free transfer,in,Summer,NA,Eredivisie,2010,2010/2011
Twente Enschede FC,Romano Denneboom,29,Right Winger,Sparta R.,?,in,Summer,NA,Eredivisie,2010,2010/2011
Twente Enschede FC,Arnold Bruggink,33,Attacking Midfield,Without Club,-,in,Summer,0,Eredivisie,2010,2010/2011
Twente Enschede FC,Ola John,18,Left Winger,FC Twente U19,-,in,Summer,0,Eredivisie,2010,2010/2011
Twente Enschede FC,Alexander Bannink,20,Attacking Midfield,FC Twente U21,-,in,Summer,0,Eredivisie,2010,2010/2011
Twente Enschede FC,Nikita Rukavytsya,23,Centre-Forward,KSV Roeselare,"End of loanJun 30, 2010",in,Summer,0,Eredivisie,2010,2010/2011
Twente Enschede FC,Jeroen Heubach,35,Left-Back,NEC Nijmegen,"End of loanJun 30, 2010",in,Summer,0,Eredivisie,2010,2010/2011
Twente Enschede FC,Marko Arnautovic,21,Centre-Forward,Inter,"End of loanJun 30, 2010",in,Summer,0,Eredivisie,2010,2010/2011
Twente Enschede FC,Jules Reimerink,20,Left Winger,Go Ahead Eagles,"End of loanJun 30, 2010",in,Summer,0,Eredivisie,2010,2010/2011
Twente Enschede FC,Marko Arnautovic,21,Centre-Forward,Werder Bremen,£5.58m,out,Summer,5.58,Eredivisie,2010,2010/2011
Twente Enschede FC,Cheik Tioté,24,Defensive Midfield,Newcastle,£3.85m,out,Summer,3.85,Eredivisie,2010,2010/2011
Twente Enschede FC,Ronnie Stam,26,Right-Back,Wigan,£3.60m,out,Summer,3.6,Eredivisie,2010,2010/2011
Twente Enschede FC,Cees Paauwe,32,Goalkeeper,Excelsior,free transfer,out,Summer,NA,Eredivisie,2010,2010/2011
Twente Enschede FC,Kenneth Pérez,35,Centre-Forward,AFC Amsterdam,free transfer,out,Summer,NA,Eredivisie,2010,2010/2011
Twente Enschede FC,Nikita Rukavytsya,23,Centre-Forward,Hertha BSC,free transfer,out,Summer,NA,Eredivisie,2010,2010/2011
Twente Enschede FC,Blaise Nkufo,35,Centre-Forward,Seattle,free transfer,out,Summer,NA,Eredivisie,2010,2010/2011
Twente Enschede FC,David Carney,26,Left Midfield,Blackpool,free transfer,out,Summer,NA,Eredivisie,2010,2010/2011
Twente Enschede FC,Andrej Rendla,19,Right Winger,Heracles Almelo,loan transfer,out,Summer,NA,Eredivisie,2010,2010/2011
Twente Enschede FC,Alexander Bannink,20,Attacking Midfield,Heracles Almelo,loan transfer,out,Summer,NA,Eredivisie,2010,2010/2011
Twente Enschede FC,Jules Reimerink,20,Left Winger,Energie Cottbus,?,out,Summer,NA,Eredivisie,2010,2010/2011
Twente Enschede FC,Vaqif Dzhavadov,21,Centre-Forward,FC Baku,loan transfer,out,Summer,NA,Eredivisie,2010,2010/2011
Twente Enschede FC,Romano Denneboom,29,Right Winger,Without Club,-,out,Summer,0,Eredivisie,2010,2010/2011
Twente Enschede FC,Jeroen Heubach,35,Left-Back,Retired,-,out,Summer,0,Eredivisie,2010,2010/2011
Twente Enschede FC,Wellington,22,Centre-Forward,TSG Hoffenheim,"End of loanJun 30, 2010",out,Summer,0,Eredivisie,2010,2010/2011
Twente Enschede FC,Miroslav Stoch,20,Left Winger,Chelsea,"End of loanJun 30, 2010",out,Summer,0,Eredivisie,2010,2010/2011
Twente Enschede FC,Ransford Osei,19,Centre-Forward,Maccabi Haifa,"End of loanJun 30, 2010",out,Summer,0,Eredivisie,2010,2010/2011
Twente Enschede FC,Slobodan Rajkovic,21,Centre-Back,Chelsea,"End of loanJun 30, 2010",out,Summer,0,Eredivisie,2010,2010/2011
Twente Enschede FC,Nikolay Mihaylov,22,Goalkeeper,Liverpool,"End of loanJun 30, 2010",out,Summer,0,Eredivisie,2010,2010/2011
SC Heerenveen,Bas Dost,21,Centre-Forward,Heracles Almelo,£2.48m,in,Summer,2.48,Eredivisie,2010,2010/2011
SC Heerenveen,Kevin Stuhr-Ellegaard,27,Goalkeeper,Randers FC,free transfer,in,Summer,NA,Eredivisie,2010,2010/2011
SC Heerenveen,René Oosterhof,20,Goalkeeper,FC Zwolle,free transfer,in,Summer,NA,Eredivisie,2010,2010/2011
SC Heerenveen,Arnold Kruiswijk,25,Centre-Back,RSC Anderlecht,free transfer,in,Summer,NA,Eredivisie,2010,2010/2011
SC Heerenveen,Youssef El Akchaoui,29,Left-Back,NEC Nijmegen,free transfer,in,Summer,NA,Eredivisie,2010,2010/2011
SC Heerenveen,Luciano Narsingh,19,Right Winger,H'veen/Emmen II,-,in,Summer,0,Eredivisie,2010,2010/2011
SC Heerenveen,Björn Jónsson,19,Attacking Midfield,H'veen/Emmen II,-,in,Summer,0,Eredivisie,2010,2010/2011
SC Heerenveen,Cecilio Lopes,32,Centre-Forward,FC Zwolle,"End of loanJun 30, 2010",in,Summer,0,Eredivisie,2010,2010/2011
SC Heerenveen,Arjen Bergsma,21,Centre-Back,FC Emmen,"End of loanJun 30, 2010",in,Summer,0,Eredivisie,2010,2010/2011
SC Heerenveen,Tarik Elyounoussi,22,Centre-Forward,Lillestrøm,"End of loanJun 30, 2010",in,Summer,0,Eredivisie,2010,2010/2011
SC Heerenveen,Milan Kopic,24,Centre-Back,Slavia Prague,"End of loanJun 30, 2010",in,Summer,0,Eredivisie,2010,2010/2011
SC Heerenveen,Calvin Jong-A-Pin,23,Centre-Back,Vitesse,"End of loanJun 30, 2010",in,Summer,0,Eredivisie,2010,2010/2011
SC Heerenveen,Henrico Drost,23,Centre-Back,VVV-Venlo,"End of loanJun 30, 2010",in,Summer,0,Eredivisie,2010,2010/2011
SC Heerenveen,Goran Popov,25,Left-Back,Dynamo Kyiv,£1.58m,out,Summer,1.58,Eredivisie,2010,2010/2011
SC Heerenveen,Kristian Bach Bak,27,Right-Back,FC Midtjylland,£450Th.,out,Summer,0.45,Eredivisie,2010,2010/2011
SC Heerenveen,Pawel Wojciechowski,20,Centre-Forward,Willem II,free transfer,out,Summer,NA,Eredivisie,2010,2010/2011
SC Heerenveen,Arjen Bergsma,21,Centre-Back,Harkemase Boys,free transfer,out,Summer,NA,Eredivisie,2010,2010/2011
SC Heerenveen,Gerald Sibon,36,Centre-Forward,Melbourne Heart,free transfer,out,Summer,NA,Eredivisie,2010,2010/2011
SC Heerenveen,Henrico Drost,23,Centre-Back,RKC Waalwijk,free transfer,out,Summer,NA,Eredivisie,2010,2010/2011
SC Heerenveen,Michael Dingsdag,27,Centre-Back,FC Sion,free transfer,out,Summer,NA,Eredivisie,2010,2010/2011
SC Heerenveen,Arnór Smárason,21,Second Striker,Esbjerg fB,free transfer,out,Summer,NA,Eredivisie,2010,2010/2011
SC Heerenveen,Cecilio Lopes,32,Centre-Forward,FC Dordrecht,free transfer,out,Summer,NA,Eredivisie,2010,2010/2011
SC Heerenveen,Björn Jónsson,20,Attacking Midfield,KR Reykjavík,free transfer,out,Summer,NA,Eredivisie,2010,2010/2011
SC Heerenveen,Richard Stolte,20,Left Midfield,FC Emmen,loan transfer,out,Summer,NA,Eredivisie,2010,2010/2011
SC Heerenveen,Henk Timmer,38,Goalkeeper,Retired,-,out,Summer,0,Eredivisie,2010,2010/2011
SC Heerenveen,Diederik Bangma,20,Goalkeeper,H'veen/Emmen II,-,out,Summer,0,Eredivisie,2010,2010/2011
SC Heerenveen,Martin Lejsal,27,Goalkeeper,Zbrojovka Brno,"End of loanJun 30, 2010",out,Summer,0,Eredivisie,2010,2010/2011
SC Heerenveen,Hernán Losada,28,Attacking Midfield,RSC Anderlecht,"End of loanJun 30, 2010",out,Summer,0,Eredivisie,2010,2010/2011
Feyenoord Rotterdam,Michael Lumb,22,Left-Back,Zenit S-Pb,Loan fee:£180Th.,in,Summer,0.18,Eredivisie,2010,2010/2011
Feyenoord Rotterdam,Ruben Schaken,28,Right Winger,VVV-Venlo,free transfer,in,Summer,NA,Eredivisie,2010,2010/2011
Feyenoord Rotterdam,Adil Auassar,23,Defensive Midfield,VVV-Venlo,free transfer,in,Summer,NA,Eredivisie,2010,2010/2011
Feyenoord Rotterdam,Fedor Smolov,20,Centre-Forward,Dinamo Moscow,loan transfer,in,Summer,NA,Eredivisie,2010,2010/2011
Feyenoord Rotterdam,Jerson Cabral,19,Left Winger,Feyenoord U19,-,in,Summer,0,Eredivisie,2010,2010/2011
Feyenoord Rotterdam,Ricky van Haaren,19,Central Midfield,Feyenoord U19,-,in,Summer,0,Eredivisie,2010,2010/2011
Feyenoord Rotterdam,Jordy Clasie,19,Defensive Midfield,Feyenoord U19,-,in,Summer,0,Eredivisie,2010,2010/2011
Feyenoord Rotterdam,Kermit Erasmus,19,Centre-Forward,Excelsior,"End of loanJun 30, 2010",in,Summer,0,Eredivisie,2010,2010/2011
Feyenoord Rotterdam,Luis Pedro,20,Right Winger,Excelsior,"End of loanJun 30, 2010",in,Summer,0,Eredivisie,2010,2010/2011
Feyenoord Rotterdam,Kamohelo Mokotjo,19,Defensive Midfield,Excelsior,"End of loanJun 30, 2010",in,Summer,0,Eredivisie,2010,2010/2011
Feyenoord Rotterdam,Tim Vincken,23,Right Winger,Excelsior,"End of loanJun 30, 2010",in,Summer,0,Eredivisie,2010,2010/2011
Feyenoord Rotterdam,Michal Janota,19,Attacking Midfield,Excelsior,"End of loanJun 30, 2010",in,Summer,0,Eredivisie,2010,2010/2011
Feyenoord Rotterdam,Norichio Nieveld,21,Centre-Back,Excelsior,"End of loanJun 30, 2010",in,Summer,0,Eredivisie,2010,2010/2011
Feyenoord Rotterdam,Kevin Wattamaleo,21,Central Midfield,Excelsior,"End of loanJun 30, 2010",in,Summer,0,Eredivisie,2010,2010/2011
Feyenoord Rotterdam,Norichio Nieveld,21,Centre-Back,Excelsior,free transfer,out,Summer,NA,Eredivisie,2010,2010/2011
Feyenoord Rotterdam,Michal Janota,19,Attacking Midfield,Go Ahead Eagles,free transfer,out,Summer,NA,Eredivisie,2010,2010/2011
Feyenoord Rotterdam,Denny Landzaat,34,Central Midfield,Twente FC,free transfer,out,Summer,NA,Eredivisie,2010,2010/2011
Feyenoord Rotterdam,Luis Pedro,20,Right Winger,Go Ahead Eagles,free transfer,out,Summer,NA,Eredivisie,2010,2010/2011
Feyenoord Rotterdam,Kevin Wattamaleo,21,Central Midfield,Excelsior,free transfer,out,Summer,NA,Eredivisie,2010,2010/2011
Feyenoord Rotterdam,Tim Vincken,23,Right Winger,Excelsior,free transfer,out,Summer,NA,Eredivisie,2010,2010/2011
Feyenoord Rotterdam,Mitchell Schet,22,Right Winger,RKC Waalwijk,free transfer,out,Summer,NA,Eredivisie,2010,2010/2011
Feyenoord Rotterdam,Jonathan de Guzmán,22,Central Midfield,RCD Mallorca,free transfer,out,Summer,NA,Eredivisie,2010,2010/2011
Feyenoord Rotterdam,Kermit Erasmus,20,Centre-Forward,SuperSport Utd.,free transfer,out,Summer,NA,Eredivisie,2010,2010/2011
Feyenoord Rotterdam,Kevin Hofland,31,Centre-Back,AEK Larnaca,loan transfer,out,Summer,NA,Eredivisie,2010,2010/2011
Feyenoord Rotterdam,Jordy Clasie,19,Defensive Midfield,Excelsior,loan transfer,out,Summer,NA,Eredivisie,2010,2010/2011
Feyenoord Rotterdam,Roy Makaay,35,Centre-Forward,Retired,-,out,Summer,0,Eredivisie,2010,2010/2011
Feyenoord Rotterdam,Giovanni van Bronckhorst,35,Left-Back,Retired,-,out,Summer,0,Eredivisie,2010,2010/2011
Feyenoord Rotterdam,Stefan Babovic,23,Attacking Midfield,FC Nantes,"End of loanJun 30, 2010",out,Summer,0,Eredivisie,2010,2010/2011
FC Groningen,Dusan Tadic,21,Left Winger,Vojvodina,£990Th.,in,Summer,0.99,Eredivisie,2010,2010/2011
FC Groningen,Jonas Ivens,25,Centre-Back,KV Mechelen,£450Th.,in,Summer,0.45,Eredivisie,2010,2010/2011
FC Groningen,Maikel Kieftenbeld,20,Defensive Midfield,Go Ahead Eagles,£270Th.,in,Summer,0.27,Eredivisie,2010,2010/2011
FC Groningen,Jorrit Kunst,21,Right-Back,FC Groning. U21,-,in,Summer,0,Eredivisie,2010,2010/2011
FC Groningen,Michael Jansen,26,Left-Back,Go Ahead Eagles,"End of loanJun 30, 2010",in,Summer,0,Eredivisie,2010,2010/2011
FC Groningen,Gonzalo García,26,Second Striker,VVV-Venlo,"End of loanJun 30, 2010",in,Summer,0,Eredivisie,2010,2010/2011
FC Groningen,Shkodran Metaj,22,Defensive Midfield,RKC Waalwijk,"End of loanJun 30, 2010",in,Summer,0,Eredivisie,2010,2010/2011
FC Groningen,Jeroen Veldmate,21,Centre-Back,Helmond Sport,"End of loanJun 30, 2010",in,Summer,0,Eredivisie,2010,2010/2011
FC Groningen,Sepp De Roover,25,Right-Back,KSC Lokeren,£248Th.,out,Summer,0.248,Eredivisie,2010,2010/2011
FC Groningen,Ondrej Svejdik,27,Centre-Back,Without Club,free transfer,out,Summer,NA,Eredivisie,2010,2010/2011
FC Groningen,Goran Lovre,28,Central Midfield,Barnsley FC,free transfer,out,Summer,NA,Eredivisie,2010,2010/2011
FC Groningen,Gibril Sankoh,27,Centre-Back,FC Augsburg,free transfer,out,Summer,NA,Eredivisie,2010,2010/2011
FC Groningen,Frank Olijve,21,Central Midfield,FC Zwolle,free transfer,out,Summer,NA,Eredivisie,2010,2010/2011
FC Groningen,Theo Lucius,33,Defensive Midfield,FC Den Bosch,free transfer,out,Summer,NA,Eredivisie,2010,2010/2011
FC Groningen,Michael Jansen,26,Left-Back,SC Veendam,loan transfer,out,Summer,NA,Eredivisie,2010,2010/2011
FC Groningen,Serhat Koc,19,Centre-Forward,SC Cambuur,loan transfer,out,Summer,NA,Eredivisie,2010,2010/2011
FC Groningen,Morten Nordstrand,27,Centre-Forward,FC Copenhagen,"End of loanJun 30, 2010",out,Summer,0,Eredivisie,2010,2010/2011
FC Groningen,Daley Blind,20,Left-Back,Ajax,"End of loanJun 30, 2010",out,Summer,0,Eredivisie,2010,2010/2011
FC Groningen,Mike Zonneveld,29,Left-Back,PSV Eindhoven,"End of loanJun 30, 2010",out,Summer,0,Eredivisie,2010,2010/2011
FC Utrecht,Frank Demouge,28,Centre-Forward,Willem II,£495Th.,in,Summer,0.495,Eredivisie,2010,2010/2011
FC Utrecht,Tommy Oar,18,Left Winger,Brisbane Roar,?,in,Summer,NA,Eredivisie,2010,2010/2011
FC Utrecht,Michael Zullo,21,Left-Back,Brisbane Roar,?,in,Summer,NA,Eredivisie,2010,2010/2011
FC Utrecht,Adam Sarota,21,Right Midfield,Brisbane Roar,?,in,Summer,NA,Eredivisie,2010,2010/2011
FC Utrecht,Édouard Duplan,27,Left Winger,Sparta R.,?,in,Summer,NA,Eredivisie,2010,2010/2011
FC Utrecht,Ismo Vorstermans,21,Centre-Back,Utrecht U21,-,in,Summer,0,Eredivisie,2010,2010/2011
FC Utrecht,Erixon Danso,20,Attacking Midfield,Utrecht U21,-,in,Summer,0,Eredivisie,2010,2010/2011
FC Utrecht,Vito Wormgoor,21,Centre-Back,De Graafschap,"End of loanJun 30, 2010",in,Summer,0,Eredivisie,2010,2010/2011
FC Utrecht,Gregory Schaken,21,Left Winger,Telstar,"End of loanJun 30, 2010",in,Summer,0,Eredivisie,2010,2010/2011
FC Utrecht,André Krul,23,Goalkeeper,Telstar,"End of loanJun 30, 2010",in,Summer,0,Eredivisie,2010,2010/2011
FC Utrecht,Gregoor van Dijk,28,Central Midfield,AEK Larnaca,free transfer,out,Summer,NA,Eredivisie,2010,2010/2011
FC Utrecht,Francis Dickoh,27,Centre-Back,Hibernian FC,free transfer,out,Summer,NA,Eredivisie,2010,2010/2011
FC Utrecht,Loïc Loval,28,Left Winger,Vannes,free transfer,out,Summer,NA,Eredivisie,2010,2010/2011
FC Utrecht,Leroy George,23,Left Winger,NEC Nijmegen,free transfer,out,Summer,NA,Eredivisie,2010,2010/2011
FC Utrecht,Vito Wormgoor,21,Centre-Back,De Graafschap,free transfer,out,Summer,NA,Eredivisie,2010,2010/2011
FC Utrecht,Ken van Mierlo,22,Central Midfield,RBC Roosendaal,free transfer,out,Summer,NA,Eredivisie,2010,2010/2011
FC Utrecht,Gregory Schaken,21,Left Winger,Unknown,free transfer,out,Summer,NA,Eredivisie,2010,2010/2011
FC Utrecht,Kevin Vandenbergh,27,Centre-Forward,KAS Eupen,?,out,Summer,NA,Eredivisie,2010,2010/2011
FC Utrecht,André Krul,23,Goalkeeper,Sparta R.,loan transfer,out,Summer,NA,Eredivisie,2010,2010/2011
FC Utrecht,Hans Somers,32,Left Midfield,Without Club,-,out,Summer,0,Eredivisie,2010,2010/2011
Roda JC Kerkrade,Mateusz Prus,20,Goalkeeper,Z. Sosnowiec,£90Th.,in,Summer,0.09,Eredivisie,2010,2010/2011
Roda JC Kerkrade,Eelco Horsten,20,Right-Back,PSV U21,free transfer,in,Summer,NA,Eredivisie,2010,2010/2011
Roda JC Kerkrade,Jimmy Hempte,28,Left-Back,KV Kortrijk,free transfer,in,Summer,NA,Eredivisie,2010,2010/2011
Roda JC Kerkrade,Mads Junker,29,Centre-Forward,Vitesse,free transfer,in,Summer,NA,Eredivisie,2010,2010/2011
Roda JC Kerkrade,Stein Huysegems,28,Centre-Forward,KRC Genk,loan transfer,in,Summer,NA,Eredivisie,2010,2010/2011
Roda JC Kerkrade,Rob Wielaert,31,Centre-Back,Ajax,loan transfer,in,Summer,NA,Eredivisie,2010,2010/2011
Roda JC Kerkrade,Aleksandar Stankov,19,Second Striker,Roda JC U19,-,in,Summer,0,Eredivisie,2010,2010/2011
Roda JC Kerkrade,Antonio Stankov,19,Right-Back,Roda JC U19,-,in,Summer,0,Eredivisie,2010,2010/2011
Roda JC Kerkrade,Edwin Linssen,29,Defensive Midfield,Fortuna Sittard,"End of loanJun 30, 2010",in,Summer,0,Eredivisie,2010,2010/2011
Roda JC Kerkrade,Harrie Gommans,27,Centre-Forward,Fortuna Sittard,"End of loanJun 30, 2010",in,Summer,0,Eredivisie,2010,2010/2011
Roda JC Kerkrade,Edwin Linssen,29,Defensive Midfield,AEK Larnaca,free transfer,out,Summer,NA,Eredivisie,2010,2010/2011
Roda JC Kerkrade,Cliff Mardulier,27,Goalkeeper,MVV Maastricht,free transfer,out,Summer,NA,Eredivisie,2010,2010/2011
Roda JC Kerkrade,Kris De Wree,29,Right-Back,Lierse SK,free transfer,out,Summer,NA,Eredivisie,2010,2010/2011
Roda JC Kerkrade,Jamaïque Vandamme,24,Attacking Midfield,RAEC Mons,free transfer,out,Summer,NA,Eredivisie,2010,2010/2011
Roda JC Kerkrade,Jan-Paul Saeijs,32,Centre-Back,De Graafschap,free transfer,out,Summer,NA,Eredivisie,2010,2010/2011
Roda JC Kerkrade,Kjell Knops,22,Centre-Back,EVV Echt,free transfer,out,Summer,NA,Eredivisie,2010,2010/2011
Roda JC Kerkrade,Marcel de Jong,23,Left-Back,FC Augsburg,free transfer,out,Summer,NA,Eredivisie,2010,2010/2011
Roda JC Kerkrade,Harrie Gommans,27,Centre-Forward,Waasl.-Beveren,free transfer,out,Summer,NA,Eredivisie,2010,2010/2011
Roda JC Kerkrade,Bram Castro,27,Goalkeeper,Without Club,-,out,Summer,0,Eredivisie,2010,2010/2011
Roda JC Kerkrade,Adnan Secerovic,18,Defensive Midfield,NEC Nijmegen,loan transfer,out,Summer,NA,Eredivisie,2010,2010/2011
Roda JC Kerkrade,Mads Junker,29,Centre-Forward,Vitesse,"End of loanJun 30, 2010",out,Summer,0,Eredivisie,2010,2010/2011
Roda JC Kerkrade,Arnold Kruiswijk,25,Centre-Back,RSC Anderlecht,"End of loanJun 30, 2010",out,Summer,0,Eredivisie,2010,2010/2011
NEC Nijmegen,Erton Fejzullahu,22,Centre-Forward,Randers FC,loan transfer,out,Winter,NA,Eredivisie,2010,2010/2011
VVV-Venlo,Robin Udegbe,19,Goalkeeper,Düsseldorf-West,free transfer,in,Winter,NA,Eredivisie,2010,2010/2011
VVV-Venlo,Robert Cullen,25,Centre-Forward,Roasso Kumamoto,?,in,Winter,NA,Eredivisie,2010,2010/2011
VVV-Venlo,Dario Vujicevic,20,Defensive Midfield,Twente FC,loan transfer,in,Winter,NA,Eredivisie,2010,2010/2011
VVV-Venlo,Funso Ojo,19,Central Midfield,PSV Eindhoven,loan transfer,in,Winter,NA,Eredivisie,2010,2010/2011
VVV-Venlo,Youssef El Akchaoui,29,Left-Back,Heerenveen,loan transfer,in,Winter,NA,Eredivisie,2010,2010/2011
VVV-Venlo,Patrick Paauwe,35,Centre-Back,Retired,-,out,Winter,0,Eredivisie,2010,2010/2011
VVV-Venlo,Diogo Viana,20,Right-Back,FC Porto,"End of loanDec 1, 2010",out,Winter,0,Eredivisie,2010,2010/2011
Heracles Almelo,Thomas Bruns,18,Central Midfield,FC Twente U19,?,in,Winter,NA,Eredivisie,2010,2010/2011
Heracles Almelo,Resit Schuurman,31,Defensive Midfield,Go Ahead Eagles,?,out,Winter,NA,Eredivisie,2010,2010/2011
Heracles Almelo,Alexander Bannink,20,Attacking Midfield,Twente FC,"End of loanDec 31, 2010",out,Winter,0,Eredivisie,2010,2010/2011
ADO Den Haag,Jordy Brouwer,22,Centre-Forward,Liverpool Res.,free transfer,in,Winter,NA,Eredivisie,2010,2010/2011
ADO Den Haag,Chiró N'Toko,22,Centre-Back,Without Club,-,in,Winter,0,Eredivisie,2010,2010/2011
ADO Den Haag,Ricky van den Bergh,30,Attacking Midfield,Sparta R.,free transfer,out,Winter,NA,Eredivisie,2010,2010/2011
ADO Den Haag,Santy Hulst,24,Attacking Midfield,FC Dordrecht,loan transfer,out,Winter,NA,Eredivisie,2010,2010/2011
ADO Den Haag,Leroy Resodihardjo,23,Defensive Midfield,Almere City,loan transfer,out,Winter,NA,Eredivisie,2010,2010/2011
ADO Den Haag,Nico Pellatz,24,Goalkeeper,Excelsior,loan transfer,out,Winter,NA,Eredivisie,2010,2010/2011
AZ Alkmaar,Etiënne Reijnen,23,Centre-Back,FC Zwolle,£90Th.,in,Winter,0.09,Eredivisie,2010,2010/2011
AZ Alkmaar,Toine van Huizen,20,Centre-Back,Telstar,"End of loanDec 31, 2010",in,Winter,0,Eredivisie,2010,2010/2011
AZ Alkmaar,Jonathas,21,Centre-Forward,Brescia,£270Th.,out,Winter,0.27,Eredivisie,2010,2010/2011
AZ Alkmaar,Kew Jaliens,32,Centre-Back,Wisla Kraków,free transfer,out,Winter,NA,Eredivisie,2010,2010/2011
AZ Alkmaar,Gill Swerts,28,Right-Back,Feyenoord,loan transfer,out,Winter,NA,Eredivisie,2010,2010/2011
AZ Alkmaar,Gijs Luirink,27,Centre-Back,SC Cambuur,loan transfer,out,Winter,NA,Eredivisie,2010,2010/2011
AZ Alkmaar,James Holland,21,Defensive Midfield,Sparta R.,loan transfer,out,Winter,NA,Eredivisie,2010,2010/2011
Excelsior Rotterdam,András Simon,20,Centre-Forward,Liverpool,free transfer,in,Winter,NA,Eredivisie,2010,2010/2011
Excelsior Rotterdam,Marvin Zeegelaar,20,Left-Back,Ajax,loan transfer,in,Winter,NA,Eredivisie,2010,2010/2011
Excelsior Rotterdam,Edwin de Graaf,30,Central Midfield,Hibernian FC,loan transfer,in,Winter,NA,Eredivisie,2010,2010/2011
Excelsior Rotterdam,Geert Arend Roorda,22,Attacking Midfield,Heerenveen,loan transfer,in,Winter,NA,Eredivisie,2010,2010/2011
Excelsior Rotterdam,Nico Pellatz,24,Goalkeeper,ADO Den Haag,loan transfer,in,Winter,NA,Eredivisie,2010,2010/2011
Excelsior Rotterdam,Delano a Cohen,19,Defensive Midfield,Almere City,loan transfer,out,Winter,NA,Eredivisie,2010,2010/2011
Excelsior Rotterdam,Karim Mossaoui,22,Central Midfield,Fortuna Sittard,loan transfer,out,Winter,NA,Eredivisie,2010,2010/2011
Excelsior Rotterdam,Jerson Ribeiro,22,Attacking Midfield,Fortuna Sittard,loan transfer,out,Winter,NA,Eredivisie,2010,2010/2011
Excelsior Rotterdam,Konstantinos Lamprou,19,Goalkeeper,Feyenoord U21,"End of loanDec 31, 2010",out,Winter,0,Eredivisie,2010,2010/2011
De Graafschap Doetinchem,Tyrone Loran,29,Right-Back,NAC Breda,?,in,Winter,NA,Eredivisie,2010,2010/2011
Ajax Amsterdam,Lorenzo Ebecilio,19,Attacking Midfield,Ajax U21,-,in,Winter,0,Eredivisie,2010,2010/2011
Ajax Amsterdam,Darío Cvitanich,26,Centre-Forward,CF Pachuca,"End of loanDec 31, 2010",in,Winter,0,Eredivisie,2010,2010/2011
Ajax Amsterdam,Bruno Silva,30,Right-Back,Internacional,"End of loanDec 31, 2010",in,Winter,0,Eredivisie,2010,2010/2011
Ajax Amsterdam,Luis Suárez,24,Centre-Forward,Liverpool,£23.85m,out,Winter,23.85,Eredivisie,2010,2010/2011
Ajax Amsterdam,Urby Emanuelson,24,Central Midfield,AC Milan,£2.25m,out,Winter,2.25,Eredivisie,2010,2010/2011
Ajax Amsterdam,Mido,27,Centre-Forward,Zamalek,free transfer,out,Winter,NA,Eredivisie,2010,2010/2011
Ajax Amsterdam,Darko Bodul,22,Second Striker,Nacional,free transfer,out,Winter,NA,Eredivisie,2010,2010/2011
Ajax Amsterdam,Teemu Tainio,31,Defensive Midfield,New York,free transfer,out,Winter,NA,Eredivisie,2010,2010/2011
Ajax Amsterdam,Marvin Zeegelaar,20,Left-Back,Excelsior,loan transfer,out,Winter,NA,Eredivisie,2010,2010/2011
Vitesse Arnhem,Wilfried Bony,22,Centre-Forward,Sparta Prague,£3.60m,in,Winter,3.6,Eredivisie,2010,2010/2011
Vitesse Arnhem,Haruna Babangida,28,Right Winger,1.FSV Mainz 05,free transfer,in,Winter,NA,Eredivisie,2010,2010/2011
Vitesse Arnhem,Jordi López,29,Central Midfield,Swansea,free transfer,in,Winter,NA,Eredivisie,2010,2010/2011
Vitesse Arnhem,Michihiro Yasuda,23,Left-Back,Gamba Osaka,?,in,Winter,NA,Eredivisie,2010,2010/2011
Vitesse Arnhem,Martí Riverola,19,Central Midfield,Barcelona B,loan transfer,in,Winter,NA,Eredivisie,2010,2010/2011
Vitesse Arnhem,Civard Sprockel,27,Centre-Back,Anorthosis,free transfer,out,Winter,NA,Eredivisie,2010,2010/2011
Vitesse Arnhem,Wiljan Pluim,21,Attacking Midfield,Roda JC,loan transfer,out,Winter,NA,Eredivisie,2010,2010/2011
Vitesse Arnhem,Lasse Nilsson,29,Centre-Forward,Elfsborg,?,out,Winter,NA,Eredivisie,2010,2010/2011
Vitesse Arnhem,Kevin van Diermen,21,Centre-Back,Go Ahead Eagles,loan transfer,out,Winter,NA,Eredivisie,2010,2010/2011
Vitesse Arnhem,Jeroen Drost,23,Left-Back,FC Zwolle,loan transfer,out,Winter,NA,Eredivisie,2010,2010/2011
Vitesse Arnhem,Julian Jenner,26,Right Winger,NAC Breda,loan transfer,out,Winter,NA,Eredivisie,2010,2010/2011
Vitesse Arnhem,Laryea Kingston,30,Central Midfield,Without Club,-,out,Winter,0,Eredivisie,2010,2010/2011
Vitesse Arnhem,Nacer Barazite,20,Attacking Midfield,Arsenal,"End of loanDec 23, 2010",out,Winter,0,Eredivisie,2010,2010/2011
NAC Breda,Julian Jenner,26,Right Winger,Vitesse,loan transfer,in,Winter,NA,Eredivisie,2010,2010/2011
NAC Breda,Tyrone Loran,29,Right-Back,De Graafschap,?,out,Winter,NA,Eredivisie,2010,2010/2011
Willem II Tilburg,Vladan Kujovic,32,Goalkeeper,Lierse SK,?,in,Winter,NA,Eredivisie,2010,2010/2011
Willem II Tilburg,Gerrit Pressel,20,Attacking Midfield,Hamburger SV II,loan transfer,in,Winter,NA,Eredivisie,2010,2010/2011
Willem II Tilburg,David Strihavka,27,Centre-Forward,Viktoria Plzen,loan transfer,in,Winter,NA,Eredivisie,2010,2010/2011
Willem II Tilburg,Rangelo Janga,18,Centre-Forward,Willem II/RKC-19,-,in,Winter,0,Eredivisie,2010,2010/2011
Willem II Tilburg,Dragan Jelic,24,Centre-Forward,NK Maribor,loan transfer,in,Winter,NA,Eredivisie,2010,2010/2011
Willem II Tilburg,Jasper Waalkens,21,Left Winger,Helmond Sport,loan transfer,out,Winter,NA,Eredivisie,2010,2010/2011
Willem II Tilburg,Junior Livramento,23,Left Midfield,RBC Roosendaal,loan transfer,out,Winter,NA,Eredivisie,2010,2010/2011
PSV Eindhoven,Ibrahim Rabiu,19,Central Midfield,Without Club,-,in,Winter,0,Eredivisie,2010,2010/2011
PSV Eindhoven,Ibrahim Afellay,24,Left Midfield,Barcelona,£2.70m,out,Winter,2.7,Eredivisie,2010,2010/2011
PSV Eindhoven,Nordin Amrabat,23,Right Winger,Kayserispor,£990Th.,out,Winter,0.99,Eredivisie,2010,2010/2011
PSV Eindhoven,Bram Castro,28,Goalkeeper,Sint-Truiden,?,out,Winter,NA,Eredivisie,2010,2010/2011
PSV Eindhoven,Funso Ojo,19,Central Midfield,VVV-Venlo,loan transfer,out,Winter,NA,Eredivisie,2010,2010/2011
Twente Enschede FC,Oguchi Onyewu,28,Centre-Back,AC Milan,loan transfer,in,Winter,NA,Eredivisie,2010,2010/2011
Twente Enschede FC,Thilo Leugers,19,Defensive Midfield,FC Twente U21,-,in,Winter,0,Eredivisie,2010,2010/2011
Twente Enschede FC,Alexander Bannink,20,Attacking Midfield,Heracles Almelo,"End of loanDec 31, 2010",in,Winter,0,Eredivisie,2010,2010/2011
Twente Enschede FC,Bernard Parker,25,Attacking Midfield,Panserraikos,"End of loanApr 1, 2011",in,Winter,0,Eredivisie,2010,2010/2011
Twente Enschede FC,Anouar Diba,27,Right Winger,Al-Wakrah SC,free transfer,out,Winter,NA,Eredivisie,2010,2010/2011
Twente Enschede FC,Bernard Parker,24,Attacking Midfield,Panserraikos,loan transfer,out,Winter,NA,Eredivisie,2010,2010/2011
Twente Enschede FC,Dario Vujicevic,20,Defensive Midfield,VVV-Venlo,loan transfer,out,Winter,NA,Eredivisie,2010,2010/2011
SC Heerenveen,Tarik Elyounoussi,22,Centre-Forward,Fredrikstad,?,out,Winter,NA,Eredivisie,2010,2010/2011
SC Heerenveen,Michal Papadopulos,25,Centre-Forward,Zhemchuzhina,?,out,Winter,NA,Eredivisie,2010,2010/2011
SC Heerenveen,Youssef El Akchaoui,29,Left-Back,VVV-Venlo,loan transfer,out,Winter,NA,Eredivisie,2010,2010/2011
SC Heerenveen,Geert Arend Roorda,22,Attacking Midfield,Excelsior,loan transfer,out,Winter,NA,Eredivisie,2010,2010/2011
Feyenoord Rotterdam,Gill Swerts,28,Right-Back,AZ Alkmaar,loan transfer,in,Winter,NA,Eredivisie,2010,2010/2011
Feyenoord Rotterdam,Ryo Miyaichi,18,Right Winger,Arsenal,loan transfer,in,Winter,NA,Eredivisie,2010,2010/2011
Feyenoord Rotterdam,Marcel Meeuwis,30,Defensive Midfield,Bor. M'gladbach,loan transfer,in,Winter,NA,Eredivisie,2010,2010/2011
Feyenoord Rotterdam,Sören Larsen,29,Centre-Forward,Toulouse,loan transfer,in,Winter,NA,Eredivisie,2010,2010/2011
Feyenoord Rotterdam,Krisztián Simon,19,Right Winger,Újpest FC,loan transfer,in,Winter,NA,Eredivisie,2010,2010/2011
Feyenoord Rotterdam,Jhonny van Beukering,27,Centre-Forward,Without Club,-,in,Winter,0,Eredivisie,2010,2010/2011
Feyenoord Rotterdam,Jhonny van Beukering,27,Centre-Forward,Pelita Jaya,?,out,Winter,NA,Eredivisie,2010,2010/2011
Feyenoord Rotterdam,Karim El Ahmadi,25,Defensive Midfield,Al-Ahli (UAE),loan transfer,out,Winter,NA,Eredivisie,2010,2010/2011
Feyenoord Rotterdam,Fedor Smolov,20,Centre-Forward,Dinamo Moscow,"End of loanDec 31, 2010",out,Winter,0,Eredivisie,2010,2010/2011
Feyenoord Rotterdam,Michael Lumb,22,Left-Back,Zenit S-Pb,"End of loanDec 1, 2010",out,Winter,0,Eredivisie,2010,2010/2011
FC Groningen,Matías Jones,19,Attacking Midfield,Danubio FC,£675Th.,in,Winter,0.675,Eredivisie,2010,2010/2011
FC Groningen,Serhat Koc,20,Centre-Forward,SC Cambuur,"End of loanDec 1, 2010",in,Winter,0,Eredivisie,2010,2010/2011
FC Groningen,Serhat Koc,20,Centre-Forward,FC Eindhoven,loan transfer,out,Winter,NA,Eredivisie,2010,2010/2011
FC Groningen,Matías Jones,19,Attacking Midfield,Danubio FC,loan transfer,out,Winter,NA,Eredivisie,2010,2010/2011
FC Utrecht,Kevin Strootman,20,Central Midfield,Sparta R.,£630Th.,in,Winter,0.63,Eredivisie,2010,2010/2011
FC Utrecht,Sander Keller,31,Centre-Back,Xamax,?,out,Winter,NA,Eredivisie,2010,2010/2011
FC Utrecht,Wesley de Ruiter,24,Goalkeeper,FC Den Bosch,loan transfer,out,Winter,NA,Eredivisie,2010,2010/2011
Roda JC Kerkrade,Wiljan Pluim,21,Attacking Midfield,Vitesse,loan transfer,in,Winter,NA,Eredivisie,2010,2010/2011
Roda JC Kerkrade,Jeanvion Yulu-Matondo,24,Centre-Forward,Levski Sofia,free transfer,out,Winter,NA,Eredivisie,2010,2010/2011
