club_name,player_name,age,position,club_involved_name,fee,transfer_movement,transfer_period,fee_cleaned,league_name,year,season
RC Lens,Grégory Sertic,21,Defensive Midfield,G. Bordeaux,loan transfer,in,Summer,NA,Ligue 1,2010,2010/2011
RC Lens,Franck Queudrue,32,Left-Back,Without Club,-,in,Summer,0,Ligue 1,2010,2010/2011
RC Lens,Serge Aurier,17,Right-Back,RC Lens B,-,in,Summer,0,Ligue 1,2010,2010/2011
RC Lens,Darnel Situ,18,Centre-Back,RC Lens B,-,in,Summer,0,Ligue 1,2010,2010/2011
RC Lens,Issam El Adoua,23,Defensive Midfield,FC Nantes,"End of loanJun 30, 2010",in,Summer,0,Ligue 1,2010,2010/2011
RC Lens,Geoffrey Doumeng,29,Central Midfield,Tours FC,"End of loanJun 30, 2010",in,Summer,0,Ligue 1,2010,2010/2011
RC Lens,Steven Joseph-Monrose,19,Centre-Forward,LB Châteauroux,"End of loanJun 30, 2010",in,Summer,0,Ligue 1,2010,2010/2011
RC Lens,Fabien Laurenti,27,Right-Back,Stade Brestois,"End of loanJun 30, 2010",in,Summer,0,Ligue 1,2010,2010/2011
RC Lens,Sidi Keita,25,Defensive Midfield,Xerez CD,"End of loanJun 30, 2010",in,Summer,0,Ligue 1,2010,2010/2011
RC Lens,Aruna Dindane,29,Second Striker,Portsmouth,"End of loanJun 30, 2010",in,Summer,0,Ligue 1,2010,2010/2011
RC Lens,Kévin Goeman,22,Goalkeeper,Zulte Waregem,"End of loanJun 30, 2010",in,Summer,0,Ligue 1,2010,2010/2011
RC Lens,David Pollet,21,Centre-Forward,Paris FC,"End of loanJun 30, 2010",in,Summer,0,Ligue 1,2010,2010/2011
RC Lens,Aruna Dindane,29,Second Striker,Lekhwiya,£2.70m,out,Summer,2.7,Ligue 1,2010,2010/2011
RC Lens,Issam El Adoua,23,Defensive Midfield,Qadsia SC,£284Th.,out,Summer,0.284,Ligue 1,2010,2010/2011
RC Lens,Romain Sartre,27,Centre-Back,Tours FC,free transfer,out,Summer,NA,Ligue 1,2010,2010/2011
RC Lens,Fabien Laurenti,27,Right-Back,AC Arles,free transfer,out,Summer,NA,Ligue 1,2010,2010/2011
RC Lens,William Rémy,19,Centre-Back,US Créteil-L,loan transfer,out,Summer,NA,Ligue 1,2010,2010/2011
RC Lens,Dejan Milovanovic,26,Central Midfield,Red Star,loan transfer,out,Summer,NA,Ligue 1,2010,2010/2011
RC Lens,Kévin Monnet-Paquet,22,Left Winger,FC Lorient,loan transfer,out,Summer,NA,Ligue 1,2010,2010/2011
RC Lens,Kévin Goeman,22,Goalkeeper,RC Lens B,-,out,Summer,0,Ligue 1,2010,2010/2011
Athlétic Club Arlésien,Francisco Pavón,30,Centre-Back,Real Zaragoza,free transfer,in,Summer,NA,Ligue 1,2010,2010/2011
Athlétic Club Arlésien,Álvaro Mejía,28,Centre-Back,Real Murcia,free transfer,in,Summer,NA,Ligue 1,2010,2010/2011
Athlétic Club Arlésien,Fabien Laurenti,27,Right-Back,Lens,free transfer,in,Summer,NA,Ligue 1,2010,2010/2011
Athlétic Club Arlésien,Franck Dja Djédjé,24,Right Winger,R. Strasbourg,free transfer,in,Summer,NA,Ligue 1,2010,2010/2011
Athlétic Club Arlésien,Elamine Erbate,29,Centre-Back,Moghreb Tétouan,free transfer,in,Summer,NA,Ligue 1,2010,2010/2011
Athlétic Club Arlésien,Jamel Aït Ben Idir,26,Defensive Midfield,AC Le Havre,free transfer,in,Summer,NA,Ligue 1,2010,2010/2011
Athlétic Club Arlésien,Angelos Charisteas,30,Centre-Forward,1.FC Nuremberg,free transfer,in,Summer,NA,Ligue 1,2010,2010/2011
Athlétic Club Arlésien,Chafik Najih,26,Attacking Midfield,Clermont Foot,free transfer,in,Summer,NA,Ligue 1,2010,2010/2011
Athlétic Club Arlésien,Camel Meriem,30,Attacking Midfield,Aris Saloniki,free transfer,in,Summer,NA,Ligue 1,2010,2010/2011
Athlétic Club Arlésien,Hameur Bouazza,25,Right Winger,Blackpool,free transfer,in,Summer,NA,Ligue 1,2010,2010/2011
Athlétic Club Arlésien,Angelos Basinas,34,Defensive Midfield,Portsmouth,free transfer,in,Summer,NA,Ligue 1,2010,2010/2011
Athlétic Club Arlésien,Vincent Planté,29,Goalkeeper,Saint-Étienne,loan transfer,in,Summer,NA,Ligue 1,2010,2010/2011
Athlétic Club Arlésien,Loïc Abenzoar,21,Right-Back,Olymp. Lyon B,loan transfer,in,Summer,NA,Ligue 1,2010,2010/2011
Athlétic Club Arlésien,Kamel Ghilas,26,Second Striker,Hull City,loan transfer,in,Summer,NA,Ligue 1,2010,2010/2011
Athlétic Club Arlésien,Yann Kermorgant,28,Centre-Forward,Leicester,loan transfer,in,Summer,NA,Ligue 1,2010,2010/2011
Athlétic Club Arlésien,Rémy Cabella,20,Attacking Midfield,Montpellier,loan transfer,in,Summer,NA,Ligue 1,2010,2010/2011
Athlétic Club Arlésien,Jean-Alain Fanchone,21,Left-Back,R. Strasbourg,loan transfer,in,Summer,NA,Ligue 1,2010,2010/2011
Athlétic Club Arlésien,Johnathan,20,Centre-Forward,Goiás EC,loan transfer,in,Summer,NA,Ligue 1,2010,2010/2011
Athlétic Club Arlésien,Anthony Guise,25,Centre-Forward,AC Arles B,-,in,Summer,0,Ligue 1,2010,2010/2011
Athlétic Club Arlésien,Maurice Dalé,24,Centre-Forward,Unirea Urziceni,£270Th.,out,Summer,0.27,Ligue 1,2010,2010/2011
Athlétic Club Arlésien,Andrea Schifano,18,Central Midfield,AFC Tubize,free transfer,out,Summer,NA,Ligue 1,2010,2010/2011
Athlétic Club Arlésien,Yann Hubert,25,Goalkeeper,Saint-Pierroise,free transfer,out,Summer,NA,Ligue 1,2010,2010/2011
Athlétic Club Arlésien,Driss Himmes,26,Attacking Midfield,FC Martigues,free transfer,out,Summer,NA,Ligue 1,2010,2010/2011
Athlétic Club Arlésien,Matthieu Sans,22,Centre-Back,SC Bastia,free transfer,out,Summer,NA,Ligue 1,2010,2010/2011
Athlétic Club Arlésien,Romain Reynaud,27,Centre-Back,LB Châteauroux,free transfer,out,Summer,NA,Ligue 1,2010,2010/2011
Athlétic Club Arlésien,Marvin Esor,20,Right-Back,Clermont Foot,free transfer,out,Summer,NA,Ligue 1,2010,2010/2011
Athlétic Club Arlésien,Jean-Charles Cirilli,27,Centre-Back,Amiens SC,free transfer,out,Summer,NA,Ligue 1,2010,2010/2011
Athlétic Club Arlésien,Victor Jouseau,20,midfield,GFCO Ajaccio,free transfer,out,Summer,NA,Ligue 1,2010,2010/2011
Athlétic Club Arlésien,Anthony Guise,25,Centre-Forward,Luzenac AP,loan transfer,out,Summer,NA,Ligue 1,2010,2010/2011
Athlétic Club Arlésien,Romain Elie,25,Centre-Back,RSC Charleroi,loan transfer,out,Summer,NA,Ligue 1,2010,2010/2011
Athlétic Club Arlésien,Rachid Aliaoui,23,Attacking Midfield,AC Arles B,-,out,Summer,0,Ligue 1,2010,2010/2011
Athlétic Club Arlésien,Nicolas Hislen,27,Defensive Midfield,Retired,-,out,Summer,0,Ligue 1,2010,2010/2011
Athlétic Club Arlésien,Jean-Christophe Vergerolle,24,Left-Back,Without Club,-,out,Summer,0,Ligue 1,2010,2010/2011
Athlétic Club Arlésien,Benjamin Oliveras,29,Left-Back,Retired,-,out,Summer,0,Ligue 1,2010,2010/2011
Athlétic Club Arlésien,Angelos Basinas,34,Defensive Midfield,Retired,-,out,Summer,0,Ligue 1,2010,2010/2011
Athlétic Club Arlésien,Ludovic Liron,32,Centre-Back,Without Club,-,out,Summer,0,Ligue 1,2010,2010/2011
Athlétic Club Arlésien,Ali Mathlouthi,23,Right Winger,R. Strasbourg,"End of loanJun 30, 2010",out,Summer,0,Ligue 1,2010,2010/2011
Athlétic Club Arlésien,Steve Pinau,22,Attacking Midfield,Genoa,"End of loanJun 30, 2010",out,Summer,0,Ligue 1,2010,2010/2011
Athlétic Club Arlésien,André Ayew,20,Left Winger,Marseille,"End of loanJun 30, 2010",out,Summer,0,Ligue 1,2010,2010/2011
Stade Brestois 29,Paul Baysse,22,Centre-Back,CS Sedan,£900Th.,in,Summer,0.9,Ligue 1,2010,2010/2011
Stade Brestois 29,Tomas Micola,21,Attacking Midfield,Banik Ostrava,£675Th.,in,Summer,0.675,Ligue 1,2010,2010/2011
Stade Brestois 29,Richard Soumah,23,Left-Back,Guingamp,£450Th.,in,Summer,0.45,Ligue 1,2010,2010/2011
Stade Brestois 29,Mario Licka,28,Attacking Midfield,Banik Ostrava,£225Th.,in,Summer,0.225,Ligue 1,2010,2010/2011
Stade Brestois 29,Larsen Touré,26,Right Winger,LOSC Lille,£180Th.,in,Summer,0.18,Ligue 1,2010,2010/2011
Stade Brestois 29,Filippos Darlas,26,Left-Back,Panathinaikos,£90Th.,in,Summer,0.09,Ligue 1,2010,2010/2011
Stade Brestois 29,Fodie Traoré,25,Defensive Midfield,Quevilly,free transfer,in,Summer,NA,Ligue 1,2010,2010/2011
Stade Brestois 29,Gaëtan Deneuve,25,Goalkeeper,LB Châteauroux,free transfer,in,Summer,NA,Ligue 1,2010,2010/2011
Stade Brestois 29,Granddi N'Goyi,22,Defensive Midfield,Paris SG,loan transfer,in,Summer,NA,Ligue 1,2010,2010/2011
Stade Brestois 29,Johan Martial,19,Centre-Back,SC Bastia,loan transfer,in,Summer,NA,Ligue 1,2010,2010/2011
Stade Brestois 29,Grégory Lorenzi,26,Centre-Back,SC Bastia,"End of loanJun 30, 2010",in,Summer,0,Ligue 1,2010,2010/2011
Stade Brestois 29,Benoît Leroy,27,Attacking Midfield,Cannes,free transfer,out,Summer,NA,Ligue 1,2010,2010/2011
Stade Brestois 29,Richard Pelletier,21,Left-Back,Montreal,free transfer,out,Summer,NA,Ligue 1,2010,2010/2011
Stade Brestois 29,Richard Socrier,31,Centre-Forward,AC Ajaccio,free transfer,out,Summer,NA,Ligue 1,2010,2010/2011
Stade Brestois 29,Romain Thomas,22,Centre-Back,Carquefou,free transfer,out,Summer,NA,Ligue 1,2010,2010/2011
Stade Brestois 29,Cédric Fabien,28,Left-Back,US Boulogne,free transfer,out,Summer,NA,Ligue 1,2010,2010/2011
Stade Brestois 29,David Bouard,33,Defensive Midfield,Vannes,free transfer,out,Summer,NA,Ligue 1,2010,2010/2011
Stade Brestois 29,Anthony Le Gall,25,Attacking Midfield,Montreal,free transfer,out,Summer,NA,Ligue 1,2010,2010/2011
Stade Brestois 29,Eric Sitruk,32,Right Winger,AS Vitré,free transfer,out,Summer,NA,Ligue 1,2010,2010/2011
Stade Brestois 29,Julien Lachuer,33,Goalkeeper,Retired,-,out,Summer,0,Ligue 1,2010,2010/2011
Stade Brestois 29,Fabien Laurenti,27,Right-Back,Lens,"End of loanJun 30, 2010",out,Summer,0,Ligue 1,2010,2010/2011
Valenciennes FC,Mathieu Dossevi,22,Right Winger,Le Mans FC,£900Th.,in,Summer,0.9,Ligue 1,2010,2010/2011
Valenciennes FC,Mamadou Samassa,24,Centre-Forward,Marseille,£720Th.,in,Summer,0.72,Ligue 1,2010,2010/2011
Valenciennes FC,Guillaume Loriot,24,Central Midfield,Le Mans FC,free transfer,in,Summer,NA,Ligue 1,2010,2010/2011
Valenciennes FC,Nicolas Pallois,22,Centre-Back,Quevilly,free transfer,in,Summer,NA,Ligue 1,2010,2010/2011
Valenciennes FC,Vincent Aboubakar,18,Centre-Forward,Cotonsport,?,in,Summer,NA,Ligue 1,2010,2010/2011
Valenciennes FC,Christopher Mfuyi,21,Centre-Back,Servette FC,?,in,Summer,NA,Ligue 1,2010,2010/2011
Valenciennes FC,Nicolas Isimat-Mirin,18,Centre-Back,VAFC U19,-,in,Summer,0,Ligue 1,2010,2010/2011
Valenciennes FC,Mody Traoré,29,Right-Back,AC Ajaccio,"End of loanJun 30, 2010",in,Summer,0,Ligue 1,2010,2010/2011
Valenciennes FC,Seïd Khiter,25,Right Winger,R. Strasbourg,"End of loanJun 1, 2010",in,Summer,0,Ligue 1,2010,2010/2011
Valenciennes FC,Fahid Ben Khalfallah,27,Right Winger,G. Bordeaux,£4.05m,out,Summer,4.05,Ligue 1,2010,2010/2011
Valenciennes FC,Johan Audel,26,Left Winger,VfB Stuttgart,£2.25m,out,Summer,2.25,Ligue 1,2010,2010/2011
Valenciennes FC,Siaka Tiéné,28,Left-Back,Paris SG,£1.35m,out,Summer,1.35,Ligue 1,2010,2010/2011
Valenciennes FC,Seïd Khiter,25,Right Winger,Stade Lavallois,free transfer,out,Summer,NA,Ligue 1,2010,2010/2011
Valenciennes FC,Jacques Abardonado,32,Centre-Back,Grenoble,free transfer,out,Summer,NA,Ligue 1,2010,2010/2011
Valenciennes FC,Mody Traoré,30,Right-Back,AC Le Havre,loan transfer,out,Summer,NA,Ligue 1,2010,2010/2011
Valenciennes FC,Filip Sebo,26,Centre-Forward,Without Club,-,out,Summer,0,Ligue 1,2010,2010/2011
Valenciennes FC,Guy Ndy Assembé,24,Goalkeeper,FC Nantes,"End of loanJun 30, 2010",out,Summer,0,Ligue 1,2010,2010/2011
Valenciennes FC,Mamadou Samassa,24,Centre-Forward,Marseille,"End of loanJun 30, 2010",out,Summer,0,Ligue 1,2010,2010/2011
SM Caen,Damien Marcq,21,Defensive Midfield,US Boulogne,£2.70m,in,Summer,2.7,Ligue 1,2010,2010/2011
SM Caen,Romain Hamouma,23,Centre-Forward,Stade Lavallois,£1.08m,in,Summer,1.08,Ligue 1,2010,2010/2011
SM Caen,Branko Lazarevic,26,Centre-Back,OFK Beograd,free transfer,in,Summer,NA,Ligue 1,2010,2010/2011
SM Caen,Yohan Mollo,20,Right Winger,Monaco,loan transfer,in,Summer,NA,Ligue 1,2010,2010/2011
SM Caen,Kandia Traoré,29,Centre-Forward,FC Sochaux,?,in,Summer,NA,Ligue 1,2010,2010/2011
SM Caen,Mustapha Traoré,27,Centre-Back,Mondeville,free transfer,out,Summer,NA,Ligue 1,2010,2010/2011
SM Caen,Juan Eluchans,30,Left-Back,CDUC,free transfer,out,Summer,NA,Ligue 1,2010,2010/2011
SM Caen,Nicolas Florentin,32,Left Winger,SCO Angers,free transfer,out,Summer,NA,Ligue 1,2010,2010/2011
SM Caen,Grégory Proment,31,Defensive Midfield,Antalyaspor,free transfer,out,Summer,NA,Ligue 1,2010,2010/2011
SM Caen,Julien Toudic,24,Centre-Forward,Stade Reims,loan transfer,out,Summer,NA,Ligue 1,2010,2010/2011
SM Caen,Guillaume Quellier,24,Left Midfield,Without Club,-,out,Summer,0,Ligue 1,2010,2010/2011
SM Caen,Kandia Traoré,29,Centre-Forward,FC Sochaux,"End of loanJun 30, 2010",out,Summer,0,Ligue 1,2010,2010/2011
SM Caen,Steeven Langil,22,Left Winger,AJ Auxerre,"End of loanJun 30, 2010",out,Summer,0,Ligue 1,2010,2010/2011
AS Nancy-Lorraine,Marama Vahirua,30,Centre-Forward,FC Lorient,free transfer,in,Summer,NA,Ligue 1,2010,2010/2011
AS Nancy-Lorraine,Alexandre Cuvillier,24,Left Midfield,US Boulogne,loan transfer,in,Summer,NA,Ligue 1,2010,2010/2011
AS Nancy-Lorraine,Fouad Rachid,18,Defensive Midfield,AS Nancy B,-,in,Summer,0,Ligue 1,2010,2010/2011
AS Nancy-Lorraine,Benjamin Jeannot,18,Centre-Forward,AS Nancy B,-,in,Summer,0,Ligue 1,2010,2010/2011
AS Nancy-Lorraine,Aatif Chahechouhe,23,Attacking Midfield,AS Nancy B,-,in,Summer,0,Ligue 1,2010,2010/2011
AS Nancy-Lorraine,Landry N'Guémo,24,Defensive Midfield,Celtic,"End of loanJun 30, 2010",in,Summer,0,Ligue 1,2010,2010/2011
AS Nancy-Lorraine,Helder,22,Right-Back,FC Dinamo,"End of loanSep 2, 2010",in,Summer,0,Ligue 1,2010,2010/2011
AS Nancy-Lorraine,Jean Calvé,26,Right-Back,Grenoble,"End of loanJun 30, 2010",in,Summer,0,Ligue 1,2010,2010/2011
AS Nancy-Lorraine,Basile Camerling,23,Centre-Forward,Amiens SC,"End of loanJun 30, 2010",in,Summer,0,Ligue 1,2010,2010/2011
AS Nancy-Lorraine,Momar Faye,22,Defensive Midfield,FC Vesoul,"End of loanJun 30, 2010",in,Summer,0,Ligue 1,2010,2010/2011
AS Nancy-Lorraine,Jean Calvé,27,Right-Back,Sheff Utd,"End of loanMay 1, 2011",in,Summer,0,Ligue 1,2010,2010/2011
AS Nancy-Lorraine,Benjamin Gavanon,29,Central Midfield,FC Sochaux,"End of loanJun 30, 2010",in,Summer,0,Ligue 1,2010,2010/2011
AS Nancy-Lorraine,Helder,22,Right-Back,Rapid Bucharest,"End of loanJun 30, 2010",in,Summer,0,Ligue 1,2010,2010/2011
AS Nancy-Lorraine,Issiar Dia,23,Right Winger,Fenerbahce,£5.85m,out,Summer,5.85,Ligue 1,2010,2010/2011
AS Nancy-Lorraine,Chris Malonga,23,Left Winger,Monaco,£1.17m,out,Summer,1.17,Ligue 1,2010,2010/2011
AS Nancy-Lorraine,Helder,22,Right-Back,FC Dinamo,Loan fee:£180Th.,out,Summer,0.18,Ligue 1,2010,2010/2011
AS Nancy-Lorraine,Helder,22,Right-Back,Poli. Timisoara,Loan fee:£45Th.,out,Summer,0.045,Ligue 1,2010,2010/2011
AS Nancy-Lorraine,Abdeslam Ouaddou,31,Centre-Back,Lekhwiya,free transfer,out,Summer,NA,Ligue 1,2010,2010/2011
AS Nancy-Lorraine,Damián Macaluso,30,Centre-Back,Tiburones Rojos,free transfer,out,Summer,NA,Ligue 1,2010,2010/2011
AS Nancy-Lorraine,Jean Calvé,26,Right-Back,Sheff Utd,loan transfer,out,Summer,NA,Ligue 1,2010,2010/2011
AS Nancy-Lorraine,Bocundji Ca,23,Defensive Midfield,Tours FC,loan transfer,out,Summer,NA,Ligue 1,2010,2010/2011
AS Nancy-Lorraine,Basile Camerling,23,Centre-Forward,Without Club,-,out,Summer,0,Ligue 1,2010,2010/2011
AS Nancy-Lorraine,Johan Lapeyre,24,Goalkeeper,Without Club,-,out,Summer,0,Ligue 1,2010,2010/2011
AS Nancy-Lorraine,Thomas Gaudu,23,Goalkeeper,Without Club,-,out,Summer,0,Ligue 1,2010,2010/2011
AS Nancy-Lorraine,Gastón Curbelo,34,Centre-Forward,Retired,-,out,Summer,0,Ligue 1,2010,2010/2011
AS Nancy-Lorraine,Momar Faye,22,Defensive Midfield,Without Club,-,out,Summer,0,Ligue 1,2010,2010/2011
AS Nancy-Lorraine,Florian Marange,24,Left-Back,G. Bordeaux,"End of loanJun 30, 2010",out,Summer,0,Ligue 1,2010,2010/2011
AS Nancy-Lorraine,Cheick Diabaté,22,Centre-Forward,G. Bordeaux,"End of loanJun 30, 2010",out,Summer,0,Ligue 1,2010,2010/2011
AS Nancy-Lorraine,Floyd Ayité,21,Left Winger,G. Bordeaux,"End of loanJun 30, 2010",out,Summer,0,Ligue 1,2010,2010/2011
FC Lorient,Bruno Ecuele Manga,21,Centre-Back,SCO Angers,£2.25m,in,Summer,2.25,Ligue 1,2010,2010/2011
FC Lorient,Lynel Kitambala,21,Centre-Forward,AJ Auxerre,£1.35m,in,Summer,1.35,Ligue 1,2010,2010/2011
FC Lorient,Lamine Koné,21,Centre-Back,LB Châteauroux,£900Th.,in,Summer,0.9,Ligue 1,2010,2010/2011
FC Lorient,Alaixys Romao,26,Defensive Midfield,Grenoble,£900Th.,in,Summer,0.9,Ligue 1,2010,2010/2011
FC Lorient,Mathias Autret,19,Attacking Midfield,Brest B,free transfer,in,Summer,NA,Ligue 1,2010,2010/2011
FC Lorient,Remi Mulumba,17,Defensive Midfield,Amiens SC B,free transfer,in,Summer,NA,Ligue 1,2010,2010/2011
FC Lorient,Francis Coquelin,19,Defensive Midfield,Arsenal Res.,loan transfer,in,Summer,NA,Ligue 1,2010,2010/2011
FC Lorient,Pierre Ducasse,23,Defensive Midfield,G. Bordeaux,loan transfer,in,Summer,NA,Ligue 1,2010,2010/2011
FC Lorient,Kévin Monnet-Paquet,22,Left Winger,Lens,loan transfer,in,Summer,NA,Ligue 1,2010,2010/2011
FC Lorient,Benjamin Lecomte,19,Goalkeeper,Lorient B,-,in,Summer,0,Ligue 1,2010,2010/2011
FC Lorient,Cheick Doukouré,17,Defensive Midfield,Lorient B,-,in,Summer,0,Ligue 1,2010,2010/2011
FC Lorient,Guillaume Gégousse,20,Central Midfield,Lorient B,-,in,Summer,0,Ligue 1,2010,2010/2011
FC Lorient,Rafik Bouderbal,22,Right Winger,ES Sétif,"End of loanJun 30, 2010",in,Summer,0,Ligue 1,2010,2010/2011
FC Lorient,Fabien Robert,21,Left Midfield,US Boulogne,"End of loanJun 30, 2010",in,Summer,0,Ligue 1,2010,2010/2011
FC Lorient,Laurent Koscielny,24,Centre-Back,Arsenal,£11.25m,out,Summer,11.25,Ligue 1,2010,2010/2011
FC Lorient,Benjamin Genton,30,Centre-Back,AC Le Havre,£270Th.,out,Summer,0.27,Ligue 1,2010,2010/2011
FC Lorient,Yazid Mansouri,32,Central Midfield,Al-Sailiya SC,free transfer,out,Summer,NA,Ligue 1,2010,2010/2011
FC Lorient,Marama Vahirua,30,Centre-Forward,AS Nancy,free transfer,out,Summer,NA,Ligue 1,2010,2010/2011
FC Lorient,Sylvain Marchal,30,Centre-Back,Saint-Étienne,free transfer,out,Summer,NA,Ligue 1,2010,2010/2011
FC Lorient,Maxime Barthelmé,21,Left Midfield,Paris FC,loan transfer,out,Summer,NA,Ligue 1,2010,2010/2011
FC Lorient,Gabriel Peñalba,25,Central Midfield,Estudiantes,loan transfer,out,Summer,NA,Ligue 1,2010,2010/2011
FC Lorient,Jonas Sakuwaha,27,Right Winger,AC Le Havre,loan transfer,out,Summer,NA,Ligue 1,2010,2010/2011
FC Lorient,Yaya Diané,21,Centre-Forward,Without Club,-,out,Summer,0,Ligue 1,2010,2010/2011
LOSC Lille,Moussa Sow,24,Centre-Forward,Stade Rennais,free transfer,in,Summer,NA,Ligue 1,2010,2010/2011
LOSC Lille,David Rozehnal,30,Centre-Back,Hamburger SV,loan transfer,in,Summer,NA,Ligue 1,2010,2010/2011
LOSC Lille,Idrissa Gueye,20,Defensive Midfield,LOSC Lille B,-,in,Summer,0,Ligue 1,2010,2010/2011
LOSC Lille,Arnaud Souquet,18,Right-Back,LOSC Lille B,-,in,Summer,0,Ligue 1,2010,2010/2011
LOSC Lille,Nicolas Fauvergue,25,Centre-Forward,R. Strasbourg,"End of loanJun 30, 2010",in,Summer,0,Ligue 1,2010,2010/2011
LOSC Lille,Cédric Baseya,22,Centre-Forward,AC Le Havre,"End of loanJun 30, 2010",in,Summer,0,Ligue 1,2010,2010/2011
LOSC Lille,Emil Lyng,20,Left Winger,Zulte Waregem,"End of loanJun 30, 2010",in,Summer,0,Ligue 1,2010,2010/2011
LOSC Lille,Robert Vittek,28,Centre-Forward,Ankaragücü,"End of loanJun 30, 2010",in,Summer,0,Ligue 1,2010,2010/2011
LOSC Lille,Robert Vittek,28,Centre-Forward,Ankaragücü,£1.89m,out,Summer,1.89,Ligue 1,2010,2010/2011
LOSC Lille,Larsen Touré,26,Right Winger,Stade Brestois,£180Th.,out,Summer,0.18,Ligue 1,2010,2010/2011
LOSC Lille,Ricardo Costa,29,Centre-Back,Valencia,free transfer,out,Summer,NA,Ligue 1,2010,2010/2011
LOSC Lille,Nicolas Plestan,29,Centre-Back,FC Schalke 04,free transfer,out,Summer,NA,Ligue 1,2010,2010/2011
LOSC Lille,Nicolas Fauvergue,25,Centre-Forward,CS Sedan,loan transfer,out,Summer,NA,Ligue 1,2010,2010/2011
LOSC Lille,Ludovic Butelle,27,Goalkeeper,Nîmes Olympique,loan transfer,out,Summer,NA,Ligue 1,2010,2010/2011
LOSC Lille,Pierre-Emerick Aubameyang,21,Centre-Forward,AC Milan,"End of loanJun 30, 2010",out,Summer,0,Ligue 1,2010,2010/2011
Olympique Lyon,Yoann Gourcuff,24,Attacking Midfield,G. Bordeaux,£19.80m,in,Summer,19.8,Ligue 1,2010,2010/2011
Olympique Lyon,Jimmy Briand,24,Centre-Forward,Stade Rennais,£5.40m,in,Summer,5.4,Ligue 1,2010,2010/2011
Olympique Lyon,Pape Diakhaté,26,Centre-Back,Dynamo Kyiv,Loan fee:£396Th.,in,Summer,0.396,Ligue 1,2010,2010/2011
Olympique Lyon,Harry Novillo,18,Left Winger,Olymp. Lyon U19,-,in,Summer,0,Ligue 1,2010,2010/2011
Olympique Lyon,Mathieu Gorgelin,19,Goalkeeper,Olymp. Lyon B,-,in,Summer,0,Ligue 1,2010,2010/2011
Olympique Lyon,Jérémy Pied,21,Right-Back,FC Metz,"End of loanJun 30, 2010",in,Summer,0,Ligue 1,2010,2010/2011
Olympique Lyon,Frédéric Piquionne,31,Centre-Forward,Portsmouth,"End of loanJun 30, 2010",in,Summer,0,Ligue 1,2010,2010/2011
Olympique Lyon,Mathieu Bodmer,27,Defensive Midfield,Paris SG,£2.25m,out,Summer,2.25,Ligue 1,2010,2010/2011
Olympique Lyon,Frédéric Piquionne,31,Centre-Forward,West Ham,£1.08m,out,Summer,1.08,Ligue 1,2010,2010/2011
Olympique Lyon,Jean-Alain Boumsong,30,Centre-Back,Panathinaikos,£824Th.,out,Summer,0.824,Ligue 1,2010,2010/2011
Olympique Lyon,Sidney Govou,30,Right Winger,Panathinaikos,free transfer,out,Summer,NA,Ligue 1,2010,2010/2011
Olympique Lyon,Nicolas Seguin,20,Centre-Back,Dijon,loan transfer,out,Summer,NA,Ligue 1,2010,2010/2011
Olympique Lyon,Yannis Tafer,19,Right Midfield,Toulouse,loan transfer,out,Summer,NA,Ligue 1,2010,2010/2011
Olympique Lyon,Saïd Mehamha,19,Defensive Midfield,Olymp. Lyon B,-,out,Summer,0,Ligue 1,2010,2010/2011
Olympique Lyon,Joan Hartock,23,Goalkeeper,Olymp. Lyon B,-,out,Summer,0,Ligue 1,2010,2010/2011
Olympique Lyon,Anderson,30,Centre-Back,Without Club,-,out,Summer,0,Ligue 1,2010,2010/2011
Olympique Lyon,François Clerc,27,Right-Back,Without Club,-,out,Summer,0,Ligue 1,2010,2010/2011
Montpellier HSC,Olivier Giroud,23,Centre-Forward,Tours FC,£1.80m,in,Summer,1.8,Ligue 1,2010,2010/2011
Montpellier HSC,Marco Estrada,27,Defensive Midfield,U. de Chile,£900Th.,in,Summer,0.9,Ligue 1,2010,2010/2011
Montpellier HSC,Garry Bocaly,22,Right-Back,Marseille,£720Th.,in,Summer,0.72,Ligue 1,2010,2010/2011
Montpellier HSC,Hasan Kabze,28,Centre-Forward,Rubin Kazan,free transfer,in,Summer,NA,Ligue 1,2010,2010/2011
Montpellier HSC,Benjamin Stambouli,19,Defensive Midfield,Montpellier B,-,in,Summer,0,Ligue 1,2010,2010/2011
Montpellier HSC,Jonathan Ligali,19,Goalkeeper,Montpellier B,-,in,Summer,0,Ligue 1,2010,2010/2011
Montpellier HSC,Guillaume Legras,20,Central Midfield,Montpellier B,-,in,Summer,0,Ligue 1,2010,2010/2011
Montpellier HSC,Teddy Mezague,20,Centre-Back,Montpellier B,-,in,Summer,0,Ligue 1,2010,2010/2011
Montpellier HSC,Adrien Coulomb,19,Attacking Midfield,Montpellier B,-,in,Summer,0,Ligue 1,2010,2010/2011
Montpellier HSC,Jonas Martin,20,Central Midfield,Montpellier B,-,in,Summer,0,Ligue 1,2010,2010/2011
Montpellier HSC,Romain Armand,23,Centre-Forward,Clermont Foot,"End of loanJun 30, 2010",in,Summer,0,Ligue 1,2010,2010/2011
Montpellier HSC,Víctor Montaño,26,Centre-Forward,Stade Rennais,£5.85m,out,Summer,5.85,Ligue 1,2010,2010/2011
Montpellier HSC,Tino Costa,25,Central Midfield,Valencia,£5.85m,out,Summer,5.85,Ligue 1,2010,2010/2011
Montpellier HSC,Johann Carrasso,22,Goalkeeper,Stade Rennais,£900Th.,out,Summer,0.9,Ligue 1,2010,2010/2011
Montpellier HSC,Lilian Compan,33,Centre-Forward,Cannes,free transfer,out,Summer,NA,Ligue 1,2010,2010/2011
Montpellier HSC,Anthony Scribe,22,Goalkeeper,UJA Alfortville,loan transfer,out,Summer,NA,Ligue 1,2010,2010/2011
Montpellier HSC,Rémy Cabella,20,Attacking Midfield,AC Arles,loan transfer,out,Summer,NA,Ligue 1,2010,2010/2011
Montpellier HSC,Mourad Benhamida,24,Right-Back,Without Club,-,out,Summer,0,Ligue 1,2010,2010/2011
Montpellier HSC,Nicolas Sahnoun,29,Defensive Midfield,Retired,-,out,Summer,0,Ligue 1,2010,2010/2011
Montpellier HSC,Julio Colombo,26,Centre-Back,Retired,-,out,Summer,0,Ligue 1,2010,2010/2011
Montpellier HSC,Philippe Delaye,35,Central Midfield,Retired,-,out,Summer,0,Ligue 1,2010,2010/2011
Montpellier HSC,Garry Bocaly,22,Right-Back,Marseille,"End of loanJun 30, 2010",out,Summer,0,Ligue 1,2010,2010/2011
FC Girondins Bordeaux,Fahid Ben Khalfallah,27,Right Winger,Valenciennes FC,£4.05m,in,Summer,4.05,Ligue 1,2010,2010/2011
FC Girondins Bordeaux,Anthony Modeste,22,Centre-Forward,OGC Nice,£3.15m,in,Summer,3.15,Ligue 1,2010,2010/2011
FC Girondins Bordeaux,Vujadin Savic,20,Centre-Back,Red Star,£1.35m,in,Summer,1.35,Ligue 1,2010,2010/2011
FC Girondins Bordeaux,Moussa Maazou,22,Centre-Forward,CSKA Moscow,Loan fee:£450Th.,in,Summer,0.45,Ligue 1,2010,2010/2011
FC Girondins Bordeaux,Salif Sané,19,Centre-Back,G. Bordeaux B,-,in,Summer,0,Ligue 1,2010,2010/2011
FC Girondins Bordeaux,Florian Marange,24,Left-Back,AS Nancy,"End of loanJun 30, 2010",in,Summer,0,Ligue 1,2010,2010/2011
FC Girondins Bordeaux,Paul Lasne,21,Defensive Midfield,LB Châteauroux,"End of loanJun 30, 2010",in,Summer,0,Ligue 1,2010,2010/2011
FC Girondins Bordeaux,Matthieu Saunier,20,Centre-Back,Rodez AF,"End of loanJun 30, 2010",in,Summer,0,Ligue 1,2010,2010/2011
FC Girondins Bordeaux,Wilfried Moimbé,21,Left-Back,AC Ajaccio,"End of loanJun 30, 2010",in,Summer,0,Ligue 1,2010,2010/2011
FC Girondins Bordeaux,Cheick Diabaté,22,Centre-Forward,AS Nancy,"End of loanJun 30, 2010",in,Summer,0,Ligue 1,2010,2010/2011
FC Girondins Bordeaux,Floyd Ayité,21,Left Winger,AS Nancy,"End of loanJun 30, 2010",in,Summer,0,Ligue 1,2010,2010/2011
FC Girondins Bordeaux,Kévin Olimpa,22,Goalkeeper,SCO Angers,"End of loanJun 30, 2010",in,Summer,0,Ligue 1,2010,2010/2011
FC Girondins Bordeaux,Yoann Gourcuff,24,Attacking Midfield,Olympique Lyon,£19.80m,out,Summer,19.8,Ligue 1,2010,2010/2011
FC Girondins Bordeaux,Marouane Chamakh,26,Centre-Forward,Arsenal,free transfer,out,Summer,NA,Ligue 1,2010,2010/2011
FC Girondins Bordeaux,Diego Placente,33,Left-Back,San Lorenzo,free transfer,out,Summer,NA,Ligue 1,2010,2010/2011
FC Girondins Bordeaux,Wilfried Moimbé,21,Left-Back,Tours FC,free transfer,out,Summer,NA,Ligue 1,2010,2010/2011
FC Girondins Bordeaux,Matthieu Saunier,20,Centre-Back,Troyes,loan transfer,out,Summer,NA,Ligue 1,2010,2010/2011
FC Girondins Bordeaux,Grégory Sertic,21,Defensive Midfield,Lens,loan transfer,out,Summer,NA,Ligue 1,2010,2010/2011
FC Girondins Bordeaux,Paul Lasne,21,Defensive Midfield,AC Ajaccio,loan transfer,out,Summer,NA,Ligue 1,2010,2010/2011
FC Girondins Bordeaux,Abdou Traoré,22,Central Midfield,OGC Nice,loan transfer,out,Summer,NA,Ligue 1,2010,2010/2011
FC Girondins Bordeaux,Pierre Ducasse,23,Defensive Midfield,FC Lorient,loan transfer,out,Summer,NA,Ligue 1,2010,2010/2011
FC Girondins Bordeaux,Fernando Cavenaghi,26,Centre-Forward,RCD Mallorca,loan transfer,out,Summer,NA,Ligue 1,2010,2010/2011
FC Girondins Bordeaux,Franck Jurietti,35,Left-Back,Retired,-,out,Summer,0,Ligue 1,2010,2010/2011
FC Sochaux-Montbéliard,Modibo Maïga,22,Centre-Forward,Le Mans FC,£2.70m,in,Summer,2.7,Ligue 1,2010,2010/2011
FC Sochaux-Montbéliard,David Sauget,30,Left-Back,Grenoble,£270Th.,in,Summer,0.27,Ligue 1,2010,2010/2011
FC Sochaux-Montbéliard,Kévin Anin,23,Central Midfield,AC Le Havre,free transfer,in,Summer,NA,Ligue 1,2010,2010/2011
FC Sochaux-Montbéliard,Serdar Gürler,18,Right Winger,FC Sochaux B,-,in,Summer,0,Ligue 1,2010,2010/2011
FC Sochaux-Montbéliard,Rafaël Dias,19,Central Midfield,FC Sochaux B,-,in,Summer,0,Ligue 1,2010,2010/2011
FC Sochaux-Montbéliard,Cédric Bakambu,19,Centre-Forward,FC Sochaux B,-,in,Summer,0,Ligue 1,2010,2010/2011
FC Sochaux-Montbéliard,Kandia Traoré,29,Centre-Forward,SM Caen,"End of loanJun 30, 2010",in,Summer,0,Ligue 1,2010,2010/2011
FC Sochaux-Montbéliard,Badara Sène,25,Defensive Midfield,Le Mans FC,"End of loanJun 30, 2010",in,Summer,0,Ligue 1,2010,2010/2011
FC Sochaux-Montbéliard,Bojan Jokic,24,Left-Back,Chievo Verona,"End of loanJun 30, 2010",in,Summer,0,Ligue 1,2010,2010/2011
FC Sochaux-Montbéliard,Robin Previtali,23,Attacking Midfield,FC Gueugnon,"End of loanJun 30, 2010",in,Summer,0,Ligue 1,2010,2010/2011
FC Sochaux-Montbéliard,Stéphane Dalmat,31,Central Midfield,Stade Rennais,£1.35m,out,Summer,1.35,Ligue 1,2010,2010/2011
FC Sochaux-Montbéliard,Bojan Jokic,24,Left-Back,Chievo Verona,£900Th.,out,Summer,0.9,Ligue 1,2010,2010/2011
FC Sochaux-Montbéliard,Robin Previtali,23,Attacking Midfield,Naval,free transfer,out,Summer,NA,Ligue 1,2010,2010/2011
FC Sochaux-Montbéliard,Ivan Stevanovic,27,Right-Back,Partizan,loan transfer,out,Summer,NA,Ligue 1,2010,2010/2011
FC Sochaux-Montbéliard,Sloan Privat,20,Centre-Forward,Clermont Foot,loan transfer,out,Summer,NA,Ligue 1,2010,2010/2011
FC Sochaux-Montbéliard,Kandia Traoré,29,Centre-Forward,SM Caen,?,out,Summer,NA,Ligue 1,2010,2010/2011
FC Sochaux-Montbéliard,Benjamin Gavanon,29,Central Midfield,AS Nancy,"End of loanJun 30, 2010",out,Summer,0,Ligue 1,2010,2010/2011
AS Saint-Étienne,Guirane N'Daw,26,Defensive Midfield,FC Nantes,£2.70m,in,Summer,2.7,Ligue 1,2010,2010/2011
AS Saint-Étienne,Carlos Bocanegra,31,Centre-Back,Stade Rennais,£113Th.,in,Summer,0.113,Ligue 1,2010,2010/2011
AS Saint-Étienne,Sylvain Marchal,30,Centre-Back,FC Lorient,free transfer,in,Summer,NA,Ligue 1,2010,2010/2011
AS Saint-Étienne,Albin Ebondo,26,Right-Back,Toulouse,free transfer,in,Summer,NA,Ligue 1,2010,2010/2011
AS Saint-Étienne,Laurent Batlles,34,Attacking Midfield,Grenoble,free transfer,in,Summer,NA,Ligue 1,2010,2010/2011
AS Saint-Étienne,Loris Néry,19,Right-Back,Saint-Étienne B,-,in,Summer,0,Ligue 1,2010,2010/2011
AS Saint-Étienne,Faouzi Ghoulam,19,Left-Back,Saint-Étienne B,-,in,Summer,0,Ligue 1,2010,2010/2011
AS Saint-Étienne,Sidy Sagna,20,Central Midfield,Saint-Étienne B,-,in,Summer,0,Ligue 1,2010,2010/2011
AS Saint-Étienne,Josuha Guilavogui,19,Defensive Midfield,Saint-Étienne B,-,in,Summer,0,Ligue 1,2010,2010/2011
AS Saint-Étienne,Sébastien Grax,26,Centre-Forward,Guingamp,"End of loanJun 30, 2010",in,Summer,0,Ligue 1,2010,2010/2011
AS Saint-Étienne,Jessy Moulin,24,Goalkeeper,Fréjus-St-Raph.,"End of loanJun 30, 2010",in,Summer,0,Ligue 1,2010,2010/2011
AS Saint-Étienne,Augusto Fernández,24,Central Midfield,Vélez Sarsfield,£2.48m,out,Summer,2.48,Ligue 1,2010,2010/2011
AS Saint-Étienne,Yohan Benalouane,23,Centre-Back,Cesena,£990Th.,out,Summer,0.99,Ligue 1,2010,2010/2011
AS Saint-Étienne,Kevin Mirallas,22,Right Winger,Olympiacos,Loan fee:£810Th.,out,Summer,0.81,Ligue 1,2010,2010/2011
AS Saint-Étienne,Gelson Fernandes,23,Defensive Midfield,Chievo Verona,Loan fee:£450Th.,out,Summer,0.45,Ligue 1,2010,2010/2011
AS Saint-Étienne,Cédric Varrault,30,Centre-Back,Panionios,free transfer,out,Summer,NA,Ligue 1,2010,2010/2011
AS Saint-Étienne,Maodomalick Faye,22,Centre-Forward,SO Chambéry,free transfer,out,Summer,NA,Ligue 1,2010,2010/2011
AS Saint-Étienne,Stathis Tavlaridis,30,Centre-Back,AE Larisa,free transfer,out,Summer,NA,Ligue 1,2010,2010/2011
AS Saint-Étienne,Mouhamadou Dabo,23,Right-Back,Sevilla FC,free transfer,out,Summer,NA,Ligue 1,2010,2010/2011
AS Saint-Étienne,Helton Dos Reis,22,Centre-Back,Grenoble,free transfer,out,Summer,NA,Ligue 1,2010,2010/2011
AS Saint-Étienne,Vincent Planté,29,Goalkeeper,AC Arles,loan transfer,out,Summer,NA,Ligue 1,2010,2010/2011
AS Saint-Étienne,Yohan Hautcoeur,28,Central Midfield,Without Club,-,out,Summer,0,Ligue 1,2010,2010/2011
AS Saint-Étienne,Pape Diakhaté,26,Centre-Back,Dynamo Kyiv,"End of loanJun 30, 2010",out,Summer,0,Ligue 1,2010,2010/2011
AS Saint-Étienne,Guirane N'Daw,26,Defensive Midfield,FC Nantes,"End of loanJun 30, 2010",out,Summer,0,Ligue 1,2010,2010/2011
Paris Saint-Germain,Nenê,28,Attacking Midfield,Monaco,£4.50m,in,Summer,4.5,Ligue 1,2010,2010/2011
Paris Saint-Germain,Mathieu Bodmer,27,Defensive Midfield,Olympique Lyon,£2.25m,in,Summer,2.25,Ligue 1,2010,2010/2011
Paris Saint-Germain,Siaka Tiéné,28,Left-Back,Valenciennes FC,£1.35m,in,Summer,1.35,Ligue 1,2010,2010/2011
Paris Saint-Germain,Alphonse Areola,17,Goalkeeper,Paris SG U19,-,in,Summer,0,Ligue 1,2010,2010/2011
Paris Saint-Germain,Adama Touré,18,Central Midfield,Paris SG B,-,in,Summer,0,Ligue 1,2010,2010/2011
Paris Saint-Germain,Loris Arnaud,23,Centre-Forward,Clermont Foot,"End of loanJun 30, 2010",in,Summer,0,Ligue 1,2010,2010/2011
Paris Saint-Germain,Albert Baning,25,Defensive Midfield,R. Strasbourg,"End of loanJun 30, 2010",in,Summer,0,Ligue 1,2010,2010/2011
Paris Saint-Germain,Jérôme Rothen,32,Left Midfield,Ankaragücü,"End of loanJun 30, 2010",in,Summer,0,Ligue 1,2010,2010/2011
Paris Saint-Germain,Maxime Partouche,20,Attacking Midfield,Panionios,free transfer,out,Summer,NA,Ligue 1,2010,2010/2011
Paris Saint-Germain,Albert Baning,25,Defensive Midfield,M. Tel Aviv,free transfer,out,Summer,NA,Ligue 1,2010,2010/2011
Paris Saint-Germain,Granddi N'Goyi,22,Defensive Midfield,Stade Brestois,loan transfer,out,Summer,NA,Ligue 1,2010,2010/2011
Paris Saint-Germain,Loris Arnaud,23,Centre-Forward,SCO Angers,loan transfer,out,Summer,NA,Ligue 1,2010,2010/2011
Paris Saint-Germain,Younousse Sankharé,20,Central Midfield,Dijon,loan transfer,out,Summer,NA,Ligue 1,2010,2010/2011
Paris Saint-Germain,Willy Grondin,35,Goalkeeper,Retired,-,out,Summer,0,Ligue 1,2010,2010/2011
Paris Saint-Germain,Jérôme Rothen,32,Left Midfield,Without Club,-,out,Summer,0,Ligue 1,2010,2010/2011
OGC Nice,Nemanja Pejcinovic,22,Centre-Back,Rad,Loan fee:£360Th.,in,Summer,0.36,Ligue 1,2010,2010/2011
OGC Nice,Danijel Ljuboja,31,Centre-Forward,Grenoble,£270Th.,in,Summer,0.27,Ligue 1,2010,2010/2011
OGC Nice,Abdou Traoré,22,Central Midfield,G. Bordeaux,loan transfer,in,Summer,NA,Ligue 1,2010,2010/2011
OGC Nice,Lucas Veronese,19,Goalkeeper,OGC Nice B,-,in,Summer,0,Ligue 1,2010,2010/2011
OGC Nice,François Clerc,27,Right-Back,Without Club,-,in,Summer,0,Ligue 1,2010,2010/2011
OGC Nice,Julien Berthomier,20,Centre-Back,OGC Nice B,-,in,Summer,0,Ligue 1,2010,2010/2011
OGC Nice,Anthony Modeste,22,Centre-Forward,SCO Angers,"End of loanJun 30, 2010",in,Summer,0,Ligue 1,2010,2010/2011
OGC Nice,Adeílson,24,Centre-Forward,Fluminense,"End of loanJun 1, 2010",in,Summer,0,Ligue 1,2010,2010/2011
OGC Nice,Loïc Rémy,23,Centre-Forward,Marseille,£13.95m,out,Summer,13.95,Ligue 1,2010,2010/2011
OGC Nice,Onyekachi Apam,23,Centre-Back,Stade Rennais,£3.60m,out,Summer,3.6,Ligue 1,2010,2010/2011
OGC Nice,Anthony Modeste,22,Centre-Forward,G. Bordeaux,£3.15m,out,Summer,3.15,Ligue 1,2010,2010/2011
OGC Nice,Enoch Kofi Adu,19,Defensive Midfield,Nordsjaelland,free transfer,out,Summer,NA,Ligue 1,2010,2010/2011
OGC Nice,Adeílson,24,Centre-Forward,FC Istres,loan transfer,out,Summer,NA,Ligue 1,2010,2010/2011
OGC Nice,Julien Berthomier,20,Centre-Back,FC Gueugnon,loan transfer,out,Summer,NA,Ligue 1,2010,2010/2011
OGC Nice,Mahamane Traoré,22,Central Midfield,FC Metz,loan transfer,out,Summer,NA,Ligue 1,2010,2010/2011
OGC Nice,Jonathan Quartey,22,Centre-Back,Samsunspor,loan transfer,out,Summer,NA,Ligue 1,2010,2010/2011
OGC Nice,Jérémie Moreau,29,Goalkeeper,Without Club,-,out,Summer,0,Ligue 1,2010,2010/2011
OGC Nice,Gérald Cid,27,Centre-Back,Retired,-,out,Summer,0,Ligue 1,2010,2010/2011
OGC Nice,Olivier Echouafni,37,Defensive Midfield,Retired,-,out,Summer,0,Ligue 1,2010,2010/2011
FC Toulouse,Federico Santander,19,Centre-Forward,Guaraní,loan transfer,in,Summer,NA,Ligue 1,2010,2010/2011
FC Toulouse,Adrián Gunino,21,Right-Back,Danubio FC,loan transfer,in,Summer,NA,Ligue 1,2010,2010/2011
FC Toulouse,Yannis Tafer,19,Right Midfield,Olympique Lyon,loan transfer,in,Summer,NA,Ligue 1,2010,2010/2011
FC Toulouse,Ali Ahamada,18,Goalkeeper,Toulouse B,-,in,Summer,0,Ligue 1,2010,2010/2011
FC Toulouse,Wissam Ben Yedder,20,Centre-Forward,Toulouse B,-,in,Summer,0,Ligue 1,2010,2010/2011
FC Toulouse,Florian Aigouy,19,Centre-Back,Toulouse B,-,in,Summer,0,Ligue 1,2010,2010/2011
FC Toulouse,Xavier Pentecôte,23,Centre-Forward,SC Bastia,"End of loanJun 30, 2010",in,Summer,0,Ligue 1,2010,2010/2011
FC Toulouse,Sören Larsen,28,Centre-Forward,MSV Duisburg,"End of loanJun 30, 2010",in,Summer,0,Ligue 1,2010,2010/2011
FC Toulouse,André-Pierre Gignac,24,Centre-Forward,Marseille,£14.40m,out,Summer,14.4,Ligue 1,2010,2010/2011
FC Toulouse,Luan,21,Left Winger,Palmeiras,Loan fee:£315Th.,out,Summer,0.315,Ligue 1,2010,2010/2011
FC Toulouse,Dany Nounkeu,24,Centre-Back,Gaziantepspor,£270Th.,out,Summer,0.27,Ligue 1,2010,2010/2011
FC Toulouse,Ahmed Soukouna,20,Centre-Forward,SCO Angers B,free transfer,out,Summer,NA,Ligue 1,2010,2010/2011
FC Toulouse,Olivier Blondel,30,Goalkeeper,Troyes,free transfer,out,Summer,NA,Ligue 1,2010,2010/2011
FC Toulouse,Kévin Dupuis,23,Centre-Forward,LB Châteauroux,free transfer,out,Summer,NA,Ligue 1,2010,2010/2011
FC Toulouse,Albin Ebondo,26,Right-Back,Saint-Étienne,free transfer,out,Summer,NA,Ligue 1,2010,2010/2011
FC Toulouse,Oumar N'Diaye,21,Defensive Midfield,Croix Daurade,free transfer,out,Summer,NA,Ligue 1,2010,2010/2011
FC Toulouse,Mathieu Berson,30,Defensive Midfield,Without Club,-,out,Summer,0,Ligue 1,2010,2010/2011
FC Toulouse,Colin Kazim-Richards,23,Centre-Forward,Fenerbahce,"End of loanJun 30, 2010",out,Summer,0,Ligue 1,2010,2010/2011
AJ Auxerre,Anthony Le Tallec,25,Centre-Forward,Le Mans FC,£2.70m,in,Summer,2.7,Ligue 1,2010,2010/2011
AJ Auxerre,Frédéric Sammaritano,24,Attacking Midfield,Vannes,£450Th.,in,Summer,0.45,Ligue 1,2010,2010/2011
AJ Auxerre,Johnson Soumahoro,22,Centre-Back,Amiens SC B,free transfer,in,Summer,NA,Ligue 1,2010,2010/2011
AJ Auxerre,Gabriel Tamas,26,Centre-Back,West Brom,"End of loanJun 30, 2010",in,Summer,0,Ligue 1,2010,2010/2011
AJ Auxerre,Jérémy Huyghebaert,21,Left-Back,KSV Roeselare,"End of loanJun 30, 2010",in,Summer,0,Ligue 1,2010,2010/2011
AJ Auxerre,Moussa Narry,24,Defensive Midfield,Le Mans FC,"End of loanJun 30, 2010",in,Summer,0,Ligue 1,2010,2010/2011
AJ Auxerre,Lynel Kitambala,21,Centre-Forward,Dijon,"End of loanJun 30, 2010",in,Summer,0,Ligue 1,2010,2010/2011
AJ Auxerre,Maxime Jasse,22,Central Midfield,Dijon,"End of loanJun 30, 2010",in,Summer,0,Ligue 1,2010,2010/2011
AJ Auxerre,Steeven Langil,22,Left Winger,SM Caen,"End of loanJun 30, 2010",in,Summer,0,Ligue 1,2010,2010/2011
AJ Auxerre,Lynel Kitambala,21,Centre-Forward,FC Lorient,£1.35m,out,Summer,1.35,Ligue 1,2010,2010/2011
AJ Auxerre,Gabriel Tamas,26,Centre-Back,West Brom,£837Th.,out,Summer,0.837,Ligue 1,2010,2010/2011
AJ Auxerre,Daniel Niculae,27,Centre-Forward,Monaco,free transfer,out,Summer,NA,Ligue 1,2010,2010/2011
AJ Auxerre,Baptiste Martin,25,Centre-Back,KV Kortrijk,free transfer,out,Summer,NA,Ligue 1,2010,2010/2011
AJ Auxerre,Moussa Narry,24,Defensive Midfield,Le Mans FC,?,out,Summer,NA,Ligue 1,2010,2010/2011
AJ Auxerre,Maxime Jasse,22,Central Midfield,AJ Auxerre B,-,out,Summer,0,Ligue 1,2010,2010/2011
AJ Auxerre,Robert Popov,28,Right-Back,Without Club,-,out,Summer,0,Ligue 1,2010,2010/2011
AJ Auxerre,Kévin Malaga,23,Centre-Back,Without Club,-,out,Summer,0,Ligue 1,2010,2010/2011
AJ Auxerre,Aurélien Capoue,28,Left Winger,FC Nantes,"End of loanJun 30, 2010",out,Summer,0,Ligue 1,2010,2010/2011
Stade Rennais FC,Víctor Montaño,26,Centre-Forward,Montpellier,£5.85m,in,Summer,5.85,Ligue 1,2010,2010/2011
Stade Rennais FC,Onyekachi Apam,23,Centre-Back,OGC Nice,£3.60m,in,Summer,3.6,Ligue 1,2010,2010/2011
Stade Rennais FC,Jean-Armel Kana-Biyik,20,Centre-Back,AC Le Havre,£2.25m,in,Summer,2.25,Ligue 1,2010,2010/2011
Stade Rennais FC,Stéphane Dalmat,31,Central Midfield,FC Sochaux,£1.35m,in,Summer,1.35,Ligue 1,2010,2010/2011
Stade Rennais FC,Georges Mandjeck,21,Defensive Midfield,VfB Stuttgart,£1.08m,in,Summer,1.08,Ligue 1,2010,2010/2011
Stade Rennais FC,Johann Carrasso,22,Goalkeeper,Montpellier,£900Th.,in,Summer,0.9,Ligue 1,2010,2010/2011
Stade Rennais FC,Kamal Issah,18,Defensive Midfield,Liberty Prof.,?,in,Summer,NA,Ligue 1,2010,2010/2011
Stade Rennais FC,Vincent Pajot,19,Defensive Midfield,Rennes B,-,in,Summer,0,Ligue 1,2010,2010/2011
Stade Rennais FC,Yassine Jebbour,18,Right-Back,Rennes B,-,in,Summer,0,Ligue 1,2010,2010/2011
Stade Rennais FC,Gaëtan Caro,20,Central Midfield,Rennes B,-,in,Summer,0,Ligue 1,2010,2010/2011
Stade Rennais FC,Samuel Souprayen,21,Centre-Back,Dijon,"End of loanJun 30, 2010",in,Summer,0,Ligue 1,2010,2010/2011
Stade Rennais FC,Abdoul Camara,20,Left Winger,Vannes,"End of loanJun 30, 2010",in,Summer,0,Ligue 1,2010,2010/2011
Stade Rennais FC,Prince Oniangué,21,Defensive Midfield,SCO Angers,"End of loanJun 30, 2010",in,Summer,0,Ligue 1,2010,2010/2011
Stade Rennais FC,Maxime Le Marchand,20,Centre-Back,AC Le Havre,"End of loanJun 30, 2010",in,Summer,0,Ligue 1,2010,2010/2011
Stade Rennais FC,Bira Dembélé,22,Centre-Back,US Boulogne,"End of loanJun 30, 2010",in,Summer,0,Ligue 1,2010,2010/2011
Stade Rennais FC,Julian Esteban,23,Centre-Forward,Servette FC,"End of loanJun 30, 2010",in,Summer,0,Ligue 1,2010,2010/2011
Stade Rennais FC,Yacine Brahimi,20,Left Winger,Clermont Foot,"End of loanJun 30, 2010",in,Summer,0,Ligue 1,2010,2010/2011
Stade Rennais FC,Asamoah Gyan,24,Centre-Forward,Sunderland,£14.40m,out,Summer,14.4,Ligue 1,2010,2010/2011
Stade Rennais FC,Ismaël Bangoura,25,Centre-Forward,Al-Nasr,£7.20m,out,Summer,7.2,Ligue 1,2010,2010/2011
Stade Rennais FC,Jimmy Briand,24,Centre-Forward,Olympique Lyon,£5.40m,out,Summer,5.4,Ligue 1,2010,2010/2011
Stade Rennais FC,Carlos Bocanegra,31,Centre-Back,Saint-Étienne,£113Th.,out,Summer,0.113,Ligue 1,2010,2010/2011
Stade Rennais FC,Moussa Sow,24,Centre-Forward,LOSC Lille,free transfer,out,Summer,NA,Ligue 1,2010,2010/2011
Stade Rennais FC,Petter Hansson,33,Centre-Back,Monaco,free transfer,out,Summer,NA,Ligue 1,2010,2010/2011
Stade Rennais FC,Julian Esteban,23,Centre-Forward,Servette FC,free transfer,out,Summer,NA,Ligue 1,2010,2010/2011
Stade Rennais FC,Elderson,22,Left-Back,SC Braga,free transfer,out,Summer,NA,Ligue 1,2010,2010/2011
Stade Rennais FC,Prince Oniangué,21,Defensive Midfield,Tours FC,free transfer,out,Summer,NA,Ligue 1,2010,2010/2011
Stade Rennais FC,Vincent Pajot,19,Defensive Midfield,US Boulogne,loan transfer,out,Summer,NA,Ligue 1,2010,2010/2011
Stade Rennais FC,Cheick N'Diaye,25,Goalkeeper,Paris FC,loan transfer,out,Summer,NA,Ligue 1,2010,2010/2011
Stade Rennais FC,Lhadji Badiane,23,Right Winger,Dijon,loan transfer,out,Summer,NA,Ligue 1,2010,2010/2011
Stade Rennais FC,Maxime Le Marchand,20,Centre-Back,AC Le Havre,?,out,Summer,NA,Ligue 1,2010,2010/2011
Stade Rennais FC,Florent Petit,21,Goalkeeper,Without Club,-,out,Summer,0,Ligue 1,2010,2010/2011
Stade Rennais FC,Patrice Luzi,29,Goalkeeper,Retired,-,out,Summer,0,Ligue 1,2010,2010/2011
Stade Rennais FC,Mickaël Pagis,36,Second Striker,Retired,-,out,Summer,0,Ligue 1,2010,2010/2011
Olympique Marseille,André-Pierre Gignac,24,Centre-Forward,Toulouse,£14.40m,in,Summer,14.4,Ligue 1,2010,2010/2011
Olympique Marseille,Loïc Rémy,23,Centre-Forward,OGC Nice,£13.95m,in,Summer,13.95,Ligue 1,2010,2010/2011
Olympique Marseille,César Azpilicueta,20,Right-Back,CA Osasuna,£5.40m,in,Summer,5.4,Ligue 1,2010,2010/2011
Olympique Marseille,Senah Mango,18,Centre-Back,Marseille B,-,in,Summer,0,Ligue 1,2010,2010/2011
Olympique Marseille,Cédric D'Ulivo,20,Right-Back,Cassis Carnoux,"End of loanJun 30, 2010",in,Summer,0,Ligue 1,2010,2010/2011
Olympique Marseille,Garry Bocaly,22,Right-Back,Montpellier,"End of loanJun 30, 2010",in,Summer,0,Ligue 1,2010,2010/2011
Olympique Marseille,Mohamed Dennoun,24,Attacking Midfield,Amiens SC,"End of loanJun 30, 2010",in,Summer,0,Ligue 1,2010,2010/2011
Olympique Marseille,André Ayew,20,Left Winger,AC Arles,"End of loanJun 30, 2010",in,Summer,0,Ligue 1,2010,2010/2011
Olympique Marseille,Mamadou Samassa,24,Centre-Forward,Valenciennes FC,"End of loanJun 30, 2010",in,Summer,0,Ligue 1,2010,2010/2011
Olympique Marseille,Jean-Philippe Sabo,23,Left-Back,AC Ajaccio,"End of loanJun 30, 2010",in,Summer,0,Ligue 1,2010,2010/2011
Olympique Marseille,Leyti N'Diaye,24,Centre-Back,AC Ajaccio,"End of loanJun 30, 2010",in,Summer,0,Ligue 1,2010,2010/2011
Olympique Marseille,Mamadou Niang,30,Centre-Forward,Fenerbahce,£8.10m,out,Summer,8.1,Ligue 1,2010,2010/2011
Olympique Marseille,Bakari Koné,28,Right Winger,Lekhwiya,£3.15m,out,Summer,3.15,Ligue 1,2010,2010/2011
Olympique Marseille,Hatem Ben Arfa,23,Attacking Midfield,Newcastle,Loan fee:£2.25m,out,Summer,2.25,Ligue 1,2010,2010/2011
Olympique Marseille,Mamadou Samassa,24,Centre-Forward,Valenciennes FC,£720Th.,out,Summer,0.72,Ligue 1,2010,2010/2011
Olympique Marseille,Garry Bocaly,22,Right-Back,Montpellier,£720Th.,out,Summer,0.72,Ligue 1,2010,2010/2011
Olympique Marseille,Guy Gnabouyou,20,Centre-Forward,US Orléans 45,free transfer,out,Summer,NA,Ligue 1,2010,2010/2011
Olympique Marseille,Charley Fomen,20,Left-Back,Dijon,loan transfer,out,Summer,NA,Ligue 1,2010,2010/2011
Olympique Marseille,Cédric D'Ulivo,20,Right-Back,AC Ajaccio,loan transfer,out,Summer,NA,Ligue 1,2010,2010/2011
Olympique Marseille,Pape M'Bow,22,Centre-Back,AC Ajaccio,loan transfer,out,Summer,NA,Ligue 1,2010,2010/2011
Olympique Marseille,Cyril Rool,35,Left-Back,Retired,-,out,Summer,0,Ligue 1,2010,2010/2011
Olympique Marseille,Fernando Morientes,34,Centre-Forward,Career break,-,out,Summer,0,Ligue 1,2010,2010/2011
Olympique Marseille,Laurent Bonnart,30,Right-Back,Without Club,-,out,Summer,0,Ligue 1,2010,2010/2011
AS Monaco,Dieumerci Mbokani,24,Centre-Forward,Standard Liège,£6.30m,in,Summer,6.3,Ligue 1,2010,2010/2011
AS Monaco,Chris Malonga,23,Left Winger,AS Nancy,£1.17m,in,Summer,1.17,Ligue 1,2010,2010/2011
AS Monaco,Sébastien Puygrenier,28,Centre-Back,Zenit S-Pb,Loan fee:£630Th.,in,Summer,0.63,Ligue 1,2010,2010/2011
AS Monaco,Petter Hansson,33,Centre-Back,Stade Rennais,free transfer,in,Summer,NA,Ligue 1,2010,2010/2011
AS Monaco,Sébastien Chabbert,32,Goalkeeper,RSC Charleroi,free transfer,in,Summer,NA,Ligue 1,2010,2010/2011
AS Monaco,Daniel Niculae,27,Centre-Forward,AJ Auxerre,free transfer,in,Summer,NA,Ligue 1,2010,2010/2011
AS Monaco,Pierre-Emerick Aubameyang,21,Centre-Forward,AC Milan,loan transfer,in,Summer,NA,Ligue 1,2010,2010/2011
AS Monaco,Romain Padovani,20,Centre-Back,Monaco U19,-,in,Summer,0,Ligue 1,2010,2010/2011
AS Monaco,Laurent Bonnart,30,Right-Back,Without Club,-,in,Summer,0,Ligue 1,2010,2010/2011
AS Monaco,Layvin Kurzawa,17,Left-Back,Monaco B,-,in,Summer,0,Ligue 1,2010,2010/2011
AS Monaco,Kévin Malcuit,18,Right-Back,Monaco U19,-,in,Summer,0,Ligue 1,2010,2010/2011
AS Monaco,Yvan Erichot,20,Centre-Back,Monaco B,-,in,Summer,0,Ligue 1,2010,2010/2011
AS Monaco,Franck L'Hostis,20,Goalkeeper,Monaco B,-,in,Summer,0,Ligue 1,2010,2010/2011
AS Monaco,Dennis Appiah,18,Right-Back,Monaco B,-,in,Summer,0,Ligue 1,2010,2010/2011
AS Monaco,Nampalys Mendy,18,Defensive Midfield,Monaco B,-,in,Summer,0,Ligue 1,2010,2010/2011
AS Monaco,Eidur Gudjohnsen,31,Centre-Forward,Spurs,"End of loanJun 30, 2010",in,Summer,0,Ligue 1,2010,2010/2011
AS Monaco,Serge Gakpé,23,Right Winger,Tours FC,"End of loanJun 30, 2010",in,Summer,0,Ligue 1,2010,2010/2011
AS Monaco,Frédéric Nimani,21,Centre-Forward,Burnley,"End of loanJun 30, 2010",in,Summer,0,Ligue 1,2010,2010/2011
AS Monaco,Loïc Dufau,21,Defensive Midfield,Cassis Carnoux,"End of loanJun 30, 2010",in,Summer,0,Ligue 1,2010,2010/2011
AS Monaco,Massamba Sambou,23,Centre-Back,FC Nantes,"End of loanJun 30, 2010",in,Summer,0,Ligue 1,2010,2010/2011
AS Monaco,Manuel Vallaurio,23,Goalkeeper,Rodez AF,"End of loanJun 30, 2010",in,Summer,0,Ligue 1,2010,2010/2011
AS Monaco,Kévin Diaz,21,Right Midfield,AC Ajaccio,"End of loanJun 30, 2010",in,Summer,0,Ligue 1,2010,2010/2011
AS Monaco,Nenê,28,Attacking Midfield,Paris SG,£4.50m,out,Summer,4.5,Ligue 1,2010,2010/2011
AS Monaco,Juan Pablo Pino,23,Right Winger,Galatasaray,£2.70m,out,Summer,2.7,Ligue 1,2010,2010/2011
AS Monaco,Eidur Gudjohnsen,31,Centre-Forward,Stoke City,£2.25m,out,Summer,2.25,Ligue 1,2010,2010/2011
AS Monaco,Diego Pérez,30,Defensive Midfield,Bologna,£1.80m,out,Summer,1.8,Ligue 1,2010,2010/2011
AS Monaco,Yannick Sagbo,22,Centre-Forward,Évian,£360Th.,out,Summer,0.36,Ligue 1,2010,2010/2011
AS Monaco,Malaury Martin,21,Defensive Midfield,Blackpool,free transfer,out,Summer,NA,Ligue 1,2010,2010/2011
AS Monaco,Manuel Vallaurio,23,Goalkeeper,Rapid Menton,free transfer,out,Summer,NA,Ligue 1,2010,2010/2011
AS Monaco,François Modesto,31,Centre-Back,Olympiacos,free transfer,out,Summer,NA,Ligue 1,2010,2010/2011
AS Monaco,Massamba Sambou,23,Centre-Back,Atromitos Athen,free transfer,out,Summer,NA,Ligue 1,2010,2010/2011
AS Monaco,Jerko Leko,30,Defensive Midfield,Bucaspor,free transfer,out,Summer,NA,Ligue 1,2010,2010/2011
AS Monaco,Dario Simic,34,Right-Back,Dinamo Zagreb,free transfer,out,Summer,NA,Ligue 1,2010,2010/2011
AS Monaco,Distel Zola,21,Defensive Midfield,Stade Lavallois,loan transfer,out,Summer,NA,Ligue 1,2010,2010/2011
AS Monaco,Frédéric Nimani,21,Centre-Forward,FC Nantes,loan transfer,out,Summer,NA,Ligue 1,2010,2010/2011
AS Monaco,Yvan Erichot,20,Centre-Back,Clermont Foot,loan transfer,out,Summer,NA,Ligue 1,2010,2010/2011
AS Monaco,Yohann Thuram,21,Goalkeeper,Tours FC,loan transfer,out,Summer,NA,Ligue 1,2010,2010/2011
AS Monaco,Yohan Mollo,20,Right Winger,SM Caen,loan transfer,out,Summer,NA,Ligue 1,2010,2010/2011
AS Monaco,Sani Kaita,24,Defensive Midfield,Metalist,loan transfer,out,Summer,NA,Ligue 1,2010,2010/2011
AS Monaco,Kévin Diaz,21,Right Midfield,FC Metz,loan transfer,out,Summer,NA,Ligue 1,2010,2010/2011
AS Monaco,Patrick Müller,33,Centre-Back,Retired,-,out,Summer,0,Ligue 1,2010,2010/2011
AS Monaco,Moussa Maazou,21,Centre-Forward,CSKA Moscow,"End of loanJun 30, 2010",out,Summer,0,Ligue 1,2010,2010/2011
AS Monaco,Sébastien Puygrenier,28,Centre-Back,Zenit S-Pb,"End of loanJun 30, 2010",out,Summer,0,Ligue 1,2010,2010/2011
RC Lens,Raphaël Varane,17,Centre-Back,RC Lens U19,-,in,Winter,0,Ligue 1,2010,2010/2011
RC Lens,Razak Boukari,23,Right Winger,Stade Rennais,£4.50m,out,Winter,4.5,Ligue 1,2010,2010/2011
RC Lens,Marco Ramos,27,Left-Back,SC Braga,free transfer,out,Winter,NA,Ligue 1,2010,2010/2011
Athlétic Club Arlésien,Bobo Balde,35,Centre-Back,Valenciennes FC,free transfer,in,Winter,NA,Ligue 1,2010,2010/2011
Athlétic Club Arlésien,Romain Rocchi,29,Defensive Midfield,Hapoel Tel Aviv,free transfer,in,Winter,NA,Ligue 1,2010,2010/2011
Athlétic Club Arlésien,Arnaud Torregrossa,21,Goalkeeper,Perpignan Canet,free transfer,in,Winter,NA,Ligue 1,2010,2010/2011
Athlétic Club Arlésien,Grégory Lorenzi,27,Centre-Back,Stade Brestois,loan transfer,in,Winter,NA,Ligue 1,2010,2010/2011
Athlétic Club Arlésien,Elamine Erbate,29,Centre-Back,Raja Casablanca,£180Th.,out,Winter,0.18,Ligue 1,2010,2010/2011
Athlétic Club Arlésien,Benjamin Psaume,25,Right Winger,Troyes,free transfer,out,Winter,NA,Ligue 1,2010,2010/2011
Athlétic Club Arlésien,Álvaro Mejía,28,Centre-Back,Konyaspor,free transfer,out,Winter,NA,Ligue 1,2010,2010/2011
Athlétic Club Arlésien,Chafik Najih,27,Attacking Midfield,US Boulogne,loan transfer,out,Winter,NA,Ligue 1,2010,2010/2011
Athlétic Club Arlésien,Hameur Bouazza,25,Right Winger,Millwall,loan transfer,out,Winter,NA,Ligue 1,2010,2010/2011
Athlétic Club Arlésien,Angelos Charisteas,30,Centre-Forward,Without Club,-,out,Winter,0,Ligue 1,2010,2010/2011
Stade Brestois 29,Jonathan Ayité,25,Centre-Forward,Nîmes Olympique,£900Th.,in,Winter,0.9,Ligue 1,2010,2010/2011
Stade Brestois 29,Simon Pontdemé,22,Goalkeeper,AJ Auxerre,free transfer,out,Winter,NA,Ligue 1,2010,2010/2011
Stade Brestois 29,Filippos Darlas,27,Left-Back,Atromitos Athen,loan transfer,out,Winter,NA,Ligue 1,2010,2010/2011
Stade Brestois 29,Grégory Lorenzi,27,Centre-Back,AC Arles,loan transfer,out,Winter,NA,Ligue 1,2010,2010/2011
Valenciennes FC,Steeven Langil,22,Left Winger,AJ Auxerre,loan transfer,in,Winter,NA,Ligue 1,2010,2010/2011
Valenciennes FC,Bobo Balde,35,Centre-Back,AC Arles,free transfer,out,Winter,NA,Ligue 1,2010,2010/2011
Valenciennes FC,Amara Bangoura,24,Right Midfield,Vannes,free transfer,out,Winter,NA,Ligue 1,2010,2010/2011
SM Caen,Grégory Proment,32,Defensive Midfield,Antalyaspor,free transfer,in,Winter,NA,Ligue 1,2010,2010/2011
SM Caen,Benjamin Morel,23,Right Winger,SM Caen B,-,in,Winter,0,Ligue 1,2010,2010/2011
SM Caen,Thibault Moulin,20,Central Midfield,SM Caen B,-,in,Winter,0,Ligue 1,2010,2010/2011
SM Caen,M'Baye Niang,16,Centre-Forward,SM Caen B,-,in,Winter,0,Ligue 1,2010,2010/2011
SM Caen,Livio Nabab,22,Centre-Forward,Stade Lavallois,loan transfer,out,Winter,NA,Ligue 1,2010,2010/2011
AS Nancy-Lorraine,Ronan Le Crom,36,Goalkeeper,Without Club,-,in,Winter,0,Ligue 1,2010,2010/2011
AS Nancy-Lorraine,Massadio Haidara,18,Left-Back,AS Nancy B,-,in,Winter,0,Ligue 1,2010,2010/2011
FC Lorient,Gilles Sunu,19,Centre-Forward,Arsenal Res.,loan transfer,in,Winter,NA,Ligue 1,2010,2010/2011
FC Lorient,Jonas Sakuwaha,27,Right Winger,AC Le Havre,"End of loanNov 1, 2010",in,Winter,0,Ligue 1,2010,2010/2011
FC Lorient,Jonas Sakuwaha,27,Right Winger,Al Merreikh,free transfer,out,Winter,NA,Ligue 1,2010,2010/2011
FC Lorient,Alban Joinel,31,Goalkeeper,Carquefou,loan transfer,out,Winter,NA,Ligue 1,2010,2010/2011
FC Lorient,Sebastián Dubarbier,24,Left-Back,CD Tenerife,loan transfer,out,Winter,NA,Ligue 1,2010,2010/2011
LOSC Lille,Emil Lyng,21,Left Winger,Nordsjaelland,loan transfer,out,Winter,NA,Ligue 1,2010,2010/2011
Olympique Lyon,Jean II Makoun,27,Defensive Midfield,Aston Villa,£5.58m,out,Winter,5.58,Ligue 1,2010,2010/2011
Montpellier HSC,John Utaka,29,Left Winger,Portsmouth,£450Th.,in,Winter,0.45,Ligue 1,2010,2010/2011
Montpellier HSC,Romain Armand,23,Centre-Forward,Cannes,loan transfer,out,Winter,NA,Ligue 1,2010,2010/2011
Montpellier HSC,Grégory Lacombe,29,Right Winger,Monaco,loan transfer,out,Winter,NA,Ligue 1,2010,2010/2011
FC Girondins Bordeaux,André,20,Centre-Forward,Dynamo Kyiv,Loan fee:£450Th.,in,Winter,0.45,Ligue 1,2010,2010/2011
FC Girondins Bordeaux,Azbe Jug,18,Goalkeeper,NK Interblock,?,in,Winter,NA,Ligue 1,2010,2010/2011
FC Girondins Bordeaux,Fernando Cavenaghi,27,Centre-Forward,RCD Mallorca,"End of loanJan 25, 2011",in,Winter,0,Ligue 1,2010,2010/2011
FC Girondins Bordeaux,David Bellion,28,Centre-Forward,OGC Nice,loan transfer,out,Winter,NA,Ligue 1,2010,2010/2011
FC Girondins Bordeaux,Henri Saivet,20,Attacking Midfield,SCO Angers,loan transfer,out,Winter,NA,Ligue 1,2010,2010/2011
FC Girondins Bordeaux,Fernando Cavenaghi,27,Centre-Forward,Internacional,loan transfer,out,Winter,NA,Ligue 1,2010,2010/2011
FC Girondins Bordeaux,Moussa Maazou,22,Centre-Forward,CSKA Moscow,"End of loanJan 18, 2011",out,Winter,0,Ligue 1,2010,2010/2011
FC Sochaux-Montbéliard,Vaclav Sverkos,27,Centre-Forward,Panionios,loan transfer,out,Winter,NA,Ligue 1,2010,2010/2011
FC Sochaux-Montbéliard,Frédéric Duplus,20,Right-Back,Vannes,loan transfer,out,Winter,NA,Ligue 1,2010,2010/2011
FC Sochaux-Montbéliard,Charlie Davies,24,Centre-Forward,D.C. United,loan transfer,out,Winter,NA,Ligue 1,2010,2010/2011
AS Saint-Étienne,Yoric Ravet,21,Right Winger,Grenoble,£540Th.,in,Winter,0.54,Ligue 1,2010,2010/2011
AS Saint-Étienne,Alejandro Alonso,28,Right Midfield,Monaco,£180Th.,in,Winter,0.18,Ligue 1,2010,2010/2011
AS Saint-Étienne,Pierre-Emerick Aubameyang,21,Centre-Forward,AC Milan,loan transfer,in,Winter,NA,Ligue 1,2010,2010/2011
AS Saint-Étienne,Guirane N'Daw,26,Defensive Midfield,Real Zaragoza,loan transfer,out,Winter,NA,Ligue 1,2010,2010/2011
AS Saint-Étienne,Gonzalo Bergessio,26,Centre-Forward,Catania,loan transfer,out,Winter,NA,Ligue 1,2010,2010/2011
AS Saint-Étienne,Sébastien Grax,26,Centre-Forward,Without Club,-,out,Winter,0,Ligue 1,2010,2010/2011
Paris Saint-Germain,Neeskens Kebano,18,Left Winger,Paris SG U19,-,in,Winter,0,Ligue 1,2010,2010/2011
Paris Saint-Germain,Éverton Santos,24,Centre-Forward,Goiás EC,"End of loanDec 1, 2010",in,Winter,0,Ligue 1,2010,2010/2011
Paris Saint-Germain,Éverton Santos,24,Centre-Forward,Ponte Preta,"End of loanFeb 1, 2011",in,Winter,0,Ligue 1,2010,2010/2011
Paris Saint-Germain,Stéphane Sessègnon,26,Attacking Midfield,Sunderland,£6.30m,out,Winter,6.3,Ligue 1,2010,2010/2011
Paris Saint-Germain,Éverton Santos,24,Centre-Forward,Ponte Preta,loan transfer,out,Winter,NA,Ligue 1,2010,2010/2011
Paris Saint-Germain,Éverton Santos,24,Centre-Forward,Seongnam Ilhwa,loan transfer,out,Winter,NA,Ligue 1,2010,2010/2011
Paris Saint-Germain,Mateja Kezman,31,Centre-Forward,Without Club,-,out,Winter,0,Ligue 1,2010,2010/2011
OGC Nice,Nemanja Pejcinovic,23,Centre-Back,Rad,£900Th.,in,Winter,0.9,Ligue 1,2010,2010/2011
OGC Nice,Raúl Fernández,25,Goalkeeper,Universitario,free transfer,in,Winter,NA,Ligue 1,2010,2010/2011
OGC Nice,David Bellion,28,Centre-Forward,G. Bordeaux,loan transfer,in,Winter,NA,Ligue 1,2010,2010/2011
OGC Nice,Jonathan Quartey,22,Centre-Back,Samsunspor,"End of loanDec 31, 2010",in,Winter,0,Ligue 1,2010,2010/2011
OGC Nice,Mickael Pote,26,Centre-Forward,Le Mans FC,loan transfer,out,Winter,NA,Ligue 1,2010,2010/2011
OGC Nice,Raúl Fernández,25,Goalkeeper,Universitario,loan transfer,out,Winter,NA,Ligue 1,2010,2010/2011
OGC Nice,Nemanja Pejcinovic,23,Centre-Back,Rad,"End of loanDec 31, 2010",out,Winter,0,Ligue 1,2010,2010/2011
FC Toulouse,Luis Mejía,19,Goalkeeper,CA Fénix,loan transfer,in,Winter,NA,Ligue 1,2010,2010/2011
FC Toulouse,Sören Larsen,29,Centre-Forward,Feyenoord,loan transfer,out,Winter,NA,Ligue 1,2010,2010/2011
AJ Auxerre,Jo-gook Jeong,26,Centre-Forward,FC Seoul,free transfer,in,Winter,NA,Ligue 1,2010,2010/2011
AJ Auxerre,Simon Pontdemé,22,Goalkeeper,Stade Brestois,free transfer,in,Winter,NA,Ligue 1,2010,2010/2011
AJ Auxerre,Willy Boly,19,Centre-Back,AJ Auxerre B,-,in,Winter,0,Ligue 1,2010,2010/2011
AJ Auxerre,Jérémy Huyghebaert,21,Left-Back,KV Mechelen,?,out,Winter,NA,Ligue 1,2010,2010/2011
AJ Auxerre,Steeven Langil,22,Left Winger,Valenciennes FC,loan transfer,out,Winter,NA,Ligue 1,2010,2010/2011
Stade Rennais FC,Razak Boukari,23,Right Winger,Lens,£4.50m,in,Winter,4.5,Ligue 1,2010,2010/2011
Stade Rennais FC,John Verhoek,21,Centre-Forward,FC Den Bosch,£450Th.,in,Winter,0.45,Ligue 1,2010,2010/2011
Stade Rennais FC,Franck Julienne,19,Right Winger,Rennes B,-,in,Winter,0,Ligue 1,2010,2010/2011
Stade Rennais FC,Rod Fanni,29,Right-Back,Marseille,£3.60m,out,Winter,3.6,Ligue 1,2010,2010/2011
Olympique Marseille,Rod Fanni,29,Right-Back,Stade Rennais,£3.60m,in,Winter,3.6,Ligue 1,2010,2010/2011
Olympique Marseille,Jules Goda,21,Goalkeeper,Without Club,-,in,Winter,0,Ligue 1,2010,2010/2011
Olympique Marseille,Cédric D'Ulivo,21,Right-Back,AC Ajaccio,"End of loanDec 1, 2010",in,Winter,0,Ligue 1,2010,2010/2011
Olympique Marseille,Pape M'Bow,22,Centre-Back,AC Ajaccio,"End of loanDec 31, 2010",in,Winter,0,Ligue 1,2010,2010/2011
Olympique Marseille,Hatem Ben Arfa,23,Attacking Midfield,Newcastle,"End of loanDec 31, 2010",in,Winter,0,Ligue 1,2010,2010/2011
Olympique Marseille,Hatem Ben Arfa,23,Attacking Midfield,Newcastle,£5.40m,out,Winter,5.4,Ligue 1,2010,2010/2011
Olympique Marseille,Rudy Riou,31,Goalkeeper,RSC Charleroi,free transfer,out,Winter,NA,Ligue 1,2010,2010/2011
Olympique Marseille,Mohamed Dennoun,24,Attacking Midfield,Bayonne,loan transfer,out,Winter,NA,Ligue 1,2010,2010/2011
Olympique Marseille,Pape M'Bow,22,Centre-Back,Cannes,loan transfer,out,Winter,NA,Ligue 1,2010,2010/2011
Olympique Marseille,Brandão,30,Centre-Forward,Cruzeiro,loan transfer,out,Winter,NA,Ligue 1,2010,2010/2011
AS Monaco,Benjamin Moukandjo,22,Centre-Forward,Nîmes Olympique,£450Th.,in,Winter,0.45,Ligue 1,2010,2010/2011
AS Monaco,Moussa Maazou,22,Centre-Forward,CSKA Moscow,Loan fee:£225Th.,in,Winter,0.225,Ligue 1,2010,2010/2011
AS Monaco,Mahamadou Diarra,29,Defensive Midfield,Real Madrid,free transfer,in,Winter,NA,Ligue 1,2010,2010/2011
AS Monaco,Grégory Lacombe,29,Right Winger,Montpellier,loan transfer,in,Winter,NA,Ligue 1,2010,2010/2011
AS Monaco,Georgie Welcome,25,Centre-Forward,CD Motagua,loan transfer,in,Winter,NA,Ligue 1,2010,2010/2011
AS Monaco,Pascal Feindouno,29,Right Winger,Without Club,-,in,Winter,0,Ligue 1,2010,2010/2011
AS Monaco,Sani Kaita,24,Defensive Midfield,Metalist,"End of loanDec 1, 2010",in,Winter,0,Ligue 1,2010,2010/2011
AS Monaco,Dieumerci Mbokani,25,Centre-Forward,VfL Wolfsburg,Loan fee:£900Th.,out,Winter,0.9,Ligue 1,2010,2010/2011
AS Monaco,Alejandro Alonso,28,Right Midfield,Saint-Étienne,£180Th.,out,Winter,0.18,Ligue 1,2010,2010/2011
AS Monaco,Serge Gakpé,23,Right Winger,FC Nantes,free transfer,out,Winter,NA,Ligue 1,2010,2010/2011
AS Monaco,Eduardo Costa,28,Defensive Midfield,Vasco da Gama,loan transfer,out,Winter,NA,Ligue 1,2010,2010/2011
AS Monaco,Sani Kaita,24,Defensive Midfield,Iraklis,loan transfer,out,Winter,NA,Ligue 1,2010,2010/2011
AS Monaco,Pierre-Emerick Aubameyang,21,Centre-Forward,AC Milan,"End of loanJan 30, 2011",out,Winter,0,Ligue 1,2010,2010/2011
