club_name,player_name,age,position,club_involved_name,fee,transfer_movement,transfer_period,fee_cleaned,league_name,year,season
SL Benfica,Kikin,26,Centre-Forward,CD Cruz Azul,£3.15m,in,Summer,3.15,Liga Nos,2006,2006/2007
SL Benfica,Marcel,24,Centre-Forward,Coimbra,£2.25m,in,Summer,2.25,Liga Nos,2006,2006/2007
SL Benfica,Konstantinos Katsouranis,27,Defensive Midfield,AEK Athens,£2.07m,in,Summer,2.07,Liga Nos,2006,2006/2007
SL Benfica,Paulo Jorge,25,Right Winger,Boavista,£1.08m,in,Summer,1.08,Liga Nos,2006,2006/2007
SL Benfica,Miguelito,25,Left-Back,Nacional,£900Th.,in,Summer,0.9,Liga Nos,2006,2006/2007
SL Benfica,Rui Costa,34,Attacking Midfield,AC Milan,free transfer,in,Summer,NA,Liga Nos,2006,2006/2007
SL Benfica,Diego Souza,21,Centre-Forward,Fluminense,?,in,Summer,NA,Liga Nos,2006,2006/2007
SL Benfica,Nuno Assis,28,Attacking Midfield,Ban,-,in,Summer,0,Liga Nos,2006,2006/2007
SL Benfica,João Coimbra,20,Attacking Midfield,Benfica B,-,in,Summer,0,Liga Nos,2006,2006/2007
SL Benfica,João Fonseca,19,Defensive Midfield,Benfica B,-,in,Summer,0,Liga Nos,2006,2006/2007
SL Benfica,Bijou,20,Defensive Midfield,Benfica B,-,in,Summer,0,Liga Nos,2006,2006/2007
SL Benfica,Zambujo,19,Right Winger,Benfica B,-,in,Summer,0,Liga Nos,2006,2006/2007
SL Benfica,Pedro Correia,19,Right-Back,Benfica U19,-,in,Summer,0,Liga Nos,2006,2006/2007
SL Benfica,Anderson,28,Centre-Forward,Portuguesa,"End of loanJun 30, 2006",in,Summer,0,Liga Nos,2006,2006/2007
SL Benfica,André Luis,26,Centre-Back,Marseille,"End of loanJun 30, 2006",in,Summer,0,Liga Nos,2006,2006/2007
SL Benfica,Eduardo Simões,24,Centre-Back,Olivais,"End of loanJun 30, 2006",in,Summer,0,Liga Nos,2006,2006/2007
SL Benfica,Inzaghi,21,Centre-Forward,Cherno More,"End of loanJun 30, 2006",in,Summer,0,Liga Nos,2006,2006/2007
SL Benfica,Zé Rui,23,Left Winger,Penafiel,"End of loanJun 30, 2006",in,Summer,0,Liga Nos,2006,2006/2007
SL Benfica,Hélio Roque,20,Right Winger,Vitória Setúbal,"End of loanJun 30, 2006",in,Summer,0,Liga Nos,2006,2006/2007
SL Benfica,Artur Futre,23,Centre-Forward,Maia,"End of loanJun 30, 2006",in,Summer,0,Liga Nos,2006,2006/2007
SL Benfica,Rodolfo Lima,26,Centre-Forward,Gil Vicente,"End of loanJun 30, 2006",in,Summer,0,Liga Nos,2006,2006/2007
SL Benfica,João Pereira,22,Right-Back,Gil Vicente,"End of loanJun 30, 2006",in,Summer,0,Liga Nos,2006,2006/2007
SL Benfica,José Fonte,22,Centre-Back,Paços Ferreira,"End of loanJun 30, 2006",in,Summer,0,Liga Nos,2006,2006/2007
SL Benfica,Carlitos,23,Left Midfield,Vitória Setúbal,"End of loanJun 30, 2006",in,Summer,0,Liga Nos,2006,2006/2007
SL Benfica,João Vilela,20,Central Midfield,Gil Vicente,"End of loanJun 30, 2006",in,Summer,0,Liga Nos,2006,2006/2007
SL Benfica,Everson,30,Defensive Midfield,BSC Young Boys,"End of loanJun 30, 2006",in,Summer,0,Liga Nos,2006,2006/2007
SL Benfica,Manú,23,Right Winger,CF Estrela,"End of loanJun 30, 2006",in,Summer,0,Liga Nos,2006,2006/2007
SL Benfica,Yannick Quesnel,32,Goalkeeper,Marseille,"End of loanJun 30, 2006",in,Summer,0,Liga Nos,2006,2006/2007
SL Benfica,Azar Karadas,24,Centre-Back,Portsmouth,"End of loanJun 30, 2006",in,Summer,0,Liga Nos,2006,2006/2007
SL Benfica,Geovanni,26,Attacking Midfield,Cruzeiro,£1.35m,out,Summer,1.35,Liga Nos,2006,2006/2007
SL Benfica,André Luis,27,Centre-Back,Cruzeiro,£315Th.,out,Summer,0.315,Liga Nos,2006,2006/2007
SL Benfica,Ricardo Janota,19,Goalkeeper,Vendas Novas,free transfer,out,Summer,NA,Liga Nos,2006,2006/2007
SL Benfica,João Fonseca,19,Defensive Midfield,CD Fátima,free transfer,out,Summer,NA,Liga Nos,2006,2006/2007
SL Benfica,Anderson,28,Centre-Forward,Ponte Preta,free transfer,out,Summer,NA,Liga Nos,2006,2006/2007
SL Benfica,João Vilela,20,Central Midfield,Gil Vicente,free transfer,out,Summer,NA,Liga Nos,2006,2006/2007
SL Benfica,Yannick Quesnel,32,Goalkeeper,Monaco,free transfer,out,Summer,NA,Liga Nos,2006,2006/2007
SL Benfica,Zambujo,19,Right Winger,Olivais,free transfer,out,Summer,NA,Liga Nos,2006,2006/2007
SL Benfica,Zé Rui,23,Left Winger,Nacional,free transfer,out,Summer,NA,Liga Nos,2006,2006/2007
SL Benfica,Eduardo Simões,24,Centre-Back,Mafra,free transfer,out,Summer,NA,Liga Nos,2006,2006/2007
SL Benfica,João Pereira,22,Right-Back,Gil Vicente,free transfer,out,Summer,NA,Liga Nos,2006,2006/2007
SL Benfica,Laurent Robert,31,Left Winger,Levante,free transfer,out,Summer,NA,Liga Nos,2006,2006/2007
SL Benfica,Manuel Fernandes,20,Attacking Midfield,Portsmouth,loan transfer,out,Summer,NA,Liga Nos,2006,2006/2007
SL Benfica,Bruno Costa,19,Goalkeeper,Odivelas,loan transfer,out,Summer,NA,Liga Nos,2006,2006/2007
SL Benfica,Gustavo Manduca,26,Left Winger,AEK Athens,loan transfer,out,Summer,NA,Liga Nos,2006,2006/2007
SL Benfica,Carlitos,23,Left Midfield,FC Sion,loan transfer,out,Summer,NA,Liga Nos,2006,2006/2007
SL Benfica,Artur Futre,24,Centre-Forward,Desportivo Aves,?,out,Summer,NA,Liga Nos,2006,2006/2007
SL Benfica,Everson,30,Defensive Midfield,Xamax,?,out,Summer,NA,Liga Nos,2006,2006/2007
SL Benfica,Rodolfo Lima,26,Centre-Forward,Portimonense,loan transfer,out,Summer,NA,Liga Nos,2006,2006/2007
SL Benfica,Fausto,21,Centre-Back,Louletano,loan transfer,out,Summer,NA,Liga Nos,2006,2006/2007
SL Benfica,Bijou,20,Defensive Midfield,Gondomar,loan transfer,out,Summer,NA,Liga Nos,2006,2006/2007
SL Benfica,José Fonte,22,Centre-Back,CF Estrela,loan transfer,out,Summer,NA,Liga Nos,2006,2006/2007
SL Benfica,Hélio Roque,21,Right Winger,Olivais,loan transfer,out,Summer,NA,Liga Nos,2006,2006/2007
SL Benfica,Azar Karadas,24,Centre-Back,1.FC K'lautern,loan transfer,out,Summer,NA,Liga Nos,2006,2006/2007
SL Benfica,Tiago Gomes,19,Left-Back,CF Estrela,loan transfer,out,Summer,NA,Liga Nos,2006,2006/2007
SL Benfica,Marcel,24,Centre-Forward,SC Braga,loan transfer,out,Summer,NA,Liga Nos,2006,2006/2007
SL Benfica,Marcel,24,Centre-Forward,Coimbra,"End of loanJun 30, 2006",out,Summer,0,Liga Nos,2006,2006/2007
FC Porto,Diogo Valente,21,Left Winger,Boavista,£1.35m,in,Summer,1.35,Liga Nos,2006,2006/2007
FC Porto,João Paulo,25,Centre-Back,Leiria,£1.35m,in,Summer,1.35,Liga Nos,2006,2006/2007
FC Porto,Adriano,27,Centre-Forward,Cruzeiro,£1.08m,in,Summer,1.08,Liga Nos,2006,2006/2007
FC Porto,Tarik Sektioui,29,Right Winger,AZ Alkmaar,£900Th.,in,Summer,0.9,Liga Nos,2006,2006/2007
FC Porto,Jorge Fucile,21,Right-Back,Liverpool FC,Loan fee:£180Th.,in,Summer,0.18,Liga Nos,2006,2006/2007
FC Porto,Ezequias,25,Left-Back,Coimbra,?,in,Summer,NA,Liga Nos,2006,2006/2007
FC Porto,Steven Vitória,19,Centre-Back,FC Porto U19,-,in,Summer,0,Liga Nos,2006,2006/2007
FC Porto,Zequinha,19,Second Striker,FC Porto U19,-,in,Summer,0,Liga Nos,2006,2006/2007
FC Porto,Nuno André Coelho,20,Centre-Back,FC Porto B,-,in,Summer,0,Liga Nos,2006,2006/2007
FC Porto,Hélder Barbosa,19,Left Winger,FC Porto B,-,in,Summer,0,Liga Nos,2006,2006/2007
FC Porto,Vieirinha,20,Left-Back,FC Porto B,-,in,Summer,0,Liga Nos,2006,2006/2007
FC Porto,Cláudio Pitbull,24,Centre-Forward,Fluminense,"End of loanJun 1, 2006",in,Summer,0,Liga Nos,2006,2006/2007
FC Porto,Sérgio Organista,21,Defensive Midfield,Pontevedra,"End of loanJun 30, 2006",in,Summer,0,Liga Nos,2006,2006/2007
FC Porto,Areias,29,Left-Back,Boavista,"End of loanJun 30, 2006",in,Summer,0,Liga Nos,2006,2006/2007
FC Porto,Paulo Machado,20,Central Midfield,CF Estrela,"End of loanJun 1, 2006",in,Summer,0,Liga Nos,2006,2006/2007
FC Porto,Bruno Vale,23,Goalkeeper,CF Estrela,"End of loanJun 30, 2006",in,Summer,0,Liga Nos,2006,2006/2007
FC Porto,Maciel,27,Right Winger,Leiria,"End of loanJun 30, 2006",in,Summer,0,Liga Nos,2006,2006/2007
FC Porto,Leandro Bonfim,22,Attacking Midfield,Cruzeiro,"End of loanJun 30, 2006",in,Summer,0,Liga Nos,2006,2006/2007
FC Porto,Rui Sacramento,21,Goalkeeper,CA Valdevez,"End of loanJun 30, 2006",in,Summer,0,Liga Nos,2006,2006/2007
FC Porto,Hélder Postiga,23,Centre-Forward,Saint-Étienne,"End of loanJun 30, 2006",in,Summer,0,Liga Nos,2006,2006/2007
FC Porto,Diego,21,Central Midfield,Werder Bremen,£5.40m,out,Summer,5.4,Liga Nos,2006,2006/2007
FC Porto,Benni McCarthy,28,Centre-Forward,Blackburn,£3.33m,out,Summer,3.33,Liga Nos,2006,2006/2007
FC Porto,Hugo Almeida,22,Centre-Forward,Werder Bremen,Loan fee:£900Th.,out,Summer,0.9,Liga Nos,2006,2006/2007
FC Porto,César Peixoto,26,Left Midfield,Espanyol,Loan fee:£113Th.,out,Summer,0.113,Liga Nos,2006,2006/2007
FC Porto,Rui Sacramento,21,Goalkeeper,CA Valdevez,free transfer,out,Summer,NA,Liga Nos,2006,2006/2007
FC Porto,Sérgio Organista,21,Defensive Midfield,Pontevedra,free transfer,out,Summer,NA,Liga Nos,2006,2006/2007
FC Porto,Nuno André Coelho,20,Centre-Back,Standard Liège,loan transfer,out,Summer,NA,Liga Nos,2006,2006/2007
FC Porto,Nuno Coelho,18,Defensive Midfield,Leiria,loan transfer,out,Summer,NA,Liga Nos,2006,2006/2007
FC Porto,Hélder Barbosa,19,Left Winger,Coimbra,loan transfer,out,Summer,NA,Liga Nos,2006,2006/2007
FC Porto,Paulo Machado,20,Central Midfield,Leiria,loan transfer,out,Summer,NA,Liga Nos,2006,2006/2007
FC Porto,Zequinha,19,Second Striker,GD Tourizense,loan transfer,out,Summer,NA,Liga Nos,2006,2006/2007
FC Porto,Bruno Vale,23,Goalkeeper,Leiria,loan transfer,out,Summer,NA,Liga Nos,2006,2006/2007
FC Porto,Maciel,27,Right Winger,SC Braga,loan transfer,out,Summer,NA,Liga Nos,2006,2006/2007
FC Porto,Pedro Ribeiro,23,Centre-Back,Gil Vicente,?,out,Summer,NA,Liga Nos,2006,2006/2007
FC Porto,Areias,29,Left-Back,Standard Liège,loan transfer,out,Summer,NA,Liga Nos,2006,2006/2007
FC Porto,Ivanildo,20,Right Winger,Leiria,loan transfer,out,Summer,NA,Liga Nos,2006,2006/2007
FC Porto,Fatih Sonkaya,25,Right-Back,Coimbra,loan transfer,out,Summer,NA,Liga Nos,2006,2006/2007
FC Porto,Leandro Bonfim,22,Attacking Midfield,Nacional,loan transfer,out,Summer,NA,Liga Nos,2006,2006/2007
FC Porto,Steven Vitória,19,Centre-Back,GD Tourizense,loan transfer,out,Summer,NA,Liga Nos,2006,2006/2007
FC Porto,Cláudio Pitbull,24,Centre-Forward,Coimbra,loan transfer,out,Summer,NA,Liga Nos,2006,2006/2007
FC Porto,Adriano,27,Centre-Forward,Cruzeiro,"End of loanJun 30, 2006",out,Summer,0,Liga Nos,2006,2006/2007
Sporting CP,Abel Ferreira,27,Right-Back,SC Braga,£675Th.,in,Summer,0.675,Liga Nos,2006,2006/2007
Sporting CP,Alecsandro,25,Centre-Forward,Cruzeiro,Loan fee:£540Th.,in,Summer,0.54,Liga Nos,2006,2006/2007
Sporting CP,Carlos Paredes,29,Defensive Midfield,Reggina,free transfer,in,Summer,NA,Liga Nos,2006,2006/2007
Sporting CP,Pontus Farnerud,26,Central Midfield,R. Strasbourg,free transfer,in,Summer,NA,Liga Nos,2006,2006/2007
Sporting CP,Carlos Bueno,26,Centre-Forward,Paris SG,loan transfer,in,Summer,NA,Liga Nos,2006,2006/2007
Sporting CP,Ronny,20,Attacking Midfield,Sporting B,-,in,Summer,0,Liga Nos,2006,2006/2007
Sporting CP,Zezinando,19,Attacking Midfield,Sporting U19,-,in,Summer,0,Liga Nos,2006,2006/2007
Sporting CP,Rui Patrício,18,Goalkeeper,Sporting U19,-,in,Summer,0,Liga Nos,2006,2006/2007
Sporting CP,Celestino,19,Defensive Midfield,Sporting U19,-,in,Summer,0,Liga Nos,2006,2006/2007
Sporting CP,Paulo Renato,19,Centre-Back,Sporting U19,-,in,Summer,0,Liga Nos,2006,2006/2007
Sporting CP,Miguel Veloso,20,Defensive Midfield,Olivais,"End of loanJun 30, 2006",in,Summer,0,Liga Nos,2006,2006/2007
Sporting CP,Lourenço,23,Centre-Forward,Leiria,"End of loanJun 30, 2006",in,Summer,0,Liga Nos,2006,2006/2007
Sporting CP,Emídio Rafael,20,Left-Back,Casa Pia,"End of loanJun 30, 2006",in,Summer,0,Liga Nos,2006,2006/2007
Sporting CP,Edson Canhão,29,Left-Back,Legia Warszawa,"End of loanJun 30, 2006",in,Summer,0,Liga Nos,2006,2006/2007
Sporting CP,Yannick Djaló,20,Left Winger,Casa Pia,"End of loanJun 30, 2006",in,Summer,0,Liga Nos,2006,2006/2007
Sporting CP,Valdir,22,Left-Back,CF Estrela,"End of loanJun 30, 2006",in,Summer,0,Liga Nos,2006,2006/2007
Sporting CP,Mauricio Pinilla,22,Centre-Forward,Racing,"End of loanJun 30, 2006",in,Summer,0,Liga Nos,2006,2006/2007
Sporting CP,Santamaria,24,Centre-Back,CF Estrela,"End of loanJun 30, 2006",in,Summer,0,Liga Nos,2006,2006/2007
Sporting CP,José Semedo,21,Defensive Midfield,Feirense,"End of loanJun 30, 2006",in,Summer,0,Liga Nos,2006,2006/2007
Sporting CP,Manoel,28,Centre-Forward,Vit. Guimarães,"End of loanJun 30, 2006",in,Summer,0,Liga Nos,2006,2006/2007
Sporting CP,Edgar Marcelino,21,Right Winger,RBC Roosendaal,"End of loanJun 30, 2006",in,Summer,0,Liga Nos,2006,2006/2007
Sporting CP,Marcelo Labarthe,21,Defensive Midfield,Beira-Mar,"End of loanJun 30, 2006",in,Summer,0,Liga Nos,2006,2006/2007
Sporting CP,Mário Sérgio,24,Right-Back,Vit. Guimarães,"End of loanJun 30, 2006",in,Summer,0,Liga Nos,2006,2006/2007
Sporting CP,Paíto,23,Left-Back,Vit. Guimarães,"End of loanJun 30, 2006",in,Summer,0,Liga Nos,2006,2006/2007
Sporting CP,Paulo Sérgio,22,Attacking Midfield,Belenenses,"End of loanJun 30, 2006",in,Summer,0,Liga Nos,2006,2006/2007
Sporting CP,Miguel Ângelo,21,Centre-Back,Casa Pia,"End of loanJun 30, 2006",in,Summer,0,Liga Nos,2006,2006/2007
Sporting CP,Nuno Santos,27,Goalkeeper,Penafiel,"End of loanJun 30, 2006",in,Summer,0,Liga Nos,2006,2006/2007
Sporting CP,Deivid,26,Centre-Forward,Fenerbahce,£4.05m,out,Summer,4.05,Liga Nos,2006,2006/2007
Sporting CP,Mauricio Pinilla,22,Centre-Forward,Heart of Midl.,£810Th.,out,Summer,0.81,Liga Nos,2006,2006/2007
Sporting CP,Edson Canhão,29,Left-Back,Legia Warszawa,£675Th.,out,Summer,0.675,Liga Nos,2006,2006/2007
Sporting CP,Mário Sérgio,25,Right-Back,Naval,free transfer,out,Summer,NA,Liga Nos,2006,2006/2007
Sporting CP,Edgar Marcelino,21,Right Winger,Vit. Guimarães,free transfer,out,Summer,NA,Liga Nos,2006,2006/2007
Sporting CP,Hugo,29,Centre-Back,Vitória Setúbal,free transfer,out,Summer,NA,Liga Nos,2006,2006/2007
Sporting CP,Miguel Ângelo,21,Centre-Back,Trofense,free transfer,out,Summer,NA,Liga Nos,2006,2006/2007
Sporting CP,Santamaria,24,Centre-Back,Olhanense,free transfer,out,Summer,NA,Liga Nos,2006,2006/2007
Sporting CP,Ricardo Sá Pinto,33,Second Striker,Standard Liège,free transfer,out,Summer,NA,Liga Nos,2006,2006/2007
Sporting CP,Paíto,23,Left-Back,RCD Mallorca,free transfer,out,Summer,NA,Liga Nos,2006,2006/2007
Sporting CP,José Semedo,21,Defensive Midfield,Cagliari Calcio,free transfer,out,Summer,NA,Liga Nos,2006,2006/2007
Sporting CP,Valdir,22,Left-Back,Naval,free transfer,out,Summer,NA,Liga Nos,2006,2006/2007
Sporting CP,Manoel,28,Centre-Forward,Belenenses,free transfer,out,Summer,NA,Liga Nos,2006,2006/2007
Sporting CP,Celestino,19,Defensive Midfield,Olivais,loan transfer,out,Summer,NA,Liga Nos,2006,2006/2007
Sporting CP,Emídio Rafael,20,Left-Back,Real SC,loan transfer,out,Summer,NA,Liga Nos,2006,2006/2007
Sporting CP,Marcelo Labarthe,21,Defensive Midfield,Vitória Setúbal,loan transfer,out,Summer,NA,Liga Nos,2006,2006/2007
Sporting CP,Lourenço,23,Centre-Forward,Vitória Setúbal,?,out,Summer,NA,Liga Nos,2006,2006/2007
Sporting CP,Nuno Santos,28,Goalkeeper,Vit. Guimarães,?,out,Summer,NA,Liga Nos,2006,2006/2007
Sporting CP,André Marques,19,Left-Back,Olivais,loan transfer,out,Summer,NA,Liga Nos,2006,2006/2007
Sporting CP,Paulo Renato,19,Centre-Back,Real SC,loan transfer,out,Summer,NA,Liga Nos,2006,2006/2007
Sporting CP,Paulo Sérgio,22,Attacking Midfield,CF Estrela,loan transfer,out,Summer,NA,Liga Nos,2006,2006/2007
Sporting CP,Luís Loureiro,29,Defensive Midfield,CF Estrela,loan transfer,out,Summer,NA,Liga Nos,2006,2006/2007
Sporting CP,Zezinando,19,Attacking Midfield,Estoril Praia,loan transfer,out,Summer,NA,Liga Nos,2006,2006/2007
Sporting CP,Tomané,19,Centre-Forward,Barreirense,loan transfer,out,Summer,NA,Liga Nos,2006,2006/2007
Sporting CP,Douala,27,Left Winger,Portsmouth,loan transfer,out,Summer,NA,Liga Nos,2006,2006/2007
Sporting CP,David Caiado,19,Attacking Midfield,Estoril Praia,loan transfer,out,Summer,NA,Liga Nos,2006,2006/2007
Sporting CP,Nélson,30,Goalkeeper,Without Club,-,out,Summer,0,Liga Nos,2006,2006/2007
Sporting CP,Abel Ferreira,27,Right-Back,SC Braga,"End of loanJun 30, 2006",out,Summer,0,Liga Nos,2006,2006/2007
Sporting CP,Koke,23,Centre-Forward,Marseille,"End of loanJun 30, 2006",out,Summer,0,Liga Nos,2006,2006/2007
SC Braga,Marcin Chmiest,27,Centre-Forward,Odra Wodzislaw,Loan fee:£315Th.,in,Summer,0.315,Liga Nos,2006,2006/2007
SC Braga,Dani Mallo,27,Goalkeeper,Dep. La Coruña,free transfer,in,Summer,NA,Liga Nos,2006,2006/2007
SC Braga,João Pinto,34,Second Striker,Boavista,free transfer,in,Summer,NA,Liga Nos,2006,2006/2007
SC Braga,Zé Carlos,31,Centre-Forward,Marítimo,free transfer,in,Summer,NA,Liga Nos,2006,2006/2007
SC Braga,Ricardo Chaves,28,Defensive Midfield,Vitória Setúbal,free transfer,in,Summer,NA,Liga Nos,2006,2006/2007
SC Braga,Maciel,27,Right Winger,FC Porto,loan transfer,in,Summer,NA,Liga Nos,2006,2006/2007
SC Braga,Kazeem,18,Attacking Midfield,Fulham Res.,?,in,Summer,NA,Liga Nos,2006,2006/2007
SC Braga,Irineu,23,Centre-Back,Cruzeiro,loan transfer,in,Summer,NA,Liga Nos,2006,2006/2007
SC Braga,Paíto,24,Left-Back,RCD Mallorca,loan transfer,in,Summer,NA,Liga Nos,2006,2006/2007
SC Braga,Bruno Gama,18,Left Winger,FC Porto B,loan transfer,in,Summer,NA,Liga Nos,2006,2006/2007
SC Braga,Marcel,24,Centre-Forward,Benfica,loan transfer,in,Summer,NA,Liga Nos,2006,2006/2007
SC Braga,Pedro Pereira,22,Right Winger,Braga B,-,in,Summer,0,Liga Nos,2006,2006/2007
SC Braga,Luisinho,21,Left-Back,Braga B,loan transfer,in,Summer,NA,Liga Nos,2006,2006/2007
SC Braga,Henrique,26,Centre-Forward,Leixões,"End of loanJun 30, 2006",in,Summer,0,Liga Nos,2006,2006/2007
SC Braga,Abel Ferreira,27,Right-Back,Sporting CP,"End of loanJun 30, 2006",in,Summer,0,Liga Nos,2006,2006/2007
SC Braga,Nabil Baha,24,Centre-Forward,Racing Ferrol,"End of loanJun 30, 2006",in,Summer,0,Liga Nos,2006,2006/2007
SC Braga,Edinho,23,Centre-Forward,Paços Ferreira,"End of loanJun 30, 2006",in,Summer,0,Liga Nos,2006,2006/2007
SC Braga,Igor,26,Centre-Forward,Pontevedra,"End of loanJun 30, 2006",in,Summer,0,Liga Nos,2006,2006/2007
SC Braga,Maurício,29,Centre-Back,CF Estrela,"End of loanJun 30, 2006",in,Summer,0,Liga Nos,2006,2006/2007
SC Braga,Jaime Júnior,27,Attacking Midfield,Leiria,"End of loanJun 30, 2006",in,Summer,0,Liga Nos,2006,2006/2007
SC Braga,Diego Costa,18,Centre-Forward,Atlético Madrid,£1.35m,out,Summer,1.35,Liga Nos,2006,2006/2007
SC Braga,João Tomás,31,Centre-Forward,Al-Arabi SC,Loan fee:£1.08m,out,Summer,1.08,Liga Nos,2006,2006/2007
SC Braga,Abel Ferreira,27,Right-Back,Sporting CP,£675Th.,out,Summer,0.675,Liga Nos,2006,2006/2007
SC Braga,Igor,26,Centre-Forward,Pontevedra,£180Th.,out,Summer,0.18,Liga Nos,2006,2006/2007
SC Braga,Miguel Oliveira,22,Centre-Back,Gondomar,free transfer,out,Summer,NA,Liga Nos,2006,2006/2007
SC Braga,Rodrigo Dantas,21,Centre-Forward,CD Fátima,free transfer,out,Summer,NA,Liga Nos,2006,2006/2007
SC Braga,Marco Gonçalves,28,Goalkeeper,Belenenses,free transfer,out,Summer,NA,Liga Nos,2006,2006/2007
SC Braga,Edinho,23,Centre-Forward,Gil Vicente,free transfer,out,Summer,NA,Liga Nos,2006,2006/2007
SC Braga,Sidney Moraes,29,Defensive Midfield,Khaleej,free transfer,out,Summer,NA,Liga Nos,2006,2006/2007
SC Braga,Nabil Baha,24,Centre-Forward,US Créteil-L,free transfer,out,Summer,NA,Liga Nos,2006,2006/2007
SC Braga,Candido Costa,25,Right Midfield,Belenenses,free transfer,out,Summer,NA,Liga Nos,2006,2006/2007
SC Braga,Maurício,30,Centre-Back,Pohang Steelers,free transfer,out,Summer,NA,Liga Nos,2006,2006/2007
SC Braga,Diego Costa,17,Centre-Forward,Penafiel,loan transfer,out,Summer,NA,Liga Nos,2006,2006/2007
SC Braga,Eduardo,23,Goalkeeper,Beira-Mar,loan transfer,out,Summer,NA,Liga Nos,2006,2006/2007
SC Braga,Henrique,26,Centre-Forward,Vit. Guimarães,?,out,Summer,NA,Liga Nos,2006,2006/2007
SC Braga,Wellington,25,Centre-Back,OFI Crete FC,loan transfer,out,Summer,NA,Liga Nos,2006,2006/2007
SC Braga,Luisinho,21,Left-Back,Moreirense,loan transfer,out,Summer,NA,Liga Nos,2006,2006/2007
SC Braga,Jaime Júnior,27,Attacking Midfield,CF Estrela,loan transfer,out,Summer,NA,Liga Nos,2006,2006/2007
SC Braga,Dong-hyun Kim,22,Centre-Forward,Rubin Kazan,loan transfer,out,Summer,NA,Liga Nos,2006,2006/2007
SC Braga,Pedro Pereira,22,Right Winger,Vizela,loan transfer,out,Summer,NA,Liga Nos,2006,2006/2007
SC Braga,William,21,Centre-Back,Gil Vicente,loan transfer,out,Summer,NA,Liga Nos,2006,2006/2007
SC Braga,Filipe Gonçalves,21,Defensive Midfield,Leixões,loan transfer,out,Summer,NA,Liga Nos,2006,2006/2007
SC Braga,João Pedro,20,Right-Back,Penafiel,loan transfer,out,Summer,NA,Liga Nos,2006,2006/2007
SC Braga,Carlos Marinelli,24,Attacking Midfield,Without Club,-,out,Summer,0,Liga Nos,2006,2006/2007
SC Braga,Andrija Delibasic,25,Centre-Forward,RCD Mallorca,"End of loanJun 30, 2006",out,Summer,0,Liga Nos,2006,2006/2007
SC Braga,Rossato,28,Left-Back,Real Sociedad,"End of loanJun 30, 2006",out,Summer,0,Liga Nos,2006,2006/2007
Boavista FC,Peter Jehle,24,Goalkeeper,Grasshoppers,£900Th.,in,Summer,0.9,Liga Nos,2006,2006/2007
Boavista FC,Przemyslaw Kazmierczak,24,Defensive Midfield,Pogon Szczecin,Loan fee:£90Th.,in,Summer,0.09,Liga Nos,2006,2006/2007
Boavista FC,Pedro Bessa,29,Right-Back,Naval,free transfer,in,Summer,NA,Liga Nos,2006,2006/2007
Boavista FC,Roland Linz,24,Centre-Forward,Austria Vienna,free transfer,in,Summer,NA,Liga Nos,2006,2006/2007
Boavista FC,Mário Silva,29,Left-Back,Cádiz CF,free transfer,in,Summer,NA,Liga Nos,2006,2006/2007
Boavista FC,Jaouad Zairi,24,Right Midfield,FC Sochaux,?,in,Summer,NA,Liga Nos,2006,2006/2007
Boavista FC,Marquinhos,23,Right-Back,Madureira-RJ,?,in,Summer,NA,Liga Nos,2006,2006/2007
Boavista FC,Leonardo Tambussi,24,Centre-Back,Dorados II,?,in,Summer,NA,Liga Nos,2006,2006/2007
Boavista FC,Nuno Pinto,19,Left-Back,Vila FC,?,in,Summer,NA,Liga Nos,2006,2006/2007
Boavista FC,Fernando Dinis,23,Left-Back,Olivais,?,in,Summer,NA,Liga Nos,2006,2006/2007
Boavista FC,Ricardo Sousa,27,Attacking Midfield,Hannover 96,loan transfer,in,Summer,NA,Liga Nos,2006,2006/2007
Boavista FC,Rafal Grzelak,24,Attacking Midfield,Pogon Szczecin,loan transfer,in,Summer,NA,Liga Nos,2006,2006/2007
Boavista FC,Gilberto,19,Central Midfield,Boavista Y19,-,in,Summer,0,Liga Nos,2006,2006/2007
Boavista FC,João Pedro,21,Defensive Midfield,Beira-Mar,"End of loanJun 30, 2006",in,Summer,0,Liga Nos,2006,2006/2007
Boavista FC,Vítor Borges,22,Right-Back,GDRC Os Sandinenses,"End of loanJun 30, 2006",in,Summer,0,Liga Nos,2006,2006/2007
Boavista FC,Nelson Santos,21,Defensive Midfield,Gondomar,"End of loanJun 30, 2006",in,Summer,0,Liga Nos,2006,2006/2007
Boavista FC,Marcos António,26,Centre-Forward,Oliveirense,"End of loanJun 30, 2006",in,Summer,0,Liga Nos,2006,2006/2007
Boavista FC,Filipe Anunciacão,27,Defensive Midfield,Desportivo Aves,"End of loanJun 30, 2006",in,Summer,0,Liga Nos,2006,2006/2007
Boavista FC,Hélder Calvino,22,Attacking Midfield,FC Marco,"End of loanJun 30, 2006",in,Summer,0,Liga Nos,2006,2006/2007
Boavista FC,Paulo Rangel,21,Centre-Forward,Maia,"End of loanJun 30, 2006",in,Summer,0,Liga Nos,2006,2006/2007
Boavista FC,Steven,21,Right-Back,Gondomar,"End of loanJun 30, 2006",in,Summer,0,Liga Nos,2006,2006/2007
Boavista FC,Hugo Ferreira,22,Goalkeeper,CD Ourense,"End of loanJun 30, 2006",in,Summer,0,Liga Nos,2006,2006/2007
Boavista FC,Daniel,22,Defensive Midfield,Beira-Mar,"End of loanJun 30, 2006",in,Summer,0,Liga Nos,2006,2006/2007
Boavista FC,Diogo Valente,21,Left Winger,FC Porto,£1.35m,out,Summer,1.35,Liga Nos,2006,2006/2007
Boavista FC,Paulo Jorge,25,Right Winger,Benfica,£1.08m,out,Summer,1.08,Liga Nos,2006,2006/2007
Boavista FC,Cadú,24,Centre-Back,CFR Cluj,£675Th.,out,Summer,0.675,Liga Nos,2006,2006/2007
Boavista FC,Manuel José,25,Right Midfield,CFR Cluj,£450Th.,out,Summer,0.45,Liga Nos,2006,2006/2007
Boavista FC,João Pinto,34,Second Striker,SC Braga,free transfer,out,Summer,NA,Liga Nos,2006,2006/2007
Boavista FC,Tomas Oravec,25,Centre-Forward,Artmedia Brat.,free transfer,out,Summer,NA,Liga Nos,2006,2006/2007
Boavista FC,Steven,21,Right-Back,SL Nelas,free transfer,out,Summer,NA,Liga Nos,2006,2006/2007
Boavista FC,Filipe Anunciacão,27,Defensive Midfield,Desportivo Aves,free transfer,out,Summer,NA,Liga Nos,2006,2006/2007
Boavista FC,Gilberto,19,Central Midfield,Penalva Castelo,loan transfer,out,Summer,NA,Liga Nos,2006,2006/2007
Boavista FC,Daniel,22,Defensive Midfield,Setúbal B,?,out,Summer,NA,Liga Nos,2006,2006/2007
Boavista FC,Hugo Ferreira,22,Goalkeeper,SL Nelas,?,out,Summer,NA,Liga Nos,2006,2006/2007
Boavista FC,Hélder Calvino,22,Attacking Midfield,Estoril Praia,?,out,Summer,NA,Liga Nos,2006,2006/2007
Boavista FC,Nelson Santos,21,Defensive Midfield,Dragões,?,out,Summer,NA,Liga Nos,2006,2006/2007
Boavista FC,Marco Pereira,18,Goalkeeper,Trofense,?,out,Summer,NA,Liga Nos,2006,2006/2007
Boavista FC,Bruno Pinheiro,18,Defensive Midfield,GD Ribeirão,loan transfer,out,Summer,NA,Liga Nos,2006,2006/2007
Boavista FC,Paulo Rangel,21,Centre-Forward,AD Lousada,loan transfer,out,Summer,NA,Liga Nos,2006,2006/2007
Boavista FC,Vítor Borges,22,Right-Back,Dragões,loan transfer,out,Summer,NA,Liga Nos,2006,2006/2007
Boavista FC,Igor Rocha,22,Left-Back,GD Ribeirão,loan transfer,out,Summer,NA,Liga Nos,2006,2006/2007
Boavista FC,João Pedro,21,Defensive Midfield,União Lamas,loan transfer,out,Summer,NA,Liga Nos,2006,2006/2007
Boavista FC,Diego Figueredo,24,Attacking Midfield,Real Valladolid,"End of loanJun 30, 2006",out,Summer,0,Liga Nos,2006,2006/2007
Boavista FC,Rui Duarte,25,Right-Back,Estoril Praia,"End of loanJun 30, 2006",out,Summer,0,Liga Nos,2006,2006/2007
Boavista FC,Areias,29,Left-Back,FC Porto,"End of loanJun 30, 2006",out,Summer,0,Liga Nos,2006,2006/2007
CS Marítimo,Álex von Schwedler,26,Centre-Back,RB Salzburg,free transfer,in,Summer,NA,Liga Nos,2006,2006/2007
CS Marítimo,Fábio,27,Goalkeeper,Galo Maringá,free transfer,in,Summer,NA,Liga Nos,2006,2006/2007
CS Marítimo,Arvid Smit,25,Central Midfield,PSV Eindhoven,free transfer,in,Summer,NA,Liga Nos,2006,2006/2007
CS Marítimo,Cédric Moukouri,26,Centre-Forward,AS Cherbourg,free transfer,in,Summer,NA,Liga Nos,2006,2006/2007
CS Marítimo,Neca,26,Attacking Midfield,Vit. Guimarães,free transfer,in,Summer,NA,Liga Nos,2006,2006/2007
CS Marítimo,Grégory Arnolin,25,Centre-Back,Gil Vicente,free transfer,in,Summer,NA,Liga Nos,2006,2006/2007
CS Marítimo,Sergio Pires Lopes,21,midfield,Valonguense,?,in,Summer,NA,Liga Nos,2006,2006/2007
CS Marítimo,Milton do Ó,27,Centre-Back,Fluminense,?,in,Summer,NA,Liga Nos,2006,2006/2007
CS Marítimo,Zé Gomes,30,Right-Back,Rio Ave FC,?,in,Summer,NA,Liga Nos,2006,2006/2007
CS Marítimo,Martin Prest,27,Centre-Forward,Nuorese,?,in,Summer,NA,Liga Nos,2006,2006/2007
CS Marítimo,Marcelo Lipatín,29,Centre-Forward,Grêmio,?,in,Summer,NA,Liga Nos,2006,2006/2007
CS Marítimo,Collins Mbesuma,22,Centre-Forward,Portsmouth U18,loan transfer,in,Summer,NA,Liga Nos,2006,2006/2007
CS Marítimo,André Barreto,26,Central Midfield,Wisla Kraków,loan transfer,in,Summer,NA,Liga Nos,2006,2006/2007
CS Marítimo,Ronaldo,25,Centre-Forward,Camacha,"End of loanJun 30, 2006",in,Summer,0,Liga Nos,2006,2006/2007
CS Marítimo,Krum Bibishkov,23,Centre-Forward,Penafiel,"End of loanJun 30, 2006",in,Summer,0,Liga Nos,2006,2006/2007
CS Marítimo,Miklós Gaál,25,Left-Back,Hajduk Split,free transfer,out,Summer,NA,Liga Nos,2006,2006/2007
CS Marítimo,Mancuso,25,Defensive Midfield,Belenenses,free transfer,out,Summer,NA,Liga Nos,2006,2006/2007
CS Marítimo,Ali El Omari,28,Left Midfield,US Créteil-L,free transfer,out,Summer,NA,Liga Nos,2006,2006/2007
CS Marítimo,Zé Carlos,31,Centre-Forward,SC Braga,free transfer,out,Summer,NA,Liga Nos,2006,2006/2007
CS Marítimo,Mitchell van der Gaag,34,Centre-Back,Al-Nasr,free transfer,out,Summer,NA,Liga Nos,2006,2006/2007
CS Marítimo,Ronaldo,25,Centre-Forward,Rio Ave FC,?,out,Summer,NA,Liga Nos,2006,2006/2007
CS Marítimo,Nélson,38,Goalkeeper,Retired,-,out,Summer,0,Liga Nos,2006,2006/2007
CS Marítimo,Rincón,29,Centre-Forward,Without Club,-,out,Summer,0,Liga Nos,2006,2006/2007
CS Marítimo,Krum Bibishkov,23,Centre-Forward,Without Club,-,out,Summer,0,Liga Nos,2006,2006/2007
CS Marítimo,Ferreira,22,Right-Back,São Bento (SP),-,out,Summer,0,Liga Nos,2006,2006/2007
CS Marítimo,Nuno Morais,22,Defensive Midfield,Chelsea,"End of loanJun 30, 2006",out,Summer,0,Liga Nos,2006,2006/2007
Vitória Setúbal FC,João Paulo,32,Goalkeeper,Madalena,free transfer,in,Summer,NA,Liga Nos,2006,2006/2007
Vitória Setúbal FC,Cesar La Paglia,27,Attacking Midfield,CD Tenerife,free transfer,in,Summer,NA,Liga Nos,2006,2006/2007
Vitória Setúbal FC,Hugo,29,Centre-Back,Sporting CP,free transfer,in,Summer,NA,Liga Nos,2006,2006/2007
Vitória Setúbal FC,Marcelo Labarthe,21,Defensive Midfield,Sporting CP,loan transfer,in,Summer,NA,Liga Nos,2006,2006/2007
Vitória Setúbal FC,Mamadou N'Diaye,22,Centre-Back,Jeanne d'Arc,?,in,Summer,NA,Liga Nos,2006,2006/2007
Vitória Setúbal FC,Diego Zaporo,20,Centre-Forward,Iraty SC,?,in,Summer,NA,Liga Nos,2006,2006/2007
Vitória Setúbal FC,Kevin Amuneke,20,Centre-Forward,Landskrona,?,in,Summer,NA,Liga Nos,2006,2006/2007
Vitória Setúbal FC,Nikola Milojevic,25,Goalkeeper,Hajduk Kula,?,in,Summer,NA,Liga Nos,2006,2006/2007
Vitória Setúbal FC,Mário Carlos,23,Right Winger,Farul Constanta,?,in,Summer,NA,Liga Nos,2006,2006/2007
Vitória Setúbal FC,Lourenço,23,Centre-Forward,Sporting CP,?,in,Summer,NA,Liga Nos,2006,2006/2007
Vitória Setúbal FC,Émile Mbamba,23,attack,M. Petah Tikva,?,in,Summer,NA,Liga Nos,2006,2006/2007
Vitória Setúbal FC,Ademar,21,Attacking Midfield,Setúbal B,-,in,Summer,0,Liga Nos,2006,2006/2007
Vitória Setúbal FC,Nélson,30,Goalkeeper,Without Club,-,in,Summer,0,Liga Nos,2006,2006/2007
Vitória Setúbal FC,Julien Fernandes,21,Central Midfield,Setúbal B,-,in,Summer,0,Liga Nos,2006,2006/2007
Vitória Setúbal FC,Heitor,28,Right Winger,Portimonense,"End of loanJun 30, 2006",in,Summer,0,Liga Nos,2006,2006/2007
Vitória Setúbal FC,Hugo Alcântara,26,Centre-Back,Coimbra,"End of loanJun 30, 2006",in,Summer,0,Liga Nos,2006,2006/2007
Vitória Setúbal FC,Ricardo Chaves,28,Defensive Midfield,SC Braga,free transfer,out,Summer,NA,Liga Nos,2006,2006/2007
Vitória Setúbal FC,Pedro Oliveira,24,Right Winger,CFR Cluj,free transfer,out,Summer,NA,Liga Nos,2006,2006/2007
Vitória Setúbal FC,Modou Sougou,21,Right Winger,Leiria,free transfer,out,Summer,NA,Liga Nos,2006,2006/2007
Vitória Setúbal FC,Fábio Hempel,25,Centre-Forward,Vit. Guimarães,free transfer,out,Summer,NA,Liga Nos,2006,2006/2007
Vitória Setúbal FC,Grégory Lacombe,24,Right Winger,AC Ajaccio,free transfer,out,Summer,NA,Liga Nos,2006,2006/2007
Vitória Setúbal FC,Hugo Alcântara,26,Centre-Back,Legia Warszawa,free transfer,out,Summer,NA,Liga Nos,2006,2006/2007
Vitória Setúbal FC,Rubinho,23,Goalkeeper,Genoa,free transfer,out,Summer,NA,Liga Nos,2006,2006/2007
Vitória Setúbal FC,Ivo,22,Goalkeeper,Portimonense,free transfer,out,Summer,NA,Liga Nos,2006,2006/2007
Vitória Setúbal FC,Mário Carlos,23,Right Winger,Zamora CF,loan transfer,out,Summer,NA,Liga Nos,2006,2006/2007
Vitória Setúbal FC,João Baptista,23,Left-Back,Vendas Novas,?,out,Summer,NA,Liga Nos,2006,2006/2007
Vitória Setúbal FC,Heitor,28,Right Winger,Trofense,?,out,Summer,NA,Liga Nos,2006,2006/2007
Vitória Setúbal FC,Antonio Franja,28,Left Winger,Without Club,-,out,Summer,0,Liga Nos,2006,2006/2007
Vitória Setúbal FC,Hélio Roque,20,Right Winger,Benfica,"End of loanJun 30, 2006",out,Summer,0,Liga Nos,2006,2006/2007
Vitória Setúbal FC,Carlitos,23,Left Midfield,Benfica,"End of loanJun 30, 2006",out,Summer,0,Liga Nos,2006,2006/2007
CD Nacional,Luciano Fonseca,27,Right Winger,Coimbra,free transfer,in,Summer,NA,Liga Nos,2006,2006/2007
CD Nacional,Zé Vítor,24,Right Midfield,Machico,free transfer,in,Summer,NA,Liga Nos,2006,2006/2007
CD Nacional,Zé Rui,23,Left Winger,Benfica,free transfer,in,Summer,NA,Liga Nos,2006,2006/2007
CD Nacional,Bruno Basto,28,Left-Back,Saint-Étienne,free transfer,in,Summer,NA,Liga Nos,2006,2006/2007
CD Nacional,Rafael Bracali,25,Goalkeeper,Paulista FC,?,in,Summer,NA,Liga Nos,2006,2006/2007
CD Nacional,Adriano Rodrigues,20,Centre-Forward,Cruzeiro,?,in,Summer,NA,Liga Nos,2006,2006/2007
CD Nacional,Vinicius,20,Central Midfield,Paulista FC,?,in,Summer,NA,Liga Nos,2006,2006/2007
CD Nacional,Rodrigo Silva,23,Centre-Forward,Corinthians,?,in,Summer,NA,Liga Nos,2006,2006/2007
CD Nacional,Bruno Amaro,23,Central Midfield,Penafiel,?,in,Summer,NA,Liga Nos,2006,2006/2007
CD Nacional,Cássio,22,Centre-Forward,Chaves,?,in,Summer,NA,Liga Nos,2006,2006/2007
CD Nacional,Leandro Bonfim,22,Attacking Midfield,FC Porto,loan transfer,in,Summer,NA,Liga Nos,2006,2006/2007
CD Nacional,Rogerinho,26,Attacking Midfield,Camacha,"End of loanJun 30, 2006",in,Summer,0,Liga Nos,2006,2006/2007
CD Nacional,Adilson Soares Cassama,23,Defensive Midfield,Cherno More,"End of loanJun 30, 2006",in,Summer,0,Liga Nos,2006,2006/2007
CD Nacional,Marcelo Costa,25,Attacking Midfield,Grêmio,"End of loanJun 30, 2006",in,Summer,0,Liga Nos,2006,2006/2007
CD Nacional,Leandro Salino,21,Right-Back,Camacha,"End of loanJun 30, 2006",in,Summer,0,Liga Nos,2006,2006/2007
CD Nacional,Geufer,25,Centre-Forward,Fortaleza,"End of loanJun 1, 2006",in,Summer,0,Liga Nos,2006,2006/2007
CD Nacional,Darko Anic,32,Central Midfield,Rio Ave FC,"End of loanJun 30, 2006",in,Summer,0,Liga Nos,2006,2006/2007
CD Nacional,Miguelito,25,Left-Back,Benfica,£900Th.,out,Summer,0.9,Liga Nos,2006,2006/2007
CD Nacional,Serginho Baiano,28,Left Winger,Oita Trinita,free transfer,out,Summer,NA,Liga Nos,2006,2006/2007
CD Nacional,Darko Anic,32,Central Midfield,Ahli,free transfer,out,Summer,NA,Liga Nos,2006,2006/2007
CD Nacional,Hernâni,20,Attacking Midfield,Câmara Lobos,free transfer,out,Summer,NA,Liga Nos,2006,2006/2007
CD Nacional,Alexandre Goulart,29,Attacking Midfield,Shimizu S-Pulse,free transfer,out,Summer,NA,Liga Nos,2006,2006/2007
CD Nacional,André Pinto,27,Centre-Forward,Kyoto Sanga,free transfer,out,Summer,NA,Liga Nos,2006,2006/2007
CD Nacional,Henrique Hilário,30,Goalkeeper,Chelsea,free transfer,out,Summer,NA,Liga Nos,2006,2006/2007
CD Nacional,Nuno Viveiros,23,Right Winger,Skoda Xanthi,free transfer,out,Summer,NA,Liga Nos,2006,2006/2007
CD Nacional,Genalvo,24,Defensive Midfield,Santa Cruz,?,out,Summer,NA,Liga Nos,2006,2006/2007
CD Nacional,Marcelo Costa,25,Attacking Midfield,Palmeiras,?,out,Summer,NA,Liga Nos,2006,2006/2007
CD Nacional,Miguel Fidalgo,24,Centre-Forward,AEK Larnaca,loan transfer,out,Summer,NA,Liga Nos,2006,2006/2007
CD Nacional,Luís Manuel,25,Defensive Midfield,Vizela,loan transfer,out,Summer,NA,Liga Nos,2006,2006/2007
CD Nacional,Vinicius,20,Central Midfield,União Madeira,loan transfer,out,Summer,NA,Liga Nos,2006,2006/2007
CD Nacional,Leandro Salino,21,Right-Back,Ipatinga FC,loan transfer,out,Summer,NA,Liga Nos,2006,2006/2007
União de Leiria,Bartosz Slusarski,24,Centre-Forward,Grodzisk,Loan fee:£90Th.,in,Summer,0.09,Liga Nos,2006,2006/2007
União de Leiria,Marco Airosa,21,Right-Back,Barreirense,free transfer,in,Summer,NA,Liga Nos,2006,2006/2007
União de Leiria,Serge N'Gal,20,Right Winger,Stade Brestois,free transfer,in,Summer,NA,Liga Nos,2006,2006/2007
União de Leiria,Modou Sougou,21,Right Winger,Vitória Setúbal,free transfer,in,Summer,NA,Liga Nos,2006,2006/2007
União de Leiria,Paulo Machado,20,Central Midfield,FC Porto,loan transfer,in,Summer,NA,Liga Nos,2006,2006/2007
União de Leiria,Bruno Vale,23,Goalkeeper,FC Porto,loan transfer,in,Summer,NA,Liga Nos,2006,2006/2007
União de Leiria,Nuno Coelho,18,Defensive Midfield,FC Porto,loan transfer,in,Summer,NA,Liga Nos,2006,2006/2007
União de Leiria,Alemão,24,Goalkeeper,GD Tourizense,?,in,Summer,NA,Liga Nos,2006,2006/2007
União de Leiria,Marco Soares,22,Defensive Midfield,Barreirense,?,in,Summer,NA,Liga Nos,2006,2006/2007
União de Leiria,Pedro Moreira,23,Right Winger,Barreirense,?,in,Summer,NA,Liga Nos,2006,2006/2007
União de Leiria,Marcos António,23,Centre-Back,Gil Vicente,loan transfer,in,Summer,NA,Liga Nos,2006,2006/2007
União de Leiria,Ivanildo,20,Right Winger,FC Porto,loan transfer,in,Summer,NA,Liga Nos,2006,2006/2007
União de Leiria,Hugo Faria,23,Defensive Midfield,Olhanense,"End of loanJun 30, 2006",in,Summer,0,Liga Nos,2006,2006/2007
União de Leiria,Nélson Sousa,22,Right-Back,Ovarense,"End of loanJun 30, 2006",in,Summer,0,Liga Nos,2006,2006/2007
União de Leiria,Nené,26,Defensive Midfield,Desportivo Aves,"End of loanJun 30, 2006",in,Summer,0,Liga Nos,2006,2006/2007
União de Leiria,João Paulo,25,Centre-Back,FC Porto,£1.35m,out,Summer,1.35,Liga Nos,2006,2006/2007
União de Leiria,Gabriel,24,Centre-Back,Rubin Kazan,£450Th.,out,Summer,0.45,Liga Nos,2006,2006/2007
União de Leiria,Fábio Felicio,24,Central Midfield,Real Sociedad,£270Th.,out,Summer,0.27,Liga Nos,2006,2006/2007
União de Leiria,Costinha,32,Goalkeeper,Belenenses,free transfer,out,Summer,NA,Liga Nos,2006,2006/2007
União de Leiria,Matías Miramontes,24,Attacking Midfield,Newell's,free transfer,out,Summer,NA,Liga Nos,2006,2006/2007
União de Leiria,Laurent Quiévreux,27,Goalkeeper,Clermont FA,free transfer,out,Summer,NA,Liga Nos,2006,2006/2007
União de Leiria,Hadson Nery,24,Left-Back,Gondomar,loan transfer,out,Summer,NA,Liga Nos,2006,2006/2007
União de Leiria,Filipe Falardo,22,Attacking Midfield,Olivais,loan transfer,out,Summer,NA,Liga Nos,2006,2006/2007
União de Leiria,Marco Airosa,21,Right-Back,Olhanense,loan transfer,out,Summer,NA,Liga Nos,2006,2006/2007
União de Leiria,Nené,26,Defensive Midfield,Desportivo Aves,?,out,Summer,NA,Liga Nos,2006,2006/2007
União de Leiria,Nélson Sousa,22,Right-Back,Estoril Praia,loan transfer,out,Summer,NA,Liga Nos,2006,2006/2007
União de Leiria,Ferreira,27,Centre-Forward,Cruzeiro,loan transfer,out,Summer,NA,Liga Nos,2006,2006/2007
União de Leiria,Marco Soares,22,Defensive Midfield,Olhanense,loan transfer,out,Summer,NA,Liga Nos,2006,2006/2007
União de Leiria,Pedro Moreira,23,Right Winger,Louletano,loan transfer,out,Summer,NA,Liga Nos,2006,2006/2007
União de Leiria,Vitor Pereira,27,Defensive Midfield,Without Club,-,out,Summer,0,Liga Nos,2006,2006/2007
União de Leiria,Lourenço,23,Centre-Forward,Sporting CP,"End of loanJun 30, 2006",out,Summer,0,Liga Nos,2006,2006/2007
União de Leiria,Jaime Júnior,27,Attacking Midfield,SC Braga,"End of loanJun 30, 2006",out,Summer,0,Liga Nos,2006,2006/2007
União de Leiria,Santos,20,Centre-Back,Cruzeiro,"End of loanMay 1, 2007",out,Summer,0,Liga Nos,2006,2006/2007
União de Leiria,Anderson,23,Left-Back,Flamengo,"End of loanJun 30, 2006",out,Summer,0,Liga Nos,2006,2006/2007
União de Leiria,Maciel,27,Right Winger,FC Porto,"End of loanJun 30, 2006",out,Summer,0,Liga Nos,2006,2006/2007
Académica Coimbra,Raúl Estévez,28,Right Winger,Boca Juniors,Loan fee:£315Th.,in,Summer,0.315,Liga Nos,2006,2006/2007
Académica Coimbra,Miguel Pedro,22,Right Winger,Desportivo Aves,£180Th.,in,Summer,0.18,Liga Nos,2006,2006/2007
Académica Coimbra,Lino,29,Left-Back,Fluminense,free transfer,in,Summer,NA,Liga Nos,2006,2006/2007
Académica Coimbra,Litos,32,Centre-Back,Málaga CF,free transfer,in,Summer,NA,Liga Nos,2006,2006/2007
Académica Coimbra,Héldon,17,Left Winger,Batuque,free transfer,in,Summer,NA,Liga Nos,2006,2006/2007
Académica Coimbra,Medeiros,29,Centre-Back,Vit. Guimarães,free transfer,in,Summer,NA,Liga Nos,2006,2006/2007
Académica Coimbra,Milos Pavlovic,22,Defensive Midfield,Vozdovac,loan transfer,in,Summer,NA,Liga Nos,2006,2006/2007
Académica Coimbra,Hélder Barbosa,19,Left Winger,FC Porto,loan transfer,in,Summer,NA,Liga Nos,2006,2006/2007
Académica Coimbra,Néstor Álvarez,25,Centre-Forward,Deportes Tolima,?,in,Summer,NA,Liga Nos,2006,2006/2007
Académica Coimbra,Szabolcs Gyánó,26,Centre-Forward,Vasas SC,?,in,Summer,NA,Liga Nos,2006,2006/2007
Académica Coimbra,Kaká,25,Centre-Back,Jaciara,?,in,Summer,NA,Liga Nos,2006,2006/2007
Académica Coimbra,Dame N'Doye,21,Centre-Forward,Al-Sadd SC,?,in,Summer,NA,Liga Nos,2006,2006/2007
Académica Coimbra,Tiago,23,defence,Ovarense,?,in,Summer,NA,Liga Nos,2006,2006/2007
Académica Coimbra,Paulo Sérgio,24,Defensive Midfield,Moreirense,?,in,Summer,NA,Liga Nos,2006,2006/2007
Académica Coimbra,Alexandre Rotweiller,27,Defensive Midfield,Corinthians,loan transfer,in,Summer,NA,Liga Nos,2006,2006/2007
Académica Coimbra,Cláudio Pitbull,24,Centre-Forward,FC Porto,loan transfer,in,Summer,NA,Liga Nos,2006,2006/2007
Académica Coimbra,Fatih Sonkaya,25,Right-Back,FC Porto,loan transfer,in,Summer,NA,Liga Nos,2006,2006/2007
Académica Coimbra,Zada,29,Attacking Midfield,Avaí FC,"End of loanJun 30, 2006",in,Summer,0,Liga Nos,2006,2006/2007
Académica Coimbra,Gonçalo Santos,19,Defensive Midfield,GD Tourizense,"End of loanJun 30, 2006",in,Summer,0,Liga Nos,2006,2006/2007
Académica Coimbra,Nuno Piloto,24,Central Midfield,GD Tourizense,"End of loanOct 31, 2006",in,Summer,0,Liga Nos,2006,2006/2007
Académica Coimbra,Marcel,24,Centre-Forward,Benfica,"End of loanJun 30, 2006",in,Summer,0,Liga Nos,2006,2006/2007
Académica Coimbra,Xano,23,Right Winger,GD Tourizense,"End of loanJun 30, 2006",in,Summer,0,Liga Nos,2006,2006/2007
Académica Coimbra,Marcel,24,Centre-Forward,Benfica,£2.25m,out,Summer,2.25,Liga Nos,2006,2006/2007
Académica Coimbra,Dani,32,Goalkeeper,Algeciras CF,free transfer,out,Summer,NA,Liga Nos,2006,2006/2007
Académica Coimbra,Paulo Adriano,29,Defensive Midfield,AEK Larnaca,free transfer,out,Summer,NA,Liga Nos,2006,2006/2007
Académica Coimbra,Pedro Silva,25,Right-Back,Santos FC,free transfer,out,Summer,NA,Liga Nos,2006,2006/2007
Académica Coimbra,Andrade,32,Defensive Midfield,AE Pafos,free transfer,out,Summer,NA,Liga Nos,2006,2006/2007
Académica Coimbra,Zé Castro,23,Centre-Back,Atlético Madrid,free transfer,out,Summer,NA,Liga Nos,2006,2006/2007
Académica Coimbra,Luciano Fonseca,27,Right Winger,Nacional,free transfer,out,Summer,NA,Liga Nos,2006,2006/2007
Académica Coimbra,Nuno Piloto,24,Central Midfield,GD Tourizense,loan transfer,out,Summer,NA,Liga Nos,2006,2006/2007
Académica Coimbra,Fausto Lourenço,19,Left Winger,GD Tourizense,loan transfer,out,Summer,NA,Liga Nos,2006,2006/2007
Académica Coimbra,Fernando,25,Left Midfield,Belenenses,?,out,Summer,NA,Liga Nos,2006,2006/2007
Académica Coimbra,Ito,19,Central Midfield,GD Tourizense,?,out,Summer,NA,Liga Nos,2006,2006/2007
Académica Coimbra,Zada,29,Attacking Midfield,América-RJ,?,out,Summer,NA,Liga Nos,2006,2006/2007
Académica Coimbra,Ezequias,25,Left-Back,FC Porto,?,out,Summer,NA,Liga Nos,2006,2006/2007
Académica Coimbra,Joeano,26,Centre-Forward,B. Jerusalem,?,out,Summer,NA,Liga Nos,2006,2006/2007
Académica Coimbra,Gonçalo Santos,19,Defensive Midfield,GD Tourizense,loan transfer,out,Summer,NA,Liga Nos,2006,2006/2007
Académica Coimbra,Serjão,26,Centre-Forward,Vizela,loan transfer,out,Summer,NA,Liga Nos,2006,2006/2007
Académica Coimbra,Ousmane N'Doye,28,Defensive Midfield,Shabab,loan transfer,out,Summer,NA,Liga Nos,2006,2006/2007
Académica Coimbra,Xano,23,Right Winger,Without Club,-,out,Summer,0,Liga Nos,2006,2006/2007
Académica Coimbra,Rui Miguel,22,Centre-Forward,Without Club,-,out,Summer,0,Liga Nos,2006,2006/2007
Académica Coimbra,Hugo Alcântara,26,Centre-Back,Vitória Setúbal,"End of loanJun 30, 2006",out,Summer,0,Liga Nos,2006,2006/2007
Académica Coimbra,Raúl Estévez,28,Right Winger,Boca Juniors,"End of loanOct 1, 2006",out,Summer,0,Liga Nos,2006,2006/2007
Clube Futebol Estrela da Amadora,Wescley,21,Centre-Back,Corinthians,£585Th.,in,Summer,0.585,Liga Nos,2006,2006/2007
Clube Futebol Estrela da Amadora,Castro,27,Defensive Midfield,Moreirense,free transfer,in,Summer,NA,Liga Nos,2006,2006/2007
Clube Futebol Estrela da Amadora,Marco Paulo,33,Central Midfield,Estoril Praia,free transfer,in,Summer,NA,Liga Nos,2006,2006/2007
Clube Futebol Estrela da Amadora,Dário,29,Centre-Forward,Vit. Guimarães,free transfer,in,Summer,NA,Liga Nos,2006,2006/2007
Clube Futebol Estrela da Amadora,Tiago Gomes,20,Central Midfield,Odivelas,free transfer,in,Summer,NA,Liga Nos,2006,2006/2007
Clube Futebol Estrela da Amadora,Pedro Alves,27,Goalkeeper,Belenenses,free transfer,in,Summer,NA,Liga Nos,2006,2006/2007
Clube Futebol Estrela da Amadora,Edu Silva,24,Left-Back,Náutico,free transfer,in,Summer,NA,Liga Nos,2006,2006/2007
Clube Futebol Estrela da Amadora,Moses Sakyi,25,Centre-Forward,Olhanense,free transfer,in,Summer,NA,Liga Nos,2006,2006/2007
Clube Futebol Estrela da Amadora,Daniel,25,Defensive Midfield,Anápolis-GO,?,in,Summer,NA,Liga Nos,2006,2006/2007
Clube Futebol Estrela da Amadora,Rui Duarte,25,Right-Back,Estoril Praia,?,in,Summer,NA,Liga Nos,2006,2006/2007
Clube Futebol Estrela da Amadora,Sérgio Marquês,29,Defensive Midfield,Olhanense,?,in,Summer,NA,Liga Nos,2006,2006/2007
Clube Futebol Estrela da Amadora,Tiago Gomes,19,Left-Back,Benfica,loan transfer,in,Summer,NA,Liga Nos,2006,2006/2007
Clube Futebol Estrela da Amadora,Jaime Júnior,27,Attacking Midfield,SC Braga,loan transfer,in,Summer,NA,Liga Nos,2006,2006/2007
Clube Futebol Estrela da Amadora,José Fonte,22,Centre-Back,Benfica,loan transfer,in,Summer,NA,Liga Nos,2006,2006/2007
Clube Futebol Estrela da Amadora,Luís Loureiro,29,Defensive Midfield,Sporting CP,loan transfer,in,Summer,NA,Liga Nos,2006,2006/2007
Clube Futebol Estrela da Amadora,Cleiton,26,Attacking Midfield,Anápolis-GO,loan transfer,in,Summer,NA,Liga Nos,2006,2006/2007
Clube Futebol Estrela da Amadora,Paulo Sérgio,22,Attacking Midfield,Sporting CP,loan transfer,in,Summer,NA,Liga Nos,2006,2006/2007
Clube Futebol Estrela da Amadora,Marcelo Resende,19,Attacking Midfield,E. Amadora U19,-,in,Summer,0,Liga Nos,2006,2006/2007
Clube Futebol Estrela da Amadora,Carlos,33,Centre-Back,Estoril Praia,"End of loanJun 30, 2006",in,Summer,0,Liga Nos,2006,2006/2007
Clube Futebol Estrela da Amadora,Émerson,23,Defensive Midfield,Beira-Mar,free transfer,out,Summer,NA,Liga Nos,2006,2006/2007
Clube Futebol Estrela da Amadora,Castro,27,Defensive Midfield,Maia,free transfer,out,Summer,NA,Liga Nos,2006,2006/2007
Clube Futebol Estrela da Amadora,Hugo Cardoso,19,Goalkeeper,Alcochetense,free transfer,out,Summer,NA,Liga Nos,2006,2006/2007
Clube Futebol Estrela da Amadora,António Semedo,27,Right Winger,CFR Cluj,free transfer,out,Summer,NA,Liga Nos,2006,2006/2007
Clube Futebol Estrela da Amadora,Tiago Rosa,20,Right-Back,Torreense,loan transfer,out,Summer,NA,Liga Nos,2006,2006/2007
Clube Futebol Estrela da Amadora,Carlos Saavedra,25,Defensive Midfield,Trofense,loan transfer,out,Summer,NA,Liga Nos,2006,2006/2007
Clube Futebol Estrela da Amadora,Rui Duarte,27,Attacking Midfield,Olhanense,loan transfer,out,Summer,NA,Liga Nos,2006,2006/2007
Clube Futebol Estrela da Amadora,Wesnalton,29,Left-Back,Pontassolense,?,out,Summer,NA,Liga Nos,2006,2006/2007
Clube Futebol Estrela da Amadora,Carlos,34,Centre-Back,Maia,?,out,Summer,NA,Liga Nos,2006,2006/2007
Clube Futebol Estrela da Amadora,Bruno Santos,18,Attacking Midfield,Real SC,loan transfer,out,Summer,NA,Liga Nos,2006,2006/2007
Clube Futebol Estrela da Amadora,Eusébio,32,Left-Back,Retired,-,out,Summer,0,Liga Nos,2006,2006/2007
Clube Futebol Estrela da Amadora,Coutinho,22,Defensive Midfield,Vasco da Gama,"End of loanJun 30, 2006",out,Summer,0,Liga Nos,2006,2006/2007
Clube Futebol Estrela da Amadora,Santamaria,24,Centre-Back,Sporting CP,"End of loanJun 30, 2006",out,Summer,0,Liga Nos,2006,2006/2007
Clube Futebol Estrela da Amadora,Valdir,22,Left-Back,Sporting CP,"End of loanJun 30, 2006",out,Summer,0,Liga Nos,2006,2006/2007
Clube Futebol Estrela da Amadora,Federico Nieto,22,Centre-Forward,Almagro,"End of loanJun 30, 2006",out,Summer,0,Liga Nos,2006,2006/2007
Clube Futebol Estrela da Amadora,Maurício,29,Centre-Back,SC Braga,"End of loanJun 30, 2006",out,Summer,0,Liga Nos,2006,2006/2007
Clube Futebol Estrela da Amadora,Paulo Machado,20,Central Midfield,FC Porto,"End of loanJun 1, 2006",out,Summer,0,Liga Nos,2006,2006/2007
Clube Futebol Estrela da Amadora,Bruno Vale,23,Goalkeeper,FC Porto,"End of loanJun 30, 2006",out,Summer,0,Liga Nos,2006,2006/2007
Clube Futebol Estrela da Amadora,André Barreto,26,Central Midfield,Wisla Kraków,"End of loanJun 30, 2006",out,Summer,0,Liga Nos,2006,2006/2007
Clube Futebol Estrela da Amadora,Manú,23,Right Winger,Benfica,"End of loanJun 30, 2006",out,Summer,0,Liga Nos,2006,2006/2007
Clube Futebol Estrela da Amadora,Julio Bevacqua,26,Centre-Forward,San Lorenzo,"End of loanJun 30, 2006",out,Summer,0,Liga Nos,2006,2006/2007
Naval 1º de Maio,Pimenta,20,Left Winger,SC Covilhã,free transfer,in,Summer,NA,Liga Nos,2006,2006/2007
Naval 1º de Maio,Dudu,24,Attacking Midfield,GE Juventus-SC,free transfer,in,Summer,NA,Liga Nos,2006,2006/2007
Naval 1º de Maio,Gaúcho,25,Centre-Back,Portuguesa,free transfer,in,Summer,NA,Liga Nos,2006,2006/2007
Naval 1º de Maio,Paulão,23,Centre-Back,SE Gama,free transfer,in,Summer,NA,Liga Nos,2006,2006/2007
Naval 1º de Maio,Valdir,22,Left-Back,Sporting CP,free transfer,in,Summer,NA,Liga Nos,2006,2006/2007
Naval 1º de Maio,Orestes,25,Centre-Back,Santa Clara,free transfer,in,Summer,NA,Liga Nos,2006,2006/2007
Naval 1º de Maio,Banjai,24,Centre-Back,SC Covilhã,free transfer,in,Summer,NA,Liga Nos,2006,2006/2007
Naval 1º de Maio,Mário Sérgio,25,Right-Back,Sporting CP,free transfer,in,Summer,NA,Liga Nos,2006,2006/2007
Naval 1º de Maio,Nei,26,Centre-Forward,Moreirense,free transfer,in,Summer,NA,Liga Nos,2006,2006/2007
Naval 1º de Maio,Tony,22,Defensive Midfield,Avaí FC,?,in,Summer,NA,Liga Nos,2006,2006/2007
Naval 1º de Maio,Elivélton,23,Centre-Forward,GE Juventus-SC,?,in,Summer,NA,Liga Nos,2006,2006/2007
Naval 1º de Maio,João Ribeiro,18,Left Winger,FC Porto B,?,in,Summer,NA,Liga Nos,2006,2006/2007
Naval 1º de Maio,André Martins,19,Centre-Forward,Naval U19,-,in,Summer,0,Liga Nos,2006,2006/2007
Naval 1º de Maio,Pesquina,22,Centre-Forward,Pombal,"End of loanJun 30, 2006",in,Summer,0,Liga Nos,2006,2006/2007
Naval 1º de Maio,Miguel Afonso,21,Centre-Back,Marialvas,"End of loanJun 30, 2006",in,Summer,0,Liga Nos,2006,2006/2007
Naval 1º de Maio,Bruno Fogaça,24,Centre-Forward,Skoda Xanthi,£90Th.,out,Summer,0.09,Liga Nos,2006,2006/2007
Naval 1º de Maio,João Paulo,23,Centre-Back,Ponte Preta,free transfer,out,Summer,NA,Liga Nos,2006,2006/2007
Naval 1º de Maio,Rui Miguel,22,Attacking Midfield,SL Nelas,free transfer,out,Summer,NA,Liga Nos,2006,2006/2007
Naval 1º de Maio,Aurélio Sousa Teixeira,23,Centre-Back,CS Chênois,free transfer,out,Summer,NA,Liga Nos,2006,2006/2007
Naval 1º de Maio,Nélson Veiga,28,Centre-Back,Omonia Nikosia,free transfer,out,Summer,NA,Liga Nos,2006,2006/2007
Naval 1º de Maio,Pedro Franco,32,Centre-Back,Vit. Guimarães,free transfer,out,Summer,NA,Liga Nos,2006,2006/2007
Naval 1º de Maio,Pedro Bessa,29,Right-Back,Boavista,free transfer,out,Summer,NA,Liga Nos,2006,2006/2007
Naval 1º de Maio,Jérémy Sopalski,25,Goalkeeper,Rodez AF,free transfer,out,Summer,NA,Liga Nos,2006,2006/2007
Naval 1º de Maio,Banjai,25,Centre-Back,SC Covilhã,loan transfer,out,Summer,NA,Liga Nos,2006,2006/2007
Naval 1º de Maio,Pesquina,22,Centre-Forward,SC Covilhã,?,out,Summer,NA,Liga Nos,2006,2006/2007
Naval 1º de Maio,João Mendes,19,Defensive Midfield,FC Pampilhosa,loan transfer,out,Summer,NA,Liga Nos,2006,2006/2007
Naval 1º de Maio,Miguel Afonso,21,Centre-Back,Mirandense,loan transfer,out,Summer,NA,Liga Nos,2006,2006/2007
Naval 1º de Maio,Éder Richartz,24,Attacking Midfield,Without Club,-,out,Summer,0,Liga Nos,2006,2006/2007
FC Paços de Ferreira,Jean Carlos,27,Attacking Midfield,União São João,free transfer,in,Summer,NA,Liga Nos,2006,2006/2007
FC Paços de Ferreira,Dani,24,Defensive Midfield,Vizela,free transfer,in,Summer,NA,Liga Nos,2006,2006/2007
FC Paços de Ferreira,Elias,24,Defensive Midfield,Gil Vicente,free transfer,in,Summer,NA,Liga Nos,2006,2006/2007
FC Paços de Ferreira,Vitorino Antunes,19,Left-Back,Freamunde,free transfer,in,Summer,NA,Liga Nos,2006,2006/2007
FC Paços de Ferreira,José Williams,22,Left Winger,Gil Vicente,?,in,Summer,NA,Liga Nos,2006,2006/2007
FC Paços de Ferreira,Rúben Tristão,20,Central Midfield,Maia,"End of loanJun 30, 2006",in,Summer,0,Liga Nos,2006,2006/2007
FC Paços de Ferreira,Júlio Coelho,21,Goalkeeper,SL Nelas,"End of loanJun 30, 2006",in,Summer,0,Liga Nos,2006,2006/2007
FC Paços de Ferreira,Tiago Valente,21,Centre-Back,Gondomar,"End of loanJun 30, 2006",in,Summer,0,Liga Nos,2006,2006/2007
FC Paços de Ferreira,Júnior,29,Attacking Midfield,Ergotelis,£180Th.,out,Summer,0.18,Liga Nos,2006,2006/2007
FC Paços de Ferreira,Rui Dolores,28,Left Winger,US Créteil-L,free transfer,out,Summer,NA,Liga Nos,2006,2006/2007
FC Paços de Ferreira,Pinho,34,Goalkeeper,AD Lousada,free transfer,out,Summer,NA,Liga Nos,2006,2006/2007
FC Paços de Ferreira,Alexandre,27,Defensive Midfield,Olhanense,?,out,Summer,NA,Liga Nos,2006,2006/2007
FC Paços de Ferreira,Bispo,29,Left-Back,Trofense,?,out,Summer,NA,Liga Nos,2006,2006/2007
FC Paços de Ferreira,Rúben Tristão,20,Central Midfield,Ermesinde 1936,?,out,Summer,NA,Liga Nos,2006,2006/2007
FC Paços de Ferreira,Romeu Torres,19,Centre-Forward,Fiães,loan transfer,out,Summer,NA,Liga Nos,2006,2006/2007
FC Paços de Ferreira,Júnior Bahia,29,Centre-Forward,Without Club,-,out,Summer,0,Liga Nos,2006,2006/2007
FC Paços de Ferreira,José Fonte,22,Centre-Back,Benfica,"End of loanJun 30, 2006",out,Summer,0,Liga Nos,2006,2006/2007
FC Paços de Ferreira,Edinho,23,Centre-Forward,SC Braga,"End of loanJun 30, 2006",out,Summer,0,Liga Nos,2006,2006/2007
SC Beira-Mar,Lamine Diarra,22,Centre-Forward,Zrinjski Mostar,£270Th.,in,Summer,0.27,Liga Nos,2006,2006/2007
SC Beira-Mar,Diogo Cunha,20,Attacking Midfield,Lixa,free transfer,in,Summer,NA,Liga Nos,2006,2006/2007
SC Beira-Mar,André Leão,21,Defensive Midfield,FC Porto B,free transfer,in,Summer,NA,Liga Nos,2006,2006/2007
SC Beira-Mar,Luciano Ratinho,26,Attacking Midfield,Paysandu SC,free transfer,in,Summer,NA,Liga Nos,2006,2006/2007
SC Beira-Mar,Jardel,32,Centre-Forward,Goiás EC,free transfer,in,Summer,NA,Liga Nos,2006,2006/2007
SC Beira-Mar,Jorge Vidigal,28,Right-Back,Olhanense,free transfer,in,Summer,NA,Liga Nos,2006,2006/2007
SC Beira-Mar,Todor Kyuchukov,27,Goalkeeper,CSKA Sofia,free transfer,in,Summer,NA,Liga Nos,2006,2006/2007
SC Beira-Mar,Wegno,23,Centre-Forward,Chaves,free transfer,in,Summer,NA,Liga Nos,2006,2006/2007
SC Beira-Mar,Émerson,23,Defensive Midfield,CF Estrela,free transfer,in,Summer,NA,Liga Nos,2006,2006/2007
SC Beira-Mar,Diogo Galvão,24,Centre-Forward,União Esporte Clube (MT),free transfer,in,Summer,NA,Liga Nos,2006,2006/2007
SC Beira-Mar,Eduardo,23,Goalkeeper,SC Braga,loan transfer,in,Summer,NA,Liga Nos,2006,2006/2007
SC Beira-Mar,Vasco Matos,25,Right Winger,Olhanense,?,in,Summer,NA,Liga Nos,2006,2006/2007
SC Beira-Mar,Bruno Sousa,25,Goalkeeper,FC Pampilhosa,?,in,Summer,NA,Liga Nos,2006,2006/2007
SC Beira-Mar,Farah,24,Attacking Midfield,Estrela-ES,?,in,Summer,NA,Liga Nos,2006,2006/2007
SC Beira-Mar,Carlos Baldé,19,Centre-Forward,AD Lousada,"End of loanJun 30, 2006",in,Summer,0,Liga Nos,2006,2006/2007
SC Beira-Mar,Paulo Sérgio,35,Goalkeeper,Pinhalnovense,free transfer,out,Summer,NA,Liga Nos,2006,2006/2007
SC Beira-Mar,Danrlei,33,Goalkeeper,EC São José,free transfer,out,Summer,NA,Liga Nos,2006,2006/2007
SC Beira-Mar,Paul Murray,29,Central Midfield,Carlisle United,free transfer,out,Summer,NA,Liga Nos,2006,2006/2007
SC Beira-Mar,Miran,30,Centre-Forward,Portimonense,free transfer,out,Summer,NA,Liga Nos,2006,2006/2007
SC Beira-Mar,Pavel Srnicek,38,Goalkeeper,Newcastle,free transfer,out,Summer,NA,Liga Nos,2006,2006/2007
SC Beira-Mar,Rui Óscar,30,Right-Back,Portomosense,free transfer,out,Summer,NA,Liga Nos,2006,2006/2007
SC Beira-Mar,Luís Vouzela,32,Central Midfield,Olympiakos N.,free transfer,out,Summer,NA,Liga Nos,2006,2006/2007
SC Beira-Mar,Diogo Cunha,20,Attacking Midfield,Avanca,loan transfer,out,Summer,NA,Liga Nos,2006,2006/2007
SC Beira-Mar,Mário Camora,19,Left-Back,Avanca,loan transfer,out,Summer,NA,Liga Nos,2006,2006/2007
SC Beira-Mar,Jonathan,21,Centre-Forward,CRAC (GO),?,out,Summer,NA,Liga Nos,2006,2006/2007
SC Beira-Mar,Carlos Baldé,19,Centre-Forward,Portosantense,?,out,Summer,NA,Liga Nos,2006,2006/2007
SC Beira-Mar,Francis Ikome,24,Centre-Forward,Unknown,?,out,Summer,NA,Liga Nos,2006,2006/2007
SC Beira-Mar,Artur,22,Attacking Midfield,Avanca,loan transfer,out,Summer,NA,Liga Nos,2006,2006/2007
SC Beira-Mar,Wegno,23,Centre-Forward,Chaves,loan transfer,out,Summer,NA,Liga Nos,2006,2006/2007
SC Beira-Mar,Bruno Sousa,25,Goalkeeper,Avanca,loan transfer,out,Summer,NA,Liga Nos,2006,2006/2007
SC Beira-Mar,Leandro,22,Defensive Midfield,Without Club,-,out,Summer,0,Liga Nos,2006,2006/2007
SC Beira-Mar,Zé Roberto,28,Attacking Midfield,Without Club,-,out,Summer,0,Liga Nos,2006,2006/2007
SC Beira-Mar,Daniel,22,Defensive Midfield,Boavista,"End of loanJun 30, 2006",out,Summer,0,Liga Nos,2006,2006/2007
SC Beira-Mar,Marcelo Labarthe,21,Defensive Midfield,Sporting CP,"End of loanJun 30, 2006",out,Summer,0,Liga Nos,2006,2006/2007
SC Beira-Mar,João Pedro,21,Defensive Midfield,Boavista,"End of loanJun 30, 2006",out,Summer,0,Liga Nos,2006,2006/2007
Desportivo Aves,Dill,32,Right Winger,Penafiel,£135Th.,in,Summer,0.135,Liga Nos,2006,2006/2007
Desportivo Aves,Bruninho,20,Right Winger,Casa Pia,free transfer,in,Summer,NA,Liga Nos,2006,2006/2007
Desportivo Aves,Paulo Musse,28,Goalkeeper,CA Juventus,free transfer,in,Summer,NA,Liga Nos,2006,2006/2007
Desportivo Aves,Bruno Fernandes,27,Centre-Back,Beroe,free transfer,in,Summer,NA,Liga Nos,2006,2006/2007
Desportivo Aves,Filipe Anunciacão,27,Defensive Midfield,Boavista,free transfer,in,Summer,NA,Liga Nos,2006,2006/2007
Desportivo Aves,Freddy,26,Centre-Forward,Al-Gharafa SC,free transfer,in,Summer,NA,Liga Nos,2006,2006/2007
Desportivo Aves,Jocivalter,27,Attacking Midfield,Portuguesa,free transfer,in,Summer,NA,Liga Nos,2006,2006/2007
Desportivo Aves,Artur Futre,24,Centre-Forward,Benfica,?,in,Summer,NA,Liga Nos,2006,2006/2007
Desportivo Aves,Anilton Júnior,25,Centre-Back,Corinthians,?,in,Summer,NA,Liga Nos,2006,2006/2007
Desportivo Aves,Nené,26,Defensive Midfield,Leiria,?,in,Summer,NA,Liga Nos,2006,2006/2007
Desportivo Aves,Marcelo Henrique,28,midfield,Without Club,-,in,Summer,0,Liga Nos,2006,2006/2007
Desportivo Aves,Miguel Pedro,22,Right Winger,Coimbra,£180Th.,out,Summer,0.18,Liga Nos,2006,2006/2007
Desportivo Aves,David Aires,26,Left-Back,Retired,free transfer,out,Summer,NA,Liga Nos,2006,2006/2007
Desportivo Aves,Vítor Pinto,20,Left-Back,Leça,free transfer,out,Summer,NA,Liga Nos,2006,2006/2007
Desportivo Aves,Binho,24,Centre-Forward,Vizela,free transfer,out,Summer,NA,Liga Nos,2006,2006/2007
Desportivo Aves,Paulo Pereira,29,Defensive Midfield,Rebordosa AC,free transfer,out,Summer,NA,Liga Nos,2006,2006/2007
Desportivo Aves,Gaston Mendy,20,Left-Back,Estoril Praia,free transfer,out,Summer,NA,Liga Nos,2006,2006/2007
Desportivo Aves,Grosso,20,Defensive Midfield,Leça,loan transfer,out,Summer,NA,Liga Nos,2006,2006/2007
Desportivo Aves,Hélder Neto,23,Centre-Forward,Trofense,?,out,Summer,NA,Liga Nos,2006,2006/2007
Desportivo Aves,Edú,30,Defensive Midfield,Trofense,?,out,Summer,NA,Liga Nos,2006,2006/2007
Desportivo Aves,Remond Mendy,20,Centre-Forward,Estoril Praia,?,out,Summer,NA,Liga Nos,2006,2006/2007
Desportivo Aves,Alfredo Esteves,30,Right-Back,Minnesota Thunder,?,out,Summer,NA,Liga Nos,2006,2006/2007
Desportivo Aves,João Nuno,21,Goalkeeper,Leça,loan transfer,out,Summer,NA,Liga Nos,2006,2006/2007
Desportivo Aves,Filipe Anunciacão,27,Defensive Midfield,Boavista,"End of loanJun 30, 2006",out,Summer,0,Liga Nos,2006,2006/2007
Desportivo Aves,Nené,26,Defensive Midfield,Leiria,"End of loanJun 30, 2006",out,Summer,0,Liga Nos,2006,2006/2007
SL Benfica,Derlei,31,Centre-Forward,Dinamo Moscow,loan transfer,in,Winter,NA,Liga Nos,2006,2006/2007
SL Benfica,David Luiz,19,Centre-Back,EC Vitória,loan transfer,in,Winter,NA,Liga Nos,2006,2006/2007
SL Benfica,Pedro Correia,19,Right-Back,Benfica U19,-,in,Winter,0,Liga Nos,2006,2006/2007
SL Benfica,Marcel,25,Centre-Forward,SC Braga,"End of loanDec 1, 2006",in,Winter,0,Liga Nos,2006,2006/2007
SL Benfica,Manuel Fernandes,20,Attacking Midfield,Portsmouth,"End of loanDec 31, 2006",in,Winter,0,Liga Nos,2006,2006/2007
SL Benfica,Ricardo Rocha,28,Centre-Back,Spurs,£4.50m,out,Winter,4.5,Liga Nos,2006,2006/2007
SL Benfica,Kikin,27,Centre-Forward,Tigres UANL,£3.42m,out,Winter,3.42,Liga Nos,2006,2006/2007
SL Benfica,Manuel Fernandes,20,Attacking Midfield,Everton,Loan fee:£360Th.,out,Winter,0.36,Liga Nos,2006,2006/2007
SL Benfica,Andrey Karyaka,28,Left Winger,Saturn,Loan fee:£270Th.,out,Winter,0.27,Liga Nos,2006,2006/2007
SL Benfica,Inzaghi,21,Centre-Forward,Vitória Setúbal,?,out,Winter,NA,Liga Nos,2006,2006/2007
SL Benfica,Diego Souza,21,Centre-Forward,Grêmio,loan transfer,out,Winter,NA,Liga Nos,2006,2006/2007
SL Benfica,Marcel,25,Centre-Forward,São Paulo,loan transfer,out,Winter,NA,Liga Nos,2006,2006/2007
SL Benfica,Alcides,21,Centre-Back,Chelsea,"End of loanDec 31, 2006",out,Winter,0,Liga Nos,2006,2006/2007
FC Porto,Wason Rentería,21,Centre-Forward,Internacional,£1.35m,in,Winter,1.35,Liga Nos,2006,2006/2007
FC Porto,Lucas Mareque,24,Left-Back,River Plate,£900Th.,in,Winter,0.9,Liga Nos,2006,2006/2007
FC Porto,Areias,29,Left-Back,Standard Liège,"End of loanDec 31, 2006",in,Winter,0,Liga Nos,2006,2006/2007
FC Porto,Nuno Coelho,19,Defensive Midfield,Leiria,"End of loanDec 1, 2006",in,Winter,0,Liga Nos,2006,2006/2007
FC Porto,Leandro,27,Left-Back,Cruzeiro,"End of loanDec 1, 2006",in,Winter,0,Liga Nos,2006,2006/2007
FC Porto,Léo Lima,24,Attacking Midfield,Grêmio,"End of loanDec 1, 2006",in,Winter,0,Liga Nos,2006,2006/2007
FC Porto,Léo Lima,24,Attacking Midfield,Flamengo,free transfer,out,Winter,NA,Liga Nos,2006,2006/2007
FC Porto,João Pedro,19,Centre-Back,Portimonense,loan transfer,out,Winter,NA,Liga Nos,2006,2006/2007
FC Porto,Nuno Coelho,19,Defensive Midfield,Portimonense,loan transfer,out,Winter,NA,Liga Nos,2006,2006/2007
FC Porto,Ezequias,25,Left-Back,Beira-Mar,loan transfer,out,Winter,NA,Liga Nos,2006,2006/2007
FC Porto,Areias,29,Left-Back,Celta de Vigo,loan transfer,out,Winter,NA,Liga Nos,2006,2006/2007
FC Porto,Leandro,27,Left-Back,Palmeiras,loan transfer,out,Winter,NA,Liga Nos,2006,2006/2007
FC Porto,Tarik Sektioui,29,Right Winger,RKC Waalwijk,loan transfer,out,Winter,NA,Liga Nos,2006,2006/2007
FC Porto,Diogo Valente,22,Left Winger,Marítimo,loan transfer,out,Winter,NA,Liga Nos,2006,2006/2007
Sporting CP,Paulo Sérgio,22,Attacking Midfield,CF Estrela,"End of loanDec 31, 2006",in,Winter,0,Liga Nos,2006,2006/2007
Sporting CP,Bruno Pereirinha,18,Right Winger,Olivais,"End of loanDec 31, 2006",in,Winter,0,Liga Nos,2006,2006/2007
Sporting CP,Paulo Sérgio,22,Attacking Midfield,Desportivo Aves,loan transfer,out,Winter,NA,Liga Nos,2006,2006/2007
SC Braga,Alberto Rodríguez,22,Centre-Back,Sport. Cristal,£360Th.,in,Winter,0.36,Liga Nos,2006,2006/2007
SC Braga,Andrade,25,Central Midfield,Vasco da Gama,free transfer,in,Winter,NA,Liga Nos,2006,2006/2007
SC Braga,Diego Costa,18,Centre-Forward,Atlético Madrid,loan transfer,in,Winter,NA,Liga Nos,2006,2006/2007
SC Braga,Jorge Luís,30,Left-Back,Dinamo Moscow,loan transfer,in,Winter,NA,Liga Nos,2006,2006/2007
SC Braga,Diego Costa,18,Centre-Forward,Penafiel,"End of loanDec 31, 2006",in,Winter,0,Liga Nos,2006,2006/2007
SC Braga,Dong-hyun Kim,22,Centre-Forward,Rubin Kazan,"End of loanDec 1, 2006",in,Winter,0,Liga Nos,2006,2006/2007
SC Braga,Dong-hyun Kim,22,Centre-Forward,Seongnam Ilhwa,?,out,Winter,NA,Liga Nos,2006,2006/2007
SC Braga,Matheus,23,Right Winger,Beira-Mar,loan transfer,out,Winter,NA,Liga Nos,2006,2006/2007
SC Braga,Kazeem,18,Attacking Midfield,Portimonense,loan transfer,out,Winter,NA,Liga Nos,2006,2006/2007
SC Braga,Hugo Leal,26,Central Midfield,Without Club,-,out,Winter,0,Liga Nos,2006,2006/2007
SC Braga,Marcel,25,Centre-Forward,Benfica,"End of loanDec 1, 2006",out,Winter,0,Liga Nos,2006,2006/2007
SC Braga,Irineu,23,Centre-Back,Cruzeiro,"End of loanDec 1, 2006",out,Winter,0,Liga Nos,2006,2006/2007
SC Braga,Jorge Luís,31,Left-Back,Dinamo Moscow,"End of loanMar 12, 2007",out,Winter,0,Liga Nos,2006,2006/2007
Boavista FC,Krzysztof Kazimierczak,25,Left-Back,Wisla Plock,free transfer,in,Winter,NA,Liga Nos,2006,2006/2007
Boavista FC,Livramento,24,Attacking Midfield,Santa Clara,?,in,Winter,NA,Liga Nos,2006,2006/2007
Boavista FC,Javier Liendo,18,Central Midfield,Ciudad Murcia,?,in,Winter,NA,Liga Nos,2006,2006/2007
Boavista FC,Jaouad Zairi,24,Right Midfield,FC Nantes,loan transfer,out,Winter,NA,Liga Nos,2006,2006/2007
CS Marítimo,Darl Douglas,27,Right Winger,FC Utrecht,?,in,Winter,NA,Liga Nos,2006,2006/2007
CS Marítimo,Diogo Valente,22,Left Winger,FC Porto,loan transfer,in,Winter,NA,Liga Nos,2006,2006/2007
CS Marítimo,Souza,24,Centre-Forward,Goiás EC,"End of loanDec 1, 2006",in,Winter,0,Liga Nos,2006,2006/2007
CS Marítimo,Souza,24,Centre-Forward,Flamengo,£1.62m,out,Winter,1.62,Liga Nos,2006,2006/2007
CS Marítimo,Willians,27,Defensive Midfield,América FC-SP,free transfer,out,Winter,NA,Liga Nos,2006,2006/2007
CS Marítimo,Caíco,32,Attacking Midfield,Coritiba FC,free transfer,out,Winter,NA,Liga Nos,2006,2006/2007
CS Marítimo,Neca,27,Attacking Midfield,Konyaspor,?,out,Winter,NA,Liga Nos,2006,2006/2007
CS Marítimo,Fahel,25,Defensive Midfield,Paços Ferreira,loan transfer,out,Winter,NA,Liga Nos,2006,2006/2007
CS Marítimo,Nilson Sergipano,26,Centre-Forward,Coruripe,loan transfer,out,Winter,NA,Liga Nos,2006,2006/2007
CS Marítimo,André Barreto,27,Central Midfield,Wisla Kraków,"End of loanDec 1, 2006",out,Winter,0,Liga Nos,2006,2006/2007
CS Marítimo,Jardel,23,Defensive Midfield,Cruzeiro,"End of loanDec 1, 2006",out,Winter,0,Liga Nos,2006,2006/2007
Vitória Setúbal FC,Rui Dolores,28,Left Winger,US Créteil-L,free transfer,in,Winter,NA,Liga Nos,2006,2006/2007
Vitória Setúbal FC,Byung-suk Kim,21,Left Winger,Soongsil Univ.,free transfer,in,Winter,NA,Liga Nos,2006,2006/2007
Vitória Setúbal FC,Inzaghi,21,Centre-Forward,Benfica,?,in,Winter,NA,Liga Nos,2006,2006/2007
Vitória Setúbal FC,Kwame Ayew,33,Centre-Forward,SX Chanba,?,in,Winter,NA,Liga Nos,2006,2006/2007
Vitória Setúbal FC,André Barreto,27,Central Midfield,Wisla Kraków,loan transfer,in,Winter,NA,Liga Nos,2006,2006/2007
Vitória Setúbal FC,Lourenço,23,Centre-Forward,Panionios,free transfer,out,Winter,NA,Liga Nos,2006,2006/2007
Vitória Setúbal FC,Mikel De Jesus Henriques,26,midfield,ASV Bergedorf,free transfer,out,Winter,NA,Liga Nos,2006,2006/2007
Vitória Setúbal FC,Diogo Fonseca,22,Centre-Forward,Operário Lagoa,loan transfer,out,Winter,NA,Liga Nos,2006,2006/2007
Vitória Setúbal FC,Diego Zaporo,20,Centre-Forward,Beira-Mar,?,out,Winter,NA,Liga Nos,2006,2006/2007
Vitória Setúbal FC,Nélson,31,Goalkeeper,Without Club,-,out,Winter,0,Liga Nos,2006,2006/2007
CD Nacional,Leandro Salino,21,Right-Back,Ipatinga FC,"End of loanDec 1, 2006",in,Winter,0,Liga Nos,2006,2006/2007
CD Nacional,Julio Marchant,26,Right Midfield,Necaxa,free transfer,out,Winter,NA,Liga Nos,2006,2006/2007
CD Nacional,Leandro Salino,21,Right-Back,Flamengo,?,out,Winter,NA,Liga Nos,2006,2006/2007
União de Leiria,Rossato,29,Left-Back,Real Sociedad,loan transfer,in,Winter,NA,Liga Nos,2006,2006/2007
União de Leiria,Santos,19,Centre-Back,Cruzeiro,loan transfer,in,Winter,NA,Liga Nos,2006,2006/2007
União de Leiria,Marco Soares,22,Defensive Midfield,Olhanense,"End of loanDec 31, 2006",in,Winter,0,Liga Nos,2006,2006/2007
União de Leiria,Ferreira,27,Centre-Forward,Cruzeiro,"End of loanDec 31, 2006",in,Winter,0,Liga Nos,2006,2006/2007
União de Leiria,Damian Tixier,25,Left-Back,Lens,£180Th.,out,Winter,0.18,Liga Nos,2006,2006/2007
União de Leiria,Ferreira,27,Centre-Forward,Ipatinga FC,loan transfer,out,Winter,NA,Liga Nos,2006,2006/2007
União de Leiria,Nuno Coelho,19,Defensive Midfield,FC Porto,"End of loanDec 1, 2006",out,Winter,0,Liga Nos,2006,2006/2007
Académica Coimbra,Sílvio Gomes Nunes,23,Centre-Forward,GD Tourizense,?,in,Winter,NA,Liga Nos,2006,2006/2007
Académica Coimbra,Joeano,27,Centre-Forward,B. Jerusalem,loan transfer,in,Winter,NA,Liga Nos,2006,2006/2007
Académica Coimbra,Lira,23,Left-Back,Botafogo,"End of loanDec 1, 2006",in,Winter,0,Liga Nos,2006,2006/2007
Académica Coimbra,Ousmane N'Doye,28,Defensive Midfield,Shabab,"End of loanDec 1, 2006",in,Winter,0,Liga Nos,2006,2006/2007
Académica Coimbra,Dionattan,24,Central Midfield,Internacional,free transfer,out,Winter,NA,Liga Nos,2006,2006/2007
Académica Coimbra,Tiago,23,defence,UD Tocha,?,out,Winter,NA,Liga Nos,2006,2006/2007
Académica Coimbra,Ousmane N'Doye,28,Defensive Midfield,Al-Ettifaq,loan transfer,out,Winter,NA,Liga Nos,2006,2006/2007
Clube Futebol Estrela da Amadora,Nuno Viveiros,23,Right Winger,Skoda Xanthi,free transfer,in,Winter,NA,Liga Nos,2006,2006/2007
Clube Futebol Estrela da Amadora,Johnny,27,Right Winger,UD Galdar,?,in,Winter,NA,Liga Nos,2006,2006/2007
Clube Futebol Estrela da Amadora,Wescley,22,Centre-Back,Juventude,£810Th.,out,Winter,0.81,Liga Nos,2006,2006/2007
Clube Futebol Estrela da Amadora,Tony,26,Right-Back,CFR Cluj,£675Th.,out,Winter,0.675,Liga Nos,2006,2006/2007
Clube Futebol Estrela da Amadora,Allan Kardeck,24,Centre-Forward,Vasco da Gama,?,out,Winter,NA,Liga Nos,2006,2006/2007
Clube Futebol Estrela da Amadora,Paulo Sérgio,22,Attacking Midfield,Sporting CP,"End of loanDec 31, 2006",out,Winter,0,Liga Nos,2006,2006/2007
Naval 1º de Maio,Osvaldo,22,Centre-Forward,Vihren,?,in,Winter,NA,Liga Nos,2006,2006/2007
Naval 1º de Maio,Delfim,29,Defensive Midfield,Without Club,-,in,Winter,0,Liga Nos,2006,2006/2007
Naval 1º de Maio,Léo Guerra,30,Centre-Forward,Volta Redonda,free transfer,out,Winter,NA,Liga Nos,2006,2006/2007
Naval 1º de Maio,Sufrim,25,Defensive Midfield,SC Covilhã,?,out,Winter,NA,Liga Nos,2006,2006/2007
FC Paços de Ferreira,Nuno Claro,29,Goalkeeper,SL Nelas,free transfer,in,Winter,NA,Liga Nos,2006,2006/2007
FC Paços de Ferreira,Leanderson,24,Defensive Midfield,Ceará SC,free transfer,in,Winter,NA,Liga Nos,2006,2006/2007
FC Paços de Ferreira,Ricardinho,28,Centre-Forward,Vasco da Gama,free transfer,in,Winter,NA,Liga Nos,2006,2006/2007
FC Paços de Ferreira,Phil Jackson Ibargüen,21,Centre-Forward,Indep. Santa Fe,?,in,Winter,NA,Liga Nos,2006,2006/2007
FC Paços de Ferreira,Fahel,25,Defensive Midfield,Marítimo,loan transfer,in,Winter,NA,Liga Nos,2006,2006/2007
FC Paços de Ferreira,Gualberto Mojica,22,Attacking Midfield,CFR Cluj,loan transfer,in,Winter,NA,Liga Nos,2006,2006/2007
FC Paços de Ferreira,Didi,24,Second Striker,CFR Cluj,£630Th.,out,Winter,0.63,Liga Nos,2006,2006/2007
FC Paços de Ferreira,Dani,24,Defensive Midfield,CFR Cluj,£540Th.,out,Winter,0.54,Liga Nos,2006,2006/2007
FC Paços de Ferreira,Fredy,27,Left-Back,CFR Cluj,£90Th.,out,Winter,0.09,Liga Nos,2006,2006/2007
FC Paços de Ferreira,Ronny,23,Centre-Forward,SH Shenhua,free transfer,out,Winter,NA,Liga Nos,2006,2006/2007
FC Paços de Ferreira,Jean Carlos,28,Attacking Midfield,Araçatuba,free transfer,out,Winter,NA,Liga Nos,2006,2006/2007
FC Paços de Ferreira,Didier Ovono,23,Goalkeeper,Dinamo Tbilisi,free transfer,out,Winter,NA,Liga Nos,2006,2006/2007
SC Beira-Mar,Borko Veselinovic,21,Centre-Forward,Partizan,loan transfer,in,Winter,NA,Liga Nos,2006,2006/2007
SC Beira-Mar,Andrija Delibasic,25,Centre-Forward,RCD Mallorca,loan transfer,in,Winter,NA,Liga Nos,2006,2006/2007
SC Beira-Mar,Diego Zaporo,20,Centre-Forward,Vitória Setúbal,?,in,Winter,NA,Liga Nos,2006,2006/2007
SC Beira-Mar,Leandro,21,Defensive Midfield,Joinville-SC,?,in,Winter,NA,Liga Nos,2006,2006/2007
SC Beira-Mar,Edgar Silva,19,Centre-Forward,Joinville-SC,?,in,Winter,NA,Liga Nos,2006,2006/2007
SC Beira-Mar,Vukasin Devic,22,Centre-Back,Radnicki Pirot,?,in,Winter,NA,Liga Nos,2006,2006/2007
SC Beira-Mar,Reginaldo,29,Right-Back,Santa Cruz,?,in,Winter,NA,Liga Nos,2006,2006/2007
SC Beira-Mar,Matheus,23,Right Winger,SC Braga,loan transfer,in,Winter,NA,Liga Nos,2006,2006/2007
SC Beira-Mar,Ezequias,25,Left-Back,FC Porto,loan transfer,in,Winter,NA,Liga Nos,2006,2006/2007
SC Beira-Mar,Bruno Sousa,26,Goalkeeper,Avanca,"End of loanDec 31, 2006",in,Winter,0,Liga Nos,2006,2006/2007
SC Beira-Mar,Artur,22,Attacking Midfield,Avanca,"End of loanDec 31, 2006",in,Winter,0,Liga Nos,2006,2006/2007
SC Beira-Mar,Diogo Cunha,20,Attacking Midfield,Avanca,"End of loanDec 1, 2006",in,Winter,0,Liga Nos,2006,2006/2007
SC Beira-Mar,Farah,25,Attacking Midfield,UR Trabalhadore,free transfer,out,Winter,NA,Liga Nos,2006,2006/2007
SC Beira-Mar,Jardel,33,Centre-Forward,Anorthosis,free transfer,out,Winter,NA,Liga Nos,2006,2006/2007
SC Beira-Mar,Jorge Leitão,32,Centre-Forward,Feirense,free transfer,out,Winter,NA,Liga Nos,2006,2006/2007
SC Beira-Mar,Torrão,29,Defensive Midfield,Omonia Nikosia,free transfer,out,Winter,NA,Liga Nos,2006,2006/2007
SC Beira-Mar,Marco Couto,32,Centre-Back,Olhanense,free transfer,out,Winter,NA,Liga Nos,2006,2006/2007
SC Beira-Mar,Diogo Cunha,20,Attacking Midfield,Olhanense,free transfer,out,Winter,NA,Liga Nos,2006,2006/2007
SC Beira-Mar,Katchana,23,Attacking Midfield,FC Pampilhosa,?,out,Winter,NA,Liga Nos,2006,2006/2007
SC Beira-Mar,Diogo Galvão,24,Centre-Forward,Chaves,loan transfer,out,Winter,NA,Liga Nos,2006,2006/2007
Desportivo Aves,Almami Moreira,28,Attacking Midfield,Dinamo Moscow,free transfer,in,Winter,NA,Liga Nos,2006,2006/2007
Desportivo Aves,Nuno Espírito Santo,32,Goalkeeper,Dinamo Moscow,free transfer,in,Winter,NA,Liga Nos,2006,2006/2007
Desportivo Aves,Jorge Ribeiro,25,Left-Back,Dinamo Moscow,loan transfer,in,Winter,NA,Liga Nos,2006,2006/2007
Desportivo Aves,Zé Eduardo,25,Goalkeeper,H. Jerusalem,?,in,Winter,NA,Liga Nos,2006,2006/2007
Desportivo Aves,Paulo Sérgio,22,Attacking Midfield,Sporting CP,loan transfer,in,Winter,NA,Liga Nos,2006,2006/2007
Desportivo Aves,Diego Martins,23,midfield,Anápolis-GO,loan transfer,in,Winter,NA,Liga Nos,2006,2006/2007
Desportivo Aves,Diego Oliveira,23,attack,Anápolis-GO,loan transfer,in,Winter,NA,Liga Nos,2006,2006/2007
Desportivo Aves,Dill,32,Right Winger,Famalicão,£90Th.,out,Winter,0.09,Liga Nos,2006,2006/2007
Desportivo Aves,Paulo Musse,28,Goalkeeper,EC Vitória,free transfer,out,Winter,NA,Liga Nos,2006,2006/2007
Desportivo Aves,Freddy,27,Centre-Forward,Negeri Sembilan,free transfer,out,Winter,NA,Liga Nos,2006,2006/2007
Desportivo Aves,Bruninho,20,Right Winger,Fafe,?,out,Winter,NA,Liga Nos,2006,2006/2007
