club_name,player_name,age,position,club_involved_name,fee,transfer_movement,transfer_period,fee_cleaned,league_name,year,season
Spartak Moscow,Antônio Géder,28,Centre-Back,Saturn,£2.43m,in,Summer,2.43,Premier Liga,2006,2006/2007
Spartak Moscow,Dmitri Torbinski,22,Central Midfield,Spartak II,-,in,Summer,0,Premier Liga,2006,2006/2007
Spartak Moscow,Adrian Iencsi,31,Centre-Back,Ceahlăul,£27Th.,out,Summer,0.027,Premier Liga,2006,2006/2007
Spartak Moscow,Andrii Popov,20,Left Midfield,Metalurg Z.,?,out,Summer,NA,Premier Liga,2006,2006/2007
Spartak Moscow,Gabriel Tamas,22,Centre-Back,Celta de Vigo,loan transfer,out,Summer,NA,Premier Liga,2006,2006/2007
Spartak Moscow,Dmitri Alenichev,33,Central Midfield,Retired,-,out,Summer,0,Premier Liga,2006,2006/2007
FC Moscow,Pablo Barrientos,21,Right Winger,San Lorenzo,£2.70m,in,Summer,2.7,Premier Liga,2006,2006/2007
FC Moscow,Dragan Tresnjic,21,Defensive Midfield,FC Dinamo,?,in,Summer,NA,Premier Liga,2006,2006/2007
FC Moscow,Stanton Fredericks,28,Attacking Midfield,Orlando Pirates,?,out,Summer,NA,Premier Liga,2006,2006/2007
FC Moscow,Dmitri Golubov,21,Centre-Forward,Torpedo Moscow,loan transfer,out,Summer,NA,Premier Liga,2006,2006/2007
Amkar Perm,Erik Lincar,27,Defensive Midfield,FC National,?,out,Summer,NA,Premier Liga,2006,2006/2007
Luch Vladivostok,Georgi Bazaev,27,Left Midfield,Alania,free transfer,in,Summer,NA,Premier Liga,2006,2006/2007
Luch Vladivostok,Sergey Shtanyuk,32,Centre-Back,Metalurg Z.,?,in,Summer,NA,Premier Liga,2006,2006/2007
Luch Vladivostok,Roman Monarev,26,Centre-Forward,KamAZ,?,in,Summer,NA,Premier Liga,2006,2006/2007
Luch Vladivostok,Sergey Kuznetsov,20,Central Midfield,Loko Moscow II,loan transfer,in,Summer,NA,Premier Liga,2006,2006/2007
Luch Vladivostok,Kirill Makarov,19,Attacking Midfield,Khimki,£203Th.,out,Summer,0.203,Premier Liga,2006,2006/2007
Luch Vladivostok,Oleg Korolev,31,Goalkeeper,Baltika,?,out,Summer,NA,Premier Liga,2006,2006/2007
Luch Vladivostok,Willer,26,Attacking Midfield,Spartak Orel,loan transfer,out,Summer,NA,Premier Liga,2006,2006/2007
FK Khimki,Kirill Makarov,19,Attacking Midfield,Luch Vladivostok,£203Th.,in,Summer,0.203,Premier Liga,2006,2006/2007
FK Khimki,Mantas Samusiovas,27,Centre-Back,Torpedo Moscow,£113Th.,in,Summer,0.113,Premier Liga,2006,2006/2007
FK Khimki,Mate Dragicevic,26,Centre-Forward,Hajduk Split,free transfer,in,Summer,NA,Premier Liga,2006,2006/2007
FK Khimki,Dmitri Parfenov,31,Right-Back,Dinamo Moscow,?,in,Summer,NA,Premier Liga,2006,2006/2007
FK Khimki,Bozidar Cosic,23,Centre-Back,Zeleznik Belgr.,?,in,Summer,NA,Premier Liga,2006,2006/2007
FK Khimki,Aleksandr Evstafjev,21,Centre-Forward,Zenit II,loan transfer,in,Summer,NA,Premier Liga,2006,2006/2007
FK Khimki,Aleksandr Kharitonov,23,Left Midfield,Saturn,loan transfer,in,Summer,NA,Premier Liga,2006,2006/2007
FK Khimki,Stanislav Murygin,22,Second Striker,Spartak-MZK,free transfer,out,Summer,NA,Premier Liga,2006,2006/2007
FK Khimki,Anton Brusnikin,20,Central Midfield,Petrotrest,free transfer,out,Summer,NA,Premier Liga,2006,2006/2007
FK Khimki,Aleksey Mikhailov,23,Right Midfield,Ryazan-Agrokompl,free transfer,out,Summer,NA,Premier Liga,2006,2006/2007
FK Khimki,Vladimir Beschastnykh,33,Centre-Forward,Without Club,-,out,Summer,0,Premier Liga,2006,2006/2007
Tom Tomsk,Igor Novakovic,27,attack,HNK Rijeka,£315Th.,in,Summer,0.315,Premier Liga,2006,2006/2007
Tom Tomsk,Atanas Bornosuzov,26,Central Midfield,Levski Sofia,free transfer,out,Summer,NA,Premier Liga,2006,2006/2007
Tom Tomsk,Albert Borzenkov,33,Centre-Back,Shinnik,free transfer,out,Summer,NA,Premier Liga,2006,2006/2007
Tom Tomsk,Denys Onyshchenko,27,Central Midfield,Zorya Lugansk,?,out,Summer,NA,Premier Liga,2006,2006/2007
Saturn Ramenskoe,Illiasu Shilla,23,Centre-Back,Asante Kotoko,£900Th.,in,Summer,0.9,Premier Liga,2006,2006/2007
Saturn Ramenskoe,Igor Lebedenko,23,Centre-Forward,Loko Moscow,£540Th.,in,Summer,0.54,Premier Liga,2006,2006/2007
Saturn Ramenskoe,Baffour Gyan,26,Centre-Forward,Dinamo Moscow,£405Th.,in,Summer,0.405,Premier Liga,2006,2006/2007
Saturn Ramenskoe,Dusan Petkovic,32,Centre-Back,OFK Beograd,free transfer,in,Summer,NA,Premier Liga,2006,2006/2007
Saturn Ramenskoe,Oleg Vlasov,21,Attacking Midfield,Zenit S-Pb,free transfer,in,Summer,NA,Premier Liga,2006,2006/2007
Saturn Ramenskoe,Branislav Fodrek,25,Centre-Forward,Artmedia Brat.,loan transfer,in,Summer,NA,Premier Liga,2006,2006/2007
Saturn Ramenskoe,Daniel Montenegro,27,Attacking Midfield,River Plate,"End of loanJun 30, 2006",in,Summer,0,Premier Liga,2006,2006/2007
Saturn Ramenskoe,Antonio Barijho,29,Centre-Forward,CA Banfield,"End of loanJun 23, 2006",in,Summer,0,Premier Liga,2006,2006/2007
Saturn Ramenskoe,Daniel Montenegro,27,Attacking Midfield,Independiente,£3.15m,out,Summer,3.15,Premier Liga,2006,2006/2007
Saturn Ramenskoe,Antônio Géder,28,Centre-Back,Spartak Moscow,£2.43m,out,Summer,2.43,Premier Liga,2006,2006/2007
Saturn Ramenskoe,Adriano,26,Centre-Forward,Denizlispor,£360Th.,out,Summer,0.36,Premier Liga,2006,2006/2007
Saturn Ramenskoe,Nikola Jolovic,27,Centre-Back,Inter Baku,free transfer,out,Summer,NA,Premier Liga,2006,2006/2007
Saturn Ramenskoe,Luka Vucko,22,Centre-Back,Hajduk Split,free transfer,out,Summer,NA,Premier Liga,2006,2006/2007
Saturn Ramenskoe,Aleksandr Kharitonov,23,Left Midfield,Khimki,loan transfer,out,Summer,NA,Premier Liga,2006,2006/2007
Saturn Ramenskoe,Jean,25,Centre-Forward,Fluminense,loan transfer,out,Summer,NA,Premier Liga,2006,2006/2007
Saturn Ramenskoe,Jean,24,Centre-Forward,Vasco da Gama,loan transfer,out,Summer,NA,Premier Liga,2006,2006/2007
Saturn Ramenskoe,Spartak Gogniev,25,Centre-Forward,CSKA Moscow,"End of loanJun 30, 2006",out,Summer,0,Premier Liga,2006,2006/2007
Rubin Kazan,Selim Benachour,24,Attacking Midfield,Vit. Guimarães,£1.35m,in,Summer,1.35,Premier Liga,2006,2006/2007
Rubin Kazan,Gabriel,24,Centre-Back,Leiria,£450Th.,in,Summer,0.45,Premier Liga,2006,2006/2007
Rubin Kazan,Seon-kyu Kang,20,Left-Back,Konkuk Uni,free transfer,in,Summer,NA,Premier Liga,2006,2006/2007
Rubin Kazan,Dong-hyun Kim,22,Centre-Forward,SC Braga,loan transfer,in,Summer,NA,Premier Liga,2006,2006/2007
Rubin Kazan,Cédric Roussel,28,Centre-Forward,Standard Liège,"End of loanJun 30, 2006",in,Summer,0,Premier Liga,2006,2006/2007
Rubin Kazan,Cédric Roussel,28,Centre-Forward,Zulte Waregem,£225Th.,out,Summer,0.225,Premier Liga,2006,2006/2007
Rubin Kazan,Wálter García,22,Centre-Back,Catania,?,out,Summer,NA,Premier Liga,2006,2006/2007
Rubin Kazan,Marat Makhmutov,30,Right-Back,Ural,?,out,Summer,NA,Premier Liga,2006,2006/2007
Rubin Kazan,Roman Shirokov,25,Central Midfield,Istra,loan transfer,out,Summer,NA,Premier Liga,2006,2006/2007
Krylya Sovetov Samara,Suad Filekovic,27,Left-Back,Exc. Mouscron,free transfer,in,Summer,NA,Premier Liga,2006,2006/2007
Krylya Sovetov Samara,Leílton,24,Left-Back,Shinnik,loan transfer,out,Summer,NA,Premier Liga,2006,2006/2007
Krylya Sovetov Samara,Ivan Shpakov,20,Second Striker,Shinnik,loan transfer,out,Summer,NA,Premier Liga,2006,2006/2007
Kuban Krasnodar (-2018),Aleksandr Danishevski,22,Centre-Forward,Torpedo Moscow,£675Th.,in,Summer,0.675,Premier Liga,2006,2006/2007
Kuban Krasnodar (-2018),Sergey Putilin,19,Centre-Back,Sochi-04,free transfer,in,Summer,NA,Premier Liga,2006,2006/2007
Kuban Krasnodar (-2018),Alim Karkaev,21,Left Midfield,Krasnodar-2000,?,in,Summer,NA,Premier Liga,2006,2006/2007
Kuban Krasnodar (-2018),Viktor Zemchenkov,19,Centre-Forward,FC Moscow II,?,in,Summer,NA,Premier Liga,2006,2006/2007
Kuban Krasnodar (-2018),Dmitri Kruglov,22,Left-Back,Loko Moscow,loan transfer,in,Summer,NA,Premier Liga,2006,2006/2007
Kuban Krasnodar (-2018),Denis Popov,27,Centre-Forward,Chernomorets N.,"End of loanJun 30, 2006",in,Summer,0,Premier Liga,2006,2006/2007
Kuban Krasnodar (-2018),Igor Kiselev,26,Centre-Forward,Stavropol,"End of loanJun 30, 2006",in,Summer,0,Premier Liga,2006,2006/2007
Kuban Krasnodar (-2018),Artur Kusov,20,Centre-Forward,SKA Rostov,?,out,Summer,NA,Premier Liga,2006,2006/2007
Kuban Krasnodar (-2018),Oleksiy Antonov,20,Centre-Forward,Metalist,?,out,Summer,NA,Premier Liga,2006,2006/2007
Kuban Krasnodar (-2018),Shamil Asildarov,23,Centre-Forward,Loko Moscow,loan transfer,out,Summer,NA,Premier Liga,2006,2006/2007
Kuban Krasnodar (-2018),Denis Popov,27,Centre-Forward,Dinamo Minsk,loan transfer,out,Summer,NA,Premier Liga,2006,2006/2007
Kuban Krasnodar (-2018),Igor Kiselev,26,Centre-Forward,S-UGP Anapa,loan transfer,out,Summer,NA,Premier Liga,2006,2006/2007
Kuban Krasnodar (-2018),Roman Rebrov,23,Centre-Forward,Salyut Belgorod,loan transfer,out,Summer,NA,Premier Liga,2006,2006/2007
CSKA Moscow,Sergey Pravosud,20,Centre-Forward,Shinnik,"End of loanJun 30, 2006",in,Summer,0,Premier Liga,2006,2006/2007
CSKA Moscow,Spartak Gogniev,25,Centre-Forward,Saturn,"End of loanJun 30, 2006",in,Summer,0,Premier Liga,2006,2006/2007
CSKA Moscow,Osmar Ferreyra,23,Attacking Midfield,San Lorenzo,loan transfer,out,Summer,NA,Premier Liga,2006,2006/2007
CSKA Moscow,Spartak Gogniev,25,Centre-Forward,Rostov,loan transfer,out,Summer,NA,Premier Liga,2006,2006/2007
CSKA Moscow,Sergey Pravosud,20,Centre-Forward,CSKA Moscow II,-,out,Summer,0,Premier Liga,2006,2006/2007
FK Rostov,Milan Vjestica,26,Centre-Back,Zenit S-Pb,loan transfer,in,Summer,NA,Premier Liga,2006,2006/2007
FK Rostov,Essau Kanyenda,23,Centre-Forward,Loko Moscow,loan transfer,in,Summer,NA,Premier Liga,2006,2006/2007
FK Rostov,Spartak Gogniev,25,Centre-Forward,CSKA Moscow,loan transfer,in,Summer,NA,Premier Liga,2006,2006/2007
FK Rostov,Gocha Khojava,21,Attacking Midfield,Stal Alchevsk,"End of loanJun 30, 2006",in,Summer,0,Premier Liga,2006,2006/2007
FK Rostov,Gocha Khojava,21,Attacking Midfield,Metalurgi R.,loan transfer,out,Summer,NA,Premier Liga,2006,2006/2007
Zenit St. Petersburg,Fatih Tekke,28,Centre-Forward,Trabzonspor,£6.75m,in,Summer,6.75,Premier Liga,2006,2006/2007
Zenit St. Petersburg,Ho Lee,22,Defensive Midfield,Ulsan Hyundai,£720Th.,in,Summer,0.72,Premier Liga,2006,2006/2007
Zenit St. Petersburg,Aleksandr Panov,30,Centre-Forward,Torpedo Moscow,£360Th.,in,Summer,0.36,Premier Liga,2006,2006/2007
Zenit St. Petersburg,Fernando Ricksen,30,Right-Back,Rangers,Loan fee:£135Th.,in,Summer,0.135,Premier Liga,2006,2006/2007
Zenit St. Petersburg,Ilya Maksimov,19,Central Midfield,Zenit II,-,in,Summer,0,Premier Liga,2006,2006/2007
Zenit St. Petersburg,Velice Sumulikoski,25,Defensive Midfield,Bursaspor,£720Th.,out,Summer,0.72,Premier Liga,2006,2006/2007
Zenit St. Petersburg,Jan Flachbart,28,Right-Back,Sigma Olomouc,£113Th.,out,Summer,0.113,Premier Liga,2006,2006/2007
Zenit St. Petersburg,Oleg Vlasov,21,Attacking Midfield,Saturn,free transfer,out,Summer,NA,Premier Liga,2006,2006/2007
Zenit St. Petersburg,Robertas Poskus,27,Centre-Forward,Dinamo Moscow,loan transfer,out,Summer,NA,Premier Liga,2006,2006/2007
Zenit St. Petersburg,Milan Vjestica,26,Centre-Back,Rostov,loan transfer,out,Summer,NA,Premier Liga,2006,2006/2007
Zenit St. Petersburg,Jaroslav Nesvadba,24,Left-Back,Mlada Boleslav,loan transfer,out,Summer,NA,Premier Liga,2006,2006/2007
Zenit St. Petersburg,Oleg Kozhanov,19,Second Striker,Ural,loan transfer,out,Summer,NA,Premier Liga,2006,2006/2007
Lokomotiv Moscow,Celsinho,17,Attacking Midfield,Portuguesa,£4.50m,in,Summer,4.5,Premier Liga,2006,2006/2007
Lokomotiv Moscow,Fininho,22,Left-Back,Figueirense FC,£1.53m,in,Summer,1.53,Premier Liga,2006,2006/2007
Lokomotiv Moscow,Shamil Asildarov,23,Centre-Forward,Kuban Krasnodar,loan transfer,in,Summer,NA,Premier Liga,2006,2006/2007
Lokomotiv Moscow,André Bikey,22,Centre-Back,Reading,"End of loanMay 1, 2007",in,Summer,0,Premier Liga,2006,2006/2007
Lokomotiv Moscow,Ruslan Pimenov,24,Centre-Forward,FC Metz,"End of loanJun 1, 2006",in,Summer,0,Premier Liga,2006,2006/2007
Lokomotiv Moscow,Francisco Lima,35,Defensive Midfield,Qatar SC,"End of loanJun 30, 2006",in,Summer,0,Premier Liga,2006,2006/2007
Lokomotiv Moscow,Ngasanya Ilongo,21,Defensive Midfield,Спартак-Нальчик,"End of loanAug 1, 2006",in,Summer,0,Premier Liga,2006,2006/2007
Lokomotiv Moscow,Winston Parks,24,Centre-Forward,Slovan Liberec,£630Th.,out,Summer,0.63,Premier Liga,2006,2006/2007
Lokomotiv Moscow,Igor Lebedenko,23,Centre-Forward,Saturn,£540Th.,out,Summer,0.54,Premier Liga,2006,2006/2007
Lokomotiv Moscow,Milan Jovanovic,25,Left Winger,Standard Liège,free transfer,out,Summer,NA,Premier Liga,2006,2006/2007
Lokomotiv Moscow,Ngasanya Ilongo,22,Defensive Midfield,Mlada Boleslav,?,out,Summer,NA,Premier Liga,2006,2006/2007
Lokomotiv Moscow,Francisco Lima,35,Defensive Midfield,Dinamo Moscow,?,out,Summer,NA,Premier Liga,2006,2006/2007
Lokomotiv Moscow,Dmitri Kruglov,22,Left-Back,Kuban Krasnodar,loan transfer,out,Summer,NA,Premier Liga,2006,2006/2007
Lokomotiv Moscow,Amr Zaki,23,Centre-Forward,Zamalek,loan transfer,out,Summer,NA,Premier Liga,2006,2006/2007
Lokomotiv Moscow,Essau Kanyenda,23,Centre-Forward,Rostov,loan transfer,out,Summer,NA,Premier Liga,2006,2006/2007
Lokomotiv Moscow,André Bikey,21,Centre-Back,Reading,loan transfer,out,Summer,NA,Premier Liga,2006,2006/2007
Спартак-Нальчик Нальчик,Irakli Geperidze,19,Right Winger,Spartak NN,£27Th.,in,Summer,0.027,Premier Liga,2006,2006/2007
Спартак-Нальчик Нальчик,Aleksey Trinitatskiy,21,Defensive Midfield,Saturn II,loan transfer,in,Summer,NA,Premier Liga,2006,2006/2007
Спартак-Нальчик Нальчик,Newton Ben Katanha,23,Centre-Forward,Without Club,-,in,Summer,0,Premier Liga,2006,2006/2007
Спартак-Нальчик Нальчик,Viktor Vasin,17,Centre-Back,Spartak N. II,-,in,Summer,0,Premier Liga,2006,2006/2007
Спартак-Нальчик Нальчик,Marat Ksanaev,25,Defensive Midfield,Volgar-Gazprom,?,out,Summer,NA,Premier Liga,2006,2006/2007
Спартак-Нальчик Нальчик,Rustam Balov,20,Right Midfield,Volgar-Gazprom,loan transfer,out,Summer,NA,Premier Liga,2006,2006/2007
Спартак-Нальчик Нальчик,Ngasanya Ilongo,21,Defensive Midfield,Loko Moscow,"End of loanAug 1, 2006",out,Summer,0,Premier Liga,2006,2006/2007
Dinamo Moscow,Almami Moreira,28,Attacking Midfield,Standard Liège,free transfer,in,Summer,NA,Premier Liga,2006,2006/2007
Dinamo Moscow,Robertas Poskus,27,Centre-Forward,Zenit S-Pb,loan transfer,in,Summer,NA,Premier Liga,2006,2006/2007
Dinamo Moscow,Francisco Lima,35,Defensive Midfield,Loko Moscow,?,in,Summer,NA,Premier Liga,2006,2006/2007
Dinamo Moscow,Sebastian Hutan,22,Goalkeeper,FC Sheriff,?,in,Summer,NA,Premier Liga,2006,2006/2007
Dinamo Moscow,Andrey Eshchenko,22,Right-Back,Dynamo Kyiv,loan transfer,in,Summer,NA,Premier Liga,2006,2006/2007
Dinamo Moscow,Maniche,28,Central Midfield,Chelsea,"End of loanJun 30, 2006",in,Summer,0,Premier Liga,2006,2006/2007
Dinamo Moscow,Jorge Ribeiro,24,Left-Back,Málaga CF,"End of loanJun 30, 2006",in,Summer,0,Premier Liga,2006,2006/2007
Dinamo Moscow,Maniche,28,Central Midfield,Atlético Madrid,£8.10m,out,Summer,8.1,Premier Liga,2006,2006/2007
Dinamo Moscow,Georgios Seitaridis,25,Right-Back,Atlético Madrid,£5.40m,out,Summer,5.4,Premier Liga,2006,2006/2007
Dinamo Moscow,Costinha,31,Defensive Midfield,Atlético Madrid,£5.40m,out,Summer,5.4,Premier Liga,2006,2006/2007
Dinamo Moscow,Baffour Gyan,26,Centre-Forward,Saturn,£405Th.,out,Summer,0.405,Premier Liga,2006,2006/2007
Dinamo Moscow,Pascal Mendy,27,Defensive Midfield,FBK Kaunas,?,out,Summer,NA,Premier Liga,2006,2006/2007
Dinamo Moscow,Dmitri Parfenov,31,Right-Back,Khimki,?,out,Summer,NA,Premier Liga,2006,2006/2007
Dinamo Moscow,Joseph Enakarhire,23,Centre-Back,G. Bordeaux,loan transfer,out,Summer,NA,Premier Liga,2006,2006/2007
Dinamo Moscow,Patrick Ovie,28,Centre-Back,Career break,-,out,Summer,0,Premier Liga,2006,2006/2007
Dinamo Moscow,Andrés Mendoza,28,Centre-Forward,Metalurg D.,"End of loanJun 30, 2006",out,Summer,0,Premier Liga,2006,2006/2007
Spartak Moscow,Stipe Pletikosa,28,Goalkeeper,Shakhtar D.,£2.25m,in,Winter,2.25,Premier Liga,2006,2006/2007
Spartak Moscow,Renat Sabitov,21,Centre-Back,Saturn,£180Th.,in,Winter,0.18,Premier Liga,2006,2006/2007
Spartak Moscow,Aleksandr Prudnikov,17,Centre-Forward,Spartak II,-,in,Winter,0,Premier Liga,2006,2006/2007
Spartak Moscow,Artem Dzyuba,18,Centre-Forward,Spartak II,-,in,Winter,0,Premier Liga,2006,2006/2007
Spartak Moscow,Florin Soava,28,Centre-Back,KS Samara,"End of loanDec 31, 2006",in,Winter,0,Premier Liga,2006,2006/2007
Spartak Moscow,Andrejs Rubins,28,Left Winger,Shinnik,"End of loanDec 1, 2006",in,Winter,0,Premier Liga,2006,2006/2007
Spartak Moscow,Fernando Cavenaghi,23,Centre-Forward,G. Bordeaux,£8.10m,out,Winter,8.1,Premier Liga,2006,2006/2007
Spartak Moscow,Mihajlo Pjanovic,29,Centre-Forward,Rostov,£270Th.,out,Winter,0.27,Premier Liga,2006,2006/2007
Spartak Moscow,Clemente Rodríguez,25,Left-Back,Boca Juniors,Loan fee:£225Th.,out,Winter,0.225,Premier Liga,2006,2006/2007
Spartak Moscow,Aleksandr Pavlenko,21,Central Midfield,Shinnik,loan transfer,out,Winter,NA,Premier Liga,2006,2006/2007
Spartak Moscow,Aleksey Zuev,25,Goalkeeper,Career break,-,out,Winter,0,Premier Liga,2006,2006/2007
Spartak Moscow,Andrejs Rubins,28,Left Winger,Spartak II,-,out,Winter,0,Premier Liga,2006,2006/2007
FC Moscow,Branislav Krunic,27,Central Midfield,Tom Tomsk,£900Th.,in,Winter,0.9,Premier Liga,2006,2006/2007
FC Moscow,Alexandru Epureanu,20,Centre-Back,FC Sheriff,£900Th.,in,Winter,0.9,Premier Liga,2006,2006/2007
FC Moscow,Andrey Topchu,26,Left Winger,Kuban Krasnodar,?,in,Winter,NA,Premier Liga,2006,2006/2007
FC Moscow,Roman Hubnik,22,Centre-Back,Sigma Olomouc,loan transfer,in,Winter,NA,Premier Liga,2006,2006/2007
FC Moscow,Pavel Golyshev,19,Attacking Midfield,FC Moscow II,-,in,Winter,0,Premier Liga,2006,2006/2007
FC Moscow,Valeri Leonov,26,Right Midfield,Terek Grozny,"End of loanDec 1, 2006",in,Winter,0,Premier Liga,2006,2006/2007
FC Moscow,Dmitri Golubov,21,Centre-Forward,Torpedo Moscow,"End of loanDec 1, 2006",in,Winter,0,Premier Liga,2006,2006/2007
FC Moscow,Budun Budunov,31,Centre-Forward,Terek Grozny,"End of loanDec 31, 2006",in,Winter,0,Premier Liga,2006,2006/2007
FC Moscow,Kirill Orlov,23,Right-Back,Rostov,"End of loanDec 31, 2006",in,Winter,0,Premier Liga,2006,2006/2007
FC Moscow,Dmitri Kirichenko,29,Centre-Forward,Saturn,£1.35m,out,Winter,1.35,Premier Liga,2006,2006/2007
FC Moscow,Aleksandr Filimonov,33,Goalkeeper,Nea Salamis,free transfer,out,Winter,NA,Premier Liga,2006,2006/2007
FC Moscow,Jerry-Christian Tchuisse,31,Right-Back,Terek Grozny,free transfer,out,Winter,NA,Premier Liga,2006,2006/2007
FC Moscow,Budun Budunov,31,Centre-Forward,Anzhi,free transfer,out,Winter,NA,Premier Liga,2006,2006/2007
FC Moscow,Sergiy Kobzev,19,midfield,Unknown,?,out,Winter,NA,Premier Liga,2006,2006/2007
FC Moscow,Kirill Orlov,23,Right-Back,Khimki,loan transfer,out,Winter,NA,Premier Liga,2006,2006/2007
FC Moscow,Dilaver Zrnanovic,22,Centre-Back,Daugavpils,loan transfer,out,Winter,NA,Premier Liga,2006,2006/2007
FC Moscow,Valeri Leonov,26,Right Midfield,FC Moscow II,-,out,Winter,0,Premier Liga,2006,2006/2007
Amkar Perm,Georgi Peev,27,Right Midfield,Dynamo 2 Kyiv,£360Th.,in,Winter,0.36,Premier Liga,2006,2006/2007
Amkar Perm,Tomislav Dujmovic,25,Central Midfield,Medjimurje,£270Th.,in,Winter,0.27,Premier Liga,2006,2006/2007
Amkar Perm,Marko Milovanovic,24,Centre-Back,SK Tavriya,£270Th.,in,Winter,0.27,Premier Liga,2006,2006/2007
Amkar Perm,Toni Soldevilla,28,Centre-Back,Apol. Limassol,£135Th.,in,Winter,0.135,Premier Liga,2006,2006/2007
Amkar Perm,Nikola Drincic,22,Defensive Midfield,Gaziantepspor,free transfer,in,Winter,NA,Premier Liga,2006,2006/2007
Amkar Perm,Miklós Gaál,25,Left-Back,Hajduk Split,free transfer,in,Winter,NA,Premier Liga,2006,2006/2007
Amkar Perm,Sergey Narubin,25,Goalkeeper,Dinamo Bryansk,?,in,Winter,NA,Premier Liga,2006,2006/2007
Amkar Perm,Noureddine Ziyati,32,Attacking Midfield,Al-Sailiya SC,free transfer,out,Winter,NA,Premier Liga,2006,2006/2007
Amkar Perm,Roman Vorobjov,22,Attacking Midfield,Khimki,free transfer,out,Winter,NA,Premier Liga,2006,2006/2007
Amkar Perm,Evgeni Yordanov,28,Centre-Forward,CSKA Sofia,free transfer,out,Winter,NA,Premier Liga,2006,2006/2007
Amkar Perm,Oleksandr Shutov,31,Right Midfield,SK Tavriya,?,out,Winter,NA,Premier Liga,2006,2006/2007
Amkar Perm,Aleksey Stepanov,29,Goalkeeper,Shinnik,?,out,Winter,NA,Premier Liga,2006,2006/2007
Amkar Perm,Albert Sarkisyan,31,Right Midfield,Terek Grozny,?,out,Winter,NA,Premier Liga,2006,2006/2007
Amkar Perm,Ildar Akhmetzyanov,23,Defensive Midfield,Amkar II,-,out,Winter,0,Premier Liga,2006,2006/2007
Amkar Perm,Evgeniy Shcherbakov,20,Attacking Midfield,Amkar II,-,out,Winter,0,Premier Liga,2006,2006/2007
Luch Vladivostok,Marek Cech,30,Goalkeeper,Slovan Liberec,£374Th.,in,Winter,0.374,Premier Liga,2006,2006/2007
Luch Vladivostok,Igor Kralevski,28,Centre-Back,Hajduk Split,free transfer,in,Winter,NA,Premier Liga,2006,2006/2007
Luch Vladivostok,Hristijan Kirovski,21,Centre-Forward,Ethnikos,free transfer,in,Winter,NA,Premier Liga,2006,2006/2007
Luch Vladivostok,Nenad Stojanovic,27,Centre-Forward,FC Brüssel,free transfer,in,Winter,NA,Premier Liga,2006,2006/2007
Luch Vladivostok,Aleksandr Chikhradze,31,Goalkeeper,Спартак-Нальчик,free transfer,in,Winter,NA,Premier Liga,2006,2006/2007
Luch Vladivostok,Aleksandr Tikhonovetski,27,Centre-Forward,Ban,?,in,Winter,NA,Premier Liga,2006,2006/2007
Luch Vladivostok,Rade Novkovic,26,Centre-Back,Rad,?,in,Winter,NA,Premier Liga,2006,2006/2007
Luch Vladivostok,Semen Melnikov,21,Second Striker,Zenit II,loan transfer,in,Winter,NA,Premier Liga,2006,2006/2007
Luch Vladivostok,Willer,27,Attacking Midfield,Spartak Orel,"End of loanDec 31, 2006",in,Winter,0,Premier Liga,2006,2006/2007
Luch Vladivostok,Aleksandr Cherkes,30,Right-Back,Shinnik,free transfer,out,Winter,NA,Premier Liga,2006,2006/2007
Luch Vladivostok,Giorgi Lomaia,27,Goalkeeper,Carl Zeiss Jena,free transfer,out,Winter,NA,Premier Liga,2006,2006/2007
Luch Vladivostok,Roman Gerus,26,Goalkeeper,Rostov,free transfer,out,Winter,NA,Premier Liga,2006,2006/2007
Luch Vladivostok,Aleksandr Tikhonovetski,27,Centre-Forward,Ban,?,out,Winter,NA,Premier Liga,2006,2006/2007
Luch Vladivostok,Willer,27,Attacking Midfield,Suduva,?,out,Winter,NA,Premier Liga,2006,2006/2007
Luch Vladivostok,Roman Monarev,26,Centre-Forward,Shinnik,?,out,Winter,NA,Premier Liga,2006,2006/2007
Luch Vladivostok,Vladimir Kazakov,36,Central Midfield,Shinnik,?,out,Winter,NA,Premier Liga,2006,2006/2007
Luch Vladivostok,Roman Romanov,25,Centre-Back,Zenit 2 S-Pb,?,out,Winter,NA,Premier Liga,2006,2006/2007
Luch Vladivostok,Aleksandr Petukhov,26,Centre-Forward,Dinamo SPb,?,out,Winter,NA,Premier Liga,2006,2006/2007
Luch Vladivostok,Andrey Movsesyan,31,Centre-Forward,Terek Grozny,?,out,Winter,NA,Premier Liga,2006,2006/2007
Luch Vladivostok,Dmitri Davydov,31,Left-Back,Zenit 2 S-Pb,?,out,Winter,NA,Premier Liga,2006,2006/2007
Luch Vladivostok,Hristijan Kirovski,21,Centre-Forward,Vardar,?,out,Winter,NA,Premier Liga,2006,2006/2007
Luch Vladivostok,Gennadi Tumilovich,35,Goalkeeper,Dinamo Minsk,?,out,Winter,NA,Premier Liga,2006,2006/2007
Luch Vladivostok,Stanislav Reznikov,20,Right-Back,Nosta,loan transfer,out,Winter,NA,Premier Liga,2006,2006/2007
Luch Vladivostok,Artem Beketov,22,Defensive Midfield,Without Club,-,out,Winter,0,Premier Liga,2006,2006/2007
Luch Vladivostok,Sergey Kuznetsov,20,Central Midfield,Loko Moscow II,"End of loanDec 31, 2006",out,Winter,0,Premier Liga,2006,2006/2007
FK Khimki,Vule Trivunovic,23,Centre-Back,FK Sarajevo,£225Th.,in,Winter,0.225,Premier Liga,2006,2006/2007
FK Khimki,Roman Shirokov,25,Central Midfield,Rubin Kazan,£180Th.,in,Winter,0.18,Premier Liga,2006,2006/2007
FK Khimki,Dragan Blatnjak,25,Right Winger,Hajduk Split,£135Th.,in,Winter,0.135,Premier Liga,2006,2006/2007
FK Khimki,Ajdin Maksumic,21,Defensive Midfield,FK Sarajevo,£90Th.,in,Winter,0.09,Premier Liga,2006,2006/2007
FK Khimki,Andrey Chichkin,29,Goalkeeper,Rostov,free transfer,in,Winter,NA,Premier Liga,2006,2006/2007
FK Khimki,Roman Vorobjov,22,Attacking Midfield,Amkar Perm,free transfer,in,Winter,NA,Premier Liga,2006,2006/2007
FK Khimki,Andrei Stepanov,27,Centre-Back,Torpedo Moscow,free transfer,in,Winter,NA,Premier Liga,2006,2006/2007
FK Khimki,Aleksandr Antipenko,24,Centre-Forward,CSKA Moscow,?,in,Winter,NA,Premier Liga,2006,2006/2007
FK Khimki,Kirill Orlov,23,Right-Back,FC Moscow,loan transfer,in,Winter,NA,Premier Liga,2006,2006/2007
FK Khimki,Nastja Ceh,28,Attacking Midfield,Without Club,-,in,Winter,0,Premier Liga,2006,2006/2007
FK Khimki,Maksim Ermak,30,Centre-Forward,Volgar-Gazprom,"End of loanDec 1, 2006",in,Winter,0,Premier Liga,2006,2006/2007
FK Khimki,Kirill Makarov,19,Attacking Midfield,Met-Kuz,£180Th.,out,Winter,0.18,Premier Liga,2006,2006/2007
FK Khimki,Georgi Mikadze,23,Left-Back,Salyut Belgorod,£113Th.,out,Winter,0.113,Premier Liga,2006,2006/2007
FK Khimki,Eduard Mor,29,Centre-Back,Torpedo Moscow,free transfer,out,Winter,NA,Premier Liga,2006,2006/2007
FK Khimki,Bozidar Cosic,24,Centre-Back,SV Wallern,?,out,Winter,NA,Premier Liga,2006,2006/2007
FK Khimki,Aleksey Revyakin,24,Centre-Back,Salyut Belgorod,?,out,Winter,NA,Premier Liga,2006,2006/2007
FK Khimki,Maksim Ermak,30,Centre-Forward,Salyut Belgorod,?,out,Winter,NA,Premier Liga,2006,2006/2007
FK Khimki,Mate Dragicevic,27,Centre-Forward,NK Istra,?,out,Winter,NA,Premier Liga,2006,2006/2007
FK Khimki,Sergey Lebedkov,25,Right Winger,Tom Tomsk,?,out,Winter,NA,Premier Liga,2006,2006/2007
FK Khimki,Vladislav Khatazhenkov,22,Left-Back,Nosta,?,out,Winter,NA,Premier Liga,2006,2006/2007
FK Khimki,Igor Voznesenski,21,Right Midfield,Shinnik,?,out,Winter,NA,Premier Liga,2006,2006/2007
FK Khimki,Andrey Kondrashov,34,Centre-Back,Dinamo SPb,?,out,Winter,NA,Premier Liga,2006,2006/2007
FK Khimki,Denis Mashkarin,33,Centre-Back,Retired,-,out,Winter,0,Premier Liga,2006,2006/2007
FK Khimki,Petr Bukievskiy,21,Goalkeeper,Without Club,-,out,Winter,0,Premier Liga,2006,2006/2007
FK Khimki,Aleksandr Kharitonov,23,Left Midfield,Saturn,"End of loanDec 31, 2006",out,Winter,0,Premier Liga,2006,2006/2007
Tom Tomsk,Sergey Serdyukov,25,Centre-Forward,Dinamo Makhach.,£450Th.,in,Winter,0.45,Premier Liga,2006,2006/2007
Tom Tomsk,Vitali Bulyga,26,Centre-Forward,KS Samara,£270Th.,in,Winter,0.27,Premier Liga,2006,2006/2007
Tom Tomsk,Aleksandr Shirko,30,Centre-Forward,Shinnik,free transfer,in,Winter,NA,Premier Liga,2006,2006/2007
Tom Tomsk,Dmitri Michkov,26,Defensive Midfield,Спартак-Нальчик,?,in,Winter,NA,Premier Liga,2006,2006/2007
Tom Tomsk,Ruslan Mostovyi,32,Centre-Back,Спартак-Нальчик,?,in,Winter,NA,Premier Liga,2006,2006/2007
Tom Tomsk,Sergey Lebedkov,25,Right Winger,Khimki,?,in,Winter,NA,Premier Liga,2006,2006/2007
Tom Tomsk,Dmitri Tarasov,19,Defensive Midfield,Tom Tomsk II,-,in,Winter,0,Premier Liga,2006,2006/2007
Tom Tomsk,Mikhail Vanev,25,Defensive Midfield,Zvezda Irkutsk,"End of loanDec 31, 2006",in,Winter,0,Premier Liga,2006,2006/2007
Tom Tomsk,Pavel Pogrebnyak,23,Centre-Forward,Zenit S-Pb,£4.50m,out,Winter,4.5,Premier Liga,2006,2006/2007
Tom Tomsk,Branislav Krunic,27,Central Midfield,FC Moscow,£900Th.,out,Winter,0.9,Premier Liga,2006,2006/2007
Tom Tomsk,Stanislav Kuznetsov,19,midfield,Sibiryak Bratsk,free transfer,out,Winter,NA,Premier Liga,2006,2006/2007
Tom Tomsk,Andrius Skerla,29,Centre-Back,Vetra,free transfer,out,Winter,NA,Premier Liga,2006,2006/2007
Tom Tomsk,Oleg Sischin,31,Right Midfield,Avangard Kursk,free transfer,out,Winter,NA,Premier Liga,2006,2006/2007
Tom Tomsk,Aleksandr Russkikh,23,Central Midfield,Chita,£36Th.,out,Winter,0.036,Premier Liga,2006,2006/2007
Tom Tomsk,Igor Novakovic,27,attack,HNK Rijeka,Loan fee:£27Th.,out,Winter,0.027,Premier Liga,2006,2006/2007
Tom Tomsk,Sergey Rekhtin,32,Centre-Back,Dinamo Barnaul,?,out,Winter,NA,Premier Liga,2006,2006/2007
Tom Tomsk,Mikhail Vanev,25,Defensive Midfield,Chita,loan transfer,out,Winter,NA,Premier Liga,2006,2006/2007
Tom Tomsk,Andrey Demkin,30,Centre-Forward,Career break,-,out,Winter,0,Premier Liga,2006,2006/2007
Saturn Ramenskoe,Dmitri Kirichenko,29,Centre-Forward,FC Moscow,£1.35m,in,Winter,1.35,Premier Liga,2006,2006/2007
Saturn Ramenskoe,Andrey Karyaka,28,Left Winger,Benfica,Loan fee:£270Th.,in,Winter,0.27,Premier Liga,2006,2006/2007
Saturn Ramenskoe,Aleksey Botvinjev,25,Goalkeeper,Shakhtar II,£135Th.,in,Winter,0.135,Premier Liga,2006,2006/2007
Saturn Ramenskoe,Petr Nemov,23,Right Midfield,KS Samara,free transfer,in,Winter,NA,Premier Liga,2006,2006/2007
Saturn Ramenskoe,Ilya Soshnin,18,Centre-Back,Energia Shatura,free transfer,in,Winter,NA,Premier Liga,2006,2006/2007
Saturn Ramenskoe,Gogita Gogua,23,Centre-Back,Спартак-Нальчик,?,in,Winter,NA,Premier Liga,2006,2006/2007
Saturn Ramenskoe,Artem Pershin,18,Defensive Midfield,Saturn II,-,in,Winter,0,Premier Liga,2006,2006/2007
Saturn Ramenskoe,Jean,24,Centre-Forward,Vasco da Gama,"End of loanDec 1, 2006",in,Winter,0,Premier Liga,2006,2006/2007
Saturn Ramenskoe,Jean,25,Centre-Forward,Corinthians,"End of loanApr 1, 2007",in,Winter,0,Premier Liga,2006,2006/2007
Saturn Ramenskoe,Jean,27,Centre-Back,Dinamo Moscow,"End of loanDec 1, 2006",in,Winter,0,Premier Liga,2006,2006/2007
Saturn Ramenskoe,Aleksandr Kharitonov,23,Left Midfield,Khimki,"End of loanDec 31, 2006",in,Winter,0,Premier Liga,2006,2006/2007
Saturn Ramenskoe,Freddy Bareiro,24,Centre-Forward,Libertad,£360Th.,out,Winter,0.36,Premier Liga,2006,2006/2007
Saturn Ramenskoe,Renat Sabitov,21,Centre-Back,Spartak Moscow,£180Th.,out,Winter,0.18,Premier Liga,2006,2006/2007
Saturn Ramenskoe,Jean,27,Centre-Back,Rubin Kazan,loan transfer,out,Winter,NA,Premier Liga,2006,2006/2007
Saturn Ramenskoe,Jean,24,Centre-Forward,Corinthians,loan transfer,out,Winter,NA,Premier Liga,2006,2006/2007
Saturn Ramenskoe,Branislav Fodrek,25,Centre-Forward,Artmedia Brat.,"End of loanDec 31, 2006",out,Winter,0,Premier Liga,2006,2006/2007
Saturn Ramenskoe,Branislav Obzera,25,Right Winger,Artmedia Brat.,"End of loanDec 31, 2006",out,Winter,0,Premier Liga,2006,2006/2007
Rubin Kazan,Sergey Budylin,27,Left-Back,Torpedo Moscow,£1.58m,in,Winter,1.58,Premier Liga,2006,2006/2007
Rubin Kazan,Christian Noboa,21,Central Midfield,CS Emelec,£1.35m,in,Winter,1.35,Premier Liga,2006,2006/2007
Rubin Kazan,Veljko Paunovic,29,Centre-Forward,Getafe,£720Th.,in,Winter,0.72,Premier Liga,2006,2006/2007
Rubin Kazan,Fábio Felicio,24,Central Midfield,Real Sociedad,£315Th.,in,Winter,0.315,Premier Liga,2006,2006/2007
Rubin Kazan,Petr Gitselov,23,Right Winger,Bodens BK,£315Th.,in,Winter,0.315,Premier Liga,2006,2006/2007
Rubin Kazan,Vitali Volkov,25,Left-Back,Torpedo Moscow,free transfer,in,Winter,NA,Premier Liga,2006,2006/2007
Rubin Kazan,Jaílson,25,Centre-Forward,Corinthians,?,in,Winter,NA,Premier Liga,2006,2006/2007
Rubin Kazan,Jean,27,Centre-Back,Saturn,loan transfer,in,Winter,NA,Premier Liga,2006,2006/2007
Rubin Kazan,Roman Shirokov,25,Central Midfield,Istra,"End of loanDec 31, 2006",in,Winter,0,Premier Liga,2006,2006/2007
Rubin Kazan,Alejandro Domínguez,25,Attacking Midfield,Zenit S-Pb,£6.30m,out,Winter,6.3,Premier Liga,2006,2006/2007
Rubin Kazan,Roman Shirokov,25,Central Midfield,Khimki,£180Th.,out,Winter,0.18,Premier Liga,2006,2006/2007
Rubin Kazan,Mikhail Ashvetia,29,Centre-Forward,Carl Zeiss Jena,free transfer,out,Winter,NA,Premier Liga,2006,2006/2007
Rubin Kazan,Jörgen Jalland,29,Defensive Midfield,Vålerenga,free transfer,out,Winter,NA,Premier Liga,2006,2006/2007
Rubin Kazan,Andrés Scotti,31,Centre-Back,Argentinos Jrs.,free transfer,out,Winter,NA,Premier Liga,2006,2006/2007
Rubin Kazan,Baiano,28,Right-Back,Náutico,?,out,Winter,NA,Premier Liga,2006,2006/2007
Rubin Kazan,Konstantin Skrylnikov,27,Left Midfield,Anzhi,loan transfer,out,Winter,NA,Premier Liga,2006,2006/2007
Rubin Kazan,Rustem Khuzin,34,Right-Back,Retired,-,out,Winter,0,Premier Liga,2006,2006/2007
Rubin Kazan,Giorgi Kinkladze,33,Attacking Midfield,Retired,-,out,Winter,0,Premier Liga,2006,2006/2007
Rubin Kazan,Dong-hyun Kim,22,Centre-Forward,SC Braga,"End of loanDec 1, 2006",out,Winter,0,Premier Liga,2006,2006/2007
Krylya Sovetov Samara,Maksim Budnikov,23,Right-Back,Mordovia,£59Th.,in,Winter,0.059,Premier Liga,2006,2006/2007
Krylya Sovetov Samara,Timur Bitokov,22,Left-Back,Спартак-Нальчик,free transfer,in,Winter,NA,Premier Liga,2006,2006/2007
Krylya Sovetov Samara,Aleksandr Shvetsov,26,Defensive Midfield,Jurmala,free transfer,in,Winter,NA,Premier Liga,2006,2006/2007
Krylya Sovetov Samara,Oleg Trifonov,25,Left Midfield,Zenit II,loan transfer,in,Winter,NA,Premier Liga,2006,2006/2007
Krylya Sovetov Samara,Igor Shevchenko,21,Right Winger,KS Samara II,-,in,Winter,0,Premier Liga,2006,2006/2007
Krylya Sovetov Samara,Mikhail Mareev,19,Attacking Midfield,KS Samara II,-,in,Winter,0,Premier Liga,2006,2006/2007
Krylya Sovetov Samara,Sergey Turzanov,17,Central Midfield,Akademia KSS,-,in,Winter,0,Premier Liga,2006,2006/2007
Krylya Sovetov Samara,Artem Kutepov,19,Left Midfield,Akademia KSS,-,in,Winter,0,Premier Liga,2006,2006/2007
Krylya Sovetov Samara,Leílton,24,Left-Back,Shinnik,"End of loanDec 1, 2006",in,Winter,0,Premier Liga,2006,2006/2007
Krylya Sovetov Samara,Ivan Shpakov,20,Second Striker,Shinnik,"End of loanDec 31, 2006",in,Winter,0,Premier Liga,2006,2006/2007
Krylya Sovetov Samara,Vitali Bulyga,26,Centre-Forward,Tom Tomsk,£270Th.,out,Winter,0.27,Premier Liga,2006,2006/2007
Krylya Sovetov Samara,Petr Nemov,23,Right Midfield,Saturn,free transfer,out,Winter,NA,Premier Liga,2006,2006/2007
Krylya Sovetov Samara,Sergey Vinogradov,25,Centre-Forward,Rostov,free transfer,out,Winter,NA,Premier Liga,2006,2006/2007
Krylya Sovetov Samara,Karen Dokhoyan,30,Left-Back,Pyunik Yerevan,free transfer,out,Winter,NA,Premier Liga,2006,2006/2007
Krylya Sovetov Samara,Baba Adamu,27,Centre-Forward,Sakaryaspor,free transfer,out,Winter,NA,Premier Liga,2006,2006/2007
Krylya Sovetov Samara,Bakhtiyar Ashurmatov,30,Centre-Back,Bunyodkor,?,out,Winter,NA,Premier Liga,2006,2006/2007
Krylya Sovetov Samara,Andrey Kanchelskis,37,Right Midfield,Retired,-,out,Winter,0,Premier Liga,2006,2006/2007
Krylya Sovetov Samara,Omonigho Temile,22,Right Midfield,Without Club,-,out,Winter,0,Premier Liga,2006,2006/2007
Krylya Sovetov Samara,Florin Soava,28,Centre-Back,Spartak Moscow,"End of loanDec 31, 2006",out,Winter,0,Premier Liga,2006,2006/2007
Kuban Krasnodar (-2018),Vladimir Gabulov,23,Goalkeeper,CSKA Moscow,£1.17m,in,Winter,1.17,Premier Liga,2006,2006/2007
Kuban Krasnodar (-2018),Spartak Gogniev,25,Centre-Forward,CSKA Moscow,£720Th.,in,Winter,0.72,Premier Liga,2006,2006/2007
Kuban Krasnodar (-2018),Juris Laizans,27,Defensive Midfield,CSKA Moscow,£405Th.,in,Winter,0.405,Premier Liga,2006,2006/2007
Kuban Krasnodar (-2018),Aleksandr Lebedev,21,Centre-Forward,BATE Borisov,£117Th.,in,Winter,0.117,Premier Liga,2006,2006/2007
Kuban Krasnodar (-2018),Valentin Okorochkov,26,Right Winger,Salyut Belgorod,free transfer,in,Winter,NA,Premier Liga,2006,2006/2007
Kuban Krasnodar (-2018),Vitali Chochiev,27,Left Midfield,KamAZ,?,in,Winter,NA,Premier Liga,2006,2006/2007
Kuban Krasnodar (-2018),Aleksandr Semizyan,21,Centre-Forward,Sochi-04,?,in,Winter,NA,Premier Liga,2006,2006/2007
Kuban Krasnodar (-2018),Georgi Dzhioev,20,Centre-Back,Fakel Voronezh,?,in,Winter,NA,Premier Liga,2006,2006/2007
Kuban Krasnodar (-2018),Evgeniy Pomazan,17,Goalkeeper,Kuban U19,-,in,Winter,0,Premier Liga,2006,2006/2007
Kuban Krasnodar (-2018),Roman Rebrov,23,Centre-Forward,Salyut Belgorod,"End of loanDec 1, 2006",in,Winter,0,Premier Liga,2006,2006/2007
Kuban Krasnodar (-2018),Aleksandr Perov,28,Goalkeeper,Salyut Belgorod,"End of loanDec 1, 2006",in,Winter,0,Premier Liga,2006,2006/2007
Kuban Krasnodar (-2018),Igor Kiselev,27,Centre-Forward,S-UGP Anapa,"End of loanDec 31, 2006",in,Winter,0,Premier Liga,2006,2006/2007
Kuban Krasnodar (-2018),Denis Popov,27,Centre-Forward,Dinamo Minsk,"End of loanDec 1, 2006",in,Winter,0,Premier Liga,2006,2006/2007
Kuban Krasnodar (-2018),Dmitri Podruzhko,20,Right Midfield,Lada Togliatti,"End of loanDec 31, 2006",in,Winter,0,Premier Liga,2006,2006/2007
Kuban Krasnodar (-2018),Jefthon,24,Centre-Back,Спартак-Нальчик,"End of loanDec 31, 2006",in,Winter,0,Premier Liga,2006,2006/2007
Kuban Krasnodar (-2018),Shamil Asildarov,23,Centre-Forward,Loko Moscow,"End of loanDec 31, 2006",in,Winter,0,Premier Liga,2006,2006/2007
Kuban Krasnodar (-2018),Aleksandr Khromykov,22,defence,Stavropol,free transfer,out,Winter,NA,Premier Liga,2006,2006/2007
Kuban Krasnodar (-2018),Roman Rebrov,23,Centre-Forward,Unknown,free transfer,out,Winter,NA,Premier Liga,2006,2006/2007
Kuban Krasnodar (-2018),Denis Popov,27,Centre-Forward,Спартак-Нальчик,loan transfer,out,Winter,NA,Premier Liga,2006,2006/2007
Kuban Krasnodar (-2018),Aleksandr Perov,28,Goalkeeper,Chernomorets N.,?,out,Winter,NA,Premier Liga,2006,2006/2007
Kuban Krasnodar (-2018),Alim Karkaev,21,Left Midfield,Krasnodar-2000,?,out,Winter,NA,Premier Liga,2006,2006/2007
Kuban Krasnodar (-2018),Igor Kiselev,27,Centre-Forward,Vityaz Podolsk,?,out,Winter,NA,Premier Liga,2006,2006/2007
Kuban Krasnodar (-2018),Viktor Zemchenkov,20,Centre-Forward,Torpedo Moscow,?,out,Winter,NA,Premier Liga,2006,2006/2007
Kuban Krasnodar (-2018),Dmitri Yashin,25,Goalkeeper,KamAZ,?,out,Winter,NA,Premier Liga,2006,2006/2007
Kuban Krasnodar (-2018),Andrey Topchu,26,Left Winger,FC Moscow,?,out,Winter,NA,Premier Liga,2006,2006/2007
Kuban Krasnodar (-2018),Denis Matiola,28,Centre-Back,Baltika,?,out,Winter,NA,Premier Liga,2006,2006/2007
Kuban Krasnodar (-2018),Sergey Putilin,20,Centre-Back,Kuban II,-,out,Winter,0,Premier Liga,2006,2006/2007
Kuban Krasnodar (-2018),Vladimir Kuzmichev,27,Left Winger,Career break,-,out,Winter,0,Premier Liga,2006,2006/2007
Kuban Krasnodar (-2018),Vladimir Gerasimov,31,Right Midfield,Retired,-,out,Winter,0,Premier Liga,2006,2006/2007
Kuban Krasnodar (-2018),Dmitri Kruglov,22,Left-Back,Loko Moscow,"End of loanDec 1, 2006",out,Winter,0,Premier Liga,2006,2006/2007
CSKA Moscow,Ramón,18,Attacking Midfield,Corinthians,£5.09m,in,Winter,5.09,Premier Liga,2006,2006/2007
CSKA Moscow,Caner Erkin,18,Left-Back,Manisaspor,£3.60m,in,Winter,3.6,Premier Liga,2006,2006/2007
CSKA Moscow,Nikita Burmistrov,17,Right Winger,CSKA Moscow II,-,in,Winter,0,Premier Liga,2006,2006/2007
CSKA Moscow,Aleksandr Antipenko,24,Centre-Forward,Anzhi,"End of loanDec 1, 2006",in,Winter,0,Premier Liga,2006,2006/2007
CSKA Moscow,Sergey Samodin,21,Centre-Forward,Spartak NN,"End of loanDec 31, 2006",in,Winter,0,Premier Liga,2006,2006/2007
CSKA Moscow,Juris Laizans,27,Defensive Midfield,Rostov,"End of loanDec 1, 2006",in,Winter,0,Premier Liga,2006,2006/2007
CSKA Moscow,Spartak Gogniev,25,Centre-Forward,Rostov,"End of loanDec 31, 2006",in,Winter,0,Premier Liga,2006,2006/2007
CSKA Moscow,Ivica Olic,27,Centre-Forward,Hamburger SV,£1.80m,out,Winter,1.8,Premier Liga,2006,2006/2007
CSKA Moscow,Vladimir Gabulov,23,Goalkeeper,Kuban Krasnodar,£1.17m,out,Winter,1.17,Premier Liga,2006,2006/2007
CSKA Moscow,Spartak Gogniev,25,Centre-Forward,Kuban Krasnodar,£720Th.,out,Winter,0.72,Premier Liga,2006,2006/2007
CSKA Moscow,Juris Laizans,27,Defensive Midfield,Kuban Krasnodar,£405Th.,out,Winter,0.405,Premier Liga,2006,2006/2007
CSKA Moscow,Sergey Samodin,21,Centre-Forward,Dnipro,£360Th.,out,Winter,0.36,Premier Liga,2006,2006/2007
CSKA Moscow,Aleksandr Antipenko,24,Centre-Forward,Khimki,?,out,Winter,NA,Premier Liga,2006,2006/2007
CSKA Moscow,Aleksandr Salugin,18,Centre-Forward,Текстильщик,loan transfer,out,Winter,NA,Premier Liga,2006,2006/2007
FK Rostov,Sergey Omeljanchuk,26,Centre-Back,Loko Moscow,£360Th.,in,Winter,0.36,Premier Liga,2006,2006/2007
FK Rostov,Milan Vjestica,27,Centre-Back,Zenit S-Pb,£315Th.,in,Winter,0.315,Premier Liga,2006,2006/2007
FK Rostov,Mihajlo Pjanovic,29,Centre-Forward,Spartak Moscow,£270Th.,in,Winter,0.27,Premier Liga,2006,2006/2007
FK Rostov,Martin Horak,26,Centre-Back,Zenit S-Pb,£180Th.,in,Winter,0.18,Premier Liga,2006,2006/2007
FK Rostov,Roman Gerus,26,Goalkeeper,Luch Vladivostok,free transfer,in,Winter,NA,Premier Liga,2006,2006/2007
FK Rostov,Sergey Vinogradov,25,Centre-Forward,KS Samara,free transfer,in,Winter,NA,Premier Liga,2006,2006/2007
FK Rostov,Ilya Blyznyuk,33,Goalkeeper,Shinnik,?,in,Winter,NA,Premier Liga,2006,2006/2007
FK Rostov,Pavel Mogilevskiy,26,Right-Back,Sodovik,?,in,Winter,NA,Premier Liga,2006,2006/2007
FK Rostov,Essau Kanyenda,24,Centre-Forward,Loko Moscow,loan transfer,in,Winter,NA,Premier Liga,2006,2006/2007
FK Rostov,Aleksandr Marenich,17,Left Winger,Rostov II,-,in,Winter,0,Premier Liga,2006,2006/2007
FK Rostov,Gia Grigalava,17,Centre-Back,Rostov II,-,in,Winter,0,Premier Liga,2006,2006/2007
FK Rostov,Konstantin Garbuz,18,Left-Back,Rostov II,-,in,Winter,0,Premier Liga,2006,2006/2007
FK Rostov,Gocha Khojava,21,Attacking Midfield,Metalurgi R.,"End of loanDec 1, 2006",in,Winter,0,Premier Liga,2006,2006/2007
FK Rostov,Gocha Khojava,21,Attacking Midfield,Anzhi,£68Th.,out,Winter,0.068,Premier Liga,2006,2006/2007
FK Rostov,Nikolay Olenikov,31,Centre-Back,Sibir,free transfer,out,Winter,NA,Premier Liga,2006,2006/2007
FK Rostov,Andrey Chichkin,29,Goalkeeper,Khimki,free transfer,out,Winter,NA,Premier Liga,2006,2006/2007
FK Rostov,Omar Pérez,30,Central Midfield,Rampla Jrs,free transfer,out,Winter,NA,Premier Liga,2006,2006/2007
FK Rostov,Carlos Gutiérrez,30,Centre-Back,Liverpool FC,?,out,Winter,NA,Premier Liga,2006,2006/2007
FK Rostov,Abdelilah Bagui,28,Goalkeeper,MAS Fes,?,out,Winter,NA,Premier Liga,2006,2006/2007
FK Rostov,Kirill Orlov,23,Right-Back,FC Moscow,"End of loanDec 31, 2006",out,Winter,0,Premier Liga,2006,2006/2007
FK Rostov,Milan Vjestica,27,Centre-Back,Zenit S-Pb,"End of loanDec 31, 2006",out,Winter,0,Premier Liga,2006,2006/2007
FK Rostov,Jovan Tanasijevic,28,Centre-Back,Dinamo Moscow,"End of loanDec 1, 2006",out,Winter,0,Premier Liga,2006,2006/2007
FK Rostov,Essau Kanyenda,24,Centre-Forward,Loko Moscow,"End of loanDec 1, 2006",out,Winter,0,Premier Liga,2006,2006/2007
FK Rostov,Juris Laizans,27,Defensive Midfield,CSKA Moscow,"End of loanDec 1, 2006",out,Winter,0,Premier Liga,2006,2006/2007
FK Rostov,Spartak Gogniev,25,Centre-Forward,CSKA Moscow,"End of loanDec 31, 2006",out,Winter,0,Premier Liga,2006,2006/2007
Zenit St. Petersburg,Anatoliy Tymoshchuk,27,Defensive Midfield,Shakhtar D.,£13.05m,in,Winter,13.05,Premier Liga,2006,2006/2007
Zenit St. Petersburg,Alejandro Domínguez,25,Attacking Midfield,Rubin Kazan,£6.30m,in,Winter,6.3,Premier Liga,2006,2006/2007
Zenit St. Petersburg,Pavel Pogrebnyak,23,Centre-Forward,Tom Tomsk,£4.50m,in,Winter,4.5,Premier Liga,2006,2006/2007
Zenit St. Petersburg,Konstantin Zyryanov,29,Central Midfield,Torpedo Moscow,£2.25m,in,Winter,2.25,Premier Liga,2006,2006/2007
Zenit St. Petersburg,Fernando Ricksen,30,Right-Back,Rangers,£1.13m,in,Winter,1.13,Premier Liga,2006,2006/2007
Zenit St. Petersburg,Milan Vjestica,27,Centre-Back,Rostov,"End of loanDec 31, 2006",in,Winter,0,Premier Liga,2006,2006/2007
Zenit St. Petersburg,Robertas Poskus,27,Centre-Forward,Dinamo Moscow,"End of loanDec 1, 2006",in,Winter,0,Premier Liga,2006,2006/2007
Zenit St. Petersburg,Martin Horak,26,Centre-Back,Shinnik,"End of loanDec 1, 2006",in,Winter,0,Premier Liga,2006,2006/2007
Zenit St. Petersburg,Oleg Kozhanov,19,Second Striker,Ural,"End of loanDec 31, 2006",in,Winter,0,Premier Liga,2006,2006/2007
Zenit St. Petersburg,Aleksandr Kerzhakov,24,Centre-Forward,Sevilla FC,£4.50m,out,Winter,4.5,Premier Liga,2006,2006/2007
Zenit St. Petersburg,Pavel Mares,30,Left-Back,Sparta Prague,£450Th.,out,Winter,0.45,Premier Liga,2006,2006/2007
Zenit St. Petersburg,Milan Vjestica,27,Centre-Back,Rostov,£315Th.,out,Winter,0.315,Premier Liga,2006,2006/2007
Zenit St. Petersburg,Martin Horak,26,Centre-Back,Rostov,£180Th.,out,Winter,0.18,Premier Liga,2006,2006/2007
Zenit St. Petersburg,Yeong-min Hyeon,27,Left-Back,Ulsan Hyundai,?,out,Winter,NA,Premier Liga,2006,2006/2007
Zenit St. Petersburg,Aleksandr Panov,31,Centre-Forward,Torpedo Moscow,loan transfer,out,Winter,NA,Premier Liga,2006,2006/2007
Zenit St. Petersburg,Oleg Kozhanov,19,Second Striker,Ural,loan transfer,out,Winter,NA,Premier Liga,2006,2006/2007
Zenit St. Petersburg,Fernando Ricksen,30,Right-Back,Rangers,"End of loanDec 1, 2006",out,Winter,0,Premier Liga,2006,2006/2007
Lokomotiv Moscow,Rodolfo,24,Centre-Back,Dynamo Kyiv,£3.33m,in,Winter,3.33,Premier Liga,2006,2006/2007
Lokomotiv Moscow,Ivan Pelizzoli,26,Goalkeeper,Reggina,£2.70m,in,Winter,2.7,Premier Liga,2006,2006/2007
Lokomotiv Moscow,Razvan Cocis,23,Central Midfield,FC Sheriff,£2.34m,in,Winter,2.34,Premier Liga,2006,2006/2007
Lokomotiv Moscow,Erik Korchagin,27,Centre-Forward,Спартак-Нальчик,free transfer,in,Winter,NA,Premier Liga,2006,2006/2007
Lokomotiv Moscow,Sergey Efimov,19,Centre-Back,Loko Moscow II,-,in,Winter,0,Premier Liga,2006,2006/2007
Lokomotiv Moscow,Sergey Ryzhikov,26,Goalkeeper,Loko Moscow II,-,in,Winter,0,Premier Liga,2006,2006/2007
Lokomotiv Moscow,Roman Kontsedalov,20,Central Midfield,Loko Moscow II,-,in,Winter,0,Premier Liga,2006,2006/2007
Lokomotiv Moscow,Sergey Omeljanchuk,26,Centre-Back,Shinnik,"End of loanDec 31, 2006",in,Winter,0,Premier Liga,2006,2006/2007
Lokomotiv Moscow,Dmitri Kruglov,22,Left-Back,Kuban Krasnodar,"End of loanDec 1, 2006",in,Winter,0,Premier Liga,2006,2006/2007
Lokomotiv Moscow,Essau Kanyenda,24,Centre-Forward,Rostov,"End of loanDec 1, 2006",in,Winter,0,Premier Liga,2006,2006/2007
Lokomotiv Moscow,Sergey Omeljanchuk,26,Centre-Back,Rostov,£360Th.,out,Winter,0.36,Premier Liga,2006,2006/2007
Lokomotiv Moscow,Vadim Evseev,30,Right-Back,Torpedo Moscow,£360Th.,out,Winter,0.36,Premier Liga,2006,2006/2007
Lokomotiv Moscow,Ruslan Pimenov,25,Centre-Forward,Dinamo Moscow,free transfer,out,Winter,NA,Premier Liga,2006,2006/2007
Lokomotiv Moscow,Laryea Kingston,26,Central Midfield,Heart of Midl.,loan transfer,out,Winter,NA,Premier Liga,2006,2006/2007
Lokomotiv Moscow,Essau Kanyenda,24,Centre-Forward,Rostov,loan transfer,out,Winter,NA,Premier Liga,2006,2006/2007
Lokomotiv Moscow,Shamil Asildarov,23,Centre-Forward,Kuban Krasnodar,"End of loanDec 31, 2006",out,Winter,0,Premier Liga,2006,2006/2007
Спартак-Нальчик Нальчик,Ricardo Jesus,21,Centre-Forward,Internacional,£270Th.,in,Winter,0.27,Premier Liga,2006,2006/2007
Спартак-Нальчик Нальчик,Viktor Faizulin,20,Central Midfield,SKA-Energia,£225Th.,in,Winter,0.225,Premier Liga,2006,2006/2007
Спартак-Нальчик Нальчик,Vitali Shumeyko,25,Centre-Back,PFK Oleksandria,free transfer,in,Winter,NA,Premier Liga,2006,2006/2007
Спартак-Нальчик Нальчик,Vladimir Kisenkov,25,Right-Back,Vityaz Podolsk,free transfer,in,Winter,NA,Premier Liga,2006,2006/2007
Спартак-Нальчик Нальчик,Valentin Filatov,24,Left-Back,Unirea Urziceni,free transfer,in,Winter,NA,Premier Liga,2006,2006/2007
Спартак-Нальчик Нальчик,Darijan Matic,23,Defensive Midfield,Shinnik,loan transfer,in,Winter,NA,Premier Liga,2006,2006/2007
Спартак-Нальчик Нальчик,Denis Popov,27,Centre-Forward,Kuban Krasnodar,loan transfer,in,Winter,NA,Premier Liga,2006,2006/2007
Спартак-Нальчик Нальчик,Aleksey Martynov,28,Centre-Forward,Avangard Kursk,?,in,Winter,NA,Premier Liga,2006,2006/2007
Спартак-Нальчик Нальчик,Andrey Sidelnikov,26,Goalkeeper,Alania,?,in,Winter,NA,Premier Liga,2006,2006/2007
Спартак-Нальчик Нальчик,Andrey Makushev,26,Right-Back,Met. Krasnoyarsk,?,in,Winter,NA,Premier Liga,2006,2006/2007
Спартак-Нальчик Нальчик,Roman Uzdenov,27,Centre-Forward,Volgar-Gazprom,?,in,Winter,NA,Premier Liga,2006,2006/2007
Спартак-Нальчик Нальчик,Marat Dzakhmishev,26,Central Midfield,S-UGP Anapa,?,in,Winter,NA,Premier Liga,2006,2006/2007
Спартак-Нальчик Нальчик,Dejan Radic,26,Goalkeeper,Vojvodina,?,in,Winter,NA,Premier Liga,2006,2006/2007
Спартак-Нальчик Нальчик,Aleksandre Amisulashvili,24,Centre-Back,Dynamo Kyiv,loan transfer,in,Winter,NA,Premier Liga,2006,2006/2007
Спартак-Нальчик Нальчик,Yuri Rodenkov,20,Right Winger,Zenit II,loan transfer,in,Winter,NA,Premier Liga,2006,2006/2007
Спартак-Нальчик Нальчик,Dmitri Yatchenko,20,Right-Back,Dynamo M II,loan transfer,in,Winter,NA,Premier Liga,2006,2006/2007
Спартак-Нальчик Нальчик,Oleg Samsonov,19,Right Winger,Zenit II,loan transfer,in,Winter,NA,Premier Liga,2006,2006/2007
Спартак-Нальчик Нальчик,Rustam Balov,20,Right Midfield,Volgar-Gazprom,"End of loanDec 1, 2006",in,Winter,0,Premier Liga,2006,2006/2007
Спартак-Нальчик Нальчик,Irakli Geperidze,19,Right Winger,Torpedo Moscow,£63Th.,out,Winter,0.063,Premier Liga,2006,2006/2007
Спартак-Нальчик Нальчик,Ashamaz Shakov,21,defence,Zhemchuzhina II,free transfer,out,Winter,NA,Premier Liga,2006,2006/2007
Спартак-Нальчик Нальчик,Timur Bitokov,22,Left-Back,KS Samara,free transfer,out,Winter,NA,Premier Liga,2006,2006/2007
Спартак-Нальчик Нальчик,Mario Juric,30,Right Winger,HNK Sibenik,free transfer,out,Winter,NA,Premier Liga,2006,2006/2007
Спартак-Нальчик Нальчик,Anatoliy Skvortsov,30,Centre-Back,Shinnik,free transfer,out,Winter,NA,Premier Liga,2006,2006/2007
Спартак-Нальчик Нальчик,Erik Korchagin,27,Centre-Forward,Loko Moscow,free transfer,out,Winter,NA,Premier Liga,2006,2006/2007
Спартак-Нальчик Нальчик,Aleksandr Chikhradze,31,Goalkeeper,Luch Vladivostok,free transfer,out,Winter,NA,Premier Liga,2006,2006/2007
Спартак-Нальчик Нальчик,Ruslan Mostovyi,32,Centre-Back,Tom Tomsk,?,out,Winter,NA,Premier Liga,2006,2006/2007
Спартак-Нальчик Нальчик,Andriy Poroshyn,28,Centre-Forward,Shinnik,?,out,Winter,NA,Premier Liga,2006,2006/2007
Спартак-Нальчик Нальчик,Dmitri Michkov,26,Defensive Midfield,Tom Tomsk,?,out,Winter,NA,Premier Liga,2006,2006/2007
Спартак-Нальчик Нальчик,Gogita Gogua,23,Centre-Back,Saturn,?,out,Winter,NA,Premier Liga,2006,2006/2007
Спартак-Нальчик Нальчик,Stanislav Dyachenko,22,Right-Back,Without Club,-,out,Winter,0,Premier Liga,2006,2006/2007
Спартак-Нальчик Нальчик,Aleksandr Zarutskiy,37,defence,Retired,-,out,Winter,0,Premier Liga,2006,2006/2007
Спартак-Нальчик Нальчик,Leonid Kudaev,35,defence,Retired,-,out,Winter,0,Premier Liga,2006,2006/2007
Спартак-Нальчик Нальчик,Sergey Serdyukov,25,Centre-Forward,Dinamo Makhach.,"End of loanDec 1, 2006",out,Winter,0,Premier Liga,2006,2006/2007
Спартак-Нальчик Нальчик,Jefthon,24,Centre-Back,Kuban Krasnodar,"End of loanDec 31, 2006",out,Winter,0,Premier Liga,2006,2006/2007
Спартак-Нальчик Нальчик,Roman Kontsedalov,20,Central Midfield,Loko Moscow II,"End of loanDec 31, 2006",out,Winter,0,Premier Liga,2006,2006/2007
Спартак-Нальчик Нальчик,Aleksey Trinitatskiy,21,Defensive Midfield,Saturn II,"End of loanDec 31, 2006",out,Winter,0,Premier Liga,2006,2006/2007
Dinamo Moscow,Arunas Klimavicius,24,Centre-Back,Ekranas,£900Th.,in,Winter,0.9,Premier Liga,2006,2006/2007
Dinamo Moscow,Andrey Karpovich,25,Defensive Midfield,Kairat Almaty,free transfer,in,Winter,NA,Premier Liga,2006,2006/2007
Dinamo Moscow,Ruslan Pimenov,25,Centre-Forward,Loko Moscow,free transfer,in,Winter,NA,Premier Liga,2006,2006/2007
Dinamo Moscow,Vladimir Granat,19,Centre-Back,Dynamo M II,-,in,Winter,0,Premier Liga,2006,2006/2007
Dinamo Moscow,Kirill Kombarov,19,Right-Back,Dynamo M II,-,in,Winter,0,Premier Liga,2006,2006/2007
Dinamo Moscow,Anton Shunin,19,Goalkeeper,Dynamo M II,-,in,Winter,0,Premier Liga,2006,2006/2007
Dinamo Moscow,Thiago Silva,22,Centre-Back,Fluminense,"End of loanDec 31, 2006",in,Winter,0,Premier Liga,2006,2006/2007
Dinamo Moscow,Jovan Tanasijevic,28,Centre-Back,Rostov,"End of loanDec 1, 2006",in,Winter,0,Premier Liga,2006,2006/2007
Dinamo Moscow,Jorge Luís,31,Left-Back,SC Braga,"End of loanMar 12, 2007",in,Winter,0,Premier Liga,2006,2006/2007
Dinamo Moscow,Thiago Silva,22,Centre-Back,Fluminense,£1.80m,out,Winter,1.8,Premier Liga,2006,2006/2007
Dinamo Moscow,Maksim Romashchenko,30,Left Midfield,Torpedo Moscow,£383Th.,out,Winter,0.383,Premier Liga,2006,2006/2007
Dinamo Moscow,Francisco Lima,35,Defensive Midfield,Brescia,free transfer,out,Winter,NA,Premier Liga,2006,2006/2007
Dinamo Moscow,Nuno Espírito Santo,32,Goalkeeper,Desportivo Aves,free transfer,out,Winter,NA,Premier Liga,2006,2006/2007
Dinamo Moscow,Aleksey Smertin,31,Defensive Midfield,Fulham,free transfer,out,Winter,NA,Premier Liga,2006,2006/2007
Dinamo Moscow,Almami Moreira,28,Attacking Midfield,Desportivo Aves,free transfer,out,Winter,NA,Premier Liga,2006,2006/2007
Dinamo Moscow,Derlei,31,Centre-Forward,Benfica,loan transfer,out,Winter,NA,Premier Liga,2006,2006/2007
Dinamo Moscow,Jorge Ribeiro,25,Left-Back,Desportivo Aves,loan transfer,out,Winter,NA,Premier Liga,2006,2006/2007
Dinamo Moscow,Sebastian Hutan,23,Goalkeeper,UTA BD,?,out,Winter,NA,Premier Liga,2006,2006/2007
Dinamo Moscow,Jorge Luís,31,Left-Back,Internacional,?,out,Winter,NA,Premier Liga,2006,2006/2007
Dinamo Moscow,Jorge Luís,30,Left-Back,SC Braga,loan transfer,out,Winter,NA,Premier Liga,2006,2006/2007
Dinamo Moscow,Sergey Ovchinnikov,36,Goalkeeper,Retired,-,out,Winter,0,Premier Liga,2006,2006/2007
Dinamo Moscow,Andrey Eshchenko,22,Right-Back,Dynamo Kyiv,"End of loanDec 31, 2006",out,Winter,0,Premier Liga,2006,2006/2007
Dinamo Moscow,Robertas Poskus,27,Centre-Forward,Zenit S-Pb,"End of loanDec 1, 2006",out,Winter,0,Premier Liga,2006,2006/2007
Dinamo Moscow,Jean,27,Centre-Back,Saturn,"End of loanDec 1, 2006",out,Winter,0,Premier Liga,2006,2006/2007
