club_name,player_name,age,position,club_involved_name,fee,transfer_movement,transfer_period,fee_cleaned,league_name,year,season
Ajax Amsterdam,Niklas Moisander,26,Centre-Back,AZ Alkmaar,£3.60m,in,Summer,3.6,Eredivisie,2012,2012/2013
Ajax Amsterdam,Lucas Andersen,17,Left Winger,Aalborg BK,£1.26m,in,Summer,1.26,Eredivisie,2012,2012/2013
Ajax Amsterdam,Tobias Sana,23,Left Winger,IFK Göteborg,£288Th.,in,Summer,0.288,Eredivisie,2012,2012/2013
Ajax Amsterdam,Ryan Babel,25,Left Winger,TSG Hoffenheim,free transfer,in,Summer,NA,Eredivisie,2012,2012/2013
Ajax Amsterdam,Christian Poulsen,32,Defensive Midfield,Évian,free transfer,in,Summer,NA,Eredivisie,2012,2012/2013
Ajax Amsterdam,Lasse Schöne,26,Defensive Midfield,NEC Nijmegen,free transfer,in,Summer,NA,Eredivisie,2012,2012/2013
Ajax Amsterdam,Viktor Fischer,18,Left Winger,Ajax U19,-,in,Summer,0,Eredivisie,2012,2012/2013
Ajax Amsterdam,Stefano Denswil,19,Centre-Back,Ajax U19,-,in,Summer,0,Eredivisie,2012,2012/2013
Ajax Amsterdam,Jody Lukoki,19,Right Winger,Ajax U21,-,in,Summer,0,Eredivisie,2012,2012/2013
Ajax Amsterdam,Mitchell Dijks,19,Left-Back,Ajax U19,-,in,Summer,0,Eredivisie,2012,2012/2013
Ajax Amsterdam,Mickey van der Hart,18,Goalkeeper,Ajax U19,-,in,Summer,0,Eredivisie,2012,2012/2013
Ajax Amsterdam,Dico Koppers,20,Left-Back,Ajax U21,-,in,Summer,0,Eredivisie,2012,2012/2013
Ajax Amsterdam,Davy Klaassen,19,Attacking Midfield,Ajax U19,-,in,Summer,0,Eredivisie,2012,2012/2013
Ajax Amsterdam,Joël Veltman,20,Right-Back,Ajax U21,-,in,Summer,0,Eredivisie,2012,2012/2013
Ajax Amsterdam,Darío Cvitanich,28,Centre-Forward,Boca Juniors,"End of loanJul 5, 2012",in,Summer,0,Eredivisie,2012,2012/2013
Ajax Amsterdam,Florian Jozefzoon,21,Right Winger,NAC Breda,"End of loanJun 30, 2012",in,Summer,0,Eredivisie,2012,2012/2013
Ajax Amsterdam,Jan Vertonghen,25,Centre-Back,Spurs,£11.25m,out,Summer,11.25,Eredivisie,2012,2012/2013
Ajax Amsterdam,Vurnon Anita,23,Defensive Midfield,Newcastle,£7.65m,out,Summer,7.65,Eredivisie,2012,2012/2013
Ajax Amsterdam,Gregory van der Wiel,24,Right-Back,Paris SG,£5.40m,out,Summer,5.4,Eredivisie,2012,2012/2013
Ajax Amsterdam,Aras Özbiliz,22,Right Winger,Kuban Krasnodar,£2.70m,out,Summer,2.7,Eredivisie,2012,2012/2013
Ajax Amsterdam,Darío Cvitanich,28,Centre-Forward,OGC Nice,£1.35m,out,Summer,1.35,Eredivisie,2012,2012/2013
Ajax Amsterdam,Ismail Aissati,24,Attacking Midfield,Antalyaspor,£540Th.,out,Summer,0.54,Eredivisie,2012,2012/2013
Ajax Amsterdam,Theo Janssen,31,Central Midfield,Vitesse,£495Th.,out,Summer,0.495,Eredivisie,2012,2012/2013
Ajax Amsterdam,Dmitri Bulykin,32,Centre-Forward,Twente FC,free transfer,out,Summer,NA,Eredivisie,2012,2012/2013
Ajax Amsterdam,Florian Jozefzoon,21,Right Winger,RKC Waalwijk,free transfer,out,Summer,NA,Eredivisie,2012,2012/2013
Ajax Amsterdam,Nicolás Lodeiro,23,Attacking Midfield,Botafogo,free transfer,out,Summer,NA,Eredivisie,2012,2012/2013
Ajax Amsterdam,Jeroen Verhoeven,32,Goalkeeper,Without Club,-,out,Summer,0,Eredivisie,2012,2012/2013
Ajax Amsterdam,André Ooijer,37,Centre-Back,Retired,-,out,Summer,0,Eredivisie,2012,2012/2013
Ajax Amsterdam,Mats Rits,18,Defensive Midfield,Ajax U21,-,out,Summer,0,Eredivisie,2012,2012/2013
Ajax Amsterdam,Bruno Silva,32,Right-Back,Without Club,-,out,Summer,0,Eredivisie,2012,2012/2013
Feyenoord Rotterdam,Lex Immers,26,Attacking Midfield,ADO Den Haag,£720Th.,in,Summer,0.72,Eredivisie,2012,2012/2013
Feyenoord Rotterdam,Harmeet Singh,21,Central Midfield,Vålerenga,£540Th.,in,Summer,0.54,Eredivisie,2012,2012/2013
Feyenoord Rotterdam,Mitchell Te Vrede,20,Centre-Forward,Excelsior,free transfer,in,Summer,NA,Eredivisie,2012,2012/2013
Feyenoord Rotterdam,Joris Mathijsen,32,Centre-Back,Málaga CF,free transfer,in,Summer,NA,Eredivisie,2012,2012/2013
Feyenoord Rotterdam,Daryl Janmaat,22,Centre-Back,Heerenveen,free transfer,in,Summer,NA,Eredivisie,2012,2012/2013
Feyenoord Rotterdam,John Goossens,23,Defensive Midfield,NEC Nijmegen,free transfer,in,Summer,NA,Eredivisie,2012,2012/2013
Feyenoord Rotterdam,Ruud Vormer,24,Central Midfield,Roda JC,free transfer,in,Summer,NA,Eredivisie,2012,2012/2013
Feyenoord Rotterdam,Omar Elabdellaoui,20,Right-Back,Man City U21,loan transfer,in,Summer,NA,Eredivisie,2012,2012/2013
Feyenoord Rotterdam,Wesley Verhoek,25,Right Winger,Twente FC,?,in,Summer,NA,Eredivisie,2012,2012/2013
Feyenoord Rotterdam,Graziano Pellè,27,Centre-Forward,Parma,loan transfer,in,Summer,NA,Eredivisie,2012,2012/2013
Feyenoord Rotterdam,Tonny Vilhena,17,Central Midfield,Feyenoord U19,-,in,Summer,0,Eredivisie,2012,2012/2013
Feyenoord Rotterdam,Matthew Steenvoorden,19,Centre-Back,Feyenoord U19,-,in,Summer,0,Eredivisie,2012,2012/2013
Feyenoord Rotterdam,Anass Achahbar,18,Attacking Midfield,Feyenoord U19,-,in,Summer,0,Eredivisie,2012,2012/2013
Feyenoord Rotterdam,Terence Kongolo,18,Centre-Back,Feyenoord U19,-,in,Summer,0,Eredivisie,2012,2012/2013
Feyenoord Rotterdam,Shabir Isoufi,20,Attacking Midfield,FC Dordrecht,"End of loanJun 30, 2012",in,Summer,0,Eredivisie,2012,2012/2013
Feyenoord Rotterdam,Bart Schenkeveld,20,Centre-Back,Excelsior,"End of loanJun 30, 2012",in,Summer,0,Eredivisie,2012,2012/2013
Feyenoord Rotterdam,Adil Auassar,25,Defensive Midfield,RKC Waalwijk,"End of loanJun 30, 2012",in,Summer,0,Eredivisie,2012,2012/2013
Feyenoord Rotterdam,Ron Vlaar,27,Centre-Back,Aston Villa,£3.42m,out,Summer,3.42,Eredivisie,2012,2012/2013
Feyenoord Rotterdam,Karim El Ahmadi,27,Defensive Midfield,Aston Villa,£2.52m,out,Summer,2.52,Eredivisie,2012,2012/2013
Feyenoord Rotterdam,Bart Schenkeveld,20,Centre-Back,Heracles Almelo,£90Th.,out,Summer,0.09,Eredivisie,2012,2012/2013
Feyenoord Rotterdam,Adil Auassar,25,Defensive Midfield,De Graafschap,free transfer,out,Summer,NA,Eredivisie,2012,2012/2013
Feyenoord Rotterdam,Ricky van Haaren,21,Central Midfield,VVV-Venlo,free transfer,out,Summer,NA,Eredivisie,2012,2012/2013
Feyenoord Rotterdam,Dani Fernández,29,Right-Back,KRC Genk,free transfer,out,Summer,NA,Eredivisie,2012,2012/2013
Feyenoord Rotterdam,Darley,22,Goalkeeper,Náutico,free transfer,out,Summer,NA,Eredivisie,2012,2012/2013
Feyenoord Rotterdam,Matthew Steenvoorden,19,Centre-Back,Excelsior,loan transfer,out,Summer,NA,Eredivisie,2012,2012/2013
Feyenoord Rotterdam,Jerson Cabral,21,Left Winger,Twente FC,?,out,Summer,NA,Eredivisie,2012,2012/2013
Feyenoord Rotterdam,Shabir Isoufi,20,Attacking Midfield,Telstar,loan transfer,out,Summer,NA,Eredivisie,2012,2012/2013
Feyenoord Rotterdam,Gill Swerts,29,Right-Back,Without Club,-,out,Summer,0,Eredivisie,2012,2012/2013
Feyenoord Rotterdam,Otman Bakkal,27,Attacking Midfield,PSV Eindhoven,"End of loanJun 30, 2012",out,Summer,0,Eredivisie,2012,2012/2013
Feyenoord Rotterdam,John Guidetti,20,Centre-Forward,Man City,"End of loanJun 30, 2012",out,Summer,0,Eredivisie,2012,2012/2013
PSV Eindhoven,Luciano Narsingh,21,Right Winger,Heerenveen,£3.69m,in,Summer,3.69,Eredivisie,2012,2012/2013
PSV Eindhoven,Przemyslaw Tyton,25,Goalkeeper,Roda JC,£2.25m,in,Summer,2.25,Eredivisie,2012,2012/2013
PSV Eindhoven,Mark van Bommel,35,Defensive Midfield,AC Milan,free transfer,in,Summer,NA,Eredivisie,2012,2012/2013
PSV Eindhoven,Ruud Swinkels,25,Goalkeeper,FC Eindhoven,free transfer,in,Summer,NA,Eredivisie,2012,2012/2013
PSV Eindhoven,Boy Waterman,28,Goalkeeper,Alem. Aachen,free transfer,in,Summer,NA,Eredivisie,2012,2012/2013
PSV Eindhoven,Zanka,22,Centre-Back,FC Copenhagen,free transfer,in,Summer,NA,Eredivisie,2012,2012/2013
PSV Eindhoven,Peter van Ooijen,20,Left Winger,PSV U21,-,in,Summer,0,Eredivisie,2012,2012/2013
PSV Eindhoven,Jürgen Locadia,18,Centre-Forward,PSV U21,-,in,Summer,0,Eredivisie,2012,2012/2013
PSV Eindhoven,Género Zeefuik,22,Centre-Forward,NEC Nijmegen,"End of loanJun 30, 2012",in,Summer,0,Eredivisie,2012,2012/2013
PSV Eindhoven,Otman Bakkal,27,Attacking Midfield,Feyenoord,"End of loanJun 30, 2012",in,Summer,0,Eredivisie,2012,2012/2013
PSV Eindhoven,Jagos Vukovic,24,Centre-Back,Roda JC,"End of loanJun 30, 2012",in,Summer,0,Eredivisie,2012,2012/2013
PSV Eindhoven,Stef Nijland,23,Attacking Midfield,NEC Nijmegen,"End of loanJun 30, 2012",in,Summer,0,Eredivisie,2012,2012/2013
PSV Eindhoven,Zakaria Labyad,19,Attacking Midfield,Sporting CP,£810Th.,out,Summer,0.81,Eredivisie,2012,2012/2013
PSV Eindhoven,Género Zeefuik,22,Centre-Forward,FC Groningen,£495Th.,out,Summer,0.495,Eredivisie,2012,2012/2013
PSV Eindhoven,Otman Bakkal,27,Attacking Midfield,Dinamo Moscow,free transfer,out,Summer,NA,Eredivisie,2012,2012/2013
PSV Eindhoven,Stijn Wuytens,22,Centre-Back,Beerschot AC,free transfer,out,Summer,NA,Eredivisie,2012,2012/2013
PSV Eindhoven,Khalid Sinouh,37,Goalkeeper,NEC Nijmegen,free transfer,out,Summer,NA,Eredivisie,2012,2012/2013
PSV Eindhoven,Andreas Isaksson,30,Goalkeeper,Kasimpasa,free transfer,out,Summer,NA,Eredivisie,2012,2012/2013
PSV Eindhoven,Funso Ojo,20,Central Midfield,Beerschot AC,free transfer,out,Summer,NA,Eredivisie,2012,2012/2013
PSV Eindhoven,Abel Tamata,21,Left-Back,Roda JC,loan transfer,out,Summer,NA,Eredivisie,2012,2012/2013
PSV Eindhoven,Stef Nijland,23,Attacking Midfield,PSV U21,-,out,Summer,0,Eredivisie,2012,2012/2013
PSV Eindhoven,Jan Vennegoor of Hesselink,33,Centre-Forward,Retired,-,out,Summer,0,Eredivisie,2012,2012/2013
PSV Eindhoven,Przemyslaw Tyton,25,Goalkeeper,Roda JC,"End of loanJun 30, 2012",out,Summer,0,Eredivisie,2012,2012/2013
AZ Alkmaar,Markus Henriksen,20,Central Midfield,Rosenborg,£1.80m,in,Summer,1.8,Eredivisie,2012,2012/2013
AZ Alkmaar,Steven Berghuis,20,Right Winger,Twente FC,£450Th.,in,Summer,0.45,Eredivisie,2012,2012/2013
AZ Alkmaar,Donny Gorter,24,Left-Back,NAC Breda,£315Th.,in,Summer,0.315,Eredivisie,2012,2012/2013
AZ Alkmaar,Yves De Winter,25,Goalkeeper,De Graafschap,£180Th.,in,Summer,0.18,Eredivisie,2012,2012/2013
AZ Alkmaar,Viktor Elm,26,Centre-Back,Heerenveen,free transfer,in,Summer,NA,Eredivisie,2012,2012/2013
AZ Alkmaar,Mikhail Rosheuvel,21,Right Winger,Almere City,free transfer,in,Summer,NA,Eredivisie,2012,2012/2013
AZ Alkmaar,Ridgeciano Haps,19,Left-Back,AZ Alkmaar U19,-,in,Summer,0,Eredivisie,2012,2012/2013
AZ Alkmaar,Thomas Lam,18,Centre-Back,AZ Alkmaar U19,-,in,Summer,0,Eredivisie,2012,2012/2013
AZ Alkmaar,Thom Haye,17,Defensive Midfield,AZ Alkmaar U19,-,in,Summer,0,Eredivisie,2012,2012/2013
AZ Alkmaar,Robert Klaasen,18,Defensive Midfield,AZ Alkmaar U19,-,in,Summer,0,Eredivisie,2012,2012/2013
AZ Alkmaar,Terell Ondaan,18,Right Winger,AZ Alkmaar U19,-,in,Summer,0,Eredivisie,2012,2012/2013
AZ Alkmaar,Jeffrey Ket,19,Centre-Back,AZ Alkmaar U21,-,in,Summer,0,Eredivisie,2012,2012/2013
AZ Alkmaar,Milan Hoek,20,Central Midfield,AZ Alkmaar U21,-,in,Summer,0,Eredivisie,2012,2012/2013
AZ Alkmaar,Milano Koenders,25,Centre-Back,NAC Breda,"End of loanJun 30, 2012",in,Summer,0,Eredivisie,2012,2012/2013
AZ Alkmaar,Rasmus Elm,24,Central Midfield,CSKA Moscow,£5.40m,out,Summer,5.4,Eredivisie,2012,2012/2013
AZ Alkmaar,Niklas Moisander,26,Centre-Back,Ajax,£3.60m,out,Summer,3.6,Eredivisie,2012,2012/2013
AZ Alkmaar,Charlison Benschop,22,Centre-Forward,Stade Brestois,£1.13m,out,Summer,1.13,Eredivisie,2012,2012/2013
AZ Alkmaar,Ragnar Klavan,26,Centre-Back,FC Augsburg,£225Th.,out,Summer,0.225,Eredivisie,2012,2012/2013
AZ Alkmaar,Brett Holman,28,Attacking Midfield,Aston Villa,free transfer,out,Summer,NA,Eredivisie,2012,2012/2013
AZ Alkmaar,Simon Poulsen,27,Left-Back,Sampdoria,free transfer,out,Summer,NA,Eredivisie,2012,2012/2013
AZ Alkmaar,Niki Mäenpää,27,Goalkeeper,VVV-Venlo,free transfer,out,Summer,NA,Eredivisie,2012,2012/2013
AZ Alkmaar,Erik Schouten,20,Centre-Back,FC Volendam,free transfer,out,Summer,NA,Eredivisie,2012,2012/2013
AZ Alkmaar,Milano Koenders,25,Centre-Back,Heracles Almelo,free transfer,out,Summer,NA,Eredivisie,2012,2012/2013
SC Heerenveen,Jukka Raitala,23,Left-Back,TSG Hoffenheim,£720Th.,in,Summer,0.72,Eredivisie,2012,2012/2013
SC Heerenveen,Marco Pappa,24,Left Winger,Chicago,£630Th.,in,Summer,0.63,Eredivisie,2012,2012/2013
SC Heerenveen,Alfred Finnbogason,23,Centre-Forward,KSC Lokeren,£450Th.,in,Summer,0.45,Eredivisie,2012,2012/2013
SC Heerenveen,Mark Uth,20,Second Striker,1. FC Köln,free transfer,in,Summer,NA,Eredivisie,2012,2012/2013
SC Heerenveen,Christian Kum,26,Centre-Back,ADO Den Haag,free transfer,in,Summer,NA,Eredivisie,2012,2012/2013
SC Heerenveen,Marten de Roon,21,Defensive Midfield,Sparta R.,free transfer,in,Summer,NA,Eredivisie,2012,2012/2013
SC Heerenveen,Daniël de Ridder,28,Left Winger,Grasshoppers,free transfer,in,Summer,NA,Eredivisie,2012,2012/2013
SC Heerenveen,Gianni Zuiverloon,25,Centre-Back,RCD Mallorca,loan transfer,in,Summer,NA,Eredivisie,2012,2012/2013
SC Heerenveen,Joey van den Berg,26,Defensive Midfield,PEC Zwolle,?,in,Summer,NA,Eredivisie,2012,2012/2013
SC Heerenveen,Matthew Amoah,31,attack,Mersin IY,?,in,Summer,NA,Eredivisie,2012,2012/2013
SC Heerenveen,Lukas Marecek,22,Defensive Midfield,RSC Anderlecht,loan transfer,in,Summer,NA,Eredivisie,2012,2012/2013
SC Heerenveen,Hakim Ziyech,19,Attacking Midfield,Heerenveen U19,-,in,Summer,0,Eredivisie,2012,2012/2013
SC Heerenveen,Oussama Tannane,18,Attacking Midfield,H'veen/Emmen II,-,in,Summer,0,Eredivisie,2012,2012/2013
SC Heerenveen,Kenny Otigba,19,Centre-Back,H'veen/Emmen II,-,in,Summer,0,Eredivisie,2012,2012/2013
SC Heerenveen,René Oosterhof,22,Goalkeeper,AGOVV,"End of loanJun 30, 2012",in,Summer,0,Eredivisie,2012,2012/2013
SC Heerenveen,Youssef El Akchaoui,31,Left-Back,NAC Breda,"End of loanJun 30, 2012",in,Summer,0,Eredivisie,2012,2012/2013
SC Heerenveen,Richard Stolte,22,Left Midfield,Fortuna Sittard,"End of loanJun 30, 2012",in,Summer,0,Eredivisie,2012,2012/2013
SC Heerenveen,Bas Dost,23,Centre-Forward,VfL Wolfsburg,£6.30m,out,Summer,6.3,Eredivisie,2012,2012/2013
SC Heerenveen,Luciano Narsingh,21,Right Winger,PSV Eindhoven,£3.69m,out,Summer,3.69,Eredivisie,2012,2012/2013
SC Heerenveen,Oussama Assaidi,24,Left Winger,Liverpool,£3.60m,out,Summer,3.6,Eredivisie,2012,2012/2013
SC Heerenveen,Michel Breuer,32,Centre-Back,NEC Nijmegen,free transfer,out,Summer,NA,Eredivisie,2012,2012/2013
SC Heerenveen,Viktor Elm,26,Centre-Back,AZ Alkmaar,free transfer,out,Summer,NA,Eredivisie,2012,2012/2013
SC Heerenveen,Geert Arend Roorda,24,Attacking Midfield,NEC Nijmegen,free transfer,out,Summer,NA,Eredivisie,2012,2012/2013
SC Heerenveen,Milan Kopic,26,Centre-Back,Slo. Bratislava,free transfer,out,Summer,NA,Eredivisie,2012,2012/2013
SC Heerenveen,Richard Stolte,22,Left Midfield,Excelsior,free transfer,out,Summer,NA,Eredivisie,2012,2012/2013
SC Heerenveen,Daryl Janmaat,22,Centre-Back,Feyenoord,free transfer,out,Summer,NA,Eredivisie,2012,2012/2013
SC Heerenveen,Tobias Kainz,19,Defensive Midfield,Sturm Graz,free transfer,out,Summer,NA,Eredivisie,2012,2012/2013
SC Heerenveen,Michal Svec,25,Centre-Back,ETO FC Győr,?,out,Summer,NA,Eredivisie,2012,2012/2013
SC Heerenveen,René Oosterhof,22,Goalkeeper,AGOVV,?,out,Summer,NA,Eredivisie,2012,2012/2013
SC Heerenveen,Quenten Martinus,21,Left Winger,Sparta R.,loan transfer,out,Summer,NA,Eredivisie,2012,2012/2013
SC Heerenveen,Gerald Sibon,38,Centre-Forward,Retired,-,out,Summer,0,Eredivisie,2012,2012/2013
SC Heerenveen,Mitja Resek,21,Left-Back,NK Maribor,"End of loanJun 30, 2012",out,Summer,0,Eredivisie,2012,2012/2013
Twente Enschede FC,Luc Castaignos,19,Centre-Forward,Inter,£5.40m,in,Summer,5.4,Eredivisie,2012,2012/2013
Twente Enschede FC,Dusan Tadic,23,Left Winger,FC Groningen,£4.95m,in,Summer,4.95,Eredivisie,2012,2012/2013
Twente Enschede FC,Andreas Bjelland,23,Centre-Back,Nordsjaelland,£2.52m,in,Summer,2.52,Eredivisie,2012,2012/2013
Twente Enschede FC,Felipe Gutiérrez,21,Central Midfield,CDUC,£2.52m,in,Summer,2.52,Eredivisie,2012,2012/2013
Twente Enschede FC,Robbert Schilder,26,Centre-Back,NAC Breda,£810Th.,in,Summer,0.81,Eredivisie,2012,2012/2013
Twente Enschede FC,Dmitri Bulykin,32,Centre-Forward,Ajax,free transfer,in,Summer,NA,Eredivisie,2012,2012/2013
Twente Enschede FC,Tim Breukers,24,Right-Back,Heracles Almelo,free transfer,in,Summer,NA,Eredivisie,2012,2012/2013
Twente Enschede FC,Edson Braafheid,29,Left-Back,TSG Hoffenheim,loan transfer,in,Summer,NA,Eredivisie,2012,2012/2013
Twente Enschede FC,Jerson Cabral,21,Left Winger,Feyenoord,?,in,Summer,NA,Eredivisie,2012,2012/2013
Twente Enschede FC,Dedryck Boyata,21,Centre-Back,Man City,loan transfer,in,Summer,NA,Eredivisie,2012,2012/2013
Twente Enschede FC,Nils Röseler,20,Centre-Back,FC Twente U21,-,in,Summer,0,Eredivisie,2012,2012/2013
Twente Enschede FC,Steven Berghuis,20,Right Winger,VVV-Venlo,"End of loanJun 30, 2012",in,Summer,0,Eredivisie,2012,2012/2013
Twente Enschede FC,Alexander Bannink,22,Attacking Midfield,PEC Zwolle,"End of loanJun 30, 2012",in,Summer,0,Eredivisie,2012,2012/2013
Twente Enschede FC,Luuk de Jong,21,Centre-Forward,Bor. M'gladbach,£10.80m,out,Summer,10.8,Eredivisie,2012,2012/2013
Twente Enschede FC,Ola John,20,Left Winger,Benfica,£10.80m,out,Summer,10.8,Eredivisie,2012,2012/2013
Twente Enschede FC,Steven Berghuis,20,Right Winger,AZ Alkmaar,£450Th.,out,Summer,0.45,Eredivisie,2012,2012/2013
Twente Enschede FC,Bart Buysse,25,Left-Back,Club Brugge,free transfer,out,Summer,NA,Eredivisie,2012,2012/2013
Twente Enschede FC,Alexander Bannink,22,Attacking Midfield,FC Emmen,free transfer,out,Summer,NA,Eredivisie,2012,2012/2013
Twente Enschede FC,Nick Marsman,21,Goalkeeper,Go Ahead Eagles,loan transfer,out,Summer,NA,Eredivisie,2012,2012/2013
Twente Enschede FC,Emir Bajrami,24,Right Winger,Monaco,loan transfer,out,Summer,NA,Eredivisie,2012,2012/2013
Twente Enschede FC,Wesley Verhoek,25,Right Winger,Feyenoord,?,out,Summer,NA,Eredivisie,2012,2012/2013
Twente Enschede FC,Glynor Plet,25,Centre-Forward,KRC Genk,loan transfer,out,Summer,NA,Eredivisie,2012,2012/2013
Twente Enschede FC,Nils Röseler,20,Centre-Back,VVV-Venlo,loan transfer,out,Summer,NA,Eredivisie,2012,2012/2013
Twente Enschede FC,Joshua John,23,Left Winger,Nordsjaelland,loan transfer,out,Summer,NA,Eredivisie,2012,2012/2013
Twente Enschede FC,Thilo Leugers,21,Defensive Midfield,NAC Breda,loan transfer,out,Summer,NA,Eredivisie,2012,2012/2013
Twente Enschede FC,Dwight Tiendalli,26,Right-Back,Without Club,-,out,Summer,0,Eredivisie,2012,2012/2013
Vitesse Arnhem,Nikola Aksentijevic,19,Right-Back,Partizan,£1.80m,in,Summer,1.8,Eredivisie,2012,2012/2013
Vitesse Arnhem,Theo Janssen,31,Central Midfield,Ajax,£495Th.,in,Summer,0.495,Eredivisie,2012,2012/2013
Vitesse Arnhem,Dan Mori,23,Centre-Back,Bnei Yehuda,free transfer,in,Summer,NA,Eredivisie,2012,2012/2013
Vitesse Arnhem,Simon Cziommer,31,Central Midfield,RB Salzburg,free transfer,in,Summer,NA,Eredivisie,2012,2012/2013
Vitesse Arnhem,Gaël Kakuta,21,Attacking Midfield,Chelsea,loan transfer,in,Summer,NA,Eredivisie,2012,2012/2013
Vitesse Arnhem,Marcus Pedersen,22,Centre-Forward,Vålerenga,"End of loanJul 31, 2012",in,Summer,0,Eredivisie,2012,2012/2013
Vitesse Arnhem,Genaro Snijders,22,Right Winger,Willem II,"End of loanJun 30, 2012",in,Summer,0,Eredivisie,2012,2012/2013
Vitesse Arnhem,Alexander Büttner,23,Left-Back,Man Utd,£4.50m,out,Summer,4.5,Eredivisie,2012,2012/2013
Vitesse Arnhem,Mart Lieder,22,Centre-Forward,RKC Waalwijk,£45Th.,out,Summer,0.045,Eredivisie,2012,2012/2013
Vitesse Arnhem,Raio Piiroja,33,Centre-Back,FC Flora,free transfer,out,Summer,NA,Eredivisie,2012,2012/2013
Vitesse Arnhem,Stanley Aborah,25,Central Midfield,NS Mura,free transfer,out,Summer,NA,Eredivisie,2012,2012/2013
Vitesse Arnhem,Genaro Snijders,22,Right Winger,Willem II,free transfer,out,Summer,NA,Eredivisie,2012,2012/2013
Vitesse Arnhem,Kevin van Diermen,23,Centre-Back,Excelsior,free transfer,out,Summer,NA,Eredivisie,2012,2012/2013
Vitesse Arnhem,Jeroen Drost,25,Left-Back,De Graafschap,free transfer,out,Summer,NA,Eredivisie,2012,2012/2013
Vitesse Arnhem,Marcus Pedersen,22,Centre-Forward,Odense BK,loan transfer,out,Summer,NA,Eredivisie,2012,2012/2013
Vitesse Arnhem,Julian Jenner,28,Right Winger,Without Club,-,out,Summer,0,Eredivisie,2012,2012/2013
Vitesse Arnhem,Anthony Annan,25,Defensive Midfield,FC Schalke 04,"End of loanJun 30, 2012",out,Summer,0,Eredivisie,2012,2012/2013
Vitesse Arnhem,Ulises Dávila,21,Second Striker,Chelsea,"End of loanJun 30, 2012",out,Summer,0,Eredivisie,2012,2012/2013
NEC Nijmegen,Sören Rieks,25,Left Winger,Esbjerg fB,£270Th.,in,Summer,0.27,Eredivisie,2012,2012/2013
NEC Nijmegen,Michel Breuer,32,Centre-Back,Heerenveen,free transfer,in,Summer,NA,Eredivisie,2012,2012/2013
NEC Nijmegen,Evander Sno,25,Defensive Midfield,RKC Waalwijk,free transfer,in,Summer,NA,Eredivisie,2012,2012/2013
NEC Nijmegen,Khalid Sinouh,37,Goalkeeper,PSV Eindhoven,free transfer,in,Summer,NA,Eredivisie,2012,2012/2013
NEC Nijmegen,Stijn de Looijer,20,Central Midfield,FC Den Bosch,free transfer,in,Summer,NA,Eredivisie,2012,2012/2013
NEC Nijmegen,Geert Arend Roorda,24,Attacking Midfield,Heerenveen,free transfer,in,Summer,NA,Eredivisie,2012,2012/2013
NEC Nijmegen,Marcel Stutter,24,Central Midfield,SV Holzwickede,free transfer,in,Summer,NA,Eredivisie,2012,2012/2013
NEC Nijmegen,Admir Bajrovic,16,Centre-Forward,Trollhättan,?,in,Summer,NA,Eredivisie,2012,2012/2013
NEC Nijmegen,Danny van den Meiracker,23,Centre-Forward,Spakenburg,?,in,Summer,NA,Eredivisie,2012,2012/2013
NEC Nijmegen,Kelle Roos,20,Goalkeeper,Willem II U21,?,in,Summer,NA,Eredivisie,2012,2012/2013
NEC Nijmegen,Victor Pálsson,21,Defensive Midfield,New York,loan transfer,in,Summer,NA,Eredivisie,2012,2012/2013
NEC Nijmegen,Daan Disveld,18,Centre-Back,NEC U19,-,in,Summer,0,Eredivisie,2012,2012/2013
NEC Nijmegen,Jordy Tutuarima,19,Left-Back,NEC U19,-,in,Summer,0,Eredivisie,2012,2012/2013
NEC Nijmegen,Erton Fejzullahu,24,Centre-Forward,Mjällby AIF,"End of loanJul 31, 2012",in,Summer,0,Eredivisie,2012,2012/2013
NEC Nijmegen,Rick ten Voorde,21,Centre-Forward,RKC Waalwijk,"End of loanJun 30, 2012",in,Summer,0,Eredivisie,2012,2012/2013
NEC Nijmegen,Bram Nuytinck,22,Centre-Back,RSC Anderlecht,£1.58m,out,Summer,1.58,Eredivisie,2012,2012/2013
NEC Nijmegen,Erton Fejzullahu,24,Centre-Forward,Djurgarden,£315Th.,out,Summer,0.315,Eredivisie,2012,2012/2013
NEC Nijmegen,Zoltán Szélesi,30,Right-Back,Újpest FC,free transfer,out,Summer,NA,Eredivisie,2012,2012/2013
NEC Nijmegen,Marco van Duin,25,Goalkeeper,Sparta R.,free transfer,out,Summer,NA,Eredivisie,2012,2012/2013
NEC Nijmegen,Lasse Schöne,26,Defensive Midfield,Ajax,free transfer,out,Summer,NA,Eredivisie,2012,2012/2013
NEC Nijmegen,Erwin Stadhouders,20,Right-Back,Achilles '29,free transfer,out,Summer,NA,Eredivisie,2012,2012/2013
NEC Nijmegen,John Goossens,23,Defensive Midfield,Feyenoord,free transfer,out,Summer,NA,Eredivisie,2012,2012/2013
NEC Nijmegen,Caifano Latupeirissa,21,Left Winger,FC Oss,loan transfer,out,Summer,NA,Eredivisie,2012,2012/2013
NEC Nijmegen,Krisztián Vadócz,27,Central Midfield,Without Club,-,out,Summer,0,Eredivisie,2012,2012/2013
NEC Nijmegen,Cees Paauwe,34,Goalkeeper,Retired,-,out,Summer,0,Eredivisie,2012,2012/2013
NEC Nijmegen,Niels Wellenberg,29,Right-Back,Retired,-,out,Summer,0,Eredivisie,2012,2012/2013
NEC Nijmegen,Género Zeefuik,22,Centre-Forward,PSV Eindhoven,"End of loanJun 30, 2012",out,Summer,0,Eredivisie,2012,2012/2013
NEC Nijmegen,Stef Nijland,23,Attacking Midfield,PSV Eindhoven,"End of loanJun 30, 2012",out,Summer,0,Eredivisie,2012,2012/2013
RKC Waalwijk,Teddy Chevalier,25,Centre-Forward,Zulte Waregem,£90Th.,in,Summer,0.09,Eredivisie,2012,2012/2013
RKC Waalwijk,Mart Lieder,22,Centre-Forward,Vitesse,£45Th.,in,Summer,0.045,Eredivisie,2012,2012/2013
RKC Waalwijk,Richard Barroilhet,19,Right Winger,Fulham FC U21,free transfer,in,Summer,NA,Eredivisie,2012,2012/2013
RKC Waalwijk,Imad Najah,21,Central Midfield,PSV U21,free transfer,in,Summer,NA,Eredivisie,2012,2012/2013
RKC Waalwijk,Theo Lucius,35,Defensive Midfield,FC Eindhoven,free transfer,in,Summer,NA,Eredivisie,2012,2012/2013
RKC Waalwijk,Nourdin Boukhari,32,Attacking Midfield,NAC Breda,free transfer,in,Summer,NA,Eredivisie,2012,2012/2013
RKC Waalwijk,Peter Jungschläger,28,Central Midfield,Gold Coast Utd.,free transfer,in,Summer,NA,Eredivisie,2012,2012/2013
RKC Waalwijk,Florian Jozefzoon,21,Right Winger,Ajax,free transfer,in,Summer,NA,Eredivisie,2012,2012/2013
RKC Waalwijk,Denzel Slager,19,Right Winger,FC Utrecht U19,?,in,Summer,NA,Eredivisie,2012,2012/2013
RKC Waalwijk,Rodney Sneijder,21,Central Midfield,Ajax U21,?,in,Summer,NA,Eredivisie,2012,2012/2013
RKC Waalwijk,Michael Lamey,32,Right-Back,Without Club,-,in,Summer,0,Eredivisie,2012,2012/2013
RKC Waalwijk,Karim Fachtali,24,Centre-Forward,Go Ahead Eagles,"End of loanJun 30, 2012",in,Summer,0,Eredivisie,2012,2012/2013
RKC Waalwijk,Krisztián Németh,23,Centre-Forward,Roda JC,free transfer,out,Summer,NA,Eredivisie,2012,2012/2013
RKC Waalwijk,Karim Fachtali,24,Centre-Forward,Kaysar,free transfer,out,Summer,NA,Eredivisie,2012,2012/2013
RKC Waalwijk,Evander Sno,25,Defensive Midfield,NEC Nijmegen,free transfer,out,Summer,NA,Eredivisie,2012,2012/2013
RKC Waalwijk,Mitchell Schet,24,Right Winger,FC Groningen,free transfer,out,Summer,NA,Eredivisie,2012,2012/2013
RKC Waalwijk,Aaron Meijers,24,Left-Back,ADO Den Haag,free transfer,out,Summer,NA,Eredivisie,2012,2012/2013
RKC Waalwijk,Furkan Alakmak,20,Left Winger,FC Eindhoven,loan transfer,out,Summer,NA,Eredivisie,2012,2012/2013
RKC Waalwijk,Roald van Hout,24,Right Winger,Sparta R.,?,out,Summer,NA,Eredivisie,2012,2012/2013
RKC Waalwijk,Karim Bridji,30,Attacking Midfield,Without Club,-,out,Summer,0,Eredivisie,2012,2012/2013
RKC Waalwijk,Theo Lucius,35,Defensive Midfield,Without Club,-,out,Summer,0,Eredivisie,2012,2012/2013
RKC Waalwijk,Rick ten Voorde,21,Centre-Forward,NEC Nijmegen,"End of loanJun 30, 2012",out,Summer,0,Eredivisie,2012,2012/2013
RKC Waalwijk,Geoffrey Castillion,21,Centre-Forward,Ajax U21,"End of loanJun 30, 2012",out,Summer,0,Eredivisie,2012,2012/2013
RKC Waalwijk,Adil Auassar,25,Defensive Midfield,Feyenoord,"End of loanJun 30, 2012",out,Summer,0,Eredivisie,2012,2012/2013
Roda JC Kerkrade,Filip Kurto,21,Goalkeeper,Wisla Kraków,free transfer,in,Summer,NA,Eredivisie,2012,2012/2013
Roda JC Kerkrade,Tamás Kádár,22,Centre-Back,Newcastle,free transfer,in,Summer,NA,Eredivisie,2012,2012/2013
Roda JC Kerkrade,Krisztián Németh,23,Centre-Forward,RKC Waalwijk,free transfer,in,Summer,NA,Eredivisie,2012,2012/2013
Roda JC Kerkrade,Mikolaj Lebedynski,21,Attacking Midfield,Pogon Szczecin,£9Th.,in,Summer,0.009,Eredivisie,2012,2012/2013
Roda JC Kerkrade,Abel Tamata,21,Left-Back,PSV Eindhoven,loan transfer,in,Summer,NA,Eredivisie,2012,2012/2013
Roda JC Kerkrade,Danilo Pereira,20,Defensive Midfield,Parma,loan transfer,in,Summer,NA,Eredivisie,2012,2012/2013
Roda JC Kerkrade,Amin Affane,18,Attacking Midfield,Chelsea,loan transfer,in,Summer,NA,Eredivisie,2012,2012/2013
Roda JC Kerkrade,Aleksandar Stankov,21,Second Striker,FC Oss,"End of loanJun 30, 2012",in,Summer,0,Eredivisie,2012,2012/2013
Roda JC Kerkrade,Przemyslaw Tyton,25,Goalkeeper,PSV Eindhoven,"End of loanJun 30, 2012",in,Summer,0,Eredivisie,2012,2012/2013
Roda JC Kerkrade,Antonio Stankov,21,Right-Back,FC Oss,"End of loanJun 30, 2012",in,Summer,0,Eredivisie,2012,2012/2013
Roda JC Kerkrade,Przemyslaw Tyton,25,Goalkeeper,PSV Eindhoven,£2.25m,out,Summer,2.25,Eredivisie,2012,2012/2013
Roda JC Kerkrade,Mads Junker,31,Centre-Forward,KV Mechelen,free transfer,out,Summer,NA,Eredivisie,2012,2012/2013
Roda JC Kerkrade,Kenneth Staelens,21,Left Midfield,Esp. Neerpelt,free transfer,out,Summer,NA,Eredivisie,2012,2012/2013
Roda JC Kerkrade,Ruud Vormer,24,Central Midfield,Feyenoord,free transfer,out,Summer,NA,Eredivisie,2012,2012/2013
Roda JC Kerkrade,Leon Broekhof,24,Centre-Back,SC Cambuur,free transfer,out,Summer,NA,Eredivisie,2012,2012/2013
Roda JC Kerkrade,Antonio Stankov,21,Right-Back,MVV Maastricht,free transfer,out,Summer,NA,Eredivisie,2012,2012/2013
Roda JC Kerkrade,Wiljan Pluim,23,Attacking Midfield,PEC Zwolle,loan transfer,out,Summer,NA,Eredivisie,2012,2012/2013
Roda JC Kerkrade,Aleksandar Stankov,21,Second Striker,Without Club,-,out,Summer,0,Eredivisie,2012,2012/2013
Roda JC Kerkrade,Pawel Kieszek,28,Goalkeeper,FC Porto,"End of loanJun 30, 2012",out,Summer,0,Eredivisie,2012,2012/2013
Roda JC Kerkrade,Mikolaj Lebedynski,21,Attacking Midfield,Pogon Szczecin,"End of loanJun 30, 2012",out,Summer,0,Eredivisie,2012,2012/2013
Roda JC Kerkrade,Jagos Vukovic,24,Centre-Back,PSV Eindhoven,"End of loanJun 30, 2012",out,Summer,0,Eredivisie,2012,2012/2013
FC Utrecht,Robbin Ruiter,25,Goalkeeper,FC Volendam,£450Th.,in,Summer,0.45,Eredivisie,2012,2012/2013
FC Utrecht,Mark Diemers,18,Central Midfield,Gron./Cam. U19,£90Th.,in,Summer,0.09,Eredivisie,2012,2012/2013
FC Utrecht,Jeroen Verhoeven,32,Goalkeeper,Without Club,-,in,Summer,0,Eredivisie,2012,2012/2013
FC Utrecht,Mike van der Hoorn,19,Centre-Back,Utrecht U21,-,in,Summer,0,Eredivisie,2012,2012/2013
FC Utrecht,Yassin Ayoub,18,Central Midfield,FC Utrecht U19,-,in,Summer,0,Eredivisie,2012,2012/2013
FC Utrecht,André Krul,25,Goalkeeper,AGOVV,"End of loanJun 30, 2012",in,Summer,0,Eredivisie,2012,2012/2013
FC Utrecht,Gianluca Nijholt,22,Central Midfield,Almere City,"End of loanJun 30, 2012",in,Summer,0,Eredivisie,2012,2012/2013
FC Utrecht,Bob Schepers,20,Left Winger,SC Cambuur,"End of loanJun 30, 2012",in,Summer,0,Eredivisie,2012,2012/2013
FC Utrecht,Frank Demouge,30,Centre-Forward,Bournemouth,free transfer,out,Summer,NA,Eredivisie,2012,2012/2013
FC Utrecht,Alje Schut,31,Centre-Back,Sundowns,free transfer,out,Summer,NA,Eredivisie,2012,2012/2013
FC Utrecht,André Krul,25,Goalkeeper,Valletta,free transfer,out,Summer,NA,Eredivisie,2012,2012/2013
FC Utrecht,Gianluca Nijholt,22,Central Midfield,Amkar Perm,free transfer,out,Summer,NA,Eredivisie,2012,2012/2013
FC Utrecht,Mark Diemers,18,Central Midfield,SC Cambuur,loan transfer,out,Summer,NA,Eredivisie,2012,2012/2013
FC Utrecht,Gévero Markiet,21,Centre-Back,Utrecht U21,-,out,Summer,0,Eredivisie,2012,2012/2013
FC Utrecht,Mihai Nesu,29,Left-Back,Retired,-,out,Summer,0,Eredivisie,2012,2012/2013
FC Utrecht,Rob van Dijk,43,Goalkeeper,Retired,-,out,Summer,0,Eredivisie,2012,2012/2013
FC Utrecht,Roberto Fernández,24,Goalkeeper,Cerro Porteño,"End of loanJun 30, 2012",out,Summer,0,Eredivisie,2012,2012/2013
FC Utrecht,Rodney Sneijder,21,Central Midfield,Ajax U21,"End of loanJun 30, 2012",out,Summer,0,Eredivisie,2012,2012/2013
Heracles Almelo,Jeroen Veldmate,23,Centre-Back,Sparta R.,£198Th.,in,Summer,0.198,Eredivisie,2012,2012/2013
Heracles Almelo,Bart Schenkeveld,20,Centre-Back,Feyenoord,£90Th.,in,Summer,0.09,Eredivisie,2012,2012/2013
Heracles Almelo,Renze Fij,19,Goalkeeper,Gron./Cam. U21,free transfer,in,Summer,NA,Eredivisie,2012,2012/2013
Heracles Almelo,Dragan Paljic,29,Left Midfield,Wisla Kraków,free transfer,in,Summer,NA,Eredivisie,2012,2012/2013
Heracles Almelo,Christian Dorda,23,Left-Back,Greuther Fürth,free transfer,in,Summer,NA,Eredivisie,2012,2012/2013
Heracles Almelo,Milano Koenders,25,Centre-Back,AZ Alkmaar,free transfer,in,Summer,NA,Eredivisie,2012,2012/2013
Heracles Almelo,Brian van Loo,37,Goalkeeper,FC Groningen,free transfer,in,Summer,NA,Eredivisie,2012,2012/2013
Heracles Almelo,Geoffrey Castillion,21,Centre-Forward,Ajax U21,loan transfer,in,Summer,NA,Eredivisie,2012,2012/2013
Heracles Almelo,Dario Vujicevic,22,Defensive Midfield,Without Club,-,in,Summer,0,Eredivisie,2012,2012/2013
Heracles Almelo,Mark Looms,31,Left-Back,NAC Breda,free transfer,out,Summer,NA,Eredivisie,2012,2012/2013
Heracles Almelo,Olivier ter Horst,23,Centre-Back,Helmond Sport,free transfer,out,Summer,NA,Eredivisie,2012,2012/2013
Heracles Almelo,Anmar Almubaraki,21,Attacking Midfield,FC Emmen,free transfer,out,Summer,NA,Eredivisie,2012,2012/2013
Heracles Almelo,Antoine van der Linden,36,Centre-Back,FC Emmen,free transfer,out,Summer,NA,Eredivisie,2012,2012/2013
Heracles Almelo,Gaby Jallo,23,Left-Back,Willem II,free transfer,out,Summer,NA,Eredivisie,2012,2012/2013
Heracles Almelo,Nick Hengelman,22,Goalkeeper,AGOVV,free transfer,out,Summer,NA,Eredivisie,2012,2012/2013
Heracles Almelo,Darl Douglas,32,Right Winger,Retired,free transfer,out,Summer,NA,Eredivisie,2012,2012/2013
Heracles Almelo,Tim Breukers,24,Right-Back,Twente FC,free transfer,out,Summer,NA,Eredivisie,2012,2012/2013
Heracles Almelo,Dennis Telgenkamp,25,Goalkeeper,SC Cambuur,loan transfer,out,Summer,NA,Eredivisie,2012,2012/2013
NAC Breda,Nadir Ciftci,20,Centre-Forward,Kayserispor,free transfer,in,Summer,NA,Eredivisie,2012,2012/2013
NAC Breda,Mark Looms,31,Left-Back,Heracles Almelo,free transfer,in,Summer,NA,Eredivisie,2012,2012/2013
NAC Breda,Wilko de Vogt,36,Goalkeeper,VVV-Venlo,free transfer,in,Summer,NA,Eredivisie,2012,2012/2013
NAC Breda,Anouar Hadouir,29,Attacking Midfield,Alem. Aachen,free transfer,in,Summer,NA,Eredivisie,2012,2012/2013
NAC Breda,Danny Verbeek,22,Attacking Midfield,Standard Liège,loan transfer,in,Summer,NA,Eredivisie,2012,2012/2013
NAC Breda,Sepp De Roover,27,Right-Back,KSC Lokeren,loan transfer,in,Summer,NA,Eredivisie,2012,2012/2013
NAC Breda,Thilo Leugers,21,Defensive Midfield,Twente FC,loan transfer,in,Summer,NA,Eredivisie,2012,2012/2013
NAC Breda,Tim Coremans,21,Goalkeeper,NAC Breda U21,-,in,Summer,0,Eredivisie,2012,2012/2013
NAC Breda,Elson Hooi,20,Right Winger,NAC Breda U21,-,in,Summer,0,Eredivisie,2012,2012/2013
NAC Breda,Steven Edwards,21,Defensive Midfield,NAC Breda U21,-,in,Summer,0,Eredivisie,2012,2012/2013
NAC Breda,Kenny van der Weg,21,Left-Back,NAC Breda U21,-,in,Summer,0,Eredivisie,2012,2012/2013
NAC Breda,Peter Gommeren,20,Defensive Midfield,NAC Breda U21,-,in,Summer,0,Eredivisie,2012,2012/2013
NAC Breda,Leonardo,29,Second Striker,RB Salzburg,"End of loanJun 30, 2012",in,Summer,0,Eredivisie,2012,2012/2013
NAC Breda,Robbert Schilder,26,Centre-Back,Twente FC,£810Th.,out,Summer,0.81,Eredivisie,2012,2012/2013
NAC Breda,Ömer Bayram,20,Left-Back,Kayserispor,£315Th.,out,Summer,0.315,Eredivisie,2012,2012/2013
NAC Breda,Donny Gorter,24,Left-Back,AZ Alkmaar,£315Th.,out,Summer,0.315,Eredivisie,2012,2012/2013
NAC Breda,Leonardo,29,Second Striker,RB Salzburg,£90Th.,out,Summer,0.09,Eredivisie,2012,2012/2013
NAC Breda,Jordelino Nzita,18,attack,VV UNA U19,free transfer,out,Summer,NA,Eredivisie,2012,2012/2013
NAC Breda,Nourdin Boukhari,32,Attacking Midfield,RKC Waalwijk,free transfer,out,Summer,NA,Eredivisie,2012,2012/2013
NAC Breda,Stefano Seedorf,30,Central Midfield,Without Club,-,out,Summer,0,Eredivisie,2012,2012/2013
NAC Breda,Jimmy van Fessem,36,Goalkeeper,Retired,-,out,Summer,0,Eredivisie,2012,2012/2013
NAC Breda,Milano Koenders,25,Centre-Back,AZ Alkmaar,"End of loanJun 30, 2012",out,Summer,0,Eredivisie,2012,2012/2013
NAC Breda,Youssef El Akchaoui,31,Left-Back,Heerenveen,"End of loanJun 30, 2012",out,Summer,0,Eredivisie,2012,2012/2013
NAC Breda,Jeffrey Sarpong,23,Right Winger,Real Sociedad,"End of loanJun 30, 2012",out,Summer,0,Eredivisie,2012,2012/2013
NAC Breda,Santi Kolk,30,Right Winger,Union Berlin,"End of loanJun 30, 2012",out,Summer,0,Eredivisie,2012,2012/2013
NAC Breda,Roly Bonevacia,20,Central Midfield,Ajax U21,"End of loanJun 30, 2012",out,Summer,0,Eredivisie,2012,2012/2013
NAC Breda,Florian Jozefzoon,21,Right Winger,Ajax,"End of loanJun 30, 2012",out,Summer,0,Eredivisie,2012,2012/2013
FC Groningen,Filip Kostic,19,Left Midfield,Radnicki 1923,£1.13m,in,Summer,1.13,Eredivisie,2012,2012/2013
FC Groningen,Género Zeefuik,22,Centre-Forward,PSV Eindhoven,£495Th.,in,Summer,0.495,Eredivisie,2012,2012/2013
FC Groningen,Stefano Magnasco,19,Right-Back,CDUC,£432Th.,in,Summer,0.432,Eredivisie,2012,2012/2013
FC Groningen,Andraz Kirm,27,Central Midfield,Wisla Kraków,£270Th.,in,Summer,0.27,Eredivisie,2012,2012/2013
FC Groningen,Michael de Leeuw,25,Centre-Forward,De Graafschap,£113Th.,in,Summer,0.113,Eredivisie,2012,2012/2013
FC Groningen,Marco Bizot,21,Goalkeeper,Ajax U21,£113Th.,in,Summer,0.113,Eredivisie,2012,2012/2013
FC Groningen,Timo Letschert,19,Centre-Back,H'veen/Emmen II,free transfer,in,Summer,NA,Eredivisie,2012,2012/2013
FC Groningen,Joey Potveer,19,Goalkeeper,AZ Alkmaar U19,free transfer,in,Summer,NA,Eredivisie,2012,2012/2013
FC Groningen,Mitchell Schet,24,Right Winger,RKC Waalwijk,free transfer,in,Summer,NA,Eredivisie,2012,2012/2013
FC Groningen,Paco van Moorsel,22,Attacking Midfield,FC Den Bosch,free transfer,in,Summer,NA,Eredivisie,2012,2012/2013
FC Groningen,Alexander Christovao,19,Centre-Forward,Gron./Cam. U19,-,in,Summer,0,Eredivisie,2012,2012/2013
FC Groningen,Paulo Francisco,19,Right-Back,Gron./Cam. U19,-,in,Summer,0,Eredivisie,2012,2012/2013
FC Groningen,Jesse Renken,19,Right-Back,Gron./Cam. U19,-,in,Summer,0,Eredivisie,2012,2012/2013
FC Groningen,Robby Holder,19,Left Winger,Gron./Cam. U19,-,in,Summer,0,Eredivisie,2012,2012/2013
FC Groningen,Nick Bakker,19,Centre-Back,Gron./Cam. U21,-,in,Summer,0,Eredivisie,2012,2012/2013
FC Groningen,Hilal Ben Moussa,20,Central Midfield,Gron./Cam. U21,-,in,Summer,0,Eredivisie,2012,2012/2013
FC Groningen,Atilay Batbay,20,Right-Back,Gron./Cam. U21,-,in,Summer,0,Eredivisie,2012,2012/2013
FC Groningen,Yoëll van Nieff,19,Defensive Midfield,Gron./Cam. U19,-,in,Summer,0,Eredivisie,2012,2012/2013
FC Groningen,Stefan van der Lei,19,Goalkeeper,Gron./Cam. U19,-,in,Summer,0,Eredivisie,2012,2012/2013
FC Groningen,Tim Keurntjes,21,Left-Back,Gron./Cam. U21,-,in,Summer,0,Eredivisie,2012,2012/2013
FC Groningen,Henk Bos,19,Central Midfield,Gron./Cam. U21,-,in,Summer,0,Eredivisie,2012,2012/2013
FC Groningen,Luis Pedro,20,Centre-Back,Gron./Cam. U21,loan transfer,in,Summer,NA,Eredivisie,2012,2012/2013
FC Groningen,Femi,27,Defensive Midfield,Bröndby IF,"End of loanJun 30, 2012",in,Summer,0,Eredivisie,2012,2012/2013
FC Groningen,Shkodran Metaj,24,Defensive Midfield,FC Emmen,"End of loanJun 30, 2012",in,Summer,0,Eredivisie,2012,2012/2013
FC Groningen,Dusan Tadic,23,Left Winger,Twente FC,£4.95m,out,Summer,4.95,Eredivisie,2012,2012/2013
FC Groningen,Nicklas Pedersen,24,Centre-Forward,KV Mechelen,£315Th.,out,Summer,0.315,Eredivisie,2012,2012/2013
FC Groningen,Thomas Enevoldsen,24,Second Striker,KV Mechelen,£248Th.,out,Summer,0.248,Eredivisie,2012,2012/2013
FC Groningen,Danny Holla,24,Central Midfield,ADO Den Haag,£151Th.,out,Summer,0.151,Eredivisie,2012,2012/2013
FC Groningen,Shkodran Metaj,24,Defensive Midfield,FC Emmen,free transfer,out,Summer,NA,Eredivisie,2012,2012/2013
FC Groningen,Petter Andersson,27,Central Midfield,FC Midtjylland,free transfer,out,Summer,NA,Eredivisie,2012,2012/2013
FC Groningen,Brian van Loo,37,Goalkeeper,Heracles Almelo,free transfer,out,Summer,NA,Eredivisie,2012,2012/2013
FC Groningen,Koen van de Laak,29,Attacking Midfield,Ajax Cape Town,free transfer,out,Summer,NA,Eredivisie,2012,2012/2013
FC Groningen,Tim Keurntjes,21,Left-Back,SC Cambuur,loan transfer,out,Summer,NA,Eredivisie,2012,2012/2013
FC Groningen,Luis Pedro,20,Centre-Back,SC Veendam,loan transfer,out,Summer,NA,Eredivisie,2012,2012/2013
ADO Den Haag,Rydell Poepon,24,Centre-Forward,De Graafschap,£270Th.,in,Summer,0.27,Eredivisie,2012,2012/2013
ADO Den Haag,Danny Holla,24,Central Midfield,FC Groningen,£151Th.,in,Summer,0.151,Eredivisie,2012,2012/2013
ADO Den Haag,Garry Rodrigues,21,Left Winger,FC Boshuizen,free transfer,in,Summer,NA,Eredivisie,2012,2012/2013
ADO Den Haag,Kevin Jansen,20,Central Midfield,Feyenoord U21,free transfer,in,Summer,NA,Eredivisie,2012,2012/2013
ADO Den Haag,Dion Malone,23,Defensive Midfield,Almere City,free transfer,in,Summer,NA,Eredivisie,2012,2012/2013
ADO Den Haag,Aaron Meijers,24,Left-Back,RKC Waalwijk,free transfer,in,Summer,NA,Eredivisie,2012,2012/2013
ADO Den Haag,Vito Wormgoor,23,Centre-Back,De Graafschap,?,in,Summer,NA,Eredivisie,2012,2012/2013
ADO Den Haag,Giovanni Korte,18,Right Winger,ADO U19,-,in,Summer,0,Eredivisie,2012,2012/2013
ADO Den Haag,Tom Broekhuizen,20,Defensive Midfield,ADO U21,-,in,Summer,0,Eredivisie,2012,2012/2013
ADO Den Haag,Kevin Tano,19,Right Winger,FC Dordrecht,"End of loanJun 30, 2012",in,Summer,0,Eredivisie,2012,2012/2013
ADO Den Haag,Tom Beugelsdijk,21,Centre-Back,FC Dordrecht,"End of loanJun 30, 2012",in,Summer,0,Eredivisie,2012,2012/2013
ADO Den Haag,Donny van der Dussen,20,Defensive Midfield,FC Dordrecht,"End of loanJun 30, 2012",in,Summer,0,Eredivisie,2012,2012/2013
ADO Den Haag,Marc Höcher,27,Right Winger,Willem II,"End of loanJun 30, 2012",in,Summer,0,Eredivisie,2012,2012/2013
ADO Den Haag,Wouter de Vogel,21,Attacking Midfield,FC Dordrecht,"End of loanJun 30, 2012",in,Summer,0,Eredivisie,2012,2012/2013
ADO Den Haag,Giorgio Achterberg,22,Attacking Midfield,FC Dordrecht,"End of loanJun 30, 2012",in,Summer,0,Eredivisie,2012,2012/2013
ADO Den Haag,Lex Immers,26,Attacking Midfield,Feyenoord,£720Th.,out,Summer,0.72,Eredivisie,2012,2012/2013
ADO Den Haag,Ebi Smolarek,31,Centre-Forward,Jagiellonia,free transfer,out,Summer,NA,Eredivisie,2012,2012/2013
ADO Den Haag,Tim de Rijk,20,Central Midfield,Alphense Boys,free transfer,out,Summer,NA,Eredivisie,2012,2012/2013
ADO Den Haag,Christian Kum,26,Centre-Back,Heerenveen,free transfer,out,Summer,NA,Eredivisie,2012,2012/2013
ADO Den Haag,Giorgio Achterberg,22,Attacking Midfield,Scheveningen,free transfer,out,Summer,NA,Eredivisie,2012,2012/2013
ADO Den Haag,Donny van der Dussen,20,Defensive Midfield,RKAVV,free transfer,out,Summer,NA,Eredivisie,2012,2012/2013
ADO Den Haag,Ali Boussaboun,33,Left Winger,Quick DH,free transfer,out,Summer,NA,Eredivisie,2012,2012/2013
ADO Den Haag,Marc Höcher,27,Right Winger,Willem II,free transfer,out,Summer,NA,Eredivisie,2012,2012/2013
ADO Den Haag,Aleksandar Radosavljevic,33,Defensive Midfield,VVV-Venlo,loan transfer,out,Summer,NA,Eredivisie,2012,2012/2013
ADO Den Haag,Ahmed Ammi,31,Right-Back,VVV-Venlo,loan transfer,out,Summer,NA,Eredivisie,2012,2012/2013
ADO Den Haag,Garry Rodrigues,21,Left Winger,FC Dordrecht,loan transfer,out,Summer,NA,Eredivisie,2012,2012/2013
ADO Den Haag,Wouter de Vogel,21,Attacking Midfield,FC Den Bosch,loan transfer,out,Summer,NA,Eredivisie,2012,2012/2013
ADO Den Haag,Filip Luksik,27,Centre-Back,Slo. Bratislava,loan transfer,out,Summer,NA,Eredivisie,2012,2012/2013
ADO Den Haag,Chiró N'Toko,24,Centre-Back,Without Club,-,out,Summer,0,Eredivisie,2012,2012/2013
ADO Den Haag,John Verhoek,23,Centre-Forward,Stade Rennais,"End of loanJun 30, 2012",out,Summer,0,Eredivisie,2012,2012/2013
VVV-Venlo,Yuki Otsu,22,Attacking Midfield,Bor. M'gladbach,£360Th.,in,Summer,0.36,Eredivisie,2012,2012/2013
VVV-Venlo,Jules Reimerink,22,Left Winger,Energie Cottbus,free transfer,in,Summer,NA,Eredivisie,2012,2012/2013
VVV-Venlo,Ricky van Haaren,21,Central Midfield,Feyenoord,free transfer,in,Summer,NA,Eredivisie,2012,2012/2013
VVV-Venlo,Oguzhan Türk,26,Attacking Midfield,SC Cambuur,free transfer,in,Summer,NA,Eredivisie,2012,2012/2013
VVV-Venlo,Niki Mäenpää,27,Goalkeeper,AZ Alkmaar,free transfer,in,Summer,NA,Eredivisie,2012,2012/2013
VVV-Venlo,Marcel Seip,30,Centre-Back,Bradford,free transfer,in,Summer,NA,Eredivisie,2012,2012/2013
VVV-Venlo,Niclas Heimann,21,Goalkeeper,RB Salzburg,free transfer,in,Summer,NA,Eredivisie,2012,2012/2013
VVV-Venlo,Ahmed Ammi,31,Right-Back,ADO Den Haag,loan transfer,in,Summer,NA,Eredivisie,2012,2012/2013
VVV-Venlo,Aleksandar Radosavljevic,33,Defensive Midfield,ADO Den Haag,loan transfer,in,Summer,NA,Eredivisie,2012,2012/2013
VVV-Venlo,Roland Bergkamp,21,Centre-Forward,Brighton,loan transfer,in,Summer,NA,Eredivisie,2012,2012/2013
VVV-Venlo,Travis Cooper,18,Right Winger,C. Coast U21,?,in,Summer,NA,Eredivisie,2012,2012/2013
VVV-Venlo,Jeffrey Altheer,25,Defensive Midfield,Helmond Sport,?,in,Summer,NA,Eredivisie,2012,2012/2013
VVV-Venlo,Guus Joppen,22,Centre-Back,Helmond Sport,?,in,Summer,NA,Eredivisie,2012,2012/2013
VVV-Venlo,Matheus,18,Centre-Back,Coritiba FC B,loan transfer,in,Summer,NA,Eredivisie,2012,2012/2013
VVV-Venlo,Nils Röseler,20,Centre-Back,Twente FC,loan transfer,in,Summer,NA,Eredivisie,2012,2012/2013
VVV-Venlo,Roy Heesen,19,Centre-Back,VVV-Venlo U21,-,in,Summer,0,Eredivisie,2012,2012/2013
VVV-Venlo,Aaron Gielen,19,Central Midfield,VVV/Hel U19,-,in,Summer,0,Eredivisie,2012,2012/2013
VVV-Venlo,Maya Yoshida,24,Centre-Back,Southampton,£2.52m,out,Summer,2.52,Eredivisie,2012,2012/2013
VVV-Venlo,Michael Uchebo,21,Centre-Forward,Cercle Brugge,free transfer,out,Summer,NA,Eredivisie,2012,2012/2013
VVV-Venlo,Dennis Gentenaar,36,Goalkeeper,Almere City,free transfer,out,Summer,NA,Eredivisie,2012,2012/2013
VVV-Venlo,Rogier Molhoek,31,Defensive Midfield,FC Dordrecht,free transfer,out,Summer,NA,Eredivisie,2012,2012/2013
VVV-Venlo,Rick Verbeek,23,Central Midfield,De Treffers,free transfer,out,Summer,NA,Eredivisie,2012,2012/2013
VVV-Venlo,Wilko de Vogt,36,Goalkeeper,NAC Breda,free transfer,out,Summer,NA,Eredivisie,2012,2012/2013
VVV-Venlo,Ken Leemans,29,Defensive Midfield,Hansa Rostock,free transfer,out,Summer,NA,Eredivisie,2012,2012/2013
VVV-Venlo,Ferry de Regt,23,Centre-Back,Helmond Sport,loan transfer,out,Summer,NA,Eredivisie,2012,2012/2013
VVV-Venlo,Quin Kruijsen,21,Central Midfield,Fortuna Sittard,loan transfer,out,Summer,NA,Eredivisie,2012,2012/2013
VVV-Venlo,Alex Nkume,23,Left-Back,Retired,-,out,Summer,0,Eredivisie,2012,2012/2013
VVV-Venlo,Michael Timisela,26,Right-Back,Without Club,-,out,Summer,0,Eredivisie,2012,2012/2013
VVV-Venlo,Andrea Mei,23,Centre-Back,Inter,"End of loanJun 30, 2012",out,Summer,0,Eredivisie,2012,2012/2013
VVV-Venlo,Steven Berghuis,20,Right Winger,Twente FC,"End of loanJun 30, 2012",out,Summer,0,Eredivisie,2012,2012/2013
PEC Zwolle,Youness Mokhtar,20,Left Winger,PSV U21,£68Th.,in,Summer,0.068,Eredivisie,2012,2012/2013
PEC Zwolle,Mike Koenders,20,Centre-Back,FC Emmen,free transfer,in,Summer,NA,Eredivisie,2012,2012/2013
PEC Zwolle,Danny Wintjens,28,Goalkeeper,Fortuna Sittard,free transfer,in,Summer,NA,Eredivisie,2012,2012/2013
PEC Zwolle,Norichio Nieveld,23,Centre-Back,Excelsior,free transfer,in,Summer,NA,Eredivisie,2012,2012/2013
PEC Zwolle,Joost Broerse,33,Centre-Back,Excelsior,free transfer,in,Summer,NA,Eredivisie,2012,2012/2013
PEC Zwolle,Sherwin Grot,21,Centre-Forward,FC Presikhaaf,free transfer,in,Summer,NA,Eredivisie,2012,2012/2013
PEC Zwolle,Mimoun Eloisghiri,22,Centre-Forward,FC Presikhaaf,free transfer,in,Summer,NA,Eredivisie,2012,2012/2013
PEC Zwolle,Ronnie Reniers,24,Right Winger,FC Den Bosch,free transfer,in,Summer,NA,Eredivisie,2012,2012/2013
PEC Zwolle,Denni Avdic,23,Centre-Forward,Werder Bremen,loan transfer,in,Summer,NA,Eredivisie,2012,2012/2013
PEC Zwolle,Giovanni Gravenbeek,24,Central Midfield,Willem II,?,in,Summer,NA,Eredivisie,2012,2012/2013
PEC Zwolle,Wiljan Pluim,23,Attacking Midfield,Roda JC,loan transfer,in,Summer,NA,Eredivisie,2012,2012/2013
PEC Zwolle,Haico Epe,17,Right-Back,PEC Zwolle U19,-,in,Summer,0,Eredivisie,2012,2012/2013
PEC Zwolle,Ibrahim Ikililou,19,Right Winger,PEC Zwolle U19,-,in,Summer,0,Eredivisie,2012,2012/2013
PEC Zwolle,Djeremy Zandvliet,19,Right Winger,PEC Zwolle U19,-,in,Summer,0,Eredivisie,2012,2012/2013
PEC Zwolle,Ricardo Malaihollo,18,Right-Back,PEC Zwolle U19,-,in,Summer,0,Eredivisie,2012,2012/2013
PEC Zwolle,Ricardo Talu,18,Centre-Back,PEC Zwolle U19,-,in,Summer,0,Eredivisie,2012,2012/2013
PEC Zwolle,Fred Benson,28,Centre-Forward,Without Club,-,in,Summer,0,Eredivisie,2012,2012/2013
PEC Zwolle,Rúnar Már Sigurjónsson,22,Central Midfield,Valur,free transfer,out,Summer,NA,Eredivisie,2012,2012/2013
PEC Zwolle,Stanley Mailoa,20,attack,Sportlust '46,free transfer,out,Summer,NA,Eredivisie,2012,2012/2013
PEC Zwolle,Delano van Crooij,21,Goalkeeper,Quick Boys '31,free transfer,out,Summer,NA,Eredivisie,2012,2012/2013
PEC Zwolle,Nassir Maachi,26,Right Winger,AEK Larnaca,free transfer,out,Summer,NA,Eredivisie,2012,2012/2013
PEC Zwolle,Said Bakkati,30,Right-Back,FC Emmen,free transfer,out,Summer,NA,Eredivisie,2012,2012/2013
PEC Zwolle,Joran Pot,23,Defensive Midfield,Go Ahead Eagles,free transfer,out,Summer,NA,Eredivisie,2012,2012/2013
PEC Zwolle,Norair Aslanyan,21,Right Winger,FC Emmen,loan transfer,out,Summer,NA,Eredivisie,2012,2012/2013
PEC Zwolle,Gieljan Tissingh,22,Centre-Back,AGOVV,?,out,Summer,NA,Eredivisie,2012,2012/2013
PEC Zwolle,Joey van den Berg,26,Defensive Midfield,Heerenveen,?,out,Summer,NA,Eredivisie,2012,2012/2013
PEC Zwolle,Jeroen Ketting,31,Centre-Forward,Without Club,-,out,Summer,0,Eredivisie,2012,2012/2013
PEC Zwolle,Alexander Bannink,22,Attacking Midfield,Twente FC,"End of loanJun 30, 2012",out,Summer,0,Eredivisie,2012,2012/2013
PEC Zwolle,Ruud ter Heide,29,Centre-Forward,FC Emmen,"End of loanJun 30, 2012",out,Summer,0,Eredivisie,2012,2012/2013
Willem II Tilburg,Sanny Monteiro,22,Centre-Back,Zwaluwen,free transfer,in,Summer,NA,Eredivisie,2012,2012/2013
Willem II Tilburg,Kees van Buuren,25,Right-Back,FC Den Bosch,free transfer,in,Summer,NA,Eredivisie,2012,2012/2013
Willem II Tilburg,Jordens Peters,25,Centre-Back,FC Den Bosch,free transfer,in,Summer,NA,Eredivisie,2012,2012/2013
Willem II Tilburg,Philipp Haastrup,30,Centre-Back,Helmond Sport,free transfer,in,Summer,NA,Eredivisie,2012,2012/2013
Willem II Tilburg,Gaby Jallo,23,Left-Back,Heracles Almelo,free transfer,in,Summer,NA,Eredivisie,2012,2012/2013
Willem II Tilburg,Genaro Snijders,22,Right Winger,Vitesse,free transfer,in,Summer,NA,Eredivisie,2012,2012/2013
Willem II Tilburg,Marc Höcher,27,Right Winger,ADO Den Haag,free transfer,in,Summer,NA,Eredivisie,2012,2012/2013
Willem II Tilburg,Kevin Brands,24,Attacking Midfield,Telstar,£23Th.,in,Summer,0.023,Eredivisie,2012,2012/2013
Willem II Tilburg,Larbi El Harouchi,18,Attacking Midfield,Feyenoord U19,?,in,Summer,NA,Eredivisie,2012,2012/2013
Willem II Tilburg,Alexander Maes,20,Central Midfield,Standard U21,?,in,Summer,NA,Eredivisie,2012,2012/2013
Willem II Tilburg,Aurélien Joachim,26,Centre-Forward,F91 Dudelange,loan transfer,in,Summer,NA,Eredivisie,2012,2012/2013
Willem II Tilburg,Mattijs Branderhorst,18,Goalkeeper,Willem II/RKC-19,-,in,Summer,0,Eredivisie,2012,2012/2013
Willem II Tilburg,Rowin van Zaanen,27,Left Winger,Fortuna Sittard,"End of loanJun 30, 2012",in,Summer,0,Eredivisie,2012,2012/2013
Willem II Tilburg,Danny Schreurs,24,Right Winger,Fortuna Sittard,"End of loanJun 30, 2012",in,Summer,0,Eredivisie,2012,2012/2013
Willem II Tilburg,Lars Hutten,22,Centre-Forward,SC Veendam,"End of loanJun 30, 2012",in,Summer,0,Eredivisie,2012,2012/2013
Willem II Tilburg,Rangelo Janga,20,Centre-Forward,Excelsior,"End of loanJun 30, 2012",in,Summer,0,Eredivisie,2012,2012/2013
Willem II Tilburg,Junior Livramento,24,Left Midfield,AGOVV,"End of loanJun 30, 2012",in,Summer,0,Eredivisie,2012,2012/2013
Willem II Tilburg,Rowin van Zaanen,27,Left Winger,Almere City,free transfer,out,Summer,NA,Eredivisie,2012,2012/2013
Willem II Tilburg,Rangelo Janga,20,Centre-Forward,Excelsior,free transfer,out,Summer,NA,Eredivisie,2012,2012/2013
Willem II Tilburg,Arjan Swinkels,27,Centre-Back,Lierse SK,free transfer,out,Summer,NA,Eredivisie,2012,2012/2013
Willem II Tilburg,Lars Hutten,22,Centre-Forward,SC Veendam,free transfer,out,Summer,NA,Eredivisie,2012,2012/2013
Willem II Tilburg,Danny Schreurs,24,Right Winger,MVV Maastricht,free transfer,out,Summer,NA,Eredivisie,2012,2012/2013
Willem II Tilburg,Istvan Bakx,26,Attacking Midfield,AGOVV,free transfer,out,Summer,NA,Eredivisie,2012,2012/2013
Willem II Tilburg,Pawel Wojciechowski,22,Centre-Forward,FK Minsk,free transfer,out,Summer,NA,Eredivisie,2012,2012/2013
Willem II Tilburg,Giovanni Gravenbeek,24,Central Midfield,PEC Zwolle,?,out,Summer,NA,Eredivisie,2012,2012/2013
Willem II Tilburg,Jeffrey van Nuland,21,Centre-Back,Helmond Sport,loan transfer,out,Summer,NA,Eredivisie,2012,2012/2013
Willem II Tilburg,Junior Livramento,24,Left Midfield,Without Club,-,out,Summer,0,Eredivisie,2012,2012/2013
Willem II Tilburg,Stephan Keller,33,Centre-Back,Retired,-,out,Summer,0,Eredivisie,2012,2012/2013
Willem II Tilburg,Marlon Pereira,25,Defensive Midfield,Without Club,-,out,Summer,0,Eredivisie,2012,2012/2013
Willem II Tilburg,Donny de Groot,33,Centre-Forward,Without Club,-,out,Summer,0,Eredivisie,2012,2012/2013
Willem II Tilburg,Alexander Maes,20,Central Midfield,Without Club,-,out,Summer,0,Eredivisie,2012,2012/2013
Willem II Tilburg,Genaro Snijders,22,Right Winger,Vitesse,"End of loanJun 30, 2012",out,Summer,0,Eredivisie,2012,2012/2013
Willem II Tilburg,Marc Höcher,27,Right Winger,ADO Den Haag,"End of loanJun 30, 2012",out,Summer,0,Eredivisie,2012,2012/2013
Ajax Amsterdam,Isaac Cuenca,21,Left Winger,Barcelona,loan transfer,in,Winter,NA,Eredivisie,2012,2012/2013
Ajax Amsterdam,Lorenzo Ebecilio,21,Attacking Midfield,Metalurg D.,£90Th.,out,Winter,0.09,Eredivisie,2012,2012/2013
Ajax Amsterdam,Eyong Enoh,26,Defensive Midfield,Fulham,loan transfer,out,Winter,NA,Eredivisie,2012,2012/2013
Ajax Amsterdam,Dico Koppers,21,Left-Back,ADO Den Haag,loan transfer,out,Winter,NA,Eredivisie,2012,2012/2013
Feyenoord Rotterdam,Jean-Paul Boëtius,18,Attacking Midfield,Feyenoord U19,-,in,Winter,0,Eredivisie,2012,2012/2013
Feyenoord Rotterdam,Kaj Ramsteijn,23,Centre-Back,VVV-Venlo,loan transfer,out,Winter,NA,Eredivisie,2012,2012/2013
Feyenoord Rotterdam,Omar Elabdellaoui,21,Right-Back,Man City U21,"End of loanJan 14, 2013",out,Winter,0,Eredivisie,2012,2012/2013
PSV Eindhoven,Oscar Hiljemark,20,Central Midfield,Elfsborg,£1.98m,in,Winter,1.98,Eredivisie,2012,2012/2013
PSV Eindhoven,Nigel Bertrams,19,Goalkeeper,PSV U21,-,in,Winter,0,Eredivisie,2012,2012/2013
PSV Eindhoven,Stanislav Manolev,27,Right Winger,Fulham,loan transfer,out,Winter,NA,Eredivisie,2012,2012/2013
PSV Eindhoven,Ruud Swinkels,25,Goalkeeper,Without Club,-,out,Winter,0,Eredivisie,2012,2012/2013
AZ Alkmaar,Aron Jóhannsson,22,Centre-Forward,Aarhus GF,£1.44m,in,Winter,1.44,Eredivisie,2012,2012/2013
AZ Alkmaar,Willie Overtoom,26,Attacking Midfield,Heracles Almelo,£270Th.,in,Winter,0.27,Eredivisie,2012,2012/2013
AZ Alkmaar,Jonas Heymans,19,Left-Back,Lierse SK,?,in,Winter,NA,Eredivisie,2012,2012/2013
AZ Alkmaar,Erik Falkenburg,24,Attacking Midfield,NEC Nijmegen,loan transfer,out,Winter,NA,Eredivisie,2012,2012/2013
AZ Alkmaar,Ruud Boymans,23,Centre-Forward,NEC Nijmegen,loan transfer,out,Winter,NA,Eredivisie,2012,2012/2013
SC Heerenveen,Yassine El Ghanassy,22,Left Winger,KAA Gent,loan transfer,in,Winter,NA,Eredivisie,2012,2012/2013
SC Heerenveen,Quenten Martinus,21,Left Winger,Sparta R.,"End of loanFeb 8, 2013",in,Winter,0,Eredivisie,2012,2012/2013
SC Heerenveen,Quenten Martinus,21,Left Winger,Ferencváros,free transfer,out,Winter,NA,Eredivisie,2012,2012/2013
SC Heerenveen,Samir Fazli,21,Centre-Forward,Helmond Sport,loan transfer,out,Winter,NA,Eredivisie,2012,2012/2013
SC Heerenveen,Arsenio Valpoort,20,Left Winger,PEC Zwolle,loan transfer,out,Winter,NA,Eredivisie,2012,2012/2013
SC Heerenveen,Youssef El Akchaoui,31,Left-Back,Without Club,-,out,Winter,0,Eredivisie,2012,2012/2013
Twente Enschede FC,Nicky Kuiper,23,Left-Back,Panathinaikos,loan transfer,out,Winter,NA,Eredivisie,2012,2012/2013
Twente Enschede FC,Tim Cornelisse,34,Right-Back,Willem II,loan transfer,out,Winter,NA,Eredivisie,2012,2012/2013
Twente Enschede FC,Dedryck Boyata,22,Centre-Back,Man City,"End of loanJan 8, 2013",out,Winter,0,Eredivisie,2012,2012/2013
Vitesse Arnhem,Brahim Darri,18,Left Winger,VIT/AGOVV U19,-,in,Winter,0,Eredivisie,2012,2012/2013
Vitesse Arnhem,Giorgi Chanturia,19,Right Winger,Alania,loan transfer,out,Winter,NA,Eredivisie,2012,2012/2013
Vitesse Arnhem,Nicky Hofs,29,Attacking Midfield,Willem II,loan transfer,out,Winter,NA,Eredivisie,2012,2012/2013
Vitesse Arnhem,Marko Meerits,20,Goalkeeper,FC Flora,loan transfer,out,Winter,NA,Eredivisie,2012,2012/2013
NEC Nijmegen,Karl-Johan Johnsson,22,Goalkeeper,Halmstads BK,free transfer,in,Winter,NA,Eredivisie,2012,2012/2013
NEC Nijmegen,Daan Bovenberg,24,Right-Back,FC Utrecht,?,in,Winter,NA,Eredivisie,2012,2012/2013
NEC Nijmegen,Erik Falkenburg,24,Attacking Midfield,AZ Alkmaar,loan transfer,in,Winter,NA,Eredivisie,2012,2012/2013
NEC Nijmegen,Ruud Boymans,23,Centre-Forward,AZ Alkmaar,loan transfer,in,Winter,NA,Eredivisie,2012,2012/2013
NEC Nijmegen,Kevin Wattamaleo,23,Central Midfield,Without Club,-,in,Winter,0,Eredivisie,2012,2012/2013
NEC Nijmegen,Joshua Smits,20,Goalkeeper,FC Oss,loan transfer,out,Winter,NA,Eredivisie,2012,2012/2013
NEC Nijmegen,Rick ten Voorde,21,Centre-Forward,NAC Breda,loan transfer,out,Winter,NA,Eredivisie,2012,2012/2013
RKC Waalwijk,Dennis Lemke,23,Right-Back,Babelsberg 03,?,in,Winter,NA,Eredivisie,2012,2012/2013
RKC Waalwijk,Furhgill Zeldenrust,23,Left Winger,RKC U21,-,in,Winter,0,Eredivisie,2012,2012/2013
Roda JC Kerkrade,Roly Bonevacia,21,Central Midfield,Ajax U21,loan transfer,in,Winter,NA,Eredivisie,2012,2012/2013
Roda JC Kerkrade,Frank Demouge,30,Centre-Forward,Bournemouth,loan transfer,in,Winter,NA,Eredivisie,2012,2012/2013
Roda JC Kerkrade,Tamás Kádár,22,Centre-Back,Diósgyőr,loan transfer,out,Winter,NA,Eredivisie,2012,2012/2013
Roda JC Kerkrade,Amin Affane,19,Attacking Midfield,Chelsea,"End of loanMar 18, 2013",out,Winter,0,Eredivisie,2012,2012/2013
FC Utrecht,Jens Toornstra,23,Defensive Midfield,ADO Den Haag,£855Th.,in,Winter,0.855,Eredivisie,2012,2012/2013
FC Utrecht,Gévero Markiet,21,Centre-Back,Utrecht U21,-,in,Winter,0,Eredivisie,2012,2012/2013
FC Utrecht,Daan Bovenberg,24,Right-Back,NEC Nijmegen,?,out,Winter,NA,Eredivisie,2012,2012/2013
Heracles Almelo,Mathias Schamp,24,Left Winger,KSV Oudenaarde,?,in,Winter,NA,Eredivisie,2012,2012/2013
Heracles Almelo,Jaroslav Navratil,21,Right Winger,Breclav,loan transfer,in,Winter,NA,Eredivisie,2012,2012/2013
Heracles Almelo,Samuel Armenteros,22,Centre-Forward,RSC Anderlecht,£450Th.,out,Winter,0.45,Eredivisie,2012,2012/2013
Heracles Almelo,Willie Overtoom,26,Attacking Midfield,AZ Alkmaar,£270Th.,out,Winter,0.27,Eredivisie,2012,2012/2013
Heracles Almelo,Luis Pedro,22,Right Winger,Botev Plovdiv,free transfer,out,Winter,NA,Eredivisie,2012,2012/2013
NAC Breda,Rick ten Voorde,21,Centre-Forward,NEC Nijmegen,loan transfer,in,Winter,NA,Eredivisie,2012,2012/2013
NAC Breda,Andreas Lasnik,29,Attacking Midfield,Without Club,-,out,Winter,0,Eredivisie,2012,2012/2013
NAC Breda,Mike Zonneveld,32,Left-Back,Retired,-,out,Winter,0,Eredivisie,2012,2012/2013
FC Groningen,Rasmus Lindgren,28,Centre-Back,Without Club,-,in,Winter,0,Eredivisie,2012,2012/2013
FC Groningen,Jesse Renken,19,Right-Back,SC Veendam,loan transfer,out,Winter,NA,Eredivisie,2012,2012/2013
FC Groningen,Jonas Ivens,28,Centre-Back,Waasl.-Beveren,loan transfer,out,Winter,NA,Eredivisie,2012,2012/2013
FC Groningen,Hyun-jun Suk,21,Centre-Forward,Marítimo,?,out,Winter,NA,Eredivisie,2012,2012/2013
FC Groningen,Robby Holder,19,Left Winger,SC Veendam,loan transfer,out,Winter,NA,Eredivisie,2012,2012/2013
FC Groningen,Tom Hiariej,24,Defensive Midfield,FC Emmen,loan transfer,out,Winter,NA,Eredivisie,2012,2012/2013
FC Groningen,Matías Jones,21,Attacking Midfield,FC Emmen,loan transfer,out,Winter,NA,Eredivisie,2012,2012/2013
ADO Den Haag,Dico Koppers,21,Left-Back,Ajax,loan transfer,in,Winter,NA,Eredivisie,2012,2012/2013
ADO Den Haag,Santi Kolk,31,Right Winger,Without Club,-,in,Winter,0,Eredivisie,2012,2012/2013
ADO Den Haag,Danny Bakker,18,Centre-Back,ADO U19,-,in,Winter,0,Eredivisie,2012,2012/2013
ADO Den Haag,Garry Rodrigues,22,Left Winger,FC Dordrecht,"End of loanFeb 9, 2013",in,Winter,0,Eredivisie,2012,2012/2013
ADO Den Haag,Jens Toornstra,23,Defensive Midfield,FC Utrecht,£855Th.,out,Winter,0.855,Eredivisie,2012,2012/2013
ADO Den Haag,Garry Rodrigues,22,Left Winger,Levski Sofia,£270Th.,out,Winter,0.27,Eredivisie,2012,2012/2013
ADO Den Haag,Paul Mulders,32,Attacking Midfield,Chiangrai Utd.,free transfer,out,Winter,NA,Eredivisie,2012,2012/2013
ADO Den Haag,Kevin Tano,20,Right Winger,FC Dordrecht,loan transfer,out,Winter,NA,Eredivisie,2012,2012/2013
VVV-Venlo,Kaj Ramsteijn,23,Centre-Back,Feyenoord,loan transfer,in,Winter,NA,Eredivisie,2012,2012/2013
VVV-Venlo,Roy Heesen,20,Centre-Back,Helmond Sport,loan transfer,out,Winter,NA,Eredivisie,2012,2012/2013
VVV-Venlo,Marcel Meeuwis,32,Defensive Midfield,Without Club,-,out,Winter,0,Eredivisie,2012,2012/2013
VVV-Venlo,Matheus,18,Centre-Back,Coritiba FC B,"End of loanDec 31, 2012",out,Winter,0,Eredivisie,2012,2012/2013
PEC Zwolle,Mateusz Klich,22,Central Midfield,VfL Wolfsburg,Loan fee:£90Th.,in,Winter,0.09,Eredivisie,2012,2012/2013
PEC Zwolle,Maikel van der Werff,23,Centre-Back,FC Volendam,?,in,Winter,NA,Eredivisie,2012,2012/2013
PEC Zwolle,Rúnar Már Sigurjónsson,22,Central Midfield,Valur,?,in,Winter,NA,Eredivisie,2012,2012/2013
PEC Zwolle,Arsenio Valpoort,20,Left Winger,Heerenveen,loan transfer,in,Winter,NA,Eredivisie,2012,2012/2013
PEC Zwolle,Giovanni Hiwat,19,Right Winger,SC Cambuur,loan transfer,out,Winter,NA,Eredivisie,2012,2012/2013
Willem II Tilburg,Tim Cornelisse,34,Right-Back,Twente FC,loan transfer,in,Winter,NA,Eredivisie,2012,2012/2013
Willem II Tilburg,Nicky Hofs,29,Attacking Midfield,Vitesse,loan transfer,in,Winter,NA,Eredivisie,2012,2012/2013
Willem II Tilburg,Simon van Zeelst,19,Central Midfield,Willem II/RKC-19,-,in,Winter,0,Eredivisie,2012,2012/2013
Willem II Tilburg,Jonas Van Kerckhoven,18,Left-Back,Willem II U21,-,in,Winter,0,Eredivisie,2012,2012/2013
