club_name,player_name,age,position,club_involved_name,fee,transfer_movement,transfer_period,fee_cleaned,league_name,year,season
Dinamo Moscow,Luis Aguiar,23,Central Midfield,SC Braga,£2.70m,in,Summer,2.7,Premier Liga,2009,2009/2010
Dinamo Moscow,Luis Aguiar,24,Central Midfield,SC Braga,"End of loanMay 1, 2010",in,Summer,0,Premier Liga,2009,2009/2010
Spartak Moscow,Ibson,25,Central Midfield,FC Porto,£3.60m,in,Summer,3.6,Premier Liga,2009,2009/2010
Spartak Moscow,Sergey Pesjakov,20,Goalkeeper,Shinnik,£270Th.,in,Summer,0.27,Premier Liga,2009,2009/2010
Spartak Moscow,Eldar Nizamutdinov,28,Second Striker,Khimki,loan transfer,in,Summer,NA,Premier Liga,2009,2009/2010
Spartak Moscow,Pavel Yakovlev,18,Left Winger,Spartak II,-,in,Summer,0,Premier Liga,2009,2009/2010
Spartak Moscow,Jano Ananidze,16,Attacking Midfield,Spartak II,-,in,Summer,0,Premier Liga,2009,2009/2010
Spartak Moscow,Artur Maloyan,21,Centre-Forward,Salyut Belgorod,"End of loanMar 10, 2010",in,Summer,0,Premier Liga,2009,2009/2010
Spartak Moscow,Egor Filipenko,21,Centre-Back,Tom Tomsk,"End of loanAug 20, 2009",in,Summer,0,Premier Liga,2009,2009/2010
Spartak Moscow,Aleksandr Prudnikov,20,Centre-Forward,Terek Grozny,"End of loanJun 30, 2009",in,Summer,0,Premier Liga,2009,2009/2010
Spartak Moscow,Radoslav Kovac,29,Centre-Back,West Ham,"End of loanJun 30, 2009",in,Summer,0,Premier Liga,2009,2009/2010
Spartak Moscow,Cristian Maidana,22,Attacking Midfield,Recr. Huelva,"End of loanJun 30, 2009",in,Summer,0,Premier Liga,2009,2009/2010
Spartak Moscow,Vladimir Bystrov,25,Right Midfield,Zenit S-Pb,£8.10m,out,Summer,8.1,Premier Liga,2009,2009/2010
Spartak Moscow,Radoslav Kovac,29,Centre-Back,West Ham,£3.42m,out,Summer,3.42,Premier Liga,2009,2009/2010
Spartak Moscow,Clemente Rodríguez,28,Left-Back,Estudiantes,free transfer,out,Summer,NA,Premier Liga,2009,2009/2010
Spartak Moscow,Aleksandr Prudnikov,20,Centre-Forward,Sparta Prague,loan transfer,out,Summer,NA,Premier Liga,2009,2009/2010
Spartak Moscow,Artem Dzyuba,20,Centre-Forward,Tom Tomsk,loan transfer,out,Summer,NA,Premier Liga,2009,2009/2010
Spartak Moscow,Artur Maloyan,20,Centre-Forward,Anzhi,loan transfer,out,Summer,NA,Premier Liga,2009,2009/2010
Spartak Moscow,Aleksandr Pavlenko,24,Central Midfield,Rostov,loan transfer,out,Summer,NA,Premier Liga,2009,2009/2010
Lokomotiv Moscow,Wagner,24,Attacking Midfield,Cruzeiro,£5.40m,in,Summer,5.4,Premier Liga,2009,2009/2010
Lokomotiv Moscow,Sani Kaita,23,Defensive Midfield,Monaco,loan transfer,in,Summer,NA,Premier Liga,2009,2009/2010
Lokomotiv Moscow,Alan Gatagov,18,Left Midfield,Loko Moscow II,-,in,Summer,0,Premier Liga,2009,2009/2010
Lokomotiv Moscow,Sergey Efimov,21,Centre-Back,Career break,-,in,Summer,0,Premier Liga,2009,2009/2010
Lokomotiv Moscow,Malkhaz Asatiani,27,Centre-Back,Dynamo Kyiv,"End of loanJun 30, 2009",in,Summer,0,Premier Liga,2009,2009/2010
Lokomotiv Moscow,Igor Smolnikov,20,Right-Back,Ural,"End of loanJun 30, 2009",in,Summer,0,Premier Liga,2009,2009/2010
Lokomotiv Moscow,Eldin Jakupovic,24,Goalkeeper,Grasshoppers,"End of loanJun 30, 2009",in,Summer,0,Premier Liga,2009,2009/2010
Lokomotiv Moscow,Guillermo Pereyra,29,Central Midfield,BSC Young Boys,"End of loanJun 30, 2009",in,Summer,0,Premier Liga,2009,2009/2010
Lokomotiv Moscow,Diniyar Bilyaletdinov,24,Attacking Midfield,Everton,£9.00m,out,Summer,9,Premier Liga,2009,2009/2010
Lokomotiv Moscow,Fininho,25,Left-Back,Sport Recife,free transfer,out,Summer,NA,Premier Liga,2009,2009/2010
Lokomotiv Moscow,Guillermo Pereyra,29,Central Midfield,Real Murcia,?,out,Summer,NA,Premier Liga,2009,2009/2010
Lokomotiv Moscow,Stanislav Ivanov,28,Central Midfield,KS Samara,loan transfer,out,Summer,NA,Premier Liga,2009,2009/2010
Lokomotiv Moscow,Igor Smolnikov,20,Right-Back,Chita,loan transfer,out,Summer,NA,Premier Liga,2009,2009/2010
Lokomotiv Moscow,Sergey Efimov,22,Centre-Back,Dinamo Bryansk,loan transfer,out,Summer,NA,Premier Liga,2009,2009/2010
Zenit St. Petersburg,Vladimir Bystrov,25,Right Midfield,Spartak Moscow,£8.10m,in,Summer,8.1,Premier Liga,2009,2009/2010
Zenit St. Petersburg,Alessandro Rosina,25,Right Winger,Torino,£6.57m,in,Summer,6.57,Premier Liga,2009,2009/2010
Zenit St. Petersburg,Sergey Kornilenko,26,Centre-Forward,Tom Tomsk,£1.26m,in,Summer,1.26,Premier Liga,2009,2009/2010
Zenit St. Petersburg,Mateja Kezman,30,Centre-Forward,Paris SG,loan transfer,in,Summer,NA,Premier Liga,2009,2009/2010
Zenit St. Petersburg,Oleg Samsonov,21,Right Winger,Zenit II,-,in,Summer,0,Premier Liga,2009,2009/2010
Zenit St. Petersburg,Sébastien Puygrenier,27,Centre-Back,Bolton,"End of loanJun 30, 2009",in,Summer,0,Premier Liga,2009,2009/2010
Zenit St. Petersburg,Dmitri Borodin,31,Goalkeeper,Khimki,"End of loanAug 1, 2009",in,Summer,0,Premier Liga,2009,2009/2010
Zenit St. Petersburg,Sergey Kornilenko,27,Centre-Forward,Tom Tomsk,"End of loanAug 25, 2010",in,Summer,0,Premier Liga,2009,2009/2010
Zenit St. Petersburg,Anatoliy Tymoshchuk,30,Defensive Midfield,FC Bayern,£9.90m,out,Summer,9.9,Premier Liga,2009,2009/2010
Zenit St. Petersburg,Pavel Pogrebnyak,25,Centre-Forward,VfB Stuttgart,£4.32m,out,Summer,4.32,Premier Liga,2009,2009/2010
Zenit St. Petersburg,Sébastien Puygrenier,27,Centre-Back,Monaco,Loan fee:£630Th.,out,Summer,0.63,Premier Liga,2009,2009/2010
Zenit St. Petersburg,Oleg Samsonov,21,Right Winger,Спартак-Нальчик,loan transfer,out,Summer,NA,Premier Liga,2009,2009/2010
FK Rostov,Evgeniy Lutsenko,22,Centre-Forward,Stavropolje,?,in,Summer,NA,Premier Liga,2009,2009/2010
FK Rostov,Artur Valikaev,21,Defensive Midfield,FK Novgorod,?,in,Summer,NA,Premier Liga,2009,2009/2010
FK Rostov,Astemir Sheriev,19,Centre-Back,Spartak N. II,?,in,Summer,NA,Premier Liga,2009,2009/2010
FK Rostov,Aleksandr Salugin,20,Centre-Forward,KS Samara,loan transfer,in,Summer,NA,Premier Liga,2009,2009/2010
FK Rostov,Petr Gitselov,26,Right Winger,Rubin 2,loan transfer,in,Summer,NA,Premier Liga,2009,2009/2010
FK Rostov,Aleksandr Pavlenko,24,Central Midfield,Spartak Moscow,loan transfer,in,Summer,NA,Premier Liga,2009,2009/2010
FK Rostov,Tomislav Zivko,21,Left Midfield,Ventspils,free transfer,out,Summer,NA,Premier Liga,2009,2009/2010
FK Rostov,Aleksandr Ponomarev,23,Centre-Back,Vityaz Podolsk,?,out,Summer,NA,Premier Liga,2009,2009/2010
CSKA Moscow,Mark González,25,Left Winger,Real Betis,£5.85m,in,Summer,5.85,Premier Liga,2009,2009/2010
CSKA Moscow,Guilherme,20,Attacking Midfield,Dynamo Kyiv,Loan fee:£630Th.,in,Summer,0.63,Premier Liga,2009,2009/2010
CSKA Moscow,Sekou Oliseh,19,Right Winger,FC Midtjylland,Loan fee:£90Th.,in,Summer,0.09,Premier Liga,2009,2009/2010
CSKA Moscow,Nika Piliev,18,Left Midfield,Loko Moscow II,free transfer,in,Summer,NA,Premier Liga,2009,2009/2010
CSKA Moscow,Ramón,21,Attacking Midfield,Flamengo,"End of loanMay 1, 2010",in,Summer,0,Premier Liga,2009,2009/2010
CSKA Moscow,Yuri Zhirkov,25,Left-Back,Chelsea,£18.90m,out,Summer,18.9,Premier Liga,2009,2009/2010
CSKA Moscow,Caner Erkin,20,Left-Back,Galatasaray,Loan fee:£360Th.,out,Summer,0.36,Premier Liga,2009,2009/2010
CSKA Moscow,Daniel Carvalho,27,Attacking Midfield,Atlético-MG,free transfer,out,Summer,NA,Premier Liga,2009,2009/2010
CSKA Moscow,Ramón,21,Attacking Midfield,KS Samara,loan transfer,out,Summer,NA,Premier Liga,2009,2009/2010
CSKA Moscow,Vágner Love,25,Centre-Forward,Palmeiras,loan transfer,out,Summer,NA,Premier Liga,2009,2009/2010
CSKA Moscow,Lubos Kalouda,22,Attacking Midfield,Sparta Prague,loan transfer,out,Summer,NA,Premier Liga,2009,2009/2010
CSKA Moscow,Dmitri Ryzhov,19,Centre-Forward,Alania,loan transfer,out,Summer,NA,Premier Liga,2009,2009/2010
Krylya Sovetov Samara,Roman Adamov,27,Centre-Forward,Rubin Kazan,loan transfer,in,Summer,NA,Premier Liga,2009,2009/2010
Krylya Sovetov Samara,Ramón,21,Attacking Midfield,CSKA Moscow,loan transfer,in,Summer,NA,Premier Liga,2009,2009/2010
Krylya Sovetov Samara,Stanislav Ivanov,28,Central Midfield,Loko Moscow,loan transfer,in,Summer,NA,Premier Liga,2009,2009/2010
Krylya Sovetov Samara,Denis Kovba,29,Defensive Midfield,Sparta Prague,free transfer,out,Summer,NA,Premier Liga,2009,2009/2010
Krylya Sovetov Samara,Beom-seok Oh,24,Defensive Midfield,Ulsan Hyundai,?,out,Summer,NA,Premier Liga,2009,2009/2010
Krylya Sovetov Samara,Sergey Politevich,19,Centre-Back,Naftan,loan transfer,out,Summer,NA,Premier Liga,2009,2009/2010
Krylya Sovetov Samara,Aleksandr Salugin,20,Centre-Forward,Rostov,loan transfer,out,Summer,NA,Premier Liga,2009,2009/2010
Krylya Sovetov Samara,Juan Carlos Escobar,26,Right Midfield,Cúcuta Dep.,loan transfer,out,Summer,NA,Premier Liga,2009,2009/2010
Rubin Kazan,Alan Kasaev,23,Left Winger,Kuban Krasnodar,£4.50m,in,Summer,4.5,Premier Liga,2009,2009/2010
Rubin Kazan,Rafal Murawski,27,Central Midfield,Lech Poznan,£2.88m,in,Summer,2.88,Premier Liga,2009,2009/2010
Rubin Kazan,Fábio Felicio,27,Central Midfield,Asteras Tripoli,"End of loanJun 30, 2009",in,Summer,0,Premier Liga,2009,2009/2010
Rubin Kazan,Gabriel,27,Centre-Back,Gimnàstic,"End of loanJun 1, 2009",in,Summer,0,Premier Liga,2009,2009/2010
Rubin Kazan,Roman Adamov,27,Centre-Forward,KS Samara,loan transfer,out,Summer,NA,Premier Liga,2009,2009/2010
Rubin Kazan,Sergiy Rebrov,35,Second Striker,Retired,-,out,Summer,0,Premier Liga,2009,2009/2010
Rubin Kazan,Fábio Felicio,27,Central Midfield,Rubin Kazan II,-,out,Summer,0,Premier Liga,2009,2009/2010
Rubin Kazan,Makhach Gadzhiev,21,Right Midfield,Saturn,"End of loanAug 31, 2009",out,Summer,0,Premier Liga,2009,2009/2010
Anzhi Makhachkala,Alan Kusov,27,Left Midfield,Standard Sumqayit,?,in,Summer,NA,Premier Liga,2009,2009/2010
Anzhi Makhachkala,Artur Maloyan,20,Centre-Forward,Spartak Moscow,loan transfer,in,Summer,NA,Premier Liga,2009,2009/2010
Anzhi Makhachkala,Konstantin Sovetkin,20,Central Midfield,Spartak II,loan transfer,in,Summer,NA,Premier Liga,2009,2009/2010
Anzhi Makhachkala,Anton Vlasov,20,Centre-Back,CSKA Moscow II,loan transfer,in,Summer,NA,Premier Liga,2009,2009/2010
Anzhi Makhachkala,Sandro Iashvili,25,Centre-Forward,Metalurgi R.,"End of loanMay 1, 2010",in,Summer,0,Premier Liga,2009,2009/2010
Anzhi Makhachkala,Evgeniy Shcherbakov,23,Attacking Midfield,Unknown,free transfer,out,Summer,NA,Premier Liga,2009,2009/2010
Anzhi Makhachkala,Artem Stepanov,21,Goalkeeper,Lokomotiv 2,?,out,Summer,NA,Premier Liga,2009,2009/2010
Anzhi Makhachkala,Konstantin Zuev,27,Central Midfield,Zhemchuzhina,?,out,Summer,NA,Premier Liga,2009,2009/2010
Anzhi Makhachkala,Nazir Kazharov,22,Centre-Forward,Спартак-Нальчик,"End of loanJun 30, 2009",out,Summer,0,Premier Liga,2009,2009/2010
Anzhi Makhachkala,Sergey Serdyukov,28,Centre-Forward,Terek Grozny,"End of loanJun 30, 2009",out,Summer,0,Premier Liga,2009,2009/2010
Alania Vladikavkaz,Paulo Adriano,32,Defensive Midfield,FC Brasov,free transfer,in,Summer,NA,Premier Liga,2009,2009/2010
Alania Vladikavkaz,Taras Tsarikaev,20,Centre-Back,Loko Moscow II,?,in,Summer,NA,Premier Liga,2009,2009/2010
Alania Vladikavkaz,Dmitri Ryzhov,19,Centre-Forward,CSKA Moscow,loan transfer,in,Summer,NA,Premier Liga,2009,2009/2010
Alania Vladikavkaz,Mikhail Mishchenko,20,Left-Back,Rubin Kazan II,loan transfer,in,Summer,NA,Premier Liga,2009,2009/2010
Alania Vladikavkaz,Tomas Cizek,30,Attacking Midfield,FK Jablonec,free transfer,out,Summer,NA,Premier Liga,2009,2009/2010
Alania Vladikavkaz,Mikhail Mysin,30,Centre-Forward,Volga NN,?,out,Summer,NA,Premier Liga,2009,2009/2010
Alania Vladikavkaz,Kamalutdin Akhmedov,23,Centre-Back,Khimki,loan transfer,out,Summer,NA,Premier Liga,2009,2009/2010
Alania Vladikavkaz,Robert Bitarov,33,Left Winger,Retired,-,out,Summer,0,Premier Liga,2009,2009/2010
Alania Vladikavkaz,Zakhar Dubenskiy,30,Defensive Midfield,Without Club,-,out,Summer,0,Premier Liga,2009,2009/2010
Alania Vladikavkaz,Sani Kaita,23,Defensive Midfield,Monaco,"End of loanMay 1, 2010",out,Summer,0,Premier Liga,2009,2009/2010
Saturn Ramenskoe,Yevgen Levchenko,31,Central Midfield,FC Groningen,free transfer,in,Summer,NA,Premier Liga,2009,2009/2010
Saturn Ramenskoe,Dmitri Parfenov,34,Right-Back,Inter-2005 M.,free transfer,in,Summer,NA,Premier Liga,2009,2009/2010
Saturn Ramenskoe,Dmitri Grachev,25,Centre-Back,KamAZ,?,in,Summer,NA,Premier Liga,2009,2009/2010
Saturn Ramenskoe,Aleksandr Makarov,30,Goalkeeper,Career break,-,in,Summer,0,Premier Liga,2009,2009/2010
Saturn Ramenskoe,Makhach Gadzhiev,21,Right Midfield,Rubin Kazan,"End of loanAug 31, 2009",in,Summer,0,Premier Liga,2009,2009/2010
Saturn Ramenskoe,Aleksey Eremenko Jr.,26,Attacking Midfield,Metalist,free transfer,out,Summer,NA,Premier Liga,2009,2009/2010
Saturn Ramenskoe,Evgeni Malkov,22,Centre-Back,Dinamo SPb,loan transfer,out,Summer,NA,Premier Liga,2009,2009/2010
Tom Tomsk,Ilya Gultyaev,20,Centre-Back,Spartak II,free transfer,in,Summer,NA,Premier Liga,2009,2009/2010
Tom Tomsk,Artem Dzyuba,20,Centre-Forward,Spartak Moscow,loan transfer,in,Summer,NA,Premier Liga,2009,2009/2010
Tom Tomsk,Dmitri A. Smirnov,29,Central Midfield,Terek Grozny,loan transfer,in,Summer,NA,Premier Liga,2009,2009/2010
Tom Tomsk,Sergey Kornilenko,26,Centre-Forward,Zenit S-Pb,£1.26m,out,Summer,1.26,Premier Liga,2009,2009/2010
Tom Tomsk,Anton Arkhipov,23,Centre-Forward,Chernomorets N.,loan transfer,out,Summer,NA,Premier Liga,2009,2009/2010
Tom Tomsk,Sergey Golyatkin,21,Centre-Back,Chernomorets N.,loan transfer,out,Summer,NA,Premier Liga,2009,2009/2010
Tom Tomsk,Denis Evsikov,28,Left-Back,Without Club,-,out,Summer,0,Premier Liga,2009,2009/2010
Tom Tomsk,Egor Filipenko,21,Centre-Back,Spartak Moscow,"End of loanAug 20, 2009",out,Summer,0,Premier Liga,2009,2009/2010
Tom Tomsk,Sergey Kornilenko,27,Centre-Forward,Zenit S-Pb,"End of loanAug 25, 2010",out,Summer,0,Premier Liga,2009,2009/2010
Terek Grozny,Héctor Bracamonte,31,Centre-Forward,FC Moscow,£1.35m,in,Summer,1.35,Premier Liga,2009,2009/2010
Terek Grozny,Fabricio,27,Attacking Midfield,Mesquita-RJ,free transfer,in,Summer,NA,Premier Liga,2009,2009/2010
Terek Grozny,Zeev Haimovich,26,Centre-Back,Maccabi Netanya,?,in,Summer,NA,Premier Liga,2009,2009/2010
Terek Grozny,Gogita Gogua,25,Centre-Back,Спартак-Нальчик,loan transfer,in,Summer,NA,Premier Liga,2009,2009/2010
Terek Grozny,German Kutarba,30,Defensive Midfield,Without Club,-,in,Summer,0,Premier Liga,2009,2009/2010
Terek Grozny,Adlan Katsaev,21,Right Midfield,Terek II,-,in,Summer,0,Premier Liga,2009,2009/2010
Terek Grozny,Sergey Serdyukov,28,Centre-Forward,Anzhi,"End of loanJun 30, 2009",in,Summer,0,Premier Liga,2009,2009/2010
Terek Grozny,Sergey Serdyukov,28,Centre-Forward,Nosta,free transfer,out,Summer,NA,Premier Liga,2009,2009/2010
Terek Grozny,Jean Blaise Bouli,28,Right Winger,FK Novgorod,loan transfer,out,Summer,NA,Premier Liga,2009,2009/2010
Terek Grozny,Guy Stephane Essamé,24,Central Midfield,FK Novgorod,loan transfer,out,Summer,NA,Premier Liga,2009,2009/2010
Terek Grozny,Igor Shevchenko,24,Right Winger,Kuban Krasnodar,loan transfer,out,Summer,NA,Premier Liga,2009,2009/2010
Terek Grozny,Dmitri A. Smirnov,29,Central Midfield,Tom Tomsk,loan transfer,out,Summer,NA,Premier Liga,2009,2009/2010
Terek Grozny,Mikhail Mishchenko,20,Left-Back,Rubin Kazan II,"End of loanJun 30, 2009",out,Summer,0,Premier Liga,2009,2009/2010
Terek Grozny,Aleksandr Prudnikov,20,Centre-Forward,Spartak Moscow,"End of loanJun 30, 2009",out,Summer,0,Premier Liga,2009,2009/2010
Amkar Perm,Dimitar Telkiyski,32,Right Winger,Hapoel Tel Aviv,free transfer,in,Summer,NA,Premier Liga,2009,2009/2010
Amkar Perm,Aleksey Epifanov,26,Centre-Back,SKA-Energia,?,in,Summer,NA,Premier Liga,2009,2009/2010
Amkar Perm,Stjepan Babic,20,Defensive Midfield,Baltika,?,in,Summer,NA,Premier Liga,2009,2009/2010
Amkar Perm,Maksim Shumaylov,19,Goalkeeper,Amkar II,-,in,Summer,0,Premier Liga,2009,2009/2010
Amkar Perm,Dimitar Telkiyski,32,Right Winger,Levski Sofia,free transfer,out,Summer,NA,Premier Liga,2009,2009/2010
Amkar Perm,Ivan Starkov,23,Left Winger,Khimki,loan transfer,out,Summer,NA,Premier Liga,2009,2009/2010
Спартак-Нальчик Нальчик,Shamil Asildarov,26,Centre-Forward,Unknown,?,in,Summer,NA,Premier Liga,2009,2009/2010
Спартак-Нальчик Нальчик,Ricardo,28,Attacking Midfield,Krasnodar,loan transfer,in,Summer,NA,Premier Liga,2009,2009/2010
Спартак-Нальчик Нальчик,Oleg Samsonov,21,Right Winger,Zenit S-Pb,loan transfer,in,Summer,NA,Premier Liga,2009,2009/2010
Спартак-Нальчик Нальчик,Sergiy Pylypchuk,24,Left Winger,Khimki,loan transfer,in,Summer,NA,Premier Liga,2009,2009/2010
Спартак-Нальчик Нальчик,Sergey Ovchinnikov,24,Centre-Forward,Loko Moscow II,loan transfer,in,Summer,NA,Premier Liga,2009,2009/2010
Спартак-Нальчик Нальчик,David Siradze,27,Centre-Forward,Without Club,-,in,Summer,0,Premier Liga,2009,2009/2010
Спартак-Нальчик Нальчик,Álvaro Pires,24,Defensive Midfield,Fortaleza,"End of loanJun 30, 2009",in,Summer,0,Premier Liga,2009,2009/2010
Спартак-Нальчик Нальчик,Nazir Kazharov,22,Centre-Forward,Anzhi,"End of loanJun 30, 2009",in,Summer,0,Premier Liga,2009,2009/2010
Спартак-Нальчик Нальчик,Vitali Shumeyko,27,Centre-Back,Atyrau,?,out,Summer,NA,Premier Liga,2009,2009/2010
Спартак-Нальчик Нальчик,Ferro,24,Centre-Forward,FC Baku,loan transfer,out,Summer,NA,Premier Liga,2009,2009/2010
Спартак-Нальчик Нальчик,David Loria,27,Goalkeeper,Loko Astana,loan transfer,out,Summer,NA,Premier Liga,2009,2009/2010
Спартак-Нальчик Нальчик,Gogita Gogua,25,Centre-Back,Terek Grozny,loan transfer,out,Summer,NA,Premier Liga,2009,2009/2010
Спартак-Нальчик Нальчик,Marat Dzakhmishev,29,Central Midfield,Chernomorets N.,loan transfer,out,Summer,NA,Premier Liga,2009,2009/2010
Спартак-Нальчик Нальчик,Rustam Balov,23,Right Midfield,Without Club,-,out,Summer,0,Premier Liga,2009,2009/2010
Спартак-Нальчик Нальчик,Álvaro Pires,24,Defensive Midfield,Without Club,-,out,Summer,0,Premier Liga,2009,2009/2010
Спартак-Нальчик Нальчик,Franco Parodi,19,Centre-Forward,Defensores,"End of loanJun 30, 2009",out,Summer,0,Premier Liga,2009,2009/2010
Sibir Novosibirsk (-2019),Gennadi Bliznyuk,28,Centre-Forward,FSV Frankfurt,free transfer,in,Summer,NA,Premier Liga,2009,2009/2010
Sibir Novosibirsk (-2019),Nikolay Lipatkin,23,Central Midfield,MVD Rossii,free transfer,in,Summer,NA,Premier Liga,2009,2009/2010
Sibir Novosibirsk (-2019),Mantas Savenas,26,Central Midfield,Nosta,?,in,Summer,NA,Premier Liga,2009,2009/2010
Sibir Novosibirsk (-2019),Aleksandr Dovbnya,22,Goalkeeper,Without Club,-,in,Summer,0,Premier Liga,2009,2009/2010
Sibir Novosibirsk (-2019),Aleksandr Mineev,22,Left Midfield,SKA-Energia,free transfer,out,Summer,NA,Premier Liga,2009,2009/2010
Sibir Novosibirsk (-2019),Aleksandr Vasiljev,28,Defensive Midfield,Luch Vladivostok,?,out,Summer,NA,Premier Liga,2009,2009/2010
Sibir Novosibirsk (-2019),Igor Shestakov,24,Defensive Midfield,Chernomorets N.,loan transfer,out,Summer,NA,Premier Liga,2009,2009/2010
Sibir Novosibirsk (-2019),Aleksey Zhitnikov,24,Defensive Midfield,Vityaz Podolsk,loan transfer,out,Summer,NA,Premier Liga,2009,2009/2010
Sibir Novosibirsk (-2019),Roman Belyaev,21,Right Winger,Chita,loan transfer,out,Summer,NA,Premier Liga,2009,2009/2010
Sibir Novosibirsk (-2019),Andrey Kuznetsov,21,Right-Back,Loko Moscow II,"End of loanJun 30, 2009",out,Summer,0,Premier Liga,2009,2009/2010
Dinamo Moscow,Igor Semshov,31,Central Midfield,Zenit S-Pb,£4.23m,in,Winter,4.23,Premier Liga,2009,2009/2010
Dinamo Moscow,Aleksandr Samedov,25,Right Winger,FC Moscow,£4.05m,in,Winter,4.05,Premier Liga,2009,2009/2010
Dinamo Moscow,Edgaras Cesnauskis,25,Left Winger,FC Moscow,£3.78m,in,Winter,3.78,Premier Liga,2009,2009/2010
Dinamo Moscow,Alexandru Epureanu,23,Centre-Back,FC Moscow,£2.25m,in,Winter,2.25,Premier Liga,2009,2009/2010
Dinamo Moscow,Andriy Voronin,30,Second Striker,Liverpool,£1.80m,in,Winter,1.8,Premier Liga,2009,2009/2010
Dinamo Moscow,Aleksey Rebko,23,Central Midfield,FC Moscow,£1.35m,in,Winter,1.35,Premier Liga,2009,2009/2010
Dinamo Moscow,Yuri Kirillov,19,Defensive Midfield,Khimki,free transfer,in,Winter,NA,Premier Liga,2009,2009/2010
Dinamo Moscow,Aleksandr Kerzhakov,27,Centre-Forward,Zenit S-Pb,£5.85m,out,Winter,5.85,Premier Liga,2009,2009/2010
Dinamo Moscow,Jovan Tanasijevic,31,Centre-Back,Salyut Belgorod,free transfer,out,Winter,NA,Premier Liga,2009,2009/2010
Dinamo Moscow,Zydrunas Karcemarskas,26,Goalkeeper,Gaziantepspor,free transfer,out,Winter,NA,Premier Liga,2009,2009/2010
Dinamo Moscow,Ruslan Pimenov,28,Centre-Forward,Dinamo Minsk,free transfer,out,Winter,NA,Premier Liga,2009,2009/2010
Dinamo Moscow,Tsvetan Genkov,25,Centre-Forward,Lok. Sofia,loan transfer,out,Winter,NA,Premier Liga,2009,2009/2010
Dinamo Moscow,Luis Aguiar,24,Central Midfield,SC Braga,loan transfer,out,Winter,NA,Premier Liga,2009,2009/2010
Dinamo Moscow,Yuri Kirillov,19,Defensive Midfield,Alania,loan transfer,out,Winter,NA,Premier Liga,2009,2009/2010
Dinamo Moscow,Aleksandr Dimidko,23,Centre-Back,SKA-Energia,loan transfer,out,Winter,NA,Premier Liga,2009,2009/2010
Dinamo Moscow,Aleksandr Denisov,21,Centre-Back,Dinamo Bryansk,loan transfer,out,Winter,NA,Premier Liga,2009,2009/2010
Spartak Moscow,Ari,24,Centre-Forward,AZ Alkmaar,£2.70m,in,Winter,2.7,Premier Liga,2009,2009/2010
Spartak Moscow,Marek Suchy,21,Centre-Back,Slavia Prague,Loan fee:£1.08m,in,Winter,1.08,Premier Liga,2009,2009/2010
Spartak Moscow,Nikola Drincic,25,Defensive Midfield,Amkar Perm,free transfer,in,Winter,NA,Premier Liga,2009,2009/2010
Spartak Moscow,Aleksandr Sheshukov,26,Centre-Back,FC Moscow,free transfer,in,Winter,NA,Premier Liga,2009,2009/2010
Spartak Moscow,Pavel Golyshev,22,Attacking Midfield,FC Moscow,free transfer,in,Winter,NA,Premier Liga,2009,2009/2010
Spartak Moscow,Aleksandr Kozlov,16,Centre-Forward,Spartak II,-,in,Winter,0,Premier Liga,2009,2009/2010
Spartak Moscow,Aleksandr Zotov,19,Central Midfield,Spartak II,-,in,Winter,0,Premier Liga,2009,2009/2010
Spartak Moscow,Quincy Owusu-Abeyie,23,Left Winger,Portsmouth,"End of loanMar 1, 2010",in,Winter,0,Premier Liga,2009,2009/2010
Spartak Moscow,Aleksandr Pavlenko,24,Central Midfield,Rostov,"End of loanDec 31, 2009",in,Winter,0,Premier Liga,2009,2009/2010
Spartak Moscow,Artur Maloyan,20,Centre-Forward,Anzhi,"End of loanDec 31, 2009",in,Winter,0,Premier Liga,2009,2009/2010
Spartak Moscow,Artem Dzyuba,21,Centre-Forward,Tom Tomsk,"End of loanDec 31, 2009",in,Winter,0,Premier Liga,2009,2009/2010
Spartak Moscow,Dmitri Khomich,25,Goalkeeper,Спартак-Нальчик,"End of loanDec 31, 2009",in,Winter,0,Premier Liga,2009,2009/2010
Spartak Moscow,Aleksandr Prudnikov,20,Centre-Forward,Sparta Prague,"End of loanDec 31, 2009",in,Winter,0,Premier Liga,2009,2009/2010
Spartak Moscow,Roman Shishkin,22,Defensive Midfield,KS Samara,"End of loanDec 31, 2009",in,Winter,0,Premier Liga,2009,2009/2010
Spartak Moscow,Andrey Ivanov,21,Left-Back,Tom Tomsk,"End of loanDec 31, 2009",in,Winter,0,Premier Liga,2009,2009/2010
Spartak Moscow,Quincy Owusu-Abeyie,23,Left Winger,Al-Sadd SC,£3.06m,out,Winter,3.06,Premier Liga,2009,2009/2010
Spartak Moscow,Dmitri Khomich,25,Goalkeeper,Alania,£1.17m,out,Winter,1.17,Premier Liga,2009,2009/2010
Spartak Moscow,Malik Fathi,26,Left-Back,1.FSV Mainz 05,Loan fee:£900Th.,out,Winter,0.9,Premier Liga,2009,2009/2010
Spartak Moscow,Quincy Owusu-Abeyie,23,Left Winger,Portsmouth,Loan fee:£252Th.,out,Winter,0.252,Premier Liga,2009,2009/2010
Spartak Moscow,Rafael Carioca,20,Defensive Midfield,Vasco da Gama,Loan fee:£63Th.,out,Winter,0.063,Premier Liga,2009,2009/2010
Spartak Moscow,Ignas Dedura,31,Centre-Back,Salyut Belgorod,free transfer,out,Winter,NA,Premier Liga,2009,2009/2010
Spartak Moscow,Denis Boyarintsev,31,Right Midfield,Saturn,free transfer,out,Winter,NA,Premier Liga,2009,2009/2010
Spartak Moscow,Serghei Covalciuc,28,Central Midfield,Tom Tomsk,free transfer,out,Winter,NA,Premier Liga,2009,2009/2010
Spartak Moscow,Artur Maloyan,20,Centre-Forward,Salyut Belgorod,loan transfer,out,Winter,NA,Premier Liga,2009,2009/2010
Spartak Moscow,Aleksandr Pavlenko,24,Central Midfield,Rostov,loan transfer,out,Winter,NA,Premier Liga,2009,2009/2010
Spartak Moscow,Andrey Ivanov,21,Left-Back,Tom Tomsk,loan transfer,out,Winter,NA,Premier Liga,2009,2009/2010
Spartak Moscow,Egor Filipenko,21,Centre-Back,Sibir,loan transfer,out,Winter,NA,Premier Liga,2009,2009/2010
Spartak Moscow,Aleksandr Prudnikov,21,Centre-Forward,Tom Tomsk,loan transfer,out,Winter,NA,Premier Liga,2009,2009/2010
Spartak Moscow,Artem Dzyuba,21,Centre-Forward,Tom Tomsk,loan transfer,out,Winter,NA,Premier Liga,2009,2009/2010
Spartak Moscow,Artur Maloyan,21,Centre-Forward,Ural,loan transfer,out,Winter,NA,Premier Liga,2009,2009/2010
Spartak Moscow,Eldar Nizamutdinov,28,Second Striker,Khimki,"End of loanDec 31, 2009",out,Winter,0,Premier Liga,2009,2009/2010
Lokomotiv Moscow,Oleksandr Aliyev,24,Attacking Midfield,Dynamo Kyiv,£7.20m,in,Winter,7.2,Premier Liga,2009,2009/2010
Lokomotiv Moscow,Maicón,20,Centre-Forward,Desp. Brasil,£3.60m,in,Winter,3.6,Premier Liga,2009,2009/2010
Lokomotiv Moscow,Branko Ilic,27,Centre-Back,FC Moscow,free transfer,in,Winter,NA,Premier Liga,2009,2009/2010
Lokomotiv Moscow,Dmitri Tarasov,22,Defensive Midfield,FC Moscow,free transfer,in,Winter,NA,Premier Liga,2009,2009/2010
Lokomotiv Moscow,Vladislav Ignatjev,22,Right-Back,KS Samara,free transfer,in,Winter,NA,Premier Liga,2009,2009/2010
Lokomotiv Moscow,Aleksandr Krivoruchko,25,Goalkeeper,Lokomotiv 2,-,in,Winter,0,Premier Liga,2009,2009/2010
Lokomotiv Moscow,Sergey Efimov,23,Centre-Back,Dinamo Bryansk,"End of loanDec 31, 2010",in,Winter,0,Premier Liga,2009,2009/2010
Lokomotiv Moscow,Roman Kontsedalov,23,Central Midfield,Спартак-Нальчик,"End of loanDec 31, 2009",in,Winter,0,Premier Liga,2009,2009/2010
Lokomotiv Moscow,Igor Smolnikov,21,Right-Back,Chita,"End of loanDec 31, 2009",in,Winter,0,Premier Liga,2009,2009/2010
Lokomotiv Moscow,Stanislav Ivanov,29,Central Midfield,KS Samara,"End of loanDec 1, 2009",in,Winter,0,Premier Liga,2009,2009/2010
Lokomotiv Moscow,Draman Haminu,23,Left Winger,Kuban Krasnodar,"End of loanDec 31, 2009",in,Winter,0,Premier Liga,2009,2009/2010
Lokomotiv Moscow,Dramane Traoré,27,Centre-Forward,Kuban Krasnodar,"End of loanDec 30, 2009",in,Winter,0,Premier Liga,2009,2009/2010
Lokomotiv Moscow,Djiby Fall,24,Centre-Forward,Molde,Loan fee:£450Th.,out,Winter,0.45,Premier Liga,2009,2009/2010
Lokomotiv Moscow,Jan Durica,28,Centre-Back,Hannover 96,Loan fee:£270Th.,out,Winter,0.27,Premier Liga,2009,2009/2010
Lokomotiv Moscow,Razvan Cocis,26,Central Midfield,FC Timisoara,free transfer,out,Winter,NA,Premier Liga,2009,2009/2010
Lokomotiv Moscow,Roman Kontsedalov,23,Central Midfield,Спартак-Нальчик,free transfer,out,Winter,NA,Premier Liga,2009,2009/2010
Lokomotiv Moscow,Stanislav Ivanov,29,Central Midfield,Rostov,loan transfer,out,Winter,NA,Premier Liga,2009,2009/2010
Lokomotiv Moscow,Ivan Levenets,29,Goalkeeper,Career break,-,out,Winter,0,Premier Liga,2009,2009/2010
Lokomotiv Moscow,David Mujiri,31,Attacking Midfield,Without Club,-,out,Winter,0,Premier Liga,2009,2009/2010
Lokomotiv Moscow,Eldin Jakupovic,25,Goalkeeper,Without Club,-,out,Winter,0,Premier Liga,2009,2009/2010
Lokomotiv Moscow,Sani Kaita,23,Defensive Midfield,Monaco,"End of loanDec 1, 2009",out,Winter,0,Premier Liga,2009,2009/2010
Zenit St. Petersburg,Aleksandr Kerzhakov,27,Centre-Forward,Dinamo Moscow,£5.85m,in,Winter,5.85,Premier Liga,2009,2009/2010
Zenit St. Petersburg,Danko Lazovic,26,Second Striker,PSV Eindhoven,£4.50m,in,Winter,4.5,Premier Liga,2009,2009/2010
Zenit St. Petersburg,Michael Lumb,21,Left-Back,Aarhus GF,£1.44m,in,Winter,1.44,Premier Liga,2009,2009/2010
Zenit St. Petersburg,Yuri Zhevnov,28,Goalkeeper,FC Moscow,£900Th.,in,Winter,0.9,Premier Liga,2009,2009/2010
Zenit St. Petersburg,Maksim Kanunnikov,18,Centre-Forward,Zenit II,-,in,Winter,0,Premier Liga,2009,2009/2010
Zenit St. Petersburg,Oleg Samsonov,22,Right Winger,Спартак-Нальчик,"End of loanDec 31, 2009",in,Winter,0,Premier Liga,2009,2009/2010
Zenit St. Petersburg,Oleg Kozhanov,22,Second Striker,Khimki,"End of loanDec 31, 2009",in,Winter,0,Premier Liga,2009,2009/2010
Zenit St. Petersburg,Ilya Maksimov,22,Central Midfield,Khimki,"End of loanDec 31, 2009",in,Winter,0,Premier Liga,2009,2009/2010
Zenit St. Petersburg,Igor Semshov,31,Central Midfield,Dinamo Moscow,£4.23m,out,Winter,4.23,Premier Liga,2009,2009/2010
Zenit St. Petersburg,Fatih Tekke,32,Centre-Forward,Rubin Kazan,£1.80m,out,Winter,1.8,Premier Liga,2009,2009/2010
Zenit St. Petersburg,Sergey Kornilenko,26,Centre-Forward,Tom Tomsk,Loan fee:£1.17m,out,Winter,1.17,Premier Liga,2009,2009/2010
Zenit St. Petersburg,Kamil Contofalsky,31,Goalkeeper,AEL Limassol,free transfer,out,Winter,NA,Premier Liga,2009,2009/2010
Zenit St. Petersburg,Dong-jin Kim,27,Left-Back,Ulsan Hyundai,free transfer,out,Winter,NA,Premier Liga,2009,2009/2010
Zenit St. Petersburg,Oleg Kozhanov,22,Second Striker,Volga NN,free transfer,out,Winter,NA,Premier Liga,2009,2009/2010
Zenit St. Petersburg,Oleg Samsonov,22,Right Winger,KS Samara,?,out,Winter,NA,Premier Liga,2009,2009/2010
Zenit St. Petersburg,Ilya Maksimov,22,Central Midfield,Career break,-,out,Winter,0,Premier Liga,2009,2009/2010
Zenit St. Petersburg,Mateja Kezman,30,Centre-Forward,Paris SG,"End of loanDec 30, 2009",out,Winter,0,Premier Liga,2009,2009/2010
FK Rostov,Sorin Ghionea,30,Centre-Back,Steaua Bukarest,£90Th.,in,Winter,0.09,Premier Liga,2009,2009/2010
FK Rostov,Dejan Radic,29,Goalkeeper,Спартак-Нальчик,free transfer,in,Winter,NA,Premier Liga,2009,2009/2010
FK Rostov,Timofey Kalachev,28,Right Midfield,KS Samara,free transfer,in,Winter,NA,Premier Liga,2009,2009/2010
FK Rostov,Isaac Okoronkwo,31,Centre-Back,FC Moscow,free transfer,in,Winter,NA,Premier Liga,2009,2009/2010
FK Rostov,Dragan Blatnjak,28,Right Winger,FC Moscow,free transfer,in,Winter,NA,Premier Liga,2009,2009/2010
FK Rostov,Anton Amelchenko,24,Goalkeeper,FC Moscow,free transfer,in,Winter,NA,Premier Liga,2009,2009/2010
FK Rostov,Maksim Kabanov,27,Goalkeeper,SKA-Energia,?,in,Winter,NA,Premier Liga,2009,2009/2010
FK Rostov,Andrey Proshin,24,Centre-Back,Alania,?,in,Winter,NA,Premier Liga,2009,2009/2010
FK Rostov,Anri Khagush,23,Right-Back,Rubin Kazan,loan transfer,in,Winter,NA,Premier Liga,2009,2009/2010
FK Rostov,Aleksandr Pavlenko,24,Central Midfield,Spartak Moscow,loan transfer,in,Winter,NA,Premier Liga,2009,2009/2010
FK Rostov,Roman Adamov,27,Centre-Forward,Rubin Kazan,loan transfer,in,Winter,NA,Premier Liga,2009,2009/2010
FK Rostov,Gia Grigalava,20,Centre-Back,SKA Rostov,loan transfer,in,Winter,NA,Premier Liga,2009,2009/2010
FK Rostov,Stanislav Ivanov,29,Central Midfield,Loko Moscow,loan transfer,in,Winter,NA,Premier Liga,2009,2009/2010
FK Rostov,Yakov Erlikh,21,Centre-Forward,FK Volgograd,"End of loanDec 31, 2009",in,Winter,0,Premier Liga,2009,2009/2010
FK Rostov,Mikhail Kozlov,23,Right Winger,Vityaz Podolsk,"End of loanDec 31, 2009",in,Winter,0,Premier Liga,2009,2009/2010
FK Rostov,Branimir Petrovic,27,Central Midfield,KS Samara,£450Th.,out,Winter,0.45,Premier Liga,2009,2009/2010
FK Rostov,Mikhail Osinov,34,Defensive Midfield,Ural,free transfer,out,Winter,NA,Premier Liga,2009,2009/2010
FK Rostov,Nenad Sljivic,24,Centre-Back,Jagodina,free transfer,out,Winter,NA,Premier Liga,2009,2009/2010
FK Rostov,Maksim Astafjev,27,Right Winger,Sibir,free transfer,out,Winter,NA,Premier Liga,2009,2009/2010
FK Rostov,Roman Gerus,29,Goalkeeper,Loko Astana,free transfer,out,Winter,NA,Premier Liga,2009,2009/2010
FK Rostov,Mikhail Kozlov,23,Right Winger,Dinamo SPb,free transfer,out,Winter,NA,Premier Liga,2009,2009/2010
FK Rostov,Mikhail Rozhkov,26,Centre-Back,Loko Astana,?,out,Winter,NA,Premier Liga,2009,2009/2010
FK Rostov,Sergey Kuznetsov,23,Central Midfield,Khimki,?,out,Winter,NA,Premier Liga,2009,2009/2010
FK Rostov,Stanislav Khoteev,28,Goalkeeper,Shinnik,?,out,Winter,NA,Premier Liga,2009,2009/2010
FK Rostov,Yakov Erlikh,21,Centre-Forward,Rotor Volgograd,?,out,Winter,NA,Premier Liga,2009,2009/2010
FK Rostov,Astemir Sheriev,20,Centre-Back,FK Novgorod,loan transfer,out,Winter,NA,Premier Liga,2009,2009/2010
FK Rostov,Veniamin Mandrykin,28,Goalkeeper,CSKA Moscow,"End of loanDec 31, 2009",out,Winter,0,Premier Liga,2009,2009/2010
FK Rostov,Aleksandr Pavlenko,24,Central Midfield,Spartak Moscow,"End of loanDec 31, 2009",out,Winter,0,Premier Liga,2009,2009/2010
FK Rostov,Petr Gitselov,26,Right Winger,Rubin 2,"End of loanDec 1, 2009",out,Winter,0,Premier Liga,2009,2009/2010
FK Rostov,Aleksandr Salugin,21,Centre-Forward,KS Samara,"End of loanDec 31, 2009",out,Winter,0,Premier Liga,2009,2009/2010
FK Rostov,Ivan Lapin,21,Centre-Back,Zenit II,"End of loanDec 31, 2009",out,Winter,0,Premier Liga,2009,2009/2010
CSKA Moscow,Keisuke Honda,23,Attacking Midfield,VVV-Venlo,£5.40m,in,Winter,5.4,Premier Liga,2009,2009/2010
CSKA Moscow,Sekou Oliseh,19,Right Winger,FC Midtjylland,£486Th.,in,Winter,0.486,Premier Liga,2009,2009/2010
CSKA Moscow,Kirill Nababkin,23,Right-Back,FC Moscow,free transfer,in,Winter,NA,Premier Liga,2009,2009/2010
CSKA Moscow,Sergey Chepchugov,24,Goalkeeper,Sibir,free transfer,in,Winter,NA,Premier Liga,2009,2009/2010
CSKA Moscow,Nikita Burmistrov,20,Right Winger,Shinnik,"End of loanDec 31, 2009",in,Winter,0,Premier Liga,2009,2009/2010
CSKA Moscow,Vágner Love,25,Centre-Forward,Palmeiras,"End of loanJan 14, 2010",in,Winter,0,Premier Liga,2009,2009/2010
CSKA Moscow,Ramón,21,Attacking Midfield,KS Samara,"End of loanDec 1, 2009",in,Winter,0,Premier Liga,2009,2009/2010
CSKA Moscow,Daniel Carvalho,27,Attacking Midfield,Al-Arabi SC,"End of loanApr 30, 2010",in,Winter,0,Premier Liga,2009,2009/2010
CSKA Moscow,Veniamin Mandrykin,28,Goalkeeper,Rostov,"End of loanDec 31, 2009",in,Winter,0,Premier Liga,2009,2009/2010
CSKA Moscow,Dawid Janczyk,22,Centre-Forward,KSC Lokeren,"End of loanDec 1, 2009",in,Winter,0,Premier Liga,2009,2009/2010
CSKA Moscow,Dmitri Ryzhov,20,Centre-Forward,Alania,"End of loanDec 31, 2009",in,Winter,0,Premier Liga,2009,2009/2010
CSKA Moscow,Moussa Maazou,21,Centre-Forward,Monaco,Loan fee:£630Th.,out,Winter,0.63,Premier Liga,2009,2009/2010
CSKA Moscow,Daniel Carvalho,26,Attacking Midfield,Al-Arabi SC,Loan fee:£315Th.,out,Winter,0.315,Premier Liga,2009,2009/2010
CSKA Moscow,Dawid Janczyk,22,Centre-Forward,Germ. Beerschot,Loan fee:£135Th.,out,Winter,0.135,Premier Liga,2009,2009/2010
CSKA Moscow,Nikita Burmistrov,20,Right Winger,Amkar Perm,free transfer,out,Winter,NA,Premier Liga,2009,2009/2010
CSKA Moscow,Ricardo Jesus,24,Centre-Forward,AE Larisa,loan transfer,out,Winter,NA,Premier Liga,2009,2009/2010
CSKA Moscow,Vágner Love,25,Centre-Forward,Flamengo,loan transfer,out,Winter,NA,Premier Liga,2009,2009/2010
CSKA Moscow,Ramón,21,Attacking Midfield,Flamengo,loan transfer,out,Winter,NA,Premier Liga,2009,2009/2010
CSKA Moscow,Dmitri Ryzhov,20,Centre-Forward,Ural,loan transfer,out,Winter,NA,Premier Liga,2009,2009/2010
CSKA Moscow,Anton Grigorjev,24,Centre-Back,Kuban Krasnodar,loan transfer,out,Winter,NA,Premier Liga,2009,2009/2010
CSKA Moscow,Veniamin Mandrykin,28,Goalkeeper,Спартак-Нальчик,loan transfer,out,Winter,NA,Premier Liga,2009,2009/2010
CSKA Moscow,Evgeniy Pomazan,20,Goalkeeper,Ural,loan transfer,out,Winter,NA,Premier Liga,2009,2009/2010
CSKA Moscow,Sekou Oliseh,19,Right Winger,FC Midtjylland,"End of loanDec 31, 2009",out,Winter,0,Premier Liga,2009,2009/2010
Krylya Sovetov Samara,Branimir Petrovic,27,Central Midfield,Rostov,£450Th.,in,Winter,0.45,Premier Liga,2009,2009/2010
Krylya Sovetov Samara,Nenad Djordjevic,30,Centre-Back,Partizan,£90Th.,in,Winter,0.09,Premier Liga,2009,2009/2010
Krylya Sovetov Samara,Igor Strelkov,27,Centre-Forward,FC Moscow,free transfer,in,Winter,NA,Premier Liga,2009,2009/2010
Krylya Sovetov Samara,Aleksey Kontsedalov,19,Centre-Back,FC Moscow II,free transfer,in,Winter,NA,Premier Liga,2009,2009/2010
Krylya Sovetov Samara,Aleksandr Stavpets,20,Right Winger,FC Moscow,free transfer,in,Winter,NA,Premier Liga,2009,2009/2010
Krylya Sovetov Samara,Vladimir Khozin,20,Centre-Back,FC Moscow II,free transfer,in,Winter,NA,Premier Liga,2009,2009/2010
Krylya Sovetov Samara,Krzysztof Lagiewka,27,Centre-Back,Kuban Krasnodar,free transfer,in,Winter,NA,Premier Liga,2009,2009/2010
Krylya Sovetov Samara,Daniil Gridnev,24,Defensive Midfield,Anzhi,free transfer,in,Winter,NA,Premier Liga,2009,2009/2010
Krylya Sovetov Samara,Aleksandr Alkhazov,25,Centre-Forward,KamAZ,free transfer,in,Winter,NA,Premier Liga,2009,2009/2010
Krylya Sovetov Samara,Oleg Samsonov,22,Right Winger,Zenit S-Pb,?,in,Winter,NA,Premier Liga,2009,2009/2010
Krylya Sovetov Samara,Nikolay Tsygan,25,Goalkeeper,Alania,?,in,Winter,NA,Premier Liga,2009,2009/2010
Krylya Sovetov Samara,Goran Drmic,22,Right-Back,FC Moscow,?,in,Winter,NA,Premier Liga,2009,2009/2010
Krylya Sovetov Samara,Farkhod Vasiev,19,Centre-Back,Saturn II,loan transfer,in,Winter,NA,Premier Liga,2009,2009/2010
Krylya Sovetov Samara,Sergey Tkachev,20,Attacking Midfield,KS Samara II,-,in,Winter,0,Premier Liga,2009,2009/2010
Krylya Sovetov Samara,Ibragim Tsallagov,19,Defensive Midfield,KS Samara II,-,in,Winter,0,Premier Liga,2009,2009/2010
Krylya Sovetov Samara,Juan Carlos Escobar,27,Right Midfield,Cúcuta Dep.,"End of loanDec 31, 2009",in,Winter,0,Premier Liga,2009,2009/2010
Krylya Sovetov Samara,Aleksandr Salugin,21,Centre-Forward,Rostov,"End of loanDec 31, 2009",in,Winter,0,Premier Liga,2009,2009/2010
Krylya Sovetov Samara,Vladislav Kulik,24,Central Midfield,Kuban Krasnodar,free transfer,out,Winter,NA,Premier Liga,2009,2009/2010
Krylya Sovetov Samara,Aleksandr Budakov,24,Goalkeeper,Kuban Krasnodar,free transfer,out,Winter,NA,Premier Liga,2009,2009/2010
Krylya Sovetov Samara,Timofey Kalachev,28,Right Midfield,Rostov,free transfer,out,Winter,NA,Premier Liga,2009,2009/2010
Krylya Sovetov Samara,Vladislav Ignatjev,22,Right-Back,Loko Moscow,free transfer,out,Winter,NA,Premier Liga,2009,2009/2010
Krylya Sovetov Samara,Jan Koller,36,Centre-Forward,Cannes,free transfer,out,Winter,NA,Premier Liga,2009,2009/2010
Krylya Sovetov Samara,Jiri Jarosik,32,Centre-Back,Real Zaragoza,free transfer,out,Winter,NA,Premier Liga,2009,2009/2010
Krylya Sovetov Samara,David Yurchenko,24,Goalkeeper,Volgar-Gazprom,loan transfer,out,Winter,NA,Premier Liga,2009,2009/2010
Krylya Sovetov Samara,Juan Carlos Escobar,27,Right Midfield,Deportivo Cali,loan transfer,out,Winter,NA,Premier Liga,2009,2009/2010
Krylya Sovetov Samara,Roman Shishkin,22,Defensive Midfield,Spartak Moscow,"End of loanDec 31, 2009",out,Winter,0,Premier Liga,2009,2009/2010
Krylya Sovetov Samara,Evgeniy Pesegov,20,Central Midfield,Akad. Togliatti,"End of loanDec 31, 2009",out,Winter,0,Premier Liga,2009,2009/2010
Krylya Sovetov Samara,Ramón,21,Attacking Midfield,CSKA Moscow,"End of loanDec 1, 2009",out,Winter,0,Premier Liga,2009,2009/2010
Krylya Sovetov Samara,Roman Adamov,27,Centre-Forward,Rubin Kazan,"End of loanDec 1, 2009",out,Winter,0,Premier Liga,2009,2009/2010
Krylya Sovetov Samara,Stanislav Ivanov,29,Central Midfield,Loko Moscow,"End of loanDec 1, 2009",out,Winter,0,Premier Liga,2009,2009/2010
Rubin Kazan,Fatih Tekke,32,Centre-Forward,Zenit S-Pb,£1.80m,in,Winter,1.8,Premier Liga,2009,2009/2010
Rubin Kazan,Jordi Figueras,22,Centre-Back,Celta de Vigo,£765Th.,in,Winter,0.765,Premier Liga,2009,2009/2010
Rubin Kazan,Bibras Natcho,22,Central Midfield,Hapoel Tel Aviv,£585Th.,in,Winter,0.585,Premier Liga,2009,2009/2010
Rubin Kazan,Ilie Cebanu,23,Goalkeeper,Wisla Kraków,£45Th.,in,Winter,0.045,Premier Liga,2009,2009/2010
Rubin Kazan,Vitali Kaleshin,29,Right-Back,FC Moscow,?,in,Winter,NA,Premier Liga,2009,2009/2010
Rubin Kazan,Bakhodir Nasimov,22,Centre-Forward,Dinamo,?,in,Winter,NA,Premier Liga,2009,2009/2010
Rubin Kazan,Vagiz Galiulin,22,Right Midfield,Rubin Kazan II,-,in,Winter,0,Premier Liga,2009,2009/2010
Rubin Kazan,Igor Portnyagin,20,Centre-Forward,Rubin Kazan II,-,in,Winter,0,Premier Liga,2009,2009/2010
Rubin Kazan,Roman Adamov,27,Centre-Forward,KS Samara,"End of loanDec 1, 2009",in,Winter,0,Premier Liga,2009,2009/2010
Rubin Kazan,Anri Khagush,23,Right-Back,Kuban Krasnodar,"End of loanDec 31, 2009",in,Winter,0,Premier Liga,2009,2009/2010
Rubin Kazan,Aleksey Popov,31,Centre-Back,Amkar Perm,free transfer,out,Winter,NA,Premier Liga,2009,2009/2010
Rubin Kazan,Gabriel,28,Centre-Back,Chern. Burgas,free transfer,out,Winter,NA,Premier Liga,2009,2009/2010
Rubin Kazan,Alejandro Domínguez,28,Attacking Midfield,Valencia,free transfer,out,Winter,NA,Premier Liga,2009,2009/2010
Rubin Kazan,Stjepan Tomas,33,Centre-Back,Gaziantepspor,free transfer,out,Winter,NA,Premier Liga,2009,2009/2010
Rubin Kazan,Nukri Revishvili,22,Goalkeeper,Anzhi,free transfer,out,Winter,NA,Premier Liga,2009,2009/2010
Rubin Kazan,Roman Adamov,27,Centre-Forward,Rostov,loan transfer,out,Winter,NA,Premier Liga,2009,2009/2010
Rubin Kazan,Anri Khagush,23,Right-Back,Rostov,loan transfer,out,Winter,NA,Premier Liga,2009,2009/2010
Rubin Kazan,Davit Kvirkvelia,29,Left-Back,Anzhi,loan transfer,out,Winter,NA,Premier Liga,2009,2009/2010
Rubin Kazan,Sergey Kozko,34,Goalkeeper,Career break,-,out,Winter,0,Premier Liga,2009,2009/2010
Rubin Kazan,Vitali Kaleshin,29,Right-Back,FC Moscow,"End of loanDec 31, 2009",out,Winter,0,Premier Liga,2009,2009/2010
Anzhi Makhachkala,Todor Timonov,23,Attacking Midfield,CSKA Sofia,£315Th.,in,Winter,0.315,Premier Liga,2009,2009/2010
Anzhi Makhachkala,Mahir Shukurov,27,Right-Back,Inter Baku,£180Th.,in,Winter,0.18,Premier Liga,2009,2009/2010
Anzhi Makhachkala,Andrey Streltsov,25,Second Striker,Khimki,free transfer,in,Winter,NA,Premier Liga,2009,2009/2010
Anzhi Makhachkala,Nukri Revishvili,22,Goalkeeper,Rubin Kazan,free transfer,in,Winter,NA,Premier Liga,2009,2009/2010
Anzhi Makhachkala,Mitar Pekovic,28,Centre-Back,Vojvodina,free transfer,in,Winter,NA,Premier Liga,2009,2009/2010
Anzhi Makhachkala,Jan Holenda,24,Centre-Forward,Sparta Prague,?,in,Winter,NA,Premier Liga,2009,2009/2010
Anzhi Makhachkala,William,27,Centre-Forward,Paços Ferreira,?,in,Winter,NA,Premier Liga,2009,2009/2010
Anzhi Makhachkala,Davit Kvirkvelia,29,Left-Back,Rubin Kazan,loan transfer,in,Winter,NA,Premier Liga,2009,2009/2010
Anzhi Makhachkala,Revaz Barabadze,21,Centre-Forward,Career break,-,in,Winter,0,Premier Liga,2009,2009/2010
Anzhi Makhachkala,Oleg Malyukov,24,Centre-Back,Kuban Krasnodar,free transfer,out,Winter,NA,Premier Liga,2009,2009/2010
Anzhi Makhachkala,Viktor Chakrygin,25,Goalkeeper,Rusichi Orel,free transfer,out,Winter,NA,Premier Liga,2009,2009/2010
Anzhi Makhachkala,Aleksandr Danishevski,25,Centre-Forward,Zhemchuzhina,free transfer,out,Winter,NA,Premier Liga,2009,2009/2010
Anzhi Makhachkala,Daniil Gridnev,24,Defensive Midfield,KS Samara,free transfer,out,Winter,NA,Premier Liga,2009,2009/2010
Anzhi Makhachkala,Alan Kusov,28,Left Midfield,Torpedo Moscow,?,out,Winter,NA,Premier Liga,2009,2009/2010
Anzhi Makhachkala,Edik Sajaia,28,Centre-Back,Volga NN,?,out,Winter,NA,Premier Liga,2009,2009/2010
Anzhi Makhachkala,Giorgi Navalovski,23,Left-Back,Inter Baku,loan transfer,out,Winter,NA,Premier Liga,2009,2009/2010
Anzhi Makhachkala,Otar Martsvaladze,25,Second Striker,Volga NN,loan transfer,out,Winter,NA,Premier Liga,2009,2009/2010
Anzhi Makhachkala,Sandro Iashvili,24,Centre-Forward,Metalurgi R.,loan transfer,out,Winter,NA,Premier Liga,2009,2009/2010
Anzhi Makhachkala,Valerian Bestaev,27,Right-Back,Retired,-,out,Winter,0,Premier Liga,2009,2009/2010
Anzhi Makhachkala,Shamil Alimagomaev,20,Left Midfield,Anzhi II,-,out,Winter,0,Premier Liga,2009,2009/2010
Anzhi Makhachkala,Kakhaber Aladashvili,26,Right-Back,Without Club,-,out,Winter,0,Premier Liga,2009,2009/2010
Anzhi Makhachkala,Vartan Mazalov,26,Centre-Forward,Career break,-,out,Winter,0,Premier Liga,2009,2009/2010
Anzhi Makhachkala,Artur Maloyan,20,Centre-Forward,Spartak Moscow,"End of loanDec 31, 2009",out,Winter,0,Premier Liga,2009,2009/2010
Anzhi Makhachkala,Anton Vlasov,20,Centre-Back,CSKA Moscow II,"End of loanDec 31, 2009",out,Winter,0,Premier Liga,2009,2009/2010
Anzhi Makhachkala,Konstantin Sovetkin,20,Central Midfield,Spartak II,"End of loanDec 31, 2009",out,Winter,0,Premier Liga,2009,2009/2010
Alania Vladikavkaz,Ivan Ivanov,21,Centre-Back,CSKA Sofia,£1.35m,in,Winter,1.35,Premier Liga,2009,2009/2010
Alania Vladikavkaz,Abdoul Gafar Mamah,24,Right-Back,FC Sheriff,£1.35m,in,Winter,1.35,Premier Liga,2009,2009/2010
Alania Vladikavkaz,Dmitri Khomich,25,Goalkeeper,Spartak Moscow,£1.17m,in,Winter,1.17,Premier Liga,2009,2009/2010
Alania Vladikavkaz,Ivan Stoyanov,26,Right Winger,CSKA Sofia,£630Th.,in,Winter,0.63,Premier Liga,2009,2009/2010
Alania Vladikavkaz,Akès da Costa Goore,25,Left-Back,FC Moscow,£450Th.,in,Winter,0.45,Premier Liga,2009,2009/2010
Alania Vladikavkaz,Zuela,26,Centre-Back,Kuban Krasnodar,Loan fee:£108Th.,in,Winter,0.108,Premier Liga,2009,2009/2010
Alania Vladikavkaz,Zajko Zeba,26,Attacking Midfield,KamAZ,free transfer,in,Winter,NA,Premier Liga,2009,2009/2010
Alania Vladikavkaz,Aleksandr Marenich,20,Left Winger,FC Moscow,free transfer,in,Winter,NA,Premier Liga,2009,2009/2010
Alania Vladikavkaz,Aslan Mashukov,25,Defensive Midfield,Спартак-Нальчик,?,in,Winter,NA,Premier Liga,2009,2009/2010
Alania Vladikavkaz,Georgi Gabulov,21,Central Midfield,Lokomotiv 2,?,in,Winter,NA,Premier Liga,2009,2009/2010
Alania Vladikavkaz,Karen Oganyan,27,Centre-Forward,KamAZ,?,in,Winter,NA,Premier Liga,2009,2009/2010
Alania Vladikavkaz,George Florescu,25,Defensive Midfield,FC Midtjylland,loan transfer,in,Winter,NA,Premier Liga,2009,2009/2010
Alania Vladikavkaz,Mikhail Kerzhakov,22,Goalkeeper,Zenit II,loan transfer,in,Winter,NA,Premier Liga,2009,2009/2010
Alania Vladikavkaz,Yuri Kirillov,19,Defensive Midfield,Dinamo Moscow,loan transfer,in,Winter,NA,Premier Liga,2009,2009/2010
Alania Vladikavkaz,Eldar Nizamutdinov,28,Second Striker,Khimki,loan transfer,in,Winter,NA,Premier Liga,2009,2009/2010
Alania Vladikavkaz,Sergey Kuznetsov,27,Centre-Forward,Karpaty,loan transfer,in,Winter,NA,Premier Liga,2009,2009/2010
Alania Vladikavkaz,Sani Kaita,23,Defensive Midfield,Monaco,loan transfer,in,Winter,NA,Premier Liga,2009,2009/2010
Alania Vladikavkaz,Boris Rotenberg,23,Right-Back,Zenit II,loan transfer,in,Winter,NA,Premier Liga,2009,2009/2010
Alania Vladikavkaz,Kamalutdin Akhmedov,23,Centre-Back,Khimki,"End of loanDec 31, 2009",in,Winter,0,Premier Liga,2009,2009/2010
Alania Vladikavkaz,Nikola Valentic,26,Right-Back,Sibir,free transfer,out,Winter,NA,Premier Liga,2009,2009/2010
Alania Vladikavkaz,Dmitri Godunok,33,Centre-Back,Akad. Togliatti,free transfer,out,Winter,NA,Premier Liga,2009,2009/2010
Alania Vladikavkaz,Kamalutdin Akhmedov,23,Centre-Back,Gazovik Orenburg,free transfer,out,Winter,NA,Premier Liga,2009,2009/2010
Alania Vladikavkaz,Amzor Aylarov,27,Second Striker,Salyut Belgorod,free transfer,out,Winter,NA,Premier Liga,2009,2009/2010
Alania Vladikavkaz,Paulo Adriano,32,Defensive Midfield,Anadia FC,free transfer,out,Winter,NA,Premier Liga,2009,2009/2010
Alania Vladikavkaz,Nikolay Tsygan,25,Goalkeeper,KS Samara,?,out,Winter,NA,Premier Liga,2009,2009/2010
Alania Vladikavkaz,Tamerlan Varziev,31,Centre-Back,Volgar-Gazprom,?,out,Winter,NA,Premier Liga,2009,2009/2010
Alania Vladikavkaz,Serghei Pascenco,27,Goalkeeper,Olimpia Bălți,?,out,Winter,NA,Premier Liga,2009,2009/2010
Alania Vladikavkaz,Elbrus Tandelov,27,Right Winger,Mordovia,?,out,Winter,NA,Premier Liga,2009,2009/2010
Alania Vladikavkaz,Andrey Proshin,24,Centre-Back,Rostov,?,out,Winter,NA,Premier Liga,2009,2009/2010
Alania Vladikavkaz,Soslan Dzhioev,21,Central Midfield,Neftekhimik,loan transfer,out,Winter,NA,Premier Liga,2009,2009/2010
Alania Vladikavkaz,Aleksandr Gagloev,19,Left Midfield,Neftekhimik,loan transfer,out,Winter,NA,Premier Liga,2009,2009/2010
Alania Vladikavkaz,Sergey Shtanyuk,36,Centre-Back,Retired,-,out,Winter,0,Premier Liga,2009,2009/2010
Alania Vladikavkaz,Aleksandr Arsoev,19,Defensive Midfield,Spartak II,-,out,Winter,0,Premier Liga,2009,2009/2010
Alania Vladikavkaz,Aleksandr Yarkin,23,Centre-Forward,Rubin Kazan II,"End of loanDec 31, 2009",out,Winter,0,Premier Liga,2009,2009/2010
Alania Vladikavkaz,Mikhail Mishchenko,20,Left-Back,Rubin Kazan II,"End of loanDec 31, 2009",out,Winter,0,Premier Liga,2009,2009/2010
Alania Vladikavkaz,Dmitri Ryzhov,20,Centre-Forward,CSKA Moscow,"End of loanDec 31, 2009",out,Winter,0,Premier Liga,2009,2009/2010
Saturn Ramenskoe,Denis Boyarintsev,31,Right Midfield,Spartak Moscow,free transfer,in,Winter,NA,Premier Liga,2009,2009/2010
Saturn Ramenskoe,Dmitri Kudryashov,26,Central Midfield,Luch Vladivostok,free transfer,in,Winter,NA,Premier Liga,2009,2009/2010
Saturn Ramenskoe,Martin Jakubko,29,Centre-Forward,FC Moscow,free transfer,in,Winter,NA,Premier Liga,2009,2009/2010
Saturn Ramenskoe,Emin Mahmudov,17,Central Midfield,Saturn II,-,in,Winter,0,Premier Liga,2009,2009/2010
Saturn Ramenskoe,Vitali Chilyushkin,19,Goalkeeper,Saturn II,-,in,Winter,0,Premier Liga,2009,2009/2010
Saturn Ramenskoe,Aleksey Botvinjev,28,Goalkeeper,Kuban Krasnodar,"End of loanDec 1, 2009",in,Winter,0,Premier Liga,2009,2009/2010
Saturn Ramenskoe,Artem Pershin,21,Defensive Midfield,Baltika,"End of loanDec 31, 2009",in,Winter,0,Premier Liga,2009,2009/2010
Saturn Ramenskoe,Evgeni Malkov,22,Centre-Back,Dinamo SPb,"End of loanDec 31, 2010",in,Winter,0,Premier Liga,2009,2009/2010
Saturn Ramenskoe,Aleksey Botvinjev,28,Goalkeeper,Krasnodar,loan transfer,out,Winter,NA,Premier Liga,2009,2009/2010
Saturn Ramenskoe,Aleksandr Makarov,31,Goalkeeper,Dinamo SPb,loan transfer,out,Winter,NA,Premier Liga,2009,2009/2010
Tom Tomsk,Sergey Kornilenko,26,Centre-Forward,Zenit S-Pb,Loan fee:£1.17m,in,Winter,1.17,Premier Liga,2009,2009/2010
Tom Tomsk,Nam-il Kim,32,Defensive Midfield,Vissel Kobe,free transfer,in,Winter,NA,Premier Liga,2009,2009/2010
Tom Tomsk,Georgi Dzhioev,23,Centre-Back,Kuban Krasnodar,free transfer,in,Winter,NA,Premier Liga,2009,2009/2010
Tom Tomsk,Serghei Covalciuc,28,Central Midfield,Spartak Moscow,free transfer,in,Winter,NA,Premier Liga,2009,2009/2010
Tom Tomsk,Andrey Ivanov,21,Left-Back,Spartak Moscow,loan transfer,in,Winter,NA,Premier Liga,2009,2009/2010
Tom Tomsk,Eugene Starikov,21,Centre-Forward,Zenit II,loan transfer,in,Winter,NA,Premier Liga,2009,2009/2010
Tom Tomsk,Aleksandr Prudnikov,21,Centre-Forward,Spartak Moscow,loan transfer,in,Winter,NA,Premier Liga,2009,2009/2010
Tom Tomsk,Artem Dzyuba,21,Centre-Forward,Spartak Moscow,loan transfer,in,Winter,NA,Premier Liga,2009,2009/2010
Tom Tomsk,Sergey Golyatkin,21,Centre-Back,Chernomorets N.,"End of loanDec 31, 2009",in,Winter,0,Premier Liga,2009,2009/2010
Tom Tomsk,Anton Arkhipov,24,Centre-Forward,Chernomorets N.,"End of loanDec 31, 2009",in,Winter,0,Premier Liga,2009,2009/2010
Tom Tomsk,Aleksey Solosin,22,Goalkeeper,Ural,"End of loanDec 1, 2009",in,Winter,0,Premier Liga,2009,2009/2010
Tom Tomsk,Mikhail Vanev,28,Defensive Midfield,Chita,"End of loanDec 31, 2009",in,Winter,0,Premier Liga,2009,2009/2010
Tom Tomsk,Mikhail Vanev,28,Defensive Midfield,Chita,free transfer,out,Winter,NA,Premier Liga,2009,2009/2010
Tom Tomsk,Aleksandar Radosavljevic,30,Defensive Midfield,AE Larisa,free transfer,out,Winter,NA,Premier Liga,2009,2009/2010
Tom Tomsk,Aleksey Solosin,22,Goalkeeper,Sibir,?,out,Winter,NA,Premier Liga,2009,2009/2010
Tom Tomsk,Valeriu Catinsus,31,Centre-Back,Shinnik,?,out,Winter,NA,Premier Liga,2009,2009/2010
Tom Tomsk,Anton Arkhipov,24,Centre-Forward,Shinnik,loan transfer,out,Winter,NA,Premier Liga,2009,2009/2010
Tom Tomsk,Dmitri A. Smirnov,29,Central Midfield,Terek Grozny,"End of loanDec 31, 2009",out,Winter,0,Premier Liga,2009,2009/2010
Tom Tomsk,Artem Dzyuba,21,Centre-Forward,Spartak Moscow,"End of loanDec 31, 2009",out,Winter,0,Premier Liga,2009,2009/2010
Tom Tomsk,Andrey Ivanov,21,Left-Back,Spartak Moscow,"End of loanDec 31, 2009",out,Winter,0,Premier Liga,2009,2009/2010
Tom Tomsk,Vladimir Dyadyun,21,Centre-Forward,Rubin Kazan II,"End of loanDec 31, 2009",out,Winter,0,Premier Liga,2009,2009/2010
Terek Grozny,Maurício,21,Defensive Midfield,Fluminense,£196Th.,in,Winter,0.196,Premier Liga,2009,2009/2010
Terek Grozny,Juan Carlos Arce,24,Right Winger,Oriente P.,Loan fee:£108Th.,in,Winter,0.108,Premier Liga,2009,2009/2010
Terek Grozny,Shamil Asildarov,26,Centre-Forward,Спартак-Нальчик,free transfer,in,Winter,NA,Premier Liga,2009,2009/2010
Terek Grozny,Ferreira,25,Centre-Back,Спартак-Нальчик,?,in,Winter,NA,Premier Liga,2009,2009/2010
Terek Grozny,Dmitri Yatchenko,23,Right-Back,Спартак-Нальчик,?,in,Winter,NA,Premier Liga,2009,2009/2010
Terek Grozny,Anderson Mineiro,23,Left-Back,Náutico,loan transfer,in,Winter,NA,Premier Liga,2009,2009/2010
Terek Grozny,Rizvan Utsiev,21,Right-Back,Terek II,-,in,Winter,0,Premier Liga,2009,2009/2010
Terek Grozny,Igor Shevchenko,24,Right Winger,Kuban Krasnodar,"End of loanDec 31, 2009",in,Winter,0,Premier Liga,2009,2009/2010
Terek Grozny,Viktor Zemchenkov,23,Centre-Forward,FK Novgorod,"End of loanDec 1, 2009",in,Winter,0,Premier Liga,2009,2009/2010
Terek Grozny,Dmitri A. Smirnov,29,Central Midfield,Tom Tomsk,"End of loanDec 31, 2009",in,Winter,0,Premier Liga,2009,2009/2010
Terek Grozny,Jean Blaise Bouli,29,Right Winger,FK Novgorod,"End of loanDec 1, 2009",in,Winter,0,Premier Liga,2009,2009/2010
Terek Grozny,Guy Stephane Essamé,25,Central Midfield,FK Novgorod,"End of loanDec 1, 2009",in,Winter,0,Premier Liga,2009,2009/2010
Terek Grozny,Fabricio,28,Attacking Midfield,Maccabi Netanya,free transfer,out,Winter,NA,Premier Liga,2009,2009/2010
Terek Grozny,Florentin Petre,33,Right Winger,CSKA Sofia,free transfer,out,Winter,NA,Premier Liga,2009,2009/2010
Terek Grozny,Andrei Margaritescu,30,Defensive Midfield,FC Dinamo,free transfer,out,Winter,NA,Premier Liga,2009,2009/2010
Terek Grozny,Radoslav Zabavnik,29,Left-Back,1.FSV Mainz 05,free transfer,out,Winter,NA,Premier Liga,2009,2009/2010
Terek Grozny,Cléber,35,Centre-Back,Wisla Kraków,free transfer,out,Winter,NA,Premier Liga,2009,2009/2010
Terek Grozny,Valentin Iliev,28,Centre-Back,U. Craiova,free transfer,out,Winter,NA,Premier Liga,2009,2009/2010
Terek Grozny,Daniel Pancu,32,Centre-Forward,CSKA Sofia,free transfer,out,Winter,NA,Premier Liga,2009,2009/2010
Terek Grozny,Igor Shevchenko,24,Right Winger,Sibir,free transfer,out,Winter,NA,Premier Liga,2009,2009/2010
Terek Grozny,Sergey Bendz,26,Centre-Back,FK Novgorod,?,out,Winter,NA,Premier Liga,2009,2009/2010
Terek Grozny,Viktor Zemchenkov,23,Centre-Forward,Baltika,?,out,Winter,NA,Premier Liga,2009,2009/2010
Terek Grozny,Jean Blaise Bouli,29,Right Winger,Luch Vladivostok,?,out,Winter,NA,Premier Liga,2009,2009/2010
Terek Grozny,Ilion Lika,29,Goalkeeper,KF Vllaznia,?,out,Winter,NA,Premier Liga,2009,2009/2010
Terek Grozny,Stefan Sicaci,21,Goalkeeper,Volgar-Gazprom,loan transfer,out,Winter,NA,Premier Liga,2009,2009/2010
Terek Grozny,German Kutarba,31,Defensive Midfield,Career break,-,out,Winter,0,Premier Liga,2009,2009/2010
Terek Grozny,Timur Dzhabrailov,36,Centre-Back,Retired,-,out,Winter,0,Premier Liga,2009,2009/2010
Terek Grozny,Gogita Gogua,26,Centre-Back,Спартак-Нальчик,"End of loanDec 31, 2009",out,Winter,0,Premier Liga,2009,2009/2010
Amkar Perm,Josip Knezevic,21,Attacking Midfield,NK Osijek,£450Th.,in,Winter,0.45,Premier Liga,2009,2009/2010
Amkar Perm,Aleksandr Kolomeytsev,21,Central Midfield,FC Moscow,free transfer,in,Winter,NA,Premier Liga,2009,2009/2010
Amkar Perm,Aleksey Popov,31,Centre-Back,Rubin Kazan,free transfer,in,Winter,NA,Premier Liga,2009,2009/2010
Amkar Perm,Nikita Burmistrov,20,Right Winger,CSKA Moscow,free transfer,in,Winter,NA,Premier Liga,2009,2009/2010
Amkar Perm,Denys Dedechko,22,Centre-Back,Dynamo 2 Kyiv,?,in,Winter,NA,Premier Liga,2009,2009/2010
Amkar Perm,Victor,20,Centre-Forward,Frosinone,?,in,Winter,NA,Premier Liga,2009,2009/2010
Amkar Perm,Andrey Topchu,29,Left Winger,Kuban Krasnodar,?,in,Winter,NA,Premier Liga,2009,2009/2010
Amkar Perm,Vyacheslav Krendelev,27,Left Midfield,M. Lipetsk,"End of loanDec 31, 2009",in,Winter,0,Premier Liga,2009,2009/2010
Amkar Perm,Artur Stepanyan,22,Centre-Back,Gornyak Uchaly,"End of loanDec 1, 2009",in,Winter,0,Premier Liga,2009,2009/2010
Amkar Perm,Ivan Starkov,23,Left Winger,Khimki,"End of loanDec 1, 2009",in,Winter,0,Premier Liga,2009,2009/2010
Amkar Perm,Nikolay Zhilyaev,22,Right Winger,Kuban Krasnodar,£225Th.,out,Winter,0.225,Premier Liga,2009,2009/2010
Amkar Perm,Nikola Drincic,25,Defensive Midfield,Spartak Moscow,free transfer,out,Winter,NA,Premier Liga,2009,2009/2010
Amkar Perm,Ivan Starkov,23,Left Winger,SKA-Energia,free transfer,out,Winter,NA,Premier Liga,2009,2009/2010
Amkar Perm,Predrag Sikimic,27,Centre-Forward,Ural,free transfer,out,Winter,NA,Premier Liga,2009,2009/2010
Amkar Perm,Marius Papsys,20,Right Winger,Klaipeda,?,out,Winter,NA,Premier Liga,2009,2009/2010
Amkar Perm,Artur Stepanyan,22,Centre-Back,Gazovik Orenburg,?,out,Winter,NA,Premier Liga,2009,2009/2010
Amkar Perm,Mikhail Afanasjev,23,Right Midfield,Kuban Krasnodar,?,out,Winter,NA,Premier Liga,2009,2009/2010
Amkar Perm,Aleksey Epifanov,26,Centre-Back,Rotor Volgograd,?,out,Winter,NA,Premier Liga,2009,2009/2010
Amkar Perm,Stjepan Babic,21,Defensive Midfield,NK Zagreb,?,out,Winter,NA,Premier Liga,2009,2009/2010
Amkar Perm,Vyacheslav Krendelev,27,Left Midfield,Baltika,?,out,Winter,NA,Premier Liga,2009,2009/2010
Amkar Perm,Jean Carlos,25,Centre-Forward,Shinnik,loan transfer,out,Winter,NA,Premier Liga,2009,2009/2010
Amkar Perm,William,27,Left-Back,Shinnik,loan transfer,out,Winter,NA,Premier Liga,2009,2009/2010
Amkar Perm,Edin Junuzovic,23,Centre-Forward,Dinamo Bryansk,loan transfer,out,Winter,NA,Premier Liga,2009,2009/2010
Спартак-Нальчик Нальчик,Nikita Malyarov,20,Central Midfield,Khimik,free transfer,in,Winter,NA,Premier Liga,2009,2009/2010
Спартак-Нальчик Нальчик,Aleksandr Shchanitsin,25,Attacking Midfield,Ural,free transfer,in,Winter,NA,Premier Liga,2009,2009/2010
Спартак-Нальчик Нальчик,Roman Kontsedalov,23,Central Midfield,Loko Moscow,free transfer,in,Winter,NA,Premier Liga,2009,2009/2010
Спартак-Нальчик Нальчик,Dejan Rusic,27,Centre-Forward,FC Timisoara,loan transfer,in,Winter,NA,Premier Liga,2009,2009/2010
Спартак-Нальчик Нальчик,Otto Fredrikson,28,Goalkeeper,Lillestrøm,?,in,Winter,NA,Premier Liga,2009,2009/2010
Спартак-Нальчик Нальчик,Vladislav Khatazhenkov,25,Left-Back,Vityaz Podolsk,?,in,Winter,NA,Premier Liga,2009,2009/2010
Спартак-Нальчик Нальчик,Ivan Lapin,21,Centre-Back,Zenit II,loan transfer,in,Winter,NA,Premier Liga,2009,2009/2010
Спартак-Нальчик Нальчик,Veniamin Mandrykin,28,Goalkeeper,CSKA Moscow,loan transfer,in,Winter,NA,Premier Liga,2009,2009/2010
Спартак-Нальчик Нальчик,Patrick Etshimi,20,Centre-Forward,MK Etanchéité,loan transfer,in,Winter,NA,Premier Liga,2009,2009/2010
Спартак-Нальчик Нальчик,Vladimir Dyadyun,21,Centre-Forward,Rubin Kazan II,loan transfer,in,Winter,NA,Premier Liga,2009,2009/2010
Спартак-Нальчик Нальчик,Kirill Kochubey,23,Right Winger,Chernomorets N.,"End of loanDec 31, 2009",in,Winter,0,Premier Liga,2009,2009/2010
Спартак-Нальчик Нальчик,Ferro,24,Centre-Forward,FC Baku,"End of loanDec 31, 2009",in,Winter,0,Premier Liga,2009,2009/2010
Спартак-Нальчик Нальчик,David Loria,28,Goalkeeper,Loko Astana,"End of loanDec 31, 2009",in,Winter,0,Premier Liga,2009,2009/2010
Спартак-Нальчик Нальчик,Marat Dzakhmishev,29,Central Midfield,Chernomorets N.,"End of loanDec 31, 2009",in,Winter,0,Premier Liga,2009,2009/2010
Спартак-Нальчик Нальчик,Viktor Vasin,21,Centre-Back,FK Novgorod,"End of loanDec 31, 2009",in,Winter,0,Premier Liga,2009,2009/2010
Спартак-Нальчик Нальчик,Gogita Gogua,26,Centre-Back,Terek Grozny,"End of loanDec 31, 2009",in,Winter,0,Premier Liga,2009,2009/2010
Спартак-Нальчик Нальчик,Nazir Kazharov,22,Centre-Forward,Volgar-Gazprom,free transfer,out,Winter,NA,Premier Liga,2009,2009/2010
Спартак-Нальчик Нальчик,Kirill Kochubey,23,Right Winger,Rotor Volgograd,free transfer,out,Winter,NA,Premier Liga,2009,2009/2010
Спартак-Нальчик Нальчик,Dejan Radic,29,Goalkeeper,Rostov,free transfer,out,Winter,NA,Premier Liga,2009,2009/2010
Спартак-Нальчик Нальчик,Shamil Asildarov,26,Centre-Forward,Terek Grozny,free transfer,out,Winter,NA,Premier Liga,2009,2009/2010
Спартак-Нальчик Нальчик,Aslan Mashukov,25,Defensive Midfield,Alania,?,out,Winter,NA,Premier Liga,2009,2009/2010
Спартак-Нальчик Нальчик,Ferreira,25,Centre-Back,Terek Grozny,?,out,Winter,NA,Premier Liga,2009,2009/2010
Спартак-Нальчик Нальчик,Dmitri Yatchenko,23,Right-Back,Terek Grozny,?,out,Winter,NA,Premier Liga,2009,2009/2010
Спартак-Нальчик Нальчик,David Loria,28,Goalkeeper,Irtysh,?,out,Winter,NA,Premier Liga,2009,2009/2010
Спартак-Нальчик Нальчик,Marat Dzakhmishev,29,Central Midfield,Turan,?,out,Winter,NA,Premier Liga,2009,2009/2010
Спартак-Нальчик Нальчик,Konstantin Mikhailov,20,Left Winger,Avangard Laz.,?,out,Winter,NA,Premier Liga,2009,2009/2010
Спартак-Нальчик Нальчик,Kantemir Berkhamov,21,Central Midfield,FK Novgorod,loan transfer,out,Winter,NA,Premier Liga,2009,2009/2010
Спартак-Нальчик Нальчик,Ferro,24,Centre-Forward,Rio Branco-SP,loan transfer,out,Winter,NA,Premier Liga,2009,2009/2010
Спартак-Нальчик Нальчик,Artem Kontsevoy,26,Centre-Forward,BATE Borisov,loan transfer,out,Winter,NA,Premier Liga,2009,2009/2010
Спартак-Нальчик Нальчик,Sergey Ovchinnikov,25,Centre-Forward,Loko Moscow II,"End of loanDec 31, 2009",out,Winter,0,Premier Liga,2009,2009/2010
Спартак-Нальчик Нальчик,Rustem Kalimullin,25,Second Striker,KamAZ,"End of loanDec 1, 2009",out,Winter,0,Premier Liga,2009,2009/2010
Спартак-Нальчик Нальчик,Dmitri Khomich,25,Goalkeeper,Spartak Moscow,"End of loanDec 31, 2009",out,Winter,0,Premier Liga,2009,2009/2010
Спартак-Нальчик Нальчик,Ricardo,29,Attacking Midfield,Krasnodar,"End of loanDec 1, 2009",out,Winter,0,Premier Liga,2009,2009/2010
Спартак-Нальчик Нальчик,Oleg Samsonov,22,Right Winger,Zenit S-Pb,"End of loanDec 31, 2009",out,Winter,0,Premier Liga,2009,2009/2010
Спартак-Нальчик Нальчик,Sergiy Pylypchuk,25,Left Winger,Khimki,"End of loanDec 1, 2009",out,Winter,0,Premier Liga,2009,2009/2010
Спартак-Нальчик Нальчик,Roman Kontsedalov,23,Central Midfield,Loko Moscow,"End of loanDec 31, 2009",out,Winter,0,Premier Liga,2009,2009/2010
Sibir Novosibirsk (-2019),Maksim Astafjev,27,Right Winger,Rostov,free transfer,in,Winter,NA,Premier Liga,2009,2009/2010
Sibir Novosibirsk (-2019),Wojciech Kowalewski,32,Goalkeeper,Iraklis,free transfer,in,Winter,NA,Premier Liga,2009,2009/2010
Sibir Novosibirsk (-2019),Nikola Valentic,26,Right-Back,Alania,free transfer,in,Winter,NA,Premier Liga,2009,2009/2010
Sibir Novosibirsk (-2019),Aleksandr Antipenko,27,Centre-Forward,Khimki,free transfer,in,Winter,NA,Premier Liga,2009,2009/2010
Sibir Novosibirsk (-2019),Tomas Cizek,31,Attacking Midfield,FK Jablonec,free transfer,in,Winter,NA,Premier Liga,2009,2009/2010
Sibir Novosibirsk (-2019),Arunas Klimavicius,27,Centre-Back,Ural,free transfer,in,Winter,NA,Premier Liga,2009,2009/2010
Sibir Novosibirsk (-2019),Igor Shevchenko,24,Right Winger,Terek Grozny,free transfer,in,Winter,NA,Premier Liga,2009,2009/2010
Sibir Novosibirsk (-2019),Timur Bagautdinov,23,Goalkeeper,Soyuz-Gazprom,?,in,Winter,NA,Premier Liga,2009,2009/2010
Sibir Novosibirsk (-2019),Ivan Nagibin,23,Central Midfield,Chita,?,in,Winter,NA,Premier Liga,2009,2009/2010
Sibir Novosibirsk (-2019),Aleksey Solosin,22,Goalkeeper,Tom Tomsk,?,in,Winter,NA,Premier Liga,2009,2009/2010
Sibir Novosibirsk (-2019),Aleksey Vasiljev,22,Left Winger,Nosta,?,in,Winter,NA,Premier Liga,2009,2009/2010
Sibir Novosibirsk (-2019),Egor Filipenko,21,Centre-Back,Spartak Moscow,loan transfer,in,Winter,NA,Premier Liga,2009,2009/2010
Sibir Novosibirsk (-2019),Vitali Sidorov,19,Attacking Midfield,LFK Sibir,-,in,Winter,0,Premier Liga,2009,2009/2010
Sibir Novosibirsk (-2019),Roman Belyaev,21,Right Winger,Chita,"End of loanDec 31, 2009",in,Winter,0,Premier Liga,2009,2009/2010
Sibir Novosibirsk (-2019),Aleksey Zhitnikov,25,Defensive Midfield,Vityaz Podolsk,"End of loanDec 31, 2009",in,Winter,0,Premier Liga,2009,2009/2010
Sibir Novosibirsk (-2019),Igor Shestakov,25,Defensive Midfield,Chernomorets N.,"End of loanDec 31, 2009",in,Winter,0,Premier Liga,2009,2009/2010
Sibir Novosibirsk (-2019),Evgeni Polyakov,21,Centre-Forward,Kuzbass,"End of loanDec 31, 2009",in,Winter,0,Premier Liga,2009,2009/2010
Sibir Novosibirsk (-2019),Artem Kabanov,25,Defensive Midfield,Chkalovets-O,free transfer,out,Winter,NA,Premier Liga,2009,2009/2010
Sibir Novosibirsk (-2019),Sergey Chepchugov,24,Goalkeeper,CSKA Moscow,free transfer,out,Winter,NA,Premier Liga,2009,2009/2010
Sibir Novosibirsk (-2019),Goran Stankovski,33,Second Striker,Diyarbakirspor,free transfer,out,Winter,NA,Premier Liga,2009,2009/2010
Sibir Novosibirsk (-2019),Nenad Eric,27,Goalkeeper,Kairat Almaty,free transfer,out,Winter,NA,Premier Liga,2009,2009/2010
Sibir Novosibirsk (-2019),Aleksandr Dovbnya,22,Goalkeeper,FK Novgorod,free transfer,out,Winter,NA,Premier Liga,2009,2009/2010
Sibir Novosibirsk (-2019),Kirill Akilov,20,Central Midfield,Khimki,?,out,Winter,NA,Premier Liga,2009,2009/2010
Sibir Novosibirsk (-2019),Igor Shestakov,25,Defensive Midfield,Rotor Volgograd,?,out,Winter,NA,Premier Liga,2009,2009/2010
Sibir Novosibirsk (-2019),Aleksey Zhitnikov,25,Defensive Midfield,Rotor Volgograd,?,out,Winter,NA,Premier Liga,2009,2009/2010
Sibir Novosibirsk (-2019),Timur Bagautdinov,23,Goalkeeper,Tyumen,loan transfer,out,Winter,NA,Premier Liga,2009,2009/2010
Sibir Novosibirsk (-2019),Mantas Savenas,27,Central Midfield,Sibir II,-,out,Winter,0,Premier Liga,2009,2009/2010
Sibir Novosibirsk (-2019),Denis Laktionov,32,Left Winger,Career break,-,out,Winter,0,Premier Liga,2009,2009/2010
Sibir Novosibirsk (-2019),Eduard Krug,18,Attacking Midfield,Sibir II,-,out,Winter,0,Premier Liga,2009,2009/2010
Sibir Novosibirsk (-2019),Semen Semenenko,28,Right-Back,Career break,-,out,Winter,0,Premier Liga,2009,2009/2010
Sibir Novosibirsk (-2019),Aleksey Vasiljev,22,Left Winger,Nosta,"End of loanDec 1, 2009",out,Winter,0,Premier Liga,2009,2009/2010
Sibir Novosibirsk (-2019),Sergey Shumilin,19,Centre-Forward,CSKA Moscow II,"End of loanDec 31, 2009",out,Winter,0,Premier Liga,2009,2009/2010
