club_name,player_name,age,position,club_involved_name,fee,transfer_movement,transfer_period,fee_cleaned,league_name,year,season
ADO Den Haag,Milan van Ewijk,18,Right-Back,Excelsior M,free transfer,in,Summer,NA,Eredivisie,2019,2019/2020
ADO Den Haag,Bilal Ould-Chikh,22,Right Winger,Denizlispor,free transfer,in,Summer,NA,Eredivisie,2019,2019/2020
ADO Den Haag,Michiel Kramer,30,Centre-Forward,FC Utrecht,free transfer,in,Summer,NA,Eredivisie,2019,2019/2020
ADO Den Haag,Pawel Cibicki,25,Left Winger,Leeds,loan transfer,in,Summer,NA,Eredivisie,2019,2019/2020
ADO Den Haag,Luuk Koopmans,25,Goalkeeper,PSV Eindhoven,loan transfer,in,Summer,NA,Eredivisie,2019,2019/2020
ADO Den Haag,Crysencio Summerville,17,Right Winger,Feyenoord U19,loan transfer,in,Summer,NA,Eredivisie,2019,2019/2020
ADO Den Haag,Lorenzo van Kleef,18,Right-Back,ADO U19,-,in,Summer,0,Eredivisie,2019,2019/2020
ADO Den Haag,Dehninio Muringen,20,Centre-Back,ADO U21,-,in,Summer,0,Eredivisie,2019,2019/2020
ADO Den Haag,Thom Haye,24,Defensive Midfield,Without Club,-,in,Summer,0,Eredivisie,2019,2019/2020
ADO Den Haag,Aleksandar Bjelica,25,Centre-Back,Korona Kielce,loan transfer,in,Summer,NA,Eredivisie,2019,2019/2020
ADO Den Haag,Mike Havekotte,24,Goalkeeper,FC Dordrecht,"End of loanMay 5, 2020",in,Summer,0,Eredivisie,2019,2019/2020
ADO Den Haag,Robin Polley,21,Right-Back,FC Dordrecht,"End of loanMay 5, 2020",in,Summer,0,Eredivisie,2019,2019/2020
ADO Den Haag,Hennos Asmelash,19,Right-Back,TOP Oss,"End of loanJun 30, 2019",in,Summer,0,Eredivisie,2019,2019/2020
ADO Den Haag,Milan van Ewijk,19,Right-Back,SC Cambuur,"End of loanMay 5, 2020",in,Summer,0,Eredivisie,2019,2019/2020
ADO Den Haag,Nick Kuipers,26,Centre-Back,FC Emmen,"End of loanJun 30, 2019",in,Summer,0,Eredivisie,2019,2019/2020
ADO Den Haag,Delano Ladan,19,Centre-Forward,TOP Oss,"End of loanJun 30, 2019",in,Summer,0,Eredivisie,2019,2019/2020
ADO Den Haag,Nasser El Khayati,30,Attacking Midfield,Qatar SC,£1.53m,out,Summer,1.53,Eredivisie,2019,2019/2020
ADO Den Haag,Wilfried Kanon,26,Centre-Back,Pyramids FC,£540Th.,out,Summer,0.54,Eredivisie,2019,2019/2020
ADO Den Haag,Nick Kuipers,26,Centre-Back,PERSIB,free transfer,out,Summer,NA,Eredivisie,2019,2019/2020
ADO Den Haag,Sheraldo Becker,24,Right Winger,Union Berlin,free transfer,out,Summer,NA,Eredivisie,2019,2019/2020
ADO Den Haag,Delano Ladan,19,Centre-Forward,SC Cambuur,free transfer,out,Summer,NA,Eredivisie,2019,2019/2020
ADO Den Haag,Indy Groothuizen,23,Goalkeeper,Vejle BK,?,out,Summer,NA,Eredivisie,2019,2019/2020
ADO Den Haag,Thijmen Goppel,22,Right Midfield,MVV Maastricht,loan transfer,out,Summer,NA,Eredivisie,2019,2019/2020
ADO Den Haag,Hennos Asmelash,20,Right-Back,TOP Oss,loan transfer,out,Summer,NA,Eredivisie,2019,2019/2020
ADO Den Haag,Trevor David,22,Right-Back,Without Club,-,out,Summer,0,Eredivisie,2019,2019/2020
ADO Den Haag,Melvyn Lorenzen,24,Left Winger,Without Club,-,out,Summer,0,Eredivisie,2019,2019/2020
ADO Den Haag,Crysencio Summerville,18,Right Winger,Feyenoord U19,"End of loanMay 5, 2020",out,Summer,0,Eredivisie,2019,2019/2020
ADO Den Haag,Ricardo Kishna,24,Left Winger,Lazio,"End of loanJun 30, 2019",out,Summer,0,Eredivisie,2019,2019/2020
ADO Den Haag,Giovanni Troupée,21,Right-Back,FC Utrecht,"End of loanJun 30, 2019",out,Summer,0,Eredivisie,2019,2019/2020
Ajax Amsterdam,Quincy Promes,27,Left Winger,Sevilla FC,£14.13m,in,Summer,14.13,Eredivisie,2019,2019/2020
Ajax Amsterdam,Edson Álvarez,21,Defensive Midfield,América,£13.50m,in,Summer,13.5,Eredivisie,2019,2019/2020
Ajax Amsterdam,Razvan Marin,23,Central Midfield,Standard Liège,£11.25m,in,Summer,11.25,Eredivisie,2019,2019/2020
Ajax Amsterdam,Lisandro Martínez,21,Centre-Back,Defensa,£6.30m,in,Summer,6.3,Eredivisie,2019,2019/2020
Ajax Amsterdam,Kik Pierie,18,Centre-Back,Heerenveen,£4.50m,in,Summer,4.5,Eredivisie,2019,2019/2020
Ajax Amsterdam,Kjell Scherpen,19,Goalkeeper,FC Emmen,£1.35m,in,Summer,1.35,Eredivisie,2019,2019/2020
Ajax Amsterdam,Bruno Varela,24,Goalkeeper,Benfica,Loan fee:£900Th.,in,Summer,0.9,Eredivisie,2019,2019/2020
Ajax Amsterdam,Sergiño Dest,18,Right-Back,Ajax U21,-,in,Summer,0,Eredivisie,2019,2019/2020
Ajax Amsterdam,Jurgen Ekkelenkamp,19,Central Midfield,Ajax U21,-,in,Summer,0,Eredivisie,2019,2019/2020
Ajax Amsterdam,Ryan Gravenberch,17,Central Midfield,Ajax U21,-,in,Summer,0,Eredivisie,2019,2019/2020
Ajax Amsterdam,Dominik Kotarski,19,Goalkeeper,Ajax U21,-,in,Summer,0,Eredivisie,2019,2019/2020
Ajax Amsterdam,Lassina Traoré,18,Centre-Forward,Ajax U21,-,in,Summer,0,Eredivisie,2019,2019/2020
Ajax Amsterdam,Noa Lang,20,Left Winger,Ajax U21,-,in,Summer,0,Eredivisie,2019,2019/2020
Ajax Amsterdam,Noa Lang,20,Left Winger,Twente FC,"End of loanMay 4, 2020",in,Summer,0,Eredivisie,2019,2019/2020
Ajax Amsterdam,Siem de Jong,30,Attacking Midfield,Sydney FC,"End of loanJun 30, 2019",in,Summer,0,Eredivisie,2019,2019/2020
Ajax Amsterdam,Mateo Cassierra,22,Centre-Forward,Racing Club,"End of loanJun 30, 2019",in,Summer,0,Eredivisie,2019,2019/2020
Ajax Amsterdam,Maximilian Wöber,21,Centre-Back,Sevilla FC,"End of loanJun 30, 2019",in,Summer,0,Eredivisie,2019,2019/2020
Ajax Amsterdam,Benjamin van Leer,27,Goalkeeper,NAC Breda,"End of loanJun 30, 2019",in,Summer,0,Eredivisie,2019,2019/2020
Ajax Amsterdam,Frenkie de Jong,22,Central Midfield,Barcelona,£77.40m,out,Summer,77.4,Eredivisie,2019,2019/2020
Ajax Amsterdam,Matthijs de Ligt,19,Centre-Back,Juventus,£76.95m,out,Summer,76.95,Eredivisie,2019,2019/2020
Ajax Amsterdam,Kasper Dolberg,21,Centre-Forward,OGC Nice,£18.45m,out,Summer,18.45,Eredivisie,2019,2019/2020
Ajax Amsterdam,Maximilian Wöber,21,Centre-Back,Sevilla FC,£9.45m,out,Summer,9.45,Eredivisie,2019,2019/2020
Ajax Amsterdam,Daley Sinkgraven,23,Left-Back,Bay. Leverkusen,£4.50m,out,Summer,4.5,Eredivisie,2019,2019/2020
Ajax Amsterdam,Rasmus Kristensen,22,Right-Back,RB Salzburg,£4.50m,out,Summer,4.5,Eredivisie,2019,2019/2020
Ajax Amsterdam,Dani de Wit,21,Attacking Midfield,AZ Alkmaar,£1.80m,out,Summer,1.8,Eredivisie,2019,2019/2020
Ajax Amsterdam,Lasse Schöne,33,Defensive Midfield,Genoa,£1.35m,out,Summer,1.35,Eredivisie,2019,2019/2020
Ajax Amsterdam,Vaclav Cerny,21,Right Winger,FC Utrecht,£810Th.,out,Summer,0.81,Eredivisie,2019,2019/2020
Ajax Amsterdam,Konstantinos Lamprou,27,Goalkeeper,Vitesse,free transfer,out,Summer,NA,Eredivisie,2019,2019/2020
Ajax Amsterdam,Mateo Cassierra,22,Centre-Forward,Belenenses SAD,?,out,Summer,NA,Eredivisie,2019,2019/2020
Ajax Amsterdam,Lisandro Magallán,25,Centre-Back,Alavés,loan transfer,out,Summer,NA,Eredivisie,2019,2019/2020
Ajax Amsterdam,Bruno Varela,24,Goalkeeper,Benfica,"End of loanJun 30, 2019",out,Summer,0,Eredivisie,2019,2019/2020
AZ Alkmaar,Dani de Wit,21,Attacking Midfield,Ajax,£1.80m,in,Summer,1.8,Eredivisie,2019,2019/2020
AZ Alkmaar,Zakaria Aboukhlal,19,Left Winger,PSV U21,£1.80m,in,Summer,1.8,Eredivisie,2019,2019/2020
AZ Alkmaar,Jordy Clasie,28,Defensive Midfield,Southampton,free transfer,in,Summer,NA,Eredivisie,2019,2019/2020
AZ Alkmaar,Yukinari Sugawara,19,Right-Back,Nagoya Grampus,loan transfer,in,Summer,NA,Eredivisie,2019,2019/2020
AZ Alkmaar,Fred Friday,24,Centre-Forward,Twente FC,"End of loanJun 30, 2019",in,Summer,0,Eredivisie,2019,2019/2020
AZ Alkmaar,Ferdy Druijf,21,Centre-Forward,AZ Alkmaar U21,-,in,Summer,0,Eredivisie,2019,2019/2020
AZ Alkmaar,Kenzo Goudmijn,17,Central Midfield,AZ Alkmaar U19,-,in,Summer,0,Eredivisie,2019,2019/2020
AZ Alkmaar,Joris Kramer,22,Centre-Back,AZ Alkmaar U21,-,in,Summer,0,Eredivisie,2019,2019/2020
AZ Alkmaar,Nick Olij,23,Goalkeeper,TOP Oss,"End of loanJun 30, 2019",in,Summer,0,Eredivisie,2019,2019/2020
AZ Alkmaar,Marko Vejinović,29,Central Midfield,Arka Gdynia,"End of loanJun 30, 2019",in,Summer,0,Eredivisie,2019,2019/2020
AZ Alkmaar,Iliass Bel Hassani,26,Attacking Midfield,FC Groningen,"End of loanJun 30, 2019",in,Summer,0,Eredivisie,2019,2019/2020
AZ Alkmaar,Guus Til,21,Attacking Midfield,Spartak Moscow,£16.20m,out,Summer,16.2,Eredivisie,2019,2019/2020
AZ Alkmaar,Marko Vejinović,29,Central Midfield,Arka Gdynia,£270Th.,out,Summer,0.27,Eredivisie,2019,2019/2020
AZ Alkmaar,Ricardo van Rhijn,28,Right-Back,Heerenveen,free transfer,out,Summer,NA,Eredivisie,2019,2019/2020
AZ Alkmaar,Adam Maher,25,Central Midfield,FC Utrecht,free transfer,out,Summer,NA,Eredivisie,2019,2019/2020
AZ Alkmaar,Nick Olij,23,Goalkeeper,NAC Breda,free transfer,out,Summer,NA,Eredivisie,2019,2019/2020
AZ Alkmaar,Mats Seuntjens,27,Attacking Midfield,Genclerbirligi,?,out,Summer,NA,Eredivisie,2019,2019/2020
AZ Alkmaar,Iliass Bel Hassani,26,Attacking Midfield,PEC Zwolle,?,out,Summer,NA,Eredivisie,2019,2019/2020
AZ Alkmaar,Ondrej Mihalik,22,Centre-Forward,Viktoria Plzen,loan transfer,out,Summer,NA,Eredivisie,2019,2019/2020
AZ Alkmaar,Jeremy Helmer,22,Attacking Midfield,De Graafschap,loan transfer,out,Summer,NA,Eredivisie,2019,2019/2020
AZ Alkmaar,Björn Johnsen,27,Centre-Forward,Rosenborg,loan transfer,out,Summer,NA,Eredivisie,2019,2019/2020
AZ Alkmaar,Henri Weigelt,21,Centre-Back,AZ Alkmaar U21,-,out,Summer,0,Eredivisie,2019,2019/2020
AZ Alkmaar,Piet Velthuizen,32,Goalkeeper,Without Club,-,out,Summer,0,Eredivisie,2019,2019/2020
AZ Alkmaar,Mees Hoedemakers,21,Defensive Midfield,SC Cambuur,loan transfer,out,Summer,NA,Eredivisie,2019,2019/2020
FC Emmen,Marko Kolar,24,Centre-Forward,Wisla Kraków,£450Th.,in,Summer,0.45,Eredivisie,2019,2019/2020
FC Emmen,Miguel Araujo,24,Centre-Back,Without Club,free transfer,in,Summer,NA,Eredivisie,2019,2019/2020
FC Emmen,Luciano Slagveer,25,Right Winger,KSC Lokeren,free transfer,in,Summer,NA,Eredivisie,2019,2019/2020
FC Emmen,Michaël Heylen,25,Centre-Back,Zulte Waregem,free transfer,in,Summer,NA,Eredivisie,2019,2019/2020
FC Emmen,Sergio Peña,23,Attacking Midfield,Granada CF,free transfer,in,Summer,NA,Eredivisie,2019,2019/2020
FC Emmen,Tom Hiariej,30,Defensive Midfield,Central Coast,free transfer,in,Summer,NA,Eredivisie,2019,2019/2020
FC Emmen,Leon Sopic,18,Centre-Back,NK Rudes U19,free transfer,in,Summer,NA,Eredivisie,2019,2019/2020
FC Emmen,Lorenzo Burnet,28,Left-Back,Excelsior,free transfer,in,Summer,NA,Eredivisie,2019,2019/2020
FC Emmen,Ferhat Görgülü,27,Centre-Back,Giresunspor,free transfer,in,Summer,NA,Eredivisie,2019,2019/2020
FC Emmen,Matthias Hamrol,25,Goalkeeper,Korona Kielce,free transfer,in,Summer,NA,Eredivisie,2019,2019/2020
FC Emmen,Desevio Payne,23,Right-Back,Excelsior,free transfer,in,Summer,NA,Eredivisie,2019,2019/2020
FC Emmen,Nikolai Laursen,21,Right Winger,PSV U21,?,in,Summer,NA,Eredivisie,2019,2019/2020
FC Emmen,Shani Tarashaj,24,Second Striker,Everton,loan transfer,in,Summer,NA,Eredivisie,2019,2019/2020
FC Emmen,Jan-Niklas Beste,20,Right Winger,Werder Bremen,loan transfer,in,Summer,NA,Eredivisie,2019,2019/2020
FC Emmen,Freddy Quispel,18,Centre-Forward,Emmen U19,-,in,Summer,0,Eredivisie,2019,2019/2020
FC Emmen,Stefan van der Lei,26,Goalkeeper,Without Club,-,in,Summer,0,Eredivisie,2019,2019/2020
FC Emmen,Ruben Roosken,19,Left-Back,Emmen U19,-,in,Summer,0,Eredivisie,2019,2019/2020
FC Emmen,Robin Jalving,19,Goalkeeper,Emmen U19,-,in,Summer,0,Eredivisie,2019,2019/2020
FC Emmen,Filip Ugrinic,20,Central Midfield,FC Luzern,loan transfer,in,Summer,NA,Eredivisie,2019,2019/2020
FC Emmen,Kjell Scherpen,19,Goalkeeper,Ajax,£1.35m,out,Summer,1.35,Eredivisie,2019,2019/2020
FC Emmen,Hilal Ben Moussa,27,Central Midfield,Sepsi OSK,free transfer,out,Summer,NA,Eredivisie,2019,2019/2020
FC Emmen,Alexander Bannink,29,Attacking Midfield,Go Ahead Eagles,free transfer,out,Summer,NA,Eredivisie,2019,2019/2020
FC Emmen,Zakaria El Azzouzi,23,Centre-Forward,FC Volendam,free transfer,out,Summer,NA,Eredivisie,2019,2019/2020
FC Emmen,Caner Cavlan,27,Left-Back,Austria Vienna,free transfer,out,Summer,NA,Eredivisie,2019,2019/2020
FC Emmen,Stef Gronsveld,23,Right-Back,FC Dordrecht,free transfer,out,Summer,NA,Eredivisie,2019,2019/2020
FC Emmen,Rob Deiman,20,Central Midfield,SV Meppen II,free transfer,out,Summer,NA,Eredivisie,2019,2019/2020
FC Emmen,Stephen Warmolts,25,Centre-Back,HHC Hardenberg,free transfer,out,Summer,NA,Eredivisie,2019,2019/2020
FC Emmen,Jason Bourdouxhe,28,Left Midfield,TOP Oss,free transfer,out,Summer,NA,Eredivisie,2019,2019/2020
FC Emmen,Gersom Klok,28,Right-Back,HHC Hardenberg,free transfer,out,Summer,NA,Eredivisie,2019,2019/2020
FC Emmen,Emil Bijlsma,20,Central Midfield,VV Hoogeveen,free transfer,out,Summer,NA,Eredivisie,2019,2019/2020
FC Emmen,Kasper Oldenburger,23,Right Winger,Harkemase Boys,free transfer,out,Summer,NA,Eredivisie,2019,2019/2020
FC Emmen,Delano Grootenhuis,22,Attacking Midfield,Sp. Glanerbrug,free transfer,out,Summer,NA,Eredivisie,2019,2019/2020
FC Emmen,Nico Neidhart,24,Right-Back,Hansa Rostock,£19Th.,out,Summer,0.019,Eredivisie,2019,2019/2020
FC Emmen,Peter van der Vlag,41,Goalkeeper,Retired,-,out,Summer,0,Eredivisie,2019,2019/2020
FC Emmen,Tim Siekman,29,Centre-Back,Without Club,-,out,Summer,0,Eredivisie,2019,2019/2020
FC Emmen,Luciano Slagveer,25,Right Winger,KSC Lokeren,"End of loanJun 30, 2019",out,Summer,0,Eredivisie,2019,2019/2020
FC Emmen,Nick Kuipers,26,Centre-Back,ADO Den Haag,"End of loanJun 30, 2019",out,Summer,0,Eredivisie,2019,2019/2020
FC Emmen,Andrej Lukic,25,Centre-Back,SC Braga,"End of loanJun 30, 2019",out,Summer,0,Eredivisie,2019,2019/2020
FC Emmen,Sven Braken,26,Centre-Forward,NEC Nijmegen,"End of loanJun 30, 2019",out,Summer,0,Eredivisie,2019,2019/2020
FC Emmen,Reuven Niemeijer,24,Second Striker,Heracles Almelo,"End of loanJun 30, 2019",out,Summer,0,Eredivisie,2019,2019/2020
Feyenoord Rotterdam,Marcos Senesi,22,Centre-Back,San Lorenzo,£6.30m,in,Summer,6.3,Eredivisie,2019,2019/2020
Feyenoord Rotterdam,George Johnston,20,Centre-Back,Liverpool U23,£270Th.,in,Summer,0.27,Eredivisie,2019,2019/2020
Feyenoord Rotterdam,Nick Marsman,28,Goalkeeper,FC Utrecht,free transfer,in,Summer,NA,Eredivisie,2019,2019/2020
Feyenoord Rotterdam,Leroy Fer,29,Defensive Midfield,Swansea,free transfer,in,Summer,NA,Eredivisie,2019,2019/2020
Feyenoord Rotterdam,Luciano Narsingh,28,Right Winger,Swansea,free transfer,in,Summer,NA,Eredivisie,2019,2019/2020
Feyenoord Rotterdam,Liam Kelly,23,Central Midfield,Reading,free transfer,in,Summer,NA,Eredivisie,2019,2019/2020
Feyenoord Rotterdam,Edgar Ié,25,Centre-Back,Trabzonspor,loan transfer,in,Summer,NA,Eredivisie,2019,2019/2020
Feyenoord Rotterdam,Rick Karsdorp,24,Right-Back,AS Roma,loan transfer,in,Summer,NA,Eredivisie,2019,2019/2020
Feyenoord Rotterdam,Achraf El Bouchataoui,19,Central Midfield,Feyenoord U21,-,in,Summer,0,Eredivisie,2019,2019/2020
Feyenoord Rotterdam,Bart Nieuwkoop,24,Right-Back,Willem II,"End of loanMay 4, 2020",in,Summer,0,Eredivisie,2019,2019/2020
Feyenoord Rotterdam,Emil Hansson,21,Left Winger,RKC Waalwijk,"End of loanJun 30, 2019",in,Summer,0,Eredivisie,2019,2019/2020
Feyenoord Rotterdam,Wouter Burger,19,Central Midfield,Excelsior,"End of loanMay 4, 2020",in,Summer,0,Eredivisie,2019,2019/2020
Feyenoord Rotterdam,Mo El Hankouri,21,Left Winger,FC Groningen,"End of loanJun 30, 2019",in,Summer,0,Eredivisie,2019,2019/2020
Feyenoord Rotterdam,Renato Tapia,23,Defensive Midfield,Willem II,"End of loanJun 30, 2019",in,Summer,0,Eredivisie,2019,2019/2020
Feyenoord Rotterdam,Tonny Vilhena,24,Central Midfield,Krasnodar,£8.10m,out,Summer,8.1,Eredivisie,2019,2019/2020
Feyenoord Rotterdam,Jeremiah St. Juste,22,Centre-Back,1.FSV Mainz 05,£7.20m,out,Summer,7.2,Eredivisie,2019,2019/2020
Feyenoord Rotterdam,Emil Hansson,21,Left Winger,Hannover 96,£360Th.,out,Summer,0.36,Eredivisie,2019,2019/2020
Feyenoord Rotterdam,Mo El Hankouri,22,Left Winger,FC Groningen,free transfer,out,Summer,NA,Eredivisie,2019,2019/2020
Feyenoord Rotterdam,Joris Delle,29,Goalkeeper,Orlando Pirates,free transfer,out,Summer,NA,Eredivisie,2019,2019/2020
Feyenoord Rotterdam,Dylan Vente,20,Centre-Forward,RKC Waalwijk,loan transfer,out,Summer,NA,Eredivisie,2019,2019/2020
Feyenoord Rotterdam,Calvin Verdonk,22,Left-Back,Twente FC,loan transfer,out,Summer,NA,Eredivisie,2019,2019/2020
Feyenoord Rotterdam,Ramón ten Hove,21,Goalkeeper,FC Dordrecht,loan transfer,out,Summer,NA,Eredivisie,2019,2019/2020
Feyenoord Rotterdam,Bart Nieuwkoop,23,Right-Back,Willem II,loan transfer,out,Summer,NA,Eredivisie,2019,2019/2020
Feyenoord Rotterdam,Robin van Persie,35,Centre-Forward,Retired,-,out,Summer,0,Eredivisie,2019,2019/2020
Feyenoord Rotterdam,Cuco Martina,29,Right-Back,Everton,"End of loanJun 30, 2019",out,Summer,0,Eredivisie,2019,2019/2020
Feyenoord Rotterdam,Jordy Clasie,28,Defensive Midfield,Southampton,"End of loanJun 30, 2019",out,Summer,0,Eredivisie,2019,2019/2020
Fortuna Sittard,Grégoire Amiot,24,Centre-Back,Bourg-en-Bresse,free transfer,in,Summer,NA,Eredivisie,2019,2019/2020
Fortuna Sittard,Adnan Ugur,18,Central Midfield,FC Brügge U21,free transfer,in,Summer,NA,Eredivisie,2019,2019/2020
Fortuna Sittard,Patrik Raitanen,18,Centre-Back,Liverpool U18,free transfer,in,Summer,NA,Eredivisie,2019,2019/2020
Fortuna Sittard,Jacky Donkor,20,Left Winger,KSC Lokeren II,free transfer,in,Summer,NA,Eredivisie,2019,2019/2020
Fortuna Sittard,Bassala Sambou,21,Centre-Forward,Everton U23,free transfer,in,Summer,NA,Eredivisie,2019,2019/2020
Fortuna Sittard,Martin Angha,25,Centre-Back,FC Sion,?,in,Summer,NA,Eredivisie,2019,2019/2020
Fortuna Sittard,Rasmus Karjalainen,23,Centre-Forward,KuPS,?,in,Summer,NA,Eredivisie,2019,2019/2020
Fortuna Sittard,Cian Harries,22,Centre-Back,Swansea,loan transfer,in,Summer,NA,Eredivisie,2019,2019/2020
Fortuna Sittard,Leandro Fernandes,19,Central Midfield,Juventus U23,loan transfer,in,Summer,NA,Eredivisie,2019,2019/2020
Fortuna Sittard,George Cox,21,Left-Back,Brighton U23,loan transfer,in,Summer,NA,Eredivisie,2019,2019/2020
Fortuna Sittard,Vitalie Damascan,20,Centre-Forward,Torino,loan transfer,in,Summer,NA,Eredivisie,2019,2019/2020
Fortuna Sittard,Felix Passlack,21,Right-Back,Bor. Dortmund,loan transfer,in,Summer,NA,Eredivisie,2019,2019/2020
Fortuna Sittard,Àlex Carbonell,21,Central Midfield,Valencia,loan transfer,in,Summer,NA,Eredivisie,2019,2019/2020
Fortuna Sittard,Tesfaldet Tekie,22,Central Midfield,Without Club,-,in,Summer,0,Eredivisie,2019,2019/2020
Fortuna Sittard,Dimitrios Ioannidis,19,Defensive Midfield,Fortuna U19,-,in,Summer,0,Eredivisie,2019,2019/2020
Fortuna Sittard,Nassim el Ablak,19,Attacking Midfield,Fortuna U19,-,in,Summer,0,Eredivisie,2019,2019/2020
Fortuna Sittard,Bo Breukers,20,Central Midfield,FC Dordrecht,"End of loanJun 30, 2019",in,Summer,0,Eredivisie,2019,2019/2020
Fortuna Sittard,Mickaël Malsa,23,Defensive Midfield,Albacete,"End of loanJun 30, 2019",in,Summer,0,Eredivisie,2019,2019/2020
Fortuna Sittard,Calvin Mac-Intosch,29,Centre-Back,SC Cambuur,free transfer,out,Summer,NA,Eredivisie,2019,2019/2020
Fortuna Sittard,George Mells,22,Central Midfield,Brisbane Roar,free transfer,out,Summer,NA,Eredivisie,2019,2019/2020
Fortuna Sittard,Finn Stokkers,23,Centre-Forward,NAC Breda,free transfer,out,Summer,NA,Eredivisie,2019,2019/2020
Fortuna Sittard,Lars Hutten,29,Centre-Forward,TOP Oss,free transfer,out,Summer,NA,Eredivisie,2019,2019/2020
Fortuna Sittard,Aykut Özer,26,Goalkeeper,Karagümrük,free transfer,out,Summer,NA,Eredivisie,2019,2019/2020
Fortuna Sittard,Gavin Vlijter,22,Left Winger,MVV Maastricht,free transfer,out,Summer,NA,Eredivisie,2019,2019/2020
Fortuna Sittard,Rubén Ramírez,23,Centre-Back,Atl. Venezuela,free transfer,out,Summer,NA,Eredivisie,2019,2019/2020
Fortuna Sittard,Mickaël Malsa,23,Defensive Midfield,CD Mirandés,free transfer,out,Summer,NA,Eredivisie,2019,2019/2020
Fortuna Sittard,Alessandro Ciranni,23,Right-Back,Mouscron,?,out,Summer,NA,Eredivisie,2019,2019/2020
Fortuna Sittard,Lisandro Semedo,23,Right Winger,OFI Crete FC,loan transfer,out,Summer,NA,Eredivisie,2019,2019/2020
Fortuna Sittard,Kai Heerings,29,Centre-Back,Without Club,-,out,Summer,0,Eredivisie,2019,2019/2020
Fortuna Sittard,Anthony Syhre,24,Defensive Midfield,Without Club,-,out,Summer,0,Eredivisie,2019,2019/2020
Fortuna Sittard,Marco Ospitalieri,27,Left-Back,Without Club,-,out,Summer,0,Eredivisie,2019,2019/2020
Fortuna Sittard,Andrija Balic,21,Central Midfield,Udinese Calcio,"End of loanJun 30, 2019",out,Summer,0,Eredivisie,2019,2019/2020
Fortuna Sittard,Lazaros Lamprou,21,Left Winger,PAOK Salonika,"End of loanJun 30, 2019",out,Summer,0,Eredivisie,2019,2019/2020
Fortuna Sittard,José Rodríguez,24,Central Midfield,1.FSV Mainz 05,"End of loanJun 30, 2019",out,Summer,0,Eredivisie,2019,2019/2020
Fortuna Sittard,Ahmed El Messaoudi,23,Attacking Midfield,KV Mechelen,"End of loanJun 30, 2019",out,Summer,0,Eredivisie,2019,2019/2020
Fortuna Sittard,Andrija Novakovich,22,Centre-Forward,Reading,"End of loanJun 30, 2019",out,Summer,0,Eredivisie,2019,2019/2020
FC Groningen,Azor Matusiwa,21,Defensive Midfield,Ajax U21,£630Th.,in,Summer,0.63,Eredivisie,2019,2019/2020
FC Groningen,Ramon Pascal Lundqvist,22,Attacking Midfield,NAC Breda,£135Th.,in,Summer,0.135,Eredivisie,2019,2019/2020
FC Groningen,Bart van Hintum,32,Left-Back,Heracles Almelo,free transfer,in,Summer,NA,Eredivisie,2019,2019/2020
FC Groningen,Marco van Duin,32,Goalkeeper,NEC Nijmegen,free transfer,in,Summer,NA,Eredivisie,2019,2019/2020
FC Groningen,Charlison Benschop,29,Centre-Forward,FC Ingolstadt,free transfer,in,Summer,NA,Eredivisie,2019,2019/2020
FC Groningen,Mo El Hankouri,22,Left Winger,Feyenoord,free transfer,in,Summer,NA,Eredivisie,2019,2019/2020
FC Groningen,Jan de Boer,19,Goalkeeper,Heerenveen U19,free transfer,in,Summer,NA,Eredivisie,2019,2019/2020
FC Groningen,Nicklas Strunck Jakobsen,19,Central Midfield,Nordsjaelland,?,in,Summer,NA,Eredivisie,2019,2019/2020
FC Groningen,Gabriel Gudmundsson,20,Left-Back,Halmstads BK,?,in,Summer,NA,Eredivisie,2019,2019/2020
FC Groningen,Ahmed El Messaoudi,24,Attacking Midfield,KV Mechelen,?,in,Summer,NA,Eredivisie,2019,2019/2020
FC Groningen,Sam Schreck,20,Central Midfield,Bay. Leverkusen,?,in,Summer,NA,Eredivisie,2019,2019/2020
FC Groningen,Joel Asoro,20,Centre-Forward,Swansea,loan transfer,in,Summer,NA,Eredivisie,2019,2019/2020
FC Groningen,Tapmahoe Sopacua,19,Right-Back,Groningen U21,-,in,Summer,0,Eredivisie,2019,2019/2020
FC Groningen,Daniël van Kaam,19,Defensive Midfield,Groningen U21,-,in,Summer,0,Eredivisie,2019,2019/2020
FC Groningen,Thijs Dallinga,18,Centre-Forward,Groningen U21,-,in,Summer,0,Eredivisie,2019,2019/2020
FC Groningen,Ahmad Mendes Moreira,24,Left Winger,Telstar,"End of loanJun 30, 2019",in,Summer,0,Eredivisie,2019,2019/2020
FC Groningen,Ritsu Doan,21,Right Winger,PSV Eindhoven,£6.75m,out,Summer,6.75,Eredivisie,2019,2019/2020
FC Groningen,Julian Chabot,21,Centre-Back,Sampdoria,£3.33m,out,Summer,3.33,Eredivisie,2019,2019/2020
FC Groningen,Ludovit Reis,19,Central Midfield,Barcelona B,£2.93m,out,Summer,2.93,Eredivisie,2019,2019/2020
FC Groningen,Paul Gladon,27,Centre-Forward,Willem II,free transfer,out,Summer,NA,Eredivisie,2019,2019/2020
FC Groningen,Ahmad Mendes Moreira,24,Left Winger,Excelsior,free transfer,out,Summer,NA,Eredivisie,2019,2019/2020
FC Groningen,Lars Kramer,19,Centre-Back,Viborg FF,free transfer,out,Summer,NA,Eredivisie,2019,2019/2020
FC Groningen,Mimoun Mahi,25,Centre-Forward,FC Zürich,free transfer,out,Summer,NA,Eredivisie,2019,2019/2020
FC Groningen,Jannik Pohl,23,Centre-Forward,AC Horsens,loan transfer,out,Summer,NA,Eredivisie,2019,2019/2020
FC Groningen,Tom van de Looi,20,Defensive Midfield,NEC Nijmegen,loan transfer,out,Summer,NA,Eredivisie,2019,2019/2020
FC Groningen,Kevin Begois,37,Goalkeeper,Retired,-,out,Summer,0,Eredivisie,2019,2019/2020
FC Groningen,Mo El Hankouri,21,Left Winger,Feyenoord,"End of loanJun 30, 2019",out,Summer,0,Eredivisie,2019,2019/2020
FC Groningen,Iliass Bel Hassani,26,Attacking Midfield,AZ Alkmaar,"End of loanJun 30, 2019",out,Summer,0,Eredivisie,2019,2019/2020
FC Groningen,Thomas Bruns,27,Central Midfield,Vitesse,"End of loanJun 30, 2019",out,Summer,0,Eredivisie,2019,2019/2020
FC Groningen,Tim Handwerker,21,Left-Back,1. FC Köln,"End of loanJun 30, 2019",out,Summer,0,Eredivisie,2019,2019/2020
SC Heerenveen,Chidera Ejuke,21,Left Winger,Vålerenga,£1.80m,in,Summer,1.8,Eredivisie,2019,2019/2020
SC Heerenveen,Joey Veerman,20,Defensive Midfield,FC Volendam,£495Th.,in,Summer,0.495,Eredivisie,2019,2019/2020
SC Heerenveen,Jens Odgaard,20,Centre-Forward,Sassuolo,Loan fee:£225Th.,in,Summer,0.225,Eredivisie,2019,2019/2020
SC Heerenveen,Ricardo van Rhijn,28,Right-Back,AZ Alkmaar,free transfer,in,Summer,NA,Eredivisie,2019,2019/2020
SC Heerenveen,Hicham Faik,27,Defensive Midfield,Zulte Waregem,?,in,Summer,NA,Eredivisie,2019,2019/2020
SC Heerenveen,Alen Halilovic,23,Attacking Midfield,AC Milan,loan transfer,in,Summer,NA,Eredivisie,2019,2019/2020
SC Heerenveen,Van Hau Doan,20,Left-Back,Hanoi FC,loan transfer,in,Summer,NA,Eredivisie,2019,2019/2020
SC Heerenveen,Anders Dreyer,21,Right Winger,Brighton,loan transfer,in,Summer,NA,Eredivisie,2019,2019/2020
SC Heerenveen,Vanja Drkusic,19,Centre-Back,Heerenveen U21,-,in,Summer,0,Eredivisie,2019,2019/2020
SC Heerenveen,Arjen van der Heide,17,Left Winger,Heerenveen U19,-,in,Summer,0,Eredivisie,2019,2019/2020
SC Heerenveen,Rami Al Hajj,17,Attacking Midfield,Heerenveen U19,-,in,Summer,0,Eredivisie,2019,2019/2020
SC Heerenveen,Jan Ras,20,Central Midfield,Heerenveen U21,-,in,Summer,0,Eredivisie,2019,2019/2020
SC Heerenveen,Hamdi Akujobi,19,Right-Back,Heerenveen U19,-,in,Summer,0,Eredivisie,2019,2019/2020
SC Heerenveen,Sven Botman,19,Centre-Back,Ajax U21,loan transfer,in,Summer,NA,Eredivisie,2019,2019/2020
SC Heerenveen,Jordy Bruijn,22,Defensive Midfield,NEC Nijmegen,"End of loanJun 30, 2019",in,Summer,0,Eredivisie,2019,2019/2020
SC Heerenveen,Michel Vlap,22,Attacking Midfield,RSC Anderlecht,£6.21m,out,Summer,6.21,Eredivisie,2019,2019/2020
SC Heerenveen,Kik Pierie,18,Centre-Back,Ajax,£4.50m,out,Summer,4.5,Eredivisie,2019,2019/2020
SC Heerenveen,Ben Rienstra,29,Central Midfield,Kayserispor,£450Th.,out,Summer,0.45,Eredivisie,2019,2019/2020
SC Heerenveen,Morten Thorsby,23,Central Midfield,Sampdoria,free transfer,out,Summer,NA,Eredivisie,2019,2019/2020
SC Heerenveen,Vanja Drkusic,19,Centre-Back,Rende,free transfer,out,Summer,NA,Eredivisie,2019,2019/2020
SC Heerenveen,Jan Bekkema,23,Goalkeeper,SV Straelen,free transfer,out,Summer,NA,Eredivisie,2019,2019/2020
SC Heerenveen,Doke Schmidt,27,Right-Back,SC Cambuur,free transfer,out,Summer,NA,Eredivisie,2019,2019/2020
SC Heerenveen,Pelle van Amersfoort,23,Attacking Midfield,Cracovia,free transfer,out,Summer,NA,Eredivisie,2019,2019/2020
SC Heerenveen,Jizz Hornkamp,21,Centre-Forward,FC Den Bosch,?,out,Summer,NA,Eredivisie,2019,2019/2020
SC Heerenveen,Stijn Schaars,35,Defensive Midfield,Retired,-,out,Summer,0,Eredivisie,2019,2019/2020
SC Heerenveen,Yuki Kobayashi,27,Central Midfield,Without Club,-,out,Summer,0,Eredivisie,2019,2019/2020
SC Heerenveen,Dennis Johnsen,21,Left Winger,Ajax U21,"End of loanJun 30, 2019",out,Summer,0,Eredivisie,2019,2019/2020
SC Heerenveen,Sam Lammers,22,Centre-Forward,PSV Eindhoven,"End of loanJun 30, 2019",out,Summer,0,Eredivisie,2019,2019/2020
Heracles Almelo,Lucas Schoofs,22,Defensive Midfield,KAA Gent,free transfer,in,Summer,NA,Eredivisie,2019,2019/2020
Heracles Almelo,Mohamed Amissi,19,Left Winger,NAC Breda U19,free transfer,in,Summer,NA,Eredivisie,2019,2019/2020
Heracles Almelo,Adrián Szőke,21,Centre-Forward,1.FC Köln II,free transfer,in,Summer,NA,Eredivisie,2019,2019/2020
Heracles Almelo,Orestis Kiomourtzoglou,21,Defensive Midfield,Unterhaching,?,in,Summer,NA,Eredivisie,2019,2019/2020
Heracles Almelo,Jeremy Cijntje,21,Left Winger,FC Dordrecht,?,in,Summer,NA,Eredivisie,2019,2019/2020
Heracles Almelo,Cyriel Dessers,24,Centre-Forward,FC Utrecht,?,in,Summer,NA,Eredivisie,2019,2019/2020
Heracles Almelo,Teun Bijleveld,21,Central Midfield,Ajax U21,?,in,Summer,NA,Eredivisie,2019,2019/2020
Heracles Almelo,Navajo Bakboord,20,Right-Back,Ajax U21,?,in,Summer,NA,Eredivisie,2019,2019/2020
Heracles Almelo,Mauro Júnior,20,Attacking Midfield,PSV Eindhoven,loan transfer,in,Summer,NA,Eredivisie,2019,2019/2020
Heracles Almelo,Reuven Niemeijer,24,Second Striker,FC Emmen,"End of loanJun 30, 2019",in,Summer,0,Eredivisie,2019,2019/2020
Heracles Almelo,Vincent Vermeij,24,Centre-Forward,FC Den Bosch,"End of loanJun 30, 2019",in,Summer,0,Eredivisie,2019,2019/2020
Heracles Almelo,Brandley Kuwas,26,Right Winger,Al-Nasr,£2.25m,out,Summer,2.25,Eredivisie,2019,2019/2020
Heracles Almelo,Adrián Dalmau,25,Centre-Forward,FC Utrecht,£630Th.,out,Summer,0.63,Eredivisie,2019,2019/2020
Heracles Almelo,Kristoffer Peterson,24,Left Winger,Swansea,£495Th.,out,Summer,0.495,Eredivisie,2019,2019/2020
Heracles Almelo,Wout Droste,30,Right-Back,Go Ahead Eagles,free transfer,out,Summer,NA,Eredivisie,2019,2019/2020
Heracles Almelo,Zeki Erkilinc,21,Left Winger,FC Dordrecht,free transfer,out,Summer,NA,Eredivisie,2019,2019/2020
Heracles Almelo,Tim van de Berg,21,Defensive Midfield,DHSC Utrecht,free transfer,out,Summer,NA,Eredivisie,2019,2019/2020
Heracles Almelo,Vincent Vermeij,24,Centre-Forward,MSV Duisburg,free transfer,out,Summer,NA,Eredivisie,2019,2019/2020
Heracles Almelo,Bart van Hintum,32,Left-Back,FC Groningen,free transfer,out,Summer,NA,Eredivisie,2019,2019/2020
Heracles Almelo,Lerin Duarte,28,Central Midfield,Aris Saloniki,free transfer,out,Summer,NA,Eredivisie,2019,2019/2020
Heracles Almelo,Yoëll van Nieff,26,Defensive Midfield,Puskás AFC,?,out,Summer,NA,Eredivisie,2019,2019/2020
PEC Zwolle,Xavier Mous,23,Goalkeeper,SC Cambuur,£540Th.,in,Summer,0.54,Eredivisie,2019,2019/2020
PEC Zwolle,Sam Kersten,21,Centre-Back,FC Den Bosch,£360Th.,in,Summer,0.36,Eredivisie,2019,2019/2020
PEC Zwolle,Kenneth Paal,22,Left-Back,PSV Eindhoven,£315Th.,in,Summer,0.315,Eredivisie,2019,2019/2020
PEC Zwolle,Sai van Wermeskerken,25,Right-Back,SC Cambuur,free transfer,in,Summer,NA,Eredivisie,2019,2019/2020
PEC Zwolle,Reza Ghoochannejhad,31,Centre-Forward,APOEL Nicosia,free transfer,in,Summer,NA,Eredivisie,2019,2019/2020
PEC Zwolle,Etiënne Reijnen,32,Centre-Back,Maccabi Haifa,free transfer,in,Summer,NA,Eredivisie,2019,2019/2020
PEC Zwolle,Mustafa Saymak,26,Central Midfield,C. Rizespor,free transfer,in,Summer,NA,Eredivisie,2019,2019/2020
PEC Zwolle,Iliass Bel Hassani,26,Attacking Midfield,AZ Alkmaar,?,in,Summer,NA,Eredivisie,2019,2019/2020
PEC Zwolle,Michael Zetterer,23,Goalkeeper,Werder Bremen,loan transfer,in,Summer,NA,Eredivisie,2019,2019/2020
PEC Zwolle,Thomas Bruns,27,Central Midfield,Vitesse,loan transfer,in,Summer,NA,Eredivisie,2019,2019/2020
PEC Zwolle,Dennis Johnsen,21,Left Winger,Ajax U21,loan transfer,in,Summer,NA,Eredivisie,2019,2019/2020
PEC Zwolle,Dean Huiberts,19,Central Midfield,PEC Zwolle U21,-,in,Summer,0,Eredivisie,2019,2019/2020
PEC Zwolle,Mike Hauptmeijer,22,Goalkeeper,Achilles '29,"End of loanJun 30, 2019",in,Summer,0,Eredivisie,2019,2019/2020
PEC Zwolle,Ruben Ligeon,27,Right-Back,De Graafschap,"End of loanJun 30, 2019",in,Summer,0,Eredivisie,2019,2019/2020
PEC Zwolle,Anass Achahbar,25,Attacking Midfield,NEC Nijmegen,"End of loanJun 30, 2019",in,Summer,0,Eredivisie,2019,2019/2020
PEC Zwolle,Younes Namli,25,Attacking Midfield,Krasnodar,£1.80m,out,Summer,1.8,Eredivisie,2019,2019/2020
PEC Zwolle,Kingsley Ehizibue,24,Right-Back,1. FC Köln,£1.80m,out,Summer,1.8,Eredivisie,2019,2019/2020
PEC Zwolle,Sepp van den Berg,17,Centre-Back,Liverpool,£1.71m,out,Summer,1.71,Eredivisie,2019,2019/2020
PEC Zwolle,Ruben Ligeon,27,Right-Back,AS Trencin,free transfer,out,Summer,NA,Eredivisie,2019,2019/2020
PEC Zwolle,Dico Koppers,27,Left-Back,Almere City,free transfer,out,Summer,NA,Eredivisie,2019,2019/2020
PEC Zwolle,Anass Achahbar,25,Attacking Midfield,FC Dordrecht,free transfer,out,Summer,NA,Eredivisie,2019,2019/2020
PEC Zwolle,Mickey van der Hart,25,Goalkeeper,Lech Poznan,free transfer,out,Summer,NA,Eredivisie,2019,2019/2020
PEC Zwolle,Zian Flemming,21,Attacking Midfield,NEC Nijmegen,loan transfer,out,Summer,NA,Eredivisie,2019,2019/2020
PEC Zwolle,Stanley Elbers,27,Right Winger,RKC Waalwijk,loan transfer,out,Summer,NA,Eredivisie,2019,2019/2020
PEC Zwolle,Clint Leemans,23,Central Midfield,RKC Waalwijk,loan transfer,out,Summer,NA,Eredivisie,2019,2019/2020
PEC Zwolle,Diederik Boer,38,Goalkeeper,Retired,-,out,Summer,0,Eredivisie,2019,2019/2020
PEC Zwolle,Dean Bouzanis,28,Goalkeeper,Melbourne City,"End of loanJun 30, 2019",out,Summer,0,Eredivisie,2019,2019/2020
PEC Zwolle,Ouasim Bouy,26,Defensive Midfield,Leeds,"End of loanJun 30, 2019",out,Summer,0,Eredivisie,2019,2019/2020
PEC Zwolle,Denis Genreau,20,Attacking Midfield,Melbourne City,"End of loanJun 30, 2019",out,Summer,0,Eredivisie,2019,2019/2020
PEC Zwolle,Kenneth Paal,22,Left-Back,PSV Eindhoven,"End of loanJun 30, 2019",out,Summer,0,Eredivisie,2019,2019/2020
PSV Eindhoven,Bruma,24,Left Winger,RB Leipzig,£10.80m,in,Summer,10.8,Eredivisie,2019,2019/2020
PSV Eindhoven,Timo Baumgartl,23,Centre-Back,VfB Stuttgart,£9.00m,in,Summer,9,Eredivisie,2019,2019/2020
PSV Eindhoven,Ritsu Doan,21,Right Winger,FC Groningen,£6.75m,in,Summer,6.75,Eredivisie,2019,2019/2020
PSV Eindhoven,Olivier Boscagli,21,Centre-Back,OGC Nice,£1.80m,in,Summer,1.8,Eredivisie,2019,2019/2020
PSV Eindhoven,Konstantinos Mitroglou,31,Centre-Forward,Galatasaray,Loan fee:£1.13m,in,Summer,1.13,Eredivisie,2019,2019/2020
PSV Eindhoven,Robbin Ruiter,32,Goalkeeper,Sunderland,free transfer,in,Summer,NA,Eredivisie,2019,2019/2020
PSV Eindhoven,Toni Lato,21,Left-Back,Valencia,loan transfer,in,Summer,NA,Eredivisie,2019,2019/2020
PSV Eindhoven,Ibrahim Afellay,33,Left Midfield,Without Club,-,in,Summer,0,Eredivisie,2019,2019/2020
PSV Eindhoven,Derrick Luckassen,23,Centre-Back,Hertha BSC,"End of loanJun 30, 2019",in,Summer,0,Eredivisie,2019,2019/2020
PSV Eindhoven,Luuk Koopmans,25,Goalkeeper,MVV Maastricht,"End of loanJun 30, 2019",in,Summer,0,Eredivisie,2019,2019/2020
PSV Eindhoven,Sam Lammers,22,Centre-Forward,Heerenveen,"End of loanJun 30, 2019",in,Summer,0,Eredivisie,2019,2019/2020
PSV Eindhoven,Kenneth Paal,22,Left-Back,PEC Zwolle,"End of loanJun 30, 2019",in,Summer,0,Eredivisie,2019,2019/2020
PSV Eindhoven,Lars Unnerstall,28,Goalkeeper,VVV-Venlo,"End of loanJun 30, 2019",in,Summer,0,Eredivisie,2019,2019/2020
PSV Eindhoven,Hirving Lozano,24,Right Winger,SSC Napoli,£31.50m,out,Summer,31.5,Eredivisie,2019,2019/2020
PSV Eindhoven,Luuk de Jong,28,Centre-Forward,Sevilla FC,£11.25m,out,Summer,11.25,Eredivisie,2019,2019/2020
PSV Eindhoven,Angeliño,22,Left Midfield,Man City,£10.80m,out,Summer,10.8,Eredivisie,2019,2019/2020
PSV Eindhoven,Aziz Behich,28,Left-Back,Basaksehir,£900Th.,out,Summer,0.9,Eredivisie,2019,2019/2020
PSV Eindhoven,Kenneth Paal,22,Left-Back,PEC Zwolle,£315Th.,out,Summer,0.315,Eredivisie,2019,2019/2020
PSV Eindhoven,Eloy Room,30,Goalkeeper,Columbus Crew,free transfer,out,Summer,NA,Eredivisie,2019,2019/2020
PSV Eindhoven,Trent Sainsbury,27,Centre-Back,Maccabi Haifa,free transfer,out,Summer,NA,Eredivisie,2019,2019/2020
PSV Eindhoven,Maximiliano Romero,20,Centre-Forward,Vélez Sarsfield,loan transfer,out,Summer,NA,Eredivisie,2019,2019/2020
PSV Eindhoven,Bart Ramselaar,23,Attacking Midfield,FC Utrecht,?,out,Summer,NA,Eredivisie,2019,2019/2020
PSV Eindhoven,Derrick Luckassen,24,Centre-Back,RSC Anderlecht,loan transfer,out,Summer,NA,Eredivisie,2019,2019/2020
PSV Eindhoven,Luuk Koopmans,25,Goalkeeper,ADO Den Haag,loan transfer,out,Summer,NA,Eredivisie,2019,2019/2020
PSV Eindhoven,Mauro Júnior,20,Attacking Midfield,Heracles Almelo,loan transfer,out,Summer,NA,Eredivisie,2019,2019/2020
PSV Eindhoven,Dante Rigo,20,Defensive Midfield,Sparta R.,loan transfer,out,Summer,NA,Eredivisie,2019,2019/2020
PSV Eindhoven,Armando Obispo,20,Centre-Back,Vitesse,loan transfer,out,Summer,NA,Eredivisie,2019,2019/2020
RKC Waalwijk,Lars Nieuwpoort,24,Centre-Back,De Graafschap,free transfer,in,Summer,NA,Eredivisie,2019,2019/2020
RKC Waalwijk,Mike Grim,22,Goalkeeper,IJsselm.vogels,free transfer,in,Summer,NA,Eredivisie,2019,2019/2020
RKC Waalwijk,Nando Nöstlinger,21,Central Midfield,Antwerp U21,free transfer,in,Summer,NA,Eredivisie,2019,2019/2020
RKC Waalwijk,Dean van der Sluys,23,Left-Back,TOP Oss,free transfer,in,Summer,NA,Eredivisie,2019,2019/2020
RKC Waalwijk,Lennerd Daneels,21,Left Winger,PSV U21,free transfer,in,Summer,NA,Eredivisie,2019,2019/2020
RKC Waalwijk,Hannes Delcroix,20,Centre-Back,RSC Anderlecht,loan transfer,in,Summer,NA,Eredivisie,2019,2019/2020
RKC Waalwijk,Dylan Vente,20,Centre-Forward,Feyenoord,loan transfer,in,Summer,NA,Eredivisie,2019,2019/2020
RKC Waalwijk,Stanley Elbers,27,Right Winger,PEC Zwolle,loan transfer,in,Summer,NA,Eredivisie,2019,2019/2020
RKC Waalwijk,Clint Leemans,23,Central Midfield,PEC Zwolle,loan transfer,in,Summer,NA,Eredivisie,2019,2019/2020
RKC Waalwijk,Fabian Sporkslede,26,Right-Back,Without Club,-,in,Summer,0,Eredivisie,2019,2019/2020
RKC Waalwijk,Darren Maatsen,29,Right Winger,Stabæk Fotball,free transfer,out,Summer,NA,Eredivisie,2019,2019/2020
RKC Waalwijk,Jordy Zielschot,24,Goalkeeper,SteDoCo,free transfer,out,Summer,NA,Eredivisie,2019,2019/2020
RKC Waalwijk,Roland Bergkamp,28,Centre-Forward,Katwijk,free transfer,out,Summer,NA,Eredivisie,2019,2019/2020
RKC Waalwijk,Gigli Ndefe,25,Right-Back,MFK Karvina,free transfer,out,Summer,NA,Eredivisie,2019,2019/2020
RKC Waalwijk,Noël de Graauw,22,Attacking Midfield,Without Club,-,out,Summer,0,Eredivisie,2019,2019/2020
RKC Waalwijk,Jari Koenraat,23,Right Winger,RKC U21,-,out,Summer,0,Eredivisie,2019,2019/2020
RKC Waalwijk,Nikki Baggerman,21,Defensive Midfield,RKC U21,-,out,Summer,0,Eredivisie,2019,2019/2020
RKC Waalwijk,Emil Hansson,21,Left Winger,Feyenoord,"End of loanJun 30, 2019",out,Summer,0,Eredivisie,2019,2019/2020
RKC Waalwijk,Ezra Walian,21,Left Winger,Almere City,"End of loanJun 30, 2019",out,Summer,0,Eredivisie,2019,2019/2020
Sparta Rotterdam,Denzel James,24,Left Winger,Noordwijk,free transfer,in,Summer,NA,Eredivisie,2019,2019/2020
Sparta Rotterdam,Abdallah Aberkane,19,Left-Back,Ajax U19,free transfer,in,Summer,NA,Eredivisie,2019,2019/2020
Sparta Rotterdam,Jurgen Mattheij,26,Centre-Back,Excelsior,free transfer,in,Summer,NA,Eredivisie,2019,2019/2020
Sparta Rotterdam,Ariel Harush,31,Goalkeeper,H. Beer Sheva,loan transfer,in,Summer,NA,Eredivisie,2019,2019/2020
Sparta Rotterdam,Laros Duarte,22,Defensive Midfield,PSV U21,?,in,Summer,NA,Eredivisie,2019,2019/2020
Sparta Rotterdam,Bryan Smeets,26,Attacking Midfield,TOP Oss,?,in,Summer,NA,Eredivisie,2019,2019/2020
Sparta Rotterdam,Dante Rigo,20,Defensive Midfield,PSV Eindhoven,loan transfer,in,Summer,NA,Eredivisie,2019,2019/2020
Sparta Rotterdam,Joël Piroe,20,Centre-Forward,PSV U21,loan transfer,in,Summer,NA,Eredivisie,2019,2019/2020
Sparta Rotterdam,Elayis Tavsan,18,Right Winger,Sparta U21,-,in,Summer,0,Eredivisie,2019,2019/2020
Sparta Rotterdam,Khalid Karami,29,Right-Back,Vitesse,loan transfer,in,Summer,NA,Eredivisie,2019,2019/2020
Sparta Rotterdam,Denzel James,25,Left Winger,Noordwijk,free transfer,out,Summer,NA,Eredivisie,2019,2019/2020
Sparta Rotterdam,Janne Saksela,26,Right-Back,Ilves,free transfer,out,Summer,NA,Eredivisie,2019,2019/2020
Sparta Rotterdam,Royston Drenthe,32,Left Midfield,Kozakken Boys,free transfer,out,Summer,NA,Eredivisie,2019,2019/2020
Sparta Rotterdam,Gregor Breinburg,27,Central Midfield,De Graafschap,free transfer,out,Summer,NA,Eredivisie,2019,2019/2020
Sparta Rotterdam,Édouard Duplan,36,Left Winger,Westlandia,free transfer,out,Summer,NA,Eredivisie,2019,2019/2020
Sparta Rotterdam,Dries Wuytens,28,Centre-Back,Ness Ziona,free transfer,out,Summer,NA,Eredivisie,2019,2019/2020
Sparta Rotterdam,Elayis Tavsan,18,Right Winger,Telstar,loan transfer,out,Summer,NA,Eredivisie,2019,2019/2020
Sparta Rotterdam,Lorenzo Fonseca,21,Centre-Back,Sparta U21,-,out,Summer,0,Eredivisie,2019,2019/2020
Sparta Rotterdam,Bradley Martis,20,Left-Back,Sparta U21,-,out,Summer,0,Eredivisie,2019,2019/2020
Sparta Rotterdam,Ayoub Boukhari,22,Attacking Midfield,Sparta U21,-,out,Summer,0,Eredivisie,2019,2019/2020
Sparta Rotterdam,Giliano Wijnaldum,26,Left-Back,Without Club,-,out,Summer,0,Eredivisie,2019,2019/2020
Sparta Rotterdam,Roy Kortsmit,26,Goalkeeper,Without Club,-,out,Summer,0,Eredivisie,2019,2019/2020
Sparta Rotterdam,Laros Duarte,22,Defensive Midfield,PSV U21,"End of loanJun 30, 2019",out,Summer,0,Eredivisie,2019,2019/2020
Sparta Rotterdam,Fankaty Dabo,23,Right-Back,Chelsea U23,"End of loanJun 30, 2019",out,Summer,0,Eredivisie,2019,2019/2020
Twente Enschede FC,Queensy Menig,24,Left Winger,FC Nantes B,free transfer,in,Summer,NA,Eredivisie,2019,2019/2020
Twente Enschede FC,Emil Berggreen,26,Centre-Forward,1.FSV Mainz 05,free transfer,in,Summer,NA,Eredivisie,2019,2019/2020
Twente Enschede FC,Julio Pleguezuelo,22,Centre-Back,Arsenal U23,free transfer,in,Summer,NA,Eredivisie,2019,2019/2020
Twente Enschede FC,Paul Verhaegh,35,Right-Back,VfL Wolfsburg,free transfer,in,Summer,NA,Eredivisie,2019,2019/2020
Twente Enschede FC,Lindon Selahi,20,Central Midfield,Standard Liège,free transfer,in,Summer,NA,Eredivisie,2019,2019/2020
Twente Enschede FC,Calvin Verdonk,22,Left-Back,Feyenoord,loan transfer,in,Summer,NA,Eredivisie,2019,2019/2020
Twente Enschede FC,Oriol Busquets,20,Defensive Midfield,Barcelona B,loan transfer,in,Summer,NA,Eredivisie,2019,2019/2020
Twente Enschede FC,Keito Nakamura,18,Left Winger,Gamba Osaka,loan transfer,in,Summer,NA,Eredivisie,2019,2019/2020
Twente Enschede FC,Giorgi Aburjania,24,Central Midfield,Sevilla FC,loan transfer,in,Summer,NA,Eredivisie,2019,2019/2020
Twente Enschede FC,José Matos,24,Left-Back,Cádiz CF,loan transfer,in,Summer,NA,Eredivisie,2019,2019/2020
Twente Enschede FC,Joel Latibeaudiere,19,Centre-Back,Man City U23,loan transfer,in,Summer,NA,Eredivisie,2019,2019/2020
Twente Enschede FC,Godfried Roemeratoe,19,Defensive Midfield,FC Twente U21,-,in,Summer,0,Eredivisie,2019,2019/2020
Twente Enschede FC,Dylan George,21,Left Winger,Helmond Sport,"End of loanJun 30, 2019",in,Summer,0,Eredivisie,2019,2019/2020
Twente Enschede FC,Alexander Laukart,20,Attacking Midfield,FC Den Bosch,free transfer,out,Summer,NA,Eredivisie,2019,2019/2020
Twente Enschede FC,Nick Hengelman,29,Goalkeeper,Ajax Cape Town,free transfer,out,Summer,NA,Eredivisie,2019,2019/2020
Twente Enschede FC,Jeroen van der Lely,23,Right-Back,Vendsyssel FF,free transfer,out,Summer,NA,Eredivisie,2019,2019/2020
Twente Enschede FC,Nacho Monsalve,25,Centre-Back,NAC Breda,free transfer,out,Summer,NA,Eredivisie,2019,2019/2020
Twente Enschede FC,Jelle van der Heyden,24,Defensive Midfield,Vendsyssel FF,free transfer,out,Summer,NA,Eredivisie,2019,2019/2020
Twente Enschede FC,Rafael Ramos,24,Right-Back,Santa Clara,free transfer,out,Summer,NA,Eredivisie,2019,2019/2020
Twente Enschede FC,Tom Boere,26,Centre-Forward,KFC Uerdingen,free transfer,out,Summer,NA,Eredivisie,2019,2019/2020
Twente Enschede FC,Fred Friday,24,Centre-Forward,AZ Alkmaar,"End of loanJun 30, 2019",out,Summer,0,Eredivisie,2019,2019/2020
Twente Enschede FC,Jari Oosterwijk,24,Centre-Forward,Career break,-,out,Summer,0,Eredivisie,2019,2019/2020
Twente Enschede FC,Oussama Assaidi,30,Left Winger,Retired,-,out,Summer,0,Eredivisie,2019,2019/2020
Twente Enschede FC,Dylan George,21,Left Winger,Without Club,-,out,Summer,0,Eredivisie,2019,2019/2020
Twente Enschede FC,Ricardinho,34,Left-Back,Without Club,-,out,Summer,0,Eredivisie,2019,2019/2020
Twente Enschede FC,Oussama Assaidi,30,Left Winger,Without Club,-,out,Summer,0,Eredivisie,2019,2019/2020
Twente Enschede FC,Joel Latibeaudiere,20,Centre-Back,Man City U23,"End of loanMay 5, 2020",out,Summer,0,Eredivisie,2019,2019/2020
Twente Enschede FC,Mohamed Hamdaoui,26,Left Winger,De Graafschap,"End of loanJun 30, 2019",out,Summer,0,Eredivisie,2019,2019/2020
Twente Enschede FC,Cristian Tassano,22,Centre-Back,Sevilla Atl.,"End of loanJun 30, 2019",out,Summer,0,Eredivisie,2019,2019/2020
Twente Enschede FC,Matt Smith,19,Defensive Midfield,Man City U23,"End of loanJun 30, 2019",out,Summer,0,Eredivisie,2019,2019/2020
Twente Enschede FC,Giovanni Troupée,22,Right-Back,FC Utrecht,"End of loanMay 4, 2020",out,Summer,0,Eredivisie,2019,2019/2020
Twente Enschede FC,Noa Lang,20,Left Winger,Ajax,"End of loanMay 4, 2020",out,Summer,0,Eredivisie,2019,2019/2020
Twente Enschede FC,Ulrich Bapoh,20,Attacking Midfield,VfL Bochum,"End of loanJun 30, 2019",out,Summer,0,Eredivisie,2019,2019/2020
FC Utrecht,Vaclav Cerny,21,Right Winger,Ajax,£810Th.,in,Summer,0.81,Eredivisie,2019,2019/2020
FC Utrecht,Adrián Dalmau,25,Centre-Forward,Heracles Almelo,£630Th.,in,Summer,0.63,Eredivisie,2019,2019/2020
FC Utrecht,Justin Lonwijk,19,Central Midfield,PSV U21,free transfer,in,Summer,NA,Eredivisie,2019,2019/2020
FC Utrecht,Adam Maher,25,Central Midfield,AZ Alkmaar,free transfer,in,Summer,NA,Eredivisie,2019,2019/2020
FC Utrecht,Bart Ramselaar,23,Attacking Midfield,PSV Eindhoven,?,in,Summer,NA,Eredivisie,2019,2019/2020
FC Utrecht,Justin Hoogma,21,Centre-Back,TSG Hoffenheim,loan transfer,in,Summer,NA,Eredivisie,2019,2019/2020
FC Utrecht,Maarten Paes,21,Goalkeeper,Utrecht U21,-,in,Summer,0,Eredivisie,2019,2019/2020
FC Utrecht,Thijmen Nijhuis,20,Goalkeeper,Utrecht U21,-,in,Summer,0,Eredivisie,2019,2019/2020
FC Utrecht,Issah Abass,20,Left Winger,1.FSV Mainz 05,loan transfer,in,Summer,NA,Eredivisie,2019,2019/2020
FC Utrecht,Giovanni Troupée,22,Right-Back,Twente FC,"End of loanMay 4, 2020",in,Summer,0,Eredivisie,2019,2019/2020
FC Utrecht,Dario Dumic,27,Centre-Back,Dynamo Dresden,"End of loanJun 30, 2019",in,Summer,0,Eredivisie,2019,2019/2020
FC Utrecht,Odysseus Velanas,21,Attacking Midfield,Helmond Sport,"End of loanJun 30, 2019",in,Summer,0,Eredivisie,2019,2019/2020
FC Utrecht,Patrick Joosten,23,Left Winger,VVV-Venlo,"End of loanJun 30, 2019",in,Summer,0,Eredivisie,2019,2019/2020
FC Utrecht,Giovanni Troupée,21,Right-Back,ADO Den Haag,"End of loanJun 30, 2019",in,Summer,0,Eredivisie,2019,2019/2020
FC Utrecht,Nicolas Gavory,24,Left-Back,Standard Liège,£2.79m,out,Summer,2.79,Eredivisie,2019,2019/2020
FC Utrecht,Lukas Görtler,25,Right Midfield,FC St. Gallen,£405Th.,out,Summer,0.405,Eredivisie,2019,2019/2020
FC Utrecht,Nick Marsman,28,Goalkeeper,Feyenoord,free transfer,out,Summer,NA,Eredivisie,2019,2019/2020
FC Utrecht,Michiel Kramer,30,Centre-Forward,ADO Den Haag,free transfer,out,Summer,NA,Eredivisie,2019,2019/2020
FC Utrecht,Cyriel Dessers,24,Centre-Forward,Heracles Almelo,?,out,Summer,NA,Eredivisie,2019,2019/2020
FC Utrecht,Othmane Boussaid,19,Left Winger,NAC Breda,loan transfer,out,Summer,NA,Eredivisie,2019,2019/2020
FC Utrecht,Dario Dumic,27,Centre-Back,Darmstadt 98,loan transfer,out,Summer,NA,Eredivisie,2019,2019/2020
FC Utrecht,Nick Venema,20,Centre-Forward,Almere City,loan transfer,out,Summer,NA,Eredivisie,2019,2019/2020
FC Utrecht,Emil Bergström,26,Centre-Back,FC Basel,loan transfer,out,Summer,NA,Eredivisie,2019,2019/2020
FC Utrecht,Odysseus Velanas,21,Attacking Midfield,Utrecht U21,-,out,Summer,0,Eredivisie,2019,2019/2020
FC Utrecht,Riechedly Bazoer,22,Centre-Back,VfL Wolfsburg,"End of loanJun 30, 2019",out,Summer,0,Eredivisie,2019,2019/2020
FC Utrecht,Timo Letschert,26,Centre-Back,Sassuolo,"End of loanJun 30, 2019",out,Summer,0,Eredivisie,2019,2019/2020
FC Utrecht,Oussama Tannane,25,Attacking Midfield,Saint-Étienne,"End of loanJun 30, 2019",out,Summer,0,Eredivisie,2019,2019/2020
Vitesse Arnhem,Riechedly Bazoer,22,Centre-Back,VfL Wolfsburg,£1.35m,in,Summer,1.35,Eredivisie,2019,2019/2020
Vitesse Arnhem,Tomas Hajek,27,Centre-Back,Viktoria Plzen,£360Th.,in,Summer,0.36,Eredivisie,2019,2019/2020
Vitesse Arnhem,Konstantinos Lamprou,27,Goalkeeper,Ajax,free transfer,in,Summer,NA,Eredivisie,2019,2019/2020
Vitesse Arnhem,Jamal Blackman,25,Goalkeeper,Chelsea,loan transfer,in,Summer,NA,Eredivisie,2019,2019/2020
Vitesse Arnhem,Oussama Tannane,25,Attacking Midfield,Saint-Étienne,loan transfer,in,Summer,NA,Eredivisie,2019,2019/2020
Vitesse Arnhem,Armando Obispo,20,Centre-Back,PSV Eindhoven,loan transfer,in,Summer,NA,Eredivisie,2019,2019/2020
Vitesse Arnhem,Jay-Roy Grot,21,Centre-Forward,Leeds,loan transfer,in,Summer,NA,Eredivisie,2019,2019/2020
Vitesse Arnhem,Nouha Dicko,27,Centre-Forward,Hull City,loan transfer,in,Summer,NA,Eredivisie,2019,2019/2020
Vitesse Arnhem,Richie Musaba,18,Attacking Midfield,Vitesse U21,-,in,Summer,0,Eredivisie,2019,2019/2020
Vitesse Arnhem,Özgür Aktas,22,Centre-Back,Vitesse U21,-,in,Summer,0,Eredivisie,2019,2019/2020
Vitesse Arnhem,Eli Dasa,26,Right-Back,Without Club,-,in,Summer,0,Eredivisie,2019,2019/2020
Vitesse Arnhem,Patrick Vroegh,19,Central Midfield,Vitesse U21,-,in,Summer,0,Eredivisie,2019,2019/2020
Vitesse Arnhem,Bilal Bayazit,20,Goalkeeper,Vitesse U21,-,in,Summer,0,Eredivisie,2019,2019/2020
Vitesse Arnhem,Khalid Karami,29,Right-Back,NAC Breda,"End of loanJun 30, 2019",in,Summer,0,Eredivisie,2019,2019/2020
Vitesse Arnhem,Thomas Bruns,27,Central Midfield,FC Groningen,"End of loanJun 30, 2019",in,Summer,0,Eredivisie,2019,2019/2020
Vitesse Arnhem,Julian Lelieveld,21,Right-Back,Go Ahead Eagles,"End of loanJun 30, 2019",in,Summer,0,Eredivisie,2019,2019/2020
Vitesse Arnhem,Vyacheslav Karavaev,24,Right-Back,Zenit S-Pb,£7.20m,out,Summer,7.2,Eredivisie,2019,2019/2020
Vitesse Arnhem,Rasmus Thelander,28,Centre-Back,Aalborg BK,£90Th.,out,Summer,0.09,Eredivisie,2019,2019/2020
Vitesse Arnhem,Maikel van der Werff,30,Centre-Back,Cincinnati,free transfer,out,Summer,NA,Eredivisie,2019,2019/2020
Vitesse Arnhem,Mukhtar Ali,21,Defensive Midfield,Al-Nassr FC,?,out,Summer,NA,Eredivisie,2019,2019/2020
Vitesse Arnhem,Thulani Serero,29,Defensive Midfield,Al-Jazira,?,out,Summer,NA,Eredivisie,2019,2019/2020
Vitesse Arnhem,Thomas Bruns,27,Central Midfield,PEC Zwolle,loan transfer,out,Summer,NA,Eredivisie,2019,2019/2020
Vitesse Arnhem,Alexander Büttner,30,Left-Back,Without Club,-,out,Summer,0,Eredivisie,2019,2019/2020
Vitesse Arnhem,Arnold Kruiswijk,34,Centre-Back,Retired,-,out,Summer,0,Eredivisie,2019,2019/2020
Vitesse Arnhem,Khalid Karami,29,Right-Back,Sparta R.,loan transfer,out,Summer,NA,Eredivisie,2019,2019/2020
Vitesse Arnhem,Mo Dauda,21,Second Striker,RSC Anderlecht,"End of loanJun 30, 2019",out,Summer,0,Eredivisie,2019,2019/2020
Vitesse Arnhem,Martin Ødegaard,20,Attacking Midfield,Real Madrid,"End of loanJun 30, 2019",out,Summer,0,Eredivisie,2019,2019/2020
Vitesse Arnhem,Eduardo,36,Goalkeeper,Chelsea,"End of loanJun 30, 2019",out,Summer,0,Eredivisie,2019,2019/2020
Vitesse Arnhem,Jake Clarke-Salter,21,Centre-Back,Chelsea,"End of loanJun 30, 2019",out,Summer,0,Eredivisie,2019,2019/2020
VVV-Venlo,Peniel Mlapa,28,Centre-Forward,Dynamo Dresden,£450Th.,in,Summer,0.45,Eredivisie,2019,2019/2020
VVV-Venlo,Samuel Scheimann,31,Left-Back,B. Jerusalem,free transfer,in,Summer,NA,Eredivisie,2019,2019/2020
VVV-Venlo,Haji Wright,21,Centre-Forward,Schalke 04 II,free transfer,in,Summer,NA,Eredivisie,2019,2019/2020
VVV-Venlo,Tobias Pachonik,24,Right-Back,Carpi,free transfer,in,Summer,NA,Eredivisie,2019,2019/2020
VVV-Venlo,Lee Cattermole,31,Defensive Midfield,Sunderland,free transfer,in,Summer,NA,Eredivisie,2019,2019/2020
VVV-Venlo,Thorsten Kirschbaum,32,Goalkeeper,Bay. Leverkusen,free transfer,in,Summer,NA,Eredivisie,2019,2019/2020
VVV-Venlo,Steffen Schäfer,25,Centre-Back,1.FC Magdeburg,free transfer,in,Summer,NA,Eredivisie,2019,2019/2020
VVV-Venlo,Elia Soriano,30,Centre-Forward,Korona Kielce,free transfer,in,Summer,NA,Eredivisie,2019,2019/2020
VVV-Venlo,Richard Neudecker,22,Central Midfield,FC St. Pauli,free transfer,in,Summer,NA,Eredivisie,2019,2019/2020
VVV-Venlo,Jerome Sinclair,22,Centre-Forward,Watford,loan transfer,in,Summer,NA,Eredivisie,2019,2019/2020
VVV-Venlo,John Yeboah,19,Left Winger,VfL Wolfsburg,loan transfer,in,Summer,NA,Eredivisie,2019,2019/2020
VVV-Venlo,Jens Craenmehr,17,Goalkeeper,VVV-Venlo U17,-,in,Summer,0,Eredivisie,2019,2019/2020
VVV-Venlo,Aaron Bastiaans,17,Left Winger,VVV U19,-,in,Summer,0,Eredivisie,2019,2019/2020
VVV-Venlo,Peniel Mlapa,28,Centre-Forward,Ittihad Kalba,£2.25m,out,Summer,2.25,Eredivisie,2019,2019/2020
VVV-Venlo,Josimar Lima,30,Centre-Back,ASWH,free transfer,out,Summer,NA,Eredivisie,2019,2019/2020
VVV-Venlo,Evren Korkmaz,22,Centre-Back,Adanaspor,free transfer,out,Summer,NA,Eredivisie,2019,2019/2020
VVV-Venlo,Axel Borgmann,25,Left-Back,Energie Cottbus,free transfer,out,Summer,NA,Eredivisie,2019,2019/2020
VVV-Venlo,Moreno Rutten,26,Right-Back,Crotone,free transfer,out,Summer,NA,Eredivisie,2019,2019/2020
VVV-Venlo,Jerold Promes,35,Centre-Back,Retired,-,out,Summer,0,Eredivisie,2019,2019/2020
VVV-Venlo,Tino-Sven Susic,27,Central Midfield,Without Club,-,out,Summer,0,Eredivisie,2019,2019/2020
VVV-Venlo,Lars Unnerstall,28,Goalkeeper,PSV Eindhoven,"End of loanJun 30, 2019",out,Summer,0,Eredivisie,2019,2019/2020
VVV-Venlo,Patrick Joosten,23,Left Winger,FC Utrecht,"End of loanJun 30, 2019",out,Summer,0,Eredivisie,2019,2019/2020
VVV-Venlo,Jay-Roy Grot,21,Centre-Forward,Leeds,"End of loanJun 30, 2019",out,Summer,0,Eredivisie,2019,2019/2020
VVV-Venlo,Sem Steijn,17,Central Midfield,ADO U19,"End of loanJun 30, 2019",out,Summer,0,Eredivisie,2019,2019/2020
VVV-Venlo,Peniel Mlapa,28,Centre-Forward,Dynamo Dresden,"End of loanJun 30, 2019",out,Summer,0,Eredivisie,2019,2019/2020
Willem II Tilburg,Vangelis Pavlidis,20,Centre-Forward,VfL Bochum,£225Th.,in,Summer,0.225,Eredivisie,2019,2019/2020
Willem II Tilburg,Paul Gladon,27,Centre-Forward,FC Groningen,free transfer,in,Summer,NA,Eredivisie,2019,2019/2020
Willem II Tilburg,Sebastian Holmén,27,Centre-Back,Dinamo Moscow,free transfer,in,Summer,NA,Eredivisie,2019,2019/2020
Willem II Tilburg,Mats Köhlert,21,Left Winger,Hamburger SV II,free transfer,in,Summer,NA,Eredivisie,2019,2019/2020
Willem II Tilburg,Miquel Nelom,28,Left-Back,Hibernian FC,free transfer,in,Summer,NA,Eredivisie,2019,2019/2020
Willem II Tilburg,Georgios Strezos,24,Goalkeeper,Without Club,free transfer,in,Summer,NA,Eredivisie,2019,2019/2020
Willem II Tilburg,Elton Kabangu,21,Left Winger,KAA Gent,?,in,Summer,NA,Eredivisie,2019,2019/2020
Willem II Tilburg,Ché Nunnely,20,Right Winger,Ajax U21,?,in,Summer,NA,Eredivisie,2019,2019/2020
Willem II Tilburg,Jhonny Quiñónez,21,Defensive Midfield,SD Aucas,loan transfer,in,Summer,NA,Eredivisie,2019,2019/2020
Willem II Tilburg,Mike Trésor,20,Attacking Midfield,NEC Nijmegen,loan transfer,in,Summer,NA,Eredivisie,2019,2019/2020
Willem II Tilburg,João Queirós,21,Centre-Back,1. FC Köln,loan transfer,in,Summer,NA,Eredivisie,2019,2019/2020
Willem II Tilburg,Bart Nieuwkoop,23,Right-Back,Feyenoord,loan transfer,in,Summer,NA,Eredivisie,2019,2019/2020
Willem II Tilburg,Justin Ogenia,20,Right-Back,Willem II U21,-,in,Summer,0,Eredivisie,2019,2019/2020
Willem II Tilburg,Rick Zuijderwijk,18,Attacking Midfield,Willem II U19,-,in,Summer,0,Eredivisie,2019,2019/2020
Willem II Tilburg,Connor van den Berg,18,Goalkeeper,Willem II U19,-,in,Summer,0,Eredivisie,2019,2019/2020
Willem II Tilburg,Jordy Croux,25,Right Winger,MVV Maastricht,"End of loanJun 30, 2019",in,Summer,0,Eredivisie,2019,2019/2020
Willem II Tilburg,Mattijs Branderhorst,25,Goalkeeper,NEC Nijmegen,"End of loanJun 30, 2019",in,Summer,0,Eredivisie,2019,2019/2020
Willem II Tilburg,Dan Crowley,21,Attacking Midfield,Birmingham,£702Th.,out,Summer,0.702,Eredivisie,2019,2019/2020
Willem II Tilburg,Elmo Lieftink,25,Defensive Midfield,Go Ahead Eagles,free transfer,out,Summer,NA,Eredivisie,2019,2019/2020
Willem II Tilburg,Kristófer Kristinsson,20,Centre-Forward,Grenoble,free transfer,out,Summer,NA,Eredivisie,2019,2019/2020
Willem II Tilburg,Jordy Croux,25,Right Winger,Roda JC,free transfer,out,Summer,NA,Eredivisie,2019,2019/2020
Willem II Tilburg,Mattijs Branderhorst,25,Goalkeeper,NEC Nijmegen,free transfer,out,Summer,NA,Eredivisie,2019,2019/2020
Willem II Tilburg,Thomas Meißner,28,Centre-Back,Puskás AFC,?,out,Summer,NA,Eredivisie,2019,2019/2020
Willem II Tilburg,Atakan Akkaynak,20,Central Midfield,C. Rizespor,loan transfer,out,Summer,NA,Eredivisie,2019,2019/2020
Willem II Tilburg,Diego Palacios,19,Left-Back,SD Aucas,"End of loanJun 30, 2019",out,Summer,0,Eredivisie,2019,2019/2020
Willem II Tilburg,Alexander Isak,19,Centre-Forward,Bor. Dortmund,"End of loanJun 30, 2019",out,Summer,0,Eredivisie,2019,2019/2020
Willem II Tilburg,Vangelis Pavlidis,20,Centre-Forward,VfL Bochum,"End of loanJun 30, 2019",out,Summer,0,Eredivisie,2019,2019/2020
Willem II Tilburg,Renato Tapia,23,Defensive Midfield,Feyenoord,"End of loanJun 30, 2019",out,Summer,0,Eredivisie,2019,2019/2020
Willem II Tilburg,Bart Nieuwkoop,24,Right-Back,Feyenoord,"End of loanMay 4, 2020",out,Summer,0,Eredivisie,2019,2019/2020
Willem II Tilburg,Vurnon Anita,30,Defensive Midfield,Leeds,"End of loanJun 30, 2019",out,Summer,0,Eredivisie,2019,2019/2020
ADO Den Haag,Tudor Baluta,20,Defensive Midfield,Brighton,loan transfer,in,Winter,NA,Eredivisie,2019,2019/2020
ADO Den Haag,Sam Stubbs,21,Centre-Back,Boro U23,loan transfer,in,Winter,NA,Eredivisie,2019,2019/2020
ADO Den Haag,George Thomas,22,Attacking Midfield,Leicester,loan transfer,in,Winter,NA,Eredivisie,2019,2019/2020
ADO Den Haag,Laurens De Bock,27,Left-Back,Leeds,loan transfer,in,Winter,NA,Eredivisie,2019,2019/2020
ADO Den Haag,Mick van Buren,27,Right Winger,Slavia Prague,loan transfer,in,Winter,NA,Eredivisie,2019,2019/2020
ADO Den Haag,Omar Bogle,26,Centre-Forward,Cardiff,loan transfer,in,Winter,NA,Eredivisie,2019,2019/2020
ADO Den Haag,Mark Duffy,34,Central Midfield,Sheff Utd,loan transfer,in,Winter,NA,Eredivisie,2019,2019/2020
ADO Den Haag,Jordan Spence,29,Right-Back,Without Club,-,in,Winter,0,Eredivisie,2019,2019/2020
ADO Den Haag,Mike Havekotte,24,Goalkeeper,FC Dordrecht,loan transfer,out,Winter,NA,Eredivisie,2019,2019/2020
ADO Den Haag,Robin Polley,21,Right-Back,FC Dordrecht,loan transfer,out,Winter,NA,Eredivisie,2019,2019/2020
ADO Den Haag,Thom Haye,24,Defensive Midfield,NAC Breda,loan transfer,out,Winter,NA,Eredivisie,2019,2019/2020
ADO Den Haag,Milan van Ewijk,19,Right-Back,SC Cambuur,loan transfer,out,Winter,NA,Eredivisie,2019,2019/2020
ADO Den Haag,Donny Gorter,31,Left-Back,Without Club,-,out,Winter,0,Eredivisie,2019,2019/2020
ADO Den Haag,Mats van Kins,21,Central Midfield,ADO U21,-,out,Winter,0,Eredivisie,2019,2019/2020
ADO Den Haag,Pawel Cibicki,26,Left Winger,Leeds,"End of loanJan 11, 2020",out,Winter,0,Eredivisie,2019,2019/2020
Ajax Amsterdam,Ryan Babel,33,Left Winger,Galatasaray,Loan fee:£1.40m,in,Winter,1.4,Eredivisie,2019,2019/2020
Ajax Amsterdam,Luis Orejuela,24,Right-Back,Cruzeiro,"End of loanDec 31, 2019",in,Winter,0,Eredivisie,2019,2019/2020
Ajax Amsterdam,Luis Orejuela,24,Right-Back,Cruzeiro,£1.17m,out,Winter,1.17,Eredivisie,2019,2019/2020
Ajax Amsterdam,Siem de Jong,31,Attacking Midfield,Cincinnati,free transfer,out,Winter,NA,Eredivisie,2019,2019/2020
Ajax Amsterdam,Noa Lang,20,Left Winger,Twente FC,loan transfer,out,Winter,NA,Eredivisie,2019,2019/2020
Ajax Amsterdam,Hassane Bandé,21,Left Winger,FC Thun,loan transfer,out,Winter,NA,Eredivisie,2019,2019/2020
AZ Alkmaar,Hakon Evjen,19,Right Winger,Bodø/Glimt,£2.25m,in,Winter,2.25,Eredivisie,2019,2019/2020
AZ Alkmaar,Ramon Leeuwin,32,Centre-Back,Odense BK,?,in,Winter,NA,Eredivisie,2019,2019/2020
AZ Alkmaar,Björn Johnsen,28,Centre-Forward,Rosenborg,"End of loanDec 31, 2019",in,Winter,0,Eredivisie,2019,2019/2020
AZ Alkmaar,Björn Johnsen,28,Centre-Forward,Ulsan Hyundai,£900Th.,out,Winter,0.9,Eredivisie,2019,2019/2020
AZ Alkmaar,Tijjani Reijnders,21,Central Midfield,RKC Waalwijk,loan transfer,out,Winter,NA,Eredivisie,2019,2019/2020
AZ Alkmaar,Leon Bergsma,23,Centre-Back,FC Den Bosch,loan transfer,out,Winter,NA,Eredivisie,2019,2019/2020
AZ Alkmaar,Fred Friday,24,Centre-Forward,Without Club,-,out,Winter,0,Eredivisie,2019,2019/2020
FC Emmen,Hilal Ben Moussa,27,Central Midfield,Sepsi OSK,free transfer,in,Winter,NA,Eredivisie,2019,2019/2020
FC Emmen,Luka Adzic,21,Left Winger,RSC Anderlecht,loan transfer,in,Winter,NA,Eredivisie,2019,2019/2020
FC Emmen,Kerim Frei,26,Left Winger,Basaksehir,loan transfer,in,Winter,NA,Eredivisie,2019,2019/2020
FC Emmen,Pontus Dahlberg,21,Goalkeeper,Watford,loan transfer,in,Winter,NA,Eredivisie,2019,2019/2020
FC Emmen,Luciano Slagveer,26,Right Winger,Puskás AFC,£45Th.,out,Winter,0.045,Eredivisie,2019,2019/2020
Feyenoord Rotterdam,Robert Bozenik,20,Centre-Forward,MSK Zilina,£3.60m,in,Winter,3.6,Eredivisie,2019,2019/2020
Feyenoord Rotterdam,Oguzhan Özyakup,27,Central Midfield,Besiktas,loan transfer,in,Winter,NA,Eredivisie,2019,2019/2020
Feyenoord Rotterdam,Ramón ten Hove,21,Goalkeeper,FC Dordrecht,"End of loanJan 2, 2020",in,Winter,0,Eredivisie,2019,2019/2020
Feyenoord Rotterdam,Sam Larsson,26,Left Winger,DL Pro,£4.50m,out,Winter,4.5,Eredivisie,2019,2019/2020
Feyenoord Rotterdam,Yassin Ayoub,25,Central Midfield,Panathinaikos,free transfer,out,Winter,NA,Eredivisie,2019,2019/2020
Feyenoord Rotterdam,Kenneth Vermeer,34,Goalkeeper,LAFC,?,out,Winter,NA,Eredivisie,2019,2019/2020
Feyenoord Rotterdam,Liam Kelly,24,Central Midfield,Oxford United,loan transfer,out,Winter,NA,Eredivisie,2019,2019/2020
Feyenoord Rotterdam,Achraf El Bouchataoui,20,Central Midfield,FC Dordrecht,loan transfer,out,Winter,NA,Eredivisie,2019,2019/2020
Feyenoord Rotterdam,Wouter Burger,18,Central Midfield,Excelsior,loan transfer,out,Winter,NA,Eredivisie,2019,2019/2020
Fortuna Sittard,Lazaros Rota,22,Right-Back,Michalovce,£180Th.,in,Winter,0.18,Eredivisie,2019,2019/2020
Fortuna Sittard,Carlos Faya,18,Central Midfield,APC U20,loan transfer,in,Winter,NA,Eredivisie,2019,2019/2020
Fortuna Sittard,Nikolai Baden Frederiksen,19,Centre-Forward,Juventus U23,loan transfer,in,Winter,NA,Eredivisie,2019,2019/2020
Fortuna Sittard,Áron Dobos,19,Right Winger,ETO FC Győr,loan transfer,out,Winter,NA,Eredivisie,2019,2019/2020
Fortuna Sittard,Mica Pinto,26,Left-Back,Sparta R.,?,out,Winter,NA,Eredivisie,2019,2019/2020
Fortuna Sittard,Agim Zeka,21,Right Winger,LOSC Lille B,"End of loanDec 20, 2019",out,Winter,0,Eredivisie,2019,2019/2020
Fortuna Sittard,Cian Harries,22,Centre-Back,Swansea,"End of loanJan 30, 2020",out,Winter,0,Eredivisie,2019,2019/2020
FC Groningen,Görkem Can,19,Centre-Back,Schalke 04 II,?,in,Winter,NA,Eredivisie,2019,2019/2020
FC Groningen,Daishawn Redan,18,Centre-Forward,Hertha BSC,loan transfer,in,Winter,NA,Eredivisie,2019,2019/2020
FC Groningen,Romano Postema,17,Centre-Forward,Groningen U19,-,in,Winter,0,Eredivisie,2019,2019/2020
FC Groningen,Jannik Pohl,23,Centre-Forward,AC Horsens,"End of loanDec 31, 2019",in,Winter,0,Eredivisie,2019,2019/2020
FC Groningen,Samir Memisevic,26,Centre-Back,HB CFFC,£1.35m,out,Winter,1.35,Eredivisie,2019,2019/2020
FC Groningen,Jannik Pohl,23,Centre-Forward,AC Horsens,free transfer,out,Winter,NA,Eredivisie,2019,2019/2020
FC Groningen,Michael Breij,22,Left Winger,SC Cambuur,?,out,Winter,NA,Eredivisie,2019,2019/2020
FC Groningen,Charlison Benschop,30,Centre-Forward,Apol. Limassol,?,out,Winter,NA,Eredivisie,2019,2019/2020
FC Groningen,Amir Absalem,22,Left-Back,Almere City,loan transfer,out,Winter,NA,Eredivisie,2019,2019/2020
FC Groningen,Kaj Sierhuis,21,Centre-Forward,Ajax U21,"End of loanJan 30, 2020",out,Winter,0,Eredivisie,2019,2019/2020
SC Heerenveen,Runar Espejord,23,Centre-Forward,Tromsø IL,£450Th.,in,Winter,0.45,Eredivisie,2019,2019/2020
SC Heerenveen,Nemanja Mihajlovic,23,Left Winger,Arka Gdynia,£405Th.,out,Winter,0.405,Eredivisie,2019,2019/2020
SC Heerenveen,Emil Frederiksen,19,Attacking Midfield,SönderjyskE,loan transfer,out,Winter,NA,Eredivisie,2019,2019/2020
SC Heerenveen,Andreas Skovgaard,22,Centre-Back,Örebro SK,loan transfer,out,Winter,NA,Eredivisie,2019,2019/2020
SC Heerenveen,Anders Dreyer,21,Right Winger,Brighton,"End of loanJan 5, 2020",out,Winter,0,Eredivisie,2019,2019/2020
Heracles Almelo,Delano Burgzorg,21,Left Winger,Spezia Calcio,Loan fee:£22Th.,in,Winter,0.022,Eredivisie,2019,2019/2020
Heracles Almelo,Giacomo Quagliata,19,Left-Back,Pro Vercelli,?,in,Winter,NA,Eredivisie,2019,2019/2020
Heracles Almelo,Lennart Czyborra,20,Left-Back,Atalanta BC,£4.14m,out,Winter,4.14,Eredivisie,2019,2019/2020
PEC Zwolle,Rico Strieder,27,Defensive Midfield,FC Utrecht,loan transfer,in,Winter,NA,Eredivisie,2019,2019/2020
PEC Zwolle,Darryl Lachman,30,Centre-Back,Hapoel Raanana,free transfer,out,Winter,NA,Eredivisie,2019,2019/2020
PEC Zwolle,Iliass Bel Hassani,27,Attacking Midfield,Al-Wakrah SC,?,out,Winter,NA,Eredivisie,2019,2019/2020
PEC Zwolle,Thomas Bruns,28,Central Midfield,Vitesse,"End of loanJan 29, 2020",out,Winter,0,Eredivisie,2019,2019/2020
PSV Eindhoven,Ricardo Rodríguez,27,Left-Back,AC Milan,Loan fee:£225Th.,in,Winter,0.225,Eredivisie,2019,2019/2020
PSV Eindhoven,Jordan Teze,20,Centre-Back,PSV U21,-,in,Winter,0,Eredivisie,2019,2019/2020
PSV Eindhoven,Noni Madueke,18,Right Winger,PSV U21,-,in,Winter,0,Eredivisie,2019,2019/2020
PSV Eindhoven,Steven Bergwijn,22,Left Winger,Spurs,£27.00m,out,Winter,27,Eredivisie,2019,2019/2020
PSV Eindhoven,Gastón Pereiro,24,Attacking Midfield,Cagliari Calcio,£4.14m,out,Winter,4.14,Eredivisie,2019,2019/2020
PSV Eindhoven,Jeroen Zoet,29,Goalkeeper,FC Utrecht,loan transfer,out,Winter,NA,Eredivisie,2019,2019/2020
PSV Eindhoven,Toni Lato,22,Left-Back,Valencia,"End of loanJan 1, 2020",out,Winter,0,Eredivisie,2019,2019/2020
RKC Waalwijk,Richard van der Venne,27,Attacking Midfield,Go Ahead Eagles,£90Th.,in,Winter,0.09,Eredivisie,2019,2019/2020
RKC Waalwijk,Emil Hansson,21,Left Winger,Hannover 96,loan transfer,in,Winter,NA,Eredivisie,2019,2019/2020
RKC Waalwijk,Tijjani Reijnders,21,Central Midfield,AZ Alkmaar,loan transfer,in,Winter,NA,Eredivisie,2019,2019/2020
RKC Waalwijk,Stefan Velkov,23,Centre-Back,FC Den Bosch,loan transfer,in,Winter,NA,Eredivisie,2019,2019/2020
RKC Waalwijk,Stijn Spierings,23,Attacking Midfield,Levski Sofia,£450Th.,out,Winter,0.45,Eredivisie,2019,2019/2020
RKC Waalwijk,Dean van der Sluys,24,Left-Back,TOP Oss,free transfer,out,Winter,NA,Eredivisie,2019,2019/2020
RKC Waalwijk,Kevin Vermeulen,29,Attacking Midfield,FC Dordrecht,free transfer,out,Winter,NA,Eredivisie,2019,2019/2020
RKC Waalwijk,Dylan Seys,23,Right Winger,Without Club,-,out,Winter,0,Eredivisie,2019,2019/2020
Sparta Rotterdam,Mica Pinto,26,Left-Back,Fortuna Sittard,?,in,Winter,NA,Eredivisie,2019,2019/2020
Sparta Rotterdam,Jeffry Fortes,30,Right-Back,Excelsior,?,in,Winter,NA,Eredivisie,2019,2019/2020
Sparta Rotterdam,Patrick Joosten,23,Left Winger,FC Utrecht,loan transfer,in,Winter,NA,Eredivisie,2019,2019/2020
Sparta Rotterdam,Halil Dervisoglu,20,Centre-Forward,Brentford,£2.70m,out,Winter,2.7,Eredivisie,2019,2019/2020
Sparta Rotterdam,Lars Veldwijk,28,Centre-Forward,Jeonbuk Hyundai,£270Th.,out,Winter,0.27,Eredivisie,2019,2019/2020
Sparta Rotterdam,Abdallah Aberkane,19,Left-Back,Excelsior,free transfer,out,Winter,NA,Eredivisie,2019,2019/2020
Twente Enschede FC,Giovanni Troupée,21,Right-Back,FC Utrecht,loan transfer,in,Winter,NA,Eredivisie,2019,2019/2020
Twente Enschede FC,Noa Lang,20,Left Winger,Ajax,loan transfer,in,Winter,NA,Eredivisie,2019,2019/2020
Twente Enschede FC,Jesse Bosch,19,Central Midfield,FC Twente U21,-,in,Winter,0,Eredivisie,2019,2019/2020
FC Utrecht,Jeroen Zoet,29,Goalkeeper,PSV Eindhoven,loan transfer,in,Winter,NA,Eredivisie,2019,2019/2020
FC Utrecht,Kristoffer Peterson,25,Left Winger,Swansea,loan transfer,in,Winter,NA,Eredivisie,2019,2019/2020
FC Utrecht,Lamine Sané,32,Centre-Back,Without Club,-,in,Winter,0,Eredivisie,2019,2019/2020
FC Utrecht,Simon Makienok,29,Centre-Forward,Dynamo Dresden,£90Th.,out,Winter,0.09,Eredivisie,2019,2019/2020
FC Utrecht,David Jensen,27,Goalkeeper,New York,?,out,Winter,NA,Eredivisie,2019,2019/2020
FC Utrecht,Patrick Joosten,23,Left Winger,Sparta R.,loan transfer,out,Winter,NA,Eredivisie,2019,2019/2020
FC Utrecht,Giovanni Troupée,21,Right-Back,Twente FC,loan transfer,out,Winter,NA,Eredivisie,2019,2019/2020
FC Utrecht,Rico Strieder,27,Defensive Midfield,PEC Zwolle,loan transfer,out,Winter,NA,Eredivisie,2019,2019/2020
Vitesse Arnhem,Sondre Tronstad,24,Central Midfield,Haugesund,£540Th.,in,Winter,0.54,Eredivisie,2019,2019/2020
Vitesse Arnhem,Filip Möller Delaveris,19,Left Winger,Odds BK,?,in,Winter,NA,Eredivisie,2019,2019/2020
Vitesse Arnhem,Joshua Brenet,25,Right-Back,TSG Hoffenheim,loan transfer,in,Winter,NA,Eredivisie,2019,2019/2020
Vitesse Arnhem,Keisuke Honda,33,Attacking Midfield,Without Club,-,in,Winter,0,Eredivisie,2019,2019/2020
Vitesse Arnhem,Thomas Bruns,28,Central Midfield,PEC Zwolle,"End of loanJan 29, 2020",in,Winter,0,Eredivisie,2019,2019/2020
Vitesse Arnhem,Navarone Foor,27,Attacking Midfield,Ittihad Kalba,£450Th.,out,Winter,0.45,Eredivisie,2019,2019/2020
Vitesse Arnhem,Keisuke Honda,33,Attacking Midfield,Botafogo,free transfer,out,Winter,NA,Eredivisie,2019,2019/2020
Vitesse Arnhem,Oussama Darfalou,26,Centre-Forward,VVV-Venlo,loan transfer,out,Winter,NA,Eredivisie,2019,2019/2020
Vitesse Arnhem,Thomas Bruns,28,Central Midfield,VVV-Venlo,loan transfer,out,Winter,NA,Eredivisie,2019,2019/2020
Vitesse Arnhem,Jeroen Houwen,23,Goalkeeper,Go Ahead Eagles,loan transfer,out,Winter,NA,Eredivisie,2019,2019/2020
Vitesse Arnhem,Jamal Blackman,26,Goalkeeper,Chelsea,"End of loanJan 16, 2020",out,Winter,0,Eredivisie,2019,2019/2020
VVV-Venlo,Oussama Darfalou,26,Centre-Forward,Vitesse,loan transfer,in,Winter,NA,Eredivisie,2019,2019/2020
VVV-Venlo,Thomas Bruns,28,Central Midfield,Vitesse,loan transfer,in,Winter,NA,Eredivisie,2019,2019/2020
VVV-Venlo,Roy Gelmi,24,Centre-Back,FC Thun,loan transfer,in,Winter,NA,Eredivisie,2019,2019/2020
VVV-Venlo,Samuel Scheimann,32,Left-Back,Kiryat Shmona,free transfer,out,Winter,NA,Eredivisie,2019,2019/2020
VVV-Venlo,Elia Soriano,30,Centre-Forward,Hapoel Raanana,free transfer,out,Winter,NA,Eredivisie,2019,2019/2020
VVV-Venlo,Damian van Bruggen,23,Centre-Back,Inter Zapresic,?,out,Winter,NA,Eredivisie,2019,2019/2020
Willem II Tilburg,Görkem Saglam,21,Attacking Midfield,VfL Bochum,free transfer,in,Winter,NA,Eredivisie,2019,2019/2020
Willem II Tilburg,Karim Coulibaly,26,Left Winger,SC Toulon,free transfer,out,Winter,NA,Eredivisie,2019,2019/2020
Willem II Tilburg,Justin Ogenia,20,Right-Back,FC Eindhoven,loan transfer,out,Winter,NA,Eredivisie,2019,2019/2020
Willem II Tilburg,Victor van den Bogert,20,Centre-Back,De Graafschap,loan transfer,out,Winter,NA,Eredivisie,2019,2019/2020
Willem II Tilburg,Jhonny Quiñónez,21,Defensive Midfield,SD Aucas,"End of loanDec 31, 2019",out,Winter,0,Eredivisie,2019,2019/2020
