club_name,player_name,age,position,club_involved_name,fee,transfer_movement,transfer_period,fee_cleaned,league_name,year,season
Amiens SC,Serhou Guirassy,23,Centre-Forward,1. FC Köln,£5.40m,in,Summer,5.4,Ligue 1,2019,2019/2020
Amiens SC,Gaël Kakuta,28,Attacking Midfield,Rayo Vallecano,£2.70m,in,Summer,2.7,Ligue 1,2019,2019/2020
Amiens SC,Eddy Gnahoré,25,Central Midfield,Palermo,£2.25m,in,Summer,2.25,Ligue 1,2019,2019/2020
Amiens SC,Emil Krafth,24,Right-Back,Bologna,£1.80m,in,Summer,1.8,Ligue 1,2019,2019/2020
Amiens SC,Jack Lahne,17,Centre-Forward,Brommapojkarna,£1.80m,in,Summer,1.8,Ligue 1,2019,2019/2020
Amiens SC,Alexis Blin,22,Defensive Midfield,Toulouse,£1.49m,in,Summer,1.49,Ligue 1,2019,2019/2020
Amiens SC,Chadrac Akolo,24,Right Winger,VfB Stuttgart,Loan fee:£450Th.,in,Summer,0.45,Ligue 1,2019,2019/2020
Amiens SC,Ulrick Eneme-Ella,18,Centre-Forward,FC Liefering,£270Th.,in,Summer,0.27,Ligue 1,2019,2019/2020
Amiens SC,Aurelien Chedjou,34,Centre-Back,Basaksehir,£180Th.,in,Summer,0.18,Ligue 1,2019,2019/2020
Amiens SC,Jayson Papeau,23,Left Winger,Ste. Geneviève,free transfer,in,Summer,NA,Ligue 1,2019,2019/2020
Amiens SC,Christophe Jallet,35,Right-Back,OGC Nice,free transfer,in,Summer,NA,Ligue 1,2019,2019/2020
Amiens SC,Haitam Aleesami,27,Left-Back,Palermo,free transfer,in,Summer,NA,Ligue 1,2019,2019/2020
Amiens SC,Fousseni Diabaté,23,Attacking Midfield,Leicester,loan transfer,in,Summer,NA,Ligue 1,2019,2019/2020
Amiens SC,Arturo Calabresi,23,Right-Back,Bologna,loan transfer,in,Summer,NA,Ligue 1,2019,2019/2020
Amiens SC,Valentin Gendrey,19,Right-Back,Amiens SC B,-,in,Summer,0,Ligue 1,2019,2019/2020
Amiens SC,Darell Tokpa,18,Centre-Forward,Amiens SC U19,-,in,Summer,0,Ligue 1,2019,2019/2020
Amiens SC,Yannick Mamilonne,27,Centre-Forward,Paris FC,"End of loanJun 30, 2019",in,Summer,0,Ligue 1,2019,2019/2020
Amiens SC,Jordan Lefort,27,Left-Back,BSC Young Boys,"End of loanAug 12, 2020",in,Summer,0,Ligue 1,2019,2019/2020
Amiens SC,Réda Rabeï,24,Central Midfield,US Avranches,"End of loanJun 30, 2019",in,Summer,0,Ligue 1,2019,2019/2020
Amiens SC,Sanasi Sy,20,Left-Back,AFC Tubize,"End of loanJun 30, 2019",in,Summer,0,Ligue 1,2019,2019/2020
Amiens SC,Rafal Kurzawa,26,Left Winger,FC Midtjylland,"End of loanJun 30, 2019",in,Summer,0,Ligue 1,2019,2019/2020
Amiens SC,Madih Talal,21,Central Midfield,Entente SSG,"End of loanJun 30, 2019",in,Summer,0,Ligue 1,2019,2019/2020
Amiens SC,Brighton Labeau,23,Centre-Forward,FC Villefranche,"End of loanJun 30, 2019",in,Summer,0,Ligue 1,2019,2019/2020
Amiens SC,Emil Krafth,25,Right-Back,Newcastle,£4.86m,out,Summer,4.86,Ligue 1,2019,2019/2020
Amiens SC,Yannick Mamilonne,27,Centre-Forward,FC Chambly,free transfer,out,Summer,NA,Ligue 1,2019,2019/2020
Amiens SC,Khaled Adénon,34,Centre-Back,Al-Wahda,free transfer,out,Summer,NA,Ligue 1,2019,2019/2020
Amiens SC,Gauthier Banaziak,22,Goalkeeper,AC Amiens,free transfer,out,Summer,NA,Ligue 1,2019,2019/2020
Amiens SC,Réda Rabeï,24,Central Midfield,Fremad Amager,free transfer,out,Summer,NA,Ligue 1,2019,2019/2020
Amiens SC,Brighton Labeau,23,Centre-Forward,FC Rapid,free transfer,out,Summer,NA,Ligue 1,2019,2019/2020
Amiens SC,Cheick Timite,21,Right Winger,Paris FC,loan transfer,out,Summer,NA,Ligue 1,2019,2019/2020
Amiens SC,Gaoussou Traoré,19,Defensive Midfield,Quevilly Rouen,loan transfer,out,Summer,NA,Ligue 1,2019,2019/2020
Amiens SC,Oualid El Hajjam,28,Right-Back,Troyes,£32Th.,out,Summer,0.032,Ligue 1,2019,2019/2020
Amiens SC,Nathan Dekoke,23,Left-Back,Without Club,-,out,Summer,0,Ligue 1,2019,2019/2020
Amiens SC,Erik Pieters,30,Left-Back,Stoke City,"End of loanJun 30, 2019",out,Summer,0,Ligue 1,2019,2019/2020
Amiens SC,Serhou Guirassy,23,Centre-Forward,1. FC Köln,"End of loanJun 30, 2019",out,Summer,0,Ligue 1,2019,2019/2020
Amiens SC,Alexis Blin,22,Defensive Midfield,Toulouse,"End of loanJun 30, 2019",out,Summer,0,Ligue 1,2019,2019/2020
Amiens SC,Emil Krafth,24,Right-Back,Bologna,"End of loanJun 30, 2019",out,Summer,0,Ligue 1,2019,2019/2020
Amiens SC,Eddy Gnahoré,25,Central Midfield,Palermo,"End of loanJun 30, 2019",out,Summer,0,Ligue 1,2019,2019/2020
SCO Angers,Sada Thioub,24,Right Winger,Nîmes Olympique,£3.15m,in,Summer,3.15,Ligue 1,2019,2019/2020
SCO Angers,Casimir Ninga,26,Left Winger,SM Caen,£2.70m,in,Summer,2.7,Ligue 1,2019,2019/2020
SCO Angers,Mathias Pereira Lage,22,Left Midfield,Clermont Foot,£1.35m,in,Summer,1.35,Ligue 1,2019,2019/2020
SCO Angers,Antonin Bobichon,23,Central Midfield,Nîmes Olympique,£1.35m,in,Summer,1.35,Ligue 1,2019,2019/2020
SCO Angers,Danijel Petkovic,26,Goalkeeper,FC Lorient,£810Th.,in,Summer,0.81,Ligue 1,2019,2019/2020
SCO Angers,Rachid Alioui,27,Centre-Forward,Nîmes Olympique,free transfer,in,Summer,NA,Ligue 1,2019,2019/2020
SCO Angers,Haithem Loucif,23,Right-Back,Paradou AC,?,in,Summer,NA,Ligue 1,2019,2019/2020
SCO Angers,Zinédine Ould Khaled,19,Defensive Midfield,SCO Angers B,-,in,Summer,0,Ligue 1,2019,2019/2020
SCO Angers,Harrison Manzala,25,Right Winger,M. Petah Tikva,"End of loanJun 30, 2019",in,Summer,0,Ligue 1,2019,2019/2020
SCO Angers,Thomas Touré,25,Left Winger,Paris FC,"End of loanJun 30, 2019",in,Summer,0,Ligue 1,2019,2019/2020
SCO Angers,Dorian Bertrand,26,Left Winger,AS Béziers,"End of loanJun 30, 2019",in,Summer,0,Ligue 1,2019,2019/2020
SCO Angers,Saliou Ciss,29,Left-Back,Valenciennes FC,"End of loanJun 30, 2019",in,Summer,0,Ligue 1,2019,2019/2020
SCO Angers,Alexandre Letellier,28,Goalkeeper,Troyes,"End of loanJun 30, 2019",in,Summer,0,Ligue 1,2019,2019/2020
SCO Angers,Baptiste Guillaume,24,Centre-Forward,Nîmes Olympique,"End of loanJun 30, 2019",in,Summer,0,Ligue 1,2019,2019/2020
SCO Angers,Jeff Reine-Adélaïde,21,Attacking Midfield,Olympique Lyon,£22.50m,out,Summer,22.5,Ligue 1,2019,2019/2020
SCO Angers,Flavien Tait,26,Central Midfield,Stade Rennais,£8.10m,out,Summer,8.1,Ligue 1,2019,2019/2020
SCO Angers,Saliou Ciss,29,Left-Back,AS Nancy,free transfer,out,Summer,NA,Ligue 1,2019,2019/2020
SCO Angers,Harrison Manzala,25,Right Winger,Le Mans FC,loan transfer,out,Summer,NA,Ligue 1,2019,2019/2020
SCO Angers,Thomas Touré,25,Left Winger,FC Sochaux,loan transfer,out,Summer,NA,Ligue 1,2019,2019/2020
SCO Angers,Alexandre Letellier,28,Goalkeeper,Sarpsborg 08,loan transfer,out,Summer,NA,Ligue 1,2019,2019/2020
SCO Angers,Elhadji Pape Diaw,24,Centre-Back,SM Caen,loan transfer,out,Summer,NA,Ligue 1,2019,2019/2020
SCO Angers,Cristian López,30,Centre-Forward,Hatta Club,?,out,Summer,NA,Ligue 1,2019,2019/2020
SCO Angers,Dorian Bertrand,26,Left Winger,AS Nancy,?,out,Summer,NA,Ligue 1,2019,2019/2020
SCO Angers,Baptiste Guillaume,24,Centre-Forward,Valenciennes FC,loan transfer,out,Summer,NA,Ligue 1,2019,2019/2020
SCO Angers,Lassana Coulibaly,23,Central Midfield,Cercle Brugge,loan transfer,out,Summer,NA,Ligue 1,2019,2019/2020
SCO Angers,Loïc Puyo,30,Central Midfield,Without Club,-,out,Summer,0,Ligue 1,2019,2019/2020
SCO Angers,Yoann Andreu,30,Left-Back,Retired,-,out,Summer,0,Ligue 1,2019,2019/2020
SCO Angers,Cheikh N'Doye,33,Central Midfield,Birmingham,"End of loanJun 30, 2019",out,Summer,0,Ligue 1,2019,2019/2020
SCO Angers,Zacharie Boucher,27,Goalkeeper,AJ Auxerre,"End of loanJun 30, 2019",out,Summer,0,Ligue 1,2019,2019/2020
FC Girondins Bordeaux,Laurent Koscielny,33,Centre-Back,Arsenal,£4.50m,in,Summer,4.5,Ligue 1,2019,2019/2020
FC Girondins Bordeaux,Ui-jo Hwang,26,Centre-Forward,Gamba Osaka,£1.80m,in,Summer,1.8,Ligue 1,2019,2019/2020
FC Girondins Bordeaux,Mexer,30,Centre-Back,Stade Rennais,free transfer,in,Summer,NA,Ligue 1,2019,2019/2020
FC Girondins Bordeaux,Loris Benito,27,Left-Back,BSC Young Boys,free transfer,in,Summer,NA,Ligue 1,2019,2019/2020
FC Girondins Bordeaux,Enock Kwateng,22,Right-Back,FC Nantes,free transfer,in,Summer,NA,Ligue 1,2019,2019/2020
FC Girondins Bordeaux,Youssef Aït Bennasser,23,Central Midfield,Monaco,loan transfer,in,Summer,NA,Ligue 1,2019,2019/2020
FC Girondins Bordeaux,Yassine Benrahou,20,Attacking Midfield,G. Bordeaux B,-,in,Summer,0,Ligue 1,2019,2019/2020
FC Girondins Bordeaux,Valentín Vada,23,Central Midfield,Saint-Étienne,"End of loanJun 30, 2019",in,Summer,0,Ligue 1,2019,2019/2020
FC Girondins Bordeaux,Raoul Bellanova,19,Right-Back,Milan U19,"End of loanJun 30, 2019",in,Summer,0,Ligue 1,2019,2019/2020
FC Girondins Bordeaux,Lukas Lerager,25,Central Midfield,Genoa,"End of loanJun 30, 2019",in,Summer,0,Ligue 1,2019,2019/2020
FC Girondins Bordeaux,Alexandre Mendy,25,Centre-Forward,Guingamp,"End of loanJun 30, 2019",in,Summer,0,Ligue 1,2019,2019/2020
FC Girondins Bordeaux,Aaron Boupendza,22,Centre-Forward,Tours FC,"End of loanJun 30, 2019",in,Summer,0,Ligue 1,2019,2019/2020
FC Girondins Bordeaux,Paul Baysse,31,Centre-Back,SM Caen,"End of loanJun 30, 2019",in,Summer,0,Ligue 1,2019,2019/2020
FC Girondins Bordeaux,Jonathan Cafú,27,Right Winger,Red Star,"End of loanJun 30, 2019",in,Summer,0,Ligue 1,2019,2019/2020
FC Girondins Bordeaux,Daniel Mancini,22,Right Winger,AJ Auxerre,"End of loanJun 30, 2019",in,Summer,0,Ligue 1,2019,2019/2020
FC Girondins Bordeaux,Jules Koundé,20,Centre-Back,Sevilla FC,£22.50m,out,Summer,22.5,Ligue 1,2019,2019/2020
FC Girondins Bordeaux,Lukas Lerager,25,Central Midfield,Genoa,£5.40m,out,Summer,5.4,Ligue 1,2019,2019/2020
FC Girondins Bordeaux,Zaydou Youssouf,19,Central Midfield,Saint-Étienne,£1.80m,out,Summer,1.8,Ligue 1,2019,2019/2020
FC Girondins Bordeaux,Valentín Vada,23,Central Midfield,UD Almería,£675Th.,out,Summer,0.675,Ligue 1,2019,2019/2020
FC Girondins Bordeaux,Daniel Mancini,22,Right Winger,Aris Saloniki,£450Th.,out,Summer,0.45,Ligue 1,2019,2019/2020
FC Girondins Bordeaux,Jérôme Prior,23,Goalkeeper,Valenciennes FC,free transfer,out,Summer,NA,Ligue 1,2019,2019/2020
FC Girondins Bordeaux,Igor Lewczuk,34,Centre-Back,Legia Warszawa,free transfer,out,Summer,NA,Ligue 1,2019,2019/2020
FC Girondins Bordeaux,Alexandre Mendy,25,Centre-Forward,Stade Brestois,loan transfer,out,Summer,NA,Ligue 1,2019,2019/2020
FC Girondins Bordeaux,Aaron Boupendza,22,Centre-Forward,Feirense,loan transfer,out,Summer,NA,Ligue 1,2019,2019/2020
FC Girondins Bordeaux,Over Mandanda,20,Goalkeeper,US Créteil-L,loan transfer,out,Summer,NA,Ligue 1,2019,2019/2020
FC Girondins Bordeaux,Jaroslav Plasil,37,Central Midfield,Retired,-,out,Summer,0,Ligue 1,2019,2019/2020
FC Girondins Bordeaux,Yann Karamoh,20,Left Winger,Inter,"End of loanJun 30, 2019",out,Summer,0,Ligue 1,2019,2019/2020
FC Girondins Bordeaux,Andreas Cornelius,26,Centre-Forward,Atalanta BC,"End of loanJun 30, 2019",out,Summer,0,Ligue 1,2019,2019/2020
FC Girondins Bordeaux,Sergi Palencia,23,Right-Back,Barcelona,"End of loanJun 30, 2019",out,Summer,0,Ligue 1,2019,2019/2020
Stade Brestois 29,Jean-Kevin Duverne,22,Centre-Back,Lens,£1.80m,in,Summer,1.8,Ligue 1,2019,2019/2020
Stade Brestois 29,Romain Perraud,21,Left-Back,OGC Nice,£1.80m,in,Summer,1.8,Ligue 1,2019,2019/2020
Stade Brestois 29,Ibrahima Diallo,20,Defensive Midfield,Monaco,£1.80m,in,Summer,1.8,Ligue 1,2019,2019/2020
Stade Brestois 29,Irvin Cardona,22,Centre-Forward,Monaco,£1.35m,in,Summer,1.35,Ligue 1,2019,2019/2020
Stade Brestois 29,Paul Lasne,30,Defensive Midfield,Montpellier,free transfer,in,Summer,NA,Ligue 1,2019,2019/2020
Stade Brestois 29,Ludovic Baal,33,Left-Back,Stade Rennais,free transfer,in,Summer,NA,Ligue 1,2019,2019/2020
Stade Brestois 29,Denys Bain,25,Centre-Back,AC Le Havre,free transfer,in,Summer,NA,Ligue 1,2019,2019/2020
Stade Brestois 29,Samuel Grandsir,22,Right Winger,Monaco,loan transfer,in,Summer,NA,Ligue 1,2019,2019/2020
Stade Brestois 29,Alexandre Mendy,25,Centre-Forward,G. Bordeaux,loan transfer,in,Summer,NA,Ligue 1,2019,2019/2020
Stade Brestois 29,Hianga'a Mbock,19,Central Midfield,Brest B,-,in,Summer,0,Ligue 1,2019,2019/2020
Stade Brestois 29,David Kiki,25,Left-Back,Red Star FC,"End of loanJun 30, 2019",in,Summer,0,Ligue 1,2019,2019/2020
Stade Brestois 29,Corentin Jacob,22,Centre-Back,Tours FC,"End of loanJun 30, 2019",in,Summer,0,Ligue 1,2019,2019/2020
Stade Brestois 29,Anthony Weber,32,Centre-Back,SM Caen,£450Th.,out,Summer,0.45,Ligue 1,2019,2019/2020
Stade Brestois 29,Julien Fabri,25,Goalkeeper,LB Châteauroux,free transfer,out,Summer,NA,Ligue 1,2019,2019/2020
Stade Brestois 29,Pierre Magnon,23,Right Midfield,US Avranches,free transfer,out,Summer,NA,Ligue 1,2019,2019/2020
Stade Brestois 29,Valentin Henry,25,Right-Back,Rodez AF,free transfer,out,Summer,NA,Ligue 1,2019,2019/2020
Stade Brestois 29,Quentin Bernard,29,Left-Back,AJ Auxerre,free transfer,out,Summer,NA,Ligue 1,2019,2019/2020
Stade Brestois 29,Corentin Jacob,22,Centre-Back,Rodez AF,free transfer,out,Summer,NA,Ligue 1,2019,2019/2020
Stade Brestois 29,Guillaume Buon,21,Centre-Back,US Avranches,loan transfer,out,Summer,NA,Ligue 1,2019,2019/2020
Stade Brestois 29,Édouard Butin,31,Centre-Forward,Without Club,-,out,Summer,0,Ligue 1,2019,2019/2020
Stade Brestois 29,Thomas Ayasse,32,Defensive Midfield,Without Club,-,out,Summer,0,Ligue 1,2019,2019/2020
Stade Brestois 29,Baba Traoré,26,Left-Back,AC Le Havre,"End of loanJun 30, 2019",out,Summer,0,Ligue 1,2019,2019/2020
Stade Brestois 29,Ibrahima Diallo,20,Defensive Midfield,Monaco,"End of loanJun 30, 2019",out,Summer,0,Ligue 1,2019,2019/2020
Stade Brestois 29,Jessy Pi,25,Defensive Midfield,Toulouse,"End of loanJun 30, 2019",out,Summer,0,Ligue 1,2019,2019/2020
Dijon FCO,Mounir Chouiar,20,Left Winger,Lens,£3.15m,in,Summer,3.15,Ligue 1,2019,2019/2020
Dijon FCO,Bruno Ecuele Manga,31,Centre-Back,Cardiff,£1.80m,in,Summer,1.8,Ligue 1,2019,2019/2020
Dijon FCO,Alfred Gomis,25,Goalkeeper,SPAL,£900Th.,in,Summer,0.9,Ligue 1,2019,2019/2020
Dijon FCO,Mama Baldé,23,Right Winger,Sporting CP U23,£630Th.,in,Summer,0.63,Ligue 1,2019,2019/2020
Dijon FCO,Hamza Mendyl,21,Left-Back,FC Schalke 04,Loan fee:£450Th.,in,Summer,0.45,Ligue 1,2019,2019/2020
Dijon FCO,Ngonda Muzinga,24,Left-Back,AS Vita Club,£270Th.,in,Summer,0.27,Ligue 1,2019,2019/2020
Dijon FCO,Bryan Soumaré,20,Attacking Midfield,Saint-Quentin,free transfer,in,Summer,NA,Ligue 1,2019,2019/2020
Dijon FCO,Didier Ndong,25,Central Midfield,Guingamp,?,in,Summer,NA,Ligue 1,2019,2019/2020
Dijon FCO,Matheus Pereira,21,Attacking Midfield,Juventus U23,loan transfer,in,Summer,NA,Ligue 1,2019,2019/2020
Dijon FCO,Stephy Mavididi,21,Left Winger,Juventus U23,loan transfer,in,Summer,NA,Ligue 1,2019,2019/2020
Dijon FCO,Jhonder Cádiz,24,Centre-Forward,Benfica,loan transfer,in,Summer,NA,Ligue 1,2019,2019/2020
Dijon FCO,Théo Barbet,18,Centre-Back,Dijon U19,-,in,Summer,0,Ligue 1,2019,2019/2020
Dijon FCO,Eden Massouema,22,Defensive Midfield,Valenciennes FC,"End of loanJun 30, 2019",in,Summer,0,Ligue 1,2019,2019/2020
Dijon FCO,Wesley Saïd,24,Left Winger,Toulouse,£7.20m,out,Summer,7.2,Ligue 1,2019,2019/2020
Dijon FCO,Valentin Rosier,22,Right-Back,Sporting CP,£4.50m,out,Summer,4.5,Ligue 1,2019,2019/2020
Dijon FCO,Naïm Sliti,27,Left Winger,Al-Ettifaq,£4.50m,out,Summer,4.5,Ligue 1,2019,2019/2020
Dijon FCO,Sory Kaba,23,Centre-Forward,FC Midtjylland,£2.70m,out,Summer,2.7,Ligue 1,2019,2019/2020
Dijon FCO,Chang-hoon Kwon,25,Right Winger,SC Freiburg,£1.80m,out,Summer,1.8,Ligue 1,2019,2019/2020
Dijon FCO,Jules Keita,21,Left Winger,Lens,£1.35m,out,Summer,1.35,Ligue 1,2019,2019/2020
Dijon FCO,Bobby Allain,27,Goalkeeper,Olympiacos,free transfer,out,Summer,NA,Ligue 1,2019,2019/2020
Dijon FCO,Eden Massouema,22,Defensive Midfield,Troyes,free transfer,out,Summer,NA,Ligue 1,2019,2019/2020
Dijon FCO,Oussama Haddadi,27,Left-Back,Al-Ettifaq,free transfer,out,Summer,NA,Ligue 1,2019,2019/2020
Dijon FCO,Mehdi Abeid,26,Central Midfield,FC Nantes,free transfer,out,Summer,NA,Ligue 1,2019,2019/2020
Dijon FCO,Cédric Yambéré,28,Centre-Back,Al-Ettifaq,?,out,Summer,NA,Ligue 1,2019,2019/2020
Dijon FCO,Benjamin Jeannot,27,Centre-Forward,SM Caen,?,out,Summer,NA,Ligue 1,2019,2019/2020
Dijon FCO,Arnold Bouka Moutou,30,Left-Back,Without Club,-,out,Summer,0,Ligue 1,2019,2019/2020
LOSC Lille,Victor Osimhen,20,Centre-Forward,RSC Charleroi,£20.16m,in,Summer,20.16,Ligue 1,2019,2019/2020
LOSC Lille,Renato Sanches,22,Central Midfield,FC Bayern,£18.00m,in,Summer,18,Ligue 1,2019,2019/2020
LOSC Lille,Yusuf Yazici,22,Attacking Midfield,Trabzonspor,£15.75m,in,Summer,15.75,Ligue 1,2019,2019/2020
LOSC Lille,Timothy Weah,19,Centre-Forward,Paris SG,£9.00m,in,Summer,9,Ligue 1,2019,2019/2020
LOSC Lille,Benjamin André,28,Defensive Midfield,Stade Rennais,£6.30m,in,Summer,6.3,Ligue 1,2019,2019/2020
LOSC Lille,Domagoj Bradaric,19,Left-Back,Hajduk Split,£5.85m,in,Summer,5.85,Ligue 1,2019,2019/2020
LOSC Lille,Léo Jardim,24,Goalkeeper,Rio Ave FC,£5.40m,in,Summer,5.4,Ligue 1,2019,2019/2020
LOSC Lille,Tiago Djaló,19,Centre-Back,Milan U19,£3.60m,in,Summer,3.6,Ligue 1,2019,2019/2020
LOSC Lille,Reinildo Mandava,25,Left-Back,Belenenses SAD,£2.70m,in,Summer,2.7,Ligue 1,2019,2019/2020
LOSC Lille,Saad Agouzoul,21,Centre-Back,Kawkab Marrak.,£540Th.,in,Summer,0.54,Ligue 1,2019,2019/2020
LOSC Lille,Scotty Sadzoute,21,Left-Back,LOSC Lille B,-,in,Summer,0,Ligue 1,2019,2019/2020
LOSC Lille,Edgar Ié,25,Centre-Back,FC Nantes,"End of loanJun 30, 2019",in,Summer,0,Ligue 1,2019,2019/2020
LOSC Lille,Yassine Benzia,24,Attacking Midfield,Fenerbahce,"End of loanJun 30, 2019",in,Summer,0,Ligue 1,2019,2019/2020
LOSC Lille,Anwar El Ghazi,24,Right Winger,Aston Villa,"End of loanJun 30, 2019",in,Summer,0,Ligue 1,2019,2019/2020
LOSC Lille,Rominigue Kouamé,22,Central Midfield,Paris FC,"End of loanJun 30, 2019",in,Summer,0,Ligue 1,2019,2019/2020
LOSC Lille,Nicolas Pépé,24,Right Winger,Arsenal,£72.00m,out,Summer,72,Ligue 1,2019,2019/2020
LOSC Lille,Rafael Leão,20,Left Winger,AC Milan,£26.55m,out,Summer,26.55,Ligue 1,2019,2019/2020
LOSC Lille,Thiago Mendes,27,Defensive Midfield,Olympique Lyon,£19.80m,out,Summer,19.8,Ligue 1,2019,2019/2020
LOSC Lille,Anwar El Ghazi,24,Right Winger,Aston Villa,£8.10m,out,Summer,8.1,Ligue 1,2019,2019/2020
LOSC Lille,Youssouf Koné,23,Left-Back,Olympique Lyon,£8.10m,out,Summer,8.1,Ligue 1,2019,2019/2020
LOSC Lille,Edgar Ié,25,Centre-Back,Trabzonspor,free transfer,out,Summer,NA,Ligue 1,2019,2019/2020
LOSC Lille,Scotty Sadzoute,21,Left-Back,Pau FC,loan transfer,out,Summer,NA,Ligue 1,2019,2019/2020
LOSC Lille,Rominigue Kouamé,22,Central Midfield,Cercle Brugge,loan transfer,out,Summer,NA,Ligue 1,2019,2019/2020
LOSC Lille,Hervé Koffi,22,Goalkeeper,Belenenses SAD,loan transfer,out,Summer,NA,Ligue 1,2019,2019/2020
LOSC Lille,Kouadio-Yves Dabila,22,Centre-Back,Cercle Brugge,loan transfer,out,Summer,NA,Ligue 1,2019,2019/2020
LOSC Lille,Adam Jakubech,22,Goalkeeper,KV Kortrijk,loan transfer,out,Summer,NA,Ligue 1,2019,2019/2020
LOSC Lille,Yassine Benzia,24,Attacking Midfield,Olympiacos,loan transfer,out,Summer,NA,Ligue 1,2019,2019/2020
LOSC Lille,Reinildo Mandava,25,Left-Back,Belenenses SAD,"End of loanJun 30, 2019",out,Summer,0,Ligue 1,2019,2019/2020
LOSC Lille,Rui Fonte,29,Centre-Forward,Fulham,"End of loanJun 30, 2019",out,Summer,0,Ligue 1,2019,2019/2020
Olympique Lyon,Jeff Reine-Adélaïde,21,Attacking Midfield,SCO Angers,£22.50m,in,Summer,22.5,Ligue 1,2019,2019/2020
Olympique Lyon,Joachim Andersen,23,Centre-Back,Sampdoria,£21.60m,in,Summer,21.6,Ligue 1,2019,2019/2020
Olympique Lyon,Thiago Mendes,27,Defensive Midfield,LOSC Lille,£19.80m,in,Summer,19.8,Ligue 1,2019,2019/2020
Olympique Lyon,Youssouf Koné,23,Left-Back,LOSC Lille,£8.10m,in,Summer,8.1,Ligue 1,2019,2019/2020
Olympique Lyon,Jean Lucas,21,Central Midfield,Flamengo,£7.20m,in,Summer,7.2,Ligue 1,2019,2019/2020
Olympique Lyon,Ciprian Tatarusanu,33,Goalkeeper,FC Nantes,free transfer,in,Summer,NA,Ligue 1,2019,2019/2020
Olympique Lyon,Timothé Cognat,21,Central Midfield,Servette FC,"End of loanJun 30, 2019",in,Summer,0,Ligue 1,2019,2019/2020
Olympique Lyon,Jordan Ferri,27,Central Midfield,Nîmes Olympique,"End of loanJun 30, 2019",in,Summer,0,Ligue 1,2019,2019/2020
Olympique Lyon,Christopher Martins Pereira,22,Defensive Midfield,Troyes,"End of loanJun 30, 2019",in,Summer,0,Ligue 1,2019,2019/2020
Olympique Lyon,Elisha Owusu,21,Defensive Midfield,FC Sochaux,"End of loanJun 30, 2019",in,Summer,0,Ligue 1,2019,2019/2020
Olympique Lyon,Tanguy Ndombélé,22,Central Midfield,Spurs,£54.00m,out,Summer,54,Ligue 1,2019,2019/2020
Olympique Lyon,Ferland Mendy,24,Left-Back,Real Madrid,£43.20m,out,Summer,43.2,Ligue 1,2019,2019/2020
Olympique Lyon,Nabil Fekir,26,Attacking Midfield,Real Betis,£17.78m,out,Summer,17.78,Ligue 1,2019,2019/2020
Olympique Lyon,Christopher Martins Pereira,22,Defensive Midfield,BSC Young Boys,£1.80m,out,Summer,1.8,Ligue 1,2019,2019/2020
Olympique Lyon,Jordan Ferri,27,Central Midfield,Montpellier,£1.80m,out,Summer,1.8,Ligue 1,2019,2019/2020
Olympique Lyon,Elisha Owusu,21,Defensive Midfield,KAA Gent,£900Th.,out,Summer,0.9,Ligue 1,2019,2019/2020
Olympique Lyon,Pape Cheikh,22,Central Midfield,Celta de Vigo,Loan fee:£450Th.,out,Summer,0.45,Ligue 1,2019,2019/2020
Olympique Lyon,Timothé Cognat,21,Central Midfield,Servette FC,£63Th.,out,Summer,0.063,Ligue 1,2019,2019/2020
Olympique Lyon,Mathieu Gorgelin,28,Goalkeeper,AC Le Havre,free transfer,out,Summer,NA,Ligue 1,2019,2019/2020
Olympique Lyon,Jérémy Morel,35,Centre-Back,Stade Rennais,free transfer,out,Summer,NA,Ligue 1,2019,2019/2020
Olympique Lyon,Olivier Kemen,22,Central Midfield,Chamois Niort,free transfer,out,Summer,NA,Ligue 1,2019,2019/2020
Olympique Lyon,Lenny Pintor,19,Left Winger,Troyes,loan transfer,out,Summer,NA,Ligue 1,2019,2019/2020
Olympique Marseille,Darío Benedetto,29,Centre-Forward,Boca Juniors,£12.60m,in,Summer,12.6,Ligue 1,2019,2019/2020
Olympique Marseille,Valentin Rongier,24,Central Midfield,FC Nantes,£11.70m,in,Summer,11.7,Ligue 1,2019,2019/2020
Olympique Marseille,Christopher Rocchia,21,Left-Back,FC Sochaux,"End of loanJun 30, 2019",in,Summer,0,Ligue 1,2019,2019/2020
Olympique Marseille,Álvaro González,29,Centre-Back,Villarreal,loan transfer,in,Summer,NA,Ligue 1,2019,2019/2020
Olympique Marseille,Mohamed Abdallah,20,Right-Back,Marseille B,-,in,Summer,0,Ligue 1,2019,2019/2020
Olympique Marseille,Simon Ngapandouetnbu,16,Goalkeeper,Marseille B,-,in,Summer,0,Ligue 1,2019,2019/2020
Olympique Marseille,Marley Aké,18,Left Winger,Marseille B,-,in,Summer,0,Ligue 1,2019,2019/2020
Olympique Marseille,Ahmadou Dia,19,Goalkeeper,Marseille B,-,in,Summer,0,Ligue 1,2019,2019/2020
Olympique Marseille,Grégory Sertic,29,Defensive Midfield,FC Zürich,"End of loanJun 30, 2019",in,Summer,0,Ligue 1,2019,2019/2020
Olympique Marseille,Saîf-Eddine Khaoui,24,Attacking Midfield,SM Caen,"End of loanJun 30, 2019",in,Summer,0,Ligue 1,2019,2019/2020
Olympique Marseille,Lucas Ocampos,24,Left Winger,Sevilla FC,£13.50m,out,Summer,13.5,Ligue 1,2019,2019/2020
Olympique Marseille,Luiz Gustavo,32,Defensive Midfield,Fenerbahce,£5.40m,out,Summer,5.4,Ligue 1,2019,2019/2020
Olympique Marseille,Clinton N'Jie,25,Right Winger,Dinamo Moscow,£5.40m,out,Summer,5.4,Ligue 1,2019,2019/2020
Olympique Marseille,Yusuf Sari,20,Right Winger,Trabzonspor,£225Th.,out,Summer,0.225,Ligue 1,2019,2019/2020
Olympique Marseille,Florian Escales,23,Goalkeeper,Stade Lavallois,free transfer,out,Summer,NA,Ligue 1,2019,2019/2020
Olympique Marseille,Adil Rami,33,Centre-Back,Fenerbahce,free transfer,out,Summer,NA,Ligue 1,2019,2019/2020
Olympique Marseille,Mario Balotelli,29,Centre-Forward,Brescia,free transfer,out,Summer,NA,Ligue 1,2019,2019/2020
Olympique Marseille,Tomas Hubocan,33,Centre-Back,Without Club,-,out,Summer,0,Ligue 1,2019,2019/2020
Olympique Marseille,Romain Cagnon,22,Goalkeeper,Without Club,-,out,Summer,0,Ligue 1,2019,2019/2020
Olympique Marseille,Rolando,33,Centre-Back,Without Club,-,out,Summer,0,Ligue 1,2019,2019/2020
Olympique Marseille,Christopher Rocchia,21,Left-Back,FC Sochaux,loan transfer,out,Summer,NA,Ligue 1,2019,2019/2020
Olympique Marseille,Aymen Abdennour,29,Centre-Back,Valencia,"End of loanJun 30, 2019",out,Summer,0,Ligue 1,2019,2019/2020
Nîmes Olympique,Lamine Fomba,21,Central Midfield,AJ Auxerre,£3.60m,in,Summer,3.6,Ligue 1,2019,2019/2020
Nîmes Olympique,Sidy Sarr,23,Defensive Midfield,LB Châteauroux,£1.80m,in,Summer,1.8,Ligue 1,2019,2019/2020
Nîmes Olympique,Lucas Deaux,30,Defensive Midfield,Guingamp,£900Th.,in,Summer,0.9,Ligue 1,2019,2019/2020
Nîmes Olympique,Haris Duljevic,25,Left Winger,Dynamo Dresden,£900Th.,in,Summer,0.9,Ligue 1,2019,2019/2020
Nîmes Olympique,Romain Philippoteaux,31,Left Winger,AJ Auxerre,£270Th.,in,Summer,0.27,Ligue 1,2019,2019/2020
Nîmes Olympique,Vlatko Stojanovski,22,Centre-Forward,Renova,£270Th.,in,Summer,0.27,Ligue 1,2019,2019/2020
Nîmes Olympique,Pablo Martinez,30,Centre-Back,R. Strasbourg,free transfer,in,Summer,NA,Ligue 1,2019,2019/2020
Nîmes Olympique,Zinedine Ferhat,26,Right Midfield,AC Le Havre,free transfer,in,Summer,NA,Ligue 1,2019,2019/2020
Nîmes Olympique,Antoine Valério,19,Central Midfield,Nîmes B,-,in,Summer,0,Ligue 1,2019,2019/2020
Nîmes Olympique,Kelyan Guessoum,20,Centre-Back,Nîmes B,-,in,Summer,0,Ligue 1,2019,2019/2020
Nîmes Olympique,Lucas Buades,21,Right Midfield,Nîmes B,-,in,Summer,0,Ligue 1,2019,2019/2020
Nîmes Olympique,Théo Sainte-Luce,20,Left-Back,Nîmes B,-,in,Summer,0,Ligue 1,2019,2019/2020
Nîmes Olympique,Lucas Dias,20,Goalkeeper,Nîmes B,-,in,Summer,0,Ligue 1,2019,2019/2020
Nîmes Olympique,Kévin Denkey,18,Centre-Forward,AS Béziers,"End of loanJun 30, 2019",in,Summer,0,Ligue 1,2019,2019/2020
Nîmes Olympique,Téji Savanier,27,Central Midfield,Montpellier,£8.55m,out,Summer,8.55,Ligue 1,2019,2019/2020
Nîmes Olympique,Denis Bouanga,24,Left Winger,Saint-Étienne,£4.05m,out,Summer,4.05,Ligue 1,2019,2019/2020
Nîmes Olympique,Sada Thioub,24,Right Winger,SCO Angers,£3.15m,out,Summer,3.15,Ligue 1,2019,2019/2020
Nîmes Olympique,Umut Bozok,22,Centre-Forward,FC Lorient,£1.35m,out,Summer,1.35,Ligue 1,2019,2019/2020
Nîmes Olympique,Antonin Bobichon,23,Central Midfield,SCO Angers,£1.35m,out,Summer,1.35,Ligue 1,2019,2019/2020
Nîmes Olympique,Abdel Malik Hsissane,28,Defensive Midfield,Le Puy Foot,free transfer,out,Summer,NA,Ligue 1,2019,2019/2020
Nîmes Olympique,Rachid Alioui,27,Centre-Forward,SCO Angers,free transfer,out,Summer,NA,Ligue 1,2019,2019/2020
Nîmes Olympique,Baptiste Valette,26,Goalkeeper,AS Nancy,free transfer,out,Summer,NA,Ligue 1,2019,2019/2020
Nîmes Olympique,Pierrick Valdivia,31,Central Midfield,Guingamp,free transfer,out,Summer,NA,Ligue 1,2019,2019/2020
Nîmes Olympique,Martin Sourzac,27,Goalkeeper,AS Nancy,free transfer,out,Summer,NA,Ligue 1,2019,2019/2020
Nîmes Olympique,Hervé Lybohy,35,Centre-Back,AS Nancy,free transfer,out,Summer,NA,Ligue 1,2019,2019/2020
Nîmes Olympique,Panagiotis Vlachodimos,27,Left Winger,Sonnenhof-Gr.,free transfer,out,Summer,NA,Ligue 1,2019,2019/2020
Nîmes Olympique,Féthi Harek,36,Left-Back,Retired,-,out,Summer,0,Ligue 1,2019,2019/2020
Nîmes Olympique,Jordan Ferri,27,Central Midfield,Olympique Lyon,"End of loanJun 30, 2019",out,Summer,0,Ligue 1,2019,2019/2020
Nîmes Olympique,Faitout Maouassa,20,Left-Back,Stade Rennais,"End of loanJun 30, 2019",out,Summer,0,Ligue 1,2019,2019/2020
Nîmes Olympique,Baptiste Guillaume,24,Centre-Forward,SCO Angers,"End of loanJun 30, 2019",out,Summer,0,Ligue 1,2019,2019/2020
FC Metz,Victorien Angban,22,Central Midfield,Chelsea U23,£5.40m,in,Summer,5.4,Ligue 1,2019,2019/2020
FC Metz,Fabien Centonze,23,Right-Back,Lens,£2.70m,in,Summer,2.7,Ligue 1,2019,2019/2020
FC Metz,Habib Maïga,23,Defensive Midfield,Saint-Étienne,£900Th.,in,Summer,0.9,Ligue 1,2019,2019/2020
FC Metz,Boubacar Traoré,18,Central Midfield,AS Bamako,£315Th.,in,Summer,0.315,Ligue 1,2019,2019/2020
FC Metz,Manuel Cabit,26,Left-Back,AC Ajaccio,free transfer,in,Summer,NA,Ligue 1,2019,2019/2020
FC Metz,Papa Ndiaga Yade,19,Left Winger,Génération Foot,free transfer,in,Summer,NA,Ligue 1,2019,2019/2020
FC Metz,Thierry Ambrose,22,Centre-Forward,Man City U23,loan transfer,in,Summer,NA,Ligue 1,2019,2019/2020
FC Metz,Kévin N'Doram,23,Defensive Midfield,Monaco,loan transfer,in,Summer,NA,Ligue 1,2019,2019/2020
FC Metz,Adama Traoré,24,Central Midfield,Monaco,loan transfer,in,Summer,NA,Ligue 1,2019,2019/2020
FC Metz,Raouf Mroivili,20,Central Midfield,FC Metz B,-,in,Summer,0,Ligue 1,2019,2019/2020
FC Metz,Adama Traoré,25,Right Winger,Al-Adalah FC,"End of loanOct 6, 2020",in,Summer,0,Ligue 1,2019,2019/2020
FC Metz,Cafú,26,Central Midfield,Legia Warszawa,"End of loanJun 30, 2019",in,Summer,0,Ligue 1,2019,2019/2020
FC Metz,Adama Traoré,24,Right Winger,US Orléans,"End of loanJun 30, 2019",in,Summer,0,Ligue 1,2019,2019/2020
FC Metz,Sami Lahssaini,20,Central Midfield,RFC Seraing,"End of loanJun 30, 2019",in,Summer,0,Ligue 1,2019,2019/2020
FC Metz,Vincent Thill,19,Attacking Midfield,Pau FC,"End of loanJun 30, 2019",in,Summer,0,Ligue 1,2019,2019/2020
FC Metz,Oumar Gonzalez,21,Centre-Back,FC Villefranche,"End of loanJun 30, 2019",in,Summer,0,Ligue 1,2019,2019/2020
FC Metz,Cafú,26,Central Midfield,Legia Warszawa,£720Th.,out,Summer,0.72,Ligue 1,2019,2019/2020
FC Metz,Jonathan Rivierez,30,Centre-Back,SM Caen,free transfer,out,Summer,NA,Ligue 1,2019,2019/2020
FC Metz,Oumar Gonzalez,21,Centre-Back,FC Chambly,free transfer,out,Summer,NA,Ligue 1,2019,2019/2020
FC Metz,Iván Balliu,27,Right-Back,UD Almería,free transfer,out,Summer,NA,Ligue 1,2019,2019/2020
FC Metz,Raouf Mroivili,20,Central Midfield,RFC Seraing,loan transfer,out,Summer,NA,Ligue 1,2019,2019/2020
FC Metz,Cheikh Sabaly,20,Left Winger,Pau FC,loan transfer,out,Summer,NA,Ligue 1,2019,2019/2020
FC Metz,Ablie Jallow,20,Right Winger,AC Ajaccio,loan transfer,out,Summer,NA,Ligue 1,2019,2019/2020
FC Metz,Vincent Thill,19,Attacking Midfield,US Orléans,loan transfer,out,Summer,NA,Ligue 1,2019,2019/2020
FC Metz,Gauthier Hein,22,Right Winger,Valenciennes FC,loan transfer,out,Summer,NA,Ligue 1,2019,2019/2020
FC Metz,Laurent Jans,26,Right-Back,SC Paderborn,loan transfer,out,Summer,NA,Ligue 1,2019,2019/2020
FC Metz,Emmanuel Rivière,29,Centre-Forward,Without Club,-,out,Summer,0,Ligue 1,2019,2019/2020
FC Metz,Habib Maïga,23,Defensive Midfield,Saint-Étienne,"End of loanJun 30, 2019",out,Summer,0,Ligue 1,2019,2019/2020
AS Monaco,Wissam Ben Yedder,29,Centre-Forward,Sevilla FC,£36.00m,in,Summer,36,Ligue 1,2019,2019/2020
AS Monaco,Gelson Martins,24,Right Winger,Atlético Madrid,£27.00m,in,Summer,27,Ligue 1,2019,2019/2020
AS Monaco,Guillermo Maripán,25,Centre-Back,Alavés,£16.20m,in,Summer,16.2,Ligue 1,2019,2019/2020
AS Monaco,Henry Onyekuru,22,Left Winger,Everton,£12.15m,in,Summer,12.15,Ligue 1,2019,2019/2020
AS Monaco,Benjamin Lecomte,28,Goalkeeper,Montpellier,£12.15m,in,Summer,12.15,Ligue 1,2019,2019/2020
AS Monaco,Arthur Zagre,17,Left-Back,Paris SG,£9.00m,in,Summer,9,Ligue 1,2019,2019/2020
AS Monaco,Ruben Aguilar,26,Right-Back,Montpellier,£7.20m,in,Summer,7.2,Ligue 1,2019,2019/2020
AS Monaco,Jean-Kévin Augustin,22,Centre-Forward,RB Leipzig,Loan fee:£3.60m,in,Summer,3.6,Ligue 1,2019,2019/2020
AS Monaco,Tiemoué Bakayoko,25,Defensive Midfield,Chelsea,Loan fee:£2.70m,in,Summer,2.7,Ligue 1,2019,2019/2020
AS Monaco,Islam Slimani,31,Centre-Forward,Leicester,loan transfer,in,Summer,NA,Ligue 1,2019,2019/2020
AS Monaco,Wilson Isidor,18,Centre-Forward,Monaco B,-,in,Summer,0,Ligue 1,2019,2019/2020
AS Monaco,Gil Dias,22,Left-Back,Olympiacos,"End of loanJun 30, 2019",in,Summer,0,Ligue 1,2019,2019/2020
AS Monaco,Paul Nardi,25,Goalkeeper,Cercle Brugge,"End of loanJun 30, 2019",in,Summer,0,Ligue 1,2019,2019/2020
AS Monaco,Irvin Cardona,21,Centre-Forward,Cercle Brugge,"End of loanJun 30, 2019",in,Summer,0,Ligue 1,2019,2019/2020
AS Monaco,Jonathan Mexique,24,Defensive Midfield,SO Cholet,"End of loanJun 30, 2019",in,Summer,0,Ligue 1,2019,2019/2020
AS Monaco,Gabriel Boschilia,23,Attacking Midfield,FC Nantes,"End of loanJun 30, 2019",in,Summer,0,Ligue 1,2019,2019/2020
AS Monaco,Keita Baldé,24,Centre-Forward,Inter,"End of loanJun 30, 2019",in,Summer,0,Ligue 1,2019,2019/2020
AS Monaco,Ibrahima Diallo,20,Defensive Midfield,Stade Brestois,"End of loanJun 30, 2019",in,Summer,0,Ligue 1,2019,2019/2020
AS Monaco,Samuel Grandsir,22,Right Winger,R. Strasbourg,"End of loanJun 30, 2019",in,Summer,0,Ligue 1,2019,2019/2020
AS Monaco,Youri Tielemans,22,Central Midfield,Leicester,"End of loanJun 30, 2019",in,Summer,0,Ligue 1,2019,2019/2020
AS Monaco,Youssef Aït Bennasser,22,Central Midfield,Saint-Étienne,"End of loanJun 30, 2019",in,Summer,0,Ligue 1,2019,2019/2020
AS Monaco,Pelé,27,Defensive Midfield,Nottm Forest,"End of loanJun 30, 2019",in,Summer,0,Ligue 1,2019,2019/2020
AS Monaco,Antonio Barreca,24,Left-Back,Newcastle,"End of loanJun 30, 2019",in,Summer,0,Ligue 1,2019,2019/2020
AS Monaco,Adama Traoré,24,Central Midfield,Cercle Brugge,"End of loanJun 30, 2019",in,Summer,0,Ligue 1,2019,2019/2020
AS Monaco,Loïc Badiashile,21,Goalkeeper,Stade Rennais,"End of loanJun 30, 2019",in,Summer,0,Ligue 1,2019,2019/2020
AS Monaco,Youri Tielemans,22,Central Midfield,Leicester,£40.50m,out,Summer,40.5,Ligue 1,2019,2019/2020
AS Monaco,Rony Lopes,23,Right Winger,Sevilla FC,£22.50m,out,Summer,22.5,Ligue 1,2019,2019/2020
AS Monaco,Ronaël Pierre-Gabriel,21,Right-Back,1.FSV Mainz 05,£4.95m,out,Summer,4.95,Ligue 1,2019,2019/2020
AS Monaco,Djibril Sidibé,27,Right-Back,Everton,Loan fee:£2.25m,out,Summer,2.25,Ligue 1,2019,2019/2020
AS Monaco,Ibrahima Diallo,20,Defensive Midfield,Stade Brestois,£1.80m,out,Summer,1.8,Ligue 1,2019,2019/2020
AS Monaco,Paul Nardi,25,Goalkeeper,FC Lorient,£1.35m,out,Summer,1.35,Ligue 1,2019,2019/2020
AS Monaco,Irvin Cardona,22,Centre-Forward,Stade Brestois,£1.35m,out,Summer,1.35,Ligue 1,2019,2019/2020
AS Monaco,Khéphren Thuram,18,Defensive Midfield,OGC Nice,free transfer,out,Summer,NA,Ligue 1,2019,2019/2020
AS Monaco,Jonathan Mexique,24,Defensive Midfield,SO Cholet,free transfer,out,Summer,NA,Ligue 1,2019,2019/2020
AS Monaco,Radamel Falcao,33,Centre-Forward,Galatasaray,free transfer,out,Summer,NA,Ligue 1,2019,2019/2020
AS Monaco,Nacer Chadli,30,Left Winger,RSC Anderlecht,loan transfer,out,Summer,NA,Ligue 1,2019,2019/2020
AS Monaco,Kévin N'Doram,23,Defensive Midfield,FC Metz,loan transfer,out,Summer,NA,Ligue 1,2019,2019/2020
AS Monaco,Youssef Aït Bennasser,23,Central Midfield,G. Bordeaux,loan transfer,out,Summer,NA,Ligue 1,2019,2019/2020
AS Monaco,Loïc Badiashile,21,Goalkeeper,Cercle Brugge,loan transfer,out,Summer,NA,Ligue 1,2019,2019/2020
AS Monaco,Giulian Biancone,19,Right-Back,Cercle Brugge,loan transfer,out,Summer,NA,Ligue 1,2019,2019/2020
AS Monaco,Julien Serrano,21,Left-Back,Cercle Brugge,loan transfer,out,Summer,NA,Ligue 1,2019,2019/2020
AS Monaco,Lyle Foster,18,Centre-Forward,Cercle Brugge,loan transfer,out,Summer,NA,Ligue 1,2019,2019/2020
AS Monaco,Sofiane Diop,19,Attacking Midfield,FC Sochaux,loan transfer,out,Summer,NA,Ligue 1,2019,2019/2020
AS Monaco,Jean-Eudes Aholou,25,Defensive Midfield,Saint-Étienne,loan transfer,out,Summer,NA,Ligue 1,2019,2019/2020
AS Monaco,Wilson Isidor,19,Centre-Forward,Stade Lavallois,loan transfer,out,Summer,NA,Ligue 1,2019,2019/2020
AS Monaco,Jordi Mboula,20,Right Winger,Cercle Brugge,loan transfer,out,Summer,NA,Ligue 1,2019,2019/2020
AS Monaco,Samuel Grandsir,22,Right Winger,Stade Brestois,loan transfer,out,Summer,NA,Ligue 1,2019,2019/2020
AS Monaco,Adama Traoré,24,Central Midfield,FC Metz,loan transfer,out,Summer,NA,Ligue 1,2019,2019/2020
AS Monaco,Pelé,27,Defensive Midfield,Reading,loan transfer,out,Summer,NA,Ligue 1,2019,2019/2020
AS Monaco,Antonio Barreca,24,Left-Back,Genoa,loan transfer,out,Summer,NA,Ligue 1,2019,2019/2020
AS Monaco,Andrea Raggi,35,Centre-Back,Without Club,-,out,Summer,0,Ligue 1,2019,2019/2020
AS Monaco,William Vainqueur,30,Defensive Midfield,Antalyaspor,"End of loanJun 30, 2019",out,Summer,0,Ligue 1,2019,2019/2020
AS Monaco,Gelson Martins,24,Right Winger,Atlético Madrid,"End of loanJun 30, 2019",out,Summer,0,Ligue 1,2019,2019/2020
AS Monaco,Carlos Vinícius,24,Centre-Forward,SSC Napoli,"End of loanJun 30, 2019",out,Summer,0,Ligue 1,2019,2019/2020
AS Monaco,Georges-Kevin N'Koudou,24,Left Winger,Spurs,"End of loanJun 30, 2019",out,Summer,0,Ligue 1,2019,2019/2020
Montpellier HSC,Téji Savanier,27,Central Midfield,Nîmes Olympique,£8.55m,in,Summer,8.55,Ligue 1,2019,2019/2020
Montpellier HSC,Andy Delort,27,Centre-Forward,Toulouse,£4.05m,in,Summer,4.05,Ligue 1,2019,2019/2020
Montpellier HSC,Arnaud Souquet,27,Right-Back,KAA Gent,£2.52m,in,Summer,2.52,Ligue 1,2019,2019/2020
Montpellier HSC,Jordan Ferri,27,Central Midfield,Olympique Lyon,£1.80m,in,Summer,1.8,Ligue 1,2019,2019/2020
Montpellier HSC,Gerónimo Rulli,27,Goalkeeper,Real Sociedad,Loan fee:£1.35m,in,Summer,1.35,Ligue 1,2019,2019/2020
Montpellier HSC,Matis Carvalho,20,Goalkeeper,Toulouse B,free transfer,in,Summer,NA,Ligue 1,2019,2019/2020
Montpellier HSC,Joris Chotard,18,Defensive Midfield,Montpellier B,-,in,Summer,0,Ligue 1,2019,2019/2020
Montpellier HSC,Bastian Badu,19,Centre-Forward,Montpellier B,-,in,Summer,0,Ligue 1,2019,2019/2020
Montpellier HSC,Thibaut Vargas,19,Right-Back,Montpellier U19,-,in,Summer,0,Ligue 1,2019,2019/2020
Montpellier HSC,Thibault Tamas,18,Left-Back,Montpellier B,-,in,Summer,0,Ligue 1,2019,2019/2020
Montpellier HSC,Clément Vidal,19,Centre-Back,Montpellier B,-,in,Summer,0,Ligue 1,2019,2019/2020
Montpellier HSC,Amir Aduev,20,Central Midfield,Montpellier B,-,in,Summer,0,Ligue 1,2019,2019/2020
Montpellier HSC,Giovanni Sio,30,Centre-Forward,Ittihad Kalba,"End of loanJun 30, 2019",in,Summer,0,Ligue 1,2019,2019/2020
Montpellier HSC,Morgan Poaty,21,Left-Back,Troyes,"End of loanJun 30, 2019",in,Summer,0,Ligue 1,2019,2019/2020
Montpellier HSC,Isaac Mbenza,23,Right Winger,Huddersfield,"End of loanJun 30, 2019",in,Summer,0,Ligue 1,2019,2019/2020
Montpellier HSC,Benjamin Lecomte,28,Goalkeeper,Monaco,£12.15m,out,Summer,12.15,Ligue 1,2019,2019/2020
Montpellier HSC,Isaac Mbenza,23,Right Winger,Huddersfield,£11.25m,out,Summer,11.25,Ligue 1,2019,2019/2020
Montpellier HSC,Ruben Aguilar,26,Right-Back,Monaco,£7.20m,out,Summer,7.2,Ligue 1,2019,2019/2020
Montpellier HSC,Ellyes Skhiri,24,Defensive Midfield,1. FC Köln,£5.40m,out,Summer,5.4,Ligue 1,2019,2019/2020
Montpellier HSC,Paul Lasne,30,Defensive Midfield,Stade Brestois,free transfer,out,Summer,NA,Ligue 1,2019,2019/2020
Montpellier HSC,Jérémie Porsan-Clémente,21,Centre-Forward,Saint-Étienne B,free transfer,out,Summer,NA,Ligue 1,2019,2019/2020
Montpellier HSC,Bryan Passi,21,Centre-Back,Chamois Niort,free transfer,out,Summer,NA,Ligue 1,2019,2019/2020
Montpellier HSC,Yanis Ammour,20,Centre-Forward,AS Béziers,loan transfer,out,Summer,NA,Ligue 1,2019,2019/2020
Montpellier HSC,Killian Sanson,22,Defensive Midfield,Quevilly Rouen,loan transfer,out,Summer,NA,Ligue 1,2019,2019/2020
Montpellier HSC,Giovanni Sio,30,Centre-Forward,Genclerbirligi,?,out,Summer,NA,Ligue 1,2019,2019/2020
Montpellier HSC,Morgan Poaty,21,Left-Back,Guingamp,?,out,Summer,NA,Ligue 1,2019,2019/2020
Montpellier HSC,Facundo Píriz,29,Defensive Midfield,Without Club,-,out,Summer,0,Ligue 1,2019,2019/2020
Montpellier HSC,Jonathan Ligali,28,Goalkeeper,Retired,-,out,Summer,0,Ligue 1,2019,2019/2020
Montpellier HSC,Andy Delort,27,Centre-Forward,Toulouse,"End of loanJun 30, 2019",out,Summer,0,Ligue 1,2019,2019/2020
FC Nantes,Ludovic Blas,21,Attacking Midfield,Guingamp,£7.20m,in,Summer,7.2,Ligue 1,2019,2019/2020
FC Nantes,Marcus Coco,23,Right Winger,Guingamp,£2.70m,in,Summer,2.7,Ligue 1,2019,2019/2020
FC Nantes,Molla Wagué,28,Centre-Back,Udinese Calcio,£1.08m,in,Summer,1.08,Ligue 1,2019,2019/2020
FC Nantes,Abou Ba,20,Defensive Midfield,AS Nancy,£900Th.,in,Summer,0.9,Ligue 1,2019,2019/2020
FC Nantes,Alban Lafont,20,Goalkeeper,Fiorentina,Loan fee:£720Th.,in,Summer,0.72,Ligue 1,2019,2019/2020
FC Nantes,Dennis Appiah,27,Right-Back,RSC Anderlecht,£675Th.,in,Summer,0.675,Ligue 1,2019,2019/2020
FC Nantes,Denis Petric,31,Goalkeeper,Guingamp,free transfer,in,Summer,NA,Ligue 1,2019,2019/2020
FC Nantes,Bridge Ndilu,18,Centre-Forward,Stade Lavallois,free transfer,in,Summer,NA,Ligue 1,2019,2019/2020
FC Nantes,Mehdi Abeid,26,Central Midfield,Dijon,free transfer,in,Summer,NA,Ligue 1,2019,2019/2020
FC Nantes,Cristian Benavente,25,Attacking Midfield,Pyramids FC,loan transfer,in,Summer,NA,Ligue 1,2019,2019/2020
FC Nantes,Moses Simon,24,Left Winger,Levante,loan transfer,in,Summer,NA,Ligue 1,2019,2019/2020
FC Nantes,Abdoul Kader Bamba,25,Right Winger,FC Nantes B,-,in,Summer,0,Ligue 1,2019,2019/2020
FC Nantes,Imrân Louza,20,Central Midfield,FC Nantes B,-,in,Summer,0,Ligue 1,2019,2019/2020
FC Nantes,Josué Homawoo,21,Centre-Back,FC Nantes B,-,in,Summer,0,Ligue 1,2019,2019/2020
FC Nantes,Batista Mendy,19,Defensive Midfield,FC Nantes B,-,in,Summer,0,Ligue 1,2019,2019/2020
FC Nantes,Élie Youan,20,Left Winger,FC Nantes B,-,in,Summer,0,Ligue 1,2019,2019/2020
FC Nantes,Yassine El Ghanassy,28,Left Winger,Al-Raed,"End of loanJun 30, 2019",in,Summer,0,Ligue 1,2019,2019/2020
FC Nantes,Koffi Djidji,26,Centre-Back,Torino,"End of loanJun 30, 2019",in,Summer,0,Ligue 1,2019,2019/2020
FC Nantes,Santy Ngom,26,Centre-Forward,AS Nancy,"End of loanJun 30, 2019",in,Summer,0,Ligue 1,2019,2019/2020
FC Nantes,Diego Carlos,26,Centre-Back,Sevilla FC,£13.50m,out,Summer,13.5,Ligue 1,2019,2019/2020
FC Nantes,Valentin Rongier,24,Central Midfield,Marseille,£11.70m,out,Summer,11.7,Ligue 1,2019,2019/2020
FC Nantes,Lucas Lima,27,Left-Back,Ahli,£5.40m,out,Summer,5.4,Ligue 1,2019,2019/2020
FC Nantes,Koffi Djidji,26,Centre-Back,Torino,£2.70m,out,Summer,2.7,Ligue 1,2019,2019/2020
FC Nantes,Anthony Limbombe,24,Left Winger,Standard Liège,Loan fee:£900Th.,out,Summer,0.9,Ligue 1,2019,2019/2020
FC Nantes,Santy Ngom,26,Centre-Forward,SM Caen,£450Th.,out,Summer,0.45,Ligue 1,2019,2019/2020
FC Nantes,Ciprian Tatarusanu,33,Goalkeeper,Olympique Lyon,free transfer,out,Summer,NA,Ligue 1,2019,2019/2020
FC Nantes,Enock Kwateng,22,Right-Back,G. Bordeaux,free transfer,out,Summer,NA,Ligue 1,2019,2019/2020
FC Nantes,Abou Ba,21,Defensive Midfield,Aris Saloniki,loan transfer,out,Summer,NA,Ligue 1,2019,2019/2020
FC Nantes,Randal Kolo Muani,20,Centre-Forward,US Boulogne,loan transfer,out,Summer,NA,Ligue 1,2019,2019/2020
FC Nantes,Quentin Braat,21,Goalkeeper,Chamois Niort,loan transfer,out,Summer,NA,Ligue 1,2019,2019/2020
FC Nantes,Maxime Dupé,26,Goalkeeper,Clermont Foot,loan transfer,out,Summer,NA,Ligue 1,2019,2019/2020
FC Nantes,Lucas Evangelista,24,Central Midfield,Vit. Guimarães,loan transfer,out,Summer,NA,Ligue 1,2019,2019/2020
FC Nantes,Yassine El Ghanassy,29,Left Winger,Without Club,-,out,Summer,0,Ligue 1,2019,2019/2020
FC Nantes,Gabriel Boschilia,23,Attacking Midfield,Monaco,"End of loanJun 30, 2019",out,Summer,0,Ligue 1,2019,2019/2020
FC Nantes,Edgar Ié,25,Centre-Back,LOSC Lille,"End of loanJun 30, 2019",out,Summer,0,Ligue 1,2019,2019/2020
FC Nantes,Valentin Eysseric,27,Attacking Midfield,Fiorentina,"End of loanJun 30, 2019",out,Summer,0,Ligue 1,2019,2019/2020
FC Nantes,Antonio Mance,23,Centre-Forward,AS Trencin,"End of loanJun 30, 2019",out,Summer,0,Ligue 1,2019,2019/2020
FC Nantes,Majeed Waris,27,Centre-Forward,FC Porto,"End of loanJun 30, 2019",out,Summer,0,Ligue 1,2019,2019/2020
OGC Nice,Kasper Dolberg,21,Centre-Forward,Ajax,£18.45m,in,Summer,18.45,Ligue 1,2019,2019/2020
OGC Nice,Alexis Claude-Maurice,21,Attacking Midfield,FC Lorient,£11.70m,in,Summer,11.7,Ligue 1,2019,2019/2020
OGC Nice,Stanley Nsoki,20,Centre-Back,Paris SG,£11.25m,in,Summer,11.25,Ligue 1,2019,2019/2020
OGC Nice,Hicham Boudaoui,19,Central Midfield,Paradou AC,£3.60m,in,Summer,3.6,Ligue 1,2019,2019/2020
OGC Nice,Adam Ounas,22,Right Winger,SSC Napoli,Loan fee:£1.98m,in,Summer,1.98,Ligue 1,2019,2019/2020
OGC Nice,Khéphren Thuram,18,Defensive Midfield,Monaco,free transfer,in,Summer,NA,Ligue 1,2019,2019/2020
OGC Nice,Andy Pelmard,19,Centre-Back,OGC Nice B,-,in,Summer,0,Ligue 1,2019,2019/2020
OGC Nice,Lamine Diaby-Fadiga,18,Centre-Forward,OGC Nice B,-,in,Summer,0,Ligue 1,2019,2019/2020
OGC Nice,Adrien Tamèze,26,Defensive Midfield,Atalanta BC,"End of loanAug 2, 2020",in,Summer,0,Ligue 1,2019,2019/2020
OGC Nice,Vincent Marcel,22,Left Winger,Troyes,"End of loanJun 30, 2019",in,Summer,0,Ligue 1,2019,2019/2020
OGC Nice,Romain Perraud,21,Left-Back,Paris FC,"End of loanJun 30, 2019",in,Summer,0,Ligue 1,2019,2019/2020
OGC Nice,Allan Saint-Maximin,22,Left Winger,Newcastle,£16.20m,out,Summer,16.2,Ligue 1,2019,2019/2020
OGC Nice,Romain Perraud,21,Left-Back,Stade Brestois,£1.80m,out,Summer,1.8,Ligue 1,2019,2019/2020
OGC Nice,Olivier Boscagli,21,Centre-Back,PSV Eindhoven,£1.80m,out,Summer,1.8,Ligue 1,2019,2019/2020
OGC Nice,Mickaël Le Bihan,29,Centre-Forward,AJ Auxerre,£450Th.,out,Summer,0.45,Ligue 1,2019,2019/2020
OGC Nice,Vincent Marcel,22,Left Winger,Guimarães B,£90Th.,out,Summer,0.09,Ligue 1,2019,2019/2020
OGC Nice,Christophe Jallet,35,Right-Back,Amiens SC,free transfer,out,Summer,NA,Ligue 1,2019,2019/2020
OGC Nice,Lamine Diaby-Fadiga,18,Centre-Forward,Paris FC,free transfer,out,Summer,NA,Ligue 1,2019,2019/2020
OGC Nice,Eddy Sylvestre,20,Right Winger,AJ Auxerre,loan transfer,out,Summer,NA,Ligue 1,2019,2019/2020
OGC Nice,Jean-Victor Makengo,21,Central Midfield,Toulouse,loan transfer,out,Summer,NA,Ligue 1,2019,2019/2020
OGC Nice,Ihsan Sacko,22,Attacking Midfield,Troyes,loan transfer,out,Summer,NA,Ligue 1,2019,2019/2020
OGC Nice,Mouez Hassen,24,Goalkeeper,Without Club,-,out,Summer,0,Ligue 1,2019,2019/2020
Paris Saint-Germain,Abdou Diallo,23,Left-Back,Bor. Dortmund,£28.80m,in,Summer,28.8,Ligue 1,2019,2019/2020
Paris Saint-Germain,Idrissa Gueye,29,Defensive Midfield,Everton,£27.00m,in,Summer,27,Ligue 1,2019,2019/2020
Paris Saint-Germain,Pablo Sarabia,27,Right Winger,Sevilla FC,£16.20m,in,Summer,16.2,Ligue 1,2019,2019/2020
Paris Saint-Germain,Keylor Navas,32,Goalkeeper,Real Madrid,£13.50m,in,Summer,13.5,Ligue 1,2019,2019/2020
Paris Saint-Germain,Ander Herrera,29,Central Midfield,Man Utd,free transfer,in,Summer,NA,Ligue 1,2019,2019/2020
Paris Saint-Germain,Marcin Bulka,19,Goalkeeper,Chelsea U23,free transfer,in,Summer,NA,Ligue 1,2019,2019/2020
Paris Saint-Germain,Mitchel Bakker,19,Left-Back,Ajax U21,free transfer,in,Summer,NA,Ligue 1,2019,2019/2020
Paris Saint-Germain,Mauro Icardi,26,Centre-Forward,Inter,loan transfer,in,Summer,NA,Ligue 1,2019,2019/2020
Paris Saint-Germain,Sergio Rico,26,Goalkeeper,Sevilla FC,loan transfer,in,Summer,NA,Ligue 1,2019,2019/2020
Paris Saint-Germain,Junior Dina Ebimbe,18,Central Midfield,Paris SG B,-,in,Summer,0,Ligue 1,2019,2019/2020
Paris Saint-Germain,Adil Aouchiche,16,Attacking Midfield,Paris SG U19,-,in,Summer,0,Ligue 1,2019,2019/2020
Paris Saint-Germain,Tanguy Nianzou,17,Centre-Back,Paris SG U19,-,in,Summer,0,Ligue 1,2019,2019/2020
Paris Saint-Germain,Moussa Sissako,18,Centre-Back,Paris SG B,-,in,Summer,0,Ligue 1,2019,2019/2020
Paris Saint-Germain,Arthur Zagre,17,Left-Back,Paris SG U19,-,in,Summer,0,Ligue 1,2019,2019/2020
Paris Saint-Germain,Garissone Innocent,19,Goalkeeper,Paris SG U19,-,in,Summer,0,Ligue 1,2019,2019/2020
Paris Saint-Germain,Jesé,26,Centre-Forward,Real Betis,"End of loanJun 30, 2019",in,Summer,0,Ligue 1,2019,2019/2020
Paris Saint-Germain,Giovani Lo Celso,23,Central Midfield,Real Betis,"End of loanJun 30, 2019",in,Summer,0,Ligue 1,2019,2019/2020
Paris Saint-Germain,Kevin Trapp,28,Goalkeeper,E. Frankfurt,"End of loanJun 30, 2019",in,Summer,0,Ligue 1,2019,2019/2020
Paris Saint-Germain,Rémy Descamps,23,Goalkeeper,Clermont Foot,"End of loanJun 30, 2019",in,Summer,0,Ligue 1,2019,2019/2020
Paris Saint-Germain,Grzegorz Krychowiak,29,Defensive Midfield,Loko Moscow,"End of loanJun 30, 2019",in,Summer,0,Ligue 1,2019,2019/2020
Paris Saint-Germain,Giovani Lo Celso,23,Central Midfield,Real Betis,£19.80m,out,Summer,19.8,Ligue 1,2019,2019/2020
Paris Saint-Germain,Moussa Diaby,19,Left Winger,Bay. Leverkusen,£13.50m,out,Summer,13.5,Ligue 1,2019,2019/2020
Paris Saint-Germain,Christopher Nkunku,21,Attacking Midfield,RB Leipzig,£11.70m,out,Summer,11.7,Ligue 1,2019,2019/2020
Paris Saint-Germain,Stanley Nsoki,20,Centre-Back,OGC Nice,£11.25m,out,Summer,11.25,Ligue 1,2019,2019/2020
Paris Saint-Germain,Grzegorz Krychowiak,29,Defensive Midfield,Loko Moscow,£10.80m,out,Summer,10.8,Ligue 1,2019,2019/2020
Paris Saint-Germain,Arthur Zagre,17,Left-Back,Monaco,£9.00m,out,Summer,9,Ligue 1,2019,2019/2020
Paris Saint-Germain,Timothy Weah,19,Centre-Forward,LOSC Lille,£9.00m,out,Summer,9,Ligue 1,2019,2019/2020
Paris Saint-Germain,Kevin Trapp,29,Goalkeeper,E. Frankfurt,£6.30m,out,Summer,6.3,Ligue 1,2019,2019/2020
Paris Saint-Germain,Jesé,26,Centre-Forward,Sporting CP,Loan fee:£1.80m,out,Summer,1.8,Ligue 1,2019,2019/2020
Paris Saint-Germain,Alphonse Areola,26,Goalkeeper,Real Madrid,Loan fee:£1.80m,out,Summer,1.8,Ligue 1,2019,2019/2020
Paris Saint-Germain,Rémy Descamps,23,Goalkeeper,RSC Charleroi,£360Th.,out,Summer,0.36,Ligue 1,2019,2019/2020
Paris Saint-Germain,Dani Alves,36,Right-Back,São Paulo,free transfer,out,Summer,NA,Ligue 1,2019,2019/2020
Paris Saint-Germain,Gianluigi Buffon,41,Goalkeeper,Juventus,free transfer,out,Summer,NA,Ligue 1,2019,2019/2020
Paris Saint-Germain,Adrien Rabiot,24,Central Midfield,Juventus,free transfer,out,Summer,NA,Ligue 1,2019,2019/2020
Paris Saint-Germain,Junior Dina Ebimbe,18,Central Midfield,AC Le Havre,loan transfer,out,Summer,NA,Ligue 1,2019,2019/2020
Paris Saint-Germain,Sébastien Cibois,21,Goalkeeper,Without Club,-,out,Summer,0,Ligue 1,2019,2019/2020
Paris Saint-Germain,Sergio Rico,26,Goalkeeper,Sevilla FC,"End of loanAug 24, 2020",out,Summer,0,Ligue 1,2019,2019/2020
Stade Reims,Predrag Rajkovic,23,Goalkeeper,M. Tel Aviv,£4.50m,in,Summer,4.5,Ligue 1,2019,2019/2020
Stade Reims,Björn Engels,24,Centre-Back,Olympiacos,£3.60m,in,Summer,3.6,Ligue 1,2019,2019/2020
Stade Reims,Dario Maresic,19,Centre-Back,Sturm Graz,£2.70m,in,Summer,2.7,Ligue 1,2019,2019/2020
Stade Reims,Dereck Kutesa,21,Left Winger,FC St. Gallen,£1.53m,in,Summer,1.53,Ligue 1,2019,2019/2020
Stade Reims,Anastasios Donis,23,Centre-Forward,VfB Stuttgart,Loan fee:£900Th.,in,Summer,0.9,Ligue 1,2019,2019/2020
Stade Reims,Yehvann Diouf,19,Goalkeeper,Troyes,free transfer,in,Summer,NA,Ligue 1,2019,2019/2020
Stade Reims,Timothé Nkada,20,Centre-Forward,Stade Rennais,free transfer,in,Summer,NA,Ligue 1,2019,2019/2020
Stade Reims,Marshall Munetsi,23,Defensive Midfield,Orlando Pirates,free transfer,in,Summer,NA,Ligue 1,2019,2019/2020
Stade Reims,Nathanaël Mbuku,17,Left Winger,Stade Reims B,-,in,Summer,0,Ligue 1,2019,2019/2020
Stade Reims,Virgile Pinson,23,Left Midfield,Stade Reims B,-,in,Summer,0,Ligue 1,2019,2019/2020
Stade Reims,Yohan Roche,21,Centre-Back,Rodez AF,"End of loanJun 30, 2019",in,Summer,0,Ligue 1,2019,2019/2020
Stade Reims,Patrick Bahanack,21,Left-Back,Ergotelis,"End of loanJun 30, 2019",in,Summer,0,Ligue 1,2019,2019/2020
Stade Reims,Aly Ndom,23,Defensive Midfield,SM Caen,"End of loanJun 30, 2019",in,Summer,0,Ligue 1,2019,2019/2020
Stade Reims,Grejohn Kyei,23,Centre-Forward,Lens,"End of loanJun 30, 2019",in,Summer,0,Ligue 1,2019,2019/2020
Stade Reims,Lenny Vallier,20,Left-Back,Pau FC,"End of loanJun 30, 2019",in,Summer,0,Ligue 1,2019,2019/2020
Stade Reims,Grégory Berthier,23,Right Midfield,Red Star FC,"End of loanJun 30, 2019",in,Summer,0,Ligue 1,2019,2019/2020
Stade Reims,Björn Engels,24,Centre-Back,Aston Villa,£7.20m,out,Summer,7.2,Ligue 1,2019,2019/2020
Stade Reims,Edouard Mendy,27,Goalkeeper,Stade Rennais,£6.84m,out,Summer,6.84,Ligue 1,2019,2019/2020
Stade Reims,Thomas Fontaine,28,Centre-Back,FC Lorient,£900Th.,out,Summer,0.9,Ligue 1,2019,2019/2020
Stade Reims,Virgile Piechocki,22,Attacking Midfield,G. Ajaccio,free transfer,out,Summer,NA,Ligue 1,2019,2019/2020
Stade Reims,Patrick Bahanack,22,Left-Back,PAS Lamia,free transfer,out,Summer,NA,Ligue 1,2019,2019/2020
Stade Reims,Pablo Chavarría,31,Centre-Forward,RCD Mallorca,free transfer,out,Summer,NA,Ligue 1,2019,2019/2020
Stade Reims,Yohan Roche,21,Centre-Back,Rodez AF,free transfer,out,Summer,NA,Ligue 1,2019,2019/2020
Stade Reims,Aly Ndom,23,Defensive Midfield,AJ Auxerre,?,out,Summer,NA,Ligue 1,2019,2019/2020
Stade Reims,Grejohn Kyei,24,Centre-Forward,Servette FC,?,out,Summer,NA,Ligue 1,2019,2019/2020
Stade Reims,Lenny Vallier,20,Left-Back,Stade Reims B,-,out,Summer,0,Ligue 1,2019,2019/2020
Stade Reims,Grégory Berthier,23,Right Midfield,Stade Reims B,-,out,Summer,0,Ligue 1,2019,2019/2020
Stade Reims,Johann Carrasso,31,Goalkeeper,Retired,-,out,Summer,0,Ligue 1,2019,2019/2020
Stade Reims,Moussa Bana,21,Left-Back,Without Club,-,out,Summer,0,Ligue 1,2019,2019/2020
Stade Reims,Marvin Martin,31,Attacking Midfield,Without Club,-,out,Summer,0,Ligue 1,2019,2019/2020
Stade Reims,Abdul-Rahman Baba,24,Left-Back,Chelsea,"End of loanJun 30, 2019",out,Summer,0,Ligue 1,2019,2019/2020
Stade Reims,Sheyi Ojo,22,Left Winger,Liverpool,"End of loanJun 30, 2019",out,Summer,0,Ligue 1,2019,2019/2020
Stade Reims,Björn Engels,24,Centre-Back,Olympiacos,"End of loanJun 30, 2019",out,Summer,0,Ligue 1,2019,2019/2020
Stade Rennais FC,Raphinha,22,Right Winger,Sporting CP,£18.90m,in,Summer,18.9,Ligue 1,2019,2019/2020
Stade Rennais FC,M'Baye Niang,24,Centre-Forward,Torino,£13.50m,in,Summer,13.5,Ligue 1,2019,2019/2020
Stade Rennais FC,Flavien Tait,26,Central Midfield,SCO Angers,£8.10m,in,Summer,8.1,Ligue 1,2019,2019/2020
Stade Rennais FC,Edouard Mendy,27,Goalkeeper,Stade Reims,£6.84m,in,Summer,6.84,Ligue 1,2019,2019/2020
Stade Rennais FC,Jonas Martin,29,Central Midfield,R. Strasbourg,£3.60m,in,Summer,3.6,Ligue 1,2019,2019/2020
Stade Rennais FC,Metehan Güçlü,20,Centre-Forward,Paris SG B,£1.35m,in,Summer,1.35,Ligue 1,2019,2019/2020
Stade Rennais FC,Jérémy Morel,35,Centre-Back,Olympique Lyon,free transfer,in,Summer,NA,Ligue 1,2019,2019/2020
Stade Rennais FC,Hakim El Mokeddem,20,Attacking Midfield,Toulouse,free transfer,in,Summer,NA,Ligue 1,2019,2019/2020
Stade Rennais FC,Romain Salin,34,Goalkeeper,Sporting CP,free transfer,in,Summer,NA,Ligue 1,2019,2019/2020
Stade Rennais FC,Joris Gnagnon,22,Centre-Back,Sevilla FC,loan transfer,in,Summer,NA,Ligue 1,2019,2019/2020
Stade Rennais FC,Lucas Da Cunha,18,Left Winger,Rennes B,-,in,Summer,0,Ligue 1,2019,2019/2020
Stade Rennais FC,Yann Gboho,18,Attacking Midfield,Rennes B,-,in,Summer,0,Ligue 1,2019,2019/2020
Stade Rennais FC,Timothé Nkada,19,Centre-Forward,Rennes B,-,in,Summer,0,Ligue 1,2019,2019/2020
Stade Rennais FC,Pépé Bonet,16,Goalkeeper,Rennes U19,-,in,Summer,0,Ligue 1,2019,2019/2020
Stade Rennais FC,Sacha Boey,18,Right-Back,Rennes B,-,in,Summer,0,Ligue 1,2019,2019/2020
Stade Rennais FC,Denis Will Poha,22,Central Midfield,AS Nancy,"End of loanJun 30, 2019",in,Summer,0,Ligue 1,2019,2019/2020
Stade Rennais FC,Faitout Maouassa,20,Left-Back,Nîmes Olympique,"End of loanJun 30, 2019",in,Summer,0,Ligue 1,2019,2019/2020
Stade Rennais FC,Diafra Sakho,29,Centre-Forward,Bursaspor,"End of loanJun 30, 2019",in,Summer,0,Ligue 1,2019,2019/2020
Stade Rennais FC,Jordan Tell,22,Centre-Forward,US Orléans,"End of loanJun 30, 2019",in,Summer,0,Ligue 1,2019,2019/2020
Stade Rennais FC,Brandon Thomas,24,Centre-Forward,CA Osasuna,"End of loanJun 30, 2019",in,Summer,0,Ligue 1,2019,2019/2020
Stade Rennais FC,Ismaïla Sarr,21,Right Winger,Watford,£27.00m,out,Summer,27,Ligue 1,2019,2019/2020
Stade Rennais FC,Ramy Bensebaini,24,Left-Back,Bor. M'gladbach,£7.20m,out,Summer,7.2,Ligue 1,2019,2019/2020
Stade Rennais FC,Tomas Koubek,26,Goalkeeper,FC Augsburg,£6.75m,out,Summer,6.75,Ligue 1,2019,2019/2020
Stade Rennais FC,Benjamin André,28,Defensive Midfield,LOSC Lille,£6.30m,out,Summer,6.3,Ligue 1,2019,2019/2020
Stade Rennais FC,Brandon Thomas,24,Centre-Forward,CA Osasuna,£1.80m,out,Summer,1.8,Ligue 1,2019,2019/2020
Stade Rennais FC,Abdoulaye Diallo,27,Goalkeeper,Genclerbirligi,free transfer,out,Summer,NA,Ligue 1,2019,2019/2020
Stade Rennais FC,Timothé Nkada,20,Centre-Forward,Stade Reims,free transfer,out,Summer,NA,Ligue 1,2019,2019/2020
Stade Rennais FC,Ludovic Baal,33,Left-Back,Stade Brestois,free transfer,out,Summer,NA,Ligue 1,2019,2019/2020
Stade Rennais FC,Nicolas Janvier,21,Central Midfield,Guimarães B,free transfer,out,Summer,NA,Ligue 1,2019,2019/2020
Stade Rennais FC,Mexer,30,Centre-Back,G. Bordeaux,free transfer,out,Summer,NA,Ligue 1,2019,2019/2020
Stade Rennais FC,Edvinas Gertmonas,23,Goalkeeper,Zalgiris,free transfer,out,Summer,NA,Ligue 1,2019,2019/2020
Stade Rennais FC,Jordan Tell,22,Centre-Forward,SM Caen,loan transfer,out,Summer,NA,Ligue 1,2019,2019/2020
Stade Rennais FC,Armand Laurienté,20,Right Winger,FC Lorient,loan transfer,out,Summer,NA,Ligue 1,2019,2019/2020
Stade Rennais FC,Hakim El Mokeddem,20,Attacking Midfield,Stade Lavallois,loan transfer,out,Summer,NA,Ligue 1,2019,2019/2020
Stade Rennais FC,Mehdi Zeffane,27,Right-Back,Without Club,-,out,Summer,0,Ligue 1,2019,2019/2020
Stade Rennais FC,Hatem Ben Arfa,32,Attacking Midfield,Without Club,-,out,Summer,0,Ligue 1,2019,2019/2020
Stade Rennais FC,Romain Danzé,32,Right-Back,Retired,-,out,Summer,0,Ligue 1,2019,2019/2020
Stade Rennais FC,Loïc Badiashile,21,Goalkeeper,Monaco,"End of loanJun 30, 2019",out,Summer,0,Ligue 1,2019,2019/2020
Stade Rennais FC,M'Baye Niang,24,Centre-Forward,Torino,"End of loanJun 30, 2019",out,Summer,0,Ligue 1,2019,2019/2020
AS Saint-Étienne,Denis Bouanga,24,Left Winger,Nîmes Olympique,£4.05m,in,Summer,4.05,Ligue 1,2019,2019/2020
AS Saint-Étienne,Ryad Boudebouz,29,Attacking Midfield,Real Betis,£3.15m,in,Summer,3.15,Ligue 1,2019,2019/2020
AS Saint-Étienne,Zaydou Youssouf,19,Central Midfield,G. Bordeaux,£1.80m,in,Summer,1.8,Ligue 1,2019,2019/2020
AS Saint-Étienne,Sergi Palencia,23,Right-Back,Barcelona,£1.80m,in,Summer,1.8,Ligue 1,2019,2019/2020
AS Saint-Étienne,Miguel Trauco,26,Left-Back,Flamengo,£900Th.,in,Summer,0.9,Ligue 1,2019,2019/2020
AS Saint-Étienne,Harold Moukoudi,21,Centre-Back,AC Le Havre,free transfer,in,Summer,NA,Ligue 1,2019,2019/2020
AS Saint-Étienne,Alpha Sissoko,22,Right-Back,Clermont Foot,free transfer,in,Summer,NA,Ligue 1,2019,2019/2020
AS Saint-Étienne,Jean-Eudes Aholou,25,Defensive Midfield,Monaco,loan transfer,in,Summer,NA,Ligue 1,2019,2019/2020
AS Saint-Étienne,William Saliba,18,Centre-Back,Arsenal,loan transfer,in,Summer,NA,Ligue 1,2019,2019/2020
AS Saint-Étienne,Yohan Cabaye,33,Central Midfield,Without Club,-,in,Summer,0,Ligue 1,2019,2019/2020
AS Saint-Étienne,Stefan Bajic,17,Goalkeeper,Saint-Étienne B,-,in,Summer,0,Ligue 1,2019,2019/2020
AS Saint-Étienne,Charles Abi,19,Centre-Forward,Saint-Étienne B,-,in,Summer,0,Ligue 1,2019,2019/2020
AS Saint-Étienne,Wesley Fofana,18,Centre-Back,Saint-Étienne B,-,in,Summer,0,Ligue 1,2019,2019/2020
AS Saint-Étienne,Vagner,23,Right Winger,Saint-Étienne B,-,in,Summer,0,Ligue 1,2019,2019/2020
AS Saint-Étienne,Jorginho,23,Left Winger,CSKA-Sofia,"End of loanJun 30, 2019",in,Summer,0,Ligue 1,2019,2019/2020
AS Saint-Étienne,Habib Maïga,23,Defensive Midfield,FC Metz,"End of loanJun 30, 2019",in,Summer,0,Ligue 1,2019,2019/2020
AS Saint-Étienne,Alexis Guendouz,23,Goalkeeper,Pau FC,"End of loanJun 30, 2019",in,Summer,0,Ligue 1,2019,2019/2020
AS Saint-Étienne,Rayan Souici,21,Defensive Midfield,Entente SSG,"End of loanJun 30, 2019",in,Summer,0,Ligue 1,2019,2019/2020
AS Saint-Étienne,Léo Lacroix,27,Centre-Back,Hamburger SV,"End of loanJun 30, 2019",in,Summer,0,Ligue 1,2019,2019/2020
AS Saint-Étienne,Oussama Tannane,25,Attacking Midfield,FC Utrecht,"End of loanJun 30, 2019",in,Summer,0,Ligue 1,2019,2019/2020
AS Saint-Étienne,Franck Honorat,22,Right Winger,Clermont Foot,"End of loanJun 30, 2019",in,Summer,0,Ligue 1,2019,2019/2020
AS Saint-Étienne,Assane Dioussé,21,Defensive Midfield,Chievo Verona,"End of loanJun 30, 2019",in,Summer,0,Ligue 1,2019,2019/2020
AS Saint-Étienne,Mahdi Camara,21,Central Midfield,Stade Lavallois,"End of loanJun 30, 2019",in,Summer,0,Ligue 1,2019,2019/2020
AS Saint-Étienne,Rayan Souici,20,Defensive Midfield,Entente SSG,"End of loanJun 30, 2018",in,Summer,0,Ligue 1,2019,2019/2020
AS Saint-Étienne,William Saliba,18,Centre-Back,Arsenal,£27.00m,out,Summer,27,Ligue 1,2019,2019/2020
AS Saint-Étienne,Rémy Cabella,29,Attacking Midfield,Krasnodar,£10.80m,out,Summer,10.8,Ligue 1,2019,2019/2020
AS Saint-Étienne,Habib Maïga,23,Defensive Midfield,FC Metz,£900Th.,out,Summer,0.9,Ligue 1,2019,2019/2020
AS Saint-Étienne,Jorginho,23,Left Winger,Ludogorets,£765Th.,out,Summer,0.765,Ligue 1,2019,2019/2020
AS Saint-Étienne,Pierre-Yves Polomat,25,Left-Back,Genclerbirligi,free transfer,out,Summer,NA,Ligue 1,2019,2019/2020
AS Saint-Étienne,Neven Subotic,30,Centre-Back,Union Berlin,free transfer,out,Summer,NA,Ligue 1,2019,2019/2020
AS Saint-Étienne,Alexis Guendouz,23,Goalkeeper,Pau FC,loan transfer,out,Summer,NA,Ligue 1,2019,2019/2020
AS Saint-Étienne,Oussama Tannane,25,Attacking Midfield,Vitesse,loan transfer,out,Summer,NA,Ligue 1,2019,2019/2020
AS Saint-Étienne,Makhtar Gueye,21,Centre-Forward,AS Nancy,loan transfer,out,Summer,NA,Ligue 1,2019,2019/2020
AS Saint-Étienne,Vagner,23,Right Winger,AS Nancy,loan transfer,out,Summer,NA,Ligue 1,2019,2019/2020
AS Saint-Étienne,Rayan Souici,21,Defensive Midfield,Servette FC,loan transfer,out,Summer,NA,Ligue 1,2019,2019/2020
AS Saint-Étienne,Yannis Salibur,28,Right Winger,Guingamp,"End of loanJun 30, 2019",out,Summer,0,Ligue 1,2019,2019/2020
AS Saint-Étienne,Youssef Aït Bennasser,22,Central Midfield,Monaco,"End of loanJun 30, 2019",out,Summer,0,Ligue 1,2019,2019/2020
AS Saint-Étienne,Valentín Vada,23,Central Midfield,G. Bordeaux,"End of loanJun 30, 2019",out,Summer,0,Ligue 1,2019,2019/2020
RC Strasbourg Alsace,Alexander Djiku,24,Centre-Back,SM Caen,£4.05m,in,Summer,4.05,Ligue 1,2019,2019/2020
RC Strasbourg Alsace,Jean-Ricner Bellegarde,21,Left Midfield,Lens,£1.80m,in,Summer,1.8,Ligue 1,2019,2019/2020
RC Strasbourg Alsace,Lamine Koné,30,Centre-Back,Sunderland,£1.35m,in,Summer,1.35,Ligue 1,2019,2019/2020
RC Strasbourg Alsace,Sanjin Prcic,25,Central Midfield,Levante,£900Th.,in,Summer,0.9,Ligue 1,2019,2019/2020
RC Strasbourg Alsace,Mohamed Simakan,19,Centre-Back,R. Strasbourg B,-,in,Summer,0,Ligue 1,2019,2019/2020
RC Strasbourg Alsace,Yoann Salmier,26,Centre-Back,Troyes,"End of loanJun 30, 2019",in,Summer,0,Ligue 1,2019,2019/2020
RC Strasbourg Alsace,Jonas Martin,29,Central Midfield,Stade Rennais,£3.60m,out,Summer,3.6,Ligue 1,2019,2019/2020
RC Strasbourg Alsace,Yoann Salmier,26,Centre-Back,Troyes,£450Th.,out,Summer,0.45,Ligue 1,2019,2019/2020
RC Strasbourg Alsace,Anthony Gonçalves,33,Central Midfield,SM Caen,free transfer,out,Summer,NA,Ligue 1,2019,2019/2020
RC Strasbourg Alsace,Pablo Martinez,30,Centre-Back,Nîmes Olympique,free transfer,out,Summer,NA,Ligue 1,2019,2019/2020
RC Strasbourg Alsace,Duplexe Tchamba,21,Centre-Back,Strømsgodset,loan transfer,out,Summer,NA,Ligue 1,2019,2019/2020
RC Strasbourg Alsace,Idriss Saadi,27,Centre-Forward,Cercle Brugge,loan transfer,out,Summer,NA,Ligue 1,2019,2019/2020
RC Strasbourg Alsace,Lamine Koné,30,Centre-Back,Sunderland,"End of loanJun 30, 2019",out,Summer,0,Ligue 1,2019,2019/2020
RC Strasbourg Alsace,Samuel Grandsir,22,Right Winger,Monaco,"End of loanJun 30, 2019",out,Summer,0,Ligue 1,2019,2019/2020
RC Strasbourg Alsace,Sanjin Prcic,25,Central Midfield,Levante,"End of loanJun 30, 2019",out,Summer,0,Ligue 1,2019,2019/2020
FC Toulouse,Wesley Saïd,24,Left Winger,Dijon,£7.20m,in,Summer,7.2,Ligue 1,2019,2019/2020
FC Toulouse,Efthymios Koulouris,23,Centre-Forward,PAOK Salonika,£3.15m,in,Summer,3.15,Ligue 1,2019,2019/2020
FC Toulouse,Agustín Rogel,21,Centre-Back,KS Samara,£2.25m,in,Summer,2.25,Ligue 1,2019,2019/2020
FC Toulouse,Florentin Bloch,19,Goalkeeper,Tours B,free transfer,in,Summer,NA,Ligue 1,2019,2019/2020
FC Toulouse,William Vainqueur,30,Defensive Midfield,Antalyaspor,loan transfer,in,Summer,NA,Ligue 1,2019,2019/2020
FC Toulouse,Jean-Victor Makengo,21,Central Midfield,OGC Nice,loan transfer,in,Summer,NA,Ligue 1,2019,2019/2020
FC Toulouse,Nicolas Isimat-Mirin,27,Centre-Back,Besiktas,loan transfer,in,Summer,NA,Ligue 1,2019,2019/2020
FC Toulouse,Kouadio Koné,18,Central Midfield,Toulouse B,-,in,Summer,0,Ligue 1,2019,2019/2020
FC Toulouse,Amine Adli,19,Right Winger,Toulouse B,-,in,Summer,0,Ligue 1,2019,2019/2020
FC Toulouse,Stéphane Zobo,18,Centre-Forward,Toulouse B,-,in,Summer,0,Ligue 1,2019,2019/2020
FC Toulouse,Moussa Diarra,18,Left-Back,Toulouse B,-,in,Summer,0,Ligue 1,2019,2019/2020
FC Toulouse,Anthony Rouault,18,Centre-Back,Toulouse B,-,in,Summer,0,Ligue 1,2019,2019/2020
FC Toulouse,Nathan N'Goumou,19,Right Winger,Toulouse B,-,in,Summer,0,Ligue 1,2019,2019/2020
FC Toulouse,Steeve Yago,26,Right-Back,AC Le Havre,"End of loanJun 30, 2019",in,Summer,0,Ligue 1,2019,2019/2020
FC Toulouse,Yann Bodiger,24,Central Midfield,Córdoba CF,"End of loanJun 30, 2019",in,Summer,0,Ligue 1,2019,2019/2020
FC Toulouse,Steven Fortes,27,Centre-Back,Lens,"End of loanJun 30, 2019",in,Summer,0,Ligue 1,2019,2019/2020
FC Toulouse,Alexis Blin,22,Defensive Midfield,Amiens SC,"End of loanJun 30, 2019",in,Summer,0,Ligue 1,2019,2019/2020
FC Toulouse,Quentin Boisgard,22,Attacking Midfield,Pau FC,"End of loanJun 30, 2019",in,Summer,0,Ligue 1,2019,2019/2020
FC Toulouse,Clément Michelin,22,Right-Back,AC Ajaccio,"End of loanJun 30, 2019",in,Summer,0,Ligue 1,2019,2019/2020
FC Toulouse,Jessy Pi,25,Defensive Midfield,Stade Brestois,"End of loanJun 30, 2019",in,Summer,0,Ligue 1,2019,2019/2020
FC Toulouse,Andy Delort,27,Centre-Forward,Montpellier,"End of loanJun 30, 2019",in,Summer,0,Ligue 1,2019,2019/2020
FC Toulouse,Christopher Jullien,26,Centre-Back,Celtic,£7.20m,out,Summer,7.2,Ligue 1,2019,2019/2020
FC Toulouse,Andy Delort,27,Centre-Forward,Montpellier,£4.05m,out,Summer,4.05,Ligue 1,2019,2019/2020
FC Toulouse,Alexis Blin,22,Defensive Midfield,Amiens SC,£1.49m,out,Summer,1.49,Ligue 1,2019,2019/2020
FC Toulouse,Steven Fortes,27,Centre-Back,Lens,£900Th.,out,Summer,0.9,Ligue 1,2019,2019/2020
FC Toulouse,Jimmy Durmaz,30,Central Midfield,Galatasaray,free transfer,out,Summer,NA,Ligue 1,2019,2019/2020
FC Toulouse,Yann Bodiger,24,Central Midfield,Cádiz CF,free transfer,out,Summer,NA,Ligue 1,2019,2019/2020
FC Toulouse,Hakim El Mokeddem,20,Attacking Midfield,Stade Rennais,free transfer,out,Summer,NA,Ligue 1,2019,2019/2020
FC Toulouse,François Moubandje,29,Left-Back,Dinamo Zagreb,free transfer,out,Summer,NA,Ligue 1,2019,2019/2020
FC Toulouse,Clément Michelin,22,Right-Back,Lens,free transfer,out,Summer,NA,Ligue 1,2019,2019/2020
FC Toulouse,Yannick Cahuzac,34,Defensive Midfield,Lens,free transfer,out,Summer,NA,Ligue 1,2019,2019/2020
FC Toulouse,Steeve Yago,26,Right-Back,SM Caen,free transfer,out,Summer,NA,Ligue 1,2019,2019/2020
FC Toulouse,Jessy Pi,25,Defensive Midfield,SM Caen,?,out,Summer,NA,Ligue 1,2019,2019/2020
FC Toulouse,John Bostock,27,Central Midfield,Nottm Forest,loan transfer,out,Summer,NA,Ligue 1,2019,2019/2020
FC Toulouse,Firmin Mubele,25,Centre-Forward,FC Astana,loan transfer,out,Summer,NA,Ligue 1,2019,2019/2020
FC Toulouse,Marc Vidal,28,Goalkeeper,Without Club,-,out,Summer,0,Ligue 1,2019,2019/2020
FC Toulouse,Manu García,21,Attacking Midfield,Man City,"End of loanJun 30, 2019",out,Summer,0,Ligue 1,2019,2019/2020
Amiens SC,Isaac Mbenza,23,Right Winger,Huddersfield,loan transfer,in,Winter,NA,Ligue 1,2019,2019/2020
Amiens SC,Nicholas Opoku,22,Centre-Back,Udinese Calcio,loan transfer,in,Winter,NA,Ligue 1,2019,2019/2020
Amiens SC,Loïc Badiashile,22,Goalkeeper,Monaco,loan transfer,in,Winter,NA,Ligue 1,2019,2019/2020
Amiens SC,Jayson Papeau,23,Left Winger,FC Chambly,loan transfer,out,Winter,NA,Ligue 1,2019,2019/2020
Amiens SC,Rafal Kurzawa,26,Left Winger,Esbjerg fB,loan transfer,out,Winter,NA,Ligue 1,2019,2019/2020
Amiens SC,Jordan Lefort,26,Left-Back,BSC Young Boys,loan transfer,out,Winter,NA,Ligue 1,2019,2019/2020
Amiens SC,Jack Lahne,18,Centre-Forward,Örebro SK,loan transfer,out,Winter,NA,Ligue 1,2019,2019/2020
Amiens SC,Eddy Gnahoré,26,Central Midfield,WH Zall,loan transfer,out,Winter,NA,Ligue 1,2019,2019/2020
SCO Angers,Souleyman Doumbia,23,Left-Back,Stade Rennais,loan transfer,in,Winter,NA,Ligue 1,2019,2019/2020
SCO Angers,Alexandre Letellier,29,Goalkeeper,Sarpsborg 08,"End of loanDec 31, 2019",in,Winter,0,Ligue 1,2019,2019/2020
SCO Angers,Alexandre Letellier,29,Goalkeeper,US Orléans,free transfer,out,Winter,NA,Ligue 1,2019,2019/2020
SCO Angers,Vincent Pajot,29,Defensive Midfield,FC Metz,loan transfer,out,Winter,NA,Ligue 1,2019,2019/2020
SCO Angers,Ibrahim Cissé,23,Centre-Back,Paris FC,loan transfer,out,Winter,NA,Ligue 1,2019,2019/2020
FC Girondins Bordeaux,Rémi Oudin,23,Right Winger,Stade Reims,£9.00m,in,Winter,9,Ligue 1,2019,2019/2020
FC Girondins Bordeaux,Rubén Pardo,27,Central Midfield,Real Sociedad,free transfer,in,Winter,NA,Ligue 1,2019,2019/2020
FC Girondins Bordeaux,Aaron Boupendza,23,Centre-Forward,Feirense,"End of loanMar 11, 2020",in,Winter,0,Ligue 1,2019,2019/2020
FC Girondins Bordeaux,Aurélien Tchouaméni,20,Defensive Midfield,Monaco,£16.20m,out,Winter,16.2,Ligue 1,2019,2019/2020
FC Girondins Bordeaux,Jonathan Cafú,28,Right Winger,Al-Hazem,free transfer,out,Winter,NA,Ligue 1,2019,2019/2020
FC Girondins Bordeaux,Yassine Benrahou,20,Attacking Midfield,Nîmes Olympique,loan transfer,out,Winter,NA,Ligue 1,2019,2019/2020
FC Girondins Bordeaux,Raoul Bellanova,19,Right-Back,Atalanta BC,loan transfer,out,Winter,NA,Ligue 1,2019,2019/2020
FC Girondins Bordeaux,Younousse Sankharé,30,Central Midfield,Without Club,-,out,Winter,0,Ligue 1,2019,2019/2020
Stade Brestois 29,Sébastien Cibois,21,Goalkeeper,Without Club,-,in,Winter,0,Ligue 1,2019,2019/2020
Stade Brestois 29,Derick Osei Yaw,21,Centre-Forward,AS Béziers,loan transfer,out,Winter,NA,Ligue 1,2019,2019/2020
Dijon FCO,Yassine Benzia,25,Attacking Midfield,LOSC Lille,£1.35m,in,Winter,1.35,Ligue 1,2019,2019/2020
Dijon FCO,Aurélien Scheidler,21,Centre-Forward,US Orléans,£900Th.,in,Winter,0.9,Ligue 1,2019,2019/2020
Dijon FCO,Aurélien Scheidler,21,Centre-Forward,US Orléans,loan transfer,out,Winter,NA,Ligue 1,2019,2019/2020
Dijon FCO,Enzo Loiodice,19,Central Midfield,Wolves U23,loan transfer,out,Winter,NA,Ligue 1,2019,2019/2020
Dijon FCO,Matheus Pereira,21,Attacking Midfield,Juventus U23,"End of loanJan 24, 2020",out,Winter,0,Ligue 1,2019,2019/2020
LOSC Lille,Jean Onana,20,Defensive Midfield,Leixões U23,£1.80m,in,Winter,1.8,Ligue 1,2019,2019/2020
LOSC Lille,Nicolás Gaitán,31,Attacking Midfield,Chicago,free transfer,in,Winter,NA,Ligue 1,2019,2019/2020
LOSC Lille,Rominigue Kouamé,23,Central Midfield,Cercle Brugge,"End of loanJan 7, 2020",in,Winter,0,Ligue 1,2019,2019/2020
LOSC Lille,Yassine Benzia,25,Attacking Midfield,Olympiacos,"End of loanJan 29, 2020",in,Winter,0,Ligue 1,2019,2019/2020
LOSC Lille,Yassine Benzia,25,Attacking Midfield,Dijon,£1.35m,out,Winter,1.35,Ligue 1,2019,2019/2020
LOSC Lille,Rominigue Kouamé,23,Central Midfield,Troyes,loan transfer,out,Winter,NA,Ligue 1,2019,2019/2020
LOSC Lille,Thiago Maia,22,Defensive Midfield,Flamengo,loan transfer,out,Winter,NA,Ligue 1,2019,2019/2020
LOSC Lille,Adama Soumaoro,27,Centre-Back,Genoa,loan transfer,out,Winter,NA,Ligue 1,2019,2019/2020
Olympique Lyon,Bruno Guimarães,22,Defensive Midfield,Athletico-PR,£18.00m,in,Winter,18,Ligue 1,2019,2019/2020
Olympique Lyon,Tino Kadewere,24,Right Winger,AC Le Havre,£10.80m,in,Winter,10.8,Ligue 1,2019,2019/2020
Olympique Lyon,Karl Toko Ekambi,27,Left Winger,Villarreal,Loan fee:£3.60m,in,Winter,3.6,Ligue 1,2019,2019/2020
Olympique Lyon,Camilo,20,Central Midfield,Ponte Preta,£1.80m,in,Winter,1.8,Ligue 1,2019,2019/2020
Olympique Lyon,Lucas Tousart,22,Defensive Midfield,Hertha BSC,loan transfer,in,Winter,NA,Ligue 1,2019,2019/2020
Olympique Lyon,Rayan Cherki,16,Attacking Midfield,Olymp. Lyon B,-,in,Winter,0,Ligue 1,2019,2019/2020
Olympique Lyon,Lucas Tousart,22,Defensive Midfield,Hertha BSC,£22.50m,out,Winter,22.5,Ligue 1,2019,2019/2020
Olympique Lyon,Tino Kadewere,24,Right Winger,AC Le Havre,loan transfer,out,Winter,NA,Ligue 1,2019,2019/2020
FC Metz,Dylan Bronn,24,Centre-Back,KAA Gent,£3.60m,in,Winter,3.6,Ligue 1,2019,2019/2020
FC Metz,Vincent Pajot,29,Defensive Midfield,SCO Angers,loan transfer,in,Winter,NA,Ligue 1,2019,2019/2020
FC Metz,Jamiro Monteiro,26,Central Midfield,Philadelphia,"End of loanDec 31, 2019",in,Winter,0,Ligue 1,2019,2019/2020
FC Metz,Jamiro Monteiro,26,Central Midfield,Philadelphia,£1.62m,out,Winter,1.62,Ligue 1,2019,2019/2020
FC Metz,Adama Traoré,24,Right Winger,Al-Adalah FC,loan transfer,out,Winter,NA,Ligue 1,2019,2019/2020
FC Metz,Amadou Ndiaye,20,Centre-Forward,FC Sochaux,loan transfer,out,Winter,NA,Ligue 1,2019,2019/2020
FC Metz,Stoppila Sunzu,30,Centre-Back,SJZ Ever Bright,?,out,Winter,NA,Ligue 1,2019,2019/2020
Nîmes Olympique,Moussa Koné,23,Centre-Forward,Dynamo Dresden,£1.13m,in,Winter,1.13,Ligue 1,2019,2019/2020
Nîmes Olympique,Nolan Roux,31,Centre-Forward,Guingamp,free transfer,in,Winter,NA,Ligue 1,2019,2019/2020
Nîmes Olympique,Yassine Benrahou,20,Attacking Midfield,G. Bordeaux,loan transfer,in,Winter,NA,Ligue 1,2019,2019/2020
Nîmes Olympique,Théo Sainte-Luce,21,Left-Back,G. Ajaccio,loan transfer,out,Winter,NA,Ligue 1,2019,2019/2020
AS Monaco,Aurélien Tchouaméni,20,Defensive Midfield,G. Bordeaux,£16.20m,in,Winter,16.2,Ligue 1,2019,2019/2020
AS Monaco,Youssouf Fofana,21,Central Midfield,R. Strasbourg,£13.50m,in,Winter,13.5,Ligue 1,2019,2019/2020
AS Monaco,Jean Marcelin,19,Centre-Back,AJ Auxerre,£9.00m,in,Winter,9,Ligue 1,2019,2019/2020
AS Monaco,Strahinja Pavlovic,18,Centre-Back,Partizan,£9.00m,in,Winter,9,Ligue 1,2019,2019/2020
AS Monaco,Radoslaw Majecki,20,Goalkeeper,Legia Warszawa,£6.30m,in,Winter,6.3,Ligue 1,2019,2019/2020
AS Monaco,Jordi Mboula,20,Right Winger,Cercle Brugge,"End of loanJan 28, 2020",in,Winter,0,Ligue 1,2019,2019/2020
AS Monaco,Loïc Badiashile,21,Goalkeeper,Cercle Brugge,"End of loanDec 31, 2019",in,Winter,0,Ligue 1,2019,2019/2020
AS Monaco,Jorge,23,Left-Back,Santos FC,"End of loanDec 31, 2019",in,Winter,0,Ligue 1,2019,2019/2020
AS Monaco,Henry Onyekuru,22,Left Winger,Galatasaray,Loan fee:£675Th.,out,Winter,0.675,Ligue 1,2019,2019/2020
AS Monaco,Strahinja Pavlovic,18,Centre-Back,Partizan,loan transfer,out,Winter,NA,Ligue 1,2019,2019/2020
AS Monaco,Gabriel Boschilia,23,Attacking Midfield,Internacional,?,out,Winter,NA,Ligue 1,2019,2019/2020
AS Monaco,Radoslaw Majecki,20,Goalkeeper,Legia Warszawa,loan transfer,out,Winter,NA,Ligue 1,2019,2019/2020
AS Monaco,Jordi Mboula,20,Right Winger,SD Huesca,loan transfer,out,Winter,NA,Ligue 1,2019,2019/2020
AS Monaco,Gil Dias,23,Left-Back,Granada CF,loan transfer,out,Winter,NA,Ligue 1,2019,2019/2020
AS Monaco,Naldo,37,Centre-Back,Without Club,-,out,Winter,0,Ligue 1,2019,2019/2020
AS Monaco,Loïc Badiashile,22,Goalkeeper,Amiens SC,loan transfer,out,Winter,NA,Ligue 1,2019,2019/2020
AS Monaco,Jean-Kévin Augustin,22,Centre-Forward,RB Leipzig,"End of loanJan 26, 2020",out,Winter,0,Ligue 1,2019,2019/2020
Montpellier HSC,Il-lok Yun,27,Left Winger,Yokohama F. M.,free transfer,in,Winter,NA,Ligue 1,2019,2019/2020
Montpellier HSC,Bastian Badu,19,Centre-Forward,FC Chambly,loan transfer,out,Winter,NA,Ligue 1,2019,2019/2020
Montpellier HSC,Mathías Suárez,23,Right-Back,Nacional,loan transfer,out,Winter,NA,Ligue 1,2019,2019/2020
Montpellier HSC,Petar Skuletic,29,Centre-Forward,Sivasspor,loan transfer,out,Winter,NA,Ligue 1,2019,2019/2020
FC Nantes,Renaud Emond,28,Centre-Forward,Standard Liège,£3.60m,in,Winter,3.6,Ligue 1,2019,2019/2020
FC Nantes,Roli Pereira de Sa,22,Attacking Midfield,FC Nantes B,-,in,Winter,0,Ligue 1,2019,2019/2020
FC Nantes,Anthony Limbombe,25,Left Winger,Standard Liège,"End of loanDec 31, 2019",in,Winter,0,Ligue 1,2019,2019/2020
FC Nantes,Joris Kayembe,25,Left-Back,RSC Charleroi,?,out,Winter,NA,Ligue 1,2019,2019/2020
OGC Nice,Moussa Wagué,21,Right-Back,Barcelona,loan transfer,in,Winter,NA,Ligue 1,2019,2019/2020
OGC Nice,Dan Ndoye,19,Right Winger,Lausanne-Sport,?,in,Winter,NA,Ligue 1,2019,2019/2020
OGC Nice,Alexis Trouillet,19,Central Midfield,Rennes B,?,in,Winter,NA,Ligue 1,2019,2019/2020
OGC Nice,Riza Durmisi,25,Left-Back,Lazio,loan transfer,in,Winter,NA,Ligue 1,2019,2019/2020
OGC Nice,Adrien Tamèze,25,Defensive Midfield,Atalanta BC,Loan fee:£460Th.,out,Winter,0.46,Ligue 1,2019,2019/2020
OGC Nice,Racine Coly,24,Left-Back,Famalicão,loan transfer,out,Winter,NA,Ligue 1,2019,2019/2020
OGC Nice,Rémi Walter,24,Central Midfield,Y. Malatyaspor,?,out,Winter,NA,Ligue 1,2019,2019/2020
OGC Nice,Bassem Srarfi,22,Right Winger,Zulte Waregem,?,out,Winter,NA,Ligue 1,2019,2019/2020
OGC Nice,Dan Ndoye,19,Right Winger,Lausanne-Sport,loan transfer,out,Winter,NA,Ligue 1,2019,2019/2020
Paris Saint-Germain,Jesé,27,Centre-Forward,Sporting CP,"End of loanApr 22, 2020",in,Winter,0,Ligue 1,2019,2019/2020
Paris Saint-Germain,Moussa Sissako,19,Centre-Back,Standard Liège,loan transfer,out,Winter,NA,Ligue 1,2019,2019/2020
Stade Reims,Kaj Sierhuis,21,Centre-Forward,Ajax U21,£3.60m,in,Winter,3.6,Ligue 1,2019,2019/2020
Stade Reims,El Bilal Touré,18,Centre-Forward,AFE,?,in,Winter,NA,Ligue 1,2019,2019/2020
Stade Reims,Wout Faes,21,Centre-Back,KV Oostende,?,in,Winter,NA,Ligue 1,2019,2019/2020
Stade Reims,Rémi Oudin,23,Right Winger,G. Bordeaux,£9.00m,out,Winter,9,Ligue 1,2019,2019/2020
Stade Reims,Hyun-jun Suk,28,Centre-Forward,Troyes,?,out,Winter,NA,Ligue 1,2019,2019/2020
Stade Reims,Wout Faes,21,Centre-Back,KV Oostende,loan transfer,out,Winter,NA,Ligue 1,2019,2019/2020
Stade Rennais FC,Riffi Mandanda,27,Goalkeeper,US Boulogne,free transfer,in,Winter,NA,Ligue 1,2019,2019/2020
Stade Rennais FC,Steven Nzonzi,31,Defensive Midfield,AS Roma,loan transfer,in,Winter,NA,Ligue 1,2019,2019/2020
Stade Rennais FC,Souleyman Doumbia,23,Left-Back,SCO Angers,loan transfer,out,Winter,NA,Ligue 1,2019,2019/2020
Stade Rennais FC,Diafra Sakho,30,Centre-Forward,Without Club,-,out,Winter,0,Ligue 1,2019,2019/2020
AS Saint-Étienne,Yvann Maçon,21,Right-Back,USL Dunkerque,?,in,Winter,NA,Ligue 1,2019,2019/2020
AS Saint-Étienne,Bilal Benkhedim,18,Attacking Midfield,Saint-Étienne B,-,in,Winter,0,Ligue 1,2019,2019/2020
AS Saint-Étienne,Robert Beric,28,Centre-Forward,Chicago,£1.80m,out,Winter,1.8,Ligue 1,2019,2019/2020
AS Saint-Étienne,Alpha Sissoko,22,Right-Back,Le Puy Foot,loan transfer,out,Winter,NA,Ligue 1,2019,2019/2020
AS Saint-Étienne,Harold Moukoudi,22,Centre-Back,Middlesbrough,loan transfer,out,Winter,NA,Ligue 1,2019,2019/2020
RC Strasbourg Alsace,Mehdi Chahiri,23,Left Winger,Red Star FC,£1.80m,in,Winter,1.8,Ligue 1,2019,2019/2020
RC Strasbourg Alsace,Majeed Waris,28,Centre-Forward,FC Porto B,loan transfer,in,Winter,NA,Ligue 1,2019,2019/2020
RC Strasbourg Alsace,Youssouf Fofana,21,Central Midfield,Monaco,£13.50m,out,Winter,13.5,Ligue 1,2019,2019/2020
RC Strasbourg Alsace,Nuno Da Costa,28,Centre-Forward,Nottm Forest,£1.80m,out,Winter,1.8,Ligue 1,2019,2019/2020
RC Strasbourg Alsace,Moataz Zemzemi,20,Left Midfield,Club Africain,loan transfer,out,Winter,NA,Ligue 1,2019,2019/2020
RC Strasbourg Alsace,Mehdi Chahiri,23,Left Winger,Red Star FC,loan transfer,out,Winter,NA,Ligue 1,2019,2019/2020
FC Toulouse,Ruben Gabrielsen,27,Centre-Back,Molde,free transfer,in,Winter,NA,Ligue 1,2019,2019/2020
FC Toulouse,Lovre Kalinic,29,Goalkeeper,Aston Villa,loan transfer,in,Winter,NA,Ligue 1,2019,2019/2020
FC Toulouse,Gen Shoji,27,Centre-Back,Gamba Osaka,£1.80m,out,Winter,1.8,Ligue 1,2019,2019/2020
FC Toulouse,Corentin Jean,24,Centre-Forward,Lens,loan transfer,out,Winter,NA,Ligue 1,2019,2019/2020
