club_name,player_name,age,position,club_involved_name,fee,transfer_movement,transfer_period,fee_cleaned,league_name,year,season
Dinamo Moscow,Tsvetan Genkov,23,Centre-Forward,Lok. Sofia,£2.25m,in,Summer,2.25,Premier Liga,2007,2007/2008
Dinamo Moscow,Custódio,24,Defensive Midfield,Sporting CP,£1.35m,in,Summer,1.35,Premier Liga,2007,2007/2008
Dinamo Moscow,Aleksandr Dimidko,21,Centre-Back,SKA-Energia,£225Th.,in,Summer,0.225,Premier Liga,2007,2007/2008
Dinamo Moscow,Joseph Enakarhire,24,Centre-Back,G. Bordeaux,"End of loanJun 30, 2007",in,Summer,0,Premier Liga,2007,2007/2008
Dinamo Moscow,Derlei,31,Centre-Forward,Benfica,"End of loanJun 30, 2007",in,Summer,0,Premier Liga,2007,2007/2008
Dinamo Moscow,Jorge Ribeiro,25,Left-Back,Desportivo Aves,"End of loanJun 30, 2007",in,Summer,0,Premier Liga,2007,2007/2008
Dinamo Moscow,Joseph Enakarhire,24,Centre-Back,Panathinaikos,Loan fee:£270Th.,out,Summer,0.27,Premier Liga,2007,2007/2008
Dinamo Moscow,Derlei,31,Centre-Forward,Sporting CP,free transfer,out,Summer,NA,Premier Liga,2007,2007/2008
Dinamo Moscow,Dmitri Bulykin,27,Centre-Forward,Bay. Leverkusen,free transfer,out,Summer,NA,Premier Liga,2007,2007/2008
Dinamo Moscow,Jorge Ribeiro,25,Left-Back,Boavista,free transfer,out,Summer,NA,Premier Liga,2007,2007/2008
FC Moscow,Maxi Moralez,20,Attacking Midfield,Racing Club,£4.50m,in,Summer,4.5,Premier Liga,2007,2007/2008
FC Moscow,Roman Hubnik,23,Centre-Back,Sigma Olomouc,£2.25m,in,Summer,2.25,Premier Liga,2007,2007/2008
FC Moscow,Maxi López,23,Centre-Forward,Barcelona,£1.80m,in,Summer,1.8,Premier Liga,2007,2007/2008
FC Moscow,Anton Amelchenko,22,Goalkeeper,FC Moscow II,-,in,Summer,0,Premier Liga,2007,2007/2008
FC Moscow,Dilaver Zrnanovic,22,Centre-Back,Daugavpils,"End of loanJun 30, 2007",in,Summer,0,Premier Liga,2007,2007/2008
FC Moscow,Andrey Topchu,27,Left Winger,Kuban Krasnodar,?,out,Summer,NA,Premier Liga,2007,2007/2008
FC Moscow,Roman Hubnik,23,Centre-Back,Sigma Olomouc,"End of loanJun 30, 2007",out,Summer,0,Premier Liga,2007,2007/2008
Amkar Perm,Predrag Sikimic,24,Centre-Forward,Vojvodina,£113Th.,in,Summer,0.113,Premier Liga,2007,2007/2008
Amkar Perm,Pavel Alikin,23,Centre-Back,Salyut Belgorod,loan transfer,out,Summer,NA,Premier Liga,2007,2007/2008
Luch Vladivostok,Igor Strelkov,25,Centre-Forward,Kuban Krasnodar,free transfer,in,Summer,NA,Premier Liga,2007,2007/2008
Luch Vladivostok,Levan Gvazava,26,Attacking Midfield,Спартак-Нальчик,free transfer,in,Summer,NA,Premier Liga,2007,2007/2008
Luch Vladivostok,Vitali Lanko,30,Centre-Forward,Спартак-Нальчик,free transfer,in,Summer,NA,Premier Liga,2007,2007/2008
Luch Vladivostok,Marian Palat,30,Left-Back,Mlada Boleslav,£36Th.,in,Summer,0.036,Premier Liga,2007,2007/2008
Luch Vladivostok,Anatoliy Skvortsov,30,Centre-Back,Shinnik,loan transfer,in,Summer,NA,Premier Liga,2007,2007/2008
Luch Vladivostok,Aleksey Ivanov,25,Right Midfield,Saturn,free transfer,out,Summer,NA,Premier Liga,2007,2007/2008
Terek Grozny,Jean Blaise Bouli,26,Right Winger,Dinamo Bryansk,£180Th.,in,Summer,0.18,Premier Liga,2007,2007/2008
Terek Grozny,Shamil Lakhiyalov,27,Second Striker,Anzhi,?,in,Summer,NA,Premier Liga,2007,2007/2008
Terek Grozny,Anatoli Romanovich,27,Centre-Back,Shinnik,?,in,Summer,NA,Premier Liga,2007,2007/2008
Terek Grozny,Shamil Asildarov,24,Centre-Forward,Kuban Krasnodar,loan transfer,in,Summer,NA,Premier Liga,2007,2007/2008
Terek Grozny,Ognjen Koroman,28,Right Winger,Red Star,£945Th.,out,Summer,0.945,Premier Liga,2007,2007/2008
FK Khimki,Dragan Mrdja,23,Centre-Forward,Lierse SK,£383Th.,in,Summer,0.383,Premier Liga,2007,2007/2008
FK Khimki,Victor Golovatenco,23,Centre-Back,FC Sheriff,£270Th.,in,Summer,0.27,Premier Liga,2007,2007/2008
FK Khimki,Aleksandr Evstafjev,22,Centre-Forward,Zenit II,£225Th.,in,Summer,0.225,Premier Liga,2007,2007/2008
FK Khimki,Robert Zebelyan,23,Centre-Forward,Kuban Krasnodar,£203Th.,in,Summer,0.203,Premier Liga,2007,2007/2008
FK Khimki,Marko Simic,19,Centre-Forward,NK Zagreb U19,?,in,Summer,NA,Premier Liga,2007,2007/2008
FK Khimki,Aleksey Semenov,24,Central Midfield,SKA-Energia,?,in,Summer,NA,Premier Liga,2007,2007/2008
FK Khimki,Anton Arkhipov,21,Centre-Forward,Tom Tomsk,£270Th.,out,Summer,0.27,Premier Liga,2007,2007/2008
FK Khimki,Dmitri Parfenov,32,Right-Back,Arsenal Kyiv,?,out,Summer,NA,Premier Liga,2007,2007/2008
FK Khimki,Aleksandr Evstafjev,22,Centre-Forward,Zenit II,"End of loanJun 30, 2007",out,Summer,0,Premier Liga,2007,2007/2008
Tom Tomsk,Anton Arkhipov,21,Centre-Forward,Khimki,£270Th.,in,Summer,0.27,Premier Liga,2007,2007/2008
Tom Tomsk,Sergey Ryzhikov,26,Goalkeeper,Loko Moscow,Loan fee:£90Th.,in,Summer,0.09,Premier Liga,2007,2007/2008
Tom Tomsk,Goran Maznov,26,Centre-Forward,KSC Lokeren,free transfer,in,Summer,NA,Premier Liga,2007,2007/2008
Tom Tomsk,Denis Evsikov,26,Left-Back,Спартак-Нальчик,?,in,Summer,NA,Premier Liga,2007,2007/2008
Tom Tomsk,Aleksandar Radosavljevic,28,Defensive Midfield,Without Club,-,in,Summer,0,Premier Liga,2007,2007/2008
Tom Tomsk,Igor Novakovic,28,attack,HNK Rijeka,"End of loanJun 30, 2007",in,Summer,0,Premier Liga,2007,2007/2008
Tom Tomsk,Evgeni Kaleshin,29,Left-Back,KS Samara,free transfer,out,Summer,NA,Premier Liga,2007,2007/2008
Saturn Ramenskoe,Dmitri Loskov,33,Attacking Midfield,Loko Moscow,£1.35m,in,Summer,1.35,Premier Liga,2007,2007/2008
Saturn Ramenskoe,Aleksandr Makarov,28,Goalkeeper,KS Samara,£1.08m,in,Summer,1.08,Premier Liga,2007,2007/2008
Saturn Ramenskoe,Vadim Evseev,31,Right-Back,Torpedo Moscow,£405Th.,in,Summer,0.405,Premier Liga,2007,2007/2008
Saturn Ramenskoe,Makhach Gadzhiev,19,Right Midfield,KS Samara,£315Th.,in,Summer,0.315,Premier Liga,2007,2007/2008
Saturn Ramenskoe,Aleksey Ivanov,25,Right Midfield,Luch Vladivostok,free transfer,in,Summer,NA,Premier Liga,2007,2007/2008
Saturn Ramenskoe,Andriy Gusin,34,Defensive Midfield,KS Samara,?,in,Summer,NA,Premier Liga,2007,2007/2008
Saturn Ramenskoe,Simon Vukcevic,21,Right Winger,Sporting CP,£1.80m,out,Summer,1.8,Premier Liga,2007,2007/2008
Saturn Ramenskoe,Valeri Chizhov,32,Goalkeeper,Sibir,free transfer,out,Summer,NA,Premier Liga,2007,2007/2008
Saturn Ramenskoe,Dusan Petkovic,33,Centre-Back,Retired,-,out,Summer,0,Premier Liga,2007,2007/2008
Rubin Kazan,Hasan Kabze,25,Centre-Forward,Galatasaray,£900Th.,in,Summer,0.9,Premier Liga,2007,2007/2008
Rubin Kazan,Stjepan Tomas,31,Centre-Back,Galatasaray,£630Th.,in,Summer,0.63,Premier Liga,2007,2007/2008
Rubin Kazan,Gabriel Giurgiu,24,Central Midfield,Otelul Galati,£450Th.,in,Summer,0.45,Premier Liga,2007,2007/2008
Rubin Kazan,Branimir Petrovic,25,Central Midfield,KamAZ,loan transfer,in,Summer,NA,Premier Liga,2007,2007/2008
Rubin Kazan,Konstantin Skrylnikov,27,Left Midfield,Anzhi,"End of loanJun 30, 2007",in,Summer,0,Premier Liga,2007,2007/2008
Rubin Kazan,Dzhambulad Bazaev,27,Right Winger,Alania,free transfer,out,Summer,NA,Premier Liga,2007,2007/2008
Rubin Kazan,Jaílson,26,Centre-Forward,Benfica,?,out,Summer,NA,Premier Liga,2007,2007/2008
Rubin Kazan,Fábio Felicio,25,Central Midfield,Marítimo,loan transfer,out,Summer,NA,Premier Liga,2007,2007/2008
Rubin Kazan,Konstantin Skrylnikov,28,Left Midfield,Ural,loan transfer,out,Summer,NA,Premier Liga,2007,2007/2008
Krylya Sovetov Samara,Darwin Quintero,19,Left Winger,Deportes Tolima,£315Th.,in,Summer,0.315,Premier Liga,2007,2007/2008
Krylya Sovetov Samara,Juan Carlos Escobar,24,Right Midfield,Deportes Tolima,£180Th.,in,Summer,0.18,Premier Liga,2007,2007/2008
Krylya Sovetov Samara,Evgeni Kaleshin,29,Left-Back,Tom Tomsk,free transfer,in,Summer,NA,Premier Liga,2007,2007/2008
Krylya Sovetov Samara,Sergey Kuznetsov,21,Central Midfield,Loko Moscow II,loan transfer,in,Summer,NA,Premier Liga,2007,2007/2008
Krylya Sovetov Samara,Botelho,20,Right-Back,Vetra,loan transfer,in,Summer,NA,Premier Liga,2007,2007/2008
Krylya Sovetov Samara,Aleksandr Makarov,28,Goalkeeper,Saturn,£1.08m,out,Summer,1.08,Premier Liga,2007,2007/2008
Krylya Sovetov Samara,Makhach Gadzhiev,19,Right Midfield,Saturn,£315Th.,out,Summer,0.315,Premier Liga,2007,2007/2008
Krylya Sovetov Samara,Andriy Gusin,34,Defensive Midfield,Saturn,?,out,Summer,NA,Premier Liga,2007,2007/2008
Krylya Sovetov Samara,Aleksandr Bukleev,22,midfield,Sheksna,?,out,Summer,NA,Premier Liga,2007,2007/2008
CSKA Moscow,Dawid Janczyk,19,Centre-Forward,Legia Warszawa,£3.78m,in,Summer,3.78,Premier Liga,2007,2007/2008
CSKA Moscow,Pavel Mamaev,18,Central Midfield,Torpedo Moscow,£1.80m,in,Summer,1.8,Premier Liga,2007,2007/2008
CSKA Moscow,Eduardo Ratinho,19,Right-Back,Corinthians,Loan fee:£270Th.,in,Summer,0.27,Premier Liga,2007,2007/2008
CSKA Moscow,Evgeniy Pomazan,18,Goalkeeper,Kuban Krasnodar,Loan fee:£90Th.,in,Summer,0.09,Premier Liga,2007,2007/2008
Shinnik Yaroslavl,Aleksandar Petrovic,22,Attacking Midfield,OFK Mladenovac,Loan fee:£45Th.,in,Summer,0.045,Premier Liga,2007,2007/2008
Shinnik Yaroslavl,Vitali Chochiev,27,Left Midfield,Kuban Krasnodar,loan transfer,in,Summer,NA,Premier Liga,2007,2007/2008
Shinnik Yaroslavl,Oleg Dineev,19,Right Winger,Spartak II,loan transfer,in,Summer,NA,Premier Liga,2007,2007/2008
Shinnik Yaroslavl,Aleksandr Guteev,40,Goalkeeper,Career break,-,in,Summer,0,Premier Liga,2007,2007/2008
Shinnik Yaroslavl,Yuri Morozov,21,Centre-Back,O. Volgograd,free transfer,out,Summer,NA,Premier Liga,2007,2007/2008
Shinnik Yaroslavl,Anatoli Romanovich,27,Centre-Back,Terek Grozny,?,out,Summer,NA,Premier Liga,2007,2007/2008
Shinnik Yaroslavl,Anatoliy Skvortsov,30,Centre-Back,Luch Vladivostok,loan transfer,out,Summer,NA,Premier Liga,2007,2007/2008
Zenit St. Petersburg,Nicolas Lombaerts,22,Centre-Back,KAA Gent,£3.78m,in,Summer,3.78,Premier Liga,2007,2007/2008
Zenit St. Petersburg,Jaroslav Nesvadba,25,Left-Back,Mlada Boleslav,"End of loanJun 30, 2007",in,Summer,0,Premier Liga,2007,2007/2008
Zenit St. Petersburg,Erik Hagen,32,Centre-Back,Wigan,"End of loanMay 1, 2008",in,Summer,0,Premier Liga,2007,2007/2008
Zenit St. Petersburg,Robertas Poskus,28,Centre-Forward,Rostov,loan transfer,out,Summer,NA,Premier Liga,2007,2007/2008
Zenit St. Petersburg,Jaroslav Nesvadba,25,Left-Back,Mlada Boleslav,loan transfer,out,Summer,NA,Premier Liga,2007,2007/2008
Lokomotiv Moscow,Peter Odemwingie,26,Right Winger,LOSC Lille,£9.00m,in,Summer,9,Premier Liga,2007,2007/2008
Lokomotiv Moscow,Draman Haminu,21,Left Winger,Genclerbirligi,£2.70m,in,Summer,2.7,Premier Liga,2007,2007/2008
Lokomotiv Moscow,Renat Yanbaev,23,Left-Back,Kuban Krasnodar,£1.13m,in,Summer,1.13,Premier Liga,2007,2007/2008
Lokomotiv Moscow,Guilherme,21,Goalkeeper,Atlético-PR,£1.13m,in,Summer,1.13,Premier Liga,2007,2007/2008
Lokomotiv Moscow,Amr Zaki,24,Centre-Forward,Zamalek,"End of loanJun 30, 2007",in,Summer,0,Premier Liga,2007,2007/2008
Lokomotiv Moscow,Laryea Kingston,26,Central Midfield,Heart of Midl.,"End of loanJun 30, 2007",in,Summer,0,Premier Liga,2007,2007/2008
Lokomotiv Moscow,Garry O'Connor,24,Centre-Forward,Birmingham,£3.60m,out,Summer,3.6,Premier Liga,2007,2007/2008
Lokomotiv Moscow,Celsinho,18,Attacking Midfield,Sporting CP,£1.80m,out,Summer,1.8,Premier Liga,2007,2007/2008
Lokomotiv Moscow,André Bikey,22,Centre-Back,Reading,£1.35m,out,Summer,1.35,Premier Liga,2007,2007/2008
Lokomotiv Moscow,Dmitri Loskov,33,Attacking Midfield,Saturn,£1.35m,out,Summer,1.35,Premier Liga,2007,2007/2008
Lokomotiv Moscow,Amr Zaki,24,Centre-Forward,Zamalek,£1.26m,out,Summer,1.26,Premier Liga,2007,2007/2008
Lokomotiv Moscow,Laryea Kingston,26,Central Midfield,Heart of Midl.,£675Th.,out,Summer,0.675,Premier Liga,2007,2007/2008
Lokomotiv Moscow,Marat Izmailov,24,Central Midfield,Sporting CP,Loan fee:£225Th.,out,Summer,0.225,Premier Liga,2007,2007/2008
Lokomotiv Moscow,Marián Had,24,Centre-Back,Sporting CP,Loan fee:£90Th.,out,Summer,0.09,Premier Liga,2007,2007/2008
Lokomotiv Moscow,Sergey Ryzhikov,26,Goalkeeper,Tom Tomsk,Loan fee:£90Th.,out,Summer,0.09,Premier Liga,2007,2007/2008
Lokomotiv Moscow,Dmitri Kruglov,23,Left-Back,Torpedo Moscow,loan transfer,out,Summer,NA,Premier Liga,2007,2007/2008
Lokomotiv Moscow,Eldin Jakupovic,22,Goalkeeper,Grasshoppers,loan transfer,out,Summer,NA,Premier Liga,2007,2007/2008
Spartak Moscow,Welliton,20,Centre-Forward,Goiás EC,£5.40m,in,Summer,5.4,Premier Liga,2007,2007/2008
Spartak Moscow,Andrey Ivanov,18,Left-Back,Spartak II,-,in,Summer,0,Premier Liga,2007,2007/2008
Spartak Moscow,Clemente Rodríguez,25,Left-Back,Boca Juniors,"End of loanJun 30, 2007",in,Summer,0,Premier Liga,2007,2007/2008
Spartak Moscow,Gabriel Tamas,23,Centre-Back,Celta de Vigo,"End of loanJun 30, 2007",in,Summer,0,Premier Liga,2007,2007/2008
Spartak Moscow,Quincy Owusu-Abeyie,22,Left Winger,Celta de Vigo,"End of loanMay 1, 2008",in,Summer,0,Premier Liga,2007,2007/2008
Spartak Moscow,Gabriel Tamas,23,Centre-Back,AJ Auxerre,£2.70m,out,Summer,2.7,Premier Liga,2007,2007/2008
Spartak Moscow,Clemente Rodríguez,25,Left-Back,Espanyol,Loan fee:£540Th.,out,Summer,0.54,Premier Liga,2007,2007/2008
Spartak Moscow,Quincy Owusu-Abeyie,21,Left Winger,Celta de Vigo,loan transfer,out,Summer,NA,Premier Liga,2007,2007/2008
Спартак-Нальчик Нальчик,Aleksandre Amisulashvili,24,Centre-Back,Dynamo Kyiv,£360Th.,in,Summer,0.36,Premier Liga,2007,2007/2008
Спартак-Нальчик Нальчик,Álvaro Pires,22,Defensive Midfield,Joinville-SC,£135Th.,in,Summer,0.135,Premier Liga,2007,2007/2008
Спартак-Нальчик Нальчик,Nazir Kazharov,20,Centre-Forward,Sportacademclub,free transfer,in,Summer,NA,Premier Liga,2007,2007/2008
Спартак-Нальчик Нальчик,Aslan Abaev,21,Central Midfield,Avtodor Vl.,free transfer,in,Summer,NA,Premier Liga,2007,2007/2008
Спартак-Нальчик Нальчик,Lucian Dobre,28,Right-Back,Zimbru Chisinau,?,in,Summer,NA,Premier Liga,2007,2007/2008
Спартак-Нальчик Нальчик,Aleksey Kostenko,22,Left Winger,Dinaburg,loan transfer,in,Summer,NA,Premier Liga,2007,2007/2008
Спартак-Нальчик Нальчик,Maksim Usanov,22,Centre-Back,Skonto,loan transfer,in,Summer,NA,Premier Liga,2007,2007/2008
Спартак-Нальчик Нальчик,Vladimir Zukhbaia,21,Goalkeeper,FC Locomotive,loan transfer,in,Summer,NA,Premier Liga,2007,2007/2008
Спартак-Нальчик Нальчик,Kazbek Geteriev,22,Defensive Midfield,Spartak N. II,-,in,Summer,0,Premier Liga,2007,2007/2008
Спартак-Нальчик Нальчик,Newton Ben Katanha,24,Centre-Forward,FC Schaffhausen,free transfer,out,Summer,NA,Premier Liga,2007,2007/2008
Спартак-Нальчик Нальчик,Levan Gvazava,26,Attacking Midfield,Luch Vladivostok,free transfer,out,Summer,NA,Premier Liga,2007,2007/2008
Спартак-Нальчик Нальчик,Vitali Lanko,30,Centre-Forward,Luch Vladivostok,free transfer,out,Summer,NA,Premier Liga,2007,2007/2008
Спартак-Нальчик Нальчик,Denis Evsikov,26,Left-Back,Tom Tomsk,?,out,Summer,NA,Premier Liga,2007,2007/2008
Спартак-Нальчик Нальчик,Andrey Makushev,27,Right-Back,Nosta,?,out,Summer,NA,Premier Liga,2007,2007/2008
Спартак-Нальчик Нальчик,Denis Popov,28,Centre-Forward,Kuban Krasnodar,"End of loanJun 30, 2007",out,Summer,0,Premier Liga,2007,2007/2008
Спартак-Нальчик Нальчик,Aleksandre Amisulashvili,24,Centre-Back,Dynamo Kyiv,"End of loanJun 30, 2007",out,Summer,0,Premier Liga,2007,2007/2008
Dinamo Moscow,Aleksandr Kerzhakov,25,Centre-Forward,Sevilla FC,£7.20m,in,Winter,7.2,Premier Liga,2007,2007/2008
Dinamo Moscow,Marcin Kowalczyk,22,Centre-Back,GKS Belchatow,£720Th.,in,Winter,0.72,Premier Liga,2007,2007/2008
Dinamo Moscow,Fedor Smolov,17,Centre-Forward,Dynamo M II,-,in,Winter,0,Premier Liga,2007,2007/2008
Dinamo Moscow,Joseph Enakarhire,25,Centre-Back,Panathinaikos,"End of loanDec 1, 2007",in,Winter,0,Premier Liga,2007,2007/2008
Dinamo Moscow,Custódio,24,Defensive Midfield,Dynamo M II,-,out,Winter,0,Premier Liga,2007,2007/2008
FC Moscow,Vitali Kaleshin,27,Right-Back,Kuban Krasnodar,free transfer,in,Winter,NA,Premier Liga,2007,2007/2008
FC Moscow,Kirill Orlov,24,Right-Back,Khimki,"End of loanDec 31, 2007",in,Winter,0,Premier Liga,2007,2007/2008
FC Moscow,Sergey Semak,31,Central Midfield,Rubin Kazan,£1.80m,out,Winter,1.8,Premier Liga,2007,2007/2008
FC Moscow,Maxi Moralez,20,Attacking Midfield,Racing Club,Loan fee:£810Th.,out,Winter,0.81,Premier Liga,2007,2007/2008
FC Moscow,Kirill Orlov,24,Right-Back,Sibir,£315Th.,out,Winter,0.315,Premier Liga,2007,2007/2008
FC Moscow,Sergey Kozko,32,Goalkeeper,Rubin Kazan,free transfer,out,Winter,NA,Premier Liga,2007,2007/2008
FC Moscow,Damian Gorawski,28,Right Winger,Shinnik,free transfer,out,Winter,NA,Premier Liga,2007,2007/2008
FC Moscow,Dragan Tresnjic,22,Defensive Midfield,Nagyberki,free transfer,out,Winter,NA,Premier Liga,2007,2007/2008
FC Moscow,Dilaver Zrnanovic,23,Centre-Back,MTZ-Ripo Minsk,?,out,Winter,NA,Premier Liga,2007,2007/2008
FC Moscow,Dmitri Golubov,22,Centre-Forward,Volga Uljanovsk,loan transfer,out,Winter,NA,Premier Liga,2007,2007/2008
Amkar Perm,Vladimir Gabulov,24,Goalkeeper,Kuban Krasnodar,Loan fee:£135Th.,in,Winter,0.135,Premier Liga,2007,2007/2008
Amkar Perm,Nenad Injac,22,Centre-Forward,Borac Cacak,free transfer,in,Winter,NA,Premier Liga,2007,2007/2008
Amkar Perm,Vyacheslav Krendelev,25,Left Midfield,Terek Grozny,?,in,Winter,NA,Premier Liga,2007,2007/2008
Amkar Perm,Mikhail Afanasjev,21,Right Midfield,MTZ-Ripo Minsk,?,in,Winter,NA,Premier Liga,2007,2007/2008
Amkar Perm,Ivan Starkov,21,Left Winger,Loko Moscow II,?,in,Winter,NA,Premier Liga,2007,2007/2008
Amkar Perm,Nikolay Zhilyaev,20,Right Winger,Loko Moscow II,?,in,Winter,NA,Premier Liga,2007,2007/2008
Amkar Perm,Artur Stepanyan,20,Centre-Back,S-UGP Anapa,?,in,Winter,NA,Premier Liga,2007,2007/2008
Amkar Perm,Pavel Alikin,23,Centre-Back,Salyut Belgorod,"End of loanDec 1, 2007",in,Winter,0,Premier Liga,2007,2007/2008
Amkar Perm,Evgeniy Savin,23,Centre-Forward,KS Samara,£1.35m,out,Winter,1.35,Premier Liga,2007,2007/2008
Amkar Perm,Andrey Kobenko,25,Left Midfield,Rubin Kazan,free transfer,out,Winter,NA,Premier Liga,2007,2007/2008
Amkar Perm,Andrey Lavrik,33,Defensive Midfield,Torpedo Moscow,free transfer,out,Winter,NA,Premier Liga,2007,2007/2008
Amkar Perm,Ghenadie Olexici,29,Centre-Back,Zimbru Chisinau,?,out,Winter,NA,Premier Liga,2007,2007/2008
Amkar Perm,Pavel Alikin,23,Centre-Back,D. Voronezh,?,out,Winter,NA,Premier Liga,2007,2007/2008
Amkar Perm,Ivan Levenets,27,Goalkeeper,Loko Moscow,?,out,Winter,NA,Premier Liga,2007,2007/2008
Amkar Perm,Toni Soldevilla,29,Centre-Back,Career break,-,out,Winter,0,Premier Liga,2007,2007/2008
Luch Vladivostok,Akès da Costa Goore,23,Left-Back,ASEC Mimosas,£315Th.,in,Winter,0.315,Premier Liga,2007,2007/2008
Luch Vladivostok,Dario Damjanovic,26,Central Midfield,Hajduk Split,£270Th.,in,Winter,0.27,Premier Liga,2007,2007/2008
Luch Vladivostok,Sergey Chernogaev,24,Defensive Midfield,Torpedo Moscow,free transfer,in,Winter,NA,Premier Liga,2007,2007/2008
Luch Vladivostok,Nenad Begovic,27,Attacking Midfield,Unknown,free transfer,in,Winter,NA,Premier Liga,2007,2007/2008
Luch Vladivostok,Daniel Vuskovic,27,Centre-Back,NK Solin,£23Th.,in,Winter,0.023,Premier Liga,2007,2007/2008
Luch Vladivostok,Igor Shevchenko,22,Right Winger,KS Samara,?,in,Winter,NA,Premier Liga,2007,2007/2008
Luch Vladivostok,Dmitri Kudinov,22,Centre-Back,Torpedo II,?,in,Winter,NA,Premier Liga,2007,2007/2008
Luch Vladivostok,Vitali Bulyga,27,Centre-Forward,Tom Tomsk,?,in,Winter,NA,Premier Liga,2007,2007/2008
Luch Vladivostok,Roman Slavnov,25,Right Midfield,Shinnik,?,in,Winter,NA,Premier Liga,2007,2007/2008
Luch Vladivostok,Vladimir Vujović,25,Centre-Back,Mogren,?,in,Winter,NA,Premier Liga,2007,2007/2008
Luch Vladivostok,Nikita Burmistrov,18,Right Winger,CSKA Moscow,loan transfer,in,Winter,NA,Premier Liga,2007,2007/2008
Luch Vladivostok,Stanislav Reznikov,21,Right-Back,Nosta,"End of loanDec 31, 2007",in,Winter,0,Premier Liga,2007,2007/2008
Luch Vladivostok,Igor Strelkov,25,Centre-Forward,Tom Tomsk,£360Th.,out,Winter,0.36,Premier Liga,2007,2007/2008
Luch Vladivostok,Aleksey Arkhipov,24,Central Midfield,Vityaz Podolsk,free transfer,out,Winter,NA,Premier Liga,2007,2007/2008
Luch Vladivostok,Dmytro Semochko,28,Left-Back,Shinnik,free transfer,out,Winter,NA,Premier Liga,2007,2007/2008
Luch Vladivostok,Sergey Shtanyuk,34,Centre-Back,Rostov,free transfer,out,Winter,NA,Premier Liga,2007,2007/2008
Luch Vladivostok,Beslan Adzhindzhal,33,Central Midfield,Tom Tomsk,free transfer,out,Winter,NA,Premier Liga,2007,2007/2008
Luch Vladivostok,Maksim Astafjev,25,Right Winger,Rostov,free transfer,out,Winter,NA,Premier Liga,2007,2007/2008
Luch Vladivostok,Ruslan Adzhindzhal,33,Central Midfield,KS Samara,free transfer,out,Winter,NA,Premier Liga,2007,2007/2008
Luch Vladivostok,Konstantin Lobov,26,Left-Back,Vityaz Podolsk,?,out,Winter,NA,Premier Liga,2007,2007/2008
Luch Vladivostok,Stanislav Reznikov,21,Right-Back,Nosta,loan transfer,out,Winter,NA,Premier Liga,2007,2007/2008
Luch Vladivostok,Andrey Ospeshinski,28,Centre-Forward,Retired,-,out,Winter,0,Premier Liga,2007,2007/2008
Luch Vladivostok,Anatoliy Skvortsov,31,Centre-Back,Shinnik,"End of loanDec 1, 2007",out,Winter,0,Premier Liga,2007,2007/2008
Luch Vladivostok,Semen Melnikov,22,Second Striker,Zenit II,"End of loanDec 31, 2007",out,Winter,0,Premier Liga,2007,2007/2008
Terek Grozny,Valentin Iliev,27,Centre-Back,CSKA Sofia,£675Th.,in,Winter,0.675,Premier Liga,2007,2007/2008
Terek Grozny,Marko Dinjar,21,Left-Back,NK Osijek,£540Th.,in,Winter,0.54,Premier Liga,2007,2007/2008
Terek Grozny,Ilion Lika,27,Goalkeeper,KF Elbasani,£450Th.,in,Winter,0.45,Premier Liga,2007,2007/2008
Terek Grozny,David Lopes,25,Centre-Back,NK Osijek,£360Th.,in,Winter,0.36,Premier Liga,2007,2007/2008
Terek Grozny,Sergey Serdyukov,26,Centre-Forward,Tom Tomsk,£315Th.,in,Winter,0.315,Premier Liga,2007,2007/2008
Terek Grozny,Guy Stephane Essamé,23,Central Midfield,Boavista,free transfer,in,Winter,NA,Premier Liga,2007,2007/2008
Terek Grozny,Artem Voronkin,21,Defensive Midfield,Avangard Kursk,free transfer,in,Winter,NA,Premier Liga,2007,2007/2008
Terek Grozny,Vladimir Kuzmichev,28,Left Winger,Kuban Krasnodar,free transfer,in,Winter,NA,Premier Liga,2007,2007/2008
Terek Grozny,Yuri Mamaev,23,Central Midfield,Shinnik,free transfer,in,Winter,NA,Premier Liga,2007,2007/2008
Terek Grozny,Goran Dimovski,25,Right-Back,Makedonija,?,in,Winter,NA,Premier Liga,2007,2007/2008
Terek Grozny,Dmitri Dolgov,20,Right-Back,Nistru Otaci,?,in,Winter,NA,Premier Liga,2007,2007/2008
Terek Grozny,Stefan Sicaci,19,Goalkeeper,FC Sheriff,?,in,Winter,NA,Premier Liga,2007,2007/2008
Terek Grozny,Radoslav Zabavnik,27,Left-Back,Sparta Prague,?,in,Winter,NA,Premier Liga,2007,2007/2008
Terek Grozny,Rade Petrovic,25,Defensive Midfield,Borac Cacak,?,in,Winter,NA,Premier Liga,2007,2007/2008
Terek Grozny,Igor Dudnyk,22,Right-Back,Zaporizhya II,?,in,Winter,NA,Premier Liga,2007,2007/2008
Terek Grozny,Viktor Zemchenkov,21,Centre-Forward,Torpedo Moscow,?,in,Winter,NA,Premier Liga,2007,2007/2008
Terek Grozny,Dejan Martinovic,24,Defensive Midfield,Siroki Brijeg,free transfer,out,Winter,NA,Premier Liga,2007,2007/2008
Terek Grozny,Maksym Levitsky,35,Goalkeeper,Rostov,free transfer,out,Winter,NA,Premier Liga,2007,2007/2008
Terek Grozny,Andrey Movsesyan,32,Centre-Forward,Sportacademclub,free transfer,out,Winter,NA,Premier Liga,2007,2007/2008
Terek Grozny,Atanas Bornosuzov,28,Central Midfield,Aris Limassol,free transfer,out,Winter,NA,Premier Liga,2007,2007/2008
Terek Grozny,Albert Sarkisyan,32,Right Midfield,Nika Moskau,?,out,Winter,NA,Premier Liga,2007,2007/2008
Terek Grozny,Andrey Fedkov,36,Centre-Forward,Sheksna,?,out,Winter,NA,Premier Liga,2007,2007/2008
Terek Grozny,Sergey Stepanenko,26,Goalkeeper,Kairat Almaty,?,out,Winter,NA,Premier Liga,2007,2007/2008
Terek Grozny,Sergey Kurdyukov,25,Centre-Back,Avangard P.,?,out,Winter,NA,Premier Liga,2007,2007/2008
Terek Grozny,Taras Shelest,27,Central Midfield,SKA-Energia,?,out,Winter,NA,Premier Liga,2007,2007/2008
Terek Grozny,Denis Zubko,33,Centre-Forward,Kuban Krasnodar,?,out,Winter,NA,Premier Liga,2007,2007/2008
Terek Grozny,Hamlet Siukaev,26,Right Winger,Baltika,?,out,Winter,NA,Premier Liga,2007,2007/2008
Terek Grozny,Murad Ramazanov,28,Central Midfield,Anzhi,?,out,Winter,NA,Premier Liga,2007,2007/2008
Terek Grozny,Jerry-Christian Tchuisse,32,Right-Back,Vityaz Podolsk,?,out,Winter,NA,Premier Liga,2007,2007/2008
Terek Grozny,Vyacheslav Krendelev,25,Left Midfield,Amkar Perm,?,out,Winter,NA,Premier Liga,2007,2007/2008
Terek Grozny,Ivan Testemitanu,33,Right-Back,Without Club,-,out,Winter,0,Premier Liga,2007,2007/2008
Terek Grozny,Evgeni Varlamov,32,Centre-Back,Retired,-,out,Winter,0,Premier Liga,2007,2007/2008
Terek Grozny,Damir Memisevic,23,Centre-Back,Without Club,-,out,Winter,0,Premier Liga,2007,2007/2008
Terek Grozny,Shamil Asildarov,24,Centre-Forward,Kuban Krasnodar,"End of loanDec 31, 2007",out,Winter,0,Premier Liga,2007,2007/2008
FK Khimki,Richard Eromoigbe,23,Defensive Midfield,Levski Sofia,£1.13m,in,Winter,1.13,Premier Liga,2007,2007/2008
FK Khimki,Zoran Knezevic,21,Defensive Midfield,BSK Borca,£90Th.,in,Winter,0.09,Premier Liga,2007,2007/2008
FK Khimki,Aleksandr Dantsev,23,Left-Back,Rostov,free transfer,in,Winter,NA,Premier Liga,2007,2007/2008
FK Khimki,Vladimir Bayramow,27,Centre-Forward,Rubin Kazan,free transfer,in,Winter,NA,Premier Liga,2007,2007/2008
FK Khimki,Nikola Mijailovic,25,Left-Back,Wisla Kraków,free transfer,in,Winter,NA,Premier Liga,2007,2007/2008
FK Khimki,Sergiy Pylypchuk,23,Left Winger,Спартак-Нальчик,free transfer,in,Winter,NA,Premier Liga,2007,2007/2008
FK Khimki,Artem Radkov,22,Centre-Back,BATE Borisov,?,in,Winter,NA,Premier Liga,2007,2007/2008
FK Khimki,Vladislav Nikiforov,18,Left-Back,SKA-Energia,?,in,Winter,NA,Premier Liga,2007,2007/2008
FK Khimki,Eldar Nizamutdinov,26,Second Striker,Nosta,?,in,Winter,NA,Premier Liga,2007,2007/2008
FK Khimki,Artem Pershin,19,Defensive Midfield,Saturn,loan transfer,in,Winter,NA,Premier Liga,2007,2007/2008
FK Khimki,Roman Vorobjov,23,Attacking Midfield,Saturn,£2.25m,out,Winter,2.25,Premier Liga,2007,2007/2008
FK Khimki,Roman Shirokov,26,Central Midfield,Zenit S-Pb,free transfer,out,Winter,NA,Premier Liga,2007,2007/2008
FK Khimki,Andrey Tikhonov,37,Attacking Midfield,KS Samara,free transfer,out,Winter,NA,Premier Liga,2007,2007/2008
FK Khimki,Dmitri Lyapkin,31,Left-Back,Baltika,free transfer,out,Winter,NA,Premier Liga,2007,2007/2008
FK Khimki,Anatoli Rozhkov,35,Goalkeeper,MVD Rossii,?,out,Winter,NA,Premier Liga,2007,2007/2008
FK Khimki,Marko Simic,19,Centre-Forward,Daugavpils,loan transfer,out,Winter,NA,Premier Liga,2007,2007/2008
FK Khimki,Robert Zebelyan,23,Centre-Forward,Baltika,loan transfer,out,Winter,NA,Premier Liga,2007,2007/2008
FK Khimki,Aleksey Semenov,24,Central Midfield,Nosta,loan transfer,out,Winter,NA,Premier Liga,2007,2007/2008
FK Khimki,Kirill Orlov,24,Right-Back,FC Moscow,"End of loanDec 31, 2007",out,Winter,0,Premier Liga,2007,2007/2008
Tom Tomsk,Igor Strelkov,25,Centre-Forward,Luch Vladivostok,£360Th.,in,Winter,0.36,Premier Liga,2007,2007/2008
Tom Tomsk,Viktor Stroev,20,Right-Back,Zenit II,£135Th.,in,Winter,0.135,Premier Liga,2007,2007/2008
Tom Tomsk,Djordje Jokic,26,Centre-Back,Torpedo Moscow,free transfer,in,Winter,NA,Premier Liga,2007,2007/2008
Tom Tomsk,Beslan Adzhindzhal,33,Central Midfield,Luch Vladivostok,free transfer,in,Winter,NA,Premier Liga,2007,2007/2008
Tom Tomsk,Andrey Kolesnikov,23,Centre-Back,Torpedo Moscow,?,in,Winter,NA,Premier Liga,2007,2007/2008
Tom Tomsk,Vitali Volkov,26,Left-Back,Rubin Kazan,?,in,Winter,NA,Premier Liga,2007,2007/2008
Tom Tomsk,Denis Bolshakov,20,Attacking Midfield,Luch II,?,in,Winter,NA,Premier Liga,2007,2007/2008
Tom Tomsk,Veniamin Mandrykin,26,Goalkeeper,CSKA Moscow,loan transfer,in,Winter,NA,Premier Liga,2007,2007/2008
Tom Tomsk,Sergey Serdyukov,26,Centre-Forward,Terek Grozny,£315Th.,out,Winter,0.315,Premier Liga,2007,2007/2008
Tom Tomsk,Vasili Khomutovski,29,Goalkeeper,Carl Zeiss Jena,free transfer,out,Winter,NA,Premier Liga,2007,2007/2008
Tom Tomsk,Aleksandr Kulchiy,34,Defensive Midfield,Rostov,free transfer,out,Winter,NA,Premier Liga,2007,2007/2008
Tom Tomsk,Andrey Proshin,22,Centre-Back,Alania,?,out,Winter,NA,Premier Liga,2007,2007/2008
Tom Tomsk,Vitali Bulyga,27,Centre-Forward,Luch Vladivostok,?,out,Winter,NA,Premier Liga,2007,2007/2008
Tom Tomsk,Sergey Lebedkov,26,Right Winger,Torpedo Moscow,loan transfer,out,Winter,NA,Premier Liga,2007,2007/2008
Tom Tomsk,Ruslan Mostovyi,33,Centre-Back,Without Club,-,out,Winter,0,Premier Liga,2007,2007/2008
Tom Tomsk,Sergey Ryzhikov,27,Goalkeeper,Loko Moscow,"End of loanDec 31, 2007",out,Winter,0,Premier Liga,2007,2007/2008
Saturn Ramenskoe,Roman Vorobjov,23,Attacking Midfield,Khimki,£2.25m,in,Winter,2.25,Premier Liga,2007,2007/2008
Saturn Ramenskoe,Andrey Karyaka,29,Left Winger,Benfica,£1.80m,in,Winter,1.8,Premier Liga,2007,2007/2008
Saturn Ramenskoe,Zelão,23,Centre-Back,Corinthians,£1.62m,in,Winter,1.62,Premier Liga,2007,2007/2008
Saturn Ramenskoe,Marko Topic,32,Centre-Forward,KS Samara,free transfer,in,Winter,NA,Premier Liga,2007,2007/2008
Saturn Ramenskoe,Benoît Angbwa,26,Right-Back,KS Samara,free transfer,in,Winter,NA,Premier Liga,2007,2007/2008
Saturn Ramenskoe,Jean,28,Centre-Back,Rubin Kazan,"End of loanDec 1, 2007",in,Winter,0,Premier Liga,2007,2007/2008
Saturn Ramenskoe,Jean,25,Centre-Forward,Fluminense,"End of loanDec 1, 2007",in,Winter,0,Premier Liga,2007,2007/2008
Saturn Ramenskoe,Rolandas Dziaukstas,29,Centre-Back,Zalgiris,free transfer,out,Winter,NA,Premier Liga,2007,2007/2008
Saturn Ramenskoe,Ilya Soshnin,19,Centre-Back,Energia Shatura,free transfer,out,Winter,NA,Premier Liga,2007,2007/2008
Saturn Ramenskoe,Gogita Gogua,24,Centre-Back,Спартак-Нальчик,?,out,Winter,NA,Premier Liga,2007,2007/2008
Saturn Ramenskoe,Artem Pershin,19,Defensive Midfield,Khimki,loan transfer,out,Winter,NA,Premier Liga,2007,2007/2008
Saturn Ramenskoe,Jean,28,Centre-Back,Grêmio,loan transfer,out,Winter,NA,Premier Liga,2007,2007/2008
Saturn Ramenskoe,Jean,25,Centre-Forward,Vasco da Gama,loan transfer,out,Winter,NA,Premier Liga,2007,2007/2008
Saturn Ramenskoe,Valeri Esipov,36,Right Winger,Retired,-,out,Winter,0,Premier Liga,2007,2007/2008
Saturn Ramenskoe,Sergey Yashin,26,Right Winger,Career break,-,out,Winter,0,Premier Liga,2007,2007/2008
Saturn Ramenskoe,Andrey Karyaka,29,Left Winger,Benfica,"End of loanDec 1, 2007",out,Winter,0,Premier Liga,2007,2007/2008
Rubin Kazan,Gökdeniz Karadeniz,28,Left Winger,Trabzonspor,£7.83m,in,Winter,7.83,Premier Liga,2007,2007/2008
Rubin Kazan,Cristian Ansaldi,21,Left-Back,Newell's,£3.24m,in,Winter,3.24,Premier Liga,2007,2007/2008
Rubin Kazan,Sergey Semak,31,Central Midfield,FC Moscow,£1.80m,in,Winter,1.8,Premier Liga,2007,2007/2008
Rubin Kazan,Aleksandr Orekhov,24,Centre-Back,Kuban Krasnodar,£1.08m,in,Winter,1.08,Premier Liga,2007,2007/2008
Rubin Kazan,Sergiy Rebrov,33,Second Striker,Dynamo Kyiv,£630Th.,in,Winter,0.63,Premier Liga,2007,2007/2008
Rubin Kazan,Sergey Ryzhikov,27,Goalkeeper,Loko Moscow,£585Th.,in,Winter,0.585,Premier Liga,2007,2007/2008
Rubin Kazan,Aleksey Rebko,21,Central Midfield,Spartak Moscow,£450Th.,in,Winter,0.45,Premier Liga,2007,2007/2008
Rubin Kazan,Andrey Kobenko,25,Left Midfield,Amkar Perm,free transfer,in,Winter,NA,Premier Liga,2007,2007/2008
Rubin Kazan,Jefthon,25,Centre-Back,Kuban Krasnodar,free transfer,in,Winter,NA,Premier Liga,2007,2007/2008
Rubin Kazan,Roman Sharonov,31,Centre-Back,Shinnik,free transfer,in,Winter,NA,Premier Liga,2007,2007/2008
Rubin Kazan,Sergey Kozko,32,Goalkeeper,FC Moscow,free transfer,in,Winter,NA,Premier Liga,2007,2007/2008
Rubin Kazan,Davit Kvirkvelia,27,Left-Back,Metalurg Z.,?,in,Winter,NA,Premier Liga,2007,2007/2008
Rubin Kazan,Savo Milosevic,34,Centre-Forward,Without Club,-,in,Winter,0,Premier Liga,2007,2007/2008
Rubin Kazan,Evgeniy Balyajkin,19,Defensive Midfield,Rubin Kazan II,-,in,Winter,0,Premier Liga,2007,2007/2008
Rubin Kazan,Konstantin Skrylnikov,28,Left Midfield,Ural,"End of loanDec 1, 2007",in,Winter,0,Premier Liga,2007,2007/2008
Rubin Kazan,Sergey Budylin,28,Left-Back,KS Samara,£1.35m,out,Winter,1.35,Premier Liga,2007,2007/2008
Rubin Kazan,Selim Benachour,26,Attacking Midfield,Qadsia SC,£900Th.,out,Winter,0.9,Premier Liga,2007,2007/2008
Rubin Kazan,Konstantin Skrylnikov,28,Left Midfield,Ural,£225Th.,out,Winter,0.225,Premier Liga,2007,2007/2008
Rubin Kazan,Veljko Paunovic,30,Centre-Forward,UD Almería,free transfer,out,Winter,NA,Premier Liga,2007,2007/2008
Rubin Kazan,Calisto,32,Left-Back,Vasco da Gama,free transfer,out,Winter,NA,Premier Liga,2007,2007/2008
Rubin Kazan,Mikhail Sinev,35,Centre-Back,Ural,free transfer,out,Winter,NA,Premier Liga,2007,2007/2008
Rubin Kazan,Vladimir Bayramow,27,Centre-Forward,Khimki,free transfer,out,Winter,NA,Premier Liga,2007,2007/2008
Rubin Kazan,Ansar Ayupov,35,Central Midfield,Baltika,free transfer,out,Winter,NA,Premier Liga,2007,2007/2008
Rubin Kazan,Gabriel Giurgiu,25,Central Midfield,Otelul Galati,loan transfer,out,Winter,NA,Premier Liga,2007,2007/2008
Rubin Kazan,Seon-kyu Kang,21,Left-Back,Daejeon Citizen,?,out,Winter,NA,Premier Liga,2007,2007/2008
Rubin Kazan,Vitali Volkov,26,Left-Back,Tom Tomsk,?,out,Winter,NA,Premier Liga,2007,2007/2008
Rubin Kazan,Pavel Kharchik,28,Goalkeeper,Anzhi,loan transfer,out,Winter,NA,Premier Liga,2007,2007/2008
Rubin Kazan,Aleksandrs Kolinko,32,Goalkeeper,Rubin Kazan II,-,out,Winter,0,Premier Liga,2007,2007/2008
Rubin Kazan,Damani Ralph,27,Centre-Forward,Retired,-,out,Winter,0,Premier Liga,2007,2007/2008
Rubin Kazan,Branimir Petrovic,25,Central Midfield,KamAZ,"End of loanDec 1, 2007",out,Winter,0,Premier Liga,2007,2007/2008
Rubin Kazan,Jean,28,Centre-Back,Saturn,"End of loanDec 1, 2007",out,Winter,0,Premier Liga,2007,2007/2008
Krylya Sovetov Samara,Evgeniy Savin,23,Centre-Forward,Amkar Perm,£1.35m,in,Winter,1.35,Premier Liga,2007,2007/2008
Krylya Sovetov Samara,Sergey Budylin,28,Left-Back,Rubin Kazan,£1.35m,in,Winter,1.35,Premier Liga,2007,2007/2008
Krylya Sovetov Samara,Ivan Taranov,21,Centre-Back,CSKA Moscow,£1.17m,in,Winter,1.17,Premier Liga,2007,2007/2008
Krylya Sovetov Samara,Jiri Jarosik,30,Centre-Back,Celtic,£900Th.,in,Winter,0.9,Premier Liga,2007,2007/2008
Krylya Sovetov Samara,Beom-seok Oh,23,Defensive Midfield,Pohang Steelers,£675Th.,in,Winter,0.675,Premier Liga,2007,2007/2008
Krylya Sovetov Samara,Aleksandr Belozerov,26,Centre-Back,KamAZ,£675Th.,in,Winter,0.675,Premier Liga,2007,2007/2008
Krylya Sovetov Samara,Oleg Ivanov,21,Attacking Midfield,Kuban Krasnodar,£360Th.,in,Winter,0.36,Premier Liga,2007,2007/2008
Krylya Sovetov Samara,Sergey Politevich,17,Centre-Back,Naftan,£225Th.,in,Winter,0.225,Premier Liga,2007,2007/2008
Krylya Sovetov Samara,Ruslan Adzhindzhal,33,Central Midfield,Luch Vladivostok,free transfer,in,Winter,NA,Premier Liga,2007,2007/2008
Krylya Sovetov Samara,Andrey Tikhonov,37,Attacking Midfield,Khimki,free transfer,in,Winter,NA,Premier Liga,2007,2007/2008
Krylya Sovetov Samara,David Yurchenko,21,Goalkeeper,Dinamo Minsk,?,in,Winter,NA,Premier Liga,2007,2007/2008
Krylya Sovetov Samara,Aleksandr Salugin,19,Centre-Forward,CSKA Moscow,?,in,Winter,NA,Premier Liga,2007,2007/2008
Krylya Sovetov Samara,Timofey Kalachev,26,Right Midfield,Rostov,?,in,Winter,NA,Premier Liga,2007,2007/2008
Krylya Sovetov Samara,Nicolae Calancea,21,Goalkeeper,Zimbru Chisinau,loan transfer,in,Winter,NA,Premier Liga,2007,2007/2008
Krylya Sovetov Samara,Aleksandr Shvetsov,27,Defensive Midfield,Torpedo Moscow,"End of loanApr 1, 2008",in,Winter,0,Premier Liga,2007,2007/2008
Krylya Sovetov Samara,David Mujiri,29,Attacking Midfield,Loko Moscow,£720Th.,out,Winter,0.72,Premier Liga,2007,2007/2008
Krylya Sovetov Samara,Aleksey Medvedev,30,Centre-Forward,Sibir,free transfer,out,Winter,NA,Premier Liga,2007,2007/2008
Krylya Sovetov Samara,Benoît Angbwa,26,Right-Back,Saturn,free transfer,out,Winter,NA,Premier Liga,2007,2007/2008
Krylya Sovetov Samara,Mikhail Mareev,20,Attacking Midfield,Yunit Samara,free transfer,out,Winter,NA,Premier Liga,2007,2007/2008
Krylya Sovetov Samara,Marko Topic,32,Centre-Forward,Saturn,free transfer,out,Winter,NA,Premier Liga,2007,2007/2008
Krylya Sovetov Samara,Igor Shevchenko,22,Right Winger,Luch Vladivostok,?,out,Winter,NA,Premier Liga,2007,2007/2008
Krylya Sovetov Samara,Suad Filekovic,29,Left-Back,NK Maribor,?,out,Winter,NA,Premier Liga,2007,2007/2008
Krylya Sovetov Samara,Ivan Shpakov,21,Second Striker,Riga,?,out,Winter,NA,Premier Liga,2007,2007/2008
Krylya Sovetov Samara,Maksim Budnikov,24,Right-Back,Nosta,?,out,Winter,NA,Premier Liga,2007,2007/2008
Krylya Sovetov Samara,Aleksandr Shvetsov,27,Defensive Midfield,Torpedo Moscow,loan transfer,out,Winter,NA,Premier Liga,2007,2007/2008
Krylya Sovetov Samara,Evgeni Kaleshin,29,Left-Back,Alania,loan transfer,out,Winter,NA,Premier Liga,2007,2007/2008
Krylya Sovetov Samara,Darwin Quintero,20,Left Winger,Pereira,loan transfer,out,Winter,NA,Premier Liga,2007,2007/2008
Krylya Sovetov Samara,Artem Kutepov,20,Left Midfield,Retired,-,out,Winter,0,Premier Liga,2007,2007/2008
Krylya Sovetov Samara,Dmitri Vasiljev,22,Left Winger,Career break,-,out,Winter,0,Premier Liga,2007,2007/2008
Krylya Sovetov Samara,Sergey Turzanov,18,Central Midfield,Retired,-,out,Winter,0,Premier Liga,2007,2007/2008
Krylya Sovetov Samara,Timur Bitokov,23,Left-Back,Career break,-,out,Winter,0,Premier Liga,2007,2007/2008
Krylya Sovetov Samara,Serge Branco,27,Right-Back,Without Club,-,out,Winter,0,Premier Liga,2007,2007/2008
Krylya Sovetov Samara,Botelho,20,Right-Back,Vetra,"End of loanDec 1, 2007",out,Winter,0,Premier Liga,2007,2007/2008
Krylya Sovetov Samara,Sergey Kuznetsov,21,Central Midfield,Loko Moscow II,"End of loanDec 31, 2007",out,Winter,0,Premier Liga,2007,2007/2008
Krylya Sovetov Samara,Oleg Trifonov,26,Left Midfield,Zenit II,"End of loanDec 31, 2007",out,Winter,0,Premier Liga,2007,2007/2008
CSKA Moscow,Lubos Kalouda,20,Attacking Midfield,1. FC Brno,£4.66m,in,Winter,4.66,Premier Liga,2007,2007/2008
CSKA Moscow,Ricardo Jesus,22,Centre-Forward,Спартак-Нальчик,£1.80m,in,Winter,1.8,Premier Liga,2007,2007/2008
CSKA Moscow,Dmitri Ryzhov,18,Centre-Forward,Ak. Dimitrovgrad,£450Th.,in,Winter,0.45,Premier Liga,2007,2007/2008
CSKA Moscow,Evgeniy Pomazan,18,Goalkeeper,Kuban II,£405Th.,in,Winter,0.405,Premier Liga,2007,2007/2008
CSKA Moscow,Alan Dzagoev,17,Central Midfield,Ak. Dimitrovgrad,£360Th.,in,Winter,0.36,Premier Liga,2007,2007/2008
CSKA Moscow,Aleksandr Salugin,19,Centre-Forward,Tekstilshchik,"End of loanDec 31, 2007",in,Winter,0,Premier Liga,2007,2007/2008
CSKA Moscow,Osmar Ferreyra,24,Attacking Midfield,San Lorenzo,"End of loanDec 1, 2007",in,Winter,0,Premier Liga,2007,2007/2008
CSKA Moscow,Osmar Ferreyra,24,Attacking Midfield,Dnipro,£3.15m,out,Winter,3.15,Premier Liga,2007,2007/2008
CSKA Moscow,Ivan Taranov,21,Centre-Back,KS Samara,£1.17m,out,Winter,1.17,Premier Liga,2007,2007/2008
CSKA Moscow,Rolan Gusev,30,Right Midfield,Dnipro,£675Th.,out,Winter,0.675,Premier Liga,2007,2007/2008
CSKA Moscow,Aleksandr Salugin,19,Centre-Forward,KS Samara,?,out,Winter,NA,Premier Liga,2007,2007/2008
CSKA Moscow,Veniamin Mandrykin,26,Goalkeeper,Tom Tomsk,loan transfer,out,Winter,NA,Premier Liga,2007,2007/2008
CSKA Moscow,Nikita Burmistrov,18,Right Winger,Luch Vladivostok,loan transfer,out,Winter,NA,Premier Liga,2007,2007/2008
CSKA Moscow,Evgeniy Pomazan,18,Goalkeeper,Kuban II,"End of loanDec 31, 2007",out,Winter,0,Premier Liga,2007,2007/2008
CSKA Moscow,Eduardo Ratinho,20,Right-Back,Corinthians,"End of loanDec 1, 2007",out,Winter,0,Premier Liga,2007,2007/2008
Shinnik Yaroslavl,Juris Laizans,28,Defensive Midfield,Kuban Krasnodar,£450Th.,in,Winter,0.45,Premier Liga,2007,2007/2008
Shinnik Yaroslavl,Ricardo Silva,32,Centre-Back,Boavista,£270Th.,in,Winter,0.27,Premier Liga,2007,2007/2008
Shinnik Yaroslavl,Maksim Burchenko,24,Right Midfield,Rostov,free transfer,in,Winter,NA,Premier Liga,2007,2007/2008
Shinnik Yaroslavl,Damian Gorawski,28,Right Winger,FC Moscow,free transfer,in,Winter,NA,Premier Liga,2007,2007/2008
Shinnik Yaroslavl,Andrey Bochkov,25,Central Midfield,Rostov,free transfer,in,Winter,NA,Premier Liga,2007,2007/2008
Shinnik Yaroslavl,Maksim Buznikin,30,Centre-Forward,Rostov,free transfer,in,Winter,NA,Premier Liga,2007,2007/2008
Shinnik Yaroslavl,Dmytro Semochko,28,Left-Back,Luch Vladivostok,free transfer,in,Winter,NA,Premier Liga,2007,2007/2008
Shinnik Yaroslavl,Denis Boyarintsev,29,Right Midfield,Spartak Moscow,free transfer,in,Winter,NA,Premier Liga,2007,2007/2008
Shinnik Yaroslavl,Murad Hüseynov,18,Centre-Forward,Anzhi,?,in,Winter,NA,Premier Liga,2007,2007/2008
Shinnik Yaroslavl,Bruno Basto,29,Left-Back,Nacional,?,in,Winter,NA,Premier Liga,2007,2007/2008
Shinnik Yaroslavl,Igors Stepanovs,32,Centre-Back,Esbjerg fB,?,in,Winter,NA,Premier Liga,2007,2007/2008
Shinnik Yaroslavl,Zdravko Lazarov,31,Left Winger,Slavia Sofia,?,in,Winter,NA,Premier Liga,2007,2007/2008
Shinnik Yaroslavl,Ilya Maksimov,20,Central Midfield,Zenit S-Pb,loan transfer,in,Winter,NA,Premier Liga,2007,2007/2008
Shinnik Yaroslavl,Sergey Pesjakov,19,Goalkeeper,Shinnik II,-,in,Winter,0,Premier Liga,2007,2007/2008
Shinnik Yaroslavl,Dmitri Zinovich,18,Defensive Midfield,Shinnik II,-,in,Winter,0,Premier Liga,2007,2007/2008
Shinnik Yaroslavl,Anatoliy Skvortsov,31,Centre-Back,Luch Vladivostok,"End of loanDec 1, 2007",in,Winter,0,Premier Liga,2007,2007/2008
Shinnik Yaroslavl,Zurab Menteshashvili,27,Central Midfield,Ventspils,"End of loanDec 1, 2007",in,Winter,0,Premier Liga,2007,2007/2008
Shinnik Yaroslavl,Darijan Matic,24,Defensive Midfield,Спартак-Нальчик,"End of loanDec 1, 2007",in,Winter,0,Premier Liga,2007,2007/2008
Shinnik Yaroslavl,Viktor Myagkov,22,Attacking Midfield,Tekstilshchik,"End of loanDec 1, 2007",in,Winter,0,Premier Liga,2007,2007/2008
Shinnik Yaroslavl,Aleksandr Malyshev,27,Goalkeeper,Ural,£225Th.,out,Winter,0.225,Premier Liga,2007,2007/2008
Shinnik Yaroslavl,Zoran Kostic,25,Attacking Midfield,Ural,Loan fee:£45Th.,out,Winter,0.045,Premier Liga,2007,2007/2008
Shinnik Yaroslavl,Igor Voznesenski,22,Right Midfield,Orel,free transfer,out,Winter,NA,Premier Liga,2007,2007/2008
Shinnik Yaroslavl,Anatoliy Skvortsov,31,Centre-Back,Chernomorets N.,free transfer,out,Winter,NA,Premier Liga,2007,2007/2008
Shinnik Yaroslavl,Darijan Matic,24,Defensive Midfield,NK Interblock,free transfer,out,Winter,NA,Premier Liga,2007,2007/2008
Shinnik Yaroslavl,Yuri Mamaev,23,Central Midfield,Terek Grozny,free transfer,out,Winter,NA,Premier Liga,2007,2007/2008
Shinnik Yaroslavl,Andrey Konovalov,33,Central Midfield,SKA-Energia,free transfer,out,Winter,NA,Premier Liga,2007,2007/2008
Shinnik Yaroslavl,Maksim Povorov,30,Right-Back,Ural,free transfer,out,Winter,NA,Premier Liga,2007,2007/2008
Shinnik Yaroslavl,Roman Sharonov,31,Centre-Back,Rubin Kazan,free transfer,out,Winter,NA,Premier Liga,2007,2007/2008
Shinnik Yaroslavl,Viktor Myagkov,22,Attacking Midfield,Sheksna,?,out,Winter,NA,Premier Liga,2007,2007/2008
Shinnik Yaroslavl,Vladimir Kazakov,37,Central Midfield,FK Novgorod,?,out,Winter,NA,Premier Liga,2007,2007/2008
Shinnik Yaroslavl,Zurab Menteshashvili,27,Central Midfield,Ventspils,?,out,Winter,NA,Premier Liga,2007,2007/2008
Shinnik Yaroslavl,Roman Slavnov,25,Right Midfield,Luch Vladivostok,?,out,Winter,NA,Premier Liga,2007,2007/2008
Shinnik Yaroslavl,Andriy Poroshyn,29,Centre-Forward,SKA Rostov,?,out,Winter,NA,Premier Liga,2007,2007/2008
Shinnik Yaroslavl,Aleksandr Shulenin,28,Attacking Midfield,Sibir,?,out,Winter,NA,Premier Liga,2007,2007/2008
Shinnik Yaroslavl,Aleksandr Vasiljev,27,Defensive Midfield,Sibir,?,out,Winter,NA,Premier Liga,2007,2007/2008
Shinnik Yaroslavl,Aleksandr Sonin,24,Centre-Forward,FK Novgorod,?,out,Winter,NA,Premier Liga,2007,2007/2008
Shinnik Yaroslavl,Aleksandr Gorin,26,Left-Back,Nosta,?,out,Winter,NA,Premier Liga,2007,2007/2008
Shinnik Yaroslavl,Vladimir Skokov,35,Left Midfield,M. Lipetsk,?,out,Winter,NA,Premier Liga,2007,2007/2008
Shinnik Yaroslavl,Aleksandr Guteev,40,Goalkeeper,Retired,-,out,Winter,0,Premier Liga,2007,2007/2008
Shinnik Yaroslavl,Oleg Dineev,20,Right Winger,Spartak II,"End of loanDec 31, 2007",out,Winter,0,Premier Liga,2007,2007/2008
Shinnik Yaroslavl,Aleksandr Pavlenko,22,Central Midfield,Spartak Moscow,"End of loanDec 31, 2007",out,Winter,0,Premier Liga,2007,2007/2008
Shinnik Yaroslavl,Mikhail Kostin,22,Attacking Midfield,Spartak NN,"End of loanDec 31, 2007",out,Winter,0,Premier Liga,2007,2007/2008
Shinnik Yaroslavl,Vitali Chochiev,27,Left Midfield,Kuban Krasnodar,"End of loanDec 1, 2007",out,Winter,0,Premier Liga,2007,2007/2008
Shinnik Yaroslavl,Dmitri Kozlov,23,Right Winger,Saturn II,"End of loanDec 31, 2007",out,Winter,0,Premier Liga,2007,2007/2008
Zenit St. Petersburg,Tomas Hubocan,22,Centre-Back,MSK Zilina,£2.88m,in,Winter,2.88,Premier Liga,2007,2007/2008
Zenit St. Petersburg,Viktor Faizulin,21,Central Midfield,Спартак-Нальчик,£1.80m,in,Winter,1.8,Premier Liga,2007,2007/2008
Zenit St. Petersburg,Roman Shirokov,26,Central Midfield,Khimki,free transfer,in,Winter,NA,Premier Liga,2007,2007/2008
Zenit St. Petersburg,Aleksey Ionov,18,Right Winger,Zenit II,-,in,Winter,0,Premier Liga,2007,2007/2008
Zenit St. Petersburg,Jaroslav Nesvadba,25,Left-Back,Mlada Boleslav,"End of loanDec 31, 2007",in,Winter,0,Premier Liga,2007,2007/2008
Zenit St. Petersburg,Oleg Kozhanov,20,Second Striker,Ural,"End of loanDec 31, 2007",in,Winter,0,Premier Liga,2007,2007/2008
Zenit St. Petersburg,Aleksandr Panov,32,Centre-Forward,Torpedo Moscow,"End of loanDec 1, 2007",in,Winter,0,Premier Liga,2007,2007/2008
Zenit St. Petersburg,Robertas Poskus,28,Centre-Forward,Rostov,"End of loanDec 1, 2007",in,Winter,0,Premier Liga,2007,2007/2008
Zenit St. Petersburg,Martin Skrtel,23,Centre-Back,Liverpool,£9.00m,out,Winter,9,Premier Liga,2007,2007/2008
Zenit St. Petersburg,Erik Hagen,32,Centre-Back,Wigan,Loan fee:£225Th.,out,Winter,0.225,Premier Liga,2007,2007/2008
Zenit St. Petersburg,Jaroslav Nesvadba,25,Left-Back,Inter Zapresic,£90Th.,out,Winter,0.09,Premier Liga,2007,2007/2008
Zenit St. Petersburg,Oleg Kozhanov,20,Second Striker,Rostov,loan transfer,out,Winter,NA,Premier Liga,2007,2007/2008
Zenit St. Petersburg,Ilya Maksimov,20,Central Midfield,Shinnik,loan transfer,out,Winter,NA,Premier Liga,2007,2007/2008
Zenit St. Petersburg,Aleksandr Panov,32,Centre-Forward,Career break,-,out,Winter,0,Premier Liga,2007,2007/2008
Zenit St. Petersburg,Oleksandr Spivak,32,Left Midfield,Retired,-,out,Winter,0,Premier Liga,2007,2007/2008
Zenit St. Petersburg,Robertas Poskus,28,Centre-Forward,Career break,-,out,Winter,0,Premier Liga,2007,2007/2008
Lokomotiv Moscow,Guillermo Pereyra,28,Central Midfield,RCD Mallorca,£3.15m,in,Winter,3.15,Premier Liga,2007,2007/2008
Lokomotiv Moscow,David Mujiri,29,Attacking Midfield,KS Samara,£720Th.,in,Winter,0.72,Premier Liga,2007,2007/2008
Lokomotiv Moscow,Igor Smolnikov,19,Right-Back,Torpedo Moscow,free transfer,in,Winter,NA,Premier Liga,2007,2007/2008
Lokomotiv Moscow,Dmitri Torbinski,23,Central Midfield,Spartak Moscow,free transfer,in,Winter,NA,Premier Liga,2007,2007/2008
Lokomotiv Moscow,Ivan Levenets,27,Goalkeeper,Amkar Perm,?,in,Winter,NA,Premier Liga,2007,2007/2008
Lokomotiv Moscow,Denis Glushakov,20,Central Midfield,Loko Moscow II,-,in,Winter,0,Premier Liga,2007,2007/2008
Lokomotiv Moscow,Marián Had,25,Centre-Back,Sporting CP,"End of loanDec 1, 2007",in,Winter,0,Premier Liga,2007,2007/2008
Lokomotiv Moscow,Essau Kanyenda,25,Centre-Forward,Rostov,"End of loanDec 1, 2007",in,Winter,0,Premier Liga,2007,2007/2008
Lokomotiv Moscow,Dmitri Kruglov,23,Left-Back,Torpedo Moscow,"End of loanDec 1, 2007",in,Winter,0,Premier Liga,2007,2007/2008
Lokomotiv Moscow,Sergey Ryzhikov,27,Goalkeeper,Tom Tomsk,"End of loanDec 31, 2007",in,Winter,0,Premier Liga,2007,2007/2008
Lokomotiv Moscow,Branislav Ivanovic,23,Centre-Back,Chelsea,£10.80m,out,Winter,10.8,Premier Liga,2007,2007/2008
Lokomotiv Moscow,Sergey Ryzhikov,27,Goalkeeper,Rubin Kazan,£585Th.,out,Winter,0.585,Premier Liga,2007,2007/2008
Lokomotiv Moscow,Essau Kanyenda,25,Centre-Forward,KamAZ,?,out,Winter,NA,Premier Liga,2007,2007/2008
Lokomotiv Moscow,Dmitri Kruglov,23,Left-Back,Neftchi Baku,loan transfer,out,Winter,NA,Premier Liga,2007,2007/2008
Lokomotiv Moscow,Oleg Pashinin,33,Centre-Back,Retired,-,out,Winter,0,Premier Liga,2007,2007/2008
Lokomotiv Moscow,Sergey Efimov,20,Centre-Back,Career break,-,out,Winter,0,Premier Liga,2007,2007/2008
Spartak Moscow,Malik Fathi,24,Left-Back,Hertha BSC,£3.60m,in,Winter,3.6,Premier Liga,2007,2007/2008
Spartak Moscow,Cristian Maidana,20,Attacking Midfield,CA Banfield,£2.25m,in,Winter,2.25,Premier Liga,2007,2007/2008
Spartak Moscow,Soslan Dzhanaev,20,Goalkeeper,KamAZ,£450Th.,in,Winter,0.45,Premier Liga,2007,2007/2008
Spartak Moscow,Egor Filipenko,19,Centre-Back,BATE Borisov,£216Th.,in,Winter,0.216,Premier Liga,2007,2007/2008
Spartak Moscow,Sergey Parshivlyuk,18,Right-Back,Spartak II,-,in,Winter,0,Premier Liga,2007,2007/2008
Spartak Moscow,Aleksandr Pavlenko,22,Central Midfield,Shinnik,"End of loanDec 31, 2007",in,Winter,0,Premier Liga,2007,2007/2008
Spartak Moscow,Antônio Géder,29,Centre-Back,Le Mans UC 72,£3.42m,out,Winter,3.42,Premier Liga,2007,2007/2008
Spartak Moscow,Aleksey Rebko,21,Central Midfield,Rubin Kazan,£450Th.,out,Winter,0.45,Premier Liga,2007,2007/2008
Spartak Moscow,Denis Boyarintsev,29,Right Midfield,Shinnik,free transfer,out,Winter,NA,Premier Liga,2007,2007/2008
Spartak Moscow,Wojciech Kowalewski,30,Goalkeeper,Korona Kielce,free transfer,out,Winter,NA,Premier Liga,2007,2007/2008
Spartak Moscow,Dmitri Torbinski,23,Central Midfield,Loko Moscow,free transfer,out,Winter,NA,Premier Liga,2007,2007/2008
Spartak Moscow,Dmitri Khomich,23,Goalkeeper,Спартак-Нальчик,loan transfer,out,Winter,NA,Premier Liga,2007,2007/2008
Спартак-Нальчик Нальчик,Rasim Khutov,26,Centre-Forward,Chernomorets N.,free transfer,in,Winter,NA,Premier Liga,2007,2007/2008
Спартак-Нальчик Нальчик,Marat Bikmaev,22,Centre-Forward,Rubin Kazan II,free transfer,in,Winter,NA,Premier Liga,2007,2007/2008
Спартак-Нальчик Нальчик,Kirill Kochubey,21,Right Winger,CSKA Moscow II,free transfer,in,Winter,NA,Premier Liga,2007,2007/2008
Спартак-Нальчик Нальчик,Tiasse Kone,20,Goalkeeper,Africa Sports,free transfer,in,Winter,NA,Premier Liga,2007,2007/2008
Спартак-Нальчик Нальчик,Ricardo,27,Attacking Midfield,Kuban Krasnodar,?,in,Winter,NA,Premier Liga,2007,2007/2008
Спартак-Нальчик Нальчик,Gogita Gogua,24,Centre-Back,Saturn,?,in,Winter,NA,Premier Liga,2007,2007/2008
Спартак-Нальчик Нальчик,Ferro,22,Centre-Forward,Odivelas,?,in,Winter,NA,Premier Liga,2007,2007/2008
Спартак-Нальчик Нальчик,Oleg Patyak,22,Central Midfield,Metalurg Z.,?,in,Winter,NA,Premier Liga,2007,2007/2008
Спартак-Нальчик Нальчик,Dmitri Yatchenko,21,Right-Back,Dynamo M II,?,in,Winter,NA,Premier Liga,2007,2007/2008
Спартак-Нальчик Нальчик,Dmitri Khomich,23,Goalkeeper,Spartak Moscow,loan transfer,in,Winter,NA,Premier Liga,2007,2007/2008
Спартак-Нальчик Нальчик,Rustem Kalimullin,23,Second Striker,KamAZ,loan transfer,in,Winter,NA,Premier Liga,2007,2007/2008
Спартак-Нальчик Нальчик,David Siradze,26,Centre-Forward,SC Paderborn,loan transfer,in,Winter,NA,Premier Liga,2007,2007/2008
Спартак-Нальчик Нальчик,Viktor Faizulin,21,Central Midfield,Zenit S-Pb,£1.80m,out,Winter,1.8,Premier Liga,2007,2007/2008
Спартак-Нальчик Нальчик,Ricardo Jesus,22,Centre-Forward,CSKA Moscow,£1.80m,out,Winter,1.8,Premier Liga,2007,2007/2008
Спартак-Нальчик Нальчик,Sergiy Pylypchuk,23,Left Winger,Khimki,free transfer,out,Winter,NA,Premier Liga,2007,2007/2008
Спартак-Нальчик Нальчик,Aslan Abaev,22,Central Midfield,Zelenograd M.,free transfer,out,Winter,NA,Premier Liga,2007,2007/2008
Спартак-Нальчик Нальчик,Lucian Dobre,29,Right-Back,SK Tavriya,free transfer,out,Winter,NA,Premier Liga,2007,2007/2008
Спартак-Нальчик Нальчик,Aleksandr Trubitsin,17,Central Midfield,Fakel-M,free transfer,out,Winter,NA,Premier Liga,2007,2007/2008
Спартак-Нальчик Нальчик,Álvaro Pires,22,Defensive Midfield,Los Angeles,loan transfer,out,Winter,NA,Premier Liga,2007,2007/2008
Спартак-Нальчик Нальчик,Aleksey Martynov,29,Centre-Forward,Dinamo Bryansk,?,out,Winter,NA,Premier Liga,2007,2007/2008
Спартак-Нальчик Нальчик,Andrey Sidelnikov,27,Goalkeeper,Orel,?,out,Winter,NA,Premier Liga,2007,2007/2008
Спартак-Нальчик Нальчик,Roman Uzdenov,28,Centre-Forward,Atyrau,?,out,Winter,NA,Premier Liga,2007,2007/2008
Спартак-Нальчик Нальчик,Maksim Usanov,22,Centre-Back,Skonto,"End of loanDec 1, 2007",out,Winter,0,Premier Liga,2007,2007/2008
Спартак-Нальчик Нальчик,Vladimir Zukhbaia,21,Goalkeeper,FC Locomotive,"End of loanDec 1, 2007",out,Winter,0,Premier Liga,2007,2007/2008
Спартак-Нальчик Нальчик,Aleksey Kostenko,23,Left Winger,Dinaburg,"End of loanDec 31, 2007",out,Winter,0,Premier Liga,2007,2007/2008
Спартак-Нальчик Нальчик,Darijan Matic,24,Defensive Midfield,Shinnik,"End of loanDec 1, 2007",out,Winter,0,Premier Liga,2007,2007/2008
Спартак-Нальчик Нальчик,Dmitri Yatchenko,21,Right-Back,Dynamo M II,"End of loanDec 31, 2007",out,Winter,0,Premier Liga,2007,2007/2008
Спартак-Нальчик Нальчик,Yuri Rodenkov,21,Right Winger,Zenit II,"End of loanDec 31, 2007",out,Winter,0,Premier Liga,2007,2007/2008
