club_name,player_name,age,position,club_involved_name,fee,transfer_movement,transfer_period,fee_cleaned,league_name,year,season
Athletic Bilbao,David López,24,Central Midfield,CA Osasuna,£5.22m,in,Summer,5.22,Primera Division,2007,2007/2008
Athletic Bilbao,Gorka Iraizoz,26,Goalkeeper,Espanyol,£3.60m,in,Summer,3.6,Primera Division,2007,2007/2008
Athletic Bilbao,Aitor Ocio,30,Centre-Back,Sevilla FC,£3.15m,in,Summer,3.15,Primera Division,2007,2007/2008
Athletic Bilbao,Koikili,26,Left-Back,CA River Ebro,free transfer,in,Summer,NA,Primera Division,2007,2007/2008
Athletic Bilbao,David Cuéllar,27,Right Midfield,Gimnàstic,free transfer,in,Summer,NA,Primera Division,2007,2007/2008
Athletic Bilbao,Iñaki Muñoz,28,Defensive Midfield,CA Osasuna,free transfer,in,Summer,NA,Primera Division,2007,2007/2008
Athletic Bilbao,Asier del Horno,26,Left-Back,Valencia,loan transfer,in,Summer,NA,Primera Division,2007,2007/2008
Athletic Bilbao,Markel Susaeta,19,Right Winger,Bilbao Athletic,-,in,Summer,0,Primera Division,2007,2007/2008
Athletic Bilbao,Ion Vélez,22,Centre-Forward,Bilbao Athletic,-,in,Summer,0,Primera Division,2007,2007/2008
Athletic Bilbao,Francisco Tarantino,23,Centre-Back,CD Numancia,"End of loanJun 30, 2007",in,Summer,0,Primera Division,2007,2007/2008
Athletic Bilbao,Josu Sarriegi,28,Centre-Back,Panathinaikos,£900Th.,out,Summer,0.9,Primera Division,2007,2007/2008
Athletic Bilbao,Javier Iturriaga,23,Defensive Midfield,Salamanca B,free transfer,out,Summer,NA,Primera Division,2007,2007/2008
Athletic Bilbao,Mikel Dañobeitia,21,Left Winger,UD Salamanca,free transfer,out,Summer,NA,Primera Division,2007,2007/2008
Athletic Bilbao,Unai Alba,29,Goalkeeper,Hércules CF,free transfer,out,Summer,NA,Primera Division,2007,2007/2008
Athletic Bilbao,Francisco Tarantino,23,Centre-Back,Alavés,free transfer,out,Summer,NA,Primera Division,2007,2007/2008
Athletic Bilbao,Ismael Urzaiz,35,Centre-Forward,Ajax,free transfer,out,Summer,NA,Primera Division,2007,2007/2008
Athletic Bilbao,Javi González,33,Right Midfield,Hércules CF,free transfer,out,Summer,NA,Primera Division,2007,2007/2008
Athletic Bilbao,Iñaki Lafuente,31,Goalkeeper,Espanyol,loan transfer,out,Summer,NA,Primera Division,2007,2007/2008
Getafe CF,Óscar Ustari,21,Goalkeeper,Independiente,£5.40m,in,Summer,5.4,Primera Division,2007,2007/2008
Getafe CF,Cata Díaz,27,Centre-Back,Boca Juniors,£3.60m,in,Summer,3.6,Primera Division,2007,2007/2008
Getafe CF,Kepa Blanco,23,Centre-Forward,Sevilla FC,£3.15m,in,Summer,3.15,Primera Division,2007,2007/2008
Getafe CF,Rubén de la Red,22,Central Midfield,Real Madrid,£2.70m,in,Summer,2.7,Primera Division,2007,2007/2008
Getafe CF,Franck Signorino,25,Left-Back,FC Nantes,£1.35m,in,Summer,1.35,Primera Division,2007,2007/2008
Getafe CF,Mario Abrante,25,Centre-Back,Recr. Huelva,free transfer,in,Summer,NA,Primera Division,2007,2007/2008
Getafe CF,Ikechukwu Uche,23,Centre-Forward,Recr. Huelva,free transfer,in,Summer,NA,Primera Division,2007,2007/2008
Getafe CF,Miguel Pallardó,20,Central Midfield,Valencia,free transfer,in,Summer,NA,Primera Division,2007,2007/2008
Getafe CF,Pablo Hernández,22,Attacking Midfield,Valencia,free transfer,in,Summer,NA,Primera Division,2007,2007/2008
Getafe CF,Braulio Nóbrega,21,Centre-Forward,Atlético Madrid,free transfer,in,Summer,NA,Primera Division,2007,2007/2008
Getafe CF,Esteban Granero,20,Central Midfield,Real Madrid,loan transfer,in,Summer,NA,Primera Division,2007,2007/2008
Getafe CF,Jajá,21,Centre-Forward,KRC Genk,"End of loanJun 30, 2007",in,Summer,0,Primera Division,2007,2007/2008
Getafe CF,Alexis Ruano,21,Centre-Back,Valencia,£5.40m,out,Summer,5.4,Primera Division,2007,2007/2008
Getafe CF,Dani Güiza,26,Centre-Forward,RCD Mallorca,£4.50m,out,Summer,4.5,Primera Division,2007,2007/2008
Getafe CF,Javier Paredes,24,Left-Back,Real Zaragoza,£1.35m,out,Summer,1.35,Primera Division,2007,2007/2008
Getafe CF,Rubén Pulido,28,Centre-Back,UD Almería,free transfer,out,Summer,NA,Primera Division,2007,2007/2008
Getafe CF,Ángel Vivar Dorado,33,Attacking Midfield,Real Valladolid,free transfer,out,Summer,NA,Primera Division,2007,2007/2008
Getafe CF,Jajá,21,Centre-Forward,KVC Westerlo,loan transfer,out,Summer,NA,Primera Division,2007,2007/2008
Getafe CF,Maris Verpakovskis,27,Centre-Forward,Dynamo Kyiv,"End of loanJun 30, 2007",out,Summer,0,Primera Division,2007,2007/2008
Levante UD,Pedro León,20,Right Winger,Real Murcia,£1.98m,in,Summer,1.98,Primera Division,2007,2007/2008
Levante UD,Sávio,33,Left Winger,Real Sociedad,£900Th.,in,Summer,0.9,Primera Division,2007,2007/2008
Levante UD,Christian Riganó,33,Centre-Forward,Messina Peloro,£720Th.,in,Summer,0.72,Primera Division,2007,2007/2008
Levante UD,Javi Fuego,23,Defensive Midfield,Sporting Gijón,£495Th.,in,Summer,0.495,Primera Division,2007,2007/2008
Levante UD,Miquel Robusté,22,Centre-Back,RCD Espanyol B,£360Th.,in,Summer,0.36,Primera Division,2007,2007/2008
Levante UD,Álex Geijo,25,Centre-Forward,Xerez CD,£315Th.,in,Summer,0.315,Primera Division,2007,2007/2008
Levante UD,David Castedo,33,Left-Back,Sevilla FC,free transfer,in,Summer,NA,Primera Division,2007,2007/2008
Levante UD,Vladan Kujovic,28,Goalkeeper,Roda JC,free transfer,in,Summer,NA,Primera Division,2007,2007/2008
Levante UD,Emilio Viqueira,32,Central Midfield,Recr. Huelva,free transfer,in,Summer,NA,Primera Division,2007,2007/2008
Levante UD,Shota Arveladze,34,Centre-Forward,AZ Alkmaar,free transfer,in,Summer,NA,Primera Division,2007,2007/2008
Levante UD,Bruno Cirillo,30,Centre-Back,AEK Athens,free transfer,in,Summer,NA,Primera Division,2007,2007/2008
Levante UD,Miguel Ángel,28,Defensive Midfield,Real Betis,loan transfer,in,Summer,NA,Primera Division,2007,2007/2008
Levante UD,Marco Storari,30,Goalkeeper,AC Milan,loan transfer,in,Summer,NA,Primera Division,2007,2007/2008
Levante UD,Carmelo,23,Attacking Midfield,Hércules CF,"End of loanJun 30, 2007",in,Summer,0,Primera Division,2007,2007/2008
Levante UD,Juanma,26,Right Winger,Recr. Huelva,"End of loanJun 30, 2007",in,Summer,0,Primera Division,2007,2007/2008
Levante UD,Juan Carlos Ceballos,24,Right-Back,Ciudad Murcia,"End of loanJun 30, 2007",in,Summer,0,Primera Division,2007,2007/2008
Levante UD,Javi Rodríguez,29,Centre-Forward,Racing Ferrol,free transfer,out,Summer,NA,Primera Division,2007,2007/2008
Levante UD,Alexis,33,Centre-Back,Real Valladolid,free transfer,out,Summer,NA,Primera Division,2007,2007/2008
Levante UD,Gustavo Reggi,34,Centre-Forward,CD Castellón,free transfer,out,Summer,NA,Primera Division,2007,2007/2008
Levante UD,Ian Harte,29,Left-Back,Sunderland,free transfer,out,Summer,NA,Primera Division,2007,2007/2008
Levante UD,Albert Meyong,26,Centre-Forward,Albacete,loan transfer,out,Summer,NA,Primera Division,2007,2007/2008
Levante UD,Carmelo,24,Attacking Midfield,CD Numancia,loan transfer,out,Summer,NA,Primera Division,2007,2007/2008
Levante UD,Diego Camacho,30,Defensive Midfield,Real Valladolid,loan transfer,out,Summer,NA,Primera Division,2007,2007/2008
Levante UD,Sylvain N'Diaye,31,Defensive Midfield,CD Tenerife,loan transfer,out,Summer,NA,Primera Division,2007,2007/2008
Levante UD,Nino,27,Centre-Forward,CD Tenerife,loan transfer,out,Summer,NA,Primera Division,2007,2007/2008
Levante UD,Juan Carlos Ceballos,24,Right-Back,Racing Ferrol,loan transfer,out,Summer,NA,Primera Division,2007,2007/2008
Levante UD,Frédéric Déhu,34,Centre-Back,Retired,-,out,Summer,0,Primera Division,2007,2007/2008
Levante UD,Zé Maria,33,Right-Back,Without Club,-,out,Summer,0,Primera Division,2007,2007/2008
Levante UD,José Francisco Molina,36,Goalkeeper,Retired,-,out,Summer,0,Primera Division,2007,2007/2008
Levante UD,Salva Ballesta,32,Centre-Forward,Málaga CF,"End of loanJun 30, 2007",out,Summer,0,Primera Division,2007,2007/2008
Levante UD,Olivier Kapo,26,Attacking Midfield,Juventus,"End of loanJun 30, 2007",out,Summer,0,Primera Division,2007,2007/2008
UD Almería,Álvaro Negredo,21,Centre-Forward,RM Castilla,£2.70m,in,Summer,2.7,Primera Division,2007,2007/2008
UD Almería,Diego Alves,22,Goalkeeper,Atlético-MG,£2.25m,in,Summer,2.25,Primera Division,2007,2007/2008
UD Almería,Felipe Melo,24,Defensive Midfield,Racing,£1.62m,in,Summer,1.62,Primera Division,2007,2007/2008
UD Almería,Julio dos Santos,24,Central Midfield,FC Bayern,Loan fee:£855Th.,in,Summer,0.855,Primera Division,2007,2007/2008
UD Almería,Natalio,22,Centre-Forward,CD Castellón,£450Th.,in,Summer,0.45,Primera Division,2007,2007/2008
UD Almería,Juanito,27,Defensive Midfield,Real Sociedad,free transfer,in,Summer,NA,Primera Division,2007,2007/2008
UD Almería,Iriney,26,Central Midfield,Celta de Vigo,free transfer,in,Summer,NA,Primera Division,2007,2007/2008
UD Almería,Juanma Ortiz,25,Right-Back,Poli Ejido,free transfer,in,Summer,NA,Primera Division,2007,2007/2008
UD Almería,Rubén Pulido,28,Centre-Back,Getafe,free transfer,in,Summer,NA,Primera Division,2007,2007/2008
UD Almería,Aitor López Rekarte,31,Right-Back,Real Sociedad,free transfer,in,Summer,NA,Primera Division,2007,2007/2008
UD Almería,David Cobeño,25,Goalkeeper,Sevilla FC,loan transfer,in,Summer,NA,Primera Division,2007,2007/2008
UD Almería,Mathías Vidangossy,20,Attacking Midfield,Villarreal,loan transfer,in,Summer,NA,Primera Division,2007,2007/2008
UD Almería,Alberto,30,midfield,Atlético Ceuta,free transfer,out,Summer,NA,Primera Division,2007,2007/2008
UD Almería,Míchel,29,Centre-Forward,Xerez CD,free transfer,out,Summer,NA,Primera Division,2007,2007/2008
UD Almería,David Bermudo,28,Centre-Back,Pontevedra,free transfer,out,Summer,NA,Primera Division,2007,2007/2008
UD Almería,Ricardo Molina,23,Goalkeeper,Alicante CF,free transfer,out,Summer,NA,Primera Division,2007,2007/2008
UD Almería,Pedro Mairata,28,Centre-Back,Gimnàstic,free transfer,out,Summer,NA,Primera Division,2007,2007/2008
UD Almería,Sander Westerveld,32,Goalkeeper,Sparta R.,free transfer,out,Summer,NA,Primera Division,2007,2007/2008
UD Almería,Joaquín Valerio,34,Goalkeeper,Elche CF,free transfer,out,Summer,NA,Primera Division,2007,2007/2008
UD Almería,Laurent de Palmas,29,Defensive Midfield,Elche CF,free transfer,out,Summer,NA,Primera Division,2007,2007/2008
UD Almería,Mario Bermejo,28,Second Striker,Poli Ejido,loan transfer,out,Summer,NA,Primera Division,2007,2007/2008
UD Almería,Francisco Rodríguez,29,Centre-Forward,Granada 74 CF,loan transfer,out,Summer,NA,Primera Division,2007,2007/2008
UD Almería,José María Mena,28,Centre-Forward,Alavés,?,out,Summer,NA,Primera Division,2007,2007/2008
UD Almería,Rodri,22,Centre-Back,Dep. La Coruña,"End of loanJun 30, 2007",out,Summer,0,Primera Division,2007,2007/2008
UD Almería,Gorka Larrea,23,Central Midfield,Real Sociedad,"End of loanJun 30, 2007",out,Summer,0,Primera Division,2007,2007/2008
Recreativo Huelva,Florent Sinama-Pongolle,22,Second Striker,Liverpool,£3.60m,in,Summer,3.6,Primera Division,2007,2007/2008
Recreativo Huelva,Carlos Martins,25,Attacking Midfield,Sporting CP,£1.98m,in,Summer,1.98,Primera Division,2007,2007/2008
Recreativo Huelva,Ersen Martin,28,Centre-Forward,Trabzonspor,£990Th.,in,Summer,0.99,Primera Division,2007,2007/2008
Recreativo Huelva,Beto,31,Centre-Back,G. Bordeaux,£675Th.,in,Summer,0.675,Primera Division,2007,2007/2008
Recreativo Huelva,Stefano Sorrentino,28,Goalkeeper,AEK Athens,Loan fee:£306Th.,in,Summer,0.306,Primera Division,2007,2007/2008
Recreativo Huelva,Martín Cáceres,20,Centre-Back,Villarreal,Loan fee:£135Th.,in,Summer,0.135,Primera Division,2007,2007/2008
Recreativo Huelva,Javi Guerrero,30,Centre-Forward,Celta de Vigo,free transfer,in,Summer,NA,Primera Division,2007,2007/2008
Recreativo Huelva,José Ignacio Zahinos,29,Defensive Midfield,Atlético Madrid,free transfer,in,Summer,NA,Primera Division,2007,2007/2008
Recreativo Huelva,Javier Camuñas,26,Right Winger,Xerez CD,free transfer,in,Summer,NA,Primera Division,2007,2007/2008
Recreativo Huelva,Quique Álvarez,31,Centre-Back,Villarreal,free transfer,in,Summer,NA,Primera Division,2007,2007/2008
Recreativo Huelva,Gerard López,28,Central Midfield,Monaco,free transfer,in,Summer,NA,Primera Division,2007,2007/2008
Recreativo Huelva,Edwin Congo,30,Centre-Forward,Sporting Gijón,free transfer,in,Summer,NA,Primera Division,2007,2007/2008
Recreativo Huelva,Mariano Barbosa,23,Goalkeeper,Villarreal,free transfer,in,Summer,NA,Primera Division,2007,2007/2008
Recreativo Huelva,José Calvo,26,Right-Back,Boca Juniors,loan transfer,in,Summer,NA,Primera Division,2007,2007/2008
Recreativo Huelva,Marquitos,20,Attacking Midfield,Villarreal,loan transfer,in,Summer,NA,Primera Division,2007,2007/2008
Recreativo Huelva,Silvestre Varela,22,Left Winger,Sporting CP,loan transfer,in,Summer,NA,Primera Division,2007,2007/2008
Recreativo Huelva,Pablo Oliveira,21,Right-Back,Recr. Huelva B,-,in,Summer,0,Primera Division,2007,2007/2008
Recreativo Huelva,Jose Antonio Luque Ramirez,33,Goalkeeper,Écija Balompié,"End of loanJun 30, 2007",in,Summer,0,Primera Division,2007,2007/2008
Recreativo Huelva,Xavi Jiménez,28,Central Midfield,Ciudad Murcia,"End of loanJun 30, 2007",in,Summer,0,Primera Division,2007,2007/2008
Recreativo Huelva,Joselito,22,Attacking Midfield,Real Jaén CF,"End of loanJun 30, 2007",in,Summer,0,Primera Division,2007,2007/2008
Recreativo Huelva,Santi Cazorla,22,Central Midfield,Villarreal,£1.08m,out,Summer,1.08,Primera Division,2007,2007/2008
Recreativo Huelva,Xavi Jiménez,28,Central Midfield,Albacete,free transfer,out,Summer,NA,Primera Division,2007,2007/2008
Recreativo Huelva,Emilio Viqueira,32,Central Midfield,Levante,free transfer,out,Summer,NA,Primera Division,2007,2007/2008
Recreativo Huelva,Ikechukwu Uche,23,Centre-Forward,Getafe,free transfer,out,Summer,NA,Primera Division,2007,2007/2008
Recreativo Huelva,Cheli González,28,Right Winger,Málaga CF,free transfer,out,Summer,NA,Primera Division,2007,2007/2008
Recreativo Huelva,Mario Abrante,25,Centre-Back,Getafe,free transfer,out,Summer,NA,Primera Division,2007,2007/2008
Recreativo Huelva,Joselito,22,Attacking Midfield,CyD Leonesa,loan transfer,out,Summer,NA,Primera Division,2007,2007/2008
Recreativo Huelva,Juan Merino,36,Centre-Back,Retired,-,out,Summer,0,Primera Division,2007,2007/2008
Recreativo Huelva,Florent Sinama-Pongolle,22,Second Striker,Liverpool,"End of loanJun 30, 2007",out,Summer,0,Primera Division,2007,2007/2008
Recreativo Huelva,Pablo Amo,29,Centre-Back,Dep. La Coruña,"End of loanJun 30, 2007",out,Summer,0,Primera Division,2007,2007/2008
Recreativo Huelva,Javier López Vallejo,31,Goalkeeper,Villarreal,"End of loanJun 30, 2007",out,Summer,0,Primera Division,2007,2007/2008
Recreativo Huelva,Juanma,26,Right Winger,Levante,"End of loanJun 30, 2007",out,Summer,0,Primera Division,2007,2007/2008
Recreativo Huelva,César Arzo,21,Centre-Back,Villarreal,"End of loanJun 30, 2007",out,Summer,0,Primera Division,2007,2007/2008
Recreativo Huelva,Bertrand Laquait,30,Goalkeeper,RSC Charleroi,"End of loanJun 30, 2007",out,Summer,0,Primera Division,2007,2007/2008
Recreativo Huelva,Javi Guerrero,30,Centre-Forward,Celta de Vigo,"End of loanJun 30, 2007",out,Summer,0,Primera Division,2007,2007/2008
Recreativo Huelva,Beto,31,Centre-Back,G. Bordeaux,"End of loanJun 30, 2007",out,Summer,0,Primera Division,2007,2007/2008
Villarreal CF,Giuseppe Rossi,20,Centre-Forward,Man Utd,£9.00m,in,Summer,9,Primera Division,2007,2007/2008
Villarreal CF,Rio Mavuba,23,Defensive Midfield,G. Bordeaux,£7.20m,in,Summer,7.2,Primera Division,2007,2007/2008
Villarreal CF,Diego López,25,Goalkeeper,Real Madrid,£6.30m,in,Summer,6.3,Primera Division,2007,2007/2008
Villarreal CF,Ángel López,26,Right-Back,Celta de Vigo,£5.40m,in,Summer,5.4,Primera Division,2007,2007/2008
Villarreal CF,Santi Cazorla,22,Central Midfield,Recr. Huelva,£1.08m,in,Summer,1.08,Primera Division,2007,2007/2008
Villarreal CF,Martín Cáceres,20,Centre-Back,Defensor,£810Th.,in,Summer,0.81,Primera Division,2007,2007/2008
Villarreal CF,Mathías Vidangossy,20,Attacking Midfield,Española,£720Th.,in,Summer,0.72,Primera Division,2007,2007/2008
Villarreal CF,Diego Godín,21,Centre-Back,Nacional,£720Th.,in,Summer,0.72,Primera Division,2007,2007/2008
Villarreal CF,Jon Dahl Tomasson,30,Centre-Forward,VfB Stuttgart,£450Th.,in,Summer,0.45,Primera Division,2007,2007/2008
Villarreal CF,Leonardo Sigali,20,Centre-Back,Lanús,free transfer,in,Summer,NA,Primera Division,2007,2007/2008
Villarreal CF,Joan Capdevila,29,Left-Back,Dep. La Coruña,free transfer,in,Summer,NA,Primera Division,2007,2007/2008
Villarreal CF,Javier López Vallejo,31,Goalkeeper,Recr. Huelva,"End of loanJun 30, 2007",in,Summer,0,Primera Division,2007,2007/2008
Villarreal CF,César Arzo,21,Centre-Back,Recr. Huelva,"End of loanJun 30, 2007",in,Summer,0,Primera Division,2007,2007/2008
Villarreal CF,Juan Román Riquelme,29,Attacking Midfield,Boca Juniors,"End of loanJun 30, 2007",in,Summer,0,Primera Division,2007,2007/2008
Villarreal CF,Carlos Alcántara,22,Left-Back,Real Jaén CF,"End of loanJun 30, 2007",in,Summer,0,Primera Division,2007,2007/2008
Villarreal CF,Diego Forlán,28,Centre-Forward,Atlético Madrid,£18.90m,out,Summer,18.9,Primera Division,2007,2007/2008
Villarreal CF,José Enrique,21,Left-Back,Newcastle,£7.83m,out,Summer,7.83,Primera Division,2007,2007/2008
Villarreal CF,Martín Cáceres,20,Centre-Back,Recr. Huelva,Loan fee:£135Th.,out,Summer,0.135,Primera Division,2007,2007/2008
Villarreal CF,Jonathan Pereira,20,Centre-Forward,Racing Ferrol,Loan fee:£90Th.,out,Summer,0.09,Primera Division,2007,2007/2008
Villarreal CF,Carlos Alcántara,22,Left-Back,FC Cartagena,free transfer,out,Summer,NA,Primera Division,2007,2007/2008
Villarreal CF,Mariano Barbosa,23,Goalkeeper,Recr. Huelva,free transfer,out,Summer,NA,Primera Division,2007,2007/2008
Villarreal CF,Javier López Vallejo,31,Goalkeeper,Real Zaragoza,free transfer,out,Summer,NA,Primera Division,2007,2007/2008
Villarreal CF,Juan Manuel Peña,34,Centre-Back,Celta de Vigo,free transfer,out,Summer,NA,Primera Division,2007,2007/2008
Villarreal CF,José Mari,28,Centre-Forward,Real Betis,free transfer,out,Summer,NA,Primera Division,2007,2007/2008
Villarreal CF,Quique Álvarez,31,Centre-Back,Recr. Huelva,free transfer,out,Summer,NA,Primera Division,2007,2007/2008
Villarreal CF,Rodolfo Arruabarrena,31,Left-Back,AEK Athens,free transfer,out,Summer,NA,Primera Division,2007,2007/2008
Villarreal CF,Marquitos,20,Attacking Midfield,Recr. Huelva,loan transfer,out,Summer,NA,Primera Division,2007,2007/2008
Villarreal CF,Leonardo Sigali,20,Centre-Back,Lanús,loan transfer,out,Summer,NA,Primera Division,2007,2007/2008
Villarreal CF,Leandro Somoza,26,Defensive Midfield,Real Betis,loan transfer,out,Summer,NA,Primera Division,2007,2007/2008
Villarreal CF,Mathías Vidangossy,20,Attacking Midfield,UD Almería,loan transfer,out,Summer,NA,Primera Division,2007,2007/2008
Villarreal CF,César Arzo,21,Centre-Back,Real Murcia,loan transfer,out,Summer,NA,Primera Division,2007,2007/2008
Villarreal CF,Alessio Tacchinardi,31,Defensive Midfield,Juventus,"End of loanJun 30, 2007",out,Summer,0,Primera Division,2007,2007/2008
Villarreal CF,Jon Dahl Tomasson,30,Centre-Forward,VfB Stuttgart,"End of loanJun 30, 2007",out,Summer,0,Primera Division,2007,2007/2008
Valencia CF,Manuel Fernandes,21,Attacking Midfield,Benfica,£16.20m,in,Summer,16.2,Primera Division,2007,2007/2008
Valencia CF,Nikola Zigic,26,Centre-Forward,Racing,£12.60m,in,Summer,12.6,Primera Division,2007,2007/2008
Valencia CF,Javier Arizmendi,23,Centre-Forward,Dep. La Coruña,£10.80m,in,Summer,10.8,Primera Division,2007,2007/2008
Valencia CF,Alexis Ruano,21,Centre-Back,Getafe,£5.40m,in,Summer,5.4,Primera Division,2007,2007/2008
Valencia CF,Sunny,18,Defensive Midfield,Poli Ejido,£1.62m,in,Summer,1.62,Primera Division,2007,2007/2008
Valencia CF,Filip Krstic,18,Centre-Back,Hertha BSC U19,£315Th.,in,Summer,0.315,Primera Division,2007,2007/2008
Valencia CF,Juan Mata,19,Attacking Midfield,RM Castilla,free transfer,in,Summer,NA,Primera Division,2007,2007/2008
Valencia CF,Timo Hildebrand,28,Goalkeeper,VfB Stuttgart,free transfer,in,Summer,NA,Primera Division,2007,2007/2008
Valencia CF,Iván Helguera,32,Centre-Back,Real Madrid,free transfer,in,Summer,NA,Primera Division,2007,2007/2008
Valencia CF,Manu Micó,20,Left-Back,Benidorm,?,in,Summer,NA,Primera Division,2007,2007/2008
Valencia CF,Ángel Montoro,19,Central Midfield,Valencia B,-,in,Summer,0,Primera Division,2007,2007/2008
Valencia CF,Marco Caneira,28,Centre-Back,Sporting CP,"End of loanJun 30, 2007",in,Summer,0,Primera Division,2007,2007/2008
Valencia CF,Pablo Hernández,22,Attacking Midfield,Cádiz CF,"End of loanJun 30, 2007",in,Summer,0,Primera Division,2007,2007/2008
Valencia CF,Stefano Fiore,32,Attacking Midfield,AS Livorno,"End of loanJun 30, 2007",in,Summer,0,Primera Division,2007,2007/2008
Valencia CF,Francesco Tavano,28,Centre-Forward,AS Roma,"End of loanJun 30, 2007",in,Summer,0,Primera Division,2007,2007/2008
Valencia CF,Manuel Ruz,21,Right-Back,Gimnàstic,"End of loanJun 30, 2007",in,Summer,0,Primera Division,2007,2007/2008
Valencia CF,Fabián Estoyanoff,24,Right Midfield,Dep. La Coruña,"End of loanJun 30, 2007",in,Summer,0,Primera Division,2007,2007/2008
Valencia CF,Francesco Tavano,28,Centre-Forward,AS Livorno,£5.40m,out,Summer,5.4,Primera Division,2007,2007/2008
Valencia CF,Fabián Estoyanoff,24,Right Midfield,Real Valladolid,Loan fee:£450Th.,out,Summer,0.45,Primera Division,2007,2007/2008
Valencia CF,Stefano Fiore,32,Attacking Midfield,Mantova,free transfer,out,Summer,NA,Primera Division,2007,2007/2008
Valencia CF,Miguel Pallardó,20,Central Midfield,Getafe,free transfer,out,Summer,NA,Primera Division,2007,2007/2008
Valencia CF,Roberto Ayala,34,Centre-Back,Real Zaragoza,free transfer,out,Summer,NA,Primera Division,2007,2007/2008
Valencia CF,Pablo Hernández,22,Attacking Midfield,Getafe,free transfer,out,Summer,NA,Primera Division,2007,2007/2008
Valencia CF,Jorge López,28,Right Winger,Racing,free transfer,out,Summer,NA,Primera Division,2007,2007/2008
Valencia CF,João Moreira,21,Centre-Forward,Nacional,loan transfer,out,Summer,NA,Primera Division,2007,2007/2008
Valencia CF,Asier del Horno,26,Left-Back,Athletic,loan transfer,out,Summer,NA,Primera Division,2007,2007/2008
Valencia CF,Hugo Viana,24,Central Midfield,CA Osasuna,loan transfer,out,Summer,NA,Primera Division,2007,2007/2008
Valencia CF,Ludovic Butelle,24,Goalkeeper,Real Valladolid,loan transfer,out,Summer,NA,Primera Division,2007,2007/2008
Valencia CF,Mario Regueiro,28,Left Winger,Real Murcia,loan transfer,out,Summer,NA,Primera Division,2007,2007/2008
Valencia CF,David Navarro,27,Centre-Back,RCD Mallorca,loan transfer,out,Summer,NA,Primera Division,2007,2007/2008
Valencia CF,Curro Torres,30,Right-Back,Real Murcia,loan transfer,out,Summer,NA,Primera Division,2007,2007/2008
Valencia CF,Natxo Insa,21,Central Midfield,SD Eibar,?,out,Summer,NA,Primera Division,2007,2007/2008
Valencia CF,Manuel Ruz,21,Right-Back,Granada 74 CF,loan transfer,out,Summer,NA,Primera Division,2007,2007/2008
Valencia CF,David Cerra,23,Right-Back,Poli Ejido,loan transfer,out,Summer,NA,Primera Division,2007,2007/2008
Deportivo de La Coruña,Andrés Guardado,20,Central Midfield,Atlas,£6.30m,in,Summer,6.3,Primera Division,2007,2007/2008
Deportivo de La Coruña,Aythami Artiles,21,Centre-Back,UD Las Palmas,£855Th.,in,Summer,0.855,Primera Division,2007,2007/2008
Deportivo de La Coruña,Manu Fernández,21,Goalkeeper,Sporting Gijón,free transfer,in,Summer,NA,Primera Division,2007,2007/2008
Deportivo de La Coruña,Ángel Lafita,22,Left Winger,Real Zaragoza,loan transfer,in,Summer,NA,Primera Division,2007,2007/2008
Deportivo de La Coruña,Adrián López,20,Centre-Back,Deportivo B,-,in,Summer,0,Primera Division,2007,2007/2008
Deportivo de La Coruña,Rodri,22,Centre-Back,UD Almería,"End of loanJun 30, 2007",in,Summer,0,Primera Division,2007,2007/2008
Deportivo de La Coruña,Xisco,21,Centre-Forward,UD Vecindario,"End of loanJun 30, 2007",in,Summer,0,Primera Division,2007,2007/2008
Deportivo de La Coruña,Antonio Tomás,22,Central Midfield,Racing,"End of loanJun 30, 2007",in,Summer,0,Primera Division,2007,2007/2008
Deportivo de La Coruña,Momo,24,Left Winger,Racing,"End of loanJun 30, 2007",in,Summer,0,Primera Division,2007,2007/2008
Deportivo de La Coruña,Pablo Amo,29,Centre-Back,Recr. Huelva,"End of loanJun 30, 2007",in,Summer,0,Primera Division,2007,2007/2008
Deportivo de La Coruña,Ángel Guirado,22,Centre-Forward,CD Lugo,"End of loanJun 30, 2007",in,Summer,0,Primera Division,2007,2007/2008
Deportivo de La Coruña,Rubén Castro,26,Centre-Forward,Gimnàstic,"End of loanJun 30, 2007",in,Summer,0,Primera Division,2007,2007/2008
Deportivo de La Coruña,Javier Arizmendi,23,Centre-Forward,Valencia,£10.80m,out,Summer,10.8,Primera Division,2007,2007/2008
Deportivo de La Coruña,Jorge Andrade,29,Centre-Back,Juventus,£9.00m,out,Summer,9,Primera Division,2007,2007/2008
Deportivo de La Coruña,Ángel Guirado,22,Centre-Forward,Levante B,free transfer,out,Summer,NA,Primera Division,2007,2007/2008
Deportivo de La Coruña,Juanma Delgado,30,Centre-Back,CD Tenerife,free transfer,out,Summer,NA,Primera Division,2007,2007/2008
Deportivo de La Coruña,Aldo Duscher,28,Defensive Midfield,Racing,free transfer,out,Summer,NA,Primera Division,2007,2007/2008
Deportivo de La Coruña,Joan Capdevila,29,Left-Back,Villarreal,free transfer,out,Summer,NA,Primera Division,2007,2007/2008
Deportivo de La Coruña,Momo,24,Left Winger,Xerez CD,loan transfer,out,Summer,NA,Primera Division,2007,2007/2008
Deportivo de La Coruña,Iago Iglesias,23,Attacking Midfield,Elche CF,loan transfer,out,Summer,NA,Primera Division,2007,2007/2008
Deportivo de La Coruña,Rodri,22,Centre-Back,Poli Ejido,loan transfer,out,Summer,NA,Primera Division,2007,2007/2008
Deportivo de La Coruña,Pablo Álvarez,27,Right Winger,Racing,loan transfer,out,Summer,NA,Primera Division,2007,2007/2008
Deportivo de La Coruña,Fabián Estoyanoff,24,Right Midfield,Valencia,"End of loanJun 30, 2007",out,Summer,0,Primera Division,2007,2007/2008
RCD Espanyol Barcelona,Milan Smiljanic,20,Defensive Midfield,Partizan,£2.70m,in,Summer,2.7,Primera Division,2007,2007/2008
RCD Espanyol Barcelona,Valdo,26,Right Winger,CA Osasuna,£1.35m,in,Summer,1.35,Primera Division,2007,2007/2008
RCD Espanyol Barcelona,Clemente Rodríguez,25,Left-Back,Spartak Moscow,Loan fee:£540Th.,in,Summer,0.54,Primera Division,2007,2007/2008
RCD Espanyol Barcelona,Iñaki Lafuente,31,Goalkeeper,Athletic,loan transfer,in,Summer,NA,Primera Division,2007,2007/2008
RCD Espanyol Barcelona,Albert Serrán,22,Centre-Back,RCD Espanyol B,-,in,Summer,0,Primera Division,2007,2007/2008
RCD Espanyol Barcelona,Ángel Martínez,21,Central Midfield,RCD Espanyol B,-,in,Summer,0,Primera Division,2007,2007/2008
RCD Espanyol Barcelona,Armando Sá,31,Right-Back,Leeds,"End of loanJun 30, 2007",in,Summer,0,Primera Division,2007,2007/2008
RCD Espanyol Barcelona,Frédson,26,Defensive Midfield,São Paulo,"End of loanAug 1, 2007",in,Summer,0,Primera Division,2007,2007/2008
RCD Espanyol Barcelona,Sergio Sánchez,21,Centre-Back,RM Castilla,"End of loanJun 1, 2007",in,Summer,0,Primera Division,2007,2007/2008
RCD Espanyol Barcelona,Jonathan Soriano,21,Centre-Forward,Poli Ejido,"End of loanJun 30, 2007",in,Summer,0,Primera Division,2007,2007/2008
RCD Espanyol Barcelona,Gorka Iraizoz,26,Goalkeeper,Athletic,£3.60m,out,Summer,3.6,Primera Division,2007,2007/2008
RCD Espanyol Barcelona,Wálter Pandiani,31,Centre-Forward,CA Osasuna,£1.67m,out,Summer,1.67,Primera Division,2007,2007/2008
RCD Espanyol Barcelona,Ito,32,Central Midfield,Córdoba CF,free transfer,out,Summer,NA,Primera Division,2007,2007/2008
RCD Espanyol Barcelona,Biel Ribas,21,Goalkeeper,Lorca Dep.,free transfer,out,Summer,NA,Primera Division,2007,2007/2008
RCD Espanyol Barcelona,Armando Sá,31,Right-Back,Foolad,free transfer,out,Summer,NA,Primera Division,2007,2007/2008
RCD Espanyol Barcelona,Sergio Sánchez,21,Centre-Back,Racing,loan transfer,out,Summer,NA,Primera Division,2007,2007/2008
RCD Espanyol Barcelona,Eduardo Costa,24,Defensive Midfield,Grêmio,loan transfer,out,Summer,NA,Primera Division,2007,2007/2008
RCD Espanyol Barcelona,Julián López,20,Attacking Midfield,Sevilla Atl.,loan transfer,out,Summer,NA,Primera Division,2007,2007/2008
RCD Espanyol Barcelona,Armen Azarian,20,Attacking Midfield,Without Club,-,out,Summer,0,Primera Division,2007,2007/2008
RCD Espanyol Barcelona,Juan Velasco,30,Right-Back,Without Club,-,out,Summer,0,Primera Division,2007,2007/2008
RCD Espanyol Barcelona,César Peixoto,27,Left Midfield,FC Porto,"End of loanJun 30, 2007",out,Summer,0,Primera Division,2007,2007/2008
Racing Santander,Mémé Tchité,23,Centre-Forward,RSC Anderlecht,£6.75m,in,Summer,6.75,Primera Division,2007,2007/2008
Racing Santander,Ebi Smolarek,26,Centre-Forward,Bor. Dortmund,£4.05m,in,Summer,4.05,Primera Division,2007,2007/2008
Racing Santander,Fabio Coltorti,26,Goalkeeper,Grasshoppers,£792Th.,in,Summer,0.792,Primera Division,2007,2007/2008
Racing Santander,César Navas,27,Centre-Back,Málaga CF,£270Th.,in,Summer,0.27,Primera Division,2007,2007/2008
Racing Santander,Daniel Szetela,20,Central Midfield,Columbus Crew,free transfer,in,Summer,NA,Primera Division,2007,2007/2008
Racing Santander,Brian Sarmiento,17,Attacking Midfield,Estudiantes U20,free transfer,in,Summer,NA,Primera Division,2007,2007/2008
Racing Santander,Aldo Duscher,28,Defensive Midfield,Dep. La Coruña,free transfer,in,Summer,NA,Primera Division,2007,2007/2008
Racing Santander,Jorge López,28,Right Winger,Valencia,free transfer,in,Summer,NA,Primera Division,2007,2007/2008
Racing Santander,Jordi López,26,Central Midfield,RCD Mallorca,loan transfer,in,Summer,NA,Primera Division,2007,2007/2008
Racing Santander,Pablo Álvarez,27,Right Winger,Dep. La Coruña,loan transfer,in,Summer,NA,Primera Division,2007,2007/2008
Racing Santander,Sergio Sánchez,21,Centre-Back,Espanyol,loan transfer,in,Summer,NA,Primera Division,2007,2007/2008
Racing Santander,Iván Bolado,17,Centre-Forward,Racing B,-,in,Summer,0,Primera Division,2007,2007/2008
Racing Santander,Iván Marcano,20,Centre-Back,Racing B,-,in,Summer,0,Primera Division,2007,2007/2008
Racing Santander,Bolaño,21,Centre-Back,Racing B,-,in,Summer,0,Primera Division,2007,2007/2008
Racing Santander,Cristian Portilla,18,Central Midfield,Racing B,-,in,Summer,0,Primera Division,2007,2007/2008
Racing Santander,Ayoze Díaz,25,Left-Back,Ciudad Murcia,"End of loanJun 30, 2007",in,Summer,0,Primera Division,2007,2007/2008
Racing Santander,Samuel San José,23,Centre-Back,CF Gavà,"End of loanJun 30, 2007",in,Summer,0,Primera Division,2007,2007/2008
Racing Santander,Jonathan Valle,22,Attacking Midfield,Málaga CF,"End of loanJun 30, 2007",in,Summer,0,Primera Division,2007,2007/2008
Racing Santander,Nikola Zigic,26,Centre-Forward,Valencia,£12.60m,out,Summer,12.6,Primera Division,2007,2007/2008
Racing Santander,Felipe Melo,24,Defensive Midfield,UD Almería,£1.62m,out,Summer,1.62,Primera Division,2007,2007/2008
Racing Santander,Rubén González,25,Centre-Back,Celta de Vigo,£900Th.,out,Summer,0.9,Primera Division,2007,2007/2008
Racing Santander,David Aganzo,26,Centre-Forward,Alavés,£86Th.,out,Summer,0.086,Primera Division,2007,2007/2008
Racing Santander,Sergio Matabuena,28,Defensive Midfield,Sporting Gijón,free transfer,out,Summer,NA,Primera Division,2007,2007/2008
Racing Santander,Cristian Álvarez,29,Right-Back,Córdoba CF,free transfer,out,Summer,NA,Primera Division,2007,2007/2008
Racing Santander,Lionel Scaloni,29,Right-Back,Lazio,free transfer,out,Summer,NA,Primera Division,2007,2007/2008
Racing Santander,Juanjo Expósito,21,Centre-Forward,Sevilla Atl.,loan transfer,out,Summer,NA,Primera Division,2007,2007/2008
Racing Santander,Vitolo,23,Central Midfield,Celta de Vigo,loan transfer,out,Summer,NA,Primera Division,2007,2007/2008
Racing Santander,Ho-jin Lee,24,Centre-Back,Without Club,-,out,Summer,0,Primera Division,2007,2007/2008
Racing Santander,Raúl Martín,24,Right Midfield,Racing B,-,out,Summer,0,Primera Division,2007,2007/2008
Racing Santander,Pablo Alfaro,38,Centre-Back,Retired,-,out,Summer,0,Primera Division,2007,2007/2008
Racing Santander,Javier Balboa,22,Right Winger,Real Madrid,"End of loanJun 30, 2007",out,Summer,0,Primera Division,2007,2007/2008
Racing Santander,Antonio Tomás,22,Central Midfield,Dep. La Coruña,"End of loanJun 30, 2007",out,Summer,0,Primera Division,2007,2007/2008
Racing Santander,Momo,24,Left Winger,Dep. La Coruña,"End of loanJun 30, 2007",out,Summer,0,Primera Division,2007,2007/2008
Atlético de Madrid,Diego Forlán,28,Centre-Forward,Villarreal,£18.90m,in,Summer,18.9,Primera Division,2007,2007/2008
Atlético de Madrid,Simão,27,Left Winger,Benfica,£18.00m,in,Summer,18,Primera Division,2007,2007/2008
Atlético de Madrid,Raúl García,20,Centre-Forward,CA Osasuna,£11.70m,in,Summer,11.7,Primera Division,2007,2007/2008
Atlético de Madrid,José Antonio Reyes,23,Right Winger,Arsenal,£10.80m,in,Summer,10.8,Primera Division,2007,2007/2008
Atlético de Madrid,Cléber Santana,26,Central Midfield,Santos FC,£7.20m,in,Summer,7.2,Primera Division,2007,2007/2008
Atlético de Madrid,Luis García,29,Right Winger,Liverpool,£3.60m,in,Summer,3.6,Primera Division,2007,2007/2008
Atlético de Madrid,Thiago Motta,24,Defensive Midfield,Barcelona,£1.80m,in,Summer,1.8,Primera Division,2007,2007/2008
Atlético de Madrid,Christian Abbiati,29,Goalkeeper,AC Milan,Loan fee:£450Th.,in,Summer,0.45,Primera Division,2007,2007/2008
Atlético de Madrid,Joshua Zapata,19,Central Midfield,Atl. Madrid B,-,in,Summer,0,Primera Division,2007,2007/2008
Atlético de Madrid,Mario Suárez,20,Defensive Midfield,Real Valladolid,"End of loanJun 30, 2007",in,Summer,0,Primera Division,2007,2007/2008
Atlético de Madrid,Javier Pinola,24,Centre-Back,1.FC Nuremberg,"End of loanJun 30, 2007",in,Summer,0,Primera Division,2007,2007/2008
Atlético de Madrid,Braulio Nóbrega,21,Centre-Forward,UD Salamanca,"End of loanJun 30, 2007",in,Summer,0,Primera Division,2007,2007/2008
Atlético de Madrid,José Ignacio Zahinos,29,Defensive Midfield,Albacete,"End of loanJun 30, 2007",in,Summer,0,Primera Division,2007,2007/2008
Atlético de Madrid,Ismael Falcón,23,Goalkeeper,Hércules CF,"End of loanJun 30, 2007",in,Summer,0,Primera Division,2007,2007/2008
Atlético de Madrid,Toché,24,Centre-Forward,Real Valladolid,"End of loanJun 30, 2007",in,Summer,0,Primera Division,2007,2007/2008
Atlético de Madrid,Diego Costa,18,Centre-Forward,SC Braga,"End of loanJun 30, 2007",in,Summer,0,Primera Division,2007,2007/2008
Atlético de Madrid,Fernando Torres,23,Centre-Forward,Liverpool,£34.20m,out,Summer,34.2,Primera Division,2007,2007/2008
Atlético de Madrid,Martin Petrov,28,Left Winger,Man City,£6.30m,out,Summer,6.3,Primera Division,2007,2007/2008
Atlético de Madrid,Peter Luccin,28,Defensive Midfield,Real Zaragoza,£2.52m,out,Summer,2.52,Primera Division,2007,2007/2008
Atlético de Madrid,Luciano Galletti,27,Right Winger,Olympiacos,£1.89m,out,Summer,1.89,Primera Division,2007,2007/2008
Atlético de Madrid,Javier Pinola,24,Centre-Back,1.FC Nuremberg,£1.08m,out,Summer,1.08,Primera Division,2007,2007/2008
Atlético de Madrid,José Ignacio Zahinos,29,Defensive Midfield,Recr. Huelva,free transfer,out,Summer,NA,Primera Division,2007,2007/2008
Atlético de Madrid,Gabi,23,Central Midfield,Real Zaragoza,free transfer,out,Summer,NA,Primera Division,2007,2007/2008
Atlético de Madrid,Toché,24,Centre-Forward,CD Numancia,free transfer,out,Summer,NA,Primera Division,2007,2007/2008
Atlético de Madrid,Costinha,32,Defensive Midfield,Atalanta BC,free transfer,out,Summer,NA,Primera Division,2007,2007/2008
Atlético de Madrid,Braulio Nóbrega,21,Centre-Forward,Getafe,free transfer,out,Summer,NA,Primera Division,2007,2007/2008
Atlético de Madrid,Diego Costa,18,Centre-Forward,Celta de Vigo,loan transfer,out,Summer,NA,Primera Division,2007,2007/2008
Atlético de Madrid,Roberto,21,Goalkeeper,Gimnàstic,loan transfer,out,Summer,NA,Primera Division,2007,2007/2008
Atlético de Madrid,Víctor Bravo,23,Attacking Midfield,Uni. Las Palmas,?,out,Summer,NA,Primera Division,2007,2007/2008
Atlético de Madrid,Iván Cuéllar,23,Goalkeeper,SD Eibar,loan transfer,out,Summer,NA,Primera Division,2007,2007/2008
Atlético de Madrid,Mario Suárez,20,Defensive Midfield,Celta de Vigo,loan transfer,out,Summer,NA,Primera Division,2007,2007/2008
Real Madrid,Arjen Robben,23,Right Winger,Chelsea,£31.50m,in,Summer,31.5,Primera Division,2007,2007/2008
Real Madrid,Pepe,24,Centre-Back,FC Porto,£27.00m,in,Summer,27,Primera Division,2007,2007/2008
Real Madrid,Wesley Sneijder,23,Attacking Midfield,Ajax,£24.30m,in,Summer,24.3,Primera Division,2007,2007/2008
Real Madrid,Royston Drenthe,20,Left Midfield,Feyenoord,£12.60m,in,Summer,12.6,Primera Division,2007,2007/2008
Real Madrid,Gabriel Heinze,29,Centre-Back,Man Utd,£10.80m,in,Summer,10.8,Primera Division,2007,2007/2008
Real Madrid,Christoph Metzelder,26,Centre-Back,Bor. Dortmund,free transfer,in,Summer,NA,Primera Division,2007,2007/2008
Real Madrid,Javier Saviola,25,Second Striker,Barcelona,free transfer,in,Summer,NA,Primera Division,2007,2007/2008
Real Madrid,Jerzy Dudek,34,Goalkeeper,Liverpool,free transfer,in,Summer,NA,Primera Division,2007,2007/2008
Real Madrid,Esteban Granero,19,Central Midfield,RM Castilla,-,in,Summer,0,Primera Division,2007,2007/2008
Real Madrid,Miguel Torres,21,Right-Back,RM Castilla,-,in,Summer,0,Primera Division,2007,2007/2008
Real Madrid,Jordi Codina,25,Goalkeeper,RM Castilla,-,in,Summer,0,Primera Division,2007,2007/2008
Real Madrid,Adrián González,19,Central Midfield,RM Castilla,-,in,Summer,0,Primera Division,2007,2007/2008
Real Madrid,Roberto Soldado,22,Centre-Forward,CA Osasuna,"End of loanJun 30, 2007",in,Summer,0,Primera Division,2007,2007/2008
Real Madrid,Júlio Baptista,25,Attacking Midfield,Arsenal,"End of loanJun 30, 2007",in,Summer,0,Primera Division,2007,2007/2008
Real Madrid,Jonathan Woodgate,27,Centre-Back,Middlesbrough,"End of loanJun 30, 2007",in,Summer,0,Primera Division,2007,2007/2008
Real Madrid,Pablo García,30,Defensive Midfield,Celta de Vigo,"End of loanJun 30, 2007",in,Summer,0,Primera Division,2007,2007/2008
Real Madrid,Carlos Diogo,23,Right-Back,Real Zaragoza,"End of loanJun 30, 2007",in,Summer,0,Primera Division,2007,2007/2008
Real Madrid,Javier Balboa,22,Right Winger,Racing,"End of loanJun 30, 2007",in,Summer,0,Primera Division,2007,2007/2008
Real Madrid,Cicinho,27,Right-Back,AS Roma,£9.90m,out,Summer,9.9,Primera Division,2007,2007/2008
Real Madrid,Jonathan Woodgate,27,Centre-Back,Middlesbrough,£8.64m,out,Summer,8.64,Primera Division,2007,2007/2008
Real Madrid,Diego López,25,Goalkeeper,Villarreal,£6.30m,out,Summer,6.3,Primera Division,2007,2007/2008
Real Madrid,Émerson,31,Defensive Midfield,AC Milan,£4.50m,out,Summer,4.5,Primera Division,2007,2007/2008
Real Madrid,Carlos Diogo,23,Right-Back,Real Zaragoza,£4.05m,out,Summer,4.05,Primera Division,2007,2007/2008
Real Madrid,Rubén de la Red,22,Central Midfield,Getafe,£2.70m,out,Summer,2.7,Primera Division,2007,2007/2008
Real Madrid,Raúl Bravo,26,Centre-Back,Olympiacos,£2.07m,out,Summer,2.07,Primera Division,2007,2007/2008
Real Madrid,David Beckham,32,Right Midfield,Los Angeles,free transfer,out,Summer,NA,Primera Division,2007,2007/2008
Real Madrid,Roberto Carlos,34,Left-Back,Fenerbahce,free transfer,out,Summer,NA,Primera Division,2007,2007/2008
Real Madrid,Óscar Miñambres,26,Right-Back,Hércules CF,free transfer,out,Summer,NA,Primera Division,2007,2007/2008
Real Madrid,Álvaro Mejía,25,Centre-Back,Real Murcia,free transfer,out,Summer,NA,Primera Division,2007,2007/2008
Real Madrid,Francisco Pavón,27,Centre-Back,Real Zaragoza,free transfer,out,Summer,NA,Primera Division,2007,2007/2008
Real Madrid,Iván Helguera,32,Centre-Back,Valencia,free transfer,out,Summer,NA,Primera Division,2007,2007/2008
Real Madrid,Pablo García,30,Defensive Midfield,Real Murcia,loan transfer,out,Summer,NA,Primera Division,2007,2007/2008
Real Madrid,Antonio Cassano,25,Second Striker,Sampdoria,loan transfer,out,Summer,NA,Primera Division,2007,2007/2008
Real Madrid,Adrián González,19,Central Midfield,Celta de Vigo,loan transfer,out,Summer,NA,Primera Division,2007,2007/2008
Real Madrid,Esteban Granero,20,Central Midfield,Getafe,loan transfer,out,Summer,NA,Primera Division,2007,2007/2008
Real Madrid,José Antonio Reyes,23,Right Winger,Arsenal,"End of loanJun 30, 2007",out,Summer,0,Primera Division,2007,2007/2008
Sevilla FC,Arouna Koné,23,Centre-Forward,PSV Eindhoven,£10.80m,in,Summer,10.8,Primera Division,2007,2007/2008
Sevilla FC,Aquivaldo Mosquera,26,Centre-Back,CF Pachuca,£7.20m,in,Summer,7.2,Primera Division,2007,2007/2008
Sevilla FC,Tom De Mul,21,Right Midfield,Ajax,£4.50m,in,Summer,4.5,Primera Division,2007,2007/2008
Sevilla FC,Seydou Keita,27,Central Midfield,Lens,£3.60m,in,Summer,3.6,Primera Division,2007,2007/2008
Sevilla FC,Morgan De Sanctis,30,Goalkeeper,Udinese,free transfer,in,Summer,NA,Primera Division,2007,2007/2008
Sevilla FC,Khalid Boulahrouz,25,Centre-Back,Chelsea,loan transfer,in,Summer,NA,Primera Division,2007,2007/2008
Sevilla FC,José Crespo,20,Centre-Back,Sevilla Atl.,-,in,Summer,0,Primera Division,2007,2007/2008
Sevilla FC,Diego Capel,19,Left Winger,Sevilla Atl.,-,in,Summer,0,Primera Division,2007,2007/2008
Sevilla FC,Alejandro Alfaro,20,Left Winger,Sevilla Atl.,-,in,Summer,0,Primera Division,2007,2007/2008
Sevilla FC,Jesuli,29,Attacking Midfield,Real Sociedad,"End of loanJun 30, 2007",in,Summer,0,Primera Division,2007,2007/2008
Sevilla FC,Antoñito,29,Centre-Forward,Real Murcia,"End of loanJun 30, 2007",in,Summer,0,Primera Division,2007,2007/2008
Sevilla FC,Ariza Makukula,26,Centre-Forward,Gimnàstic,"End of loanJun 30, 2007",in,Summer,0,Primera Division,2007,2007/2008
Sevilla FC,Kepa Blanco,23,Centre-Forward,West Ham,"End of loanJun 30, 2007",in,Summer,0,Primera Division,2007,2007/2008
Sevilla FC,Paco Gallardo,27,Right Midfield,Real Murcia,"End of loanJun 30, 2007",in,Summer,0,Primera Division,2007,2007/2008
Sevilla FC,Kepa Blanco,23,Centre-Forward,Getafe,£3.15m,out,Summer,3.15,Primera Division,2007,2007/2008
Sevilla FC,Aitor Ocio,30,Centre-Back,Athletic,£3.15m,out,Summer,3.15,Primera Division,2007,2007/2008
Sevilla FC,David Castedo,33,Left-Back,Levante,free transfer,out,Summer,NA,Primera Division,2007,2007/2008
Sevilla FC,Antoñito,29,Centre-Forward,Xerez CD,free transfer,out,Summer,NA,Primera Division,2007,2007/2008
Sevilla FC,Paco Gallardo,27,Right Midfield,Real Murcia,free transfer,out,Summer,NA,Primera Division,2007,2007/2008
Sevilla FC,David Cobeño,25,Goalkeeper,UD Almería,loan transfer,out,Summer,NA,Primera Division,2007,2007/2008
Sevilla FC,Ariza Makukula,26,Centre-Forward,Marítimo,loan transfer,out,Summer,NA,Primera Division,2007,2007/2008
Sevilla FC,Pablo Ruiz,26,Centre-Back,Córdoba CF,loan transfer,out,Summer,NA,Primera Division,2007,2007/2008
Sevilla FC,José Manuel Casado,21,Left-Back,Sevilla Atl.,-,out,Summer,0,Primera Division,2007,2007/2008
Sevilla FC,Antonio Moreno,25,Centre-Forward,Sevilla Atl.,-,out,Summer,0,Primera Division,2007,2007/2008
Real Valladolid CF,Jonathan Sesma,28,Left Winger,Cádiz CF,£1.17m,in,Summer,1.17,Primera Division,2007,2007/2008
Real Valladolid CF,Fabián Estoyanoff,24,Right Midfield,Valencia,Loan fee:£450Th.,in,Summer,0.45,Primera Division,2007,2007/2008
Real Valladolid CF,Daniel Cifuentes,26,Centre-Back,Ponferradina,£90Th.,in,Summer,0.09,Primera Division,2007,2007/2008
Real Valladolid CF,Ángel Vivar Dorado,33,Attacking Midfield,Getafe,free transfer,in,Summer,NA,Primera Division,2007,2007/2008
Real Valladolid CF,Alexis,33,Centre-Back,Levante,free transfer,in,Summer,NA,Primera Division,2007,2007/2008
Real Valladolid CF,Bartholomew Ogbeche,22,Centre-Forward,Alavés,free transfer,in,Summer,NA,Primera Division,2007,2007/2008
Real Valladolid CF,Diego Camacho,30,Defensive Midfield,Levante,loan transfer,in,Summer,NA,Primera Division,2007,2007/2008
Real Valladolid CF,Ludovic Butelle,24,Goalkeeper,Valencia,loan transfer,in,Summer,NA,Primera Division,2007,2007/2008
Real Valladolid CF,Kike López,19,Right Winger,R. Valladolid B,-,in,Summer,0,Primera Division,2007,2007/2008
Real Valladolid CF,Iván Hernández,27,Centre-Back,Sporting Gijón,free transfer,out,Summer,NA,Primera Division,2007,2007/2008
Real Valladolid CF,Vladimir Manchev,29,Centre-Forward,Celta de Vigo,free transfer,out,Summer,NA,Primera Division,2007,2007/2008
Real Valladolid CF,Chema,31,Right Midfield,CyD Leonesa,free transfer,out,Summer,NA,Primera Division,2007,2007/2008
Real Valladolid CF,Jacobo Sanz,23,Goalkeeper,CD Numancia,free transfer,out,Summer,NA,Primera Division,2007,2007/2008
Real Valladolid CF,Gonzalo Vicente,27,Left-Back,Cádiz CF,free transfer,out,Summer,NA,Primera Division,2007,2007/2008
Real Valladolid CF,Asier Arranz,20,Central Midfield,Alavés,loan transfer,out,Summer,NA,Primera Division,2007,2007/2008
Real Valladolid CF,Diego Figueredo,25,Attacking Midfield,Godoy Cruz,loan transfer,out,Summer,NA,Primera Division,2007,2007/2008
Real Valladolid CF,Mario Suárez,20,Defensive Midfield,Atlético Madrid,"End of loanJun 30, 2007",out,Summer,0,Primera Division,2007,2007/2008
Real Valladolid CF,José Julian De La Cuesta,24,Centre-Back,Cádiz CF,"End of loanJun 30, 2007",out,Summer,0,Primera Division,2007,2007/2008
Real Valladolid CF,Toché,24,Centre-Forward,Atlético Madrid,"End of loanJun 30, 2007",out,Summer,0,Primera Division,2007,2007/2008
CA Osasuna,Dady,25,Centre-Forward,Belenenses,£3.15m,in,Summer,3.15,Primera Division,2007,2007/2008
CA Osasuna,Javi García,20,Centre-Back,RM Castilla,£2.25m,in,Summer,2.25,Primera Division,2007,2007/2008
CA Osasuna,Jaroslav Plasil,25,Central Midfield,Monaco,£1.98m,in,Summer,1.98,Primera Division,2007,2007/2008
CA Osasuna,Wálter Pandiani,31,Centre-Forward,Espanyol,£1.67m,in,Summer,1.67,Primera Division,2007,2007/2008
CA Osasuna,Javier Portillo,25,Centre-Forward,Gimnàstic,£675Th.,in,Summer,0.675,Primera Division,2007,2007/2008
CA Osasuna,Nicolás Medina,20,Centre-Forward,U. de Chile,free transfer,in,Summer,NA,Primera Division,2007,2007/2008
CA Osasuna,Andrés Fernández,20,Goalkeeper,RCD Mallorca B,free transfer,in,Summer,NA,Primera Division,2007,2007/2008
CA Osasuna,Xavier Margairaz,23,Attacking Midfield,FC Zürich,free transfer,in,Summer,NA,Primera Division,2007,2007/2008
CA Osasuna,Carlos Vela,18,Right Winger,Arsenal,loan transfer,in,Summer,NA,Primera Division,2007,2007/2008
CA Osasuna,Hugo Viana,24,Central Midfield,Valencia,loan transfer,in,Summer,NA,Primera Division,2007,2007/2008
CA Osasuna,Igotz Garde,25,Centre-Back,CA Osasuna Prom,-,in,Summer,0,Primera Division,2007,2007/2008
CA Osasuna,César Azpilicueta,17,Right-Back,CA Osasuna Prom,-,in,Summer,0,Primera Division,2007,2007/2008
CA Osasuna,Jon Erice,20,Central Midfield,CA Osasuna Prom,-,in,Summer,0,Primera Division,2007,2007/2008
CA Osasuna,Kike Sola,21,Centre-Forward,CA Osasuna Prom,-,in,Summer,0,Primera Division,2007,2007/2008
CA Osasuna,Fran Moreno,23,Attacking Midfield,CD Numancia,"End of loanJun 30, 2007",in,Summer,0,Primera Division,2007,2007/2008
CA Osasuna,Raúl García,20,Centre-Forward,Atlético Madrid,£11.70m,out,Summer,11.7,Primera Division,2007,2007/2008
CA Osasuna,David López,24,Central Midfield,Athletic,£5.22m,out,Summer,5.22,Primera Division,2007,2007/2008
CA Osasuna,Carlos Cuéllar,25,Centre-Back,Rangers,£2.70m,out,Summer,2.7,Primera Division,2007,2007/2008
CA Osasuna,Valdo,26,Right Winger,Espanyol,£1.35m,out,Summer,1.35,Primera Division,2007,2007/2008
CA Osasuna,Bernardo Romeo,29,Centre-Forward,San Lorenzo,£540Th.,out,Summer,0.54,Primera Division,2007,2007/2008
CA Osasuna,Pierre Webó,25,Centre-Forward,RCD Mallorca,free transfer,out,Summer,NA,Primera Division,2007,2007/2008
CA Osasuna,Iñaki Muñoz,28,Defensive Midfield,Athletic,free transfer,out,Summer,NA,Primera Division,2007,2007/2008
CA Osasuna,Iñaki Astiz,23,Centre-Back,Legia Warszawa,free transfer,out,Summer,NA,Primera Division,2007,2007/2008
CA Osasuna,Fran Moreno,23,Attacking Midfield,Albacete,loan transfer,out,Summer,NA,Primera Division,2007,2007/2008
CA Osasuna,Nicolás Medina,20,Centre-Forward,SD Eibar,loan transfer,out,Summer,NA,Primera Division,2007,2007/2008
CA Osasuna,Savo Milosevic,33,Centre-Forward,Without Club,-,out,Summer,0,Primera Division,2007,2007/2008
CA Osasuna,Juanlu,27,Left Midfield,Real Betis,"End of loanJul 1, 2007",out,Summer,0,Primera Division,2007,2007/2008
CA Osasuna,Roberto Soldado,22,Centre-Forward,Real Madrid,"End of loanJun 30, 2007",out,Summer,0,Primera Division,2007,2007/2008
RCD Mallorca,Dani Güiza,26,Centre-Forward,Getafe,£4.50m,in,Summer,4.5,Primera Division,2007,2007/2008
RCD Mallorca,Chory Castro,22,Left Winger,Nacional,£2.25m,in,Summer,2.25,Primera Division,2007,2007/2008
RCD Mallorca,Germán Lux,24,Goalkeeper,River Plate,free transfer,in,Summer,NA,Primera Division,2007,2007/2008
RCD Mallorca,Francisco Molinero,21,Right-Back,Málaga CF,free transfer,in,Summer,NA,Primera Division,2007,2007/2008
RCD Mallorca,Pierre Webó,25,Centre-Forward,CA Osasuna,free transfer,in,Summer,NA,Primera Division,2007,2007/2008
RCD Mallorca,Borja Valero,22,Central Midfield,RM Castilla,free transfer,in,Summer,NA,Primera Division,2007,2007/2008
RCD Mallorca,David Navarro,27,Centre-Back,Valencia,loan transfer,in,Summer,NA,Primera Division,2007,2007/2008
RCD Mallorca,Emilio Nsue,17,Right-Back,RCD Mallorca B,-,in,Summer,0,Primera Division,2007,2007/2008
RCD Mallorca,Dani Benítez,20,Left Winger,Mallorca U19,-,in,Summer,0,Primera Division,2007,2007/2008
RCD Mallorca,Paíto,24,Left-Back,SC Braga,"End of loanJun 30, 2007",in,Summer,0,Primera Division,2007,2007/2008
RCD Mallorca,Andrija Delibasic,26,Centre-Forward,Beira-Mar,"End of loanJun 30, 2007",in,Summer,0,Primera Division,2007,2007/2008
RCD Mallorca,Boško Janković,23,Right Winger,US Palermo,£7.20m,out,Summer,7.2,Primera Division,2007,2007/2008
RCD Mallorca,Diego Tristán,31,Centre-Forward,AS Livorno,£423Th.,out,Summer,0.423,Primera Division,2007,2007/2008
RCD Mallorca,Paíto,24,Left-Back,FC Sion,free transfer,out,Summer,NA,Primera Division,2007,2007/2008
RCD Mallorca,Toni Prats,35,Goalkeeper,Hércules CF,free transfer,out,Summer,NA,Primera Division,2007,2007/2008
RCD Mallorca,Jordi López,26,Central Midfield,Racing,loan transfer,out,Summer,NA,Primera Division,2007,2007/2008
RCD Mallorca,Andrija Delibasic,26,Centre-Forward,Real Sociedad,loan transfer,out,Summer,NA,Primera Division,2007,2007/2008
RCD Mallorca,Chus Seco,21,Centre-Forward,CD Guijuelo,?,out,Summer,NA,Primera Division,2007,2007/2008
RCD Mallorca,Juanjo,24,Goalkeeper,Ferriolense,?,out,Summer,NA,Primera Division,2007,2007/2008
RCD Mallorca,Dani Benítez,20,Left Winger,Pontevedra,loan transfer,out,Summer,NA,Primera Division,2007,2007/2008
RCD Mallorca,Maxi López,23,Centre-Forward,Barcelona,"End of loanJun 30, 2007",out,Summer,0,Primera Division,2007,2007/2008
Real Murcia CF,Fernando Baiano,28,Centre-Forward,Celta de Vigo,£4.50m,in,Summer,4.5,Primera Division,2007,2007/2008
Real Murcia CF,Henok Goitom,22,Centre-Forward,Ciudad Murcia,£2.70m,in,Summer,2.7,Primera Division,2007,2007/2008
Real Murcia CF,José María Movilla,32,Defensive Midfield,Real Zaragoza,£540Th.,in,Summer,0.54,Primera Division,2007,2007/2008
Real Murcia CF,Paco Gallardo,27,Right Midfield,Sevilla FC,free transfer,in,Summer,NA,Primera Division,2007,2007/2008
Real Murcia CF,Iñigo Vélez,25,Centre-Forward,SD Eibar,free transfer,in,Summer,NA,Primera Division,2007,2007/2008
Real Murcia CF,Álvaro Mejía,25,Centre-Back,Real Madrid,free transfer,in,Summer,NA,Primera Division,2007,2007/2008
Real Murcia CF,Fabián Carini,27,Goalkeeper,Inter,free transfer,in,Summer,NA,Primera Division,2007,2007/2008
Real Murcia CF,Rosinei,24,Defensive Midfield,Corinthians,free transfer,in,Summer,NA,Primera Division,2007,2007/2008
Real Murcia CF,Quique de Lucas,28,Attacking Midfield,Alavés,free transfer,in,Summer,NA,Primera Division,2007,2007/2008
Real Murcia CF,Pablo García,30,Defensive Midfield,Real Madrid,loan transfer,in,Summer,NA,Primera Division,2007,2007/2008
Real Murcia CF,Mario Regueiro,28,Left Winger,Valencia,loan transfer,in,Summer,NA,Primera Division,2007,2007/2008
Real Murcia CF,Curro Torres,30,Right-Back,Valencia,loan transfer,in,Summer,NA,Primera Division,2007,2007/2008
Real Murcia CF,César Arzo,21,Centre-Back,Villarreal,loan transfer,in,Summer,NA,Primera Division,2007,2007/2008
Real Murcia CF,Jesús Tato,23,Second Striker,UE Lleida,"End of loanJun 30, 2007",in,Summer,0,Primera Division,2007,2007/2008
Real Murcia CF,Capi,26,Centre-Back,Lorca Dep.,"End of loanJun 30, 2007",in,Summer,0,Primera Division,2007,2007/2008
Real Murcia CF,Sebastián Corona,30,Centre-Back,Águilas CF,"End of loanJun 30, 2007",in,Summer,0,Primera Division,2007,2007/2008
Real Murcia CF,Pedro León,20,Right Winger,Levante,£1.98m,out,Summer,1.98,Primera Division,2007,2007/2008
Real Murcia CF,Carlos Aranda,26,Centre-Forward,Granada 74 CF,free transfer,out,Summer,NA,Primera Division,2007,2007/2008
Real Murcia CF,Juanmi,36,Goalkeeper,Gimnàstic,free transfer,out,Summer,NA,Primera Division,2007,2007/2008
Real Murcia CF,Sebastián Corona,30,Centre-Back,SD Huesca,free transfer,out,Summer,NA,Primera Division,2007,2007/2008
Real Murcia CF,Émerson Paulista,27,Attacking Midfield,Iraklis,free transfer,out,Summer,NA,Primera Division,2007,2007/2008
Real Murcia CF,Capi,26,Centre-Back,UD Las Palmas,loan transfer,out,Summer,NA,Primera Division,2007,2007/2008
Real Murcia CF,Jesús Tato,23,Second Striker,Atlético Ceuta,loan transfer,out,Summer,NA,Primera Division,2007,2007/2008
Real Murcia CF,Adrián Martín,24,Attacking Midfield,Xerez CD,loan transfer,out,Summer,NA,Primera Division,2007,2007/2008
Real Murcia CF,José Luis Acciari,28,Defensive Midfield,Córdoba CF,loan transfer,out,Summer,NA,Primera Division,2007,2007/2008
Real Murcia CF,Juanma Valero,29,Right-Back,Hércules CF,loan transfer,out,Summer,NA,Primera Division,2007,2007/2008
Real Murcia CF,Samuel Baños,27,Central Midfield,Xerez CD,loan transfer,out,Summer,NA,Primera Division,2007,2007/2008
Real Murcia CF,Gifton Noel-Williams,27,Centre-Forward,Elche CF,?,out,Summer,NA,Primera Division,2007,2007/2008
Real Murcia CF,Ramón González,32,Centre-Back,Xerez CD,?,out,Summer,NA,Primera Division,2007,2007/2008
Real Murcia CF,Francisco Lledó,27,Goalkeeper,Atlético Ceuta,loan transfer,out,Summer,NA,Primera Division,2007,2007/2008
Real Murcia CF,Antoñito,29,Centre-Forward,Sevilla FC,"End of loanJun 30, 2007",out,Summer,0,Primera Division,2007,2007/2008
Real Murcia CF,Paco Gallardo,27,Right Midfield,Sevilla FC,"End of loanJun 30, 2007",out,Summer,0,Primera Division,2007,2007/2008
Real Betis Balompié,Mariano Pavone,25,Centre-Forward,Estudiantes,£6.12m,in,Summer,6.12,Primera Division,2007,2007/2008
Real Betis Balompié,Mark González,23,Left Winger,Liverpool,£5.40m,in,Summer,5.4,Primera Division,2007,2007/2008
Real Betis Balompié,Ricardo,31,Goalkeeper,Sporting CP,£3.60m,in,Summer,3.6,Primera Division,2007,2007/2008
Real Betis Balompié,Robert,26,Centre-Forward,PSV Eindhoven,£3.15m,in,Summer,3.15,Primera Division,2007,2007/2008
Real Betis Balompié,Lima,22,Centre-Back,Atlético-MG,£2.25m,in,Summer,2.25,Primera Division,2007,2007/2008
Real Betis Balompié,Branko Ilic,24,Centre-Back,NK Domzale,£1.35m,in,Summer,1.35,Primera Division,2007,2007/2008
Real Betis Balompié,José Mari,28,Centre-Forward,Villarreal,free transfer,in,Summer,NA,Primera Division,2007,2007/2008
Real Betis Balompié,Marko Babic,26,Left Midfield,Bay. Leverkusen,free transfer,in,Summer,NA,Primera Division,2007,2007/2008
Real Betis Balompié,Leandro Somoza,26,Defensive Midfield,Villarreal,loan transfer,in,Summer,NA,Primera Division,2007,2007/2008
Real Betis Balompié,Casto,25,Goalkeeper,Betis B,-,in,Summer,0,Primera Division,2007,2007/2008
Real Betis Balompié,Rodri,21,Right Midfield,Betis B,-,in,Summer,0,Primera Division,2007,2007/2008
Real Betis Balompié,Juanlu,27,Left Midfield,CA Osasuna,"End of loanJul 1, 2007",in,Summer,0,Primera Division,2007,2007/2008
Real Betis Balompié,Marcos Assunção,30,Central Midfield,Al-Ahli (UAE),free transfer,out,Summer,NA,Primera Division,2007,2007/2008
Real Betis Balompié,Alejandro Lembo,29,Centre-Back,Danubio FC,free transfer,out,Summer,NA,Primera Division,2007,2007/2008
Real Betis Balompié,Dani,25,Centre-Forward,Cádiz CF,loan transfer,out,Summer,NA,Primera Division,2007,2007/2008
Real Betis Balompié,Pedro Contreras,35,Goalkeeper,Cádiz CF,loan transfer,out,Summer,NA,Primera Division,2007,2007/2008
Real Betis Balompié,Francisco Maldonado,26,Attacking Midfield,Gimnàstic,loan transfer,out,Summer,NA,Primera Division,2007,2007/2008
Real Betis Balompié,Juanlu,27,Left Midfield,Córdoba CF,loan transfer,out,Summer,NA,Primera Division,2007,2007/2008
Real Betis Balompié,Miguel Ángel,28,Defensive Midfield,Levante,loan transfer,out,Summer,NA,Primera Division,2007,2007/2008
Real Betis Balompié,Robert,26,Centre-Forward,Ittihad,?,out,Summer,NA,Primera Division,2007,2007/2008
Real Betis Balompié,Enrique Romero,36,Left-Back,Retired,-,out,Summer,0,Primera Division,2007,2007/2008
Real Betis Balompié,Fabrice Pancrate,27,Right Winger,Paris SG,"End of loanJun 30, 2007",out,Summer,0,Primera Division,2007,2007/2008
Real Betis Balompié,Robert,26,Centre-Forward,PSV Eindhoven,"End of loanJun 30, 2007",out,Summer,0,Primera Division,2007,2007/2008
Real Zaragoza,Matuzalém,27,Defensive Midfield,Shakhtar D.,£6.12m,in,Summer,6.12,Primera Division,2007,2007/2008
Real Zaragoza,Carlos Diogo,23,Right-Back,Real Madrid,£4.05m,in,Summer,4.05,Primera Division,2007,2007/2008
Real Zaragoza,Andrés D'Alessandro,26,Attacking Midfield,VfL Wolfsburg,£3.15m,in,Summer,3.15,Primera Division,2007,2007/2008
Real Zaragoza,Peter Luccin,28,Defensive Midfield,Atlético Madrid,£2.52m,in,Summer,2.52,Primera Division,2007,2007/2008
Real Zaragoza,Ricardo Oliveira,27,Centre-Forward,AC Milan,Loan fee:£1.80m,in,Summer,1.8,Primera Division,2007,2007/2008
Real Zaragoza,Javier Paredes,24,Left-Back,Getafe,£1.35m,in,Summer,1.35,Primera Division,2007,2007/2008
Real Zaragoza,Gabi,23,Central Midfield,Atlético Madrid,free transfer,in,Summer,NA,Primera Division,2007,2007/2008
Real Zaragoza,Roberto Ayala,34,Centre-Back,Valencia,free transfer,in,Summer,NA,Primera Division,2007,2007/2008
Real Zaragoza,Francisco Pavón,27,Centre-Back,Real Madrid,free transfer,in,Summer,NA,Primera Division,2007,2007/2008
Real Zaragoza,Javier López Vallejo,31,Goalkeeper,Villarreal,free transfer,in,Summer,NA,Primera Division,2007,2007/2008
Real Zaragoza,Djaïd Kasri,20,Central Midfield,FC Nantes,?,in,Summer,NA,Primera Division,2007,2007/2008
Real Zaragoza,Raúl Goni,18,Centre-Back,Real Zaragoza B,-,in,Summer,0,Primera Division,2007,2007/2008
Real Zaragoza,Jorge Gotor,20,Centre-Back,Real Zaragoza B,-,in,Summer,0,Primera Division,2007,2007/2008
Real Zaragoza,Sávio,33,Left Winger,Flamengo,"End of loanJun 1, 2007",in,Summer,0,Primera Division,2007,2007/2008
Real Zaragoza,David Generelo,24,Central Midfield,Gimnàstic,"End of loanJun 30, 2007",in,Summer,0,Primera Division,2007,2007/2008
Real Zaragoza,Gabriel Milito,26,Centre-Back,Barcelona,£18.00m,out,Summer,18,Primera Division,2007,2007/2008
Real Zaragoza,Ewerthon,26,Centre-Forward,VfB Stuttgart,Loan fee:£1.08m,out,Summer,1.08,Primera Division,2007,2007/2008
Real Zaragoza,José María Movilla,32,Defensive Midfield,Real Murcia,£540Th.,out,Summer,0.54,Primera Division,2007,2007/2008
Real Zaragoza,Ángel Lafita,22,Left Winger,Dep. La Coruña,loan transfer,out,Summer,NA,Primera Division,2007,2007/2008
Real Zaragoza,Íñigo Rodríguez,31,Right Midfield,Burgos CF,?,out,Summer,NA,Primera Division,2007,2007/2008
Real Zaragoza,Antonio Longás,22,Central Midfield,CD Tenerife,loan transfer,out,Summer,NA,Primera Division,2007,2007/2008
Real Zaragoza,César Jiménez,29,Centre-Back,Retired,-,out,Summer,0,Primera Division,2007,2007/2008
Real Zaragoza,Agustín Aranzabal,34,Left-Back,Retired,-,out,Summer,0,Primera Division,2007,2007/2008
Real Zaragoza,Andrés D'Alessandro,26,Attacking Midfield,VfL Wolfsburg,"End of loanJun 30, 2007",out,Summer,0,Primera Division,2007,2007/2008
Real Zaragoza,Gustavo Nery,29,Left-Back,Corinthians,"End of loanJun 30, 2007",out,Summer,0,Primera Division,2007,2007/2008
Real Zaragoza,Carlos Diogo,23,Right-Back,Real Madrid,"End of loanJun 30, 2007",out,Summer,0,Primera Division,2007,2007/2008
Real Zaragoza,Gerard Piqué,20,Centre-Back,Man Utd,"End of loanJun 30, 2007",out,Summer,0,Primera Division,2007,2007/2008
FC Barcelona,Thierry Henry,29,Centre-Forward,Arsenal,£21.60m,in,Summer,21.6,Primera Division,2007,2007/2008
FC Barcelona,Gabriel Milito,26,Centre-Back,Real Zaragoza,£18.00m,in,Summer,18,Primera Division,2007,2007/2008
FC Barcelona,Éric Abidal,27,Left-Back,Olympique Lyon,£13.50m,in,Summer,13.5,Primera Division,2007,2007/2008
FC Barcelona,Yaya Touré,24,Central Midfield,Monaco,£8.10m,in,Summer,8.1,Primera Division,2007,2007/2008
FC Barcelona,Giovani dos Santos,18,Second Striker,Barcelona B,-,in,Summer,0,Primera Division,2007,2007/2008
FC Barcelona,Bojan Krkic,16,Second Striker,Barcelona B,-,in,Summer,0,Primera Division,2007,2007/2008
FC Barcelona,Oier Olazábal,17,Goalkeeper,Barcelona B,-,in,Summer,0,Primera Division,2007,2007/2008
FC Barcelona,Marc Crosas,19,Defensive Midfield,Barcelona B,-,in,Summer,0,Primera Division,2007,2007/2008
FC Barcelona,Maxi López,23,Centre-Forward,RCD Mallorca,"End of loanJun 30, 2007",in,Summer,0,Primera Division,2007,2007/2008
FC Barcelona,Juliano Belletti,31,Right-Back,Chelsea,£4.95m,out,Summer,4.95,Primera Division,2007,2007/2008
FC Barcelona,Ludovic Giuly,30,Right Winger,AS Roma,£4.05m,out,Summer,4.05,Primera Division,2007,2007/2008
FC Barcelona,Maxi López,23,Centre-Forward,FC Moscow,£1.80m,out,Summer,1.8,Primera Division,2007,2007/2008
FC Barcelona,Thiago Motta,24,Defensive Midfield,Atlético Madrid,£1.80m,out,Summer,1.8,Primera Division,2007,2007/2008
FC Barcelona,Giovanni van Bronckhorst,32,Left-Back,Feyenoord,free transfer,out,Summer,NA,Primera Division,2007,2007/2008
FC Barcelona,Javier Saviola,25,Second Striker,Real Madrid,free transfer,out,Summer,NA,Primera Division,2007,2007/2008
Athletic Bilbao,Armando Ribeiro,36,Goalkeeper,Cádiz CF,loan transfer,in,Winter,NA,Primera Division,2007,2007/2008
Athletic Bilbao,Ion Vélez,22,Centre-Forward,Hércules CF,loan transfer,out,Winter,NA,Primera Division,2007,2007/2008
Getafe CF,Jaime Gavilán,22,Left Winger,Valencia,loan transfer,in,Winter,NA,Primera Division,2007,2007/2008
Getafe CF,Jajá,21,Centre-Forward,KVC Westerlo,"End of loanDec 31, 2007",in,Winter,0,Primera Division,2007,2007/2008
Getafe CF,Jajá,21,Centre-Forward,Metalist,£450Th.,out,Winter,0.45,Primera Division,2007,2007/2008
Getafe CF,Alberto Aguilar,23,Centre-Back,Granada 74 CF,loan transfer,out,Winter,NA,Primera Division,2007,2007/2008
Getafe CF,Luis García,28,Goalkeeper,Celta de Vigo,loan transfer,out,Winter,NA,Primera Division,2007,2007/2008
Getafe CF,Nacho,27,Left-Back,Real Sociedad,loan transfer,out,Winter,NA,Primera Division,2007,2007/2008
Levante UD,Armando Lozano,23,Centre-Back,Levante B,-,in,Winter,0,Primera Division,2007,2007/2008
Levante UD,Vicente Iborra,19,Central Midfield,Levante B,-,in,Winter,0,Primera Division,2007,2007/2008
Levante UD,Manolo Reina,22,Goalkeeper,Levante B,-,in,Winter,0,Primera Division,2007,2007/2008
Levante UD,Saúl,22,Attacking Midfield,Levante B,-,in,Winter,0,Primera Division,2007,2007/2008
Levante UD,Albert Meyong,27,Centre-Forward,Albacete,"End of loanDec 1, 2007",in,Winter,0,Primera Division,2007,2007/2008
Levante UD,Nino,27,Centre-Forward,CD Tenerife,"End of loanDec 1, 2007",in,Winter,0,Primera Division,2007,2007/2008
Levante UD,Nino,27,Centre-Forward,CD Tenerife,£900Th.,out,Winter,0.9,Primera Division,2007,2007/2008
Levante UD,Sávio,33,Left Winger,Desportiva-ES,free transfer,out,Winter,NA,Primera Division,2007,2007/2008
Levante UD,Bruno Cirillo,30,Centre-Back,Reggina,loan transfer,out,Winter,NA,Primera Division,2007,2007/2008
Levante UD,Emilio Viqueira,33,Central Midfield,Xerez CD,loan transfer,out,Winter,NA,Primera Division,2007,2007/2008
Levante UD,Albert Meyong,27,Centre-Forward,Belenenses,loan transfer,out,Winter,NA,Primera Division,2007,2007/2008
Levante UD,Christian Riganó,33,Centre-Forward,Siena,loan transfer,out,Winter,NA,Primera Division,2007,2007/2008
Levante UD,Laurent Robert,32,Left Winger,Without Club,-,out,Winter,0,Primera Division,2007,2007/2008
Levante UD,Marco Storari,30,Goalkeeper,AC Milan,"End of loanDec 1, 2007",out,Winter,0,Primera Division,2007,2007/2008
UD Almería,Guilherme Santos,19,Left-Back,Vasco da Gama,£1.35m,in,Winter,1.35,Primera Division,2007,2007/2008
UD Almería,Veljko Paunovic,30,Centre-Forward,Rubin Kazan,free transfer,in,Winter,NA,Primera Division,2007,2007/2008
UD Almería,Natalio,23,Centre-Forward,Cádiz CF,loan transfer,out,Winter,NA,Primera Division,2007,2007/2008
UD Almería,José Luis Cabrera,25,Central Midfield,Alavés,?,out,Winter,NA,Primera Division,2007,2007/2008
UD Almería,Mathías Vidangossy,20,Attacking Midfield,Villarreal,"End of loanDec 31, 2007",out,Winter,0,Primera Division,2007,2007/2008
UD Almería,Julio dos Santos,24,Central Midfield,FC Bayern,"End of loanDec 1, 2007",out,Winter,0,Primera Division,2007,2007/2008
Recreativo Huelva,Marco Ruben,21,Centre-Forward,Villarreal,loan transfer,in,Winter,NA,Primera Division,2007,2007/2008
Recreativo Huelva,Joselito,22,Attacking Midfield,CyD Leonesa,"End of loanDec 1, 2007",in,Winter,0,Primera Division,2007,2007/2008
Recreativo Huelva,Joselito,22,Attacking Midfield,CyD Leonesa,loan transfer,out,Winter,NA,Primera Division,2007,2007/2008
Villarreal CF,Marco Ruben,21,Centre-Forward,River Plate,£4.32m,in,Winter,4.32,Primera Division,2007,2007/2008
Villarreal CF,Sebastián Eguren,27,Defensive Midfield,Hammarby,loan transfer,in,Winter,NA,Primera Division,2007,2007/2008
Villarreal CF,Feliciano Condesso,20,Attacking Midfield,Villarreal CF B,-,in,Winter,0,Primera Division,2007,2007/2008
Villarreal CF,David Rocha,22,Central Midfield,Villarreal CF B,-,in,Winter,0,Primera Division,2007,2007/2008
Villarreal CF,Antonio Valencia,22,Right-Back,Wigan,"End of loanDec 31, 2007",in,Winter,0,Primera Division,2007,2007/2008
Villarreal CF,Mathías Vidangossy,20,Attacking Midfield,UD Almería,"End of loanDec 31, 2007",in,Winter,0,Primera Division,2007,2007/2008
Villarreal CF,Juan Román Riquelme,29,Attacking Midfield,Boca Juniors,£10.80m,out,Winter,10.8,Primera Division,2007,2007/2008
Villarreal CF,Antonio Valencia,22,Right-Back,Wigan,£1.80m,out,Winter,1.8,Primera Division,2007,2007/2008
Villarreal CF,Rio Mavuba,23,Defensive Midfield,LOSC Lille,Loan fee:£450Th.,out,Winter,0.45,Primera Division,2007,2007/2008
Villarreal CF,Xisco Nadal,21,Right Winger,Granada 74 CF,free transfer,out,Winter,NA,Primera Division,2007,2007/2008
Villarreal CF,Marco Ruben,21,Centre-Forward,Recr. Huelva,loan transfer,out,Winter,NA,Primera Division,2007,2007/2008
Villarreal CF,David Rocha,22,Central Midfield,FC Cartagena,?,out,Winter,NA,Primera Division,2007,2007/2008
Villarreal CF,Mathías Vidangossy,20,Attacking Midfield,Audax Italiano,loan transfer,out,Winter,NA,Primera Division,2007,2007/2008
Valencia CF,Éver Banega,19,Central Midfield,Boca Juniors,£16.20m,in,Winter,16.2,Primera Division,2007,2007/2008
Valencia CF,Hedwiges Maduro,22,Defensive Midfield,Ajax,£1.80m,in,Winter,1.8,Primera Division,2007,2007/2008
Valencia CF,Fabián Estoyanoff,25,Right Midfield,Real Valladolid,"End of loanDec 31, 2007",in,Winter,0,Primera Division,2007,2007/2008
Valencia CF,João Moreira,21,Centre-Forward,Nacional,"End of loanDec 31, 2007",in,Winter,0,Primera Division,2007,2007/2008
Valencia CF,Manuel Fernandes,21,Attacking Midfield,Everton,Loan fee:£675Th.,out,Winter,0.675,Primera Division,2007,2007/2008
Valencia CF,Filip Krstic,19,Centre-Back,AS Livorno,£315Th.,out,Winter,0.315,Primera Division,2007,2007/2008
Valencia CF,Jaime Gavilán,22,Left Winger,Getafe,loan transfer,out,Winter,NA,Primera Division,2007,2007/2008
Valencia CF,Fabián Estoyanoff,25,Right Midfield,Peñarol,loan transfer,out,Winter,NA,Primera Division,2007,2007/2008
Valencia CF,João Moreira,21,Centre-Forward,Leixões,loan transfer,out,Winter,NA,Primera Division,2007,2007/2008
Deportivo de La Coruña,Christian Wilhelmsson,28,Right Winger,FC Nantes,loan transfer,in,Winter,NA,Primera Division,2007,2007/2008
Deportivo de La Coruña,Chapi,22,Centre-Back,Deportivo B,-,in,Winter,0,Primera Division,2007,2007/2008
Deportivo de La Coruña,Fabri,20,Goalkeeper,Deportivo B,-,in,Winter,0,Primera Division,2007,2007/2008
Deportivo de La Coruña,Aythami Artiles,21,Centre-Back,Xerez CD,loan transfer,out,Winter,NA,Primera Division,2007,2007/2008
Deportivo de La Coruña,Adrián López,20,Centre-Forward,Alavés,loan transfer,out,Winter,NA,Primera Division,2007,2007/2008
RCD Espanyol Barcelona,Javi Ruiz,27,Goalkeeper,CD Adra,?,in,Winter,NA,Primera Division,2007,2007/2008
RCD Espanyol Barcelona,Ewerthon,26,Centre-Forward,Real Zaragoza,loan transfer,in,Winter,NA,Primera Division,2007,2007/2008
RCD Espanyol Barcelona,Kiko Casilla,21,Goalkeeper,RCD Espanyol B,-,in,Winter,0,Primera Division,2007,2007/2008
RCD Espanyol Barcelona,Jônatas,25,Central Midfield,Flamengo,Loan fee:£900Th.,out,Winter,0.9,Primera Division,2007,2007/2008
Racing Santander,Damián Ísmodes,18,Left Winger,Sport. Cristal,£315Th.,in,Winter,0.315,Primera Division,2007,2007/2008
Racing Santander,Sergio Ortemán,29,Defensive Midfield,Boca Juniors,loan transfer,in,Winter,NA,Primera Division,2007,2007/2008
Racing Santander,Samuel San José,23,Centre-Back,UD Las Palmas,loan transfer,out,Winter,NA,Primera Division,2007,2007/2008
Racing Santander,Cristian Portilla,19,Central Midfield,Racing Ferrol,loan transfer,out,Winter,NA,Primera Division,2007,2007/2008
Racing Santander,Bolaño,22,Centre-Back,UD Las Palmas,loan transfer,out,Winter,NA,Primera Division,2007,2007/2008
Racing Santander,Daniel Szetela,20,Central Midfield,Brescia,loan transfer,out,Winter,NA,Primera Division,2007,2007/2008
Atlético de Madrid,Ignacio Camacho,17,Defensive Midfield,Atl. Madrid B,-,in,Winter,0,Primera Division,2007,2007/2008
Atlético de Madrid,Didi Rodríguez,22,Right Winger,Atl. Madrid B,-,in,Winter,0,Primera Division,2007,2007/2008
Atlético de Madrid,Maniche,30,Central Midfield,Inter,Loan fee:£900Th.,out,Winter,0.9,Primera Division,2007,2007/2008
Real Madrid,Adrián González,19,Central Midfield,Celta de Vigo,"End of loanDec 1, 2007",in,Winter,0,Primera Division,2007,2007/2008
Real Madrid,Adrián González,19,Central Midfield,Gimnàstic,loan transfer,out,Winter,NA,Primera Division,2007,2007/2008
Sevilla FC,Lolo,23,Defensive Midfield,Sevilla Atl.,-,in,Winter,0,Primera Division,2007,2007/2008
Sevilla FC,José Manuel Casado,21,Left-Back,Sevilla Atl.,-,in,Winter,0,Primera Division,2007,2007/2008
Sevilla FC,Antonio Moreno,24,Centre-Forward,Sevilla Atl.,-,in,Winter,0,Primera Division,2007,2007/2008
Sevilla FC,Dani Salas,20,Right-Back,Sevilla Atl.,-,in,Winter,0,Primera Division,2007,2007/2008
Sevilla FC,Ariza Makukula,26,Centre-Forward,Marítimo,"End of loanDec 31, 2007",in,Winter,0,Primera Division,2007,2007/2008
Sevilla FC,Aleksandr Kerzhakov,25,Centre-Forward,Dinamo Moscow,£7.20m,out,Winter,7.2,Primera Division,2007,2007/2008
Sevilla FC,Ariza Makukula,26,Centre-Forward,Benfica,£3.15m,out,Winter,3.15,Primera Division,2007,2007/2008
Sevilla FC,Andreas Hinkel,25,Right-Back,Celtic,£2.34m,out,Winter,2.34,Primera Division,2007,2007/2008
Sevilla FC,Fernando Sales,27,Right Winger,Celta de Vigo,free transfer,out,Winter,NA,Primera Division,2007,2007/2008
Sevilla FC,Jesuli,29,Attacking Midfield,CD Tenerife,loan transfer,out,Winter,NA,Primera Division,2007,2007/2008
Sevilla FC,Josep Lluís Martí,32,Defensive Midfield,Real Sociedad,loan transfer,out,Winter,NA,Primera Division,2007,2007/2008
Real Valladolid CF,Vladimir Manchev,30,Centre-Forward,Celta de Vigo,free transfer,in,Winter,NA,Primera Division,2007,2007/2008
Real Valladolid CF,Marcos Aguirre,23,Right Midfield,Lanús,loan transfer,in,Winter,NA,Primera Division,2007,2007/2008
Real Valladolid CF,Álvaro Antón,24,Attacking Midfield,Racing Ferrol,loan transfer,out,Winter,NA,Primera Division,2007,2007/2008
Real Valladolid CF,Diego Figueredo,25,Attacking Midfield,Cerro Porteño,?,out,Winter,NA,Primera Division,2007,2007/2008
Real Valladolid CF,Kike López,19,Right Winger,Poli Ejido,loan transfer,out,Winter,NA,Primera Division,2007,2007/2008
Real Valladolid CF,Fabián Estoyanoff,25,Right Midfield,Valencia,"End of loanDec 31, 2007",out,Winter,0,Primera Division,2007,2007/2008
CA Osasuna,Martín Astudillo,30,Central Midfield,Alavés,loan transfer,in,Winter,NA,Primera Division,2007,2007/2008
CA Osasuna,Oier Sanjurjo,21,Defensive Midfield,CA Osasuna Prom,-,in,Winter,0,Primera Division,2007,2007/2008
CA Osasuna,Jokin Esparza,19,Right Winger,CA Osasuna Prom,-,in,Winter,0,Primera Division,2007,2007/2008
CA Osasuna,Jon Erice,21,Central Midfield,Málaga CF,loan transfer,out,Winter,NA,Primera Division,2007,2007/2008
RCD Mallorca,Lionel Scaloni,29,Right-Back,Lazio,loan transfer,in,Winter,NA,Primera Division,2007,2007/2008
RCD Mallorca,Guillermo Pereyra,28,Central Midfield,Loko Moscow,£3.15m,out,Winter,3.15,Primera Division,2007,2007/2008
RCD Mallorca,Víctor Casadesús,22,Centre-Forward,Real Sociedad,loan transfer,out,Winter,NA,Primera Division,2007,2007/2008
Real Murcia CF,Abderrahman Kabous,24,Defensive Midfield,CSKA Sofia,£810Th.,in,Winter,0.81,Primera Division,2007,2007/2008
Real Murcia CF,David de Coz,27,Right-Back,Xerez CD,£207Th.,in,Winter,0.207,Primera Division,2007,2007/2008
Real Murcia CF,Bruno Herrero,22,Central Midfield,UD Salamanca,loan transfer,out,Winter,NA,Primera Division,2007,2007/2008
Real Betis Balompié,Jorge Wagner,29,Left Winger,São Paulo,"End of loanDec 1, 2007",in,Winter,0,Primera Division,2007,2007/2008
Real Betis Balompié,Jorge Wagner,29,Left Winger,São Paulo,£1.10m,out,Winter,1.1,Primera Division,2007,2007/2008
Real Betis Balompié,Johann Vogel,30,Defensive Midfield,Without Club,-,out,Winter,0,Primera Division,2007,2007/2008
Real Zaragoza,Víctor Fernández,20,Left-Back,Real Zaragoza B,-,in,Winter,0,Primera Division,2007,2007/2008
Real Zaragoza,Ewerthon,26,Centre-Forward,VfB Stuttgart,"End of loanDec 1, 2007",in,Winter,0,Primera Division,2007,2007/2008
Real Zaragoza,Andrés D'Alessandro,26,Attacking Midfield,San Lorenzo,£3.15m,out,Winter,3.15,Primera Division,2007,2007/2008
Real Zaragoza,Ewerthon,26,Centre-Forward,Espanyol,loan transfer,out,Winter,NA,Primera Division,2007,2007/2008
FC Barcelona,José Manuel Pinto,32,Goalkeeper,Celta de Vigo,Loan fee:£450Th.,in,Winter,0.45,Primera Division,2007,2007/2008
FC Barcelona,Pedro,20,Right Winger,Barcelona B,-,in,Winter,0,Primera Division,2007,2007/2008
FC Barcelona,Marc Crosas,19,Defensive Midfield,Olympique Lyon,loan transfer,out,Winter,NA,Primera Division,2007,2007/2008
