club_name,player_name,age,position,club_involved_name,fee,transfer_movement,transfer_period,fee_cleaned,league_name,year,season
Arsenal FC,Stefan Schwarz,25,Central Midfield,Benfica,£900Th.,in,Summer,0.9,Premier League,1994,1994/1995
Arsenal FC,Lee Harper,22,Goalkeeper,Sittingbourne FC,£162Th.,in,Summer,0.162,Premier League,1994,1994/1995
Arsenal FC,Vince Bartram,25,Goalkeeper,Bournemouth,?,in,Summer,NA,Premier League,1994,1994/1995
Arsenal FC,Matthew Rose,18,Defender,Arsenal U18,-,in,Summer,0,Premier League,1994,1994/1995
Arsenal FC,Kevin Campbell,24,Centre-Forward,Nottm Forest,£3.78m,out,Summer,3.78,Premier League,1994,1994/1995
Arsenal FC,Scott Marshall,21,Centre-Back,Sheffield Utd.,Loan,out,Summer,0,Premier League,1994,1994/1995
Nottingham Forest,Kevin Campbell,24,Centre-Forward,Arsenal,£3.78m,in,Summer,3.78,Premier League,1994,1994/1995
Nottingham Forest,Bryan Roy,24,Left Winger,Foggia,£2.25m,in,Summer,2.25,Premier League,1994,1994/1995
Nottingham Forest,Kingsley Black,26,Left Midfield,Sheffield Utd.,"End of loanMay 31, 1995",in,Summer,0,Premier League,1994,1994/1995
Nottingham Forest,Carl Tiler,25,Centre-Back,Swindon Town,"End of loanMay 31, 1995",in,Summer,0,Premier League,1994,1994/1995
Nottingham Forest,Gary Bull,28,Forward,Birmingham,"End of loanMay 31, 1995",in,Summer,0,Premier League,1994,1994/1995
Nottingham Forest,Vance Warner,20,Defender,Nottingham U18,-,in,Summer,0,Premier League,1994,1994/1995
Nottingham Forest,Lee Glover,24,Forward,Port Vale,£216Th.,out,Summer,0.216,Premier League,1994,1994/1995
Nottingham Forest,Gary Crosby,30,Midfielder,Huddersfield,Free transfer,out,Summer,0,Premier League,1994,1994/1995
Nottingham Forest,Gary Bull,28,Forward,Birmingham,Loan,out,Summer,0,Premier League,1994,1994/1995
Newcastle United,Darren Peacock,26,Centre-Back,QPR,£4.50m,in,Summer,4.5,Premier League,1994,1994/1995
Newcastle United,Paul Kitson,23,Centre-Forward,Derby,£3.04m,in,Summer,3.04,Premier League,1994,1994/1995
Newcastle United,Marc Hottiger,26,Right-Back,FC Sion,£720Th.,in,Summer,0.72,Premier League,1994,1994/1995
Newcastle United,Steve Guppy,25,Left Winger,Wycombe,£180Th.,in,Summer,0.18,Premier League,1994,1994/1995
Newcastle United,Philippe Albert,26,Centre-Back,RSC Anderlecht,Free transfer,in,Summer,0,Premier League,1994,1994/1995
Newcastle United,Mike Hooper,31,Goalkeeper,Sunderland,"End of loanMay 31, 1995",in,Summer,0,Premier League,1994,1994/1995
Newcastle United,Richard Appleby,19,Midfielder,Darlington,"End of loanMay 31, 1995",in,Summer,0,Premier League,1994,1994/1995
Newcastle United,Richard Appleby,18,Midfielder,Newcastle U18,-,in,Summer,0,Premier League,1994,1994/1995
Newcastle United,Mark Robinson,25,Defender,Swindon Town,£671Th.,out,Summer,0.671,Premier League,1994,1994/1995
Newcastle United,Liam O'Brien,29,Defensive Midfield,Tranmere Rovers,£383Th.,out,Summer,0.383,Premier League,1994,1994/1995
Newcastle United,Nikodimos Papavasiliou,24,Left Winger,OFI Crete,Free transfer,out,Summer,0,Premier League,1994,1994/1995
Newcastle United,Richard Appleby,18,Midfielder,Darlington,Loan,out,Summer,0,Premier League,1994,1994/1995
Newcastle United,Kevin Brock,32,Midfielder,Stockport,?,out,Summer,NA,Premier League,1994,1994/1995
Newcastle United,Mike Hooper,31,Goalkeeper,Retired,-,out,Summer,0,Premier League,1994,1994/1995
Crystal Palace,Darren Pitcher,24,Defender,Charlton,£801Th.,in,Summer,0.801,Premier League,1994,1994/1995
Crystal Palace,Ray Wilkins,37,Central Midfield,QPR,?,in,Summer,NA,Premier League,1994,1994/1995
Crystal Palace,Rhys Wilmot,32,Goalkeeper,Grimsby Town,?,in,Summer,NA,Premier League,1994,1994/1995
Crystal Palace,Paul Williams,29,Forward,Birmingham,"End of loanMay 31, 1995",in,Summer,0,Premier League,1994,1994/1995
Crystal Palace,Jason Harris,18,Forward,Dover Athletic,"End of loanMay 31, 1995",in,Summer,0,Premier League,1994,1994/1995
Crystal Palace,Glen Little,18,Right Winger,Palace U18,-,in,Summer,0,Premier League,1994,1994/1995
Crystal Palace,Steven Thomson,16,Central Midfield,Palace U18,-,in,Summer,0,Premier League,1994,1994/1995
Crystal Palace,Jason Harris,17,Forward,Palace U18,-,in,Summer,0,Premier League,1994,1994/1995
Crystal Palace,David Whyte,23,Forward,Charlton,£513Th.,out,Summer,0.513,Premier League,1994,1994/1995
Crystal Palace,Paul Mortimer,26,Midfielder,Charlton,£226Th.,out,Summer,0.226,Premier League,1994,1994/1995
Crystal Palace,Simon Osborn,22,Central Midfield,Reading,£135Th.,out,Summer,0.135,Premier League,1994,1994/1995
Crystal Palace,Stuart Massey,29,Midfielder,Oxford United,Free transfer,out,Summer,0,Premier League,1994,1994/1995
Crystal Palace,Andy Thorn,27,Centre-Back,Wimbledon FC,?,out,Summer,NA,Premier League,1994,1994/1995
Crystal Palace,Niall Thompson,20,Forward,Colchester Utd.,?,out,Summer,NA,Premier League,1994,1994/1995
Crystal Palace,Andy Woodman,22,Goalkeeper,Exeter City,?,out,Summer,NA,Premier League,1994,1994/1995
Crystal Palace,Tony Scully,18,Midfielder,Bournemouth,Loan,out,Summer,0,Premier League,1994,1994/1995
Manchester United,David May,24,Centre-Back,Blackburn,£1.89m,in,Summer,1.89,Premier League,1994,1994/1995
Manchester United,Graeme Tomlinson,18,Forward,Bradford,£108Th.,in,Summer,0.108,Premier League,1994,1994/1995
Manchester United,Grant Brebner,16,Defensive Midfield,Hutchison Vale BC,?,in,Summer,NA,Premier League,1994,1994/1995
Manchester United,David Johnson,17,Left Winger,Man Utd U18,-,in,Summer,0,Premier League,1994,1994/1995
Manchester United,Colin Murdock,18,Centre-Back,Man Utd U18,-,in,Summer,0,Premier League,1994,1994/1995
Manchester United,Ronnie Wallwork,16,Central Midfield,Man Utd U18,-,in,Summer,0,Premier League,1994,1994/1995
Manchester United,Nicky Butt,19,Central Midfield,Man Utd U18,-,in,Summer,0,Premier League,1994,1994/1995
Manchester United,Phil Neville,17,Right-Back,Man Utd U18,-,in,Summer,0,Premier League,1994,1994/1995
Manchester United,Gary Neville,19,Right-Back,Man Utd U18,-,in,Summer,0,Premier League,1994,1994/1995
Manchester United,Paul Scholes,19,Central Midfield,Man Utd U23,-,in,Summer,0,Premier League,1994,1994/1995
Manchester United,Gary Walsh,26,Goalkeeper,Oldham Athletic,"End of loanJun 30, 1994",in,Summer,0,Premier League,1994,1994/1995
Manchester United,Dion Dublin,25,Centre-Forward,Coventry,£2.70m,out,Summer,2.7,Premier League,1994,1994/1995
Manchester United,Gary Walsh,26,Goalkeeper,Middlesbrough,£630Th.,out,Summer,0.63,Premier League,1994,1994/1995
Manchester United,Neil Whitworth,22,Centre-Back,Kilmarnock FC,£285Th.,out,Summer,0.285,Premier League,1994,1994/1995
Manchester United,Robbie Savage,19,Central Midfield,Crewe Alexandra,Free transfer,out,Summer,0,Premier League,1994,1994/1995
Manchester United,Mike Phelan,31,Defensive Midfield,West Brom,Free transfer,out,Summer,0,Premier League,1994,1994/1995
Manchester United,Les Sealey,36,Goalkeeper,Blackpool,Free transfer,out,Summer,0,Premier League,1994,1994/1995
Manchester United,Bryan Robson,37,Central Midfield,Middlesbrough,?,out,Summer,NA,Premier League,1994,1994/1995
Manchester United,Clayton Blackmore,29,Left-Back,Middlesbrough,?,out,Summer,NA,Premier League,1994,1994/1995
Manchester United,Craig Lawton,22,Left Midfield,Port Vale,?,out,Summer,NA,Premier League,1994,1994/1995
Coventry City,Dion Dublin,25,Centre-Forward,Man Utd,£2.70m,in,Summer,2.7,Premier League,1994,1994/1995
Coventry City,Steven Pressley,20,Centre-Back,Rangers,£810Th.,in,Summer,0.81,Premier League,1994,1994/1995
Coventry City,Cobi Jones,24,Right Winger,Unknown,?,in,Summer,NA,Premier League,1994,1994/1995
Coventry City,Gary Gillespie,34,Centre-Back,Celtic,?,in,Summer,NA,Premier League,1994,1994/1995
Coventry City,Alexander Robertson,23,Midfielder,Rangers,?,in,Summer,NA,Premier League,1994,1994/1995
Coventry City,Paul Cook,27,Midfielder,Wolves,?,in,Summer,NA,Premier League,1994,1994/1995
Coventry City,Paul Williams,25,Defender,Huddersfield,"End of loanMay 31, 1995",in,Summer,0,Premier League,1994,1994/1995
Coventry City,Iyseden Christie,17,Centre-Forward,Coventry U18,-,in,Summer,0,Premier League,1994,1994/1995
Coventry City,Andrew Ducros,16,Right Winger,Coventry U18,-,in,Summer,0,Premier League,1994,1994/1995
Coventry City,Brian Borrows,33,Right-Back,Bristol City,"End of loanJun 1, 1994",in,Summer,0,Premier League,1994,1994/1995
Coventry City,Phil Babb,23,Centre-Back,Liverpool,£4.88m,out,Summer,4.88,Premier League,1994,1994/1995
Coventry City,Peter Atherton,24,Right-Back,Sheff Wed,£1.04m,out,Summer,1.04,Premier League,1994,1994/1995
Coventry City,John Gayle,30,Centre-Forward,Burnley,£90Th.,out,Summer,0.09,Premier League,1994,1994/1995
Coventry City,Mick Harford,35,Centre-Forward,Wimbledon FC,£50Th.,out,Summer,0.05,Premier League,1994,1994/1995
Coventry City,Lloyd McGrath,29,Midfielder,Portsmouth,Free transfer,out,Summer,0,Premier League,1994,1994/1995
Coventry City,John Williams,26,Centre-Forward,Notts County,Loan,out,Summer,0,Premier League,1994,1994/1995
Coventry City,Micky Quinn,32,Centre-Forward,PAOK Salonika,Free transfer,out,Summer,0,Premier League,1994,1994/1995
Coventry City,Ray Woods,29,Attacking Midfield,Wigan,Loan,out,Summer,0,Premier League,1994,1994/1995
Coventry City,Roy Wegerle,31,Forward,Without Club,-,out,Summer,0,Premier League,1994,1994/1995
Coventry City,Nigel Jemson,25,Forward,Notts County,"End of loanMay 31, 1995",out,Summer,0,Premier League,1994,1994/1995
Wimbledon FC,Efan Ekoku,27,Centre-Forward,Norwich,£675Th.,in,Summer,0.675,Premier League,1994,1994/1995
Wimbledon FC,Mick Harford,35,Centre-Forward,Coventry,£50Th.,in,Summer,0.05,Premier League,1994,1994/1995
Wimbledon FC,Alan Reeves,26,Centre-Back,Rochdale,?,in,Summer,NA,Premier League,1994,1994/1995
Wimbledon FC,Andy Thorn,27,Centre-Back,Crystal Palace,?,in,Summer,NA,Premier League,1994,1994/1995
Wimbledon FC,Brendan Murphy,18,Goalkeeper,Bradford,?,in,Summer,NA,Premier League,1994,1994/1995
Wimbledon FC,Lutz Pfannenstiel,21,Goalkeeper,Penang,?,in,Summer,NA,Premier League,1994,1994/1995
Wimbledon FC,Aidan Newhouse,23,Forward,Portsmouth,"End of loanMay 31, 1995",in,Summer,0,Premier League,1994,1994/1995
Wimbledon FC,Steve Anthrobus,25,Centre-Forward,Peterborough,"End of loanJun 30, 1994",in,Summer,0,Premier League,1994,1994/1995
Wimbledon FC,John Scales,28,Centre-Back,Liverpool,£3.69m,out,Summer,3.69,Premier League,1994,1994/1995
Wimbledon FC,John Fashanu,31,Centre-Forward,Aston Villa,£1.46m,out,Summer,1.46,Premier League,1994,1994/1995
Wimbledon FC,Lawrie Sanchez,34,Central Midfield,Swindon Town,?,out,Summer,NA,Premier League,1994,1994/1995
Wimbledon FC,Paul Miller,26,Midfielder,Bristol Rovers,?,out,Summer,NA,Premier League,1994,1994/1995
Wimbledon FC,Steve Anthrobus,25,Centre-Forward,Chester City,Loan,out,Summer,0,Premier League,1994,1994/1995
Leicester City,Mark Draper,23,Attacking Midfield,Notts County,£1.69m,in,Summer,1.69,Premier League,1994,1994/1995
Leicester City,Franz Carr,28,Right Winger,Sheffield Utd.,£108Th.,in,Summer,0.108,Premier League,1994,1994/1995
Leicester City,Franz Carr,27,Right Winger,Sheffield Utd.,Loan,in,Summer,0,Premier League,1994,1994/1995
Leicester City,Ian Ormondroyd,30,Forward,Hull City,"End of loanMay 31, 1995",in,Summer,0,Premier League,1994,1994/1995
Leicester City,Julian Joachim,19,Centre-Forward,Leicester U23,-,in,Summer,0,Premier League,1994,1994/1995
Leicester City,Russell Hoult,21,Goalkeeper,Lincoln City,"End of loanOct 1, 1994",in,Summer,0,Premier League,1994,1994/1995
Leicester City,Gary Mills,32,Defensive Midfield,Notts County,£54Th.,out,Summer,0.054,Premier League,1994,1994/1995
Leicester City,Russell Hoult,21,Goalkeeper,Lincoln City,Loan,out,Summer,0,Premier League,1994,1994/1995
Leicester City,Colin Gibson,34,Left-Back,Blackpool,Free transfer,out,Summer,0,Premier League,1994,1994/1995
Leicester City,David Speedie,34,Centre-Forward,Crawley Town,?,out,Summer,NA,Premier League,1994,1994/1995
Leicester City,Mike Galloway,29,Centre-Back,Celtic,"End of loanMay 4, 1995",out,Summer,0,Premier League,1994,1994/1995
Leicester City,Franz Carr,28,Right Winger,Sheffield Utd.,"End of loanOct 10, 1994",out,Summer,0,Premier League,1994,1994/1995
Sheffield Wednesday,Ian Nolan,24,Defender,Tranmere Rovers,£2.03m,in,Summer,2.03,Premier League,1994,1994/1995
Sheffield Wednesday,Peter Atherton,24,Right-Back,Coventry,£1.04m,in,Summer,1.04,Premier League,1994,1994/1995
Sheffield Wednesday,Dan Petrescu,26,Right-Back,Genoa,?,in,Summer,NA,Premier League,1994,1994/1995
Sheffield Wednesday,Ian Taylor,26,Midfielder,Port Vale,?,in,Summer,NA,Premier League,1994,1994/1995
Sheffield Wednesday,Klas Ingesson,25,Defensive Midfield,PSV Eindhoven,?,in,Summer,NA,Premier League,1994,1994/1995
Sheffield Wednesday,Lee Briscoe,18,Left-Back,Sheff Wed U18,-,in,Summer,0,Premier League,1994,1994/1995
Sheffield Wednesday,Phil King,26,Left-Back,Notts County,"End of loanJun 30, 1994",in,Summer,0,Premier League,1994,1994/1995
Sheffield Wednesday,Carlton Palmer,28,Defensive Midfield,Leeds,£2.84m,out,Summer,2.84,Premier League,1994,1994/1995
Sheffield Wednesday,Nigel Pearson,30,Centre-Back,Middlesbrough,£810Th.,out,Summer,0.81,Premier League,1994,1994/1995
Sheffield Wednesday,Nigel Worthington,32,Left-Back,Leeds,£360Th.,out,Summer,0.36,Premier League,1994,1994/1995
Sheffield Wednesday,Nigel Jemson,25,Forward,Notts County,£338Th.,out,Summer,0.338,Premier League,1994,1994/1995
Sheffield Wednesday,Simon Coleman,26,Defender,Bolton,£286Th.,out,Summer,0.286,Premier League,1994,1994/1995
Sheffield Wednesday,Phil King,26,Left-Back,Aston Villa,£216Th.,out,Summer,0.216,Premier League,1994,1994/1995
Sheffield Wednesday,Roland Nilsson,30,Right-Back,Helsingborg,?,out,Summer,NA,Premier League,1994,1994/1995
Sheffield Wednesday,Trevor Francis,40,Centre-Forward,Retired,-,out,Summer,0,Premier League,1994,1994/1995
Queens Park Rangers,Steve Hodge,31,Central Midfield,Leeds,£324Th.,in,Summer,0.324,Premier League,1994,1994/1995
Queens Park Rangers,Sieb Dijkstra,27,Goalkeeper,Motherwell FC,?,in,Summer,NA,Premier League,1994,1994/1995
Queens Park Rangers,Matt Brazier,17,Midfielder,Unknown,?,in,Summer,NA,Premier League,1994,1994/1995
Queens Park Rangers,Dennis Bailey,29,Forward,Brentford,"End of loanMay 31, 1995",in,Summer,0,Premier League,1994,1994/1995
Queens Park Rangers,Marvin Bryan,19,Midfielder,Doncaster,"End of loanMay 31, 1995",in,Summer,0,Premier League,1994,1994/1995
Queens Park Rangers,Trevor Challis,18,Defender,QPR U18,-,in,Summer,0,Premier League,1994,1994/1995
Queens Park Rangers,Chris Plummer,17,Centre-Back,QPR U18,-,in,Summer,0,Premier League,1994,1994/1995
Queens Park Rangers,Darren Peacock,26,Centre-Back,Newcastle,£4.50m,out,Summer,4.5,Premier League,1994,1994/1995
Queens Park Rangers,Dougie Freedman,20,Centre-Forward,Barnet,Free transfer,out,Summer,0,Premier League,1994,1994/1995
Queens Park Rangers,Maurice Doyle,25,Midfielder,Millwall,?,out,Summer,NA,Premier League,1994,1994/1995
Queens Park Rangers,Ray Wilkins,37,Central Midfield,Crystal Palace,?,out,Summer,NA,Premier League,1994,1994/1995
Queens Park Rangers,Jan Stejskal,32,Goalkeeper,Slavia Prague,?,out,Summer,NA,Premier League,1994,1994/1995
Queens Park Rangers,Darren Finlay,20,Midfielder,Doncaster,?,out,Summer,NA,Premier League,1994,1994/1995
Ipswich Town,Claus Thomsen,24,Centre-Back,Aarhus GF,£315Th.,in,Summer,0.315,Premier League,1994,1994/1995
Ipswich Town,Mauricio Taricco,21,Left-Back,Argentinos Jrs.,£221Th.,in,Summer,0.221,Premier League,1994,1994/1995
Ipswich Town,Adrián Paz,25,Midfielder,Estudiantes,?,in,Summer,NA,Premier League,1994,1994/1995
Ipswich Town,Neil Gregory,22,Centre-Forward,Scunthorpe Utd.,"End of loanMay 31, 1995",in,Summer,0,Premier League,1994,1994/1995
Ipswich Town,David Gregory,25,Midfielder,Hereford Utd.,"End of loanMay 31, 1995",in,Summer,0,Premier League,1994,1994/1995
Ipswich Town,Kevin Ellis,17,Defender,Ipswich U18,-,in,Summer,0,Premier League,1994,1994/1995
Ipswich Town,Tony Vaughan,18,Left-Back,Ipswich U18,-,in,Summer,0,Premier League,1994,1994/1995
Ipswich Town,Lee Norfolk,18,Central Midfield,Ipswich U18,-,in,Summer,0,Premier League,1994,1994/1995
Ipswich Town,James Scowcroft,18,Forward,Ipswich U18,-,in,Summer,0,Premier League,1994,1994/1995
Ipswich Town,Paul Goddard,34,Centre-Forward,Retired,-,out,Summer,0,Premier League,1994,1994/1995
Chelsea FC,Paul Furlong,25,Centre-Forward,Watford,£3.15m,in,Summer,3.15,Premier League,1994,1994/1995
Chelsea FC,David Rocastle,27,Attacking Midfield,Man City,£1.33m,in,Summer,1.33,Premier League,1994,1994/1995
Chelsea FC,Scott Minto,22,Left-Back,Charlton,£1.04m,in,Summer,1.04,Premier League,1994,1994/1995
Chelsea FC,Alan Judge,34,Goalkeeper,Hereford Utd.,?,in,Summer,NA,Premier League,1994,1994/1995
Chelsea FC,Nick Colgan,21,Goalkeeper,Grimsby Town,"End of loanMay 1, 1995",in,Summer,0,Premier League,1994,1994/1995
Chelsea FC,Muzzy Izzet,19,Right Midfield,Chelsea U18,-,in,Summer,0,Premier League,1994,1994/1995
Chelsea FC,Paul Hughes,18,Central Midfield,Chelsea U18,-,in,Summer,0,Premier League,1994,1994/1995
Chelsea FC,Tony Cascarino,31,Centre-Forward,Marseille,Free transfer,out,Summer,0,Premier League,1994,1994/1995
Chelsea FC,Darren Barnard,22,Left-Back,Reading,Loan,out,Summer,0,Premier League,1994,1994/1995
Chelsea FC,Nick Colgan,21,Goalkeeper,Grimsby Town,Loan,out,Summer,0,Premier League,1994,1994/1995
Chelsea FC,Alan Judge,35,Goalkeeper,Without Club,-,out,Summer,0,Premier League,1994,1994/1995
Chelsea FC,David Lee,24,Centre-Back,Portsmouth,Loan,out,Summer,0,Premier League,1994,1994/1995
Everton FC,Daniel Amokachi,21,Centre-Forward,Club Brugge,£3.15m,in,Summer,3.15,Premier League,1994,1994/1995
Everton FC,Vinny Samways,25,Central Midfield,Spurs,?,in,Summer,NA,Premier League,1994,1994/1995
Everton FC,David Burrows,25,Left-Back,West Ham,?,in,Summer,NA,Premier League,1994,1994/1995
Everton FC,Ian Durrant,27,Attacking Midfield,Rangers,Loan,in,Summer,0,Premier League,1994,1994/1995
Everton FC,Neil Moore,22,Defender,Oldham Athletic,"End of loanMay 31, 1995",in,Summer,0,Premier League,1994,1994/1995
Everton FC,Alex Smith,18,Defender,Everton U18,-,in,Summer,0,Premier League,1994,1994/1995
Everton FC,Robert Warzycha,30,Right Winger,Pécsi MFC,Free transfer,out,Summer,0,Premier League,1994,1994/1995
Everton FC,John Doolan,20,Central Midfield,Mansfield Town,?,out,Summer,NA,Premier League,1994,1994/1995
Everton FC,Mark Ward,31,Left-Back,Birmingham,?,out,Summer,NA,Premier League,1994,1994/1995
Everton FC,Preki,31,Attacking Midfield,Portsmouth,?,out,Summer,NA,Premier League,1994,1994/1995
Everton FC,Tony Cottee,29,Centre-Forward,West Ham,?,out,Summer,NA,Premier League,1994,1994/1995
Everton FC,Neil Moore,21,Defender,Blackpool,Loan,out,Summer,0,Premier League,1994,1994/1995
Everton FC,Ian Snodin,31,Right-Back,Sunderland,Loan,out,Summer,0,Premier League,1994,1994/1995
Liverpool FC,Phil Babb,23,Centre-Back,Coventry,£4.88m,in,Summer,4.88,Premier League,1994,1994/1995
Liverpool FC,John Scales,28,Centre-Back,Wimbledon FC,£3.69m,in,Summer,3.69,Premier League,1994,1994/1995
Liverpool FC,Michael Stensgaard,19,Goalkeeper,Hvidovre IF,£432Th.,in,Summer,0.432,Premier League,1994,1994/1995
Liverpool FC,Alec Chamberlain,30,Goalkeeper,Sunderland,Loan,in,Summer,0,Premier League,1994,1994/1995
Liverpool FC,Paul Stewart,30,Defensive Midfield,Burnley,"End of loanMay 31, 1995",in,Summer,0,Premier League,1994,1994/1995
Liverpool FC,Don Hutchison,19,Attacking Midfield,West Ham,£2.03m,out,Summer,2.03,Premier League,1994,1994/1995
Liverpool FC,Scott Paterson,22,Centre-Back,Bristol City,Free transfer,out,Summer,0,Premier League,1994,1994/1995
Liverpool FC,Bruce Grobbelaar,36,Goalkeeper,Southampton,Free transfer,out,Summer,0,Premier League,1994,1994/1995
Liverpool FC,Paul Stewart,29,Defensive Midfield,Wolves,Loan,out,Summer,0,Premier League,1994,1994/1995
Liverpool FC,Ronnie Whelan,32,Left Midfield,Southend United,Free transfer,out,Summer,0,Premier League,1994,1994/1995
Liverpool FC,Mark Walters,30,Left Midfield,Wolves,Loan,out,Summer,0,Premier League,1994,1994/1995
Liverpool FC,Torben Piechnik,31,Centre-Back,Aarhus GF,?,out,Summer,NA,Premier League,1994,1994/1995
Liverpool FC,Alec Chamberlain,30,Goalkeeper,Sunderland,"End of loanApr 28, 1995",out,Summer,0,Premier League,1994,1994/1995
Tottenham Hotspur,Ilie Dumitrescu,25,Left Winger,Steaua Bukarest,£3.33m,in,Summer,3.33,Premier League,1994,1994/1995
Tottenham Hotspur,Gheorghe Popescu,26,Centre-Back,PSV Eindhoven,£2.61m,in,Summer,2.61,Premier League,1994,1994/1995
Tottenham Hotspur,Jürgen Klinsmann,29,Centre-Forward,Monaco,£2.48m,in,Summer,2.48,Premier League,1994,1994/1995
Tottenham Hotspur,Owen Coll,18,Centre-Back,Enfield FC,?,in,Summer,NA,Premier League,1994,1994/1995
Tottenham Hotspur,Jamie Clapham,18,Left-Back,Tottenham U18,-,in,Summer,0,Premier League,1994,1994/1995
Tottenham Hotspur,Steve Slade,18,Forward,Tottenham U21,-,in,Summer,0,Premier League,1994,1994/1995
Tottenham Hotspur,Andy Turner,19,Midfielder,Wycombe,"End of loanOct 9, 1994",in,Summer,0,Premier League,1994,1994/1995
Tottenham Hotspur,Gudni Bergsson,29,Centre-Back,Valur,"End of loanOct 1, 1994",in,Summer,0,Premier League,1994,1994/1995
Tottenham Hotspur,Lee Hodges,20,Left Midfield,Barnet,Free transfer,out,Summer,0,Premier League,1994,1994/1995
Tottenham Hotspur,Neil Young,20,Right-Back,Bournemouth,Free transfer,out,Summer,0,Premier League,1994,1994/1995
Tottenham Hotspur,Andy Quy,17,Goalkeeper,Derby,Free transfer,out,Summer,0,Premier League,1994,1994/1995
Tottenham Hotspur,Andy Turner,19,Midfielder,Wycombe,Loan,out,Summer,0,Premier League,1994,1994/1995
Tottenham Hotspur,Steve Robinson,19,Attacking Midfield,Bournemouth,Free transfer,out,Summer,0,Premier League,1994,1994/1995
Tottenham Hotspur,Andy Turner,19,Midfielder,Doncaster,Loan,out,Summer,0,Premier League,1994,1994/1995
Tottenham Hotspur,Vinny Samways,25,Central Midfield,Everton,?,out,Summer,NA,Premier League,1994,1994/1995
Tottenham Hotspur,Paul Moran,26,Forward,Peterborough,?,out,Summer,NA,Premier League,1994,1994/1995
Tottenham Hotspur,Jeff Minton,20,Midfielder,Brighton,?,out,Summer,NA,Premier League,1994,1994/1995
Tottenham Hotspur,Peter Beadle,22,Forward,Watford,?,out,Summer,NA,Premier League,1994,1994/1995
Tottenham Hotspur,John Hendry,24,Centre-Forward,Swansea,Loan,out,Summer,0,Premier League,1994,1994/1995
Blackburn Rovers,Chris Sutton,21,Centre-Forward,Norwich,£6.75m,in,Summer,6.75,Premier League,1994,1994/1995
Blackburn Rovers,Tony Gale,34,Centre-Back,West Ham,Free transfer,in,Summer,0,Premier League,1994,1994/1995
Blackburn Rovers,Shay Given,18,Goalkeeper,Celtic,Free transfer,in,Summer,0,Premier League,1994,1994/1995
Blackburn Rovers,Robbie Slater,29,Central Midfield,Lens,?,in,Summer,NA,Premier League,1994,1994/1995
Blackburn Rovers,Marlon Broomes,16,Centre-Back,Blackburn U18,-,in,Summer,0,Premier League,1994,1994/1995
Blackburn Rovers,Wayne Gill,18,Midfielder,Blackburn U18,-,in,Summer,0,Premier League,1994,1994/1995
Blackburn Rovers,Thomas Morgan,17,Defensive Midfield,Blackburn U18,-,in,Summer,0,Premier League,1994,1994/1995
Blackburn Rovers,David May,24,Centre-Back,Man Utd,£1.89m,out,Summer,1.89,Premier League,1994,1994/1995
Blackburn Rovers,Simon Ireland,22,Midfielder,Mansfield Town,£68Th.,out,Summer,0.068,Premier League,1994,1994/1995
Blackburn Rovers,Andy Morrison,23,Centre-Back,Blackpool,?,out,Summer,NA,Premier League,1994,1994/1995
Blackburn Rovers,Kevin Moran,38,Centre-Back,Retired,-,out,Summer,0,Premier League,1994,1994/1995
Southampton FC,Ronnie Ekelund,22,Left Midfield,FC Barcelona B,£585Th.,in,Summer,0.585,Premier League,1994,1994/1995
Southampton FC,Bruce Grobbelaar,36,Goalkeeper,Liverpool,Free transfer,in,Summer,0,Premier League,1994,1994/1995
Southampton FC,Peter Whiston,26,Centre-Back,Exeter City,£34Th.,in,Summer,0.034,Premier League,1994,1994/1995
Southampton FC,Nicky Banger,23,Centre-Forward,Oldham Athletic,£270Th.,out,Summer,0.27,Premier League,1994,1994/1995
Southampton FC,Steve Wood,31,Centre-Back,Oxford United,Free transfer,out,Summer,0,Premier League,1994,1994/1995
Southampton FC,Micky Adams,32,Left-Back,Fulham,Free transfer,out,Summer,0,Premier League,1994,1994/1995
Southampton FC,Kevin Moore,36,Defender,Fulham,Free transfer,out,Summer,0,Premier League,1994,1994/1995
Southampton FC,Terry Hurlock,35,Central Midfield,Fulham,?,out,Summer,NA,Premier League,1994,1994/1995
Southampton FC,Lee Powell,21,Forward,Unknown,?,out,Summer,NA,Premier League,1994,1994/1995
Southampton FC,Colin Cramb,20,Centre-Forward,Falkirk FC,?,out,Summer,NA,Premier League,1994,1994/1995
Southampton FC,Ian Andrews,29,Goalkeeper,Bournemouth,?,out,Summer,NA,Premier League,1994,1994/1995
Manchester City,Nicky Summerbee,22,Right Midfield,Swindon Town,£2.03m,in,Summer,2.03,Premier League,1994,1994/1995
Manchester City,Simon Tracey,26,Goalkeeper,Sheffield Utd.,Loan,in,Summer,0,Premier League,1994,1994/1995
Manchester City,Martyn Margetson,23,Goalkeeper,Luton,"End of loanMay 1, 1995",in,Summer,0,Premier League,1994,1994/1995
Manchester City,Michael Quigley,24,Midfielder,Wrexham,"End of loanMay 31, 1995",in,Summer,0,Premier League,1994,1994/1995
Manchester City,Lee Crooks,16,Defensive Midfield,Man City U18,-,in,Summer,0,Premier League,1994,1994/1995
Manchester City,Jeff Whitley,15,Defensive Midfield,Man City U18,-,in,Summer,0,Premier League,1994,1994/1995
Manchester City,Fitzroy Simpson,24,Midfielder,Bristol City,"End of loanJun 30, 1994",in,Summer,0,Premier League,1994,1994/1995
Manchester City,David Rocastle,27,Attacking Midfield,Chelsea,£1.33m,out,Summer,1.33,Premier League,1994,1994/1995
Manchester City,Mike Sheron,22,Centre-Forward,Norwich,£1.24m,out,Summer,1.24,Premier League,1994,1994/1995
Manchester City,Steffen Karl,24,Defensive Midfield,FC Sion,Free transfer,out,Summer,0,Premier League,1994,1994/1995
Manchester City,Alfons Groenendijk,30,Defensive Midfield,Sparta R.,?,out,Summer,NA,Premier League,1994,1994/1995
West Ham United,Don Hutchison,19,Attacking Midfield,Liverpool,£2.03m,in,Summer,2.03,Premier League,1994,1994/1995
West Ham United,Marc Rieper,26,Centre-Back,Bröndby IF,£1.53m,in,Summer,1.53,Premier League,1994,1994/1995
West Ham United,Joey Beauchamp,23,Left Midfield,Oxford United,£1.26m,in,Summer,1.26,Premier League,1994,1994/1995
West Ham United,Adrian Whitbread,22,Centre-Back,Swindon Town,£560Th.,in,Summer,0.56,Premier League,1994,1994/1995
West Ham United,John Moncur,27,Central Midfield,Swindon Town,Free transfer,in,Summer,0,Premier League,1994,1994/1995
West Ham United,Mark Watson,21,Forward,Sutton Utd,?,in,Summer,NA,Premier League,1994,1994/1995
West Ham United,Ian Feuer,23,Goalkeeper,LA Salsa,?,in,Summer,NA,Premier League,1994,1994/1995
West Ham United,Tony Cottee,29,Centre-Forward,Everton,?,in,Summer,NA,Premier League,1994,1994/1995
West Ham United,Simon Webster,31,Defender,Oldham Athletic,"End of loanMay 31, 1995",in,Summer,0,Premier League,1994,1994/1995
West Ham United,Darren Currie,20,Midfielder,Shrewsbury,"End of loanMay 31, 1995",in,Summer,0,Premier League,1994,1994/1995
West Ham United,Ian Feuer,24,Goalkeeper,Peterborough,"End of loanMay 31, 1995",in,Summer,0,Premier League,1994,1994/1995
West Ham United,Jamie Victory,18,Left-Back,West Ham U18,-,in,Summer,0,Premier League,1994,1994/1995
West Ham United,Jeroen Boere,26,Centre-Forward,Portsmouth,"End of loanJun 30, 1994",in,Summer,0,Premier League,1994,1994/1995
West Ham United,Joey Beauchamp,23,Left Midfield,Swindon Town,£900Th.,out,Summer,0.9,Premier League,1994,1994/1995
West Ham United,Peter Butler,28,Midfielder,Notts County,£396Th.,out,Summer,0.396,Premier League,1994,1994/1995
West Ham United,Steve Jones,24,Forward,Bournemouth,£168Th.,out,Summer,0.168,Premier League,1994,1994/1995
West Ham United,Matt Holland,20,Central Midfield,Bournemouth,Free transfer,out,Summer,0,Premier League,1994,1994/1995
West Ham United,Tony Gale,34,Centre-Back,Blackburn,Free transfer,out,Summer,0,Premier League,1994,1994/1995
West Ham United,Darren Currie,19,Midfielder,Shrewsbury,Loan,out,Summer,0,Premier League,1994,1994/1995
West Ham United,Trevor Morley,34,Centre-Forward,SK Brann,Loan,out,Summer,0,Premier League,1994,1994/1995
West Ham United,Jeroen Boere,26,Centre-Forward,West Brom,Loan,out,Summer,0,Premier League,1994,1994/1995
West Ham United,David Burrows,25,Left-Back,Everton,?,out,Summer,NA,Premier League,1994,1994/1995
Leeds United,Carlton Palmer,28,Defensive Midfield,Sheff Wed,£2.84m,in,Summer,2.84,Premier League,1994,1994/1995
Leeds United,Nigel Worthington,32,Left-Back,Sheff Wed,£360Th.,in,Summer,0.36,Premier League,1994,1994/1995
Leeds United,Lucas Radebe,25,Centre-Back,Kaizer Chiefs,£338Th.,in,Summer,0.338,Premier League,1994,1994/1995
Leeds United,Philemon Masinga,25,Centre-Forward,Sundowns,?,in,Summer,NA,Premier League,1994,1994/1995
Leeds United,Paul Pettinger,19,Goalkeeper,Halifax Town,"End of loanMay 1, 1995",in,Summer,0,Premier League,1994,1994/1995
Leeds United,Nathan Lowndes,17,Centre-Forward,Leeds U18,-,in,Summer,0,Premier League,1994,1994/1995
Leeds United,Ryan Nicholls,21,Forward,Strømsgodset,"End of loanAug 31, 1994",in,Summer,0,Premier League,1994,1994/1995
Leeds United,Jon Newsome,23,Defender,Norwich,£1.35m,out,Summer,1.35,Premier League,1994,1994/1995
Leeds United,Steve Hodge,31,Central Midfield,QPR,£324Th.,out,Summer,0.324,Premier League,1994,1994/1995
Leeds United,Ray Wallace,24,Defender,Stoke City,Free transfer,out,Summer,0,Premier League,1994,1994/1995
Leeds United,Jamie Forrester,19,Left Winger,Scunthorpe Utd.,?,out,Summer,NA,Premier League,1994,1994/1995
Leeds United,Ryan Nicholls,21,Forward,Strømsgodset,Loan,out,Summer,0,Premier League,1994,1994/1995
Aston Villa,John Fashanu,31,Centre-Forward,Wimbledon FC,£1.46m,in,Summer,1.46,Premier League,1994,1994/1995
Aston Villa,Phil King,26,Left-Back,Sheff Wed,£216Th.,in,Summer,0.216,Premier League,1994,1994/1995
Aston Villa,Nii Lamptey,19,Attacking Midfield,PSV Eindhoven,Free transfer,in,Summer,0,Premier League,1994,1994/1995
Aston Villa,Gareth Farrelly,19,Left Midfield,Rotherham,"End of loanMay 1, 1995",in,Summer,0,Premier League,1994,1994/1995
Aston Villa,Bryan Small,23,Defender,Birmingham,"End of loanMay 31, 1995",in,Summer,0,Premier League,1994,1994/1995
Aston Villa,Guy Whittingham,29,Forward,Wolves,"End of loanJun 30, 1994",in,Summer,0,Premier League,1994,1994/1995
Aston Villa,Tony Daley,26,Right Winger,Wolves,£1.35m,out,Summer,1.35,Premier League,1994,1994/1995
Aston Villa,Neil Cox,22,Centre-Back,Middlesbrough,£1.26m,out,Summer,1.26,Premier League,1994,1994/1995
Aston Villa,Steve Froggatt,21,Midfielder,Wolves,£1.08m,out,Summer,1.08,Premier League,1994,1994/1995
Aston Villa,Matthias Breitkreutz,23,Attacking Midfield,Hansa Rostock,£144Th.,out,Summer,0.144,Premier League,1994,1994/1995
Aston Villa,Stefan Beinlich,22,Attacking Midfield,Hansa Rostock,£144Th.,out,Summer,0.144,Premier League,1994,1994/1995
Aston Villa,Dariusz Kubicki,31,Right-Back,Sunderland,?,out,Summer,NA,Premier League,1994,1994/1995
Aston Villa,Bryan Small,22,Defender,Birmingham,Loan,out,Summer,0,Premier League,1994,1994/1995
Norwich City,Jon Newsome,23,Defender,Leeds,£1.35m,in,Summer,1.35,Premier League,1994,1994/1995
Norwich City,Mike Sheron,22,Centre-Forward,Man City,£1.24m,in,Summer,1.24,Premier League,1994,1994/1995
Norwich City,Carl Bradshaw,25,Right-Back,Sheffield Utd.,?,in,Summer,NA,Premier League,1994,1994/1995
Norwich City,Mike Milligan,27,Midfielder,Oldham Athletic,?,in,Summer,NA,Premier League,1994,1994/1995
Norwich City,Keith O'Neill,18,Left Winger,Home Farm,?,in,Summer,NA,Premier League,1994,1994/1995
Norwich City,Danny Mills,17,Right-Back,Norwich U18,-,in,Summer,0,Premier League,1994,1994/1995
Norwich City,Jamie Cureton,18,Centre-Forward,Norwich U18,-,in,Summer,0,Premier League,1994,1994/1995
Norwich City,Ali Gibb,18,Right Midfield,Norwich U18,-,in,Summer,0,Premier League,1994,1994/1995
Norwich City,Chris Sutton,21,Centre-Forward,Blackburn,£6.75m,out,Summer,6.75,Premier League,1994,1994/1995
Norwich City,Efan Ekoku,27,Centre-Forward,Wimbledon FC,£675Th.,out,Summer,0.675,Premier League,1994,1994/1995
Norwich City,Colin Woodthorpe,25,Left-Back,Aberdeen FC,£540Th.,out,Summer,0.54,Premier League,1994,1994/1995
Norwich City,Ian Butterworth,30,Centre-Back,King's Lynn,Free transfer,out,Summer,0,Premier League,1994,1994/1995
Norwich City,David Smith,23,Midfielder,Oxford United,?,out,Summer,NA,Premier League,1994,1994/1995
Norwich City,Scott Howie,22,Goalkeeper,Motherwell FC,?,out,Summer,NA,Premier League,1994,1994/1995
Norwich City,Simon Tracey,27,Goalkeeper,Sheffield Utd.,"End of loanMay 31, 1995",out,Summer,0,Premier League,1994,1994/1995
Arsenal FC,John Hartson,19,Centre-Forward,Luton,£3.38m,in,Winter,3.38,Premier League,1994,1994/1995
Arsenal FC,Chris Kiwomya,25,Centre-Forward,Ipswich,£2.03m,in,Winter,2.03,Premier League,1994,1994/1995
Arsenal FC,Glenn Helder,26,Left Winger,Vitesse,?,in,Winter,NA,Premier League,1994,1994/1995
Arsenal FC,Jimmy Carter,29,Right Winger,Oxford United,"End of loanDec 31, 1994",in,Winter,0,Premier League,1994,1994/1995
Arsenal FC,Paul Davis,33,Central Midfield,Stabæk Fotball,Loan,out,Winter,0,Premier League,1994,1994/1995
Arsenal FC,Paul Shaw,21,Centre-Forward,Burnley,Loan,out,Winter,0,Premier League,1994,1994/1995
Arsenal FC,Jimmy Carter,29,Right Winger,Oxford United,Loan,out,Winter,0,Premier League,1994,1994/1995
Nottingham Forest,Craig Armstrong,19,Left Midfield,Burnley,"End of loanDec 31, 1994",in,Winter,0,Premier League,1994,1994/1995
Nottingham Forest,Brian Laws,33,Right-Back,Grimsby Town,Free transfer,out,Winter,0,Premier League,1994,1994/1995
Nottingham Forest,Kingsley Black,26,Left Midfield,Sheffield Utd.,Loan,out,Winter,0,Premier League,1994,1994/1995
Nottingham Forest,Craig Armstrong,19,Left Midfield,Burnley,Loan,out,Winter,0,Premier League,1994,1994/1995
Nottingham Forest,Carl Tiler,24,Centre-Back,Swindon Town,Loan,out,Winter,0,Premier League,1994,1994/1995
Newcastle United,Keith Gillespie,19,Right Midfield,Man Utd,£1.35m,in,Winter,1.35,Premier League,1994,1994/1995
Newcastle United,Jim Crawford,21,Midfielder,Bohemians,Free transfer,in,Winter,0,Premier League,1994,1994/1995
Newcastle United,Andy Cole,23,Centre-Forward,Man Utd,£8.64m,out,Winter,8.64,Premier League,1994,1994/1995
Newcastle United,Steve Guppy,25,Left Winger,Port Vale,£225Th.,out,Winter,0.225,Premier League,1994,1994/1995
Newcastle United,Mike Hooper,30,Goalkeeper,Sunderland,Loan,out,Winter,0,Premier League,1994,1994/1995
Crystal Palace,Iain Dowie,30,Centre-Forward,Southampton,£450Th.,in,Winter,0.45,Premier League,1994,1994/1995
Crystal Palace,Ray Houghton,33,Central Midfield,Aston Villa,£323Th.,in,Winter,0.323,Premier League,1994,1994/1995
Crystal Palace,Paul Williams,29,Forward,Sunderland,"End of loanFeb 19, 1995",in,Winter,0,Premier League,1994,1994/1995
Crystal Palace,Tony Scully,18,Midfielder,Bournemouth,"End of loanNov 1, 1994",in,Winter,0,Premier League,1994,1994/1995
Crystal Palace,Paul Williams,29,Forward,Sunderland,Loan,out,Winter,0,Premier League,1994,1994/1995
Crystal Palace,Paul Williams,29,Forward,Birmingham,Loan,out,Winter,0,Premier League,1994,1994/1995
Crystal Palace,Jamie Vincent,19,Left-Back,Bournemouth,£36Th.,out,Winter,0.036,Premier League,1994,1994/1995
Crystal Palace,Jason Harris,18,Forward,Dover Athletic,Loan,out,Winter,0,Premier League,1994,1994/1995
Crystal Palace,Tony Scully,18,Midfielder,Bournemouth,Loan,out,Winter,0,Premier League,1994,1994/1995
Manchester United,Andy Cole,23,Centre-Forward,Newcastle,£8.64m,in,Winter,8.64,Premier League,1994,1994/1995
Manchester United,David Beckham,19,Right Midfield,Preston NE,"End of loanMar 31, 1995",in,Winter,0,Premier League,1994,1994/1995
Manchester United,Keith Gillespie,19,Right Midfield,Newcastle,£1.35m,out,Winter,1.35,Premier League,1994,1994/1995
Manchester United,David Beckham,19,Right Midfield,Preston NE,Loan,out,Winter,0,Premier League,1994,1994/1995
Coventry City,David Burrows,26,Left-Back,Everton,£1.49m,in,Winter,1.49,Premier League,1994,1994/1995
Coventry City,Steven Pressley,20,Centre-Back,Rangers,£810Th.,in,Winter,0.81,Premier League,1994,1994/1995
Coventry City,John Filan,24,Goalkeeper,Cambridge Utd.,£540Th.,in,Winter,0.54,Premier League,1994,1994/1995
Coventry City,Mike Marsh,25,Central Midfield,West Ham,£495Th.,in,Winter,0.495,Premier League,1994,1994/1995
Coventry City,Kevin Richardson,32,Central Midfield,Aston Villa,£342Th.,in,Winter,0.342,Premier League,1994,1994/1995
Coventry City,Nigel Jemson,25,Forward,Notts County,Loan,in,Winter,0,Premier League,1994,1994/1995
Coventry City,John Williams,26,Centre-Forward,Stoke City,"End of loanFeb 1, 1995",in,Winter,0,Premier League,1994,1994/1995
Coventry City,John Williams,26,Centre-Forward,Notts County,"End of loanDec 1, 1994",in,Winter,0,Premier League,1994,1994/1995
Coventry City,Paul Williams,25,Defender,Huddersfield,"End of loanDec 17, 1994",in,Winter,0,Premier League,1994,1994/1995
Coventry City,John Williams,26,Centre-Forward,Stoke City,Loan,out,Winter,0,Premier League,1994,1994/1995
Coventry City,John Williams,26,Centre-Forward,Swansea,Loan,out,Winter,0,Premier League,1994,1994/1995
Coventry City,Paul Williams,25,Defender,Huddersfield,Loan,out,Winter,0,Premier League,1994,1994/1995
Coventry City,Lloyd McGrath,29,Midfielder,Portsmouth,Free transfer,out,Winter,0,Premier League,1994,1994/1995
Coventry City,John Williams,26,Centre-Forward,Notts County,Loan,out,Winter,0,Premier League,1994,1994/1995
Coventry City,Paul Williams,25,Defender,Huddersfield,Loan,out,Winter,0,Premier League,1994,1994/1995
Wimbledon FC,Öyvind Leonhardsen,24,Attacking Midfield,Rosenborg BK,£878Th.,in,Winter,0.878,Premier League,1994,1994/1995
Wimbledon FC,Kenny Cunningham,23,Centre-Back,Millwall,£810Th.,in,Winter,0.81,Premier League,1994,1994/1995
Wimbledon FC,Efan Ekoku,27,Centre-Forward,Norwich,£675Th.,in,Winter,0.675,Premier League,1994,1994/1995
Wimbledon FC,Peter Shilton,45,Goalkeeper,Plymouth,Free transfer,in,Winter,0,Premier League,1994,1994/1995
Wimbledon FC,Jon Goodman,23,Forward,Millwall,?,in,Winter,NA,Premier League,1994,1994/1995
Wimbledon FC,Peter Shilton,45,Goalkeeper,Bolton,Free transfer,out,Winter,0,Premier League,1994,1994/1995
Wimbledon FC,Aidan Newhouse,22,Forward,Portsmouth,Loan,out,Winter,0,Premier League,1994,1994/1995
Leicester City,Mark Robins,25,Centre-Forward,Norwich,£1.13m,in,Winter,1.13,Premier League,1994,1994/1995
Leicester City,Garry Parker,29,Central Midfield,Aston Villa,£405Th.,in,Winter,0.405,Premier League,1994,1994/1995
Leicester City,Franz Carr,28,Right Winger,Sheffield Utd.,£108Th.,in,Winter,0.108,Premier League,1994,1994/1995
Leicester City,Mike Galloway,29,Centre-Back,Celtic,Loan,in,Winter,0,Premier League,1994,1994/1995
Leicester City,Russell Hoult,21,Goalkeeper,Lincoln City,"End of loanOct 1, 1994",in,Winter,0,Premier League,1994,1994/1995
Leicester City,Steve Agnew,29,Central Midfield,Sunderland,£338Th.,out,Winter,0.338,Premier League,1994,1994/1995
Leicester City,Russell Hoult,22,Goalkeeper,Derby,£270Th.,out,Winter,0.27,Premier League,1994,1994/1995
Leicester City,Franz Carr,28,Right Winger,Aston Villa,£270Th.,out,Winter,0.27,Premier League,1994,1994/1995
Leicester City,Steve Thompson,30,Midfielder,Burnley,£225Th.,out,Winter,0.225,Premier League,1994,1994/1995
Leicester City,Ian Ormondroyd,30,Forward,Hull City,Loan,out,Winter,0,Premier League,1994,1994/1995
Leicester City,Franz Carr,28,Right Winger,Sheffield Utd.,"End of loanOct 10, 1994",out,Winter,0,Premier League,1994,1994/1995
Sheffield Wednesday,Guy Whittingham,30,Forward,Aston Villa,£900Th.,in,Winter,0.9,Premier League,1994,1994/1995
Sheffield Wednesday,O'Neill Donaldson,25,Centre-Forward,Doncaster,£52Th.,in,Winter,0.052,Premier League,1994,1994/1995
Sheffield Wednesday,Ian Taylor,26,Midfielder,Aston Villa,£1.35m,out,Winter,1.35,Premier League,1994,1994/1995
Sheffield Wednesday,Gordon Watson,23,Centre-Forward,Southampton,£1.31m,out,Winter,1.31,Premier League,1994,1994/1995
Sheffield Wednesday,Simon Coleman,26,Defender,Bolton,£286Th.,out,Winter,0.286,Premier League,1994,1994/1995
Queens Park Rangers,Steve Hodge,31,Central Midfield,Leeds,£324Th.,in,Winter,0.324,Premier League,1994,1994/1995
Queens Park Rangers,Devon White,30,Forward,Notts County,£125Th.,out,Winter,0.125,Premier League,1994,1994/1995
Queens Park Rangers,Dennis Bailey,29,Forward,Brentford,Loan,out,Winter,0,Premier League,1994,1994/1995
Queens Park Rangers,Marvin Bryan,19,Midfielder,Doncaster,Loan,out,Winter,0,Premier League,1994,1994/1995
Ipswich Town,Chris Swailes,24,Centre-Back,Doncaster,£304Th.,in,Winter,0.304,Premier League,1994,1994/1995
Ipswich Town,Lee Chapman,35,Centre-Forward,West Ham,£79Th.,in,Winter,0.079,Premier League,1994,1994/1995
Ipswich Town,Eddie Youds,24,Centre-Back,Bradford,"End of loanMar 16, 1995",in,Winter,0,Premier League,1994,1994/1995
Ipswich Town,Chris Kiwomya,25,Centre-Forward,Arsenal,£2.03m,out,Winter,2.03,Premier League,1994,1994/1995
Ipswich Town,Eddie Youds,24,Centre-Back,Bradford,£180Th.,out,Winter,0.18,Premier League,1994,1994/1995
Ipswich Town,David Gregory,24,Midfielder,Hereford Utd.,Loan,out,Winter,0,Premier League,1994,1994/1995
Ipswich Town,Eddie Youds,24,Centre-Back,Bradford,Loan,out,Winter,0,Premier League,1994,1994/1995
Ipswich Town,Neil Gregory,22,Centre-Forward,Scunthorpe Utd.,Loan,out,Winter,0,Premier League,1994,1994/1995
Chelsea FC,Neil Shipperley,20,Centre-Forward,Watford,"End of loanDec 1, 1994",in,Winter,0,Premier League,1994,1994/1995
Chelsea FC,Neil Shipperley,20,Centre-Forward,Southampton,£1.58m,out,Winter,1.58,Premier League,1994,1994/1995
Chelsea FC,Nick Colgan,21,Goalkeeper,Grimsby Town,Loan,out,Winter,0,Premier League,1994,1994/1995
Chelsea FC,Neil Shipperley,20,Centre-Forward,Watford,Loan,out,Winter,0,Premier League,1994,1994/1995
Everton FC,Duncan Ferguson,23,Centre-Forward,Rangers,£5.49m,in,Winter,5.49,Premier League,1994,1994/1995
Everton FC,Earl Barrett,27,Right-Back,Aston Villa,£2.25m,in,Winter,2.25,Premier League,1994,1994/1995
Everton FC,Ian Durrant,27,Attacking Midfield,Rangers,Loan,in,Winter,0,Premier League,1994,1994/1995
Everton FC,Neil Moore,22,Defender,Blackpool,"End of loanJan 9, 1995",in,Winter,0,Premier League,1994,1994/1995
Everton FC,Ian Snodin,31,Right-Back,Sunderland,"End of loanDec 13, 1994",in,Winter,0,Premier League,1994,1994/1995
Everton FC,David Burrows,26,Left-Back,Coventry,£1.49m,out,Winter,1.49,Premier League,1994,1994/1995
Everton FC,Brett Angell,26,Centre-Forward,Sunderland,£540Th.,out,Winter,0.54,Premier League,1994,1994/1995
Everton FC,Ian Snodin,31,Right-Back,Oldham Athletic,Free transfer,out,Winter,0,Premier League,1994,1994/1995
Everton FC,Neil Moore,22,Defender,Oldham Athletic,Loan,out,Winter,0,Premier League,1994,1994/1995
Everton FC,Ian Snodin,31,Right-Back,Sunderland,Loan,out,Winter,0,Premier League,1994,1994/1995
Everton FC,Ian Durrant,28,Attacking Midfield,Rangers,"End of loanDec 31, 1994",out,Winter,0,Premier League,1994,1994/1995
Liverpool FC,Mark Kennedy,18,Left-Back,Millwall,£1.85m,in,Winter,1.85,Premier League,1994,1994/1995
Liverpool FC,Mark Prudhoe,31,Goalkeeper,Stoke City,Loan,in,Winter,0,Premier League,1994,1994/1995
Liverpool FC,Paul Stewart,30,Defensive Midfield,Wolves,"End of loanFeb 7, 1995",in,Winter,0,Premier League,1994,1994/1995
Liverpool FC,Dominic Matteo,20,Left-Back,Sunderland,"End of loanMar 27, 1995",in,Winter,0,Premier League,1994,1994/1995
Liverpool FC,Steve Harkness,23,Left-Back,Southend United,"End of loanMar 31, 1995",in,Winter,0,Premier League,1994,1994/1995
Liverpool FC,Mark Walters,30,Left Midfield,Wolves,"End of loanDec 1, 1994",in,Winter,0,Premier League,1994,1994/1995
Liverpool FC,Stig Inge Björnebye,24,Left-Back,Rosenborg BK,"End of loanDec 1, 1994",in,Winter,0,Premier League,1994,1994/1995
Liverpool FC,Steve Nicol,33,Right-Back,Notts County,Free transfer,out,Winter,0,Premier League,1994,1994/1995
Liverpool FC,Steve Harkness,23,Left-Back,Southend United,Loan,out,Winter,0,Premier League,1994,1994/1995
Liverpool FC,Paul Stewart,30,Defensive Midfield,Burnley,Loan,out,Winter,0,Premier League,1994,1994/1995
Liverpool FC,Dominic Matteo,20,Left-Back,Sunderland,Loan,out,Winter,0,Premier League,1994,1994/1995
Liverpool FC,Mark Prudhoe,31,Goalkeeper,Stoke City,"End of loanJan 3, 1995",out,Winter,0,Premier League,1994,1994/1995
Tottenham Hotspur,Andy Turner,19,Midfielder,Wycombe,"End of loanOct 9, 1994",in,Winter,0,Premier League,1994,1994/1995
Tottenham Hotspur,Gudni Bergsson,29,Centre-Back,Valur,"End of loanOct 1, 1994",in,Winter,0,Premier League,1994,1994/1995
Tottenham Hotspur,Andy Turner,19,Midfielder,Doncaster,"End of loanNov 1, 1994",in,Winter,0,Premier League,1994,1994/1995
Tottenham Hotspur,Gudni Bergsson,29,Centre-Back,Bolton,£86Th.,out,Winter,0.086,Premier League,1994,1994/1995
Tottenham Hotspur,Ilie Dumitrescu,25,Left Winger,Sevilla FC,Loan,out,Winter,0,Premier League,1994,1994/1995
Tottenham Hotspur,Steve Robinson,19,Attacking Midfield,Bournemouth,Free transfer,out,Winter,0,Premier League,1994,1994/1995
Tottenham Hotspur,Andy Turner,19,Midfielder,Doncaster,Loan,out,Winter,0,Premier League,1994,1994/1995
Tottenham Hotspur,John Hendry,24,Centre-Forward,Swansea,Loan,out,Winter,0,Premier League,1994,1994/1995
Blackburn Rovers,Jeff Kenna,24,Right-Back,Southampton,£2.03m,in,Winter,2.03,Premier League,1994,1994/1995
Blackburn Rovers,Richard Witschge,25,Central Midfield,G. Bordeaux,?,in,Winter,NA,Premier League,1994,1994/1995
Blackburn Rovers,Alan Wright,23,Left-Back,Aston Villa,£1.35m,out,Winter,1.35,Premier League,1994,1994/1995
Blackburn Rovers,Peter Thorne,21,Centre-Forward,Swindon Town,£306Th.,out,Winter,0.306,Premier League,1994,1994/1995
Blackburn Rovers,Matt Dickins,24,Goalkeeper,Stockport,?,out,Winter,NA,Premier League,1994,1994/1995
Blackburn Rovers,Richard Brown,28,Right-Back,Stockport,?,out,Winter,NA,Premier League,1994,1994/1995
Southampton FC,Neil Shipperley,20,Centre-Forward,Chelsea,£1.58m,in,Winter,1.58,Premier League,1994,1994/1995
Southampton FC,Gordon Watson,23,Centre-Forward,Sheff Wed,£1.31m,in,Winter,1.31,Premier League,1994,1994/1995
Southampton FC,Christer Warren,20,Midfielder,Cheltenham,£45Th.,in,Winter,0.045,Premier League,1994,1994/1995
Southampton FC,Paul Allen,32,Midfielder,Luton,"End of loanDec 31, 1994",in,Winter,0,Premier League,1994,1994/1995
Southampton FC,Jeff Kenna,24,Right-Back,Blackburn,£2.03m,out,Winter,2.03,Premier League,1994,1994/1995
Southampton FC,Iain Dowie,30,Centre-Forward,Crystal Palace,£450Th.,out,Winter,0.45,Premier League,1994,1994/1995
Southampton FC,Nicky Banger,23,Centre-Forward,Oldham Athletic,£270Th.,out,Winter,0.27,Premier League,1994,1994/1995
Southampton FC,Paul Allen,32,Midfielder,Luton,Loan,out,Winter,0,Premier League,1994,1994/1995
Southampton FC,Neal Bartlett,19,Midfielder,Unknown,Free transfer,out,Winter,0,Premier League,1994,1994/1995
Southampton FC,Paul Allen,32,Midfielder,Stoke City,Loan,out,Winter,0,Premier League,1994,1994/1995
Manchester City,Maurizio Gaudino,28,Central Midfield,E. Frankfurt,Loan fee:£225Th.,in,Winter,0.225,Premier League,1994,1994/1995
Manchester City,Simon Tracey,26,Goalkeeper,Sheffield Utd.,Loan,in,Winter,0,Premier League,1994,1994/1995
Manchester City,John Burridge,43,Goalkeeper,Falkirk FC,Free transfer,in,Winter,0,Premier League,1994,1994/1995
Manchester City,Alan Kernaghan,27,Centre-Back,Bolton,Loan,out,Winter,0,Premier League,1994,1994/1995
Manchester City,Michael Quigley,24,Midfielder,Wrexham,Loan,out,Winter,0,Premier League,1994,1994/1995
Manchester City,Martyn Margetson,23,Goalkeeper,Luton,Loan,out,Winter,0,Premier League,1994,1994/1995
Manchester City,Steve McMahon,33,Central Midfield,Swindon Town,Free transfer,out,Winter,0,Premier League,1994,1994/1995
Manchester City,Simon Tracey,27,Goalkeeper,Sheffield Utd.,"End of loanDec 30, 1994",out,Winter,0,Premier League,1994,1994/1995
West Ham United,Michael Hughes,23,Attacking Midfield,R. Strasbourg,Free transfer,in,Winter,0,Premier League,1994,1994/1995
West Ham United,Les Sealey,37,Goalkeeper,Blackpool,Free transfer,in,Winter,0,Premier League,1994,1994/1995
West Ham United,Dieter Eckstein,30,Centre-Forward,FC Schalke 04,?,in,Winter,NA,Premier League,1994,1994/1995
West Ham United,Lee Chapman,35,Centre-Forward,Southend United,"End of loanJan 18, 1995",in,Winter,0,Premier League,1994,1994/1995
West Ham United,Jeroen Boere,27,Centre-Forward,West Brom,"End of loanDec 31, 1994",in,Winter,0,Premier League,1994,1994/1995
West Ham United,Mike Marsh,25,Central Midfield,Coventry,£495Th.,out,Winter,0.495,Premier League,1994,1994/1995
West Ham United,Peter Butler,28,Midfielder,Notts County,£396Th.,out,Winter,0.396,Premier League,1994,1994/1995
West Ham United,Steve Jones,24,Forward,Bournemouth,£168Th.,out,Winter,0.168,Premier League,1994,1994/1995
West Ham United,Lee Chapman,35,Centre-Forward,Ipswich,£79Th.,out,Winter,0.079,Premier League,1994,1994/1995
West Ham United,Lee Chapman,35,Centre-Forward,Southend United,Loan,out,Winter,0,Premier League,1994,1994/1995
West Ham United,Ian Feuer,23,Goalkeeper,Peterborough,Loan,out,Winter,0,Premier League,1994,1994/1995
West Ham United,Simon Webster,31,Defender,Oldham Athletic,Loan,out,Winter,0,Premier League,1994,1994/1995
West Ham United,Dale Gordon,27,Right Midfield,Peterborough,?,out,Winter,NA,Premier League,1994,1994/1995
Leeds United,Anthony Yeboah,28,Centre-Forward,E. Frankfurt,Loan fee:£900Th.,in,Winter,0.9,Premier League,1994,1994/1995
Leeds United,Paul Pettinger,19,Goalkeeper,Torquay United,"End of loanJan 1, 1995",in,Winter,0,Premier League,1994,1994/1995
Leeds United,Steve Hodge,31,Central Midfield,QPR,£324Th.,out,Winter,0.324,Premier League,1994,1994/1995
Leeds United,Paul Pettinger,19,Goalkeeper,Halifax Town,Loan,out,Winter,0,Premier League,1994,1994/1995
Leeds United,Paul Pettinger,19,Goalkeeper,Torquay United,Loan,out,Winter,0,Premier League,1994,1994/1995
Aston Villa,Tommy Johnson,23,Centre-Forward,Derby,£1.96m,in,Winter,1.96,Premier League,1994,1994/1995
Aston Villa,Ian Taylor,26,Midfielder,Sheff Wed,£1.35m,in,Winter,1.35,Premier League,1994,1994/1995
Aston Villa,Alan Wright,23,Left-Back,Blackburn,£1.35m,in,Winter,1.35,Premier League,1994,1994/1995
Aston Villa,Franz Carr,28,Right Winger,Leicester,£270Th.,in,Winter,0.27,Premier League,1994,1994/1995
Aston Villa,Gary Charles,24,Right-Back,Derby,?,in,Winter,NA,Premier League,1994,1994/1995
Aston Villa,Earl Barrett,27,Right-Back,Everton,£2.25m,out,Winter,2.25,Premier League,1994,1994/1995
Aston Villa,Guy Whittingham,30,Forward,Sheff Wed,£900Th.,out,Winter,0.9,Premier League,1994,1994/1995
Aston Villa,Garry Parker,29,Central Midfield,Leicester,£405Th.,out,Winter,0.405,Premier League,1994,1994/1995
Aston Villa,Kevin Richardson,32,Central Midfield,Coventry,£342Th.,out,Winter,0.342,Premier League,1994,1994/1995
Aston Villa,Ray Houghton,33,Central Midfield,Crystal Palace,£323Th.,out,Winter,0.323,Premier League,1994,1994/1995
Aston Villa,Chris Boden,21,Defender,Derby,£169Th.,out,Winter,0.169,Premier League,1994,1994/1995
Aston Villa,Gareth Farrelly,19,Left Midfield,Rotherham,Loan,out,Winter,0,Premier League,1994,1994/1995
Norwich City,Simon Tracey,27,Goalkeeper,Sheffield Utd.,Loan,in,Winter,0,Premier League,1994,1994/1995
Norwich City,Ade Akinbiyi,20,Centre-Forward,Brighton,"End of loanDec 1, 1994",in,Winter,0,Premier League,1994,1994/1995
Norwich City,Mark Robins,25,Centre-Forward,Leicester,£1.13m,out,Winter,1.13,Premier League,1994,1994/1995
Norwich City,Efan Ekoku,27,Centre-Forward,Wimbledon FC,£675Th.,out,Winter,0.675,Premier League,1994,1994/1995
Norwich City,Ian Culverhouse,30,Right-Back,Swindon Town,£284Th.,out,Winter,0.284,Premier League,1994,1994/1995
Norwich City,Ade Akinbiyi,20,Centre-Forward,Brighton,Loan,out,Winter,0,Premier League,1994,1994/1995
Norwich City,Scott Howie,22,Goalkeeper,Motherwell FC,?,out,Winter,NA,Premier League,1994,1994/1995
