club_name,player_name,age,position,club_involved_name,fee,transfer_movement,transfer_period,fee_cleaned,league_name,year,season
Fortuna Sittard,René van Dieren,20,Defensive Midfield,Feyenoord,Free transfer,in,Summer,0,Eredivisie,2001,2001/2002
Fortuna Sittard,Fritz Emeran,25,Right-Back,KRC Genk,Free transfer,in,Summer,0,Eredivisie,2001,2001/2002
Fortuna Sittard,Mischa Rook,28,Left Midfield,Cambuur L.,Free transfer,in,Summer,0,Eredivisie,2001,2001/2002
Fortuna Sittard,Laszló Mészarós,24,Midfielder,Elazigspor,Free transfer,in,Summer,0,Eredivisie,2001,2001/2002
Fortuna Sittard,Samir El Gaaouiri,17,Left Winger,VVV/Hel U19,?,in,Summer,NA,Eredivisie,2001,2001/2002
Fortuna Sittard,Tom Bastian,17,Attacking Midfield,Leicester U18,?,in,Summer,NA,Eredivisie,2001,2001/2002
Fortuna Sittard,Colin Cramb,27,Centre-Forward,Crewe Alexandra,?,in,Summer,NA,Eredivisie,2001,2001/2002
Fortuna Sittard,Chris Van Geem,30,Centre-Back,KRC Genk,Loan,in,Summer,0,Eredivisie,2001,2001/2002
Fortuna Sittard,Tycho Steegs,19,Defender,Maastricht U19,,in,Summer,NA,Eredivisie,2001,2001/2002
Fortuna Sittard,Robert Roest,31,Centre-Back,FC Utrecht,Free transfer,out,Summer,0,Eredivisie,2001,2001/2002
Fortuna Sittard,Mark Zegers,24,Goalkeeper,Helmond Sport,Free transfer,out,Summer,0,Eredivisie,2001,2001/2002
Fortuna Sittard,Roger Juffing,27,Goalkeeper,K Patro Maasmech,Free transfer,out,Summer,0,Eredivisie,2001,2001/2002
Fortuna Sittard,Ivo Pfennings,25,Right-Back,SV Meerssen,Free transfer,out,Summer,0,Eredivisie,2001,2001/2002
Fortuna Sittard,Cosmin Maris,26,Central Midfield,TOP Oss,?,out,Summer,NA,Eredivisie,2001,2001/2002
Fortuna Sittard,Rob Schulpen,20,Midfielder,VV IVS,?,out,Summer,NA,Eredivisie,2001,2001/2002
Fortuna Sittard,Nenad Bjekovic,27,Centre-Forward,Lommel SK,?,out,Summer,NA,Eredivisie,2001,2001/2002
Fortuna Sittard,Ruud Kool,34,Midfielder,VVV-Venlo,?,out,Summer,NA,Eredivisie,2001,2001/2002
Fortuna Sittard,Samir Amari,21,Midfielder,VVV-Venlo,?,out,Summer,NA,Eredivisie,2001,2001/2002
Fortuna Sittard,Wim Kiekens,33,Right-Back,Retired,-,out,Summer,0,Eredivisie,2001,2001/2002
Fortuna Sittard,Robert-Jan Zoetmulder,28,Goalkeeper,Retired,-,out,Summer,0,Eredivisie,2001,2001/2002
Fortuna Sittard,Fritz Emeran,25,Right-Back,KRC Genk,"End of loanJun 30, 2001",out,Summer,0,Eredivisie,2001,2001/2002
AZ Alkmaar,Ali Elkhattabi,24,Centre-Forward,Sparta R.,£1.44m,in,Summer,1.44,Eredivisie,2001,2001/2002
AZ Alkmaar,Ole Tobiasen,26,Centre-Back,Ajax,Free transfer,in,Summer,0,Eredivisie,2001,2001/2002
AZ Alkmaar,Theo Zwarthoed,18,Goalkeeper,FC Volendam,Free transfer,in,Summer,0,Eredivisie,2001,2001/2002
AZ Alkmaar,Alair Cruz Vicente,20,Left-Back,Desportiva-ES,?,in,Summer,NA,Eredivisie,2001,2001/2002
AZ Alkmaar,Patrick Huisman,21,Defender,AZ Alkmaar U21,-,in,Summer,0,Eredivisie,2001,2001/2002
AZ Alkmaar,Jeroen Ketting,20,Centre-Forward,AZ Alkmaar U21,-,in,Summer,0,Eredivisie,2001,2001/2002
AZ Alkmaar,Khalid Boulahrouz,19,Centre-Back,RKC Waalwijk,Free transfer,out,Summer,0,Eredivisie,2001,2001/2002
AZ Alkmaar,Okey Achonu,22,Goalkeeper,ADO '20,Free transfer,out,Summer,0,Eredivisie,2001,2001/2002
AZ Alkmaar,Robert van Westerop,22,Goalkeeper,FC Volendam,?,out,Summer,NA,Eredivisie,2001,2001/2002
AZ Alkmaar,Elbekay Bouchiba,22,Attacking Midfield,Sparta R.,?,out,Summer,NA,Eredivisie,2001,2001/2002
AZ Alkmaar,Raymond de Waard,28,Left Winger,RBC Roosendaal,?,out,Summer,NA,Eredivisie,2001,2001/2002
AZ Alkmaar,Youssef Fertout,30,Centre-Forward,Chabab,?,out,Summer,NA,Eredivisie,2001,2001/2002
AZ Alkmaar,Arno Schaap,26,Midfielder,Helmond Sport,?,out,Summer,NA,Eredivisie,2001,2001/2002
AZ Alkmaar,Henk Timmer,29,Goalkeeper,Feyenoord,Loan,out,Summer,0,Eredivisie,2001,2001/2002
De Graafschap Doetinchem,Dennis Schulp,23,Central Midfield,NEC Nijmegen,Free transfer,in,Summer,0,Eredivisie,2001,2001/2002
De Graafschap Doetinchem,Michael van der Kruis,21,Centre-Back,Excelsior,Free transfer,in,Summer,0,Eredivisie,2001,2001/2002
De Graafschap Doetinchem,Peter van Vossen,33,Left Winger,Feyenoord,?,in,Summer,NA,Eredivisie,2001,2001/2002
De Graafschap Doetinchem,Tim Bakens,18,Centre-Back,Graafschap U19,-,in,Summer,0,Eredivisie,2001,2001/2002
De Graafschap Doetinchem,Ilja van Leerdam,22,Defensive Midfield,Helmond Sport,"End of loanJul 1, 2001",in,Summer,0,Eredivisie,2001,2001/2002
De Graafschap Doetinchem,Mark Besselink,17,Goalkeeper,Graafschap U19,-,in,Summer,0,Eredivisie,2001,2001/2002
De Graafschap Doetinchem,Jurgen Seedorf,20,Attacking Midfield,Without Club,-,in,Summer,0,Eredivisie,2001,2001/2002
De Graafschap Doetinchem,Zico Tumba,24,Centre-Forward,NEC Nijmegen,£360Th.,out,Summer,0.36,Eredivisie,2001,2001/2002
De Graafschap Doetinchem,Dennis den Turk,32,Right Midfield,ADO Den Haag,?,out,Summer,NA,Eredivisie,2001,2001/2002
De Graafschap Doetinchem,Massamasso Tchangai,22,Centre-Back,Viterbese,?,out,Summer,NA,Eredivisie,2001,2001/2002
De Graafschap Doetinchem,Martijn Besselink,26,Goalkeeper,PSV Eindhoven,?,out,Summer,NA,Eredivisie,2001,2001/2002
De Graafschap Doetinchem,Jeremy Overbeek Bloem,20,Midfielder,Ajax Cape Town,?,out,Summer,NA,Eredivisie,2001,2001/2002
De Graafschap Doetinchem,Erik Redeker,32,Centre-Back,Go Ahead Eagles,?,out,Summer,NA,Eredivisie,2001,2001/2002
De Graafschap Doetinchem,Konstantinos Dedeletakis,21,Centre-Forward,Spittal,?,out,Summer,NA,Eredivisie,2001,2001/2002
De Graafschap Doetinchem,Michel Nok,29,Defender,Brage,,out,Summer,NA,Eredivisie,2001,2001/2002
De Graafschap Doetinchem,Brutil Hosé,21,Centre-Forward,Ajax,"End of loanJun 30, 2001",out,Summer,0,Eredivisie,2001,2001/2002
De Graafschap Doetinchem,Robert Fuchs,26,Central Midfield,PSV Eindhoven,"End of loanJun 30, 2001",out,Summer,0,Eredivisie,2001,2001/2002
Ajax Amsterdam,Zlatan Ibrahimovic,19,Centre-Forward,Malmö FF,£7.02m,in,Summer,7.02,Eredivisie,2001,2001/2002
Ajax Amsterdam,Mido,18,Centre-Forward,KAA Gent,£3.78m,in,Summer,3.78,Eredivisie,2001,2001/2002
Ajax Amsterdam,Hatem Trabelsi,24,Right-Back,CS Sfaxien,Free transfer,in,Summer,0,Eredivisie,2001,2001/2002
Ajax Amsterdam,Steven Pienaar,19,Left Winger,Ajax Cape Town,Free transfer,in,Summer,0,Eredivisie,2001,2001/2002
Ajax Amsterdam,Anthony Obodai,18,Defensive Midfield,Liberty Prof.,?,in,Summer,NA,Eredivisie,2001,2001/2002
Ajax Amsterdam,Ruud Kras,19,Centre-Back,FC Volendam,?,in,Summer,NA,Eredivisie,2001,2001/2002
Ajax Amsterdam,Tijani Babangida,28,Right Winger,Vitesse,"End of loanMay 1, 2002",in,Summer,0,Eredivisie,2001,2001/2002
Ajax Amsterdam,Johnny Heitinga,17,Centre-Back,Ajax U19,-,in,Summer,0,Eredivisie,2001,2001/2002
Ajax Amsterdam,Maarten Stekelenburg,18,Goalkeeper,Ajax U19,-,in,Summer,0,Eredivisie,2001,2001/2002
Ajax Amsterdam,Joey Didulica,23,Goalkeeper,Ajax U21,-,in,Summer,0,Eredivisie,2001,2001/2002
Ajax Amsterdam,Mitchell Piqué,21,Left-Back,Twente FC,"End of loanJun 30, 2001",in,Summer,0,Eredivisie,2001,2001/2002
Ajax Amsterdam,Jason Culina,20,Central Midfield,Germ. Beerschot,"End of loanJun 30, 2001",in,Summer,0,Eredivisie,2001,2001/2002
Ajax Amsterdam,Brutil Hosé,21,Centre-Forward,De Graafschap,"End of loanJun 30, 2001",in,Summer,0,Eredivisie,2001,2001/2002
Ajax Amsterdam,Shota Arveladze,28,Centre-Forward,Rangers,£4.05m,out,Summer,4.05,Eredivisie,2001,2001/2002
Ajax Amsterdam,Ole Tobiasen,26,Centre-Back,AZ Alkmaar,Free transfer,out,Summer,0,Eredivisie,2001,2001/2002
Ajax Amsterdam,Aron Winter,34,Defensive Midfield,Sparta R.,Loan,out,Summer,0,Eredivisie,2001,2001/2002
Ajax Amsterdam,Tijani Babangida,27,Right Winger,Vitesse,Loan,out,Summer,0,Eredivisie,2001,2001/2002
Ajax Amsterdam,Joey Didulica,23,Goalkeeper,Germ. Beerschot,Loan,out,Summer,0,Eredivisie,2001,2001/2002
Ajax Amsterdam,Youssouf Hersi,18,Right Winger,NAC Breda,Loan,out,Summer,0,Eredivisie,2001,2001/2002
Ajax Amsterdam,Richard Witschge,31,Central Midfield,Alavés,Loan,out,Summer,0,Eredivisie,2001,2001/2002
Ajax Amsterdam,Tom Sier,31,Left-Back,Sparta R.,?,out,Summer,NA,Eredivisie,2001,2001/2002
Ajax Amsterdam,Brutil Hosé,21,Centre-Forward,Haarlem,Loan,out,Summer,0,Eredivisie,2001,2001/2002
Vitesse Arnhem,Jimmy van Fessem,25,Goalkeeper,Willem II,Free transfer,in,Summer,0,Eredivisie,2001,2001/2002
Vitesse Arnhem,Tijani Babangida,27,Right Winger,Ajax,Loan,in,Summer,0,Eredivisie,2001,2001/2002
Vitesse Arnhem,Ricky Bochem,18,Right Midfield,Vitesse U19,-,in,Summer,0,Eredivisie,2001,2001/2002
Vitesse Arnhem,Nicky Hofs,18,Attacking Midfield,Vitesse U19,-,in,Summer,0,Eredivisie,2001,2001/2002
Vitesse Arnhem,Michael Dingsdag,18,Centre-Back,Vitesse U19,-,in,Summer,0,Eredivisie,2001,2001/2002
Vitesse Arnhem,Martijn Kuiper,22,Centre-Back,RBC Roosendaal,"End of loanJun 30, 2001",in,Summer,0,Eredivisie,2001,2001/2002
Vitesse Arnhem,Riga Mustapha,19,Right Winger,RBC Roosendaal,"End of loanJun 30, 2001",in,Summer,0,Eredivisie,2001,2001/2002
Vitesse Arnhem,Peter Wisgerhof,21,Centre-Back,NEC Nijmegen,"End of loanJun 30, 2001",in,Summer,0,Eredivisie,2001,2001/2002
Vitesse Arnhem,Patrick Pothuizen,29,Centre-Back,Twente FC,"End of loanJun 30, 2001",in,Summer,0,Eredivisie,2001,2001/2002
Vitesse Arnhem,Edwin Zoetebier,31,Goalkeeper,Feyenoord,£2.03m,out,Summer,2.03,Eredivisie,2001,2001/2002
Vitesse Arnhem,Peter Wisgerhof,21,Centre-Back,NEC Nijmegen,Free transfer,out,Summer,0,Eredivisie,2001,2001/2002
Vitesse Arnhem,Patrick Ax,21,Forward,NEC Nijmegen,?,out,Summer,NA,Eredivisie,2001,2001/2002
Vitesse Arnhem,Patrick Pothuizen,29,Centre-Back,Twente FC,?,out,Summer,NA,Eredivisie,2001,2001/2002
Vitesse Arnhem,Tijani Babangida,28,Right Winger,Ajax,"End of loanMay 1, 2002",out,Summer,0,Eredivisie,2001,2001/2002
Sparta Rotterdam,Aron Winter,34,Defensive Midfield,Ajax,Loan,in,Summer,0,Eredivisie,2001,2001/2002
Sparta Rotterdam,Davy De fauw,19,Right-Back,Club Bruges U19,Free transfer,in,Summer,0,Eredivisie,2001,2001/2002
Sparta Rotterdam,Elbekay Bouchiba,22,Attacking Midfield,AZ Alkmaar,?,in,Summer,NA,Eredivisie,2001,2001/2002
Sparta Rotterdam,Regi Blinker,32,Left Midfield,RBC Roosendaal,?,in,Summer,NA,Eredivisie,2001,2001/2002
Sparta Rotterdam,Tom Sier,31,Left-Back,Ajax,?,in,Summer,NA,Eredivisie,2001,2001/2002
Sparta Rotterdam,Murat Mazlum,19,Attacking Midfield,Trabzonspor,Loan,in,Summer,0,Eredivisie,2001,2001/2002
Sparta Rotterdam,Kenneth Cicilia,19,Forward,Unknown,?,in,Summer,NA,Eredivisie,2001,2001/2002
Sparta Rotterdam,Ben Kinds,18,Goalkeeper,Feyenoord U19,?,in,Summer,NA,Eredivisie,2001,2001/2002
Sparta Rotterdam,Lorenzo Rimkus,16,Left Midfield,Sparta U19,-,in,Summer,0,Eredivisie,2001,2001/2002
Sparta Rotterdam,Jayson Trommel,18,Left-Back,Sparta U19,-,in,Summer,0,Eredivisie,2001,2001/2002
Sparta Rotterdam,Victor Kros,19,Goalkeeper,Sparta U19,-,in,Summer,0,Eredivisie,2001,2001/2002
Sparta Rotterdam,Ali Elkhattabi,24,Centre-Forward,AZ Alkmaar,£1.44m,out,Summer,1.44,Eredivisie,2001,2001/2002
Sparta Rotterdam,Regillio Nooitmeer,17,Centre-Back,Dordrecht'90,Free transfer,out,Summer,0,Eredivisie,2001,2001/2002
Sparta Rotterdam,Patrick Molendijk,24,Midfielder,TOP Oss,Free transfer,out,Summer,0,Eredivisie,2001,2001/2002
Sparta Rotterdam,Roland Jansen,33,Goalkeeper,ADO Den Haag,?,out,Summer,NA,Eredivisie,2001,2001/2002
Sparta Rotterdam,Roy Stroeve,24,Attacking Midfield,Heracles Almelo,Loan,out,Summer,0,Eredivisie,2001,2001/2002
Sparta Rotterdam,Yurtcan Kayis,25,Defensive Midfield,Emmen,?,out,Summer,NA,Eredivisie,2001,2001/2002
Sparta Rotterdam,Maurits van Dalen,20,Defender,Unknown,?,out,Summer,NA,Eredivisie,2001,2001/2002
Sparta Rotterdam,Fuat Usta,28,Central Midfield,FC Jokerit,?,out,Summer,NA,Eredivisie,2001,2001/2002
Sparta Rotterdam,Humphrey Rudge,23,Centre-Back,Roda JC,"End of loanJul 1, 2001",out,Summer,0,Eredivisie,2001,2001/2002
Sparta Rotterdam,Dennis de Nooijer,32,Centre-Forward,Heerenveen,"End of loanJun 30, 2001",out,Summer,0,Eredivisie,2001,2001/2002
NEC Nijmegen,Jaromir Simr,22,Right Winger,Feyenoord U21,£1.35m,in,Summer,1.35,Eredivisie,2001,2001/2002
NEC Nijmegen,Zico Tumba,24,Centre-Forward,De Graafschap,£360Th.,in,Summer,0.36,Eredivisie,2001,2001/2002
NEC Nijmegen,Peter Wisgerhof,21,Centre-Back,Vitesse,Free transfer,in,Summer,0,Eredivisie,2001,2001/2002
NEC Nijmegen,Charles Kazlauskas,18,Right-Back,Unknown,Free transfer,in,Summer,0,Eredivisie,2001,2001/2002
NEC Nijmegen,Marc Peters,22,Right Midfield,TOP Oss,Free transfer,in,Summer,0,Eredivisie,2001,2001/2002
NEC Nijmegen,Stefan Jansen,28,Centre-Forward,TOP Oss,?,in,Summer,NA,Eredivisie,2001,2001/2002
NEC Nijmegen,Resit Schuurman,22,Defensive Midfield,Go Ahead Eagles,?,in,Summer,NA,Eredivisie,2001,2001/2002
NEC Nijmegen,Patrick Ax,21,Forward,Vitesse,?,in,Summer,NA,Eredivisie,2001,2001/2002
NEC Nijmegen,Rob Wielaert,22,Centre-Back,PSV Eindhoven,Loan,in,Summer,0,Eredivisie,2001,2001/2002
NEC Nijmegen,Frank Demouge,19,Centre-Forward,NEC U19,-,in,Summer,0,Eredivisie,2001,2001/2002
NEC Nijmegen,Pieter Collen,21,Centre-Back,Feyenoord,£1.98m,out,Summer,1.98,Eredivisie,2001,2001/2002
NEC Nijmegen,Jack de Gier,32,Centre-Forward,Dunfermline A.,£135Th.,out,Summer,0.135,Eredivisie,2001,2001/2002
NEC Nijmegen,Dennis Schulp,23,Central Midfield,De Graafschap,Free transfer,out,Summer,0,Eredivisie,2001,2001/2002
NEC Nijmegen,Peter van Putten,21,Midfielder,Go Ahead Eagles,Free transfer,out,Summer,0,Eredivisie,2001,2001/2002
NEC Nijmegen,Cor Prein,20,Forward,1.FC Kleve,?,out,Summer,NA,Eredivisie,2001,2001/2002
NEC Nijmegen,Michael Hendriks,21,Midfielder,Unknown,?,out,Summer,NA,Eredivisie,2001,2001/2002
NEC Nijmegen,Mark Verhoeven,31,Right-Back,RBC Roosendaal,?,out,Summer,NA,Eredivisie,2001,2001/2002
NEC Nijmegen,Peter Hendriks,21,Centre-Back,Achilles '29,?,out,Summer,NA,Eredivisie,2001,2001/2002
NEC Nijmegen,Pavel Mikhalevich,27,Central Midfield,JVC Cuijk,?,out,Summer,NA,Eredivisie,2001,2001/2002
NEC Nijmegen,Anton Janssen,37,Left Midfield,Retired,-,out,Summer,0,Eredivisie,2001,2001/2002
NEC Nijmegen,Hennie de Romijn,33,Left-Back,FC Lisse,-,out,Summer,0,Eredivisie,2001,2001/2002
NEC Nijmegen,Mark Oosterhof,29,Right-Back,Retired,-,out,Summer,0,Eredivisie,2001,2001/2002
NEC Nijmegen,Peter Wisgerhof,21,Centre-Back,Vitesse,"End of loanJun 30, 2001",out,Summer,0,Eredivisie,2001,2001/2002
FC Den Bosch,Kris Mampaey,30,Goalkeeper,Royal Antwerp,?,in,Summer,NA,Eredivisie,2001,2001/2002
FC Den Bosch,Jan Veenhof,32,Defender,Omiya Ardija,?,in,Summer,NA,Eredivisie,2001,2001/2002
FC Den Bosch,Fabian de Freitas,28,Forward,Cambuur L.,?,in,Summer,NA,Eredivisie,2001,2001/2002
FC Den Bosch,Billy Maximiano,29,Left Winger,FC Groningen,?,in,Summer,NA,Eredivisie,2001,2001/2002
FC Den Bosch,Koen van de Laak,18,Attacking Midfield,Den Bosch U19,-,in,Summer,0,Eredivisie,2001,2001/2002
FC Den Bosch,Rick te Riele,23,Defender,OJC Rosmalen,,in,Summer,NA,Eredivisie,2001,2001/2002
FC Den Bosch,Hes Van Kapel,23,Midfielder,TOP Oss,,in,Summer,NA,Eredivisie,2001,2001/2002
FC Den Bosch,Rick Plum,28,Right-Back,MVV Maastricht,,in,Summer,NA,Eredivisie,2001,2001/2002
FC Den Bosch,Maikel Aerts,25,Goalkeeper,Germ. Beerschot,Free transfer,out,Summer,0,Eredivisie,2001,2001/2002
FC Den Bosch,Chaly Jones,24,Right Winger,União Madeira,Free transfer,out,Summer,0,Eredivisie,2001,2001/2002
FC Den Bosch,Henk Vos,33,Centre-Forward,RBC Roosendaal,?,out,Summer,NA,Eredivisie,2001,2001/2002
FC Den Bosch,Gert van Oudenallen,19,Right Winger,KFC Schoten SK,?,out,Summer,NA,Eredivisie,2001,2001/2002
FC Den Bosch,Arnold Scholten,38,Defensive Midfield,Retired,-,out,Summer,0,Eredivisie,2001,2001/2002
FC Den Bosch,Rob Wielaert,22,Centre-Back,PSV Eindhoven,"End of loanJun 30, 2001",out,Summer,0,Eredivisie,2001,2001/2002
Willem II Tilburg,Chris Janssens,32,Centre-Back,KSC Lokeren,£527Th.,in,Summer,0.527,Eredivisie,2001,2001/2002
Willem II Tilburg,Christophe Martin,26,Goalkeeper,RAEC Mons,?,in,Summer,NA,Eredivisie,2001,2001/2002
Willem II Tilburg,Hendrik van Beelen,21,Attacking Midfield,FC Utrecht,?,in,Summer,NA,Eredivisie,2001,2001/2002
Willem II Tilburg,Danny Mathijssen,18,Defensive Midfield,Willem II U19,-,in,Summer,0,Eredivisie,2001,2001/2002
Willem II Tilburg,Delano Hill,26,Centre-Back,Hansa Rostock,£900Th.,out,Summer,0.9,Eredivisie,2001,2001/2002
Willem II Tilburg,Jimmy van Fessem,25,Goalkeeper,Vitesse,Free transfer,out,Summer,0,Eredivisie,2001,2001/2002
Willem II Tilburg,Arno Arts,32,Central Midfield,FC Utrecht,?,out,Summer,NA,Eredivisie,2001,2001/2002
Willem II Tilburg,Geoffrey Prommayon,29,Right-Back,Eindhoven,?,out,Summer,NA,Eredivisie,2001,2001/2002
Willem II Tilburg,Stefan Fabrie,20,Goalkeeper,Unknown,?,out,Summer,NA,Eredivisie,2001,2001/2002
Willem II Tilburg,Reinder Hendriks,28,Centre-Back,Eindhoven,?,out,Summer,NA,Eredivisie,2001,2001/2002
Willem II Tilburg,Marco Gentile,32,Centre-Back,Retired,-,out,Summer,0,Eredivisie,2001,2001/2002
NAC Breda,Tamás Petö,27,Defensive Midfield,Vasas SC,£338Th.,in,Summer,0.338,Eredivisie,2001,2001/2002
NAC Breda,Youssouf Hersi,18,Right Winger,Ajax,Loan,in,Summer,0,Eredivisie,2001,2001/2002
NAC Breda,Kevin Bobson,20,Left Winger,Ajax U21,?,in,Summer,NA,Eredivisie,2001,2001/2002
NAC Breda,Levi Risamasu,18,Defensive Midfield,SC Feyenoord,?,in,Summer,NA,Eredivisie,2001,2001/2002
NAC Breda,Chedric Seedorf,18,Central Midfield,Inter U19,?,in,Summer,NA,Eredivisie,2001,2001/2002
NAC Breda,Jeffrey van As,29,Centre-Back,ADO Den Haag,Free transfer,out,Summer,0,Eredivisie,2001,2001/2002
NAC Breda,Dave de Jong,26,Centre-Back,KV Mechelen,Free transfer,out,Summer,0,Eredivisie,2001,2001/2002
NAC Breda,Ahmed Kasmi,22,Midfielder,RBC Roosendaal,Free transfer,out,Summer,0,Eredivisie,2001,2001/2002
NAC Breda,Christian Opschoor,20,Right Winger,SV Huizen,Free transfer,out,Summer,0,Eredivisie,2001,2001/2002
NAC Breda,Wilko de Vogt,25,Goalkeeper,Sheffield Utd.,?,out,Summer,NA,Eredivisie,2001,2001/2002
NAC Breda,Frank Broers,23,Left-Back,Emmen,?,out,Summer,NA,Eredivisie,2001,2001/2002
NAC Breda,Niels Kerkhof,21,Defender,Eindhoven,?,out,Summer,NA,Eredivisie,2001,2001/2002
NAC Breda,Jerome Riverola,22,Midfielder,Unknown,?,out,Summer,NA,Eredivisie,2001,2001/2002
NAC Breda,Karim Sedouki,22,Midfielder,Unknown,?,out,Summer,NA,Eredivisie,2001,2001/2002
NAC Breda,Bryan Roy,31,Left Winger,Career break,-,out,Summer,0,Eredivisie,2001,2001/2002
NAC Breda,Arno Doomernik,30,Defensive Midfield,Retired,-,out,Summer,0,Eredivisie,2001,2001/2002
PSV Eindhoven,Jan Vennegoor of Hesselink,22,Centre-Forward,Twente FC,£7.56m,in,Summer,7.56,Eredivisie,2001,2001/2002
PSV Eindhoven,John de Jong,24,Attacking Midfield,FC Utrecht,£3.42m,in,Summer,3.42,Eredivisie,2001,2001/2002
PSV Eindhoven,Erik Korchagin,22,Centre-Forward,Akademisk BK,Free transfer,in,Summer,0,Eredivisie,2001,2001/2002
PSV Eindhoven,Martijn Besselink,26,Goalkeeper,De Graafschap,?,in,Summer,NA,Eredivisie,2001,2001/2002
PSV Eindhoven,Léon Hese,20,Centre-Back,PSV U21,-,in,Summer,0,Eredivisie,2001,2001/2002
PSV Eindhoven,Nyron Wau,18,Right Winger,PSV U19,-,in,Summer,0,Eredivisie,2001,2001/2002
PSV Eindhoven,Rob Wielaert,22,Centre-Back,FC Den Bosch,"End of loanJun 30, 2001",in,Summer,0,Eredivisie,2001,2001/2002
PSV Eindhoven,Godwin Attram,20,Centre-Forward,Silkeborg IF,"End of loanJun 30, 2001",in,Summer,0,Eredivisie,2001,2001/2002
PSV Eindhoven,Ivica Kralj,28,Goalkeeper,Partizan,"End of loanJun 30, 2001",in,Summer,0,Eredivisie,2001,2001/2002
PSV Eindhoven,Sergey Temryukov,22,Centre-Back,Eindhoven,"End of loanJun 30, 2001",in,Summer,0,Eredivisie,2001,2001/2002
PSV Eindhoven,Robert Fuchs,26,Central Midfield,De Graafschap,"End of loanJun 30, 2001",in,Summer,0,Eredivisie,2001,2001/2002
PSV Eindhoven,Cláudio,22,Centre-Forward,EC Vitória,"End of loanJun 30, 2001",in,Summer,0,Eredivisie,2001,2001/2002
PSV Eindhoven,Ruud van Nistelrooy,25,Centre-Forward,Man Utd,£25.65m,out,Summer,25.65,Eredivisie,2001,2001/2002
PSV Eindhoven,Joonas Kolkka,26,Right Winger,Panathinaikos,£2.07m,out,Summer,2.07,Eredivisie,2001,2001/2002
PSV Eindhoven,Björn van der Doelen,24,Central Midfield,Twente FC,£360Th.,out,Summer,0.36,Eredivisie,2001,2001/2002
PSV Eindhoven,Ovidiu Stinga,28,Right Midfield,Dinamo Bucarest,Free transfer,out,Summer,0,Eredivisie,2001,2001/2002
PSV Eindhoven,Chris van der Weerden,28,Right-Back,Twente FC,?,out,Summer,NA,Eredivisie,2001,2001/2002
PSV Eindhoven,Sergey Temryukov,22,Centre-Back,Eindhoven,?,out,Summer,NA,Eredivisie,2001,2001/2002
PSV Eindhoven,Cláudio,22,Centre-Forward,Botafogo,Loan,out,Summer,0,Eredivisie,2001,2001/2002
PSV Eindhoven,Godwin Attram,20,Centre-Forward,Stade Tunisien,?,out,Summer,NA,Eredivisie,2001,2001/2002
PSV Eindhoven,Rob Wielaert,22,Centre-Back,NEC Nijmegen,Loan,out,Summer,0,Eredivisie,2001,2001/2002
Twente Enschede FC,Jack de Gier,33,Centre-Forward,Dunfermline A.,£450Th.,in,Summer,0.45,Eredivisie,2001,2001/2002
Twente Enschede FC,Björn van der Doelen,24,Central Midfield,PSV Eindhoven,£360Th.,in,Summer,0.36,Eredivisie,2001,2001/2002
Twente Enschede FC,Roland Kollmann,24,Centre-Forward,FC Kärnten,Free transfer,in,Summer,0,Eredivisie,2001,2001/2002
Twente Enschede FC,Marc Veurink,25,Goalkeeper,Heracles Almelo,Free transfer,in,Summer,0,Eredivisie,2001,2001/2002
Twente Enschede FC,Ibad Muhamadu,19,Centre-Forward,AZ Alkmaar U19,Free transfer,in,Summer,0,Eredivisie,2001,2001/2002
Twente Enschede FC,Chris van der Weerden,28,Right-Back,PSV Eindhoven,?,in,Summer,NA,Eredivisie,2001,2001/2002
Twente Enschede FC,Patrick Pothuizen,29,Centre-Back,Vitesse,?,in,Summer,NA,Eredivisie,2001,2001/2002
Twente Enschede FC,Ruud ter Heide,18,Centre-Forward,FC Twente U19,-,in,Summer,0,Eredivisie,2001,2001/2002
Twente Enschede FC,Jan Verlinden,24,Right-Back,Lierse SK,"End of loanJun 30, 2001",in,Summer,0,Eredivisie,2001,2001/2002
Twente Enschede FC,Jan Vennegoor of Hesselink,22,Centre-Forward,PSV Eindhoven,£7.56m,out,Summer,7.56,Eredivisie,2001,2001/2002
Twente Enschede FC,Rahim Ouédraogo,20,Defender,FC Zwolle,Loan,out,Summer,0,Eredivisie,2001,2001/2002
Twente Enschede FC,André Karnebeek,30,Centre-Back,Dunfermline A.,Free transfer,out,Summer,0,Eredivisie,2001,2001/2002
Twente Enschede FC,Edwin Hilgerink,29,Defender,HSC '21,Free transfer,out,Summer,0,Eredivisie,2001,2001/2002
Twente Enschede FC,Jan Verlinden,24,Right-Back,Eendracht Aalst,Loan,out,Summer,0,Eredivisie,2001,2001/2002
Twente Enschede FC,Mitchell Piqué,21,Left-Back,Ajax,"End of loanJun 30, 2001",out,Summer,0,Eredivisie,2001,2001/2002
Twente Enschede FC,Patrick Pothuizen,29,Centre-Back,Vitesse,"End of loanJun 30, 2001",out,Summer,0,Eredivisie,2001,2001/2002
SC Heerenveen,Mika Väyrynen,19,Central Midfield,FC Jokerit,£450Th.,in,Summer,0.45,Eredivisie,2001,2001/2002
SC Heerenveen,Niels Kokmeijer,23,Left Winger,FC Volendam,Free transfer,in,Summer,0,Eredivisie,2001,2001/2002
SC Heerenveen,Marcel Seip,19,Centre-Back,Veendam,Free transfer,in,Summer,0,Eredivisie,2001,2001/2002
SC Heerenveen,Marc Hegeman,25,Defender,Emmen,Free transfer,in,Summer,0,Eredivisie,2001,2001/2002
SC Heerenveen,Jos Hooiveld,18,Centre-Back,Emmen U19,?,in,Summer,NA,Eredivisie,2001,2001/2002
SC Heerenveen,Erik Edman,22,Left-Back,AIK,?,in,Summer,NA,Eredivisie,2001,2001/2002
SC Heerenveen,Boy Waterman,17,Goalkeeper,Ajax U19,?,in,Summer,NA,Eredivisie,2001,2001/2002
SC Heerenveen,Dennis de Nooijer,32,Centre-Forward,Sparta R.,"End of loanJun 30, 2001",in,Summer,0,Eredivisie,2001,2001/2002
SC Heerenveen,Ignacio Tuhuteru,27,Left Winger,FC Groningen,?,out,Summer,NA,Eredivisie,2001,2001/2002
SC Heerenveen,David Damman,24,Defender,KFC Schoten SK,?,out,Summer,NA,Eredivisie,2001,2001/2002
SC Heerenveen,Max Houttuin,23,Right Midfield,Veendam,?,out,Summer,NA,Eredivisie,2001,2001/2002
SC Heerenveen,Thomas Holm,20,Central Midfield,Veendam,Loan,out,Summer,0,Eredivisie,2001,2001/2002
SC Heerenveen,Dragan Sladakovic,18,Midfielder,Veendam,Loan,out,Summer,0,Eredivisie,2001,2001/2002
SC Heerenveen,Godfrey Nwankpa,22,Centre-Back,MVV Maastricht,?,out,Summer,NA,Eredivisie,2001,2001/2002
SC Heerenveen,Ian Claes,20,Forward,KV Mechelen,?,out,Summer,NA,Eredivisie,2001,2001/2002
SC Heerenveen,Santi Kolk,19,Right Winger,RKC Waalwijk,Loan,out,Summer,0,Eredivisie,2001,2001/2002
SC Heerenveen,Harris Huizingh,38,Centre-Forward,Retired,-,out,Summer,0,Eredivisie,2001,2001/2002
RKC Waalwijk,Michael Lamey,21,Right-Back,Ajax U21,£45Th.,in,Summer,0.045,Eredivisie,2001,2001/2002
RKC Waalwijk,Khalid Boulahrouz,19,Centre-Back,AZ Alkmaar,Free transfer,in,Summer,0,Eredivisie,2001,2001/2002
RKC Waalwijk,Patrick Van Diemen,29,Defensive Midfield,RSC Anderlecht,Free transfer,in,Summer,0,Eredivisie,2001,2001/2002
RKC Waalwijk,Rogier Molhoek,19,Defensive Midfield,Dordrecht'90,?,in,Summer,NA,Eredivisie,2001,2001/2002
RKC Waalwijk,Santi Kolk,19,Right Winger,Heerenveen,Loan,in,Summer,0,Eredivisie,2001,2001/2002
RKC Waalwijk,Abdes Assouiki,20,Attacking Midfield,RKC U19,-,in,Summer,0,Eredivisie,2001,2001/2002
RKC Waalwijk,Roberto Lanckohr,31,Attacking Midfield,Grazer AK,"End of loanJun 30, 2001",in,Summer,0,Eredivisie,2001,2001/2002
RKC Waalwijk,Arjan Human,22,Forward,ADO Den Haag,Free transfer,out,Summer,0,Eredivisie,2001,2001/2002
RKC Waalwijk,Ron Heesakkers,22,Centre-Forward,TOP Oss,Loan,out,Summer,0,Eredivisie,2001,2001/2002
RKC Waalwijk,Bas Dreef,22,Midfielder,TOP Oss,?,out,Summer,NA,Eredivisie,2001,2001/2002
RKC Waalwijk,Yuri Petrov,27,Centre-Forward,ADO Den Haag,?,out,Summer,NA,Eredivisie,2001,2001/2002
RKC Waalwijk,Roberto Lanckohr,31,Attacking Midfield,Retired,-,out,Summer,0,Eredivisie,2001,2001/2002
RKC Waalwijk,Radoslav Samardzic,31,Centre-Forward,Feyenoord,"End of loanJun 30, 2001",out,Summer,0,Eredivisie,2001,2001/2002
RKC Waalwijk,Jaromir Simr,22,Right Winger,Feyenoord U21,"End of loanJun 30, 2001",out,Summer,0,Eredivisie,2001,2001/2002
Feyenoord Rotterdam,Shinji Ono,21,Central Midfield,Urawa Reds,£4.95m,in,Summer,4.95,Eredivisie,2001,2001/2002
Feyenoord Rotterdam,Pierre van Hooijdonk,31,Centre-Forward,Benfica,£2.25m,in,Summer,2.25,Eredivisie,2001,2001/2002
Feyenoord Rotterdam,Edwin Zoetebier,31,Goalkeeper,Vitesse,£2.03m,in,Summer,2.03,Eredivisie,2001,2001/2002
Feyenoord Rotterdam,Pieter Collen,21,Centre-Back,NEC Nijmegen,£1.98m,in,Summer,1.98,Eredivisie,2001,2001/2002
Feyenoord Rotterdam,Ramon van Haaren,28,Left-Back,Roda JC,£1.62m,in,Summer,1.62,Eredivisie,2001,2001/2002
Feyenoord Rotterdam,Michel Bastos,17,Left Midfield,EC Pelotas (RS),£270Th.,in,Summer,0.27,Eredivisie,2001,2001/2002
Feyenoord Rotterdam,Leonardo,24,Right-Back,FC Groningen,Free transfer,in,Summer,0,Eredivisie,2001,2001/2002
Feyenoord Rotterdam,Ronald Graafland,22,Goalkeeper,Excelsior,Loan,in,Summer,0,Eredivisie,2001,2001/2002
Feyenoord Rotterdam,Carlo L'Ami,35,Goalkeeper,Excelsior,?,in,Summer,NA,Eredivisie,2001,2001/2002
Feyenoord Rotterdam,Henk Timmer,29,Goalkeeper,AZ Alkmaar,Loan,in,Summer,0,Eredivisie,2001,2001/2002
Feyenoord Rotterdam,Robin van Persie,17,Centre-Forward,Feyenoord U19,-,in,Summer,0,Eredivisie,2001,2001/2002
Feyenoord Rotterdam,Glenn Loovens,17,Centre-Back,Feyenoord U19,-,in,Summer,0,Eredivisie,2001,2001/2002
Feyenoord Rotterdam,Civard Sprockel,18,Centre-Back,Feyenoord U19,-,in,Summer,0,Eredivisie,2001,2001/2002
Feyenoord Rotterdam,Saïd Boutahar,18,Attacking Midfield,Feyenoord U19,-,in,Summer,0,Eredivisie,2001,2001/2002
Feyenoord Rotterdam,Radoslav Samardzic,31,Centre-Forward,RKC Waalwijk,"End of loanJun 30, 2001",in,Summer,0,Eredivisie,2001,2001/2002
Feyenoord Rotterdam,Jerzy Dudek,28,Goalkeeper,Liverpool,£6.66m,out,Summer,6.66,Eredivisie,2001,2001/2002
Feyenoord Rotterdam,David Connolly,24,Centre-Forward,Wimbledon FC,Free transfer,out,Summer,0,Eredivisie,2001,2001/2002
Feyenoord Rotterdam,René van Dieren,20,Defensive Midfield,Fortuna Sittard,Free transfer,out,Summer,0,Eredivisie,2001,2001/2002
Feyenoord Rotterdam,Arco Jochemsen,30,Right Midfield,FC Utrecht,Free transfer,out,Summer,0,Eredivisie,2001,2001/2002
Feyenoord Rotterdam,Cor Varkevisser,19,Goalkeeper,Excelsior,Free transfer,out,Summer,0,Eredivisie,2001,2001/2002
Feyenoord Rotterdam,Zbigniew Malkowski,23,Goalkeeper,Excelsior,Loan,out,Summer,0,Eredivisie,2001,2001/2002
Feyenoord Rotterdam,Peter van Vossen,33,Left Winger,De Graafschap,?,out,Summer,NA,Eredivisie,2001,2001/2002
Feyenoord Rotterdam,Patrick Allotey,22,Defender,Retired,-,out,Summer,0,Eredivisie,2001,2001/2002
FC Groningen,Ali Boussaboun,22,Left Winger,ADO Den Haag,Free transfer,in,Summer,0,Eredivisie,2001,2001/2002
FC Groningen,Mathias Florén,24,Left-Back,Norrköping,?,in,Summer,NA,Eredivisie,2001,2001/2002
FC Groningen,Ignacio Tuhuteru,27,Left Winger,Heerenveen,?,in,Summer,NA,Eredivisie,2001,2001/2002
FC Groningen,Johannes Thór Hardarson,24,Defensive Midfield,MVV Maastricht,?,in,Summer,NA,Eredivisie,2001,2001/2002
FC Groningen,Gábor Torma,24,Centre-Forward,Roda JC,?,in,Summer,NA,Eredivisie,2001,2001/2002
FC Groningen,Anton Jongsma,18,Right Winger,Groningen U19,-,in,Summer,0,Eredivisie,2001,2001/2002
FC Groningen,Arnold Kruiswijk,16,Centre-Back,Groningen U19,-,in,Summer,0,Eredivisie,2001,2001/2002
FC Groningen,Roel Janssen,27,Defender,Veendam,"End of loanJun 30, 2003",in,Summer,0,Eredivisie,2001,2001/2002
FC Groningen,Jordi Hoogstrate,18,Central Midfield,Groningen U19,-,in,Summer,0,Eredivisie,2001,2001/2002
FC Groningen,Gregoor van Dijk,19,Central Midfield,Roda JC,£405Th.,out,Summer,0.405,Eredivisie,2001,2001/2002
FC Groningen,Leonardo,24,Right-Back,Feyenoord,Free transfer,out,Summer,0,Eredivisie,2001,2001/2002
FC Groningen,Peter Hoekstra,28,Left Winger,Stoke City,Free transfer,out,Summer,0,Eredivisie,2001,2001/2002
FC Groningen,Dominique van Dijk,21,Attacking Midfield,Cambuur L.,Free transfer,out,Summer,0,Eredivisie,2001,2001/2002
FC Groningen,Billy Maximiano,29,Left Winger,FC Den Bosch,?,out,Summer,NA,Eredivisie,2001,2001/2002
FC Groningen,Tony Alberda,27,Forward,Veendam,?,out,Summer,NA,Eredivisie,2001,2001/2002
FC Groningen,Björn Schilder,22,Left-Back,Veendam,?,out,Summer,NA,Eredivisie,2001,2001/2002
FC Groningen,Dennis Schomaker,23,Goalkeeper,Emmen,?,out,Summer,NA,Eredivisie,2001,2001/2002
FC Groningen,Gábor Torma,25,Centre-Forward,Roda JC,?,out,Summer,NA,Eredivisie,2001,2001/2002
FC Utrecht,René Ponk,29,Goalkeeper,Dordrecht'90,Free transfer,in,Summer,0,Eredivisie,2001,2001/2002
FC Utrecht,Arco Jochemsen,30,Right Midfield,Feyenoord,Free transfer,in,Summer,0,Eredivisie,2001,2001/2002
FC Utrecht,Robert Roest,31,Centre-Back,Fortuna Sittard,Free transfer,in,Summer,0,Eredivisie,2001,2001/2002
FC Utrecht,Ferdinand Katipana,20,Left-Back,Ajax U21,Free transfer,in,Summer,0,Eredivisie,2001,2001/2002
FC Utrecht,Arno Arts,32,Central Midfield,Willem II,?,in,Summer,NA,Eredivisie,2001,2001/2002
FC Utrecht,Hendrik van Beelen,21,Attacking Midfield,Cambuur L.,"End of loanJun 30, 2001",in,Summer,0,Eredivisie,2001,2001/2002
FC Utrecht,John de Jong,24,Attacking Midfield,PSV Eindhoven,£3.42m,out,Summer,3.42,Eredivisie,2001,2001/2002
FC Utrecht,Dennis Scharrenburg,22,Midfielder,Rot-Weiß Erfurt,Free transfer,out,Summer,0,Eredivisie,2001,2001/2002
FC Utrecht,Mitchell van der Gaag,29,Centre-Back,Marítimo,?,out,Summer,NA,Eredivisie,2001,2001/2002
FC Utrecht,Ruud Berger,21,Attacking Midfield,Cambuur L.,Loan,out,Summer,0,Eredivisie,2001,2001/2002
FC Utrecht,Atam Koroglu,21,Goalkeeper,TOP Oss,?,out,Summer,NA,Eredivisie,2001,2001/2002
FC Utrecht,Hendrik van Beelen,21,Attacking Midfield,Willem II,?,out,Summer,NA,Eredivisie,2001,2001/2002
FC Utrecht,Alfons Groenendijk,37,Defensive Midfield,Retired,-,out,Summer,0,Eredivisie,2001,2001/2002
Roda JC Kerkrade,Fredrik Berglund,22,Centre-Forward,Elfsborg,£1.98m,in,Summer,1.98,Eredivisie,2001,2001/2002
Roda JC Kerkrade,Gregoor van Dijk,19,Central Midfield,FC Groningen,£405Th.,in,Summer,0.405,Eredivisie,2001,2001/2002
Roda JC Kerkrade,Vincent Lachambre,20,Left-Back,KRC ZWV,Free transfer,in,Summer,0,Eredivisie,2001,2001/2002
Roda JC Kerkrade,Nikolaos Kounenakis,23,Defensive Midfield,RSC Anderlecht,Free transfer,in,Summer,0,Eredivisie,2001,2001/2002
Roda JC Kerkrade,Igor Tomasic,24,Centre-Back,MVV Maastricht,?,in,Summer,NA,Eredivisie,2001,2001/2002
Roda JC Kerkrade,Morris Pagniello,24,Forward,Honvéd FC,?,in,Summer,NA,Eredivisie,2001,2001/2002
Roda JC Kerkrade,Gábor Torma,25,Centre-Forward,FC Groningen,?,in,Summer,NA,Eredivisie,2001,2001/2002
Roda JC Kerkrade,Roel Brouwers,19,Centre-Back,Roda JC U19,-,in,Summer,0,Eredivisie,2001,2001/2002
Roda JC Kerkrade,Humphrey Rudge,23,Centre-Back,Sparta R.,"End of loanJul 1, 2001",in,Summer,0,Eredivisie,2001,2001/2002
Roda JC Kerkrade,Ramon van Haaren,28,Left-Back,Feyenoord,£1.62m,out,Summer,1.62,Eredivisie,2001,2001/2002
Roda JC Kerkrade,Marc Eberle,21,Centre-Back,K Patro Maasmech,Free transfer,out,Summer,0,Eredivisie,2001,2001/2002
Roda JC Kerkrade,Gábor Torma,24,Centre-Forward,FC Groningen,?,out,Summer,NA,Eredivisie,2001,2001/2002
Roda JC Kerkrade,Samir Ouindi,21,Forward,Unknown,?,out,Summer,NA,Eredivisie,2001,2001/2002
Fortuna Sittard,Regillio Simons,28,Centre-Forward,NAC Breda,?,in,Winter,NA,Eredivisie,2001,2001/2002
Fortuna Sittard,Cláudio,23,Centre-Forward,PSV Eindhoven,Loan,in,Winter,0,Eredivisie,2001,2001/2002
AZ Alkmaar,Paul Matthijs,25,Defensive Midfield,FC Groningen,?,out,Winter,NA,Eredivisie,2001,2001/2002
De Graafschap Doetinchem,Arvid Smit,21,Central Midfield,Stormvogels,Free transfer,in,Winter,0,Eredivisie,2001,2001/2002
De Graafschap Doetinchem,Hans van de Haar,26,Centre-Forward,SW Bregenz,?,in,Winter,NA,Eredivisie,2001,2001/2002
Ajax Amsterdam,Maxwell,19,Left-Back,Cruzeiro,£3.15m,in,Winter,3.15,Eredivisie,2001,2001/2002
Ajax Amsterdam,Jelle Van Damme,18,Centre-Back,Germ. Beerschot,Free transfer,in,Winter,0,Eredivisie,2001,2001/2002
Ajax Amsterdam,Joey Didulica,24,Goalkeeper,Germ. Beerschot,"End of loanDec 14, 2001",in,Winter,0,Eredivisie,2001,2001/2002
Ajax Amsterdam,Bogdan Lobont,23,Goalkeeper,Dinamo Bucarest,Loan,out,Winter,0,Eredivisie,2001,2001/2002
Ajax Amsterdam,Mitchell Piqué,22,Left-Back,Haarlem,Free transfer,out,Winter,0,Eredivisie,2001,2001/2002
Ajax Amsterdam,Chris Kanu,22,Right-Back,Alavés,Loan,out,Winter,0,Eredivisie,2001,2001/2002
Vitesse Arnhem,Marc van Hintum,34,Left-Back,Hannover 96,£225Th.,out,Winter,0.225,Eredivisie,2001,2001/2002
Sparta Rotterdam,Ousmane Sanou,23,Centre-Forward,Willem II,Loan,in,Winter,0,Eredivisie,2001,2001/2002
Sparta Rotterdam,Brian Vandenbussche,20,Goalkeeper,Club Brugge,?,in,Winter,NA,Eredivisie,2001,2001/2002
Sparta Rotterdam,Silvan Inia,32,Left Midfield,Stormvogels,Free transfer,out,Winter,0,Eredivisie,2001,2001/2002
NEC Nijmegen,Mike Owusu,25,Defender,Örgryte,Free transfer,in,Winter,0,Eredivisie,2001,2001/2002
NEC Nijmegen,Rob Wielaert,22,Centre-Back,PSV Eindhoven,Loan,in,Winter,0,Eredivisie,2001,2001/2002
NEC Nijmegen,Marchanno Schultz,29,Midfielder,Stormvogels,?,out,Winter,NA,Eredivisie,2001,2001/2002
NEC Nijmegen,Richard Goulooze,34,Right-Back,FC Lisse,?,out,Winter,NA,Eredivisie,2001,2001/2002
FC Den Bosch,Hilmi Mihci,25,Left Winger,Achilles Veen,Free transfer,out,Winter,0,Eredivisie,2001,2001/2002
Willem II Tilburg,Ousmane Sanou,23,Centre-Forward,Sparta R.,Loan,out,Winter,0,Eredivisie,2001,2001/2002
NAC Breda,Regillio Simons,28,Centre-Forward,Fortuna Sittard,?,out,Winter,NA,Eredivisie,2001,2001/2002
PSV Eindhoven,Leandro Bonfim,17,Attacking Midfield,EC Vitória,£4.95m,in,Winter,4.95,Eredivisie,2001,2001/2002
PSV Eindhoven,Cláudio,22,Centre-Forward,Botafogo,"End of loanDec 1, 2001",in,Winter,0,Eredivisie,2001,2001/2002
PSV Eindhoven,Jürgen Colin,20,Centre-Back,KRC Genk,Loan,out,Winter,0,Eredivisie,2001,2001/2002
PSV Eindhoven,Robert Fuchs,26,Central Midfield,RKC Waalwijk,?,out,Winter,NA,Eredivisie,2001,2001/2002
PSV Eindhoven,Cleberson,23,Defender,Botafogo,?,out,Winter,NA,Eredivisie,2001,2001/2002
PSV Eindhoven,Cláudio,23,Centre-Forward,Fortuna Sittard,Loan,out,Winter,0,Eredivisie,2001,2001/2002
PSV Eindhoven,Rob Wielaert,22,Centre-Back,NEC Nijmegen,Loan,out,Winter,0,Eredivisie,2001,2001/2002
Twente Enschede FC,Jack de Gier,33,Centre-Forward,Dunfermline A.,£450Th.,in,Winter,0.45,Eredivisie,2001,2001/2002
Twente Enschede FC,Mikko Rahkamaa,20,Goalkeeper,FC Jokerit,£360Th.,in,Winter,0.36,Eredivisie,2001,2001/2002
Twente Enschede FC,Roland Kollmann,25,Centre-Forward,Grazer AK,?,out,Winter,NA,Eredivisie,2001,2001/2002
SC Heerenveen,Allan Bak Jensen,23,Central Midfield,FC Midtjylland,?,in,Winter,NA,Eredivisie,2001,2001/2002
SC Heerenveen,Stefan Selakovic,24,Right Winger,Halmstad,?,in,Winter,NA,Eredivisie,2001,2001/2002
SC Heerenveen,Angelo Cijntje,21,Right-Back,KuPS,"End of loanDec 31, 2001",in,Winter,0,Eredivisie,2001,2001/2002
SC Heerenveen,Mile Krstev,22,Central Midfield,Veendam,?,out,Winter,NA,Eredivisie,2001,2001/2002
SC Heerenveen,Santi Kolk,19,Right Winger,RKC Waalwijk,Loan,out,Winter,0,Eredivisie,2001,2001/2002
SC Heerenveen,Sander van Gessel,25,Defensive Midfield,FC Groningen,"End of loanDec 31, 2001",out,Winter,0,Eredivisie,2001,2001/2002
RKC Waalwijk,Jochen Janssen,25,Centre-Forward,Austria Vienna,£1.22m,in,Winter,1.22,Eredivisie,2001,2001/2002
RKC Waalwijk,Eddy Putter,19,Centre-Forward,FC Volendam,?,in,Winter,NA,Eredivisie,2001,2001/2002
RKC Waalwijk,Robert Fuchs,26,Central Midfield,PSV Eindhoven,?,in,Winter,NA,Eredivisie,2001,2001/2002
RKC Waalwijk,Guido Budziak,19,Goalkeeper,PSV U21,Loan,in,Winter,0,Eredivisie,2001,2001/2002
RKC Waalwijk,Santi Kolk,19,Right Winger,Heerenveen,Loan,in,Winter,0,Eredivisie,2001,2001/2002
RKC Waalwijk,Joey Gudjónsson,21,Central Midfield,Real Betis,£5.06m,out,Winter,5.06,Eredivisie,2001,2001/2002
RKC Waalwijk,John van Loenhout,24,Attacking Midfield,RBC Roosendaal,Loan,out,Winter,0,Eredivisie,2001,2001/2002
Feyenoord Rotterdam,Jan Frederiksen,19,Left-Back,Lyngby BK,Free transfer,in,Winter,0,Eredivisie,2001,2001/2002
Feyenoord Rotterdam,Mauricio Aros,25,Left-Back,U. de Chile,?,in,Winter,NA,Eredivisie,2001,2001/2002
Feyenoord Rotterdam,Tininho,24,Left Midfield,América-MG,?,out,Winter,NA,Eredivisie,2001,2001/2002
Feyenoord Rotterdam,Jean-Paul van Gastel,29,Centre-Back,Ternana,?,out,Winter,NA,Eredivisie,2001,2001/2002
Feyenoord Rotterdam,Jan Frederiksen,19,Left-Back,Excelsior,Loan,out,Winter,0,Eredivisie,2001,2001/2002
FC Groningen,Paul Matthijs,25,Defensive Midfield,AZ Alkmaar,?,in,Winter,NA,Eredivisie,2001,2001/2002
FC Groningen,Claus Boekweg,35,Centre-Back,FC Zwolle,?,in,Winter,NA,Eredivisie,2001,2001/2002
FC Groningen,Sander van Gessel,25,Defensive Midfield,Heerenveen,"End of loanDec 31, 2001",in,Winter,0,Eredivisie,2001,2001/2002
FC Groningen,Gábor Torma,25,Centre-Forward,Roda JC,?,out,Winter,NA,Eredivisie,2001,2001/2002
FC Utrecht,Paulus Roiha,21,Centre-Forward,HJK Helsinki,£450Th.,in,Winter,0.45,Eredivisie,2001,2001/2002
FC Utrecht,Azubuike Oliseh,23,Centre-Back,FC Jokerit,"End of loanDec 31, 2001",in,Winter,0,Eredivisie,2001,2001/2002
FC Utrecht,Donny de Groot,22,Centre-Forward,FC Volendam,Loan,out,Winter,0,Eredivisie,2001,2001/2002
Roda JC Kerkrade,Gábor Torma,25,Centre-Forward,FC Groningen,?,in,Winter,NA,Eredivisie,2001,2001/2002
Roda JC Kerkrade,Jan Vercammen,23,Goalkeeper,KTH Diest,?,out,Winter,NA,Eredivisie,2001,2001/2002
Roda JC Kerkrade,Morris Pagniello,24,Forward,Stormvogels,?,out,Winter,NA,Eredivisie,2001,2001/2002
