club_name,player_name,age,position,club_involved_name,fee,transfer_movement,transfer_period,fee_cleaned,league_name,year,season
Olympique Lyon,Arnold Mvuemba,27,Defensive Midfield,FC Lorient,£2.70m,in,Summer,2.7,Ligue 1,2012,2012/2013
Olympique Lyon,Fabián Monzón,25,Left-Back,OGC Nice,£2.70m,in,Summer,2.7,Ligue 1,2012,2012/2013
Olympique Lyon,Milan Bisevac,28,Centre-Back,Paris SG,£2.48m,in,Summer,2.48,Ligue 1,2012,2012/2013
Olympique Lyon,Alassane Plea,19,Centre-Forward,Olymp. Lyon B,-,in,Summer,0,Ligue 1,2012,2012/2013
Olympique Lyon,Steed Malbranque,32,Central Midfield,Career break,-,in,Summer,0,Ligue 1,2012,2012/2013
Olympique Lyon,Mohamed Yattara,18,Centre-Forward,Olymp. Lyon B,-,in,Summer,0,Ligue 1,2012,2012/2013
Olympique Lyon,Clinton N'Jie,18,Right Winger,Olymp. Lyon U19,-,in,Summer,0,Ligue 1,2012,2012/2013
Olympique Lyon,Rachid Ghezzal,20,Right Winger,Olymp. Lyon B,-,in,Summer,0,Ligue 1,2012,2012/2013
Olympique Lyon,Mehdi Zeffane,20,Right-Back,Olymp. Lyon B,-,in,Summer,0,Ligue 1,2012,2012/2013
Olympique Lyon,Yassine Benzia,17,Attacking Midfield,Olymp. Lyon U19,-,in,Summer,0,Ligue 1,2012,2012/2013
Olympique Lyon,Jordan Ferri,20,Central Midfield,Olymp. Lyon B,-,in,Summer,0,Ligue 1,2012,2012/2013
Olympique Lyon,Mathieu Gorgelin,21,Goalkeeper,Red Star FC,"End of loanJun 30, 2012",in,Summer,0,Ligue 1,2012,2012/2013
Olympique Lyon,Ishak Belfodil,20,Centre-Forward,Bologna,"End of loanJun 30, 2012",in,Summer,0,Ligue 1,2012,2012/2013
Olympique Lyon,Harry Novillo,20,Left Winger,AC Le Havre,"End of loanJun 30, 2012",in,Summer,0,Ligue 1,2012,2012/2013
Olympique Lyon,Enzo Réale,20,Central Midfield,US Boulogne,"End of loanJun 30, 2012",in,Summer,0,Ligue 1,2012,2012/2013
Olympique Lyon,Hugo Lloris,25,Goalkeeper,Spurs,£11.34m,out,Summer,11.34,Ligue 1,2012,2012/2013
Olympique Lyon,Aly Cissokho,24,Centre-Back,Valencia,£5.40m,out,Summer,5.4,Ligue 1,2012,2012/2013
Olympique Lyon,Ishak Belfodil,20,Centre-Forward,Parma,£3.15m,out,Summer,3.15,Ligue 1,2012,2012/2013
Olympique Lyon,Kim Källström,29,Central Midfield,Spartak Moscow,£2.70m,out,Summer,2.7,Ligue 1,2012,2012/2013
Olympique Lyon,Jérémy Pied,23,Right-Back,OGC Nice,£2.70m,out,Summer,2.7,Ligue 1,2012,2012/2013
Olympique Lyon,Enzo Réale,20,Central Midfield,FC Lorient,£900Th.,out,Summer,0.9,Ligue 1,2012,2012/2013
Olympique Lyon,Ederson,26,Attacking Midfield,Lazio,free transfer,out,Summer,NA,Ligue 1,2012,2012/2013
Olympique Lyon,Yannis Tafer,21,Right Midfield,Lausanne-Sport,free transfer,out,Summer,NA,Ligue 1,2012,2012/2013
Olympique Lyon,Timothée Kolodziejczak,20,Centre-Back,OGC Nice,free transfer,out,Summer,NA,Ligue 1,2012,2012/2013
Olympique Lyon,Nicolas Seguin,22,Centre-Back,Tours FC,free transfer,out,Summer,NA,Ligue 1,2012,2012/2013
Olympique Lyon,Sébastien Faure,21,Right-Back,Rangers,free transfer,out,Summer,NA,Ligue 1,2012,2012/2013
Olympique Lyon,Mathieu Valverde,29,Goalkeeper,Anorthosis,free transfer,out,Summer,NA,Ligue 1,2012,2012/2013
Olympique Lyon,Cris,35,Centre-Back,Galatasaray,free transfer,out,Summer,NA,Ligue 1,2012,2012/2013
Olympique Lyon,Mohamed Yattara,19,Centre-Forward,Troyes,loan transfer,out,Summer,NA,Ligue 1,2012,2012/2013
Olympique Lyon,John Mensah,29,Centre-Back,Without Club,-,out,Summer,0,Ligue 1,2012,2012/2013
Olympique Lyon,Hamdan Al Kamali,23,Centre-Back,Al-Wahda FC,"End of loanJun 30, 2012",out,Summer,0,Ligue 1,2012,2012/2013
FC Évian Thonon Gaillard,Daniel Wass,23,Central Midfield,Benfica,£1.08m,in,Summer,1.08,Ligue 1,2012,2012/2013
FC Évian Thonon Gaillard,Iheb Mbarki,20,Right-Back,CA Bizertin,£360Th.,in,Summer,0.36,Ligue 1,2012,2012/2013
FC Évian Thonon Gaillard,David Jarolim,33,Defensive Midfield,Hamburger SV,free transfer,in,Summer,NA,Ligue 1,2012,2012/2013
FC Évian Thonon Gaillard,Mickaël Salamone,20,Goalkeeper,Paris SG B,free transfer,in,Summer,NA,Ligue 1,2012,2012/2013
FC Évian Thonon Gaillard,Djakaridja Koné,26,Defensive Midfield,FC Dinamo,free transfer,in,Summer,NA,Ligue 1,2012,2012/2013
FC Évian Thonon Gaillard,Zouhaier Dhaouadi,24,Left Winger,Club Africain,free transfer,in,Summer,NA,Ligue 1,2012,2012/2013
FC Évian Thonon Gaillard,Guillaume Rippert,27,Left-Back,Energie Cottbus,free transfer,out,Summer,NA,Ligue 1,2012,2012/2013
FC Évian Thonon Gaillard,Nicolas Farina,25,Right Winger,Energie Cottbus,free transfer,out,Summer,NA,Ligue 1,2012,2012/2013
FC Évian Thonon Gaillard,Quentin Westberg,26,Goalkeeper,Luzenac AP,free transfer,out,Summer,NA,Ligue 1,2012,2012/2013
FC Évian Thonon Gaillard,Christian Poulsen,32,Defensive Midfield,Ajax,free transfer,out,Summer,NA,Ligue 1,2012,2012/2013
FC Évian Thonon Gaillard,Steven Fula Pitu,18,Left-Back,Sudbury,free transfer,out,Summer,NA,Ligue 1,2012,2012/2013
FC Évian Thonon Gaillard,Jérôme Leroy,37,Attacking Midfield,Career break,-,out,Summer,0,Ligue 1,2012,2012/2013
FC Évian Thonon Gaillard,Sasa Cilinsek,30,Centre-Back,Thonon Évian B,-,out,Summer,0,Ligue 1,2012,2012/2013
FC Évian Thonon Gaillard,Daniel Wass,23,Central Midfield,Benfica,"End of loanJun 30, 2012",out,Summer,0,Ligue 1,2012,2012/2013
FC Évian Thonon Gaillard,Thomas Kahlenberg,29,Central Midfield,VfL Wolfsburg,"End of loanJun 30, 2012",out,Summer,0,Ligue 1,2012,2012/2013
Stade Brestois 29,Charlison Benschop,22,Centre-Forward,AZ Alkmaar,£1.13m,in,Summer,1.13,Ligue 1,2012,2012/2013
Stade Brestois 29,Alexis Thébaux,27,Goalkeeper,SM Caen,£1.08m,in,Summer,1.08,Ligue 1,2012,2012/2013
Stade Brestois 29,Geoffrey Dernis,31,Left Winger,Montpellier,free transfer,in,Summer,NA,Ligue 1,2012,2012/2013
Stade Brestois 29,Kamel Chafni,30,Attacking Midfield,AJ Auxerre,free transfer,in,Summer,NA,Ligue 1,2012,2012/2013
Stade Brestois 29,Ismaël Traoré,25,Centre-Back,CS Sedan,free transfer,in,Summer,NA,Ligue 1,2012,2012/2013
Stade Brestois 29,Bernard Mendy,30,Right-Back,Odense BK,free transfer,in,Summer,NA,Ligue 1,2012,2012/2013
Stade Brestois 29,André Auras,21,Defensive Midfield,Brest B,-,in,Summer,0,Ligue 1,2012,2012/2013
Stade Brestois 29,Adama Ba,18,Right Winger,Brest B,-,in,Summer,0,Ligue 1,2012,2012/2013
Stade Brestois 29,Richard Soumah,25,Left-Back,SCO Angers,"End of loanJun 30, 2012",in,Summer,0,Ligue 1,2012,2012/2013
Stade Brestois 29,Tomas Micola,23,Attacking Midfield,Slavia Prague,£450Th.,out,Summer,0.45,Ligue 1,2012,2012/2013
Stade Brestois 29,Moïse Brou Apanga,30,Centre-Back,FC 105 Libreville,free transfer,out,Summer,NA,Ligue 1,2012,2012/2013
Stade Brestois 29,Omar Daf,35,Right-Back,FC Sochaux,free transfer,out,Summer,NA,Ligue 1,2012,2012/2013
Stade Brestois 29,Oscar Ewolo,33,Central Midfield,Stade Lavallois,free transfer,out,Summer,NA,Ligue 1,2012,2012/2013
Stade Brestois 29,Romain Poyet,31,Centre-Forward,SM Caen,free transfer,out,Summer,NA,Ligue 1,2012,2012/2013
Stade Brestois 29,Steeve Elana,31,Goalkeeper,LOSC Lille,free transfer,out,Summer,NA,Ligue 1,2012,2012/2013
Stade Brestois 29,Jonathan Zebina,33,Centre-Back,Toulouse,free transfer,out,Summer,NA,Ligue 1,2012,2012/2013
Stade Brestois 29,Yoann Bigné,34,Central Midfield,Pleudihen,?,out,Summer,NA,Ligue 1,2012,2012/2013
Stade Brestois 29,Santiago Gentiletti,27,Centre-Back,Argentinos Jrs.,"End of loanJun 30, 2012",out,Summer,0,Ligue 1,2012,2012/2013
Stade Brestois 29,Issam Jemâa,28,Centre-Forward,AJ Auxerre,"End of loanJun 30, 2012",out,Summer,0,Ligue 1,2012,2012/2013
Valenciennes FC,Loris Néry,21,Right-Back,Saint-Étienne,£720Th.,in,Summer,0.72,Ligue 1,2012,2012/2013
Valenciennes FC,Anthony Le Tallec,27,Centre-Forward,AJ Auxerre,£450Th.,in,Summer,0.45,Ligue 1,2012,2012/2013
Valenciennes FC,Carlos Sánchez,26,Defensive Midfield,Rangers Talca,loan transfer,in,Summer,NA,Ligue 1,2012,2012/2013
Valenciennes FC,Marco da Silva,20,Defensive Midfield,Valenciennes B,-,in,Summer,0,Ligue 1,2012,2012/2013
Valenciennes FC,Paul Charruau,18,Goalkeeper,Valenciennes B,-,in,Summer,0,Ligue 1,2012,2012/2013
Valenciennes FC,Nicolas Pallois,24,Centre-Back,Stade Lavallois,"End of loanJun 30, 2012",in,Summer,0,Ligue 1,2012,2012/2013
Valenciennes FC,Francis Massampu,20,Centre-Forward,Bayonne,"End of loanJun 30, 2012",in,Summer,0,Ligue 1,2012,2012/2013
Valenciennes FC,Carlos Sánchez,26,Defensive Midfield,Rangers Talca,free transfer,out,Summer,NA,Ligue 1,2012,2012/2013
Valenciennes FC,Renaud Cohade,27,Central Midfield,Saint-Étienne,free transfer,out,Summer,NA,Ligue 1,2012,2012/2013
Valenciennes FC,Christopher Mfuyi,22,Centre-Back,Servette FC,free transfer,out,Summer,NA,Ligue 1,2012,2012/2013
Valenciennes FC,Nicolas Pallois,24,Centre-Back,Chamois Niort,free transfer,out,Summer,NA,Ligue 1,2012,2012/2013
Valenciennes FC,Mamadou Samassa,26,Centre-Forward,Chievo Verona,free transfer,out,Summer,NA,Ligue 1,2012,2012/2013
Valenciennes FC,Arnaud Brocard,25,Goalkeeper,Without Club,-,out,Summer,0,Ligue 1,2012,2012/2013
Stade Reims,Diego Rigonato,24,Left-Back,Tours FC,£765Th.,in,Summer,0.765,Ligue 1,2012,2012/2013
Stade Reims,Grzegorz Krychowiak,22,Defensive Midfield,G. Bordeaux,£720Th.,in,Summer,0.72,Ligue 1,2012,2012/2013
Stade Reims,Nicolas Fauvergue,27,Centre-Forward,CS Sedan,£540Th.,in,Summer,0.54,Ligue 1,2012,2012/2013
Stade Reims,Kamel Ghilas,28,Second Striker,Hull City,free transfer,in,Summer,NA,Ligue 1,2012,2012/2013
Stade Reims,Franck Signorino,30,Left-Back,Stade Lavallois,free transfer,in,Summer,NA,Ligue 1,2012,2012/2013
Stade Reims,Mohamed Fofana,27,Centre-Back,Toulouse,free transfer,in,Summer,NA,Ligue 1,2012,2012/2013
Stade Reims,Antoine Devaux,27,Central Midfield,Toulouse,free transfer,in,Summer,NA,Ligue 1,2012,2012/2013
Stade Reims,Julien Toudic,26,Centre-Forward,Lens,loan transfer,in,Summer,NA,Ligue 1,2012,2012/2013
Stade Reims,Pape Souaré,22,Left-Back,LOSC Lille,loan transfer,in,Summer,NA,Ligue 1,2012,2012/2013
Stade Reims,Jonathan Kodjia,22,Centre-Forward,AS Cherbourg,"End of loanJun 30, 2012",in,Summer,0,Ligue 1,2012,2012/2013
Stade Reims,Kossingou Balamandji,23,Attacking Midfield,Paris FC,free transfer,out,Summer,NA,Ligue 1,2012,2012/2013
Stade Reims,Lucien Aubey,28,Centre-Back,Olympiakos N.,free transfer,out,Summer,NA,Ligue 1,2012,2012/2013
Stade Reims,Cédric Collet,28,Left Winger,Beira-Mar,free transfer,out,Summer,NA,Ligue 1,2012,2012/2013
Stade Reims,Alexis Sauvage,20,Goalkeeper,US Boulogne,free transfer,out,Summer,NA,Ligue 1,2012,2012/2013
Stade Reims,Cédric Fauré,33,Centre-Forward,Guingamp,free transfer,out,Summer,NA,Ligue 1,2012,2012/2013
Stade Reims,Clément Tainmont,26,Left Winger,LB Châteauroux,free transfer,out,Summer,NA,Ligue 1,2012,2012/2013
Stade Reims,Matthieu Fontaine,25,Centre-Back,FC Rouen 1899,free transfer,out,Summer,NA,Ligue 1,2012,2012/2013
Stade Reims,Joachim Ichane,26,Left-Back,AS Cherbourg,free transfer,out,Summer,NA,Ligue 1,2012,2012/2013
Stade Reims,Lucas Deaux,23,Defensive Midfield,FC Nantes,free transfer,out,Summer,NA,Ligue 1,2012,2012/2013
Stade Reims,Romain Amalfitano,22,Central Midfield,Newcastle,free transfer,out,Summer,NA,Ligue 1,2012,2012/2013
Stade Reims,Jonathan Kodjia,22,Centre-Forward,Amiens SC,loan transfer,out,Summer,NA,Ligue 1,2012,2012/2013
Stade Reims,Jérémy Manzorro,20,Attacking Midfield,Bourg-Péronnas,?,out,Summer,NA,Ligue 1,2012,2012/2013
Stade Reims,Alexandre Barbier,32,Centre-Back,Retired,-,out,Summer,0,Ligue 1,2012,2012/2013
Stade Reims,Idriss Saadi,20,Centre-Forward,Saint-Étienne,"End of loanJun 30, 2012",out,Summer,0,Ligue 1,2012,2012/2013
Stade Reims,Kamel Ghilas,28,Second Striker,Hull City,"End of loanJun 30, 2012",out,Summer,0,Ligue 1,2012,2012/2013
AS Nancy-Lorraine,Yohan Mollo,22,Right Winger,Granada CF,£1.80m,in,Summer,1.8,Ligue 1,2012,2012/2013
AS Nancy-Lorraine,Salif Sané,21,Centre-Back,G. Bordeaux,£1.08m,in,Summer,1.08,Ligue 1,2012,2012/2013
AS Nancy-Lorraine,Romain Grange,23,Attacking Midfield,LB Châteauroux,£720Th.,in,Summer,0.72,Ligue 1,2012,2012/2013
AS Nancy-Lorraine,Jeff Louis,19,Attacking Midfield,Le Mans FC,£630Th.,in,Summer,0.63,Ligue 1,2012,2012/2013
AS Nancy-Lorraine,Thomas Ayasse,25,Defensive Midfield,AC Arles,free transfer,in,Summer,NA,Ligue 1,2012,2012/2013
AS Nancy-Lorraine,Vincent Muratori,24,Left-Back,Monaco,free transfer,in,Summer,NA,Ligue 1,2012,2012/2013
AS Nancy-Lorraine,Thomas Mangani,25,Central Midfield,Monaco,free transfer,in,Summer,NA,Ligue 1,2012,2012/2013
AS Nancy-Lorraine,Simon Zenke,23,Right Winger,Samsunspor,free transfer,in,Summer,NA,Ligue 1,2012,2012/2013
AS Nancy-Lorraine,Jean-Landry Bassilekin,20,Centre-Forward,Renaissance FC,?,in,Summer,NA,Ligue 1,2012,2012/2013
AS Nancy-Lorraine,Karim Coulibaly,19,Left Winger,AS Nancy B,-,in,Summer,0,Ligue 1,2012,2012/2013
AS Nancy-Lorraine,Paul Nardi,18,Goalkeeper,AS Nancy B,-,in,Summer,0,Ligue 1,2012,2012/2013
AS Nancy-Lorraine,Julian Jeanvier,20,Centre-Back,AS Nancy B,-,in,Summer,0,Ligue 1,2012,2012/2013
AS Nancy-Lorraine,Abdou Dampha,20,Defensive Midfield,Without Club,-,in,Summer,0,Ligue 1,2012,2012/2013
AS Nancy-Lorraine,Distel Zola,23,Defensive Midfield,AC Le Havre,"End of loanJun 30, 2012",in,Summer,0,Ligue 1,2012,2012/2013
AS Nancy-Lorraine,Samba Diakité,23,Defensive Midfield,QPR,"End of loanJun 30, 2012",in,Summer,0,Ligue 1,2012,2012/2013
AS Nancy-Lorraine,Alexandre Cuvillier,26,Left Midfield,Lens,"End of loanJun 30, 2012",in,Summer,0,Ligue 1,2012,2012/2013
AS Nancy-Lorraine,Fouad Rachid,20,Defensive Midfield,SAS Epinal,"End of loanJun 30, 2012",in,Summer,0,Ligue 1,2012,2012/2013
AS Nancy-Lorraine,Paul Alo'o Efoulou,28,Centre-Forward,AC Le Havre,"End of loanJun 30, 2012",in,Summer,0,Ligue 1,2012,2012/2013
AS Nancy-Lorraine,Pascal Berenguer,31,Defensive Midfield,Lens,"End of loanJun 30, 2012",in,Summer,0,Ligue 1,2012,2012/2013
AS Nancy-Lorraine,Marama Vahirua,32,Centre-Forward,Monaco,"End of loanJun 30, 2012",in,Summer,0,Ligue 1,2012,2012/2013
AS Nancy-Lorraine,Samba Diakité,23,Defensive Midfield,QPR,£3.60m,out,Summer,3.6,Ligue 1,2012,2012/2013
AS Nancy-Lorraine,Distel Zola,23,Defensive Midfield,AC Le Havre,free transfer,out,Summer,NA,Ligue 1,2012,2012/2013
AS Nancy-Lorraine,Rémi Pillot,22,Goalkeeper,KV Kortrijk,free transfer,out,Summer,NA,Ligue 1,2012,2012/2013
AS Nancy-Lorraine,Bakaye Traoré,27,Central Midfield,AC Milan,free transfer,out,Summer,NA,Ligue 1,2012,2012/2013
AS Nancy-Lorraine,Jean Calvé,28,Right-Back,SM Caen,free transfer,out,Summer,NA,Ligue 1,2012,2012/2013
AS Nancy-Lorraine,Benjamin Jeannot,20,Centre-Forward,LB Châteauroux,loan transfer,out,Summer,NA,Ligue 1,2012,2012/2013
AS Nancy-Lorraine,Alexandre Cuvillier,26,Left Midfield,SM Caen,loan transfer,out,Summer,NA,Ligue 1,2012,2012/2013
AS Nancy-Lorraine,Marama Vahirua,32,Centre-Forward,Panthrakikos,loan transfer,out,Summer,NA,Ligue 1,2012,2012/2013
AS Nancy-Lorraine,Pascal Berenguer,31,Defensive Midfield,Tours FC,loan transfer,out,Summer,NA,Ligue 1,2012,2012/2013
AS Nancy-Lorraine,Junior Joachim,20,Centre-Forward,US Boulogne,loan transfer,out,Summer,NA,Ligue 1,2012,2012/2013
AS Nancy-Lorraine,Reynald Lemaître,29,Left-Back,Without Club,-,out,Summer,0,Ligue 1,2012,2012/2013
AS Nancy-Lorraine,Moustapha Sall,26,Centre-Back,Saint-Étienne,"End of loanJun 30, 2012",out,Summer,0,Ligue 1,2012,2012/2013
AS Nancy-Lorraine,Yohan Mollo,22,Right Winger,Granada CF,"End of loanJun 30, 2012",out,Summer,0,Ligue 1,2012,2012/2013
AS Nancy-Lorraine,Jo-gook Jeong,28,Centre-Forward,AJ Auxerre,"End of loanJun 30, 2012",out,Summer,0,Ligue 1,2012,2012/2013
AS Nancy-Lorraine,Thomas Mangani,25,Central Midfield,Monaco,"End of loanJun 30, 2012",out,Summer,0,Ligue 1,2012,2012/2013
AS Nancy-Lorraine,Daniel Niculae,29,Centre-Forward,Monaco,"End of loanJun 30, 2012",out,Summer,0,Ligue 1,2012,2012/2013
AS Nancy-Lorraine,Salif Sané,21,Centre-Back,G. Bordeaux,"End of loanJun 30, 2012",out,Summer,0,Ligue 1,2012,2012/2013
FC Lorient,Alain Traoré,23,Attacking Midfield,AJ Auxerre,£4.50m,in,Summer,4.5,Ligue 1,2012,2012/2013
FC Lorient,Benjamin Corgnet,25,Attacking Midfield,Dijon,£3.60m,in,Summer,3.6,Ligue 1,2012,2012/2013
FC Lorient,Enzo Réale,20,Central Midfield,Olympique Lyon,£900Th.,in,Summer,0.9,Ligue 1,2012,2012/2013
FC Lorient,Ludovic Giuly,36,Right Winger,Monaco,free transfer,in,Summer,NA,Ligue 1,2012,2012/2013
FC Lorient,Simon Falette,20,Centre-Back,Lorient B,-,in,Summer,0,Ligue 1,2012,2012/2013
FC Lorient,Sebastián Dubarbier,26,Left-Back,Córdoba CF,"End of loanJun 30, 2012",in,Summer,0,Ligue 1,2012,2012/2013
FC Lorient,Fabien Robert,23,Left Midfield,Doncaster,"End of loanJun 30, 2012",in,Summer,0,Ligue 1,2012,2012/2013
FC Lorient,Cheick Touré,19,Centre-Back,Bayonne,"End of loanJun 30, 2012",in,Summer,0,Ligue 1,2012,2012/2013
FC Lorient,Arnold Mvuemba,27,Defensive Midfield,Olympique Lyon,£2.70m,out,Summer,2.7,Ligue 1,2012,2012/2013
FC Lorient,Sebastián Dubarbier,26,Left-Back,Córdoba CF,free transfer,out,Summer,NA,Ligue 1,2012,2012/2013
FC Lorient,Sigamary Diarra,28,Left Midfield,AC Ajaccio,free transfer,out,Summer,NA,Ligue 1,2012,2012/2013
FC Lorient,Cheick Doukouré,19,Defensive Midfield,SAS Epinal,loan transfer,out,Summer,NA,Ligue 1,2012,2012/2013
FC Lorient,Simon Falette,20,Centre-Back,Stade Lavallois,loan transfer,out,Summer,NA,Ligue 1,2012,2012/2013
FC Lorient,Ladislas Douniama,26,Second Striker,AC Arles,loan transfer,out,Summer,NA,Ligue 1,2012,2012/2013
FC Lorient,Tristan Do,19,Right-Back,SAS Epinal,loan transfer,out,Summer,NA,Ligue 1,2012,2012/2013
FC Lorient,Joel Campbell,20,Right Winger,Arsenal,"End of loanJun 30, 2012",out,Summer,0,Ligue 1,2012,2012/2013
FC Lorient,Jérémie Janot,34,Goalkeeper,Saint-Étienne,"End of loanJun 30, 2012",out,Summer,0,Ligue 1,2012,2012/2013
AC Ajaccio,Sigamary Diarra,28,Left Midfield,FC Lorient,free transfer,in,Summer,NA,Ligue 1,2012,2012/2013
AC Ajaccio,Stefan Popescu,19,Left-Back,Cesena,free transfer,in,Summer,NA,Ligue 1,2012,2012/2013
AC Ajaccio,Ricardo Faty,25,Defensive Midfield,Aris Saloniki,free transfer,in,Summer,NA,Ligue 1,2012,2012/2013
AC Ajaccio,Oumar Sissoko,24,Goalkeeper,FC Metz,free transfer,in,Summer,NA,Ligue 1,2012,2012/2013
AC Ajaccio,Chahir Belghazouani,25,Left Winger,Zulte Waregem,free transfer,in,Summer,NA,Ligue 1,2012,2012/2013
AC Ajaccio,Adrian Mutu,33,Centre-Forward,Cesena,free transfer,in,Summer,NA,Ligue 1,2012,2012/2013
AC Ajaccio,Ammar Jemal,25,Centre-Back,BSC Young Boys,loan transfer,in,Summer,NA,Ligue 1,2012,2012/2013
AC Ajaccio,Joshua Nadeau,17,Centre-Back,AC Ajaccio B,-,in,Summer,0,Ligue 1,2012,2012/2013
AC Ajaccio,Wilfried Zahibo,18,Central Midfield,AC Ajaccio B,-,in,Summer,0,Ligue 1,2012,2012/2013
AC Ajaccio,Andy Delort,20,Centre-Forward,FC Metz,"End of loanJun 30, 2012",in,Summer,0,Ligue 1,2012,2012/2013
AC Ajaccio,Rémi Cilia,22,Centre-Back,Paris FC B,free transfer,out,Summer,NA,Ligue 1,2012,2012/2013
AC Ajaccio,Richard Socrier,33,Centre-Forward,SCO Angers,free transfer,out,Summer,NA,Ligue 1,2012,2012/2013
AC Ajaccio,Ilan,31,Centre-Forward,SC Bastia,free transfer,out,Summer,NA,Ligue 1,2012,2012/2013
AC Ajaccio,Mickaël Charvet,24,Centre-Back,Paris FC,free transfer,out,Summer,NA,Ligue 1,2012,2012/2013
AC Ajaccio,Stefan Popescu,19,Left-Back,Marseille B,loan transfer,out,Summer,NA,Ligue 1,2012,2012/2013
AC Ajaccio,Christian Kinkela,30,Right Midfield,Without Club,-,out,Summer,0,Ligue 1,2012,2012/2013
AC Ajaccio,Thierry Debès,38,Goalkeeper,Retired,-,out,Summer,0,Ligue 1,2012,2012/2013
AC Ajaccio,Leyti N'Diaye,26,Centre-Back,Marseille,"End of loanJun 30, 2012",out,Summer,0,Ligue 1,2012,2012/2013
ESTAC Troyes,Maxime Colin,20,Right-Back,US Boulogne,£450Th.,in,Summer,0.45,Ligue 1,2012,2012/2013
ESTAC Troyes,Jérémie Bréchet,32,Centre-Back,FC Sochaux,free transfer,in,Summer,NA,Ligue 1,2012,2012/2013
ESTAC Troyes,Stéphane Darbion,28,Left Midfield,Skoda Xanthi,free transfer,in,Summer,NA,Ligue 1,2012,2012/2013
ESTAC Troyes,Benjamin Nivet,35,Attacking Midfield,SM Caen,free transfer,in,Summer,NA,Ligue 1,2012,2012/2013
ESTAC Troyes,Matthieu Dreyer,23,Goalkeeper,Fréjus-St-Raph.,free transfer,in,Summer,NA,Ligue 1,2012,2012/2013
ESTAC Troyes,Granddi N'Goyi,24,Defensive Midfield,Paris SG,free transfer,in,Summer,NA,Ligue 1,2012,2012/2013
ESTAC Troyes,Georges Gope-Fenepej,23,Left Midfield,AS Magenta,free transfer,in,Summer,NA,Ligue 1,2012,2012/2013
ESTAC Troyes,Fabien Camus,27,Attacking Midfield,KRC Genk,loan transfer,in,Summer,NA,Ligue 1,2012,2012/2013
ESTAC Troyes,Jean-Christophe Bahebeck,19,Centre-Forward,Paris SG,loan transfer,in,Summer,NA,Ligue 1,2012,2012/2013
ESTAC Troyes,Mohamed Yattara,19,Centre-Forward,Olympique Lyon,loan transfer,in,Summer,NA,Ligue 1,2012,2012/2013
ESTAC Troyes,Claudio Beauvue,24,Centre-Forward,LB Châteauroux,"End of loanJun 30, 2012",in,Summer,0,Ligue 1,2012,2012/2013
ESTAC Troyes,Djibril Sidibé,19,Right-Back,LOSC Lille,£2.25m,out,Summer,2.25,Ligue 1,2012,2012/2013
ESTAC Troyes,Claudio Beauvue,24,Centre-Forward,LB Châteauroux,£675Th.,out,Summer,0.675,Ligue 1,2012,2012/2013
ESTAC Troyes,Andreas Govas,23,Centre-Forward,AEL Kalloni,free transfer,out,Summer,NA,Ligue 1,2012,2012/2013
ESTAC Troyes,Olivier Blondel,32,Goalkeeper,Toulouse,free transfer,out,Summer,NA,Ligue 1,2012,2012/2013
ESTAC Troyes,Antoine Philippon,22,Goalkeeper,US Créteil-L,loan transfer,out,Summer,NA,Ligue 1,2012,2012/2013
ESTAC Troyes,Wilfried Rother,21,Centre-Back,SAS Epinal,loan transfer,out,Summer,NA,Ligue 1,2012,2012/2013
ESTAC Troyes,Mickaël Barreto,21,Attacking Midfield,Fréjus-St-Raph.,loan transfer,out,Summer,NA,Ligue 1,2012,2012/2013
ESTAC Troyes,Sega Keïta,20,Centre-Forward,FC Rouen 1899,loan transfer,out,Summer,NA,Ligue 1,2012,2012/2013
ESTAC Troyes,Sacha Petshi,20,Defensive Midfield,US Orléans,loan transfer,out,Summer,NA,Ligue 1,2012,2012/2013
ESTAC Troyes,Raphaël Cacérès,24,Centre-Forward,Dijon,"End of loanJun 30, 2012",out,Summer,0,Ligue 1,2012,2012/2013
LOSC Lille,Marvin Martin,24,Attacking Midfield,FC Sochaux,£9.00m,in,Summer,9,Ligue 1,2012,2012/2013
LOSC Lille,Ryan Mendes,22,Left Winger,AC Le Havre,£2.70m,in,Summer,2.7,Ligue 1,2012,2012/2013
LOSC Lille,Djibril Sidibé,19,Right-Back,Troyes,£2.25m,in,Summer,2.25,Ligue 1,2012,2012/2013
LOSC Lille,Viktor Klonaridis,19,Second Striker,AEK Athens,£720Th.,in,Summer,0.72,Ligue 1,2012,2012/2013
LOSC Lille,Steeve Elana,31,Goalkeeper,Stade Brestois,free transfer,in,Summer,NA,Ligue 1,2012,2012/2013
LOSC Lille,Salomon Kalou,26,Left Winger,Chelsea,free transfer,in,Summer,NA,Ligue 1,2012,2012/2013
LOSC Lille,Alexandre Oukidja,23,Goalkeeper,Bayonne,"End of loanJun 30, 2012",in,Summer,0,Ligue 1,2012,2012/2013
LOSC Lille,Omar Wade,22,Centre-Forward,Boluspor,"End of loanJun 30, 2012",in,Summer,0,Ligue 1,2012,2012/2013
LOSC Lille,Arnaud Souquet,20,Right-Back,Paris FC,"End of loanJun 30, 2012",in,Summer,0,Ligue 1,2012,2012/2013
LOSC Lille,Jerry Vandam,23,Right-Back,SM Caen,"End of loanJun 30, 2012",in,Summer,0,Ligue 1,2012,2012/2013
LOSC Lille,Eden Hazard,21,Left Winger,Chelsea,£31.50m,out,Summer,31.5,Ligue 1,2012,2012/2013
LOSC Lille,Vincent Enyeama,29,Goalkeeper,M. Tel Aviv,loan transfer,out,Summer,NA,Ligue 1,2012,2012/2013
LOSC Lille,John Jairo Ruiz,18,Left Winger,Mouscron,loan transfer,out,Summer,NA,Ligue 1,2012,2012/2013
LOSC Lille,Alexandre Oukidja,23,Goalkeeper,Mouscron,loan transfer,out,Summer,NA,Ligue 1,2012,2012/2013
LOSC Lille,Arnaud Souquet,20,Right-Back,Mouscron,loan transfer,out,Summer,NA,Ligue 1,2012,2012/2013
LOSC Lille,Omar Wade,22,Centre-Forward,Mouscron,loan transfer,out,Summer,NA,Ligue 1,2012,2012/2013
LOSC Lille,Pape Souaré,22,Left-Back,Stade Reims,loan transfer,out,Summer,NA,Ligue 1,2012,2012/2013
LOSC Lille,Ireneusz Jelen,31,Centre-Forward,Without Club,-,out,Summer,0,Ligue 1,2012,2012/2013
LOSC Lille,Mauro Cetto,30,Centre-Back,US Palermo,"End of loanJun 30, 2012",out,Summer,0,Ligue 1,2012,2012/2013
LOSC Lille,Joe Cole,30,Attacking Midfield,Liverpool,"End of loanJun 30, 2012",out,Summer,0,Ligue 1,2012,2012/2013
FC Girondins Bordeaux,Andre Poko,19,Defensive Midfield,G. Bordeaux B,-,in,Summer,0,Ligue 1,2012,2012/2013
FC Girondins Bordeaux,Hadi Sacko,18,Right Winger,G. Bordeaux B,-,in,Summer,0,Ligue 1,2012,2012/2013
FC Girondins Bordeaux,Evan Chevalier,20,Left Winger,G. Bordeaux B,-,in,Summer,0,Ligue 1,2012,2012/2013
FC Girondins Bordeaux,Grzegorz Krychowiak,22,Defensive Midfield,FC Nantes,"End of loanJun 30, 2012",in,Summer,0,Ligue 1,2012,2012/2013
FC Girondins Bordeaux,Maxime Poundjé,19,Left-Back,Nîmes Olympique,"End of loanJun 30, 2012",in,Summer,0,Ligue 1,2012,2012/2013
FC Girondins Bordeaux,Salif Sané,21,Centre-Back,AS Nancy,"End of loanJun 30, 2012",in,Summer,0,Ligue 1,2012,2012/2013
FC Girondins Bordeaux,Michaël Ciani,28,Centre-Back,Lazio,£1.35m,out,Summer,1.35,Ligue 1,2012,2012/2013
FC Girondins Bordeaux,Salif Sané,21,Centre-Back,AS Nancy,£1.08m,out,Summer,1.08,Ligue 1,2012,2012/2013
FC Girondins Bordeaux,Grzegorz Krychowiak,22,Defensive Midfield,Stade Reims,£720Th.,out,Summer,0.72,Ligue 1,2012,2012/2013
FC Girondins Bordeaux,Emiliano Sala,21,Centre-Forward,US Orléans,loan transfer,out,Summer,NA,Ligue 1,2012,2012/2013
FC Girondins Bordeaux,Evan Chevalier,20,Left Winger,G. Ajaccio,loan transfer,out,Summer,NA,Ligue 1,2012,2012/2013
FC Girondins Bordeaux,Anthony Modeste,24,Centre-Forward,SC Bastia,loan transfer,out,Summer,NA,Ligue 1,2012,2012/2013
Montpellier HSC,Daniel Congré,27,Centre-Back,Toulouse,£4.50m,in,Summer,4.5,Ligue 1,2012,2012/2013
Montpellier HSC,Anthony Mounier,24,Left Winger,OGC Nice,£3.15m,in,Summer,3.15,Ligue 1,2012,2012/2013
Montpellier HSC,Emanuel Herrera,25,Centre-Forward,Española,£2.25m,in,Summer,2.25,Ligue 1,2012,2012/2013
Montpellier HSC,Gaëtan Charbonnier,23,Centre-Forward,SCO Angers,£1.35m,in,Summer,1.35,Ligue 1,2012,2012/2013
Montpellier HSC,Bryan Dabo,20,Central Midfield,Montpellier B,-,in,Summer,0,Ligue 1,2012,2012/2013
Montpellier HSC,Abdoul Karim Sylla,20,Centre-Forward,Montpellier B,-,in,Summer,0,Ligue 1,2012,2012/2013
Montpellier HSC,Fodé Koita,21,Centre-Forward,Lens,"End of loanJun 30, 2012",in,Summer,0,Ligue 1,2012,2012/2013
Montpellier HSC,Teddy Mezague,22,Centre-Back,FC Martigues,"End of loanJun 30, 2012",in,Summer,0,Ligue 1,2012,2012/2013
Montpellier HSC,Jonas Martin,22,Central Midfield,Amiens SC,"End of loanJun 30, 2012",in,Summer,0,Ligue 1,2012,2012/2013
Montpellier HSC,Adrien Coulomb,21,Attacking Midfield,Vannes,"End of loanJun 30, 2012",in,Summer,0,Ligue 1,2012,2012/2013
Montpellier HSC,Guillaume Legras,22,Central Midfield,FC Martigues,"End of loanJun 30, 2012",in,Summer,0,Ligue 1,2012,2012/2013
Montpellier HSC,Olivier Giroud,25,Centre-Forward,Arsenal,£10.80m,out,Summer,10.8,Ligue 1,2012,2012/2013
Montpellier HSC,Geoffrey Dernis,31,Left Winger,Stade Brestois,free transfer,out,Summer,NA,Ligue 1,2012,2012/2013
Montpellier HSC,Grégory Lacombe,30,Right Winger,Clermont Foot,free transfer,out,Summer,NA,Ligue 1,2012,2012/2013
Montpellier HSC,Fodé Koita,21,Centre-Forward,AC Le Havre,loan transfer,out,Summer,NA,Ligue 1,2012,2012/2013
FC Sochaux-Montbéliard,Thierry Doubai,24,Defensive Midfield,Udinese Calcio,£2.70m,in,Summer,2.7,Ligue 1,2012,2012/2013
FC Sochaux-Montbéliard,Ishmael Yartey,22,Left Winger,Benfica,£1.80m,in,Summer,1.8,Ligue 1,2012,2012/2013
FC Sochaux-Montbéliard,Kalilou Traoré,24,Defensive Midfield,Odense BK,£1.58m,in,Summer,1.58,Ligue 1,2012,2012/2013
FC Sochaux-Montbéliard,Roy Contout,27,Right Winger,AJ Auxerre,£720Th.,in,Summer,0.72,Ligue 1,2012,2012/2013
FC Sochaux-Montbéliard,Omar Daf,35,Right-Back,Stade Brestois,free transfer,in,Summer,NA,Ligue 1,2012,2012/2013
FC Sochaux-Montbéliard,Cédric Kanté,32,Centre-Back,Panathinaikos,free transfer,in,Summer,NA,Ligue 1,2012,2012/2013
FC Sochaux-Montbéliard,Simon Pouplin,27,Goalkeeper,Without Club,-,in,Summer,0,Ligue 1,2012,2012/2013
FC Sochaux-Montbéliard,Jérôme Roussillon,19,Left-Back,FC Sochaux B,-,in,Summer,0,Ligue 1,2012,2012/2013
FC Sochaux-Montbéliard,Petrus Boumal,19,Defensive Midfield,FC Sochaux B,-,in,Summer,0,Ligue 1,2012,2012/2013
FC Sochaux-Montbéliard,Joseph Lopy,20,Central Midfield,FC Sochaux B,-,in,Summer,0,Ligue 1,2012,2012/2013
FC Sochaux-Montbéliard,Sanjin Prcic,18,Central Midfield,FC Sochaux B,-,in,Summer,0,Ligue 1,2012,2012/2013
FC Sochaux-Montbéliard,Frédéric Duplus,22,Right-Back,Guingamp,"End of loanJun 30, 2012",in,Summer,0,Ligue 1,2012,2012/2013
FC Sochaux-Montbéliard,Marvin Martin,24,Attacking Midfield,LOSC Lille,£9.00m,out,Summer,9,Ligue 1,2012,2012/2013
FC Sochaux-Montbéliard,Modibo Maïga,24,Centre-Forward,West Ham,£5.40m,out,Summer,5.4,Ligue 1,2012,2012/2013
FC Sochaux-Montbéliard,Damien Perquis,28,Centre-Back,Real Betis,£675Th.,out,Summer,0.675,Ligue 1,2012,2012/2013
FC Sochaux-Montbéliard,Serdar Gürler,20,Right Winger,Elazigspor,£99Th.,out,Summer,0.099,Ligue 1,2012,2012/2013
FC Sochaux-Montbéliard,Jérémie Bréchet,32,Centre-Back,Troyes,free transfer,out,Summer,NA,Ligue 1,2012,2012/2013
FC Sochaux-Montbéliard,Charlie Davies,26,Centre-Forward,Randers FC,free transfer,out,Summer,NA,Ligue 1,2012,2012/2013
FC Sochaux-Montbéliard,Teddy Richert,37,Goalkeeper,Retired,-,out,Summer,0,Ligue 1,2012,2012/2013
FC Sochaux-Montbéliard,Steven Mouyokolo,25,Centre-Back,Wolves,"End of loanJun 30, 2012",out,Summer,0,Ligue 1,2012,2012/2013
FC Sochaux-Montbéliard,Thierry Doubai,23,Defensive Midfield,Udinese Calcio,"End of loanJun 30, 2012",out,Summer,0,Ligue 1,2012,2012/2013
AS Saint-Étienne,Romain Hamouma,25,Centre-Forward,SM Caen,£3.60m,in,Summer,3.6,Ligue 1,2012,2012/2013
AS Saint-Étienne,Florentin Pogba,22,Centre-Back,CS Sedan,£450Th.,in,Summer,0.45,Ligue 1,2012,2012/2013
AS Saint-Étienne,Brandão,32,Centre-Forward,Marseille,free transfer,in,Summer,NA,Ligue 1,2012,2012/2013
AS Saint-Étienne,Renaud Cohade,27,Central Midfield,Valenciennes FC,free transfer,in,Summer,NA,Ligue 1,2012,2012/2013
AS Saint-Étienne,François Clerc,29,Right-Back,OGC Nice,free transfer,in,Summer,NA,Ligue 1,2012,2012/2013
AS Saint-Étienne,Kevin Mayi,19,Centre-Forward,Saint-Étienne B,-,in,Summer,0,Ligue 1,2012,2012/2013
AS Saint-Étienne,Ismael Diomande,19,Defensive Midfield,Saint-Étienne B,-,in,Summer,0,Ligue 1,2012,2012/2013
AS Saint-Étienne,Jérémie Janot,34,Goalkeeper,FC Lorient,"End of loanJun 30, 2012",in,Summer,0,Ligue 1,2012,2012/2013
AS Saint-Étienne,Paulão,29,Centre-Back,Real Betis,"End of loanJun 30, 2012",in,Summer,0,Ligue 1,2012,2012/2013
AS Saint-Étienne,Idriss Saadi,20,Centre-Forward,Stade Reims,"End of loanJun 30, 2012",in,Summer,0,Ligue 1,2012,2012/2013
AS Saint-Étienne,Moustapha Sall,26,Centre-Back,AS Nancy,"End of loanJun 30, 2012",in,Summer,0,Ligue 1,2012,2012/2013
AS Saint-Étienne,Gelson Fernandes,25,Defensive Midfield,Udinese Calcio,"End of loanJun 30, 2012",in,Summer,0,Ligue 1,2012,2012/2013
AS Saint-Étienne,Guirane N'Daw,28,Defensive Midfield,Birmingham,"End of loanJun 30, 2012",in,Summer,0,Ligue 1,2012,2012/2013
AS Saint-Étienne,Jessy Moulin,26,Goalkeeper,Clermont Foot,"End of loanJun 30, 2012",in,Summer,0,Ligue 1,2012,2012/2013
AS Saint-Étienne,Bakary Sako,24,Left Winger,Wolves,£3.42m,out,Summer,3.42,Ligue 1,2012,2012/2013
AS Saint-Étienne,Loris Néry,21,Right-Back,Valenciennes FC,£720Th.,out,Summer,0.72,Ligue 1,2012,2012/2013
AS Saint-Étienne,Paulão,29,Centre-Back,Real Betis,free transfer,out,Summer,NA,Ligue 1,2012,2012/2013
AS Saint-Étienne,Gelson Fernandes,25,Defensive Midfield,Sporting CP,free transfer,out,Summer,NA,Ligue 1,2012,2012/2013
AS Saint-Étienne,Sylvain Marchal,32,Centre-Back,SC Bastia,free transfer,out,Summer,NA,Ligue 1,2012,2012/2013
AS Saint-Étienne,Jérémie Janot,34,Goalkeeper,Le Mans FC,free transfer,out,Summer,NA,Ligue 1,2012,2012/2013
AS Saint-Étienne,Yoann Andreu,23,Left-Back,Mouscron,free transfer,out,Summer,NA,Ligue 1,2012,2012/2013
AS Saint-Étienne,Guirane N'Daw,28,Defensive Midfield,Ipswich,loan transfer,out,Summer,NA,Ligue 1,2012,2012/2013
AS Saint-Étienne,Lynel Kitambala,23,Centre-Forward,Dynamo Dresden,loan transfer,out,Summer,NA,Ligue 1,2012,2012/2013
AS Saint-Étienne,Idriss Saadi,20,Centre-Forward,G. Ajaccio,loan transfer,out,Summer,NA,Ligue 1,2012,2012/2013
AS Saint-Étienne,Yoric Ravet,22,Right Winger,SCO Angers,loan transfer,out,Summer,NA,Ligue 1,2012,2012/2013
AS Saint-Étienne,Florentin Pogba,22,Centre-Back,CS Sedan,loan transfer,out,Summer,NA,Ligue 1,2012,2012/2013
AS Saint-Étienne,Albin Ebondo,28,Right-Back,Without Club,-,out,Summer,0,Ligue 1,2012,2012/2013
AS Saint-Étienne,Laurent Batlles,36,Attacking Midfield,Retired,-,out,Summer,0,Ligue 1,2012,2012/2013
AS Saint-Étienne,Sylvain Monsoreau,31,Centre-Back,Without Club,-,out,Summer,0,Ligue 1,2012,2012/2013
AS Saint-Étienne,Florent Sinama-Pongolle,27,Second Striker,Sporting CP,"End of loanJun 30, 2012",out,Summer,0,Ligue 1,2012,2012/2013
SC Bastia,Julian Palmieri,25,Left-Back,FC Istres,free transfer,in,Summer,NA,Ligue 1,2012,2012/2013
SC Bastia,Ilan,31,Centre-Forward,AC Ajaccio,free transfer,in,Summer,NA,Ligue 1,2012,2012/2013
SC Bastia,Landry Bonnefoi,28,Goalkeeper,Amiens SC,free transfer,in,Summer,NA,Ligue 1,2012,2012/2013
SC Bastia,Sambou Yatabaré,23,Central Midfield,Monaco,free transfer,in,Summer,NA,Ligue 1,2012,2012/2013
SC Bastia,Gaëtan Varenne,22,Centre-Forward,FC Cournon,free transfer,in,Summer,NA,Ligue 1,2012,2012/2013
SC Bastia,Sylvain Marchal,32,Centre-Back,Saint-Étienne,free transfer,in,Summer,NA,Ligue 1,2012,2012/2013
SC Bastia,Anthony Modeste,24,Centre-Forward,G. Bordeaux,loan transfer,in,Summer,NA,Ligue 1,2012,2012/2013
SC Bastia,Olivier Vanucci,20,Centre-Back,SC Bastia B,-,in,Summer,0,Ligue 1,2012,2012/2013
SC Bastia,Florent André,21,Left Winger,SC Bastia B,-,in,Summer,0,Ligue 1,2012,2012/2013
SC Bastia,Christophe Vincent,19,Defensive Midfield,SC Bastia B,-,in,Summer,0,Ligue 1,2012,2012/2013
SC Bastia,Julien Sablé,32,Defensive Midfield,Without Club,-,in,Summer,0,Ligue 1,2012,2012/2013
SC Bastia,Sadio Diallo,21,Central Midfield,Stade Rennais,£3.60m,out,Summer,3.6,Ligue 1,2012,2012/2013
SC Bastia,Pierre-François Sodini,23,Centre-Back,Calvi,free transfer,out,Summer,NA,Ligue 1,2012,2012/2013
SC Bastia,Mathieu Robail,27,Left Midfield,Nîmes Olympique,free transfer,out,Summer,NA,Ligue 1,2012,2012/2013
SC Bastia,David Suarez,33,Second Striker,AC Arles,free transfer,out,Summer,NA,Ligue 1,2012,2012/2013
SC Bastia,Ludovic Genest,24,Attacking Midfield,FC Istres,loan transfer,out,Summer,NA,Ligue 1,2012,2012/2013
SC Bastia,Florent André,21,Left Winger,Fréjus-St-Raph.,loan transfer,out,Summer,NA,Ligue 1,2012,2012/2013
SC Bastia,Amiran Sanaia,22,Left-Back,Without Club,-,out,Summer,0,Ligue 1,2012,2012/2013
SC Bastia,Jacques-Désiré Périatambée,36,Defensive Midfield,Retired,-,out,Summer,0,Ligue 1,2012,2012/2013
Paris Saint-Germain,Thiago Silva,27,Centre-Back,AC Milan,£37.80m,in,Summer,37.8,Ligue 1,2012,2012/2013
Paris Saint-Germain,Ezequiel Lavezzi,27,Second Striker,SSC Napoli,£27.00m,in,Summer,27,Ligue 1,2012,2012/2013
Paris Saint-Germain,Zlatan Ibrahimovic,30,Centre-Forward,AC Milan,£18.90m,in,Summer,18.9,Ligue 1,2012,2012/2013
Paris Saint-Germain,Marco Verratti,19,Central Midfield,Pescara,£10.80m,in,Summer,10.8,Ligue 1,2012,2012/2013
Paris Saint-Germain,Gregory van der Wiel,24,Right-Back,Ajax,£5.40m,in,Summer,5.4,Ligue 1,2012,2012/2013
Paris Saint-Germain,Adrien Rabiot,17,Central Midfield,Paris SG U19,-,in,Summer,0,Ligue 1,2012,2012/2013
Paris Saint-Germain,Loick Landre,20,Centre-Back,Clermont Foot,"End of loanJun 30, 2012",in,Summer,0,Ligue 1,2012,2012/2013
Paris Saint-Germain,Granddi N'Goyi,24,Defensive Midfield,FC Nantes,"End of loanJun 30, 2012",in,Summer,0,Ligue 1,2012,2012/2013
Paris Saint-Germain,Jean-Eudes Maurice,26,Centre-Forward,Lens,"End of loanJun 30, 2012",in,Summer,0,Ligue 1,2012,2012/2013
Paris Saint-Germain,Milan Bisevac,28,Centre-Back,Olympique Lyon,£2.48m,out,Summer,2.48,Ligue 1,2012,2012/2013
Paris Saint-Germain,Ceará,32,Right-Back,Cruzeiro,free transfer,out,Summer,NA,Ligue 1,2012,2012/2013
Paris Saint-Germain,Granddi N'Goyi,24,Defensive Midfield,Troyes,free transfer,out,Summer,NA,Ligue 1,2012,2012/2013
Paris Saint-Germain,Jean-Eudes Maurice,26,Centre-Forward,Le Mans FC,loan transfer,out,Summer,NA,Ligue 1,2012,2012/2013
Paris Saint-Germain,Loick Landre,20,Centre-Back,G. Ajaccio,loan transfer,out,Summer,NA,Ligue 1,2012,2012/2013
Paris Saint-Germain,Neeskens Kebano,20,Left Winger,SM Caen,loan transfer,out,Summer,NA,Ligue 1,2012,2012/2013
Paris Saint-Germain,Jean-Christophe Bahebeck,19,Centre-Forward,Troyes,loan transfer,out,Summer,NA,Ligue 1,2012,2012/2013
Paris Saint-Germain,Loris Arnaud,25,Centre-Forward,Without Club,-,out,Summer,0,Ligue 1,2012,2012/2013
OGC Nice,Jérémy Pied,23,Right-Back,Olympique Lyon,£2.70m,in,Summer,2.7,Ligue 1,2012,2012/2013
OGC Nice,Darío Cvitanich,28,Centre-Forward,Ajax,£1.35m,in,Summer,1.35,Ligue 1,2012,2012/2013
OGC Nice,Timothée Kolodziejczak,20,Centre-Back,Olympique Lyon,free transfer,in,Summer,NA,Ligue 1,2012,2012/2013
OGC Nice,Joris Delle,22,Goalkeeper,FC Metz,free transfer,in,Summer,NA,Ligue 1,2012,2012/2013
OGC Nice,Eric Bauthéac,24,Right Winger,Dijon,free transfer,in,Summer,NA,Ligue 1,2012,2012/2013
OGC Nice,Kévin Diaz,24,Right Midfield,Monaco,free transfer,in,Summer,NA,Ligue 1,2012,2012/2013
OGC Nice,Romain Genevois,24,Centre-Back,Tours FC,free transfer,in,Summer,NA,Ligue 1,2012,2012/2013
OGC Nice,Valentin Eysseric,20,Attacking Midfield,Monaco,loan transfer,in,Summer,NA,Ligue 1,2012,2012/2013
OGC Nice,Alexy Bosetti,19,Centre-Forward,OGC Nice B,-,in,Summer,0,Ligue 1,2012,2012/2013
OGC Nice,Diacko Fofana,17,Right-Back,OGC Nice B,-,in,Summer,0,Ligue 1,2012,2012/2013
OGC Nice,Fabien Dao Castellana,18,Defensive Midfield,OGC Nice B,-,in,Summer,0,Ligue 1,2012,2012/2013
OGC Nice,Stéphane Bahoken,20,Centre-Forward,OGC Nice B,-,in,Summer,0,Ligue 1,2012,2012/2013
OGC Nice,Moussa M'Bow,20,Right-Back,OGC Nice B,-,in,Summer,0,Ligue 1,2012,2012/2013
OGC Nice,Mahamane Traoré,23,Central Midfield,FC Metz,"End of loanJun 30, 2012",in,Summer,0,Ligue 1,2012,2012/2013
OGC Nice,Julien Berthomier,22,Centre-Back,Red Star FC,"End of loanJun 30, 2012",in,Summer,0,Ligue 1,2012,2012/2013
OGC Nice,Anthony Mounier,24,Left Winger,Montpellier,£3.15m,out,Summer,3.15,Ligue 1,2012,2012/2013
OGC Nice,Fabián Monzón,25,Left-Back,Olympique Lyon,£2.70m,out,Summer,2.7,Ligue 1,2012,2012/2013
OGC Nice,Kafoumba Coulibaly,26,Defensive Midfield,Kasimpasa,£1.35m,out,Summer,1.35,Ligue 1,2012,2012/2013
OGC Nice,Isma,21,Centre-Forward,Rio Ave FC,£360Th.,out,Summer,0.36,Ligue 1,2012,2012/2013
OGC Nice,Franck Dja Djédjé,26,Right Winger,Chornomorets,£270Th.,out,Summer,0.27,Ligue 1,2012,2012/2013
OGC Nice,Drissa Diakité,27,Centre-Back,Olympiacos,free transfer,out,Summer,NA,Ligue 1,2012,2012/2013
OGC Nice,François Clerc,29,Right-Back,Saint-Étienne,free transfer,out,Summer,NA,Ligue 1,2012,2012/2013
OGC Nice,Kévin Malaga,25,Centre-Back,Coventry,free transfer,out,Summer,NA,Ligue 1,2012,2012/2013
OGC Nice,Éric Mouloungui,28,Centre-Forward,Al-Wahda FC,free transfer,out,Summer,NA,Ligue 1,2012,2012/2013
OGC Nice,Serge Nyuiadzi,20,Right Winger,CSKA Sofia,free transfer,out,Summer,NA,Ligue 1,2012,2012/2013
OGC Nice,Lucas Veronese,21,Goalkeeper,FC Istres,loan transfer,out,Summer,NA,Ligue 1,2012,2012/2013
OGC Nice,Abraham Gneki Guié,26,Centre-Forward,Lausanne-Sport,loan transfer,out,Summer,NA,Ligue 1,2012,2012/2013
OGC Nice,Julien Sablé,31,Defensive Midfield,Without Club,-,out,Summer,0,Ligue 1,2012,2012/2013
OGC Nice,David Hellebuyck,33,Central Midfield,Retired,-,out,Summer,0,Ligue 1,2012,2012/2013
OGC Nice,Elliot Grandin,24,Attacking Midfield,Blackpool,"End of loanJun 30, 2012",out,Summer,0,Ligue 1,2012,2012/2013
FC Toulouse,Jonathan Zebina,33,Centre-Back,Stade Brestois,free transfer,in,Summer,NA,Ligue 1,2012,2012/2013
FC Toulouse,Olivier Blondel,32,Goalkeeper,Troyes,free transfer,in,Summer,NA,Ligue 1,2012,2012/2013
FC Toulouse,Issiaga Sylla,18,Left-Back,Horoya AC,?,in,Summer,NA,Ligue 1,2012,2012/2013
FC Toulouse,Yannick Djaló,26,Left Winger,Benfica,loan transfer,in,Summer,NA,Ligue 1,2012,2012/2013
FC Toulouse,Yanick Aguemon,20,Left Winger,Toulouse B,-,in,Summer,0,Ligue 1,2012,2012/2013
FC Toulouse,Amadou Soukouna,20,Centre-Forward,Toulouse B,-,in,Summer,0,Ligue 1,2012,2012/2013
FC Toulouse,Steeve Yago,19,Right-Back,Toulouse B,-,in,Summer,0,Ligue 1,2012,2012/2013
FC Toulouse,Daniel Congré,27,Centre-Back,Montpellier,£4.50m,out,Summer,4.5,Ligue 1,2012,2012/2013
FC Toulouse,Paulo Machado,26,Central Midfield,Olympiacos,£2.43m,out,Summer,2.43,Ligue 1,2012,2012/2013
FC Toulouse,Umut Bulut,29,Centre-Forward,Galatasaray,Loan fee:£360Th.,out,Summer,0.36,Ligue 1,2012,2012/2013
FC Toulouse,Antoine Devaux,27,Central Midfield,Stade Reims,free transfer,out,Summer,NA,Ligue 1,2012,2012/2013
FC Toulouse,Mohamed Fofana,27,Centre-Back,Stade Reims,free transfer,out,Summer,NA,Ligue 1,2012,2012/2013
FC Toulouse,Rémy Riou,24,Goalkeeper,FC Nantes,free transfer,out,Summer,NA,Ligue 1,2012,2012/2013
FC Toulouse,Amadou Soukouna,20,Centre-Forward,Luzenac AP,loan transfer,out,Summer,NA,Ligue 1,2012,2012/2013
FC Toulouse,Yohann Pelé,29,Goalkeeper,Career break,-,out,Summer,0,Ligue 1,2012,2012/2013
Stade Rennais FC,Sadio Diallo,21,Central Midfield,SC Bastia,£3.60m,in,Summer,3.6,Ligue 1,2012,2012/2013
Stade Rennais FC,Romain Alessandrini,23,Right Winger,Clermont Foot,£2.25m,in,Summer,2.25,Ligue 1,2012,2012/2013
Stade Rennais FC,Jean II Makoun,29,Defensive Midfield,Aston Villa,loan transfer,in,Summer,NA,Ligue 1,2012,2012/2013
Stade Rennais FC,Axel Ngando,18,Attacking Midfield,Rennes B,-,in,Summer,0,Ligue 1,2012,2012/2013
Stade Rennais FC,Abdoulaye Doucouré,19,Central Midfield,Rennes B,-,in,Summer,0,Ligue 1,2012,2012/2013
Stade Rennais FC,Cheick Diarra,20,Centre-Forward,Rennes B,-,in,Summer,0,Ligue 1,2012,2012/2013
Stade Rennais FC,Abdoulaye Sané,19,Centre-Forward,Rennes B,-,in,Summer,0,Ligue 1,2012,2012/2013
Stade Rennais FC,John Verhoek,23,Centre-Forward,ADO Den Haag,"End of loanJun 30, 2012",in,Summer,0,Ligue 1,2012,2012/2013
Stade Rennais FC,Johann Carrasso,24,Goalkeeper,Monaco,"End of loanJun 30, 2012",in,Summer,0,Ligue 1,2012,2012/2013
Stade Rennais FC,Franck Julienne,21,Right Winger,AC Le Havre,"End of loanJun 30, 2012",in,Summer,0,Ligue 1,2012,2012/2013
Stade Rennais FC,Jirès Kembo Ekoko,24,Left Winger,Al-Ain FC,£3.33m,out,Summer,3.33,Ligue 1,2012,2012/2013
Stade Rennais FC,Razak Boukari,25,Right Winger,Wolves,£3.15m,out,Summer,3.15,Ligue 1,2012,2012/2013
Stade Rennais FC,Kader Mangane,29,Centre-Back,Hilal,£2.70m,out,Summer,2.7,Ligue 1,2012,2012/2013
Stade Rennais FC,Alexander Tettey,26,Defensive Midfield,Norwich,£1.35m,out,Summer,1.35,Ligue 1,2012,2012/2013
Stade Rennais FC,Youssouf Hadji,32,Centre-Forward,Al-Arabi SC,£900Th.,out,Summer,0.9,Ligue 1,2012,2012/2013
Stade Rennais FC,Yacine Brahimi,22,Left Winger,Granada CF,Loan fee:£270Th.,out,Summer,0.27,Ligue 1,2012,2012/2013
Stade Rennais FC,Stéphane Dalmat,33,Central Midfield,Nîmes Olympique,free transfer,out,Summer,NA,Ligue 1,2012,2012/2013
Stade Rennais FC,Franck Julienne,21,Right Winger,Vannes,loan transfer,out,Summer,NA,Ligue 1,2012,2012/2013
Stade Rennais FC,Johann Carrasso,24,Goalkeeper,FC Metz,loan transfer,out,Summer,NA,Ligue 1,2012,2012/2013
Stade Rennais FC,John Verhoek,23,Centre-Forward,FSV Frankfurt,loan transfer,out,Summer,NA,Ligue 1,2012,2012/2013
Stade Rennais FC,Tongo Doumbia,22,Defensive Midfield,Wolves,loan transfer,out,Summer,NA,Ligue 1,2012,2012/2013
Stade Rennais FC,Kamal Issah,19,Defensive Midfield,Nordsjaelland,?,out,Summer,NA,Ligue 1,2012,2012/2013
Olympique Marseille,Lucas Mendes,22,Centre-Back,Coritiba FC,£2.07m,in,Summer,2.07,Ligue 1,2012,2012/2013
Olympique Marseille,Kassim Abdallah,25,Right-Back,CS Sedan,£450Th.,in,Summer,0.45,Ligue 1,2012,2012/2013
Olympique Marseille,Florian Raspentino,23,Centre-Forward,FC Nantes,free transfer,in,Summer,NA,Ligue 1,2012,2012/2013
Olympique Marseille,Joey Barton,29,Central Midfield,QPR,loan transfer,in,Summer,NA,Ligue 1,2012,2012/2013
Olympique Marseille,Rafidine Abdullah,18,Defensive Midfield,Marseille B,-,in,Summer,0,Ligue 1,2012,2012/2013
Olympique Marseille,Najib Ammari,20,Attacking Midfield,Marseille B,-,in,Summer,0,Ligue 1,2012,2012/2013
Olympique Marseille,Leyti N'Diaye,26,Centre-Back,AC Ajaccio,"End of loanJun 30, 2012",in,Summer,0,Ligue 1,2012,2012/2013
Olympique Marseille,Pape M'Bow,24,Centre-Back,RAEC Mons,"End of loanJun 30, 2012",in,Summer,0,Ligue 1,2012,2012/2013
Olympique Marseille,Alexander N'Doumbou,20,Defensive Midfield,US Orléans,"End of loanJun 30, 2012",in,Summer,0,Ligue 1,2012,2012/2013
Olympique Marseille,César Azpilicueta,22,Right-Back,Chelsea,£7.92m,out,Summer,7.92,Ligue 1,2012,2012/2013
Olympique Marseille,Stéphane Mbia,26,Defensive Midfield,QPR,£5.40m,out,Summer,5.4,Ligue 1,2012,2012/2013
Olympique Marseille,Alou Diarra,31,Defensive Midfield,West Ham,£2.25m,out,Summer,2.25,Ligue 1,2012,2012/2013
Olympique Marseille,Brandão,32,Centre-Forward,Saint-Étienne,free transfer,out,Summer,NA,Ligue 1,2012,2012/2013
Olympique Marseille,Alexander N'Doumbou,20,Defensive Midfield,US Orléans,loan transfer,out,Summer,NA,Ligue 1,2012,2012/2013
Olympique Marseille,Najib Ammari,20,Attacking Midfield,FC Rouen 1899,loan transfer,out,Summer,NA,Ligue 1,2012,2012/2013
Olympique Marseille,Chris Gadi,20,Right Winger,US Boulogne,loan transfer,out,Summer,NA,Ligue 1,2012,2012/2013
Olympique Marseille,Djimi Traoré,32,Centre-Back,Without Club,-,out,Summer,0,Ligue 1,2012,2012/2013
Olympique Marseille,Jean-Philippe Sabo,25,Left-Back,Without Club,-,out,Summer,0,Ligue 1,2012,2012/2013
Olympique Marseille,Andrade,33,Goalkeeper,Without Club,-,out,Summer,0,Ligue 1,2012,2012/2013
Olympique Lyon,Michel Bastos,29,Left Midfield,FC Schalke 04,Loan fee:£900Th.,out,Winter,0.9,Ligue 1,2012,2012/2013
Olympique Lyon,Fabián Monzón,25,Left-Back,Fluminense,loan transfer,out,Winter,NA,Ligue 1,2012,2012/2013
Olympique Lyon,Harry Novillo,20,Left Winger,G. Ajaccio,loan transfer,out,Winter,NA,Ligue 1,2012,2012/2013
Olympique Lyon,Sidy Koné,20,Defensive Midfield,SM Caen,loan transfer,out,Winter,NA,Ligue 1,2012,2012/2013
FC Évian Thonon Gaillard,Betão,29,Centre-Back,Dynamo Kyiv,free transfer,in,Winter,NA,Ligue 1,2012,2012/2013
FC Évian Thonon Gaillard,Milos Ninkovic,28,Left Winger,Dynamo Kyiv,loan transfer,in,Winter,NA,Ligue 1,2012,2012/2013
FC Évian Thonon Gaillard,Diogo Campos,22,Attacking Midfield,Atlético-GO,loan transfer,in,Winter,NA,Ligue 1,2012,2012/2013
FC Évian Thonon Gaillard,Zouhaier Dhaouadi,25,Left Winger,Club Africain,free transfer,out,Winter,NA,Ligue 1,2012,2012/2013
FC Évian Thonon Gaillard,David Jarolim,33,Defensive Midfield,Without Club,-,out,Winter,0,Ligue 1,2012,2012/2013
Stade Brestois 29,Florian Raspentino,23,Centre-Forward,Marseille,loan transfer,in,Winter,NA,Ligue 1,2012,2012/2013
Stade Brestois 29,Florian Lejeune,21,Centre-Back,Villarreal,loan transfer,in,Winter,NA,Ligue 1,2012,2012/2013
Stade Brestois 29,Magaye Gueye,22,Centre-Forward,Everton,loan transfer,in,Winter,NA,Ligue 1,2012,2012/2013
Stade Brestois 29,Timothée Dieng,19,Defensive Midfield,Brest B,-,in,Winter,0,Ligue 1,2012,2012/2013
Stade Brestois 29,Eden Ben Basat,26,Centre-Forward,Toulouse,£900Th.,out,Winter,0.9,Ligue 1,2012,2012/2013
Stade Brestois 29,Grégory Lorenzi,29,Centre-Back,RAEC Mons,free transfer,out,Winter,NA,Ligue 1,2012,2012/2013
Stade Brestois 29,Diallo Guidileye,23,Defensive Midfield,LB Châteauroux,loan transfer,out,Winter,NA,Ligue 1,2012,2012/2013
Stade Brestois 29,John Culma,32,Defensive Midfield,Retired,-,out,Winter,0,Ligue 1,2012,2012/2013
Valenciennes FC,Lindsay Rose,20,Centre-Back,Stade Lavallois,£1.35m,in,Winter,1.35,Ligue 1,2012,2012/2013
Valenciennes FC,Maor Melikson,28,Right Winger,Wisla Kraków,£720Th.,in,Winter,0.72,Ligue 1,2012,2012/2013
Valenciennes FC,Younousse Sankharé,23,Central Midfield,Dijon,loan transfer,in,Winter,NA,Ligue 1,2012,2012/2013
Valenciennes FC,Opa Nguette,18,Left Winger,Valenciennes B,-,in,Winter,0,Ligue 1,2012,2012/2013
Valenciennes FC,Gil,25,Centre-Back,Corinthians,£3.15m,out,Winter,3.15,Ligue 1,2012,2012/2013
Valenciennes FC,Foued Kadir,29,Attacking Midfield,Marseille,£450Th.,out,Winter,0.45,Ligue 1,2012,2012/2013
Stade Reims,Nicolas de Préville,22,Centre-Forward,FC Istres,£990Th.,in,Winter,0.99,Ligue 1,2012,2012/2013
Stade Reims,Johny Placide,24,Goalkeeper,AC Le Havre,free transfer,in,Winter,NA,Ligue 1,2012,2012/2013
Stade Reims,Khalid Sekkat,28,Left-Back,Wydad AC,free transfer,out,Winter,NA,Ligue 1,2012,2012/2013
Stade Reims,Yann Benedick,20,Right Winger,R. Strasbourg,loan transfer,out,Winter,NA,Ligue 1,2012,2012/2013
AS Nancy-Lorraine,Yassine Jebbour,21,Right-Back,Stade Rennais,loan transfer,in,Winter,NA,Ligue 1,2012,2012/2013
AS Nancy-Lorraine,Abdeslam Ouaddou,34,Centre-Back,Without Club,-,in,Winter,0,Ligue 1,2012,2012/2013
AS Nancy-Lorraine,Florent Zitte,19,Centre-Forward,AS Nancy B,-,in,Winter,0,Ligue 1,2012,2012/2013
AS Nancy-Lorraine,Junior Joachim,20,Centre-Forward,US Boulogne,"End of loanDec 19, 2012",in,Winter,0,Ligue 1,2012,2012/2013
AS Nancy-Lorraine,Massadio Haidara,20,Left-Back,Newcastle,£2.25m,out,Winter,2.25,Ligue 1,2012,2012/2013
AS Nancy-Lorraine,Helder,24,Right-Back,Internacional,free transfer,out,Winter,NA,Ligue 1,2012,2012/2013
AS Nancy-Lorraine,Simon Zenke,24,Right Winger,Istanbul BBSK,free transfer,out,Winter,NA,Ligue 1,2012,2012/2013
AS Nancy-Lorraine,Yohan Mollo,23,Right Winger,Saint-Étienne,loan transfer,out,Winter,NA,Ligue 1,2012,2012/2013
AS Nancy-Lorraine,Abdeslam Ouaddou,34,Centre-Back,Retired,-,out,Winter,0,Ligue 1,2012,2012/2013
AS Nancy-Lorraine,André Luiz,32,Centre-Back,Without Club,-,out,Winter,0,Ligue 1,2012,2012/2013
FC Lorient,Ryan Mason,21,Central Midfield,Spurs,loan transfer,in,Winter,NA,Ligue 1,2012,2012/2013
FC Lorient,Mohammed Abu,21,Defensive Midfield,Man City,loan transfer,in,Winter,NA,Ligue 1,2012,2012/2013
FC Lorient,Mario Lemina,19,Defensive Midfield,Lorient B,-,in,Winter,0,Ligue 1,2012,2012/2013
FC Lorient,Tony Koutouan,29,Left Winger,Without Club,-,in,Winter,0,Ligue 1,2012,2012/2013
FC Lorient,Ladislas Douniama,26,Second Striker,AC Arles,"End of loanDec 31, 2012",in,Winter,0,Ligue 1,2012,2012/2013
FC Lorient,Alaixys Romao,29,Defensive Midfield,Marseille,£1.80m,out,Winter,1.8,Ligue 1,2012,2012/2013
FC Lorient,Remi Mulumba,20,Defensive Midfield,Dijon,loan transfer,out,Winter,NA,Ligue 1,2012,2012/2013
FC Lorient,Innocent Emeghara,23,Centre-Forward,Siena,loan transfer,out,Winter,NA,Ligue 1,2012,2012/2013
FC Lorient,Ladislas Douniama,26,Second Striker,Guingamp,?,out,Winter,NA,Ligue 1,2012,2012/2013
AC Ajaccio,Dennis Oliech,27,Right Winger,AJ Auxerre,free transfer,in,Winter,NA,Ligue 1,2012,2012/2013
AC Ajaccio,Ronald Zubar,27,Centre-Back,Wolves,free transfer,in,Winter,NA,Ligue 1,2012,2012/2013
AC Ajaccio,Matthieu Chalmé,32,Right-Back,G. Bordeaux,loan transfer,in,Winter,NA,Ligue 1,2012,2012/2013
AC Ajaccio,Carl Medjani,27,Defensive Midfield,Monaco,£900Th.,out,Winter,0.9,Ligue 1,2012,2012/2013
AC Ajaccio,Karim El Hany,25,Defensive Midfield,FC Brüssel,free transfer,out,Winter,NA,Ligue 1,2012,2012/2013
AC Ajaccio,Eduardo,32,Centre-Forward,Without Club,-,out,Winter,0,Ligue 1,2012,2012/2013
AC Ajaccio,Ammar Jemal,25,Centre-Back,BSC Young Boys,"End of loanDec 31, 2012",out,Winter,0,Ligue 1,2012,2012/2013
ESTAC Troyes,Sylvain Monsoreau,31,Centre-Back,Without Club,-,in,Winter,0,Ligue 1,2012,2012/2013
ESTAC Troyes,Mickaël Barreto,22,Attacking Midfield,Fréjus-St-Raph.,"End of loanJan 30, 2013",in,Winter,0,Ligue 1,2012,2012/2013
ESTAC Troyes,Mounir Obbadi,29,Central Midfield,Monaco,£1.08m,out,Winter,1.08,Ligue 1,2012,2012/2013
ESTAC Troyes,Grégory Bettiol,26,Centre-Forward,Clermont Foot,free transfer,out,Winter,NA,Ligue 1,2012,2012/2013
ESTAC Troyes,Mohamed Camara,22,Centre-Forward,Poiré-sur-Vie,loan transfer,out,Winter,NA,Ligue 1,2012,2012/2013
ESTAC Troyes,Benjamin Psaume,27,Right Winger,AC Arles,loan transfer,out,Winter,NA,Ligue 1,2012,2012/2013
ESTAC Troyes,Mickaël Barreto,22,Attacking Midfield,Cannes,loan transfer,out,Winter,NA,Ligue 1,2012,2012/2013
LOSC Lille,Florian Thauvin,20,Right Winger,SC Bastia,£3.15m,in,Winter,3.15,Ligue 1,2012,2012/2013
LOSC Lille,Soualiho Meïté,18,Defensive Midfield,AJ Auxerre,£2.43m,in,Winter,2.43,Ligue 1,2012,2012/2013
LOSC Lille,Omar Wade,22,Centre-Forward,Mouscron,"End of loanJan 30, 2013",in,Winter,0,Ligue 1,2012,2012/2013
LOSC Lille,Mathieu Debuchy,27,Right-Back,Newcastle,£5.58m,out,Winter,5.58,Ligue 1,2012,2012/2013
LOSC Lille,Mickaël Landreau,33,Goalkeeper,SC Bastia,free transfer,out,Winter,NA,Ligue 1,2012,2012/2013
LOSC Lille,Soualiho Meïté,18,Defensive Midfield,AJ Auxerre,loan transfer,out,Winter,NA,Ligue 1,2012,2012/2013
LOSC Lille,Florian Thauvin,20,Right Winger,SC Bastia,loan transfer,out,Winter,NA,Ligue 1,2012,2012/2013
LOSC Lille,Viktor Klonaridis,20,Second Striker,Mouscron,loan transfer,out,Winter,NA,Ligue 1,2012,2012/2013
LOSC Lille,Omar Wade,22,Centre-Forward,Carquefou,loan transfer,out,Winter,NA,Ligue 1,2012,2012/2013
LOSC Lille,Jerry Vandam,24,Right-Back,KV Mechelen,?,out,Winter,NA,Ligue 1,2012,2012/2013
FC Girondins Bordeaux,Diego Rolán,19,Centre-Forward,Defensor,£2.52m,in,Winter,2.52,Ligue 1,2012,2012/2013
FC Girondins Bordeaux,Julien Faubert,29,Right-Back,Elazigspor,free transfer,in,Winter,NA,Ligue 1,2012,2012/2013
FC Girondins Bordeaux,Evan Chevalier,20,Left Winger,G. Ajaccio,"End of loanJan 16, 2013",in,Winter,0,Ligue 1,2012,2012/2013
FC Girondins Bordeaux,Yoan Gouffran,26,Left Winger,Newcastle,£1.80m,out,Winter,1.8,Ligue 1,2012,2012/2013
FC Girondins Bordeaux,Matthieu Chalmé,32,Right-Back,AC Ajaccio,loan transfer,out,Winter,NA,Ligue 1,2012,2012/2013
FC Girondins Bordeaux,Jussiê,29,Attacking Midfield,Al-Wasl,loan transfer,out,Winter,NA,Ligue 1,2012,2012/2013
Montpellier HSC,Mapou Yanga-Mbiwa,23,Centre-Back,Newcastle,£7.20m,out,Winter,7.2,Ligue 1,2012,2012/2013
Montpellier HSC,Jonathan Tinhan,23,Centre-Forward,AC Arles,loan transfer,out,Winter,NA,Ligue 1,2012,2012/2013
FC Sochaux-Montbéliard,Giovanni Sio,23,Centre-Forward,VfL Wolfsburg,Loan fee:£180Th.,in,Winter,0.18,Ligue 1,2012,2012/2013
FC Sochaux-Montbéliard,Didier Ovono,29,Goalkeeper,Without Club,-,in,Winter,0,Ligue 1,2012,2012/2013
FC Sochaux-Montbéliard,Abdoul Camara,22,Left Winger,PAOK Salonika,loan transfer,out,Winter,NA,Ligue 1,2012,2012/2013
AS Saint-Étienne,Yohan Mollo,23,Right Winger,AS Nancy,loan transfer,in,Winter,NA,Ligue 1,2012,2012/2013
AS Saint-Étienne,Mathieu Bodmer,30,Defensive Midfield,Paris SG,loan transfer,in,Winter,NA,Ligue 1,2012,2012/2013
AS Saint-Étienne,Andreas Laudrup,22,Left Winger,Nordsjaelland,loan transfer,in,Winter,NA,Ligue 1,2012,2012/2013
AS Saint-Étienne,Alejandro Alonso,30,Right Midfield,Retired,-,out,Winter,0,Ligue 1,2012,2012/2013
SC Bastia,Mickaël Landreau,33,Goalkeeper,LOSC Lille,free transfer,in,Winter,NA,Ligue 1,2012,2012/2013
SC Bastia,Jacques Faty,28,Centre-Back,Sivasspor,loan transfer,in,Winter,NA,Ligue 1,2012,2012/2013
SC Bastia,Florian Thauvin,20,Right Winger,LOSC Lille,loan transfer,in,Winter,NA,Ligue 1,2012,2012/2013
SC Bastia,Samuel Inkoom,23,Right-Back,Dnipro,loan transfer,in,Winter,NA,Ligue 1,2012,2012/2013
SC Bastia,Claudio Beauvue,24,Centre-Forward,LB Châteauroux,loan transfer,in,Winter,NA,Ligue 1,2012,2012/2013
SC Bastia,Florian Thauvin,20,Right Winger,LOSC Lille,£3.15m,out,Winter,3.15,Ligue 1,2012,2012/2013
SC Bastia,Salim Moizini,27,Right-Back,Paris FC,free transfer,out,Winter,NA,Ligue 1,2012,2012/2013
SC Bastia,François Marque,29,Centre-Back,Without Club,-,out,Winter,0,Ligue 1,2012,2012/2013
Paris Saint-Germain,Lucas Moura,20,Right Winger,São Paulo,£36.00m,in,Winter,36,Ligue 1,2012,2012/2013
Paris Saint-Germain,David Beckham,37,Right Midfield,Los Angeles,free transfer,in,Winter,NA,Ligue 1,2012,2012/2013
Paris Saint-Germain,Guillaume Hoarau,28,Centre-Forward,DL Aerbin,£1.80m,out,Winter,1.8,Ligue 1,2012,2012/2013
Paris Saint-Germain,Nenê,31,Attacking Midfield,Al-Gharafa SC,free transfer,out,Winter,NA,Ligue 1,2012,2012/2013
Paris Saint-Germain,Diego Lugano,32,Centre-Back,Málaga CF,loan transfer,out,Winter,NA,Ligue 1,2012,2012/2013
Paris Saint-Germain,Adrien Rabiot,17,Central Midfield,Toulouse,loan transfer,out,Winter,NA,Ligue 1,2012,2012/2013
Paris Saint-Germain,Mohamed Sissoko,28,Defensive Midfield,Fiorentina,loan transfer,out,Winter,NA,Ligue 1,2012,2012/2013
Paris Saint-Germain,Mathieu Bodmer,30,Defensive Midfield,Saint-Étienne,loan transfer,out,Winter,NA,Ligue 1,2012,2012/2013
Paris Saint-Germain,Péguy Luyindula,33,Centre-Forward,Without Club,-,out,Winter,0,Ligue 1,2012,2012/2013
OGC Nice,Valentin Eysseric,20,Attacking Midfield,Monaco,£1.35m,in,Winter,1.35,Ligue 1,2012,2012/2013
OGC Nice,Neal Maupay,16,Centre-Forward,Nizza U19,-,in,Winter,0,Ligue 1,2012,2012/2013
OGC Nice,Luigi Bruins,25,Central Midfield,Without Club,-,in,Winter,0,Ligue 1,2012,2012/2013
OGC Nice,Grégoire Puel,21,Right-Back,OGC Nice B,-,in,Winter,0,Ligue 1,2012,2012/2013
OGC Nice,Raúl Fernández,27,Goalkeeper,Dallas,?,out,Winter,NA,Ligue 1,2012,2012/2013
OGC Nice,Valentin Eysseric,20,Attacking Midfield,Monaco,"End of loanJan 9, 2013",out,Winter,0,Ligue 1,2012,2012/2013
FC Toulouse,Eden Ben Basat,26,Centre-Forward,Stade Brestois,£900Th.,in,Winter,0.9,Ligue 1,2012,2012/2013
FC Toulouse,Adrien Rabiot,17,Central Midfield,Paris SG,loan transfer,in,Winter,NA,Ligue 1,2012,2012/2013
FC Toulouse,Adil Hermach,26,Defensive Midfield,Hilal,loan transfer,in,Winter,NA,Ligue 1,2012,2012/2013
FC Toulouse,Emmanuel Rivière,22,Centre-Forward,Monaco,£3.60m,out,Winter,3.6,Ligue 1,2012,2012/2013
FC Toulouse,Moussa Sissoko,23,Central Midfield,Newcastle,£1.80m,out,Winter,1.8,Ligue 1,2012,2012/2013
FC Toulouse,Mickaël Firmin,22,Centre-Back,SAS Epinal,loan transfer,out,Winter,NA,Ligue 1,2012,2012/2013
Stade Rennais FC,Anders Konradsen,22,Defensive Midfield,Strømsgodset,£1.98m,in,Winter,1.98,Ligue 1,2012,2012/2013
Stade Rennais FC,Alou Diarra,31,Defensive Midfield,West Ham,loan transfer,in,Winter,NA,Ligue 1,2012,2012/2013
Stade Rennais FC,John Mensah,30,Centre-Back,Without Club,-,in,Winter,0,Ligue 1,2012,2012/2013
Stade Rennais FC,Hérita Ilunga,30,Left-Back,Without Club,-,in,Winter,0,Ligue 1,2012,2012/2013
Stade Rennais FC,Tongo Doumbia,23,Defensive Midfield,Wolves,"End of loanNov 12, 2012",in,Winter,0,Ligue 1,2012,2012/2013
Stade Rennais FC,Yann M'Vila,22,Defensive Midfield,Rubin Kazan,£10.80m,out,Winter,10.8,Ligue 1,2012,2012/2013
Stade Rennais FC,Tongo Doumbia,23,Defensive Midfield,Wolves,£2.25m,out,Winter,2.25,Ligue 1,2012,2012/2013
Stade Rennais FC,Yassine Jebbour,21,Right-Back,AS Nancy,loan transfer,out,Winter,NA,Ligue 1,2012,2012/2013
Olympique Marseille,Modou Sougou,28,Right Winger,CFR Cluj,£2.70m,in,Winter,2.7,Ligue 1,2012,2012/2013
Olympique Marseille,Alaixys Romao,29,Defensive Midfield,FC Lorient,£1.80m,in,Winter,1.8,Ligue 1,2012,2012/2013
Olympique Marseille,Foued Kadir,29,Attacking Midfield,Valenciennes FC,£450Th.,in,Winter,0.45,Ligue 1,2012,2012/2013
Olympique Marseille,Brice Samba,18,Goalkeeper,AC Le Havre,£360Th.,in,Winter,0.36,Ligue 1,2012,2012/2013
Olympique Marseille,Najib Ammari,20,Attacking Midfield,FC Rouen 1899,"End of loanApr 9, 2013",in,Winter,0,Ligue 1,2012,2012/2013
Olympique Marseille,Loïc Rémy,26,Centre-Forward,QPR,£9.45m,out,Winter,9.45,Ligue 1,2012,2012/2013
Olympique Marseille,Charles Kaboré,25,Defensive Midfield,Kuban Krasnodar,£1.80m,out,Winter,1.8,Ligue 1,2012,2012/2013
Olympique Marseille,Florian Raspentino,23,Centre-Forward,Stade Brestois,loan transfer,out,Winter,NA,Ligue 1,2012,2012/2013
Olympique Marseille,Senah Mango,21,Centre-Back,ES Uzès PdG,loan transfer,out,Winter,NA,Ligue 1,2012,2012/2013
Olympique Marseille,Pape M'Bow,24,Centre-Back,Amiens SC,loan transfer,out,Winter,NA,Ligue 1,2012,2012/2013
