club_name,player_name,age,position,club_involved_name,fee,transfer_movement,transfer_period,fee_cleaned,league_name,year,season
Ajax Amsterdam,Mohamed Daramy,19,Left Winger,FC Copenhagen,£10.80m,in,Summer,10.8,Eredivisie,2021,2021/2022
Ajax Amsterdam,Steven Berghuis,29,Right Winger,Feyenoord,£4.95m,in,Summer,4.95,Eredivisie,2021,2021/2022
Ajax Amsterdam,Jay Gorter,21,Goalkeeper,Go Ahead Eagles,£900Th.,in,Summer,0.9,Eredivisie,2021,2021/2022
Ajax Amsterdam,Remko Pasveer,37,Goalkeeper,Vitesse,free transfer,in,Summer,NA,Eredivisie,2021,2021/2022
Ajax Amsterdam,Razvan Marin,25,Central Midfield,Cagliari Calcio,"End of loanJun 30, 2021",in,Summer,0,Eredivisie,2021,2021/2022
Ajax Amsterdam,Danilo,22,Centre-Forward,Ajax U21,-,in,Summer,0,Eredivisie,2021,2021/2022
Ajax Amsterdam,Noa Lang,22,Left Winger,Club Brugge,"End of loanJun 30, 2021",in,Summer,0,Eredivisie,2021,2021/2022
Ajax Amsterdam,Carel Eiting,23,Defensive Midfield,Huddersfield,"End of loanJun 30, 2021",in,Summer,0,Eredivisie,2021,2021/2022
Ajax Amsterdam,Lisandro Magallán,27,Centre-Back,Crotone,"End of loanJun 30, 2021",in,Summer,0,Eredivisie,2021,2021/2022
Ajax Amsterdam,Razvan Marin,25,Central Midfield,Cagliari Calcio,£9.00m,out,Summer,9,Eredivisie,2021,2021/2022
Ajax Amsterdam,Lassina Traoré,20,Centre-Forward,Shakhtar D.,£9.00m,out,Summer,9,Eredivisie,2021,2021/2022
Ajax Amsterdam,Noa Lang,22,Left Winger,Club Brugge,£5.40m,out,Summer,5.4,Eredivisie,2021,2021/2022
Ajax Amsterdam,Kjell Scherpen,21,Goalkeeper,Brighton,£4.50m,out,Summer,4.5,Eredivisie,2021,2021/2022
Ajax Amsterdam,Jurgen Ekkelenkamp,21,Central Midfield,Hertha BSC,£2.70m,out,Summer,2.7,Eredivisie,2021,2021/2022
Ajax Amsterdam,Carel Eiting,23,Defensive Midfield,KRC Genk,?,out,Summer,NA,Eredivisie,2021,2021/2022
Ajax Amsterdam,Lisandro Magallán,27,Centre-Back,RSC Anderlecht,loan transfer,out,Summer,NA,Eredivisie,2021,2021/2022
Ajax Amsterdam,Dominik Kotarski,21,Goalkeeper,HNK Gorica,loan transfer,out,Summer,NA,Eredivisie,2021,2021/2022
Ajax Amsterdam,Oussama Idrissi,25,Left Winger,Sevilla FC,"End of loanJun 30, 2021",out,Summer,0,Eredivisie,2021,2021/2022
AZ Alkmaar,Vangelis Pavlidis,22,Centre-Forward,Willem II,£2.25m,in,Summer,2.25,Eredivisie,2021,2021/2022
AZ Alkmaar,Peter Vindahl,23,Goalkeeper,Nordsjaelland,£1.62m,in,Summer,1.62,Eredivisie,2021,2021/2022
AZ Alkmaar,Aslak Fonn Witry,25,Right-Back,Djurgarden,£1.58m,in,Summer,1.58,Eredivisie,2021,2021/2022
AZ Alkmaar,Sam Beukema,22,Centre-Back,Go Ahead Eagles,£810Th.,in,Summer,0.81,Eredivisie,2021,2021/2022
AZ Alkmaar,Bruno Martins Indi,29,Centre-Back,Stoke City,?,in,Summer,NA,Eredivisie,2021,2021/2022
AZ Alkmaar,Maxim Gullit,20,Left-Back,AZ Alkmaar U21,-,in,Summer,0,Eredivisie,2021,2021/2022
AZ Alkmaar,Jelle Duin,22,Centre-Forward,AZ Alkmaar U21,-,in,Summer,0,Eredivisie,2021,2021/2022
AZ Alkmaar,Peer Koopmeiners,21,Defensive Midfield,AZ Alkmaar U21,-,in,Summer,0,Eredivisie,2021,2021/2022
AZ Alkmaar,Beau Reus,19,Goalkeeper,AZ Alkmaar U21,-,in,Summer,0,Eredivisie,2021,2021/2022
AZ Alkmaar,Jasper Schendelaar,20,Goalkeeper,Telstar,"End of loanJun 30, 2021",in,Summer,0,Eredivisie,2021,2021/2022
AZ Alkmaar,Thijs Oosting,21,Attacking Midfield,RKC Waalwijk,"End of loanJun 30, 2021",in,Summer,0,Eredivisie,2021,2021/2022
AZ Alkmaar,Joris Kramer,24,Centre-Back,SC Cambuur,"End of loanJun 30, 2021",in,Summer,0,Eredivisie,2021,2021/2022
AZ Alkmaar,Thomas Ouwejan,24,Left Midfield,Udinese Calcio,"End of loanJun 30, 2021",in,Summer,0,Eredivisie,2021,2021/2022
AZ Alkmaar,Rody de Boer,23,Goalkeeper,De Graafschap,"End of loanJun 30, 2021",in,Summer,0,Eredivisie,2021,2021/2022
AZ Alkmaar,Myron Boadu,20,Centre-Forward,Monaco,£15.30m,out,Summer,15.3,Eredivisie,2021,2021/2022
AZ Alkmaar,Calvin Stengs,22,Right Winger,OGC Nice,£13.50m,out,Summer,13.5,Eredivisie,2021,2021/2022
AZ Alkmaar,Teun Koopmeiners,23,Defensive Midfield,Atalanta BC,£10.80m,out,Summer,10.8,Eredivisie,2021,2021/2022
AZ Alkmaar,Marco Bizot,30,Goalkeeper,Stade Brestois,£4.50m,out,Summer,4.5,Eredivisie,2021,2021/2022
AZ Alkmaar,Jonas Svensson,28,Right-Back,Adana Demirspor,free transfer,out,Summer,NA,Eredivisie,2021,2021/2022
AZ Alkmaar,Jasper Schendelaar,20,Goalkeeper,PEC Zwolle,free transfer,out,Summer,NA,Eredivisie,2021,2021/2022
AZ Alkmaar,Ramon Leeuwin,33,Centre-Back,Almere City,free transfer,out,Summer,NA,Eredivisie,2021,2021/2022
AZ Alkmaar,Rody de Boer,23,Goalkeeper,Roda JC,free transfer,out,Summer,NA,Eredivisie,2021,2021/2022
AZ Alkmaar,Maxim Gullit,20,Left-Back,SC Cambuur,?,out,Summer,NA,Eredivisie,2021,2021/2022
AZ Alkmaar,Thomas Ouwejan,24,Left Midfield,FC Schalke 04,loan transfer,out,Summer,NA,Eredivisie,2021,2021/2022
AZ Alkmaar,Kenzo Goudmijn,19,Central Midfield,Sparta R.,loan transfer,out,Summer,NA,Eredivisie,2021,2021/2022
AZ Alkmaar,Joris Kramer,24,Centre-Back,Go Ahead Eagles,loan transfer,out,Summer,NA,Eredivisie,2021,2021/2022
AZ Alkmaar,Bruno Martins Indi,29,Centre-Back,Stoke City,"End of loanJun 30, 2021",out,Summer,0,Eredivisie,2021,2021/2022
SC Cambuur-Leeuwarden,Marco Tol,23,Centre-Back,FC Volendam,free transfer,in,Summer,NA,Eredivisie,2021,2021/2022
SC Cambuur-Leeuwarden,Sam Hendriks,26,Centre-Forward,Go Ahead Eagles,free transfer,in,Summer,NA,Eredivisie,2021,2021/2022
SC Cambuur-Leeuwarden,Tom Boere,28,Centre-Forward,SV Meppen,free transfer,in,Summer,NA,Eredivisie,2021,2021/2022
SC Cambuur-Leeuwarden,Roberts Uldrikis,23,Centre-Forward,FC Sion,?,in,Summer,NA,Eredivisie,2021,2021/2022
SC Cambuur-Leeuwarden,Maxim Gullit,20,Left-Back,AZ Alkmaar,?,in,Summer,NA,Eredivisie,2021,2021/2022
SC Cambuur-Leeuwarden,Tamás Kiss,20,Left Winger,Puskás AFC,loan transfer,in,Summer,NA,Eredivisie,2021,2021/2022
SC Cambuur-Leeuwarden,Jhondly van der Meer,19,Centre-Back,SC Cambuur U21,-,in,Summer,0,Eredivisie,2021,2021/2022
SC Cambuur-Leeuwarden,Filip Krastev,19,Attacking Midfield,Lommel SK,loan transfer,in,Summer,NA,Eredivisie,2021,2021/2022
SC Cambuur-Leeuwarden,Sven Nieuwpoort,28,Centre-Back,Excelsior,free transfer,out,Summer,NA,Eredivisie,2021,2021/2022
SC Cambuur-Leeuwarden,Ragnar Oratmangoen,23,Right Winger,Go Ahead Eagles,free transfer,out,Summer,NA,Eredivisie,2021,2021/2022
SC Cambuur-Leeuwarden,Giovanni Korte,27,Right Winger,De Graafschap,free transfer,out,Summer,NA,Eredivisie,2021,2021/2022
SC Cambuur-Leeuwarden,Jarchinio Antonia,30,Right Winger,NAC Breda,free transfer,out,Summer,NA,Eredivisie,2021,2021/2022
SC Cambuur-Leeuwarden,Maarten Pouwels,22,Centre-Forward,Almere City,free transfer,out,Summer,NA,Eredivisie,2021,2021/2022
SC Cambuur-Leeuwarden,Delano Ladan,21,Centre-Forward,Without Club,-,out,Summer,0,Eredivisie,2021,2021/2022
SC Cambuur-Leeuwarden,Stanley Akoy,24,Attacking Midfield,Without Club,-,out,Summer,0,Eredivisie,2021,2021/2022
SC Cambuur-Leeuwarden,Joris Kramer,24,Centre-Back,AZ Alkmaar,"End of loanJun 30, 2021",out,Summer,0,Eredivisie,2021,2021/2022
SC Cambuur-Leeuwarden,Robert Mühren,32,Centre-Forward,Zulte Waregem,"End of loanJun 30, 2021",out,Summer,0,Eredivisie,2021,2021/2022
Feyenoord Rotterdam,Marcus Holmgren Pedersen,20,Right-Back,Molde,£900Th.,in,Summer,0.9,Eredivisie,2021,2021/2022
Feyenoord Rotterdam,Alireza Jahanbakhsh,27,Right Winger,Brighton,£900Th.,in,Summer,0.9,Eredivisie,2021,2021/2022
Feyenoord Rotterdam,Gernot Trauner,29,Centre-Back,LASK,£900Th.,in,Summer,0.9,Eredivisie,2021,2021/2022
Feyenoord Rotterdam,Fredrik Aursnes,25,Defensive Midfield,Molde,£405Th.,in,Summer,0.405,Eredivisie,2021,2021/2022
Feyenoord Rotterdam,Ofir Marciano,31,Goalkeeper,Hibernian FC,free transfer,in,Summer,NA,Eredivisie,2021,2021/2022
Feyenoord Rotterdam,Guus Til,23,Attacking Midfield,Spartak Moscow,loan transfer,in,Summer,NA,Eredivisie,2021,2021/2022
Feyenoord Rotterdam,Reiss Nelson,21,Left Winger,Arsenal,loan transfer,in,Summer,NA,Eredivisie,2021,2021/2022
Feyenoord Rotterdam,Cyriel Dessers,26,Centre-Forward,KRC Genk,loan transfer,in,Summer,NA,Eredivisie,2021,2021/2022
Feyenoord Rotterdam,Naoufal Bannis,19,Centre-Forward,Feyenoord U21,-,in,Summer,0,Eredivisie,2021,2021/2022
Feyenoord Rotterdam,Dylan Vente,22,Centre-Forward,Feyenoord U21,-,in,Summer,0,Eredivisie,2021,2021/2022
Feyenoord Rotterdam,Lennard Hartjes,18,Defensive Midfield,Feyenoord U18,-,in,Summer,0,Eredivisie,2021,2021/2022
Feyenoord Rotterdam,Ramon Hendriks,19,Centre-Back,Feyenoord U21,-,in,Summer,0,Eredivisie,2021,2021/2022
Feyenoord Rotterdam,Denzel Hall,20,Right-Back,Feyenoord U21,-,in,Summer,0,Eredivisie,2021,2021/2022
Feyenoord Rotterdam,Thijs Jansen,19,Goalkeeper,Feyenoord U21,-,in,Summer,0,Eredivisie,2021,2021/2022
Feyenoord Rotterdam,Achraf El Bouchataoui,21,Central Midfield,Feyenoord U21,-,in,Summer,0,Eredivisie,2021,2021/2022
Feyenoord Rotterdam,Marouan Azarkan,19,Left Winger,Feyenoord U21,-,in,Summer,0,Eredivisie,2021,2021/2022
Feyenoord Rotterdam,Antoni Milambo,16,Attacking Midfield,Feyenoord U18,-,in,Summer,0,Eredivisie,2021,2021/2022
Feyenoord Rotterdam,Francesco Antonucci,22,Attacking Midfield,FC Volendam,"End of loanJun 30, 2021",in,Summer,0,Eredivisie,2021,2021/2022
Feyenoord Rotterdam,Sven van Beek,26,Centre-Back,Willem II,"End of loanJun 30, 2021",in,Summer,0,Eredivisie,2021,2021/2022
Feyenoord Rotterdam,George Johnston,22,Centre-Back,Wigan,"End of loanJun 30, 2021",in,Summer,0,Eredivisie,2021,2021/2022
Feyenoord Rotterdam,Luciano Narsingh,30,Right Winger,Twente FC,"End of loanJun 30, 2021",in,Summer,0,Eredivisie,2021,2021/2022
Feyenoord Rotterdam,Wouter Burger,20,Central Midfield,Sparta R.,"End of loanJun 30, 2021",in,Summer,0,Eredivisie,2021,2021/2022
Feyenoord Rotterdam,Liam Kelly,25,Central Midfield,Oxford United,"End of loanJun 30, 2021",in,Summer,0,Eredivisie,2021,2021/2022
Feyenoord Rotterdam,Steven Berghuis,29,Right Winger,Ajax,£4.95m,out,Summer,4.95,Eredivisie,2021,2021/2022
Feyenoord Rotterdam,Wouter Burger,20,Central Midfield,FC Basel,£630Th.,out,Summer,0.63,Eredivisie,2021,2021/2022
Feyenoord Rotterdam,Ridgeciano Haps,28,Left-Back,Venezia,£450Th.,out,Summer,0.45,Eredivisie,2021,2021/2022
Feyenoord Rotterdam,Ramón ten Hove,23,Goalkeeper,Esbjerg fB,free transfer,out,Summer,NA,Eredivisie,2021,2021/2022
Feyenoord Rotterdam,Nicolai Jörgensen,30,Centre-Forward,Kasimpasa,free transfer,out,Summer,NA,Eredivisie,2021,2021/2022
Feyenoord Rotterdam,Eric Botteghin,33,Centre-Back,Ascoli,free transfer,out,Summer,NA,Eredivisie,2021,2021/2022
Feyenoord Rotterdam,Dylan Vente,22,Centre-Forward,Roda JC,free transfer,out,Summer,NA,Eredivisie,2021,2021/2022
Feyenoord Rotterdam,Liam Kelly,25,Central Midfield,Rochdale,free transfer,out,Summer,NA,Eredivisie,2021,2021/2022
Feyenoord Rotterdam,Nick Marsman,30,Goalkeeper,Miami,free transfer,out,Summer,NA,Eredivisie,2021,2021/2022
Feyenoord Rotterdam,George Johnston,22,Centre-Back,Bolton,free transfer,out,Summer,NA,Eredivisie,2021,2021/2022
Feyenoord Rotterdam,Sven van Beek,26,Centre-Back,Heerenveen,free transfer,out,Summer,NA,Eredivisie,2021,2021/2022
Feyenoord Rotterdam,Bart Nieuwkoop,25,Right-Back,Union SG,free transfer,out,Summer,NA,Eredivisie,2021,2021/2022
Feyenoord Rotterdam,Leroy Fer,31,Defensive Midfield,Alanyaspor,free transfer,out,Summer,NA,Eredivisie,2021,2021/2022
Feyenoord Rotterdam,Marouan Azarkan,19,Left Winger,Excelsior,loan transfer,out,Summer,NA,Eredivisie,2021,2021/2022
Feyenoord Rotterdam,Achraf El Bouchataoui,21,Central Midfield,RKC Waalwijk,loan transfer,out,Summer,NA,Eredivisie,2021,2021/2022
Feyenoord Rotterdam,Christian Conteh,21,Left Winger,SV Sandhausen,loan transfer,out,Summer,NA,Eredivisie,2021,2021/2022
Feyenoord Rotterdam,Robert Bozenik,21,Centre-Forward,F. Düsseldorf,loan transfer,out,Summer,NA,Eredivisie,2021,2021/2022
Feyenoord Rotterdam,Luciano Narsingh,30,Right Winger,Without Club,-,out,Summer,0,Eredivisie,2021,2021/2022
Feyenoord Rotterdam,Lucas Pratto,33,Centre-Forward,River Plate,"End of loanJun 30, 2021",out,Summer,0,Eredivisie,2021,2021/2022
Feyenoord Rotterdam,Uros Spajic,28,Centre-Back,Krasnodar,"End of loanJun 30, 2021",out,Summer,0,Eredivisie,2021,2021/2022
Fortuna Sittard,Yigit Emre Celtik,18,Central Midfield,Altinordu,free transfer,in,Summer,NA,Eredivisie,2021,2021/2022
Fortuna Sittard,Arianit Ferati,23,Attacking Midfield,Waldh. Mannheim,free transfer,in,Summer,NA,Eredivisie,2021,2021/2022
Fortuna Sittard,Felix Dornebusch,26,Goalkeeper,E. Braunschweig,free transfer,in,Summer,NA,Eredivisie,2021,2021/2022
Fortuna Sittard,Toshio Lake,20,Centre-Forward,Feyenoord U21,free transfer,in,Summer,NA,Eredivisie,2021,2021/2022
Fortuna Sittard,Deroy Duarte,22,Central Midfield,Sparta R.,free transfer,in,Summer,NA,Eredivisie,2021,2021/2022
Fortuna Sittard,Samy Baghdadi,24,Centre-Forward,RC Grasse,free transfer,in,Summer,NA,Eredivisie,2021,2021/2022
Fortuna Sittard,Ruben van Kouwen,20,Goalkeeper,NEC U21,free transfer,in,Summer,NA,Eredivisie,2021,2021/2022
Fortuna Sittard,Tijjani Noslin,22,Centre-Forward,TOP Oss,free transfer,in,Summer,NA,Eredivisie,2021,2021/2022
Fortuna Sittard,Mickaël Tirpan,27,Right-Back,Kasimpasa,?,in,Summer,NA,Eredivisie,2021,2021/2022
Fortuna Sittard,Ryan Johansson,20,Central Midfield,Sevilla Atl.,loan transfer,in,Summer,NA,Eredivisie,2021,2021/2022
Fortuna Sittard,Ivo Pinto,31,Right-Back,Dinamo Zagreb,loan transfer,in,Summer,NA,Eredivisie,2021,2021/2022
Fortuna Sittard,Nigel Lonwijk,18,Centre-Back,Wolves U23,loan transfer,in,Summer,NA,Eredivisie,2021,2021/2022
Fortuna Sittard,Tom Hendriks,19,Goalkeeper,Sittard U21,-,in,Summer,0,Eredivisie,2021,2021/2022
Fortuna Sittard,Arian Kastrati,19,Centre-Forward,Sittard U21,-,in,Summer,0,Eredivisie,2021,2021/2022
Fortuna Sittard,Ronan Pluijmen,18,Left-Back,Sittard U21,-,in,Summer,0,Eredivisie,2021,2021/2022
Fortuna Sittard,Özgür Aktas,24,Centre-Back,FC Dordrecht,"End of loanJun 30, 2021",in,Summer,0,Eredivisie,2021,2021/2022
Fortuna Sittard,Rasmus Karjalainen,25,Centre-Forward,Örebro SK,"End of loanJun 30, 2021",in,Summer,0,Eredivisie,2021,2021/2022
Fortuna Sittard,Dimitrios Ioannidis,21,Defensive Midfield,SF Lotte,"End of loanJun 30, 2021",in,Summer,0,Eredivisie,2021,2021/2022
Fortuna Sittard,André Vidigal,22,Left Winger,Estoril Praia,"End of loanJun 30, 2021",in,Summer,0,Eredivisie,2021,2021/2022
Fortuna Sittard,Richie Musaba,20,Attacking Midfield,FC Dordrecht,"End of loanJun 30, 2021",in,Summer,0,Eredivisie,2021,2021/2022
Fortuna Sittard,Veron Parkes,19,Second Striker,FC Dordrecht,"End of loanJan 25, 2021",in,Summer,0,Eredivisie,2021,2021/2022
Fortuna Sittard,Bassala Sambou,23,Centre-Forward,Randers FC,"End of loanJun 30, 2021",in,Summer,0,Eredivisie,2021,2021/2022
Fortuna Sittard,Jacky Donkor,22,Left Winger,FC Eindhoven,"End of loanJun 30, 2021",in,Summer,0,Eredivisie,2021,2021/2022
Fortuna Sittard,Adnan Ugur,20,Central Midfield,FC Dordrecht,"End of loanJun 30, 2021",in,Summer,0,Eredivisie,2021,2021/2022
Fortuna Sittard,Djibril Dianessy,25,Right Winger,MVV Maastricht,"End of loanJun 30, 2021",in,Summer,0,Eredivisie,2021,2021/2022
Fortuna Sittard,Thibaud Verlinden,22,Right Winger,Dunajska Streda,free transfer,out,Summer,NA,Eredivisie,2021,2021/2022
Fortuna Sittard,Jacky Donkor,22,Left Winger,FC Dordrecht,free transfer,out,Summer,NA,Eredivisie,2021,2021/2022
Fortuna Sittard,Clint Essers,24,Right-Back,MVV Maastricht,free transfer,out,Summer,NA,Eredivisie,2021,2021/2022
Fortuna Sittard,Dimitrios Ioannidis,21,Defensive Midfield,Rot Weiss Ahlen,free transfer,out,Summer,NA,Eredivisie,2021,2021/2022
Fortuna Sittard,Djibril Dianessy,25,Right Winger,Pau FC,free transfer,out,Summer,NA,Eredivisie,2021,2021/2022
Fortuna Sittard,Sebastian Polter,30,Centre-Forward,VfL Bochum,free transfer,out,Summer,NA,Eredivisie,2021,2021/2022
Fortuna Sittard,Özgür Aktas,24,Centre-Back,Telstar,free transfer,out,Summer,NA,Eredivisie,2021,2021/2022
Fortuna Sittard,Leroy George,34,Left Winger,De Treffers,free transfer,out,Summer,NA,Eredivisie,2021,2021/2022
Fortuna Sittard,Lazaros Rota,24,Right-Back,AEK Athens,free transfer,out,Summer,NA,Eredivisie,2021,2021/2022
Fortuna Sittard,André Vidigal,22,Left Winger,Marítimo,?,out,Summer,NA,Eredivisie,2021,2021/2022
Fortuna Sittard,Rasmus Karjalainen,25,Centre-Forward,Helsingborg,?,out,Summer,NA,Eredivisie,2021,2021/2022
Fortuna Sittard,Mike van Beijnen,22,Right-Back,FC Den Bosch,loan transfer,out,Summer,NA,Eredivisie,2021,2021/2022
Fortuna Sittard,Joshua Wehking,21,Goalkeeper,MVV Maastricht,loan transfer,out,Summer,NA,Eredivisie,2021,2021/2022
Fortuna Sittard,Arian Kastrati,20,Centre-Forward,NK Dekani,loan transfer,out,Summer,NA,Eredivisie,2021,2021/2022
Fortuna Sittard,Adnan Ugur,20,Central Midfield,Karagümrük,loan transfer,out,Summer,NA,Eredivisie,2021,2021/2022
Fortuna Sittard,Grégoire Amiot,26,Centre-Back,Without Club,-,out,Summer,0,Eredivisie,2021,2021/2022
Fortuna Sittard,Piet Velthuizen,34,Goalkeeper,Without Club,-,out,Summer,0,Eredivisie,2021,2021/2022
Fortuna Sittard,Nassim el Ablak,21,Attacking Midfield,Without Club,-,out,Summer,0,Eredivisie,2021,2021/2022
Fortuna Sittard,Samuel Moutoussamy,24,Central Midfield,FC Nantes,"End of loanJun 30, 2021",out,Summer,0,Eredivisie,2021,2021/2022
Fortuna Sittard,Mickaël Tirpan,27,Right-Back,Kasimpasa,"End of loanJun 30, 2021",out,Summer,0,Eredivisie,2021,2021/2022
Fortuna Sittard,Dario van den Buijs,25,Centre-Back,Beerschot V.A.,"End of loanJun 30, 2021",out,Summer,0,Eredivisie,2021,2021/2022
Fortuna Sittard,Dimitrios Emmanouilidis,20,Right Winger,Panathinaikos,"End of loanJun 30, 2021",out,Summer,0,Eredivisie,2021,2021/2022
Go Ahead Eagles,Warner Hahn,29,Goalkeeper,RSC Anderlecht,free transfer,in,Summer,NA,Eredivisie,2021,2021/2022
Go Ahead Eagles,Yacine Bourhane,22,Central Midfield,Chamois Niort,free transfer,in,Summer,NA,Eredivisie,2021,2021/2022
Go Ahead Eagles,Job Schuurman,22,Goalkeeper,NEC Nijmegen,free transfer,in,Summer,NA,Eredivisie,2021,2021/2022
Go Ahead Eagles,Mats Deijl,23,Right-Back,FC Den Bosch,free transfer,in,Summer,NA,Eredivisie,2021,2021/2022
Go Ahead Eagles,Gerrit Nauber,29,Centre-Back,SV Sandhausen,free transfer,in,Summer,NA,Eredivisie,2021,2021/2022
Go Ahead Eagles,Philippe Rommens,23,Attacking Midfield,TOP Oss,free transfer,in,Summer,NA,Eredivisie,2021,2021/2022
Go Ahead Eagles,Ragnar Oratmangoen,23,Right Winger,SC Cambuur,free transfer,in,Summer,NA,Eredivisie,2021,2021/2022
Go Ahead Eagles,Isac Lidberg,22,Centre-Forward,Gefle,free transfer,in,Summer,NA,Eredivisie,2021,2021/2022
Go Ahead Eagles,Joris Kramer,24,Centre-Back,AZ Alkmaar,loan transfer,in,Summer,NA,Eredivisie,2021,2021/2022
Go Ahead Eagles,Iñigo Córdoba,24,Left Winger,Athletic,loan transfer,in,Summer,NA,Eredivisie,2021,2021/2022
Go Ahead Eagles,Marc Cardona,26,Centre-Forward,CA Osasuna,loan transfer,in,Summer,NA,Eredivisie,2021,2021/2022
Go Ahead Eagles,Ogechika Heil,20,Left Winger,Hamburger SV,loan transfer,in,Summer,NA,Eredivisie,2021,2021/2022
Go Ahead Eagles,Sven Jansen,16,Goalkeeper,Go Ahead U21,-,in,Summer,0,Eredivisie,2021,2021/2022
Go Ahead Eagles,Turan Tuzlacik,20,Left-Back,Go Ahead U21,-,in,Summer,0,Eredivisie,2021,2021/2022
Go Ahead Eagles,Jay Gorter,21,Goalkeeper,Ajax,£900Th.,out,Summer,0.9,Eredivisie,2021,2021/2022
Go Ahead Eagles,Sam Beukema,22,Centre-Back,AZ Alkmaar,£810Th.,out,Summer,0.81,Eredivisie,2021,2021/2022
Go Ahead Eagles,Nicolas Abdat,24,Left-Back,TOP Oss,free transfer,out,Summer,NA,Eredivisie,2021,2021/2022
Go Ahead Eagles,Sam Hendriks,26,Centre-Forward,SC Cambuur,free transfer,out,Summer,NA,Eredivisie,2021,2021/2022
Go Ahead Eagles,Alessio Budel,20,Goalkeeper,NEC Amateurs,free transfer,out,Summer,NA,Eredivisie,2021,2021/2022
Go Ahead Eagles,Jeroen Veldmate,32,Centre-Back,FC Emmen,free transfer,out,Summer,NA,Eredivisie,2021,2021/2022
Go Ahead Eagles,Mitchel Michaelis,28,Goalkeeper,Koninklijke HFC,free transfer,out,Summer,NA,Eredivisie,2021,2021/2022
Go Ahead Eagles,Wout Droste,32,Right-Back,ÍA Akranes,free transfer,out,Summer,NA,Eredivisie,2021,2021/2022
Go Ahead Eagles,Antoine Rabillard,25,Centre-Forward,Concarneau,free transfer,out,Summer,NA,Eredivisie,2021,2021/2022
Go Ahead Eagles,Julliani Eersteling,19,Right-Back,Utrecht U21,?,out,Summer,NA,Eredivisie,2021,2021/2022
Go Ahead Eagles,Bradly van Hoeven,21,Left Winger,Sparta U21,"End of loanJun 30, 2021",out,Summer,0,Eredivisie,2021,2021/2022
FC Groningen,Paulos Abraham,18,Centre-Forward,AIK,£1.80m,in,Summer,1.8,Eredivisie,2021,2021/2022
FC Groningen,Laros Duarte,24,Defensive Midfield,Sparta R.,£608Th.,in,Summer,0.608,Eredivisie,2021,2021/2022
FC Groningen,Yahya Kalley,20,Left-Back,IFK Göteborg,£360Th.,in,Summer,0.36,Eredivisie,2021,2021/2022
FC Groningen,Daleho Irandust,23,Attacking Midfield,Häcken,£360Th.,in,Summer,0.36,Eredivisie,2021,2021/2022
FC Groningen,Marin Sverko,23,Centre-Back,Saarbrücken,£360Th.,in,Summer,0.36,Eredivisie,2021,2021/2022
FC Groningen,Cyril Ngonge,21,Right Winger,RKC Waalwijk,£180Th.,in,Summer,0.18,Eredivisie,2021,2021/2022
FC Groningen,Neraysho Kasanwirjo,19,Centre-Back,Ajax U21,free transfer,in,Summer,NA,Eredivisie,2021,2021/2022
FC Groningen,Michael de Leeuw,34,Centre-Forward,FC Emmen,free transfer,in,Summer,NA,Eredivisie,2021,2021/2022
FC Groningen,Radinio Balker,22,Centre-Back,Almere City,free transfer,in,Summer,NA,Eredivisie,2021,2021/2022
FC Groningen,Peter Leeuwenburgh,27,Goalkeeper,Cape Town City,?,in,Summer,NA,Eredivisie,2021,2021/2022
FC Groningen,Alex Mortensen,18,Centre-Forward,Kalmar FF,loan transfer,in,Summer,NA,Eredivisie,2021,2021/2022
FC Groningen,Sebastian Tounekti,19,Left Winger,Bodø/Glimt,loan transfer,in,Summer,NA,Eredivisie,2021,2021/2022
FC Groningen,Elias Olsson,18,Centre-Back,Kalmar FF,loan transfer,in,Summer,NA,Eredivisie,2021,2021/2022
FC Groningen,Kian Slor,19,Left Winger,Groningen U21,-,in,Summer,0,Eredivisie,2021,2021/2022
FC Groningen,Thomas Poll,19,Left-Back,Groningen U21,-,in,Summer,0,Eredivisie,2021,2021/2022
FC Groningen,Bjorn Meijer,18,Left-Back,Groningen U18,-,in,Summer,0,Eredivisie,2021,2021/2022
FC Groningen,Jan Hoekstra,22,Goalkeeper,Roda JC,"End of loanJun 30, 2021",in,Summer,0,Eredivisie,2021,2021/2022
FC Groningen,Nicklas Strunck Jakobsen,21,Central Midfield,Esbjerg fB,"End of loanJun 30, 2021",in,Summer,0,Eredivisie,2021,2021/2022
FC Groningen,Romano Postema,19,Centre-Forward,FC Den Bosch,"End of loanJun 30, 2021",in,Summer,0,Eredivisie,2021,2021/2022
FC Groningen,Gabriel Gudmundsson,22,Left-Back,LOSC Lille,£5.40m,out,Summer,5.4,Eredivisie,2021,2021/2022
FC Groningen,Azor Matusiwa,23,Defensive Midfield,Stade Reims,£3.60m,out,Summer,3.6,Eredivisie,2021,2021/2022
FC Groningen,Ahmed El Messaoudi,26,Attacking Midfield,Gaziantep FK,£360Th.,out,Summer,0.36,Eredivisie,2021,2021/2022
FC Groningen,Thomas Poll,20,Left-Back,Almere City,£90Th.,out,Summer,0.09,Eredivisie,2021,2021/2022
FC Groningen,Nicklas Strunck Jakobsen,21,Central Midfield,Esbjerg fB,free transfer,out,Summer,NA,Eredivisie,2021,2021/2022
FC Groningen,Thijs Dallinga,20,Centre-Forward,Excelsior,free transfer,out,Summer,NA,Eredivisie,2021,2021/2022
FC Groningen,Sergio Padt,31,Goalkeeper,Ludogorets,free transfer,out,Summer,NA,Eredivisie,2021,2021/2022
FC Groningen,Ramon Pascal Lundqvist,24,Attacking Midfield,Panathinaikos,loan transfer,out,Summer,NA,Eredivisie,2021,2021/2022
FC Groningen,Joël van Kaam,19,Right-Back,FC Emmen,loan transfer,out,Summer,NA,Eredivisie,2021,2021/2022
FC Groningen,Kian Slor,19,Left Winger,FC Emmen,loan transfer,out,Summer,NA,Eredivisie,2021,2021/2022
FC Groningen,Sam Schreck,22,Central Midfield,Erzgebirge Aue,loan transfer,out,Summer,NA,Eredivisie,2021,2021/2022
FC Groningen,Arjen Robben,37,Right Winger,Retired,-,out,Summer,0,Eredivisie,2021,2021/2022
FC Groningen,Miguel Ángel Leal,24,Right-Back,Villarreal CF B,"End of loanJun 30, 2021",out,Summer,0,Eredivisie,2021,2021/2022
FC Groningen,Alessio Da Cruz,24,Centre-Forward,Parma,"End of loanJun 30, 2021",out,Summer,0,Eredivisie,2021,2021/2022
FC Groningen,Per Kristian Bratveit,25,Goalkeeper,Djurgarden,"End of loanJun 30, 2021",out,Summer,0,Eredivisie,2021,2021/2022
FC Groningen,Paulos Abraham,18,Centre-Forward,AIK,"End of loanJun 30, 2021",out,Summer,0,Eredivisie,2021,2021/2022
FC Groningen,Ko Itakura,24,Centre-Back,Man City,"End of loanJun 30, 2021",out,Summer,0,Eredivisie,2021,2021/2022
SC Heerenveen,Milan van Ewijk,20,Right-Back,ADO Den Haag,£540Th.,in,Summer,0.54,Eredivisie,2021,2021/2022
SC Heerenveen,Sven van Beek,26,Centre-Back,Feyenoord,free transfer,in,Summer,NA,Eredivisie,2021,2021/2022
SC Heerenveen,Xavier Mous,25,Goalkeeper,PEC Zwolle,free transfer,in,Summer,NA,Eredivisie,2021,2021/2022
SC Heerenveen,Nicolas Madsen,21,Defensive Midfield,FC Midtjylland,loan transfer,in,Summer,NA,Eredivisie,2021,2021/2022
SC Heerenveen,Filip Stevanovic,18,Left Winger,Man City,loan transfer,in,Summer,NA,Eredivisie,2021,2021/2022
SC Heerenveen,Anthony Musaba,20,Right Winger,Monaco,loan transfer,in,Summer,NA,Eredivisie,2021,2021/2022
SC Heerenveen,Nick Bakker,29,Centre-Back,Without Club,-,in,Summer,0,Eredivisie,2021,2021/2022
SC Heerenveen,Timo Zaal,17,Centre-Back,Heerenveen U21,-,in,Summer,0,Eredivisie,2021,2021/2022
SC Heerenveen,Djenahro Nunumete,19,Central Midfield,Heerenveen U21,-,in,Summer,0,Eredivisie,2021,2021/2022
SC Heerenveen,Mitchell van Bergen,22,Left Winger,Stade Reims,£1.80m,out,Summer,1.8,Eredivisie,2021,2021/2022
SC Heerenveen,Sherel Floranus,22,Right-Back,Antalyaspor,free transfer,out,Summer,NA,Eredivisie,2021,2021/2022
SC Heerenveen,Ariel Harush,33,Goalkeeper,H. Beer Sheva,free transfer,out,Summer,NA,Eredivisie,2021,2021/2022
SC Heerenveen,Lasse Schöne,35,Defensive Midfield,NEC Nijmegen,free transfer,out,Summer,NA,Eredivisie,2021,2021/2022
SC Heerenveen,Rein Smit,20,Centre-Forward,Telstar,free transfer,out,Summer,NA,Eredivisie,2021,2021/2022
SC Heerenveen,Jan Paul van Hecke,21,Centre-Back,Brighton,"End of loanJun 30, 2021",out,Summer,0,Eredivisie,2021,2021/2022
SC Heerenveen,Ulysses Llanez,20,Left Winger,Wolfsburg II,"End of loanJun 30, 2021",out,Summer,0,Eredivisie,2021,2021/2022
SC Heerenveen,Oliver Batista Meier,20,Right Winger,FC Bayern II,"End of loanJun 30, 2021",out,Summer,0,Eredivisie,2021,2021/2022
SC Heerenveen,Sieben Dewaele,22,Defensive Midfield,RSC Anderlecht,"End of loanJun 30, 2021",out,Summer,0,Eredivisie,2021,2021/2022
Heracles Almelo,Robin Polley,22,Right-Back,ADO Den Haag,£135Th.,in,Summer,0.135,Eredivisie,2021,2021/2022
Heracles Almelo,Sven Sonnenberg,22,Centre-Back,Hansa Rostock,£90Th.,in,Summer,0.09,Eredivisie,2021,2021/2022
Heracles Almelo,Alessandro Damen,31,Goalkeeper,Excelsior,free transfer,in,Summer,NA,Eredivisie,2021,2021/2022
Heracles Almelo,Bilal Basacikoglu,26,Left Winger,Gaziantep FK,free transfer,in,Summer,NA,Eredivisie,2021,2021/2022
Heracles Almelo,Robin Jalving,21,Goalkeeper,FC Emmen,free transfer,in,Summer,NA,Eredivisie,2021,2021/2022
Heracles Almelo,Nikolai Laursen,23,Right Winger,FC Emmen,?,in,Summer,NA,Eredivisie,2021,2021/2022
Heracles Almelo,Ruben Roosken,21,Left-Back,TOP Oss,?,in,Summer,NA,Eredivisie,2021,2021/2022
Heracles Almelo,Kaj Sierhuis,23,Centre-Forward,Stade Reims,loan transfer,in,Summer,NA,Eredivisie,2021,2021/2022
Heracles Almelo,Jeremy Cijntje,23,Left Winger,Waasl.-Beveren,"End of loanJun 30, 2021",in,Summer,0,Eredivisie,2021,2021/2022
Heracles Almelo,Robin Pröpper,27,Centre-Back,Twente FC,free transfer,out,Summer,NA,Eredivisie,2021,2021/2022
Heracles Almelo,Teun Bijleveld,23,Central Midfield,FC Emmen,free transfer,out,Summer,NA,Eredivisie,2021,2021/2022
Heracles Almelo,Jeff Hardeveld,26,Left-Back,FC Emmen,free transfer,out,Summer,NA,Eredivisie,2021,2021/2022
Heracles Almelo,Jeremy Cijntje,23,Left Winger,Roda JC,loan transfer,out,Summer,NA,Eredivisie,2021,2021/2022
Heracles Almelo,Michael Brouwer,28,Goalkeeper,FC Emmen,loan transfer,out,Summer,NA,Eredivisie,2021,2021/2022
Heracles Almelo,Tim Breukers,33,Right-Back,Retired,-,out,Summer,0,Eredivisie,2021,2021/2022
Heracles Almelo,Daniel Mesenhöler,25,Goalkeeper,Without Club,-,out,Summer,0,Eredivisie,2021,2021/2022
Heracles Almelo,Ahmed Kutucu,21,Centre-Forward,FC Schalke 04,"End of loanJun 30, 2021",out,Summer,0,Eredivisie,2021,2021/2022
NEC Nijmegen,Lasse Schöne,35,Defensive Midfield,Heerenveen,free transfer,in,Summer,NA,Eredivisie,2021,2021/2022
NEC Nijmegen,Iván Márquez,27,Centre-Back,Cracovia,free transfer,in,Summer,NA,Eredivisie,2021,2021/2022
NEC Nijmegen,Pedro Ruiz,21,Centre-Forward,Marseille,loan transfer,in,Summer,NA,Eredivisie,2021,2021/2022
NEC Nijmegen,Ilias Bronkhorst,24,Right-Back,Telstar,?,in,Summer,NA,Eredivisie,2021,2021/2022
NEC Nijmegen,Magnus Mattsson,22,Left Winger,Silkeborg IF,?,in,Summer,NA,Eredivisie,2021,2021/2022
NEC Nijmegen,Calvin Verdonk,24,Left-Back,Famalicão,loan transfer,in,Summer,NA,Eredivisie,2021,2021/2022
NEC Nijmegen,Ali Akman,19,Centre-Forward,E. Frankfurt,loan transfer,in,Summer,NA,Eredivisie,2021,2021/2022
NEC Nijmegen,Rodrigo Guth,20,Centre-Back,Atalanta BC,loan transfer,in,Summer,NA,Eredivisie,2021,2021/2022
NEC Nijmegen,Mikkel Duelund,24,Left Winger,Dynamo Kyiv,loan transfer,in,Summer,NA,Eredivisie,2021,2021/2022
NEC Nijmegen,Robin Roefs,18,Goalkeeper,NEC U21,-,in,Summer,0,Eredivisie,2021,2021/2022
NEC Nijmegen,Danny Vukovic,36,Goalkeeper,Without Club,-,in,Summer,0,Eredivisie,2021,2021/2022
NEC Nijmegen,Ole Romeny,21,Centre-Forward,Willem II,"End of loanJun 30, 2021",in,Summer,0,Eredivisie,2021,2021/2022
NEC Nijmegen,Etien Velikonja,32,Centre-Forward,ND Gorica,"End of loanJun 30, 2021",in,Summer,0,Eredivisie,2021,2021/2022
NEC Nijmegen,Ayman Sellouf,19,Left Winger,Utrecht U21,free transfer,out,Summer,NA,Eredivisie,2021,2021/2022
NEC Nijmegen,Job Schuurman,22,Goalkeeper,Go Ahead Eagles,free transfer,out,Summer,NA,Eredivisie,2021,2021/2022
NEC Nijmegen,Norbert Alblas,26,Goalkeeper,TOP Oss,free transfer,out,Summer,NA,Eredivisie,2021,2021/2022
NEC Nijmegen,Etien Velikonja,32,Centre-Forward,ND Gorica,free transfer,out,Summer,NA,Eredivisie,2021,2021/2022
NEC Nijmegen,Terry Lartey Sanniez,25,Right-Back,NK Celje,free transfer,out,Summer,NA,Eredivisie,2021,2021/2022
NEC Nijmegen,Kevin Bukusu,20,Centre-Back,Helmond Sport,loan transfer,out,Summer,NA,Eredivisie,2021,2021/2022
NEC Nijmegen,Thibo Baeten,19,Centre-Forward,Torino U19,loan transfer,out,Summer,NA,Eredivisie,2021,2021/2022
NEC Nijmegen,Anton Fase,21,Right Winger,Without Club,-,out,Summer,0,Eredivisie,2021,2021/2022
NEC Nijmegen,Terell Ondaan,27,Right Winger,Grenoble,"End of loanJun 30, 2021",out,Summer,0,Eredivisie,2021,2021/2022
NEC Nijmegen,Rangelo Janga,29,Centre-Forward,FC Astana,"End of loanJun 30, 2021",out,Summer,0,Eredivisie,2021,2021/2022
PEC Zwolle,Luka Adzic,22,Left Winger,RSC Anderlecht,free transfer,in,Summer,NA,Eredivisie,2021,2021/2022
PEC Zwolle,Gervane Kastaneer,25,Left Winger,Coventry,free transfer,in,Summer,NA,Eredivisie,2021,2021/2022
PEC Zwolle,Mees de Wit,23,Left-Back,Sporting B,free transfer,in,Summer,NA,Eredivisie,2021,2021/2022
PEC Zwolle,Konstantinos Lamprou,29,Goalkeeper,RKC Waalwijk,free transfer,in,Summer,NA,Eredivisie,2021,2021/2022
PEC Zwolle,Jasper Schendelaar,20,Goalkeeper,AZ Alkmaar,free transfer,in,Summer,NA,Eredivisie,2021,2021/2022
PEC Zwolle,Siemen Voet,21,Centre-Back,Club Brugge,?,in,Summer,NA,Eredivisie,2021,2021/2022
PEC Zwolle,Mark Pabai,20,Right-Back,Utrecht U21,?,in,Summer,NA,Eredivisie,2021,2021/2022
PEC Zwolle,Daishawn Redan,20,Centre-Forward,Hertha BSC,loan transfer,in,Summer,NA,Eredivisie,2021,2021/2022
PEC Zwolle,Daijiro Chirino,19,Centre-Back,PEC Zwolle U21,-,in,Summer,0,Eredivisie,2021,2021/2022
PEC Zwolle,Leandro Fernandes,21,Central Midfield,Without Club,-,in,Summer,0,Eredivisie,2021,2021/2022
PEC Zwolle,Ryan Koolwijk,36,Central Midfield,Without Club,-,in,Summer,0,Eredivisie,2021,2021/2022
PEC Zwolle,Chardi Landu,20,Left Winger,PEC Zwolle U21,-,in,Summer,0,Eredivisie,2021,2021/2022
PEC Zwolle,Clint Leemans,25,Central Midfield,De Graafschap,"End of loanJun 30, 2021",in,Summer,0,Eredivisie,2021,2021/2022
PEC Zwolle,Xavier Mous,25,Goalkeeper,Heerenveen,free transfer,out,Summer,NA,Eredivisie,2021,2021/2022
PEC Zwolle,Marc-Olivier Doué,20,Centre-Back,RE Virton,free transfer,out,Summer,NA,Eredivisie,2021,2021/2022
PEC Zwolle,Mike van Duinen,29,Centre-Forward,OFI Crete FC,free transfer,out,Summer,NA,Eredivisie,2021,2021/2022
PEC Zwolle,Thomas Lam,27,Centre-Back,CSKA-Sofia,free transfer,out,Summer,NA,Eredivisie,2021,2021/2022
PEC Zwolle,Virgil Misidjan,27,Right Winger,Twente FC,free transfer,out,Summer,NA,Eredivisie,2021,2021/2022
PEC Zwolle,Jesper Drost,28,Attacking Midfield,HHC Hardenberg,free transfer,out,Summer,NA,Eredivisie,2021,2021/2022
PEC Zwolle,Clint Leemans,25,Central Midfield,Viborg FF,free transfer,out,Summer,NA,Eredivisie,2021,2021/2022
PEC Zwolle,Nigel Bertrams,28,Goalkeeper,FC Eindhoven,free transfer,out,Summer,NA,Eredivisie,2021,2021/2022
PEC Zwolle,Reza Ghoochannejhad,33,Centre-Forward,Without Club,-,out,Summer,0,Eredivisie,2021,2021/2022
PEC Zwolle,Benson,24,Right Winger,Royal Antwerp,"End of loanJun 30, 2021",out,Summer,0,Eredivisie,2021,2021/2022
PEC Zwolle,Thomas Buitink,21,Centre-Forward,Vitesse,"End of loanJun 30, 2021",out,Summer,0,Eredivisie,2021,2021/2022
PEC Zwolle,Immanuel Pherai,20,Attacking Midfield,Bor. Dortmund,"End of loanJun 30, 2021",out,Summer,0,Eredivisie,2021,2021/2022
PSV Eindhoven,Joël Drommel,24,Goalkeeper,Twente FC,£3.15m,in,Summer,3.15,Eredivisie,2021,2021/2022
PSV Eindhoven,André Ramalho,29,Centre-Back,RB Salzburg,£2.25m,in,Summer,2.25,Eredivisie,2021,2021/2022
PSV Eindhoven,Carlos Vinícius,26,Centre-Forward,Benfica,Loan fee:£2.25m,in,Summer,2.25,Eredivisie,2021,2021/2022
PSV Eindhoven,Marco van Ginkel,28,Central Midfield,Chelsea,free transfer,in,Summer,NA,Eredivisie,2021,2021/2022
PSV Eindhoven,Davy Pröpper,29,Central Midfield,Brighton,free transfer,in,Summer,NA,Eredivisie,2021,2021/2022
PSV Eindhoven,Phillipp Mwene,27,Right-Back,1.FSV Mainz 05,free transfer,in,Summer,NA,Eredivisie,2021,2021/2022
PSV Eindhoven,Richard Ledezma,20,Attacking Midfield,PSV U21,-,in,Summer,0,Eredivisie,2021,2021/2022
PSV Eindhoven,Dante Rigo,22,Defensive Midfield,PSV U21,-,in,Summer,0,Eredivisie,2021,2021/2022
PSV Eindhoven,Ritsu Doan,23,Right Winger,Arm. Bielefeld,"End of loanJun 30, 2021",in,Summer,0,Eredivisie,2021,2021/2022
PSV Eindhoven,Derrick Luckassen,25,Centre-Back,Kasimpasa,"End of loanJun 30, 2021",in,Summer,0,Eredivisie,2021,2021/2022
PSV Eindhoven,Bruma,26,Left Winger,Olympiacos,"End of loanJun 30, 2021",in,Summer,0,Eredivisie,2021,2021/2022
PSV Eindhoven,Michal Sadilek,22,Central Midfield,Slovan Liberec,"End of loanJun 30, 2021",in,Summer,0,Eredivisie,2021,2021/2022
PSV Eindhoven,Donyell Malen,22,Centre-Forward,Bor. Dortmund,£27.00m,out,Summer,27,Eredivisie,2021,2021/2022
PSV Eindhoven,Denzel Dumfries,25,Right-Back,Inter,£11.25m,out,Summer,11.25,Eredivisie,2021,2021/2022
PSV Eindhoven,Pablo Rosario,24,Defensive Midfield,OGC Nice,£5.40m,out,Summer,5.4,Eredivisie,2021,2021/2022
PSV Eindhoven,Mohamed Ihattaren,19,Attacking Midfield,Juventus,£1.71m,out,Summer,1.71,Eredivisie,2021,2021/2022
PSV Eindhoven,Joël Piroe,21,Centre-Forward,Swansea,£1.05m,out,Summer,1.05,Eredivisie,2021,2021/2022
PSV Eindhoven,Nick Viergever,32,Centre-Back,Greuther Fürth,£270Th.,out,Summer,0.27,Eredivisie,2021,2021/2022
PSV Eindhoven,Lars Unnerstall,30,Goalkeeper,Twente FC,free transfer,out,Summer,NA,Eredivisie,2021,2021/2022
PSV Eindhoven,Michal Sadilek,22,Central Midfield,Twente FC,loan transfer,out,Summer,NA,Eredivisie,2021,2021/2022
PSV Eindhoven,Timo Baumgartl,25,Centre-Back,Union Berlin,loan transfer,out,Summer,NA,Eredivisie,2021,2021/2022
PSV Eindhoven,Derrick Luckassen,26,Centre-Back,Karagümrük,loan transfer,out,Summer,NA,Eredivisie,2021,2021/2022
PSV Eindhoven,Marco van Ginkel,28,Central Midfield,Chelsea,"End of loanJun 30, 2021",out,Summer,0,Eredivisie,2021,2021/2022
PSV Eindhoven,Adrian Fein,22,Defensive Midfield,FC Bayern,"End of loanJun 30, 2021",out,Summer,0,Eredivisie,2021,2021/2022
RKC Waalwijk,Jens Teunckens,23,Goalkeeper,AEK Larnaca,free transfer,in,Summer,NA,Eredivisie,2021,2021/2022
RKC Waalwijk,Michiel Kramer,32,Centre-Forward,ADO Den Haag,free transfer,in,Summer,NA,Eredivisie,2021,2021/2022
RKC Waalwijk,Joel Pereira,25,Goalkeeper,Man Utd,free transfer,in,Summer,NA,Eredivisie,2021,2021/2022
RKC Waalwijk,Thierry Lutonda,20,Left-Back,RSC Anderlecht,?,in,Summer,NA,Eredivisie,2021,2021/2022
RKC Waalwijk,Dario van den Buijs,25,Centre-Back,Beerschot V.A.,?,in,Summer,NA,Eredivisie,2021,2021/2022
RKC Waalwijk,Iliass Bel Hassani,28,Attacking Midfield,Ajman Club,?,in,Summer,NA,Eredivisie,2021,2021/2022
RKC Waalwijk,Achraf El Bouchataoui,21,Central Midfield,Feyenoord,loan transfer,in,Summer,NA,Eredivisie,2021,2021/2022
RKC Waalwijk,Jens Odgaard,22,Centre-Forward,Sassuolo,loan transfer,in,Summer,NA,Eredivisie,2021,2021/2022
RKC Waalwijk,Alexander Büttner,32,Left-Back,Without Club,-,in,Summer,0,Eredivisie,2021,2021/2022
RKC Waalwijk,Issam El Maach,21,Goalkeeper,Without Club,-,in,Summer,0,Eredivisie,2021,2021/2022
RKC Waalwijk,Nando Nöstlinger,23,Central Midfield,Lokeren-Temse,"End of loanFeb 10, 2021",in,Summer,0,Eredivisie,2021,2021/2022
RKC Waalwijk,Cyril Ngonge,21,Right Winger,FC Groningen,£180Th.,out,Summer,0.18,Eredivisie,2021,2021/2022
RKC Waalwijk,Nando Nöstlinger,23,Central Midfield,Royal Cappellen,free transfer,out,Summer,NA,Eredivisie,2021,2021/2022
RKC Waalwijk,Sylla Sow,25,Left Winger,Sheff Wed,free transfer,out,Summer,NA,Eredivisie,2021,2021/2022
RKC Waalwijk,Ola John,29,Left Winger,Al-Hazem,free transfer,out,Summer,NA,Eredivisie,2021,2021/2022
RKC Waalwijk,Konstantinos Lamprou,29,Goalkeeper,PEC Zwolle,free transfer,out,Summer,NA,Eredivisie,2021,2021/2022
RKC Waalwijk,Paul Quasten,36,Left-Back,Ajax Amateurs,free transfer,out,Summer,NA,Eredivisie,2021,2021/2022
RKC Waalwijk,Anas Tahiri,26,Central Midfield,CFR Cluj,free transfer,out,Summer,NA,Eredivisie,2021,2021/2022
RKC Waalwijk,Mike Grim,24,Goalkeeper,OFC Oostzaan,free transfer,out,Summer,NA,Eredivisie,2021,2021/2022
RKC Waalwijk,Morad El Haddouti,23,Right Winger,Without Club,-,out,Summer,0,Eredivisie,2021,2021/2022
RKC Waalwijk,James Efmorfidis,25,Right Winger,Retired,-,out,Summer,0,Eredivisie,2021,2021/2022
RKC Waalwijk,Thijs Oosting,21,Attacking Midfield,AZ Alkmaar,"End of loanJun 30, 2021",out,Summer,0,Eredivisie,2021,2021/2022
RKC Waalwijk,Thierry Lutonda,20,Left-Back,RSC Anderlecht,"End of loanJun 30, 2021",out,Summer,0,Eredivisie,2021,2021/2022
RKC Waalwijk,Vitalie Damascan,22,Centre-Forward,Torino,"End of loanJun 30, 2021",out,Summer,0,Eredivisie,2021,2021/2022
Sparta Rotterdam,Laurent Jans,28,Right-Back,Standard Liège,free transfer,in,Summer,NA,Eredivisie,2021,2021/2022
Sparta Rotterdam,Aaron Meijers,33,Left-Back,ADO Den Haag,free transfer,in,Summer,NA,Eredivisie,2021,2021/2022
Sparta Rotterdam,Vito van Crooij,25,Right Winger,VVV-Venlo,?,in,Summer,NA,Eredivisie,2021,2021/2022
Sparta Rotterdam,Giannis Masouras,25,Right-Back,Olympiacos,loan transfer,in,Summer,NA,Eredivisie,2021,2021/2022
Sparta Rotterdam,Kenzo Goudmijn,19,Central Midfield,AZ Alkmaar,loan transfer,in,Summer,NA,Eredivisie,2021,2021/2022
Sparta Rotterdam,Mohammed Osman,27,Central Midfield,Without Club,-,in,Summer,0,Eredivisie,2021,2021/2022
Sparta Rotterdam,Lassana Faye,23,Left-Back,ADO Den Haag,"End of loanJun 30, 2021",in,Summer,0,Eredivisie,2021,2021/2022
Sparta Rotterdam,Laros Duarte,24,Defensive Midfield,FC Groningen,£608Th.,out,Summer,0.608,Eredivisie,2021,2021/2022
Sparta Rotterdam,Abdou Harroui,23,Central Midfield,Sassuolo,Loan fee:£450Th.,out,Summer,0.45,Eredivisie,2021,2021/2022
Sparta Rotterdam,Deroy Duarte,22,Central Midfield,Fortuna Sittard,free transfer,out,Summer,NA,Eredivisie,2021,2021/2022
Sparta Rotterdam,Danzell Gravenberch,27,Centre-Forward,De Graafschap,free transfer,out,Summer,NA,Eredivisie,2021,2021/2022
Sparta Rotterdam,Michael Fabrie,23,Goalkeeper,Smitshoek,free transfer,out,Summer,NA,Eredivisie,2021,2021/2022
Sparta Rotterdam,Jeffry Fortes,32,Right-Back,De Graafschap,free transfer,out,Summer,NA,Eredivisie,2021,2021/2022
Sparta Rotterdam,Reda Kharchouch,25,Centre-Forward,FC Emmen,loan transfer,out,Summer,NA,Eredivisie,2021,2021/2022
Sparta Rotterdam,Augustin Drakpe,19,Centre-Back,Sparta U21,-,out,Summer,0,Eredivisie,2021,2021/2022
Sparta Rotterdam,Lassana Faye,23,Left-Back,Without Club,-,out,Summer,0,Eredivisie,2021,2021/2022
Sparta Rotterdam,Wouter Burger,20,Central Midfield,Feyenoord,"End of loanJun 30, 2021",out,Summer,0,Eredivisie,2021,2021/2022
Sparta Rotterdam,Aaron Meijers,33,Left-Back,ADO Den Haag,"End of loanJun 30, 2021",out,Summer,0,Eredivisie,2021,2021/2022
Twente Enschede FC,Ricky van Wolfswinkel,32,Centre-Forward,FC Basel,free transfer,in,Summer,NA,Eredivisie,2021,2021/2022
Twente Enschede FC,Denilho Cleonise,19,Left Winger,Genoa U19,free transfer,in,Summer,NA,Eredivisie,2021,2021/2022
Twente Enschede FC,Lars Unnerstall,30,Goalkeeper,PSV Eindhoven,free transfer,in,Summer,NA,Eredivisie,2021,2021/2022
Twente Enschede FC,Virgil Misidjan,27,Right Winger,PEC Zwolle,free transfer,in,Summer,NA,Eredivisie,2021,2021/2022
Twente Enschede FC,Robin Pröpper,27,Centre-Back,Heracles Almelo,free transfer,in,Summer,NA,Eredivisie,2021,2021/2022
Twente Enschede FC,Giovanni Troupée,23,Right-Back,FC Utrecht,free transfer,in,Summer,NA,Eredivisie,2021,2021/2022
Twente Enschede FC,Vaclav Cerny,23,Right Winger,FC Utrecht,?,in,Summer,NA,Eredivisie,2021,2021/2022
Twente Enschede FC,Dimitrios Limnios,23,Right Winger,1. FC Köln,loan transfer,in,Summer,NA,Eredivisie,2021,2021/2022
Twente Enschede FC,Michal Sadilek,22,Central Midfield,PSV Eindhoven,loan transfer,in,Summer,NA,Eredivisie,2021,2021/2022
Twente Enschede FC,Manfred Ugalde,19,Centre-Forward,Lommel SK,loan transfer,in,Summer,NA,Eredivisie,2021,2021/2022
Twente Enschede FC,Michel Vlap,24,Attacking Midfield,RSC Anderlecht,loan transfer,in,Summer,NA,Eredivisie,2021,2021/2022
Twente Enschede FC,Luca Everink,20,Right-Back,FC Twente U21,-,in,Summer,0,Eredivisie,2021,2021/2022
Twente Enschede FC,Jahnoah Markelo,18,Right Winger,FC Twente U21,-,in,Summer,0,Eredivisie,2021,2021/2022
Twente Enschede FC,Jody Lukoki,28,Right Winger,Without Club,-,in,Summer,0,Eredivisie,2021,2021/2022
Twente Enschede FC,Lindon Selahi,22,Central Midfield,Willem II,"End of loanJun 30, 2021",in,Summer,0,Eredivisie,2021,2021/2022
Twente Enschede FC,Joël Drommel,24,Goalkeeper,PSV Eindhoven,£3.15m,out,Summer,3.15,Eredivisie,2021,2021/2022
Twente Enschede FC,Queensy Menig,26,Left Winger,Partizan,£630Th.,out,Summer,0.63,Eredivisie,2021,2021/2022
Twente Enschede FC,Lindon Selahi,22,Central Midfield,HNK Rijeka,free transfer,out,Summer,NA,Eredivisie,2021,2021/2022
Twente Enschede FC,Godfried Roemeratoe,22,Defensive Midfield,Willem II,loan transfer,out,Summer,NA,Eredivisie,2021,2021/2022
Twente Enschede FC,Thijs van Leeuwen,20,Left Winger,Almere City,loan transfer,out,Summer,NA,Eredivisie,2021,2021/2022
Twente Enschede FC,Luciano Narsingh,30,Right Winger,Feyenoord,"End of loanJun 30, 2021",out,Summer,0,Eredivisie,2021,2021/2022
Twente Enschede FC,Issah Abass,22,Left Winger,1.FSV Mainz 05,"End of loanJun 30, 2021",out,Summer,0,Eredivisie,2021,2021/2022
Twente Enschede FC,Tyronne Ebuehi,25,Right-Back,Benfica B,"End of loanJun 30, 2021",out,Summer,0,Eredivisie,2021,2021/2022
Twente Enschede FC,Danilo,22,Centre-Forward,Ajax U21,"End of loanJun 30, 2021",out,Summer,0,Eredivisie,2021,2021/2022
Twente Enschede FC,Nathan Markelo,22,Right-Back,Everton U23,"End of loanJun 30, 2021",out,Summer,0,Eredivisie,2021,2021/2022
Twente Enschede FC,Vaclav Cerny,23,Right Winger,FC Utrecht,"End of loanJun 30, 2021",out,Summer,0,Eredivisie,2021,2021/2022
FC Utrecht,Anastasios Douvikas,21,Centre-Forward,Volos NPS,£1.08m,in,Summer,1.08,Eredivisie,2021,2021/2022
FC Utrecht,Quinten Timber,20,Central Midfield,Ajax U21,free transfer,in,Summer,NA,Eredivisie,2021,2021/2022
FC Utrecht,Arthur Zagre,19,Left-Back,Monaco,loan transfer,in,Summer,NA,Eredivisie,2021,2021/2022
FC Utrecht,Mike van der Hoorn,28,Centre-Back,Arm. Bielefeld,loan transfer,in,Summer,NA,Eredivisie,2021,2021/2022
FC Utrecht,Nick Venema,22,Centre-Forward,NAC Breda,"End of loanJun 30, 2021",in,Summer,0,Eredivisie,2021,2021/2022
FC Utrecht,Sylian Mokono,22,Right-Back,Utrecht U21,-,in,Summer,0,Eredivisie,2021,2021/2022
FC Utrecht,Davy van den Berg,21,Central Midfield,Utrecht U21,-,in,Summer,0,Eredivisie,2021,2021/2022
FC Utrecht,Christopher Mamengi,20,Centre-Back,Utrecht U21,-,in,Summer,0,Eredivisie,2021,2021/2022
FC Utrecht,Justin Lonwijk,21,Central Midfield,Viborg FF,"End of loanJun 30, 2021",in,Summer,0,Eredivisie,2021,2021/2022
FC Utrecht,Leon Guwara,25,Left-Back,VVV-Venlo,"End of loanJun 30, 2021",in,Summer,0,Eredivisie,2021,2021/2022
FC Utrecht,Jonas Arweiler,24,Centre-Forward,ADO Den Haag,"End of loanJun 30, 2021",in,Summer,0,Eredivisie,2021,2021/2022
FC Utrecht,Mitchell van Rooijen,22,Defensive Midfield,Excelsior,"End of loanJun 30, 2021",in,Summer,0,Eredivisie,2021,2021/2022
FC Utrecht,Vaclav Cerny,23,Right Winger,Twente FC,"End of loanJun 30, 2021",in,Summer,0,Eredivisie,2021,2021/2022
FC Utrecht,Gyrano Kerk,25,Right Winger,Loko Moscow,£5.40m,out,Summer,5.4,Eredivisie,2021,2021/2022
FC Utrecht,Odysseus Velanas,23,Attacking Midfield,NAC Breda,free transfer,out,Summer,NA,Eredivisie,2021,2021/2022
FC Utrecht,Giovanni Troupée,23,Right-Back,Twente FC,free transfer,out,Summer,NA,Eredivisie,2021,2021/2022
FC Utrecht,Leon Guwara,25,Left-Back,Jahn Regensburg,free transfer,out,Summer,NA,Eredivisie,2021,2021/2022
FC Utrecht,Mitchell van Rooijen,22,Defensive Midfield,VVV-Venlo,?,out,Summer,NA,Eredivisie,2021,2021/2022
FC Utrecht,Vaclav Cerny,23,Right Winger,Twente FC,?,out,Summer,NA,Eredivisie,2021,2021/2022
FC Utrecht,Jonas Arweiler,24,Centre-Forward,Almere City,?,out,Summer,NA,Eredivisie,2021,2021/2022
FC Utrecht,Justin Lonwijk,21,Central Midfield,Viborg FF,?,out,Summer,NA,Eredivisie,2021,2021/2022
FC Utrecht,Emil Bergström,28,Centre-Back,Willem II,loan transfer,out,Summer,NA,Eredivisie,2021,2021/2022
FC Utrecht,Thijmen Nijhuis,22,Goalkeeper,MVV Maastricht,loan transfer,out,Summer,NA,Eredivisie,2021,2021/2022
FC Utrecht,Eljero Elia,34,Left Winger,Without Club,-,out,Summer,0,Eredivisie,2021,2021/2022
FC Utrecht,Nick Venema,22,Centre-Forward,Utrecht U21,-,out,Summer,0,Eredivisie,2021,2021/2022
FC Utrecht,Justin Hoogma,23,Centre-Back,TSG Hoffenheim,"End of loanJun 30, 2021",out,Summer,0,Eredivisie,2021,2021/2022
Vitesse Arnhem,Nikolai Baden Frederiksen,21,Centre-Forward,Juventus U23,£1.64m,in,Summer,1.64,Eredivisie,2021,2021/2022
Vitesse Arnhem,Daan Reiziger,20,Goalkeeper,Ajax U21,free transfer,in,Summer,NA,Eredivisie,2021,2021/2022
Vitesse Arnhem,Toni Domgjoni,22,Central Midfield,FC Zürich,free transfer,in,Summer,NA,Eredivisie,2021,2021/2022
Vitesse Arnhem,Romaric Yapi,20,Right-Back,Brighton U23,free transfer,in,Summer,NA,Eredivisie,2021,2021/2022
Vitesse Arnhem,Markus Schubert,23,Goalkeeper,FC Schalke 04,free transfer,in,Summer,NA,Eredivisie,2021,2021/2022
Vitesse Arnhem,Julian Von Moos,20,Right Winger,FC Basel,loan transfer,in,Summer,NA,Eredivisie,2021,2021/2022
Vitesse Arnhem,Yann Gboho,20,Attacking Midfield,Stade Rennais,loan transfer,in,Summer,NA,Eredivisie,2021,2021/2022
Vitesse Arnhem,Enrico Hernández,20,Attacking Midfield,Vitesse U21,-,in,Summer,0,Eredivisie,2021,2021/2022
Vitesse Arnhem,Thomas Buitink,21,Centre-Forward,PEC Zwolle,"End of loanJun 30, 2021",in,Summer,0,Eredivisie,2021,2021/2022
Vitesse Arnhem,Remko Pasveer,37,Goalkeeper,Ajax,free transfer,out,Summer,NA,Eredivisie,2021,2021/2022
Vitesse Arnhem,Thomas Bruns,29,Central Midfield,Adanaspor,free transfer,out,Summer,NA,Eredivisie,2021,2021/2022
Vitesse Arnhem,Bilal Bayazit,22,Goalkeeper,Kayserispor,free transfer,out,Summer,NA,Eredivisie,2021,2021/2022
Vitesse Arnhem,Enrico Hernández,20,Attacking Midfield,FC Eindhoven,loan transfer,out,Summer,NA,Eredivisie,2021,2021/2022
Vitesse Arnhem,Armando Broja,19,Centre-Forward,Chelsea U23,"End of loanJun 30, 2021",out,Summer,0,Eredivisie,2021,2021/2022
Vitesse Arnhem,Idrissa Touré,23,Central Midfield,Juventus U23,"End of loanJun 30, 2021",out,Summer,0,Eredivisie,2021,2021/2022
Vitesse Arnhem,Noah Ohio,18,Centre-Forward,RB Leipzig U19,"End of loanJun 30, 2021",out,Summer,0,Eredivisie,2021,2021/2022
Willem II Tilburg,Ringo Meerveld,18,Attacking Midfield,FC Den Bosch,£675Th.,in,Summer,0.675,Eredivisie,2021,2021/2022
Willem II Tilburg,Ulrik Jenssen,25,Centre-Back,Nordsjaelland,free transfer,in,Summer,NA,Eredivisie,2021,2021/2022
Willem II Tilburg,Max Svensson,23,Left Midfield,Helsingborg,?,in,Summer,NA,Eredivisie,2021,2021/2022
Willem II Tilburg,Emil Bergström,28,Centre-Back,FC Utrecht,loan transfer,in,Summer,NA,Eredivisie,2021,2021/2022
Willem II Tilburg,Argyris Kampetsis,22,Centre-Forward,Panathinaikos,loan transfer,in,Summer,NA,Eredivisie,2021,2021/2022
Willem II Tilburg,Godfried Roemeratoe,22,Defensive Midfield,Twente FC,loan transfer,in,Summer,NA,Eredivisie,2021,2021/2022
Willem II Tilburg,Timon Wellenreuther,25,Goalkeeper,RSC Anderlecht,loan transfer,in,Summer,NA,Eredivisie,2021,2021/2022
Willem II Tilburg,Nikolaos Michelis,20,Centre-Back,Milan U19,loan transfer,in,Summer,NA,Eredivisie,2021,2021/2022
Willem II Tilburg,Vincent Schippers,20,Right-Back,Willem II U21,-,in,Summer,0,Eredivisie,2021,2021/2022
Willem II Tilburg,John Yeboah,21,Left Winger,Almere City,"End of loanJun 30, 2021",in,Summer,0,Eredivisie,2021,2021/2022
Willem II Tilburg,Dylan Ryan,21,Centre-Back,Melbourne,"End of loanJun 30, 2021",in,Summer,0,Eredivisie,2021,2021/2022
Willem II Tilburg,Mike Trésor,22,Attacking Midfield,KRC Genk,£3.15m,out,Summer,3.15,Eredivisie,2021,2021/2022
Willem II Tilburg,Vangelis Pavlidis,22,Centre-Forward,AZ Alkmaar,£2.25m,out,Summer,2.25,Eredivisie,2021,2021/2022
Willem II Tilburg,Dylan Ryan,21,Centre-Back,FC Den Bosch,free transfer,out,Summer,NA,Eredivisie,2021,2021/2022
Willem II Tilburg,Victor van den Bogert,21,Centre-Back,FC Den Bosch,free transfer,out,Summer,NA,Eredivisie,2021,2021/2022
Willem II Tilburg,Sebastian Holmén,29,Centre-Back,C. Rizespor,free transfer,out,Summer,NA,Eredivisie,2021,2021/2022
Willem II Tilburg,Rick Zuijderwijk,20,Attacking Midfield,FC Den Bosch,loan transfer,out,Summer,NA,Eredivisie,2021,2021/2022
Willem II Tilburg,Jan-Arie van der Heijden,33,Centre-Back,Without Club,-,out,Summer,0,Eredivisie,2021,2021/2022
Willem II Tilburg,Jordens Peters,34,Centre-Back,Retired,-,out,Summer,0,Eredivisie,2021,2021/2022
Willem II Tilburg,Ole Romeny,21,Centre-Forward,NEC Nijmegen,"End of loanJun 30, 2021",out,Summer,0,Eredivisie,2021,2021/2022
Willem II Tilburg,Sven van Beek,26,Centre-Back,Feyenoord,"End of loanJun 30, 2021",out,Summer,0,Eredivisie,2021,2021/2022
Willem II Tilburg,Ian Smeulers,21,Left-Back,Feyenoord U21,"End of loanJun 30, 2021",out,Summer,0,Eredivisie,2021,2021/2022
Willem II Tilburg,Arijanet Muric,22,Goalkeeper,Man City,"End of loanJun 30, 2021",out,Summer,0,Eredivisie,2021,2021/2022
Willem II Tilburg,Lindon Selahi,22,Central Midfield,Twente FC,"End of loanJun 30, 2021",out,Summer,0,Eredivisie,2021,2021/2022
Ajax Amsterdam,Brian Brobbey,19,Centre-Forward,RB Leipzig,loan transfer,in,Winter,NA,Eredivisie,2021,2021/2022
Feyenoord Rotterdam,Christian Conteh,22,Left Winger,SV Sandhausen,"End of loanJan 4, 2022",in,Winter,0,Eredivisie,2021,2021/2022
Feyenoord Rotterdam,Mark Diemers,28,Central Midfield,Hannover 96,loan transfer,out,Winter,NA,Eredivisie,2021,2021/2022
Feyenoord Rotterdam,Christian Conteh,22,Left Winger,FC Dordrecht,loan transfer,out,Winter,NA,Eredivisie,2021,2021/2022
Feyenoord Rotterdam,Francesco Antonucci,22,Attacking Midfield,FC Volendam,loan transfer,out,Winter,NA,Eredivisie,2021,2021/2022
Fortuna Sittard,Andreas Samaris,32,Defensive Midfield,Without Club,-,in,Winter,0,Eredivisie,2021,2021/2022
Go Ahead Eagles,Aventis Aventisian,19,Left-Back,PAOK Salonika B,free transfer,in,Winter,NA,Eredivisie,2021,2021/2022
Go Ahead Eagles,Cuco Martina,32,Right-Back,Without Club,-,in,Winter,0,Eredivisie,2021,2021/2022
FC Groningen,Elias Olsson,18,Centre-Back,Kalmar FF,"End of loanDec 31, 2021",out,Winter,0,Eredivisie,2021,2021/2022
SC Heerenveen,Runar Espejord,25,Centre-Forward,Tromsø IL,"End of loanDec 31, 2021",in,Winter,0,Eredivisie,2021,2021/2022
SC Heerenveen,Joaquín Fernández,22,Centre-Back,Mvd City Torque,"End of loanDec 31, 2021",in,Winter,0,Eredivisie,2021,2021/2022
SC Heerenveen,Joey Veerman,23,Defensive Midfield,PSV Eindhoven,£5.40m,out,Winter,5.4,Eredivisie,2021,2021/2022
PEC Zwolle,Oussama Darfalou,28,Centre-Forward,Vitesse,loan transfer,in,Winter,NA,Eredivisie,2021,2021/2022
PEC Zwolle,Max de Waal,19,Attacking Midfield,Ajax U21,loan transfer,in,Winter,NA,Eredivisie,2021,2021/2022
PSV Eindhoven,Joey Veerman,23,Defensive Midfield,Heerenveen,£5.40m,in,Winter,5.4,Eredivisie,2021,2021/2022
PSV Eindhoven,Dante Rigo,23,Defensive Midfield,Beerschot V.A.,?,out,Winter,NA,Eredivisie,2021,2021/2022
PSV Eindhoven,Davy Pröpper,30,Central Midfield,Retired,-,out,Winter,0,Eredivisie,2021,2021/2022
RKC Waalwijk,Roy Kuijpers,21,Right Winger,FC Den Bosch,free transfer,in,Winter,NA,Eredivisie,2021,2021/2022
RKC Waalwijk,Jens Teunckens,23,Goalkeeper,KSK Lierse Kem.,?,out,Winter,NA,Eredivisie,2021,2021/2022
Sparta Rotterdam,Maduka Okoye,22,Goalkeeper,Watford,loan transfer,in,Winter,NA,Eredivisie,2021,2021/2022
Sparta Rotterdam,Adrián Dalmau,27,Centre-Forward,FC Utrecht,?,in,Winter,NA,Eredivisie,2021,2021/2022
Sparta Rotterdam,Maduka Okoye,22,Goalkeeper,Watford,£4.50m,out,Winter,4.5,Eredivisie,2021,2021/2022
Twente Enschede FC,Dario Dumic,29,Centre-Back,SV Sandhausen,?,out,Winter,NA,Eredivisie,2021,2021/2022
Twente Enschede FC,Luka Ilic,22,Attacking Midfield,Man City,"End of loanJan 1, 2022",out,Winter,0,Eredivisie,2021,2021/2022
FC Utrecht,Naoki Maeda,27,Right Winger,Nagoya Grampus,loan transfer,in,Winter,NA,Eredivisie,2021,2021/2022
FC Utrecht,Adrián Dalmau,27,Centre-Forward,Sparta R.,?,out,Winter,NA,Eredivisie,2021,2021/2022
Vitesse Arnhem,Eric Verstappen,27,Goalkeeper,Without Club,-,in,Winter,0,Eredivisie,2021,2021/2022
Vitesse Arnhem,Enrico Hernández,20,Attacking Midfield,FC Eindhoven,"End of loanJan 1, 2022",in,Winter,0,Eredivisie,2021,2021/2022
Vitesse Arnhem,Oussama Darfalou,28,Centre-Forward,PEC Zwolle,loan transfer,out,Winter,NA,Eredivisie,2021,2021/2022
Vitesse Arnhem,Julian Von Moos,20,Right Winger,FC Basel,"End of loanJan 2, 2022",out,Winter,0,Eredivisie,2021,2021/2022
Willem II Tilburg,Rick Zuijderwijk,20,Attacking Midfield,FC Den Bosch,"End of loanJan 3, 2022",in,Winter,0,Eredivisie,2021,2021/2022
