club_name,player_name,age,position,club_involved_name,fee,transfer_movement,transfer_period,fee_cleaned,league_name,year,season
Piacenza FC,Enzo Maresca,22,Central Midfield,Juventus,Loan fee:£2.70m,in,Summer,2.7,Serie A,2002,2002/2003
Piacenza FC,Marco Stella,21,Midfielder,Pescara,£630Th.,in,Summer,0.63,Serie A,2002,2002/2003
Piacenza FC,Sergey Gurenko,29,Right-Back,AC Parma,Loan,in,Summer,0,Serie A,2002,2002/2003
Piacenza FC,Mauro Óbolo,20,Centre-Forward,Vélez Sarsfield,Loan,in,Summer,0,Serie A,2002,2002/2003
Piacenza FC,Maurizio Franzone,33,Goalkeeper,Reggina,?,in,Summer,NA,Serie A,2002,2002/2003
Piacenza FC,Alessandro Rinaldi,27,Right-Back,Chievo Verona,?,in,Summer,NA,Serie A,2002,2002/2003
Piacenza FC,Johnnier Montaño,19,Attacking Midfield,AC Parma,?,in,Summer,NA,Serie A,2002,2002/2003
Piacenza FC,Dario Marcolin,30,Defensive Midfield,Sampdoria,?,in,Summer,NA,Serie A,2002,2002/2003
Piacenza FC,Luigi Riccio,24,Central Midfield,Ternana,?,in,Summer,NA,Serie A,2002,2002/2003
Piacenza FC,Hugo Campagnaro,22,Centre-Back,CD Morón,?,in,Summer,NA,Serie A,2002,2002/2003
Piacenza FC,Amedeo Mangone,33,Left-Back,Brescia,?,in,Summer,NA,Serie A,2002,2002/2003
Piacenza FC,Ibrahim Babatunde,17,Centre-Forward,Arezzo,?,in,Summer,NA,Serie A,2002,2002/2003
Piacenza FC,Simone Paoletti,18,Goalkeeper,Cagliese,?,in,Summer,NA,Serie A,2002,2002/2003
Piacenza FC,Matteo Abbate,18,Centre-Back,Piacenza U19,-,in,Summer,0,Serie A,2002,2002/2003
Piacenza FC,Sergio Volpi,28,Central Midfield,Sampdoria,£3.15m,out,Summer,3.15,Serie A,2002,2002/2003
Piacenza FC,Nicola Mora,22,Left-Back,Bari,£1.35m,out,Summer,1.35,Serie A,2002,2002/2003
Piacenza FC,Amauri,22,Centre-Forward,FC Empoli,£135Th.,out,Summer,0.135,Serie A,2002,2002/2003
Piacenza FC,Carmine Gautieri,31,Right Winger,Atalanta,Free transfer,out,Summer,0,Serie A,2002,2002/2003
Piacenza FC,Roberto Maltagliati,33,Centre-Back,Ancona,?,out,Summer,NA,Serie A,2002,2002/2003
Piacenza FC,Lorenzo Liverani,18,Defender,Pavia,?,out,Summer,NA,Serie A,2002,2002/2003
Piacenza FC,Marco Comotto,18,Centre-Back,Imolese,Loan,out,Summer,0,Serie A,2002,2002/2003
Piacenza FC,Francesco Statuto,30,Central Midfield,Torino,?,out,Summer,NA,Serie A,2002,2002/2003
Piacenza FC,Davide Bagnacani,22,Goalkeeper,Castel di Sangr,Loan,out,Summer,0,Serie A,2002,2002/2003
Piacenza FC,Alessandro Lucarelli,24,Centre-Back,US Palermo,?,out,Summer,NA,Serie A,2002,2002/2003
Piacenza FC,Matuzalém,22,Defensive Midfield,AC Parma,?,out,Summer,NA,Serie A,2002,2002/2003
Piacenza FC,Daniele Cacia,18,Centre-Forward,Ternana,Loan,out,Summer,0,Serie A,2002,2002/2003
Piacenza FC,Francesco Zerbini,22,Centre-Forward,Sambenedettese,Loan,out,Summer,0,Serie A,2002,2002/2003
Piacenza FC,Paolo Poggi,31,Centre-Forward,AC Parma,"End of loanJun 30, 2002",out,Summer,0,Serie A,2002,2002/2003
Piacenza FC,Vincenzo Sommese,26,Right Winger,Vicenza,"End of loanJun 30, 2002",out,Summer,0,Serie A,2002,2002/2003
Como Calcio,Sasa Bjelanovic,23,Centre-Forward,Varteks,£2.25m,in,Summer,2.25,Serie A,2002,2002/2003
Como Calcio,Fabrizio Ferron,36,Goalkeeper,Hellas Verona,Free transfer,in,Summer,0,Serie A,2002,2002/2003
Como Calcio,Nikola Lazetic,24,Right Winger,Fenerbahce,Free transfer,in,Summer,0,Serie A,2002,2002/2003
Como Calcio,Vincenzo Chianese,26,Centre-Forward,Vicenza,Free transfer,in,Summer,0,Serie A,2002,2002/2003
Como Calcio,Pasquale Padalino,29,Centre-Back,Inter,Free transfer,in,Summer,0,Serie A,2002,2002/2003
Como Calcio,Benoît Cauet,33,Central Midfield,Torino,?,in,Summer,NA,Serie A,2002,2002/2003
Como Calcio,Benny Carbone,30,Second Striker,Middlesbrough,?,in,Summer,NA,Serie A,2002,2002/2003
Como Calcio,Milan Zahalka,25,Goalkeeper,Carrarese,?,in,Summer,NA,Serie A,2002,2002/2003
Como Calcio,Massimo Tarantino,31,Left-Back,Bologna,?,in,Summer,NA,Serie A,2002,2002/2003
Como Calcio,Jonatan Binotto,27,Right Winger,Inter,Loan,in,Summer,0,Serie A,2002,2002/2003
Como Calcio,Niccolò Guzzo,19,Right-Back,Fiorentina U19,?,in,Summer,NA,Serie A,2002,2002/2003
Como Calcio,Ciro De Cesare,30,Second Striker,Chievo Verona,?,in,Summer,NA,Serie A,2002,2002/2003
Como Calcio,Jean-Paul van Gastel,30,Centre-Back,Ternana,?,in,Summer,NA,Serie A,2002,2002/2003
Como Calcio,Jorge Serna,22,Centre-Forward,Indep. Medellín,?,in,Summer,NA,Serie A,2002,2002/2003
Como Calcio,Giuseppe Greco,18,Centre-Forward,Pavia,?,in,Summer,NA,Serie A,2002,2002/2003
Como Calcio,Mirko Benin,24,Attacking Midfield,Florentia,?,in,Summer,NA,Serie A,2002,2002/2003
Como Calcio,Juarez,28,Right-Back,Lecce,?,in,Summer,NA,Serie A,2002,2002/2003
Como Calcio,Marco Rossi,24,Right Midfield,Florentia,?,in,Summer,NA,Serie A,2002,2002/2003
Como Calcio,Fabio Pecchia,28,Right Midfield,Bologna,Loan,in,Summer,0,Serie A,2002,2002/2003
Como Calcio,Stjepan Tomas,26,Centre-Back,Vicenza,?,in,Summer,NA,Serie A,2002,2002/2003
Como Calcio,Luis Oliveira,33,Centre-Forward,Catania,£450Th.,out,Summer,0.45,Serie A,2002,2002/2003
Como Calcio,Cristiano Pavone,30,Left-Back,Messina Peloro,?,out,Summer,NA,Serie A,2002,2002/2003
Como Calcio,Nikola Lazetic,24,Right Winger,Chievo Verona,Loan,out,Summer,0,Serie A,2002,2002/2003
Como Calcio,Vincenzo Chianese,26,Centre-Forward,Treviso,Loan,out,Summer,0,Serie A,2002,2002/2003
Como Calcio,Christian Terni,30,Centre-Back,Ternana,?,out,Summer,NA,Serie A,2002,2002/2003
Como Calcio,Luca Del Chiaro,21,Defender,Lucchese,?,out,Summer,NA,Serie A,2002,2002/2003
Como Calcio,Simone Bridarolli,20,Forward,Unknown,?,out,Summer,NA,Serie A,2002,2002/2003
Como Calcio,Andrea Corti,19,Defender,US Canzese,?,out,Summer,NA,Serie A,2002,2002/2003
Como Calcio,Vincenzo Pandullo,31,Defender,Legnano,?,out,Summer,NA,Serie A,2002,2002/2003
Como Calcio,Davide Olivares,30,Midfielder,Lucchese,?,out,Summer,NA,Serie A,2002,2002/2003
Como Calcio,Massimo Lombardini,30,Midfielder,Alessandria,?,out,Summer,NA,Serie A,2002,2002/2003
Como Calcio,Francesco Pedone,34,Right Midfield,Sampdoria,?,out,Summer,NA,Serie A,2002,2002/2003
Como Calcio,Stephen Makinwa,18,Centre-Forward,Reggiana,?,out,Summer,NA,Serie A,2002,2002/2003
Como Calcio,Marco Nappi,36,Second Striker,Savona,?,out,Summer,NA,Serie A,2002,2002/2003
Como Calcio,Alfredo Femiano,23,Defensive Midfield,Lucchese,?,out,Summer,NA,Serie A,2002,2002/2003
Como Calcio,Fabio Gallo,31,Defensive Midfield,Treviso,?,out,Summer,NA,Serie A,2002,2002/2003
Como Calcio,Francesco Bega,27,Centre-Back,Triestina,?,out,Summer,NA,Serie A,2002,2002/2003
Como Calcio,Nicola Zanini,28,Attacking Midfield,Triestina,?,out,Summer,NA,Serie A,2002,2002/2003
Como Calcio,Roberto Colacone,28,Second Striker,Vicenza,?,out,Summer,NA,Serie A,2002,2002/2003
Como Calcio,Andrea Ardito,25,Defensive Midfield,Bologna,?,out,Summer,NA,Serie A,2002,2002/2003
Como Calcio,Gianluca Spinelli,35,Goalkeeper,Retired,-,out,Summer,0,Serie A,2002,2002/2003
Como Calcio,Ljubisa Dundjerski,30,Central Midfield,Atalanta,"End of loanJun 30, 2002",out,Summer,0,Serie A,2002,2002/2003
Como Calcio,Nicola Corrent,22,Central Midfield,Milan,"End of loanJun 30, 2002",out,Summer,0,Serie A,2002,2002/2003
Atalanta BC,Carmine Gautieri,31,Right Winger,Piacenza,Free transfer,in,Summer,0,Serie A,2002,2002/2003
Atalanta BC,Apostolos Liolidis,24,Right Winger,Aris Saloniki,Free transfer,in,Summer,0,Serie A,2002,2002/2003
Atalanta BC,Santos,20,Centre-Back,Comercial-SP,Loan,in,Summer,0,Serie A,2002,2002/2003
Atalanta BC,Ivan Javorcic,23,Defensive Midfield,Treviso,?,in,Summer,NA,Serie A,2002,2002/2003
Atalanta BC,Danilo Zini,24,Centre-Back,Pistoiese,?,in,Summer,NA,Serie A,2002,2002/2003
Atalanta BC,Alessandro Wilson,19,Defender,Atalanta U19,-,in,Summer,0,Serie A,2002,2002/2003
Atalanta BC,Luca Saudati,23,Centre-Forward,FC Empoli,Loan,out,Summer,0,Serie A,2002,2002/2003
Atalanta BC,Corrado Colombo,22,Centre-Forward,Sampdoria,?,out,Summer,NA,Serie A,2002,2002/2003
Atalanta BC,Massimo Paganin,31,Centre-Back,Sampdoria,?,out,Summer,NA,Serie A,2002,2002/2003
Atalanta BC,Ljubisa Dundjerski,30,Central Midfield,Treviso,?,out,Summer,NA,Serie A,2002,2002/2003
Atalanta BC,Biagio Pagano,19,Right Winger,Lumezzane,Loan,out,Summer,0,Serie A,2002,2002/2003
Atalanta BC,Joelson,18,Right Winger,Pavia,?,out,Summer,NA,Serie A,2002,2002/2003
Atalanta BC,Nicholas Caglioni,19,Goalkeeper,Uso Calcio,Loan,out,Summer,0,Serie A,2002,2002/2003
Atalanta BC,Pierluigi Orlandini,29,Right Midfield,Brindisi,?,out,Summer,NA,Serie A,2002,2002/2003
Atalanta BC,Luca Cavalli,24,Central Midfield,Retired,-,out,Summer,0,Serie A,2002,2002/2003
Atalanta BC,Gianluca Falsini,26,Left-Back,AC Parma,"End of loanJun 30, 2002",out,Summer,0,Serie A,2002,2002/2003
Juventus FC,Marco Di Vaio,26,Centre-Forward,AC Parma,£18.90m,in,Summer,18.9,Serie A,2002,2002/2003
Juventus FC,Manuele Blasi,21,Central Midfield,Perugia,£15.93m,in,Summer,15.93,Serie A,2002,2002/2003
Juventus FC,Mauro Camoranesi,25,Right Midfield,Hellas Verona,£7.65m,in,Summer,7.65,Serie A,2002,2002/2003
Juventus FC,Fabrizio Miccoli,23,Centre-Forward,Ternana,£6.75m,in,Summer,6.75,Serie A,2002,2002/2003
Juventus FC,Rubén Olivera,19,Central Midfield,Danubio FC,£5.61m,in,Summer,5.61,Serie A,2002,2002/2003
Juventus FC,Abdoulay Konko,18,Right-Back,Genoa CFC Youth,Free transfer,in,Summer,0,Serie A,2002,2002/2003
Juventus FC,Antonio Chimenti,32,Goalkeeper,Lecce,?,in,Summer,NA,Serie A,2002,2002/2003
Juventus FC,Salvatore Fresi,29,Centre-Back,Bologna,?,in,Summer,NA,Serie A,2002,2002/2003
Juventus FC,Daniele Gastaldello,19,Centre-Back,Padova,?,in,Summer,NA,Serie A,2002,2002/2003
Juventus FC,Emiliano Moretti,21,Centre-Back,Florentia,?,in,Summer,NA,Serie A,2002,2002/2003
Juventus FC,Davide Baiocco,27,Defensive Midfield,Perugia,?,in,Summer,NA,Serie A,2002,2002/2003
Juventus FC,Mattia Cassani,18,Right-Back,Canavese Youth,?,in,Summer,NA,Serie A,2002,2002/2003
Juventus FC,Aboubacar Fofana,19,Left Midfield,Juventus U19,-,in,Summer,0,Serie A,2002,2002/2003
Juventus FC,Matteo Brighi,21,Central Midfield,AC Parma,£4.50m,out,Summer,4.5,Serie A,2002,2002/2003
Juventus FC,Enzo Maresca,22,Central Midfield,Piacenza,Loan fee:£2.70m,out,Summer,2.7,Serie A,2002,2002/2003
Juventus FC,Vincent Péricard,19,Centre-Forward,Portsmouth,£540Th.,out,Summer,0.54,Serie A,2002,2002/2003
Juventus FC,Giuseppe Sculli,21,Left Winger,Modena,Loan fee:£360Th.,out,Summer,0.36,Serie A,2002,2002/2003
Juventus FC,Andrea Gentile,22,Central Midfield,Triestina,Loan,out,Summer,0,Serie A,2002,2002/2003
Juventus FC,Aboubacar Fofana,19,Left Midfield,PAOK Salonika,Loan,out,Summer,0,Serie A,2002,2002/2003
Juventus FC,Francesco Scardina,20,Centre-Back,PAOK Salonika,Loan,out,Summer,0,Serie A,2002,2002/2003
Juventus FC,Manuele Blasi,21,Central Midfield,Perugia,Loan,out,Summer,0,Serie A,2002,2002/2003
Juventus FC,Michele Paramatti,34,Left-Back,Bologna,?,out,Summer,NA,Serie A,2002,2002/2003
Juventus FC,Andrea Gasbarroni,20,Second Striker,Sampdoria,Loan,out,Summer,0,Serie A,2002,2002/2003
Juventus FC,Felice Piccolo,18,Centre-Back,Lucchese,Loan,out,Summer,0,Serie A,2002,2002/2003
Juventus FC,Luigi Lavecchia,20,Right Midfield,Ascoli,?,out,Summer,NA,Serie A,2002,2002/2003
Juventus FC,Fabrizio Miccoli,23,Centre-Forward,Perugia,Loan,out,Summer,0,Serie A,2002,2002/2003
Juventus FC,Massimiliano Vieri,23,Centre-Forward,Hellas Verona,Loan,out,Summer,0,Serie A,2002,2002/2003
Juventus FC,Alessandro Frara,19,Defensive Midfield,Bologna,Loan,out,Summer,0,Serie A,2002,2002/2003
Juventus FC,Marco Zanchi,25,Centre-Back,Bologna,?,out,Summer,NA,Serie A,2002,2002/2003
Juventus FC,Tomás Guzmán,20,Attacking Midfield,Ternana,Loan,out,Summer,0,Serie A,2002,2002/2003
Juventus FC,Fabián Carini,22,Goalkeeper,Standard Liège,?,out,Summer,NA,Serie A,2002,2002/2003
Juventus FC,Nicola Amoruso,27,Centre-Forward,Perugia,?,out,Summer,NA,Serie A,2002,2002/2003
Juventus FC,Cristian Zenoni,25,Right-Back,Sampdoria,?,out,Summer,NA,Serie A,2002,2002/2003
Juventus FC,Michelangelo Rampulla,39,Goalkeeper,Retired,-,out,Summer,0,Serie A,2002,2002/2003
Torino Calcio,Federico Magallanes,25,Centre-Forward,AC Venezia 1907,£360Th.,in,Summer,0.36,Serie A,2002,2002/2003
Torino Calcio,Vincenzo Sommese,26,Right Winger,Vicenza,?,in,Summer,NA,Serie A,2002,2002/2003
Torino Calcio,Andrea Soncin,18,Centre-Back,Perugia,?,in,Summer,NA,Serie A,2002,2002/2003
Torino Calcio,Francesco Statuto,30,Central Midfield,Piacenza,?,in,Summer,NA,Serie A,2002,2002/2003
Torino Calcio,Alessandro Campo,18,Right Winger,Prato,?,in,Summer,NA,Serie A,2002,2002/2003
Torino Calcio,Luca Mezzano,24,Centre-Back,Inter,?,in,Summer,NA,Serie A,2002,2002/2003
Torino Calcio,Alessandro Conticchio,28,Central Midfield,Lecce,?,in,Summer,NA,Serie A,2002,2002/2003
Torino Calcio,Alberto Maria Fontana,27,Goalkeeper,US Palermo,?,in,Summer,NA,Serie A,2002,2002/2003
Torino Calcio,Giammarco Frezza,26,Left Midfield,US Palermo,?,in,Summer,NA,Serie A,2002,2002/2003
Torino Calcio,Andrea Mantovani,18,Centre-Back,Torino U19,-,in,Summer,0,Serie A,2002,2002/2003
Torino Calcio,Federico Marchetti,19,Goalkeeper,Torino U19,-,in,Summer,0,Serie A,2002,2002/2003
Torino Calcio,Stefano Bianciardi,17,Left-Back,Torino U19,-,in,Summer,0,Serie A,2002,2002/2003
Torino Calcio,Segun Omolade,19,Forward,Torino U19,-,in,Summer,0,Serie A,2002,2002/2003
Torino Calcio,Fabio Giordano,18,Defensive Midfield,Torino U19,-,in,Summer,0,Serie A,2002,2002/2003
Torino Calcio,Ronaldo Vanin,19,Right-Back,Torino U19,-,in,Summer,0,Serie A,2002,2002/2003
Torino Calcio,Massimo Brambilla,29,Central Midfield,Siena,Free transfer,out,Summer,0,Serie A,2002,2002/2003
Torino Calcio,Franco Semioli,22,Right Winger,Ternana,Loan,out,Summer,0,Serie A,2002,2002/2003
Torino Calcio,Stefano Bianciardi,17,Left-Back,Pistoiese,Loan,out,Summer,0,Serie A,2002,2002/2003
Torino Calcio,Benoît Cauet,33,Central Midfield,Como,?,out,Summer,NA,Serie A,2002,2002/2003
Torino Calcio,Tiziano Turchetti,22,Forward,Viterbese,?,out,Summer,NA,Serie A,2002,2002/2003
Torino Calcio,Abdullah Fusseini,20,Midfielder,Gualdo,?,out,Summer,NA,Serie A,2002,2002/2003
Torino Calcio,Antonino Asta,31,Right Midfield,US Palermo,?,out,Summer,NA,Serie A,2002,2002/2003
Torino Calcio,Giorgio Venturin,33,Central Midfield,Taranto,?,out,Summer,NA,Serie A,2002,2002/2003
Torino Calcio,Djibril Diawara,27,Centre-Back,Unknown,?,out,Summer,NA,Serie A,2002,2002/2003
Torino Calcio,Simone Tiribocchi,24,Centre-Forward,Siena,Loan,out,Summer,0,Serie A,2002,2002/2003
Torino Calcio,Fabio Quagliarella,19,Centre-Forward,Florentia,Loan,out,Summer,0,Serie A,2002,2002/2003
Torino Calcio,Gabriele Paoletti,24,Goalkeeper,Virtus Lanciano,?,out,Summer,NA,Serie A,2002,2002/2003
Torino Calcio,Emanuele Calaiò,20,Centre-Forward,Messina Peloro,?,out,Summer,NA,Serie A,2002,2002/2003
Torino Calcio,Alessandro Cibocchi,19,Left-Back,Viterbese,?,out,Summer,NA,Serie A,2002,2002/2003
Torino Calcio,Daniele Martinelli,20,Centre-Back,Siena,Loan,out,Summer,0,Serie A,2002,2002/2003
Torino Calcio,Federico Marchetti,19,Goalkeeper,Pro Vercelli,Loan,out,Summer,0,Serie A,2002,2002/2003
Torino Calcio,Luca Mezzano,24,Centre-Back,Inter,"End of loanJun 30, 2002",out,Summer,0,Serie A,2002,2002/2003
FC Internazionale,Hernán Crespo,27,Centre-Forward,Lazio,£32.40m,in,Summer,32.4,Serie A,2002,2002/2003
FC Internazionale,Fabio Cannavaro,28,Centre-Back,AC Parma,£20.70m,in,Summer,20.7,Serie A,2002,2002/2003
FC Internazionale,Francesco Coco,25,Left-Back,Milan,£20.25m,in,Summer,20.25,Serie A,2002,2002/2003
FC Internazionale,Matías Almeyda,28,Defensive Midfield,AC Parma,£19.89m,in,Summer,19.89,Serie A,2002,2002/2003
FC Internazionale,Bernardo Corradi,26,Centre-Forward,Chievo Verona,£3.60m,in,Summer,3.6,Serie A,2002,2002/2003
FC Internazionale,Luca Ceccarelli,19,Centre-Back,Florentia,£2.32m,in,Summer,2.32,Serie A,2002,2002/2003
FC Internazionale,Ümit Davala,28,Right Midfield,Milan,£1.80m,in,Summer,1.8,Serie A,2002,2002/2003
FC Internazionale,Carlos Gamarra,31,Centre-Back,Flamengo,Free transfer,in,Summer,0,Serie A,2002,2002/2003
FC Internazionale,Daniele Adani,27,Centre-Back,Florentia,Free transfer,in,Summer,0,Serie A,2002,2002/2003
FC Internazionale,Alessio Scarpi,29,Goalkeeper,Cagliari Calcio,Free transfer,in,Summer,0,Serie A,2002,2002/2003
FC Internazionale,Domenico Morfeo,26,Attacking Midfield,Florentia,Free transfer,in,Summer,0,Serie A,2002,2002/2003
FC Internazionale,Giuseppe Ticli,23,Left Midfield,Reggiana,?,in,Summer,NA,Serie A,2002,2002/2003
FC Internazionale,Giovanni Pasquale,20,Left-Back,Inter U19,-,in,Summer,0,Serie A,2002,2002/2003
FC Internazionale,Mattia Altobelli,19,Attacking Midfield,Inter U19,-,in,Summer,0,Serie A,2002,2002/2003
FC Internazionale,Obafemi Martins,17,Centre-Forward,Inter U19,-,in,Summer,0,Serie A,2002,2002/2003
FC Internazionale,Alberto Quadri,19,Defensive Midfield,Inter U19,-,in,Summer,0,Serie A,2002,2002/2003
FC Internazionale,Goran Pandev,18,Second Striker,Inter U19,-,in,Summer,0,Serie A,2002,2002/2003
FC Internazionale,Ronaldo,25,Centre-Forward,Real Madrid,£40.50m,out,Summer,40.5,Serie A,2002,2002/2003
FC Internazionale,Clarence Seedorf,26,Central Midfield,Milan,£20.25m,out,Summer,20.25,Serie A,2002,2002/2003
FC Internazionale,Adriano,20,Centre-Forward,AC Parma,£13.05m,out,Summer,13.05,Serie A,2002,2002/2003
FC Internazionale,Bernardo Corradi,26,Centre-Forward,Lazio,£10.80m,out,Summer,10.8,Serie A,2002,2002/2003
FC Internazionale,Dario Simic,26,Right-Back,Milan,£4.50m,out,Summer,4.5,Serie A,2002,2002/2003
FC Internazionale,Grigoris Georgatos,29,Left-Back,AEK Athens,£2.70m,out,Summer,2.7,Serie A,2002,2002/2003
FC Internazionale,Sixto Peralta,23,Central Midfield,Racing Club,£1.80m,out,Summer,1.8,Serie A,2002,2002/2003
FC Internazionale,Ümit Davala,29,Right Midfield,Galatasaray,Loan fee:£450Th.,out,Summer,0.45,Serie A,2002,2002/2003
FC Internazionale,Vratislav Gresko,24,Left-Back,AC Parma,Free transfer,out,Summer,0,Serie A,2002,2002/2003
FC Internazionale,Goran Pandev,19,Second Striker,Spezia,Loan,out,Summer,0,Serie A,2002,2002/2003
FC Internazionale,Pasquale Padalino,29,Centre-Back,Como,Free transfer,out,Summer,0,Serie A,2002,2002/2003
FC Internazionale,Alberto Quadri,19,Defensive Midfield,Spezia,?,out,Summer,NA,Serie A,2002,2002/2003
FC Internazionale,Luca Ceccarelli,19,Centre-Back,AC Venezia 1907,Loan,out,Summer,0,Serie A,2002,2002/2003
FC Internazionale,Alessio Scarpi,29,Goalkeeper,Ancona,?,out,Summer,NA,Serie A,2002,2002/2003
FC Internazionale,Filippo Catenacci,17,Midfielder,Alessandria,?,out,Summer,NA,Serie A,2002,2002/2003
FC Internazionale,Luca Mezzano,24,Centre-Back,Torino,?,out,Summer,NA,Serie A,2002,2002/2003
FC Internazionale,Giuseppe Ticli,23,Left Midfield,Calcio Monza,Loan,out,Summer,0,Serie A,2002,2002/2003
FC Internazionale,Jonatan Binotto,27,Right Winger,Como,Loan,out,Summer,0,Serie A,2002,2002/2003
FC Internazionale,Anselmo Robbiati,32,Left Winger,Ancona,?,out,Summer,NA,Serie A,2002,2002/2003
FC Internazionale,Paolo Ginestra,23,Goalkeeper,Sassuolo,Loan,out,Summer,0,Serie A,2002,2002/2003
FC Internazionale,Drazen Brncic,30,Attacking Midfield,AC Venezia 1907,?,out,Summer,NA,Serie A,2002,2002/2003
Milan AC,Alessandro Nesta,26,Centre-Back,Lazio,£27.90m,in,Summer,27.9,Serie A,2002,2002/2003
Milan AC,Clarence Seedorf,26,Central Midfield,Inter,£20.25m,in,Summer,20.25,Serie A,2002,2002/2003
Milan AC,Martin Laursen,24,Centre-Back,AC Parma,£9.90m,in,Summer,9.9,Serie A,2002,2002/2003
Milan AC,Dario Simic,26,Right-Back,Inter,£4.50m,in,Summer,4.5,Serie A,2002,2002/2003
Milan AC,Samuele Dalla Bona,21,Central Midfield,Chelsea,£1.44m,in,Summer,1.44,Serie A,2002,2002/2003
Milan AC,Jon Dahl Tomasson,25,Centre-Forward,Feyenoord,Free transfer,in,Summer,0,Serie A,2002,2002/2003
Milan AC,Rivaldo,30,Attacking Midfield,FC Barcelona,Free transfer,in,Summer,0,Serie A,2002,2002/2003
Milan AC,Leonardo,33,Attacking Midfield,Flamengo,Free transfer,in,Summer,0,Serie A,2002,2002/2003
Milan AC,Catilina Aubameyang,18,Left Midfield,Milan U19,-,in,Summer,0,Serie A,2002,2002/2003
Milan AC,Francesco Coco,25,Left-Back,Inter,£20.25m,out,Summer,20.25,Serie A,2002,2002/2003
Milan AC,Javi Moreno,27,Centre-Forward,Atlético Madrid,£11.70m,out,Summer,11.7,Serie A,2002,2002/2003
Milan AC,Cosmin Contra,26,Right-Back,Atlético Madrid,£2.70m,out,Summer,2.7,Serie A,2002,2002/2003
Milan AC,Ümit Davala,28,Right Midfield,Inter,£1.80m,out,Summer,1.8,Serie A,2002,2002/2003
Milan AC,Cyril Domoraud,30,Centre-Back,Espanyol,£1.35m,out,Summer,1.35,Serie A,2002,2002/2003
Milan AC,Fabricio Coloccini,20,Centre-Back,Atlético Madrid,Loan fee:£90Th.,out,Summer,0.09,Serie A,2002,2002/2003
Milan AC,Mohamed Sarr,18,Centre-Back,Galatasaray,Loan,out,Summer,0,Serie A,2002,2002/2003
Milan AC,Pablo García,25,Defensive Midfield,CA Osasuna,Free transfer,out,Summer,0,Serie A,2002,2002/2003
Milan AC,José Mari,23,Centre-Forward,Atlético Madrid,Loan,out,Summer,0,Serie A,2002,2002/2003
Milan AC,Maurizio Domizzi,22,Centre-Back,Sampdoria,?,out,Summer,NA,Serie A,2002,2002/2003
Milan AC,Sebastiano Rossi,37,Goalkeeper,Perugia,?,out,Summer,NA,Serie A,2002,2002/2003
Milan AC,Andrea Rabito,22,Right Winger,Sampdoria,?,out,Summer,NA,Serie A,2002,2002/2003
Milan AC,Luca Antonini,19,Left-Back,Ancona,Loan,out,Summer,0,Serie A,2002,2002/2003
Milan AC,Gabriele Aldegani,26,Goalkeeper,AS Livorno,Loan,out,Summer,0,Serie A,2002,2002/2003
Milan AC,Nicola Corrent,22,Central Midfield,Modena,?,out,Summer,NA,Serie A,2002,2002/2003
Milan AC,Massimo Donati,21,Defensive Midfield,AC Parma,Loan,out,Summer,0,Serie A,2002,2002/2003
Milan AC,Marco Donadel,19,Defensive Midfield,Lecce,Loan,out,Summer,0,Serie A,2002,2002/2003
Milan AC,Daniele Daino,22,Right-Back,Ancona,?,out,Summer,NA,Serie A,2002,2002/2003
Milan AC,Mattia Graffiedi,22,Centre-Forward,Ancona,?,out,Summer,NA,Serie A,2002,2002/2003
Milan AC,Aliyu Datti,20,Centre-Forward,Siena,?,out,Summer,NA,Serie A,2002,2002/2003
Milan AC,Demetrio Albertini,30,Defensive Midfield,Atlético Madrid,Loan,out,Summer,0,Serie A,2002,2002/2003
Milan AC,Vitali Kutuzov,22,Centre-Forward,Sporting CP,Loan,out,Summer,0,Serie A,2002,2002/2003
Milan AC,Martin Laursen,24,Centre-Back,AC Parma,"End of loanJun 30, 2002",out,Summer,0,Serie A,2002,2002/2003
Milan AC,Marco Simone,33,Centre-Forward,Monaco,"End of loanJun 30, 2002",out,Summer,0,Serie A,2002,2002/2003
SS Lazio,Bernardo Corradi,26,Centre-Forward,Inter,£10.80m,in,Summer,10.8,Serie A,2002,2002/2003
SS Lazio,Christian Manfredini,27,Left Winger,Chievo Verona,£9.00m,in,Summer,9,Serie A,2002,2002/2003
SS Lazio,Massimo Oddo,26,Right-Back,Hellas Verona,£1.35m,in,Summer,1.35,Serie A,2002,2002/2003
SS Lazio,Enrico Chiesa,31,Centre-Forward,Florentia,Free transfer,in,Summer,0,Serie A,2002,2002/2003
SS Lazio,Juan Pablo Sorín,26,Left-Back,Cruzeiro,Loan,in,Summer,0,Serie A,2002,2002/2003
SS Lazio,Patrizio Pascucci,18,Forward,Lazio U19,-,in,Summer,0,Serie A,2002,2002/2003
SS Lazio,Hernán Crespo,27,Centre-Forward,Inter,£32.40m,out,Summer,32.4,Serie A,2002,2002/2003
SS Lazio,Alessandro Nesta,26,Centre-Back,Milan,£27.90m,out,Summer,27.9,Serie A,2002,2002/2003
SS Lazio,Gaizka Mendieta,28,Right Midfield,FC Barcelona,Loan fee:£1.35m,out,Summer,1.35,Serie A,2002,2002/2003
SS Lazio,Patrizio Pascucci,18,Forward,L'Aquila,Loan,out,Summer,0,Serie A,2002,2002/2003
SS Lazio,Karel Poborsky,30,Right Midfield,Sparta Praha,Free transfer,out,Summer,0,Serie A,2002,2002/2003
SS Lazio,Roberto Baronio,24,Defensive Midfield,Perugia,Loan,out,Summer,0,Serie A,2002,2002/2003
SS Lazio,Gasperino Cinelli,20,Centre-Forward,Racing Aprilia,?,out,Summer,NA,Serie A,2002,2002/2003
SS Lazio,Diego Favazza,19,Goalkeeper,Teramo,?,out,Summer,NA,Serie A,2002,2002/2003
SS Lazio,Felice Evacuo,19,Centre-Forward,Florentia,Loan,out,Summer,0,Serie A,2002,2002/2003
SS Lazio,Alberto Comazzi,23,Centre-Back,Hellas Verona,?,out,Summer,NA,Serie A,2002,2002/2003
SS Lazio,Emanuele Pesaresi,25,Left-Back,Chievo Verona,?,out,Summer,NA,Serie A,2002,2002/2003
AC Parma,Adriano,20,Centre-Forward,Inter,£13.05m,in,Summer,13.05,Serie A,2002,2002/2003
AC Parma,Alberto Gilardino,19,Centre-Forward,Hellas Verona,£10.80m,in,Summer,10.8,Serie A,2002,2002/2003
AC Parma,Adrian Mutu,23,Centre-Forward,Hellas Verona,£9.00m,in,Summer,9,Serie A,2002,2002/2003
AC Parma,Mark Bresciano,22,Central Midfield,FC Empoli,£6.30m,in,Summer,6.3,Serie A,2002,2002/2003
AC Parma,Matteo Brighi,21,Central Midfield,Juventus,£4.50m,in,Summer,4.5,Serie A,2002,2002/2003
AC Parma,Florian Myrtaj,26,Centre-Forward,Teramo,£720Th.,in,Summer,0.72,Serie A,2002,2002/2003
AC Parma,Christian Terlizzi,22,Centre-Back,Teramo,£495Th.,in,Summer,0.495,Serie A,2002,2002/2003
AC Parma,Vratislav Gresko,24,Left-Back,Inter,Free transfer,in,Summer,0,Serie A,2002,2002/2003
AC Parma,Alex Gibbs,18,Centre-Forward,Calcio Monza,?,in,Summer,NA,Serie A,2002,2002/2003
AC Parma,Emanuele Filippini,28,Central Midfield,Brescia,?,in,Summer,NA,Serie A,2002,2002/2003
AC Parma,Massimo Donati,21,Defensive Midfield,Milan,Loan,in,Summer,0,Serie A,2002,2002/2003
AC Parma,Matuzalém,22,Defensive Midfield,Piacenza,?,in,Summer,NA,Serie A,2002,2002/2003
AC Parma,Roberto Massaro,18,Centre-Forward,Florentia,?,in,Summer,NA,Serie A,2002,2002/2003
AC Parma,Daniele Bonera,21,Centre-Back,Brescia,?,in,Summer,NA,Serie A,2002,2002/2003
AC Parma,Sebastiano Siviglia,29,Centre-Back,AS Roma,?,in,Summer,NA,Serie A,2002,2002/2003
AC Parma,Gabriel Oyola,19,Centre-Back,CA Talleres,?,in,Summer,NA,Serie A,2002,2002/2003
AC Parma,Aimo Diana,24,Right Midfield,Brescia,?,in,Summer,NA,Serie A,2002,2002/2003
AC Parma,Francesco Ruopolo,19,Centre-Forward,Parma U19,-,in,Summer,0,Serie A,2002,2002/2003
AC Parma,Fabio Cannavaro,28,Centre-Back,Inter,£20.70m,out,Summer,20.7,Serie A,2002,2002/2003
AC Parma,Matías Almeyda,28,Defensive Midfield,Inter,£19.89m,out,Summer,19.89,Serie A,2002,2002/2003
AC Parma,Marco Di Vaio,26,Centre-Forward,Juventus,£18.90m,out,Summer,18.9,Serie A,2002,2002/2003
AC Parma,Martin Laursen,24,Centre-Back,Milan,£9.90m,out,Summer,9.9,Serie A,2002,2002/2003
AC Parma,Stephen Appiah,21,Defensive Midfield,Brescia,£4.10m,out,Summer,4.1,Serie A,2002,2002/2003
AC Parma,Savo Milosevic,28,Centre-Forward,Espanyol,Loan fee:£2.70m,out,Summer,2.7,Serie A,2002,2002/2003
AC Parma,Martin Djetou,27,Centre-Back,Fulham,Loan,out,Summer,0,Serie A,2002,2002/2003
AC Parma,Néstor Sensini,35,Centre-Back,Udinese,Free transfer,out,Summer,0,Serie A,2002,2002/2003
AC Parma,Johan Micoud,29,Attacking Midfield,Werder Bremen,Free transfer,out,Summer,0,Serie A,2002,2002/2003
AC Parma,Jonathan Bachini,27,Right Midfield,Brescia,?,out,Summer,NA,Serie A,2002,2002/2003
AC Parma,Alain Boghossian,31,Central Midfield,Espanyol,?,out,Summer,NA,Serie A,2002,2002/2003
AC Parma,Gabriele Giaroli,21,Goalkeeper,Sassuolo,?,out,Summer,NA,Serie A,2002,2002/2003
AC Parma,Matuzalém,22,Defensive Midfield,Brescia,?,out,Summer,NA,Serie A,2002,2002/2003
AC Parma,Gianluca Falsini,26,Left-Back,Reggina,?,out,Summer,NA,Serie A,2002,2002/2003
AC Parma,Francesco Ruopolo,19,Centre-Forward,Pro Patria,Loan,out,Summer,0,Serie A,2002,2002/2003
AC Parma,Christian Terlizzi,22,Centre-Back,Cesena,?,out,Summer,NA,Serie A,2002,2002/2003
AC Parma,Florian Myrtaj,26,Centre-Forward,Cesena,?,out,Summer,NA,Serie A,2002,2002/2003
AC Parma,Zlatko Zebic,23,Attacking Midfield,MFK Košice,?,out,Summer,NA,Serie A,2002,2002/2003
AC Parma,Andrea Staffolani,19,Centre-Forward,Vis Pesaro,Loan,out,Summer,0,Serie A,2002,2002/2003
AC Parma,Johnnier Montaño,19,Attacking Midfield,Piacenza,?,out,Summer,NA,Serie A,2002,2002/2003
AC Parma,Paolo Poggi,31,Centre-Forward,AC Venezia 1907,?,out,Summer,NA,Serie A,2002,2002/2003
AC Parma,Gaetano Grieco,19,Centre-Forward,FC Empoli,Loan,out,Summer,0,Serie A,2002,2002/2003
AC Parma,Gianluca De Angelis,21,Centre-Forward,Hellas Verona,?,out,Summer,NA,Serie A,2002,2002/2003
AC Parma,Jorge Bolaño,25,Central Midfield,Sampdoria,Loan,out,Summer,0,Serie A,2002,2002/2003
AC Parma,Giampiero Maini,30,Defensive Midfield,Ancona,?,out,Summer,NA,Serie A,2002,2002/2003
AC Parma,Luigi Sartor,27,Right-Back,AS Roma,?,out,Summer,NA,Serie A,2002,2002/2003
AC Parma,Sergey Gurenko,29,Right-Back,Piacenza,Loan,out,Summer,0,Serie A,2002,2002/2003
AC Parma,Hakan Sükür,31,Centre-Forward,Without Club,-,out,Summer,0,Serie A,2002,2002/2003
AC Parma,Aimo Diana,24,Right Midfield,Brescia,"End of loanJun 30, 2002",out,Summer,0,Serie A,2002,2002/2003
Udinese Calcio,Marek Jankulovski,25,Left-Back,SSC Napoli,£3.15m,in,Summer,3.15,Serie A,2002,2002/2003
Udinese Calcio,Carsten Jancker,27,Centre-Forward,Bayern Munich,£2.25m,in,Summer,2.25,Serie A,2002,2002/2003
Udinese Calcio,Thomas Thorninger,29,Centre-Forward,FC Copenhagen,£900Th.,in,Summer,0.9,Serie A,2002,2002/2003
Udinese Calcio,Néstor Sensini,35,Centre-Back,AC Parma,Free transfer,in,Summer,0,Serie A,2002,2002/2003
Udinese Calcio,Giuseppe Gemiti,21,Left-Back,E. Frankfurt,Free transfer,in,Summer,0,Serie A,2002,2002/2003
Udinese Calcio,Pavel Grznar,23,Left-Back,Viktoria Plzen,?,in,Summer,NA,Serie A,2002,2002/2003
Udinese Calcio,Patrick Beneforti,21,Attacking Midfield,SC Bastia,Loan,in,Summer,0,Serie A,2002,2002/2003
Udinese Calcio,Fabio Rossitto,30,Right Midfield,Florentia,?,in,Summer,NA,Serie A,2002,2002/2003
Udinese Calcio,Felipe,17,Centre-Back,Udinese U19,-,in,Summer,0,Serie A,2002,2002/2003
Udinese Calcio,Sulley Muntari,17,Central Midfield,Udinese U19,-,in,Summer,0,Serie A,2002,2002/2003
Udinese Calcio,Carlos Pavón,28,Centre-Forward,SSC Napoli,Free transfer,out,Summer,0,Serie A,2002,2002/2003
Udinese Calcio,Dimitrios Nalitzis,26,Centre-Forward,AEK Athens,Loan,out,Summer,0,Serie A,2002,2002/2003
Udinese Calcio,David Di Michele,26,Centre-Forward,Reggina,Loan,out,Summer,0,Serie A,2002,2002/2003
Udinese Calcio,Fábio César Montezine,23,Left Midfield,SSC Napoli,?,out,Summer,NA,Serie A,2002,2002/2003
Udinese Calcio,Mauro Esposito,23,Right Winger,Cagliari Calcio,?,out,Summer,NA,Serie A,2002,2002/2003
Udinese Calcio,Ousmane Sanda Sanda,20,Midfielder,Benevento,?,out,Summer,NA,Serie A,2002,2002/2003
Udinese Calcio,Terrence Genaux,18,Centre-Back,Benevento,Loan,out,Summer,0,Serie A,2002,2002/2003
Udinese Calcio,Elijah Louhenapessy,25,Defensive Midfield,Tamai,?,out,Summer,NA,Serie A,2002,2002/2003
Udinese Calcio,Marco Zamboni,24,Centre-Back,Modena,?,out,Summer,NA,Serie A,2002,2002/2003
Udinese Calcio,Zlatan Muslimovic,21,Centre-Forward,Ascoli,Loan,out,Summer,0,Serie A,2002,2002/2003
Udinese Calcio,Mauricio Pineda,26,Left-Back,Cagliari Calcio,Loan,out,Summer,0,Serie A,2002,2002/2003
Udinese Calcio,Winston Parks,20,Centre-Forward,Ascoli,Loan,out,Summer,0,Serie A,2002,2002/2003
Udinese Calcio,Luis Helguera,26,Defensive Midfield,Alavés,?,out,Summer,NA,Serie A,2002,2002/2003
Udinese Calcio,Roberto Sosa,27,Centre-Forward,Boca Juniors,Loan,out,Summer,0,Serie A,2002,2002/2003
Udinese Calcio,Anthony Basso,22,Goalkeeper,Benevento,Loan,out,Summer,0,Serie A,2002,2002/2003
Udinese Calcio,Gennaro Scarlato,25,Centre-Back,Ternana,?,out,Summer,NA,Serie A,2002,2002/2003
Udinese Calcio,Luigi Turci,32,Goalkeeper,Sampdoria,?,out,Summer,NA,Serie A,2002,2002/2003
Udinese Calcio,Régis Genaux,28,Right-Back,Retired,-,out,Summer,0,Serie A,2002,2002/2003
Udinese Calcio,Esteban Lopez,25,Right-Back,Retired,-,out,Summer,0,Serie A,2002,2002/2003
Udinese Calcio,Jorge Cordero,25,Midfielder,Ciudad Murcia,,out,Summer,NA,Serie A,2002,2002/2003
Udinese Calcio,Isaac,22,Left Winger,Ciudad Murcia,"End of loanJun 1, 2002",out,Summer,0,Serie A,2002,2002/2003
Udinese Calcio,Marcos Paulo,25,Central Midfield,Cruzeiro,"End of loanJun 30, 2002",out,Summer,0,Serie A,2002,2002/2003
Chievo Verona,Björn Runström,18,Centre-Forward,Bologna,£450Th.,in,Summer,0.45,Serie A,2002,2002/2003
Chievo Verona,Francesco Magnanelli,17,Defensive Midfield,AS Gubbio,£45Th.,in,Summer,0.045,Serie A,2002,2002/2003
Chievo Verona,Oliver Bierhoff,34,Centre-Forward,Monaco,Free transfer,in,Summer,0,Serie A,2002,2002/2003
Chievo Verona,Daniel Andersson,24,Centre-Back,AC Venezia 1907,Loan,in,Summer,0,Serie A,2002,2002/2003
Chievo Verona,Lilian Nalis,30,Central Midfield,SC Bastia,Free transfer,in,Summer,0,Serie A,2002,2002/2003
Chievo Verona,John Mensah,19,Centre-Back,Genoa,Free transfer,in,Summer,0,Serie A,2002,2002/2003
Chievo Verona,Ivano Della Morte,27,Central Midfield,Vicenza,?,in,Summer,NA,Serie A,2002,2002/2003
Chievo Verona,Emanuele Pesaresi,25,Left-Back,Lazio,?,in,Summer,NA,Serie A,2002,2002/2003
Chievo Verona,Ivone De Franceschi,28,Left Winger,AC Venezia 1907,?,in,Summer,NA,Serie A,2002,2002/2003
Chievo Verona,Mattia Passarini,21,Goalkeeper,Sassuolo,?,in,Summer,NA,Serie A,2002,2002/2003
Chievo Verona,Michael Zago,21,Central Midfield,Trento,?,in,Summer,NA,Serie A,2002,2002/2003
Chievo Verona,Nikola Lazetic,24,Right Winger,Como,Loan,in,Summer,0,Serie A,2002,2002/2003
Chievo Verona,Marcos De Paula,18,Centre-Forward,Chievo U19,-,in,Summer,0,Serie A,2002,2002/2003
Chievo Verona,Giuseppe Aquaro,19,Centre-Back,Chievo U19,-,in,Summer,0,Serie A,2002,2002/2003
Chievo Verona,Jin-ho Lee,17,Centre-Forward,Without Club,-,in,Summer,0,Serie A,2002,2002/2003
Chievo Verona,Christian Manfredini,27,Left Winger,Lazio,£9.00m,out,Summer,9,Serie A,2002,2002/2003
Chievo Verona,Bernardo Corradi,26,Centre-Forward,Inter,£3.60m,out,Summer,3.6,Serie A,2002,2002/2003
Chievo Verona,Stefano Garzon,20,Defensive Midfield,Alessandria,Loan,out,Summer,0,Serie A,2002,2002/2003
Chievo Verona,Cleiton Da Silva Lima,19,Midfielder,Mantova,?,out,Summer,NA,Serie A,2002,2002/2003
Chievo Verona,Diomansy Kamara,21,Right Winger,Modena,?,out,Summer,NA,Serie A,2002,2002/2003
Chievo Verona,Patrice Grillon,22,Defender,Dijon,?,out,Summer,NA,Serie A,2002,2002/2003
Chievo Verona,Ciro De Cesare,30,Second Striker,Como,?,out,Summer,NA,Serie A,2002,2002/2003
Chievo Verona,Alessandro Rinaldi,27,Right-Back,Piacenza,?,out,Summer,NA,Serie A,2002,2002/2003
Chievo Verona,Davide Succi,20,Centre-Forward,Padova,Loan,out,Summer,0,Serie A,2002,2002/2003
Chievo Verona,Francesco Quintavalla,20,Right-Back,Poggese Calcio,?,out,Summer,NA,Serie A,2002,2002/2003
Chievo Verona,Francesco Carbone,22,Right-Back,Siena,Loan,out,Summer,0,Serie A,2002,2002/2003
Chievo Verona,Fabio Firmani,24,Central Midfield,AC Venezia 1907,?,out,Summer,NA,Serie A,2002,2002/2003
Chievo Verona,Giuseppe Aquaro,19,Centre-Back,Foggia,Loan,out,Summer,0,Serie A,2002,2002/2003
Chievo Verona,Simone Barone,24,Central Midfield,AC Parma,"End of loanJun 30, 2002",out,Summer,0,Serie A,2002,2002/2003
Chievo Verona,Massimiliano Esposito,30,Right Midfield,Brescia,"End of loanJun 30, 2002",out,Summer,0,Serie A,2002,2002/2003
AS Roma,Christian Panucci,29,Right-Back,Monaco,£8.83m,in,Summer,8.83,Serie A,2002,2002/2003
AS Roma,Cristian Ranalli,23,Forward,Virtus Lanciano,£225Th.,in,Summer,0.225,Serie A,2002,2002/2003
AS Roma,Pep Guardiola,31,Defensive Midfield,Brescia,Free transfer,in,Summer,0,Serie A,2002,2002/2003
AS Roma,Traianos Dellas,26,Centre-Back,Perugia,Free transfer,in,Summer,0,Serie A,2002,2002/2003
AS Roma,Davide Bombardini,28,Left Midfield,US Palermo,Free transfer,in,Summer,0,Serie A,2002,2002/2003
AS Roma,Luigi Sartor,27,Right-Back,AC Parma,?,in,Summer,NA,Serie A,2002,2002/2003
AS Roma,Daniele De Rossi,18,Defensive Midfield,Roma U19,-,in,Summer,0,Serie A,2002,2002/2003
AS Roma,Alberto Aquilani,17,Central Midfield,Roma U19,-,in,Summer,0,Serie A,2002,2002/2003
AS Roma,Damiano Ferronetti,17,Centre-Back,Roma U19,-,in,Summer,0,Serie A,2002,2002/2003
AS Roma,Cesare Bovo,19,Centre-Back,Roma U19,-,in,Summer,0,Serie A,2002,2002/2003
AS Roma,Christian Scarlato,18,Midfielder,Roma U19,-,in,Summer,0,Serie A,2002,2002/2003
AS Roma,Franco Brienza,23,Attacking Midfield,US Palermo,£4.95m,out,Summer,4.95,Serie A,2002,2002/2003
AS Roma,Sebastián Cejas,27,Goalkeeper,Siena,£180Th.,out,Summer,0.18,Serie A,2002,2002/2003
AS Roma,Antônio Carlos Zago,33,Centre-Back,Besiktas,Free transfer,out,Summer,0,Serie A,2002,2002/2003
AS Roma,Gustavo Vassallo,23,Centre-Forward,CD Alcalá,?,out,Summer,NA,Serie A,2002,2002/2003
AS Roma,Cristian Ranalli,23,Forward,Cagliari Calcio,?,out,Summer,NA,Serie A,2002,2002/2003
AS Roma,Marcos Assunção,25,Central Midfield,Real Betis,?,out,Summer,NA,Serie A,2002,2002/2003
AS Roma,Sebastiano Siviglia,29,Centre-Back,AC Parma,?,out,Summer,NA,Serie A,2002,2002/2003
AS Roma,Cesare Bovo,19,Centre-Back,Lecce,?,out,Summer,NA,Serie A,2002,2002/2003
AS Roma,Giordano Meloni,19,Right Winger,Cesena,?,out,Summer,NA,Serie A,2002,2002/2003
AS Roma,Massimo Bonanni,20,Left Midfield,Panachaiki,Loan,out,Summer,0,Serie A,2002,2002/2003
AS Roma,Daniele De Vezze,22,Central Midfield,Reggiana,Loan,out,Summer,0,Serie A,2002,2002/2003
AS Roma,Christian Scarlato,18,Midfielder,Prato,Loan,out,Summer,0,Serie A,2002,2002/2003
AS Roma,Christian Panucci,29,Right-Back,Monaco,"End of loanJun 30, 2002",out,Summer,0,Serie A,2002,2002/2003
Brescia Calcio,Stephen Appiah,21,Defensive Midfield,AC Parma,£4.10m,in,Summer,4.1,Serie A,2002,2002/2003
Brescia Calcio,Anthony Seric,23,Left-Back,Hellas Verona,Loan,in,Summer,0,Serie A,2002,2002/2003
Brescia Calcio,Matteo Sereni,27,Goalkeeper,Ipswich,Loan,in,Summer,0,Serie A,2002,2002/2003
Brescia Calcio,Davide Micillo,31,Goalkeeper,Cosenza,?,in,Summer,NA,Serie A,2002,2002/2003
Brescia Calcio,Marco Pisano,20,Left-Back,Taranto,?,in,Summer,NA,Serie A,2002,2002/2003
Brescia Calcio,Gilberto Martínez,22,Centre-Back,Saprissa,?,in,Summer,NA,Serie A,2002,2002/2003
Brescia Calcio,Marius Stankevicius,20,Centre-Back,Ekranas,?,in,Summer,NA,Serie A,2002,2002/2003
Brescia Calcio,Jonathan Bachini,27,Right Midfield,AC Parma,?,in,Summer,NA,Serie A,2002,2002/2003
Brescia Calcio,Matuzalém,22,Defensive Midfield,AC Parma,?,in,Summer,NA,Serie A,2002,2002/2003
Brescia Calcio,Víctor Mareco,18,Centre-Back,Brescia U19,-,in,Summer,0,Serie A,2002,2002/2003
Brescia Calcio,Giordano Paganotto,17,Defender,Brescia U19,-,in,Summer,0,Serie A,2002,2002/2003
Brescia Calcio,Sandro Grande,24,Defensive Midfield,Potenza SC,Free transfer,out,Summer,0,Serie A,2002,2002/2003
Brescia Calcio,Pep Guardiola,31,Defensive Midfield,AS Roma,Free transfer,out,Summer,0,Serie A,2002,2002/2003
Brescia Calcio,Federico Agliardi,19,Goalkeeper,Cosenza,Loan,out,Summer,0,Serie A,2002,2002/2003
Brescia Calcio,Mauro Bacchin,32,Goalkeeper,Nocerina,?,out,Summer,NA,Serie A,2002,2002/2003
Brescia Calcio,Andrés Yllana,28,Central Midfield,Hellas Verona,Loan,out,Summer,0,Serie A,2002,2002/2003
Brescia Calcio,Ermanno Leoni,21,Midfielder,Sassuolo,?,out,Summer,NA,Serie A,2002,2002/2003
Brescia Calcio,Aimo Diana,24,Right Midfield,AC Parma,?,out,Summer,NA,Serie A,2002,2002/2003
Brescia Calcio,Angelo Danotti,22,Left-Back,Acireale,?,out,Summer,NA,Serie A,2002,2002/2003
Brescia Calcio,Stefano Brognoli,19,Central Midfield,Varese,?,out,Summer,NA,Serie A,2002,2002/2003
Brescia Calcio,Matteo Tacchini,21,Midfielder,Sassuolo,?,out,Summer,NA,Serie A,2002,2002/2003
Brescia Calcio,Andrea Sussi,28,Left-Back,Ternana,?,out,Summer,NA,Serie A,2002,2002/2003
Brescia Calcio,Stefano Tignonsini,20,Centre-Back,Palazzolo,?,out,Summer,NA,Serie A,2002,2002/2003
Brescia Calcio,Alessandro Calori,35,Centre-Back,AC Venezia 1907,?,out,Summer,NA,Serie A,2002,2002/2003
Brescia Calcio,Raúl González,26,Forward,FC Crotone,Loan,out,Summer,0,Serie A,2002,2002/2003
Brescia Calcio,Amedeo Mangone,33,Left-Back,Piacenza,?,out,Summer,NA,Serie A,2002,2002/2003
Brescia Calcio,Emanuele Filippini,28,Central Midfield,AC Parma,?,out,Summer,NA,Serie A,2002,2002/2003
Brescia Calcio,Cyril Gona,17,Defensive Midfield,Perugia,Loan,out,Summer,0,Serie A,2002,2002/2003
Brescia Calcio,Andrea Caracciolo,20,Centre-Forward,Perugia,Loan,out,Summer,0,Serie A,2002,2002/2003
Brescia Calcio,Luca Castellazzi,26,Goalkeeper,Reggina,Loan,out,Summer,0,Serie A,2002,2002/2003
Brescia Calcio,Daniele Bonera,21,Centre-Back,AC Parma,?,out,Summer,NA,Serie A,2002,2002/2003
Brescia Calcio,Jonathan Bachini,27,Right Midfield,AC Parma,"End of loanJun 30, 2002",out,Summer,0,Serie A,2002,2002/2003
Brescia Calcio,Jonatan Binotto,27,Right Winger,Inter,"End of loanJun 30, 2002",out,Summer,0,Serie A,2002,2002/2003
AC Perugia,Konstantinos Louboutis,23,Left-Back,Aris Saloniki,Free transfer,in,Summer,0,Serie A,2002,2002/2003
AC Perugia,Tiago Calvano,21,Centre-Back,Botafogo,?,in,Summer,NA,Serie A,2002,2002/2003
AC Perugia,Emanuele Berrettoni,21,Second Striker,Lazio U19,?,in,Summer,NA,Serie A,2002,2002/2003
AC Perugia,William Viali,27,Centre-Back,US Palermo,Loan,in,Summer,0,Serie A,2002,2002/2003
AC Perugia,Roberto Baronio,24,Defensive Midfield,Lazio,Loan,in,Summer,0,Serie A,2002,2002/2003
AC Perugia,Manuele Blasi,21,Central Midfield,Juventus,Loan,in,Summer,0,Serie A,2002,2002/2003
AC Perugia,Paolo Zaccagnini,25,Right Midfield,Chieti,?,in,Summer,NA,Serie A,2002,2002/2003
AC Perugia,Lorenzo Crocetti,18,Centre-Forward,Fiorentina U19,?,in,Summer,NA,Serie A,2002,2002/2003
AC Perugia,Giovanni Sulcis,27,Midfielder,Cagliari Calcio,?,in,Summer,NA,Serie A,2002,2002/2003
AC Perugia,Sebastiano Rossi,37,Goalkeeper,Milan,?,in,Summer,NA,Serie A,2002,2002/2003
AC Perugia,Fabrizio Miccoli,23,Centre-Forward,Juventus,Loan,in,Summer,0,Serie A,2002,2002/2003
AC Perugia,Antonio Criniti,31,Forward,Sambenedettese,?,in,Summer,NA,Serie A,2002,2002/2003
AC Perugia,Luigi Pagliuca,22,Right Winger,Prato,?,in,Summer,NA,Serie A,2002,2002/2003
AC Perugia,Giuseppe Aprea,25,Goalkeeper,Virtus Lanciano,?,in,Summer,NA,Serie A,2002,2002/2003
AC Perugia,Cyril Gona,17,Defensive Midfield,Brescia,Loan,in,Summer,0,Serie A,2002,2002/2003
AC Perugia,Andrea Caracciolo,20,Centre-Forward,Brescia,Loan,in,Summer,0,Serie A,2002,2002/2003
AC Perugia,Zeljko Kalac,29,Goalkeeper,Roda JC,?,in,Summer,NA,Serie A,2002,2002/2003
AC Perugia,Nicola Amoruso,27,Centre-Forward,Juventus,?,in,Summer,NA,Serie A,2002,2002/2003
AC Perugia,Daniele Cacciaglia,20,Central Midfield,Perugia U19,-,in,Summer,0,Serie A,2002,2002/2003
AC Perugia,Manuele Blasi,21,Central Midfield,Juventus,£15.93m,out,Summer,15.93,Serie A,2002,2002/2003
AC Perugia,Traianos Dellas,26,Centre-Back,AS Roma,Free transfer,out,Summer,0,Serie A,2002,2002/2003
AC Perugia,Giovanni Proietti,25,Goalkeeper,Arezzo,Free transfer,out,Summer,0,Serie A,2002,2002/2003
AC Perugia,Andrea Mazzantini,33,Goalkeeper,Siena,Free transfer,out,Summer,0,Serie A,2002,2002/2003
AC Perugia,Juan Turchi,26,Centre-Forward,Sambenedettese,Loan,out,Summer,0,Serie A,2002,2002/2003
AC Perugia,Daniele Cacciaglia,20,Central Midfield,Sora,Loan,out,Summer,0,Serie A,2002,2002/2003
AC Perugia,Fabian Michel jean Jacquemin,21,Midfielder,Fermana,?,out,Summer,NA,Serie A,2002,2002/2003
AC Perugia,Hilário Leal,28,Right-Back,Maia,?,out,Summer,NA,Serie A,2002,2002/2003
AC Perugia,Andrea Soncin,18,Centre-Back,Torino,?,out,Summer,NA,Serie A,2002,2002/2003
AC Perugia,Gianluca Petrachi,33,Midfielder,Taranto,?,out,Summer,NA,Serie A,2002,2002/2003
AC Perugia,Denis André Dasoul,18,Right-Back,KRC Genk,?,out,Summer,NA,Serie A,2002,2002/2003
AC Perugia,Nicolás Cinalli,22,Goalkeeper,Varese,?,out,Summer,NA,Serie A,2002,2002/2003
AC Perugia,Gennaro Delvecchio,24,Central Midfield,Sambenedettese,Loan,out,Summer,0,Serie A,2002,2002/2003
AC Perugia,Fabián O'Neill,28,Attacking Midfield,Cagliari Calcio,?,out,Summer,NA,Serie A,2002,2002/2003
AC Perugia,Davide Baiocco,27,Defensive Midfield,Juventus,?,out,Summer,NA,Serie A,2002,2002/2003
AC Perugia,Salvatore Monaco,29,Centre-Back,Catania,?,out,Summer,NA,Serie A,2002,2002/2003
AC Perugia,Fabio Gatti,20,Defensive Midfield,Catania,Loan,out,Summer,0,Serie A,2002,2002/2003
AC Perugia,Nicolás Córdova,23,Central Midfield,Bari,?,out,Summer,NA,Serie A,2002,2002/2003
AC Perugia,Óscar Córdoba,32,Goalkeeper,Boca Juniors,"End of loanJun 30, 2002",out,Summer,0,Serie A,2002,2002/2003
AC Perugia,Fabio Bazzani,25,Centre-Forward,AC Venezia 1907,"End of loanJun 30, 2002",out,Summer,0,Serie A,2002,2002/2003
AC Perugia,Ali Samereh,24,Centre-Forward,Esteghlal FC,"End of loanJun 1, 2002",out,Summer,0,Serie A,2002,2002/2003
AC Perugia,Roberto Goretti,26,Defensive Midfield,Bologna,"End of loanJun 30, 2002",out,Summer,0,Serie A,2002,2002/2003
AC Perugia,Daniele Daino,22,Right-Back,Milan,"End of loanJun 30, 2002",out,Summer,0,Serie A,2002,2002/2003
AC Perugia,Jung-hwan Ahn,26,Second Striker,Busan i.cons,"End of loanJun 30, 2002",out,Summer,0,Serie A,2002,2002/2003
Bologna FC 1909,Paolo Vanoli,30,Left-Back,Florentia,Free transfer,in,Summer,0,Serie A,2002,2002/2003
Bologna FC 1909,Marco Zanchi,25,Centre-Back,Juventus,?,in,Summer,NA,Serie A,2002,2002/2003
Bologna FC 1909,Andrea Ardito,25,Defensive Midfield,Como,?,in,Summer,NA,Serie A,2002,2002/2003
Bologna FC 1909,Alessandro Frara,19,Defensive Midfield,Juventus,Loan,in,Summer,0,Serie A,2002,2002/2003
Bologna FC 1909,Christian Amoroso,25,Central Midfield,Florentia,?,in,Summer,NA,Serie A,2002,2002/2003
Bologna FC 1909,Andrea Pansera,22,Goalkeeper,UC AlbinoLeffe,?,in,Summer,NA,Serie A,2002,2002/2003
Bologna FC 1909,Leonardo Colucci,29,Central Midfield,Hellas Verona,?,in,Summer,NA,Serie A,2002,2002/2003
Bologna FC 1909,Michele Paramatti,34,Left-Back,Juventus,?,in,Summer,NA,Serie A,2002,2002/2003
Bologna FC 1909,Claudio Terzi,18,Centre-Back,Bologna U19,-,in,Summer,0,Serie A,2002,2002/2003
Bologna FC 1909,Mourad Meghni,18,Attacking Midfield,Bologna U19,-,in,Summer,0,Serie A,2002,2002/2003
Bologna FC 1909,Björn Runström,18,Centre-Forward,Chievo Verona,£450Th.,out,Summer,0.45,Serie A,2002,2002/2003
Bologna FC 1909,Pierre Womé,23,Left-Back,Fulham,Loan,out,Summer,0,Serie A,2002,2002/2003
Bologna FC 1909,Lamberto Zauli,30,Attacking Midfield,US Palermo,?,out,Summer,NA,Serie A,2002,2002/2003
Bologna FC 1909,Fabio Pecchia,28,Right Midfield,Como,Loan,out,Summer,0,Serie A,2002,2002/2003
Bologna FC 1909,Alessandro Gamberini,20,Centre-Back,Hellas Verona,Loan,out,Summer,0,Serie A,2002,2002/2003
Bologna FC 1909,Salvatore Fresi,29,Centre-Back,Juventus,?,out,Summer,NA,Serie A,2002,2002/2003
Bologna FC 1909,Gennaro Fragiello,18,Centre-Forward,Fanfulla,Loan,out,Summer,0,Serie A,2002,2002/2003
Bologna FC 1909,Massimo Tarantino,31,Left-Back,Como,?,out,Summer,NA,Serie A,2002,2002/2003
Bologna FC 1909,Matteo Brighi,21,Central Midfield,Juventus,"End of loanJun 30, 2002",out,Summer,0,Serie A,2002,2002/2003
Bologna FC 1909,Fabio Firmani,24,Central Midfield,Chievo Verona,"End of loanJun 30, 2002",out,Summer,0,Serie A,2002,2002/2003
FC Empoli,Amauri,22,Centre-Forward,Piacenza,£135Th.,in,Summer,0.135,Serie A,2002,2002/2003
FC Empoli,David Bret,18,Goalkeeper,Montpellier,?,in,Summer,NA,Serie A,2002,2002/2003
FC Empoli,Stefano Lucchini,21,Centre-Back,Ternana,?,in,Summer,NA,Serie A,2002,2002/2003
FC Empoli,Mario Cassano,18,Goalkeeper,Florentia,?,in,Summer,NA,Serie A,2002,2002/2003
FC Empoli,Luca Saudati,23,Centre-Forward,Atalanta,Loan,in,Summer,0,Serie A,2002,2002/2003
FC Empoli,Ighli Vannucchi,24,Attacking Midfield,AC Venezia 1907,?,in,Summer,NA,Serie A,2002,2002/2003
FC Empoli,Antonio Buscè,26,Right Midfield,Lumezzane,?,in,Summer,NA,Serie A,2002,2002/2003
FC Empoli,Gaetano Grieco,19,Centre-Forward,AC Parma,Loan,in,Summer,0,Serie A,2002,2002/2003
FC Empoli,Alessandro Agostini,22,Left-Back,Florentia,?,in,Summer,NA,Serie A,2002,2002/2003
FC Empoli,Frank Lagana,17,Central Midfield,A.I.S.,?,in,Summer,NA,Serie A,2002,2002/2003
FC Empoli,Francesco Lodi,18,Defensive Midfield,Empoli U19,-,in,Summer,0,Serie A,2002,2002/2003
FC Empoli,Christian Paoletti,17,Goalkeeper,Empoli U19,-,in,Summer,0,Serie A,2002,2002/2003
FC Empoli,Massimo Maccarone,22,Centre-Forward,Middlesbrough,£11.14m,out,Summer,11.14,Serie A,2002,2002/2003
FC Empoli,Mark Bresciano,22,Central Midfield,AC Parma,£6.30m,out,Summer,6.3,Serie A,2002,2002/2003
FC Empoli,Davide Matteini,20,Left Winger,Pro Patria,Loan,out,Summer,0,Serie A,2002,2002/2003
FC Empoli,Amauri,22,Centre-Forward,Messina Peloro,Loan fee:£14Th.,out,Summer,0.014,Serie A,2002,2002/2003
FC Empoli,Ibrahim Abdul Razak,19,Attacking Midfield,Saint-Étienne,Loan,out,Summer,0,Serie A,2002,2002/2003
FC Empoli,Pietro Fusco,30,Defender,Catania,?,out,Summer,NA,Serie A,2002,2002/2003
FC Empoli,Riccardo Bonetto,23,Left-Back,Ascoli,?,out,Summer,NA,Serie A,2002,2002/2003
FC Empoli,Claudio Coralli,19,Centre-Forward,SS Tivoli 1919,Loan,out,Summer,0,Serie A,2002,2002/2003
FC Empoli,Davide Moro,20,Central Midfield,Sangiovannese,?,out,Summer,NA,Serie A,2002,2002/2003
FC Empoli,Salvatore Mastronunzio,22,Centre-Forward,Fermana,?,out,Summer,NA,Serie A,2002,2002/2003
FC Empoli,Filippo Zacchei,21,Right Winger,Sambenedettese,?,out,Summer,NA,Serie A,2002,2002/2003
FC Empoli,Federico Mazzei,18,Goalkeeper,Grosseto,?,out,Summer,NA,Serie A,2002,2002/2003
FC Empoli,Antonio Schetter,20,Right Winger,Viribus Somma,?,out,Summer,NA,Serie A,2002,2002/2003
Modena FC,Giuseppe Sculli,21,Left Winger,Juventus,Loan fee:£360Th.,in,Summer,0.36,Serie A,2002,2002/2003
Modena FC,Alessandro Zamperini,19,Centre-Back,Portsmouth,Free transfer,in,Summer,0,Serie A,2002,2002/2003
Modena FC,Nicola Campedelli,23,Right Midfield,Salernitana,?,in,Summer,NA,Serie A,2002,2002/2003
Modena FC,Simone Pavan,28,Centre-Back,AC Venezia 1907,?,in,Summer,NA,Serie A,2002,2002/2003
Modena FC,Marcello Albino,30,Left Winger,Ancona,?,in,Summer,NA,Serie A,2002,2002/2003
Modena FC,Nicola Corrent,22,Central Midfield,Milan,?,in,Summer,NA,Serie A,2002,2002/2003
Modena FC,Alessio Sestu,18,Right Winger,Lazio U19,?,in,Summer,NA,Serie A,2002,2002/2003
Modena FC,Sofiane Zaaboub,19,Left Midfield,Saint-Étienne,?,in,Summer,NA,Serie A,2002,2002/2003
Modena FC,Marco Zamboni,24,Centre-Back,Udinese,?,in,Summer,NA,Serie A,2002,2002/2003
Modena FC,Diomansy Kamara,21,Right Winger,Chievo Verona,?,in,Summer,NA,Serie A,2002,2002/2003
Modena FC,Matteo Pivotto,27,Right-Back,US Palermo,?,in,Summer,NA,Serie A,2002,2002/2003
Modena FC,Andrea Sentimenti,17,Goalkeeper,Modena U19,-,in,Summer,0,Serie A,2002,2002/2003
Modena FC,Enrico Po,17,Midfielder,Modena U19,-,in,Summer,0,Serie A,2002,2002/2003
Modena FC,Amadou Sanokho,22,Defensive Midfield,AC Firenze Rondinella,Free transfer,out,Summer,0,Serie A,2002,2002/2003
Modena FC,Giovanni Orfei,26,Centre-Back,AC Venezia 1907,?,out,Summer,NA,Serie A,2002,2002/2003
Modena FC,Rubens Pasino,30,Attacking Midfield,SSC Napoli,?,out,Summer,NA,Serie A,2002,2002/2003
Modena FC,Enrico Fantini,26,Centre-Forward,AC Venezia 1907,?,out,Summer,NA,Serie A,2002,2002/2003
Modena FC,Emiliano Tarana,23,Right Winger,Ancona,?,out,Summer,NA,Serie A,2002,2002/2003
Modena FC,Vito Grieco,31,Centre-Back,Catania,?,out,Summer,NA,Serie A,2002,2002/2003
Modena FC,Marco Veronese,26,Centre-Forward,Vicenza,?,out,Summer,NA,Serie A,2002,2002/2003
Modena FC,Mauro Zironelli,32,Midfielder,AC Thiene,?,out,Summer,NA,Serie A,2002,2002/2003
Modena FC,Diomansy Kamara,21,Right Winger,Chievo Verona,"End of loanJun 30, 2002",out,Summer,0,Serie A,2002,2002/2003
Modena FC,Maurizio Domizzi,22,Centre-Back,Milan,"End of loanJun 30, 2002",out,Summer,0,Serie A,2002,2002/2003
Modena FC,Andrea Rabito,22,Right Winger,Milan,"End of loanJun 30, 2002",out,Summer,0,Serie A,2002,2002/2003
Reggina Calcio,Carlos Paredes,25,Defensive Midfield,FC Porto,£4.32m,in,Summer,4.32,Serie A,2002,2002/2003
Reggina Calcio,Shunsuke Nakamura,24,Attacking Midfield,Yokohama F. M.,£1.80m,in,Summer,1.8,Serie A,2002,2002/2003
Reggina Calcio,Massimo Rastelli,33,Right Winger,SSC Napoli,?,in,Summer,NA,Serie A,2002,2002/2003
Reggina Calcio,David Di Michele,26,Centre-Forward,Udinese,Loan,in,Summer,0,Serie A,2002,2002/2003
Reggina Calcio,Luca Castellazzi,26,Goalkeeper,Brescia,Loan,in,Summer,0,Serie A,2002,2002/2003
Reggina Calcio,Roberto Cardinale,21,Centre-Back,Salernitana,Loan,in,Summer,0,Serie A,2002,2002/2003
Reggina Calcio,Riccardo Alderuccio,18,Defender,Unknown,?,in,Summer,NA,Serie A,2002,2002/2003
Reggina Calcio,Roberto Mafucci,17,Forward,Unknown,?,in,Summer,NA,Serie A,2002,2002/2003
Reggina Calcio,Julio de León,22,Attacking Midfield,Celano,?,in,Summer,NA,Serie A,2002,2002/2003
Reggina Calcio,Nassim Mendil,23,Centre-Forward,Cosenza,?,in,Summer,NA,Serie A,2002,2002/2003
Reggina Calcio,Gianluca Falsini,26,Left-Back,AC Parma,?,in,Summer,NA,Serie A,2002,2002/2003
Reggina Calcio,Mario La Canna,24,Right Winger,SPAL,Free transfer,out,Summer,0,Serie A,2002,2002/2003
Reggina Calcio,Antonio Giosa,18,Centre-Back,Cittadella,?,out,Summer,NA,Serie A,2002,2002/2003
Reggina Calcio,Graziano Ursino,19,Defender,Ragusa,?,out,Summer,NA,Serie A,2002,2002/2003
Reggina Calcio,Arnauld Mercier,30,Centre-Back,Valenciennes FC,?,out,Summer,NA,Serie A,2002,2002/2003
Reggina Calcio,Salvatore Vicari,21,Right Midfield,Messina Peloro,?,out,Summer,NA,Serie A,2002,2002/2003
Reggina Calcio,Stefano Casale,31,Right Midfield,Cosenza,?,out,Summer,NA,Serie A,2002,2002/2003
Reggina Calcio,Maurizio Franzone,33,Goalkeeper,Piacenza,?,out,Summer,NA,Serie A,2002,2002/2003
Reggina Calcio,Davide Dionigi,28,Centre-Forward,SSC Napoli,?,out,Summer,NA,Serie A,2002,2002/2003
Reggina Calcio,Salvatore Ricca,18,Centre-Back,Fermana,?,out,Summer,NA,Serie A,2002,2002/2003
Reggina Calcio,Stefano Dall'Acqua,20,Centre-Forward,Cittadella,Loan,out,Summer,0,Serie A,2002,2002/2003
Reggina Calcio,Nicola Carlo Pagani,24,Centre-Back,Cosenza,Loan,out,Summer,0,Serie A,2002,2002/2003
Reggina Calcio,Alessandro Zoppetti,23,Centre-Back,Lecce,?,out,Summer,NA,Serie A,2002,2002/2003
Reggina Calcio,Nassim Mendil,23,Centre-Forward,Catania,Loan,out,Summer,0,Serie A,2002,2002/2003
Reggina Calcio,Francesco Cester,21,Forward,Unknown,-,out,Summer,0,Serie A,2002,2002/2003
Reggina Calcio,Francesco Baldini,28,Centre-Back,SSC Napoli,"End of loanJun 30, 2002",out,Summer,0,Serie A,2002,2002/2003
Reggina Calcio,Damián Álvarez,24,Left Winger,River Plate,"End of loanJun 30, 2002",out,Summer,0,Serie A,2002,2002/2003
Piacenza FC,Marco Marchionni,22,Right Midfield,AC Parma,Loan,in,Winter,0,Serie A,2002,2002/2003
Piacenza FC,Claudio Ferrarese,24,Right Winger,SSC Napoli,?,in,Winter,NA,Serie A,2002,2002/2003
Piacenza FC,Davide Baiocco,27,Defensive Midfield,Juventus,Loan,in,Winter,0,Serie A,2002,2002/2003
Piacenza FC,Ciro De Cesare,31,Second Striker,Como,?,in,Winter,NA,Serie A,2002,2002/2003
Piacenza FC,Sandro Cois,30,Defensive Midfield,Sampdoria,Loan,in,Winter,0,Serie A,2002,2002/2003
Piacenza FC,Nicola Caccia,32,Centre-Forward,Como,Free transfer,out,Winter,0,Serie A,2002,2002/2003
Piacenza FC,Paolo Tramezzani,32,Left-Back,Atalanta,?,out,Winter,NA,Serie A,2002,2002/2003
Piacenza FC,Giuseppe Cardone,28,Right-Back,AC Parma,?,out,Winter,NA,Serie A,2002,2002/2003
Piacenza FC,Salvatore Miceli,28,Defensive Midfield,Sampdoria,Loan,out,Winter,0,Serie A,2002,2002/2003
Piacenza FC,Marco Stella,21,Midfielder,Ascoli,Loan,out,Winter,0,Serie A,2002,2002/2003
Piacenza FC,Dario Marcolin,31,Defensive Midfield,SSC Napoli,?,out,Winter,NA,Serie A,2002,2002/2003
Piacenza FC,Daniele Cacia,19,Centre-Forward,SPAL,Loan,out,Winter,0,Serie A,2002,2002/2003
Piacenza FC,Johnnier Montaño,19,Attacking Midfield,AC Parma,?,out,Winter,NA,Serie A,2002,2002/2003
Como Calcio,Nicola Caccia,32,Centre-Forward,Piacenza,Free transfer,in,Winter,0,Serie A,2002,2002/2003
Como Calcio,Nicola Amoruso,28,Centre-Forward,Perugia,?,in,Winter,NA,Serie A,2002,2002/2003
Como Calcio,Denis Godeas,27,Centre-Forward,Messina Peloro,?,in,Winter,NA,Serie A,2002,2002/2003
Como Calcio,Luca Belingheri,19,Attacking Midfield,Siena,?,in,Winter,NA,Serie A,2002,2002/2003
Como Calcio,Anderson,19,Left-Back,Pordenone,?,in,Winter,NA,Serie A,2002,2002/2003
Como Calcio,Luigi Anaclerio,21,Forward,Bari,?,in,Winter,NA,Serie A,2002,2002/2003
Como Calcio,Daniel Fonseca,33,Centre-Forward,Nacional,?,in,Winter,NA,Serie A,2002,2002/2003
Como Calcio,Sasa Bjelanovic,23,Centre-Forward,Chievo Verona,?,out,Winter,NA,Serie A,2002,2002/2003
Como Calcio,Oscar Brevi,35,Centre-Back,US Palermo,?,out,Winter,NA,Serie A,2002,2002/2003
Como Calcio,Denis Godeas,27,Centre-Forward,Bari,?,out,Winter,NA,Serie A,2002,2002/2003
Como Calcio,Jean-Paul van Gastel,30,Centre-Back,De Graafschap,?,out,Winter,NA,Serie A,2002,2002/2003
Como Calcio,Ciro De Cesare,31,Second Striker,Piacenza,?,out,Winter,NA,Serie A,2002,2002/2003
Atalanta BC,Davor Vugrinec,27,Centre-Forward,Lecce,?,in,Winter,NA,Serie A,2002,2002/2003
Atalanta BC,Paolo Tramezzani,32,Left-Back,Piacenza,?,in,Winter,NA,Serie A,2002,2002/2003
Atalanta BC,Natale Gonnella,26,Centre-Back,Hellas Verona,?,in,Winter,NA,Serie A,2002,2002/2003
Atalanta BC,Vinicio Espinal,20,Right Midfield,Taranto,Free transfer,out,Winter,0,Serie A,2002,2002/2003
Atalanta BC,Apostolos Liolidis,25,Right Winger,Alzano Virescit,Loan,out,Winter,0,Serie A,2002,2002/2003
Atalanta BC,Mauro Minelli,21,Centre-Back,Hellas Verona,Loan,out,Winter,0,Serie A,2002,2002/2003
Atalanta BC,Yuri Breviario,19,Central Midfield,Prato,?,out,Winter,NA,Serie A,2002,2002/2003
Atalanta BC,Fabiano Medina,20,Centre-Back,Alzano Virescit,?,out,Winter,NA,Serie A,2002,2002/2003
Atalanta BC,Danilo Zini,24,Centre-Back,Ascoli,?,out,Winter,NA,Serie A,2002,2002/2003
Atalanta BC,Federico Pettinà,20,Midfielder,Fermana,Loan,out,Winter,0,Serie A,2002,2002/2003
Juventus FC,Mattia Cassani,19,Right-Back,Sampdoria,Loan,out,Winter,0,Serie A,2002,2002/2003
Juventus FC,Emiliano Moretti,21,Centre-Back,Modena,Loan,out,Winter,0,Serie A,2002,2002/2003
Juventus FC,Davide Baiocco,27,Defensive Midfield,Piacenza,Loan,out,Winter,0,Serie A,2002,2002/2003
Juventus FC,Francesco Scardina,21,Centre-Back,L'Aquila,Loan,out,Winter,0,Serie A,2002,2002/2003
Juventus FC,Aboubacar Fofana,20,Left Midfield,Sora,Loan,out,Winter,0,Serie A,2002,2002/2003
Juventus FC,Marco Rigoni,23,Central Midfield,Triestina,?,out,Winter,NA,Serie A,2002,2002/2003
Torino Calcio,Carlos Marinelli,20,Attacking Midfield,Middlesbrough,Loan,in,Winter,0,Serie A,2002,2002/2003
Torino Calcio,Massimo Donati,21,Defensive Midfield,Milan,Loan,in,Winter,0,Serie A,2002,2002/2003
Torino Calcio,Alexander Manninger,25,Goalkeeper,Without Club,-,in,Winter,0,Serie A,2002,2002/2003
Torino Calcio,Franco Semioli,22,Right Winger,Vicenza,Loan,out,Winter,0,Serie A,2002,2002/2003
Torino Calcio,Fabio Quagliarella,19,Centre-Forward,Chieti,Loan,out,Winter,0,Serie A,2002,2002/2003
Torino Calcio,Andrea Soncin,19,Centre-Back,Vis Pesaro,?,out,Winter,NA,Serie A,2002,2002/2003
Torino Calcio,Fabio Giordano,19,Defensive Midfield,AC Pisa,Loan,out,Winter,0,Serie A,2002,2002/2003
FC Internazionale,Gabriel Batistuta,33,Centre-Forward,AS Roma,Loan,in,Winter,0,Serie A,2002,2002/2003
FC Internazionale,Alberto Quadri,19,Defensive Midfield,Spezia,?,in,Winter,NA,Serie A,2002,2002/2003
FC Internazionale,Francisco Farinós,24,Defensive Midfield,Villarreal,Loan fee:£675Th.,out,Winter,0.675,Serie A,2002,2002/2003
FC Internazionale,Luca Ceccarelli,19,Centre-Back,Fermana,Loan,out,Winter,0,Serie A,2002,2002/2003
FC Internazionale,Antonio Pacheco,26,Second Striker,Peñarol,Loan,out,Winter,0,Serie A,2002,2002/2003
FC Internazionale,Alberto Quadri,19,Defensive Midfield,Mantova,Loan,out,Winter,0,Serie A,2002,2002/2003
Milan AC,Leonardo,33,Attacking Midfield,Flamengo,Free transfer,in,Winter,0,Serie A,2002,2002/2003
Milan AC,Marco Borriello,20,Centre-Forward,FC Empoli,Loan,out,Winter,0,Serie A,2002,2002/2003
Milan AC,Massimo Donati,21,Defensive Midfield,Torino,Loan,out,Winter,0,Serie A,2002,2002/2003
Milan AC,Mohamed Sarr,19,Centre-Back,Ancona,Loan,out,Winter,0,Serie A,2002,2002/2003
Milan AC,Leonardo,33,Attacking Midfield,Retired,-,out,Winter,0,Serie A,2002,2002/2003
SS Lazio,Iván De La Peña,26,Attacking Midfield,Espanyol,?,out,Winter,NA,Serie A,2002,2002/2003
SS Lazio,Christian Manfredini,27,Left Winger,CA Osasuna,Loan,out,Winter,0,Serie A,2002,2002/2003
AC Parma,Alessandro Pierini,29,Centre-Back,Reggina,?,in,Winter,NA,Serie A,2002,2002/2003
AC Parma,Giuseppe Cardone,28,Right-Back,Piacenza,?,in,Winter,NA,Serie A,2002,2002/2003
AC Parma,Johnnier Montaño,19,Attacking Midfield,Piacenza,?,in,Winter,NA,Serie A,2002,2002/2003
AC Parma,Alessandro Rosina,18,Right Winger,Parma U19,-,in,Winter,0,Serie A,2002,2002/2003
AC Parma,Emiliano Bonazzoli,23,Centre-Forward,Reggina,£4.05m,out,Winter,4.05,Serie A,2002,2002/2003
AC Parma,Vratislav Gresko,25,Left-Back,Blackburn,Loan,out,Winter,0,Serie A,2002,2002/2003
AC Parma,Aimo Diana,24,Right Midfield,Reggina,?,out,Winter,NA,Serie A,2002,2002/2003
AC Parma,Marco Marchionni,22,Right Midfield,Piacenza,Loan,out,Winter,0,Serie A,2002,2002/2003
Udinese Calcio,Winston Parks,21,Centre-Forward,Loko Moscow,£1.62m,out,Winter,1.62,Serie A,2002,2002/2003
Udinese Calcio,Vito Raimondi,19,Attacking Midfield,SV Darmstadt 98,Free transfer,out,Winter,0,Serie A,2002,2002/2003
Udinese Calcio,Mohammed Gargo,27,Centre-Back,AC Venezia 1907,Loan,out,Winter,0,Serie A,2002,2002/2003
Udinese Calcio,Gonzalo Martínez,27,Right-Back,Reggina,?,out,Winter,NA,Serie A,2002,2002/2003
Udinese Calcio,Roberto Sosa,27,Centre-Forward,Gimnasia,Loan,out,Winter,0,Serie A,2002,2002/2003
Udinese Calcio,Maurizio Bedin,23,Central Midfield,Cosenza,?,out,Winter,NA,Serie A,2002,2002/2003
Chievo Verona,Gianluca Grassadonia,30,Centre-Back,Cagliari Calcio,Free transfer,in,Winter,0,Serie A,2002,2002/2003
Chievo Verona,Fredrik Risp,22,Centre-Back,IFK Göteborg,Loan,in,Winter,0,Serie A,2002,2002/2003
Chievo Verona,Sasa Bjelanovic,23,Centre-Forward,Como,?,in,Winter,NA,Serie A,2002,2002/2003
Chievo Verona,Massimo Marazzina,28,Centre-Forward,AS Roma,Loan,out,Winter,0,Serie A,2002,2002/2003
Chievo Verona,Maurizio D'Angelo,33,Centre-Back,SSC Napoli,?,out,Winter,NA,Serie A,2002,2002/2003
Chievo Verona,Dario Passoni,28,Central Midfield,Uralan,?,out,Winter,NA,Serie A,2002,2002/2003
Chievo Verona,Stefano Garzon,21,Defensive Midfield,Varese,Loan,out,Winter,0,Serie A,2002,2002/2003
Chievo Verona,Tommaso Chiecchi,23,Centre-Back,Varese,Loan,out,Winter,0,Serie A,2002,2002/2003
Chievo Verona,Moreno Longo,26,Right-Back,Cagliari Calcio,Loan,out,Winter,0,Serie A,2002,2002/2003
Chievo Verona,Jin-ho Lee,18,Centre-Forward,Ulsan Hyundai,?,out,Winter,NA,Serie A,2002,2002/2003
AS Roma,Olivier Dacourt,28,Defensive Midfield,Leeds,Loan,in,Winter,0,Serie A,2002,2002/2003
AS Roma,Massimo Marazzina,28,Centre-Forward,Chievo Verona,Loan,in,Winter,0,Serie A,2002,2002/2003
AS Roma,Fábio Júnior,25,Centre-Forward,Vit. Guimarães,£720Th.,out,Winter,0.72,Serie A,2002,2002/2003
AS Roma,Pep Guardiola,31,Defensive Midfield,Brescia,£585Th.,out,Winter,0.585,Serie A,2002,2002/2003
AS Roma,Gabriel Batistuta,33,Centre-Forward,Inter,Loan,out,Winter,0,Serie A,2002,2002/2003
Brescia Calcio,Pep Guardiola,31,Defensive Midfield,AS Roma,£585Th.,in,Winter,0.585,Serie A,2002,2002/2003
Brescia Calcio,Fábio Bilica,23,Centre-Back,US Palermo,?,in,Winter,NA,Serie A,2002,2002/2003
Brescia Calcio,Federico Giunti,31,Defensive Midfield,Besiktas,£2.25m,out,Winter,2.25,Serie A,2002,2002/2003
Brescia Calcio,Marius Stankevicius,21,Centre-Back,Cosenza,Loan,out,Winter,0,Serie A,2002,2002/2003
Brescia Calcio,Luca Castellazzi,27,Goalkeeper,Catania,Loan,out,Winter,0,Serie A,2002,2002/2003
Brescia Calcio,Simone Del Nero,21,Left Winger,US Palermo,Loan,out,Winter,0,Serie A,2002,2002/2003
Brescia Calcio,Mario Salgado,21,Centre-Forward,Hellas Verona,Loan,out,Winter,0,Serie A,2002,2002/2003
Brescia Calcio,Massimiliano Esposito,30,Right Midfield,Ternana,?,out,Winter,NA,Serie A,2002,2002/2003
Brescia Calcio,Raúl González,26,Forward,Salernitana,Loan,out,Winter,0,Serie A,2002,2002/2003
Brescia Calcio,Simone Dallamano,19,Left-Back,Prato,?,out,Winter,NA,Serie A,2002,2002/2003
Brescia Calcio,Roberto Guana,21,Central Midfield,Cagliari Calcio,Loan,out,Winter,0,Serie A,2002,2002/2003
Brescia Calcio,Massimiliano Caputo,22,Left Winger,Sora,?,out,Winter,NA,Serie A,2002,2002/2003
Brescia Calcio,Alejandro Correa,23,Defensive Midfield,Martina,Loan,out,Winter,0,Serie A,2002,2002/2003
AC Perugia,Silvio Spann,21,Defensive Midfield,Sambenedettese,Free transfer,out,Winter,0,Serie A,2002,2002/2003
AC Perugia,Donovan Maury,21,Right-Back,Roda JC,Free transfer,out,Winter,0,Serie A,2002,2002/2003
AC Perugia,Nicola Amoruso,28,Centre-Forward,Como,?,out,Winter,NA,Serie A,2002,2002/2003
AC Perugia,Antonio Criniti,32,Forward,Sambenedettese,?,out,Winter,NA,Serie A,2002,2002/2003
AC Perugia,Giuseppe Aprea,25,Goalkeeper,Sora,?,out,Winter,NA,Serie A,2002,2002/2003
AC Perugia,Paolo Zaccagnini,25,Right Midfield,Sora,?,out,Winter,NA,Serie A,2002,2002/2003
AC Perugia,Samuel,28,Centre-Back,Criciúma EC,?,out,Winter,NA,Serie A,2002,2002/2003
Bologna FC 1909,Steve Gohouri,21,Centre-Back,Yverdon-Sport,Free transfer,in,Winter,0,Serie A,2002,2002/2003
Bologna FC 1909,Paolo Vanoli,30,Left-Back,Florentia,Free transfer,in,Winter,0,Serie A,2002,2002/2003
Bologna FC 1909,Emiliano Salvetti,29,Attacking Midfield,Hellas Verona,Loan,in,Winter,0,Serie A,2002,2002/2003
Bologna FC 1909,Roberto Goretti,26,Defensive Midfield,Reggiana,?,out,Winter,NA,Serie A,2002,2002/2003
Bologna FC 1909,Emanuele Brioschi,27,Centre-Back,Cosenza,?,out,Winter,NA,Serie A,2002,2002/2003
Bologna FC 1909,Fabio Macellari,28,Left-Back,Cagliari Calcio,?,out,Winter,NA,Serie A,2002,2002/2003
Bologna FC 1909,Andrea Ardito,25,Defensive Midfield,Siena,?,out,Winter,NA,Serie A,2002,2002/2003
FC Empoli,Marco Borriello,20,Centre-Forward,Milan,Loan,in,Winter,0,Serie A,2002,2002/2003
FC Empoli,Marco Carparelli,26,Second Striker,Genoa,?,in,Winter,NA,Serie A,2002,2002/2003
FC Empoli,Nicola Padoin,23,Defensive Midfield,Prato,Loan,in,Winter,0,Serie A,2002,2002/2003
FC Empoli,Davide Matteini,20,Left Winger,US Palermo,?,out,Winter,NA,Serie A,2002,2002/2003
FC Empoli,Alessandro Agostini,23,Left-Back,Siena,Loan,out,Winter,0,Serie A,2002,2002/2003
FC Empoli,Michele Fusi,22,Centre-Back,UC AlbinoLeffe,?,out,Winter,NA,Serie A,2002,2002/2003
FC Empoli,Giacomo Mazzi,23,Goalkeeper,Viterbese,-,out,Winter,0,Serie A,2002,2002/2003
Modena FC,Rune Pedersen,23,Goalkeeper,FC Copenhagen,Free transfer,in,Winter,0,Serie A,2002,2002/2003
Modena FC,Emiliano Moretti,21,Centre-Back,Juventus,Loan,in,Winter,0,Serie A,2002,2002/2003
Modena FC,Antonio Marasco,32,Defensive Midfield,US Palermo,?,in,Winter,NA,Serie A,2002,2002/2003
Modena FC,Fabio Vignaroli,26,Centre-Forward,Salernitana,?,in,Winter,NA,Serie A,2002,2002/2003
Modena FC,Giuseppe Colucci,22,Central Midfield,Hellas Verona,Loan,in,Winter,0,Serie A,2002,2002/2003
Modena FC,Marco Zamboni,25,Centre-Back,Hellas Verona,Loan,out,Winter,0,Serie A,2002,2002/2003
Modena FC,Alessio Sestu,19,Right Winger,Treviso,?,out,Winter,NA,Serie A,2002,2002/2003
Modena FC,Carlo Taldo,30,Centre-Forward,Catania,Loan,out,Winter,0,Serie A,2002,2002/2003
Modena FC,Lorenzo Del Sole,18,Midfielder,Carpi,?,out,Winter,NA,Serie A,2002,2002/2003
Reggina Calcio,Emiliano Bonazzoli,23,Centre-Forward,AC Parma,£4.05m,in,Winter,4.05,Serie A,2002,2002/2003
Reggina Calcio,Bruno Cirillo,25,Centre-Back,Lecce,Loan,in,Winter,0,Serie A,2002,2002/2003
Reggina Calcio,Aimo Diana,24,Right Midfield,AC Parma,?,in,Winter,NA,Serie A,2002,2002/2003
Reggina Calcio,Gonzalo Martínez,27,Right-Back,Udinese,?,in,Winter,NA,Serie A,2002,2002/2003
Reggina Calcio,Alessandro Pierini,29,Centre-Back,AC Parma,?,out,Winter,NA,Serie A,2002,2002/2003
Reggina Calcio,Nicola Carlo Pagani,25,Centre-Back,SPAL,Loan,out,Winter,0,Serie A,2002,2002/2003
Reggina Calcio,Nassim Mendil,23,Centre-Forward,Ascoli,Loan,out,Winter,0,Serie A,2002,2002/2003
