club_name,player_name,age,position,club_involved_name,fee,transfer_movement,transfer_period,fee_cleaned,league_name,year,season
ADO Den Haag,Peet Bijen,25,Centre-Back,Twente FC,free transfer,in,Summer,NA,Eredivisie,2020,2020/2021
ADO Den Haag,Ricardo Kishna,25,Left Winger,Lazio,free transfer,in,Summer,NA,Eredivisie,2020,2020/2021
ADO Den Haag,Kees de Boer,20,Central Midfield,Swansea U23,free transfer,in,Summer,NA,Eredivisie,2020,2020/2021
ADO Den Haag,Amar Catic,21,Right Winger,PSV U21,free transfer,in,Summer,NA,Eredivisie,2020,2020/2021
ADO Den Haag,Pascu,20,Central Midfield,Valencia B,free transfer,in,Summer,NA,Eredivisie,2020,2020/2021
ADO Den Haag,Ravel Morrison,27,Attacking Midfield,Sheff Utd,free transfer,in,Summer,NA,Eredivisie,2020,2020/2021
ADO Den Haag,Vicente Besuijen,19,Right Winger,Roma U19,free transfer,in,Summer,NA,Eredivisie,2020,2020/2021
ADO Den Haag,Luuk Koopmans,26,Goalkeeper,PSV Eindhoven,free transfer,in,Summer,NA,Eredivisie,2020,2020/2021
ADO Den Haag,Boy Kemper,21,Centre-Back,Ajax U21,?,in,Summer,NA,Eredivisie,2020,2020/2021
ADO Den Haag,Samy Bourard,24,Attacking Midfield,FC Eindhoven,?,in,Summer,NA,Eredivisie,2020,2020/2021
ADO Den Haag,Jonas Arweiler,23,Centre-Forward,FC Utrecht,loan transfer,in,Summer,NA,Eredivisie,2020,2020/2021
ADO Den Haag,Andrei Ratiu,22,Right-Back,Villarreal CF B,loan transfer,in,Summer,NA,Eredivisie,2020,2020/2021
ADO Den Haag,Dante Rigo,21,Defensive Midfield,PSV Eindhoven,loan transfer,in,Summer,NA,Eredivisie,2020,2020/2021
ADO Den Haag,David Philipp,20,Right Winger,W. Bremen II,loan transfer,in,Summer,NA,Eredivisie,2020,2020/2021
ADO Den Haag,Lassana Faye,22,Left-Back,Sparta R.,loan transfer,in,Summer,NA,Eredivisie,2020,2020/2021
ADO Den Haag,Ilay Elmkies,20,Central Midfield,TSG Hoffenheim,loan transfer,in,Summer,NA,Eredivisie,2020,2020/2021
ADO Den Haag,Dario Del Fabro,25,Centre-Back,Juventus U23,loan transfer,in,Summer,NA,Eredivisie,2020,2020/2021
ADO Den Haag,Jamal Amofa,21,Centre-Back,ADO U21,-,in,Summer,0,Eredivisie,2020,2020/2021
ADO Den Haag,Youri Schoonderwaldt,20,Goalkeeper,ADO U21,-,in,Summer,0,Eredivisie,2020,2020/2021
ADO Den Haag,Nikolaos Karelis,28,Centre-Forward,Without Club,-,in,Summer,0,Eredivisie,2020,2020/2021
ADO Den Haag,Evan Rottier,18,Centre-Forward,ADO U19,-,in,Summer,0,Eredivisie,2020,2020/2021
ADO Den Haag,Hennos Asmelash,20,Right-Back,TOP Oss,"End of loanJun 30, 2020",in,Summer,0,Eredivisie,2020,2020/2021
ADO Den Haag,Thom Haye,25,Defensive Midfield,NAC Breda,"End of loanJun 30, 2020",in,Summer,0,Eredivisie,2020,2020/2021
ADO Den Haag,Thijmen Goppel,23,Right Midfield,MVV Maastricht,"End of loanJun 30, 2020",in,Summer,0,Eredivisie,2020,2020/2021
ADO Den Haag,Lex Immers,34,Attacking Midfield,NAC Breda,free transfer,out,Summer,NA,Eredivisie,2020,2020/2021
ADO Den Haag,Dion Malone,31,Defensive Midfield,NAC Breda,free transfer,out,Summer,NA,Eredivisie,2020,2020/2021
ADO Den Haag,Thijmen Goppel,23,Right Midfield,Roda JC,free transfer,out,Summer,NA,Eredivisie,2020,2020/2021
ADO Den Haag,Thom Haye,25,Defensive Midfield,NAC Breda,free transfer,out,Summer,NA,Eredivisie,2020,2020/2021
ADO Den Haag,Erik Falkenburg,32,Attacking Midfield,Roda JC,free transfer,out,Summer,NA,Eredivisie,2020,2020/2021
ADO Den Haag,Elson Hooi,28,Right Winger,Muaither SC,free transfer,out,Summer,NA,Eredivisie,2020,2020/2021
ADO Den Haag,Tom Beugelsdijk,30,Centre-Back,Sparta R.,free transfer,out,Summer,NA,Eredivisie,2020,2020/2021
ADO Den Haag,Robin Polley,21,Right-Back,FC Dordrecht,loan transfer,out,Summer,NA,Eredivisie,2020,2020/2021
ADO Den Haag,Dehninio Muringen,21,Centre-Back,FC Dordrecht,loan transfer,out,Summer,NA,Eredivisie,2020,2020/2021
ADO Den Haag,Mike Havekotte,24,Goalkeeper,MVV Maastricht,loan transfer,out,Summer,NA,Eredivisie,2020,2020/2021
ADO Den Haag,Lorenzo van Kleef,19,Right-Back,FC Eindhoven,loan transfer,out,Summer,NA,Eredivisie,2020,2020/2021
ADO Den Haag,Aaron Meijers,32,Left-Back,Sparta R.,loan transfer,out,Summer,NA,Eredivisie,2020,2020/2021
ADO Den Haag,Danny Bakker,25,Centre-Back,Roda JC,loan transfer,out,Summer,NA,Eredivisie,2020,2020/2021
ADO Den Haag,Jordan Spence,30,Right-Back,Retired,-,out,Summer,0,Eredivisie,2020,2020/2021
ADO Den Haag,Hennos Asmelash,21,Right-Back,Without Club,-,out,Summer,0,Eredivisie,2020,2020/2021
ADO Den Haag,Tomas Necid,30,Centre-Forward,Without Club,-,out,Summer,0,Eredivisie,2020,2020/2021
ADO Den Haag,Mark Duffy,34,Central Midfield,Sheff Utd,"End of loanJun 30, 2020",out,Summer,0,Eredivisie,2020,2020/2021
ADO Den Haag,Omar Bogle,26,Centre-Forward,Cardiff,"End of loanJun 30, 2020",out,Summer,0,Eredivisie,2020,2020/2021
ADO Den Haag,Tudor Baluta,21,Defensive Midfield,Brighton,"End of loanJun 30, 2020",out,Summer,0,Eredivisie,2020,2020/2021
ADO Den Haag,Mick van Buren,27,Right Winger,Slavia Prague,"End of loanJun 30, 2020",out,Summer,0,Eredivisie,2020,2020/2021
ADO Den Haag,Laurens De Bock,27,Left-Back,Leeds,"End of loanJun 30, 2020",out,Summer,0,Eredivisie,2020,2020/2021
ADO Den Haag,George Thomas,23,Attacking Midfield,Leicester,"End of loanMay 31, 2020",out,Summer,0,Eredivisie,2020,2020/2021
ADO Den Haag,Sam Stubbs,21,Centre-Back,Boro U23,"End of loanJun 30, 2020",out,Summer,0,Eredivisie,2020,2020/2021
ADO Den Haag,Aleksandar Bjelica,26,Centre-Back,Korona Kielce,"End of loanJun 30, 2020",out,Summer,0,Eredivisie,2020,2020/2021
ADO Den Haag,Luuk Koopmans,26,Goalkeeper,PSV Eindhoven,"End of loanJun 30, 2020",out,Summer,0,Eredivisie,2020,2020/2021
Ajax Amsterdam,Antony,20,Right Winger,São Paulo,£14.18m,in,Summer,14.18,Eredivisie,2020,2020/2021
Ajax Amsterdam,Davy Klaassen,27,Attacking Midfield,Werder Bremen,£10.53m,in,Summer,10.53,Eredivisie,2020,2020/2021
Ajax Amsterdam,Mohammed Kudus,19,Central Midfield,Nordsjaelland,£8.10m,in,Summer,8.1,Eredivisie,2020,2020/2021
Ajax Amsterdam,Sean Klaiber,26,Right-Back,FC Utrecht,£3.83m,in,Summer,3.83,Eredivisie,2020,2020/2021
Ajax Amsterdam,Maarten Stekelenburg,37,Goalkeeper,Everton,free transfer,in,Summer,NA,Eredivisie,2020,2020/2021
Ajax Amsterdam,Jurrien Timber,19,Centre-Back,Ajax U21,-,in,Summer,0,Eredivisie,2020,2020/2021
Ajax Amsterdam,Hassane Bandé,21,Left Winger,FC Thun,"End of loanOct 5, 2020",in,Summer,0,Eredivisie,2020,2020/2021
Ajax Amsterdam,Lisandro Magallán,26,Centre-Back,Alavés,"End of loanJul 20, 2020",in,Summer,0,Eredivisie,2020,2020/2021
Ajax Amsterdam,Hakim Ziyech,27,Attacking Midfield,Chelsea,£36.00m,out,Summer,36,Eredivisie,2020,2020/2021
Ajax Amsterdam,Donny van de Beek,23,Central Midfield,Man Utd,£35.10m,out,Summer,35.1,Eredivisie,2020,2020/2021
Ajax Amsterdam,Sergiño Dest,19,Right-Back,Barcelona,£18.90m,out,Summer,18.9,Eredivisie,2020,2020/2021
Ajax Amsterdam,Joël Veltman,28,Right-Back,Brighton,£900Th.,out,Summer,0.9,Eredivisie,2020,2020/2021
Ajax Amsterdam,Benjamin van Leer,28,Goalkeeper,Sparta R.,?,out,Summer,NA,Eredivisie,2020,2020/2021
Ajax Amsterdam,Noa Lang,21,Left Winger,Club Brugge,loan transfer,out,Summer,NA,Eredivisie,2020,2020/2021
Ajax Amsterdam,Kik Pierie,19,Centre-Back,Twente FC,loan transfer,out,Summer,NA,Eredivisie,2020,2020/2021
Ajax Amsterdam,Razvan Marin,24,Central Midfield,Cagliari Calcio,loan transfer,out,Summer,NA,Eredivisie,2020,2020/2021
Ajax Amsterdam,Lisandro Magallán,26,Centre-Back,Crotone,loan transfer,out,Summer,NA,Eredivisie,2020,2020/2021
Ajax Amsterdam,Carel Eiting,22,Defensive Midfield,Huddersfield,loan transfer,out,Summer,NA,Eredivisie,2020,2020/2021
Ajax Amsterdam,Hassane Bandé,21,Left Winger,Ajax U21,-,out,Summer,0,Eredivisie,2020,2020/2021
Ajax Amsterdam,Ryan Babel,33,Left Winger,Galatasaray,"End of loanJun 30, 2020",out,Summer,0,Eredivisie,2020,2020/2021
Ajax Amsterdam,Bruno Varela,25,Goalkeeper,Benfica,"End of loanJun 30, 2020",out,Summer,0,Eredivisie,2020,2020/2021
AZ Alkmaar,Jesper Karlsson,22,Left Winger,Elfsborg,£2.34m,in,Summer,2.34,Eredivisie,2020,2020/2021
AZ Alkmaar,Hobie Verhulst,27,Goalkeeper,Go Ahead Eagles,free transfer,in,Summer,NA,Eredivisie,2020,2020/2021
AZ Alkmaar,Timo Letschert,27,Centre-Back,Hamburger SV,free transfer,in,Summer,NA,Eredivisie,2020,2020/2021
AZ Alkmaar,Yukinari Sugawara,20,Right-Back,Nagoya Grampus,?,in,Summer,NA,Eredivisie,2020,2020/2021
AZ Alkmaar,Bruno Martins Indi,28,Centre-Back,Stoke City,loan transfer,in,Summer,NA,Eredivisie,2020,2020/2021
AZ Alkmaar,Juan Familia-Castillo,20,Left-Back,Chelsea U23,loan transfer,in,Summer,NA,Eredivisie,2020,2020/2021
AZ Alkmaar,Mohamed Taabouni,18,Attacking Midfield,AZ Alkmaar U21,-,in,Summer,0,Eredivisie,2020,2020/2021
AZ Alkmaar,Mees Bakker,19,Goalkeeper,AZ Alkmaar U21,-,in,Summer,0,Eredivisie,2020,2020/2021
AZ Alkmaar,Thijs Oosting,20,Attacking Midfield,AZ Alkmaar U21,-,in,Summer,0,Eredivisie,2020,2020/2021
AZ Alkmaar,Ondrej Mihalik,23,Centre-Forward,Viktoria Plzen,"End of loanJun 30, 2020",in,Summer,0,Eredivisie,2020,2020/2021
AZ Alkmaar,Leon Bergsma,23,Centre-Back,FC Den Bosch,"End of loanJun 30, 2020",in,Summer,0,Eredivisie,2020,2020/2021
AZ Alkmaar,Tijjani Reijnders,21,Central Midfield,RKC Waalwijk,"End of loanJun 30, 2020",in,Summer,0,Eredivisie,2020,2020/2021
AZ Alkmaar,Jeremy Helmer,22,Attacking Midfield,De Graafschap,"End of loanJun 30, 2020",in,Summer,0,Eredivisie,2020,2020/2021
AZ Alkmaar,Mees Hoedemakers,22,Defensive Midfield,SC Cambuur,"End of loanJun 30, 2020",in,Summer,0,Eredivisie,2020,2020/2021
AZ Alkmaar,Oussama Idrissi,24,Left Winger,Sevilla FC,£10.80m,out,Summer,10.8,Eredivisie,2020,2020/2021
AZ Alkmaar,Ondrej Mihalik,23,Centre-Forward,Viktoria Plzen,£765Th.,out,Summer,0.765,Eredivisie,2020,2020/2021
AZ Alkmaar,Stijn Wuytens,30,Centre-Back,Lommel SK,free transfer,out,Summer,NA,Eredivisie,2020,2020/2021
AZ Alkmaar,Leon Bergsma,23,Centre-Back,FC Aarau,free transfer,out,Summer,NA,Eredivisie,2020,2020/2021
AZ Alkmaar,Mees Hoedemakers,22,Defensive Midfield,SC Cambuur,?,out,Summer,NA,Eredivisie,2020,2020/2021
AZ Alkmaar,Joris Kramer,24,Centre-Back,SC Cambuur,loan transfer,out,Summer,NA,Eredivisie,2020,2020/2021
AZ Alkmaar,Jasper Schendelaar,19,Goalkeeper,Telstar,loan transfer,out,Summer,NA,Eredivisie,2020,2020/2021
AZ Alkmaar,Rody de Boer,22,Goalkeeper,De Graafschap,loan transfer,out,Summer,NA,Eredivisie,2020,2020/2021
AZ Alkmaar,Thomas Ouwejan,23,Left Midfield,Udinese Calcio,loan transfer,out,Summer,NA,Eredivisie,2020,2020/2021
AZ Alkmaar,Yukinari Sugawara,20,Right-Back,Nagoya Grampus,"End of loanJun 30, 2020",out,Summer,0,Eredivisie,2020,2020/2021
FC Emmen,Simon Tibbling,25,Central Midfield,Bröndby IF,£315Th.,in,Summer,0.315,Eredivisie,2020,2020/2021
FC Emmen,Felix Wiedwald,30,Goalkeeper,E. Frankfurt,free transfer,in,Summer,NA,Eredivisie,2020,2020/2021
FC Emmen,Sekou Sidibe,19,Right Winger,PSV U21,free transfer,in,Summer,NA,Eredivisie,2020,2020/2021
FC Emmen,Collin Seedorf,25,Right-Back,FC Eindhoven,free transfer,in,Summer,NA,Eredivisie,2020,2020/2021
FC Emmen,Behadil Sabani,20,Defensive Midfield,M'gladbach II,free transfer,in,Summer,NA,Eredivisie,2020,2020/2021
FC Emmen,Lucas Bernadou,19,Defensive Midfield,Paris SG B,free transfer,in,Summer,NA,Eredivisie,2020,2020/2021
FC Emmen,Ricardo van Rhijn,29,Right-Back,Heerenveen,free transfer,in,Summer,NA,Eredivisie,2020,2020/2021
FC Emmen,Caner Cavlan,28,Left-Back,Austria Vienna,?,in,Summer,NA,Eredivisie,2020,2020/2021
FC Emmen,Denis Granecny,21,Left-Back,Banik Ostrava,loan transfer,in,Summer,NA,Eredivisie,2020,2020/2021
FC Emmen,Jafar Arias,25,Centre-Forward,VVV-Venlo,free transfer,out,Summer,NA,Eredivisie,2020,2020/2021
FC Emmen,Wouter Marinus,25,Attacking Midfield,ZZVV,free transfer,out,Summer,NA,Eredivisie,2020,2020/2021
FC Emmen,Matthias Hamrol,26,Goalkeeper,Wehen Wiesbaden,free transfer,out,Summer,NA,Eredivisie,2020,2020/2021
FC Emmen,Ruben Roosken,20,Left-Back,TOP Oss,free transfer,out,Summer,NA,Eredivisie,2020,2020/2021
FC Emmen,Freddy Quispel,19,Centre-Forward,VfB Oldenburg,free transfer,out,Summer,NA,Eredivisie,2020,2020/2021
FC Emmen,Michaël Heylen,26,Centre-Back,Sparta R.,free transfer,out,Summer,NA,Eredivisie,2020,2020/2021
FC Emmen,Leon Sopic,19,Centre-Back,Din. Zagreb II,£23Th.,out,Summer,0.023,Eredivisie,2020,2020/2021
FC Emmen,Daniel Camara Bos,21,Right-Back,Without Club,-,out,Summer,0,Eredivisie,2020,2020/2021
FC Emmen,Tom Hiariej,31,Defensive Midfield,Without Club,-,out,Summer,0,Eredivisie,2020,2020/2021
FC Emmen,Henk Bos,27,Central Midfield,Without Club,-,out,Summer,0,Eredivisie,2020,2020/2021
FC Emmen,Lorenzo Burnet,29,Left-Back,Without Club,-,out,Summer,0,Eredivisie,2020,2020/2021
FC Emmen,Jan-Niklas Beste,21,Right Winger,Werder Bremen,"End of loanJun 30, 2020",out,Summer,0,Eredivisie,2020,2020/2021
FC Emmen,Pontus Dahlberg,21,Goalkeeper,Watford,"End of loanJun 30, 2020",out,Summer,0,Eredivisie,2020,2020/2021
FC Emmen,Kerim Frei,26,Left Winger,Basaksehir,"End of loanJun 30, 2020",out,Summer,0,Eredivisie,2020,2020/2021
FC Emmen,Luka Adzic,21,Left Winger,RSC Anderlecht,"End of loanJun 30, 2020",out,Summer,0,Eredivisie,2020,2020/2021
FC Emmen,Shani Tarashaj,25,Second Striker,Everton,"End of loanOct 11, 2020",out,Summer,0,Eredivisie,2020,2020/2021
FC Emmen,Filip Ugrinic,21,Central Midfield,FC Luzern,"End of loanJun 30, 2020",out,Summer,0,Eredivisie,2020,2020/2021
Feyenoord Rotterdam,Francesco Antonucci,21,Attacking Midfield,Monaco B,£1.98m,in,Summer,1.98,Eredivisie,2020,2020/2021
Feyenoord Rotterdam,João Carlos Teixeira,27,Attacking Midfield,Vit. Guimarães,£1.44m,in,Summer,1.44,Eredivisie,2020,2020/2021
Feyenoord Rotterdam,Mark Diemers,26,Central Midfield,Fortuna Sittard,£1.08m,in,Summer,1.08,Eredivisie,2020,2020/2021
Feyenoord Rotterdam,Uros Spajic,27,Centre-Back,Krasnodar,Loan fee:£450Th.,in,Summer,0.45,Eredivisie,2020,2020/2021
Feyenoord Rotterdam,Christian Conteh,20,Left Winger,FC St. Pauli II,£360Th.,in,Summer,0.36,Eredivisie,2020,2020/2021
Feyenoord Rotterdam,Bryan Linssen,29,Centre-Forward,Vitesse,free transfer,in,Summer,NA,Eredivisie,2020,2020/2021
Feyenoord Rotterdam,Achraf El Bouchataoui,20,Central Midfield,FC Dordrecht,"End of loanJun 30, 2020",in,Summer,0,Eredivisie,2020,2020/2021
Feyenoord Rotterdam,Liam Kelly,24,Central Midfield,Oxford United,"End of loanJul 14, 2020",in,Summer,0,Eredivisie,2020,2020/2021
Feyenoord Rotterdam,Dylan Vente,21,Centre-Forward,RKC Waalwijk,"End of loanJun 30, 2020",in,Summer,0,Eredivisie,2020,2020/2021
Feyenoord Rotterdam,Calvin Verdonk,23,Left-Back,Twente FC,"End of loanJun 30, 2020",in,Summer,0,Eredivisie,2020,2020/2021
Feyenoord Rotterdam,Renato Tapia,25,Defensive Midfield,Celta de Vigo,free transfer,out,Summer,NA,Eredivisie,2020,2020/2021
Feyenoord Rotterdam,Calvin Verdonk,23,Left-Back,Famalicão,free transfer,out,Summer,NA,Eredivisie,2020,2020/2021
Feyenoord Rotterdam,Jan-Arie van der Heijden,32,Centre-Back,Willem II,free transfer,out,Summer,NA,Eredivisie,2020,2020/2021
Feyenoord Rotterdam,Wouter Burger,19,Central Midfield,Sparta R.,loan transfer,out,Summer,NA,Eredivisie,2020,2020/2021
Feyenoord Rotterdam,Liam Kelly,24,Central Midfield,Oxford United,loan transfer,out,Summer,NA,Eredivisie,2020,2020/2021
Feyenoord Rotterdam,Achraf El Bouchataoui,20,Central Midfield,Feyenoord U21,-,out,Summer,0,Eredivisie,2020,2020/2021
Feyenoord Rotterdam,Dylan Vente,21,Centre-Forward,Feyenoord U21,-,out,Summer,0,Eredivisie,2020,2020/2021
Feyenoord Rotterdam,Francesco Antonucci,21,Attacking Midfield,FC Volendam,loan transfer,out,Summer,NA,Eredivisie,2020,2020/2021
Feyenoord Rotterdam,Oguzhan Özyakup,27,Central Midfield,Besiktas,"End of loanJun 30, 2020",out,Summer,0,Eredivisie,2020,2020/2021
Feyenoord Rotterdam,Edgar Ié,26,Centre-Back,Trabzonspor,"End of loanJun 30, 2020",out,Summer,0,Eredivisie,2020,2020/2021
Feyenoord Rotterdam,Rick Karsdorp,25,Right-Back,AS Roma,"End of loanJun 30, 2020",out,Summer,0,Eredivisie,2020,2020/2021
Fortuna Sittard,Emil Hansson,22,Left Winger,Hannover 96,£360Th.,in,Summer,0.36,Eredivisie,2020,2020/2021
Fortuna Sittard,Zian Flemming,22,Attacking Midfield,PEC Zwolle,£180Th.,in,Summer,0.18,Eredivisie,2020,2020/2021
Fortuna Sittard,Ben Rienstra,30,Central Midfield,Kayserispor,£135Th.,in,Summer,0.135,Eredivisie,2020,2020/2021
Fortuna Sittard,George Cox,22,Left-Back,Brighton U23,£45Th.,in,Summer,0.045,Eredivisie,2020,2020/2021
Fortuna Sittard,Sebastian Polter,29,Centre-Forward,Union Berlin,free transfer,in,Summer,NA,Eredivisie,2020,2020/2021
Fortuna Sittard,Roel Janssen,30,Centre-Back,VVV-Venlo,free transfer,in,Summer,NA,Eredivisie,2020,2020/2021
Fortuna Sittard,Joshua Wehking,20,Goalkeeper,Hamburger SV II,free transfer,in,Summer,NA,Eredivisie,2020,2020/2021
Fortuna Sittard,Özgür Aktas,23,Centre-Back,Vitesse,free transfer,in,Summer,NA,Eredivisie,2020,2020/2021
Fortuna Sittard,Veron Parkes,18,Second Striker,West Ham U18,free transfer,in,Summer,NA,Eredivisie,2020,2020/2021
Fortuna Sittard,Mike van Beijnen,21,Right-Back,Genclerbirligi,free transfer,in,Summer,NA,Eredivisie,2020,2020/2021
Fortuna Sittard,Mats Seuntjens,28,Attacking Midfield,Genclerbirligi,free transfer,in,Summer,NA,Eredivisie,2020,2020/2021
Fortuna Sittard,Yanick van Osch,23,Goalkeeper,PSV Eindhoven,free transfer,in,Summer,NA,Eredivisie,2020,2020/2021
Fortuna Sittard,Richie Musaba,19,Attacking Midfield,Vitesse,?,in,Summer,NA,Eredivisie,2020,2020/2021
Fortuna Sittard,Samuel Moutoussamy,24,Central Midfield,FC Nantes,loan transfer,in,Summer,NA,Eredivisie,2020,2020/2021
Fortuna Sittard,Jaroslaw Jach,26,Centre-Back,Crystal Palace,loan transfer,in,Summer,NA,Eredivisie,2020,2020/2021
Fortuna Sittard,Áron Dobos,20,Right Winger,ETO FC Győr,"End of loanJun 30, 2020",in,Summer,0,Eredivisie,2020,2020/2021
Fortuna Sittard,Lisandro Semedo,24,Right Winger,OFI Crete FC,"End of loanJul 31, 2020",in,Summer,0,Eredivisie,2020,2020/2021
Fortuna Sittard,Lazar Kojic,20,Central Midfield,Radnik,"End of loanJun 30, 2020",in,Summer,0,Eredivisie,2020,2020/2021
Fortuna Sittard,André Vidigal,21,Left Winger,APOEL Nicosia,"End of loanJun 30, 2020",in,Summer,0,Eredivisie,2020,2020/2021
Fortuna Sittard,Job van de Walle,22,Goalkeeper,Groene Ster,"End of loanJun 30, 2020",in,Summer,0,Eredivisie,2020,2020/2021
Fortuna Sittard,Luc Tinnemans,22,Defensive Midfield,EVV Echt,"End of loanJun 30, 2020",in,Summer,0,Eredivisie,2020,2020/2021
Fortuna Sittard,Mark Diemers,26,Central Midfield,Feyenoord,£1.08m,out,Summer,1.08,Eredivisie,2020,2020/2021
Fortuna Sittard,Amadou Ciss,20,Left Midfield,Amiens SC,£1.08m,out,Summer,1.08,Eredivisie,2020,2020/2021
Fortuna Sittard,Azbe Jug,28,Goalkeeper,NK Maribor,free transfer,out,Summer,NA,Eredivisie,2020,2020/2021
Fortuna Sittard,Job van de Walle,22,Goalkeeper,Sportclub '25,free transfer,out,Summer,NA,Eredivisie,2020,2020/2021
Fortuna Sittard,Bo Breukers,21,Central Midfield,Groene Ster,free transfer,out,Summer,NA,Eredivisie,2020,2020/2021
Fortuna Sittard,Lazar Kojic,20,Central Midfield,Proleter,free transfer,out,Summer,NA,Eredivisie,2020,2020/2021
Fortuna Sittard,Rowen Koot,21,Goalkeeper,Helmond Sport,free transfer,out,Summer,NA,Eredivisie,2020,2020/2021
Fortuna Sittard,Luc Tinnemans,22,Defensive Midfield,EVV Echt,free transfer,out,Summer,NA,Eredivisie,2020,2020/2021
Fortuna Sittard,Wessel Dammers,25,Centre-Back,FC Groningen,free transfer,out,Summer,NA,Eredivisie,2020,2020/2021
Fortuna Sittard,Patrik Raitanen,19,Centre-Back,SPAL U19,free transfer,out,Summer,NA,Eredivisie,2020,2020/2021
Fortuna Sittard,Dimitrios Ioannidis,20,Defensive Midfield,SF Lotte,loan transfer,out,Summer,NA,Eredivisie,2020,2020/2021
Fortuna Sittard,Áron Dobos,20,Right Winger,Szeged,?,out,Summer,NA,Eredivisie,2020,2020/2021
Fortuna Sittard,Jacky Donkor,21,Left Winger,FC Eindhoven,loan transfer,out,Summer,NA,Eredivisie,2020,2020/2021
Fortuna Sittard,Bassala Sambou,22,Centre-Forward,Randers FC,loan transfer,out,Summer,NA,Eredivisie,2020,2020/2021
Fortuna Sittard,Veron Parkes,18,Second Striker,FC Dordrecht,loan transfer,out,Summer,NA,Eredivisie,2020,2020/2021
Fortuna Sittard,Richie Musaba,19,Attacking Midfield,FC Dordrecht,loan transfer,out,Summer,NA,Eredivisie,2020,2020/2021
Fortuna Sittard,André Vidigal,22,Left Winger,Estoril Praia,loan transfer,out,Summer,NA,Eredivisie,2020,2020/2021
Fortuna Sittard,Grégoire Amiot,25,Centre-Back,Falkenberg,loan transfer,out,Summer,NA,Eredivisie,2020,2020/2021
Fortuna Sittard,Rasmus Karjalainen,24,Centre-Forward,Örebro SK,loan transfer,out,Summer,NA,Eredivisie,2020,2020/2021
Fortuna Sittard,Özgür Aktas,23,Centre-Back,FC Dordrecht,loan transfer,out,Summer,NA,Eredivisie,2020,2020/2021
Fortuna Sittard,Nikolai Baden Frederiksen,20,Centre-Forward,Juventus U23,"End of loanJun 30, 2020",out,Summer,0,Eredivisie,2020,2020/2021
Fortuna Sittard,Carlos Faya,18,Central Midfield,APC U20,"End of loanJun 30, 2020",out,Summer,0,Eredivisie,2020,2020/2021
Fortuna Sittard,George Cox,22,Left-Back,Brighton U23,"End of loanJun 30, 2020",out,Summer,0,Eredivisie,2020,2020/2021
Fortuna Sittard,Leandro Fernandes,20,Central Midfield,Juventus U23,"End of loanJun 30, 2020",out,Summer,0,Eredivisie,2020,2020/2021
Fortuna Sittard,Vitalie Damascan,21,Centre-Forward,Torino,"End of loanJun 30, 2020",out,Summer,0,Eredivisie,2020,2020/2021
Fortuna Sittard,Àlex Carbonell,22,Central Midfield,Valencia,"End of loanJun 30, 2020",out,Summer,0,Eredivisie,2020,2020/2021
Fortuna Sittard,Felix Passlack,22,Right-Back,Bor. Dortmund,"End of loanJun 30, 2020",out,Summer,0,Eredivisie,2020,2020/2021
FC Groningen,Jörgen Strand Larsen,20,Centre-Forward,Sarpsborg 08,£990Th.,in,Summer,0.99,Eredivisie,2020,2020/2021
FC Groningen,Patrick Joosten,24,Left Winger,FC Utrecht,£540Th.,in,Summer,0.54,Eredivisie,2020,2020/2021
FC Groningen,Damil Dankerlui,23,Right-Back,Willem II,£338Th.,in,Summer,0.338,Eredivisie,2020,2020/2021
FC Groningen,Wessel Dammers,25,Centre-Back,Fortuna Sittard,free transfer,in,Summer,NA,Eredivisie,2020,2020/2021
FC Groningen,Nigel Bertrams,27,Goalkeeper,MVV Maastricht,free transfer,in,Summer,NA,Eredivisie,2020,2020/2021
FC Groningen,Ko Itakura,23,Centre-Back,Man City,loan transfer,in,Summer,NA,Eredivisie,2020,2020/2021
FC Groningen,Miguel Ángel Leal,23,Right-Back,Villarreal CF B,loan transfer,in,Summer,NA,Eredivisie,2020,2020/2021
FC Groningen,Alessio Da Cruz,23,Centre-Forward,Parma,loan transfer,in,Summer,NA,Eredivisie,2020,2020/2021
FC Groningen,Arjen Robben,36,Right Winger,Career break,-,in,Summer,0,Eredivisie,2020,2020/2021
FC Groningen,Tomas Suslov,18,Attacking Midfield,Groningen U19,-,in,Summer,0,Eredivisie,2020,2020/2021
FC Groningen,Joël van Kaam,18,Right-Back,Groningen U19,-,in,Summer,0,Eredivisie,2020,2020/2021
FC Groningen,Amir Absalem,23,Left-Back,Almere City,"End of loanJun 30, 2020",in,Summer,0,Eredivisie,2020,2020/2021
FC Groningen,Tom van de Looi,20,Defensive Midfield,NEC Nijmegen,"End of loanJun 30, 2020",in,Summer,0,Eredivisie,2020,2020/2021
FC Groningen,Deyovaisio Zeefuik,22,Right-Back,Hertha BSC,£3.60m,out,Summer,3.6,Eredivisie,2020,2020/2021
FC Groningen,Ajdin Hrustic,24,Central Midfield,E. Frankfurt,£900Th.,out,Summer,0.9,Eredivisie,2020,2020/2021
FC Groningen,Tom van de Looi,21,Defensive Midfield,Brescia,£405Th.,out,Summer,0.405,Eredivisie,2020,2020/2021
FC Groningen,Amir Absalem,23,Left-Back,Roda JC,free transfer,out,Summer,NA,Eredivisie,2020,2020/2021
FC Groningen,Mike te Wierik,28,Centre-Back,Derby,free transfer,out,Summer,NA,Eredivisie,2020,2020/2021
FC Groningen,Django Warmerdam,24,Left-Back,FC Utrecht,free transfer,out,Summer,NA,Eredivisie,2020,2020/2021
FC Groningen,Jan Hoekstra,22,Goalkeeper,Roda JC,loan transfer,out,Summer,NA,Eredivisie,2020,2020/2021
FC Groningen,Nicklas Strunck Jakobsen,21,Central Midfield,Esbjerg fB,loan transfer,out,Summer,NA,Eredivisie,2020,2020/2021
FC Groningen,Romano Postema,18,Centre-Forward,FC Den Bosch,loan transfer,out,Summer,NA,Eredivisie,2020,2020/2021
FC Groningen,Tapmahoe Sopacua,20,Right-Back,Without Club,-,out,Summer,0,Eredivisie,2020,2020/2021
FC Groningen,Marco van Duin,33,Goalkeeper,Retired,-,out,Summer,0,Eredivisie,2020,2020/2021
FC Groningen,Ko Itakura,23,Centre-Back,Man City,"End of loanJun 30, 2020",out,Summer,0,Eredivisie,2020,2020/2021
FC Groningen,Daishawn Redan,19,Centre-Forward,Hertha BSC,"End of loanJun 30, 2020",out,Summer,0,Eredivisie,2020,2020/2021
FC Groningen,Joel Asoro,21,Centre-Forward,Swansea,"End of loanJun 30, 2020",out,Summer,0,Eredivisie,2020,2020/2021
SC Heerenveen,Henk Veerman,29,Centre-Forward,FC St. Pauli,£1.35m,in,Summer,1.35,Eredivisie,2020,2020/2021
SC Heerenveen,Pawel Bochniewicz,24,Centre-Back,Górnik Zabrze,£1.26m,in,Summer,1.26,Eredivisie,2020,2020/2021
SC Heerenveen,Stanislav Shopov,18,Attacking Midfield,Botev Plovdiv,£135Th.,in,Summer,0.135,Eredivisie,2020,2020/2021
SC Heerenveen,Erwin Mulder,31,Goalkeeper,Swansea,free transfer,in,Summer,NA,Eredivisie,2020,2020/2021
SC Heerenveen,Jan Bekkema,24,Goalkeeper,SV Straelen,free transfer,in,Summer,NA,Eredivisie,2020,2020/2021
SC Heerenveen,Joaquín Fernández,21,Centre-Back,River Plate,?,in,Summer,NA,Eredivisie,2020,2020/2021
SC Heerenveen,Jan Paul van Hecke,20,Centre-Back,Brighton,loan transfer,in,Summer,NA,Eredivisie,2020,2020/2021
SC Heerenveen,Ulysses Llanez,19,Left Winger,Wolfsburg II,loan transfer,in,Summer,NA,Eredivisie,2020,2020/2021
SC Heerenveen,Oliver Batista Meier,19,Right Winger,FC Bayern II,loan transfer,in,Summer,NA,Eredivisie,2020,2020/2021
SC Heerenveen,Benjamin Nygren,19,Right Winger,KRC Genk,loan transfer,in,Summer,NA,Eredivisie,2020,2020/2021
SC Heerenveen,Sieben Dewaele,21,Defensive Midfield,RSC Anderlecht,loan transfer,in,Summer,NA,Eredivisie,2020,2020/2021
SC Heerenveen,Rein Smit,19,Centre-Forward,Heerenveen U19,-,in,Summer,0,Eredivisie,2020,2020/2021
SC Heerenveen,Jaimy Kroesen,17,Goalkeeper,Heerenveen U17,-,in,Summer,0,Eredivisie,2020,2020/2021
SC Heerenveen,Emil Frederiksen,19,Attacking Midfield,SönderjyskE,"End of loanAug 1, 2020",in,Summer,0,Eredivisie,2020,2020/2021
SC Heerenveen,Chidera Ejuke,22,Left Winger,CSKA Moscow,£10.35m,out,Summer,10.35,Eredivisie,2020,2020/2021
SC Heerenveen,Hicham Faik,28,Defensive Midfield,Faisaly,£630Th.,out,Summer,0.63,Eredivisie,2020,2020/2021
SC Heerenveen,Trevor Doornbusch,21,Goalkeeper,Telstar,free transfer,out,Summer,NA,Eredivisie,2020,2020/2021
SC Heerenveen,Ricardo van Rhijn,29,Right-Back,FC Emmen,free transfer,out,Summer,NA,Eredivisie,2020,2020/2021
SC Heerenveen,Filip Bednarek,27,Goalkeeper,Lech Poznan,free transfer,out,Summer,NA,Eredivisie,2020,2020/2021
SC Heerenveen,Daniel Höegh,29,Centre-Back,FC Midtjylland,free transfer,out,Summer,NA,Eredivisie,2020,2020/2021
SC Heerenveen,Jordy Bruijn,23,Defensive Midfield,NEC Nijmegen,?,out,Summer,NA,Eredivisie,2020,2020/2021
SC Heerenveen,Emil Frederiksen,19,Attacking Midfield,SönderjyskE,?,out,Summer,NA,Eredivisie,2020,2020/2021
SC Heerenveen,Runar Espejord,24,Centre-Forward,Tromsø IL,loan transfer,out,Summer,NA,Eredivisie,2020,2020/2021
SC Heerenveen,Warner Hahn,28,Goalkeeper,Without Club,-,out,Summer,0,Eredivisie,2020,2020/2021
SC Heerenveen,Alen Halilovic,24,Attacking Midfield,AC Milan,"End of loanJun 30, 2020",out,Summer,0,Eredivisie,2020,2020/2021
SC Heerenveen,Van Hau Doan,21,Left-Back,Hanoi FC,"End of loanJun 30, 2020",out,Summer,0,Eredivisie,2020,2020/2021
SC Heerenveen,Sven Botman,20,Centre-Back,Ajax U21,"End of loanJun 30, 2020",out,Summer,0,Eredivisie,2020,2020/2021
SC Heerenveen,Jens Odgaard,21,Centre-Forward,Sassuolo,"End of loanJun 30, 2020",out,Summer,0,Eredivisie,2020,2020/2021
Heracles Almelo,Sinan Bakis,26,Centre-Forward,Admira Wacker,£540Th.,in,Summer,0.54,Eredivisie,2020,2020/2021
Heracles Almelo,Delano Burgzorg,21,Left Winger,Spezia Calcio,£216Th.,in,Summer,0.216,Eredivisie,2020,2020/2021
Heracles Almelo,Mateo Les,20,Centre-Back,Din. Zagreb II,£198Th.,in,Summer,0.198,Eredivisie,2020,2020/2021
Heracles Almelo,Daniel Mesenhöler,25,Goalkeeper,Viktoria Köln,free transfer,in,Summer,NA,Eredivisie,2020,2020/2021
Heracles Almelo,Luca de la Torre,22,Central Midfield,Fulham,free transfer,in,Summer,NA,Eredivisie,2020,2020/2021
Heracles Almelo,Rai Vloet,25,Attacking Midfield,Excelsior,free transfer,in,Summer,NA,Eredivisie,2020,2020/2021
Heracles Almelo,Noah Fadiga,20,Right-Back,Club NXT,?,in,Summer,NA,Eredivisie,2020,2020/2021
Heracles Almelo,Elias Oubella,19,Centre-Back,1.FC Köln U19,?,in,Summer,NA,Eredivisie,2020,2020/2021
Heracles Almelo,Marco Rente,23,Centre-Back,B. Dortmund II,?,in,Summer,NA,Eredivisie,2020,2020/2021
Heracles Almelo,Kasper Lunding,21,Right Winger,Aarhus GF,?,in,Summer,NA,Eredivisie,2020,2020/2021
Heracles Almelo,Ismail Azzaoui,22,Right Winger,Without Club,-,in,Summer,0,Eredivisie,2020,2020/2021
Heracles Almelo,Rohat Agca,18,Central Midfield,FC Twente U19,-,in,Summer,0,Eredivisie,2020,2020/2021
Heracles Almelo,Cyriel Dessers,25,Centre-Forward,KRC Genk,£3.60m,out,Summer,3.6,Eredivisie,2020,2020/2021
Heracles Almelo,Alexander Merkel,28,Central Midfield,Faisaly,free transfer,out,Summer,NA,Eredivisie,2020,2020/2021
Heracles Almelo,Mohammed Osman,26,Central Midfield,Al-Kharaitiyat,free transfer,out,Summer,NA,Eredivisie,2020,2020/2021
Heracles Almelo,Stephen Sama,27,Centre-Back,Accrington,free transfer,out,Summer,NA,Eredivisie,2020,2020/2021
Heracles Almelo,Dabney dos Santos,24,Left Winger,FC Sheriff,free transfer,out,Summer,NA,Eredivisie,2020,2020/2021
Heracles Almelo,Sebastian Jakubiak,27,Central Midfield,1.FC Magdeburg,free transfer,out,Summer,NA,Eredivisie,2020,2020/2021
Heracles Almelo,Maximilian Rossmann,25,Centre-Back,Viktoria Köln,free transfer,out,Summer,NA,Eredivisie,2020,2020/2021
Heracles Almelo,Jesper Drost,27,Attacking Midfield,PEC Zwolle,free transfer,out,Summer,NA,Eredivisie,2020,2020/2021
Heracles Almelo,Dario van den Buijs,24,Centre-Back,Beerschot V.A.,free transfer,out,Summer,NA,Eredivisie,2020,2020/2021
Heracles Almelo,Reuven Niemeijer,25,Second Striker,Excelsior,free transfer,out,Summer,NA,Eredivisie,2020,2020/2021
Heracles Almelo,Jelle van Benthem,21,Centre-Back,SV Straelen,free transfer,out,Summer,NA,Eredivisie,2020,2020/2021
Heracles Almelo,Joey Konings,22,Centre-Forward,De Graafschap,free transfer,out,Summer,NA,Eredivisie,2020,2020/2021
Heracles Almelo,Niels Leemhuis,22,Attacking Midfield,Excelsior '31,free transfer,out,Summer,NA,Eredivisie,2020,2020/2021
Heracles Almelo,Delano Burgzorg,21,Left Winger,Spezia Calcio,"End of loanJun 30, 2020",out,Summer,0,Eredivisie,2020,2020/2021
Heracles Almelo,Mauro Júnior,21,Attacking Midfield,PSV Eindhoven,"End of loanJun 30, 2020",out,Summer,0,Eredivisie,2020,2020/2021
PEC Zwolle,Jesper Drost,27,Attacking Midfield,Heracles Almelo,free transfer,in,Summer,NA,Eredivisie,2020,2020/2021
PEC Zwolle,Rico Strieder,27,Defensive Midfield,FC Utrecht,?,in,Summer,NA,Eredivisie,2020,2020/2021
PEC Zwolle,Immanuel Pherai,19,Attacking Midfield,Bor. Dortmund,loan transfer,in,Summer,NA,Eredivisie,2020,2020/2021
PEC Zwolle,Slobodan Tedic,20,Centre-Forward,Man City U23,loan transfer,in,Summer,NA,Eredivisie,2020,2020/2021
PEC Zwolle,Marc-Olivier Doué,19,Centre-Back,PEC Zwolle U21,-,in,Summer,0,Eredivisie,2020,2020/2021
PEC Zwolle,Eliano Reijnders,19,Right Winger,PEC Zwolle U21,-,in,Summer,0,Eredivisie,2020,2020/2021
PEC Zwolle,Thomas van den Belt,19,Defensive Midfield,PEC Zwolle U21,-,in,Summer,0,Eredivisie,2020,2020/2021
PEC Zwolle,Destan Bajselmani,21,Right-Back,PEC Zwolle U21,-,in,Summer,0,Eredivisie,2020,2020/2021
PEC Zwolle,Jarno Westerman,18,Right Winger,PEC Zwolle U19,-,in,Summer,0,Eredivisie,2020,2020/2021
PEC Zwolle,Zian Flemming,21,Attacking Midfield,NEC Nijmegen,"End of loanJun 30, 2020",in,Summer,0,Eredivisie,2020,2020/2021
PEC Zwolle,Clint Leemans,24,Central Midfield,RKC Waalwijk,"End of loanJun 30, 2020",in,Summer,0,Eredivisie,2020,2020/2021
PEC Zwolle,Stanley Elbers,28,Right Winger,RKC Waalwijk,"End of loanJun 30, 2020",in,Summer,0,Eredivisie,2020,2020/2021
PEC Zwolle,Gustavo Hamer,23,Defensive Midfield,Coventry,£1.35m,out,Summer,1.35,Eredivisie,2020,2020/2021
PEC Zwolle,Zian Flemming,22,Attacking Midfield,Fortuna Sittard,£180Th.,out,Summer,0.18,Eredivisie,2020,2020/2021
PEC Zwolle,Stanley Elbers,28,Right Winger,FC Hermannstadt,free transfer,out,Summer,NA,Eredivisie,2020,2020/2021
PEC Zwolle,Lennart Thy,28,Centre-Forward,Sparta R.,free transfer,out,Summer,NA,Eredivisie,2020,2020/2021
PEC Zwolle,Rick Dekker,25,Defensive Midfield,De Graafschap,free transfer,out,Summer,NA,Eredivisie,2020,2020/2021
PEC Zwolle,Vito van Crooij,24,Right Winger,VVV-Venlo,?,out,Summer,NA,Eredivisie,2020,2020/2021
PEC Zwolle,Etiënne Reijnen,33,Centre-Back,Retired,-,out,Summer,0,Eredivisie,2020,2020/2021
PEC Zwolle,Rico Strieder,27,Defensive Midfield,FC Utrecht,"End of loanJun 30, 2020",out,Summer,0,Eredivisie,2020,2020/2021
PEC Zwolle,Dennis Johnsen,22,Left Winger,Ajax U21,"End of loanJun 30, 2020",out,Summer,0,Eredivisie,2020,2020/2021
PSV Eindhoven,Philipp Max,26,Left-Back,FC Augsburg,£7.20m,in,Summer,7.2,Eredivisie,2020,2020/2021
PSV Eindhoven,Ibrahim Sangaré,22,Defensive Midfield,Toulouse,£6.30m,in,Summer,6.3,Eredivisie,2020,2020/2021
PSV Eindhoven,Vincent Müller,20,Goalkeeper,Würzb. Kickers,£450Th.,in,Summer,0.45,Eredivisie,2020,2020/2021
PSV Eindhoven,Eran Zahavi,33,Centre-Forward,GZ City,free transfer,in,Summer,NA,Eredivisie,2020,2020/2021
PSV Eindhoven,Mario Götze,28,Attacking Midfield,Bor. Dortmund,free transfer,in,Summer,NA,Eredivisie,2020,2020/2021
PSV Eindhoven,Adrian Fein,21,Defensive Midfield,FC Bayern,loan transfer,in,Summer,NA,Eredivisie,2020,2020/2021
PSV Eindhoven,Yvon Mvogo,26,Goalkeeper,RB Leipzig,loan transfer,in,Summer,NA,Eredivisie,2020,2020/2021
PSV Eindhoven,Maxime Delanghe,19,Goalkeeper,PSV U21,-,in,Summer,0,Eredivisie,2020,2020/2021
PSV Eindhoven,Joël Piroe,20,Centre-Forward,PSV U21,-,in,Summer,0,Eredivisie,2020,2020/2021
PSV Eindhoven,Marco van Ginkel,27,Central Midfield,Chelsea,loan transfer,in,Summer,NA,Eredivisie,2020,2020/2021
PSV Eindhoven,Maximiliano Romero,21,Centre-Forward,Vélez Sarsfield,"End of loanJun 30, 2020",in,Summer,0,Eredivisie,2020,2020/2021
PSV Eindhoven,Jeroen Zoet,29,Goalkeeper,FC Utrecht,"End of loanJun 30, 2020",in,Summer,0,Eredivisie,2020,2020/2021
PSV Eindhoven,Luuk Koopmans,26,Goalkeeper,ADO Den Haag,"End of loanJun 30, 2020",in,Summer,0,Eredivisie,2020,2020/2021
PSV Eindhoven,Mauro Júnior,21,Attacking Midfield,Heracles Almelo,"End of loanJun 30, 2020",in,Summer,0,Eredivisie,2020,2020/2021
PSV Eindhoven,Hidde Jurjus,26,Goalkeeper,De Graafschap,"End of loanJun 30, 2020",in,Summer,0,Eredivisie,2020,2020/2021
PSV Eindhoven,Dante Rigo,21,Defensive Midfield,Sparta R.,"End of loanJun 30, 2020",in,Summer,0,Eredivisie,2020,2020/2021
PSV Eindhoven,Armando Obispo,21,Centre-Back,Vitesse,"End of loanJun 30, 2020",in,Summer,0,Eredivisie,2020,2020/2021
PSV Eindhoven,Sam Lammers,23,Centre-Forward,Atalanta BC,£6.30m,out,Summer,6.3,Eredivisie,2020,2020/2021
PSV Eindhoven,Jeroen Zoet,29,Goalkeeper,Spezia Calcio,£1.35m,out,Summer,1.35,Eredivisie,2020,2020/2021
PSV Eindhoven,Robbin Ruiter,33,Goalkeeper,Willem II,£180Th.,out,Summer,0.18,Eredivisie,2020,2020/2021
PSV Eindhoven,Luuk Koopmans,26,Goalkeeper,ADO Den Haag,free transfer,out,Summer,NA,Eredivisie,2020,2020/2021
PSV Eindhoven,Yanick van Osch,23,Goalkeeper,Fortuna Sittard,free transfer,out,Summer,NA,Eredivisie,2020,2020/2021
PSV Eindhoven,Hidde Jurjus,26,Goalkeeper,KFC Uerdingen,free transfer,out,Summer,NA,Eredivisie,2020,2020/2021
PSV Eindhoven,Ritsu Doan,22,Right Winger,Arm. Bielefeld,loan transfer,out,Summer,NA,Eredivisie,2020,2020/2021
PSV Eindhoven,Bruma,25,Left Winger,Olympiacos,loan transfer,out,Summer,NA,Eredivisie,2020,2020/2021
PSV Eindhoven,Michal Sadilek,21,Central Midfield,Slovan Liberec,loan transfer,out,Summer,NA,Eredivisie,2020,2020/2021
PSV Eindhoven,Dante Rigo,21,Defensive Midfield,ADO Den Haag,loan transfer,out,Summer,NA,Eredivisie,2020,2020/2021
PSV Eindhoven,Ibrahim Afellay,34,Left Midfield,Without Club,-,out,Summer,0,Eredivisie,2020,2020/2021
PSV Eindhoven,Daniel Schwaab,31,Centre-Back,Without Club,-,out,Summer,0,Eredivisie,2020,2020/2021
PSV Eindhoven,Konstantinos Mitroglou,32,Centre-Forward,Galatasaray,"End of loanJun 29, 2020",out,Summer,0,Eredivisie,2020,2020/2021
PSV Eindhoven,Ricardo Rodríguez,27,Left-Back,AC Milan,"End of loanJun 30, 2020",out,Summer,0,Eredivisie,2020,2020/2021
RKC Waalwijk,James Efmorfidis,24,Right Winger,Almere City,free transfer,in,Summer,NA,Eredivisie,2020,2020/2021
RKC Waalwijk,Ola John,28,Left Winger,Vit. Guimarães,free transfer,in,Summer,NA,Eredivisie,2020,2020/2021
RKC Waalwijk,Finn Stokkers,24,Centre-Forward,NAC Breda,free transfer,in,Summer,NA,Eredivisie,2020,2020/2021
RKC Waalwijk,Vurnon Anita,31,Defensive Midfield,CSKA-Sofia,free transfer,in,Summer,NA,Eredivisie,2020,2020/2021
RKC Waalwijk,Nicolas Olsak,28,Defensive Midfield,Maccabi Netanya,free transfer,in,Summer,NA,Eredivisie,2020,2020/2021
RKC Waalwijk,Konstantinos Lamprou,28,Goalkeeper,Vitesse,free transfer,in,Summer,NA,Eredivisie,2020,2020/2021
RKC Waalwijk,Ahmed Touba,22,Centre-Back,Club Brugge,?,in,Summer,NA,Eredivisie,2020,2020/2021
RKC Waalwijk,Cyril Ngonge,20,Right Winger,Club Brugge,?,in,Summer,NA,Eredivisie,2020,2020/2021
RKC Waalwijk,Thierry Lutonda,19,Left-Back,RSC Anderlecht,loan transfer,in,Summer,NA,Eredivisie,2020,2020/2021
RKC Waalwijk,Vitalie Damascan,21,Centre-Forward,Torino,loan transfer,in,Summer,NA,Eredivisie,2020,2020/2021
RKC Waalwijk,Ayman Azhil,19,Central Midfield,Bay. Leverkusen,loan transfer,in,Summer,NA,Eredivisie,2020,2020/2021
RKC Waalwijk,Morad El Haddouti,22,Right Winger,RKC U21,-,in,Summer,0,Eredivisie,2020,2020/2021
RKC Waalwijk,Sebbe Augustijns,20,Central Midfield,RKC U21,-,in,Summer,0,Eredivisie,2020,2020/2021
RKC Waalwijk,David Min,21,Centre-Forward,RKC U21,-,in,Summer,0,Eredivisie,2020,2020/2021
RKC Waalwijk,Luuk Wouters,21,Left-Back,RKC U21,-,in,Summer,0,Eredivisie,2020,2020/2021
RKC Waalwijk,Teun van Grunsven,20,Centre-Back,RKC U21,-,in,Summer,0,Eredivisie,2020,2020/2021
RKC Waalwijk,Nigel Langras,19,Right-Back,RKC U21,-,in,Summer,0,Eredivisie,2020,2020/2021
RKC Waalwijk,Mario Bilate,29,Centre-Forward,NAC Breda,free transfer,out,Summer,NA,Eredivisie,2020,2020/2021
RKC Waalwijk,Daan Rienstra,27,Central Midfield,Volos NPS,free transfer,out,Summer,NA,Eredivisie,2020,2020/2021
RKC Waalwijk,Henrico Drost,33,Centre-Back,ASWH,free transfer,out,Summer,NA,Eredivisie,2020,2020/2021
RKC Waalwijk,Ingo van Weert,26,Centre-Back,Stomil Olsztyn,free transfer,out,Summer,NA,Eredivisie,2020,2020/2021
RKC Waalwijk,Nando Nöstlinger,22,Central Midfield,Lokeren-Temse,Loan fee:£18Th.,out,Summer,0.018,Eredivisie,2020,2020/2021
RKC Waalwijk,Kees Heemskerk,29,Goalkeeper,Without Club,-,out,Summer,0,Eredivisie,2020,2020/2021
RKC Waalwijk,Fabian Sporkslede,26,Right-Back,Without Club,-,out,Summer,0,Eredivisie,2020,2020/2021
RKC Waalwijk,Dylan Vente,21,Centre-Forward,Feyenoord,"End of loanJun 30, 2020",out,Summer,0,Eredivisie,2020,2020/2021
RKC Waalwijk,Stanley Elbers,28,Right Winger,PEC Zwolle,"End of loanJun 30, 2020",out,Summer,0,Eredivisie,2020,2020/2021
RKC Waalwijk,Clint Leemans,24,Central Midfield,PEC Zwolle,"End of loanJun 30, 2020",out,Summer,0,Eredivisie,2020,2020/2021
RKC Waalwijk,Tijjani Reijnders,21,Central Midfield,AZ Alkmaar,"End of loanJun 30, 2020",out,Summer,0,Eredivisie,2020,2020/2021
RKC Waalwijk,Stefan Velkov,23,Centre-Back,FC Den Bosch,"End of loanJun 30, 2020",out,Summer,0,Eredivisie,2020,2020/2021
RKC Waalwijk,Emil Hansson,22,Left Winger,Hannover 96,"End of loanJun 30, 2020",out,Summer,0,Eredivisie,2020,2020/2021
RKC Waalwijk,Hannes Delcroix,21,Centre-Back,RSC Anderlecht,"End of loanJun 30, 2020",out,Summer,0,Eredivisie,2020,2020/2021
Sparta Rotterdam,Mario Engels,26,Left Winger,SV Sandhausen,£90Th.,in,Summer,0.09,Eredivisie,2020,2020/2021
Sparta Rotterdam,Danzell Gravenberch,26,Centre-Forward,FC Dordrecht,free transfer,in,Summer,NA,Eredivisie,2020,2020/2021
Sparta Rotterdam,Tom Beugelsdijk,30,Centre-Back,ADO Den Haag,free transfer,in,Summer,NA,Eredivisie,2020,2020/2021
Sparta Rotterdam,Maduka Okoye,20,Goalkeeper,Düsseldorf II,free transfer,in,Summer,NA,Eredivisie,2020,2020/2021
Sparta Rotterdam,Michaël Heylen,26,Centre-Back,FC Emmen,free transfer,in,Summer,NA,Eredivisie,2020,2020/2021
Sparta Rotterdam,Lennart Thy,28,Centre-Forward,PEC Zwolle,free transfer,in,Summer,NA,Eredivisie,2020,2020/2021
Sparta Rotterdam,Reda Kharchouch,24,Centre-Forward,Telstar,?,in,Summer,NA,Eredivisie,2020,2020/2021
Sparta Rotterdam,Benjamin van Leer,28,Goalkeeper,Ajax,?,in,Summer,NA,Eredivisie,2020,2020/2021
Sparta Rotterdam,Aaron Meijers,32,Left-Back,ADO Den Haag,loan transfer,in,Summer,NA,Eredivisie,2020,2020/2021
Sparta Rotterdam,Wouter Burger,19,Central Midfield,Feyenoord,loan transfer,in,Summer,NA,Eredivisie,2020,2020/2021
Sparta Rotterdam,Sven Mijnans,20,Right Midfield,Sparta U21,-,in,Summer,0,Eredivisie,2020,2020/2021
Sparta Rotterdam,Lorenzo Fonseca,22,Centre-Back,Sparta U21,-,in,Summer,0,Eredivisie,2020,2020/2021
Sparta Rotterdam,Bradley Martis,21,Left-Back,Sparta U21,-,in,Summer,0,Eredivisie,2020,2020/2021
Sparta Rotterdam,Emanuel Emegha,17,Centre-Forward,Sparta U19,-,in,Summer,0,Eredivisie,2020,2020/2021
Sparta Rotterdam,Augustin Drakpe,18,Centre-Back,Sparta U19,-,in,Summer,0,Eredivisie,2020,2020/2021
Sparta Rotterdam,Elayis Tavsan,19,Right Winger,Telstar,"End of loanJun 30, 2020",in,Summer,0,Eredivisie,2020,2020/2021
Sparta Rotterdam,Ragnar Ache,21,Centre-Forward,E. Frankfurt,£1.80m,out,Summer,1.8,Eredivisie,2020,2020/2021
Sparta Rotterdam,Elayis Tavsan,19,Right Winger,NEC Nijmegen,£180Th.,out,Summer,0.18,Eredivisie,2020,2020/2021
Sparta Rotterdam,Jurgen Mattheij,27,Centre-Back,CSKA-Sofia,free transfer,out,Summer,NA,Eredivisie,2020,2020/2021
Sparta Rotterdam,Bradley Martis,22,Left-Back,NK Celje,free transfer,out,Summer,NA,Eredivisie,2020,2020/2021
Sparta Rotterdam,Mohamed Rayhi,26,Left Winger,Al-Batin FC,?,out,Summer,NA,Eredivisie,2020,2020/2021
Sparta Rotterdam,Lassana Faye,22,Left-Back,ADO Den Haag,loan transfer,out,Summer,NA,Eredivisie,2020,2020/2021
Sparta Rotterdam,Suently Alberto,24,Centre-Back,Without Club,-,out,Summer,0,Eredivisie,2020,2020/2021
Sparta Rotterdam,Dante Rigo,21,Defensive Midfield,PSV Eindhoven,"End of loanJun 30, 2020",out,Summer,0,Eredivisie,2020,2020/2021
Sparta Rotterdam,Ariel Harush,32,Goalkeeper,H. Beer Sheva,"End of loanJul 31, 2020",out,Summer,0,Eredivisie,2020,2020/2021
Sparta Rotterdam,Patrick Joosten,24,Left Winger,FC Utrecht,"End of loanJun 30, 2020",out,Summer,0,Eredivisie,2020,2020/2021
Sparta Rotterdam,Joël Piroe,20,Centre-Forward,PSV U21,"End of loanJun 30, 2020",out,Summer,0,Eredivisie,2020,2020/2021
Sparta Rotterdam,Khalid Karami,30,Right-Back,Vitesse,"End of loanJun 30, 2020",out,Summer,0,Eredivisie,2020,2020/2021
Twente Enschede FC,Gijs Smal,22,Left-Back,FC Volendam,free transfer,in,Summer,NA,Eredivisie,2020,2020/2021
Twente Enschede FC,Lazaros Lamprou,22,Left Winger,PAOK Salonika,loan transfer,in,Summer,NA,Eredivisie,2020,2020/2021
Twente Enschede FC,Dario Dumic,28,Centre-Back,FC Utrecht,?,in,Summer,NA,Eredivisie,2020,2020/2021
Twente Enschede FC,Tyronne Ebuehi,24,Right-Back,Benfica B,loan transfer,in,Summer,NA,Eredivisie,2020,2020/2021
Twente Enschede FC,Alexander Jeremejeff,26,Centre-Forward,Dynamo Dresden,loan transfer,in,Summer,NA,Eredivisie,2020,2020/2021
Twente Enschede FC,Kik Pierie,19,Centre-Back,Ajax,loan transfer,in,Summer,NA,Eredivisie,2020,2020/2021
Twente Enschede FC,Nathan Markelo,21,Right-Back,Everton U23,loan transfer,in,Summer,NA,Eredivisie,2020,2020/2021
Twente Enschede FC,Vaclav Cerny,22,Right Winger,FC Utrecht,loan transfer,in,Summer,NA,Eredivisie,2020,2020/2021
Twente Enschede FC,Danilo,21,Centre-Forward,Ajax U21,loan transfer,in,Summer,NA,Eredivisie,2020,2020/2021
Twente Enschede FC,Luka Ilic,21,Attacking Midfield,Man City,loan transfer,in,Summer,NA,Eredivisie,2020,2020/2021
Twente Enschede FC,Halil Dervisoglu,20,Centre-Forward,Brentford,loan transfer,in,Summer,NA,Eredivisie,2020,2020/2021
Twente Enschede FC,Ennio van der Gouw,19,Goalkeeper,FC Twente U21,-,in,Summer,0,Eredivisie,2020,2020/2021
Twente Enschede FC,Mees Hilgers,19,Centre-Back,FC Twente U21,-,in,Summer,0,Eredivisie,2020,2020/2021
Twente Enschede FC,Thijs van Leeuwen,19,Left Winger,FC Twente U21,-,in,Summer,0,Eredivisie,2020,2020/2021
Twente Enschede FC,Jayden Oosterwolde,19,Left-Back,FC Twente U19,-,in,Summer,0,Eredivisie,2020,2020/2021
Twente Enschede FC,Ramiz Zerrouki,22,Central Midfield,FC Twente U21,-,in,Summer,0,Eredivisie,2020,2020/2021
Twente Enschede FC,Casper Staring,19,Central Midfield,FC Twente U19,-,in,Summer,0,Eredivisie,2020,2020/2021
Twente Enschede FC,Jorn Brondeel,26,Goalkeeper,Willem II,£45Th.,out,Summer,0.045,Eredivisie,2020,2020/2021
Twente Enschede FC,Emil Berggreen,27,Centre-Forward,Greuther Fürth,free transfer,out,Summer,NA,Eredivisie,2020,2020/2021
Twente Enschede FC,Aitor Cantalapiedra,24,Right Winger,Panathinaikos,free transfer,out,Summer,NA,Eredivisie,2020,2020/2021
Twente Enschede FC,Haris Vuckic,27,Centre-Forward,Real Zaragoza,free transfer,out,Summer,NA,Eredivisie,2020,2020/2021
Twente Enschede FC,Peet Bijen,25,Centre-Back,ADO Den Haag,free transfer,out,Summer,NA,Eredivisie,2020,2020/2021
Twente Enschede FC,Xandro Schenk,27,Centre-Back,Al-Batin FC,?,out,Summer,NA,Eredivisie,2020,2020/2021
Twente Enschede FC,Paul Verhaegh,36,Right-Back,Retired,-,out,Summer,0,Eredivisie,2020,2020/2021
Twente Enschede FC,Tim Hölscher,25,Defensive Midfield,Without Club,-,out,Summer,0,Eredivisie,2020,2020/2021
Twente Enschede FC,Javier Espinosa,27,Central Midfield,Without Club,-,out,Summer,0,Eredivisie,2020,2020/2021
Twente Enschede FC,Oriol Busquets,21,Defensive Midfield,Barcelona B,"End of loanJun 30, 2020",out,Summer,0,Eredivisie,2020,2020/2021
Twente Enschede FC,Calvin Verdonk,23,Left-Back,Feyenoord,"End of loanJun 30, 2020",out,Summer,0,Eredivisie,2020,2020/2021
Twente Enschede FC,Keito Nakamura,19,Left Winger,Gamba Osaka,"End of loanJun 30, 2020",out,Summer,0,Eredivisie,2020,2020/2021
Twente Enschede FC,Giorgi Aburjania,25,Central Midfield,Sevilla FC,"End of loanSep 19, 2020",out,Summer,0,Eredivisie,2020,2020/2021
Twente Enschede FC,José Matos,25,Left-Back,Cádiz CF,"End of loanJun 30, 2020",out,Summer,0,Eredivisie,2020,2020/2021
Twente Enschede FC,Rafik Zekhnini,22,Left Winger,Fiorentina,"End of loanJun 30, 2020",out,Summer,0,Eredivisie,2020,2020/2021
FC Utrecht,Mimoun Mahi,26,Centre-Forward,FC Zürich,free transfer,in,Summer,NA,Eredivisie,2020,2020/2021
FC Utrecht,Moussa Sylla,20,Right Winger,Monaco,free transfer,in,Summer,NA,Eredivisie,2020,2020/2021
FC Utrecht,Eljero Elia,33,Left Winger,Basaksehir,free transfer,in,Summer,NA,Eredivisie,2020,2020/2021
FC Utrecht,Eric Oelschlägel,25,Goalkeeper,Bor. Dortmund,free transfer,in,Summer,NA,Eredivisie,2020,2020/2021
FC Utrecht,Django Warmerdam,24,Left-Back,FC Groningen,free transfer,in,Summer,NA,Eredivisie,2020,2020/2021
FC Utrecht,Daniel Arzani,21,Left Winger,Man City,loan transfer,in,Summer,NA,Eredivisie,2020,2020/2021
FC Utrecht,Odysseus Velanas,22,Attacking Midfield,Utrecht U21,-,in,Summer,0,Eredivisie,2020,2020/2021
FC Utrecht,Tommy St. Jago,20,Centre-Back,Utrecht U21,-,in,Summer,0,Eredivisie,2020,2020/2021
FC Utrecht,Jonas Arweiler,23,Centre-Forward,Utrecht U21,-,in,Summer,0,Eredivisie,2020,2020/2021
FC Utrecht,Mitchell van Rooijen,21,Defensive Midfield,Utrecht U21,-,in,Summer,0,Eredivisie,2020,2020/2021
FC Utrecht,Fabian de Keijzer,20,Goalkeeper,Utrecht U21,-,in,Summer,0,Eredivisie,2020,2020/2021
FC Utrecht,Dario Dumic,28,Centre-Back,Darmstadt 98,"End of loanJun 30, 2020",in,Summer,0,Eredivisie,2020,2020/2021
FC Utrecht,Rico Strieder,27,Defensive Midfield,PEC Zwolle,"End of loanJun 30, 2020",in,Summer,0,Eredivisie,2020,2020/2021
FC Utrecht,Othmane Boussaid,20,Left Winger,NAC Breda,"End of loanJun 30, 2020",in,Summer,0,Eredivisie,2020,2020/2021
FC Utrecht,Nick Venema,21,Centre-Forward,Almere City,"End of loanJun 30, 2020",in,Summer,0,Eredivisie,2020,2020/2021
FC Utrecht,Emil Bergström,27,Centre-Back,FC Basel,"End of loanJun 30, 2020",in,Summer,0,Eredivisie,2020,2020/2021
FC Utrecht,Patrick Joosten,24,Left Winger,Sparta R.,"End of loanJun 30, 2020",in,Summer,0,Eredivisie,2020,2020/2021
FC Utrecht,Sean Klaiber,26,Right-Back,Ajax,£3.83m,out,Summer,3.83,Eredivisie,2020,2020/2021
FC Utrecht,Patrick Joosten,24,Left Winger,FC Groningen,£540Th.,out,Summer,0.54,Eredivisie,2020,2020/2021
FC Utrecht,Jean-Christophe Bahebeck,27,Centre-Forward,Partizan,free transfer,out,Summer,NA,Eredivisie,2020,2020/2021
FC Utrecht,Dario Dumic,28,Centre-Back,Twente FC,?,out,Summer,NA,Eredivisie,2020,2020/2021
FC Utrecht,Rico Strieder,27,Defensive Midfield,PEC Zwolle,?,out,Summer,NA,Eredivisie,2020,2020/2021
FC Utrecht,Nick Venema,21,Centre-Forward,NAC Breda,loan transfer,out,Summer,NA,Eredivisie,2020,2020/2021
FC Utrecht,Jonas Arweiler,23,Centre-Forward,ADO Den Haag,loan transfer,out,Summer,NA,Eredivisie,2020,2020/2021
FC Utrecht,Vaclav Cerny,22,Right Winger,Twente FC,loan transfer,out,Summer,NA,Eredivisie,2020,2020/2021
FC Utrecht,Mitchell van Rooijen,21,Defensive Midfield,Excelsior,loan transfer,out,Summer,NA,Eredivisie,2020,2020/2021
FC Utrecht,Lamine Sané,33,Centre-Back,Without Club,-,out,Summer,0,Eredivisie,2020,2020/2021
FC Utrecht,Issah Abass,21,Left Winger,1.FSV Mainz 05,"End of loanJun 30, 2020",out,Summer,0,Eredivisie,2020,2020/2021
FC Utrecht,Jeroen Zoet,29,Goalkeeper,PSV Eindhoven,"End of loanJun 30, 2020",out,Summer,0,Eredivisie,2020,2020/2021
FC Utrecht,Kristoffer Peterson,25,Left Winger,Swansea,"End of loanJun 30, 2020",out,Summer,0,Eredivisie,2020,2020/2021
Vitesse Arnhem,Oussama Tannane,26,Attacking Midfield,Saint-Étienne,free transfer,in,Summer,NA,Eredivisie,2020,2020/2021
Vitesse Arnhem,Maximilian Wittek,24,Left-Back,Greuther Fürth,free transfer,in,Summer,NA,Eredivisie,2020,2020/2021
Vitesse Arnhem,Idrissa Touré,22,Central Midfield,Juventus U23,loan transfer,in,Summer,NA,Eredivisie,2020,2020/2021
Vitesse Arnhem,Armando Broja,18,Centre-Forward,Chelsea U23,loan transfer,in,Summer,NA,Eredivisie,2020,2020/2021
Vitesse Arnhem,Jacob Rasmussen,23,Centre-Back,Fiorentina,loan transfer,in,Summer,NA,Eredivisie,2020,2020/2021
Vitesse Arnhem,Loïs Openda,20,Centre-Forward,Club Brugge,loan transfer,in,Summer,NA,Eredivisie,2020,2020/2021
Vitesse Arnhem,Million Manhoef,18,Left-Back,Vitesse U19,-,in,Summer,0,Eredivisie,2020,2020/2021
Vitesse Arnhem,Daan Huisman,18,Attacking Midfield,Vitesse U19,-,in,Summer,0,Eredivisie,2020,2020/2021
Vitesse Arnhem,Enzo Cornelisse,18,Centre-Back,Vitesse U19,-,in,Summer,0,Eredivisie,2020,2020/2021
Vitesse Arnhem,Jeroen Houwen,24,Goalkeeper,Go Ahead Eagles,"End of loanJun 30, 2020",in,Summer,0,Eredivisie,2020,2020/2021
Vitesse Arnhem,Thomas Bruns,28,Central Midfield,VVV-Venlo,"End of loanJun 30, 2020",in,Summer,0,Eredivisie,2020,2020/2021
Vitesse Arnhem,Oussama Darfalou,26,Centre-Forward,VVV-Venlo,"End of loanJun 30, 2020",in,Summer,0,Eredivisie,2020,2020/2021
Vitesse Arnhem,Khalid Karami,30,Right-Back,Sparta R.,"End of loanJun 30, 2020",in,Summer,0,Eredivisie,2020,2020/2021
Vitesse Arnhem,Özgür Aktas,23,Centre-Back,Fortuna Sittard,free transfer,out,Summer,NA,Eredivisie,2020,2020/2021
Vitesse Arnhem,Bryan Linssen,29,Centre-Forward,Feyenoord,free transfer,out,Summer,NA,Eredivisie,2020,2020/2021
Vitesse Arnhem,Konstantinos Lamprou,28,Goalkeeper,RKC Waalwijk,free transfer,out,Summer,NA,Eredivisie,2020,2020/2021
Vitesse Arnhem,Julian Lelieveld,22,Right-Back,De Graafschap,free transfer,out,Summer,NA,Eredivisie,2020,2020/2021
Vitesse Arnhem,Tim Matavz,31,Centre-Forward,Al-Wahda FC,free transfer,out,Summer,NA,Eredivisie,2020,2020/2021
Vitesse Arnhem,Richie Musaba,19,Attacking Midfield,Fortuna Sittard,?,out,Summer,NA,Eredivisie,2020,2020/2021
Vitesse Arnhem,Khalid Karami,30,Right-Back,Without Club,-,out,Summer,0,Eredivisie,2020,2020/2021
Vitesse Arnhem,Joshua Brenet,26,Right-Back,TSG Hoffenheim,"End of loanJun 30, 2020",out,Summer,0,Eredivisie,2020,2020/2021
Vitesse Arnhem,Nouha Dicko,28,Centre-Forward,Hull City,"End of loanJun 30, 2020",out,Summer,0,Eredivisie,2020,2020/2021
Vitesse Arnhem,Oussama Tannane,26,Attacking Midfield,Saint-Étienne,"End of loanJun 30, 2020",out,Summer,0,Eredivisie,2020,2020/2021
Vitesse Arnhem,Jay-Roy Grot,22,Centre-Forward,Leeds,"End of loanJun 30, 2020",out,Summer,0,Eredivisie,2020,2020/2021
Vitesse Arnhem,Armando Obispo,21,Centre-Back,PSV Eindhoven,"End of loanJun 30, 2020",out,Summer,0,Eredivisie,2020,2020/2021
Vitesse Arnhem,Charly Musonda Jr.,23,Attacking Midfield,Chelsea,"End of loanJun 30, 2020",out,Summer,0,Eredivisie,2020,2020/2021
VVV-Venlo,Georgios Giakoumakis,25,Centre-Forward,AEK Athens,£180Th.,in,Summer,0.18,Eredivisie,2020,2020/2021
VVV-Venlo,Nezar S'Rifi,20,Central Midfield,Lierse Kemp U21,free transfer,in,Summer,NA,Eredivisie,2020,2020/2021
VVV-Venlo,Guus Hupperts,28,Right Winger,KSC Lokeren,free transfer,in,Summer,NA,Eredivisie,2020,2020/2021
VVV-Venlo,Lukas Schmitz,31,Left-Back,Wolfsberger AC,free transfer,in,Summer,NA,Eredivisie,2020,2020/2021
VVV-Venlo,Jafar Arias,25,Centre-Forward,FC Emmen,free transfer,in,Summer,NA,Eredivisie,2020,2020/2021
VVV-Venlo,Arjan Swinkels,35,Centre-Back,KV Mechelen,free transfer,in,Summer,NA,Eredivisie,2020,2020/2021
VVV-Venlo,Roy Gelmi,25,Centre-Back,FC Thun,?,in,Summer,NA,Eredivisie,2020,2020/2021
VVV-Venlo,Vito van Crooij,24,Right Winger,PEC Zwolle,?,in,Summer,NA,Eredivisie,2020,2020/2021
VVV-Venlo,Zinédine Machach,24,Defensive Midfield,SSC Napoli,loan transfer,in,Summer,NA,Eredivisie,2020,2020/2021
VVV-Venlo,Ante Coric,23,Attacking Midfield,AS Roma,loan transfer,in,Summer,NA,Eredivisie,2020,2020/2021
VVV-Venlo,Torino Hunte,29,Left Winger,Without Club,-,in,Summer,0,Eredivisie,2020,2020/2021
VVV-Venlo,Joshua John,31,Left Winger,Without Club,-,in,Summer,0,Eredivisie,2020,2020/2021
VVV-Venlo,Wassim Essanoussi,16,Attacking Midfield,VVV U19,-,in,Summer,0,Eredivisie,2020,2020/2021
VVV-Venlo,Peter van Ooijen,28,Left Winger,KFC Uerdingen,free transfer,out,Summer,NA,Eredivisie,2020,2020/2021
VVV-Venlo,Roel Janssen,30,Centre-Back,Fortuna Sittard,free transfer,out,Summer,NA,Eredivisie,2020,2020/2021
VVV-Venlo,Nils Röseler,28,Centre-Back,SV Sandhausen,free transfer,out,Summer,NA,Eredivisie,2020,2020/2021
VVV-Venlo,Haji Wright,22,Centre-Forward,SönderjyskE,free transfer,out,Summer,NA,Eredivisie,2020,2020/2021
VVV-Venlo,Johnatan Opoku,30,Attacking Midfield,De Graafschap,free transfer,out,Summer,NA,Eredivisie,2020,2020/2021
VVV-Venlo,Richard Neudecker,23,Central Midfield,1860 Munich,?,out,Summer,NA,Eredivisie,2020,2020/2021
VVV-Venlo,Jens Craenmehr,18,Goalkeeper,VVV/HS U21,-,out,Summer,0,Eredivisie,2020,2020/2021
VVV-Venlo,Lee Cattermole,32,Defensive Midfield,Retired,-,out,Summer,0,Eredivisie,2020,2020/2021
VVV-Venlo,Roy Gelmi,25,Centre-Back,FC Thun,"End of loanJun 30, 2020",out,Summer,0,Eredivisie,2020,2020/2021
VVV-Venlo,Thomas Bruns,28,Central Midfield,Vitesse,"End of loanJun 30, 2020",out,Summer,0,Eredivisie,2020,2020/2021
VVV-Venlo,Oussama Darfalou,26,Centre-Forward,Vitesse,"End of loanJun 30, 2020",out,Summer,0,Eredivisie,2020,2020/2021
VVV-Venlo,John Yeboah,20,Left Winger,VfL Wolfsburg,"End of loanJun 30, 2020",out,Summer,0,Eredivisie,2020,2020/2021
VVV-Venlo,Jerome Sinclair,23,Centre-Forward,Watford,"End of loanJun 30, 2020",out,Summer,0,Eredivisie,2020,2020/2021
Willem II Tilburg,Mike Trésor,21,Attacking Midfield,NEC Nijmegen,£450Th.,in,Summer,0.45,Eredivisie,2020,2020/2021
Willem II Tilburg,Leeroy Owusu,23,Right-Back,De Graafschap,£293Th.,in,Summer,0.293,Eredivisie,2020,2020/2021
Willem II Tilburg,Robbin Ruiter,33,Goalkeeper,PSV Eindhoven,£180Th.,in,Summer,0.18,Eredivisie,2020,2020/2021
Willem II Tilburg,Jorn Brondeel,26,Goalkeeper,Twente FC,£45Th.,in,Summer,0.045,Eredivisie,2020,2020/2021
Willem II Tilburg,Kwasi Wriedt,25,Centre-Forward,FC Bayern II,free transfer,in,Summer,NA,Eredivisie,2020,2020/2021
Willem II Tilburg,Derrick Köhn,21,Left-Back,FC Bayern II,free transfer,in,Summer,NA,Eredivisie,2020,2020/2021
Willem II Tilburg,Jan-Arie van der Heijden,32,Centre-Back,Feyenoord,free transfer,in,Summer,NA,Eredivisie,2020,2020/2021
Willem II Tilburg,John Yeboah,20,Left Winger,VfL Wolfsburg,?,in,Summer,NA,Eredivisie,2020,2020/2021
Willem II Tilburg,Ole Romeny,20,Centre-Forward,NEC Nijmegen,loan transfer,in,Summer,NA,Eredivisie,2020,2020/2021
Willem II Tilburg,Victor van den Bogert,20,Centre-Back,De Graafschap,"End of loanJun 30, 2020",in,Summer,0,Eredivisie,2020,2020/2021
Willem II Tilburg,Justin Ogenia,21,Right-Back,FC Eindhoven,"End of loanJun 30, 2020",in,Summer,0,Eredivisie,2020,2020/2021
Willem II Tilburg,Atakan Akkaynak,21,Central Midfield,C. Rizespor,"End of loanAug 3, 2020",in,Summer,0,Eredivisie,2020,2020/2021
Willem II Tilburg,Damil Dankerlui,23,Right-Back,FC Groningen,£338Th.,out,Summer,0.338,Eredivisie,2020,2020/2021
Willem II Tilburg,James McGarry,22,Left-Back,Wellington P.,free transfer,out,Summer,NA,Eredivisie,2020,2020/2021
Willem II Tilburg,Fernando Lewis,27,Right Winger,Quick Boys,free transfer,out,Summer,NA,Eredivisie,2020,2020/2021
Willem II Tilburg,Timon Wellenreuther,24,Goalkeeper,RSC Anderlecht,free transfer,out,Summer,NA,Eredivisie,2020,2020/2021
Willem II Tilburg,Justin Ogenia,21,Right-Back,FC Eindhoven,£9Th.,out,Summer,0.009,Eredivisie,2020,2020/2021
Willem II Tilburg,Atakan Akkaynak,21,Central Midfield,C. Rizespor,?,out,Summer,NA,Eredivisie,2020,2020/2021
Willem II Tilburg,Michael Woud,21,Goalkeeper,Almere City,loan transfer,out,Summer,NA,Eredivisie,2020,2020/2021
Willem II Tilburg,Georgios Strezos,24,Goalkeeper,Without Club,-,out,Summer,0,Eredivisie,2020,2020/2021
Willem II Tilburg,Marios Vrousai,21,Left Winger,Olympiacos,"End of loanJun 30, 2020",out,Summer,0,Eredivisie,2020,2020/2021
Willem II Tilburg,Mike Trésor,21,Attacking Midfield,NEC Nijmegen,"End of loanJun 30, 2020",out,Summer,0,Eredivisie,2020,2020/2021
Willem II Tilburg,João Queirós,22,Centre-Back,1. FC Köln,"End of loanJun 30, 2020",out,Summer,0,Eredivisie,2020,2020/2021
ADO Den Haag,Martin Fraisl,27,Goalkeeper,SV Sandhausen,free transfer,in,Winter,NA,Eredivisie,2020,2020/2021
ADO Den Haag,Tomislav Gomelt,26,Central Midfield,Crotone,free transfer,in,Winter,NA,Eredivisie,2020,2020/2021
ADO Den Haag,Youness Mokhtar,29,Left Winger,Columbus,free transfer,in,Winter,NA,Eredivisie,2020,2020/2021
ADO Den Haag,Juan Familia-Castillo,20,Left-Back,Chelsea U23,loan transfer,in,Winter,NA,Eredivisie,2020,2020/2021
ADO Den Haag,Bobby Adekanye,21,Right Winger,Lazio,loan transfer,in,Winter,NA,Eredivisie,2020,2020/2021
ADO Den Haag,Gianni Zuiverloon,33,Centre-Back,Without Club,-,in,Winter,0,Eredivisie,2020,2020/2021
ADO Den Haag,Daryl Janmaat,31,Centre-Back,Without Club,-,in,Winter,0,Eredivisie,2020,2020/2021
ADO Den Haag,Marko Vejinović,30,Central Midfield,Without Club,-,in,Winter,0,Eredivisie,2020,2020/2021
ADO Den Haag,Nasser El Khayati,31,Attacking Midfield,Without Club,-,in,Winter,0,Eredivisie,2020,2020/2021
ADO Den Haag,Samy Bourard,24,Attacking Midfield,Fehérvár,£180Th.,out,Winter,0.18,Eredivisie,2020,2020/2021
ADO Den Haag,Nikolaos Karelis,28,Centre-Forward,Panetolikos,free transfer,out,Winter,NA,Eredivisie,2020,2020/2021
ADO Den Haag,Evan Rottier,18,Centre-Forward,TOP Oss,loan transfer,out,Winter,NA,Eredivisie,2020,2020/2021
ADO Den Haag,Ravel Morrison,27,Attacking Midfield,Without Club,-,out,Winter,0,Eredivisie,2020,2020/2021
ADO Den Haag,Andrei Ratiu,22,Right-Back,Villarreal,"End of loanJan 29, 2021",out,Winter,0,Eredivisie,2020,2020/2021
ADO Den Haag,Dante Rigo,22,Defensive Midfield,PSV Eindhoven,"End of loanJan 31, 2021",out,Winter,0,Eredivisie,2020,2020/2021
Ajax Amsterdam,Sébastien Haller,26,Centre-Forward,West Ham,£20.25m,in,Winter,20.25,Eredivisie,2020,2020/2021
Ajax Amsterdam,Oussama Idrissi,24,Left Winger,Sevilla FC,loan transfer,in,Winter,NA,Eredivisie,2020,2020/2021
Ajax Amsterdam,Devyne Rensch,17,Right-Back,Ajax U21,-,in,Winter,0,Eredivisie,2020,2020/2021
Ajax Amsterdam,Kenneth Taylor,18,Central Midfield,Ajax U21,-,in,Winter,0,Eredivisie,2020,2020/2021
Ajax Amsterdam,Quincy Promes,29,Left Winger,Spartak Moscow,£7.65m,out,Winter,7.65,Eredivisie,2020,2020/2021
Ajax Amsterdam,Klaas-Jan Huntelaar,37,Centre-Forward,FC Schalke 04,free transfer,out,Winter,NA,Eredivisie,2020,2020/2021
AZ Alkmaar,Ferdy Druijf,22,Centre-Forward,KV Mechelen,loan transfer,out,Winter,NA,Eredivisie,2020,2020/2021
AZ Alkmaar,Ron Vlaar,35,Centre-Back,Retired,-,out,Winter,0,Eredivisie,2020,2020/2021
AZ Alkmaar,Thijs Oosting,20,Attacking Midfield,RKC Waalwijk,loan transfer,out,Winter,NA,Eredivisie,2020,2020/2021
AZ Alkmaar,Juan Familia-Castillo,20,Left-Back,Chelsea U23,"End of loanJan 11, 2021",out,Winter,0,Eredivisie,2020,2020/2021
FC Emmen,Didier La Torre,18,Right Winger,Alianza Lima II,free transfer,in,Winter,NA,Eredivisie,2020,2020/2021
FC Emmen,Kerim Frei,27,Left Winger,Basaksehir,free transfer,in,Winter,NA,Eredivisie,2020,2020/2021
FC Emmen,Paul Gladon,28,Centre-Forward,Willem II,free transfer,in,Winter,NA,Eredivisie,2020,2020/2021
FC Emmen,Jari Vlak,22,Central Midfield,FC Volendam,?,in,Winter,NA,Eredivisie,2020,2020/2021
FC Emmen,Jean-Pierre Rhyner,24,Centre-Back,Cádiz CF,loan transfer,in,Winter,NA,Eredivisie,2020,2020/2021
FC Emmen,Luka Adzic,22,Left Winger,RSC Anderlecht,loan transfer,in,Winter,NA,Eredivisie,2020,2020/2021
FC Emmen,Michael Verrips,24,Goalkeeper,Sheff Utd,loan transfer,in,Winter,NA,Eredivisie,2020,2020/2021
FC Emmen,Donis Avdijaj,24,Attacking Midfield,Without Club,-,in,Winter,0,Eredivisie,2020,2020/2021
FC Emmen,Donis Avdijaj,24,Attacking Midfield,AEL Limassol,free transfer,out,Winter,NA,Eredivisie,2020,2020/2021
FC Emmen,Collin Seedorf,25,Right-Back,FC Eindhoven,free transfer,out,Winter,NA,Eredivisie,2020,2020/2021
FC Emmen,Behadil Sabani,21,Defensive Midfield,RW Koblenz,free transfer,out,Winter,NA,Eredivisie,2020,2020/2021
FC Emmen,Anco Jansen,31,Centre-Forward,NAC Breda,free transfer,out,Winter,NA,Eredivisie,2020,2020/2021
FC Emmen,Michael Chacón,26,Central Midfield,Atl. Nacional,?,out,Winter,NA,Eredivisie,2020,2020/2021
FC Emmen,Desevio Payne,25,Right-Back,Emmen U21,-,out,Winter,0,Eredivisie,2020,2020/2021
Feyenoord Rotterdam,Lucas Pratto,32,Centre-Forward,River Plate,Loan fee:£450Th.,in,Winter,0.45,Eredivisie,2020,2020/2021
Feyenoord Rotterdam,Aliou Balde,18,Left Winger,Diambars FC,£36Th.,in,Winter,0.036,Eredivisie,2020,2020/2021
Feyenoord Rotterdam,Luciano Narsingh,30,Right Winger,Twente FC,loan transfer,out,Winter,NA,Eredivisie,2020,2020/2021
Feyenoord Rotterdam,George Johnston,22,Centre-Back,Wigan,loan transfer,out,Winter,NA,Eredivisie,2020,2020/2021
Feyenoord Rotterdam,Sven van Beek,26,Centre-Back,Willem II,loan transfer,out,Winter,NA,Eredivisie,2020,2020/2021
Fortuna Sittard,Leroy George,33,Left Winger,Without Club,free transfer,in,Winter,NA,Eredivisie,2020,2020/2021
Fortuna Sittard,Thibaud Verlinden,21,Right Winger,Stoke City,?,in,Winter,NA,Eredivisie,2020,2020/2021
Fortuna Sittard,Mickaël Tirpan,27,Right-Back,Kasimpasa,loan transfer,in,Winter,NA,Eredivisie,2020,2020/2021
Fortuna Sittard,Dimitrios Emmanouilidis,20,Right Winger,Panathinaikos,loan transfer,in,Winter,NA,Eredivisie,2020,2020/2021
Fortuna Sittard,Piet Velthuizen,34,Goalkeeper,Without Club,-,in,Winter,0,Eredivisie,2020,2020/2021
Fortuna Sittard,Dario van den Buijs,25,Centre-Back,Beerschot V.A.,loan transfer,in,Winter,NA,Eredivisie,2020,2020/2021
Fortuna Sittard,Grégoire Amiot,25,Centre-Back,Falkenberg,"End of loanNov 30, 2020",in,Winter,0,Eredivisie,2020,2020/2021
Fortuna Sittard,Branislav Ninaj,26,Centre-Back,Sepsi OSK,?,out,Winter,NA,Eredivisie,2020,2020/2021
Fortuna Sittard,Jorrit Smeets,25,Defensive Midfield,Almere City,?,out,Winter,NA,Eredivisie,2020,2020/2021
Fortuna Sittard,Alexei Coselev,27,Goalkeeper,Júbilo Iwata,?,out,Winter,NA,Eredivisie,2020,2020/2021
Fortuna Sittard,Adnan Ugur,19,Central Midfield,FC Dordrecht,loan transfer,out,Winter,NA,Eredivisie,2020,2020/2021
Fortuna Sittard,Djibril Dianessy,24,Right Winger,MVV Maastricht,loan transfer,out,Winter,NA,Eredivisie,2020,2020/2021
Fortuna Sittard,Jaroslaw Jach,26,Centre-Back,Crystal Palace,"End of loanDec 31, 2020",out,Winter,0,Eredivisie,2020,2020/2021
FC Groningen,Mike te Wierik,28,Centre-Back,Derby,?,in,Winter,NA,Eredivisie,2020,2020/2021
FC Groningen,Per Kristian Bratveit,24,Goalkeeper,Djurgarden,loan transfer,in,Winter,NA,Eredivisie,2020,2020/2021
FC Groningen,Paulos Abraham,18,Centre-Forward,AIK,loan transfer,in,Winter,NA,Eredivisie,2020,2020/2021
FC Groningen,Görkem Can,20,Centre-Back,Denizlispor,free transfer,out,Winter,NA,Eredivisie,2020,2020/2021
FC Groningen,Nigel Bertrams,28,Goalkeeper,PEC Zwolle,free transfer,out,Winter,NA,Eredivisie,2020,2020/2021
SC Heerenveen,Tibor Halilovic,25,Defensive Midfield,HNK Rijeka,£1.35m,in,Winter,1.35,Eredivisie,2020,2020/2021
SC Heerenveen,Rami Kaib,23,Left-Back,Elfsborg,£450Th.,in,Winter,0.45,Eredivisie,2020,2020/2021
SC Heerenveen,Siem de Jong,31,Attacking Midfield,Cincinnati,free transfer,in,Winter,NA,Eredivisie,2020,2020/2021
SC Heerenveen,Ariel Harush,32,Goalkeeper,FC Nitra,free transfer,in,Winter,NA,Eredivisie,2020,2020/2021
SC Heerenveen,Syb van Ottele,18,Centre-Back,NEC Nijmegen,?,in,Winter,NA,Eredivisie,2020,2020/2021
SC Heerenveen,Lasse Schöne,34,Defensive Midfield,Without Club,-,in,Winter,0,Eredivisie,2020,2020/2021
SC Heerenveen,Andreas Skovgaard,23,Centre-Back,Örebro SK,"End of loanDec 31, 2020",in,Winter,0,Eredivisie,2020,2020/2021
SC Heerenveen,Andreas Skovgaard,23,Centre-Back,Örebro SK,free transfer,out,Winter,NA,Eredivisie,2020,2020/2021
SC Heerenveen,Joaquín Fernández,22,Centre-Back,Mvd City Torque,loan transfer,out,Winter,NA,Eredivisie,2020,2020/2021
Heracles Almelo,Melih Ibrahimoglu,20,Attacking Midfield,Rapid Vienna,?,in,Winter,NA,Eredivisie,2020,2020/2021
Heracles Almelo,Elias Sierra,19,Central Midfield,KRC Genk,?,in,Winter,NA,Eredivisie,2020,2020/2021
Heracles Almelo,Ahmed Kutucu,20,Centre-Forward,FC Schalke 04,loan transfer,in,Winter,NA,Eredivisie,2020,2020/2021
Heracles Almelo,Silvester van der Water,24,Right Winger,Orlando,£1.08m,out,Winter,1.08,Eredivisie,2020,2020/2021
Heracles Almelo,Jeremy Cijntje,23,Left Winger,Waasl.-Beveren,loan transfer,out,Winter,NA,Eredivisie,2020,2020/2021
PEC Zwolle,Virgil Misidjan,27,Right Winger,1.FC Nuremberg,free transfer,in,Winter,NA,Eredivisie,2020,2020/2021
PEC Zwolle,Nigel Bertrams,28,Goalkeeper,FC Groningen,free transfer,in,Winter,NA,Eredivisie,2020,2020/2021
PEC Zwolle,Benson,23,Right Winger,Royal Antwerp,loan transfer,in,Winter,NA,Eredivisie,2020,2020/2021
PEC Zwolle,Rav van den Berg,16,Centre-Back,PEC Zwolle U21,-,in,Winter,0,Eredivisie,2020,2020/2021
PEC Zwolle,Samir Lagsir,17,Attacking Midfield,PEC Zwolle U21,-,in,Winter,0,Eredivisie,2020,2020/2021
PEC Zwolle,Thomas Buitink,20,Centre-Forward,Vitesse,loan transfer,in,Winter,NA,Eredivisie,2020,2020/2021
PEC Zwolle,Clint Leemans,25,Central Midfield,De Graafschap,loan transfer,out,Winter,NA,Eredivisie,2020,2020/2021
PEC Zwolle,Michael Zetterer,25,Goalkeeper,Werder Bremen,"End of loanJan 30, 2021",out,Winter,0,Eredivisie,2020,2020/2021
PSV Eindhoven,Yorbe Vertessen,19,Centre-Forward,PSV U21,-,in,Winter,0,Eredivisie,2020,2020/2021
PSV Eindhoven,Derrick Luckassen,25,Centre-Back,RSC Anderlecht,"End of loanJan 10, 2021",in,Winter,0,Eredivisie,2020,2020/2021
PSV Eindhoven,Dante Rigo,22,Defensive Midfield,ADO Den Haag,"End of loanJan 31, 2021",in,Winter,0,Eredivisie,2020,2020/2021
PSV Eindhoven,Jorrit Hendrix,25,Defensive Midfield,Spartak Moscow,£450Th.,out,Winter,0.45,Eredivisie,2020,2020/2021
PSV Eindhoven,Derrick Luckassen,25,Centre-Back,Kasimpasa,loan transfer,out,Winter,NA,Eredivisie,2020,2020/2021
PSV Eindhoven,Dante Rigo,22,Defensive Midfield,PSV U21,-,out,Winter,0,Eredivisie,2020,2020/2021
RKC Waalwijk,Yassin Oukili,20,Central Midfield,Vitesse U21,?,in,Winter,NA,Eredivisie,2020,2020/2021
RKC Waalwijk,Shawn Adewoye,20,Centre-Back,KRC Genk,?,in,Winter,NA,Eredivisie,2020,2020/2021
RKC Waalwijk,Thijs Oosting,20,Attacking Midfield,AZ Alkmaar,loan transfer,in,Winter,NA,Eredivisie,2020,2020/2021
RKC Waalwijk,Teun van Grunsven,21,Centre-Back,FC Den Bosch,free transfer,out,Winter,NA,Eredivisie,2020,2020/2021
RKC Waalwijk,Nicolas Olsak,29,Defensive Midfield,B. Jerusalem,free transfer,out,Winter,NA,Eredivisie,2020,2020/2021
RKC Waalwijk,Nigel Langras,19,Right-Back,Without Club,-,out,Winter,0,Eredivisie,2020,2020/2021
Sparta Rotterdam,Lorenzo Fonseca,23,Centre-Back,FC Den Bosch,free transfer,out,Winter,NA,Eredivisie,2020,2020/2021
Twente Enschede FC,Issah Abass,22,Left Winger,1.FSV Mainz 05,loan transfer,in,Winter,NA,Eredivisie,2020,2020/2021
Twente Enschede FC,Luciano Narsingh,30,Right Winger,Feyenoord,loan transfer,in,Winter,NA,Eredivisie,2020,2020/2021
Twente Enschede FC,Daan Rots,19,Right Winger,FC Twente U21,-,in,Winter,0,Eredivisie,2020,2020/2021
Twente Enschede FC,Max Bruns,18,Central Midfield,FC Twente U21,-,in,Winter,0,Eredivisie,2020,2020/2021
Twente Enschede FC,Lindon Selahi,21,Central Midfield,Willem II,loan transfer,out,Winter,NA,Eredivisie,2020,2020/2021
Twente Enschede FC,Lazaros Lamprou,23,Left Winger,PAOK Salonika,"End of loanDec 31, 2020",out,Winter,0,Eredivisie,2020,2020/2021
Twente Enschede FC,Alexander Jeremejeff,27,Centre-Forward,Dynamo Dresden,"End of loanDec 31, 2020",out,Winter,0,Eredivisie,2020,2020/2021
Twente Enschede FC,Halil Dervisoglu,21,Centre-Forward,Brentford,"End of loanJan 2, 2021",out,Winter,0,Eredivisie,2020,2020/2021
FC Utrecht,Hidde ter Avest,23,Right-Back,Udinese Calcio,free transfer,in,Winter,NA,Eredivisie,2020,2020/2021
FC Utrecht,Benaissa Benamar,23,Centre-Back,Telstar,?,in,Winter,NA,Eredivisie,2020,2020/2021
FC Utrecht,Remco Balk,19,Right Winger,Groningen U21,?,in,Winter,NA,Eredivisie,2020,2020/2021
FC Utrecht,Leon Guwara,24,Left-Back,VVV-Venlo,loan transfer,out,Winter,NA,Eredivisie,2020,2020/2021
FC Utrecht,Justin Lonwijk,21,Central Midfield,Viborg FF,loan transfer,out,Winter,NA,Eredivisie,2020,2020/2021
FC Utrecht,Daniel Arzani,22,Left Winger,Man City,"End of loanJan 25, 2021",out,Winter,0,Eredivisie,2020,2020/2021
Vitesse Arnhem,Dominik Oroz,20,Centre-Back,FC Liefering,?,in,Winter,NA,Eredivisie,2020,2020/2021
Vitesse Arnhem,Noah Ohio,17,Centre-Forward,RB Leipzig U19,loan transfer,in,Winter,NA,Eredivisie,2020,2020/2021
Vitesse Arnhem,Max Clark,25,Left-Back,Hull City,free transfer,out,Winter,NA,Eredivisie,2020,2020/2021
Vitesse Arnhem,Filip Möller Delaveris,20,Left Winger,Brann,?,out,Winter,NA,Eredivisie,2020,2020/2021
Vitesse Arnhem,Roy Beerens,33,Right Winger,Retired,-,out,Winter,0,Eredivisie,2020,2020/2021
Vitesse Arnhem,Thomas Buitink,20,Centre-Forward,PEC Zwolle,loan transfer,out,Winter,NA,Eredivisie,2020,2020/2021
VVV-Venlo,Kristopher Da Graca,22,Centre-Back,IFK Göteborg,£144Th.,in,Winter,0.144,Eredivisie,2020,2020/2021
VVV-Venlo,Leon Guwara,24,Left-Back,FC Utrecht,loan transfer,in,Winter,NA,Eredivisie,2020,2020/2021
VVV-Venlo,Christos Donis,26,Central Midfield,Ascoli,loan transfer,in,Winter,NA,Eredivisie,2020,2020/2021
VVV-Venlo,Anastasios Donis,24,Centre-Forward,Stade Reims,loan transfer,in,Winter,NA,Eredivisie,2020,2020/2021
VVV-Venlo,Meritan Shabani,21,Attacking Midfield,Wolves U23,loan transfer,in,Winter,NA,Eredivisie,2020,2020/2021
VVV-Venlo,Evert Linthorst,20,Central Midfield,Ittihad Kalba,£540Th.,out,Winter,0.54,Eredivisie,2020,2020/2021
VVV-Venlo,Stan van Dijck,20,Centre-Back,Roda JC,loan transfer,out,Winter,NA,Eredivisie,2020,2020/2021
VVV-Venlo,Aaron Bastiaans,18,Left Winger,Helmond Sport,loan transfer,out,Winter,NA,Eredivisie,2020,2020/2021
VVV-Venlo,Ante Coric,23,Attacking Midfield,AS Roma,"End of loanFeb 14, 2021",out,Winter,0,Eredivisie,2020,2020/2021
Willem II Tilburg,Lindon Selahi,21,Central Midfield,Twente FC,loan transfer,in,Winter,NA,Eredivisie,2020,2020/2021
Willem II Tilburg,Arijanet Muric,22,Goalkeeper,Man City,loan transfer,in,Winter,NA,Eredivisie,2020,2020/2021
Willem II Tilburg,Ian Smeulers,21,Left-Back,Feyenoord U21,loan transfer,in,Winter,NA,Eredivisie,2020,2020/2021
Willem II Tilburg,Sven van Beek,26,Centre-Back,Feyenoord,loan transfer,in,Winter,NA,Eredivisie,2020,2020/2021
Willem II Tilburg,Wesley Spieringhs,19,Central Midfield,Willem II U21,-,in,Winter,0,Eredivisie,2020,2020/2021
Willem II Tilburg,Michael Woud,22,Goalkeeper,Almere City,"End of loanJan 25, 2021",in,Winter,0,Eredivisie,2020,2020/2021
Willem II Tilburg,Paul Gladon,28,Centre-Forward,FC Emmen,free transfer,out,Winter,NA,Eredivisie,2020,2020/2021
Willem II Tilburg,Dylan Ryan,20,Centre-Back,Melbourne,loan transfer,out,Winter,NA,Eredivisie,2020,2020/2021
Willem II Tilburg,Michael Woud,22,Goalkeeper,Almere City,?,out,Winter,NA,Eredivisie,2020,2020/2021
Willem II Tilburg,John Yeboah,20,Left Winger,Almere City,loan transfer,out,Winter,NA,Eredivisie,2020,2020/2021
