club_name,player_name,age,position,club_involved_name,fee,transfer_movement,transfer_period,fee_cleaned,league_name,year,season
Middlesbrough FC,Tommy Wright,26,Left Winger,Leicester,£819Th.,in,Summer,0.819,Premier League,1992,1992/1993
Middlesbrough FC,Jonathan Gittens,28,Defender,Southampton,£225Th.,in,Summer,0.225,Premier League,1992,1992/1993
Middlesbrough FC,Chris Morris,28,Right-Back,Celtic,?,in,Summer,NA,Premier League,1992,1992/1993
Middlesbrough FC,Ben Roberts,17,Goalkeeper,Boro U18,-,in,Summer,0,Premier League,1992,1992/1993
Middlesbrough FC,Andy Todd,17,Centre-Back,Boro U18,-,in,Summer,0,Premier League,1992,1992/1993
Middlesbrough FC,Stuart Ripley,24,Midfielder,Blackburn,£1.80m,out,Summer,1.8,Premier League,1992,1992/1993
Middlesbrough FC,Gary Parkinson,24,Right-Back,Southend United,Loan,out,Summer,0,Premier League,1992,1992/1993
Middlesbrough FC,Bernie Slaven,31,Centre-Forward,Port Vale,?,out,Summer,NA,Premier League,1992,1992/1993
Middlesbrough FC,Andy Payton,24,Forward,Celtic,?,out,Summer,NA,Premier League,1992,1992/1993
Middlesbrough FC,Dwight Marshall,27,Forward,Plymouth,"End of loanMay 31, 1993",out,Summer,0,Premier League,1992,1992/1993
Middlesbrough FC,Brian Marwood,32,Attacking Midfield,Sheffield Utd.,"End of loanJun 30, 1992",out,Summer,0,Premier League,1992,1992/1993
Norwich City,Mark Robins,22,Centre-Forward,Man Utd,£900Th.,in,Summer,0.9,Premier League,1992,1992/1993
Norwich City,Gary Megson,33,Defensive Midfield,Man City,Free transfer,in,Summer,0,Premier League,1992,1992/1993
Norwich City,Mark Peters,19,Defender,Man City,Free transfer,in,Summer,0,Premier League,1992,1992/1993
Norwich City,Darren Eadie,17,Left Midfield,Norwich U18,-,in,Summer,0,Premier League,1992,1992/1993
Norwich City,Andy Johnson,18,Attacking Midfield,Norwich U18,-,in,Summer,0,Premier League,1992,1992/1993
Norwich City,Tim Sherwood,23,Central Midfield,Blackburn,£675Th.,out,Summer,0.675,Premier League,1992,1992/1993
Norwich City,Paul Blades,27,Right-Back,Wolves,£340Th.,out,Summer,0.34,Premier League,1992,1992/1993
Norwich City,Adrian Pennock,21,Midfielder,Bournemouth,£32Th.,out,Summer,0.032,Premier League,1992,1992/1993
Norwich City,Robert Fleck,26,Centre-Forward,Chelsea,?,out,Summer,NA,Premier League,1992,1992/1993
Norwich City,Colin Loss,18,Right Midfield,Derby,?,out,Summer,NA,Premier League,1992,1992/1993
Oldham Athletic,Ian Olney,22,Centre-Forward,Aston Villa,£805Th.,in,Summer,0.805,Premier League,1992,1992/1993
Oldham Athletic,Neil Pointon,27,Left-Back,Man City,£608Th.,in,Summer,0.608,Premier League,1992,1992/1993
Oldham Athletic,Steve Redmond,24,Centre-Back,Man City,£405Th.,in,Summer,0.405,Premier League,1992,1992/1993
Oldham Athletic,Orpheo Keizerweerd,23,Centre-Forward,Unknown,?,in,Summer,NA,Premier League,1992,1992/1993
Oldham Athletic,Chris Makin,19,Left-Back,Wigan,"End of loanMay 1, 1993",in,Summer,0,Premier League,1992,1992/1993
Oldham Athletic,Paul Moulden,24,Forward,Molde,"End of loanJun 30, 1992",in,Summer,0,Premier League,1992,1992/1993
Oldham Athletic,Chris Makin,19,Left-Back,Wigan,Loan,out,Summer,0,Premier League,1992,1992/1993
Oldham Athletic,Rick Holden,27,Left Midfield,Man City,?,out,Summer,NA,Premier League,1992,1992/1993
Oldham Athletic,Mike Fillery,31,Midfielder,Crawley Town,?,out,Summer,NA,Premier League,1992,1992/1993
Oldham Athletic,Paul Moulden,24,Forward,Brighton,Loan,out,Summer,0,Premier League,1992,1992/1993
Queens Park Rangers,Darren Finlay,18,Midfielder,QPR U18,-,in,Summer,0,Premier League,1992,1992/1993
Queens Park Rangers,Gary Waddock,30,Defensive Midfield,Swindon Town,"End of loanJun 30, 1992",in,Summer,0,Premier League,1992,1992/1993
Queens Park Rangers,Andy Tillson,26,Defender,Grimsby Town,Loan,out,Summer,0,Premier League,1992,1992/1993
Queens Park Rangers,Gary Waddock,30,Defensive Midfield,Bristol Rovers,?,out,Summer,NA,Premier League,1992,1992/1993
Queens Park Rangers,Justin Channing,23,Midfielder,Bristol Rovers,?,out,Summer,NA,Premier League,1992,1992/1993
Sheffield Wednesday,Mark Bright,30,Forward,Crystal Palace,£1.53m,in,Summer,1.53,Premier League,1992,1992/1993
Sheffield Wednesday,Chris Waddle,31,Attacking Midfield,Marseille,£1.35m,in,Summer,1.35,Premier League,1992,1992/1993
Sheffield Wednesday,Mike Williams,23,Forward,Halifax Town,"End of loanApr 1, 1993",in,Summer,0,Premier League,1992,1992/1993
Sheffield Wednesday,Simon Stewart,18,Defender,Sheff Wed U18,-,in,Summer,0,Premier League,1992,1992/1993
Sheffield Wednesday,Marlon Beresford,22,Goalkeeper,Burnley,£126Th.,out,Summer,0.126,Premier League,1992,1992/1993
Sheffield Wednesday,Paul Williams,27,Forward,Crystal Palace,?,out,Summer,NA,Premier League,1992,1992/1993
Wimbledon FC,Dean Holdsworth,23,Centre-Forward,Brentford,£900Th.,in,Summer,0.9,Premier League,1992,1992/1993
Wimbledon FC,Vinnie Jones,27,Defensive Midfield,Chelsea,£747Th.,in,Summer,0.747,Premier League,1992,1992/1993
Wimbledon FC,Greg Berry,21,Midfielder,Leyton Orient,£282Th.,in,Summer,0.282,Premier League,1992,1992/1993
Wimbledon FC,Peter Fear,18,Midfielder,Unknown,?,in,Summer,NA,Premier League,1992,1992/1993
Wimbledon FC,Timothy Alexander,18,Centre-Back,Unknown,?,in,Summer,NA,Premier League,1992,1992/1993
Wimbledon FC,Alan McLeary,28,Defender,Millwall,Loan,in,Summer,0,Premier League,1992,1992/1993
Wimbledon FC,Neil Sullivan,23,Goalkeeper,Crystal Palace,"End of loanMay 1, 1993",in,Summer,0,Premier League,1992,1992/1993
Wimbledon FC,Terry Gibson,30,Forward,Swindon Town,"End of loanMay 1, 1993",in,Summer,0,Premier League,1992,1992/1993
Wimbledon FC,Steve Cotterill,28,Forward,Brighton,"End of loanMay 31, 1993",in,Summer,0,Premier League,1992,1992/1993
Wimbledon FC,Terry Phelan,25,Left-Back,Man City,?,out,Summer,NA,Premier League,1992,1992/1993
Wimbledon FC,Steve Cotterill,28,Forward,Brighton,Loan,out,Summer,0,Premier League,1992,1992/1993
Coventry City,Phil Babb,21,Centre-Back,Bradford,£662Th.,in,Summer,0.662,Premier League,1992,1992/1993
Coventry City,John Williams,24,Centre-Forward,Swansea,£270Th.,in,Summer,0.27,Premier League,1992,1992/1993
Coventry City,Jonathan Gould,23,Goalkeeper,West Brom,Free transfer,in,Summer,0,Premier League,1992,1992/1993
Coventry City,Paul Williams,29,Forward,West Brom,Loan,in,Summer,0,Premier League,1992,1992/1993
Coventry City,Steve Williams,17,Goalkeeper,Coventry U18,-,in,Summer,0,Premier League,1992,1992/1993
Coventry City,Paul Edwards,28,Left-Back,Wolves,£101Th.,out,Summer,0.101,Premier League,1992,1992/1993
Coventry City,David Smith,25,Attacking Midfield,Birmingham,Free transfer,out,Summer,0,Premier League,1992,1992/1993
Coventry City,Paul Furlong,23,Centre-Forward,Watford,Free transfer,out,Summer,0,Premier League,1992,1992/1993
Coventry City,Clive Baker,33,Goalkeeper,Ipswich,?,out,Summer,NA,Premier League,1992,1992/1993
Manchester United,Dion Dublin,23,Centre-Forward,Cambridge Utd.,£1.35m,in,Summer,1.35,Premier League,1992,1992/1993
Manchester United,Pat McGibbon,18,Centre-Back,Portadown,£203Th.,in,Summer,0.203,Premier League,1992,1992/1993
Manchester United,Andy Arnott,18,Defensive Midfield,Gillingham FC,Loan,in,Summer,0,Premier League,1992,1992/1993
Manchester United,Danny Wallace,29,Attacking Midfield,Millwall,"End of loanMay 31, 1993",in,Summer,0,Premier League,1992,1992/1993
Manchester United,Kevin Pilkington,18,Goalkeeper,Man Utd U18,-,in,Summer,0,Premier League,1992,1992/1993
Manchester United,Simon Davies,18,Midfielder,Man Utd U18,-,in,Summer,0,Premier League,1992,1992/1993
Manchester United,Mark Robins,22,Centre-Forward,Norwich,£900Th.,out,Summer,0.9,Premier League,1992,1992/1993
Manchester United,Neil Webb,28,Central Midfield,Nottm Forest,£833Th.,out,Summer,0.833,Premier League,1992,1992/1993
Manchester United,Mal Donaghy,34,Left-Back,Chelsea,£180Th.,out,Summer,0.18,Premier League,1992,1992/1993
Manchester United,Derek Brazil,23,Right-Back,Cardiff,£85Th.,out,Summer,0.085,Premier League,1992,1992/1993
Manchester United,Fraser Digby,26,Goalkeeper,Swindon Town,"End of loanMay 31, 1993",out,Summer,0,Premier League,1992,1992/1993
Crystal Palace,Darren Patterson,22,Right-Back,Wigan,£306Th.,in,Summer,0.306,Premier League,1992,1992/1993
Crystal Palace,Paul Williams,27,Forward,Sheff Wed,?,in,Summer,NA,Premier League,1992,1992/1993
Crystal Palace,Ricky Newman,22,Central Midfield,M. Invicta,"End of loanMay 1, 1993",in,Summer,0,Premier League,1992,1992/1993
Crystal Palace,David Whyte,21,Forward,Charlton,"End of loanMay 31, 1992",in,Summer,0,Premier League,1992,1992/1993
Crystal Palace,Niall Thompson,18,Forward,Palace U23,-,in,Summer,0,Premier League,1992,1992/1993
Crystal Palace,Mark Bright,30,Forward,Sheff Wed,£1.53m,out,Summer,1.53,Premier League,1992,1992/1993
Crystal Palace,Rudi Hedman,27,Centre-Back,Dulwich Hamlet FC,Free transfer,out,Summer,0,Premier League,1992,1992/1993
Crystal Palace,Jamie Moralee,20,Forward,Millwall,?,out,Summer,NA,Premier League,1992,1992/1993
Crystal Palace,Neil Sullivan,23,Goalkeeper,Wimbledon FC,"End of loanMay 1, 1993",out,Summer,0,Premier League,1992,1992/1993
Crystal Palace,Louie Donowa,28,Central Midfield,Birmingham,"End of loanMay 31, 1993",out,Summer,0,Premier League,1992,1992/1993
Nottingham Forest,Neil Webb,28,Central Midfield,Man Utd,£833Th.,in,Summer,0.833,Premier League,1992,1992/1993
Nottingham Forest,Gary Bannister,32,Centre-Forward,West Brom,Free transfer,in,Summer,0,Premier League,1992,1992/1993
Nottingham Forest,Ray McKinnon,21,Midfielder,Dundee United,?,in,Summer,NA,Premier League,1992,1992/1993
Nottingham Forest,Stephen Blatherwick,18,Centre-Back,Notts County,?,in,Summer,NA,Premier League,1992,1992/1993
Nottingham Forest,Craig Armstrong,17,Left Midfield,Nottingham U18,-,in,Summer,0,Premier League,1992,1992/1993
Nottingham Forest,Steve Guinan,16,Centre-Forward,Nottingham U18,-,in,Summer,0,Premier League,1992,1992/1993
Nottingham Forest,Teddy Sheringham,26,Centre-Forward,Spurs,£2.84m,out,Summer,2.84,Premier League,1992,1992/1993
Nottingham Forest,Des Walker,26,Centre-Back,Sampdoria,£1.53m,out,Summer,1.53,Premier League,1992,1992/1993
Nottingham Forest,Gary Bannister,32,Centre-Forward,Stoke City,Free transfer,out,Summer,0,Premier League,1992,1992/1993
Nottingham Forest,Tommy Gaynor,29,Forward,Millwall,?,out,Summer,NA,Premier League,1992,1992/1993
Nottingham Forest,Alan Mahood,19,Central Midfield,Morton,?,out,Summer,NA,Premier League,1992,1992/1993
Nottingham Forest,Stuart Cash,27,Left-Back,Chesterfield FC,?,out,Summer,NA,Premier League,1992,1992/1993
Ipswich Town,Geraint Williams,30,Defensive Midfield,Derby,£675Th.,in,Summer,0.675,Premier League,1992,1992/1993
Ipswich Town,Vlado Bozinoski,28,Central Midfield,Beira-Mar,?,in,Summer,NA,Premier League,1992,1992/1993
Ipswich Town,Paul Goddard,32,Centre-Forward,Millwall,?,in,Summer,NA,Premier League,1992,1992/1993
Ipswich Town,Clive Baker,33,Goalkeeper,Coventry,?,in,Summer,NA,Premier League,1992,1992/1993
Ipswich Town,Jason Winters,20,Goalkeeper,Chelsea Res.,?,in,Summer,NA,Premier League,1992,1992/1993
Ipswich Town,Lee Durrant,18,Midfielder,Ipswich U18,-,in,Summer,0,Premier League,1992,1992/1993
Ipswich Town,Adam Tanner,18,Midfielder,Ipswich U18,-,in,Summer,0,Premier League,1992,1992/1993
Ipswich Town,David Lowe,26,Right Midfield,Leicester,£270Th.,out,Summer,0.27,Premier League,1992,1992/1993
Ipswich Town,Steve Greaves,22,Centre-Back,Scunthorpe Utd.,Free transfer,out,Summer,0,Premier League,1992,1992/1993
Ipswich Town,Romeo Zondervan,33,Defensive Midfield,NAC Breda,?,out,Summer,NA,Premier League,1992,1992/1993
Arsenal FC,John Jensen,27,Central Midfield,Bröndby IF,£1.44m,in,Summer,1.44,Premier League,1992,1992/1993
Arsenal FC,Gavin McGowan,16,Right-Back,Arsenal U18,-,in,Summer,0,Premier League,1992,1992/1993
Arsenal FC,Ian Selley,18,Midfielder,Arsenal U18,-,in,Summer,0,Premier League,1992,1992/1993
Arsenal FC,Steve Morrow,21,Right-Back,Barnet,"End of loanJun 30, 1992",in,Summer,0,Premier League,1992,1992/1993
Arsenal FC,David Rocastle,25,Attacking Midfield,Leeds,£2.16m,out,Summer,2.16,Premier League,1992,1992/1993
Arsenal FC,Perry Groves,27,Left Winger,Southampton,£765Th.,out,Summer,0.765,Premier League,1992,1992/1993
Arsenal FC,Ty Gooden,19,Midfielder,Wycombe,?,out,Summer,NA,Premier League,1992,1992/1993
Chelsea FC,Nigel Spackman,31,Central Midfield,Rangers,£540Th.,in,Summer,0.54,Premier League,1992,1992/1993
Chelsea FC,Anthony Barness,19,Right-Back,Charlton,£473Th.,in,Summer,0.473,Premier League,1992,1992/1993
Chelsea FC,David Hopkin,22,Right Midfield,Morton,£405Th.,in,Summer,0.405,Premier League,1992,1992/1993
Chelsea FC,Mick Harford,33,Centre-Forward,Luton,£315Th.,in,Summer,0.315,Premier League,1992,1992/1993
Chelsea FC,Mal Donaghy,34,Left-Back,Man Utd,£180Th.,in,Summer,0.18,Premier League,1992,1992/1993
Chelsea FC,John Spencer,21,Centre-Forward,Rangers,Free transfer,in,Summer,0,Premier League,1992,1992/1993
Chelsea FC,Alec Chamberlain,28,Goalkeeper,Luton,Loan,in,Summer,0,Premier League,1992,1992/1993
Chelsea FC,Robert Fleck,26,Centre-Forward,Norwich,?,in,Summer,NA,Premier League,1992,1992/1993
Chelsea FC,Nick Colgan,18,Goalkeeper,Drogheda United,?,in,Summer,NA,Premier League,1992,1992/1993
Chelsea FC,Neil Shipperley,17,Centre-Forward,Chelsea U18,-,in,Summer,0,Premier League,1992,1992/1993
Chelsea FC,Dave Beasant,34,Goalkeeper,Wolves,"End of loanMay 31, 1993",in,Summer,0,Premier League,1992,1992/1993
Chelsea FC,Damian Matthew,22,Midfielder,Luton,"End of loanMay 31, 1993",in,Summer,0,Premier League,1992,1992/1993
Chelsea FC,Frank Sinclair,20,Centre-Back,West Brom,"End of loanJun 30, 1992",in,Summer,0,Premier League,1992,1992/1993
Chelsea FC,David Lee,22,Centre-Back,Plymouth,"End of loanJun 30, 1992",in,Summer,0,Premier League,1992,1992/1993
Chelsea FC,Ken Monkou,27,Centre-Back,Southampton,£760Th.,out,Summer,0.76,Premier League,1992,1992/1993
Chelsea FC,Vinnie Jones,27,Defensive Midfield,Wimbledon FC,£747Th.,out,Summer,0.747,Premier League,1992,1992/1993
Chelsea FC,Kerry Dixon,30,Centre-Forward,Southampton,£585Th.,out,Summer,0.585,Premier League,1992,1992/1993
Chelsea FC,Damian Matthew,22,Midfielder,Luton,Loan,out,Summer,0,Premier League,1992,1992/1993
Chelsea FC,Dave Beasant,33,Goalkeeper,Grimsby Town,Loan,out,Summer,0,Premier League,1992,1992/1993
Chelsea FC,Gerry Peyton,36,Goalkeeper,Everton,"End of loanApr 1, 1993",out,Summer,0,Premier League,1992,1992/1993
Aston Villa,Dean Saunders,28,Centre-Forward,Liverpool,£2.57m,in,Summer,2.57,Premier League,1992,1992/1993
Aston Villa,Ray Houghton,30,Central Midfield,Liverpool,£969Th.,in,Summer,0.969,Premier League,1992,1992/1993
Aston Villa,Gareth Farrelly,16,Left Midfield,Home Farm,Free transfer,in,Summer,0,Premier League,1992,1992/1993
Aston Villa,Frank McAvennie,32,Centre-Forward,West Ham,?,in,Summer,NA,Premier League,1992,1992/1993
Aston Villa,David Farrell,21,Midfielder,Scunthorpe Utd.,"End of loanMay 1, 1993",in,Summer,0,Premier League,1992,1992/1993
Aston Villa,Lee Williams,20,Midfielder,Shrewsbury,"End of loanMay 31, 1993",in,Summer,0,Premier League,1992,1992/1993
Aston Villa,Martin Carruthers,20,Centre-Forward,Hull City,"End of loanMay 31, 1993",in,Summer,0,Premier League,1992,1992/1993
Aston Villa,Dennis Pearce,18,Defender,Aston Villa U18,-,in,Summer,0,Premier League,1992,1992/1993
Aston Villa,Ian Olney,22,Centre-Forward,Oldham Athletic,£805Th.,out,Summer,0.805,Premier League,1992,1992/1993
Aston Villa,Kent Nielsen,30,Centre-Back,Aarhus GF,Free transfer,out,Summer,0,Premier League,1992,1992/1993
Aston Villa,Les Sealey,35,Goalkeeper,Birmingham,Loan,out,Summer,0,Premier League,1992,1992/1993
Aston Villa,Martin Carruthers,20,Centre-Forward,Hull City,Loan,out,Summer,0,Premier League,1992,1992/1993
Aston Villa,Ivo Stas,27,Defender,Banik Ostrava,?,out,Summer,NA,Premier League,1992,1992/1993
Leeds United,David Rocastle,25,Attacking Midfield,Arsenal,£2.16m,in,Summer,2.16,Premier League,1992,1992/1993
Leeds United,Kevin Sharp,18,Left-Back,AJ Auxerre,£81Th.,in,Summer,0.081,Premier League,1992,1992/1993
Leeds United,Mark Beeney,25,Goalkeeper,Brighton,?,in,Summer,NA,Premier League,1992,1992/1993
Leeds United,Scott Sellars,26,Left Midfield,Blackburn,?,in,Summer,NA,Premier League,1992,1992/1993
Leeds United,Mark Tinkler,17,Central Midfield,Leeds U18,-,in,Summer,0,Premier League,1992,1992/1993
Leeds United,Paul Pettinger,17,Goalkeeper,Leeds U18,-,in,Summer,0,Premier League,1992,1992/1993
Leeds United,Mervyn Day,37,Goalkeeper,Sheffield Utd.,"End of loanJun 30, 1992",in,Summer,0,Premier League,1992,1992/1993
Leeds United,Glynn Snodin,32,Left-Back,Rotherham,"End of loanJun 30, 1992",in,Summer,0,Premier League,1992,1992/1993
Leeds United,Bobby Davison,33,Forward,Leicester,£59Th.,out,Summer,0.059,Premier League,1992,1992/1993
Leeds United,Glynn Snodin,32,Left-Back,Heart of Midl.,Free transfer,out,Summer,0,Premier League,1992,1992/1993
Leeds United,John McClelland,36,Centre-Back,St. Johnstone,Free transfer,out,Summer,0,Premier League,1992,1992/1993
Leeds United,Frank Strandli,20,Centre-Forward,Start,Loan,out,Summer,0,Premier League,1992,1992/1993
Sheffield United,Alan Kelly,23,Goalkeeper,Preston NE,£189Th.,in,Summer,0.189,Premier League,1992,1992/1993
Sheffield United,Alan McLeary,27,Defender,Millwall,Loan,in,Summer,0,Premier League,1992,1992/1993
Sheffield United,Jim Leighton,34,Goalkeeper,Dundee FC,?,in,Summer,NA,Premier League,1992,1992/1993
Sheffield United,Andy Scott,19,Centre-Forward,Sutton Utd,?,in,Summer,NA,Premier League,1992,1992/1993
Sheffield United,Che Bunce,16,Centre-Back,Sheff Utd U18,-,in,Summer,0,Premier League,1992,1992/1993
Sheffield United,Brian Marwood,32,Attacking Midfield,Middlesbrough,"End of loanJun 30, 1992",in,Summer,0,Premier League,1992,1992/1993
Sheffield United,Clive Mendonca,23,Forward,Grimsby Town,£96Th.,out,Summer,0.096,Premier League,1992,1992/1993
Sheffield United,Chris Wilder,24,Right-Back,Rotherham,£63Th.,out,Summer,0.063,Premier League,1992,1992/1993
Sheffield United,Brian Marwood,32,Attacking Midfield,Swindon Town,Free transfer,out,Summer,0,Premier League,1992,1992/1993
Sheffield United,Shokichi Sato,21,Defender,NKK SC,"End of loanJul 1, 1992",out,Summer,0,Premier League,1992,1992/1993
Sheffield United,Alan McLeary,28,Defender,Millwall,"End of loanOct 15, 1992",out,Summer,0,Premier League,1992,1992/1993
Sheffield United,Mervyn Day,37,Goalkeeper,Leeds,"End of loanJun 30, 1992",out,Summer,0,Premier League,1992,1992/1993
Manchester City,Fitzroy Simpson,22,Midfielder,Swindon Town,£518Th.,in,Summer,0.518,Premier League,1992,1992/1993
Manchester City,Rick Holden,27,Left Midfield,Oldham Athletic,?,in,Summer,NA,Premier League,1992,1992/1993
Manchester City,Terry Phelan,25,Left-Back,Wimbledon FC,?,in,Summer,NA,Premier League,1992,1992/1993
Manchester City,Adrian Mike,19,Forward,Bury,"End of loanMay 31, 1993",in,Summer,0,Premier League,1992,1992/1993
Manchester City,Richard Edghill,17,Right-Back,Man City U18,-,in,Summer,0,Premier League,1992,1992/1993
Manchester City,Adrian Mike,18,Forward,Man City U18,-,in,Summer,0,Premier League,1992,1992/1993
Manchester City,John Foster,18,Defender,Man City U18,-,in,Summer,0,Premier League,1992,1992/1993
Manchester City,Garry Flitcroft,19,Central Midfield,Bury,"End of loanJun 30, 1992",in,Summer,0,Premier League,1992,1992/1993
Manchester City,Neil Pointon,27,Left-Back,Oldham Athletic,£608Th.,out,Summer,0.608,Premier League,1992,1992/1993
Manchester City,Michael Hughes,20,Attacking Midfield,R. Strasbourg,£450Th.,out,Summer,0.45,Premier League,1992,1992/1993
Manchester City,Steve Redmond,24,Centre-Back,Oldham Athletic,£405Th.,out,Summer,0.405,Premier League,1992,1992/1993
Manchester City,Gary Megson,33,Defensive Midfield,Norwich,Free transfer,out,Summer,0,Premier League,1992,1992/1993
Manchester City,Mark Peters,19,Defender,Norwich,Free transfer,out,Summer,0,Premier League,1992,1992/1993
Manchester City,Wayne Clarke,31,Centre-Forward,Walsall,Free transfer,out,Summer,0,Premier League,1992,1992/1993
Manchester City,Ronnie Mauge,23,Midfielder,Bury,?,out,Summer,NA,Premier League,1992,1992/1993
Southampton FC,Perry Groves,27,Left Winger,Arsenal,£765Th.,in,Summer,0.765,Premier League,1992,1992/1993
Southampton FC,Ken Monkou,27,Centre-Back,Chelsea,£760Th.,in,Summer,0.76,Premier League,1992,1992/1993
Southampton FC,Kerry Dixon,30,Centre-Forward,Chelsea,£585Th.,in,Summer,0.585,Premier League,1992,1992/1993
Southampton FC,David Speedie,32,Centre-Forward,Blackburn,£540Th.,in,Summer,0.54,Premier League,1992,1992/1993
Southampton FC,Paul McDonald,25,Left-Back,Hamilton Acad.,?,in,Summer,NA,Premier League,1992,1992/1993
Southampton FC,Paul Sheerin,17,Left Midfield,Alloa Athletic,?,in,Summer,NA,Premier League,1992,1992/1993
Southampton FC,David Speedie,33,Centre-Forward,West Ham,"End of loanMay 31, 1993",in,Summer,0,Premier League,1992,1992/1993
Southampton FC,Kevin Moore,34,Defender,Bristol Rovers,"End of loanJun 30, 1992",in,Summer,0,Premier League,1992,1992/1993
Southampton FC,Alan Shearer,21,Centre-Forward,Blackburn,£4.05m,out,Summer,4.05,Premier League,1992,1992/1993
Southampton FC,Neil Ruddock,24,Centre-Back,Spurs,£765Th.,out,Summer,0.765,Premier League,1992,1992/1993
Southampton FC,Jonathan Gittens,28,Defender,Middlesbrough,£225Th.,out,Summer,0.225,Premier League,1992,1992/1993
Southampton FC,Danny Hoekman,27,Left Winger,ADO Den Haag,Free transfer,out,Summer,0,Premier League,1992,1992/1993
Southampton FC,Barry Horne,30,Defensive Midfield,Everton,?,out,Summer,NA,Premier League,1992,1992/1993
Southampton FC,Kevin Moore,34,Defender,Bristol Rovers,Loan,out,Summer,0,Premier League,1992,1992/1993
Southampton FC,Michael Gilkes,26,Left Midfield,Reading,"End of loanJun 30, 1992",out,Summer,0,Premier League,1992,1992/1993
Blackburn Rovers,Alan Shearer,21,Centre-Forward,Southampton,£4.05m,in,Summer,4.05,Premier League,1992,1992/1993
Blackburn Rovers,Stuart Ripley,24,Midfielder,Middlesbrough,£1.80m,in,Summer,1.8,Premier League,1992,1992/1993
Blackburn Rovers,Tim Sherwood,23,Central Midfield,Norwich,£675Th.,in,Summer,0.675,Premier League,1992,1992/1993
Blackburn Rovers,Patrik Andersson,20,Centre-Back,Malmö FF,£450Th.,in,Summer,0.45,Premier League,1992,1992/1993
Blackburn Rovers,Lee Makel,19,Attacking Midfield,Newcastle,£216Th.,in,Summer,0.216,Premier League,1992,1992/1993
Blackburn Rovers,Wayne Burnett,20,Midfielder,Leyton Orient,£86Th.,in,Summer,0.086,Premier League,1992,1992/1993
Blackburn Rovers,Nicholas Marker,27,Defender,Plymouth,?,in,Summer,NA,Premier League,1992,1992/1993
Blackburn Rovers,Mickey Evans,19,Centre-Forward,Plymouth,Loan,in,Summer,0,Premier League,1992,1992/1993
Blackburn Rovers,Duncan Shearer,29,Centre-Forward,Aberdeen FC,£675Th.,out,Summer,0.675,Premier League,1992,1992/1993
Blackburn Rovers,David Speedie,32,Centre-Forward,Southampton,£540Th.,out,Summer,0.54,Premier League,1992,1992/1993
Blackburn Rovers,Simon Garner,32,Centre-Forward,West Brom,£32Th.,out,Summer,0.032,Premier League,1992,1992/1993
Blackburn Rovers,Stuart Munro,29,Left-Back,Bristol City,?,out,Summer,NA,Premier League,1992,1992/1993
Blackburn Rovers,Nicky Reid,31,Centre-Back,Bristol City,Loan,out,Summer,0,Premier League,1992,1992/1993
Blackburn Rovers,Keith Hill,23,Centre-Back,Plymouth,?,out,Summer,NA,Premier League,1992,1992/1993
Blackburn Rovers,Craig Skinner,21,Midfielder,Plymouth,?,out,Summer,NA,Premier League,1992,1992/1993
Blackburn Rovers,Scott Sellars,26,Left Midfield,Leeds,?,out,Summer,NA,Premier League,1992,1992/1993
Blackburn Rovers,Chris Sulley,32,Left-Back,Port Vale,?,out,Summer,NA,Premier League,1992,1992/1993
Blackburn Rovers,Paul Shepstone,21,Midfielder,Motherwell FC,?,out,Summer,NA,Premier League,1992,1992/1993
Blackburn Rovers,Peter Baah,19,Right Winger,Fulham,?,out,Summer,NA,Premier League,1992,1992/1993
Blackburn Rovers,Lee Richardson,23,Midfielder,Aberdeen FC,?,out,Summer,NA,Premier League,1992,1992/1993
Tottenham Hotspur,Teddy Sheringham,26,Centre-Forward,Nottm Forest,£2.84m,in,Summer,2.84,Premier League,1992,1992/1993
Tottenham Hotspur,Darren Anderton,20,Right Midfield,Portsmouth,£2.43m,in,Summer,2.43,Premier League,1992,1992/1993
Tottenham Hotspur,Neil Ruddock,24,Centre-Back,Southampton,£765Th.,in,Summer,0.765,Premier League,1992,1992/1993
Tottenham Hotspur,Dean Austin,22,Right-Back,Southend United,?,in,Summer,NA,Premier League,1992,1992/1993
Tottenham Hotspur,Sol Campbell,17,Centre-Back,Tottenham U18,-,in,Summer,0,Premier League,1992,1992/1993
Tottenham Hotspur,Steve Robinson,17,Attacking Midfield,Tottenham U18,-,in,Summer,0,Premier League,1992,1992/1993
Tottenham Hotspur,Kevin Watson,18,Central Midfield,Tottenham U18,-,in,Summer,0,Premier League,1992,1992/1993
Tottenham Hotspur,Ian Hendon,21,Centre-Back,Barnsley FC,"End of loanMay 1, 1993",in,Summer,0,Premier League,1992,1992/1993
Tottenham Hotspur,Dave Tuttle,21,Defender,Peterborough,"End of loanMay 1, 1993",in,Summer,0,Premier League,1992,1992/1993
Tottenham Hotspur,Danny Hill,17,Midfielder,Tottenham U18,-,in,Summer,0,Premier League,1992,1992/1993
Tottenham Hotspur,Andy Gray,29,Central Midfield,Swindon Town,"End of loanMay 31, 1993",in,Summer,0,Premier League,1992,1992/1993
Tottenham Hotspur,Peter Beadle,21,Forward,Bournemouth,"End of loanMay 31, 1993",in,Summer,0,Premier League,1992,1992/1993
Tottenham Hotspur,Lee Hodges,19,Left Midfield,Plymouth,"End of loanMay 31, 1993",in,Summer,0,Premier League,1992,1992/1993
Tottenham Hotspur,Paul Gascoigne,25,Attacking Midfield,Lazio,£6.66m,out,Summer,6.66,Premier League,1992,1992/1993
Tottenham Hotspur,Paul Stewart,27,Defensive Midfield,Liverpool,£2.48m,out,Summer,2.48,Premier League,1992,1992/1993
Tottenham Hotspur,Paul Walsh,29,Centre-Forward,Portsmouth,£405Th.,out,Summer,0.405,Premier League,1992,1992/1993
Tottenham Hotspur,Gary Lineker,31,Centre-Forward,Nagoya Grampus,Free transfer,out,Summer,0,Premier League,1992,1992/1993
Tottenham Hotspur,Mark Robson,23,Midfielder,West Ham,Free transfer,out,Summer,0,Premier League,1992,1992/1993
Tottenham Hotspur,Ian Gilzean,22,Forward,Doncaster,?,out,Summer,NA,Premier League,1992,1992/1993
Tottenham Hotspur,David McDonald,21,Defender,Bradford,?,out,Summer,NA,Premier League,1992,1992/1993
Liverpool FC,Paul Stewart,27,Defensive Midfield,Spurs,£2.48m,in,Summer,2.48,Premier League,1992,1992/1993
Liverpool FC,David James,21,Goalkeeper,Watford,£1.26m,in,Summer,1.26,Premier League,1992,1992/1993
Liverpool FC,Torben Piechnik,29,Centre-Back,FC Copenhagen,?,in,Summer,NA,Premier League,1992,1992/1993
Liverpool FC,Bruce Grobbelaar,35,Goalkeeper,Stoke City,"End of loanMay 31, 1993",in,Summer,0,Premier League,1992,1992/1993
Liverpool FC,Dominic Matteo,18,Left-Back,Liverpool U18,-,in,Summer,0,Premier League,1992,1992/1993
Liverpool FC,Dean Saunders,28,Centre-Forward,Aston Villa,£2.57m,out,Summer,2.57,Premier League,1992,1992/1993
Liverpool FC,Ray Houghton,30,Central Midfield,Aston Villa,£969Th.,out,Summer,0.969,Premier League,1992,1992/1993
Liverpool FC,Barry Venison,27,Left-Back,Newcastle,£266Th.,out,Summer,0.266,Premier League,1992,1992/1993
Liverpool FC,Barry Jones,22,Defender,Wrexham,Free transfer,out,Summer,0,Premier League,1992,1992/1993
Liverpool FC,Tony Cousins,23,Centre-Forward,Hereford Utd.,?,out,Summer,NA,Premier League,1992,1992/1993
Everton FC,Preki,29,Attacking Midfield,Storm,£108Th.,in,Summer,0.108,Premier League,1992,1992/1993
Everton FC,Barry Horne,30,Defensive Midfield,Southampton,?,in,Summer,NA,Premier League,1992,1992/1993
Everton FC,Paul Rideout,27,Forward,Rangers,?,in,Summer,NA,Premier League,1992,1992/1993
Everton FC,Gerry Peyton,36,Goalkeeper,Chelsea,"End of loanApr 1, 1993",in,Summer,0,Premier League,1992,1992/1993
Everton FC,David Unsworth,18,Left-Back,Everton U18,-,in,Summer,0,Premier League,1992,1992/1993
Everton FC,Iain Jenkins,19,Right-Back,Bradford,"End of loanJun 30, 1992",in,Summer,0,Premier League,1992,1992/1993
Everton FC,Pat Nevin,28,Right Winger,Tranmere Rovers,£405Th.,out,Summer,0.405,Premier League,1992,1992/1993
Everton FC,Kevin Ratcliffe,31,Centre-Back,Dundee FC,?,out,Summer,NA,Premier League,1992,1992/1993
Everton FC,Gerry Peyton,36,Goalkeeper,Brentford,Loan,out,Summer,0,Premier League,1992,1992/1993
Middlesbrough FC,Derek Whyte,24,Centre-Back,Rangers,£1.13m,in,Winter,1.13,Premier League,1992,1992/1993
Middlesbrough FC,Craig Hignett,22,Right Winger,Crewe Alexandra,£675Th.,in,Winter,0.675,Premier League,1992,1992/1993
Middlesbrough FC,Chris Kamara,35,Defensive Midfield,Luton,Loan,in,Winter,0,Premier League,1992,1992/1993
Middlesbrough FC,Dwight Marshall,27,Forward,Plymouth,Loan,in,Winter,0,Premier League,1992,1992/1993
Middlesbrough FC,Richard Liburd,19,Defender,Eastwood Town,£21Th.,in,Winter,0.021,Premier League,1992,1992/1993
Middlesbrough FC,Mark Proctor,32,Midfielder,Tranmere Rovers,Free transfer,out,Winter,0,Premier League,1992,1992/1993
Middlesbrough FC,Gary Parkinson,24,Right-Back,Southend United,Loan,out,Winter,0,Premier League,1992,1992/1993
Norwich City,Efan Ekoku,25,Centre-Forward,Bournemouth,?,in,Winter,NA,Premier League,1992,1992/1993
Norwich City,Mark Walton,23,Goalkeeper,Wrexham,"End of loanMar 1, 1993",in,Winter,0,Premier League,1992,1992/1993
Norwich City,Darren Beckford,25,Centre-Forward,Oldham Athletic,£297Th.,out,Winter,0.297,Premier League,1992,1992/1993
Norwich City,Jason Minett,21,Defender,Exeter City,Free transfer,out,Winter,0,Premier League,1992,1992/1993
Norwich City,Mark Walton,23,Goalkeeper,Wrexham,Loan,out,Winter,0,Premier League,1992,1992/1993
Oldham Athletic,Darren Beckford,25,Centre-Forward,Norwich,£297Th.,in,Winter,0.297,Premier League,1992,1992/1993
Oldham Athletic,Mark Brennan,27,Central Midfield,Man City,£200Th.,in,Winter,0.2,Premier League,1992,1992/1993
Oldham Athletic,Ian Gray,17,Goalkeeper,Oldham U18,-,in,Winter,0,Premier League,1992,1992/1993
Oldham Athletic,Paul Moulden,25,Forward,Birmingham,£168Th.,out,Winter,0.168,Premier League,1992,1992/1993
Queens Park Rangers,Devon White,28,Forward,Cambridge Utd.,£113Th.,in,Winter,0.113,Premier League,1992,1992/1993
Queens Park Rangers,Tony Witter,28,Centre-Back,Millwall,Loan,in,Winter,0,Premier League,1992,1992/1993
Queens Park Rangers,Andy Tillson,26,Defender,Grimsby Town,"End of loanNov 6, 1992",in,Winter,0,Premier League,1992,1992/1993
Queens Park Rangers,Andy Tillson,26,Defender,Bristol Rovers,£401Th.,out,Winter,0.401,Premier League,1992,1992/1993
Queens Park Rangers,Justin Channing,23,Midfielder,Bristol Rovers,?,out,Winter,NA,Premier League,1992,1992/1993
Sheffield Wednesday,David Johnson,22,Forward,Lincoln City,?,out,Winter,NA,Premier League,1992,1992/1993
Sheffield Wednesday,Mike Williams,23,Forward,Halifax Town,Loan,out,Winter,0,Premier League,1992,1992/1993
Wimbledon FC,Perry Digweed,33,Goalkeeper,Brighton,?,in,Winter,NA,Premier League,1992,1992/1993
Wimbledon FC,Alan McLeary,28,Defender,Millwall,Loan,in,Winter,0,Premier League,1992,1992/1993
Wimbledon FC,Neil Sullivan,23,Goalkeeper,Crystal Palace,Loan,out,Winter,0,Premier League,1992,1992/1993
Wimbledon FC,Terry Gibson,30,Forward,Swindon Town,Loan,out,Winter,0,Premier League,1992,1992/1993
Wimbledon FC,Alan McLeary,28,Defender,Millwall,"End of loanMar 26, 1993",out,Winter,0,Premier League,1992,1992/1993
Coventry City,Micky Quinn,30,Centre-Forward,Newcastle,£270Th.,in,Winter,0.27,Premier League,1992,1992/1993
Coventry City,David Rennie,28,Defensive Midfield,Birmingham,£108Th.,in,Winter,0.108,Premier League,1992,1992/1993
Coventry City,Roy Wegerle,28,Forward,Blackburn,?,in,Winter,NA,Premier League,1992,1992/1993
Coventry City,Paul Williams,29,Forward,West Brom,Loan,in,Winter,0,Premier League,1992,1992/1993
Coventry City,David Smith,24,Attacking Midfield,Bournemouth,"End of loanMar 1, 1993",in,Winter,0,Premier League,1992,1992/1993
Coventry City,Robert Rosario,26,Forward,Nottm Forest,£437Th.,out,Winter,0.437,Premier League,1992,1992/1993
Coventry City,David Smith,24,Attacking Midfield,Bournemouth,Loan,out,Winter,0,Premier League,1992,1992/1993
Coventry City,Peter Billing,28,Centre-Back,Port Vale,Loan,out,Winter,0,Premier League,1992,1992/1993
Coventry City,Paul Williams,29,Forward,West Brom,"End of loanNov 23, 1992",out,Winter,0,Premier League,1992,1992/1993
Manchester United,Eric Cantona,26,Second Striker,Leeds,£1.62m,in,Winter,1.62,Premier League,1992,1992/1993
Manchester United,Les Sealey,35,Goalkeeper,Aston Villa,Free transfer,in,Winter,0,Premier League,1992,1992/1993
Manchester United,Fraser Digby,25,Goalkeeper,Swindon Town,Loan,in,Winter,0,Premier League,1992,1992/1993
Manchester United,Danny Wallace,29,Attacking Midfield,Millwall,Loan,out,Winter,0,Premier League,1992,1992/1993
Manchester United,Kieran Toal,21,Midfielder,Motherwell FC,?,out,Winter,NA,Premier League,1992,1992/1993
Manchester United,Andy Arnott,19,Defensive Midfield,Gillingham FC,"End of loanDec 1, 1992",out,Winter,0,Premier League,1992,1992/1993
Crystal Palace,Neil Sullivan,23,Goalkeeper,Wimbledon FC,Loan,in,Winter,0,Premier League,1992,1992/1993
Crystal Palace,Louie Donowa,28,Central Midfield,Birmingham,Loan,in,Winter,0,Premier League,1992,1992/1993
Crystal Palace,Martin O'Connor,25,Midfielder,Walsall,"End of loanMar 31, 1993",in,Winter,0,Premier League,1992,1992/1993
Crystal Palace,Stan Collymore,21,Centre-Forward,Southend United,£150Th.,out,Winter,0.15,Premier League,1992,1992/1993
Crystal Palace,Paul Mortimer,24,Midfielder,Brentford,Loan,out,Winter,0,Premier League,1992,1992/1993
Crystal Palace,Ricky Newman,22,Central Midfield,M. Invicta,Loan,out,Winter,0,Premier League,1992,1992/1993
Crystal Palace,Martin O'Connor,25,Midfielder,Walsall,Loan,out,Winter,0,Premier League,1992,1992/1993
Nottingham Forest,Robert Rosario,26,Forward,Coventry,£437Th.,in,Winter,0.437,Premier League,1992,1992/1993
Ipswich Town,Boncho Genchev,28,Midfielder,Sporting CP,?,in,Winter,NA,Premier League,1992,1992/1993
Ipswich Town,Boncho Genchev,28,Attacking Midfield,Sporting CP,?,in,Winter,NA,Premier League,1992,1992/1993
Ipswich Town,Glenn Pennyfather,30,Defender,Bristol City,"End of loanMar 1, 1993",in,Winter,0,Premier League,1992,1992/1993
Ipswich Town,Glenn Pennyfather,30,Defender,Bristol City,£90Th.,out,Winter,0.09,Premier League,1992,1992/1993
Ipswich Town,Glenn Pennyfather,29,Defender,Bristol City,Loan,out,Winter,0,Premier League,1992,1992/1993
Arsenal FC,Martin Keown,26,Centre-Back,Everton,£2.70m,in,Winter,2.7,Premier League,1992,1992/1993
Chelsea FC,Dmitri Kharin,24,Goalkeeper,CSKA Moscow,£360Th.,in,Winter,0.36,Premier League,1992,1992/1993
Chelsea FC,Steve Livingstone,23,Centre-Forward,Blackburn,£360Th.,in,Winter,0.36,Premier League,1992,1992/1993
Chelsea FC,Gerry Peyton,36,Goalkeeper,Everton,Loan,in,Winter,0,Premier League,1992,1992/1993
Chelsea FC,Dave Beasant,33,Goalkeeper,Grimsby Town,"End of loanJan 11, 1993",in,Winter,0,Premier League,1992,1992/1993
Chelsea FC,Tom Boyd,27,Left-Back,Celtic,£1.01m,out,Winter,1.01,Premier League,1992,1992/1993
Chelsea FC,Graeme Le Saux,24,Left-Back,Blackburn,£945Th.,out,Winter,0.945,Premier League,1992,1992/1993
Chelsea FC,Joe Allon,26,Centre-Forward,Brentford,£284Th.,out,Winter,0.284,Premier League,1992,1992/1993
Chelsea FC,Mick Harford,34,Centre-Forward,Sunderland,£257Th.,out,Winter,0.257,Premier League,1992,1992/1993
Chelsea FC,Kevin Hitchcock,30,Goalkeeper,West Ham,Loan,out,Winter,0,Premier League,1992,1992/1993
Chelsea FC,Dave Beasant,33,Goalkeeper,Wolves,Loan,out,Winter,0,Premier League,1992,1992/1993
Chelsea FC,Dave Beasant,33,Goalkeeper,Grimsby Town,Loan,out,Winter,0,Premier League,1992,1992/1993
Chelsea FC,Alec Chamberlain,28,Goalkeeper,Luton,"End of loanNov 1, 1992",out,Winter,0,Premier League,1992,1992/1993
Aston Villa,Henrik Larsen,26,Attacking Midfield,Lyngby BK,?,in,Winter,NA,Premier League,1992,1992/1993
Aston Villa,Les Sealey,35,Goalkeeper,Birmingham,"End of loanDec 31, 1992",in,Winter,0,Premier League,1992,1992/1993
Aston Villa,David Farrell,21,Midfielder,Scunthorpe Utd.,Loan,out,Winter,0,Premier League,1992,1992/1993
Aston Villa,Les Sealey,35,Goalkeeper,Man Utd,Free transfer,out,Winter,0,Premier League,1992,1992/1993
Aston Villa,Les Sealey,35,Goalkeeper,Birmingham,Loan,out,Winter,0,Premier League,1992,1992/1993
Aston Villa,Martin Carruthers,20,Centre-Forward,Hull City,Loan,out,Winter,0,Premier League,1992,1992/1993
Aston Villa,Lee Williams,19,Midfielder,Shrewsbury,Loan,out,Winter,0,Premier League,1992,1992/1993
Leeds United,David Kerslake,26,Right-Back,Swindon Town,£563Th.,in,Winter,0.563,Premier League,1992,1992/1993
Leeds United,Frank Strandli,20,Centre-Forward,Start,£315Th.,in,Winter,0.315,Premier League,1992,1992/1993
Leeds United,Kevin Sharp,18,Left-Back,AJ Auxerre,£81Th.,in,Winter,0.081,Premier League,1992,1992/1993
Leeds United,Jamie Forrester,18,Left Winger,AJ Auxerre B,?,in,Winter,NA,Premier League,1992,1992/1993
Leeds United,Imre Varadi,33,Centre-Forward,Oxford United,"End of loanMar 1, 1993",in,Winter,0,Premier League,1992,1992/1993
Leeds United,Paul Pettinger,17,Goalkeeper,Leeds U18,-,in,Winter,0,Premier League,1992,1992/1993
Leeds United,Eric Cantona,26,Second Striker,Man Utd,£1.62m,out,Winter,1.62,Premier League,1992,1992/1993
Leeds United,Imre Varadi,33,Centre-Forward,Rotherham,Free transfer,out,Winter,0,Premier League,1992,1992/1993
Leeds United,Imre Varadi,33,Centre-Forward,Oxford United,Loan,out,Winter,0,Premier League,1992,1992/1993
Leeds United,Andy Williams,29,Midfielder,Notts County,?,out,Winter,NA,Premier League,1992,1992/1993
Sheffield United,Franz Carr,26,Right Winger,Newcastle,£135Th.,in,Winter,0.135,Premier League,1992,1992/1993
Sheffield United,Chris Kamara,34,Defensive Midfield,Luton,Loan,in,Winter,0,Premier League,1992,1992/1993
Sheffield United,Chris Kamara,35,Defensive Midfield,Luton,"End of loanFeb 18, 1993",out,Winter,0,Premier League,1992,1992/1993
Sheffield United,Alan McLeary,28,Defender,Millwall,"End of loanOct 15, 1992",out,Winter,0,Premier League,1992,1992/1993
Manchester City,Kare Ingebrigtsen,27,Defensive Midfield,Rosenborg BK,?,in,Winter,NA,Premier League,1992,1992/1993
Manchester City,Ray Ranson,32,Right-Back,Newcastle,?,in,Winter,NA,Premier League,1992,1992/1993
Manchester City,Mark Brennan,27,Central Midfield,Oldham Athletic,£200Th.,out,Winter,0.2,Premier League,1992,1992/1993
Manchester City,Adrian Mike,19,Forward,Bury,Loan,out,Winter,0,Premier League,1992,1992/1993
Southampton FC,Frankie Bennett,24,Centre-Forward,Halesowen,£8Th.,in,Winter,0.008,Premier League,1992,1992/1993
Southampton FC,David Speedie,32,Centre-Forward,Birmingham,"End of loanFeb 1, 1993",in,Winter,0,Premier League,1992,1992/1993
Southampton FC,David Speedie,33,Centre-Forward,West Brom,"End of loanMar 1, 1993",in,Winter,0,Premier League,1992,1992/1993
Southampton FC,David Lee,24,Midfielder,Bolton,£310Th.,out,Winter,0.31,Premier League,1992,1992/1993
Southampton FC,David Speedie,32,Centre-Forward,West Brom,Loan,out,Winter,0,Premier League,1992,1992/1993
Southampton FC,David Speedie,33,Centre-Forward,West Ham,Loan,out,Winter,0,Premier League,1992,1992/1993
Southampton FC,Kevin Moore,34,Defender,Bristol Rovers,Loan,out,Winter,0,Premier League,1992,1992/1993
Southampton FC,David Speedie,32,Centre-Forward,Birmingham,Loan,out,Winter,0,Premier League,1992,1992/1993
Blackburn Rovers,Graeme Le Saux,24,Left-Back,Chelsea,£945Th.,in,Winter,0.945,Premier League,1992,1992/1993
Blackburn Rovers,Henning Berg,23,Right-Back,Lillestrøm SK,£495Th.,in,Winter,0.495,Premier League,1992,1992/1993
Blackburn Rovers,Simon Ireland,20,Midfielder,Huddersfield,£227Th.,in,Winter,0.227,Premier League,1992,1992/1993
Blackburn Rovers,Nicky Reid,32,Centre-Back,Bristol City,"End of loanNov 1, 1992",in,Winter,0,Premier League,1992,1992/1993
Blackburn Rovers,Steve Agnew,27,Central Midfield,Portsmouth,"End of loanDec 31, 1992",in,Winter,0,Premier League,1992,1992/1993
Blackburn Rovers,Steve Livingstone,23,Centre-Forward,Chelsea,£360Th.,out,Winter,0.36,Premier League,1992,1992/1993
Blackburn Rovers,Steve Agnew,27,Central Midfield,Leicester,£338Th.,out,Winter,0.338,Premier League,1992,1992/1993
Blackburn Rovers,Chris Price,32,Centre-Back,Portsmouth,?,out,Winter,NA,Premier League,1992,1992/1993
Blackburn Rovers,Roy Wegerle,28,Forward,Coventry,?,out,Winter,NA,Premier League,1992,1992/1993
Blackburn Rovers,Steve Agnew,27,Central Midfield,Portsmouth,Loan,out,Winter,0,Premier League,1992,1992/1993
Blackburn Rovers,Nicky Reid,32,Centre-Back,West Brom,?,out,Winter,NA,Premier League,1992,1992/1993
Tottenham Hotspur,David McDonald,22,Defender,Bradford,"End of loanMar 5, 1993",in,Winter,0,Premier League,1992,1992/1993
Tottenham Hotspur,Lee Hodges,19,Left Midfield,Plymouth,Loan,out,Winter,0,Premier League,1992,1992/1993
Tottenham Hotspur,Ian Hendon,21,Centre-Back,Barnsley FC,Loan,out,Winter,0,Premier League,1992,1992/1993
Tottenham Hotspur,David McDonald,22,Defender,Reading,Loan,out,Winter,0,Premier League,1992,1992/1993
Tottenham Hotspur,Peter Beadle,20,Forward,Bournemouth,Loan,out,Winter,0,Premier League,1992,1992/1993
Tottenham Hotspur,Andy Gray,28,Central Midfield,Swindon Town,Loan,out,Winter,0,Premier League,1992,1992/1993
Tottenham Hotspur,Dave Tuttle,20,Defender,Peterborough,Loan,out,Winter,0,Premier League,1992,1992/1993
Tottenham Hotspur,John Hendry,23,Centre-Forward,Charlton,Loan,out,Winter,0,Premier League,1992,1992/1993
Liverpool FC,Stig Inge Björnebye,23,Left-Back,Rosenborg BK,?,in,Winter,NA,Premier League,1992,1992/1993
Liverpool FC,Bruce Grobbelaar,35,Goalkeeper,Stoke City,Loan,out,Winter,0,Premier League,1992,1992/1993
Everton FC,Gerry Peyton,36,Goalkeeper,Brentford,"End of loanDec 31, 1992",in,Winter,0,Premier League,1992,1992/1993
Everton FC,Martin Keown,26,Centre-Back,Arsenal,£2.70m,out,Winter,2.7,Premier League,1992,1992/1993
Everton FC,Gerry Peyton,36,Goalkeeper,Chelsea,Loan,out,Winter,0,Premier League,1992,1992/1993
