club_name,player_name,age,position,club_involved_name,fee,transfer_movement,transfer_period,fee_cleaned,league_name,year,season
1.FC Saarbrücken,Thomas Stratos,25,Defensive Midfield,Hamburger SV,£135Th.,in,Summer,0.135,1 Bundesliga,1992,1992/1993
1.FC Saarbrücken,Matthias Lust,22,Left Midfield,Waldh. Mannheim,Free transfer,in,Summer,0,1 Bundesliga,1992,1992/1993
1.FC Saarbrücken,Henning Bürger,22,Left Midfield,FC Schalke 04,Free transfer,in,Summer,0,1 Bundesliga,1992,1992/1993
1.FC Saarbrücken,Michael Hennig,20,Midfielder,FC Berlin,Free transfer,in,Summer,0,1 Bundesliga,1992,1992/1993
1.FC Saarbrücken,Patrick Klyk,16,Midfielder,FV 08 Püttlingen,?,in,Summer,NA,1 Bundesliga,1992,1992/1993
1.FC Saarbrücken,Stephan Beckenbauer,23,Defensive Midfield,FC Grenchen,?,in,Summer,NA,1 Bundesliga,1992,1992/1993
1.FC Saarbrücken,Ralf Scherer,28,Defensive Midfield,SV Saar 05,?,in,Summer,NA,1 Bundesliga,1992,1992/1993
1.FC Saarbrücken,Arno Glesius,26,Centre-Forward,Karlsruher SC,?,in,Summer,NA,1 Bundesliga,1992,1992/1993
1.FC Saarbrücken,Wolfram Wuttke,30,Second Striker,Espanyol,?,in,Summer,NA,1 Bundesliga,1992,1992/1993
1.FC Saarbrücken,Yuri Savichev,27,Centre-Forward,Olympiacos,?,in,Summer,NA,1 Bundesliga,1992,1992/1993
1.FC Saarbrücken,Eric Wynalda,23,Centre-Forward,SF Bay Blackhawks,?,in,Summer,NA,1 Bundesliga,1992,1992/1993
1.FC Saarbrücken,Thomas Stickroth,27,Right-Back,St. Mirren,?,in,Summer,NA,1 Bundesliga,1992,1992/1993
1.FC Saarbrücken,Malik Badji,24,Defender,CS Sedan,?,in,Summer,NA,1 Bundesliga,1992,1992/1993
1.FC Saarbrücken,Stefan Brasas,24,Goalkeeper,Stuttg. Kickers,Free transfer,out,Summer,0,1 Bundesliga,1992,1992/1993
1.FC Saarbrücken,Jonathan Akpoborie,23,Centre-Forward,Carl Zeiss Jena,Free transfer,out,Summer,0,1 Bundesliga,1992,1992/1993
1.FC Saarbrücken,Michael Preetz,24,Centre-Forward,MSV Duisburg,Free transfer,out,Summer,0,1 Bundesliga,1992,1992/1993
1.FC Saarbrücken,Axel Schwarz,26,Midfielder,Quierschied,Free transfer,out,Summer,0,1 Bundesliga,1992,1992/1993
1.FC Saarbrücken,Markus Osthoff,23,Left Winger,Eintracht Trier,?,out,Summer,NA,1 Bundesliga,1992,1992/1993
1.FC Saarbrücken,Christiaan Pförtner,26,Central Midfield,FC 08 Homburg,?,out,Summer,NA,1 Bundesliga,1992,1992/1993
1.FC Saarbrücken,Heikko Glöde,30,Forward,FC Remscheid,?,out,Summer,NA,1 Bundesliga,1992,1992/1993
1.FC Saarbrücken,Michael Nushöhr,29,Left-Back,FC Balzers,?,out,Summer,NA,1 Bundesliga,1992,1992/1993
1.FC Saarbrücken,Brian Skaarup,19,Attacking Midfield,Odense BK,?,out,Summer,NA,1 Bundesliga,1992,1992/1993
1.FC Saarbrücken,Nasko Zhelev,32,Defender,FC 08 Homburg,?,out,Summer,NA,1 Bundesliga,1992,1992/1993
1.FC Saarbrücken,Eugen Hach,31,Defender,Saarbrücken II,-,out,Summer,0,1 Bundesliga,1992,1992/1993
SG Wattenscheid 09,Marek Lesniak,28,Centre-Forward,Bay. Leverkusen,Free transfer,in,Summer,0,1 Bundesliga,1992,1992/1993
SG Wattenscheid 09,Guido Silberbach,25,Centre-Forward,VfL Gevelsberg,Free transfer,in,Summer,0,1 Bundesliga,1992,1992/1993
SG Wattenscheid 09,Karel Kula,28,Defensive Midfield,Stuttg. Kickers,?,in,Summer,NA,1 Bundesliga,1992,1992/1993
SG Wattenscheid 09,Thomas Audehm,25,Defender,Unknown,?,in,Summer,NA,1 Bundesliga,1992,1992/1993
SG Wattenscheid 09,Carsten Wolters,22,Right-Back,Wattenscheid II,-,in,Summer,0,1 Bundesliga,1992,1992/1993
SG Wattenscheid 09,Thorsten Daniel,21,Defender,Wattenscheid II,-,in,Summer,0,1 Bundesliga,1992,1992/1993
SG Wattenscheid 09,Markus Schupp,26,Attacking Midfield,Bayern Munich,Free transfer,out,Summer,0,1 Bundesliga,1992,1992/1993
SG Wattenscheid 09,René Unglaube,26,Centre-Forward,TeBe Berlin,?,out,Summer,NA,1 Bundesliga,1992,1992/1993
SG Wattenscheid 09,Robert Trenner,19,Forward,Unknown,?,out,Summer,NA,1 Bundesliga,1992,1992/1993
SG Wattenscheid 09,Thomas Siewert,30,Centre-Back,Preußen Münster,?,out,Summer,NA,1 Bundesliga,1992,1992/1993
SG Wattenscheid 09,Stephan Kuhn,27,Right-Back,Stuttg. Kickers,?,out,Summer,NA,1 Bundesliga,1992,1992/1993
SG Wattenscheid 09,Andreas Hill,25,Midfielder,Unknown,?,out,Summer,NA,1 Bundesliga,1992,1992/1993
SG Wattenscheid 09,Srdjan Jankovic,32,Centre-Forward,Retired,-,out,Summer,0,1 Bundesliga,1992,1992/1993
SG Wattenscheid 09,Bernhard Winkler,26,Centre-Forward,1.FC K'lautern,"End of loanJun 30, 1992",out,Summer,0,1 Bundesliga,1992,1992/1993
Bayer 05 Uerdingen,Dirk Bremser,26,Right Midfield,MSV Duisburg,£338Th.,in,Summer,0.338,1 Bundesliga,1992,1992/1993
Bayer 05 Uerdingen,Mario Posch,24,Defender,FC Wacker,£270Th.,in,Summer,0.27,1 Bundesliga,1992,1992/1993
Bayer 05 Uerdingen,Markus Kranz,22,Left-Back,1.FC K'lautern,Free transfer,in,Summer,0,1 Bundesliga,1992,1992/1993
Bayer 05 Uerdingen,Zeljko Dakic,25,Centre-Forward,Vojvodina,Free transfer,in,Summer,0,1 Bundesliga,1992,1992/1993
Bayer 05 Uerdingen,Sergey Gorlukovich,30,Centre-Back,Bor. Dortmund,?,in,Summer,NA,1 Bundesliga,1992,1992/1993
Bayer 05 Uerdingen,Gerd Kühn,24,Right Midfield,Uerdingen II,-,in,Summer,0,1 Bundesliga,1992,1992/1993
Bayer 05 Uerdingen,Marc Roch,23,Forward,Uerdingen II,-,in,Summer,0,1 Bundesliga,1992,1992/1993
Bayer 05 Uerdingen,Stephan Küsters,20,Attacking Midfield,Uerdingen II,-,in,Summer,0,1 Bundesliga,1992,1992/1993
Bayer 05 Uerdingen,Torsten Chmielewski,24,Left-Back,Arm. Bielefeld,Free transfer,out,Summer,0,1 Bundesliga,1992,1992/1993
Bayer 05 Uerdingen,Robert Holzer,25,Sweeper,SC Fortuna Köln,?,out,Summer,NA,1 Bundesliga,1992,1992/1993
Bayer 05 Uerdingen,Daniel Timofte,24,Attacking Midfield,Dinamo Bucarest,?,out,Summer,NA,1 Bundesliga,1992,1992/1993
SV Werder Bremen,Andreas Herzog,23,Attacking Midfield,Rapid Vienna,£1.35m,in,Summer,1.35,1 Bundesliga,1992,1992/1993
SV Werder Bremen,Dietmar Beiersdorfer,28,Centre-Back,Hamburger SV,£900Th.,in,Summer,0.9,1 Bundesliga,1992,1992/1993
SV Werder Bremen,Hans-Jürgen Gundelach,28,Goalkeeper,FC 08 Homburg,£158Th.,in,Summer,0.158,1 Bundesliga,1992,1992/1993
SV Werder Bremen,Oliver Freund,22,Left Midfield,Hannover 96,"End of loanJun 30, 1992",in,Summer,0,1 Bundesliga,1992,1992/1993
SV Werder Bremen,Oliver Freund,22,Left Midfield,SC Freiburg,£585Th.,out,Summer,0.585,1 Bundesliga,1992,1992/1993
SV Werder Bremen,Marinus Bester,23,Centre-Forward,Hamburger SV,Loan,out,Summer,0,1 Bundesliga,1992,1992/1993
SV Werder Bremen,Alexander Malchow,22,Centre-Back,VfB Oldenburg,Free transfer,out,Summer,0,1 Bundesliga,1992,1992/1993
SV Werder Bremen,Jürgen Rollmann,25,Goalkeeper,MSV Duisburg,?,out,Summer,NA,1 Bundesliga,1992,1992/1993
SV Werder Bremen,Markus Witossek,20,Defender,W. Bremen II,-,out,Summer,0,1 Bundesliga,1992,1992/1993
VfL Bochum,Dimitrios Moutas,24,Centre-Forward,Stuttg. Kickers,Free transfer,in,Summer,0,1 Bundesliga,1992,1992/1993
VfL Bochum,Sven Christians,25,Defender,Wuppertaler SV,?,in,Summer,NA,1 Bundesliga,1992,1992/1993
VfL Bochum,Peter Zanter,26,Centre-Back,SV Straelen,Free transfer,out,Summer,0,1 Bundesliga,1992,1992/1993
VfL Bochum,Thorsten Schmugge,20,Right Midfield,Wuppertaler SV,?,out,Summer,NA,1 Bundesliga,1992,1992/1993
VfL Bochum,Oti,22,Defender,Unknown,?,out,Summer,NA,1 Bundesliga,1992,1992/1993
VfL Bochum,Ivo Knoflicek,30,Centre-Forward,Vorwärts Steyr,?,out,Summer,NA,1 Bundesliga,1992,1992/1993
VfL Bochum,Thomas Epp,24,Centre-Forward,Stuttg. Kickers,?,out,Summer,NA,1 Bundesliga,1992,1992/1993
VfL Bochum,Christian Broos,23,Defensive Midfield,Wuppertaler SV,?,out,Summer,NA,1 Bundesliga,1992,1992/1993
VfL Bochum,Andreas Hain,28,Midfielder,WSV Bochum,?,out,Summer,NA,1 Bundesliga,1992,1992/1993
VfB Stuttgart,André Golke,27,Attacking Midfield,1.FC Nuremberg,£1.13m,in,Summer,1.13,1 Bundesliga,1992,1992/1993
VfB Stuttgart,Thomas Strunz,24,Defensive Midfield,Bayern Munich,Free transfer,in,Summer,0,1 Bundesliga,1992,1992/1993
VfB Stuttgart,Adrian Knup,23,Centre-Forward,FC Luzern,?,in,Summer,NA,1 Bundesliga,1992,1992/1993
VfB Stuttgart,Matthias Sammer,24,Defensive Midfield,Inter,£5.40m,out,Summer,5.4,1 Bundesliga,1992,1992/1993
VfB Stuttgart,Jens Keller,21,Centre-Back,1860 Munich,Free transfer,out,Summer,0,1 Bundesliga,1992,1992/1993
VfB Stuttgart,Jürgen Kramny,20,Right Midfield,1.FC Nuremberg,Loan,out,Summer,0,1 Bundesliga,1992,1992/1993
VfB Stuttgart,Manfred Kastl,26,Centre-Forward,SSV Ulm 1846,Free transfer,out,Summer,0,1 Bundesliga,1992,1992/1993
VfB Stuttgart,Michael Mayer,22,Attacking Midfield,SSV Reutlingen,Free transfer,out,Summer,0,1 Bundesliga,1992,1992/1993
VfB Stuttgart,Olaf Schmäler,22,Forward,Waldh. Mannheim,?,out,Summer,NA,1 Bundesliga,1992,1992/1993
VfB Stuttgart,Nils Schmäler,22,Sweeper,Dynamo Dresden,?,out,Summer,NA,1 Bundesliga,1992,1992/1993
VfB Stuttgart,Marco Santelli,20,Defender,SC Pfullendorf,?,out,Summer,NA,1 Bundesliga,1992,1992/1993
Karlsruher SC,Manfred Bender,26,Attacking Midfield,Bayern Munich,£630Th.,in,Summer,0.63,1 Bundesliga,1992,1992/1993
Karlsruher SC,Sergey Kiryakov,22,Centre-Forward,Dynamo Moscow,?,in,Summer,NA,1 Bundesliga,1992,1992/1993
Karlsruher SC,Richard Benigno,NA,Midfielder,Unknown,?,in,Summer,NA,1 Bundesliga,1992,1992/1993
Karlsruher SC,Markus Gehrig,18,Midfielder,FC Dossenheim,?,in,Summer,NA,1 Bundesliga,1992,1992/1993
Karlsruher SC,Javier Sanchez,19,Midfielder,Unknown,?,in,Summer,NA,1 Bundesliga,1992,1992/1993
Karlsruher SC,Dirk Klinge,26,Defensive Midfield,Lausanne-Sport,?,in,Summer,NA,1 Bundesliga,1992,1992/1993
Karlsruher SC,Mehmet Scholl,21,Attacking Midfield,Bayern Munich,£2.25m,out,Summer,2.25,1 Bundesliga,1992,1992/1993
Karlsruher SC,Marc Rapp,21,Defender,VfR Pforzheim,?,out,Summer,NA,1 Bundesliga,1992,1992/1993
Karlsruher SC,Stefan Mees,22,Forward,TB Jahn Zeiskam,?,out,Summer,NA,1 Bundesliga,1992,1992/1993
Karlsruher SC,Guido Streichsbier,22,Attacking Midfield,1.FC Pforzheim,?,out,Summer,NA,1 Bundesliga,1992,1992/1993
Karlsruher SC,Michael Harforth,33,Attacking Midfield,MSV Duisburg,?,out,Summer,NA,1 Bundesliga,1992,1992/1993
Karlsruher SC,Arno Glesius,26,Centre-Forward,Saarbrücken,?,out,Summer,NA,1 Bundesliga,1992,1992/1993
Karlsruher SC,Alexander Famulla,31,Goalkeeper,FC 08 Homburg,?,out,Summer,NA,1 Bundesliga,1992,1992/1993
Karlsruher SC,Oliver Westerbeek,26,Defensive Midfield,MSV Duisburg,?,out,Summer,NA,1 Bundesliga,1992,1992/1993
Karlsruher SC,André Brückner,26,Midfielder,FK Pirmasens,?,out,Summer,NA,1 Bundesliga,1992,1992/1993
Karlsruher SC,Peter Reichert,30,Centre-Forward,Retired,-,out,Summer,0,1 Bundesliga,1992,1992/1993
Hamburger SV,Yordan Letchkov,24,Central Midfield,CSKA Sofia,£405Th.,in,Summer,0.405,1 Bundesliga,1992,1992/1993
Hamburger SV,Pavel Dotchev,26,Sweeper,CSKA Sofia,£180Th.,in,Summer,0.18,1 Bundesliga,1992,1992/1993
Hamburger SV,Marinus Bester,23,Centre-Forward,Werder Bremen,Loan,in,Summer,0,1 Bundesliga,1992,1992/1993
Hamburger SV,Markus Babbel,19,Centre-Back,Bayern Munich,Loan,in,Summer,0,1 Bundesliga,1992,1992/1993
Hamburger SV,Karsten Bäron,19,Centre-Forward,H. Zehlendorf,Free transfer,in,Summer,0,1 Bundesliga,1992,1992/1993
Hamburger SV,Thomas Lässig,20,Defensive Midfield,Hansa Rostock,Free transfer,in,Summer,0,1 Bundesliga,1992,1992/1993
Hamburger SV,Oliver Möller,23,Midfielder,SV Lurup,Free transfer,in,Summer,0,1 Bundesliga,1992,1992/1993
Hamburger SV,Michael Spies,26,Attacking Midfield,Hansa Rostock,?,in,Summer,NA,1 Bundesliga,1992,1992/1993
Hamburger SV,Florian Weichert,24,Centre-Forward,Hansa Rostock,?,in,Summer,NA,1 Bundesliga,1992,1992/1993
Hamburger SV,Peter Woodring,24,Centre-Forward,SV Wehen,?,in,Summer,NA,1 Bundesliga,1992,1992/1993
Hamburger SV,Uwe Bormann,22,Midfielder,VfR Langelsheim,?,in,Summer,NA,1 Bundesliga,1992,1992/1993
Hamburger SV,Francisco Copado,17,Second Striker,Hamburg U19,-,in,Summer,0,1 Bundesliga,1992,1992/1993
Hamburger SV,Dietmar Beiersdorfer,28,Centre-Back,Werder Bremen,£900Th.,out,Summer,0.9,1 Bundesliga,1992,1992/1993
Hamburger SV,Thomas Stratos,25,Defensive Midfield,Saarbrücken,£135Th.,out,Summer,0.135,1 Bundesliga,1992,1992/1993
Hamburger SV,Detlev Dammeier,23,Defensive Midfield,VfL Wolfsburg,Free transfer,out,Summer,0,1 Bundesliga,1992,1992/1993
Hamburger SV,Nando,25,Centre-Forward,Internacional,Free transfer,out,Summer,0,1 Bundesliga,1992,1992/1993
Hamburger SV,Holger Ballwanz,24,Defensive Midfield,VfL Wolfsburg,?,out,Summer,NA,1 Bundesliga,1992,1992/1993
Hamburger SV,Jens Bochert,27,Attacking Midfield,Rouen,?,out,Summer,NA,1 Bundesliga,1992,1992/1993
Hamburger SV,Michael Schröder,32,Defensive Midfield,Unknown,?,out,Summer,NA,1 Bundesliga,1992,1992/1993
Hamburger SV,Richard Cyron,27,Centre-Forward,F. Düsseldorf,Loan,out,Summer,0,1 Bundesliga,1992,1992/1993
Hamburger SV,Uwe Eckel,25,Forward,VfB Lübeck,?,out,Summer,NA,1 Bundesliga,1992,1992/1993
Hamburger SV,Herbert Waas,28,Centre-Forward,Bologna,"End of loanJun 30, 1992",out,Summer,0,1 Bundesliga,1992,1992/1993
FC Schalke 04,Antoine Hey,21,Right Midfield,F. Düsseldorf,Free transfer,in,Summer,0,1 Bundesliga,1992,1992/1993
FC Schalke 04,Thomas Linke,22,Centre-Back,Rot-Weiß Erfurt,Free transfer,in,Summer,0,1 Bundesliga,1992,1992/1993
FC Schalke 04,Mike Büskens,24,Left Midfield,F. Düsseldorf,Free transfer,in,Summer,0,1 Bundesliga,1992,1992/1993
FC Schalke 04,Martin Spanring,22,Centre-Back,F. Düsseldorf,?,in,Summer,NA,1 Bundesliga,1992,1992/1993
FC Schalke 04,Uwe Scherr,25,Right Midfield,1.FC K'lautern,?,in,Summer,NA,1 Bundesliga,1992,1992/1993
FC Schalke 04,Gerald Hillringhaus,30,Goalkeeper,Bayern Munich,?,in,Summer,NA,1 Bundesliga,1992,1992/1993
FC Schalke 04,Henning Bürger,22,Left Midfield,Saarbrücken,Free transfer,out,Summer,0,1 Bundesliga,1992,1992/1993
FC Schalke 04,Michael Kroninger,25,Forward,1860 Munich,Free transfer,out,Summer,0,1 Bundesliga,1992,1992/1993
FC Schalke 04,Egon Flad,28,Midfielder,TeBe Berlin,?,out,Summer,NA,1 Bundesliga,1992,1992/1993
FC Schalke 04,Jürgen Welp,32,Goalkeeper,Beckumer SV,?,out,Summer,NA,1 Bundesliga,1992,1992/1993
FC Schalke 04,Christof Osigus,19,Goalkeeper,Bor. Dortmund,?,out,Summer,NA,1 Bundesliga,1992,1992/1993
FC Schalke 04,Stefan Thiele,18,Forward,Bor. Dortmund,?,out,Summer,NA,1 Bundesliga,1992,1992/1993
FC Schalke 04,Sascha Jusufi,29,Midfielder,Retired,-,out,Summer,0,1 Bundesliga,1992,1992/1993
FC Schalke 04,Dietmar Schacht,29,Defender,Retired,-,out,Summer,0,1 Bundesliga,1992,1992/1993
Bayern Munich,Thomas Helmer,27,Centre-Back,Bor. Dortmund,£3.38m,in,Summer,3.38,1 Bundesliga,1992,1992/1993
Bayern Munich,Jorginho,27,Right-Back,Bay. Leverkusen,£2.52m,in,Summer,2.52,1 Bundesliga,1992,1992/1993
Bayern Munich,Mehmet Scholl,21,Attacking Midfield,Karlsruher SC,£2.25m,in,Summer,2.25,1 Bundesliga,1992,1992/1993
Bayern Munich,Lothar Matthäus,31,Defensive Midfield,Inter,£1.80m,in,Summer,1.8,1 Bundesliga,1992,1992/1993
Bayern Munich,Markus Schupp,26,Attacking Midfield,Wattenscheid 09,Free transfer,in,Summer,0,1 Bundesliga,1992,1992/1993
Bayern Munich,Dieter Frey,19,Defensive Midfield,FC Augsburg,?,in,Summer,NA,1 Bundesliga,1992,1992/1993
Bayern Munich,Wolfgang Gerstmeier,23,Midfielder,FC Augsburg,?,in,Summer,NA,1 Bundesliga,1992,1992/1993
Bayern Munich,Harald Cerny,18,Right Midfield,FC Bayern U19,-,in,Summer,0,1 Bundesliga,1992,1992/1993
Bayern Munich,Andreas Mayer,19,Central Midfield,FC Bayern II,-,in,Summer,0,1 Bundesliga,1992,1992/1993
Bayern Munich,Brian Laudrup,23,Right Winger,Fiorentina,£4.50m,out,Summer,4.5,1 Bundesliga,1992,1992/1993
Bayern Munich,Stefan Effenberg,23,Central Midfield,Fiorentina,£3.38m,out,Summer,3.38,1 Bundesliga,1992,1992/1993
Bayern Munich,Manfred Bender,26,Attacking Midfield,Karlsruher SC,£630Th.,out,Summer,0.63,1 Bundesliga,1992,1992/1993
Bayern Munich,Thomas Strunz,24,Defensive Midfield,VfB Stuttgart,Free transfer,out,Summer,0,1 Bundesliga,1992,1992/1993
Bayern Munich,Markus Babbel,19,Centre-Back,Hamburger SV,Loan,out,Summer,0,1 Bundesliga,1992,1992/1993
Bayern Munich,Gerald Hillringhaus,30,Goalkeeper,FC Schalke 04,?,out,Summer,NA,1 Bundesliga,1992,1992/1993
Bayern Munich,Ulf Kliche,22,Centre-Back,VfB Oldenburg,?,out,Summer,NA,1 Bundesliga,1992,1992/1993
Bayern Munich,Kurt Kremm,28,Centre-Back,SpVgg Renningen,?,out,Summer,NA,1 Bundesliga,1992,1992/1993
Bayern Munich,Toni Schumacher,38,Goalkeeper,Retired,-,out,Summer,0,1 Bundesliga,1992,1992/1993
Bayern Munich,Hans Pflügler,32,Left-Back,FC Bayern II,-,out,Summer,0,1 Bundesliga,1992,1992/1993
Eintracht Frankfurt,Marek Penksa,18,Right Winger,Banska Bystrica,?,in,Summer,NA,1 Bundesliga,1992,1992/1993
Eintracht Frankfurt,Uwe Rahn,30,Centre-Forward,F. Düsseldorf,?,in,Summer,NA,1 Bundesliga,1992,1992/1993
Eintracht Frankfurt,Rudi Bommer,34,Defensive Midfield,Aschaffenburg,?,in,Summer,NA,1 Bundesliga,1992,1992/1993
Eintracht Frankfurt,Matthias Hagner,17,Right Midfield,FC Burgsolms,-,in,Summer,0,1 Bundesliga,1992,1992/1993
Eintracht Frankfurt,Michael Anicic,17,Attacking Midfield,Frankfurt U19,-,in,Summer,0,1 Bundesliga,1992,1992/1993
Eintracht Frankfurt,Thomas Reis,18,Left-Back,Frankfurt U19,-,in,Summer,0,1 Bundesliga,1992,1992/1993
Eintracht Frankfurt,Andreas Möller,24,Attacking Midfield,Juventus,Free transfer,out,Summer,0,1 Bundesliga,1992,1992/1993
Eintracht Frankfurt,Lothar Sippel,27,Centre-Forward,Bor. Dortmund,?,out,Summer,NA,1 Bundesliga,1992,1992/1993
Eintracht Frankfurt,Thomas Lasser,22,Defensive Midfield,Waldh. Mannheim,?,out,Summer,NA,1 Bundesliga,1992,1992/1993
Borussia Mönchengladbach,Dimo Wache,18,Goalkeeper,Leverkusen U19,Free transfer,in,Summer,0,1 Bundesliga,1992,1992/1993
Borussia Mönchengladbach,Stefan Ertl,23,Centre-Forward,SV Geinsheim,Free transfer,in,Summer,0,1 Bundesliga,1992,1992/1993
Borussia Mönchengladbach,Peter Nielsen,24,Attacking Midfield,Lyngby BK,?,in,Summer,NA,1 Bundesliga,1992,1992/1993
Borussia Mönchengladbach,Christian Hock,22,Left Midfield,Aschaffenburg,?,in,Summer,NA,1 Bundesliga,1992,1992/1993
Borussia Mönchengladbach,Johnny Mölby,23,Central Midfield,FC Nantes,?,in,Summer,NA,1 Bundesliga,1992,1992/1993
Borussia Mönchengladbach,Manfred Stefes,25,Defender,F. Düsseldorf,?,out,Summer,NA,1 Bundesliga,1992,1992/1993
Borussia Mönchengladbach,Thomas Huschbeck,24,Defender,F. Düsseldorf,?,out,Summer,NA,1 Bundesliga,1992,1992/1993
Borussia Mönchengladbach,Norbert Meier,33,Attacking Midfield,Retired,-,out,Summer,0,1 Bundesliga,1992,1992/1993
Borussia Dortmund,Stefan Reuter,25,Right Midfield,Juventus,£1.89m,in,Summer,1.89,1 Bundesliga,1992,1992/1993
Borussia Dortmund,René Tretschok,23,Defensive Midfield,Hallescher FC,Free transfer,in,Summer,0,1 Bundesliga,1992,1992/1993
Borussia Dortmund,Ned Zelic,20,Defensive Midfield,Sydney Olympic,?,in,Summer,NA,1 Bundesliga,1992,1992/1993
Borussia Dortmund,Lothar Sippel,27,Centre-Forward,E. Frankfurt,?,in,Summer,NA,1 Bundesliga,1992,1992/1993
Borussia Dortmund,Christof Osigus,19,Goalkeeper,FC Schalke 04,?,in,Summer,NA,1 Bundesliga,1992,1992/1993
Borussia Dortmund,Stefan Thiele,18,Forward,FC Schalke 04,?,in,Summer,NA,1 Bundesliga,1992,1992/1993
Borussia Dortmund,Thomas Helmer,27,Centre-Back,Bayern Munich,£3.38m,out,Summer,3.38,1 Bundesliga,1992,1992/1993
Borussia Dortmund,Peter Quallo,20,Centre-Back,F. Düsseldorf,£900Th.,out,Summer,0.9,1 Bundesliga,1992,1992/1993
Borussia Dortmund,Günter Breitzke,25,Right Midfield,F. Düsseldorf,Free transfer,out,Summer,0,1 Bundesliga,1992,1992/1993
Borussia Dortmund,Dirk Hofmann,23,Midfielder,VfL Osnabrück,?,out,Summer,NA,1 Bundesliga,1992,1992/1993
Borussia Dortmund,Sergey Gorlukovich,30,Centre-Back,Bay. Uerdingen,?,out,Summer,NA,1 Bundesliga,1992,1992/1993
Bayer 04 Leverkusen,Pavel Hapal,22,Attacking Midfield,Sigma Olomouc,£1.13m,in,Summer,1.13,1 Bundesliga,1992,1992/1993
Bayer 04 Leverkusen,Heiko Scholz,26,Right Midfield,Dynamo Dresden,Free transfer,in,Summer,0,1 Bundesliga,1992,1992/1993
Bayer 04 Leverkusen,Mario Tolkmitt,21,Left Midfield,FC Berlin,?,in,Summer,NA,1 Bundesliga,1992,1992/1993
Bayer 04 Leverkusen,Guido Hoffmann,26,Attacking Midfield,1.FC K'lautern,Loan,in,Summer,0,1 Bundesliga,1992,1992/1993
Bayer 04 Leverkusen,Uwe Stöver,25,Centre-Back,Leverkusen II,-,in,Summer,0,1 Bundesliga,1992,1992/1993
Bayer 04 Leverkusen,Markus Kurth,18,Centre-Forward,Leverkusen U19,-,in,Summer,0,1 Bundesliga,1992,1992/1993
Bayer 04 Leverkusen,Jorginho,27,Right-Back,Bayern Munich,£2.52m,out,Summer,2.52,1 Bundesliga,1992,1992/1993
Bayer 04 Leverkusen,Marcus Feinbier,22,Centre-Forward,Hertha BSC,Free transfer,out,Summer,0,1 Bundesliga,1992,1992/1993
Bayer 04 Leverkusen,Marek Lesniak,28,Centre-Forward,Wattenscheid 09,Free transfer,out,Summer,0,1 Bundesliga,1992,1992/1993
Bayer 04 Leverkusen,Frank Germann,24,Centre-Back,Arm. Bielefeld,?,out,Summer,NA,1 Bundesliga,1992,1992/1993
Bayer 04 Leverkusen,Erich Seckler,28,Defender,Hertha BSC,?,out,Summer,NA,1 Bundesliga,1992,1992/1993
Bayer 04 Leverkusen,Andrzej Buncol,32,Attacking Midfield,F. Düsseldorf,?,out,Summer,NA,1 Bundesliga,1992,1992/1993
1.FC Nuremberg,Percy Olivares,24,Left-Back,Sport. Cristal,£675Th.,in,Summer,0.675,1 Bundesliga,1992,1992/1993
1.FC Nuremberg,Uwe Rösler,23,Centre-Forward,Dynamo Dresden,£540Th.,in,Summer,0.54,1 Bundesliga,1992,1992/1993
1.FC Nuremberg,Jürgen Kramny,20,Right Midfield,VfB Stuttgart,Loan,in,Summer,0,1 Bundesliga,1992,1992/1993
1.FC Nuremberg,Sergio Bustos,19,Attacking Midfield,Racing Club,?,in,Summer,NA,1 Bundesliga,1992,1992/1993
1.FC Nuremberg,Thomas Weissenberger,21,Right Winger,Spittal,?,in,Summer,NA,1 Bundesliga,1992,1992/1993
1.FC Nuremberg,Sascha Licht,17,Right Winger,Nürnberg U19,-,in,Summer,0,1 Bundesliga,1992,1992/1993
1.FC Nuremberg,Frank Schmidt,18,Defensive Midfield,Nürnberg U19,-,in,Summer,0,1 Bundesliga,1992,1992/1993
1.FC Nuremberg,Reinhold Hintermaier,36,Sweeper,Career break,-,in,Summer,0,1 Bundesliga,1992,1992/1993
1.FC Nuremberg,Roger Diebel,NA,Forward,Nürnberg U19,-,in,Summer,0,1 Bundesliga,1992,1992/1993
1.FC Nuremberg,Thomas Seitz,22,Midfielder,Nuremberg II,-,in,Summer,0,1 Bundesliga,1992,1992/1993
1.FC Nuremberg,André Golke,27,Attacking Midfield,VfB Stuttgart,£1.13m,out,Summer,1.13,1 Bundesliga,1992,1992/1993
1.FC Nuremberg,Martin Wagner,24,Left Midfield,1.FC K'lautern,£450Th.,out,Summer,0.45,1 Bundesliga,1992,1992/1993
1.FC Nuremberg,Sergio Zárate,23,Centre-Forward,Ancona,Loan fee:£315Th.,out,Summer,0.315,1 Bundesliga,1992,1992/1993
1.FC Nuremberg,Hans-Jürgen Heidenreich,24,Right-Back,VfB Leipzig,£158Th.,out,Summer,0.158,1 Bundesliga,1992,1992/1993
1.FC Nuremberg,Joachim Philipkowski,31,Sweeper,FC St. Pauli,£115Th.,out,Summer,0.115,1 Bundesliga,1992,1992/1993
1.FC Nuremberg,Günter Drews,24,Midfielder,AC Bellinzona,Free transfer,out,Summer,0,1 Bundesliga,1992,1992/1993
1.FC Nuremberg,Andreas Schöll,22,Attacking Midfield,Vestenbergsgr.,Free transfer,out,Summer,0,1 Bundesliga,1992,1992/1993
1.FC Nuremberg,Dr. Reiner Wirsching,29,Centre-Forward,Schweinfurt 05,?,out,Summer,NA,1 Bundesliga,1992,1992/1993
1.FC Nuremberg,Uwe Weidemann,29,Attacking Midfield,Waldh. Mannheim,Loan,out,Summer,0,1 Bundesliga,1992,1992/1993
1.FC Nuremberg,Michael Butrej,24,Left Midfield,E. Braunschweig,?,out,Summer,NA,1 Bundesliga,1992,1992/1993
1. FC Köln,Kim Christofte,31,Left-Back,Bröndby IF,£122Th.,in,Summer,0.122,1 Bundesliga,1992,1992/1993
1. FC Köln,Dirk Lehmann,20,Attacking Midfield,A. Aachen II,£14Th.,in,Summer,0.014,1 Bundesliga,1992,1992/1993
1. FC Köln,Roger Nilsen,22,Centre-Back,Viking FK,Loan,in,Summer,0,1 Bundesliga,1992,1992/1993
1. FC Köln,Pablo Thiam,18,Defensive Midfield,1.FC Köln U19,-,in,Summer,0,1 Bundesliga,1992,1992/1993
1. FC Köln,Patrick Weiser,20,Left-Back,1.FC Köln II,-,in,Summer,0,1 Bundesliga,1992,1992/1993
1. FC Köln,Carsten Keuler,20,Centre-Back,1.FC Köln II,-,in,Summer,0,1 Bundesliga,1992,1992/1993
1. FC Köln,Guido Jörres,18,Sweeper,1.FC Köln U19,-,in,Summer,0,1 Bundesliga,1992,1992/1993
1. FC Köln,Adrian Spyrka,24,Central Midfield,Stuttg. Kickers,"End of loanJun 30, 1992",in,Summer,0,1 Bundesliga,1992,1992/1993
1. FC Köln,Andrzej Rudy,26,Attacking Midfield,Bröndby IF,"End of loanJun 30, 1992",in,Summer,0,1 Bundesliga,1992,1992/1993
1. FC Köln,Reinhold Daschner,22,Sweeper,Hannover 96,Free transfer,out,Summer,0,1 Bundesliga,1992,1992/1993
1. FC Köln,Pierre Littbarski,33,Attacking Midfield,JEF Utd. Chiba,?,out,Summer,NA,1 Bundesliga,1992,1992/1993
1. FC Köln,Falko Götz,30,Attacking Midfield,Galatasaray,?,out,Summer,NA,1 Bundesliga,1992,1992/1993
1. FC Köln,Peter Müller,22,Midfielder,FC 08 Homburg,?,out,Summer,NA,1 Bundesliga,1992,1992/1993
1. FC Köln,Hans-Georg Dreßen,27,Midfielder,Retired,-,out,Summer,0,1 Bundesliga,1992,1992/1993
1.FC Kaiserslautern,Marcus Marin,25,Centre-Forward,Stuttg. Kickers,£648Th.,in,Summer,0.648,1 Bundesliga,1992,1992/1993
1.FC Kaiserslautern,Martin Wagner,24,Left Midfield,1.FC Nuremberg,£450Th.,in,Summer,0.45,1 Bundesliga,1992,1992/1993
1.FC Kaiserslautern,Thomas Hengen,17,Sweeper,Phönix Bellheim,Free transfer,in,Summer,0,1 Bundesliga,1992,1992/1993
1.FC Kaiserslautern,Thomas Ritter,24,Centre-Back,Stuttg. Kickers,Free transfer,in,Summer,0,1 Bundesliga,1992,1992/1993
1.FC Kaiserslautern,Michael Zeyer,24,Central Midfield,SC Freiburg,?,in,Summer,NA,1 Bundesliga,1992,1992/1993
1.FC Kaiserslautern,Jan Eriksson,24,Centre-Back,Norrköping,?,in,Summer,NA,1 Bundesliga,1992,1992/1993
1.FC Kaiserslautern,Torsten Lieberknecht,18,Central Midfield,K'lautern U19,-,in,Summer,0,1 Bundesliga,1992,1992/1993
1.FC Kaiserslautern,Christoph Dengel,18,Centre-Forward,K'lautern U19,-,in,Summer,0,1 Bundesliga,1992,1992/1993
1.FC Kaiserslautern,Bernhard Winkler,26,Centre-Forward,Wattenscheid 09,"End of loanJun 30, 1992",in,Summer,0,1 Bundesliga,1992,1992/1993
1.FC Kaiserslautern,Markus Kranz,22,Left-Back,Bay. Uerdingen,Free transfer,out,Summer,0,1 Bundesliga,1992,1992/1993
1.FC Kaiserslautern,Jürgen Degen,24,Centre-Forward,F. Düsseldorf,Loan,out,Summer,0,1 Bundesliga,1992,1992/1993
1.FC Kaiserslautern,Uwe Scherr,25,Right Midfield,FC Schalke 04,?,out,Summer,NA,1 Bundesliga,1992,1992/1993
1.FC Kaiserslautern,Guido Hoffmann,26,Attacking Midfield,Bay. Leverkusen,Loan,out,Summer,0,1 Bundesliga,1992,1992/1993
1.FC Kaiserslautern,Reinhard Stumpf,30,Centre-Back,Galatasaray,?,out,Summer,NA,1 Bundesliga,1992,1992/1993
SG Dynamo Dresden,Vladan Milovanovic,21,Centre-Forward,Napredak,Free transfer,in,Summer,0,1 Bundesliga,1992,1992/1993
SG Dynamo Dresden,Miroslav Stevic,22,Defensive Midfield,Grasshoppers,?,in,Summer,NA,1 Bundesliga,1992,1992/1993
SG Dynamo Dresden,Thomas Köhler,25,Goalkeeper,Hansa Rostock,?,in,Summer,NA,1 Bundesliga,1992,1992/1993
SG Dynamo Dresden,Thomas Rath,21,Attacking Midfield,Hertha BSC,?,in,Summer,NA,1 Bundesliga,1992,1992/1993
SG Dynamo Dresden,René Beuchel,18,Defensive Midfield,Dresd.-Stries.,?,in,Summer,NA,1 Bundesliga,1992,1992/1993
SG Dynamo Dresden,Wolfram Wagner,20,Midfielder,Unknown,?,in,Summer,NA,1 Bundesliga,1992,1992/1993
SG Dynamo Dresden,Nils Schmäler,22,Sweeper,VfB Stuttgart,?,in,Summer,NA,1 Bundesliga,1992,1992/1993
SG Dynamo Dresden,Alexander Zickler,18,Centre-Forward,D. Dresden U19,-,in,Summer,0,1 Bundesliga,1992,1992/1993
SG Dynamo Dresden,Jens Jeremies,18,Defensive Midfield,D. Dresden U19,-,in,Summer,0,1 Bundesliga,1992,1992/1993
SG Dynamo Dresden,Uwe Rösler,23,Centre-Forward,1.FC Nuremberg,£540Th.,out,Summer,0.54,1 Bundesliga,1992,1992/1993
SG Dynamo Dresden,Heiko Scholz,26,Right Midfield,Bay. Leverkusen,Free transfer,out,Summer,0,1 Bundesliga,1992,1992/1993
SG Dynamo Dresden,Thomas Ehrlich,18,Midfielder,FV Dresden 06,?,out,Summer,NA,1 Bundesliga,1992,1992/1993
SG Dynamo Dresden,Oliver Pagé,21,Centre-Back,RW Essen,?,out,Summer,NA,1 Bundesliga,1992,1992/1993
SG Dynamo Dresden,Sergio Allievi,28,Attacking Midfield,Unterhaching,?,out,Summer,NA,1 Bundesliga,1992,1992/1993
SG Dynamo Dresden,Steffen Büttner,28,Left-Back,Union Berlin,?,out,Summer,NA,1 Bundesliga,1992,1992/1993
SG Wattenscheid 09,Günter Hermann,31,Defensive Midfield,Werder Bremen,?,in,Winter,NA,1 Bundesliga,1992,1992/1993
Bayer 05 Uerdingen,Uwe Hartenberger,24,Forward,SV Darmstadt 98,?,out,Winter,NA,1 Bundesliga,1992,1992/1993
Bayer 05 Uerdingen,Markus Bayertz,21,Left Midfield,RW Oberhausen,?,out,Winter,NA,1 Bundesliga,1992,1992/1993
SV Werder Bremen,Bernd Hobsch,24,Centre-Forward,VfB Leipzig,£1.13m,in,Winter,1.13,1 Bundesliga,1992,1992/1993
SV Werder Bremen,Jonny Otten,31,Left-Back,VfB Oldenburg,?,out,Winter,NA,1 Bundesliga,1992,1992/1993
SV Werder Bremen,Arie van Lent,22,Centre-Forward,VfB Oldenburg,Loan,out,Winter,0,1 Bundesliga,1992,1992/1993
SV Werder Bremen,Günter Hermann,31,Defensive Midfield,Wattenscheid 09,?,out,Winter,NA,1 Bundesliga,1992,1992/1993
VfL Bochum,Holger Aden,27,Forward,E. Braunschweig,?,in,Winter,NA,1 Bundesliga,1992,1992/1993
VfL Bochum,Volodymyr Lyutyi,30,Centre-Forward,Bursaspor,?,in,Winter,NA,1 Bundesliga,1992,1992/1993
VfL Bochum,Frank Türr,22,Centre-Forward,E. Braunschweig,?,out,Winter,NA,1 Bundesliga,1992,1992/1993
VfB Stuttgart,Siegfried Grüninger,33,Goalkeeper,SC Pfullendorf,Free transfer,out,Winter,0,1 Bundesliga,1992,1992/1993
Karlsruher SC,Christian Flindt Bjerg,18,Central Midfield,Aalborg BK,?,in,Winter,NA,1 Bundesliga,1992,1992/1993
Bayern Munich,Manfred Schwabl,26,Defensive Midfield,1.FC Nuremberg,Loan,out,Winter,0,1 Bundesliga,1992,1992/1993
Eintracht Frankfurt,Dariusz Adamczuk,23,Defensive Midfield,Pogon Szczecin,£338Th.,in,Winter,0.338,1 Bundesliga,1992,1992/1993
Eintracht Frankfurt,Kakhaber Tskhadadze,24,Centre-Back,Dynamo Moscow,?,in,Winter,NA,1 Bundesliga,1992,1992/1993
Borussia Dortmund,Matthias Sammer,25,Defensive Midfield,Inter,£3.83m,in,Winter,3.83,1 Bundesliga,1992,1992/1993
Borussia Dortmund,Jürgen Wegmann,28,Centre-Forward,MSV Duisburg,?,out,Winter,NA,1 Bundesliga,1992,1992/1993
1.FC Nuremberg,Manfred Schwabl,26,Defensive Midfield,Bayern Munich,Loan,in,Winter,0,1 Bundesliga,1992,1992/1993
1.FC Nuremberg,Jens Krinke,20,Midfielder,SC Neukirchen,Free transfer,out,Winter,0,1 Bundesliga,1992,1992/1993
1.FC Nuremberg,Percy Olivares,24,Left-Back,Sport. Cristal,Free transfer,out,Winter,0,1 Bundesliga,1992,1992/1993
1. FC Köln,Andrzej Kobylanski,22,Left Midfield,Siarka T.,£270Th.,in,Winter,0.27,1 Bundesliga,1992,1992/1993
1.FC Kaiserslautern,Bernhard Winkler,26,Centre-Forward,SC Fortuna Köln,Loan,out,Winter,0,1 Bundesliga,1992,1992/1993
SG Dynamo Dresden,Nikica Maglica,27,Forward,NK Zagreb,?,in,Winter,NA,1 Bundesliga,1992,1992/1993
SG Dynamo Dresden,Torsten Gütschow,30,Centre-Forward,Galatasaray,?,out,Winter,NA,1 Bundesliga,1992,1992/1993
