club_name,player_name,age,position,club_involved_name,fee,transfer_movement,transfer_period,fee_cleaned,league_name,year,season
Atlético Madrid,Christian Vieri,23,Centre-Forward,Juventus,£15.80m,in,Summer,15.8,Primera Division,1997,1997/1998
Atlético Madrid,Juninho Paulista,24,Attacking Midfield,Middlesbrough,£12.42m,in,Summer,12.42,Primera Division,1997,1997/1998
Atlético Madrid,Avi Nimni,25,Attacking Midfield,M. Tel Aviv,£3.15m,in,Summer,3.15,Primera Division,1997,1997/1998
Atlético Madrid,Paulo Futre,31,Left Winger,West Ham,Free transfer,in,Summer,0,Primera Division,1997,1997/1998
Atlético Madrid,Rade Bogdanovic,27,Centre-Forward,JEF Utd. Chiba,?,in,Summer,NA,Primera Division,1997,1997/1998
Atlético Madrid,José Mari,18,Centre-Forward,Sevilla B,?,in,Summer,NA,Primera Division,1997,1997/1998
Atlético Madrid,Andrei Frascarelli,24,Defender,Atlético-PR,?,in,Summer,NA,Primera Division,1997,1997/1998
Atlético Madrid,Ramón,22,Centre-Back,Real Valladolid,?,in,Summer,NA,Primera Division,1997,1997/1998
Atlético Madrid,Jordi Lardín,24,Left Winger,Espanyol,?,in,Summer,NA,Primera Division,1997,1997/1998
Atlético Madrid,Iván Rocha,29,Left-Back,RCD Mallorca,"End of loanJul 1, 1998",in,Summer,0,Primera Division,1997,1997/1998
Atlético Madrid,Leo Biagini,20,Centre-Forward,CP Mérida,Loan fee:£189Th.,out,Summer,0.189,Primera Division,1997,1997/1998
Atlético Madrid,Yordi,22,Centre-Forward,Real Zaragoza,?,out,Summer,NA,Primera Division,1997,1997/1998
Atlético Madrid,Juan Esnáider,24,Centre-Forward,Espanyol,?,out,Summer,NA,Primera Division,1997,1997/1998
Atlético Madrid,Juan Carlos,24,Forward,Real Valladolid,?,out,Summer,NA,Primera Division,1997,1997/1998
Atlético Madrid,Roberto Solozábal,27,Centre-Back,Real Betis,?,out,Summer,NA,Primera Division,1997,1997/1998
RCD Espanyol Barcelona,Quique Martín,24,Left Winger,FC Barcelona B,£630Th.,in,Summer,0.63,Primera Division,1997,1997/1998
RCD Espanyol Barcelona,Constantin Galca,25,Defensive Midfield,RCD Mallorca,£90Th.,in,Summer,0.09,Primera Division,1997,1997/1998
RCD Espanyol Barcelona,Juan Esnáider,24,Centre-Forward,Atlético Madrid,?,in,Summer,NA,Primera Division,1997,1997/1998
RCD Espanyol Barcelona,David Charcos,22,Defender,RCD Espanyol B,-,in,Summer,0,Primera Division,1997,1997/1998
RCD Espanyol Barcelona,Àngel Morales,21,Defensive Midfield,RCD Espanyol B,-,in,Summer,0,Primera Division,1997,1997/1998
RCD Espanyol Barcelona,Sergio,20,Central Midfield,RCD Espanyol B,-,in,Summer,0,Primera Division,1997,1997/1998
RCD Espanyol Barcelona,Diego Ribera,20,Forward,Castelldefels,,in,Summer,NA,Primera Division,1997,1997/1998
RCD Espanyol Barcelona,Florin Raducioiu,27,Centre-Forward,West Ham,"End of loanJun 30, 1997",in,Summer,0,Primera Division,1997,1997/1998
RCD Espanyol Barcelona,Raúl Tamudo,19,Centre-Forward,Alavés,Loan,out,Summer,0,Primera Division,1997,1997/1998
RCD Espanyol Barcelona,Florin Raducioiu,27,Centre-Forward,VfB Stuttgart,Loan,out,Summer,0,Primera Division,1997,1997/1998
RCD Espanyol Barcelona,Jaime Molina,28,Centre-Back,CP Mérida,?,out,Summer,NA,Primera Division,1997,1997/1998
RCD Espanyol Barcelona,Pascal Olmeta,36,Goalkeeper,GFCO Ajaccio,?,out,Summer,NA,Primera Division,1997,1997/1998
RCD Espanyol Barcelona,Goran Bogdanovic,30,Midfielder,CF Extremadura,?,out,Summer,NA,Primera Division,1997,1997/1998
RCD Espanyol Barcelona,Jordi Lardín,24,Left Winger,Atlético Madrid,?,out,Summer,NA,Primera Division,1997,1997/1998
RCD Espanyol Barcelona,Sebastián Herrera,28,Centre-Back,UD Las Palmas,?,out,Summer,NA,Primera Division,1997,1997/1998
RCD Espanyol Barcelona,Francisco,34,Central Midfield,Retired,-,out,Summer,0,Primera Division,1997,1997/1998
Deportivo de La Coruña,Luizão,21,Centre-Forward,Palmeiras,£5.85m,in,Summer,5.85,Primera Division,1997,1997/1998
Deportivo de La Coruña,Lionel Scaloni,19,Right-Back,Estudiantes,£2.34m,in,Summer,2.34,Primera Division,1997,1997/1998
Deportivo de La Coruña,Mustapha Hadji,25,Attacking Midfield,Sporting CP,?,in,Summer,NA,Primera Division,1997,1997/1998
Deportivo de La Coruña,Sena,19,Right-Back,Famalicão,?,in,Summer,NA,Primera Division,1997,1997/1998
Deportivo de La Coruña,Peter Rufai,33,Goalkeeper,Hércules CF,?,in,Summer,NA,Primera Division,1997,1997/1998
Deportivo de La Coruña,Luis Miguel Ramis,26,Centre-Back,Sevilla FC,?,in,Summer,NA,Primera Division,1997,1997/1998
Deportivo de La Coruña,Salaheddine Bassir,24,Centre-Forward,Hilal,?,in,Summer,NA,Primera Division,1997,1997/1998
Deportivo de La Coruña,Maikel,21,Forward,Deportivo B,-,in,Summer,0,Primera Division,1997,1997/1998
Deportivo de La Coruña,Rivaldo,25,Attacking Midfield,FC Barcelona,£21.15m,out,Summer,21.15,Primera Division,1997,1997/1998
Deportivo de La Coruña,Miroslav Djukic,31,Centre-Back,Valencia,Free transfer,out,Summer,0,Primera Division,1997,1997/1998
Deportivo de La Coruña,Dmitri Radchenko,26,Centre-Forward,CP Mérida,Loan,out,Summer,0,Primera Division,1997,1997/1998
Deportivo de La Coruña,Petr Kouba,28,Goalkeeper,1.FC K'lautern,?,out,Summer,NA,Primera Division,1997,1997/1998
Deportivo de La Coruña,Txiki Begiristain,32,Left Winger,Urawa Reds,?,out,Summer,NA,Primera Division,1997,1997/1998
Deportivo de La Coruña,Rafael Martin Vazquez,31,Attacking Midfield,Atletico Celaya,?,out,Summer,NA,Primera Division,1997,1997/1998
Deportivo de La Coruña,Renaldo,27,Centre-Forward,Corinthians,Loan,out,Summer,0,Primera Division,1997,1997/1998
Deportivo de La Coruña,Alfredo Santaelena,29,Midfielder,Sevilla FC,?,out,Summer,NA,Primera Division,1997,1997/1998
Deportivo de La Coruña,José Luis Ribera,32,Defender,Rayo Vallecano,?,out,Summer,NA,Primera Division,1997,1997/1998
Celta de Vigo,Dan Eggen,27,Centre-Back,Bröndby IF,£720Th.,in,Summer,0.72,Primera Division,1997,1997/1998
Celta de Vigo,Valeri Karpin,28,Right Midfield,Valencia,?,in,Summer,NA,Primera Division,1997,1997/1998
Celta de Vigo,Jorge Cadete,28,Centre-Forward,Celtic,?,in,Summer,NA,Primera Division,1997,1997/1998
Celta de Vigo,Goran Djorovic,25,Centre-Back,Red Star,?,in,Summer,NA,Primera Division,1997,1997/1998
Celta de Vigo,Bruno Caires,21,Defensive Midfield,Benfica,?,in,Summer,NA,Primera Division,1997,1997/1998
Celta de Vigo,Oskar Vales,22,Right-Back,Athletic,Loan,in,Summer,0,Primera Division,1997,1997/1998
Celta de Vigo,Ito,22,Central Midfield,CF Extremadura,?,in,Summer,NA,Primera Division,1997,1997/1998
Celta de Vigo,Pablo Couñago,17,Centre-Forward,Celta Vigo B,-,in,Summer,0,Primera Division,1997,1997/1998
Celta de Vigo,Míchel Salgado,21,Right-Back,UD Salamanca,"End of loanJun 30, 1997",in,Summer,0,Primera Division,1997,1997/1998
Celta de Vigo,Carlos Pérez,25,Attacking Midfield,UD Almería,"End of loanJun 30, 1997",in,Summer,0,Primera Division,1997,1997/1998
Celta de Vigo,Javi González,23,Right Midfield,Athletic,Free transfer,out,Summer,0,Primera Division,1997,1997/1998
Celta de Vigo,Eusebio,33,Defensive Midfield,Real Valladolid,Free transfer,out,Summer,0,Primera Division,1997,1997/1998
Celta de Vigo,Andoni Lakabeg,28,Right-Back,Villarreal,?,out,Summer,NA,Primera Division,1997,1997/1998
Celta de Vigo,José del Solar,29,Central Midfield,Valencia,?,out,Summer,NA,Primera Division,1997,1997/1998
Celta de Vigo,Juan Manuel Prieto,26,Centre-Forward,Rayo Vallecano,Loan,out,Summer,0,Primera Division,1997,1997/1998
Celta de Vigo,Alejo Indias,30,Centre-Back,Elche CF,?,out,Summer,NA,Primera Division,1997,1997/1998
Celta de Vigo,José Manuel Tárraga,26,Defender,UE Lleida,?,out,Summer,NA,Primera Division,1997,1997/1998
Celta de Vigo,Angel Merino,30,Midfielder,UD Las Palmas,?,out,Summer,NA,Primera Division,1997,1997/1998
Celta de Vigo,Srdjan Bajcetic,25,Midfielder,Braga,?,out,Summer,NA,Primera Division,1997,1997/1998
Celta de Vigo,Diego Pereira Carrera,23,Defender,Retired,-,out,Summer,0,Primera Division,1997,1997/1998
Valencia CF,Marcelinho Carioca,26,Attacking Midfield,Corinthians,£4.68m,in,Summer,4.68,Primera Division,1997,1997/1998
Valencia CF,Moussa Saïb,28,Left Midfield,AJ Auxerre,£3.87m,in,Summer,3.87,Primera Division,1997,1997/1998
Valencia CF,Amedeo Carboni,32,Left-Back,AS Roma,£3.60m,in,Summer,3.6,Primera Division,1997,1997/1998
Valencia CF,Juanfran,20,Left-Back,Levante,£1.08m,in,Summer,1.08,Primera Division,1997,1997/1998
Valencia CF,Jocelyn Angloma,31,Right-Back,Inter,£1.08m,in,Summer,1.08,Primera Division,1997,1997/1998
Valencia CF,Gerard López,18,Central Midfield,FC Barcelona B,Free transfer,in,Summer,0,Primera Division,1997,1997/1998
Valencia CF,Miroslav Djukic,31,Centre-Back,Dep. La Coruña,Free transfer,in,Summer,0,Primera Division,1997,1997/1998
Valencia CF,Gustavo Campagnuolo,24,Goalkeeper,Dep. Español,?,in,Summer,NA,Primera Division,1997,1997/1998
Valencia CF,José del Solar,29,Central Midfield,Celta de Vigo,?,in,Summer,NA,Primera Division,1997,1997/1998
Valencia CF,Guillermo Morigi,23,Left Midfield,Vélez Sarsfield,?,in,Summer,NA,Primera Division,1997,1997/1998
Valencia CF,Miguel Ángel Soria,23,Defender,Levante,?,in,Summer,NA,Primera Division,1997,1997/1998
Valencia CF,Luis Milla,31,Central Midfield,Real Madrid,?,in,Summer,NA,Primera Division,1997,1997/1998
Valencia CF,Nicolás Olivera,19,Second Striker,Defensor,?,in,Summer,NA,Primera Division,1997,1997/1998
Valencia CF,Jero,19,Centre-Back,Valencia B,-,in,Summer,0,Primera Division,1997,1997/1998
Valencia CF,Miguel Ángel Angulo,20,Second Striker,Valencia B,-,in,Summer,0,Primera Division,1997,1997/1998
Valencia CF,David Albelda,19,Defensive Midfield,Villarreal,"End of loanJun 30, 1997",in,Summer,0,Primera Division,1997,1997/1998
Valencia CF,Xabier Eskurza,27,Central Midfield,Real Oviedo,£1.35m,out,Summer,1.35,Primera Division,1997,1997/1998
Valencia CF,Leandro Machado,21,Centre-Forward,Sporting CP,£900Th.,out,Summer,0.9,Primera Division,1997,1997/1998
Valencia CF,Iván Campo,23,Defensive Midfield,RCD Mallorca,£900Th.,out,Summer,0.9,Primera Division,1997,1997/1998
Valencia CF,Romero,26,Left-Back,RCD Mallorca,Free transfer,out,Summer,0,Primera Division,1997,1997/1998
Valencia CF,Iñaki Hurtado,25,Midfielder,Villarreal,?,out,Summer,NA,Primera Division,1997,1997/1998
Valencia CF,Valeri Karpin,28,Right Midfield,Celta de Vigo,?,out,Summer,NA,Primera Division,1997,1997/1998
Valencia CF,Patxi Ferreira,30,Centre-Back,Athletic,?,out,Summer,NA,Primera Division,1997,1997/1998
Valencia CF,Antonio Poyatos,31,Midfielder,Sporting Gijón,?,out,Summer,NA,Primera Division,1997,1997/1998
Valencia CF,Vicente Engonga,31,Central Midfield,RCD Mallorca,?,out,Summer,NA,Primera Division,1997,1997/1998
Valencia CF,José Ignacio,23,Defensive Midfield,Real Zaragoza,?,out,Summer,NA,Primera Division,1997,1997/1998
Valencia CF,Gabriel Moya,31,Midfielder,RCD Mallorca,,out,Summer,NA,Primera Division,1997,1997/1998
UD Salamanca (liq.),Bogdan Stelea,29,Goalkeeper,Steaua Bukarest,£810Th.,in,Summer,0.81,Primera Division,1997,1997/1998
UD Salamanca (liq.),Edu Alonso,23,Right-Back,SD Eibar,Free transfer,in,Summer,0,Primera Division,1997,1997/1998
UD Salamanca (liq.),Walter Silvani,26,Forward,CF Extremadura,?,in,Summer,NA,Primera Division,1997,1997/1998
UD Salamanca (liq.),Dubravko Pavlicic,29,Centre-Back,Hércules CF,?,in,Summer,NA,Primera Division,1997,1997/1998
UD Salamanca (liq.),Gustavo Lombardi,21,Right-Back,River Plate,?,in,Summer,NA,Primera Division,1997,1997/1998
UD Salamanca (liq.),Marco Lanna,28,Centre-Back,AS Roma,?,in,Summer,NA,Primera Division,1997,1997/1998
UD Salamanca (liq.),Ronen Harazi,27,Centre-Forward,B. Jerusalem,?,in,Summer,NA,Primera Division,1997,1997/1998
UD Salamanca (liq.),Sergio Korino,22,Centre-Back,Athletic,?,in,Summer,NA,Primera Division,1997,1997/1998
UD Salamanca (liq.),Tulipa,24,Attacking Midfield,Boavista,?,in,Summer,NA,Primera Division,1997,1997/1998
UD Salamanca (liq.),Rogério,21,Defensive Midfield,Belenenses SAD,?,in,Summer,NA,Primera Division,1997,1997/1998
UD Salamanca (liq.),Axel Smeets,22,Right-Back,KAA Gent,?,in,Summer,NA,Primera Division,1997,1997/1998
UD Salamanca (liq.),Tom,19,Goalkeeper,Salamanca U19,-,in,Summer,0,Primera Division,1997,1997/1998
UD Salamanca (liq.),César Villafañe,22,Midfielder,Racing Ferrol,"End of loanJun 30, 1997",in,Summer,0,Primera Division,1997,1997/1998
UD Salamanca (liq.),Catanha,25,Centre-Forward,CD Leganés,?,out,Summer,NA,Primera Division,1997,1997/1998
UD Salamanca (liq.),Agostinho,21,Left Winger,UD Las Palmas,?,out,Summer,NA,Primera Division,1997,1997/1998
UD Salamanca (liq.),Hermes Desio,27,Midfielder,Alavés,?,out,Summer,NA,Primera Division,1997,1997/1998
UD Salamanca (liq.),Nuno Afonso,22,Centre-Back,Vitória Setúbal,?,out,Summer,NA,Primera Division,1997,1997/1998
UD Salamanca (liq.),Miguel Torrecilla,27,Centre-Back,Elche CF,?,out,Summer,NA,Primera Division,1997,1997/1998
UD Salamanca (liq.),César Villafañe,22,Midfielder,CyD Leonesa,?,out,Summer,NA,Primera Division,1997,1997/1998
UD Salamanca (liq.),Míchel Salgado,21,Right-Back,Celta de Vigo,"End of loanJun 30, 1997",out,Summer,0,Primera Division,1997,1997/1998
Sporting Gijón,Cezary Kucharski,25,Centre-Forward,Legia Warszawa,Free transfer,in,Summer,0,Primera Division,1997,1997/1998
Sporting Gijón,Aleksey Kosolapov,26,Central Midfield,Loko Moscow,?,in,Summer,NA,Primera Division,1997,1997/1998
Sporting Gijón,Dragoje Lekovic,29,Goalkeeper,Kilmarnock FC,?,in,Summer,NA,Primera Division,1997,1997/1998
Sporting Gijón,Antonio Poyatos,31,Midfielder,Valencia,?,in,Summer,NA,Primera Division,1997,1997/1998
Sporting Gijón,Vladimir Popovic,21,Forward,FK Zemun,?,in,Summer,NA,Primera Division,1997,1997/1998
Sporting Gijón,Fredi,23,Left Midfield,CA Osasuna,?,in,Summer,NA,Primera Division,1997,1997/1998
Sporting Gijón,Pablo Amo,19,Centre-Back,Sporting B,-,in,Summer,0,Primera Division,1997,1997/1998
Sporting Gijón,Manolo Sánchez,21,Left-Back,Sporting B,-,in,Summer,0,Primera Division,1997,1997/1998
Sporting Gijón,Óscar Fernández,21,Midfielder,Sporting B,-,in,Summer,0,Primera Division,1997,1997/1998
Sporting Gijón,Mario Cotelo,22,Right Midfield,CD Badajoz,"End of loanJun 30, 1997",in,Summer,0,Primera Division,1997,1997/1998
Sporting Gijón,José Manuel,23,Right Midfield,RCD Mallorca,"End of loanJun 30, 1997",in,Summer,0,Primera Division,1997,1997/1998
Sporting Gijón,Aitor Tornavaca,21,Left-Back,CD Leganés,Free transfer,out,Summer,0,Primera Division,1997,1997/1998
Sporting Gijón,Marcos Vales,22,Right Midfield,Real Zaragoza,?,out,Summer,NA,Primera Division,1997,1997/1998
Sporting Gijón,Rónald Gómez,22,Centre-Forward,Hércules CF,?,out,Summer,NA,Primera Division,1997,1997/1998
Sporting Gijón,Urbano,22,Centre-Back,CD Badajoz,Loan,out,Summer,0,Primera Division,1997,1997/1998
Sporting Gijón,Hugo Pérez,28,Right Midfield,Estudiantes,?,out,Summer,NA,Primera Division,1997,1997/1998
Real Oviedo,Xabier Eskurza,27,Central Midfield,Valencia,£1.35m,in,Summer,1.35,Primera Division,1997,1997/1998
Real Oviedo,Julio Dely Valdés,30,Centre-Forward,Paris SG,Free transfer,in,Summer,0,Primera Division,1997,1997/1998
Real Oviedo,José María Buljubasich,26,Goalkeeper,CA Rosario,?,in,Summer,NA,Primera Division,1997,1997/1998
Real Oviedo,Roberto Pompei,27,Left Midfield,Racing Club,?,in,Summer,NA,Primera Division,1997,1997/1998
Real Oviedo,Dani Pendín,22,Defensive Midfield,Central Córdoba,?,in,Summer,NA,Primera Division,1997,1997/1998
Real Oviedo,Joyce Moreno,22,Defender,Real Madrid B,?,in,Summer,NA,Primera Division,1997,1997/1998
Real Oviedo,Juan González,25,Centre-Forward,Nacional,?,in,Summer,NA,Primera Division,1997,1997/1998
Real Oviedo,Esteban,22,Goalkeeper,Oviedo B,-,in,Summer,0,Primera Division,1997,1997/1998
Real Oviedo,Rafa,26,Goalkeeper,Málaga CF,Free transfer,out,Summer,0,Primera Division,1997,1997/1998
Real Oviedo,Thomas Christiansen,24,Centre-Forward,Villarreal,Free transfer,out,Summer,0,Primera Division,1997,1997/1998
Real Oviedo,Oli,25,Centre-Forward,Real Betis,?,out,Summer,NA,Primera Division,1997,1997/1998
Real Oviedo,Juan José Borrelli,26,Attacking Midfield,River Plate,?,out,Summer,NA,Primera Division,1997,1997/1998
Real Oviedo,Toni Velamazán,20,Right Midfield,FC Barcelona,"End of loanJun 30, 1997",out,Summer,0,Primera Division,1997,1997/1998
SD Compostela,René Ponk,25,Goalkeeper,FC Utrecht,Free transfer,in,Summer,0,Primera Division,1997,1997/1998
SD Compostela,Romano Sion,26,Midfielder,Emmen,?,in,Summer,NA,Primera Division,1997,1997/1998
SD Compostela,Changui,20,Centre-Forward,Unknown,"End of loanJun 30, 1997",in,Summer,0,Primera Division,1997,1997/1998
SD Compostela,Bent Christensen,30,Centre-Forward,Genclerbirligi,Free transfer,out,Summer,0,Primera Division,1997,1997/1998
SD Compostela,José Manuel Galdames,26,Centre-Back,Toulouse,?,out,Summer,NA,Primera Division,1997,1997/1998
SD Compostela,Pirri Mori,26,Attacking Midfield,CP Mérida,?,out,Summer,NA,Primera Division,1997,1997/1998
Real Sociedad,Dietmar Kühbauer,26,Central Midfield,Rapid Vienna,?,in,Summer,NA,Primera Division,1997,1997/1998
Real Sociedad,Ricardo Sá Pinto,24,Second Striker,Sporting CP,?,in,Summer,NA,Primera Division,1997,1997/1998
Real Sociedad,Mikel Antía,24,Centre-Back,Real Valladolid,?,in,Summer,NA,Primera Division,1997,1997/1998
Real Sociedad,Iker Sarriegi,23,Centre-Back,SD Eibar,?,in,Summer,NA,Primera Division,1997,1997/1998
Real Sociedad,Aitor López Rekarte,21,Right-Back,Real Sociedad B,-,in,Summer,0,Primera Division,1997,1997/1998
Real Sociedad,Joachin Yaw Acheampong,23,Midfielder,Hércules CF,?,out,Summer,NA,Primera Division,1997,1997/1998
CD Tenerife,Domingos Paciência,28,Centre-Forward,FC Porto,£6.75m,in,Summer,6.75,Primera Division,1997,1997/1998
CD Tenerife,Roy Makaay,22,Centre-Forward,Vitesse,£5.40m,in,Summer,5.4,Primera Division,1997,1997/1998
CD Tenerife,Samuel Slovak,21,Attacking Midfield,Slo. Bratislava,£450Th.,in,Summer,0.45,Primera Division,1997,1997/1998
CD Tenerife,André Luiz,22,Attacking Midfield,Corinthians,?,in,Summer,NA,Primera Division,1997,1997/1998
CD Tenerife,Ferdi Vierklau,24,Right-Back,Vitesse,?,in,Summer,NA,Primera Division,1997,1997/1998
CD Tenerife,Juan Carlos Unzué,30,Goalkeeper,Sevilla FC,?,in,Summer,NA,Primera Division,1997,1997/1998
CD Tenerife,Álvaro Benito,20,Left Midfield,Real Madrid,Loan,in,Summer,0,Primera Division,1997,1997/1998
CD Tenerife,César Gómez,29,Centre-Back,AS Roma,£3.15m,out,Summer,3.15,Primera Division,1997,1997/1998
CD Tenerife,Oliver Neuville,24,Centre-Forward,Hansa Rostock,£1.62m,out,Summer,1.62,Primera Division,1997,1997/1998
CD Tenerife,Sizwe Motaung,27,Right-Back,Kaizer Chiefs,?,out,Summer,NA,Primera Division,1997,1997/1998
CD Tenerife,Ignacio Conte,28,Midfielder,Racing,?,out,Summer,NA,Primera Division,1997,1997/1998
FC Barcelona,Rivaldo,25,Attacking Midfield,Dep. La Coruña,£21.15m,in,Summer,21.15,Primera Division,1997,1997/1998
FC Barcelona,Sonny Anderson,26,Centre-Forward,Monaco,£16.20m,in,Summer,16.2,Primera Division,1997,1997/1998
FC Barcelona,Michael Reiziger,24,Right-Back,Milan,£7.20m,in,Summer,7.2,Primera Division,1997,1997/1998
FC Barcelona,Christophe Dugarry,25,Centre-Forward,Milan,£3.60m,in,Summer,3.6,Primera Division,1997,1997/1998
FC Barcelona,Ruud Hesp,31,Goalkeeper,Roda JC,£990Th.,in,Summer,0.99,Primera Division,1997,1997/1998
FC Barcelona,Dragan Ciric,22,Attacking Midfield,Partizan,£810Th.,in,Summer,0.81,Primera Division,1997,1997/1998
FC Barcelona,Emmanuel Amunike,26,Left Winger,Sporting CP,Free transfer,in,Summer,0,Primera Division,1997,1997/1998
FC Barcelona,Ibán Cuadrado,18,Centre-Back,FC Barcelona B,-,in,Summer,0,Primera Division,1997,1997/1998
FC Barcelona,Toni Velamazán,20,Right Midfield,Real Oviedo,"End of loanJun 30, 1997",in,Summer,0,Primera Division,1997,1997/1998
FC Barcelona,Ronaldo,20,Centre-Forward,Inter,£25.20m,out,Summer,25.2,Primera Division,1997,1997/1998
FC Barcelona,Gheorghe Popescu,29,Centre-Back,Galatasaray,£4.05m,out,Summer,4.05,Primera Division,1997,1997/1998
FC Barcelona,Laurent Blanc,31,Sweeper,Marseille,£2.25m,out,Summer,2.25,Primera Division,1997,1997/1998
FC Barcelona,Ángel Cuéllar,24,Forward,Real Betis,£1.62m,out,Summer,1.62,Primera Division,1997,1997/1998
FC Barcelona,Quique Álvarez,21,Centre-Back,CD Logroñés,Loan,out,Summer,0,Primera Division,1997,1997/1998
FC Barcelona,Julen Lopetegui,30,Goalkeeper,Rayo Vallecano,Free transfer,out,Summer,0,Primera Division,1997,1997/1998
FC Barcelona,Josep Setvalls,22,Midfielder,UE Lleida,?,out,Summer,NA,Primera Division,1997,1997/1998
FC Barcelona,Goran Vucevic,26,Central Midfield,1. FC Köln,?,out,Summer,NA,Primera Division,1997,1997/1998
FC Barcelona,Toni Velamazán,20,Right Midfield,Albacete,Loan,out,Summer,0,Primera Division,1997,1997/1998
Real Zaragoza,Yordi,22,Centre-Forward,Atlético Madrid,?,in,Summer,NA,Primera Division,1997,1997/1998
Real Zaragoza,Pier,25,Centre-Forward,Real Betis,?,in,Summer,NA,Primera Division,1997,1997/1998
Real Zaragoza,Gary Sundgren,29,Centre-Back,AIK,?,in,Summer,NA,Primera Division,1997,1997/1998
Real Zaragoza,Luis Helguera,21,Defensive Midfield,CD Manchego,?,in,Summer,NA,Primera Division,1997,1997/1998
Real Zaragoza,Roberto Acuña,25,Central Midfield,Independiente,?,in,Summer,NA,Primera Division,1997,1997/1998
Real Zaragoza,Marcos Vales,22,Right Midfield,Sporting Gijón,?,in,Summer,NA,Primera Division,1997,1997/1998
Real Zaragoza,Nordin Wooter,19,Right Winger,Ajax,?,in,Summer,NA,Primera Division,1997,1997/1998
Real Zaragoza,José Ignacio,23,Defensive Midfield,Valencia,?,in,Summer,NA,Primera Division,1997,1997/1998
Real Zaragoza,Seba,23,Second Striker,Wigan,?,in,Summer,NA,Primera Division,1997,1997/1998
Real Zaragoza,Javi Suárez,21,Centre-Back,Real Zaragoza B,-,in,Summer,0,Primera Division,1997,1997/1998
Real Zaragoza,Fernando Morientes,21,Centre-Forward,Real Madrid,Free transfer,out,Summer,0,Primera Division,1997,1997/1998
Real Zaragoza,Gustavo Poyet,29,Attacking Midfield,Chelsea,Free transfer,out,Summer,0,Primera Division,1997,1997/1998
Real Zaragoza,Pepe Belman,26,Goalkeeper,Real Valladolid,?,out,Summer,NA,Primera Division,1997,1997/1998
Real Zaragoza,Pardeza,32,Second Striker,Puebla FC,?,out,Summer,NA,Primera Division,1997,1997/1998
Real Zaragoza,Nayim,30,Right Midfield,CD Logroñés,?,out,Summer,NA,Primera Division,1997,1997/1998
Real Zaragoza,Quique Sánchez Flores,32,Right-Back,Retired,-,out,Summer,0,Primera Division,1997,1997/1998
Real Zaragoza,Dani García,22,Centre-Forward,Real Madrid,"End of loanJun 1, 1997",out,Summer,0,Primera Division,1997,1997/1998
Real Betis Balompié,Ángel Cuéllar,24,Forward,FC Barcelona,£1.62m,in,Summer,1.62,Primera Division,1997,1997/1998
Real Betis Balompié,Oli,25,Centre-Forward,Real Oviedo,?,in,Summer,NA,Primera Division,1997,1997/1998
Real Betis Balompié,Joaquín Valerio,24,Goalkeeper,Albacete,?,in,Summer,NA,Primera Division,1997,1997/1998
Real Betis Balompié,Fernando,25,Left Midfield,Real Valladolid,?,in,Summer,NA,Primera Division,1997,1997/1998
Real Betis Balompié,Iván Pérez,21,Centre-Forward,Real Madrid B,?,in,Summer,NA,Primera Division,1997,1997/1998
Real Betis Balompié,Roberto Solozábal,27,Centre-Back,Atlético Madrid,?,in,Summer,NA,Primera Division,1997,1997/1998
Real Betis Balompié,José Manuel Pinto,21,Goalkeeper,Betis B,-,in,Summer,0,Primera Division,1997,1997/1998
Real Betis Balompié,Roberto Ríos,25,Centre-Back,Athletic,£10.80m,out,Summer,10.8,Primera Division,1997,1997/1998
Real Betis Balompié,Juan Sabas,30,Centre-Forward,CP Mérida,£676Th.,out,Summer,0.676,Primera Division,1997,1997/1998
Real Betis Balompié,Juan Luis Redondo,20,Right-Back,Hércules CF,?,out,Summer,NA,Primera Division,1997,1997/1998
Real Betis Balompié,Wojciech Kowalczyk,25,Centre-Forward,Albacete,?,out,Summer,NA,Primera Division,1997,1997/1998
Real Betis Balompié,Pier,25,Centre-Forward,Real Zaragoza,?,out,Summer,NA,Primera Division,1997,1997/1998
RCD Mallorca,Iván Campo,23,Defensive Midfield,Valencia,£900Th.,in,Summer,0.9,Primera Division,1997,1997/1998
RCD Mallorca,Romero,26,Left-Back,Valencia,Free transfer,in,Summer,0,Primera Division,1997,1997/1998
RCD Mallorca,Juan Carlos Valerón,22,Attacking Midfield,UD Las Palmas,Free transfer,in,Summer,0,Primera Division,1997,1997/1998
RCD Mallorca,Gabriel Amato,26,Centre-Forward,Hércules CF,?,in,Summer,NA,Primera Division,1997,1997/1998
RCD Mallorca,Vicente Engonga,31,Central Midfield,Valencia,?,in,Summer,NA,Primera Division,1997,1997/1998
RCD Mallorca,Óscar Mena,26,Right Midfield,Lanús,?,in,Summer,NA,Primera Division,1997,1997/1998
RCD Mallorca,Paco Sanz,24,Right Midfield,Racing,?,in,Summer,NA,Primera Division,1997,1997/1998
RCD Mallorca,Palhinha,29,Attacking Midfield,Cruzeiro,?,in,Summer,NA,Primera Division,1997,1997/1998
RCD Mallorca,Josemi,21,Forward,RCD Mallorca,-,in,Summer,0,Primera Division,1997,1997/1998
RCD Mallorca,Gabriel Moya,31,Midfielder,Valencia,,in,Summer,NA,Primera Division,1997,1997/1998
RCD Mallorca,Constantin Galca,25,Defensive Midfield,Espanyol,£90Th.,out,Summer,0.09,Primera Division,1997,1997/1998
RCD Mallorca,Francisco Copado,23,Second Striker,TeBe Berlin,Free transfer,out,Summer,0,Primera Division,1997,1997/1998
RCD Mallorca,David Castedo,23,Left-Back,Hércules CF,Free transfer,out,Summer,0,Primera Division,1997,1997/1998
RCD Mallorca,Raúl Pareja,22,Centre-Back,Real Madrid B,?,out,Summer,NA,Primera Division,1997,1997/1998
RCD Mallorca,Tito Vilanova,28,Midfielder,UE Lleida,?,out,Summer,NA,Primera Division,1997,1997/1998
RCD Mallorca,Emmanuel Duah,20,Left Midfield,Leiria,?,out,Summer,NA,Primera Division,1997,1997/1998
RCD Mallorca,Iván Rocha,29,Left-Back,Atlético Madrid,"End of loanJul 1, 1998",out,Summer,0,Primera Division,1997,1997/1998
RCD Mallorca,Josemi,21,Forward,RCD Mallorca,-,out,Summer,0,Primera Division,1997,1997/1998
RCD Mallorca,Luis López Rekarte,35,Right-Back,Retired,-,out,Summer,0,Primera Division,1997,1997/1998
RCD Mallorca,Ernesto Valverde,33,Centre-Forward,Retired,-,out,Summer,0,Primera Division,1997,1997/1998
RCD Mallorca,José Manuel,23,Right Midfield,Sporting Gijón,"End of loanJun 30, 1997",out,Summer,0,Primera Division,1997,1997/1998
RCD Mallorca,Juan Antonio Santaella,23,Second Striker,Sevilla B,"End of loanJun 30, 1997",out,Summer,0,Primera Division,1997,1997/1998
RCD Mallorca,Carlitos,20,Centre-Forward,Sevilla FC,"End of loanJun 30, 1997",out,Summer,0,Primera Division,1997,1997/1998
Real Valladolid CF,Gabriel Heinze,19,Centre-Back,Newell's,£1.80m,in,Summer,1.8,Primera Division,1997,1997/1998
Real Valladolid CF,Chema,21,Right Midfield,Atl. Madrid B,Free transfer,in,Summer,0,Primera Division,1997,1997/1998
Real Valladolid CF,Eusebio,33,Defensive Midfield,Celta de Vigo,Free transfer,in,Summer,0,Primera Division,1997,1997/1998
Real Valladolid CF,Jesús Lanza,18,Central Midfield,Córdoba CF,Loan,in,Summer,0,Primera Division,1997,1997/1998
Real Valladolid CF,Diego Klimowicz,22,Centre-Forward,Rayo Vallecano,?,in,Summer,NA,Primera Division,1997,1997/1998
Real Valladolid CF,García Calvo,22,Centre-Back,Real Madrid,?,in,Summer,NA,Primera Division,1997,1997/1998
Real Valladolid CF,Pepe Belman,26,Goalkeeper,Real Zaragoza,?,in,Summer,NA,Primera Division,1997,1997/1998
Real Valladolid CF,Juan Carlos,24,Forward,Atlético Madrid,?,in,Summer,NA,Primera Division,1997,1997/1998
Real Valladolid CF,Pablo García,20,Defensive Midfield,Atl. Madrid B,Loan,in,Summer,0,Primera Division,1997,1997/1998
Real Valladolid CF,Jesús Ángel Turiel,23,Defensive Midfield,CD Toledo,Loan,out,Summer,0,Primera Division,1997,1997/1998
Real Valladolid CF,Fernando,25,Left Midfield,Real Betis,?,out,Summer,NA,Primera Division,1997,1997/1998
Real Valladolid CF,Ramón,22,Centre-Back,Atlético Madrid,?,out,Summer,NA,Primera Division,1997,1997/1998
Real Valladolid CF,Mikel Antía,24,Centre-Back,Real Sociedad,?,out,Summer,NA,Primera Division,1997,1997/1998
Real Valladolid CF,José Mosquera,30,Midfielder,Racing Ferrol,?,out,Summer,NA,Primera Division,1997,1997/1998
Real Madrid,Christian Karembeu,26,Defensive Midfield,Sampdoria,£11.25m,in,Summer,11.25,Primera Division,1997,1997/1998
Real Madrid,Aitor Karanka,23,Centre-Back,Athletic,£5.41m,in,Summer,5.41,Primera Division,1997,1997/1998
Real Madrid,Manuel Canabal,22,Centre-Forward,CP Mérida,£4.33m,in,Summer,4.33,Primera Division,1997,1997/1998
Real Madrid,Sávio,23,Left Winger,Flamengo,£2.70m,in,Summer,2.7,Primera Division,1997,1997/1998
Real Madrid,Pedro Contreras,25,Goalkeeper,Rayo Vallecano,"End of loanJul 1, 1997",in,Summer,0,Primera Division,1997,1997/1998
Real Madrid,Fernando Morientes,21,Centre-Forward,Real Zaragoza,Free transfer,in,Summer,0,Primera Division,1997,1997/1998
Real Madrid,Milan Jankovic,37,Midfielder,Red Star,?,in,Summer,NA,Primera Division,1997,1997/1998
Real Madrid,Jaime,24,Defensive Midfield,Racing,"End of loanJun 30, 1997",in,Summer,0,Primera Division,1997,1997/1998
Real Madrid,Dani García,22,Centre-Forward,Real Zaragoza,"End of loanJun 1, 1997",in,Summer,0,Primera Division,1997,1997/1998
Real Madrid,García Calvo,22,Centre-Back,Real Valladolid,?,out,Summer,NA,Primera Division,1997,1997/1998
Real Madrid,Rafael Alkorta,28,Centre-Back,Athletic,?,out,Summer,NA,Primera Division,1997,1997/1998
Real Madrid,Luis Milla,31,Central Midfield,Valencia,?,out,Summer,NA,Primera Division,1997,1997/1998
Real Madrid,Mikel Lasa,25,Left-Back,Athletic,?,out,Summer,NA,Primera Division,1997,1997/1998
Real Madrid,Álvaro Benito,20,Left Midfield,CD Tenerife,Loan,out,Summer,0,Primera Division,1997,1997/1998
Real Madrid,Chendo,36,Right-Back,Retired,-,out,Summer,0,Primera Division,1997,1997/1998
Real Madrid,Paco Buyo,39,Goalkeeper,Retired,-,out,Summer,0,Primera Division,1997,1997/1998
Athletic Bilbao,Roberto Ríos,25,Centre-Back,Real Betis,£10.80m,in,Summer,10.8,Primera Division,1997,1997/1998
Athletic Bilbao,Mari Lacruz,19,Right-Back,CA Osasuna,Free transfer,in,Summer,0,Primera Division,1997,1997/1998
Athletic Bilbao,Javi González,23,Right Midfield,Celta de Vigo,Free transfer,in,Summer,0,Primera Division,1997,1997/1998
Athletic Bilbao,Txomin Nagore,22,Central Midfield,CA Osasuna,Free transfer,in,Summer,0,Primera Division,1997,1997/1998
Athletic Bilbao,Jorge Pérez,21,Central Midfield,Aurrera,?,in,Summer,NA,Primera Division,1997,1997/1998
Athletic Bilbao,Rafael Alkorta,28,Centre-Back,Real Madrid,?,in,Summer,NA,Primera Division,1997,1997/1998
Athletic Bilbao,Mario Bermejo,18,Second Striker,Racing,?,in,Summer,NA,Primera Division,1997,1997/1998
Athletic Bilbao,Patxi Ferreira,30,Centre-Back,Valencia,?,in,Summer,NA,Primera Division,1997,1997/1998
Athletic Bilbao,Mikel Lasa,25,Left-Back,Real Madrid,?,in,Summer,NA,Primera Division,1997,1997/1998
Athletic Bilbao,Aitor Huegun,24,Centre-Forward,Bilbao Athletic,-,in,Summer,0,Primera Division,1997,1997/1998
Athletic Bilbao,Mikel,22,Centre-Forward,Barakaldo CF,,in,Summer,NA,Primera Division,1997,1997/1998
Athletic Bilbao,Bolo,23,Centre-Forward,CA Osasuna,"End of loanJun 30, 1997",in,Summer,0,Primera Division,1997,1997/1998
Athletic Bilbao,Aitor Karanka,23,Centre-Back,Real Madrid,£5.41m,out,Summer,5.41,Primera Division,1997,1997/1998
Athletic Bilbao,Bixente Lizarazu,27,Left-Back,Bayern Munich,£4.05m,out,Summer,4.05,Primera Division,1997,1997/1998
Athletic Bilbao,Felipe Guréndez,21,Right-Back,CA Osasuna,Loan,out,Summer,0,Primera Division,1997,1997/1998
Athletic Bilbao,Sergio Korino,22,Centre-Back,UD Salamanca,?,out,Summer,NA,Primera Division,1997,1997/1998
Athletic Bilbao,Eduardo Estibariz,31,Right-Back,Rayo Vallecano,?,out,Summer,NA,Primera Division,1997,1997/1998
Athletic Bilbao,Oskar Vales,22,Right-Back,Celta de Vigo,Loan,out,Summer,0,Primera Division,1997,1997/1998
Athletic Bilbao,Bolo,23,Centre-Forward,Hércules CF,?,out,Summer,NA,Primera Division,1997,1997/1998
Athletic Bilbao,Genar Andrinua,33,Centre-Back,Retired,-,out,Summer,0,Primera Division,1997,1997/1998
Racing Santander,Nelson Abeijón,23,Defensive Midfield,Nacional,?,in,Summer,NA,Primera Division,1997,1997/1998
Racing Santander,Washington Tais,24,Right-Back,Peñarol,?,in,Summer,NA,Primera Division,1997,1997/1998
Racing Santander,Porfírio,23,Left Midfield,Sporting CP,?,in,Summer,NA,Primera Division,1997,1997/1998
Racing Santander,Ignacio Conte,28,Midfielder,CD Tenerife,?,in,Summer,NA,Primera Division,1997,1997/1998
Racing Santander,Nando Có,23,Forward,Vitória Setúbal,?,in,Summer,NA,Primera Division,1997,1997/1998
Racing Santander,Txefe Guerrero,21,Defensive Midfield,Bilbao Athletic,?,in,Summer,NA,Primera Division,1997,1997/1998
Racing Santander,Ismael Ruiz,20,Central Midfield,Racing B,-,in,Summer,0,Primera Division,1997,1997/1998
Racing Santander,Gontzal Suances,24,Forward,CD Toledo,"End of loanJun 30, 1997",in,Summer,0,Primera Division,1997,1997/1998
Racing Santander,Dejan Petkovic,24,Attacking Midfield,EC Vitória,Free transfer,out,Summer,0,Primera Division,1997,1997/1998
Racing Santander,Fernando Morán,21,Right Midfield,CD Numancia,?,out,Summer,NA,Primera Division,1997,1997/1998
Racing Santander,Álvaro Cervera,31,Forward,Hércules CF,?,out,Summer,NA,Primera Division,1997,1997/1998
Racing Santander,José Luis Zalazar,33,Attacking Midfield,Nacional,?,out,Summer,NA,Primera Division,1997,1997/1998
Racing Santander,José Manuel Ochotorena,36,Goalkeeper,CD Logroñés,?,out,Summer,NA,Primera Division,1997,1997/1998
Racing Santander,Pedro Munitis,22,Second Striker,CD Badajoz,Loan,out,Summer,0,Primera Division,1997,1997/1998
Racing Santander,Mario Bermejo,18,Second Striker,Athletic,?,out,Summer,NA,Primera Division,1997,1997/1998
Racing Santander,Ilshat Faizulin,24,Centre-Forward,Villarreal,?,out,Summer,NA,Primera Division,1997,1997/1998
Racing Santander,Paco Sanz,24,Right Midfield,RCD Mallorca,?,out,Summer,NA,Primera Division,1997,1997/1998
Racing Santander,Dmitri Ulyanov,26,Attacking Midfield,CSKA Moscow,,out,Summer,NA,Primera Division,1997,1997/1998
Racing Santander,Jaime,24,Defensive Midfield,Real Madrid,"End of loanJun 30, 1997",out,Summer,0,Primera Division,1997,1997/1998
CP Mérida (diss.),Iván Gabrich,24,Centre-Forward,Ajax,£2.70m,in,Summer,2.7,Primera Division,1997,1997/1998
CP Mérida (diss.),Gonzalo de los Santos,20,Defensive Midfield,Peñarol,£1.19m,in,Summer,1.19,Primera Division,1997,1997/1998
CP Mérida (diss.),Juan Sabas,30,Centre-Forward,Real Betis,£676Th.,in,Summer,0.676,Primera Division,1997,1997/1998
CP Mérida (diss.),Leo Biagini,20,Centre-Forward,Atlético Madrid,Loan fee:£189Th.,in,Summer,0.189,Primera Division,1997,1997/1998
CP Mérida (diss.),Leo Franco,20,Goalkeeper,Independiente,Loan,in,Summer,0,Primera Division,1997,1997/1998
CP Mérida (diss.),Dmitri Radchenko,26,Centre-Forward,Dep. La Coruña,Loan,in,Summer,0,Primera Division,1997,1997/1998
CP Mérida (diss.),José Cortés,27,Right-Back,CF Extremadura,Free transfer,in,Summer,0,Primera Division,1997,1997/1998
CP Mérida (diss.),David Ávila,19,Forward,FC Barcelona B,?,in,Summer,NA,Primera Division,1997,1997/1998
CP Mérida (diss.),Pirri Mori,26,Attacking Midfield,SD Compostela,?,in,Summer,NA,Primera Division,1997,1997/1998
CP Mérida (diss.),Francisco Manuel Ruano,22,Right Midfield,Levante,?,in,Summer,NA,Primera Division,1997,1997/1998
CP Mérida (diss.),Ramón de Quintana,25,Centre-Back,Rayo Vallecano,?,in,Summer,NA,Primera Division,1997,1997/1998
CP Mérida (diss.),Jaime Molina,28,Centre-Back,Espanyol,?,in,Summer,NA,Primera Division,1997,1997/1998
CP Mérida (diss.),Marcos Martín,28,Defensive Midfield,Sevilla FC,?,in,Summer,NA,Primera Division,1997,1997/1998
CP Mérida (diss.),Carlos Navarro,31,Goalkeeper,Boca Juniors,?,in,Summer,NA,Primera Division,1997,1997/1998
CP Mérida (diss.),Manuel Canabal,22,Centre-Forward,Real Madrid,£4.33m,out,Summer,4.33,Primera Division,1997,1997/1998
CP Mérida (diss.),Tete,23,Goalkeeper,Deportivo B,?,out,Summer,NA,Primera Division,1997,1997/1998
CP Mérida (diss.),Remco Torken,25,Forward,KSK Beveren,?,out,Summer,NA,Primera Division,1997,1997/1998
CP Mérida (diss.),Jerzy Podbrozny,30,Centre-Forward,CD Toledo,?,out,Summer,NA,Primera Division,1997,1997/1998
CP Mérida (diss.),Goran Milojevic,32,Midfielder,América,?,out,Summer,NA,Primera Division,1997,1997/1998
CP Mérida (diss.),Virgilio Hernández,28,Left-Back,Córdoba CF,?,out,Summer,NA,Primera Division,1997,1997/1998
CP Mérida (diss.),Ángel Morales,23,Attacking Midfield,Sampdoria,?,out,Summer,NA,Primera Division,1997,1997/1998
CP Mérida (diss.),Carlos Barroso Ruiz,25,Forward,Xerez CD,?,out,Summer,NA,Primera Division,1997,1997/1998
CP Mérida (diss.),José Baroja,27,Centre-Back,Albacete,?,out,Summer,NA,Primera Division,1997,1997/1998
CP Mérida (diss.),Sergio Barila,24,Left-Back,Levante,?,out,Summer,NA,Primera Division,1997,1997/1998
CP Mérida (diss.),Luis Miguel Olivar,24,Midfielder,CF Fuenlabrada,?,out,Summer,NA,Primera Division,1997,1997/1998
CP Mérida (diss.),Manolo,32,Forward,Retired,-,out,Summer,0,Primera Division,1997,1997/1998
CP Mérida (diss.),Quique Martín,24,Left Winger,FC Barcelona B,"End of loanJul 1, 1997",out,Summer,0,Primera Division,1997,1997/1998
CP Mérida (diss.),Juan Toribio,31,Right-Back,Retired,-,out,Summer,0,Primera Division,1997,1997/1998
CP Mérida (diss.),Sladjan Scepovic,31,Forward,Retired,-,out,Summer,0,Primera Division,1997,1997/1998
Atlético Madrid,Avi Nimni,25,Attacking Midfield,M. Tel Aviv,Free transfer,out,Winter,0,Primera Division,1997,1997/1998
Atlético Madrid,Rade Bogdanovic,27,Centre-Forward,NAC Breda,Loan,out,Winter,0,Primera Division,1997,1997/1998
Atlético Madrid,Santiago Ezquerro,21,Centre-Forward,RCD Mallorca,Loan,out,Winter,0,Primera Division,1997,1997/1998
Atlético Madrid,Roberto,24,Central Midfield,Espanyol,?,out,Winter,NA,Primera Division,1997,1997/1998
RCD Espanyol Barcelona,Iván Helguera,22,Centre-Back,AS Roma,£4.05m,in,Winter,4.05,Primera Division,1997,1997/1998
RCD Espanyol Barcelona,Roberto,24,Central Midfield,Atlético Madrid,?,in,Winter,NA,Primera Division,1997,1997/1998
RCD Espanyol Barcelona,Dominique Lemoine,31,Attacking Midfield,Standard Liège,Loan,out,Winter,0,Primera Division,1997,1997/1998
Deportivo de La Coruña,Sebastián Abreu,21,Centre-Forward,San Lorenzo,£9.45m,in,Winter,9.45,Primera Division,1997,1997/1998
Deportivo de La Coruña,Sergio Martínez,28,Forward,Boca Juniors,?,in,Winter,NA,Primera Division,1997,1997/1998
Deportivo de La Coruña,Luizão,22,Centre-Forward,Vasco da Gama,£675Th.,out,Winter,0.675,Primera Division,1997,1997/1998
Deportivo de La Coruña,Mickaël Madar,29,Centre-Forward,Everton,?,out,Winter,NA,Primera Division,1997,1997/1998
Deportivo de La Coruña,Corentin Martins,28,Attacking Midfield,R. Strasbourg,?,out,Winter,NA,Primera Division,1997,1997/1998
Deportivo de La Coruña,Nando,30,Defender,Sevilla FC,?,out,Winter,NA,Primera Division,1997,1997/1998
Valencia CF,Adrian Ilie,23,Centre-Forward,Galatasaray,£3.38m,in,Winter,3.38,Primera Division,1997,1997/1998
Valencia CF,Moussa Saïb,28,Left Midfield,Spurs,£2.34m,out,Winter,2.34,Primera Division,1997,1997/1998
UD Salamanca (liq.),Nemanja Miljanovic,26,Midfielder,Hércules CF,Loan,in,Winter,0,Primera Division,1997,1997/1998
UD Salamanca (liq.),Gabriel Popescu,24,Attacking Midfield,FC U Craiova,?,in,Winter,NA,Primera Division,1997,1997/1998
UD Salamanca (liq.),Tulipa,25,Attacking Midfield,Salgueiros,?,out,Winter,NA,Primera Division,1997,1997/1998
UD Salamanca (liq.),Ronen Harazi,27,Centre-Forward,Hapoel Haifa,Loan,out,Winter,0,Primera Division,1997,1997/1998
UD Salamanca (liq.),Pablo Zegarra,24,Attacking Midfield,Sport. Cristal,?,out,Winter,NA,Primera Division,1997,1997/1998
Sporting Gijón,Roberto Trotta,28,Centre-Back,Racing Club,£1.80m,in,Winter,1.8,Primera Division,1997,1997/1998
Sporting Gijón,Cezary Kucharski,25,Centre-Forward,Legia Warszawa,Free transfer,out,Winter,0,Primera Division,1997,1997/1998
Sporting Gijón,Igor Ledyakhov,29,Central Midfield,Yokohama Flüg.,Free transfer,out,Winter,0,Primera Division,1997,1997/1998
Sporting Gijón,Aleksey Kosolapov,26,Central Midfield,Loko Moscow,?,out,Winter,NA,Primera Division,1997,1997/1998
Sporting Gijón,Fredi,23,Left Midfield,CF Extremadura,Loan,out,Winter,0,Primera Division,1997,1997/1998
Real Oviedo,Nebojsa Scepanovic,30,Midfielder,Paniliakos,Free transfer,out,Winter,0,Primera Division,1997,1997/1998
Real Oviedo,Roberto Suárez,23,Central Midfield,Levante,?,out,Winter,NA,Primera Division,1997,1997/1998
Real Oviedo,Carlos Cano,28,Goalkeeper,Albacete,?,out,Winter,NA,Primera Division,1997,1997/1998
SD Compostela,Oskar Tabuenka,26,Centre-Back,Athletic,?,in,Winter,NA,Primera Division,1997,1997/1998
SD Compostela,Jean-François Hernandez,28,Centre-Back,Marseille B,?,in,Winter,NA,Primera Division,1997,1997/1998
SD Compostela,Manuel Mosquera,29,Centre-Forward,CF Extremadura,?,out,Winter,NA,Primera Division,1997,1997/1998
SD Compostela,Carlos Sastre,29,Midfielder,Rayo Vallecano,?,out,Winter,NA,Primera Division,1997,1997/1998
Real Sociedad,Alberto Albistegi,33,Centre-Back,Alavés,?,out,Winter,NA,Primera Division,1997,1997/1998
Real Sociedad,Raúl Iglesias,23,Goalkeeper,CD Toledo,?,out,Winter,NA,Primera Division,1997,1997/1998
FC Barcelona,Winston Bogarde,27,Centre-Back,Milan,£3.33m,in,Winter,3.33,Primera Division,1997,1997/1998
FC Barcelona,Christophe Dugarry,25,Centre-Forward,Marseille,£4.95m,out,Winter,4.95,Primera Division,1997,1997/1998
FC Barcelona,Hristo Stoichkov,31,Left Winger,CSKA Sofia,Free transfer,out,Winter,0,Primera Division,1997,1997/1998
Real Zaragoza,Paulo Jamelli,23,Second Striker,Kashiwa Reysol,?,in,Winter,NA,Primera Division,1997,1997/1998
RCD Mallorca,Santiago Ezquerro,21,Centre-Forward,Atlético Madrid,Loan,in,Winter,0,Primera Division,1997,1997/1998
RCD Mallorca,Carlos Roa,28,Goalkeeper,Lanús,?,in,Winter,NA,Primera Division,1997,1997/1998
RCD Mallorca,Michael Obiku,29,Centre-Forward,Avispa Fukuoka,?,in,Winter,NA,Primera Division,1997,1997/1998
RCD Mallorca,Iván Rocha,28,Left-Back,Atl. Madrid B,Loan,in,Winter,0,Primera Division,1997,1997/1998
RCD Mallorca,Palhinha,30,Attacking Midfield,Flamengo,?,out,Winter,NA,Primera Division,1997,1997/1998
RCD Mallorca,Barbero,29,Centre-Back,Hércules CF,?,out,Winter,NA,Primera Division,1997,1997/1998
Real Valladolid CF,Manuel Canabal,23,Centre-Forward,Real Madrid,Loan,in,Winter,0,Primera Division,1997,1997/1998
Real Valladolid CF,Raúl Ibáñez,25,Forward,Levante,Loan,out,Winter,0,Primera Division,1997,1997/1998
Real Valladolid CF,Álvaro Gutiérrez,29,Defensive Midfield,Rayo Vallecano,Loan,out,Winter,0,Primera Division,1997,1997/1998
Real Valladolid CF,Pablo García,20,Defensive Midfield,Atl. Madrid B,"End of loanDec 1, 1997",out,Winter,0,Primera Division,1997,1997/1998
Real Madrid,Rodrigo Fabri,21,Attacking Midfield,Portuguesa,£810Th.,in,Winter,0.81,Primera Division,1997,1997/1998
Real Madrid,Zé Roberto,23,Left Midfield,Flamengo,Loan,out,Winter,0,Primera Division,1997,1997/1998
Real Madrid,Secretário,27,Right-Back,FC Porto,?,out,Winter,NA,Primera Division,1997,1997/1998
Real Madrid,Manuel Canabal,23,Centre-Forward,Real Valladolid,Loan,out,Winter,0,Primera Division,1997,1997/1998
Athletic Bilbao,Oskar Tabuenka,26,Centre-Back,SD Compostela,?,out,Winter,NA,Primera Division,1997,1997/1998
Athletic Bilbao,Jon Andoni Goikoetxea,32,Right Midfield,Yokohama Marinos,?,out,Winter,NA,Primera Division,1997,1997/1998
Racing Santander,Iñaki Bollain,23,Right-Back,Levante,?,out,Winter,NA,Primera Division,1997,1997/1998
Racing Santander,Nando Có,24,Forward,CD Numancia,?,out,Winter,NA,Primera Division,1997,1997/1998
CP Mérida (diss.),Ángel Morales,22,Attacking Midfield,Sampdoria,Loan,in,Winter,0,Primera Division,1997,1997/1998
CP Mérida (diss.),David Ávila,19,Forward,CD Toledo,?,out,Winter,NA,Primera Division,1997,1997/1998
