club_name,player_name,age,position,club_involved_name,fee,transfer_movement,transfer_period,fee_cleaned,league_name,year,season
Ajax Amsterdam,Richairo Živković,17,Centre-Forward,FC Groningen,£1.94m,in,Summer,1.94,Eredivisie,2014,2014/2015
Ajax Amsterdam,Nick Viergever,24,Centre-Back,AZ Alkmaar,£1.80m,in,Summer,1.8,Eredivisie,2014,2014/2015
Ajax Amsterdam,Diederik Boer,33,Goalkeeper,PEC Zwolle,£900Th.,in,Summer,0.9,Eredivisie,2014,2014/2015
Ajax Amsterdam,Niki Zimling,29,Defensive Midfield,1.FSV Mainz 05,Loan fee:£450Th.,in,Summer,0.45,Eredivisie,2014,2014/2015
Ajax Amsterdam,Arkadiusz Milik,20,Centre-Forward,Bay. Leverkusen,loan transfer,in,Summer,NA,Eredivisie,2014,2014/2015
Ajax Amsterdam,Ricardo Kishna,19,Left Winger,Ajax U21,-,in,Summer,0,Eredivisie,2014,2014/2015
Ajax Amsterdam,Riechedly Bazoer,17,Centre-Back,Ajax U21,-,in,Summer,0,Eredivisie,2014,2014/2015
Ajax Amsterdam,Kenny Tete,18,Right-Back,Ajax U21,-,in,Summer,0,Eredivisie,2014,2014/2015
Ajax Amsterdam,Peter Leeuwenburgh,20,Goalkeeper,Ajax U21,-,in,Summer,0,Eredivisie,2014,2014/2015
Ajax Amsterdam,Anwar El Ghazi,19,Right Winger,Ajax U19,-,in,Summer,0,Eredivisie,2014,2014/2015
Ajax Amsterdam,Mitchell Dijks,21,Left-Back,Heerenveen,"End of loanJun 30, 2014",in,Summer,0,Eredivisie,2014,2014/2015
Ajax Amsterdam,Eyong Enoh,28,Defensive Midfield,Antalyaspor,"End of loanJun 30, 2014",in,Summer,0,Eredivisie,2014,2014/2015
Ajax Amsterdam,Danny Hoesen,23,Centre-Forward,PAOK Salonika,"End of loanJun 30, 2014",in,Summer,0,Eredivisie,2014,2014/2015
Ajax Amsterdam,Jody Lukoki,21,Right Winger,SC Cambuur,"End of loanJun 30, 2014",in,Summer,0,Eredivisie,2014,2014/2015
Ajax Amsterdam,Daley Blind,24,Left-Back,Man Utd,£15.75m,out,Summer,15.75,Eredivisie,2014,2014/2015
Ajax Amsterdam,Siem de Jong,25,Attacking Midfield,Newcastle,£7.83m,out,Summer,7.83,Eredivisie,2014,2014/2015
Ajax Amsterdam,Kenneth Vermeer,28,Goalkeeper,Feyenoord,£900Th.,out,Summer,0.9,Eredivisie,2014,2014/2015
Ajax Amsterdam,Danny Hoesen,23,Centre-Forward,FC Groningen,£720Th.,out,Summer,0.72,Eredivisie,2014,2014/2015
Ajax Amsterdam,Jody Lukoki,21,Right Winger,PEC Zwolle,£450Th.,out,Summer,0.45,Eredivisie,2014,2014/2015
Ajax Amsterdam,Eyong Enoh,28,Defensive Midfield,Antalyaspor,£315Th.,out,Summer,0.315,Eredivisie,2014,2014/2015
Ajax Amsterdam,Mitchell Dijks,21,Left-Back,Willem II,free transfer,out,Summer,NA,Eredivisie,2014,2014/2015
Ajax Amsterdam,Mickey van der Hart,20,Goalkeeper,Go Ahead Eagles,loan transfer,out,Summer,NA,Eredivisie,2014,2014/2015
Ajax Amsterdam,Lesly de Sa,21,Right Winger,Go Ahead Eagles,loan transfer,out,Summer,NA,Eredivisie,2014,2014/2015
Ajax Amsterdam,Christian Poulsen,34,Defensive Midfield,Without Club,-,out,Summer,0,Eredivisie,2014,2014/2015
Ajax Amsterdam,Bojan Krkic,23,Second Striker,Barcelona,"End of loanJun 30, 2014",out,Summer,0,Eredivisie,2014,2014/2015
Feyenoord Rotterdam,Jens Toornstra,25,Defensive Midfield,FC Utrecht,£3.15m,in,Summer,3.15,Eredivisie,2014,2014/2015
Feyenoord Rotterdam,Bilal Basacikoglu,19,Left Winger,Heerenveen,£3.15m,in,Summer,3.15,Eredivisie,2014,2014/2015
Feyenoord Rotterdam,Kenneth Vermeer,28,Goalkeeper,Ajax,£900Th.,in,Summer,0.9,Eredivisie,2014,2014/2015
Feyenoord Rotterdam,Karim El Ahmadi,29,Defensive Midfield,Aston Villa,£630Th.,in,Summer,0.63,Eredivisie,2014,2014/2015
Feyenoord Rotterdam,Khalid Boulahrouz,32,Centre-Back,Bröndby IF,free transfer,in,Summer,NA,Eredivisie,2014,2014/2015
Feyenoord Rotterdam,Luke Wilkshire,32,Right-Back,Dinamo Moscow,free transfer,in,Summer,NA,Eredivisie,2014,2014/2015
Feyenoord Rotterdam,Warner Hahn,22,Goalkeeper,FC Dordrecht,free transfer,in,Summer,NA,Eredivisie,2014,2014/2015
Feyenoord Rotterdam,Colin Kazim-Richards,27,Centre-Forward,Bursaspor,loan transfer,in,Summer,NA,Eredivisie,2014,2014/2015
Feyenoord Rotterdam,Rodny Lopes Cabral,19,Right-Back,Feyenoord U19,-,in,Summer,0,Eredivisie,2014,2014/2015
Feyenoord Rotterdam,Rick Karsdorp,19,Right-Back,Feyenoord U19,-,in,Summer,0,Eredivisie,2014,2014/2015
Feyenoord Rotterdam,Wessel Dammers,19,Centre-Back,Feyenoord U19,-,in,Summer,0,Eredivisie,2014,2014/2015
Feyenoord Rotterdam,Guyon Fernandez,28,Centre-Forward,PEC Zwolle,"End of loanJun 30, 2014",in,Summer,0,Eredivisie,2014,2014/2015
Feyenoord Rotterdam,Jordy van Deelen,21,Right-Back,FC Dordrecht,"End of loanJun 30, 2014",in,Summer,0,Eredivisie,2014,2014/2015
Feyenoord Rotterdam,Elvis Manu,20,Left Winger,SC Cambuur,"End of loanJun 30, 2014",in,Summer,0,Eredivisie,2014,2014/2015
Feyenoord Rotterdam,Lucas Woudenberg,20,Left-Back,Excelsior,"End of loanJun 30, 2014",in,Summer,0,Eredivisie,2014,2014/2015
Feyenoord Rotterdam,Matthew Steenvoorden,21,Centre-Back,FC Dordrecht,"End of loanJun 30, 2014",in,Summer,0,Eredivisie,2014,2014/2015
Feyenoord Rotterdam,Anass Achahbar,20,Attacking Midfield,Arm. Bielefeld,"End of loanJun 30, 2014",in,Summer,0,Eredivisie,2014,2014/2015
Feyenoord Rotterdam,Kaj Ramsteijn,24,Centre-Back,Sparta R.,"End of loanJun 30, 2014",in,Summer,0,Eredivisie,2014,2014/2015
Feyenoord Rotterdam,Graziano Pellè,28,Centre-Forward,Southampton,£9.90m,out,Summer,9.9,Eredivisie,2014,2014/2015
Feyenoord Rotterdam,Bruno Martins Indi,22,Centre-Back,FC Porto,£6.93m,out,Summer,6.93,Eredivisie,2014,2014/2015
Feyenoord Rotterdam,Stefan de Vrij,22,Centre-Back,Lazio,£6.30m,out,Summer,6.3,Eredivisie,2014,2014/2015
Feyenoord Rotterdam,Daryl Janmaat,24,Centre-Back,Newcastle,£5.40m,out,Summer,5.4,Eredivisie,2014,2014/2015
Feyenoord Rotterdam,Kaj Ramsteijn,24,Centre-Back,Marítimo,free transfer,out,Summer,NA,Eredivisie,2014,2014/2015
Feyenoord Rotterdam,Jordy van Deelen,21,Right-Back,FC Dordrecht,free transfer,out,Summer,NA,Eredivisie,2014,2014/2015
Feyenoord Rotterdam,John Goossens,26,Defensive Midfield,Pune City,free transfer,out,Summer,NA,Eredivisie,2014,2014/2015
Feyenoord Rotterdam,Ruud Vormer,26,Central Midfield,Club Brugge,?,out,Summer,NA,Eredivisie,2014,2014/2015
Feyenoord Rotterdam,Warner Hahn,22,Goalkeeper,PEC Zwolle,loan transfer,out,Summer,NA,Eredivisie,2014,2014/2015
Feyenoord Rotterdam,Konstantinos Lamprou,22,Goalkeeper,Willem II,loan transfer,out,Summer,NA,Eredivisie,2014,2014/2015
Feyenoord Rotterdam,Joey Sleegers,20,Left Winger,FC Eindhoven,loan transfer,out,Summer,NA,Eredivisie,2014,2014/2015
Feyenoord Rotterdam,Otman Bakkal,29,Attacking Midfield,Retired,-,out,Summer,0,Eredivisie,2014,2014/2015
Feyenoord Rotterdam,Guyon Fernandez,28,Centre-Forward,Without Club,-,out,Summer,0,Eredivisie,2014,2014/2015
Feyenoord Rotterdam,Samuel Armenteros,24,Centre-Forward,RSC Anderlecht,"End of loanJun 30, 2014",out,Summer,0,Eredivisie,2014,2014/2015
Twente Enschede FC,Hakim Ziyech,21,Attacking Midfield,Heerenveen,£3.15m,in,Summer,3.15,Eredivisie,2014,2014/2015
Twente Enschede FC,Kamohelo Mokotjo,23,Defensive Midfield,PEC Zwolle,£1.35m,in,Summer,1.35,Eredivisie,2014,2014/2015
Twente Enschede FC,Kasper Kusk,22,Right Winger,Aalborg BK,£540Th.,in,Summer,0.54,Eredivisie,2014,2014/2015
Twente Enschede FC,Darryl Lachman,24,Centre-Back,PEC Zwolle,free transfer,in,Summer,NA,Eredivisie,2014,2014/2015
Twente Enschede FC,Ryo Miyaichi,21,Right Winger,Arsenal,loan transfer,in,Summer,NA,Eredivisie,2014,2014/2015
Twente Enschede FC,Renato Tapia,18,Defensive Midfield,FC Twente U21,-,in,Summer,0,Eredivisie,2014,2014/2015
Twente Enschede FC,Filip Bednarek,21,Goalkeeper,FC Twente U21,-,in,Summer,0,Eredivisie,2014,2014/2015
Twente Enschede FC,Joachim Andersen,18,Centre-Back,FC Twente U21,-,in,Summer,0,Eredivisie,2014,2014/2015
Twente Enschede FC,Orlando Engelaar,35,Defensive Midfield,Without Club,-,in,Summer,0,Eredivisie,2014,2014/2015
Twente Enschede FC,Bilal Ould-Chikh,16,Right Winger,FC Twente U21,-,in,Summer,0,Eredivisie,2014,2014/2015
Twente Enschede FC,Felitciano Zschusschen,22,Centre-Forward,FC Dordrecht,"End of loanJun 30, 2014",in,Summer,0,Eredivisie,2014,2014/2015
Twente Enschede FC,Willem Janssen,27,Centre-Back,FC Utrecht,"End of loanJun 30, 2014",in,Summer,0,Eredivisie,2014,2014/2015
Twente Enschede FC,Jerson Cabral,23,Left Winger,ADO Den Haag,"End of loanJun 30, 2014",in,Summer,0,Eredivisie,2014,2014/2015
Twente Enschede FC,Daniel Fernandes,30,Goalkeeper,OFI Crete FC,"End of loanJun 30, 2014",in,Summer,0,Eredivisie,2014,2014/2015
Twente Enschede FC,Dusan Tadic,25,Left Winger,Southampton,£12.60m,out,Summer,12.6,Eredivisie,2014,2014/2015
Twente Enschede FC,Quincy Promes,22,Left Winger,Spartak Moscow,£10.35m,out,Summer,10.35,Eredivisie,2014,2014/2015
Twente Enschede FC,Joey Pelupessy,21,Defensive Midfield,Heracles Almelo,free transfer,out,Summer,NA,Eredivisie,2014,2014/2015
Twente Enschede FC,Roberto Rosales,25,Right-Back,Málaga CF,free transfer,out,Summer,NA,Eredivisie,2014,2014/2015
Twente Enschede FC,Tim Hölscher,19,Defensive Midfield,Chemnitzer FC,loan transfer,out,Summer,NA,Eredivisie,2014,2014/2015
Twente Enschede FC,Daniel Fernandes,30,Goalkeeper,Panthrakikos,loan transfer,out,Summer,NA,Eredivisie,2014,2014/2015
Twente Enschede FC,Willem Janssen,27,Centre-Back,FC Utrecht,?,out,Summer,NA,Eredivisie,2014,2014/2015
Twente Enschede FC,Jerson Cabral,23,Left Winger,Willem II,loan transfer,out,Summer,NA,Eredivisie,2014,2014/2015
Twente Enschede FC,Andrej Rendla,23,Right Winger,FC Twente U21,-,out,Summer,0,Eredivisie,2014,2014/2015
Twente Enschede FC,Felitciano Zschusschen,22,Centre-Forward,FC Twente U21,-,out,Summer,0,Eredivisie,2014,2014/2015
Twente Enschede FC,Sander Boschker,43,Goalkeeper,Retired,-,out,Summer,0,Eredivisie,2014,2014/2015
Twente Enschede FC,Peter Wisgerhof,34,Centre-Back,Retired,-,out,Summer,0,Eredivisie,2014,2014/2015
Twente Enschede FC,Wout Brama,27,Defensive Midfield,Without Club,-,out,Summer,0,Eredivisie,2014,2014/2015
Twente Enschede FC,Luka Djordjevic,19,Centre-Forward,Zenit S-Pb,"End of loanJun 30, 2014",out,Summer,0,Eredivisie,2014,2014/2015
PSV Eindhoven,Luuk de Jong,23,Centre-Forward,Bor. M'gladbach,£4.95m,in,Summer,4.95,Eredivisie,2014,2014/2015
PSV Eindhoven,Remko Pasveer,30,Goalkeeper,Heracles Almelo,free transfer,in,Summer,NA,Eredivisie,2014,2014/2015
PSV Eindhoven,Andrés Guardado,27,Central Midfield,Valencia,loan transfer,in,Summer,NA,Eredivisie,2014,2014/2015
PSV Eindhoven,Nicolas Isimat-Mirin,22,Centre-Back,Monaco,loan transfer,in,Summer,NA,Eredivisie,2014,2014/2015
PSV Eindhoven,Rai Vloet,19,Attacking Midfield,PSV U21,-,in,Summer,0,Eredivisie,2014,2014/2015
PSV Eindhoven,Menno Koch,19,Centre-Back,PSV U21,-,in,Summer,0,Eredivisie,2014,2014/2015
PSV Eindhoven,Timothy Derijck,27,Centre-Back,FC Utrecht,"End of loanJun 30, 2014",in,Summer,0,Eredivisie,2014,2014/2015
PSV Eindhoven,Marcel Ritzmaier,21,Central Midfield,SC Cambuur,"End of loanJun 30, 2014",in,Summer,0,Eredivisie,2014,2014/2015
PSV Eindhoven,Tim Matavz,25,Centre-Forward,FC Augsburg,£3.60m,out,Summer,3.6,Eredivisie,2014,2014/2015
PSV Eindhoven,Zanka,24,Centre-Back,FC Copenhagen,£630Th.,out,Summer,0.63,Eredivisie,2014,2014/2015
PSV Eindhoven,Przemyslaw Tyton,27,Goalkeeper,Elche CF,Loan fee:£86Th.,out,Summer,0.086,Eredivisie,2014,2014/2015
PSV Eindhoven,Peter van Ooijen,22,Left Winger,Go Ahead Eagles,free transfer,out,Summer,NA,Eredivisie,2014,2014/2015
PSV Eindhoven,Timothy Derijck,27,Centre-Back,ADO Den Haag,?,out,Summer,NA,Eredivisie,2014,2014/2015
PSV Eindhoven,Zakaria Bakkali,18,Left Winger,PSV U21,-,out,Summer,0,Eredivisie,2014,2014/2015
PSV Eindhoven,Ji-sung Park,33,Attacking Midfield,QPR,"End of loanJun 30, 2014",out,Summer,0,Eredivisie,2014,2014/2015
PSV Eindhoven,Bryan Ruíz,28,Attacking Midfield,Fulham,"End of loanJun 30, 2014",out,Summer,0,Eredivisie,2014,2014/2015
SC Heerenveen,Sam Larsson,21,Left Winger,IFK Göteborg,£1.35m,in,Summer,1.35,Eredivisie,2014,2014/2015
SC Heerenveen,Thomas Dalgaard,30,Centre-Forward,Viborg FF,£630Th.,in,Summer,0.63,Eredivisie,2014,2014/2015
SC Heerenveen,Morten Thorsby,18,Central Midfield,Stabæk Fotball,£540Th.,in,Summer,0.54,Eredivisie,2014,2014/2015
SC Heerenveen,Jeroen Lumu,19,Right Winger,Ludogorets,free transfer,in,Summer,NA,Eredivisie,2014,2014/2015
SC Heerenveen,Jordy Buijs,25,Centre-Back,NAC Breda,free transfer,in,Summer,NA,Eredivisie,2014,2014/2015
SC Heerenveen,Maarten de Fockert,19,Goalkeeper,Feyenoord U19,?,in,Summer,NA,Eredivisie,2014,2014/2015
SC Heerenveen,Willem Huizing,19,Right-Back,Heerenveen U19,-,in,Summer,0,Eredivisie,2014,2014/2015
SC Heerenveen,Joost van Aken,20,Centre-Back,Heerenveen U21,-,in,Summer,0,Eredivisie,2014,2014/2015
SC Heerenveen,Stephen Warmolts,20,Centre-Back,Heerenveen U21,-,in,Summer,0,Eredivisie,2014,2014/2015
SC Heerenveen,Joris Voest,19,Left-Back,Heerenveen U19,-,in,Summer,0,Eredivisie,2014,2014/2015
SC Heerenveen,Janio Bikel,19,Central Midfield,Heerenveen U19,-,in,Summer,0,Eredivisie,2014,2014/2015
SC Heerenveen,Michael Chacón,20,Central Midfield,Heerenveen U21,-,in,Summer,0,Eredivisie,2014,2014/2015
SC Heerenveen,Robin Kist,19,Goalkeeper,Heerenveen U19,-,in,Summer,0,Eredivisie,2014,2014/2015
SC Heerenveen,Pascal Huser,19,Attacking Midfield,Heerenveen U19,-,in,Summer,0,Eredivisie,2014,2014/2015
SC Heerenveen,Pelle van Amersfoort,18,Attacking Midfield,Heerenveen U19,-,in,Summer,0,Eredivisie,2014,2014/2015
SC Heerenveen,Fahd Aktaou,21,Left-Back,Almere City,"End of loanJun 30, 2014",in,Summer,0,Eredivisie,2014,2014/2015
SC Heerenveen,Yanic Wildschut,22,Left Winger,ADO Den Haag,"End of loanJun 30, 2014",in,Summer,0,Eredivisie,2014,2014/2015
SC Heerenveen,Jens Jurn Streutker,21,Centre-Back,Heracles Almelo,"End of loanJun 30, 2014",in,Summer,0,Eredivisie,2014,2014/2015
SC Heerenveen,Mark Uth,22,Second Striker,Heracles Almelo,"End of loanJun 30, 2014",in,Summer,0,Eredivisie,2014,2014/2015
SC Heerenveen,Doke Schmidt,22,Right-Back,Go Ahead Eagles,"End of loanJun 30, 2014",in,Summer,0,Eredivisie,2014,2014/2015
SC Heerenveen,Alfred Finnbogason,25,Centre-Forward,Real Sociedad,£7.20m,out,Summer,7.2,Eredivisie,2014,2014/2015
SC Heerenveen,Hakim Ziyech,21,Attacking Midfield,Twente FC,£3.15m,out,Summer,3.15,Eredivisie,2014,2014/2015
SC Heerenveen,Bilal Basacikoglu,19,Left Winger,Feyenoord,£3.15m,out,Summer,3.15,Eredivisie,2014,2014/2015
SC Heerenveen,Yanic Wildschut,22,Left Winger,Middlesbrough,£720Th.,out,Summer,0.72,Eredivisie,2014,2014/2015
SC Heerenveen,Anthony Lurling,37,Attacking Midfield,FC Den Bosch,free transfer,out,Summer,NA,Eredivisie,2014,2014/2015
SC Heerenveen,Fahd Aktaou,21,Left-Back,Heracles Almelo,free transfer,out,Summer,NA,Eredivisie,2014,2014/2015
SC Heerenveen,Christian Kum,28,Centre-Back,FC Utrecht,free transfer,out,Summer,NA,Eredivisie,2014,2014/2015
SC Heerenveen,Rajiv van La Parra,23,Left Winger,Wolves,free transfer,out,Summer,NA,Eredivisie,2014,2014/2015
SC Heerenveen,Arnold Kruiswijk,29,Centre-Back,Vitesse,free transfer,out,Summer,NA,Eredivisie,2014,2014/2015
SC Heerenveen,Brian Vandenbussche,32,Goalkeeper,KAA Gent,free transfer,out,Summer,NA,Eredivisie,2014,2014/2015
SC Heerenveen,Samir Fazli,23,Centre-Forward,FC Wil 1900,free transfer,out,Summer,NA,Eredivisie,2014,2014/2015
SC Heerenveen,Chiel Kramer,22,Centre-Forward,FC Eindhoven,free transfer,out,Summer,NA,Eredivisie,2014,2014/2015
SC Heerenveen,Ramon Zomer,31,Centre-Back,Heracles Almelo,free transfer,out,Summer,NA,Eredivisie,2014,2014/2015
SC Heerenveen,Jeroen Lumu,19,Right Winger,Without Club,-,out,Summer,0,Eredivisie,2014,2014/2015
SC Heerenveen,Uche Nwofor,22,Centre-Forward,VVV-Venlo,"End of loanJun 30, 2014",out,Summer,0,Eredivisie,2014,2014/2015
SC Heerenveen,Joeri de Kamps,22,Defensive Midfield,Ajax U21,"End of loanJun 30, 2014",out,Summer,0,Eredivisie,2014,2014/2015
SC Heerenveen,Mitchell Dijks,21,Left-Back,Ajax,"End of loanJun 30, 2014",out,Summer,0,Eredivisie,2014,2014/2015
Vitesse Arnhem,Abiola Dauda,26,Centre-Forward,Red Star,£450Th.,in,Summer,0.45,Eredivisie,2014,2014/2015
Vitesse Arnhem,Marvelous Nakamba,20,Defensive Midfield,AS Nancy,free transfer,in,Summer,NA,Eredivisie,2014,2014/2015
Vitesse Arnhem,Arnold Kruiswijk,29,Centre-Back,Heerenveen,free transfer,in,Summer,NA,Eredivisie,2014,2014/2015
Vitesse Arnhem,Denys Oliynyk,27,Left Winger,Dnipro,free transfer,in,Summer,NA,Eredivisie,2014,2014/2015
Vitesse Arnhem,Wallace Oliveira,20,Right-Back,Chelsea,loan transfer,in,Summer,NA,Eredivisie,2014,2014/2015
Vitesse Arnhem,Josh McEachran,21,Central Midfield,Chelsea,loan transfer,in,Summer,NA,Eredivisie,2014,2014/2015
Vitesse Arnhem,Kevin Diks,17,Right-Back,Vitesse U19,-,in,Summer,0,Eredivisie,2014,2014/2015
Vitesse Arnhem,Gino Bosz,21,Centre-Back,Vitesse U21,-,in,Summer,0,Eredivisie,2014,2014/2015
Vitesse Arnhem,Brahim Darri,19,Left Winger,De Graafschap,"End of loanJun 30, 2014",in,Summer,0,Eredivisie,2014,2014/2015
Vitesse Arnhem,Nikola Aksentijevic,21,Right-Back,Partizan,"End of loanJun 30, 2014",in,Summer,0,Eredivisie,2014,2014/2015
Vitesse Arnhem,Marcus Pedersen,24,Centre-Forward,Barnsley FC,"End of loanJun 30, 2014",in,Summer,0,Eredivisie,2014,2014/2015
Vitesse Arnhem,Nikola Aksentijevic,21,Right-Back,OFK Beograd,free transfer,out,Summer,NA,Eredivisie,2014,2014/2015
Vitesse Arnhem,Frank van der Struijk,29,Right-Back,Willem II,free transfer,out,Summer,NA,Eredivisie,2014,2014/2015
Vitesse Arnhem,Wimilio Vink,20,Attacking Midfield,MVV Maastricht,free transfer,out,Summer,NA,Eredivisie,2014,2014/2015
Vitesse Arnhem,Mike Havenaar,27,Centre-Forward,Córdoba CF,free transfer,out,Summer,NA,Eredivisie,2014,2014/2015
Vitesse Arnhem,Marko Meerits,22,Goalkeeper,FC Emmen,free transfer,out,Summer,NA,Eredivisie,2014,2014/2015
Vitesse Arnhem,Marcus Pedersen,24,Centre-Forward,Brann,?,out,Summer,NA,Eredivisie,2014,2014/2015
Vitesse Arnhem,Brahim Darri,19,Left Winger,Vitesse U21,-,out,Summer,0,Eredivisie,2014,2014/2015
Vitesse Arnhem,Christian Atsu,22,Left Winger,Chelsea,"End of loanJun 30, 2014",out,Summer,0,Eredivisie,2014,2014/2015
Vitesse Arnhem,Lucas Piazon,20,Right Winger,Chelsea,"End of loanMay 7, 2014",out,Summer,0,Eredivisie,2014,2014/2015
Vitesse Arnhem,Patrick van Aanholt,23,Left-Back,Chelsea,"End of loanJun 30, 2014",out,Summer,0,Eredivisie,2014,2014/2015
FC Groningen,Tjaronn Chery,26,Attacking Midfield,ADO Den Haag,£720Th.,in,Summer,0.72,Eredivisie,2014,2014/2015
FC Groningen,Danny Hoesen,23,Centre-Forward,Ajax,£720Th.,in,Summer,0.72,Eredivisie,2014,2014/2015
FC Groningen,Mimoun Mahi,20,Centre-Forward,Sparta R.,£450Th.,in,Summer,0.45,Eredivisie,2014,2014/2015
FC Groningen,Martijn van der Laan,25,Centre-Back,SC Cambuur,£414Th.,in,Summer,0.414,Eredivisie,2014,2014/2015
FC Groningen,Jarchinio Antonia,23,Right Winger,Go Ahead Eagles,£234Th.,in,Summer,0.234,Eredivisie,2014,2014/2015
FC Groningen,Peter van der Vlag,36,Goalkeeper,FC Emmen,free transfer,in,Summer,NA,Eredivisie,2014,2014/2015
FC Groningen,Sergio Padt,24,Goalkeeper,KAA Gent,?,in,Summer,NA,Eredivisie,2014,2014/2015
FC Groningen,Hristijan Denkovski,20,Attacking Midfield,Without Club,-,in,Summer,0,Eredivisie,2014,2014/2015
FC Groningen,Género Zeefuik,25,Centre-Forward,Heart of Midl.,"End of loanMay 5, 2015",in,Summer,0,Eredivisie,2014,2014/2015
FC Groningen,Paco van Moorsel,24,Attacking Midfield,SC Cambuur,"End of loanJun 30, 2014",in,Summer,0,Eredivisie,2014,2014/2015
FC Groningen,William Troost-Ekong,20,Centre-Back,FC Dordrecht,"End of loanJun 30, 2014",in,Summer,0,Eredivisie,2014,2014/2015
FC Groningen,Jonas Ivens,29,Centre-Back,RKC Waalwijk,"End of loanJun 30, 2014",in,Summer,0,Eredivisie,2014,2014/2015
FC Groningen,Filip Kostic,21,Left Midfield,VfB Stuttgart,£5.40m,out,Summer,5.4,Eredivisie,2014,2014/2015
FC Groningen,Richairo Živković,17,Centre-Forward,Ajax,£1.94m,out,Summer,1.94,Eredivisie,2014,2014/2015
FC Groningen,Marco Bizot,23,Goalkeeper,KRC Genk,£1.35m,out,Summer,1.35,Eredivisie,2014,2014/2015
FC Groningen,Stefano Magnasco,21,Right-Back,CDUC,£153Th.,out,Summer,0.153,Eredivisie,2014,2014/2015
FC Groningen,Andraz Kirm,29,Central Midfield,Omonia Nikosia,free transfer,out,Summer,NA,Eredivisie,2014,2014/2015
FC Groningen,Jonas Ivens,29,Centre-Back,Niki Volou,free transfer,out,Summer,NA,Eredivisie,2014,2014/2015
FC Groningen,Giliano Wijnaldum,21,Left-Back,Go Ahead Eagles,free transfer,out,Summer,NA,Eredivisie,2014,2014/2015
FC Groningen,Stefan van der Lei,21,Goalkeeper,FC Emmen,loan transfer,out,Summer,NA,Eredivisie,2014,2014/2015
FC Groningen,William Troost-Ekong,20,Centre-Back,FC Dordrecht,loan transfer,out,Summer,NA,Eredivisie,2014,2014/2015
FC Groningen,Paco van Moorsel,24,Attacking Midfield,NEC Nijmegen,loan transfer,out,Summer,NA,Eredivisie,2014,2014/2015
FC Groningen,Tjaronn Chery,26,Attacking Midfield,ADO Den Haag,"End of loanJun 30, 2014",out,Summer,0,Eredivisie,2014,2014/2015
FC Groningen,Krisztián Adorján,21,Attacking Midfield,Liverpool,"End of loanJun 30, 2014",out,Summer,0,Eredivisie,2014,2014/2015
AZ Alkmaar,Guus Hupperts,22,Right Winger,Roda JC,£900Th.,in,Summer,0.9,Eredivisie,2014,2014/2015
AZ Alkmaar,Robert Mühren,25,Centre-Forward,FC Volendam,£270Th.,in,Summer,0.27,Eredivisie,2014,2014/2015
AZ Alkmaar,Djavan Anderson,19,Right-Back,Ajax U19,£180Th.,in,Summer,0.18,Eredivisie,2014,2014/2015
AZ Alkmaar,Muamer Tankovic,19,Left Winger,Fulham,free transfer,in,Summer,NA,Eredivisie,2014,2014/2015
AZ Alkmaar,Sergio Rochet,21,Goalkeeper,Danubio FC,?,in,Summer,NA,Eredivisie,2014,2014/2015
AZ Alkmaar,Dirk Marcellis,26,Centre-Back,Without Club,-,in,Summer,0,Eredivisie,2014,2014/2015
AZ Alkmaar,Dabney dos Santos,18,Left Winger,AZ Alkmaar U21,-,in,Summer,0,Eredivisie,2014,2014/2015
AZ Alkmaar,Wesley Hoedt,20,Centre-Back,AZ Alkmaar U21,-,in,Summer,0,Eredivisie,2014,2014/2015
AZ Alkmaar,Joris van Overeem,20,Central Midfield,AZ Alkmaar U21,-,in,Summer,0,Eredivisie,2014,2014/2015
AZ Alkmaar,Thom Haye,19,Defensive Midfield,AZ Alkmaar U21,-,in,Summer,0,Eredivisie,2014,2014/2015
AZ Alkmaar,Derrick Luckassen,18,Centre-Back,AZ Alkmaar U19,-,in,Summer,0,Eredivisie,2014,2014/2015
AZ Alkmaar,Ridgeciano Haps,21,Left-Back,Go Ahead Eagles,"End of loanJun 30, 2014",in,Summer,0,Eredivisie,2014,2014/2015
AZ Alkmaar,Paul Kok,19,Left-Back,Telstar,"End of loanJun 30, 2014",in,Summer,0,Eredivisie,2014,2014/2015
AZ Alkmaar,Erik Falkenburg,26,Attacking Midfield,Go Ahead Eagles,"End of loanJun 30, 2014",in,Summer,0,Eredivisie,2014,2014/2015
AZ Alkmaar,Mikhail Rosheuvel,23,Right Winger,Heracles Almelo,"End of loanJun 30, 2014",in,Summer,0,Eredivisie,2014,2014/2015
AZ Alkmaar,Ruud Boymans,25,Centre-Forward,Willem II,"End of loanJun 30, 2014",in,Summer,0,Eredivisie,2014,2014/2015
AZ Alkmaar,Nick Viergever,24,Centre-Back,Ajax,£1.80m,out,Summer,1.8,Eredivisie,2014,2014/2015
AZ Alkmaar,Roy Beerens,26,Right Winger,Hertha BSC,£1.35m,out,Summer,1.35,Eredivisie,2014,2014/2015
AZ Alkmaar,Willie Overtoom,27,Attacking Midfield,Zulte Waregem,free transfer,out,Summer,NA,Eredivisie,2014,2014/2015
AZ Alkmaar,Erik Falkenburg,26,Attacking Midfield,NAC Breda,free transfer,out,Summer,NA,Eredivisie,2014,2014/2015
AZ Alkmaar,Erik Heijblok,37,Goalkeeper,FC Volendam,free transfer,out,Summer,NA,Eredivisie,2014,2014/2015
AZ Alkmaar,Paul Kok,19,Left-Back,FC Oss,free transfer,out,Summer,NA,Eredivisie,2014,2014/2015
AZ Alkmaar,Etiënne Reijnen,27,Centre-Back,SC Cambuur,free transfer,out,Summer,NA,Eredivisie,2014,2014/2015
AZ Alkmaar,Hobie Verhulst,21,Goalkeeper,MVV Maastricht,free transfer,out,Summer,NA,Eredivisie,2014,2014/2015
AZ Alkmaar,Jóhann Berg Gudmundsson,23,Right Winger,Charlton,free transfer,out,Summer,NA,Eredivisie,2014,2014/2015
AZ Alkmaar,Ruud Boymans,25,Centre-Forward,FC Utrecht,?,out,Summer,NA,Eredivisie,2014,2014/2015
AZ Alkmaar,Fernando Lewis,21,Right Winger,Go Ahead Eagles,loan transfer,out,Summer,NA,Eredivisie,2014,2014/2015
AZ Alkmaar,Joris van Overeem,20,Central Midfield,FC Dordrecht,loan transfer,out,Summer,NA,Eredivisie,2014,2014/2015
AZ Alkmaar,Denni Avdic,25,Centre-Forward,Heracles Almelo,loan transfer,out,Summer,NA,Eredivisie,2014,2014/2015
AZ Alkmaar,Donny Gorter,26,Left-Back,Aalborg BK,loan transfer,out,Summer,NA,Eredivisie,2014,2014/2015
AZ Alkmaar,Dirk Marcellis,26,Centre-Back,Without Club,-,out,Summer,0,Eredivisie,2014,2014/2015
ADO Den Haag,Xander Houtkoop,25,Left Winger,Go Ahead Eagles,free transfer,in,Summer,NA,Eredivisie,2014,2014/2015
ADO Den Haag,Thomas Kristensen,31,Central Midfield,FC Copenhagen,free transfer,in,Summer,NA,Eredivisie,2014,2014/2015
ADO Den Haag,Tim Coremans,23,Goalkeeper,SC Cambuur,free transfer,in,Summer,NA,Eredivisie,2014,2014/2015
ADO Den Haag,Sem de Wit,19,Centre-Back,FC Dordrecht,?,in,Summer,NA,Eredivisie,2014,2014/2015
ADO Den Haag,Timothy Derijck,27,Centre-Back,PSV Eindhoven,?,in,Summer,NA,Eredivisie,2014,2014/2015
ADO Den Haag,Martin Hansen,24,Goalkeeper,Nordsjaelland,?,in,Summer,NA,Eredivisie,2014,2014/2015
ADO Den Haag,Hector Hevel,18,Attacking Midfield,ADO U19,-,in,Summer,0,Eredivisie,2014,2014/2015
ADO Den Haag,Rody de Boer,17,Goalkeeper,ADO U19,-,in,Summer,0,Eredivisie,2014,2014/2015
ADO Den Haag,Guy Smith,18,Right-Back,ADO U19,-,in,Summer,0,Eredivisie,2014,2014/2015
ADO Den Haag,Tyronne Ebuehi,18,Right-Back,ADO U19,-,in,Summer,0,Eredivisie,2014,2014/2015
ADO Den Haag,Richelo Fecunda,18,Right-Back,ADO U19,-,in,Summer,0,Eredivisie,2014,2014/2015
ADO Den Haag,Giovanni Korte,20,Right Winger,FC Dordrecht,"End of loanJun 30, 2014",in,Summer,0,Eredivisie,2014,2014/2015
ADO Den Haag,Tjaronn Chery,26,Attacking Midfield,FC Groningen,"End of loanJun 30, 2014",in,Summer,0,Eredivisie,2014,2014/2015
ADO Den Haag,Rydell Poepon,26,Centre-Forward,NAC Breda,"End of loanJun 30, 2014",in,Summer,0,Eredivisie,2014,2014/2015
ADO Den Haag,Tjaronn Chery,26,Attacking Midfield,FC Groningen,£720Th.,out,Summer,0.72,Eredivisie,2014,2014/2015
ADO Den Haag,Rydell Poepon,26,Centre-Forward,Valenciennes FC,£90Th.,out,Summer,0.09,Eredivisie,2014,2014/2015
ADO Den Haag,Catalin Tira,20,Centre-Forward,FC Brasov,free transfer,out,Summer,NA,Eredivisie,2014,2014/2015
ADO Den Haag,Danny Holla,26,Central Midfield,Brighton,free transfer,out,Summer,NA,Eredivisie,2014,2014/2015
ADO Den Haag,Martijn de Zwart,23,Goalkeeper,Quick Boys,free transfer,out,Summer,NA,Eredivisie,2014,2014/2015
ADO Den Haag,Christian Supusepa,25,Left-Back,CSKA Sofia,free transfer,out,Summer,NA,Eredivisie,2014,2014/2015
ADO Den Haag,Mike Tros,20,Defensive Midfield,Haaglandia Zon.,free transfer,out,Summer,NA,Eredivisie,2014,2014/2015
ADO Den Haag,Bas Meeuwissen,20,Goalkeeper,HBS,free transfer,out,Summer,NA,Eredivisie,2014,2014/2015
ADO Den Haag,Tom Beugelsdijk,23,Centre-Back,FSV Frankfurt,free transfer,out,Summer,NA,Eredivisie,2014,2014/2015
ADO Den Haag,Ricky van Haaren,23,Central Midfield,FC Dordrecht,loan transfer,out,Summer,NA,Eredivisie,2014,2014/2015
ADO Den Haag,Robin Buwalda,20,Centre-Back,VVV-Venlo,loan transfer,out,Summer,NA,Eredivisie,2014,2014/2015
ADO Den Haag,Ninos Gouriye,23,Left Winger,Excelsior,loan transfer,out,Summer,NA,Eredivisie,2014,2014/2015
ADO Den Haag,Giovanni Korte,20,Right Winger,FC Dordrecht,loan transfer,out,Summer,NA,Eredivisie,2014,2014/2015
ADO Den Haag,Sem de Wit,19,Centre-Back,FC Dordrecht,loan transfer,out,Summer,NA,Eredivisie,2014,2014/2015
ADO Den Haag,Malcolm Esajas,28,Left Winger,RKC Waalwijk,loan transfer,out,Summer,NA,Eredivisie,2014,2014/2015
ADO Den Haag,Gino Coutinho,31,Goalkeeper,Without Club,-,out,Summer,0,Eredivisie,2014,2014/2015
ADO Den Haag,Yanic Wildschut,22,Left Winger,Heerenveen,"End of loanJun 30, 2014",out,Summer,0,Eredivisie,2014,2014/2015
ADO Den Haag,Jerson Cabral,23,Left Winger,Twente FC,"End of loanJun 30, 2014",out,Summer,0,Eredivisie,2014,2014/2015
FC Utrecht,Nacer Barazite,24,Attacking Midfield,Monaco,free transfer,in,Summer,NA,Eredivisie,2014,2014/2015
FC Utrecht,Anouar Kali,23,Defensive Midfield,Roda JC,free transfer,in,Summer,NA,Eredivisie,2014,2014/2015
FC Utrecht,Christian Kum,28,Centre-Back,Heerenveen,free transfer,in,Summer,NA,Eredivisie,2014,2014/2015
FC Utrecht,Ramon Leeuwin,26,Centre-Back,SC Cambuur,free transfer,in,Summer,NA,Eredivisie,2014,2014/2015
FC Utrecht,Kristoffer Peterson,19,Left Winger,Liverpool U21,?,in,Summer,NA,Eredivisie,2014,2014/2015
FC Utrecht,Ruud Boymans,25,Centre-Forward,AZ Alkmaar,?,in,Summer,NA,Eredivisie,2014,2014/2015
FC Utrecht,Willem Janssen,27,Centre-Back,Twente FC,?,in,Summer,NA,Eredivisie,2014,2014/2015
FC Utrecht,Timo Letschert,21,Centre-Back,Roda JC,loan transfer,in,Summer,NA,Eredivisie,2014,2014/2015
FC Utrecht,Danny Verbeek,23,Attacking Midfield,Standard Liège,loan transfer,in,Summer,NA,Eredivisie,2014,2014/2015
FC Utrecht,Yannick Cortie,21,Left-Back,Utrecht U21,-,in,Summer,0,Eredivisie,2014,2014/2015
FC Utrecht,Sean Klaiber,19,Right-Back,Utrecht U21,-,in,Summer,0,Eredivisie,2014,2014/2015
FC Utrecht,Issa Kallon,18,Left Winger,FC Utrecht U19,-,in,Summer,0,Eredivisie,2014,2014/2015
FC Utrecht,Gyliano van Velzen,20,Left Winger,Utrecht U21,-,in,Summer,0,Eredivisie,2014,2014/2015
FC Utrecht,Rubio Rubín,18,Centre-Forward,Without Club,-,in,Summer,0,Eredivisie,2014,2014/2015
FC Utrecht,Adam Sarota,26,Right Midfield,Brisbane Roar,"End of loanMay 31, 2015",in,Summer,0,Eredivisie,2014,2014/2015
FC Utrecht,Leon de Kogel,22,Centre-Forward,VVV-Venlo,"End of loanJun 30, 2014",in,Summer,0,Eredivisie,2014,2014/2015
FC Utrecht,Bob Schepers,22,Left Winger,SC Cambuur,"End of loanJun 30, 2014",in,Summer,0,Eredivisie,2014,2014/2015
FC Utrecht,Kenny Teijsse,21,Defensive Midfield,Helmond Sport,"End of loanJun 30, 2014",in,Summer,0,Eredivisie,2014,2014/2015
FC Utrecht,Marcus Nilsson,26,Centre-Back,Kalmar FF,"End of loanJul 28, 2014",in,Summer,0,Eredivisie,2014,2014/2015
FC Utrecht,Jens Toornstra,25,Defensive Midfield,Feyenoord,£3.15m,out,Summer,3.15,Eredivisie,2014,2014/2015
FC Utrecht,Steve De Ridder,27,Attacking Midfield,FC Copenhagen,£1.80m,out,Summer,1.8,Eredivisie,2014,2014/2015
FC Utrecht,Dave Bulthuis,24,Centre-Back,1.FC Nuremberg,£540Th.,out,Summer,0.54,Eredivisie,2014,2014/2015
FC Utrecht,Anouar Kali,23,Defensive Midfield,Al-Arabi SC,£450Th.,out,Summer,0.45,Eredivisie,2014,2014/2015
FC Utrecht,Matthieu Delpierre,33,Centre-Back,Melbourne,free transfer,out,Summer,NA,Eredivisie,2014,2014/2015
FC Utrecht,Marcus Nilsson,26,Centre-Back,Kalmar FF,free transfer,out,Summer,NA,Eredivisie,2014,2014/2015
FC Utrecht,Johan Martensson,25,Defensive Midfield,Helsingborg,free transfer,out,Summer,NA,Eredivisie,2014,2014/2015
FC Utrecht,Jacob Mulenga,30,Centre-Forward,Adana Demirspor,free transfer,out,Summer,NA,Eredivisie,2014,2014/2015
FC Utrecht,Bob Schepers,22,Left Winger,SC Cambuur,free transfer,out,Summer,NA,Eredivisie,2014,2014/2015
FC Utrecht,Christian Dorda,25,Left-Back,KVC Westerlo,?,out,Summer,NA,Eredivisie,2014,2014/2015
FC Utrecht,Aleksandar Bjelica,20,Centre-Back,Sparta R.,loan transfer,out,Summer,NA,Eredivisie,2014,2014/2015
FC Utrecht,Elroy Pappot,21,Attacking Midfield,Fortuna Sittard,loan transfer,out,Summer,NA,Eredivisie,2014,2014/2015
FC Utrecht,Leon de Kogel,22,Centre-Forward,Almere City,loan transfer,out,Summer,NA,Eredivisie,2014,2014/2015
FC Utrecht,Adam Sarota,25,Right Midfield,Brisbane Roar,loan transfer,out,Summer,NA,Eredivisie,2014,2014/2015
FC Utrecht,Kenny Teijsse,21,Defensive Midfield,Sparta R.,loan transfer,out,Summer,NA,Eredivisie,2014,2014/2015
FC Utrecht,Cedric van der Gun,35,Centre-Forward,Retired,-,out,Summer,0,Eredivisie,2014,2014/2015
FC Utrecht,Willem Janssen,27,Centre-Back,Twente FC,"End of loanJun 30, 2014",out,Summer,0,Eredivisie,2014,2014/2015
FC Utrecht,Juan Agudelo,21,Centre-Forward,Stoke City,"End of loanJun 30, 2014",out,Summer,0,Eredivisie,2014,2014/2015
FC Utrecht,Timothy Derijck,27,Centre-Back,PSV Eindhoven,"End of loanJun 30, 2014",out,Summer,0,Eredivisie,2014,2014/2015
PEC Zwolle,Jody Lukoki,21,Right Winger,Ajax,£450Th.,in,Summer,0.45,Eredivisie,2014,2014/2015
PEC Zwolle,Boy de Jong,20,Goalkeeper,Feyenoord U21,free transfer,in,Summer,NA,Eredivisie,2014,2014/2015
PEC Zwolle,Thomas Lam,20,Centre-Back,AZ Alkmaar U21,free transfer,in,Summer,NA,Eredivisie,2014,2014/2015
PEC Zwolle,Dimitrios Ferfelis,21,Centre-Forward,TuS Koblenz,free transfer,in,Summer,NA,Eredivisie,2014,2014/2015
PEC Zwolle,Rick Dekker,19,Defensive Midfield,Feyenoord U19,free transfer,in,Summer,NA,Eredivisie,2014,2014/2015
PEC Zwolle,Soufyan Moro,21,Attacking Midfield,Utrecht U21,free transfer,in,Summer,NA,Eredivisie,2014,2014/2015
PEC Zwolle,Ben Rienstra,24,Central Midfield,Heracles Almelo,free transfer,in,Summer,NA,Eredivisie,2014,2014/2015
PEC Zwolle,Wouter Marinus,19,Attacking Midfield,Heerenveen U19,free transfer,in,Summer,NA,Eredivisie,2014,2014/2015
PEC Zwolle,Nikolaos Ioannidis,20,Centre-Forward,Olympiacos,loan transfer,in,Summer,NA,Eredivisie,2014,2014/2015
PEC Zwolle,Tomas Necid,24,Centre-Forward,CSKA Moscow,loan transfer,in,Summer,NA,Eredivisie,2014,2014/2015
PEC Zwolle,Warner Hahn,22,Goalkeeper,Feyenoord,loan transfer,in,Summer,NA,Eredivisie,2014,2014/2015
PEC Zwolle,Kingsley Ehizibue,19,Right-Back,PEC Zwolle U19,-,in,Summer,0,Eredivisie,2014,2014/2015
PEC Zwolle,Wout Brama,28,Defensive Midfield,Without Club,-,in,Summer,0,Eredivisie,2014,2014/2015
PEC Zwolle,Ronnie Reniers,26,Right Winger,FC Eindhoven,"End of loanJun 30, 2014",in,Summer,0,Eredivisie,2014,2014/2015
PEC Zwolle,Kamohelo Mokotjo,23,Defensive Midfield,Twente FC,£1.35m,out,Summer,1.35,Eredivisie,2014,2014/2015
PEC Zwolle,Diederik Boer,33,Goalkeeper,Ajax,£900Th.,out,Summer,0.9,Eredivisie,2014,2014/2015
PEC Zwolle,Mateusz Klich,24,Central Midfield,VfL Wolfsburg,£675Th.,out,Summer,0.675,Eredivisie,2014,2014/2015
PEC Zwolle,Theo Vogelsang,24,Attacking Midfield,SV Meppen,free transfer,out,Summer,NA,Eredivisie,2014,2014/2015
PEC Zwolle,Furdjel Narsingh,26,Right Winger,SC Cambuur,free transfer,out,Summer,NA,Eredivisie,2014,2014/2015
PEC Zwolle,Giovanni Hiwat,20,Right Winger,Sparta R.,free transfer,out,Summer,NA,Eredivisie,2014,2014/2015
PEC Zwolle,Darryl Lachman,24,Centre-Back,Twente FC,free transfer,out,Summer,NA,Eredivisie,2014,2014/2015
PEC Zwolle,Giovanni Gravenbeek,26,Central Midfield,NEC Nijmegen,free transfer,out,Summer,NA,Eredivisie,2014,2014/2015
PEC Zwolle,Fred Benson,30,Centre-Forward,FC Sheriff,free transfer,out,Summer,NA,Eredivisie,2014,2014/2015
PEC Zwolle,Leon ter Wielen,25,Goalkeeper,Achilles '29,free transfer,out,Summer,NA,Eredivisie,2014,2014/2015
PEC Zwolle,Ronnie Reniers,26,Right Winger,Dessel Sport,free transfer,out,Summer,NA,Eredivisie,2014,2014/2015
PEC Zwolle,Denis Mahmudov,24,Right Winger,Sparta R.,loan transfer,out,Summer,NA,Eredivisie,2014,2014/2015
PEC Zwolle,Youssef Fennich,21,Defensive Midfield,Without Club,-,out,Summer,0,Eredivisie,2014,2014/2015
PEC Zwolle,Haico Epe,19,Right-Back,PEC Zwolle U21,-,out,Summer,0,Eredivisie,2014,2014/2015
PEC Zwolle,Boris Rasevic,19,Attacking Midfield,PEC Zwolle U21,-,out,Summer,0,Eredivisie,2014,2014/2015
PEC Zwolle,Guyon Fernandez,28,Centre-Forward,Feyenoord,"End of loanJun 30, 2014",out,Summer,0,Eredivisie,2014,2014/2015
SC Cambuur-Leeuwarden,Sebastian Steblecki,22,Attacking Midfield,Cracovia,£45Th.,in,Summer,0.045,Eredivisie,2014,2014/2015
SC Cambuur-Leeuwarden,Jurjan Wouda,23,Goalkeeper,RKC Waalwijk,free transfer,in,Summer,NA,Eredivisie,2014,2014/2015
SC Cambuur-Leeuwarden,Damiano Schet,24,Left Winger,AEK Larnaca,free transfer,in,Summer,NA,Eredivisie,2014,2014/2015
SC Cambuur-Leeuwarden,Donovan Slijngard,27,Left-Back,Sparta R.,free transfer,in,Summer,NA,Eredivisie,2014,2014/2015
SC Cambuur-Leeuwarden,Vytautas Andriuskevicius,23,Left-Back,Djurgarden,free transfer,in,Summer,NA,Eredivisie,2014,2014/2015
SC Cambuur-Leeuwarden,Daniël de Ridder,30,Left Winger,RKC Waalwijk,free transfer,in,Summer,NA,Eredivisie,2014,2014/2015
SC Cambuur-Leeuwarden,Berend Schootstra,19,Defensive Midfield,Heerenveen U19,free transfer,in,Summer,NA,Eredivisie,2014,2014/2015
SC Cambuur-Leeuwarden,Calvin Mac-Intosch,24,Centre-Back,Telstar,free transfer,in,Summer,NA,Eredivisie,2014,2014/2015
SC Cambuur-Leeuwarden,Bob Schepers,22,Left Winger,FC Utrecht,free transfer,in,Summer,NA,Eredivisie,2014,2014/2015
SC Cambuur-Leeuwarden,Sander van de Streek,21,Attacking Midfield,Vitesse U21,free transfer,in,Summer,NA,Eredivisie,2014,2014/2015
SC Cambuur-Leeuwarden,Etiënne Reijnen,27,Centre-Back,AZ Alkmaar,free transfer,in,Summer,NA,Eredivisie,2014,2014/2015
SC Cambuur-Leeuwarden,Furdjel Narsingh,26,Right Winger,PEC Zwolle,free transfer,in,Summer,NA,Eredivisie,2014,2014/2015
SC Cambuur-Leeuwarden,Dejan Meleg,19,Attacking Midfield,Ajax U21,loan transfer,in,Summer,NA,Eredivisie,2014,2014/2015
SC Cambuur-Leeuwarden,Ron Janzen,20,Centre-Back,Gron./Cam. U21,loan transfer,in,Summer,NA,Eredivisie,2014,2014/2015
SC Cambuur-Leeuwarden,Albert Rusnák,20,Attacking Midfield,Man City U21,loan transfer,in,Summer,NA,Eredivisie,2014,2014/2015
SC Cambuur-Leeuwarden,Oebele Schokker,29,Right Winger,FC Emmen,"End of loanJun 30, 2014",in,Summer,0,Eredivisie,2014,2014/2015
SC Cambuur-Leeuwarden,Martijn van der Laan,25,Centre-Back,FC Groningen,£414Th.,out,Summer,0.414,Eredivisie,2014,2014/2015
SC Cambuur-Leeuwarden,Alexander Christovao,21,Centre-Forward,C.R.D. Libolo,free transfer,out,Summer,NA,Eredivisie,2014,2014/2015
SC Cambuur-Leeuwarden,Paul Mulders,33,Attacking Midfield,Ceres-La Salle,free transfer,out,Summer,NA,Eredivisie,2014,2014/2015
SC Cambuur-Leeuwarden,Bart van Brakel,27,Defensive Midfield,FC Oss,free transfer,out,Summer,NA,Eredivisie,2014,2014/2015
SC Cambuur-Leeuwarden,Tim Coremans,23,Goalkeeper,ADO Den Haag,free transfer,out,Summer,NA,Eredivisie,2014,2014/2015
SC Cambuur-Leeuwarden,Johnny de Vries,24,Defensive Midfield,WKE,free transfer,out,Summer,NA,Eredivisie,2014,2014/2015
SC Cambuur-Leeuwarden,Jeremy de Graaf,24,Centre-Forward,Spakenburg,free transfer,out,Summer,NA,Eredivisie,2014,2014/2015
SC Cambuur-Leeuwarden,Ramon Leeuwin,26,Centre-Back,FC Utrecht,free transfer,out,Summer,NA,Eredivisie,2014,2014/2015
SC Cambuur-Leeuwarden,Oliver Feldballe,24,Left Midfield,Sarpsborg 08,?,out,Summer,NA,Eredivisie,2014,2014/2015
SC Cambuur-Leeuwarden,Paco van Moorsel,24,Attacking Midfield,FC Groningen,"End of loanJun 30, 2014",out,Summer,0,Eredivisie,2014,2014/2015
SC Cambuur-Leeuwarden,Bob Schepers,22,Left Winger,FC Utrecht,"End of loanJun 30, 2014",out,Summer,0,Eredivisie,2014,2014/2015
SC Cambuur-Leeuwarden,Elvis Manu,20,Left Winger,Feyenoord,"End of loanJun 30, 2014",out,Summer,0,Eredivisie,2014,2014/2015
SC Cambuur-Leeuwarden,Robert van Boxel,31,Centre-Back,Sparta R.,"End of loanJun 30, 2014",out,Summer,0,Eredivisie,2014,2014/2015
SC Cambuur-Leeuwarden,Marcel Ritzmaier,21,Central Midfield,PSV Eindhoven,"End of loanJun 30, 2014",out,Summer,0,Eredivisie,2014,2014/2015
SC Cambuur-Leeuwarden,Jody Lukoki,21,Right Winger,Ajax,"End of loanJun 30, 2014",out,Summer,0,Eredivisie,2014,2014/2015
Go Ahead Eagles,Puck Postma,17,Right Winger,Volendam U17,free transfer,in,Summer,NA,Eredivisie,2014,2014/2015
Go Ahead Eagles,Sven Nieuwpoort,21,Centre-Back,Ajax U21,free transfer,in,Summer,NA,Eredivisie,2014,2014/2015
Go Ahead Eagles,Peter van Ooijen,22,Left Winger,PSV Eindhoven,free transfer,in,Summer,NA,Eredivisie,2014,2014/2015
Go Ahead Eagles,Nick de Bondt,20,Left Winger,Ajax U21,free transfer,in,Summer,NA,Eredivisie,2014,2014/2015
Go Ahead Eagles,Giliano Wijnaldum,21,Left-Back,FC Groningen,free transfer,in,Summer,NA,Eredivisie,2014,2014/2015
Go Ahead Eagles,Alex Schalk,21,Centre-Forward,NAC Breda,free transfer,in,Summer,NA,Eredivisie,2014,2014/2015
Go Ahead Eagles,Mickey van der Hart,20,Goalkeeper,Ajax,loan transfer,in,Summer,NA,Eredivisie,2014,2014/2015
Go Ahead Eagles,Robin van der Meer,19,Centre-Back,ADO U19,?,in,Summer,NA,Eredivisie,2014,2014/2015
Go Ahead Eagles,Jules Reimerink,24,Left Winger,VVV-Venlo,?,in,Summer,NA,Eredivisie,2014,2014/2015
Go Ahead Eagles,Sander Duits,30,Defensive Midfield,RKC Waalwijk,?,in,Summer,NA,Eredivisie,2014,2014/2015
Go Ahead Eagles,Lesly de Sa,21,Right Winger,Ajax,loan transfer,in,Summer,NA,Eredivisie,2014,2014/2015
Go Ahead Eagles,Fernando Lewis,21,Right Winger,AZ Alkmaar,loan transfer,in,Summer,NA,Eredivisie,2014,2014/2015
Go Ahead Eagles,Joeri Schroijen,23,Left Winger,VVV-Venlo,"End of loanJun 30, 2014",in,Summer,0,Eredivisie,2014,2014/2015
Go Ahead Eagles,Guyon Philips,20,Centre-Forward,FC Oss,"End of loanJun 30, 2014",in,Summer,0,Eredivisie,2014,2014/2015
Go Ahead Eagles,Jarchinio Antonia,23,Right Winger,FC Groningen,£234Th.,out,Summer,0.234,Eredivisie,2014,2014/2015
Go Ahead Eagles,Patrick ter Mate,22,Goalkeeper,Voorwaarts T,free transfer,out,Summer,NA,Eredivisie,2014,2014/2015
Go Ahead Eagles,Tom Oostinjen,22,Defensive Midfield,GVVV,free transfer,out,Summer,NA,Eredivisie,2014,2014/2015
Go Ahead Eagles,Joran Pot,25,Defensive Midfield,Excelsior '31,free transfer,out,Summer,NA,Eredivisie,2014,2014/2015
Go Ahead Eagles,Michel Gerritsen Mulkes,22,Centre-Back,Excelsior '31,free transfer,out,Summer,NA,Eredivisie,2014,2014/2015
Go Ahead Eagles,Joost Krijns,21,Centre-Back,CSV Apeldoorn,free transfer,out,Summer,NA,Eredivisie,2014,2014/2015
Go Ahead Eagles,Kevin Spanjaard,21,Attacking Midfield,HSC '21,free transfer,out,Summer,NA,Eredivisie,2014,2014/2015
Go Ahead Eagles,Xander Houtkoop,25,Left Winger,ADO Den Haag,free transfer,out,Summer,NA,Eredivisie,2014,2014/2015
Go Ahead Eagles,Joeri Schroijen,23,Left Winger,VVV-Venlo,?,out,Summer,NA,Eredivisie,2014,2014/2015
Go Ahead Eagles,Guyon Philips,20,Centre-Forward,FC Volendam,loan transfer,out,Summer,NA,Eredivisie,2014,2014/2015
Go Ahead Eagles,Omar Kavak,25,Left Winger,Without Club,-,out,Summer,0,Eredivisie,2014,2014/2015
Go Ahead Eagles,Thomas Azevedo,22,Left Winger,OH Leuven,"End of loanJun 30, 2014",out,Summer,0,Eredivisie,2014,2014/2015
Go Ahead Eagles,Stephan Andersen,32,Goalkeeper,Real Betis,"End of loanJun 30, 2014",out,Summer,0,Eredivisie,2014,2014/2015
Go Ahead Eagles,Ridgeciano Haps,21,Left-Back,AZ Alkmaar,"End of loanJun 30, 2014",out,Summer,0,Eredivisie,2014,2014/2015
Go Ahead Eagles,Erik Falkenburg,26,Attacking Midfield,AZ Alkmaar,"End of loanJun 30, 2014",out,Summer,0,Eredivisie,2014,2014/2015
Go Ahead Eagles,Joey Godee,25,Centre-Forward,Cercle Brugge,"End of loanJun 30, 2014",out,Summer,0,Eredivisie,2014,2014/2015
Go Ahead Eagles,Doke Schmidt,22,Right-Back,Heerenveen,"End of loanJun 30, 2014",out,Summer,0,Eredivisie,2014,2014/2015
Heracles Almelo,Fahd Aktaou,21,Left-Back,Heerenveen,free transfer,in,Summer,NA,Eredivisie,2014,2014/2015
Heracles Almelo,Mark-Jan Fledderus,31,Left-Back,Roda JC,free transfer,in,Summer,NA,Eredivisie,2014,2014/2015
Heracles Almelo,Joey Pelupessy,21,Defensive Midfield,Twente FC,free transfer,in,Summer,NA,Eredivisie,2014,2014/2015
Heracles Almelo,Bas Sibum,31,Central Midfield,Waasl.-Beveren,free transfer,in,Summer,NA,Eredivisie,2014,2014/2015
Heracles Almelo,Bram Castro,31,Goalkeeper,MVV Maastricht,free transfer,in,Summer,NA,Eredivisie,2014,2014/2015
Heracles Almelo,Wout Weghorst,21,Centre-Forward,FC Emmen,free transfer,in,Summer,NA,Eredivisie,2014,2014/2015
Heracles Almelo,Menno Heerkes,20,Defensive Midfield,Heerenveen U21,free transfer,in,Summer,NA,Eredivisie,2014,2014/2015
Heracles Almelo,Ramon Zomer,31,Centre-Back,Heerenveen,free transfer,in,Summer,NA,Eredivisie,2014,2014/2015
Heracles Almelo,Travis Brent,22,Right-Back,Thundering Herd,free transfer,in,Summer,NA,Eredivisie,2014,2014/2015
Heracles Almelo,Denni Avdic,25,Centre-Forward,AZ Alkmaar,loan transfer,in,Summer,NA,Eredivisie,2014,2014/2015
Heracles Almelo,Coen Gortemaker,20,Centre-Back,FC Twente U21,-,in,Summer,0,Eredivisie,2014,2014/2015
Heracles Almelo,Mark Engberink,21,Left-Back,FC Twente U21,-,in,Summer,0,Eredivisie,2014,2014/2015
Heracles Almelo,Rick Hemmink,21,Attacking Midfield,FC Twente U21,-,in,Summer,0,Eredivisie,2014,2014/2015
Heracles Almelo,Ben Rienstra,24,Central Midfield,PEC Zwolle,free transfer,out,Summer,NA,Eredivisie,2014,2014/2015
Heracles Almelo,Joey Belterman,20,Central Midfield,FC Den Bosch,free transfer,out,Summer,NA,Eredivisie,2014,2014/2015
Heracles Almelo,Leon van Dijk,22,Right-Back,HSC '21,free transfer,out,Summer,NA,Eredivisie,2014,2014/2015
Heracles Almelo,Remko Pasveer,30,Goalkeeper,PSV Eindhoven,free transfer,out,Summer,NA,Eredivisie,2014,2014/2015
Heracles Almelo,Jason Davidson,23,Left-Back,West Brom,?,out,Summer,NA,Eredivisie,2014,2014/2015
Heracles Almelo,Matthew Amoah,33,attack,Without Club,-,out,Summer,0,Eredivisie,2014,2014/2015
Heracles Almelo,Kwame Quansah,31,Defensive Midfield,Career break,-,out,Summer,0,Eredivisie,2014,2014/2015
Heracles Almelo,Mikhail Rosheuvel,23,Right Winger,AZ Alkmaar,"End of loanJun 30, 2014",out,Summer,0,Eredivisie,2014,2014/2015
Heracles Almelo,Jens Jurn Streutker,21,Centre-Back,Heerenveen,"End of loanJun 30, 2014",out,Summer,0,Eredivisie,2014,2014/2015
Heracles Almelo,Mark Uth,22,Second Striker,Heerenveen,"End of loanJun 30, 2014",out,Summer,0,Eredivisie,2014,2014/2015
NAC Breda,Rémy Amieux,27,Left-Back,RKC Waalwijk,free transfer,in,Summer,NA,Eredivisie,2014,2014/2015
NAC Breda,Brandon Robinson,19,Centre-Forward,Feyenoord U19,free transfer,in,Summer,NA,Eredivisie,2014,2014/2015
NAC Breda,Isak Ssewankambo,18,Defensive Midfield,Chelsea U21,free transfer,in,Summer,NA,Eredivisie,2014,2014/2015
NAC Breda,Vinnie Vermeer,19,Central Midfield,FC Eindhoven,free transfer,in,Summer,NA,Eredivisie,2014,2014/2015
NAC Breda,Aleksandar Damcevski,21,Centre-Back,Chern. Burgas,free transfer,in,Summer,NA,Eredivisie,2014,2014/2015
NAC Breda,Joeri de Kamps,22,Defensive Midfield,Ajax U21,free transfer,in,Summer,NA,Eredivisie,2014,2014/2015
NAC Breda,Andries Noppert,20,Goalkeeper,Heerenveen U21,free transfer,in,Summer,NA,Eredivisie,2014,2014/2015
NAC Breda,Erik Falkenburg,26,Attacking Midfield,AZ Alkmaar,free transfer,in,Summer,NA,Eredivisie,2014,2014/2015
NAC Breda,Kingsley Boateng,20,Right Winger,AC Milan,loan transfer,in,Summer,NA,Eredivisie,2014,2014/2015
NAC Breda,Milos Zukanovic,18,Centre-Forward,Red Star U19,?,in,Summer,NA,Eredivisie,2014,2014/2015
NAC Breda,Stipe Perica,19,Centre-Forward,Chelsea,loan transfer,in,Summer,NA,Eredivisie,2014,2014/2015
NAC Breda,Mounir El Allouchi,19,Attacking Midfield,NAC Breda U21,-,in,Summer,0,Eredivisie,2014,2014/2015
NAC Breda,Alex Schalk,21,Centre-Forward,PSV U21,"End of loanJun 30, 2014",in,Summer,0,Eredivisie,2014,2014/2015
NAC Breda,Milos Zukanovic,19,Centre-Forward,RC Lens B,free transfer,out,Summer,NA,Eredivisie,2014,2014/2015
NAC Breda,Alex Schalk,21,Centre-Forward,Go Ahead Eagles,free transfer,out,Summer,NA,Eredivisie,2014,2014/2015
NAC Breda,Jordy Buijs,25,Centre-Back,Heerenveen,free transfer,out,Summer,NA,Eredivisie,2014,2014/2015
NAC Breda,Rick Stuy van den Herik,21,Defensive Midfield,FC Oss,free transfer,out,Summer,NA,Eredivisie,2014,2014/2015
NAC Breda,Peter Gommeren,22,Defensive Midfield,KFC Houtvenne,free transfer,out,Summer,NA,Eredivisie,2014,2014/2015
NAC Breda,Anouar Hadouir,31,Attacking Midfield,Moghreb Tétouan,free transfer,out,Summer,NA,Eredivisie,2014,2014/2015
NAC Breda,Kees Kwakman,31,Defensive Midfield,Bidvest Wits FC,?,out,Summer,NA,Eredivisie,2014,2014/2015
NAC Breda,Tim Gilissen,32,Defensive Midfield,Retired,-,out,Summer,0,Eredivisie,2014,2014/2015
NAC Breda,Boldizsár Bodor,32,Left-Back,Without Club,-,out,Summer,0,Eredivisie,2014,2014/2015
NAC Breda,Danny Verbeek,23,Attacking Midfield,Standard Liège,"End of loanJun 30, 2014",out,Summer,0,Eredivisie,2014,2014/2015
NAC Breda,Stipe Perica,18,Centre-Forward,Chelsea,"End of loanJun 30, 2014",out,Summer,0,Eredivisie,2014,2014/2015
NAC Breda,Rydell Poepon,26,Centre-Forward,ADO Den Haag,"End of loanJun 30, 2014",out,Summer,0,Eredivisie,2014,2014/2015
Willem II Tilburg,Mitchell Dijks,21,Left-Back,Ajax,free transfer,in,Summer,NA,Eredivisie,2014,2014/2015
Willem II Tilburg,Robert Braber,31,Attacking Midfield,RKC Waalwijk,free transfer,in,Summer,NA,Eredivisie,2014,2014/2015
Willem II Tilburg,Frank van der Struijk,29,Right-Back,Vitesse,free transfer,in,Summer,NA,Eredivisie,2014,2014/2015
Willem II Tilburg,Ben Sahar,24,Centre-Forward,Hertha BSC,free transfer,in,Summer,NA,Eredivisie,2014,2014/2015
Willem II Tilburg,Samuel Armenteros,24,Centre-Forward,RSC Anderlecht,loan transfer,in,Summer,NA,Eredivisie,2014,2014/2015
Willem II Tilburg,Jerson Cabral,23,Left Winger,Twente FC,loan transfer,in,Summer,NA,Eredivisie,2014,2014/2015
Willem II Tilburg,Fabian Sporkslede,20,Right-Back,Ajax U21,loan transfer,in,Summer,NA,Eredivisie,2014,2014/2015
Willem II Tilburg,Konstantinos Lamprou,22,Goalkeeper,Feyenoord,loan transfer,in,Summer,NA,Eredivisie,2014,2014/2015
Willem II Tilburg,Frenkie de Jong,17,Central Midfield,Willem II U21,-,in,Summer,0,Eredivisie,2014,2014/2015
Willem II Tilburg,Ryan Sanusi,22,Defensive Midfield,FC Oss,"End of loanJun 30, 2014",in,Summer,0,Eredivisie,2014,2014/2015
Willem II Tilburg,Maxim Deckers,20,Left Midfield,FC Oss,"End of loanJun 30, 2014",in,Summer,0,Eredivisie,2014,2014/2015
Willem II Tilburg,Kevin Brands,26,Attacking Midfield,Telstar,"End of loanJun 30, 2014",in,Summer,0,Eredivisie,2014,2014/2015
Willem II Tilburg,Kees van Buuren,27,Right-Back,Sparta R.,free transfer,out,Summer,NA,Eredivisie,2014,2014/2015
Willem II Tilburg,Gaby Jallo,25,Left-Back,FC Emmen,free transfer,out,Summer,NA,Eredivisie,2014,2014/2015
Willem II Tilburg,Mitch van der Ven,19,Left Midfield,FC Eindhoven,free transfer,out,Summer,NA,Eredivisie,2014,2014/2015
Willem II Tilburg,Norair Aslanyan,23,Right Winger,Almere City,loan transfer,out,Summer,NA,Eredivisie,2014,2014/2015
Willem II Tilburg,Justin Mathieu,18,Right Winger,FC Oss,loan transfer,out,Summer,NA,Eredivisie,2014,2014/2015
Willem II Tilburg,Kevin Brands,26,Attacking Midfield,FC Volendam,loan transfer,out,Summer,NA,Eredivisie,2014,2014/2015
Willem II Tilburg,Maxim Deckers,20,Left Midfield,RKC Waalwijk,loan transfer,out,Summer,NA,Eredivisie,2014,2014/2015
Willem II Tilburg,Renan Zanelli,22,Central Midfield,FC Oss,loan transfer,out,Summer,NA,Eredivisie,2014,2014/2015
Willem II Tilburg,Ryan Sanusi,22,Defensive Midfield,FC Oss,loan transfer,out,Summer,NA,Eredivisie,2014,2014/2015
Willem II Tilburg,Simon van Zeelst,20,Central Midfield,RKC Waalwijk,loan transfer,out,Summer,NA,Eredivisie,2014,2014/2015
Willem II Tilburg,Niek Vossebelt,23,Central Midfield,Without Club,-,out,Summer,0,Eredivisie,2014,2014/2015
Willem II Tilburg,Denny Landzaat,38,Central Midfield,Retired,-,out,Summer,0,Eredivisie,2014,2014/2015
Willem II Tilburg,Ruud Swinkels,27,Goalkeeper,Without Club,-,out,Summer,0,Eredivisie,2014,2014/2015
Willem II Tilburg,Mats van Huijgevoort,21,Centre-Back,Feyenoord U21,"End of loanJun 30, 2014",out,Summer,0,Eredivisie,2014,2014/2015
Willem II Tilburg,Ruud Boymans,25,Centre-Forward,AZ Alkmaar,"End of loanJun 30, 2014",out,Summer,0,Eredivisie,2014,2014/2015
FC Dordrecht,Jordy van Deelen,21,Right-Back,Feyenoord,free transfer,in,Summer,NA,Eredivisie,2014,2014/2015
FC Dordrecht,Mart Lieder,24,Centre-Forward,RKC Waalwijk,free transfer,in,Summer,NA,Eredivisie,2014,2014/2015
FC Dordrecht,Filip Kurto,23,Goalkeeper,Roda JC,free transfer,in,Summer,NA,Eredivisie,2014,2014/2015
FC Dordrecht,Josimar Lima,25,Centre-Back,Al-Shaab,free transfer,in,Summer,NA,Eredivisie,2014,2014/2015
FC Dordrecht,Ricky van Haaren,23,Central Midfield,ADO Den Haag,loan transfer,in,Summer,NA,Eredivisie,2014,2014/2015
FC Dordrecht,Giovanni Korte,20,Right Winger,ADO Den Haag,loan transfer,in,Summer,NA,Eredivisie,2014,2014/2015
FC Dordrecht,Sem de Wit,19,Centre-Back,ADO Den Haag,loan transfer,in,Summer,NA,Eredivisie,2014,2014/2015
FC Dordrecht,Joris van Overeem,20,Central Midfield,AZ Alkmaar,loan transfer,in,Summer,NA,Eredivisie,2014,2014/2015
FC Dordrecht,Rick ten Voorde,23,Centre-Forward,SC Paderborn,loan transfer,in,Summer,NA,Eredivisie,2014,2014/2015
FC Dordrecht,William Troost-Ekong,20,Centre-Back,FC Groningen,loan transfer,in,Summer,NA,Eredivisie,2014,2014/2015
FC Dordrecht,Mohamed Hamdaoui,21,Left Winger,Vitesse U21,loan transfer,in,Summer,NA,Eredivisie,2014,2014/2015
FC Dordrecht,Ryan Koolwijk,29,Central Midfield,Without Club,-,in,Summer,0,Eredivisie,2014,2014/2015
FC Dordrecht,Erixon Danso,25,Attacking Midfield,Without Club,-,in,Summer,0,Eredivisie,2014,2014/2015
FC Dordrecht,Ibrahima Touré,19,Attacking Midfield,Dordrecht U21,-,in,Summer,0,Eredivisie,2014,2014/2015
FC Dordrecht,Jeffrey Ket,21,Centre-Back,FC Oss,free transfer,out,Summer,NA,Eredivisie,2014,2014/2015
FC Dordrecht,Obi Onyeike,22,Centre-Back,Hereford Utd.,free transfer,out,Summer,NA,Eredivisie,2014,2014/2015
FC Dordrecht,Jair Balrak,20,Centre-Forward,VV Capelle,free transfer,out,Summer,NA,Eredivisie,2014,2014/2015
FC Dordrecht,Genaro Snijders,25,Right Winger,FC Oss,free transfer,out,Summer,NA,Eredivisie,2014,2014/2015
FC Dordrecht,Michael Potkamp,22,Attacking Midfield,Kozakken Boys,free transfer,out,Summer,NA,Eredivisie,2014,2014/2015
FC Dordrecht,Wilmer Kousemaker,29,Left Midfield,VV Capelle,free transfer,out,Summer,NA,Eredivisie,2014,2014/2015
FC Dordrecht,Giovano Gödeken,24,Central Midfield,SteDoCo,free transfer,out,Summer,NA,Eredivisie,2014,2014/2015
FC Dordrecht,Warner Hahn,22,Goalkeeper,Feyenoord,free transfer,out,Summer,NA,Eredivisie,2014,2014/2015
FC Dordrecht,Jessy Mayele,23,Centre-Forward,CR Al Hoceima,free transfer,out,Summer,NA,Eredivisie,2014,2014/2015
FC Dordrecht,Bryan Jongeneel,20,Centre-Back,Kozakken Boys,loan transfer,out,Summer,NA,Eredivisie,2014,2014/2015
FC Dordrecht,Sem de Wit,19,Centre-Back,ADO Den Haag,?,out,Summer,NA,Eredivisie,2014,2014/2015
FC Dordrecht,Erixon Danso,24,Attacking Midfield,Without Club,-,out,Summer,0,Eredivisie,2014,2014/2015
FC Dordrecht,William Troost-Ekong,20,Centre-Back,FC Groningen,"End of loanJun 30, 2014",out,Summer,0,Eredivisie,2014,2014/2015
FC Dordrecht,Felitciano Zschusschen,22,Centre-Forward,Twente FC,"End of loanJun 30, 2014",out,Summer,0,Eredivisie,2014,2014/2015
FC Dordrecht,Jordy van Deelen,21,Right-Back,Feyenoord,"End of loanJun 30, 2014",out,Summer,0,Eredivisie,2014,2014/2015
FC Dordrecht,Youri Loen,23,Central Midfield,NEC Nijmegen,"End of loanJun 30, 2014",out,Summer,0,Eredivisie,2014,2014/2015
FC Dordrecht,Matthew Steenvoorden,21,Centre-Back,Feyenoord,"End of loanJun 30, 2014",out,Summer,0,Eredivisie,2014,2014/2015
FC Dordrecht,Giovanni Korte,20,Right Winger,ADO Den Haag,"End of loanJun 30, 2014",out,Summer,0,Eredivisie,2014,2014/2015
FC Dordrecht,Paul Gladon,22,Centre-Forward,Sparta R.,"End of loanJun 30, 2014",out,Summer,0,Eredivisie,2014,2014/2015
Excelsior Rotterdam,Marko Maletic,20,Centre-Forward,Stuttgart II,free transfer,in,Summer,NA,Eredivisie,2014,2014/2015
Excelsior Rotterdam,Tom van Weert,24,Centre-Forward,FC Den Bosch,free transfer,in,Summer,NA,Eredivisie,2014,2014/2015
Excelsior Rotterdam,Daryl van Mieghem,24,Right Winger,Telstar,free transfer,in,Summer,NA,Eredivisie,2014,2014/2015
Excelsior Rotterdam,Alessandro Damen,24,Goalkeeper,De Meern,free transfer,in,Summer,NA,Eredivisie,2014,2014/2015
Excelsior Rotterdam,Toni Varela,28,Central Midfield,APO Levadiakos,free transfer,in,Summer,NA,Eredivisie,2014,2014/2015
Excelsior Rotterdam,Bas Kuipers,19,Left-Back,Ajax U21,loan transfer,in,Summer,NA,Eredivisie,2014,2014/2015
Excelsior Rotterdam,Ninos Gouriye,23,Left Winger,ADO Den Haag,loan transfer,in,Summer,NA,Eredivisie,2014,2014/2015
Excelsior Rotterdam,Luigi Bruins,27,Central Midfield,Without Club,-,in,Summer,0,Eredivisie,2014,2014/2015
Excelsior Rotterdam,Daan Bovenberg,25,Right-Back,Without Club,-,in,Summer,0,Eredivisie,2014,2014/2015
Excelsior Rotterdam,Gino Coutinho,32,Goalkeeper,Without Club,-,in,Summer,0,Eredivisie,2014,2014/2015
Excelsior Rotterdam,Lars Veldwijk,22,Centre-Forward,Nottm Forest,£540Th.,out,Summer,0.54,Eredivisie,2014,2014/2015
Excelsior Rotterdam,Rangelo Janga,22,Centre-Forward,Omon. Aradippou,free transfer,out,Summer,NA,Eredivisie,2014,2014/2015
Excelsior Rotterdam,Moussa Kalisse,31,Left Winger,Without Club,free transfer,out,Summer,NA,Eredivisie,2014,2014/2015
Excelsior Rotterdam,Erwin Nuytinck,20,Attacking Midfield,Alphense Boys,free transfer,out,Summer,NA,Eredivisie,2014,2014/2015
Excelsior Rotterdam,Marley Berkvens,21,Defensive Midfield,Alphense Boys,free transfer,out,Summer,NA,Eredivisie,2014,2014/2015
Excelsior Rotterdam,Kevin Kamerbeek,19,Right-Back,Nieuwerkerk,free transfer,out,Summer,NA,Eredivisie,2014,2014/2015
Excelsior Rotterdam,Tim Eekman,23,Right-Back,Barendrecht,free transfer,out,Summer,NA,Eredivisie,2014,2014/2015
Excelsior Rotterdam,Benjamin Machini,17,Goalkeeper,RCD Mallorca B,free transfer,out,Summer,NA,Eredivisie,2014,2014/2015
Excelsior Rotterdam,Daan Smith,22,Centre-Back,Excelsior M,free transfer,out,Summer,NA,Eredivisie,2014,2014/2015
Excelsior Rotterdam,Lars Hutten,24,Centre-Forward,Helmond Sport,loan transfer,out,Summer,NA,Eredivisie,2014,2014/2015
Excelsior Rotterdam,Jamal Dongen,20,Left-Back,Without Club,-,out,Summer,0,Eredivisie,2014,2014/2015
Excelsior Rotterdam,Kevin van Kippersluis,21,Left Winger,Utrecht U21,"End of loanJun 30, 2014",out,Summer,0,Eredivisie,2014,2014/2015
Excelsior Rotterdam,Lucas Woudenberg,20,Left-Back,Feyenoord,"End of loanJun 30, 2014",out,Summer,0,Eredivisie,2014,2014/2015
Excelsior Rotterdam,Boy de Jong,20,Goalkeeper,Feyenoord U21,"End of loanJun 30, 2014",out,Summer,0,Eredivisie,2014,2014/2015
Ajax Amsterdam,Daley Sinkgraven,19,Left-Back,Heerenveen,£6.30m,in,Winter,6.3,Eredivisie,2014,2014/2015
Ajax Amsterdam,André Onana,18,Goalkeeper,Barcelona U19,£135Th.,in,Winter,0.135,Eredivisie,2014,2014/2015
Ajax Amsterdam,Stefano Denswil,21,Centre-Back,Club Brugge,£1.08m,out,Winter,1.08,Eredivisie,2014,2014/2015
Ajax Amsterdam,Tobias Sana,25,Left Winger,Malmö FF,free transfer,out,Winter,NA,Eredivisie,2014,2014/2015
Ajax Amsterdam,Sheraldo Becker,19,Right Winger,PEC Zwolle,loan transfer,out,Winter,NA,Eredivisie,2014,2014/2015
Ajax Amsterdam,Ruben Ligeon,22,Right-Back,NAC Breda,loan transfer,out,Winter,NA,Eredivisie,2014,2014/2015
Ajax Amsterdam,Lerin Duarte,24,Central Midfield,Heerenveen,loan transfer,out,Winter,NA,Eredivisie,2014,2014/2015
Feyenoord Rotterdam,Ruben Schaken,32,Right Winger,Inter Baku,free transfer,out,Winter,NA,Eredivisie,2014,2014/2015
Feyenoord Rotterdam,Matthew Steenvoorden,21,Centre-Back,FC Dordrecht,loan transfer,out,Winter,NA,Eredivisie,2014,2014/2015
Feyenoord Rotterdam,Wesley Verhoek,28,Right Winger,Go Ahead Eagles,loan transfer,out,Winter,NA,Eredivisie,2014,2014/2015
Twente Enschede FC,Chris David,21,Attacking Midfield,Fulham,loan transfer,in,Winter,NA,Eredivisie,2014,2014/2015
Twente Enschede FC,Hidde ter Avest,17,Right-Back,FC Twente U19,-,in,Winter,0,Eredivisie,2014,2014/2015
Twente Enschede FC,Tim Hölscher,19,Defensive Midfield,Chemnitzer FC,"End of loanJan 1, 2015",in,Winter,0,Eredivisie,2014,2014/2015
Twente Enschede FC,Rasmus Bengtsson,28,Centre-Back,Malmö FF,£99Th.,out,Winter,0.099,Eredivisie,2014,2014/2015
Twente Enschede FC,Tim Breukers,27,Right-Back,Heracles Almelo,loan transfer,out,Winter,NA,Eredivisie,2014,2014/2015
PSV Eindhoven,Danny Wintjens,31,Goalkeeper,VVV-Venlo,loan transfer,in,Winter,NA,Eredivisie,2014,2014/2015
PSV Eindhoven,Menno Koch,20,Centre-Back,NAC Breda,loan transfer,out,Winter,NA,Eredivisie,2014,2014/2015
SC Heerenveen,Henk Veerman,23,Centre-Forward,FC Volendam,£315Th.,in,Winter,0.315,Eredivisie,2014,2014/2015
SC Heerenveen,Simon Thern,22,Central Midfield,Malmö FF,free transfer,in,Winter,NA,Eredivisie,2014,2014/2015
SC Heerenveen,Robert van Koesveld,20,Centre-Back,Ajax U21,free transfer,in,Winter,NA,Eredivisie,2014,2014/2015
SC Heerenveen,Younes Namli,20,Attacking Midfield,Akademisk BK,?,in,Winter,NA,Eredivisie,2014,2014/2015
SC Heerenveen,Lerin Duarte,24,Central Midfield,Ajax,loan transfer,in,Winter,NA,Eredivisie,2014,2014/2015
SC Heerenveen,Jeremiah St. Juste,18,Centre-Back,Heerenveen U19,-,in,Winter,0,Eredivisie,2014,2014/2015
SC Heerenveen,Tarik Kada,18,Right Winger,Heerenveen U21,-,in,Winter,0,Eredivisie,2014,2014/2015
SC Heerenveen,Daley Sinkgraven,19,Left-Back,Ajax,£6.30m,out,Winter,6.3,Eredivisie,2014,2014/2015
SC Heerenveen,Jukka Raitala,26,Left-Back,Vestsjaelland,free transfer,out,Winter,NA,Eredivisie,2014,2014/2015
SC Heerenveen,Pascal Huser,19,Attacking Midfield,MVV Maastricht,loan transfer,out,Winter,NA,Eredivisie,2014,2014/2015
SC Heerenveen,Jens Jurn Streutker,21,Centre-Back,MVV Maastricht,loan transfer,out,Winter,NA,Eredivisie,2014,2014/2015
SC Heerenveen,Thomas Dalgaard,30,Centre-Forward,Odense BK,loan transfer,out,Winter,NA,Eredivisie,2014,2014/2015
FC Groningen,Simon Tibbling,20,Central Midfield,Djurgarden,£1.17m,in,Winter,1.17,Eredivisie,2014,2014/2015
FC Groningen,Albert Rusnák,20,Attacking Midfield,Man City U21,£203Th.,in,Winter,0.203,Eredivisie,2014,2014/2015
FC Groningen,Stefan van der Lei,21,Goalkeeper,FC Emmen,"End of loanJan 19, 2015",in,Winter,0,Eredivisie,2014,2014/2015
FC Groningen,Género Zeefuik,24,Centre-Forward,Heart of Midl.,loan transfer,out,Winter,NA,Eredivisie,2014,2014/2015
FC Groningen,Henk Bos,22,Central Midfield,FC Emmen,loan transfer,out,Winter,NA,Eredivisie,2014,2014/2015
AZ Alkmaar,Fernando Lewis,21,Right Winger,Go Ahead Eagles,"End of loanJan 26, 2015",in,Winter,0,Eredivisie,2014,2014/2015
AZ Alkmaar,Dirk Marcellis,26,Centre-Back,NAC Breda,free transfer,out,Winter,NA,Eredivisie,2014,2014/2015
AZ Alkmaar,Mikhail Rosheuvel,24,Right Winger,SC Cambuur,?,out,Winter,NA,Eredivisie,2014,2014/2015
AZ Alkmaar,Viktor Elm,29,Centre-Back,Kalmar FF,?,out,Winter,NA,Eredivisie,2014,2014/2015
AZ Alkmaar,Eli Babalj,22,Centre-Forward,PEC Zwolle,loan transfer,out,Winter,NA,Eredivisie,2014,2014/2015
AZ Alkmaar,Fernando Lewis,21,Right Winger,FC Dordrecht,loan transfer,out,Winter,NA,Eredivisie,2014,2014/2015
ADO Den Haag,Wilson Eduardo,24,Left Winger,Sporting CP,loan transfer,in,Winter,NA,Eredivisie,2014,2014/2015
ADO Den Haag,Oleksandr Yakovenko,27,Left Winger,Fiorentina,loan transfer,in,Winter,NA,Eredivisie,2014,2014/2015
ADO Den Haag,Dylan Nieuwenhuijs,20,Centre-Back,ADO U21,-,in,Winter,0,Eredivisie,2014,2014/2015
ADO Den Haag,Sem de Wit,19,Centre-Back,FC Dordrecht,"End of loanJan 1, 2015",in,Winter,0,Eredivisie,2014,2014/2015
ADO Den Haag,Sem de Wit,19,Centre-Back,Fortuna Sittard,loan transfer,out,Winter,NA,Eredivisie,2014,2014/2015
FC Utrecht,Sébastien Haller,20,Centre-Forward,AJ Auxerre,loan transfer,in,Winter,NA,Eredivisie,2014,2014/2015
FC Utrecht,Jeff Hardeveld,19,Left-Back,Utrecht U21,-,in,Winter,0,Eredivisie,2014,2014/2015
FC Utrecht,Aleksandar Bjelica,20,Centre-Back,Sparta R.,"End of loanNov 9, 2014",in,Winter,0,Eredivisie,2014,2014/2015
FC Utrecht,Sean Klaiber,20,Right-Back,FC Dordrecht,loan transfer,out,Winter,NA,Eredivisie,2014,2014/2015
FC Utrecht,Nando Quesada,21,Attacking Midfield,Achilles '29,loan transfer,out,Winter,NA,Eredivisie,2014,2014/2015
FC Utrecht,Aleksandar Bjelica,20,Centre-Back,Without Club,-,out,Winter,0,Eredivisie,2014,2014/2015
PEC Zwolle,Tomas Necid,25,Centre-Forward,CSKA Moscow,free transfer,in,Winter,NA,Eredivisie,2014,2014/2015
PEC Zwolle,Sheraldo Becker,19,Right Winger,Ajax,loan transfer,in,Winter,NA,Eredivisie,2014,2014/2015
PEC Zwolle,Eli Babalj,22,Centre-Forward,AZ Alkmaar,loan transfer,in,Winter,NA,Eredivisie,2014,2014/2015
PEC Zwolle,Aleksandar Bjelica,21,Centre-Back,Without Club,-,in,Winter,0,Eredivisie,2014,2014/2015
PEC Zwolle,Max de Boom,18,Right Winger,PEC Zwolle U19,-,in,Winter,0,Eredivisie,2014,2014/2015
PEC Zwolle,Leroy Labylle,23,Left-Back,MVV Maastricht,loan transfer,out,Winter,NA,Eredivisie,2014,2014/2015
PEC Zwolle,Nikolaos Ioannidis,20,Centre-Forward,Olympiacos,"End of loanJan 9, 2015",out,Winter,0,Eredivisie,2014,2014/2015
PEC Zwolle,Tomas Necid,25,Centre-Forward,CSKA Moscow,"End of loanDec 31, 2014",out,Winter,0,Eredivisie,2014,2014/2015
SC Cambuur-Leeuwarden,Sinan Bytyqi,19,Attacking Midfield,Man City U21,loan transfer,in,Winter,NA,Eredivisie,2014,2014/2015
SC Cambuur-Leeuwarden,Mikhail Rosheuvel,24,Right Winger,AZ Alkmaar,?,in,Winter,NA,Eredivisie,2014,2014/2015
SC Cambuur-Leeuwarden,Oebele Schokker,30,Right Winger,Harkemase Boys,free transfer,out,Winter,NA,Eredivisie,2014,2014/2015
SC Cambuur-Leeuwarden,Dejan Meleg,20,Attacking Midfield,Ajax U21,"End of loanMar 5, 2015",out,Winter,0,Eredivisie,2014,2014/2015
SC Cambuur-Leeuwarden,Albert Rusnák,20,Attacking Midfield,Man City U21,"End of loanJan 3, 2015",out,Winter,0,Eredivisie,2014,2014/2015
Go Ahead Eagles,Maurits Schmitz,21,Goalkeeper,Ajax Amateurs,free transfer,in,Winter,NA,Eredivisie,2014,2014/2015
Go Ahead Eagles,Wesley Verhoek,28,Right Winger,Feyenoord,loan transfer,in,Winter,NA,Eredivisie,2014,2014/2015
Go Ahead Eagles,Glynor Plet,27,Centre-Forward,Zulte Waregem,loan transfer,in,Winter,NA,Eredivisie,2014,2014/2015
Go Ahead Eagles,Ruben Lucas,20,Goalkeeper,TVC '28,free transfer,out,Winter,NA,Eredivisie,2014,2014/2015
Go Ahead Eagles,Teije ten Den,21,Centre-Forward,FC Oss,loan transfer,out,Winter,NA,Eredivisie,2014,2014/2015
Go Ahead Eagles,Fernando Lewis,21,Right Winger,AZ Alkmaar,"End of loanJan 26, 2015",out,Winter,0,Eredivisie,2014,2014/2015
Heracles Almelo,Joonas Vanhanen,17,Centre-Back,FC Kuusysi,?,in,Winter,NA,Eredivisie,2014,2014/2015
Heracles Almelo,Brahim Darri,20,Left Winger,Vitesse U21,?,in,Winter,NA,Eredivisie,2014,2014/2015
Heracles Almelo,Tim Breukers,27,Right-Back,Twente FC,loan transfer,in,Winter,NA,Eredivisie,2014,2014/2015
Heracles Almelo,Aleksei Kangaskolkka,26,Centre-Forward,IFK Mariehamn,free transfer,out,Winter,NA,Eredivisie,2014,2014/2015
Heracles Almelo,Dragan Paljic,31,Left Midfield,Perth Glory,?,out,Winter,NA,Eredivisie,2014,2014/2015
Heracles Almelo,Edwin Gyasi,23,Right Winger,Roda JC,?,out,Winter,NA,Eredivisie,2014,2014/2015
NAC Breda,Dirk Marcellis,26,Centre-Back,AZ Alkmaar,free transfer,in,Winter,NA,Eredivisie,2014,2014/2015
NAC Breda,Divine Naah,18,Central Midfield,Man City U21,loan transfer,in,Winter,NA,Eredivisie,2014,2014/2015
NAC Breda,Hakim Borahsasar,20,Centre-Forward,FC Brügge U21,?,in,Winter,NA,Eredivisie,2014,2014/2015
NAC Breda,Menno Koch,20,Centre-Back,PSV Eindhoven,loan transfer,in,Winter,NA,Eredivisie,2014,2014/2015
NAC Breda,Ruben Ligeon,22,Right-Back,Ajax,loan transfer,in,Winter,NA,Eredivisie,2014,2014/2015
NAC Breda,Felitciano Zschusschen,23,Centre-Forward,FC Twente U21,loan transfer,in,Winter,NA,Eredivisie,2014,2014/2015
NAC Breda,Guyon Fernandez,28,Centre-Forward,Without Club,-,in,Winter,0,Eredivisie,2014,2014/2015
NAC Breda,Jesse van Bezooijen,20,Centre-Back,NAC Breda U21,-,in,Winter,0,Eredivisie,2014,2014/2015
NAC Breda,Demy de Zeeuw,31,Central Midfield,Without Club,-,in,Winter,0,Eredivisie,2014,2014/2015
NAC Breda,Isak Ssewankambo,18,Defensive Midfield,Derby U21,free transfer,out,Winter,NA,Eredivisie,2014,2014/2015
NAC Breda,Vinnie Vermeer,19,Central Midfield,Deportivo Azogues,free transfer,out,Winter,NA,Eredivisie,2014,2014/2015
NAC Breda,Mounir El Allouchi,20,Attacking Midfield,Helmond Sport,loan transfer,out,Winter,NA,Eredivisie,2014,2014/2015
NAC Breda,Elson Hooi,23,Right Winger,Viborg FF,loan transfer,out,Winter,NA,Eredivisie,2014,2014/2015
NAC Breda,Stipe Perica,19,Centre-Forward,Chelsea,"End of loanJan 28, 2015",out,Winter,0,Eredivisie,2014,2014/2015
NAC Breda,Kingsley Boateng,20,Right Winger,AC Milan,"End of loanJan 13, 2015",out,Winter,0,Eredivisie,2014,2014/2015
Willem II Tilburg,Wiljan Pluim,26,Attacking Midfield,Roda JC,free transfer,in,Winter,NA,Eredivisie,2014,2014/2015
Willem II Tilburg,Renan Zanelli,22,Central Midfield,FC Oss,"End of loanDec 31, 2014",in,Winter,0,Eredivisie,2014,2014/2015
Willem II Tilburg,Fabian Sporkslede,21,Right-Back,Ajax U21,"End of loanJan 26, 2015",out,Winter,0,Eredivisie,2014,2014/2015
FC Dordrecht,Matthew Steenvoorden,21,Centre-Back,Feyenoord,loan transfer,in,Winter,NA,Eredivisie,2014,2014/2015
FC Dordrecht,Sean Klaiber,20,Right-Back,FC Utrecht,loan transfer,in,Winter,NA,Eredivisie,2014,2014/2015
FC Dordrecht,Fernando Lewis,21,Right Winger,AZ Alkmaar,loan transfer,in,Winter,NA,Eredivisie,2014,2014/2015
FC Dordrecht,Andwelé Slory,32,Right Winger,Without Club,-,in,Winter,0,Eredivisie,2014,2014/2015
FC Dordrecht,Anthony Biekman,20,Centre-Forward,Dordrecht U21,-,in,Winter,0,Eredivisie,2014,2014/2015
FC Dordrecht,Ryan Koolwijk,29,Central Midfield,AS Trencin,free transfer,out,Winter,NA,Eredivisie,2014,2014/2015
FC Dordrecht,Rihairo Meulens,26,Right Winger,Rapid Bucharest,free transfer,out,Winter,NA,Eredivisie,2014,2014/2015
FC Dordrecht,Erixon Danso,25,Attacking Midfield,Safa Beirut SC,free transfer,out,Winter,NA,Eredivisie,2014,2014/2015
FC Dordrecht,Javier Vet,21,Defensive Midfield,Almere City,free transfer,out,Winter,NA,Eredivisie,2014,2014/2015
FC Dordrecht,Nando Wormgoor,22,Centre-Back,RKC Waalwijk,loan transfer,out,Winter,NA,Eredivisie,2014,2014/2015
FC Dordrecht,Mohamed Hamdaoui,21,Left Winger,Vitesse U21,"End of loanJan 4, 2015",out,Winter,0,Eredivisie,2014,2014/2015
FC Dordrecht,Sem de Wit,19,Centre-Back,ADO Den Haag,"End of loanJan 1, 2015",out,Winter,0,Eredivisie,2014,2014/2015
Excelsior Rotterdam,Cedric Badjeck,20,Centre-Forward,Utrecht U21,?,in,Winter,NA,Eredivisie,2014,2014/2015
