club_name,player_name,age,position,club_involved_name,fee,transfer_movement,transfer_period,fee_cleaned,league_name,year,season
Atlético de Madrid,Antoine Griezmann,23,Second Striker,Real Sociedad,£48.60m,in,Summer,48.6,Primera Division,2014,2014/2015
Atlético de Madrid,Mario Mandzukic,28,Centre-Forward,FC Bayern,£19.80m,in,Summer,19.8,Primera Division,2014,2014/2015
Atlético de Madrid,Jan Oblak,21,Goalkeeper,Benfica,£14.40m,in,Summer,14.4,Primera Division,2014,2014/2015
Atlético de Madrid,Alessio Cerci,27,Right Winger,Torino,£12.60m,in,Summer,12.6,Primera Division,2014,2014/2015
Atlético de Madrid,Raúl Jiménez,23,Centre-Forward,América,£9.45m,in,Summer,9.45,Primera Division,2014,2014/2015
Atlético de Madrid,Guilherme Siqueira,28,Left-Back,Granada CF,£9.00m,in,Summer,9,Primera Division,2014,2014/2015
Atlético de Madrid,Miguel Ángel Moyá,30,Goalkeeper,Getafe,£2.70m,in,Summer,2.7,Primera Division,2014,2014/2015
Atlético de Madrid,Jesús Gámez,29,Right-Back,Málaga CF,£1.80m,in,Summer,1.8,Primera Division,2014,2014/2015
Atlético de Madrid,Emiliano Velázquez,20,Centre-Back,Danubio FC,£900Th.,in,Summer,0.9,Primera Division,2014,2014/2015
Atlético de Madrid,Cristian Ansaldi,27,Left-Back,Zenit S-Pb,Loan fee:£900Th.,in,Summer,0.9,Primera Division,2014,2014/2015
Atlético de Madrid,André Moreira,18,Goalkeeper,GD Ribeirão,£315Th.,in,Summer,0.315,Primera Division,2014,2014/2015
Atlético de Madrid,Rubén Pérez,25,Defensive Midfield,Elche CF,"End of loanJun 30, 2014",in,Summer,0,Primera Division,2014,2014/2015
Atlético de Madrid,Saúl Ñíguez,19,Central Midfield,Rayo Vallecano,"End of loanJun 30, 2014",in,Summer,0,Primera Division,2014,2014/2015
Atlético de Madrid,Sergio Asenjo,25,Goalkeeper,Villarreal,"End of loanJun 30, 2014",in,Summer,0,Primera Division,2014,2014/2015
Atlético de Madrid,Roberto,28,Goalkeeper,Olympiacos,"End of loanJun 30, 2014",in,Summer,0,Primera Division,2014,2014/2015
Atlético de Madrid,Borja Bastón,22,Centre-Forward,Dep. La Coruña,"End of loanAug 27, 2014",in,Summer,0,Primera Division,2014,2014/2015
Atlético de Madrid,Leo Baptistão,21,Centre-Forward,Real Betis,"End of loanJun 30, 2014",in,Summer,0,Primera Division,2014,2014/2015
Atlético de Madrid,Óliver Torres,19,Central Midfield,Villarreal,"End of loanJun 30, 2014",in,Summer,0,Primera Division,2014,2014/2015
Atlético de Madrid,Josuha Guilavogui,23,Defensive Midfield,Saint-Étienne,"End of loanJun 30, 2014",in,Summer,0,Primera Division,2014,2014/2015
Atlético de Madrid,Cristian Rodríguez,29,Central Midfield,Grêmio,"End of loanMay 8, 2015",in,Summer,0,Primera Division,2014,2014/2015
Atlético de Madrid,Diego Costa,25,Centre-Forward,Chelsea,£34.20m,out,Summer,34.2,Primera Division,2014,2014/2015
Atlético de Madrid,Filipe Luís,28,Left-Back,Chelsea,£18.00m,out,Summer,18,Primera Division,2014,2014/2015
Atlético de Madrid,Adrián López,26,Centre-Forward,FC Porto,£9.90m,out,Summer,9.9,Primera Division,2014,2014/2015
Atlético de Madrid,Josuha Guilavogui,23,Defensive Midfield,VfL Wolfsburg,Loan fee:£6.12m,out,Summer,6.12,Primera Division,2014,2014/2015
Atlético de Madrid,Roberto,28,Goalkeeper,Olympiacos,£5.40m,out,Summer,5.4,Primera Division,2014,2014/2015
Atlético de Madrid,Sergio Asenjo,25,Goalkeeper,Villarreal,£4.50m,out,Summer,4.5,Primera Division,2014,2014/2015
Atlético de Madrid,Javier Manquillo,20,Right-Back,Liverpool,Loan fee:£1.80m,out,Summer,1.8,Primera Division,2014,2014/2015
Atlético de Madrid,Rubén Pérez,25,Defensive Midfield,Torino,Loan fee:£450Th.,out,Summer,0.45,Primera Division,2014,2014/2015
Atlético de Madrid,Diego,29,Central Midfield,Fenerbahce,free transfer,out,Summer,NA,Primera Division,2014,2014/2015
Atlético de Madrid,David Villa,32,Centre-Forward,New York City,free transfer,out,Summer,NA,Primera Division,2014,2014/2015
Atlético de Madrid,Borja Bastón,22,Centre-Forward,Real Zaragoza,loan transfer,out,Summer,NA,Primera Division,2014,2014/2015
Atlético de Madrid,Emiliano Velázquez,20,Centre-Back,Getafe,loan transfer,out,Summer,NA,Primera Division,2014,2014/2015
Atlético de Madrid,Emiliano Insúa,25,Centre-Back,Rayo Vallecano,loan transfer,out,Summer,NA,Primera Division,2014,2014/2015
Atlético de Madrid,Toby Alderweireld,25,Centre-Back,Southampton,loan transfer,out,Summer,NA,Primera Division,2014,2014/2015
Atlético de Madrid,Óliver Torres,19,Central Midfield,FC Porto,loan transfer,out,Summer,NA,Primera Division,2014,2014/2015
Atlético de Madrid,Leo Baptistão,21,Centre-Forward,Rayo Vallecano,loan transfer,out,Summer,NA,Primera Division,2014,2014/2015
Atlético de Madrid,André Moreira,18,Goalkeeper,Moreirense,loan transfer,out,Summer,NA,Primera Division,2014,2014/2015
Atlético de Madrid,Daniel Aranzubia,34,Goalkeeper,Retired,-,out,Summer,0,Primera Division,2014,2014/2015
Atlético de Madrid,Thibaut Courtois,22,Goalkeeper,Chelsea,"End of loanJun 30, 2014",out,Summer,0,Primera Division,2014,2014/2015
Atlético de Madrid,José Sosa,29,Central Midfield,Metalist,"End of loanJun 30, 2014",out,Summer,0,Primera Division,2014,2014/2015
FC Barcelona,Luis Suárez,27,Centre-Forward,Liverpool,£73.55m,in,Summer,73.55,Primera Division,2014,2014/2015
FC Barcelona,Jérémy Mathieu,30,Centre-Back,Valencia,£18.00m,in,Summer,18,Primera Division,2014,2014/2015
FC Barcelona,Thomas Vermaelen,28,Centre-Back,Arsenal,£17.10m,in,Summer,17.1,Primera Division,2014,2014/2015
FC Barcelona,Ivan Rakitic,26,Central Midfield,Sevilla FC,£16.20m,in,Summer,16.2,Primera Division,2014,2014/2015
FC Barcelona,Marc-André ter Stegen,22,Goalkeeper,Bor. M'gladbach,£10.80m,in,Summer,10.8,Primera Division,2014,2014/2015
FC Barcelona,Claudio Bravo,31,Goalkeeper,Real Sociedad,£10.80m,in,Summer,10.8,Primera Division,2014,2014/2015
FC Barcelona,Douglas,24,Right-Back,São Paulo,£3.60m,in,Summer,3.6,Primera Division,2014,2014/2015
FC Barcelona,Denis Suárez,20,Attacking Midfield,Barcelona B,-,in,Summer,0,Primera Division,2014,2014/2015
FC Barcelona,Jordi Masip,25,Goalkeeper,Barcelona B,-,in,Summer,0,Primera Division,2014,2014/2015
FC Barcelona,Rafinha,21,Attacking Midfield,Celta de Vigo,"End of loanJun 30, 2014",in,Summer,0,Primera Division,2014,2014/2015
FC Barcelona,Gerard Deulofeu,20,Left Winger,Everton,"End of loanJun 30, 2014",in,Summer,0,Primera Division,2014,2014/2015
FC Barcelona,Bojan Krkic,23,Second Striker,Ajax,"End of loanJun 30, 2014",in,Summer,0,Primera Division,2014,2014/2015
FC Barcelona,Keirrison,25,Centre-Forward,Coritiba FC,"End of loanJun 30, 2014",in,Summer,0,Primera Division,2014,2014/2015
FC Barcelona,Alexis Sánchez,25,Centre-Forward,Arsenal,£38.25m,out,Summer,38.25,Primera Division,2014,2014/2015
FC Barcelona,Cesc Fàbregas,27,Central Midfield,Chelsea,£29.70m,out,Summer,29.7,Primera Division,2014,2014/2015
FC Barcelona,Cristian Tello,22,Left Winger,FC Porto,Loan fee:£2.70m,out,Summer,2.7,Primera Division,2014,2014/2015
FC Barcelona,Bojan Krkic,23,Second Striker,Stoke City,£1.62m,out,Summer,1.62,Primera Division,2014,2014/2015
FC Barcelona,Jonathan dos Santos,24,Central Midfield,Villarreal,£1.35m,out,Summer,1.35,Primera Division,2014,2014/2015
FC Barcelona,Keirrison,25,Centre-Forward,Coritiba FC,free transfer,out,Summer,NA,Primera Division,2014,2014/2015
FC Barcelona,Oier Olazábal,24,Goalkeeper,Granada CF,free transfer,out,Summer,NA,Primera Division,2014,2014/2015
FC Barcelona,Isaac Cuenca,23,Left Winger,Dep. La Coruña,free transfer,out,Summer,NA,Primera Division,2014,2014/2015
FC Barcelona,Denis Suárez,20,Attacking Midfield,Sevilla FC,loan transfer,out,Summer,NA,Primera Division,2014,2014/2015
FC Barcelona,Ibrahim Afellay,28,Left Midfield,Olympiacos,loan transfer,out,Summer,NA,Primera Division,2014,2014/2015
FC Barcelona,Alex Song,26,Defensive Midfield,West Ham,loan transfer,out,Summer,NA,Primera Division,2014,2014/2015
FC Barcelona,Gerard Deulofeu,20,Left Winger,Sevilla FC,loan transfer,out,Summer,NA,Primera Division,2014,2014/2015
FC Barcelona,José Manuel Pinto,38,Goalkeeper,Retired,-,out,Summer,0,Primera Division,2014,2014/2015
FC Barcelona,Víctor Valdés,32,Goalkeeper,Without Club,-,out,Summer,0,Primera Division,2014,2014/2015
FC Barcelona,Carles Puyol,36,Centre-Back,Retired,-,out,Summer,0,Primera Division,2014,2014/2015
Real Madrid,James Rodríguez,23,Attacking Midfield,Monaco,£67.50m,in,Summer,67.5,Primera Division,2014,2014/2015
Real Madrid,Toni Kroos,24,Central Midfield,FC Bayern,£22.50m,in,Summer,22.5,Primera Division,2014,2014/2015
Real Madrid,Keylor Navas,27,Goalkeeper,Levante,£9.00m,in,Summer,9,Primera Division,2014,2014/2015
Real Madrid,Chicharito,26,Centre-Forward,Man Utd,Loan fee:£2.70m,in,Summer,2.7,Primera Division,2014,2014/2015
Real Madrid,Fernando Pacheco,22,Goalkeeper,RM Castilla,-,in,Summer,0,Primera Division,2014,2014/2015
Real Madrid,Nuri Sahin,25,Defensive Midfield,Bor. Dortmund,"End of loanJun 30, 2014",in,Summer,0,Primera Division,2014,2014/2015
Real Madrid,Denis Cheryshev,23,Left Winger,Sevilla FC,"End of loanJun 30, 2014",in,Summer,0,Primera Division,2014,2014/2015
Real Madrid,Ángel Di María,26,Right Winger,Man Utd,£67.50m,out,Summer,67.5,Primera Division,2014,2014/2015
Real Madrid,Álvaro Morata,21,Centre-Forward,Juventus,£18.00m,out,Summer,18,Primera Division,2014,2014/2015
Real Madrid,Xabi Alonso,32,Defensive Midfield,FC Bayern,£8.10m,out,Summer,8.1,Primera Division,2014,2014/2015
Real Madrid,Nuri Sahin,25,Defensive Midfield,Bor. Dortmund,£6.30m,out,Summer,6.3,Primera Division,2014,2014/2015
Real Madrid,Casemiro,22,Defensive Midfield,FC Porto,Loan fee:£1.08m,out,Summer,1.08,Primera Division,2014,2014/2015
Real Madrid,Jesús Fernández,26,Goalkeeper,Levante,£450Th.,out,Summer,0.45,Primera Division,2014,2014/2015
Real Madrid,Diego López,32,Goalkeeper,AC Milan,free transfer,out,Summer,NA,Primera Division,2014,2014/2015
Real Madrid,Denis Cheryshev,23,Left Winger,Villarreal,loan transfer,out,Summer,NA,Primera Division,2014,2014/2015
Athletic Bilbao,Borja Viguera,27,Centre-Forward,Alavés,£900Th.,in,Summer,0.9,Primera Division,2014,2014/2015
Athletic Bilbao,Kepa Arrizabalaga,19,Goalkeeper,Bilbao Athletic,-,in,Summer,0,Primera Division,2014,2014/2015
Athletic Bilbao,Unai Bustinza,22,Centre-Back,Bilbao Athletic,-,in,Summer,0,Primera Division,2014,2014/2015
Athletic Bilbao,Ager Aketxe,20,Attacking Midfield,Bilbao Athletic,-,in,Summer,0,Primera Division,2014,2014/2015
Athletic Bilbao,Unai López,18,Central Midfield,Bilbao Athletic,-,in,Summer,0,Primera Division,2014,2014/2015
Athletic Bilbao,Iker Guarrotxena,21,Left Winger,Bilbao Athletic,-,in,Summer,0,Primera Division,2014,2014/2015
Athletic Bilbao,Raúl Fernández,26,Goalkeeper,CD Numancia,"End of loanJun 30, 2014",in,Summer,0,Primera Division,2014,2014/2015
Athletic Bilbao,Jon Aurtenetxe,22,Centre-Back,Celta de Vigo,"End of loanJun 30, 2014",in,Summer,0,Primera Division,2014,2014/2015
Athletic Bilbao,Jonás Ramalho,21,Centre-Back,Girona,"End of loanJun 30, 2014",in,Summer,0,Primera Division,2014,2014/2015
Athletic Bilbao,Iñigo Ruiz de Galarreta,20,Central Midfield,CD Mirandés,"End of loanJun 30, 2014",in,Summer,0,Primera Division,2014,2014/2015
Athletic Bilbao,Ander Herrera,24,Central Midfield,Man Utd,£32.40m,out,Summer,32.4,Primera Division,2014,2014/2015
Athletic Bilbao,Raúl Fernández,26,Goalkeeper,Racing,free transfer,out,Summer,NA,Primera Division,2014,2014/2015
Athletic Bilbao,Iñigo Pérez,26,Central Midfield,CD Numancia,free transfer,out,Summer,NA,Primera Division,2014,2014/2015
Athletic Bilbao,Borja Ekiza,26,Centre-Back,SD Eibar,free transfer,out,Summer,NA,Primera Division,2014,2014/2015
Athletic Bilbao,Jonás Ramalho,21,Centre-Back,Girona,loan transfer,out,Summer,NA,Primera Division,2014,2014/2015
Athletic Bilbao,Iñigo Ruiz de Galarreta,21,Central Midfield,Real Zaragoza,loan transfer,out,Summer,NA,Primera Division,2014,2014/2015
Athletic Bilbao,Unai Albizua,25,Centre-Back,CD Tenerife,loan transfer,out,Summer,NA,Primera Division,2014,2014/2015
Athletic Bilbao,Iker Guarrotxena,21,Left Winger,CD Tenerife,loan transfer,out,Summer,NA,Primera Division,2014,2014/2015
Sevilla FC,Grzegorz Krychowiak,24,Defensive Midfield,Stade Reims,£4.95m,in,Summer,4.95,Primera Division,2014,2014/2015
Sevilla FC,Timothée Kolodziejczak,22,Centre-Back,OGC Nice,£2.70m,in,Summer,2.7,Primera Division,2014,2014/2015
Sevilla FC,Aleix Vidal,24,Right-Back,UD Almería,£2.70m,in,Summer,2.7,Primera Division,2014,2014/2015
Sevilla FC,Nicolás Pareja,30,Centre-Back,Spartak Moscow,£2.25m,in,Summer,2.25,Primera Division,2014,2014/2015
Sevilla FC,Benoît Trémoulinas,28,Left-Back,Dynamo Kyiv,£2.25m,in,Summer,2.25,Primera Division,2014,2014/2015
Sevilla FC,Éver Banega,26,Central Midfield,Valencia,£2.25m,in,Summer,2.25,Primera Division,2014,2014/2015
Sevilla FC,Daniel Carriço,25,Centre-Back,Reading,£1.62m,in,Summer,1.62,Primera Division,2014,2014/2015
Sevilla FC,Mariano Barbosa,29,Goalkeeper,UD Las Palmas,£135Th.,in,Summer,0.135,Primera Division,2014,2014/2015
Sevilla FC,Alejandro Arribas,25,Centre-Back,CA Osasuna,free transfer,in,Summer,NA,Primera Division,2014,2014/2015
Sevilla FC,Stéphane Mbia,28,Defensive Midfield,QPR,free transfer,in,Summer,NA,Primera Division,2014,2014/2015
Sevilla FC,Denis Suárez,20,Attacking Midfield,Barcelona,loan transfer,in,Summer,NA,Primera Division,2014,2014/2015
Sevilla FC,Gerard Deulofeu,20,Left Winger,Barcelona,loan transfer,in,Summer,NA,Primera Division,2014,2014/2015
Sevilla FC,Iago Aspas,26,Centre-Forward,Liverpool,loan transfer,in,Summer,NA,Primera Division,2014,2014/2015
Sevilla FC,Sergio Rico,20,Goalkeeper,Sevilla Atl.,-,in,Summer,0,Primera Division,2014,2014/2015
Sevilla FC,Diego Perotti,25,Left Winger,Boca Juniors,"End of loanJun 30, 2014",in,Summer,0,Primera Division,2014,2014/2015
Sevilla FC,Tiberio Guarente,28,Central Midfield,Chievo Verona,"End of loanJun 30, 2014",in,Summer,0,Primera Division,2014,2014/2015
Sevilla FC,Miroslav Stevanovic,23,Right Midfield,Alavés,"End of loanJun 30, 2014",in,Summer,0,Primera Division,2014,2014/2015
Sevilla FC,Bryan Rabello,20,Attacking Midfield,Dep. La Coruña,"End of loanJun 30, 2014",in,Summer,0,Primera Division,2014,2014/2015
Sevilla FC,Julián Cuesta,23,Goalkeeper,UD Almería,"End of loanJun 30, 2014",in,Summer,0,Primera Division,2014,2014/2015
Sevilla FC,Raul Rusescu,25,Centre-Forward,SC Braga,"End of loanJun 30, 2014",in,Summer,0,Primera Division,2014,2014/2015
Sevilla FC,Baba Diawara,26,Centre-Forward,Levante,"End of loanJun 30, 2014",in,Summer,0,Primera Division,2014,2014/2015
Sevilla FC,Javi Hervás,25,Central Midfield,Hércules CF,"End of loanJun 30, 2014",in,Summer,0,Primera Division,2014,2014/2015
Sevilla FC,Alberto Botía,25,Centre-Back,Elche CF,"End of loanJun 30, 2014",in,Summer,0,Primera Division,2014,2014/2015
Sevilla FC,Manu del Moral,30,Centre-Forward,Elche CF,"End of loanJun 30, 2014",in,Summer,0,Primera Division,2014,2014/2015
Sevilla FC,Alberto Moreno,22,Left-Back,Liverpool,£16.20m,out,Summer,16.2,Primera Division,2014,2014/2015
Sevilla FC,Ivan Rakitic,26,Central Midfield,Barcelona,£16.20m,out,Summer,16.2,Primera Division,2014,2014/2015
Sevilla FC,Federico Fazio,27,Centre-Back,Spurs,£9.00m,out,Summer,9,Primera Division,2014,2014/2015
Sevilla FC,Jairo Samperio,21,Left Winger,1.FSV Mainz 05,£1.98m,out,Summer,1.98,Primera Division,2014,2014/2015
Sevilla FC,Alberto Botía,25,Centre-Back,Olympiacos,£1.80m,out,Summer,1.8,Primera Division,2014,2014/2015
Sevilla FC,Diego Perotti,25,Left Winger,Genoa,£315Th.,out,Summer,0.315,Primera Division,2014,2014/2015
Sevilla FC,Javi Varas,31,Goalkeeper,Real Valladolid,free transfer,out,Summer,NA,Primera Division,2014,2014/2015
Sevilla FC,Raul Rusescu,26,Centre-Forward,Steaua Bukarest,loan transfer,out,Summer,NA,Primera Division,2014,2014/2015
Sevilla FC,Javi Hervás,25,Central Midfield,CE Sabadell,loan transfer,out,Summer,NA,Primera Division,2014,2014/2015
Sevilla FC,Julián Cuesta,23,Goalkeeper,UD Almería,?,out,Summer,NA,Primera Division,2014,2014/2015
Sevilla FC,Tiberio Guarente,28,Central Midfield,Empoli,?,out,Summer,NA,Primera Division,2014,2014/2015
Sevilla FC,Manu del Moral,30,Centre-Forward,SD Eibar,loan transfer,out,Summer,NA,Primera Division,2014,2014/2015
Sevilla FC,Bryan Rabello,20,Attacking Midfield,FC Luzern,loan transfer,out,Summer,NA,Primera Division,2014,2014/2015
Sevilla FC,Baba Diawara,26,Centre-Forward,Getafe,loan transfer,out,Summer,NA,Primera Division,2014,2014/2015
Sevilla FC,Miroslav Stevanovic,24,Right Midfield,Without Club,-,out,Summer,0,Primera Division,2014,2014/2015
Sevilla FC,Denis Cheryshev,23,Left Winger,Real Madrid,"End of loanJun 30, 2014",out,Summer,0,Primera Division,2014,2014/2015
Sevilla FC,Stéphane Mbia,28,Defensive Midfield,QPR,"End of loanJun 30, 2014",out,Summer,0,Primera Division,2014,2014/2015
Sevilla FC,Daniel Carriço,25,Centre-Back,Reading,"End of loanJun 30, 2014",out,Summer,0,Primera Division,2014,2014/2015
Sevilla FC,Nicolás Pareja,30,Centre-Back,Spartak Moscow,"End of loanJun 30, 2014",out,Summer,0,Primera Division,2014,2014/2015
Sevilla FC,Marko Marin,25,Attacking Midfield,Chelsea,"End of loanJun 30, 2014",out,Summer,0,Primera Division,2014,2014/2015
Villarreal CF,Luciano Vietto,20,Left Winger,Racing Club,£4.95m,in,Summer,4.95,Primera Division,2014,2014/2015
Villarreal CF,Sergio Asenjo,25,Goalkeeper,Atlético Madrid,£4.50m,in,Summer,4.5,Primera Division,2014,2014/2015
Villarreal CF,Jonathan dos Santos,24,Central Midfield,Barcelona,£1.35m,in,Summer,1.35,Primera Division,2014,2014/2015
Villarreal CF,Javier Espinosa,21,Central Midfield,Barcelona B,free transfer,in,Summer,NA,Primera Division,2014,2014/2015
Villarreal CF,Antonio Rukavina,30,Right-Back,Real Valladolid,free transfer,in,Summer,NA,Primera Division,2014,2014/2015
Villarreal CF,Denis Cheryshev,23,Left Winger,Real Madrid,loan transfer,in,Summer,NA,Primera Division,2014,2014/2015
Villarreal CF,Víctor Ruiz,25,Centre-Back,Valencia,loan transfer,in,Summer,NA,Primera Division,2014,2014/2015
Villarreal CF,Hernán Pérez,25,Right Winger,Olympiacos,"End of loanJun 30, 2014",in,Summer,0,Primera Division,2014,2014/2015
Villarreal CF,Gerard Moreno,22,Centre-Forward,RCD Mallorca,"End of loanJun 30, 2014",in,Summer,0,Primera Division,2014,2014/2015
Villarreal CF,Florian Lejeune,23,Centre-Back,Stade Brestois,"End of loanJun 30, 2014",in,Summer,0,Primera Division,2014,2014/2015
Villarreal CF,Jonathan de Guzmán,26,Central Midfield,Swansea,"End of loanJun 30, 2014",in,Summer,0,Primera Division,2014,2014/2015
Villarreal CF,Jonathan de Guzmán,26,Central Midfield,SSC Napoli,£5.40m,out,Summer,5.4,Primera Division,2014,2014/2015
Villarreal CF,Jérémy Perbet,29,Centre-Forward,Basaksehir,£1.35m,out,Summer,1.35,Primera Division,2014,2014/2015
Villarreal CF,Florian Lejeune,23,Centre-Back,Girona,free transfer,out,Summer,NA,Primera Division,2014,2014/2015
Villarreal CF,Pablo Iñiguez,20,Centre-Back,Girona,loan transfer,out,Summer,NA,Primera Division,2014,2014/2015
Villarreal CF,Aleksandar Pantic,22,Centre-Back,Córdoba CF,loan transfer,out,Summer,NA,Primera Division,2014,2014/2015
Villarreal CF,Jonathan Pereira,27,Centre-Forward,Rayo Vallecano,loan transfer,out,Summer,NA,Primera Division,2014,2014/2015
Villarreal CF,Javier Aquino,24,Left Winger,Rayo Vallecano,loan transfer,out,Summer,NA,Primera Division,2014,2014/2015
Villarreal CF,Óliver Torres,19,Central Midfield,Atlético Madrid,"End of loanJun 30, 2014",out,Summer,0,Primera Division,2014,2014/2015
Villarreal CF,Joan Román,21,Left Winger,Barcelona B,"End of loanJun 30, 2014",out,Summer,0,Primera Division,2014,2014/2015
Villarreal CF,Sergio Asenjo,25,Goalkeeper,Atlético Madrid,"End of loanJun 30, 2014",out,Summer,0,Primera Division,2014,2014/2015
Real Sociedad,Alfred Finnbogason,25,Centre-Forward,Heerenveen,£7.20m,in,Summer,7.2,Primera Division,2014,2014/2015
Real Sociedad,Esteban Granero,27,Central Midfield,QPR,£3.60m,in,Summer,3.6,Primera Division,2014,2014/2015
Real Sociedad,Raúl Navas,26,Centre-Back,SD Eibar,free transfer,in,Summer,NA,Primera Division,2014,2014/2015
Real Sociedad,Iñaki Urkizu,24,Right-Back,Sestao River,?,in,Summer,NA,Primera Division,2014,2014/2015
Real Sociedad,Gerónimo Rulli,22,Goalkeeper,Maldonado,loan transfer,in,Summer,NA,Primera Division,2014,2014/2015
Real Sociedad,Pablo Hervías,21,Right Winger,Real Sociedad B,-,in,Summer,0,Primera Division,2014,2014/2015
Real Sociedad,Joseba Zaldua,22,Right-Back,Real Sociedad B,-,in,Summer,0,Primera Division,2014,2014/2015
Real Sociedad,Jon Gaztañaga,23,Central Midfield,Real Sociedad B,-,in,Summer,0,Primera Division,2014,2014/2015
Real Sociedad,Iñaki Urkizu,24,Right-Back,Real Unión,"End of loanJun 30, 2015",in,Summer,0,Primera Division,2014,2014/2015
Real Sociedad,Diego Ifrán,27,Centre-Forward,Dep. La Coruña,"End of loanJun 30, 2014",in,Summer,0,Primera Division,2014,2014/2015
Real Sociedad,Liassine Cadamuro,26,Centre-Back,RCD Mallorca,"End of loanJun 30, 2014",in,Summer,0,Primera Division,2014,2014/2015
Real Sociedad,Óscar Vega,27,Attacking Midfield,Real Unión,"End of loanJun 30, 2014",in,Summer,0,Primera Division,2014,2014/2015
Real Sociedad,Mikel Abaroa,25,Attacking Midfield,Real Unión,"End of loanJun 30, 2014",in,Summer,0,Primera Division,2014,2014/2015
Real Sociedad,Yuri Berchiche,24,Left-Back,SD Eibar,"End of loanJun 30, 2014",in,Summer,0,Primera Division,2014,2014/2015
Real Sociedad,Antoine Griezmann,23,Second Striker,Atlético Madrid,£48.60m,out,Summer,48.6,Primera Division,2014,2014/2015
Real Sociedad,Claudio Bravo,31,Goalkeeper,Barcelona,£10.80m,out,Summer,10.8,Primera Division,2014,2014/2015
Real Sociedad,Haris Seferovic,22,Centre-Forward,E. Frankfurt,£2.88m,out,Summer,2.88,Primera Division,2014,2014/2015
Real Sociedad,Javi Ros,24,Central Midfield,RCD Mallorca,free transfer,out,Summer,NA,Primera Division,2014,2014/2015
Real Sociedad,Mikel Abaroa,25,Attacking Midfield,UD Logroñés,free transfer,out,Summer,NA,Primera Division,2014,2014/2015
Real Sociedad,Liassine Cadamuro,26,Centre-Back,CA Osasuna,loan transfer,out,Summer,NA,Primera Division,2014,2014/2015
Real Sociedad,Diego Ifrán,27,Centre-Forward,CD Tenerife,loan transfer,out,Summer,NA,Primera Division,2014,2014/2015
Real Sociedad,Raúl Navas,26,Centre-Back,SD Eibar,loan transfer,out,Summer,NA,Primera Division,2014,2014/2015
Real Sociedad,Iñaki Urkizu,24,Right-Back,Real Unión,loan transfer,out,Summer,NA,Primera Division,2014,2014/2015
Real Sociedad,Pablo Hervías,22,Right Winger,CA Osasuna,loan transfer,out,Summer,NA,Primera Division,2014,2014/2015
Real Sociedad,Óscar Vega,27,Attacking Midfield,Without Club,-,out,Summer,0,Primera Division,2014,2014/2015
Real Sociedad,Esteban Granero,26,Central Midfield,QPR,"End of loanJun 30, 2014",out,Summer,0,Primera Division,2014,2014/2015
Real Sociedad,Cote,24,Left-Back,AS Roma,"End of loanJun 30, 2014",out,Summer,0,Primera Division,2014,2014/2015
Valencia CF,Nicolás Otamendi,26,Centre-Back,FC Porto,£10.80m,in,Summer,10.8,Primera Division,2014,2014/2015
Valencia CF,Shkodran Mustafi,22,Centre-Back,Sampdoria,£7.20m,in,Summer,7.2,Primera Division,2014,2014/2015
Valencia CF,Rodrigo de Paul,20,Central Midfield,Racing Club,£5.90m,in,Summer,5.9,Primera Division,2014,2014/2015
Valencia CF,Lucas Orbán,25,Centre-Back,G. Bordeaux,£3.15m,in,Summer,3.15,Primera Division,2014,2014/2015
Valencia CF,Yoel Rodríguez,25,Goalkeeper,Celta de Vigo,loan transfer,in,Summer,NA,Primera Division,2014,2014/2015
Valencia CF,André Gomes,20,Central Midfield,Benfica,loan transfer,in,Summer,NA,Primera Division,2014,2014/2015
Valencia CF,Rodrigo,23,Second Striker,Benfica,loan transfer,in,Summer,NA,Primera Division,2014,2014/2015
Valencia CF,João Cancelo,20,Right-Back,Benfica,loan transfer,in,Summer,NA,Primera Division,2014,2014/2015
Valencia CF,Bruno Zuculini,21,Defensive Midfield,Man City,loan transfer,in,Summer,NA,Primera Division,2014,2014/2015
Valencia CF,Filipe Augusto,21,Defensive Midfield,Rio Ave FC,loan transfer,in,Summer,NA,Primera Division,2014,2014/2015
Valencia CF,Álvaro Negredo,29,Centre-Forward,Man City,loan transfer,in,Summer,NA,Primera Division,2014,2014/2015
Valencia CF,Rober Ibáñez,21,Right Winger,Valencia B,-,in,Summer,0,Primera Division,2014,2014/2015
Valencia CF,Carles Gil,21,Attacking Midfield,Valencia B,-,in,Summer,0,Primera Division,2014,2014/2015
Valencia CF,José Gayà,19,Left-Back,Valencia B,-,in,Summer,0,Primera Division,2014,2014/2015
Valencia CF,Éver Banega,26,Central Midfield,Newell's,"End of loanJun 30, 2014",in,Summer,0,Primera Division,2014,2014/2015
Valencia CF,Andrés Guardado,27,Central Midfield,Bay. Leverkusen,"End of loanJun 30, 2014",in,Summer,0,Primera Division,2014,2014/2015
Valencia CF,Hélder Postiga,31,Centre-Forward,Lazio,"End of loanJun 30, 2014",in,Summer,0,Primera Division,2014,2014/2015
Valencia CF,Dorlan Pabón,26,Right Winger,São Paulo,"End of loanJun 30, 2014",in,Summer,0,Primera Division,2014,2014/2015
Valencia CF,Adil Rami,28,Centre-Back,AC Milan,"End of loanJun 30, 2014",in,Summer,0,Primera Division,2014,2014/2015
Valencia CF,Jonathan Viera,24,Attacking Midfield,Rayo Vallecano,"End of loanJun 30, 2014",in,Summer,0,Primera Division,2014,2014/2015
Valencia CF,Aly Cissokho,26,Centre-Back,Liverpool,"End of loanJun 30, 2014",in,Summer,0,Primera Division,2014,2014/2015
Valencia CF,Jérémy Mathieu,30,Centre-Back,Barcelona,£18.00m,out,Summer,18,Primera Division,2014,2014/2015
Valencia CF,Juan Bernat,21,Left-Back,FC Bayern,£9.00m,out,Summer,9,Primera Division,2014,2014/2015
Valencia CF,Dorlan Pabón,26,Right Winger,Monterrey,£5.40m,out,Summer,5.4,Primera Division,2014,2014/2015
Valencia CF,Adil Rami,28,Centre-Back,AC Milan,£3.83m,out,Summer,3.83,Primera Division,2014,2014/2015
Valencia CF,Aly Cissokho,26,Centre-Back,Aston Villa,£2.25m,out,Summer,2.25,Primera Division,2014,2014/2015
Valencia CF,Éver Banega,26,Central Midfield,Sevilla FC,£2.25m,out,Summer,2.25,Primera Division,2014,2014/2015
Valencia CF,Jonathan Viera,24,Attacking Midfield,Standard Liège,£1.80m,out,Summer,1.8,Primera Division,2014,2014/2015
Valencia CF,Vicente Guaita,27,Goalkeeper,Getafe,free transfer,out,Summer,NA,Primera Division,2014,2014/2015
Valencia CF,Seydou Keita,34,Central Midfield,AS Roma,free transfer,out,Summer,NA,Primera Division,2014,2014/2015
Valencia CF,Philippe Senderos,29,Centre-Back,Aston Villa,free transfer,out,Summer,NA,Primera Division,2014,2014/2015
Valencia CF,Hélder Postiga,32,Centre-Forward,Dep. La Coruña,free transfer,out,Summer,NA,Primera Division,2014,2014/2015
Valencia CF,Ricardo Costa,33,Centre-Back,Al-Sailiya SC,free transfer,out,Summer,NA,Primera Division,2014,2014/2015
Valencia CF,Míchel Herrero,25,Central Midfield,Getafe,loan transfer,out,Summer,NA,Primera Division,2014,2014/2015
Valencia CF,Víctor Ruiz,25,Centre-Back,Villarreal,loan transfer,out,Summer,NA,Primera Division,2014,2014/2015
Valencia CF,Fede Cartabia,21,Right Winger,Córdoba CF,loan transfer,out,Summer,NA,Primera Division,2014,2014/2015
Valencia CF,Vinícius Araújo,21,Centre-Forward,Standard Liège,loan transfer,out,Summer,NA,Primera Division,2014,2014/2015
Valencia CF,Andrés Guardado,27,Central Midfield,PSV Eindhoven,loan transfer,out,Summer,NA,Primera Division,2014,2014/2015
Valencia CF,Jonas,30,Second Striker,Without Club,-,out,Summer,0,Primera Division,2014,2014/2015
Valencia CF,Eduardo Vargas,24,Second Striker,SSC Napoli,"End of loanJun 30, 2014",out,Summer,0,Primera Division,2014,2014/2015
Valencia CF,Oriol Romeu,22,Defensive Midfield,Chelsea,"End of loanJun 30, 2014",out,Summer,0,Primera Division,2014,2014/2015
UD Almería,Mauro dos Santos,25,Centre-Back,Real Murcia,free transfer,in,Summer,NA,Primera Division,2014,2014/2015
UD Almería,Quique González,24,Centre-Forward,CD Guadalajara,free transfer,in,Summer,NA,Primera Division,2014,2014/2015
UD Almería,Tomer Hemed,27,Centre-Forward,RCD Mallorca,free transfer,in,Summer,NA,Primera Division,2014,2014/2015
UD Almería,Rubén Martínez,30,Goalkeeper,Rayo Vallecano,free transfer,in,Summer,NA,Primera Division,2014,2014/2015
UD Almería,Ximo Navarro,24,Right-Back,RCD Mallorca,free transfer,in,Summer,NA,Primera Division,2014,2014/2015
UD Almería,Thievy Bifouma,22,Right Winger,Espanyol,loan transfer,in,Summer,NA,Primera Division,2014,2014/2015
UD Almería,Wellington Silva,21,Right Winger,Arsenal,loan transfer,in,Summer,NA,Primera Division,2014,2014/2015
UD Almería,Julián Cuesta,23,Goalkeeper,Sevilla FC,?,in,Summer,NA,Primera Division,2014,2014/2015
UD Almería,Teerasil Dangda,26,Centre-Forward,Muangthong Utd.,loan transfer,in,Summer,NA,Primera Division,2014,2014/2015
UD Almería,Thomas Partey,21,Defensive Midfield,Atl. Madrid B,loan transfer,in,Summer,NA,Primera Division,2014,2014/2015
UD Almería,Fran Vélez,23,Centre-Back,UD Almería B,-,in,Summer,0,Primera Division,2014,2014/2015
UD Almería,Raúl Carnero,25,Left-Back,Alavés,"End of loanJun 30, 2014",in,Summer,0,Primera Division,2014,2014/2015
UD Almería,Edgar Méndez,24,Right Winger,CD Tenerife,"End of loanJun 30, 2014",in,Summer,0,Primera Division,2014,2014/2015
UD Almería,Michel Macedo,24,Right-Back,Atlético-MG,"End of loanJun 30, 2014",in,Summer,0,Primera Division,2014,2014/2015
UD Almería,Aleix Vidal,24,Right-Back,Sevilla FC,£2.70m,out,Summer,2.7,Primera Division,2014,2014/2015
UD Almería,Marcelo Silva,25,Centre-Back,UD Las Palmas,free transfer,out,Summer,NA,Primera Division,2014,2014/2015
UD Almería,Raúl Carnero,25,Left-Back,Alavés,free transfer,out,Summer,NA,Primera Division,2014,2014/2015
UD Almería,Óscar Díaz,30,Centre-Forward,Real Valladolid,free transfer,out,Summer,NA,Primera Division,2014,2014/2015
UD Almería,Rafita,31,Right-Back,Real Murcia,free transfer,out,Summer,NA,Primera Division,2014,2014/2015
UD Almería,Marcos Tébar,28,Defensive Midfield,Brentford,free transfer,out,Summer,NA,Primera Division,2014,2014/2015
UD Almería,Esteban,39,Goalkeeper,Real Oviedo,free transfer,out,Summer,NA,Primera Division,2014,2014/2015
UD Almería,Julián Cuesta,23,Goalkeeper,Sevilla FC,"End of loanJun 30, 2014",out,Summer,0,Primera Division,2014,2014/2015
UD Almería,Hans Martínez,27,Centre-Back,CDUC,"End of loanJun 30, 2014",out,Summer,0,Primera Division,2014,2014/2015
UD Almería,Hélder Barbosa,27,Left Winger,SC Braga,"End of loanJun 30, 2014",out,Summer,0,Primera Division,2014,2014/2015
UD Almería,Marco Torsiglieri,26,Centre-Back,Metalist,"End of loanJun 30, 2014",out,Summer,0,Primera Division,2014,2014/2015
UD Almería,Nélson,31,Right-Back,US Palermo,"End of loanJun 30, 2014",out,Summer,0,Primera Division,2014,2014/2015
UD Almería,Suso,20,Right Winger,Liverpool,"End of loanJun 30, 2014",out,Summer,0,Primera Division,2014,2014/2015
UD Almería,Rodri Ríos,24,Centre-Forward,Barcelona B,"End of loanJun 30, 2014",out,Summer,0,Primera Division,2014,2014/2015
UD Almería,Wellington Silva,22,Right Winger,Arsenal,"End of loanMay 31, 2015",out,Summer,0,Primera Division,2014,2014/2015
Rayo Vallecano,Johan Mojica,21,Left-Back,Deportivo Cali,£450Th.,in,Summer,0.45,Primera Division,2014,2014/2015
Rayo Vallecano,Derek Boateng,31,Defensive Midfield,Fulham,free transfer,in,Summer,NA,Primera Division,2014,2014/2015
Rayo Vallecano,Jorge Morcillo,28,Centre-Back,Recr. Huelva,free transfer,in,Summer,NA,Primera Division,2014,2014/2015
Rayo Vallecano,Jozabed Sánchez,23,Central Midfield,Real Jaén CF,free transfer,in,Summer,NA,Primera Division,2014,2014/2015
Rayo Vallecano,Manucho,31,Centre-Forward,Real Valladolid,free transfer,in,Summer,NA,Primera Division,2014,2014/2015
Rayo Vallecano,Diego Aguirre,23,Left-Back,CD Toledo,free transfer,in,Summer,NA,Primera Division,2014,2014/2015
Rayo Vallecano,Quini,24,Right-Back,RM Castilla,free transfer,in,Summer,NA,Primera Division,2014,2014/2015
Rayo Vallecano,Antonio Amaya,31,Centre-Back,Real Betis,free transfer,in,Summer,NA,Primera Division,2014,2014/2015
Rayo Vallecano,Álex Moreno,21,Left-Back,RCD Mallorca B,free transfer,in,Summer,NA,Primera Division,2014,2014/2015
Rayo Vallecano,Alejandro Pozuelo,22,Attacking Midfield,Swansea,free transfer,in,Summer,NA,Primera Division,2014,2014/2015
Rayo Vallecano,Toño,34,Goalkeeper,Elche CF,free transfer,in,Summer,NA,Primera Division,2014,2014/2015
Rayo Vallecano,Licá,25,Left Winger,FC Porto,loan transfer,in,Summer,NA,Primera Division,2014,2014/2015
Rayo Vallecano,Abdoulaye Ba,23,Centre-Back,FC Porto,loan transfer,in,Summer,NA,Primera Division,2014,2014/2015
Rayo Vallecano,Mohammed Fatau,21,Defensive Midfield,Recre Granada,loan transfer,in,Summer,NA,Primera Division,2014,2014/2015
Rayo Vallecano,Cristian Álvarez,28,Goalkeeper,San Lorenzo,loan transfer,in,Summer,NA,Primera Division,2014,2014/2015
Rayo Vallecano,Javier Aquino,24,Left Winger,Villarreal,loan transfer,in,Summer,NA,Primera Division,2014,2014/2015
Rayo Vallecano,Jonathan Pereira,27,Centre-Forward,Villarreal,loan transfer,in,Summer,NA,Primera Division,2014,2014/2015
Rayo Vallecano,Leo Baptistão,21,Centre-Forward,Atlético Madrid,loan transfer,in,Summer,NA,Primera Division,2014,2014/2015
Rayo Vallecano,Gaël Kakuta,23,Attacking Midfield,Chelsea,loan transfer,in,Summer,NA,Primera Division,2014,2014/2015
Rayo Vallecano,Emiliano Insúa,25,Centre-Back,Atlético Madrid,loan transfer,in,Summer,NA,Primera Division,2014,2014/2015
Rayo Vallecano,Adrián Embarba,22,Right Winger,Rayo B,-,in,Summer,0,Primera Division,2014,2014/2015
Rayo Vallecano,José Carlos,26,Attacking Midfield,Córdoba CF,free transfer,out,Summer,NA,Primera Division,2014,2014/2015
Rayo Vallecano,Joaquín Larrivey,29,Centre-Forward,Celta de Vigo,free transfer,out,Summer,NA,Primera Division,2014,2014/2015
Rayo Vallecano,Adrián González,26,Central Midfield,Elche CF,free transfer,out,Summer,NA,Primera Division,2014,2014/2015
Rayo Vallecano,Razvan Rat,33,Left-Back,PAOK Salonika,free transfer,out,Summer,NA,Primera Division,2014,2014/2015
Rayo Vallecano,Rubén Martínez,30,Goalkeeper,UD Almería,free transfer,out,Summer,NA,Primera Division,2014,2014/2015
Rayo Vallecano,Alejandro Gálvez,25,Centre-Back,Werder Bremen,free transfer,out,Summer,NA,Primera Division,2014,2014/2015
Rayo Vallecano,Alberto Perea,23,Left Winger,Llagostera,free transfer,out,Summer,NA,Primera Division,2014,2014/2015
Rayo Vallecano,Sebastián Fernández,29,Second Striker,Nacional,free transfer,out,Summer,NA,Primera Division,2014,2014/2015
Rayo Vallecano,Derek Boateng,31,Defensive Midfield,SD Eibar,free transfer,out,Summer,NA,Primera Division,2014,2014/2015
Rayo Vallecano,Diego Aguirre,23,Left-Back,CD Leganés,loan transfer,out,Summer,NA,Primera Division,2014,2014/2015
Rayo Vallecano,Anaitz Arbilla,27,Centre-Back,Espanyol,?,out,Summer,NA,Primera Division,2014,2014/2015
Rayo Vallecano,Johan Mojica,21,Left-Back,Real Valladolid,loan transfer,out,Summer,NA,Primera Division,2014,2014/2015
Rayo Vallecano,Nery Castillo,30,Right Winger,Retired,-,out,Summer,0,Primera Division,2014,2014/2015
Rayo Vallecano,Leonel Galeano,22,Centre-Back,Without Club,-,out,Summer,0,Primera Division,2014,2014/2015
Rayo Vallecano,Borja López,20,Centre-Back,Monaco,"End of loanJun 30, 2014",out,Summer,0,Primera Division,2014,2014/2015
Rayo Vallecano,Samuele Longo,22,Centre-Forward,Inter,"End of loanJun 30, 2014",out,Summer,0,Primera Division,2014,2014/2015
Rayo Vallecano,Rubén Rochina,23,Right Winger,Blackburn,"End of loanJun 30, 2014",out,Summer,0,Primera Division,2014,2014/2015
Rayo Vallecano,Jonathan Viera,24,Attacking Midfield,Valencia,"End of loanJun 30, 2014",out,Summer,0,Primera Division,2014,2014/2015
Rayo Vallecano,Iago Falque,24,Right Winger,Spurs,"End of loanJun 30, 2014",out,Summer,0,Primera Division,2014,2014/2015
Rayo Vallecano,Christian Cueva,22,Attacking Midfield,Española,"End of loanJun 30, 2014",out,Summer,0,Primera Division,2014,2014/2015
Rayo Vallecano,Saúl Ñíguez,19,Central Midfield,Atlético Madrid,"End of loanJun 30, 2014",out,Summer,0,Primera Division,2014,2014/2015
Rayo Vallecano,Johan Mojica,21,Left-Back,Deportivo Cali,"End of loanJun 30, 2014",out,Summer,0,Primera Division,2014,2014/2015
Celta de Vigo,Pablo Hernández,27,Central Midfield,O'Higgins,£1.44m,in,Summer,1.44,Primera Division,2014,2014/2015
Celta de Vigo,Nemanja Radoja,21,Defensive Midfield,Vojvodina,£810Th.,in,Summer,0.81,Primera Division,2014,2014/2015
Celta de Vigo,Sergi Gómez,22,Centre-Back,Barcelona B,£90Th.,in,Summer,0.09,Primera Division,2014,2014/2015
Celta de Vigo,Gustavo Cabral,28,Centre-Back,Arsenal Sarandí,free transfer,in,Summer,NA,Primera Division,2014,2014/2015
Celta de Vigo,Joaquín Larrivey,29,Centre-Forward,Rayo Vallecano,free transfer,in,Summer,NA,Primera Division,2014,2014/2015
Celta de Vigo,Carles Planas,23,Left-Back,Barcelona B,?,in,Summer,NA,Primera Division,2014,2014/2015
Celta de Vigo,Rubén Blanco,18,Goalkeeper,Celta Vigo B,-,in,Summer,0,Primera Division,2014,2014/2015
Celta de Vigo,Samuel Llorca,29,Centre-Back,Alavés,"End of loanJun 30, 2014",in,Summer,0,Primera Division,2014,2014/2015
Celta de Vigo,Jonathan Vila,28,Central Midfield,B. Jerusalem,"End of loanJun 30, 2014",in,Summer,0,Primera Division,2014,2014/2015
Celta de Vigo,Jota Peleteiro,23,Right Winger,SD Eibar,"End of loanJun 30, 2014",in,Summer,0,Primera Division,2014,2014/2015
Celta de Vigo,Cristian Bustos,31,Central Midfield,Sporting Gijón,"End of loanJun 30, 2014",in,Summer,0,Primera Division,2014,2014/2015
Celta de Vigo,Jota Peleteiro,23,Right Winger,Brentford,£1.35m,out,Summer,1.35,Primera Division,2014,2014/2015
Celta de Vigo,Jonathan Vila,28,Central Midfield,Real Oviedo,free transfer,out,Summer,NA,Primera Division,2014,2014/2015
Celta de Vigo,Cristian Bustos,31,Central Midfield,RCD Mallorca,free transfer,out,Summer,NA,Primera Division,2014,2014/2015
Celta de Vigo,Samuel Llorca,29,Centre-Back,Real Valladolid,loan transfer,out,Summer,NA,Primera Division,2014,2014/2015
Celta de Vigo,Yoel Rodríguez,25,Goalkeeper,Valencia,loan transfer,out,Summer,NA,Primera Division,2014,2014/2015
Celta de Vigo,Mario Bermejo,35,Second Striker,Retired,-,out,Summer,0,Primera Division,2014,2014/2015
Celta de Vigo,Welliton,27,Centre-Forward,Spartak Moscow,"End of loanJun 30, 2014",out,Summer,0,Primera Division,2014,2014/2015
Celta de Vigo,Gustavo Cabral,28,Centre-Back,Arsenal Sarandí,"End of loanJun 30, 2014",out,Summer,0,Primera Division,2014,2014/2015
Celta de Vigo,Iñigo López,31,Centre-Back,PAOK Salonika,"End of loanJun 30, 2014",out,Summer,0,Primera Division,2014,2014/2015
Celta de Vigo,Jon Aurtenetxe,22,Centre-Back,Athletic,"End of loanJun 30, 2014",out,Summer,0,Primera Division,2014,2014/2015
Celta de Vigo,Rafinha,21,Attacking Midfield,Barcelona,"End of loanJun 30, 2014",out,Summer,0,Primera Division,2014,2014/2015
Deportivo de La Coruña,Lucas Pérez,25,Centre-Forward,PAOK Salonika,Loan fee:£1.08m,in,Summer,1.08,Primera Division,2014,2014/2015
Deportivo de La Coruña,Modibo Diakité,27,Centre-Back,Sunderland,free transfer,in,Summer,NA,Primera Division,2014,2014/2015
Deportivo de La Coruña,Hélder Postiga,32,Centre-Forward,Valencia,free transfer,in,Summer,NA,Primera Division,2014,2014/2015
Deportivo de La Coruña,Haris Medunjanin,29,Central Midfield,Gaziantepspor,free transfer,in,Summer,NA,Primera Division,2014,2014/2015
Deportivo de La Coruña,Isaac Cuenca,23,Left Winger,Barcelona,free transfer,in,Summer,NA,Primera Division,2014,2014/2015
Deportivo de La Coruña,José Rodríguez,19,Central Midfield,RM Castilla,loan transfer,in,Summer,NA,Primera Division,2014,2014/2015
Deportivo de La Coruña,Ivan Cavaleiro,20,Right Winger,Benfica,loan transfer,in,Summer,NA,Primera Division,2014,2014/2015
Deportivo de La Coruña,Juanfran,25,Right-Back,Watford,loan transfer,in,Summer,NA,Primera Division,2014,2014/2015
Deportivo de La Coruña,Sidnei,25,Centre-Back,Benfica,loan transfer,in,Summer,NA,Primera Division,2014,2014/2015
Deportivo de La Coruña,Roberto Canella,26,Left-Back,Sporting Gijón,loan transfer,in,Summer,NA,Primera Division,2014,2014/2015
Deportivo de La Coruña,Luis Fariña,23,Attacking Midfield,Benfica,loan transfer,in,Summer,NA,Primera Division,2014,2014/2015
Deportivo de La Coruña,Rudy,25,Central Midfield,Belenenses,"End of loanJun 30, 2014",in,Summer,0,Primera Division,2014,2014/2015
Deportivo de La Coruña,Rudy,25,Central Midfield,Skoda Xanthi,free transfer,out,Summer,NA,Primera Division,2014,2014/2015
Deportivo de La Coruña,Antonio Núñez,35,Right Winger,Recr. Huelva,free transfer,out,Summer,NA,Primera Division,2014,2014/2015
Deportivo de La Coruña,Luis Fernández,20,Centre-Forward,CD Lugo,loan transfer,out,Summer,NA,Primera Division,2014,2014/2015
Deportivo de La Coruña,Carlos Marchena,34,Centre-Back,Without Club,-,out,Summer,0,Primera Division,2014,2014/2015
Deportivo de La Coruña,Javier Arizmendi,30,Centre-Forward,Retired,-,out,Summer,0,Primera Division,2014,2014/2015
Deportivo de La Coruña,Diego Ifrán,27,Centre-Forward,Real Sociedad,"End of loanJun 30, 2014",out,Summer,0,Primera Division,2014,2014/2015
Deportivo de La Coruña,Ibrahim Sissoko,22,Attacking Midfield,VfL Wolfsburg,"End of loanJun 30, 2014",out,Summer,0,Primera Division,2014,2014/2015
Deportivo de La Coruña,Bryan Rabello,20,Attacking Midfield,Sevilla FC,"End of loanJun 30, 2014",out,Summer,0,Primera Division,2014,2014/2015
Deportivo de La Coruña,Borja Bastón,22,Centre-Forward,Atlético Madrid,"End of loanAug 27, 2014",out,Summer,0,Primera Division,2014,2014/2015
SD Eibar,Dani Nieto,23,Left Winger,Barcelona B,£135Th.,in,Summer,0.135,Primera Division,2014,2014/2015
SD Eibar,Derek Boateng,31,Defensive Midfield,Rayo Vallecano,free transfer,in,Summer,NA,Primera Division,2014,2014/2015
SD Eibar,Jaime Jiménez,33,Goalkeeper,Real Valladolid,free transfer,in,Summer,NA,Primera Division,2014,2014/2015
SD Eibar,Ángel Rodríguez,27,Centre-Forward,Levante,free transfer,in,Summer,NA,Primera Division,2014,2014/2015
SD Eibar,Dani García,24,Central Midfield,Real Sociedad B,free transfer,in,Summer,NA,Primera Division,2014,2014/2015
SD Eibar,Borja Ekiza,26,Centre-Back,Athletic,free transfer,in,Summer,NA,Primera Division,2014,2014/2015
SD Eibar,Dejan Lekic,29,Centre-Forward,Genclerbirligi,free transfer,in,Summer,NA,Primera Division,2014,2014/2015
SD Eibar,Saúl Berjón,28,Left Winger,Real Murcia,free transfer,in,Summer,NA,Primera Division,2014,2014/2015
SD Eibar,Ander Franco,25,Centre-Forward,Haro Deportivo,free transfer,in,Summer,NA,Primera Division,2014,2014/2015
SD Eibar,Josu Ozkoidi,24,Left-Back,Real Sociedad B,free transfer,in,Summer,NA,Primera Division,2014,2014/2015
SD Eibar,Raúl Navas,26,Centre-Back,Real Sociedad,loan transfer,in,Summer,NA,Primera Division,2014,2014/2015
SD Eibar,Javi Lara,28,Attacking Midfield,Ponferradina,£11Th.,in,Summer,0.011,Primera Division,2014,2014/2015
SD Eibar,Aitor Ortega,21,Attacking Midfield,Arenas Club,?,in,Summer,NA,Primera Division,2014,2014/2015
SD Eibar,Abraham Minero,28,Left-Back,Real Zaragoza,loan transfer,in,Summer,NA,Primera Division,2014,2014/2015
SD Eibar,Federico Piovaccari,29,Centre-Forward,Sampdoria,loan transfer,in,Summer,NA,Primera Division,2014,2014/2015
SD Eibar,Manu del Moral,30,Centre-Forward,Sevilla FC,loan transfer,in,Summer,NA,Primera Division,2014,2014/2015
SD Eibar,Dídac Vilà,25,Left-Back,AC Milan,loan transfer,in,Summer,NA,Primera Division,2014,2014/2015
SD Eibar,Julen Iriarte,22,Centre-Forward,UD Logroñés,"End of loanJun 30, 2014",in,Summer,0,Primera Division,2014,2014/2015
SD Eibar,Diego Jiménez,35,Central Midfield,Olímpic Xàtiva,free transfer,out,Summer,NA,Primera Division,2014,2014/2015
SD Eibar,David Mainz,29,Centre-Forward,AE Larisa,free transfer,out,Summer,NA,Primera Division,2014,2014/2015
SD Eibar,Matías Ibáñez,27,Goalkeeper,Lanús,free transfer,out,Summer,NA,Primera Division,2014,2014/2015
SD Eibar,Urko Vera,27,Centre-Forward,CD Mirandés,free transfer,out,Summer,NA,Primera Division,2014,2014/2015
SD Eibar,Raúl Navas,26,Centre-Back,Real Sociedad,free transfer,out,Summer,NA,Primera Division,2014,2014/2015
SD Eibar,Diego Rivas,34,Central Midfield,Llagostera,free transfer,out,Summer,NA,Primera Division,2014,2014/2015
SD Eibar,Gorka Kijera,28,Left-Back,CD Mirandés,free transfer,out,Summer,NA,Primera Division,2014,2014/2015
SD Eibar,Josu Ozkoidi,24,Left-Back,Real Unión,loan transfer,out,Summer,NA,Primera Division,2014,2014/2015
SD Eibar,Ander Franco,25,Centre-Forward,CD Lagun Onak,loan transfer,out,Summer,NA,Primera Division,2014,2014/2015
SD Eibar,Julen Iriarte,22,Centre-Forward,RCD Mallorca B,loan transfer,out,Summer,NA,Primera Division,2014,2014/2015
SD Eibar,Aitor Ortega,22,Attacking Midfield,SD Amorebieta,loan transfer,out,Summer,NA,Primera Division,2014,2014/2015
SD Eibar,Aitor Arregi,24,Centre-Back,Cádiz CF,loan transfer,out,Summer,NA,Primera Division,2014,2014/2015
SD Eibar,Alain Eizmendi,24,Right Winger,Real Sociedad B,"End of loanJun 30, 2014",out,Summer,0,Primera Division,2014,2014/2015
SD Eibar,José Luis Morales,26,Centre-Forward,Levante,"End of loanJun 30, 2014",out,Summer,0,Primera Division,2014,2014/2015
SD Eibar,Jota Peleteiro,23,Right Winger,Celta de Vigo,"End of loanJun 30, 2014",out,Summer,0,Primera Division,2014,2014/2015
SD Eibar,Esquerdinha,30,Left-Back,Hércules CF,"End of loanJun 30, 2014",out,Summer,0,Primera Division,2014,2014/2015
SD Eibar,Dani García,24,Central Midfield,Real Sociedad B,"End of loanJun 30, 2014",out,Summer,0,Primera Division,2014,2014/2015
SD Eibar,Yuri Berchiche,24,Left-Back,Real Sociedad,"End of loanJun 30, 2014",out,Summer,0,Primera Division,2014,2014/2015
Elche CF,Enzo Roco,21,Centre-Back,CDUC,Loan fee:£675Th.,in,Summer,0.675,Primera Division,2014,2014/2015
Elche CF,Jonathas,25,Centre-Forward,Pescara,Loan fee:£450Th.,in,Summer,0.45,Primera Division,2014,2014/2015
Elche CF,Przemyslaw Tyton,27,Goalkeeper,PSV Eindhoven,Loan fee:£86Th.,in,Summer,0.086,Primera Division,2014,2014/2015
Elche CF,Víctor Rodríguez,25,Left Winger,Real Zaragoza,free transfer,in,Summer,NA,Primera Division,2014,2014/2015
Elche CF,Pedro Mosquera,26,Central Midfield,Getafe,free transfer,in,Summer,NA,Primera Division,2014,2014/2015
Elche CF,Fayçal Fajr,25,Central Midfield,SM Caen,free transfer,in,Summer,NA,Primera Division,2014,2014/2015
Elche CF,Adrián González,26,Central Midfield,Rayo Vallecano,free transfer,in,Summer,NA,Primera Division,2014,2014/2015
Elche CF,Mario Pasalic,19,Central Midfield,Chelsea,loan transfer,in,Summer,NA,Primera Division,2014,2014/2015
Elche CF,Charlie I'Anson,21,Centre-Back,Elche Ilicitano,-,in,Summer,0,Primera Division,2014,2014/2015
Elche CF,Álvaro Giménez,23,Centre-Forward,Elche Ilicitano,-,in,Summer,0,Primera Division,2014,2014/2015
Elche CF,José Ángel,25,Centre-Back,Elche Ilicitano,-,in,Summer,0,Primera Division,2014,2014/2015
Elche CF,Gaby Mudingayi,33,Defensive Midfield,Without Club,-,in,Summer,0,Primera Division,2014,2014/2015
Elche CF,Pelayo,23,Central Midfield,Córdoba CF,"End of loanJun 30, 2014",in,Summer,0,Primera Division,2014,2014/2015
Elche CF,Diego Rivas,27,Goalkeeper,CD Tenerife,"End of loanJun 30, 2014",in,Summer,0,Primera Division,2014,2014/2015
Elche CF,Carlos Sánchez,28,Defensive Midfield,Aston Villa,£5.40m,out,Summer,5.4,Primera Division,2014,2014/2015
Elche CF,Sergio Mantecón,34,Central Midfield,Cádiz CF,free transfer,out,Summer,NA,Primera Division,2014,2014/2015
Elche CF,Diego Rivas,27,Goalkeeper,Albacete,free transfer,out,Summer,NA,Primera Division,2014,2014/2015
Elche CF,Toño,34,Goalkeeper,Rayo Vallecano,free transfer,out,Summer,NA,Primera Division,2014,2014/2015
Elche CF,Javi Flores,28,Attacking Midfield,Real Murcia,free transfer,out,Summer,NA,Primera Division,2014,2014/2015
Elche CF,Charlie I'Anson,21,Centre-Back,Alcorcón,loan transfer,out,Summer,NA,Primera Division,2014,2014/2015
Elche CF,Pelayo,23,Central Midfield,CD Lugo,loan transfer,out,Summer,NA,Primera Division,2014,2014/2015
Elche CF,Fidel,24,Left Winger,Córdoba CF,loan transfer,out,Summer,NA,Primera Division,2014,2014/2015
Elche CF,Cristian Sapunaru,30,Centre-Back,Without Club,-,out,Summer,0,Primera Division,2014,2014/2015
Elche CF,Alberto Rivera,36,Central Midfield,Retired,-,out,Summer,0,Primera Division,2014,2014/2015
Elche CF,Richmond Boakye,21,Centre-Forward,Juventus,"End of loanJun 30, 2014",out,Summer,0,Primera Division,2014,2014/2015
Elche CF,Javi Márquez,28,Central Midfield,RCD Mallorca,"End of loanJun 30, 2014",out,Summer,0,Primera Division,2014,2014/2015
Elche CF,Alberto Botía,25,Centre-Back,Sevilla FC,"End of loanJun 30, 2014",out,Summer,0,Primera Division,2014,2014/2015
Elche CF,Manu del Moral,30,Centre-Forward,Sevilla FC,"End of loanJun 30, 2014",out,Summer,0,Primera Division,2014,2014/2015
Elche CF,Rubén Pérez,25,Defensive Midfield,Atlético Madrid,"End of loanJun 30, 2014",out,Summer,0,Primera Division,2014,2014/2015
Elche CF,Carles Gil,21,Attacking Midfield,Valencia B,"End of loanJun 30, 2014",out,Summer,0,Primera Division,2014,2014/2015
RCD Espanyol Barcelona,Álvaro González,24,Centre-Back,Real Zaragoza,£990Th.,in,Summer,0.99,Primera Division,2014,2014/2015
RCD Espanyol Barcelona,Paco Montañés,27,Left Winger,Real Zaragoza,£990Th.,in,Summer,0.99,Primera Division,2014,2014/2015
RCD Espanyol Barcelona,José Alberto Cañas,27,Central Midfield,Swansea,free transfer,in,Summer,NA,Primera Division,2014,2014/2015
RCD Espanyol Barcelona,Salva Sevilla,30,Central Midfield,Real Betis,free transfer,in,Summer,NA,Primera Division,2014,2014/2015
RCD Espanyol Barcelona,Felipe Caicedo,25,Centre-Forward,Al-Jazira,free transfer,in,Summer,NA,Primera Division,2014,2014/2015
RCD Espanyol Barcelona,Anaitz Arbilla,27,Centre-Back,Rayo Vallecano,?,in,Summer,NA,Primera Division,2014,2014/2015
RCD Espanyol Barcelona,Lucas Vázquez,23,Right Winger,RM Castilla,loan transfer,in,Summer,NA,Primera Division,2014,2014/2015
RCD Espanyol Barcelona,Mamadou Sylla,21,Centre-Forward,RCD Espanyol B,-,in,Summer,0,Primera Division,2014,2014/2015
RCD Espanyol Barcelona,Eric Bailly,20,Centre-Back,RCD Espanyol B,-,in,Summer,0,Primera Division,2014,2014/2015
RCD Espanyol Barcelona,Pau López,19,Goalkeeper,RCD Espanyol B,-,in,Summer,0,Primera Division,2014,2014/2015
RCD Espanyol Barcelona,Sergio Tejera,24,Central Midfield,Alavés,"End of loanJun 30, 2014",in,Summer,0,Primera Division,2014,2014/2015
RCD Espanyol Barcelona,Thievy Bifouma,22,Right Winger,West Brom,"End of loanJun 30, 2014",in,Summer,0,Primera Division,2014,2014/2015
RCD Espanyol Barcelona,Carlos Clerc,22,Left-Back,CE Sabadell,"End of loanJun 30, 2014",in,Summer,0,Primera Division,2014,2014/2015
RCD Espanyol Barcelona,Cristian Gómez,24,Central Midfield,RM Castilla,"End of loanJun 30, 2014",in,Summer,0,Primera Division,2014,2014/2015
RCD Espanyol Barcelona,Christian Alfonso,25,Attacking Midfield,Alcorcón,"End of loanJun 30, 2014",in,Summer,0,Primera Division,2014,2014/2015
RCD Espanyol Barcelona,David López,24,Defensive Midfield,SSC Napoli,£4.77m,out,Summer,4.77,Primera Division,2014,2014/2015
RCD Espanyol Barcelona,Joan Capdevila,36,Left-Back,NorthEast Utd.,free transfer,out,Summer,NA,Primera Division,2014,2014/2015
RCD Espanyol Barcelona,Christian Alfonso,25,Attacking Midfield,Girona,loan transfer,out,Summer,NA,Primera Division,2014,2014/2015
RCD Espanyol Barcelona,Thievy Bifouma,22,Right Winger,UD Almería,loan transfer,out,Summer,NA,Primera Division,2014,2014/2015
RCD Espanyol Barcelona,Cristian Gómez,25,Central Midfield,Girona,loan transfer,out,Summer,NA,Primera Division,2014,2014/2015
RCD Espanyol Barcelona,Sergio Tejera,24,Central Midfield,Alavés,loan transfer,out,Summer,NA,Primera Division,2014,2014/2015
RCD Espanyol Barcelona,Simão,34,Left Winger,Career break,-,out,Summer,0,Primera Division,2014,2014/2015
RCD Espanyol Barcelona,Jhon Córdoba,21,Centre-Forward,Chiapas FC,"End of loanJun 30, 2014",out,Summer,0,Primera Division,2014,2014/2015
RCD Espanyol Barcelona,Gabriel Torje,24,Right Winger,Udinese Calcio,"End of loanJun 30, 2014",out,Summer,0,Primera Division,2014,2014/2015
RCD Espanyol Barcelona,Sidnei,24,Centre-Back,Benfica,"End of loanJun 30, 2014",out,Summer,0,Primera Division,2014,2014/2015
RCD Espanyol Barcelona,Pizzi,24,Attacking Midfield,Benfica,"End of loanJun 30, 2014",out,Summer,0,Primera Division,2014,2014/2015
Getafe CF,Karim Yoda,25,Right Winger,Astra Giurgiu,free transfer,in,Summer,NA,Primera Division,2014,2014/2015
Getafe CF,Jonathan López,33,Goalkeeper,PAE Veria,free transfer,in,Summer,NA,Primera Division,2014,2014/2015
Getafe CF,Vicente Guaita,27,Goalkeeper,Valencia,free transfer,in,Summer,NA,Primera Division,2014,2014/2015
Getafe CF,Naldo,26,Centre-Back,Udinese Calcio,loan transfer,in,Summer,NA,Primera Division,2014,2014/2015
Getafe CF,Baba Diawara,26,Centre-Forward,Sevilla FC,loan transfer,in,Summer,NA,Primera Division,2014,2014/2015
Getafe CF,Emiliano Velázquez,20,Centre-Back,Atlético Madrid,loan transfer,in,Summer,NA,Primera Division,2014,2014/2015
Getafe CF,Míchel Herrero,25,Central Midfield,Valencia,loan transfer,in,Summer,NA,Primera Division,2014,2014/2015
Getafe CF,Fredy Hinestroza,24,Left Winger,CD La Equidad,loan transfer,in,Summer,NA,Primera Division,2014,2014/2015
Getafe CF,Álex Pérez,22,Centre-Back,Recr. Huelva,"End of loanJun 30, 2014",in,Summer,0,Primera Division,2014,2014/2015
Getafe CF,Álvaro Vázquez,23,Centre-Forward,Swansea,"End of loanJun 30, 2014",in,Summer,0,Primera Division,2014,2014/2015
Getafe CF,Miguel Ángel Moyá,30,Goalkeeper,Atlético Madrid,£2.70m,out,Summer,2.7,Primera Division,2014,2014/2015
Getafe CF,Rafa López,29,Centre-Back,SC Paderborn,free transfer,out,Summer,NA,Primera Division,2014,2014/2015
Getafe CF,Jaime Gavilán,29,Left Winger,Levante,free transfer,out,Summer,NA,Primera Division,2014,2014/2015
Getafe CF,Pedro Mosquera,26,Central Midfield,Elche CF,free transfer,out,Summer,NA,Primera Division,2014,2014/2015
Getafe CF,Ciprian Marica,28,Centre-Forward,Konyaspor,free transfer,out,Summer,NA,Primera Division,2014,2014/2015
Getafe CF,Borja Fernández,33,Defensive Midfield,Atl. Kolkata,free transfer,out,Summer,NA,Primera Division,2014,2014/2015
Getafe CF,Míchel Madera,28,Central Midfield,Maccabi Haifa,free transfer,out,Summer,NA,Primera Division,2014,2014/2015
Getafe CF,Adrián Colunga,29,Centre-Forward,Brighton,?,out,Summer,NA,Primera Division,2014,2014/2015
Getafe CF,Júlio César,27,Goalkeeper,Without Club,-,out,Summer,0,Primera Division,2014,2014/2015
Getafe CF,Lisandro López,24,Centre-Back,Benfica,"End of loanJun 30, 2014",out,Summer,0,Primera Division,2014,2014/2015
Granada CF,Dimitri Foulquier,21,Right-Back,Stade Rennais,£2.25m,in,Summer,2.25,Primera Division,2014,2014/2015
Granada CF,Jhon Córdoba,21,Centre-Forward,Chiapas FC,£1.64m,in,Summer,1.64,Primera Division,2014,2014/2015
Granada CF,Dany Nounkeu,28,Centre-Back,Galatasaray,Loan fee:£351Th.,in,Summer,0.351,Primera Division,2014,2014/2015
Granada CF,Eddy Silvestre,22,Central Midfield,Real Murcia,Loan fee:£90Th.,in,Summer,0.09,Primera Division,2014,2014/2015
Granada CF,Josan,24,Right Winger,La Hoya Lorca,free transfer,in,Summer,NA,Primera Division,2014,2014/2015
Granada CF,Javi Márquez,28,Central Midfield,RCD Mallorca,free transfer,in,Summer,NA,Primera Division,2014,2014/2015
Granada CF,Daniel Larsson,27,Centre-Forward,Real Valladolid,free transfer,in,Summer,NA,Primera Division,2014,2014/2015
Granada CF,Molla Wagué,23,Centre-Back,SM Caen,free transfer,in,Summer,NA,Primera Division,2014,2014/2015
Granada CF,Jean-Sylvain Babin,27,Centre-Back,Alcorcón,free transfer,in,Summer,NA,Primera Division,2014,2014/2015
Granada CF,Oier Olazábal,24,Goalkeeper,Barcelona,free transfer,in,Summer,NA,Primera Division,2014,2014/2015
Granada CF,Rubén Rochina,23,Right Winger,Blackburn,?,in,Summer,NA,Primera Division,2014,2014/2015
Granada CF,Juan Carlos Paredes,27,Right-Back,Barcelona SC,?,in,Summer,NA,Primera Division,2014,2014/2015
Granada CF,Isaac Success,18,Centre-Forward,Udinese U19,?,in,Summer,NA,Primera Division,2014,2014/2015
Granada CF,Luís Martins,22,Left-Back,Gil Vicente,?,in,Summer,NA,Primera Division,2014,2014/2015
Granada CF,Juankar,24,Left-Back,SC Braga,loan transfer,in,Summer,NA,Primera Division,2014,2014/2015
Granada CF,Abdoul Wahid Sissoko,24,Defensive Midfield,Udinese Calcio,loan transfer,in,Summer,NA,Primera Division,2014,2014/2015
Granada CF,Ritchie Kitoko,26,Central Midfield,Real Jaén CF,"End of loanJun 30, 2014",in,Summer,0,Primera Division,2014,2014/2015
Granada CF,Jona,25,Centre-Forward,Real Jaén CF,"End of loanJun 30, 2014",in,Summer,0,Primera Division,2014,2014/2015
Granada CF,Gai Assulin,23,Left Winger,Hércules CF,"End of loanJun 30, 2014",in,Summer,0,Primera Division,2014,2014/2015
Granada CF,David Ferreiro,26,Right Winger,Hércules CF,"End of loanJun 30, 2014",in,Summer,0,Primera Division,2014,2014/2015
Granada CF,Juanma Ortiz,32,Right-Back,Hércules CF,"End of loanJun 30, 2014",in,Summer,0,Primera Division,2014,2014/2015
Granada CF,Héctor Yuste,26,Centre-Back,Hércules CF,"End of loanJun 30, 2014",in,Summer,0,Primera Division,2014,2014/2015
Granada CF,Borja Gómez,26,Centre-Back,Hércules CF,"End of loanJun 30, 2014",in,Summer,0,Primera Division,2014,2014/2015
Granada CF,Pape Diakhaté,30,Centre-Back,K. Erciyesspor,"End of loanJun 30, 2014",in,Summer,0,Primera Division,2014,2014/2015
Granada CF,Toti,26,Attacking Midfield,Alavés,"End of loanJun 30, 2014",in,Summer,0,Primera Division,2014,2014/2015
Granada CF,Essaïd Belkalem,25,Centre-Back,Watford,"End of loanJun 30, 2014",in,Summer,0,Primera Division,2014,2014/2015
Granada CF,Guilherme Siqueira,28,Left-Back,Benfica,"End of loanJun 30, 2014",in,Summer,0,Primera Division,2014,2014/2015
Granada CF,Allan,23,Central Midfield,Udinese Calcio,"End of loanJun 30, 2014",in,Summer,0,Primera Division,2014,2014/2015
Granada CF,Kabiru Akinsola,23,Centre-Forward,CE L’Hospitalet,"End of loanJun 30, 2014",in,Summer,0,Primera Division,2014,2014/2015
Granada CF,Alfredo Ortuño,23,Centre-Forward,Girona,"End of loanJun 30, 2014",in,Summer,0,Primera Division,2014,2014/2015
Granada CF,Jon Ander Garrido,24,Defensive Midfield,Cádiz CF,"End of loanJun 30, 2014",in,Summer,0,Primera Division,2014,2014/2015
Granada CF,Hassan Yebda,30,Central Midfield,Udinese Calcio,"End of loanJun 30, 2014",in,Summer,0,Primera Division,2014,2014/2015
Granada CF,Alexis Zapata,19,Attacking Midfield,Sassuolo U19,"End of loanJun 30, 2014",in,Summer,0,Primera Division,2014,2014/2015
Granada CF,Guilherme Siqueira,28,Left-Back,Atlético Madrid,£9.00m,out,Summer,9,Primera Division,2014,2014/2015
Granada CF,Yacine Brahimi,24,Left Winger,FC Porto,£5.85m,out,Summer,5.85,Primera Division,2014,2014/2015
Granada CF,Allan,23,Central Midfield,Udinese Calcio,£2.70m,out,Summer,2.7,Primera Division,2014,2014/2015
Granada CF,Brayan Angulo,24,Left-Back,Ludogorets,£1.35m,out,Summer,1.35,Primera Division,2014,2014/2015
Granada CF,Jon Ander Garrido,24,Defensive Midfield,Cádiz CF,free transfer,out,Summer,NA,Primera Division,2014,2014/2015
Granada CF,Essaïd Belkalem,25,Centre-Back,Watford,free transfer,out,Summer,NA,Primera Division,2014,2014/2015
Granada CF,Hassan Yebda,30,Central Midfield,Dibba Fujairah,free transfer,out,Summer,NA,Primera Division,2014,2014/2015
Granada CF,Juanma Ortiz,32,Right-Back,AEK Larnaca,free transfer,out,Summer,NA,Primera Division,2014,2014/2015
Granada CF,Molla Wagué,23,Centre-Back,Udinese Calcio,loan transfer,out,Summer,NA,Primera Division,2014,2014/2015
Granada CF,Kabiru Akinsola,23,Centre-Forward,CSMS Iași,?,out,Summer,NA,Primera Division,2014,2014/2015
Granada CF,Alexis Zapata,19,Attacking Midfield,Udinese Calcio,?,out,Summer,NA,Primera Division,2014,2014/2015
Granada CF,Toti,26,Attacking Midfield,Alavés,?,out,Summer,NA,Primera Division,2014,2014/2015
Granada CF,Gai Assulin,23,Left Winger,RCD Mallorca,?,out,Summer,NA,Primera Division,2014,2014/2015
Granada CF,David Ferreiro,26,Right Winger,CD Lugo,?,out,Summer,NA,Primera Division,2014,2014/2015
Granada CF,Juan Carlos Paredes,27,Right-Back,Watford,?,out,Summer,NA,Primera Division,2014,2014/2015
Granada CF,Jona,25,Centre-Forward,Cádiz CF,loan transfer,out,Summer,NA,Primera Division,2014,2014/2015
Granada CF,Ritchie Kitoko,26,Central Midfield,Asteras Tripoli,loan transfer,out,Summer,NA,Primera Division,2014,2014/2015
Granada CF,Josan,24,Right Winger,SD Huesca,loan transfer,out,Summer,NA,Primera Division,2014,2014/2015
Granada CF,Borja Gómez,26,Centre-Back,CD Lugo,loan transfer,out,Summer,NA,Primera Division,2014,2014/2015
Granada CF,Diego Buonanotte,26,Attacking Midfield,CF Pachuca,loan transfer,out,Summer,NA,Primera Division,2014,2014/2015
Granada CF,Pape Diakhaté,30,Centre-Back,Without Club,-,out,Summer,0,Primera Division,2014,2014/2015
Granada CF,Recio,23,Central Midfield,Málaga CF,"End of loanJun 30, 2014",out,Summer,0,Primera Division,2014,2014/2015
Granada CF,Alexandre Coeff,22,Centre-Back,Udinese Calcio,"End of loanJun 30, 2014",out,Summer,0,Primera Division,2014,2014/2015
Granada CF,Orestis Karnezis,28,Goalkeeper,Udinese Calcio,"End of loanJun 30, 2014",out,Summer,0,Primera Division,2014,2014/2015
Granada CF,Odion Ighalo,25,Centre-Forward,Udinese Calcio,"End of loanJun 30, 2014",out,Summer,0,Primera Division,2014,2014/2015
Granada CF,Dimitri Foulquier,21,Right-Back,Stade Rennais,"End of loanJun 30, 2014",out,Summer,0,Primera Division,2014,2014/2015
Granada CF,Michaël Pereira,26,Right Winger,RCD Mallorca,"End of loanJun 30, 2014",out,Summer,0,Primera Division,2014,2014/2015
Granada CF,Tiago Ilori,21,Centre-Back,Liverpool,"End of loanJun 30, 2014",out,Summer,0,Primera Division,2014,2014/2015
Levante UD,Jesús Fernández,26,Goalkeeper,Real Madrid,£450Th.,in,Summer,0.45,Primera Division,2014,2014/2015
Levante UD,Toño García,24,Left-Back,Recr. Huelva,£270Th.,in,Summer,0.27,Primera Division,2014,2014/2015
Levante UD,Jaime Gavilán,29,Left Winger,Getafe,free transfer,in,Summer,NA,Primera Division,2014,2014/2015
Levante UD,Rafael Martins,25,Centre-Forward,GO Audax,free transfer,in,Summer,NA,Primera Division,2014,2014/2015
Levante UD,Diego Mariño,24,Goalkeeper,Real Valladolid,loan transfer,in,Summer,NA,Primera Division,2014,2014/2015
Levante UD,Víctor Pérez,26,Central Midfield,Real Valladolid,loan transfer,in,Summer,NA,Primera Division,2014,2014/2015
Levante UD,Víctor Camarasa,20,Central Midfield,Atl. Levante,-,in,Summer,0,Primera Division,2014,2014/2015
Levante UD,Aloys Nong,30,Centre-Forward,Recr. Huelva,"End of loanJun 30, 2014",in,Summer,0,Primera Division,2014,2014/2015
Levante UD,Roger Martí,23,Centre-Forward,Real Zaragoza,"End of loanJun 30, 2014",in,Summer,0,Primera Division,2014,2014/2015
Levante UD,José Luis Morales,26,Centre-Forward,SD Eibar,"End of loanJun 30, 2014",in,Summer,0,Primera Division,2014,2014/2015
Levante UD,Iván López,20,Right-Back,Girona,"End of loanJun 30, 2014",in,Summer,0,Primera Division,2014,2014/2015
Levante UD,Keylor Navas,27,Goalkeeper,Real Madrid,£9.00m,out,Summer,9,Primera Division,2014,2014/2015
Levante UD,Miguel Pallardó,28,Central Midfield,Heart of Midl.,free transfer,out,Summer,NA,Primera Division,2014,2014/2015
Levante UD,Sergio da Silva Pinto,33,Central Midfield,F. Düsseldorf,free transfer,out,Summer,NA,Primera Division,2014,2014/2015
Levante UD,Pedro Ríos,32,Right Winger,Recr. Huelva,free transfer,out,Summer,NA,Primera Division,2014,2014/2015
Levante UD,Ángel Rodríguez,27,Centre-Forward,SD Eibar,free transfer,out,Summer,NA,Primera Division,2014,2014/2015
Levante UD,Nagore,33,Right-Back,Alcorcón,free transfer,out,Summer,NA,Primera Division,2014,2014/2015
Levante UD,Javi Jiménez,27,Goalkeeper,Alcorcón,loan transfer,out,Summer,NA,Primera Division,2014,2014/2015
Levante UD,Roger Martí,23,Centre-Forward,Real Valladolid,loan transfer,out,Summer,NA,Primera Division,2014,2014/2015
Levante UD,Aloys Nong,30,Centre-Forward,Without Club,-,out,Summer,0,Primera Division,2014,2014/2015
Levante UD,Baba Diawara,26,Centre-Forward,Sevilla FC,"End of loanJun 30, 2014",out,Summer,0,Primera Division,2014,2014/2015
Málaga CF,Nordin Amrabat,27,Right Winger,Galatasaray,Loan fee:£900Th.,in,Summer,0.9,Primera Division,2014,2014/2015
Málaga CF,Ricardo Horta,19,Left Winger,Vitória Setúbal,£450Th.,in,Summer,0.45,Primera Division,2014,2014/2015
Málaga CF,Arthur Boka,31,Left-Back,VfB Stuttgart,free transfer,in,Summer,NA,Primera Division,2014,2014/2015
Málaga CF,Guillermo Ochoa,29,Goalkeeper,AC Ajaccio,free transfer,in,Summer,NA,Primera Division,2014,2014/2015
Málaga CF,Roberto Rosales,25,Right-Back,Twente FC,free transfer,in,Summer,NA,Primera Division,2014,2014/2015
Málaga CF,Miguel Torres,28,Right-Back,Olympiacos,free transfer,in,Summer,NA,Primera Division,2014,2014/2015
Málaga CF,Luis Alberto,21,Central Midfield,Liverpool,loan transfer,in,Summer,NA,Primera Division,2014,2014/2015
Málaga CF,Samu Castillejo,19,Right Winger,A. Malagueño,-,in,Summer,0,Primera Division,2014,2014/2015
Málaga CF,Juanpi Añor,20,Attacking Midfield,A. Malagueño,-,in,Summer,0,Primera Division,2014,2014/2015
Málaga CF,Bobley Anderson,22,Attacking Midfield,Zulte Waregem,"End of loanJun 30, 2014",in,Summer,0,Primera Division,2014,2014/2015
Málaga CF,Roberto Chen,20,Centre-Back,Zulte Waregem,"End of loanJun 30, 2014",in,Summer,0,Primera Division,2014,2014/2015
Málaga CF,Recio,23,Central Midfield,Granada CF,"End of loanJun 30, 2014",in,Summer,0,Primera Division,2014,2014/2015
Málaga CF,Willy Caballero,32,Goalkeeper,Man City,£7.20m,out,Summer,7.2,Primera Division,2014,2014/2015
Málaga CF,Jesús Gámez,29,Right-Back,Atlético Madrid,£1.80m,out,Summer,1.8,Primera Division,2014,2014/2015
Málaga CF,Eliseu,30,Left-Back,Benfica,£1.08m,out,Summer,1.08,Primera Division,2014,2014/2015
Málaga CF,Bobley Anderson,22,Attacking Midfield,Alcorcón,loan transfer,out,Summer,NA,Primera Division,2014,2014/2015
Málaga CF,Oleksandr Yakovenko,26,Left Winger,Fiorentina,"End of loanJun 30, 2014",out,Summer,0,Primera Division,2014,2014/2015
Málaga CF,Nordin Amrabat,27,Right Winger,Galatasaray,"End of loanJun 30, 2014",out,Summer,0,Primera Division,2014,2014/2015
Málaga CF,Mounir El Hamdaoui,29,Centre-Forward,Fiorentina,"End of loanJun 30, 2014",out,Summer,0,Primera Division,2014,2014/2015
Málaga CF,Bartlomiej Pawlowski,21,Right Winger,Widzew Lodz,"End of loanJun 30, 2014",out,Summer,0,Primera Division,2014,2014/2015
Córdoba CF,Iñigo López,32,Centre-Back,PAOK Salonika,£225Th.,in,Summer,0.225,Primera Division,2014,2014/2015
Córdoba CF,Aritz López Garai,33,Central Midfield,Sporting Gijón,free transfer,in,Summer,NA,Primera Division,2014,2014/2015
Córdoba CF,Patrick Ekeng,24,Central Midfield,Lausanne-Sport,free transfer,in,Summer,NA,Primera Division,2014,2014/2015
Córdoba CF,José Carlos,26,Attacking Midfield,Rayo Vallecano,free transfer,in,Summer,NA,Primera Division,2014,2014/2015
Córdoba CF,Deivid,25,Centre-Back,UD Las Palmas,free transfer,in,Summer,NA,Primera Division,2014,2014/2015
Córdoba CF,Mike Havenaar,27,Centre-Forward,Vitesse,free transfer,in,Summer,NA,Primera Division,2014,2014/2015
Córdoba CF,José Crespo,27,Centre-Back,Bologna,loan transfer,in,Summer,NA,Primera Division,2014,2014/2015
Córdoba CF,Fede Vico,20,Attacking Midfield,RSC Anderlecht,loan transfer,in,Summer,NA,Primera Division,2014,2014/2015
Córdoba CF,Nabil Ghilas,24,Left-Back,FC Porto,loan transfer,in,Summer,NA,Primera Division,2014,2014/2015
Córdoba CF,Borja García,23,Attacking Midfield,RM Castilla,loan transfer,in,Summer,NA,Primera Division,2014,2014/2015
Córdoba CF,Aleksandar Pantic,22,Centre-Back,Villarreal,loan transfer,in,Summer,NA,Primera Division,2014,2014/2015
Córdoba CF,Fausto Rossi,23,Central Midfield,Juventus,loan transfer,in,Summer,NA,Primera Division,2014,2014/2015
Córdoba CF,Ryder Matos,21,Second Striker,Fiorentina,loan transfer,in,Summer,NA,Primera Division,2014,2014/2015
Córdoba CF,Fede Cartabia,21,Right Winger,Valencia,loan transfer,in,Summer,NA,Primera Division,2014,2014/2015
Córdoba CF,Fidel,24,Left Winger,Elche CF,loan transfer,in,Summer,NA,Primera Division,2014,2014/2015
Córdoba CF,Joselu,23,Right-Back,Real Jaén CF,"End of loanJun 30, 2014",in,Summer,0,Primera Division,2014,2014/2015
Córdoba CF,Jaime Astrain,26,Centre-Back,FC Cartagena,"End of loanJun 30, 2014",in,Summer,0,Primera Division,2014,2014/2015
Córdoba CF,Nwankwo Obiora,23,Defensive Midfield,Coimbra,free transfer,out,Summer,NA,Primera Division,2014,2014/2015
Córdoba CF,Jaime Astrain,26,Centre-Back,Real Jaén CF,free transfer,out,Summer,NA,Primera Division,2014,2014/2015
Córdoba CF,Pedro Sánchez,27,Right Winger,Real Zaragoza,free transfer,out,Summer,NA,Primera Division,2014,2014/2015
Córdoba CF,Raúl Bravo,33,Centre-Back,PAE Veria,free transfer,out,Summer,NA,Primera Division,2014,2014/2015
Córdoba CF,Samu de los Reyes,22,Left-Back,CD Lugo,loan transfer,out,Summer,NA,Primera Division,2014,2014/2015
Córdoba CF,Fran Cruz,23,Centre-Back,Alcorcón,loan transfer,out,Summer,NA,Primera Division,2014,2014/2015
Córdoba CF,Arturo Rodríguez,25,Centre-Forward,Alcorcón,loan transfer,out,Summer,NA,Primera Division,2014,2014/2015
Córdoba CF,Bernardo Cruz,20,Centre-Back,Racing,loan transfer,out,Summer,NA,Primera Division,2014,2014/2015
Córdoba CF,Juanlu,34,Left Midfield,Retired,-,out,Summer,0,Primera Division,2014,2014/2015
Córdoba CF,Miguel Ángel Nieto,28,Left Winger,Without Club,-,out,Summer,0,Primera Division,2014,2014/2015
Córdoba CF,Joselu,24,Right-Back,Without Club,-,out,Summer,0,Primera Division,2014,2014/2015
Córdoba CF,Aritz López Garai,33,Central Midfield,Sporting Gijón,"End of loanJun 30, 2014",out,Summer,0,Primera Division,2014,2014/2015
Córdoba CF,Ulises Dávila,23,Second Striker,Chelsea,"End of loanJun 30, 2014",out,Summer,0,Primera Division,2014,2014/2015
Córdoba CF,Pelayo,23,Central Midfield,Elche CF,"End of loanJun 30, 2014",out,Summer,0,Primera Division,2014,2014/2015
Atlético de Madrid,Ángel Correa,19,Second Striker,San Lorenzo,£9.45m,in,Winter,9.45,Primera Division,2014,2014/2015
Atlético de Madrid,Cani,33,Attacking Midfield,Villarreal,loan transfer,in,Winter,NA,Primera Division,2014,2014/2015
Atlético de Madrid,Fernando Torres,30,Centre-Forward,AC Milan,loan transfer,in,Winter,NA,Primera Division,2014,2014/2015
Atlético de Madrid,Rubén Pérez,25,Defensive Midfield,Torino,"End of loanJan 21, 2015",in,Winter,0,Primera Division,2014,2014/2015
Atlético de Madrid,Cristian Rodríguez,29,Central Midfield,Parma,"End of loanMar 8, 2015",in,Winter,0,Primera Division,2014,2014/2015
Atlético de Madrid,Alessio Cerci,27,Right Winger,AC Milan,loan transfer,out,Winter,NA,Primera Division,2014,2014/2015
Atlético de Madrid,Cristian Rodríguez,29,Central Midfield,Parma,loan transfer,out,Winter,NA,Primera Division,2014,2014/2015
Atlético de Madrid,Rubén Pérez,25,Defensive Midfield,Granada CF,loan transfer,out,Winter,NA,Primera Division,2014,2014/2015
Atlético de Madrid,Cristian Rodríguez,29,Central Midfield,Grêmio,loan transfer,out,Winter,NA,Primera Division,2014,2014/2015
Real Madrid,Lucas Silva,21,Defensive Midfield,Cruzeiro,£11.70m,in,Winter,11.7,Primera Division,2014,2014/2015
Athletic Bilbao,Kepa Arrizabalaga,20,Goalkeeper,Ponferradina,loan transfer,out,Winter,NA,Primera Division,2014,2014/2015
Athletic Bilbao,Erik Morán,23,Defensive Midfield,CD Leganés,loan transfer,out,Winter,NA,Primera Division,2014,2014/2015
Sevilla FC,Bryan Rabello,20,Attacking Midfield,FC Luzern,"End of loanJan 29, 2015",in,Winter,0,Primera Division,2014,2014/2015
Sevilla FC,Cicinho,28,Right-Back,CD Numancia,loan transfer,out,Winter,NA,Primera Division,2014,2014/2015
Sevilla FC,Bryan Rabello,20,Attacking Midfield,CD Leganés,loan transfer,out,Winter,NA,Primera Division,2014,2014/2015
Villarreal CF,Eric Bailly,20,Centre-Back,Espanyol,£5.13m,in,Winter,5.13,Primera Division,2014,2014/2015
Villarreal CF,Joel Campbell,22,Right Winger,Arsenal,Loan fee:£900Th.,in,Winter,0.9,Primera Division,2014,2014/2015
Villarreal CF,Jonathan Pereira,27,Centre-Forward,Rayo Vallecano,"End of loanJan 2, 2015",in,Winter,0,Primera Division,2014,2014/2015
Villarreal CF,Gabriel Paulista,24,Centre-Back,Arsenal,£13.50m,out,Winter,13.5,Primera Division,2014,2014/2015
Villarreal CF,Jonathan Pereira,27,Centre-Forward,Real Valladolid,loan transfer,out,Winter,NA,Primera Division,2014,2014/2015
Villarreal CF,Cani,33,Attacking Midfield,Atlético Madrid,loan transfer,out,Winter,NA,Primera Division,2014,2014/2015
Villarreal CF,Javier Espinosa,22,Central Midfield,UD Almería,loan transfer,out,Winter,NA,Primera Division,2014,2014/2015
Villarreal CF,Hernán Pérez,25,Right Winger,Real Valladolid,loan transfer,out,Winter,NA,Primera Division,2014,2014/2015
Real Sociedad,Jon Gaztañaga,23,Central Midfield,Ponferradina,loan transfer,out,Winter,NA,Primera Division,2014,2014/2015
Valencia CF,Enzo Pérez,28,Defensive Midfield,Benfica,£22.50m,in,Winter,22.5,Primera Division,2014,2014/2015
Valencia CF,Míchel Herrero,26,Central Midfield,Getafe,"End of loanDec 31, 2014",in,Winter,0,Primera Division,2014,2014/2015
Valencia CF,Carles Gil,22,Attacking Midfield,Aston Villa,£3.78m,out,Winter,3.78,Primera Division,2014,2014/2015
Valencia CF,Míchel Herrero,26,Central Midfield,GZ R&F,£3.60m,out,Winter,3.6,Primera Division,2014,2014/2015
Valencia CF,João Pereira,30,Right-Back,Hannover 96,free transfer,out,Winter,NA,Primera Division,2014,2014/2015
Valencia CF,Rober Ibáñez,21,Right Winger,Granada CF,loan transfer,out,Winter,NA,Primera Division,2014,2014/2015
Valencia CF,Bruno Zuculini,21,Defensive Midfield,Man City,"End of loanJan 30, 2015",out,Winter,0,Primera Division,2014,2014/2015
UD Almería,José Manuel Casado,28,Left-Back,Málaga CF,free transfer,in,Winter,NA,Primera Division,2014,2014/2015
UD Almería,Javier Espinosa,22,Central Midfield,Villarreal,loan transfer,in,Winter,NA,Primera Division,2014,2014/2015
UD Almería,Quique González,24,Centre-Forward,Racing,loan transfer,out,Winter,NA,Primera Division,2014,2014/2015
UD Almería,Teerasil Dangda,26,Centre-Forward,Muangthong Utd.,"End of loanJan 21, 2015",out,Winter,0,Primera Division,2014,2014/2015
Rayo Vallecano,Miku Fedor,29,Centre-Forward,Al-Gharafa SC,free transfer,in,Winter,NA,Primera Division,2014,2014/2015
Rayo Vallecano,Lass Bangoura,22,Right Winger,Granada CF,Loan fee:£315Th.,out,Winter,0.315,Primera Division,2014,2014/2015
Rayo Vallecano,Jonathan Pereira,27,Centre-Forward,Villarreal,"End of loanJan 2, 2015",out,Winter,0,Primera Division,2014,2014/2015
Celta de Vigo,Theo Bongonda,19,Left Winger,Zulte Waregem,£1.17m,in,Winter,1.17,Primera Division,2014,2014/2015
Deportivo de La Coruña,Saúl García,20,Left-Back,Racing,£180Th.,in,Winter,0.18,Primera Division,2014,2014/2015
Deportivo de La Coruña,Hélder Costa,21,Right Winger,Benfica B,loan transfer,in,Winter,NA,Primera Division,2014,2014/2015
Deportivo de La Coruña,Oriol Riera,28,Centre-Forward,Wigan,loan transfer,in,Winter,NA,Primera Division,2014,2014/2015
Deportivo de La Coruña,Celso Borges,26,Central Midfield,AIK,loan transfer,in,Winter,NA,Primera Division,2014,2014/2015
Deportivo de La Coruña,Borja López,20,Centre-Back,Monaco,loan transfer,in,Winter,NA,Primera Division,2014,2014/2015
Deportivo de La Coruña,Juan Carlos Real,23,Attacking Midfield,CD Tenerife,free transfer,out,Winter,NA,Primera Division,2014,2014/2015
Deportivo de La Coruña,Modibo Diakité,27,Centre-Back,Cagliari Calcio,free transfer,out,Winter,NA,Primera Division,2014,2014/2015
Deportivo de La Coruña,Saúl García,20,Left-Back,Racing,loan transfer,out,Winter,NA,Primera Division,2014,2014/2015
Deportivo de La Coruña,Diego Seoane,26,Right-Back,CD Lugo,loan transfer,out,Winter,NA,Primera Division,2014,2014/2015
SD Eibar,Borja Fernández,33,Defensive Midfield,Atl. Kolkata,free transfer,in,Winter,NA,Primera Division,2014,2014/2015
SD Eibar,Rafa Páez,20,Centre-Back,Liverpool,loan transfer,in,Winter,NA,Primera Division,2014,2014/2015
SD Eibar,Raúl Albentosa,26,Centre-Back,Derby,£540Th.,out,Winter,0.54,Primera Division,2014,2014/2015
Elche CF,Charlie I'Anson,21,Centre-Back,Alcorcón,"End of loanJan 26, 2015",in,Winter,0,Primera Division,2014,2014/2015
Elche CF,Charlie I'Anson,21,Centre-Back,Real Oviedo,loan transfer,out,Winter,NA,Primera Division,2014,2014/2015
Elche CF,Gaby Mudingayi,33,Defensive Midfield,Without Club,-,out,Winter,0,Primera Division,2014,2014/2015
RCD Espanyol Barcelona,Eric Bailly,20,Centre-Back,Villarreal,£5.13m,out,Winter,5.13,Primera Division,2014,2014/2015
RCD Espanyol Barcelona,Raúl Rodríguez,27,Centre-Back,Houston,free transfer,out,Winter,NA,Primera Division,2014,2014/2015
RCD Espanyol Barcelona,Manu Lanzarote,31,Attacking Midfield,Alavés,loan transfer,out,Winter,NA,Primera Division,2014,2014/2015
RCD Espanyol Barcelona,Germán Parreño,21,Goalkeeper,Racing,loan transfer,out,Winter,NA,Primera Division,2014,2014/2015
RCD Espanyol Barcelona,Carlos Clerc,22,Left-Back,CE Sabadell,loan transfer,out,Winter,NA,Primera Division,2014,2014/2015
RCD Espanyol Barcelona,Álex Fernández,22,Attacking Midfield,HNK Rijeka,loan transfer,out,Winter,NA,Primera Division,2014,2014/2015
Getafe CF,Sammir,27,Attacking Midfield,JS Guoxin Sainty,£4.50m,out,Winter,4.5,Primera Division,2014,2014/2015
Getafe CF,Míchel Herrero,26,Central Midfield,Valencia,"End of loanDec 31, 2014",out,Winter,0,Primera Division,2014,2014/2015
Granada CF,Emanuel Insúa,23,Left-Back,Boca Juniors,£2.25m,in,Winter,2.25,Primera Division,2014,2014/2015
Granada CF,Lass Bangoura,22,Right Winger,Rayo Vallecano,Loan fee:£315Th.,in,Winter,0.315,Primera Division,2014,2014/2015
Granada CF,Francisco Sierralta,17,Centre-Back,CDUC,£227Th.,in,Winter,0.227,Primera Division,2014,2014/2015
Granada CF,Juan Cala,25,Centre-Back,Cardiff,free transfer,in,Winter,NA,Primera Division,2014,2014/2015
Granada CF,Miguel Layún,26,Right-Back,América,?,in,Winter,NA,Primera Division,2014,2014/2015
Granada CF,Rober Ibáñez,21,Right Winger,Valencia,loan transfer,in,Winter,NA,Primera Division,2014,2014/2015
Granada CF,Rubén Pérez,25,Defensive Midfield,Atlético Madrid,loan transfer,in,Winter,NA,Primera Division,2014,2014/2015
Granada CF,Daniel Candeias,26,Right Winger,Benfica,loan transfer,in,Winter,NA,Primera Division,2014,2014/2015
Granada CF,Adrián Colunga,30,Centre-Forward,Brighton,loan transfer,in,Winter,NA,Primera Division,2014,2014/2015
Granada CF,Diego Buonanotte,26,Attacking Midfield,CF Pachuca,"End of loanJan 22, 2015",in,Winter,0,Primera Division,2014,2014/2015
Granada CF,Héctor Yuste,27,Centre-Back,RCD Mallorca,loan transfer,out,Winter,NA,Primera Division,2014,2014/2015
Granada CF,Dani Benítez,26,Left Winger,Ban,?,out,Winter,NA,Primera Division,2014,2014/2015
Granada CF,Miguel Layún,26,Right-Back,Watford,?,out,Winter,NA,Primera Division,2014,2014/2015
Granada CF,Alfredo Ortuño,23,Centre-Forward,UD Las Palmas,loan transfer,out,Winter,NA,Primera Division,2014,2014/2015
Granada CF,Diego Buonanotte,26,Attacking Midfield,Quilmes,loan transfer,out,Winter,NA,Primera Division,2014,2014/2015
Granada CF,Daniel Larsson,28,Centre-Forward,Esbjerg fB,loan transfer,out,Winter,NA,Primera Division,2014,2014/2015
Granada CF,Francisco Sierralta,17,Centre-Back,CDUC,loan transfer,out,Winter,NA,Primera Division,2014,2014/2015
Granada CF,Dany Nounkeu,28,Centre-Back,Galatasaray,"End of loanJan 21, 2015",out,Winter,0,Primera Division,2014,2014/2015
Levante UD,José Mari,27,Defensive Midfield,Colorado,free transfer,in,Winter,NA,Primera Division,2014,2014/2015
Levante UD,Kalu Uche,32,Centre-Forward,Al-Rayyan SC,free transfer,in,Winter,NA,Primera Division,2014,2014/2015
Levante UD,Iván Ramis,30,Centre-Back,Wigan,free transfer,in,Winter,NA,Primera Division,2014,2014/2015
Levante UD,Héctor Rodas,26,Centre-Back,Real Betis,free transfer,out,Winter,NA,Primera Division,2014,2014/2015
Levante UD,Jaime Gavilán,29,Left Winger,Platanias,free transfer,out,Winter,NA,Primera Division,2014,2014/2015
Levante UD,Issam El Adoua,28,Defensive Midfield,CQ Lifan,free transfer,out,Winter,NA,Primera Division,2014,2014/2015
Levante UD,Víctor Pérez,27,Central Midfield,Real Valladolid,"End of loanJan 30, 2015",out,Winter,0,Primera Division,2014,2014/2015
Málaga CF,Egor Filipenko,26,Centre-Back,BATE Borisov,free transfer,in,Winter,NA,Primera Division,2014,2014/2015
Málaga CF,Javi Guerra,32,Centre-Forward,Cardiff,loan transfer,in,Winter,NA,Primera Division,2014,2014/2015
Málaga CF,Vitorino Antunes,27,Left-Back,Dynamo Kyiv,£5.40m,out,Winter,5.4,Primera Division,2014,2014/2015
Málaga CF,Roque Santa Cruz,33,Centre-Forward,CD Cruz Azul,£1.35m,out,Winter,1.35,Primera Division,2014,2014/2015
Málaga CF,Pablo Pérez,29,Central Midfield,Boca Juniors,Loan fee:£257Th.,out,Winter,0.257,Primera Division,2014,2014/2015
Málaga CF,José Manuel Casado,28,Left-Back,UD Almería,free transfer,out,Winter,NA,Primera Division,2014,2014/2015
Málaga CF,Francisco Portillo,24,Right Winger,Real Betis,loan transfer,out,Winter,NA,Primera Division,2014,2014/2015
Córdoba CF,Rene Krhin,24,Central Midfield,Inter,Loan fee:£450Th.,in,Winter,0.45,Primera Division,2014,2014/2015
Córdoba CF,Edimar,28,Left-Back,Chievo Verona,loan transfer,in,Winter,NA,Primera Division,2014,2014/2015
Córdoba CF,Bebé,24,Left Winger,Benfica,loan transfer,in,Winter,NA,Primera Division,2014,2014/2015
Córdoba CF,Héldon,26,Left Winger,Sporting CP,loan transfer,in,Winter,NA,Primera Division,2014,2014/2015
Córdoba CF,Bruno Zuculini,21,Defensive Midfield,Man City,loan transfer,in,Winter,NA,Primera Division,2014,2014/2015
Córdoba CF,Florin Andone,21,Centre-Forward,Córdoba CF B,-,in,Winter,0,Primera Division,2014,2014/2015
Córdoba CF,Samu de los Reyes,22,Left-Back,CD Lugo,"End of loanJan 14, 2015",in,Winter,0,Primera Division,2014,2014/2015
Córdoba CF,Arturo Rodríguez,25,Centre-Forward,Alcorcón,"End of loanJan 7, 2015",in,Winter,0,Primera Division,2014,2014/2015
Córdoba CF,Aritz López Garai,34,Central Midfield,Rapid Bucharest,free transfer,out,Winter,NA,Primera Division,2014,2014/2015
Córdoba CF,Mike Havenaar,27,Centre-Forward,HJK Helsinki,free transfer,out,Winter,NA,Primera Division,2014,2014/2015
Córdoba CF,Samu de los Reyes,22,Left-Back,Llagostera,loan transfer,out,Winter,NA,Primera Division,2014,2014/2015
Córdoba CF,Arturo Rodríguez,25,Centre-Forward,Llagostera,loan transfer,out,Winter,NA,Primera Division,2014,2014/2015
Córdoba CF,Xisco,28,Centre-Forward,RCD Mallorca,loan transfer,out,Winter,NA,Primera Division,2014,2014/2015
Córdoba CF,Carlos Caballero,30,Central Midfield,PAE Veria,loan transfer,out,Winter,NA,Primera Division,2014,2014/2015
Córdoba CF,José Carlos,27,Attacking Midfield,Without Club,-,out,Winter,0,Primera Division,2014,2014/2015
Córdoba CF,Ryder Matos,21,Second Striker,Fiorentina,"End of loanJan 17, 2015",out,Winter,0,Primera Division,2014,2014/2015
