club_name,player_name,age,position,club_involved_name,fee,transfer_movement,transfer_period,fee_cleaned,league_name,year,season
SC Bastia,Luka Kikabidze,19,Left Midfield,FC Locomotive,£90Th.,in,Summer,0.09,Ligue 1,2014,2014/2015
SC Bastia,Brandão,34,Centre-Forward,Saint-Étienne,free transfer,in,Summer,NA,Ligue 1,2014,2014/2015
SC Bastia,Juan Pablo Pino,27,Right Winger,Olympiacos,free transfer,in,Summer,NA,Ligue 1,2014,2014/2015
SC Bastia,Florian Marange,28,Left-Back,FC Sochaux,free transfer,in,Summer,NA,Ligue 1,2014,2014/2015
SC Bastia,Christopher Maboulou,24,Centre-Forward,LB Châteauroux,free transfer,in,Summer,NA,Ligue 1,2014,2014/2015
SC Bastia,Floyd Ayité,25,Left Winger,Stade Reims,free transfer,in,Summer,NA,Ligue 1,2014,2014/2015
SC Bastia,Mathieu Peybernes,23,Centre-Back,FC Sochaux,free transfer,in,Summer,NA,Ligue 1,2014,2014/2015
SC Bastia,El-Hadji Ba,21,Defensive Midfield,Sunderland,loan transfer,in,Summer,NA,Ligue 1,2014,2014/2015
SC Bastia,Joao Rodríguez,18,Centre-Forward,Chelsea U21,loan transfer,in,Summer,NA,Ligue 1,2014,2014/2015
SC Bastia,Guillaume Gillet,30,Defensive Midfield,RSC Anderlecht,loan transfer,in,Summer,NA,Ligue 1,2014,2014/2015
SC Bastia,Alphonse Areola,21,Goalkeeper,Paris SG,loan transfer,in,Summer,NA,Ligue 1,2014,2014/2015
SC Bastia,Junior Tallo,21,Centre-Forward,AS Roma,loan transfer,in,Summer,NA,Ligue 1,2014,2014/2015
SC Bastia,Hervin Ongenda,19,Left Winger,Paris SG,loan transfer,in,Summer,NA,Ligue 1,2014,2014/2015
SC Bastia,Apodi,27,Right-Back,Querétaro FC,?,in,Summer,NA,Ligue 1,2014,2014/2015
SC Bastia,Benjamin Mokulu,24,Centre-Forward,KV Mechelen,loan transfer,in,Summer,NA,Ligue 1,2014,2014/2015
SC Bastia,Romain Achilli,21,Left-Back,SC Bastia B,-,in,Summer,0,Ligue 1,2014,2014/2015
SC Bastia,Abdoulaye Keita,20,Defensive Midfield,SC Bastia B,-,in,Summer,0,Ligue 1,2014,2014/2015
SC Bastia,Joseph Barbato,19,Centre-Forward,SC Bastia B,-,in,Summer,0,Ligue 1,2014,2014/2015
SC Bastia,Famoussa Kone,20,Centre-Forward,SC Bastia B,-,in,Summer,0,Ligue 1,2014,2014/2015
SC Bastia,François Kamano,18,Left Winger,SC Bastia B,-,in,Summer,0,Ligue 1,2014,2014/2015
SC Bastia,Cyril Fogacci,17,Goalkeeper,SC Bastia U19,-,in,Summer,0,Ligue 1,2014,2014/2015
SC Bastia,Florent André,23,Left Winger,GS Consolat M.,"End of loanJun 30, 2014",in,Summer,0,Ligue 1,2014,2014/2015
SC Bastia,Matthieu Sans,26,Centre-Back,G. Ajaccio,"End of loanJun 30, 2014",in,Summer,0,Ligue 1,2014,2014/2015
SC Bastia,Christophe Vincent,21,Defensive Midfield,CA Bastia,"End of loanJun 30, 2014",in,Summer,0,Ligue 1,2014,2014/2015
SC Bastia,Wahbi Khazri,23,Centre-Forward,G. Bordeaux,£1.80m,out,Summer,1.8,Ligue 1,2014,2014/2015
SC Bastia,Féthi Harek,31,Left-Back,Nîmes Olympique,free transfer,out,Summer,NA,Ligue 1,2014,2014/2015
SC Bastia,Toifilou Maoulida,35,Centre-Forward,Nîmes Olympique,free transfer,out,Summer,NA,Ligue 1,2014,2014/2015
SC Bastia,Matthieu Sans,26,Centre-Back,Chamois Niort,free transfer,out,Summer,NA,Ligue 1,2014,2014/2015
SC Bastia,Adama Ba,20,Right Winger,Chamois Niort,loan transfer,out,Summer,NA,Ligue 1,2014,2014/2015
SC Bastia,Joseph Barbato,20,Centre-Forward,US Colomiers,loan transfer,out,Summer,NA,Ligue 1,2014,2014/2015
SC Bastia,Apodi,27,Right-Back,Without Club,-,out,Summer,0,Ligue 1,2014,2014/2015
SC Bastia,Florent André,23,Left Winger,Toulon Le Las,-,out,Summer,0,Ligue 1,2014,2014/2015
SC Bastia,Maka Mary,25,Centre-Back,Without Club,-,out,Summer,0,Ligue 1,2014,2014/2015
SC Bastia,Ilan,33,Centre-Forward,Retired,-,out,Summer,0,Ligue 1,2014,2014/2015
SC Bastia,Julien Sablé,33,Defensive Midfield,Retired,-,out,Summer,0,Ligue 1,2014,2014/2015
SC Bastia,Mickaël Landreau,35,Goalkeeper,Retired,-,out,Summer,0,Ligue 1,2014,2014/2015
SC Bastia,Sambou Yatabaré,25,Central Midfield,Olympiacos,"End of loanJun 30, 2014",out,Summer,0,Ligue 1,2014,2014/2015
SC Bastia,Milos Krasic,29,Right Winger,Fenerbahce,"End of loanJun 30, 2014",out,Summer,0,Ligue 1,2014,2014/2015
SC Bastia,Hervin Ongenda,20,Left Winger,Paris SG,"End of loanJun 30, 2015",out,Summer,0,Ligue 1,2014,2014/2015
SC Bastia,Gianni Bruno,22,Centre-Forward,LOSC Lille,"End of loanJun 30, 2014",out,Summer,0,Ligue 1,2014,2014/2015
SC Bastia,Florian Raspentino,25,Centre-Forward,Marseille,"End of loanJun 30, 2014",out,Summer,0,Ligue 1,2014,2014/2015
FC Girondins Bordeaux,Wahbi Khazri,23,Centre-Forward,SC Bastia,£1.80m,in,Summer,1.8,Ligue 1,2014,2014/2015
FC Girondins Bordeaux,Diego Contento,24,Left-Back,FC Bayern,£900Th.,in,Summer,0.9,Ligue 1,2014,2014/2015
FC Girondins Bordeaux,Nicolas Pallois,26,Centre-Back,Chamois Niort,£450Th.,in,Summer,0.45,Ligue 1,2014,2014/2015
FC Girondins Bordeaux,Tiago Ilori,21,Centre-Back,Liverpool,loan transfer,in,Summer,NA,Ligue 1,2014,2014/2015
FC Girondins Bordeaux,Jérôme Prior,18,Goalkeeper,G. Bordeaux B,-,in,Summer,0,Ligue 1,2014,2014/2015
FC Girondins Bordeaux,David Djigla,18,Left Midfield,G. Bordeaux B,-,in,Summer,0,Ligue 1,2014,2014/2015
FC Girondins Bordeaux,Théo Pellenard,20,Left-Back,G. Bordeaux B,-,in,Summer,0,Ligue 1,2014,2014/2015
FC Girondins Bordeaux,Clément Badin,21,Defensive Midfield,G. Bordeaux B,-,in,Summer,0,Ligue 1,2014,2014/2015
FC Girondins Bordeaux,Thomas Touré,20,Left Winger,G. Bordeaux B,-,in,Summer,0,Ligue 1,2014,2014/2015
FC Girondins Bordeaux,Gaëtan Laborde,20,Centre-Forward,G. Bordeaux B,-,in,Summer,0,Ligue 1,2014,2014/2015
FC Girondins Bordeaux,Valentín Vada,18,Central Midfield,G. Bordeaux B,-,in,Summer,0,Ligue 1,2014,2014/2015
FC Girondins Bordeaux,Hadi Sacko,20,Right Winger,AC Le Havre,"End of loanJun 30, 2014",in,Summer,0,Ligue 1,2014,2014/2015
FC Girondins Bordeaux,Jaroslav Plasil,32,Central Midfield,Catania,"End of loanJun 30, 2014",in,Summer,0,Ligue 1,2014,2014/2015
FC Girondins Bordeaux,Vujadin Savic,23,Centre-Back,Arm. Bielefeld,"End of loanJun 30, 2014",in,Summer,0,Ligue 1,2014,2014/2015
FC Girondins Bordeaux,Emiliano Sala,23,Centre-Forward,Chamois Niort,"End of loanJun 30, 2014",in,Summer,0,Ligue 1,2014,2014/2015
FC Girondins Bordeaux,Lucas Orbán,25,Centre-Back,Valencia,£3.15m,out,Summer,3.15,Ligue 1,2014,2014/2015
FC Girondins Bordeaux,Hadi Sacko,20,Right Winger,Sporting B,£900Th.,out,Summer,0.9,Ligue 1,2014,2014/2015
FC Girondins Bordeaux,Henrique,31,Centre-Back,Fluminense,free transfer,out,Summer,NA,Ligue 1,2014,2014/2015
FC Girondins Bordeaux,David Bellion,31,Centre-Forward,Red Star FC,free transfer,out,Summer,NA,Ligue 1,2014,2014/2015
FC Girondins Bordeaux,Jérémie Bréchet,35,Centre-Back,G. Ajaccio,free transfer,out,Summer,NA,Ligue 1,2014,2014/2015
FC Girondins Bordeaux,Guillaume Hoarau,30,Centre-Forward,BSC Young Boys,free transfer,out,Summer,NA,Ligue 1,2014,2014/2015
FC Girondins Bordeaux,Kévin Olimpa,26,Goalkeeper,Platanias,free transfer,out,Summer,NA,Ligue 1,2014,2014/2015
FC Girondins Bordeaux,Gaëtan Laborde,20,Centre-Forward,Stade Brestois,loan transfer,out,Summer,NA,Ligue 1,2014,2014/2015
FC Girondins Bordeaux,Vujadin Savic,24,Centre-Back,Without Club,-,out,Summer,0,Ligue 1,2014,2014/2015
FC Girondins Bordeaux,Matthieu Chalmé,33,Right-Back,Career break,-,out,Summer,0,Ligue 1,2014,2014/2015
FC Girondins Bordeaux,Landry N'Guémo,28,Defensive Midfield,Without Club,-,out,Summer,0,Ligue 1,2014,2014/2015
SM Caen,Florian Raspentino,25,Centre-Forward,Marseille,£450Th.,in,Summer,0.45,Ligue 1,2014,2014/2015
SM Caen,Damien Da Silva,26,Centre-Back,Clermont Foot,£270Th.,in,Summer,0.27,Ligue 1,2014,2014/2015
SM Caen,Emmanuel Imorou,25,Left-Back,Clermont Foot,free transfer,in,Summer,NA,Ligue 1,2014,2014/2015
SM Caen,Julien Féret,31,Attacking Midfield,Stade Rennais,free transfer,in,Summer,NA,Ligue 1,2014,2014/2015
SM Caen,Rémy Vercoutre,34,Goalkeeper,Olympique Lyon,free transfer,in,Summer,NA,Ligue 1,2014,2014/2015
SM Caen,Alaeddine Yahia,33,Centre-Back,Lens,free transfer,in,Summer,NA,Ligue 1,2014,2014/2015
SM Caen,Jordan Adéoti,25,Defensive Midfield,Stade Lavallois,free transfer,in,Summer,NA,Ligue 1,2014,2014/2015
SM Caen,Hervé Bazile,24,Left Winger,Poiré-sur-Vie,free transfer,in,Summer,NA,Ligue 1,2014,2014/2015
SM Caen,Sloan Privat,24,Centre-Forward,KAA Gent,loan transfer,in,Summer,NA,Ligue 1,2014,2014/2015
SM Caen,Yannick M'Bone,21,Centre-Back,Fréjus-St-Raph.,"End of loanJun 30, 2014",in,Summer,0,Ligue 1,2014,2014/2015
SM Caen,Yrondu Musavu-King,22,Centre-Back,ES Uzès PdG,"End of loanJun 30, 2014",in,Summer,0,Ligue 1,2014,2014/2015
SM Caen,Molla Wagué,23,Centre-Back,Granada CF,free transfer,out,Summer,NA,Ligue 1,2014,2014/2015
SM Caen,Fayçal Fajr,25,Central Midfield,Elche CF,free transfer,out,Summer,NA,Ligue 1,2014,2014/2015
SM Caen,Thomas Bosmel,26,Goalkeeper,AC Arles,free transfer,out,Summer,NA,Ligue 1,2014,2014/2015
SM Caen,Laurent Karim Agouazi,30,Defensive Midfield,Atromitos Athen,free transfer,out,Summer,NA,Ligue 1,2014,2014/2015
SM Caen,Aurélien Montaroup,28,Left-Back,US Créteil-L,free transfer,out,Summer,NA,Ligue 1,2014,2014/2015
SM Caen,Yannick M'Bone,21,Centre-Back,Fréjus-St-Raph.,free transfer,out,Summer,NA,Ligue 1,2014,2014/2015
SM Caen,Mathias Autret,23,Attacking Midfield,FC Lorient,"End of loanJun 30, 2014",out,Summer,0,Ligue 1,2014,2014/2015
SM Caen,Jonathan Kodjia,24,Centre-Forward,Stade Reims,"End of loanJun 30, 2014",out,Summer,0,Ligue 1,2014,2014/2015
SM Caen,Kyeong-jung Kim,23,Right Winger,FC Olympic,"End of loanJun 30, 2014",out,Summer,0,Ligue 1,2014,2014/2015
FC Évian Thonon Gaillard,Nicki Bille Nielsen,26,Centre-Forward,Rosenborg,£1.80m,in,Summer,1.8,Ligue 1,2014,2014/2015
FC Évian Thonon Gaillard,Benjamin Leroy,25,Goalkeeper,Tours FC,£225Th.,in,Summer,0.225,Ligue 1,2014,2014/2015
FC Évian Thonon Gaillard,Gaël Givet,32,Centre-Back,AC Arles,free transfer,in,Summer,NA,Ligue 1,2014,2014/2015
FC Évian Thonon Gaillard,Gianni Bruno,22,Centre-Forward,LOSC Lille,free transfer,in,Summer,NA,Ligue 1,2014,2014/2015
FC Évian Thonon Gaillard,Milos Ninkovic,29,Left Winger,Red Star,free transfer,in,Summer,NA,Ligue 1,2014,2014/2015
FC Évian Thonon Gaillard,Fabien Camus,29,Attacking Midfield,KRC Genk,loan transfer,in,Summer,NA,Ligue 1,2014,2014/2015
FC Évian Thonon Gaillard,Modou Sougou,29,Right Winger,Marseille,loan transfer,in,Summer,NA,Ligue 1,2014,2014/2015
FC Évian Thonon Gaillard,Jesper Juelsgaard,25,Centre-Back,FC Midtjylland,?,in,Summer,NA,Ligue 1,2014,2014/2015
FC Évian Thonon Gaillard,Yeltsin Tejeda,22,Defensive Midfield,Saprissa,?,in,Summer,NA,Ligue 1,2014,2014/2015
FC Évian Thonon Gaillard,Zakariya Abarouaï,20,Centre-Forward,Thonon Évian B,-,in,Summer,0,Ligue 1,2014,2014/2015
FC Évian Thonon Gaillard,Ali M'Madi,24,Left Winger,G. Ajaccio,"End of loanJun 30, 2014",in,Summer,0,Ligue 1,2014,2014/2015
FC Évian Thonon Gaillard,Adrien Thomasson,20,Attacking Midfield,Vannes,"End of loanJun 30, 2014",in,Summer,0,Ligue 1,2014,2014/2015
FC Évian Thonon Gaillard,Kévin Bérigaud,26,Centre-Forward,Montpellier,£2.70m,out,Summer,2.7,Ligue 1,2014,2014/2015
FC Évian Thonon Gaillard,Ali M'Madi,24,Left Winger,G. Ajaccio,free transfer,out,Summer,NA,Ligue 1,2014,2014/2015
FC Évian Thonon Gaillard,Bertrand Laquait,37,Goalkeeper,Valenciennes FC,free transfer,out,Summer,NA,Ligue 1,2014,2014/2015
FC Évian Thonon Gaillard,Eric Tié Bi,24,Defensive Midfield,Asteras Tripoli,free transfer,out,Summer,NA,Ligue 1,2014,2014/2015
FC Évian Thonon Gaillard,Maxime Blanc,22,Central Midfield,AC Arles,free transfer,out,Summer,NA,Ligue 1,2014,2014/2015
FC Évian Thonon Gaillard,Fabrice Ehret,34,Left-Back,AS Nancy,free transfer,out,Summer,NA,Ligue 1,2014,2014/2015
FC Évian Thonon Gaillard,Diaranké Fofana,24,Centre-Back,U Cluj,?,out,Summer,NA,Ligue 1,2014,2014/2015
FC Évian Thonon Gaillard,Túlio de Melo,29,Centre-Forward,Without Club,-,out,Summer,0,Ligue 1,2014,2014/2015
FC Évian Thonon Gaillard,Mickaël Salamone,22,Goalkeeper,Without Club,-,out,Summer,0,Ligue 1,2014,2014/2015
FC Évian Thonon Gaillard,Ilan Boccara,21,Defensive Midfield,Ajax U21,"End of loanJun 30, 2014",out,Summer,0,Ligue 1,2014,2014/2015
FC Évian Thonon Gaillard,Marco Ruben,27,Centre-Forward,Dynamo Kyiv,"End of loanJun 30, 2014",out,Summer,0,Ligue 1,2014,2014/2015
FC Évian Thonon Gaillard,Modou Sougou,29,Right Winger,Marseille,"End of loanJun 30, 2014",out,Summer,0,Ligue 1,2014,2014/2015
FC Évian Thonon Gaillard,Facundo Bertoglio,24,Attacking Midfield,Dynamo Kyiv,"End of loanJun 30, 2014",out,Summer,0,Ligue 1,2014,2014/2015
EA Guingamp,Ronnie Schwartz,24,Centre-Forward,Randers FC,£1.71m,in,Summer,1.71,Ligue 1,2014,2014/2015
EA Guingamp,Jonas Lössl,25,Goalkeeper,FC Midtjylland,£450Th.,in,Summer,0.45,Ligue 1,2014,2014/2015
EA Guingamp,Sylvain Marveaux,28,Attacking Midfield,Newcastle,Loan fee:£144Th.,in,Summer,0.144,Ligue 1,2014,2014/2015
EA Guingamp,Benjamin Angoua,27,Centre-Back,Valenciennes FC,free transfer,in,Summer,NA,Ligue 1,2014,2014/2015
EA Guingamp,Maxime Baca,31,Right-Back,FC Lorient,free transfer,in,Summer,NA,Ligue 1,2014,2014/2015
EA Guingamp,Julien Cardy,32,Defensive Midfield,AC Arles,free transfer,in,Summer,NA,Ligue 1,2014,2014/2015
EA Guingamp,Lars Christian Jacobsen,34,Right-Back,FC Copenhagen,free transfer,in,Summer,NA,Ligue 1,2014,2014/2015
EA Guingamp,Jérémy Pied,25,Right-Back,OGC Nice,loan transfer,in,Summer,NA,Ligue 1,2014,2014/2015
EA Guingamp,Sambou Yatabaré,25,Central Midfield,Olympiacos,loan transfer,in,Summer,NA,Ligue 1,2014,2014/2015
EA Guingamp,Tiécoro Keita,20,Left-Back,EA Guingamp B,-,in,Summer,0,Ligue 1,2014,2014/2015
EA Guingamp,Thierry Argelier,27,Centre-Back,Vannes,"End of loanJun 30, 2014",in,Summer,0,Ligue 1,2014,2014/2015
EA Guingamp,Mustapha Yatabaré,28,Centre-Forward,Trabzonspor,£2.25m,out,Summer,2.25,Ligue 1,2014,2014/2015
EA Guingamp,Tiécoro Keita,20,Left-Back,Paris FC,free transfer,out,Summer,NA,Ligue 1,2014,2014/2015
EA Guingamp,Vivian,32,Centre-Back,FC Sochaux,free transfer,out,Summer,NA,Ligue 1,2014,2014/2015
EA Guingamp,Thierry Argelier,27,Centre-Back,Poiré-sur-Vie,free transfer,out,Summer,NA,Ligue 1,2014,2014/2015
EA Guingamp,Fatih Atik,30,Central Midfield,Trabzonspor,free transfer,out,Summer,NA,Ligue 1,2014,2014/2015
EA Guingamp,Jonathan Martins Pereira,28,Right-Back,Troyes,free transfer,out,Summer,NA,Ligue 1,2014,2014/2015
EA Guingamp,Paul Babiloni,24,Left-Back,AC Ajaccio,free transfer,out,Summer,NA,Ligue 1,2014,2014/2015
EA Guingamp,Mana Dembélé,25,Centre-Forward,AS Nancy,loan transfer,out,Summer,NA,Ligue 1,2014,2014/2015
EA Guingamp,Steeven Langil,26,Left Winger,Mouscron,?,out,Summer,NA,Ligue 1,2014,2014/2015
EA Guingamp,Grégory Cerdan,32,Centre-Back,Without Club,-,out,Summer,0,Ligue 1,2014,2014/2015
EA Guingamp,Guy Ndy Assembé,28,Goalkeeper,AS Nancy,"End of loanJun 30, 2014",out,Summer,0,Ligue 1,2014,2014/2015
RC Lens,Abdoul Ba,20,Centre-Back,RC Lens B,-,in,Summer,0,Ligue 1,2014,2014/2015
RC Lens,Valentin Belon,19,Goalkeeper,RC Lens B,-,in,Summer,0,Ligue 1,2014,2014/2015
RC Lens,Dimitri Cavaré,19,Right-Back,RC Lens B,-,in,Summer,0,Ligue 1,2014,2014/2015
RC Lens,Rémy Bonne,25,Left-Back,AC Arles,free transfer,out,Summer,NA,Ligue 1,2014,2014/2015
RC Lens,Alassane Touré,25,Right-Back,Astra Giurgiu,free transfer,out,Summer,NA,Ligue 1,2014,2014/2015
RC Lens,Alaeddine Yahia,33,Centre-Back,SM Caen,free transfer,out,Summer,NA,Ligue 1,2014,2014/2015
RC Lens,Samuel Atrous,24,Goalkeeper,Without Club,-,out,Summer,0,Ligue 1,2014,2014/2015
RC Lens,Danijel Ljuboja,35,Centre-Forward,Retired,-,out,Summer,0,Ligue 1,2014,2014/2015
RC Lens,Pierre Ducasse,27,Defensive Midfield,Without Club,-,out,Summer,0,Ligue 1,2014,2014/2015
RC Lens,Edgar Salli,21,Right Winger,Monaco,"End of loanJun 30, 2014",out,Summer,0,Ligue 1,2014,2014/2015
RC Lens,Alphonse Areola,21,Goalkeeper,Paris SG,"End of loanJun 30, 2014",out,Summer,0,Ligue 1,2014,2014/2015
RC Lens,Marcel Tisserand,21,Centre-Back,Monaco,"End of loanJun 30, 2014",out,Summer,0,Ligue 1,2014,2014/2015
FC Lorient,Jordan Ayew,22,Centre-Forward,Marseille,£3.60m,in,Summer,3.6,Ligue 1,2014,2014/2015
FC Lorient,Benjamin Jeannot,22,Centre-Forward,AS Nancy,£900Th.,in,Summer,0.9,Ligue 1,2014,2014/2015
FC Lorient,Walid Mesloub,28,Central Midfield,AC Le Havre,free transfer,in,Summer,NA,Ligue 1,2014,2014/2015
FC Lorient,Sadio Diallo,23,Central Midfield,Stade Rennais,loan transfer,in,Summer,NA,Ligue 1,2014,2014/2015
FC Lorient,Vincent Le Goff,24,Left-Back,FC Istres,?,in,Summer,NA,Ligue 1,2014,2014/2015
FC Lorient,Mehdi Mostefa,30,Defensive Midfield,AC Ajaccio,?,in,Summer,NA,Ligue 1,2014,2014/2015
FC Lorient,François Bellugou,27,Defensive Midfield,AS Nancy,?,in,Summer,NA,Ligue 1,2014,2014/2015
FC Lorient,Pierre Lavenant,18,Attacking Midfield,Lorient B,-,in,Summer,0,Ligue 1,2014,2014/2015
FC Lorient,Marvin Gakpa,20,Central Midfield,Lorient B,-,in,Summer,0,Ligue 1,2014,2014/2015
FC Lorient,Mathias Autret,23,Attacking Midfield,SM Caen,"End of loanJun 30, 2014",in,Summer,0,Ligue 1,2014,2014/2015
FC Lorient,Benjamin Lecomte,23,Goalkeeper,Dijon,"End of loanJun 30, 2014",in,Summer,0,Ligue 1,2014,2014/2015
FC Lorient,Remi Mulumba,21,Defensive Midfield,Dijon,"End of loanJun 30, 2014",in,Summer,0,Ligue 1,2014,2014/2015
FC Lorient,Simon Falette,22,Centre-Back,Stade Brestois,"End of loanJun 30, 2014",in,Summer,0,Ligue 1,2014,2014/2015
FC Lorient,Cheick Touré,21,Centre-Back,Bourg-Péronnas,"End of loanJun 30, 2014",in,Summer,0,Ligue 1,2014,2014/2015
FC Lorient,Vincent Aboubakar,22,Centre-Forward,FC Porto,£11.07m,out,Summer,11.07,Ligue 1,2014,2014/2015
FC Lorient,Bruno Ecuele Manga,26,Centre-Back,Cardiff,£5.67m,out,Summer,5.67,Ligue 1,2014,2014/2015
FC Lorient,Jérémie Aliadière,31,Centre-Forward,Umm Salal SC,£360Th.,out,Summer,0.36,Ligue 1,2014,2014/2015
FC Lorient,Simon Falette,22,Centre-Back,Stade Brestois,free transfer,out,Summer,NA,Ligue 1,2014,2014/2015
FC Lorient,Kévin Monnet-Paquet,25,Left Winger,Saint-Étienne,free transfer,out,Summer,NA,Ligue 1,2014,2014/2015
FC Lorient,Grégory Bourillon,30,Centre-Back,Stade Reims,free transfer,out,Summer,NA,Ligue 1,2014,2014/2015
FC Lorient,Maxime Baca,31,Right-Back,Guingamp,free transfer,out,Summer,NA,Ligue 1,2014,2014/2015
FC Lorient,Cheick Doukouré,21,Defensive Midfield,FC Metz,free transfer,out,Summer,NA,Ligue 1,2014,2014/2015
FC Lorient,Maxence Derrien,20,Centre-Back,US Avranches,loan transfer,out,Summer,NA,Ligue 1,2014,2014/2015
FC Lorient,Remi Mulumba,21,Defensive Midfield,AJ Auxerre,loan transfer,out,Summer,NA,Ligue 1,2014,2014/2015
FC Lorient,Baptiste Reynet,23,Goalkeeper,Dijon,loan transfer,out,Summer,NA,Ligue 1,2014,2014/2015
FC Lorient,Cheick Touré,21,Centre-Back,Lorient B,-,out,Summer,0,Ligue 1,2014,2014/2015
FC Lorient,Larry Azouni,20,Central Midfield,Marseille,"End of loanJun 30, 2014",out,Summer,0,Ligue 1,2014,2014/2015
FC Lorient,Sadio Diallo,23,Central Midfield,Stade Rennais,"End of loanJun 30, 2014",out,Summer,0,Ligue 1,2014,2014/2015
Olympique Lyon,Lindsay Rose,22,Centre-Back,Valenciennes FC,£1.35m,in,Summer,1.35,Ligue 1,2014,2014/2015
Olympique Lyon,Christophe Jallet,30,Right-Back,Paris SG,£1.35m,in,Summer,1.35,Ligue 1,2014,2014/2015
Olympique Lyon,Corentin Tolisso,19,Central Midfield,Olymp. Lyon B,-,in,Summer,0,Ligue 1,2014,2014/2015
Olympique Lyon,Lucas Mocio,20,Goalkeeper,Olymp. Lyon B,-,in,Summer,0,Ligue 1,2014,2014/2015
Olympique Lyon,Alassane Plea,21,Centre-Forward,AJ Auxerre,"End of loanJun 30, 2014",in,Summer,0,Ligue 1,2014,2014/2015
Olympique Lyon,Mohamed Yattara,20,Centre-Forward,SCO Angers,"End of loanJun 30, 2014",in,Summer,0,Ligue 1,2014,2014/2015
Olympique Lyon,Naby Sarr,20,Centre-Back,Sporting CP,£900Th.,out,Summer,0.9,Ligue 1,2014,2014/2015
Olympique Lyon,Alassane Plea,21,Centre-Forward,OGC Nice,£450Th.,out,Summer,0.45,Ligue 1,2014,2014/2015
Olympique Lyon,Rémy Vercoutre,34,Goalkeeper,SM Caen,free transfer,out,Summer,NA,Ligue 1,2014,2014/2015
Olympique Lyon,Bafétimbi Gomis,28,Centre-Forward,Swansea,free transfer,out,Summer,NA,Ligue 1,2014,2014/2015
Olympique Lyon,Jimmy Briand,29,Centre-Forward,Hannover 96,free transfer,out,Summer,NA,Ligue 1,2014,2014/2015
Olympique Lyon,Théo Defourny,22,Goalkeeper,RE Virton,free transfer,out,Summer,NA,Ligue 1,2014,2014/2015
Olympique Lyon,Miguel Lopes,27,Right-Back,Sporting CP,"End of loanJun 30, 2014",out,Summer,0,Ligue 1,2014,2014/2015
Olympique Marseille,Michy Batshuayi,20,Centre-Forward,Standard Liège,£5.40m,in,Summer,5.4,Ligue 1,2014,2014/2015
Olympique Marseille,Dória,19,Centre-Back,Botafogo,£4.50m,in,Summer,4.5,Ligue 1,2014,2014/2015
Olympique Marseille,Romain Alessandrini,25,Right Winger,Stade Rennais,£4.50m,in,Summer,4.5,Ligue 1,2014,2014/2015
Olympique Marseille,Abdelaziz Barrada,25,Attacking Midfield,Al-Jazira,£4.05m,in,Summer,4.05,Ligue 1,2014,2014/2015
Olympique Marseille,Baptiste Aloé,20,Centre-Back,Marseille B,-,in,Summer,0,Ligue 1,2014,2014/2015
Olympique Marseille,Julien Fabri,20,Goalkeeper,Marseille B,-,in,Summer,0,Ligue 1,2014,2014/2015
Olympique Marseille,Maxime López,16,Central Midfield,Marseille U19,-,in,Summer,0,Ligue 1,2014,2014/2015
Olympique Marseille,Florian Raspentino,25,Centre-Forward,SC Bastia,"End of loanJun 30, 2014",in,Summer,0,Ligue 1,2014,2014/2015
Olympique Marseille,Jordan Ayew,22,Centre-Forward,FC Sochaux,"End of loanJun 30, 2014",in,Summer,0,Ligue 1,2014,2014/2015
Olympique Marseille,Larry Azouni,20,Central Midfield,FC Lorient,"End of loanJun 30, 2014",in,Summer,0,Ligue 1,2014,2014/2015
Olympique Marseille,Morgan Amalfitano,29,Right Winger,West Brom,"End of loanJun 30, 2014",in,Summer,0,Ligue 1,2014,2014/2015
Olympique Marseille,Foued Kadir,30,Attacking Midfield,Stade Rennais,"End of loanJun 30, 2014",in,Summer,0,Ligue 1,2014,2014/2015
Olympique Marseille,Senah Mango,22,Centre-Back,Luzenac AP,"End of loanJun 30, 2014",in,Summer,0,Ligue 1,2014,2014/2015
Olympique Marseille,Modou Sougou,29,Right Winger,Évian,"End of loanJun 30, 2014",in,Summer,0,Ligue 1,2014,2014/2015
Olympique Marseille,Billel Omrani,21,Centre-Forward,AC Arles,"End of loanJun 30, 2014",in,Summer,0,Ligue 1,2014,2014/2015
Olympique Marseille,Mathieu Valbuena,29,Attacking Midfield,Dinamo Moscow,£6.30m,out,Summer,6.3,Ligue 1,2014,2014/2015
Olympique Marseille,Lucas Mendes,24,Centre-Back,El-Jaish,£4.50m,out,Summer,4.5,Ligue 1,2014,2014/2015
Olympique Marseille,Jordan Ayew,22,Centre-Forward,FC Lorient,£3.60m,out,Summer,3.6,Ligue 1,2014,2014/2015
Olympique Marseille,Morgan Amalfitano,29,Right Winger,West Ham,£900Th.,out,Summer,0.9,Ligue 1,2014,2014/2015
Olympique Marseille,Florian Raspentino,25,Centre-Forward,SM Caen,£450Th.,out,Summer,0.45,Ligue 1,2014,2014/2015
Olympique Marseille,Larry Azouni,20,Central Midfield,Nîmes Olympique,free transfer,out,Summer,NA,Ligue 1,2014,2014/2015
Olympique Marseille,Souleymane Diawara,35,Centre-Back,OGC Nice,free transfer,out,Summer,NA,Ligue 1,2014,2014/2015
Olympique Marseille,Gennaro Bracigliano,34,Goalkeeper,Chennaiyin FC,free transfer,out,Summer,NA,Ligue 1,2014,2014/2015
Olympique Marseille,Saber Khalifa,27,Centre-Forward,Club Africain,loan transfer,out,Summer,NA,Ligue 1,2014,2014/2015
Olympique Marseille,Laurent Abergel,21,Defensive Midfield,AC Ajaccio,loan transfer,out,Summer,NA,Ligue 1,2014,2014/2015
Olympique Marseille,Modou Sougou,29,Right Winger,Évian,loan transfer,out,Summer,NA,Ligue 1,2014,2014/2015
Olympique Marseille,Foued Kadir,30,Attacking Midfield,Real Betis,loan transfer,out,Summer,NA,Ligue 1,2014,2014/2015
Olympique Marseille,Benoît Cheyrou,33,Defensive Midfield,Without Club,-,out,Summer,0,Ligue 1,2014,2014/2015
Olympique Marseille,Senah Mango,22,Centre-Back,Without Club,-,out,Summer,0,Ligue 1,2014,2014/2015
Olympique Marseille,Kevin Osei,23,Right Winger,Marseille B,-,out,Summer,0,Ligue 1,2014,2014/2015
FC Metz,Sergey Krivets,28,Attacking Midfield,BATE Borisov,£900Th.,in,Summer,0.9,Ligue 1,2014,2014/2015
FC Metz,Juan Falcón,25,Centre-Forward,Zamora FC,£810Th.,in,Summer,0.81,Ligue 1,2014,2014/2015
FC Metz,Guirane N'Daw,30,Defensive Midfield,Asteras Tripoli,free transfer,in,Summer,NA,Ligue 1,2014,2014/2015
FC Metz,Florent Malouda,34,Left Winger,Trabzonspor,free transfer,in,Summer,NA,Ligue 1,2014,2014/2015
FC Metz,Jonathan Rivierez,25,Centre-Back,AC Le Havre,free transfer,in,Summer,NA,Ligue 1,2014,2014/2015
FC Metz,Cheick Doukouré,21,Defensive Midfield,FC Lorient,free transfer,in,Summer,NA,Ligue 1,2014,2014/2015
FC Metz,Federico Andrada,20,Centre-Forward,River Plate,loan transfer,in,Summer,NA,Ligue 1,2014,2014/2015
FC Metz,José Luis Palomino,24,Centre-Back,Argentinos Jrs.,?,in,Summer,NA,Ligue 1,2014,2014/2015
FC Metz,Modibo Maïga,26,Centre-Forward,West Ham,loan transfer,in,Summer,NA,Ligue 1,2014,2014/2015
FC Metz,Matthieu Udol,18,Left-Back,FC Metz U19,-,in,Summer,0,Ligue 1,2014,2014/2015
FC Metz,Kwame Nsor,21,Centre-Forward,FC Metz B,-,in,Summer,0,Ligue 1,2014,2014/2015
FC Metz,Médéric Deher,19,Right-Back,FC Metz B,-,in,Summer,0,Ligue 1,2014,2014/2015
FC Metz,David Oberhauser,23,Goalkeeper,Without Club,-,in,Summer,0,Ligue 1,2014,2014/2015
FC Metz,Moussa Gueye,25,Centre-Forward,Coimbra,"End of loanJun 30, 2014",in,Summer,0,Ligue 1,2014,2014/2015
FC Metz,Ali Bamba,22,Left-Back,R. Strasbourg,"End of loanJun 30, 2014",in,Summer,0,Ligue 1,2014,2014/2015
FC Metz,Samy Kehli,23,Attacking Midfield,RE Virton,"End of loanJun 30, 2014",in,Summer,0,Ligue 1,2014,2014/2015
FC Metz,Alhassane Keita,22,Centre-Forward,US Boulogne,"End of loanJun 30, 2014",in,Summer,0,Ligue 1,2014,2014/2015
FC Metz,Diafra Sakho,24,Centre-Forward,West Ham,£4.50m,out,Summer,4.5,Ligue 1,2014,2014/2015
FC Metz,Daniel O'Shaughnessy,19,Centre-Back,Brentford U21,free transfer,out,Summer,NA,Ligue 1,2014,2014/2015
FC Metz,Karim Lancina,27,Defensive Midfield,SAS Epinal,free transfer,out,Summer,NA,Ligue 1,2014,2014/2015
FC Metz,Romain Inez,26,Centre-Back,Botev Plovdiv,free transfer,out,Summer,NA,Ligue 1,2014,2014/2015
FC Metz,Thibaut Bourgeois,24,Second Striker,CA Bastia,free transfer,out,Summer,NA,Ligue 1,2014,2014/2015
FC Metz,Eduardo,33,Centre-Forward,River-PI,free transfer,out,Summer,NA,Ligue 1,2014,2014/2015
FC Metz,Médéric Deher,19,Right-Back,Luçon VF,loan transfer,out,Summer,NA,Ligue 1,2014,2014/2015
FC Metz,Thomas Didillon,18,Goalkeeper,Seraing United,loan transfer,out,Summer,NA,Ligue 1,2014,2014/2015
FC Metz,Alhassane Keita,22,Centre-Forward,Lierse SK,loan transfer,out,Summer,NA,Ligue 1,2014,2014/2015
FC Metz,Abdallah Ndour,20,Left-Back,R. Strasbourg,loan transfer,out,Summer,NA,Ligue 1,2014,2014/2015
FC Metz,Mayoro N'Doye,22,Central Midfield,R. Strasbourg,loan transfer,out,Summer,NA,Ligue 1,2014,2014/2015
FC Metz,Moussa Gueye,25,Centre-Forward,Seraing United,?,out,Summer,NA,Ligue 1,2014,2014/2015
FC Metz,Samy Kehli,23,Attacking Midfield,Seraing United,loan transfer,out,Summer,NA,Ligue 1,2014,2014/2015
FC Metz,Luciano Teixeira,20,Defensive Midfield,Without Club,-,out,Summer,0,Ligue 1,2014,2014/2015
FC Metz,Nicolas Fauvergue,29,Centre-Forward,Stade Reims,"End of loanJun 30, 2014",out,Summer,0,Ligue 1,2014,2014/2015
FC Metz,Yves Angani,23,Centre-Forward,FC Système,"End of loanJun 30, 2014",out,Summer,0,Ligue 1,2014,2014/2015
AS Monaco,Aymen Abdennour,24,Centre-Back,Toulouse,£11.70m,in,Summer,11.7,Ligue 1,2014,2014/2015
AS Monaco,Tiemoué Bakayoko,19,Defensive Midfield,Stade Rennais,£7.20m,in,Summer,7.2,Ligue 1,2014,2014/2015
AS Monaco,Paul Nardi,20,Goalkeeper,AS Nancy,£2.70m,in,Summer,2.7,Ligue 1,2014,2014/2015
AS Monaco,Seydou Sy,18,Goalkeeper,Milan U19,free transfer,in,Summer,NA,Ligue 1,2014,2014/2015
AS Monaco,Bernardo Silva,19,Attacking Midfield,Benfica,loan transfer,in,Summer,NA,Ligue 1,2014,2014/2015
AS Monaco,Maarten Stekelenburg,31,Goalkeeper,Fulham,loan transfer,in,Summer,NA,Ligue 1,2014,2014/2015
AS Monaco,Wallace,19,Centre-Back,SC Braga,loan transfer,in,Summer,NA,Ligue 1,2014,2014/2015
AS Monaco,Abdou Diallo,18,Left-Back,Monaco B,-,in,Summer,0,Ligue 1,2014,2014/2015
AS Monaco,Abdou Aziz Thiam,17,Defensive Midfield,Monaco B,-,in,Summer,0,Ligue 1,2014,2014/2015
AS Monaco,Edgar Salli,21,Right Winger,Lens,"End of loanJun 30, 2014",in,Summer,0,Ligue 1,2014,2014/2015
AS Monaco,Jérémy Labor,22,Centre-Back,RWDM Brussels,"End of loanJun 30, 2014",in,Summer,0,Ligue 1,2014,2014/2015
AS Monaco,Martin Sourzac,22,Goalkeeper,RWDM Brussels,"End of loanJun 30, 2014",in,Summer,0,Ligue 1,2014,2014/2015
AS Monaco,Jérôme Phojo,21,Right-Back,CA Bastia,"End of loanJun 30, 2014",in,Summer,0,Ligue 1,2014,2014/2015
AS Monaco,Tristan Dingomé,23,Central Midfield,AC Le Havre,"End of loanJun 30, 2014",in,Summer,0,Ligue 1,2014,2014/2015
AS Monaco,Delvin N'Dinga,26,Defensive Midfield,Olympiacos,"End of loanJun 30, 2014",in,Summer,0,Ligue 1,2014,2014/2015
AS Monaco,Gary Kagelmacher,26,Centre-Back,Valenciennes FC,"End of loanJun 30, 2014",in,Summer,0,Ligue 1,2014,2014/2015
AS Monaco,Carl Medjani,29,Defensive Midfield,Valenciennes FC,"End of loanJun 30, 2014",in,Summer,0,Ligue 1,2014,2014/2015
AS Monaco,Marcel Tisserand,21,Centre-Back,Lens,"End of loanJun 30, 2014",in,Summer,0,Ligue 1,2014,2014/2015
AS Monaco,Lacina Traore,24,Centre-Forward,Everton,"End of loanJun 30, 2014",in,Summer,0,Ligue 1,2014,2014/2015
AS Monaco,Gaetano Monachello,20,Centre-Forward,Ergotelis,"End of loanJun 30, 2014",in,Summer,0,Ligue 1,2014,2014/2015
AS Monaco,Borja López,20,Centre-Back,Rayo Vallecano,"End of loanJun 30, 2014",in,Summer,0,Ligue 1,2014,2014/2015
AS Monaco,James Rodríguez,23,Attacking Midfield,Real Madrid,£67.50m,out,Summer,67.5,Ligue 1,2014,2014/2015
AS Monaco,Radamel Falcao,28,Centre-Forward,Man Utd,Loan fee:£6.84m,out,Summer,6.84,Ligue 1,2014,2014/2015
AS Monaco,Emmanuel Rivière,24,Centre-Forward,Newcastle,£5.69m,out,Summer,5.69,Ligue 1,2014,2014/2015
AS Monaco,Gary Kagelmacher,26,Centre-Back,1860 Munich,£180Th.,out,Summer,0.18,Ligue 1,2014,2014/2015
AS Monaco,Tristan Dingomé,23,Central Midfield,Mouscron,free transfer,out,Summer,NA,Ligue 1,2014,2014/2015
AS Monaco,Éric Abidal,34,Left-Back,Olympiacos,free transfer,out,Summer,NA,Ligue 1,2014,2014/2015
AS Monaco,Axel Maraval,20,Goalkeeper,AC Arles,free transfer,out,Summer,NA,Ligue 1,2014,2014/2015
AS Monaco,Nacer Barazite,24,Attacking Midfield,FC Utrecht,free transfer,out,Summer,NA,Ligue 1,2014,2014/2015
AS Monaco,Carl Medjani,29,Defensive Midfield,Trabzonspor,free transfer,out,Summer,NA,Ligue 1,2014,2014/2015
AS Monaco,Jérémy Labor,22,Centre-Back,Zulte Waregem,free transfer,out,Summer,NA,Ligue 1,2014,2014/2015
AS Monaco,Jérôme Phojo,21,Right-Back,AC Arles,free transfer,out,Summer,NA,Ligue 1,2014,2014/2015
AS Monaco,Paul Nardi,20,Goalkeeper,AS Nancy,loan transfer,out,Summer,NA,Ligue 1,2014,2014/2015
AS Monaco,Jessy Pi,20,Defensive Midfield,Troyes,loan transfer,out,Summer,NA,Ligue 1,2014,2014/2015
AS Monaco,Gaetano Monachello,20,Centre-Forward,Virtus Lanciano,loan transfer,out,Summer,NA,Ligue 1,2014,2014/2015
AS Monaco,Marcel Tisserand,21,Centre-Back,Toulouse,loan transfer,out,Summer,NA,Ligue 1,2014,2014/2015
AS Monaco,Delvin N'Dinga,26,Defensive Midfield,Olympiacos,loan transfer,out,Summer,NA,Ligue 1,2014,2014/2015
AS Monaco,Edgar Salli,22,Right Winger,Coimbra,loan transfer,out,Summer,NA,Ligue 1,2014,2014/2015
AS Monaco,Mounir Obbadi,31,Central Midfield,Hellas Verona,loan transfer,out,Summer,NA,Ligue 1,2014,2014/2015
AS Monaco,Nicolas Isimat-Mirin,22,Centre-Back,PSV Eindhoven,loan transfer,out,Summer,NA,Ligue 1,2014,2014/2015
AS Monaco,Martin Sourzac,22,Goalkeeper,Monaco B,-,out,Summer,0,Ligue 1,2014,2014/2015
AS Monaco,Andreas Wolf,32,Centre-Back,Retired,-,out,Summer,0,Ligue 1,2014,2014/2015
AS Monaco,Flavio Roma,40,Goalkeeper,Retired,-,out,Summer,0,Ligue 1,2014,2014/2015
AS Monaco,Sébastien Chabbert,36,Goalkeeper,Retired,-,out,Summer,0,Ligue 1,2014,2014/2015
AS Monaco,Sergio Romero,27,Goalkeeper,Sampdoria,"End of loanJun 30, 2014",out,Summer,0,Ligue 1,2014,2014/2015
AS Monaco,Aymen Abdennour,24,Centre-Back,Toulouse,"End of loanJun 30, 2014",out,Summer,0,Ligue 1,2014,2014/2015
Montpellier HSC,Kévin Bérigaud,26,Centre-Forward,Évian,£2.70m,in,Summer,2.7,Ligue 1,2014,2014/2015
Montpellier HSC,Jean Deza,21,Right Winger,U. San Martín,£450Th.,in,Summer,0.45,Ligue 1,2014,2014/2015
Montpellier HSC,Paul Lasne,25,Defensive Midfield,AC Ajaccio,free transfer,in,Summer,NA,Ligue 1,2014,2014/2015
Montpellier HSC,Dylan Gissi,23,Centre-Back,Olimpo,free transfer,in,Summer,NA,Ligue 1,2014,2014/2015
Montpellier HSC,Lucas Barrios,29,Centre-Forward,Spartak Moscow,loan transfer,in,Summer,NA,Ligue 1,2014,2014/2015
Montpellier HSC,Anthony Ribelin,18,Central Midfield,Montpellier B,-,in,Summer,0,Ligue 1,2014,2014/2015
Montpellier HSC,Steve Mounié,19,Centre-Forward,Montpellier B,-,in,Summer,0,Ligue 1,2014,2014/2015
Montpellier HSC,Bryan Dabo,22,Central Midfield,Blackburn,"End of loanJun 30, 2014",in,Summer,0,Ligue 1,2014,2014/2015
Montpellier HSC,Emanuel Herrera,27,Centre-Forward,Tigres UANL,"End of loanJun 30, 2014",in,Summer,0,Ligue 1,2014,2014/2015
Montpellier HSC,Rémy Cabella,24,Attacking Midfield,Newcastle,£9.00m,out,Summer,9,Ligue 1,2014,2014/2015
Montpellier HSC,Benjamin Stambouli,24,Defensive Midfield,Spurs,£5.31m,out,Summer,5.31,Ligue 1,2014,2014/2015
Montpellier HSC,Garry Bocaly,26,Right-Back,AC Arles,free transfer,out,Summer,NA,Ligue 1,2014,2014/2015
Montpellier HSC,Emanuel Herrera,27,Centre-Forward,CS Emelec,free transfer,out,Summer,NA,Ligue 1,2014,2014/2015
Montpellier HSC,Teddy Mezague,24,Centre-Back,Mouscron,free transfer,out,Summer,NA,Ligue 1,2014,2014/2015
Montpellier HSC,Jonathan Tinhan,25,Centre-Forward,FC Istres,free transfer,out,Summer,NA,Ligue 1,2014,2014/2015
Montpellier HSC,Jeffrey Assoumin,21,Right-Back,Montpellier B,-,out,Summer,0,Ligue 1,2014,2014/2015
Montpellier HSC,Jean Deza,21,Right Winger,U. San Martín,"End of loanJun 30, 2014",out,Summer,0,Ligue 1,2014,2014/2015
Montpellier HSC,M'Baye Niang,19,Centre-Forward,AC Milan,"End of loanJun 30, 2014",out,Summer,0,Ligue 1,2014,2014/2015
FC Nantes,Itay Shechter,27,Centre-Forward,Hapoel Tel Aviv,£378Th.,in,Summer,0.378,Ligue 1,2014,2014/2015
FC Nantes,Johan Audel,30,Left Winger,VfB Stuttgart,free transfer,in,Summer,NA,Ligue 1,2014,2014/2015
FC Nantes,Léo Dubois,19,Right-Back,FC Nantes B,-,in,Summer,0,Ligue 1,2014,2014/2015
FC Nantes,Yacine Bammou,22,Centre-Forward,FC Nantes B,-,in,Summer,0,Ligue 1,2014,2014/2015
FC Nantes,Nassim Badri,20,Goalkeeper,FC Nantes B,-,in,Summer,0,Ligue 1,2014,2014/2015
FC Nantes,Valentin Rongier,19,Central Midfield,FC Nantes B,-,in,Summer,0,Ligue 1,2014,2014/2015
FC Nantes,Abdoulaye Touré,20,Defensive Midfield,FC Nantes B,-,in,Summer,0,Ligue 1,2014,2014/2015
FC Nantes,Kian Hansen,25,Centre-Back,Esbjerg fB,"End of loanJun 30, 2014",in,Summer,0,Ligue 1,2014,2014/2015
FC Nantes,Filip Djordjevic,26,Centre-Forward,Lazio,free transfer,out,Summer,NA,Ligue 1,2014,2014/2015
FC Nantes,Adrien Trebel,23,Central Midfield,Standard Liège,free transfer,out,Summer,NA,Ligue 1,2014,2014/2015
FC Nantes,Fabrice Pancrate,34,Right Winger,Retired,-,out,Summer,0,Ligue 1,2014,2014/2015
FC Nantes,Saad Trabelsi,22,Attacking Midfield,FC Nantes B,-,out,Summer,0,Ligue 1,2014,2014/2015
FC Nantes,Johan Audel,30,Left Winger,VfB Stuttgart,"End of loanJun 30, 2014",out,Summer,0,Ligue 1,2014,2014/2015
FC Nantes,Banel Nicolita,29,Right Winger,Saint-Étienne,"End of loanJun 30, 2014",out,Summer,0,Ligue 1,2014,2014/2015
FC Nantes,Itay Shechter,27,Centre-Forward,Hapoel Tel Aviv,"End of loanJun 30, 2014",out,Summer,0,Ligue 1,2014,2014/2015
OGC Nice,Niklas Hult,24,Left-Back,Elfsborg,£720Th.,in,Summer,0.72,Ligue 1,2014,2014/2015
OGC Nice,Alassane Plea,21,Centre-Forward,Olympique Lyon,£450Th.,in,Summer,0.45,Ligue 1,2014,2014/2015
OGC Nice,Simon Pouplin,29,Goalkeeper,FC Sochaux,free transfer,in,Summer,NA,Ligue 1,2014,2014/2015
OGC Nice,Souleymane Diawara,35,Centre-Back,Marseille,free transfer,in,Summer,NA,Ligue 1,2014,2014/2015
OGC Nice,Julien Vercauteren,21,Attacking Midfield,Lierse SK,?,in,Summer,NA,Ligue 1,2014,2014/2015
OGC Nice,Carlos Eduardo,24,Attacking Midfield,FC Porto,loan transfer,in,Summer,NA,Ligue 1,2014,2014/2015
OGC Nice,Lucas Rougeaux,20,Centre-Back,OGC Nice B,-,in,Summer,0,Ligue 1,2014,2014/2015
OGC Nice,Bryan Constant,20,Centre-Forward,OGC Nice B,-,in,Summer,0,Ligue 1,2014,2014/2015
OGC Nice,Kévin Gomis,25,Centre-Back,Nottm Forest,"End of loanJun 30, 2014",in,Summer,0,Ligue 1,2014,2014/2015
OGC Nice,Joris Delle,24,Goalkeeper,Cercle Brugge,"End of loanJun 30, 2014",in,Summer,0,Ligue 1,2014,2014/2015
OGC Nice,Abraham Gneki Guié,27,Centre-Forward,Apol. Limassol,"End of loanJun 30, 2014",in,Summer,0,Ligue 1,2014,2014/2015
OGC Nice,David Ospina,25,Goalkeeper,Arsenal,£3.60m,out,Summer,3.6,Ligue 1,2014,2014/2015
OGC Nice,Timothée Kolodziejczak,22,Centre-Back,Sevilla FC,£2.70m,out,Summer,2.7,Ligue 1,2014,2014/2015
OGC Nice,Abraham Gneki Guié,27,Centre-Forward,Apol. Limassol,£360Th.,out,Summer,0.36,Ligue 1,2014,2014/2015
OGC Nice,Lucas Veronese,23,Goalkeeper,Amiens SC,free transfer,out,Summer,NA,Ligue 1,2014,2014/2015
OGC Nice,Nemanja Pejcinovic,26,Centre-Back,Loko Moscow,free transfer,out,Summer,NA,Ligue 1,2014,2014/2015
OGC Nice,Fabrice Abriel,35,Central Midfield,Valenciennes FC,free transfer,out,Summer,NA,Ligue 1,2014,2014/2015
OGC Nice,Jordan Astier,22,Centre-Forward,Fréjus-St-Raph.,loan transfer,out,Summer,NA,Ligue 1,2014,2014/2015
OGC Nice,Jérémy Pied,25,Right-Back,Guingamp,loan transfer,out,Summer,NA,Ligue 1,2014,2014/2015
OGC Nice,Lucas Rougeaux,20,Centre-Back,Fréjus-St-Raph.,loan transfer,out,Summer,NA,Ligue 1,2014,2014/2015
OGC Nice,Stéphane Bahoken,22,Centre-Forward,R. Strasbourg,?,out,Summer,NA,Ligue 1,2014,2014/2015
OGC Nice,Kévin Anin,27,Central Midfield,Retired,-,out,Summer,0,Ligue 1,2014,2014/2015
OGC Nice,Moussa M'Bow,22,Right-Back,OGC Nice B,-,out,Summer,0,Ligue 1,2014,2014/2015
OGC Nice,Luigi Bruins,27,Central Midfield,Without Club,-,out,Summer,0,Ligue 1,2014,2014/2015
OGC Nice,Christian Brüls,25,Attacking Midfield,KAA Gent,"End of loanJun 30, 2014",out,Summer,0,Ligue 1,2014,2014/2015
Paris Saint-Germain,David Luiz,27,Centre-Back,Chelsea,£44.55m,in,Summer,44.55,Ligue 1,2014,2014/2015
Paris Saint-Germain,Serge Aurier,21,Right-Back,Toulouse,loan transfer,in,Summer,NA,Ligue 1,2014,2014/2015
Paris Saint-Germain,Jean-Christophe Bahebeck,21,Centre-Forward,Valenciennes FC,"End of loanJun 30, 2014",in,Summer,0,Ligue 1,2014,2014/2015
Paris Saint-Germain,Alphonse Areola,21,Goalkeeper,Lens,"End of loanJun 30, 2014",in,Summer,0,Ligue 1,2014,2014/2015
Paris Saint-Germain,Clément Chantôme,26,Defensive Midfield,Toulouse,"End of loanJun 30, 2014",in,Summer,0,Ligue 1,2014,2014/2015
Paris Saint-Germain,Hervin Ongenda,20,Left Winger,SC Bastia,"End of loanJun 30, 2015",in,Summer,0,Ligue 1,2014,2014/2015
Paris Saint-Germain,Antoine Conte,20,Right-Back,Stade Reims,"End of loanJun 30, 2014",in,Summer,0,Ligue 1,2014,2014/2015
Paris Saint-Germain,Christophe Jallet,30,Right-Back,Olympique Lyon,£1.35m,out,Summer,1.35,Ligue 1,2014,2014/2015
Paris Saint-Germain,Alex,32,Centre-Back,AC Milan,free transfer,out,Summer,NA,Ligue 1,2014,2014/2015
Paris Saint-Germain,Jérémy Ménez,27,Right Winger,AC Milan,free transfer,out,Summer,NA,Ligue 1,2014,2014/2015
Paris Saint-Germain,Kingsley Coman,18,Right Winger,Juventus,free transfer,out,Summer,NA,Ligue 1,2014,2014/2015
Paris Saint-Germain,Antoine Conte,20,Right-Back,Stade Reims,free transfer,out,Summer,NA,Ligue 1,2014,2014/2015
Paris Saint-Germain,Alphonse Areola,21,Goalkeeper,SC Bastia,loan transfer,out,Summer,NA,Ligue 1,2014,2014/2015
Paris Saint-Germain,Hervin Ongenda,19,Left Winger,SC Bastia,loan transfer,out,Summer,NA,Ligue 1,2014,2014/2015
Stade Reims,David N'Gog,25,Centre-Forward,Swansea,free transfer,in,Summer,NA,Ligue 1,2014,2014/2015
Stade Reims,Grégory Bourillon,30,Centre-Back,FC Lorient,free transfer,in,Summer,NA,Ligue 1,2014,2014/2015
Stade Reims,Benjamin Moukandjo,25,Centre-Forward,AS Nancy,free transfer,in,Summer,NA,Ligue 1,2014,2014/2015
Stade Reims,Antoine Conte,20,Right-Back,Paris SG,free transfer,in,Summer,NA,Ligue 1,2014,2014/2015
Stade Reims,Valentin Roberge,27,Centre-Back,Sunderland,loan transfer,in,Summer,NA,Ligue 1,2014,2014/2015
Stade Reims,Chris Mavinga,23,Centre-Back,Rubin Kazan,loan transfer,in,Summer,NA,Ligue 1,2014,2014/2015
Stade Reims,Yann Benedick,22,Right Winger,R. Strasbourg,"End of loanJun 30, 2014",in,Summer,0,Ligue 1,2014,2014/2015
Stade Reims,Alexi Peuget,23,Defensive Midfield,LB Châteauroux,"End of loanJun 30, 2014",in,Summer,0,Ligue 1,2014,2014/2015
Stade Reims,Nicolas Fauvergue,29,Centre-Forward,FC Metz,"End of loanJun 30, 2014",in,Summer,0,Ligue 1,2014,2014/2015
Stade Reims,Jonathan Kodjia,24,Centre-Forward,SM Caen,"End of loanJun 30, 2014",in,Summer,0,Ligue 1,2014,2014/2015
Stade Reims,Grzegorz Krychowiak,24,Defensive Midfield,Sevilla FC,£4.95m,out,Summer,4.95,Ligue 1,2014,2014/2015
Stade Reims,Floyd Ayité,25,Left Winger,SC Bastia,free transfer,out,Summer,NA,Ligue 1,2014,2014/2015
Stade Reims,Nicolas Fauvergue,29,Centre-Forward,AC Ajaccio,free transfer,out,Summer,NA,Ligue 1,2014,2014/2015
Stade Reims,Jonathan Kodjia,24,Centre-Forward,SCO Angers,free transfer,out,Summer,NA,Ligue 1,2014,2014/2015
Stade Reims,Bilal Ouali,20,Right Winger,RAEC Mons,free transfer,out,Summer,NA,Ligue 1,2014,2014/2015
Stade Reims,Atila Turan,22,Left-Back,Kasimpasa,loan transfer,out,Summer,NA,Ligue 1,2014,2014/2015
Stade Reims,Florent Ghisolfi,29,Central Midfield,Retired,-,out,Summer,0,Ligue 1,2014,2014/2015
Stade Reims,Antoine Conte,20,Right-Back,Paris SG,"End of loanJun 30, 2014",out,Summer,0,Ligue 1,2014,2014/2015
Stade Rennais FC,Habib Habibou,27,Centre-Forward,KAA Gent,£2.25m,in,Summer,2.25,Ligue 1,2014,2014/2015
Stade Rennais FC,Mexer,25,Centre-Back,Nacional,£1.97m,in,Summer,1.97,Ligue 1,2014,2014/2015
Stade Rennais FC,Philipp Hosiner,25,Centre-Forward,Austria Vienna,£1.71m,in,Summer,1.71,Ligue 1,2014,2014/2015
Stade Rennais FC,Gelson Fernandes,27,Defensive Midfield,SC Freiburg,£1.44m,in,Summer,1.44,Ligue 1,2014,2014/2015
Stade Rennais FC,Fallou Diagne,25,Centre-Back,SC Freiburg,£1.35m,in,Summer,1.35,Ligue 1,2014,2014/2015
Stade Rennais FC,Sanjin Prcic,20,Central Midfield,FC Sochaux,£900Th.,in,Summer,0.9,Ligue 1,2014,2014/2015
Stade Rennais FC,Pedro Henrique,24,Left Winger,FC Zürich,£360Th.,in,Summer,0.36,Ligue 1,2014,2014/2015
Stade Rennais FC,Benjamin André,23,Defensive Midfield,AC Ajaccio,free transfer,in,Summer,NA,Ligue 1,2014,2014/2015
Stade Rennais FC,Olivier Sorin,33,Goalkeeper,AJ Auxerre,free transfer,in,Summer,NA,Ligue 1,2014,2014/2015
Stade Rennais FC,Christian Brüls,25,Attacking Midfield,KAA Gent,?,in,Summer,NA,Ligue 1,2014,2014/2015
Stade Rennais FC,Gjoko Zajkov,19,Centre-Back,Rabotnicki,?,in,Summer,NA,Ligue 1,2014,2014/2015
Stade Rennais FC,Christopher Dilo,20,Goalkeeper,Without Club,-,in,Summer,0,Ligue 1,2014,2014/2015
Stade Rennais FC,Axel Ngando,21,Attacking Midfield,SCO Angers,"End of loanJun 30, 2015",in,Summer,0,Ligue 1,2014,2014/2015
Stade Rennais FC,Zana Allée,20,Left Winger,AJ Auxerre,"End of loanJun 30, 2014",in,Summer,0,Ligue 1,2014,2014/2015
Stade Rennais FC,Cheick Diarra,22,Centre-Forward,FC Istres,"End of loanJun 30, 2014",in,Summer,0,Ligue 1,2014,2014/2015
Stade Rennais FC,Axel Ngando,20,Attacking Midfield,AJ Auxerre,"End of loanJun 30, 2014",in,Summer,0,Ligue 1,2014,2014/2015
Stade Rennais FC,Dimitri Foulquier,21,Right-Back,Granada CF,"End of loanJun 30, 2014",in,Summer,0,Ligue 1,2014,2014/2015
Stade Rennais FC,Abdoulaye Sané,21,Centre-Forward,Stade Lavallois,"End of loanJun 30, 2014",in,Summer,0,Ligue 1,2014,2014/2015
Stade Rennais FC,Sadio Diallo,23,Central Midfield,FC Lorient,"End of loanJun 30, 2014",in,Summer,0,Ligue 1,2014,2014/2015
Stade Rennais FC,Tiemoué Bakayoko,19,Defensive Midfield,Monaco,£7.20m,out,Summer,7.2,Ligue 1,2014,2014/2015
Stade Rennais FC,Jonathan Pitroipa,28,Right Winger,Al-Jazira,£4.50m,out,Summer,4.5,Ligue 1,2014,2014/2015
Stade Rennais FC,Romain Alessandrini,25,Right Winger,Marseille,£4.50m,out,Summer,4.5,Ligue 1,2014,2014/2015
Stade Rennais FC,Dimitri Foulquier,21,Right-Back,Granada CF,£2.25m,out,Summer,2.25,Ligue 1,2014,2014/2015
Stade Rennais FC,Julien Féret,31,Attacking Midfield,SM Caen,free transfer,out,Summer,NA,Ligue 1,2014,2014/2015
Stade Rennais FC,John Boye,27,Centre-Back,K. Erciyesspor,free transfer,out,Summer,NA,Ligue 1,2014,2014/2015
Stade Rennais FC,Cédric Hountondji,20,Centre-Back,LB Châteauroux,loan transfer,out,Summer,NA,Ligue 1,2014,2014/2015
Stade Rennais FC,Wesley Saïd,19,Left Winger,Stade Lavallois,loan transfer,out,Summer,NA,Ligue 1,2014,2014/2015
Stade Rennais FC,Cheick Diarra,22,Centre-Forward,AJ Auxerre,loan transfer,out,Summer,NA,Ligue 1,2014,2014/2015
Stade Rennais FC,Sadio Diallo,23,Central Midfield,FC Lorient,loan transfer,out,Summer,NA,Ligue 1,2014,2014/2015
Stade Rennais FC,Cheick N'Diaye,29,Goalkeeper,Without Club,-,out,Summer,0,Ligue 1,2014,2014/2015
Stade Rennais FC,Abdoulaye Sané,21,Centre-Forward,Rennes B,-,out,Summer,0,Ligue 1,2014,2014/2015
Stade Rennais FC,Nélson Oliveira,22,Centre-Forward,Benfica,"End of loanJun 30, 2014",out,Summer,0,Ligue 1,2014,2014/2015
Stade Rennais FC,Silvio Romero,25,Centre-Forward,Lanús,"End of loanJun 30, 2014",out,Summer,0,Ligue 1,2014,2014/2015
Stade Rennais FC,Foued Kadir,30,Attacking Midfield,Marseille,"End of loanJun 30, 2014",out,Summer,0,Ligue 1,2014,2014/2015
AS Saint-Étienne,Yohan Mollo,24,Right Winger,AS Nancy,£3.60m,in,Summer,3.6,Ligue 1,2014,2014/2015
AS Saint-Étienne,Kévin Monnet-Paquet,25,Left Winger,FC Lorient,free transfer,in,Summer,NA,Ligue 1,2014,2014/2015
AS Saint-Étienne,Kévin Théophile-Catherine,24,Centre-Back,Cardiff,loan transfer,in,Summer,NA,Ligue 1,2014,2014/2015
AS Saint-Étienne,Ricky van Wolfswinkel,25,Centre-Forward,Norwich,loan transfer,in,Summer,NA,Ligue 1,2014,2014/2015
AS Saint-Étienne,Pierre-Yves Polomat,20,Left-Back,LB Châteauroux,"End of loanJun 30, 2014",in,Summer,0,Ligue 1,2014,2014/2015
AS Saint-Étienne,Banel Nicolita,29,Right Winger,FC Nantes,"End of loanJun 30, 2014",in,Summer,0,Ligue 1,2014,2014/2015
AS Saint-Étienne,Kevin Mayi,21,Centre-Forward,Chamois Niort,"End of loanJun 30, 2014",in,Summer,0,Ligue 1,2014,2014/2015
AS Saint-Étienne,Lynel Kitambala,25,Centre-Forward,AJ Auxerre,"End of loanJun 30, 2014",in,Summer,0,Ligue 1,2014,2014/2015
AS Saint-Étienne,Kevin Mayi,21,Centre-Forward,G. Ajaccio,free transfer,out,Summer,NA,Ligue 1,2014,2014/2015
AS Saint-Étienne,Brandão,34,Centre-Forward,SC Bastia,free transfer,out,Summer,NA,Ligue 1,2014,2014/2015
AS Saint-Étienne,Lynel Kitambala,25,Centre-Forward,RSC Charleroi,free transfer,out,Summer,NA,Ligue 1,2014,2014/2015
AS Saint-Étienne,Danijel Aleksic,23,Attacking Midfield,Lechia Gdansk,free transfer,out,Summer,NA,Ligue 1,2014,2014/2015
AS Saint-Étienne,Jean-Pascal Mignot,33,Centre-Back,FC Sochaux,free transfer,out,Summer,NA,Ligue 1,2014,2014/2015
AS Saint-Étienne,Pierre-Yves Polomat,20,Left-Back,Stade Lavallois,loan transfer,out,Summer,NA,Ligue 1,2014,2014/2015
AS Saint-Étienne,Banel Nicolita,29,Right Winger,Without Club,-,out,Summer,0,Ligue 1,2014,2014/2015
AS Saint-Étienne,Josuha Guilavogui,23,Defensive Midfield,Atlético Madrid,"End of loanJun 30, 2014",out,Summer,0,Ligue 1,2014,2014/2015
AS Saint-Étienne,Kurt Zouma,19,Centre-Back,Chelsea,"End of loanJun 30, 2014",out,Summer,0,Ligue 1,2014,2014/2015
AS Saint-Étienne,Benoît Trémoulinas,28,Left-Back,Dynamo Kyiv,"End of loanJun 30, 2014",out,Summer,0,Ligue 1,2014,2014/2015
AS Saint-Étienne,Yohan Mollo,24,Right Winger,AS Nancy,"End of loanJun 30, 2014",out,Summer,0,Ligue 1,2014,2014/2015
FC Toulouse,Tongo Doumbia,25,Defensive Midfield,Wolves,£1.08m,in,Summer,1.08,Ligue 1,2014,2014/2015
FC Toulouse,Dragos Grigore,27,Centre-Back,FC Dinamo,£900Th.,in,Summer,0.9,Ligue 1,2014,2014/2015
FC Toulouse,Aleksandar Pesic,22,Centre-Forward,Jagodina,£720Th.,in,Summer,0.72,Ligue 1,2014,2014/2015
FC Toulouse,Maxime Spano,19,Centre-Back,ES Pennoise,free transfer,in,Summer,NA,Ligue 1,2014,2014/2015
FC Toulouse,Marcel Tisserand,21,Centre-Back,Monaco,loan transfer,in,Summer,NA,Ligue 1,2014,2014/2015
FC Toulouse,William Matheus,24,Left-Back,Palmeiras,?,in,Summer,NA,Ligue 1,2014,2014/2015
FC Toulouse,Alexis Blin,18,Defensive Midfield,Toulouse B,-,in,Summer,0,Ligue 1,2014,2014/2015
FC Toulouse,Lionel Mpasi-Nzau,19,Goalkeeper,Toulouse B,-,in,Summer,0,Ligue 1,2014,2014/2015
FC Toulouse,Florian David,21,Attacking Midfield,Toulouse B,-,in,Summer,0,Ligue 1,2014,2014/2015
FC Toulouse,Aymen Abdennour,24,Centre-Back,Monaco,"End of loanJun 30, 2014",in,Summer,0,Ligue 1,2014,2014/2015
FC Toulouse,Aymen Abdennour,24,Centre-Back,Monaco,£11.70m,out,Summer,11.7,Ligue 1,2014,2014/2015
FC Toulouse,Eden Ben Basat,27,Centre-Forward,M. Tel Aviv,£630Th.,out,Summer,0.63,Ligue 1,2014,2014/2015
FC Toulouse,Olivier Blondel,35,Goalkeeper,FC Istres,free transfer,out,Summer,NA,Ligue 1,2014,2014/2015
FC Toulouse,Gaël Vena,21,Centre-Back,Amiens SC,free transfer,out,Summer,NA,Ligue 1,2014,2014/2015
FC Toulouse,Serge Aurier,21,Right-Back,Paris SG,loan transfer,out,Summer,NA,Ligue 1,2014,2014/2015
FC Toulouse,Mickaël Firmin,23,Centre-Back,Without Club,-,out,Summer,0,Ligue 1,2014,2014/2015
FC Toulouse,Jonathan Zebina,35,Centre-Back,Without Club,-,out,Summer,0,Ligue 1,2014,2014/2015
FC Toulouse,Clément Chantôme,26,Defensive Midfield,Paris SG,"End of loanJun 30, 2014",out,Summer,0,Ligue 1,2014,2014/2015
LOSC Lille,Michael Frey,20,Centre-Forward,BSC Young Boys,£2.70m,in,Summer,2.7,Ligue 1,2014,2014/2015
LOSC Lille,Sébastien Corchia,23,Right-Back,FC Sochaux,£1.62m,in,Summer,1.62,Ligue 1,2014,2014/2015
LOSC Lille,Divock Origi,19,Centre-Forward,Liverpool,loan transfer,in,Summer,NA,Ligue 1,2014,2014/2015
LOSC Lille,Rony Lopes,18,Right Winger,Man City,loan transfer,in,Summer,NA,Ligue 1,2014,2014/2015
LOSC Lille,Alexandre Oukidja,25,Goalkeeper,Mouscron,"End of loanJun 30, 2014",in,Summer,0,Ligue 1,2014,2014/2015
LOSC Lille,Abdoulay Diaby,23,Right Winger,Mouscron,"End of loanJun 30, 2014",in,Summer,0,Ligue 1,2014,2014/2015
LOSC Lille,Julian Michel,22,Central Midfield,Mouscron,"End of loanJun 30, 2014",in,Summer,0,Ligue 1,2014,2014/2015
LOSC Lille,Gianni Bruno,22,Centre-Forward,SC Bastia,"End of loanJun 30, 2014",in,Summer,0,Ligue 1,2014,2014/2015
LOSC Lille,Divock Origi,19,Centre-Forward,Liverpool,£11.37m,out,Summer,11.37,Ligue 1,2014,2014/2015
LOSC Lille,Salomon Kalou,29,Left Winger,Hertha BSC,£1.62m,out,Summer,1.62,Ligue 1,2014,2014/2015
LOSC Lille,Gianni Bruno,22,Centre-Forward,Évian,free transfer,out,Summer,NA,Ligue 1,2014,2014/2015
LOSC Lille,Alexandre Oukidja,26,Goalkeeper,R. Strasbourg,free transfer,out,Summer,NA,Ligue 1,2014,2014/2015
LOSC Lille,Julian Michel,22,Central Midfield,Mouscron,free transfer,out,Summer,NA,Ligue 1,2014,2014/2015
LOSC Lille,Barel Mouko,35,Goalkeeper,Unknown,free transfer,out,Summer,NA,Ligue 1,2014,2014/2015
LOSC Lille,Abdoulay Diaby,23,Right Winger,Mouscron,loan transfer,out,Summer,NA,Ligue 1,2014,2014/2015
LOSC Lille,Julian Jeanvier,22,Centre-Back,Mouscron,loan transfer,out,Summer,NA,Ligue 1,2014,2014/2015
LOSC Lille,John Jairo Ruiz,20,Left Winger,KV Oostende,loan transfer,out,Summer,NA,Ligue 1,2014,2014/2015
SC Bastia,Gaël Danic,33,Left Winger,Olympique Lyon,free transfer,in,Winter,NA,Ligue 1,2014,2014/2015
SC Bastia,Lyes Houri,19,Attacking Midfield,Valenciennes B,free transfer,in,Winter,NA,Ligue 1,2014,2014/2015
SC Bastia,Giovanni Sio,25,Centre-Forward,FC Basel,loan transfer,in,Winter,NA,Ligue 1,2014,2014/2015
SC Bastia,Joseph Barbato,20,Centre-Forward,US Colomiers,"End of loanFeb 1, 2015",in,Winter,0,Ligue 1,2014,2014/2015
SC Bastia,Juan Pablo Pino,27,Right Winger,Without Club,-,out,Winter,0,Ligue 1,2014,2014/2015
SC Bastia,Joao Rodríguez,18,Centre-Forward,Chelsea U21,"End of loanJan 8, 2015",out,Winter,0,Ligue 1,2014,2014/2015
SC Bastia,Benjamin Mokulu,25,Centre-Forward,KV Mechelen,"End of loanJan 12, 2015",out,Winter,0,Ligue 1,2014,2014/2015
FC Girondins Bordeaux,Isaac Kiese Thelin,22,Centre-Forward,Malmö FF,£3.15m,in,Winter,3.15,Ligue 1,2014,2014/2015
FC Girondins Bordeaux,Clément Chantôme,27,Defensive Midfield,Paris SG,£630Th.,in,Winter,0.63,Ligue 1,2014,2014/2015
FC Girondins Bordeaux,Cédric Yambéré,24,Centre-Back,G. Bordeaux B,-,in,Winter,0,Ligue 1,2014,2014/2015
FC Girondins Bordeaux,Rodrigo Castro,21,Attacking Midfield,Red Star FC,"End of loanMar 19, 2015",in,Winter,0,Ligue 1,2014,2014/2015
FC Girondins Bordeaux,Emiliano Sala,24,Centre-Forward,SM Caen,loan transfer,out,Winter,NA,Ligue 1,2014,2014/2015
FC Girondins Bordeaux,Clément Badin,21,Defensive Midfield,Real Avilés,loan transfer,out,Winter,NA,Ligue 1,2014,2014/2015
FC Girondins Bordeaux,Rodrigo Castro,21,Attacking Midfield,Without Club,-,out,Winter,0,Ligue 1,2014,2014/2015
SM Caen,Emiliano Sala,24,Centre-Forward,G. Bordeaux,loan transfer,in,Winter,NA,Ligue 1,2014,2014/2015
SM Caen,Nicolas Benezet,23,Left Winger,Évian,loan transfer,in,Winter,NA,Ligue 1,2014,2014/2015
SM Caen,Florian Raspentino,25,Centre-Forward,Dijon,loan transfer,out,Winter,NA,Ligue 1,2014,2014/2015
SM Caen,Mathieu Duhamel,30,Centre-Forward,Évian,loan transfer,out,Winter,NA,Ligue 1,2014,2014/2015
SM Caen,Jean-Jacques Pierre,34,Centre-Back,SCO Angers,loan transfer,out,Winter,NA,Ligue 1,2014,2014/2015
FC Évian Thonon Gaillard,Dany Nounkeu,28,Centre-Back,Galatasaray,loan transfer,in,Winter,NA,Ligue 1,2014,2014/2015
FC Évian Thonon Gaillard,Mathieu Duhamel,30,Centre-Forward,SM Caen,loan transfer,in,Winter,NA,Ligue 1,2014,2014/2015
FC Évian Thonon Gaillard,Gilles Sunu,23,Centre-Forward,FC Lorient,?,in,Winter,NA,Ligue 1,2014,2014/2015
FC Évian Thonon Gaillard,David Ramírez,21,Centre-Forward,Saprissa,loan transfer,in,Winter,NA,Ligue 1,2014,2014/2015
FC Évian Thonon Gaillard,Nicolás Blandi,25,Centre-Forward,San Lorenzo,loan transfer,in,Winter,NA,Ligue 1,2014,2014/2015
FC Évian Thonon Gaillard,Gaël Givet,33,Centre-Back,AC Arles,free transfer,out,Winter,NA,Ligue 1,2014,2014/2015
FC Évian Thonon Gaillard,Gianni Bruno,23,Centre-Forward,FC Lorient,loan transfer,out,Winter,NA,Ligue 1,2014,2014/2015
FC Évian Thonon Gaillard,Nicolas Benezet,23,Left Winger,SM Caen,loan transfer,out,Winter,NA,Ligue 1,2014,2014/2015
EA Guingamp,Yannis Salibur,23,Right Winger,Clermont Foot,?,in,Winter,NA,Ligue 1,2014,2014/2015
RC Lens,Dimitri Cavaré,19,Right-Back,Stade Rennais,loan transfer,in,Winter,NA,Ligue 1,2014,2014/2015
RC Lens,Benjamin Boulenger,24,Centre-Back,RC Lens B,-,in,Winter,0,Ligue 1,2014,2014/2015
RC Lens,Taylor Moore,17,Centre-Back,RC Lens U19,-,in,Winter,0,Ligue 1,2014,2014/2015
RC Lens,Aristote Madiani,19,Right Winger,RC Lens B,-,in,Winter,0,Ligue 1,2014,2014/2015
RC Lens,Dimitri Cavaré,19,Right-Back,Stade Rennais,£2.70m,out,Winter,2.7,Ligue 1,2014,2014/2015
FC Lorient,Romain Philippoteaux,26,Left Winger,Dijon,£2.25m,in,Winter,2.25,Ligue 1,2014,2014/2015
FC Lorient,Didier Ndong,20,Central Midfield,CS Sfaxien,£855Th.,in,Winter,0.855,Ligue 1,2014,2014/2015
FC Lorient,Gianni Bruno,23,Centre-Forward,Évian,loan transfer,in,Winter,NA,Ligue 1,2014,2014/2015
FC Lorient,Baptiste Reynet,24,Goalkeeper,Dijon,"End of loanFeb 1, 2015",in,Winter,0,Ligue 1,2014,2014/2015
FC Lorient,Bryan Pelé,22,Left Midfield,Stade Brestois,£180Th.,out,Winter,0.18,Ligue 1,2014,2014/2015
FC Lorient,Baptiste Reynet,24,Goalkeeper,Dijon,free transfer,out,Winter,NA,Ligue 1,2014,2014/2015
FC Lorient,Enzo Réale,23,Central Midfield,AC Arles,loan transfer,out,Winter,NA,Ligue 1,2014,2014/2015
FC Lorient,Gilles Sunu,23,Centre-Forward,Évian,?,out,Winter,NA,Ligue 1,2014,2014/2015
FC Lorient,Alain Traoré,26,Attacking Midfield,Monaco,loan transfer,out,Winter,NA,Ligue 1,2014,2014/2015
FC Lorient,Julien Quercia,28,Centre-Forward,Career break,-,out,Winter,0,Ligue 1,2014,2014/2015
Olympique Lyon,Maxwel Cornet,18,Left Winger,FC Metz,£2.39m,in,Winter,2.39,Ligue 1,2014,2014/2015
Olympique Lyon,Gaël Danic,33,Left Winger,SC Bastia,free transfer,out,Winter,NA,Ligue 1,2014,2014/2015
Olympique Lyon,Jérémy Frick,21,Goalkeeper,Servette FC,loan transfer,out,Winter,NA,Ligue 1,2014,2014/2015
Olympique Marseille,Lucas Ocampos,20,Left Winger,Monaco,loan transfer,in,Winter,NA,Ligue 1,2014,2014/2015
Olympique Marseille,Dória,20,Centre-Back,São Paulo,loan transfer,out,Winter,NA,Ligue 1,2014,2014/2015
FC Metz,Fakhreddine Ben Youssef,23,Centre-Forward,CS Sfaxien,£1.08m,in,Winter,1.08,Ligue 1,2014,2014/2015
FC Metz,Ferjani Sassi,22,Central Midfield,CS Sfaxien,£450Th.,in,Winter,0.45,Ligue 1,2014,2014/2015
FC Metz,Janis Ikaunieks,19,Attacking Midfield,Liepaja,?,in,Winter,NA,Ligue 1,2014,2014/2015
FC Metz,Maxwel Cornet,18,Left Winger,Olympique Lyon,£2.39m,out,Winter,2.39,Ligue 1,2014,2014/2015
FC Metz,Ali Bamba,23,Left-Back,Seraing United,loan transfer,out,Winter,NA,Ligue 1,2014,2014/2015
AS Monaco,Bernardo Silva,20,Attacking Midfield,Benfica,£14.18m,in,Winter,14.18,Ligue 1,2014,2014/2015
AS Monaco,Matheus Carvalho,22,Right Winger,Fluminense,loan transfer,in,Winter,NA,Ligue 1,2014,2014/2015
AS Monaco,Alain Traoré,26,Attacking Midfield,FC Lorient,loan transfer,in,Winter,NA,Ligue 1,2014,2014/2015
AS Monaco,Dylan Bahamboula,19,Attacking Midfield,Monaco B,-,in,Winter,0,Ligue 1,2014,2014/2015
AS Monaco,Almamy Touré,18,Right-Back,Monaco U19,-,in,Winter,0,Ligue 1,2014,2014/2015
AS Monaco,Lucas Ocampos,20,Left Winger,Marseille,loan transfer,out,Winter,NA,Ligue 1,2014,2014/2015
AS Monaco,Borja López,20,Centre-Back,Dep. La Coruña,loan transfer,out,Winter,NA,Ligue 1,2014,2014/2015
AS Monaco,Bernardo Silva,20,Attacking Midfield,Benfica,"End of loanJan 19, 2015",out,Winter,0,Ligue 1,2014,2014/2015
Montpellier HSC,Sébastien Wüthrich,24,Attacking Midfield,FC Sion,£450Th.,in,Winter,0.45,Ligue 1,2014,2014/2015
Montpellier HSC,Florian Sotoca,24,Centre-Forward,AS Béziers,free transfer,in,Winter,NA,Ligue 1,2014,2014/2015
Montpellier HSC,Jérôme Roussillon,22,Left-Back,FC Sochaux,?,in,Winter,NA,Ligue 1,2014,2014/2015
Montpellier HSC,Víctor Montaño,30,Centre-Forward,Toluca,free transfer,out,Winter,NA,Ligue 1,2014,2014/2015
Montpellier HSC,Jérôme Roussillon,22,Left-Back,FC Sochaux,loan transfer,out,Winter,NA,Ligue 1,2014,2014/2015
Montpellier HSC,Yassine Jebbour,23,Right-Back,Varese,loan transfer,out,Winter,NA,Ligue 1,2014,2014/2015
Montpellier HSC,Jean Deza,21,Right Winger,Alianza Lima,loan transfer,out,Winter,NA,Ligue 1,2014,2014/2015
FC Nantes,Anthony Walongwa,21,Centre-Back,FC Nantes B,-,in,Winter,0,Ligue 1,2014,2014/2015
FC Nantes,Itay Shechter,27,Centre-Forward,Maccabi Haifa,free transfer,out,Winter,NA,Ligue 1,2014,2014/2015
FC Nantes,Birama Touré,22,Defensive Midfield,Stade Brestois,loan transfer,out,Winter,NA,Ligue 1,2014,2014/2015
FC Nantes,Abdoulaye Touré,20,Defensive Midfield,Poiré-sur-Vie,loan transfer,out,Winter,NA,Ligue 1,2014,2014/2015
FC Nantes,Fernando Aristeguieta,22,Centre-Forward,Philadelphia,loan transfer,out,Winter,NA,Ligue 1,2014,2014/2015
OGC Nice,Darío Cvitanich,30,Centre-Forward,CF Pachuca,free transfer,out,Winter,NA,Ligue 1,2014,2014/2015
Paris Saint-Germain,Jean-Kévin Augustin,17,Centre-Forward,Paris SG B,-,in,Winter,0,Ligue 1,2014,2014/2015
Paris Saint-Germain,Jérémi Kimmakon,20,Right Winger,Paris SG B,-,in,Winter,0,Ligue 1,2014,2014/2015
Paris Saint-Germain,Clément Chantôme,27,Defensive Midfield,G. Bordeaux,£630Th.,out,Winter,0.63,Ligue 1,2014,2014/2015
Stade Reims,Eliran Atar,27,Left Winger,Maccabi Haifa,free transfer,out,Winter,NA,Ligue 1,2014,2014/2015
Stade Reims,Bocundji Ca,28,Defensive Midfield,LB Châteauroux,free transfer,out,Winter,NA,Ligue 1,2014,2014/2015
Stade Reims,Gaëtan Courtet,25,Centre-Forward,Stade Brestois,loan transfer,out,Winter,NA,Ligue 1,2014,2014/2015
Stade Rennais FC,Dimitri Cavaré,19,Right-Back,Lens,£2.70m,in,Winter,2.7,Ligue 1,2014,2014/2015
Stade Rennais FC,Ermir Lenjani,25,Left Midfield,FC St. Gallen,£675Th.,in,Winter,0.675,Ligue 1,2014,2014/2015
Stade Rennais FC,Edvinas Gertmonas,18,Goalkeeper,Atlantas,£270Th.,in,Winter,0.27,Ligue 1,2014,2014/2015
Stade Rennais FC,Cheick Diarra,22,Centre-Forward,AJ Auxerre,"End of loanFeb 1, 2015",in,Winter,0,Ligue 1,2014,2014/2015
Stade Rennais FC,Jean-Armel Kana-Biyik,25,Centre-Back,Toulouse,free transfer,out,Winter,NA,Ligue 1,2014,2014/2015
Stade Rennais FC,Adrien Hunou,20,Centre-Forward,Clermont Foot,loan transfer,out,Winter,NA,Ligue 1,2014,2014/2015
Stade Rennais FC,Edvinas Gertmonas,18,Goalkeeper,Atlantas,loan transfer,out,Winter,NA,Ligue 1,2014,2014/2015
Stade Rennais FC,Axel Ngando,21,Attacking Midfield,SCO Angers,loan transfer,out,Winter,NA,Ligue 1,2014,2014/2015
Stade Rennais FC,Dimitri Cavaré,19,Right-Back,Lens,loan transfer,out,Winter,NA,Ligue 1,2014,2014/2015
Stade Rennais FC,Cheick Diarra,22,Centre-Forward,AJ Auxerre,?,out,Winter,NA,Ligue 1,2014,2014/2015
AS Saint-Étienne,Landry N'Guémo,29,Defensive Midfield,Without Club,-,in,Winter,0,Ligue 1,2014,2014/2015
FC Toulouse,Jean-Armel Kana-Biyik,25,Centre-Back,Stade Rennais,free transfer,in,Winter,NA,Ligue 1,2014,2014/2015
FC Toulouse,Dominik Furman,22,Central Midfield,Legia Warszawa,loan transfer,out,Winter,NA,Ligue 1,2014,2014/2015
LOSC Lille,Sofiane Boufal,21,Left Winger,SCO Angers,£2.70m,in,Winter,2.7,Ligue 1,2014,2014/2015
LOSC Lille,Kevin Koubemba,21,Right Winger,LOSC Lille B,-,in,Winter,0,Ligue 1,2014,2014/2015
LOSC Lille,Adama Traoré,19,Central Midfield,LOSC Lille B,-,in,Winter,0,Ligue 1,2014,2014/2015
LOSC Lille,Youssouf Koné,19,Left-Back,LOSC Lille B,-,in,Winter,0,Ligue 1,2014,2014/2015
LOSC Lille,Abdoulay Diaby,23,Right Winger,Mouscron,"End of loanFeb 2, 2015",in,Winter,0,Ligue 1,2014,2014/2015
LOSC Lille,Pape Souaré,24,Left-Back,Crystal Palace,£4.77m,out,Winter,4.77,Ligue 1,2014,2014/2015
LOSC Lille,Ronny Rodelin,25,Right Winger,Mouscron,loan transfer,out,Winter,NA,Ligue 1,2014,2014/2015
