club_name,player_name,age,position,club_involved_name,fee,transfer_movement,transfer_period,fee_cleaned,league_name,year,season
Bayern Munich,Medhi Benatia,27,Centre-Back,AS Roma,£25.20m,in,Summer,25.2,1 Bundesliga,2014,2014/2015
Bayern Munich,Juan Bernat,21,Left-Back,Valencia,£9.00m,in,Summer,9,1 Bundesliga,2014,2014/2015
Bayern Munich,Xabi Alonso,32,Defensive Midfield,Real Madrid,£8.10m,in,Summer,8.1,1 Bundesliga,2014,2014/2015
Bayern Munich,Sinan Kurt,18,Left Winger,M'gladbach II,£2.70m,in,Summer,2.7,1 Bundesliga,2014,2014/2015
Bayern Munich,Pepe Reina,31,Goalkeeper,Liverpool,£2.70m,in,Summer,2.7,1 Bundesliga,2014,2014/2015
Bayern Munich,Ivan Lucic,19,Goalkeeper,SV Ried,£360Th.,in,Summer,0.36,1 Bundesliga,2014,2014/2015
Bayern Munich,Sebastian Rode,23,Central Midfield,E. Frankfurt,free transfer,in,Summer,NA,1 Bundesliga,2014,2014/2015
Bayern Munich,Robert Lewandowski,25,Centre-Forward,Bor. Dortmund,free transfer,in,Summer,NA,1 Bundesliga,2014,2014/2015
Bayern Munich,Gianluca Gaudino,17,Central Midfield,FC Bayern U19,-,in,Summer,0,1 Bundesliga,2014,2014/2015
Bayern Munich,Toni Kroos,24,Central Midfield,Real Madrid,£22.50m,out,Summer,22.5,1 Bundesliga,2014,2014/2015
Bayern Munich,Mario Mandzukic,28,Centre-Forward,Atlético Madrid,£19.80m,out,Summer,19.8,1 Bundesliga,2014,2014/2015
Bayern Munich,Diego Contento,24,Left-Back,G. Bordeaux,£900Th.,out,Summer,0.9,1 Bundesliga,2014,2014/2015
Bayern Munich,Alessandro Schöpf,20,Central Midfield,1.FC Nuremberg,£360Th.,out,Summer,0.36,1 Bundesliga,2014,2014/2015
Bayern Munich,Julian Green,19,Central Midfield,Hamburger SV,Loan fee:£270Th.,out,Summer,0.27,1 Bundesliga,2014,2014/2015
Bayern Munich,Lukas Raeder,20,Goalkeeper,Vitória Setúbal,free transfer,out,Summer,NA,1 Bundesliga,2014,2014/2015
Bayern Munich,Patrick Weihrauch,20,Attacking Midfield,FC Bayern II,-,out,Summer,0,1 Bundesliga,2014,2014/2015
Bayern Munich,Daniel Van Buyten,36,Centre-Back,Retired,-,out,Summer,0,1 Bundesliga,2014,2014/2015
Borussia Dortmund,Ciro Immobile,24,Centre-Forward,Torino,£16.65m,in,Summer,16.65,1 Bundesliga,2014,2014/2015
Borussia Dortmund,Matthias Ginter,20,Centre-Back,SC Freiburg,£9.00m,in,Summer,9,1 Bundesliga,2014,2014/2015
Borussia Dortmund,Adrián Ramos,28,Centre-Forward,Hertha BSC,£8.73m,in,Summer,8.73,1 Bundesliga,2014,2014/2015
Borussia Dortmund,Shinji Kagawa,25,Attacking Midfield,Man Utd,£7.20m,in,Summer,7.2,1 Bundesliga,2014,2014/2015
Borussia Dortmund,Nuri Sahin,25,Defensive Midfield,Real Madrid,£6.30m,in,Summer,6.3,1 Bundesliga,2014,2014/2015
Borussia Dortmund,Dong-won Ji,23,Centre-Forward,FC Augsburg,free transfer,in,Summer,NA,1 Bundesliga,2014,2014/2015
Borussia Dortmund,Hendrik Bonmann,20,Goalkeeper,B. Dortmund II,-,in,Summer,0,1 Bundesliga,2014,2014/2015
Borussia Dortmund,Julian Schieber,25,Centre-Forward,Hertha BSC,£2.25m,out,Summer,2.25,1 Bundesliga,2014,2014/2015
Borussia Dortmund,Jonas Hofmann,22,Right Winger,1.FSV Mainz 05,Loan fee:£180Th.,out,Summer,0.18,1 Bundesliga,2014,2014/2015
Borussia Dortmund,Marvin Ducksch,20,Centre-Forward,SC Paderborn,Loan fee:£90Th.,out,Summer,0.09,1 Bundesliga,2014,2014/2015
Borussia Dortmund,Robert Lewandowski,25,Centre-Forward,FC Bayern,free transfer,out,Summer,NA,1 Bundesliga,2014,2014/2015
Borussia Dortmund,Manuel Friedrich,34,Centre-Back,Mumbai City,free transfer,out,Summer,NA,1 Bundesliga,2014,2014/2015
Borussia Dortmund,Nuri Sahin,25,Defensive Midfield,Real Madrid,"End of loanJun 30, 2014",out,Summer,0,1 Bundesliga,2014,2014/2015
FC Schalke 04,Sidney Sam,26,Right Winger,Bay. Leverkusen,£2.25m,in,Summer,2.25,1 Bundesliga,2014,2014/2015
FC Schalke 04,Dennis Aogo,27,Defensive Midfield,Hamburger SV,£1.71m,in,Summer,1.71,1 Bundesliga,2014,2014/2015
FC Schalke 04,Eric Maxim Choupo-Moting,25,Centre-Forward,1.FSV Mainz 05,free transfer,in,Summer,NA,1 Bundesliga,2014,2014/2015
FC Schalke 04,Christian Wetklo,34,Goalkeeper,Darmstadt 98,free transfer,in,Summer,NA,1 Bundesliga,2014,2014/2015
FC Schalke 04,Fabian Giefer,24,Goalkeeper,F. Düsseldorf,free transfer,in,Summer,NA,1 Bundesliga,2014,2014/2015
FC Schalke 04,Timon Wellenreuther,18,Goalkeeper,Schalke 04 U19,-,in,Summer,0,1 Bundesliga,2014,2014/2015
FC Schalke 04,Marcel Sobottka,20,Defensive Midfield,Schalke 04 II,-,in,Summer,0,1 Bundesliga,2014,2014/2015
FC Schalke 04,Pascal Itter,19,Right-Back,Schalke 04 U19,-,in,Summer,0,1 Bundesliga,2014,2014/2015
FC Schalke 04,Donis Avdijaj,17,Attacking Midfield,Schalke 04 U19,-,in,Summer,0,1 Bundesliga,2014,2014/2015
FC Schalke 04,Marvin Friedrich,18,Centre-Back,Schalke 04 U19,-,in,Summer,0,1 Bundesliga,2014,2014/2015
FC Schalke 04,Lars Unnerstall,23,Goalkeeper,FC Aarau,"End of loanJun 30, 2014",in,Summer,0,1 Bundesliga,2014,2014/2015
FC Schalke 04,Tranquillo Barnetta,29,Attacking Midfield,E. Frankfurt,"End of loanJun 30, 2014",in,Summer,0,1 Bundesliga,2014,2014/2015
FC Schalke 04,Philipp Hofmann,21,Centre-Forward,FC Ingolstadt,"End of loanJun 30, 2014",in,Summer,0,1 Bundesliga,2014,2014/2015
FC Schalke 04,Ádám Szalai,26,Centre-Forward,TSG Hoffenheim,£5.40m,out,Summer,5.4,1 Bundesliga,2014,2014/2015
FC Schalke 04,Philipp Hofmann,21,Centre-Forward,1.FC K'lautern,£900Th.,out,Summer,0.9,1 Bundesliga,2014,2014/2015
FC Schalke 04,Kyriakos Papadopoulos,22,Centre-Back,Bay. Leverkusen,Loan fee:£900Th.,out,Summer,0.9,1 Bundesliga,2014,2014/2015
FC Schalke 04,Lars Unnerstall,23,Goalkeeper,F. Düsseldorf,£180Th.,out,Summer,0.18,1 Bundesliga,2014,2014/2015
FC Schalke 04,Tim Hoogland,29,Centre-Back,Fulham,free transfer,out,Summer,NA,1 Bundesliga,2014,2014/2015
FC Schalke 04,Anthony Annan,27,Defensive Midfield,Without Club,-,out,Summer,0,1 Bundesliga,2014,2014/2015
FC Schalke 04,Timo Hildebrand,35,Goalkeeper,Without Club,-,out,Summer,0,1 Bundesliga,2014,2014/2015
FC Schalke 04,Dennis Aogo,27,Defensive Midfield,Hamburger SV,"End of loanJun 30, 2014",out,Summer,0,1 Bundesliga,2014,2014/2015
Bayer 04 Leverkusen,Hakan Calhanoglu,20,Central Midfield,Hamburger SV,£13.73m,in,Summer,13.73,1 Bundesliga,2014,2014/2015
Bayer 04 Leverkusen,Josip Drmic,21,Centre-Forward,1.FC Nuremberg,£6.12m,in,Summer,6.12,1 Bundesliga,2014,2014/2015
Bayer 04 Leverkusen,Wendell,20,Left-Back,Grêmio,£5.85m,in,Summer,5.85,1 Bundesliga,2014,2014/2015
Bayer 04 Leverkusen,Kyriakos Papadopoulos,22,Centre-Back,FC Schalke 04,Loan fee:£900Th.,in,Summer,0.9,1 Bundesliga,2014,2014/2015
Bayer 04 Leverkusen,Tin Jedvaj,18,Centre-Back,AS Roma,Loan fee:£900Th.,in,Summer,0.9,1 Bundesliga,2014,2014/2015
Bayer 04 Leverkusen,Vladlen Yurchenko,20,Attacking Midfield,Shakhtar 3,£230Th.,in,Summer,0.23,1 Bundesliga,2014,2014/2015
Bayer 04 Leverkusen,Dario Kresic,30,Goalkeeper,1.FSV Mainz 05,free transfer,in,Summer,NA,1 Bundesliga,2014,2014/2015
Bayer 04 Leverkusen,Seung-woo Ryu,20,Second Striker,Jeju United,?,in,Summer,NA,1 Bundesliga,2014,2014/2015
Bayer 04 Leverkusen,Joel Pohjanpalo,19,Centre-Forward,HJK Helsinki,?,in,Summer,NA,1 Bundesliga,2014,2014/2015
Bayer 04 Leverkusen,Malcolm Cacutalua,19,Centre-Back,Leverkusen II,-,in,Summer,0,1 Bundesliga,2014,2014/2015
Bayer 04 Leverkusen,Maximilian Wagener,19,Central Midfield,Leverkusen U19,-,in,Summer,0,1 Bundesliga,2014,2014/2015
Bayer 04 Leverkusen,Dennis Engelman,19,Right-Back,Leverkusen U19,-,in,Summer,0,1 Bundesliga,2014,2014/2015
Bayer 04 Leverkusen,Danny da Costa,20,Right-Back,FC Ingolstadt,"End of loanJun 30, 2014",in,Summer,0,1 Bundesliga,2014,2014/2015
Bayer 04 Leverkusen,Malcolm Cacutalua,19,Centre-Back,Greuther Fürth,"End of loanAug 26, 2014",in,Summer,0,1 Bundesliga,2014,2014/2015
Bayer 04 Leverkusen,Joel Pohjanpalo,19,Centre-Forward,VfR Aalen,"End of loanJun 29, 2014",in,Summer,0,1 Bundesliga,2014,2014/2015
Bayer 04 Leverkusen,Arkadiusz Milik,20,Centre-Forward,FC Augsburg,"End of loanJun 30, 2014",in,Summer,0,1 Bundesliga,2014,2014/2015
Bayer 04 Leverkusen,Karim Bellarabi,24,Right Winger,E. Braunschweig,"End of loanJun 30, 2014",in,Summer,0,1 Bundesliga,2014,2014/2015
Bayer 04 Leverkusen,Junior Fernandes,26,Left Winger,Dinamo Zagreb,"End of loanJun 30, 2014",in,Summer,0,1 Bundesliga,2014,2014/2015
Bayer 04 Leverkusen,Emre Can,20,Defensive Midfield,Liverpool,£10.80m,out,Summer,10.8,1 Bundesliga,2014,2014/2015
Bayer 04 Leverkusen,Junior Fernandes,26,Left Winger,Dinamo Zagreb,£2.25m,out,Summer,2.25,1 Bundesliga,2014,2014/2015
Bayer 04 Leverkusen,Sidney Sam,26,Right Winger,FC Schalke 04,£2.25m,out,Summer,2.25,1 Bundesliga,2014,2014/2015
Bayer 04 Leverkusen,Jens Hegeler,26,Central Midfield,Hertha BSC,£810Th.,out,Summer,0.81,1 Bundesliga,2014,2014/2015
Bayer 04 Leverkusen,Philipp Wollscheid,25,Centre-Back,1.FSV Mainz 05,Loan fee:£225Th.,out,Summer,0.225,1 Bundesliga,2014,2014/2015
Bayer 04 Leverkusen,Danny da Costa,20,Right-Back,FC Ingolstadt,free transfer,out,Summer,NA,1 Bundesliga,2014,2014/2015
Bayer 04 Leverkusen,Jonas Meffert,19,Defensive Midfield,Karlsruher SC,free transfer,out,Summer,NA,1 Bundesliga,2014,2014/2015
Bayer 04 Leverkusen,Arkadiusz Milik,20,Centre-Forward,Ajax,loan transfer,out,Summer,NA,1 Bundesliga,2014,2014/2015
Bayer 04 Leverkusen,Dennis Engelman,19,Right-Back,SC Fortuna Köln,loan transfer,out,Summer,NA,1 Bundesliga,2014,2014/2015
Bayer 04 Leverkusen,Seung-woo Ryu,20,Second Striker,E. Braunschweig,loan transfer,out,Summer,NA,1 Bundesliga,2014,2014/2015
Bayer 04 Leverkusen,Joel Pohjanpalo,19,Centre-Forward,F. Düsseldorf,loan transfer,out,Summer,NA,1 Bundesliga,2014,2014/2015
Bayer 04 Leverkusen,Malcolm Cacutalua,19,Centre-Back,Greuther Fürth,loan transfer,out,Summer,NA,1 Bundesliga,2014,2014/2015
Bayer 04 Leverkusen,Malcolm Cacutalua,19,Centre-Back,VfL Bochum,loan transfer,out,Summer,NA,1 Bundesliga,2014,2014/2015
Bayer 04 Leverkusen,Maximilian Wagener,19,Central Midfield,VfL Osnabrück,loan transfer,out,Summer,NA,1 Bundesliga,2014,2014/2015
Bayer 04 Leverkusen,Konstantinos Stafylidis,20,Left-Back,Fulham,loan transfer,out,Summer,NA,1 Bundesliga,2014,2014/2015
Bayer 04 Leverkusen,Andrés Palop,40,Goalkeeper,Retired,-,out,Summer,0,1 Bundesliga,2014,2014/2015
Bayer 04 Leverkusen,Joel Pohjanpalo,19,Centre-Forward,HJK Helsinki,"End of loanJun 30, 2014",out,Summer,0,1 Bundesliga,2014,2014/2015
Bayer 04 Leverkusen,Andrés Guardado,27,Central Midfield,Valencia,"End of loanJun 30, 2014",out,Summer,0,1 Bundesliga,2014,2014/2015
Bayer 04 Leverkusen,Seung-woo Ryu,20,Second Striker,Jeju United,"End of loanAug 13, 2014",out,Summer,0,1 Bundesliga,2014,2014/2015
Bayer 04 Leverkusen,Eren Derdiyok,26,Centre-Forward,TSG Hoffenheim,"End of loanJun 30, 2014",out,Summer,0,1 Bundesliga,2014,2014/2015
VfL Wolfsburg,Josuha Guilavogui,23,Defensive Midfield,Atlético Madrid,Loan fee:£6.12m,in,Summer,6.12,1 Bundesliga,2014,2014/2015
VfL Wolfsburg,Sebastian Jung,24,Right-Back,E. Frankfurt,£2.25m,in,Summer,2.25,1 Bundesliga,2014,2014/2015
VfL Wolfsburg,Mateusz Klich,24,Central Midfield,PEC Zwolle,£675Th.,in,Summer,0.675,1 Bundesliga,2014,2014/2015
VfL Wolfsburg,Aaron Hunt,27,Attacking Midfield,Werder Bremen,free transfer,in,Summer,NA,1 Bundesliga,2014,2014/2015
VfL Wolfsburg,Nicklas Bendtner,26,Centre-Forward,Arsenal,free transfer,in,Summer,NA,1 Bundesliga,2014,2014/2015
VfL Wolfsburg,Kevin Scheidhauer,22,Second Striker,Wolfsburg II,-,in,Summer,0,1 Bundesliga,2014,2014/2015
VfL Wolfsburg,Tolga Cigerci,22,Defensive Midfield,Hertha BSC,"End of loanJun 30, 2014",in,Summer,0,1 Bundesliga,2014,2014/2015
VfL Wolfsburg,Ibrahim Sissoko,22,Attacking Midfield,Dep. La Coruña,"End of loanJun 30, 2014",in,Summer,0,1 Bundesliga,2014,2014/2015
VfL Wolfsburg,Nassim Ben Khalifa,22,Second Striker,Grasshoppers,"End of loanJun 30, 2014",in,Summer,0,1 Bundesliga,2014,2014/2015
VfL Wolfsburg,Rasmus Jönsson,24,Centre-Forward,Aalborg BK,"End of loanJun 30, 2014",in,Summer,0,1 Bundesliga,2014,2014/2015
VfL Wolfsburg,Vaclav Pilar,25,Left Midfield,SC Freiburg,"End of loanJun 30, 2014",in,Summer,0,1 Bundesliga,2014,2014/2015
VfL Wolfsburg,Slobodan Medojevic,23,Defensive Midfield,E. Frankfurt,£1.35m,out,Summer,1.35,1 Bundesliga,2014,2014/2015
VfL Wolfsburg,Tolga Cigerci,22,Defensive Midfield,Hertha BSC,£1.35m,out,Summer,1.35,1 Bundesliga,2014,2014/2015
VfL Wolfsburg,Stefan Kutschke,25,Centre-Forward,SC Paderborn,Loan fee:£270Th.,out,Summer,0.27,1 Bundesliga,2014,2014/2015
VfL Wolfsburg,Vaclav Pilar,25,Left Midfield,Viktoria Plzen,Loan fee:£225Th.,out,Summer,0.225,1 Bundesliga,2014,2014/2015
VfL Wolfsburg,Nassim Ben Khalifa,22,Second Striker,Grasshoppers,£135Th.,out,Summer,0.135,1 Bundesliga,2014,2014/2015
VfL Wolfsburg,Rasmus Jönsson,24,Centre-Forward,Aalborg BK,£135Th.,out,Summer,0.135,1 Bundesliga,2014,2014/2015
VfL Wolfsburg,Jan Polak,33,Defensive Midfield,1.FC Nuremberg,free transfer,out,Summer,NA,1 Bundesliga,2014,2014/2015
VfL Wolfsburg,Ibrahim Sissoko,22,Attacking Midfield,Eskisehirspor,free transfer,out,Summer,NA,1 Bundesliga,2014,2014/2015
VfL Wolfsburg,Kevin Scheidhauer,22,Second Striker,MSV Duisburg,free transfer,out,Summer,NA,1 Bundesliga,2014,2014/2015
Borussia Mönchengladbach,Yann Sommer,25,Goalkeeper,FC Basel,£8.10m,in,Summer,8.1,1 Bundesliga,2014,2014/2015
Borussia Mönchengladbach,André Hahn,23,Right Winger,FC Augsburg,£2.03m,in,Summer,2.03,1 Bundesliga,2014,2014/2015
Borussia Mönchengladbach,Thorgan Hazard,21,Left Winger,Chelsea,Loan fee:£1.35m,in,Summer,1.35,1 Bundesliga,2014,2014/2015
Borussia Mönchengladbach,Ibrahima Traoré,26,Right Winger,VfB Stuttgart,free transfer,in,Summer,NA,1 Bundesliga,2014,2014/2015
Borussia Mönchengladbach,Fabian Johnson,26,Left Winger,TSG Hoffenheim,free transfer,in,Summer,NA,1 Bundesliga,2014,2014/2015
Borussia Mönchengladbach,Marlon Ritter,19,Central Midfield,M'gladbach II,-,in,Summer,0,1 Bundesliga,2014,2014/2015
Borussia Mönchengladbach,Marvin Schulz,19,Defensive Midfield,M'gladbach U19,-,in,Summer,0,1 Bundesliga,2014,2014/2015
Borussia Mönchengladbach,Elias Kachunga,22,Right Winger,SC Paderborn,"End of loanJun 30, 2014",in,Summer,0,1 Bundesliga,2014,2014/2015
Borussia Mönchengladbach,Luuk de Jong,23,Centre-Forward,Newcastle,"End of loanJun 30, 2014",in,Summer,0,1 Bundesliga,2014,2014/2015
Borussia Mönchengladbach,Matthias Zimmermann,22,Right-Back,SV Sandhausen,"End of loanJun 30, 2014",in,Summer,0,1 Bundesliga,2014,2014/2015
Borussia Mönchengladbach,Marc-André ter Stegen,22,Goalkeeper,Barcelona,£10.80m,out,Summer,10.8,1 Bundesliga,2014,2014/2015
Borussia Mönchengladbach,Luuk de Jong,23,Centre-Forward,PSV Eindhoven,£4.95m,out,Summer,4.95,1 Bundesliga,2014,2014/2015
Borussia Mönchengladbach,Elias Kachunga,22,Right Winger,SC Paderborn,£270Th.,out,Summer,0.27,1 Bundesliga,2014,2014/2015
Borussia Mönchengladbach,Amin Younes,21,Attacking Midfield,1.FC K'lautern,Loan fee:£90Th.,out,Summer,0.09,1 Bundesliga,2014,2014/2015
Borussia Mönchengladbach,Juan Arango,34,Left Midfield,Club Tijuana,free transfer,out,Summer,NA,1 Bundesliga,2014,2014/2015
Borussia Mönchengladbach,Lukas Rupp,23,Central Midfield,SC Paderborn,free transfer,out,Summer,NA,1 Bundesliga,2014,2014/2015
Borussia Mönchengladbach,Peniel Mlapa,23,Centre-Forward,1.FC Nuremberg,loan transfer,out,Summer,NA,1 Bundesliga,2014,2014/2015
Borussia Mönchengladbach,Joel Mero,19,Centre-Back,M'gladbach II,-,out,Summer,0,1 Bundesliga,2014,2014/2015
Borussia Mönchengladbach,Matthias Zimmermann,22,Right-Back,M'gladbach II,-,out,Summer,0,1 Bundesliga,2014,2014/2015
1.FSV Mainz 05,Stefanos Kapino,20,Goalkeeper,Panathinaikos,£2.03m,in,Summer,2.03,1 Bundesliga,2014,2014/2015
1.FSV Mainz 05,Jairo Samperio,21,Left Winger,Sevilla FC,£1.98m,in,Summer,1.98,1 Bundesliga,2014,2014/2015
1.FSV Mainz 05,Daniel Brosinski,25,Right-Back,Greuther Fürth,£1.35m,in,Summer,1.35,1 Bundesliga,2014,2014/2015
1.FSV Mainz 05,Pablo de Blasis,26,Left Winger,Asteras Tripoli,£1.08m,in,Summer,1.08,1 Bundesliga,2014,2014/2015
1.FSV Mainz 05,Sami Allagui,28,Centre-Forward,Hertha BSC,Loan fee:£450Th.,in,Summer,0.45,1 Bundesliga,2014,2014/2015
1.FSV Mainz 05,Filip Djuricic,22,Attacking Midfield,Benfica,Loan fee:£360Th.,in,Summer,0.36,1 Bundesliga,2014,2014/2015
1.FSV Mainz 05,Philipp Wollscheid,25,Centre-Back,Bay. Leverkusen,Loan fee:£225Th.,in,Summer,0.225,1 Bundesliga,2014,2014/2015
1.FSV Mainz 05,Jonas Hofmann,22,Right Winger,Bor. Dortmund,Loan fee:£180Th.,in,Summer,0.18,1 Bundesliga,2014,2014/2015
1.FSV Mainz 05,Gonzalo Jara,28,Centre-Back,Nottm Forest,free transfer,in,Summer,NA,1 Bundesliga,2014,2014/2015
1.FSV Mainz 05,Damian Roßbach,21,Centre-Back,FSV Mainz 05 II,-,in,Summer,0,1 Bundesliga,2014,2014/2015
1.FSV Mainz 05,Petar Sliskovic,23,Centre-Forward,FSV Mainz 05 II,-,in,Summer,0,1 Bundesliga,2014,2014/2015
1.FSV Mainz 05,Devante Parker,18,Right Winger,Mainz 05 U19,-,in,Summer,0,1 Bundesliga,2014,2014/2015
1.FSV Mainz 05,Robin Zentner,19,Goalkeeper,FSV Mainz 05 II,-,in,Summer,0,1 Bundesliga,2014,2014/2015
1.FSV Mainz 05,Patrick Pflücke,17,Left Winger,Mainz 05 U19,-,in,Summer,0,1 Bundesliga,2014,2014/2015
1.FSV Mainz 05,Chinedu Ede,27,Right Winger,1.FC K'lautern,"End of loanJun 30, 2014",in,Summer,0,1 Bundesliga,2014,2014/2015
1.FSV Mainz 05,Nikita Rukavytsya,27,Centre-Forward,FSV Frankfurt,"End of loanJun 30, 2014",in,Summer,0,1 Bundesliga,2014,2014/2015
1.FSV Mainz 05,Nicolai Müller,26,Attacking Midfield,Hamburger SV,£4.05m,out,Summer,4.05,1 Bundesliga,2014,2014/2015
1.FSV Mainz 05,Shawn Parker,21,Centre-Forward,FC Augsburg,£1.44m,out,Summer,1.44,1 Bundesliga,2014,2014/2015
1.FSV Mainz 05,Niki Zimling,29,Defensive Midfield,Ajax,Loan fee:£450Th.,out,Summer,0.45,1 Bundesliga,2014,2014/2015
1.FSV Mainz 05,Christian Wetklo,34,Goalkeeper,Darmstadt 98,free transfer,out,Summer,NA,1 Bundesliga,2014,2014/2015
1.FSV Mainz 05,Zdenek Pospech,35,Right-Back,SFC Opava,free transfer,out,Summer,NA,1 Bundesliga,2014,2014/2015
1.FSV Mainz 05,Eric Maxim Choupo-Moting,25,Centre-Forward,FC Schalke 04,free transfer,out,Summer,NA,1 Bundesliga,2014,2014/2015
1.FSV Mainz 05,Dario Kresic,30,Goalkeeper,Bay. Leverkusen,free transfer,out,Summer,NA,1 Bundesliga,2014,2014/2015
1.FSV Mainz 05,Nikita Rukavytsya,27,Centre-Forward,Western Sydney,?,out,Summer,NA,1 Bundesliga,2014,2014/2015
1.FSV Mainz 05,Sebastian Polter,23,Centre-Forward,Union Berlin,loan transfer,out,Summer,NA,1 Bundesliga,2014,2014/2015
1.FSV Mainz 05,Chinedu Ede,27,Right Winger,Anorthosis,loan transfer,out,Summer,NA,1 Bundesliga,2014,2014/2015
1.FSV Mainz 05,Bo Svensson,34,Centre-Back,Retired,-,out,Summer,0,1 Bundesliga,2014,2014/2015
1.FSV Mainz 05,Malik Fathi,30,Left-Back,Without Club,-,out,Summer,0,1 Bundesliga,2014,2014/2015
1.FSV Mainz 05,Dani Schahin,25,Centre-Forward,SC Freiburg,loan transfer,out,Summer,NA,1 Bundesliga,2014,2014/2015
FC Augsburg,Tim Matavz,25,Centre-Forward,PSV Eindhoven,£3.60m,in,Summer,3.6,1 Bundesliga,2014,2014/2015
FC Augsburg,Abdul-Rahman Baba,20,Left-Back,Greuther Fürth,£2.25m,in,Summer,2.25,1 Bundesliga,2014,2014/2015
FC Augsburg,Shawn Parker,21,Centre-Forward,1.FSV Mainz 05,£1.44m,in,Summer,1.44,1 Bundesliga,2014,2014/2015
FC Augsburg,Nikola Djurdjic,28,Centre-Forward,Greuther Fürth,£1.17m,in,Summer,1.17,1 Bundesliga,2014,2014/2015
FC Augsburg,Caiuby,25,Second Striker,FC Ingolstadt,£900Th.,in,Summer,0.9,1 Bundesliga,2014,2014/2015
FC Augsburg,Max Reinthaler,19,Centre-Back,Rydaholms GoIF,£45Th.,in,Summer,0.045,1 Bundesliga,2014,2014/2015
FC Augsburg,Markus Feulner,32,Central Midfield,1.FC Nuremberg,free transfer,in,Summer,NA,1 Bundesliga,2014,2014/2015
FC Augsburg,Marco Schuster,18,Defensive Midfield,FC Augsburg U19,-,in,Summer,0,1 Bundesliga,2014,2014/2015
FC Augsburg,Tim Rieder,20,Defensive Midfield,FC Augsburg II,-,in,Summer,0,1 Bundesliga,2014,2014/2015
FC Augsburg,Aristide Bancé,29,Centre-Forward,F. Düsseldorf,"End of loanJun 30, 2014",in,Summer,0,1 Bundesliga,2014,2014/2015
FC Augsburg,Mathias Fetsch,25,Centre-Forward,Energie Cottbus,"End of loanJun 30, 2014",in,Summer,0,1 Bundesliga,2014,2014/2015
FC Augsburg,Matthias Ostrzolek,24,Left-Back,Hamburger SV,£2.48m,out,Summer,2.48,1 Bundesliga,2014,2014/2015
FC Augsburg,André Hahn,23,Right Winger,Bor. M'gladbach,£2.03m,out,Summer,2.03,1 Bundesliga,2014,2014/2015
FC Augsburg,Kevin Vogt,22,Centre-Back,1. FC Köln,£1.62m,out,Summer,1.62,1 Bundesliga,2014,2014/2015
FC Augsburg,Bajram Nebihi,25,Centre-Forward,Union Berlin,free transfer,out,Summer,NA,1 Bundesliga,2014,2014/2015
FC Augsburg,Aristide Bancé,29,Centre-Forward,HJK Helsinki,free transfer,out,Summer,NA,1 Bundesliga,2014,2014/2015
FC Augsburg,Mohamed Amsif,25,Goalkeeper,Union Berlin,free transfer,out,Summer,NA,1 Bundesliga,2014,2014/2015
FC Augsburg,Dong-won Ji,23,Centre-Forward,Bor. Dortmund,free transfer,out,Summer,NA,1 Bundesliga,2014,2014/2015
FC Augsburg,Mathias Fetsch,25,Centre-Forward,Dynamo Dresden,loan transfer,out,Summer,NA,1 Bundesliga,2014,2014/2015
FC Augsburg,Andreas Ottl,29,Defensive Midfield,Retired,-,out,Summer,0,1 Bundesliga,2014,2014/2015
FC Augsburg,Arkadiusz Milik,20,Centre-Forward,Bay. Leverkusen,"End of loanJun 30, 2014",out,Summer,0,1 Bundesliga,2014,2014/2015
FC Augsburg,Raphael Holzhauser,21,Attacking Midfield,VfB Stuttgart,"End of loanJun 30, 2014",out,Summer,0,1 Bundesliga,2014,2014/2015
TSG 1899 Hoffenheim,Ádám Szalai,26,Centre-Forward,FC Schalke 04,£5.40m,in,Summer,5.4,1 Bundesliga,2014,2014/2015
TSG 1899 Hoffenheim,Oliver Baumann,24,Goalkeeper,SC Freiburg,£4.95m,in,Summer,4.95,1 Bundesliga,2014,2014/2015
TSG 1899 Hoffenheim,Steven Zuber,22,Left Winger,CSKA Moscow,£3.51m,in,Summer,3.51,1 Bundesliga,2014,2014/2015
TSG 1899 Hoffenheim,Pirmin Schwegler,27,Defensive Midfield,E. Frankfurt,£1.71m,in,Summer,1.71,1 Bundesliga,2014,2014/2015
TSG 1899 Hoffenheim,Jin-su Kim,22,Left-Back,Albirex Niigata,£900Th.,in,Summer,0.9,1 Bundesliga,2014,2014/2015
TSG 1899 Hoffenheim,Janik Haberer,20,Central Midfield,Unterhaching,£450Th.,in,Summer,0.45,1 Bundesliga,2014,2014/2015
TSG 1899 Hoffenheim,Ermin Bicakcic,24,Centre-Back,E. Braunschweig,£360Th.,in,Summer,0.36,1 Bundesliga,2014,2014/2015
TSG 1899 Hoffenheim,Nadiem Amiri,17,Attacking Midfield,Hoffenheim U19,-,in,Summer,0,1 Bundesliga,2014,2014/2015
TSG 1899 Hoffenheim,Marvin Schwäbe,19,Goalkeeper,Hoffenheim II,-,in,Summer,0,1 Bundesliga,2014,2014/2015
TSG 1899 Hoffenheim,Andreas Ludwig,23,Attacking Midfield,1860 Munich,"End of loanJun 30, 2014",in,Summer,0,1 Bundesliga,2014,2014/2015
TSG 1899 Hoffenheim,Vincenzo Grifo,21,Left Winger,Dynamo Dresden,"End of loanJun 30, 2014",in,Summer,0,1 Bundesliga,2014,2014/2015
TSG 1899 Hoffenheim,Tobias Weis,28,Central Midfield,E. Frankfurt,"End of loanJun 30, 2014",in,Summer,0,1 Bundesliga,2014,2014/2015
TSG 1899 Hoffenheim,Eren Derdiyok,26,Centre-Forward,Bay. Leverkusen,"End of loanJun 30, 2014",in,Summer,0,1 Bundesliga,2014,2014/2015
TSG 1899 Hoffenheim,Knowledge Musona,24,Attacking Midfield,Kaizer Chiefs,"End of loanJun 30, 2014",in,Summer,0,1 Bundesliga,2014,2014/2015
TSG 1899 Hoffenheim,Joselu,24,Centre-Forward,E. Frankfurt,"End of loanJun 30, 2014",in,Summer,0,1 Bundesliga,2014,2014/2015
TSG 1899 Hoffenheim,Filip Malbasic,21,Right Winger,Partizan,"End of loanJun 30, 2014",in,Summer,0,1 Bundesliga,2014,2014/2015
TSG 1899 Hoffenheim,Sandro Wieser,21,Defensive Midfield,SV Ried,"End of loanJun 30, 2014",in,Summer,0,1 Bundesliga,2014,2014/2015
TSG 1899 Hoffenheim,Michael Gregoritsch,20,Second Striker,FC St. Pauli,"End of loanJun 30, 2014",in,Summer,0,1 Bundesliga,2014,2014/2015
TSG 1899 Hoffenheim,Joselu,24,Centre-Forward,Hannover 96,£4.50m,out,Summer,4.5,1 Bundesliga,2014,2014/2015
TSG 1899 Hoffenheim,Eren Derdiyok,26,Centre-Forward,Kasimpasa,£2.25m,out,Summer,2.25,1 Bundesliga,2014,2014/2015
TSG 1899 Hoffenheim,Andreas Ludwig,23,Attacking Midfield,VfR Aalen,£135Th.,out,Summer,0.135,1 Bundesliga,2014,2014/2015
TSG 1899 Hoffenheim,Joseph-Claude Gyau,21,Right-Back,B. Dortmund II,£108Th.,out,Summer,0.108,1 Bundesliga,2014,2014/2015
TSG 1899 Hoffenheim,Tobias Weis,29,Central Midfield,VfL Bochum,Loan fee:£45Th.,out,Summer,0.045,1 Bundesliga,2014,2014/2015
TSG 1899 Hoffenheim,Stefan Thesker,23,Centre-Back,Hannover 96,free transfer,out,Summer,NA,1 Bundesliga,2014,2014/2015
TSG 1899 Hoffenheim,Robin Szarka,22,Defensive Midfield,Energie Cottbus,free transfer,out,Summer,NA,1 Bundesliga,2014,2014/2015
TSG 1899 Hoffenheim,Kenan Karaman,20,Centre-Forward,Hannover 96,free transfer,out,Summer,NA,1 Bundesliga,2014,2014/2015
TSG 1899 Hoffenheim,Fabian Johnson,26,Left Winger,Bor. M'gladbach,free transfer,out,Summer,NA,1 Bundesliga,2014,2014/2015
TSG 1899 Hoffenheim,Edson Braafheid,31,Left-Back,Lazio,free transfer,out,Summer,NA,1 Bundesliga,2014,2014/2015
TSG 1899 Hoffenheim,Tim Paterok,21,Goalkeeper,Wormatia Worms,free transfer,out,Summer,NA,1 Bundesliga,2014,2014/2015
TSG 1899 Hoffenheim,Michael Gregoritsch,20,Second Striker,VfL Bochum,loan transfer,out,Summer,NA,1 Bundesliga,2014,2014/2015
TSG 1899 Hoffenheim,Vincenzo Grifo,21,Left Winger,FSV Frankfurt,loan transfer,out,Summer,NA,1 Bundesliga,2014,2014/2015
TSG 1899 Hoffenheim,Filip Malbasic,21,Right Winger,Lechia Gdansk,loan transfer,out,Summer,NA,1 Bundesliga,2014,2014/2015
TSG 1899 Hoffenheim,Sandro Wieser,21,Defensive Midfield,FC Aarau,loan transfer,out,Summer,NA,1 Bundesliga,2014,2014/2015
TSG 1899 Hoffenheim,Bruno Nazário,19,Attacking Midfield,Lechia Gdansk,loan transfer,out,Summer,NA,1 Bundesliga,2014,2014/2015
TSG 1899 Hoffenheim,Patrick Schorr,19,Left-Back,Hoffenheim II,-,out,Summer,0,1 Bundesliga,2014,2014/2015
TSG 1899 Hoffenheim,Ahmed Sassi,20,Right Midfield,Hoffenheim II,-,out,Summer,0,1 Bundesliga,2014,2014/2015
TSG 1899 Hoffenheim,Boris Vukcevic,24,Right Winger,Retired,-,out,Summer,0,1 Bundesliga,2014,2014/2015
TSG 1899 Hoffenheim,Junior Ponce,20,Right Winger,Vitória Setúbal,loan transfer,out,Summer,NA,1 Bundesliga,2014,2014/2015
Hannover 96,Joselu,24,Centre-Forward,TSG Hoffenheim,£4.50m,in,Summer,4.5,1 Bundesliga,2014,2014/2015
Hannover 96,Hiroshi Kiyotake,24,Left Midfield,1.FC Nuremberg,£3.87m,in,Summer,3.87,1 Bundesliga,2014,2014/2015
Hannover 96,Miiko Albornoz,23,Left-Back,Malmö FF,£1.35m,in,Summer,1.35,1 Bundesliga,2014,2014/2015
Hannover 96,Ceyhun Gülselam,26,Defensive Midfield,Galatasaray,free transfer,in,Summer,NA,1 Bundesliga,2014,2014/2015
Hannover 96,Jimmy Briand,29,Centre-Forward,Olympique Lyon,free transfer,in,Summer,NA,1 Bundesliga,2014,2014/2015
Hannover 96,Stefan Thesker,23,Centre-Back,TSG Hoffenheim,free transfer,in,Summer,NA,1 Bundesliga,2014,2014/2015
Hannover 96,Kenan Karaman,20,Centre-Forward,TSG Hoffenheim,free transfer,in,Summer,NA,1 Bundesliga,2014,2014/2015
Hannover 96,Vladimir Rankovic,21,Right-Back,FC Bayern II,free transfer,in,Summer,NA,1 Bundesliga,2014,2014/2015
Hannover 96,Robert Almer,30,Goalkeeper,Energie Cottbus,free transfer,in,Summer,NA,1 Bundesliga,2014,2014/2015
Hannover 96,Marius Stankevicius,33,Centre-Back,Gaziantepspor,free transfer,in,Summer,NA,1 Bundesliga,2014,2014/2015
Hannover 96,Sebastian Ernst,19,Attacking Midfield,Hannover 96 II,-,in,Summer,0,1 Bundesliga,2014,2014/2015
Hannover 96,Niklas Teichgräber,18,Left-Back,Hannover 96 II,-,in,Summer,0,1 Bundesliga,2014,2014/2015
Hannover 96,Samuel Sahin-Radlinger,21,Goalkeeper,Rapid Vienna,"End of loanJun 30, 2014",in,Summer,0,1 Bundesliga,2014,2014/2015
Hannover 96,Ali Gökdemir,22,Left-Back,Elazigspor,"End of loanJun 30, 2014",in,Summer,0,1 Bundesliga,2014,2014/2015
Hannover 96,Adrian Nikci,24,Left Winger,FC Thun,"End of loanJun 30, 2014",in,Summer,0,1 Bundesliga,2014,2014/2015
Hannover 96,Florian Ballas,21,Centre-Back,Saarbrücken,"End of loanJun 30, 2014",in,Summer,0,1 Bundesliga,2014,2014/2015
Hannover 96,Sébastien Pocognoli,26,Left-Back,West Brom,£1.35m,out,Summer,1.35,1 Bundesliga,2014,2014/2015
Hannover 96,Szabolcs Huszti,31,Left Midfield,CC Yatai,£1.35m,out,Summer,1.35,1 Bundesliga,2014,2014/2015
Hannover 96,Christopher Avevor,22,Centre-Back,F. Düsseldorf,£270Th.,out,Summer,0.27,1 Bundesliga,2014,2014/2015
Hannover 96,Mame Diouf,26,Centre-Forward,Stoke City,free transfer,out,Summer,NA,1 Bundesliga,2014,2014/2015
Hannover 96,Didier Ya Konan,30,Centre-Forward,Ittihad,free transfer,out,Summer,NA,1 Bundesliga,2014,2014/2015
Hannover 96,Almir Kasumovic,20,Centre-Forward,BSV Rehden,free transfer,out,Summer,NA,1 Bundesliga,2014,2014/2015
Hannover 96,Konstantin Fuhry,19,Goalkeeper,SC Freiburg II,free transfer,out,Summer,NA,1 Bundesliga,2014,2014/2015
Hannover 96,Ali Gökdemir,22,Left-Back,Simurq,?,out,Summer,NA,1 Bundesliga,2014,2014/2015
Hannover 96,Adrian Nikci,24,Left Winger,BSC Young Boys,loan transfer,out,Summer,NA,1 Bundesliga,2014,2014/2015
Hannover 96,Samuel Sahin-Radlinger,21,Goalkeeper,1.FC Nuremberg,loan transfer,out,Summer,NA,1 Bundesliga,2014,2014/2015
Hannover 96,Frantisek Rajtoral,28,Right-Back,Viktoria Plzen,"End of loanJun 30, 2014",out,Summer,0,1 Bundesliga,2014,2014/2015
Hannover 96,Artjoms Rudnevs,26,Centre-Forward,Hamburger SV,"End of loanJun 30, 2014",out,Summer,0,1 Bundesliga,2014,2014/2015
Hertha BSC,Valentin Stocker,25,Right Midfield,FC Basel,£3.60m,in,Summer,3.6,1 Bundesliga,2014,2014/2015
Hertha BSC,Julian Schieber,25,Centre-Forward,Bor. Dortmund,£2.25m,in,Summer,2.25,1 Bundesliga,2014,2014/2015
Hertha BSC,Salomon Kalou,29,Left Winger,LOSC Lille,£1.62m,in,Summer,1.62,1 Bundesliga,2014,2014/2015
Hertha BSC,Roy Beerens,26,Right Winger,AZ Alkmaar,£1.35m,in,Summer,1.35,1 Bundesliga,2014,2014/2015
Hertha BSC,Tolga Cigerci,22,Defensive Midfield,VfL Wolfsburg,£1.35m,in,Summer,1.35,1 Bundesliga,2014,2014/2015
Hertha BSC,Per Ciljan Skjelbred,27,Central Midfield,Hamburger SV,£1.17m,in,Summer,1.17,1 Bundesliga,2014,2014/2015
Hertha BSC,Jens Hegeler,26,Central Midfield,Bay. Leverkusen,£810Th.,in,Summer,0.81,1 Bundesliga,2014,2014/2015
Hertha BSC,Marvin Plattenhardt,22,Left-Back,1.FC Nuremberg,£450Th.,in,Summer,0.45,1 Bundesliga,2014,2014/2015
Hertha BSC,Genki Haraguchi,23,Attacking Midfield,Urawa Reds,£450Th.,in,Summer,0.45,1 Bundesliga,2014,2014/2015
Hertha BSC,Johnny Heitinga,30,Centre-Back,Fulham,free transfer,in,Summer,NA,1 Bundesliga,2014,2014/2015
Hertha BSC,Marius Gersbeck,19,Goalkeeper,Hertha BSC II,-,in,Summer,0,1 Bundesliga,2014,2014/2015
Hertha BSC,Ben Sahar,24,Centre-Forward,Arm. Bielefeld,"End of loanJun 30, 2014",in,Summer,0,1 Bundesliga,2014,2014/2015
Hertha BSC,Pierre-Michel Lasogga,22,Centre-Forward,Hamburger SV,"End of loanJun 30, 2014",in,Summer,0,1 Bundesliga,2014,2014/2015
Hertha BSC,Felix Bastians,26,Centre-Back,VfL Bochum,"End of loanJun 30, 2014",in,Summer,0,1 Bundesliga,2014,2014/2015
Hertha BSC,Adrián Ramos,28,Centre-Forward,Bor. Dortmund,£8.73m,out,Summer,8.73,1 Bundesliga,2014,2014/2015
Hertha BSC,Pierre-Michel Lasogga,22,Centre-Forward,Hamburger SV,£7.65m,out,Summer,7.65,1 Bundesliga,2014,2014/2015
Hertha BSC,Sami Allagui,28,Centre-Forward,1.FSV Mainz 05,Loan fee:£450Th.,out,Summer,0.45,1 Bundesliga,2014,2014/2015
Hertha BSC,Fabian Holland,23,Left-Back,Darmstadt 98,Loan fee:£225Th.,out,Summer,0.225,1 Bundesliga,2014,2014/2015
Hertha BSC,Ben Sahar,24,Centre-Forward,Willem II,free transfer,out,Summer,NA,1 Bundesliga,2014,2014/2015
Hertha BSC,Philip Sprint,21,Goalkeeper,Hertha BSC II,-,out,Summer,0,1 Bundesliga,2014,2014/2015
Hertha BSC,Levan Kobiashvili,36,Left Midfield,Retired,-,out,Summer,0,1 Bundesliga,2014,2014/2015
Hertha BSC,Felix Bastians,26,Centre-Back,Without Club,-,out,Summer,0,1 Bundesliga,2014,2014/2015
Hertha BSC,Tolga Cigerci,22,Defensive Midfield,VfL Wolfsburg,"End of loanJun 30, 2014",out,Summer,0,1 Bundesliga,2014,2014/2015
Hertha BSC,Per Ciljan Skjelbred,27,Central Midfield,Hamburger SV,"End of loanJun 30, 2014",out,Summer,0,1 Bundesliga,2014,2014/2015
SV Werder Bremen,Santiago García,25,Centre-Back,Rangers Talca,£1.35m,in,Summer,1.35,1 Bundesliga,2014,2014/2015
SV Werder Bremen,Raif Husic,18,Goalkeeper,FC Bayern U19,£90Th.,in,Summer,0.09,1 Bundesliga,2014,2014/2015
SV Werder Bremen,Izet Hajrovic,22,Right Winger,Galatasaray,free transfer,in,Summer,NA,1 Bundesliga,2014,2014/2015
SV Werder Bremen,Alejandro Gálvez,25,Centre-Back,Rayo Vallecano,free transfer,in,Summer,NA,1 Bundesliga,2014,2014/2015
SV Werder Bremen,Fin Bartels,27,Right Winger,FC St. Pauli,free transfer,in,Summer,NA,1 Bundesliga,2014,2014/2015
SV Werder Bremen,Marnon Busch,19,Right-Back,W. Bremen II,-,in,Summer,0,1 Bundesliga,2014,2014/2015
SV Werder Bremen,Davie Selke,19,Centre-Forward,W. Bremen II,-,in,Summer,0,1 Bundesliga,2014,2014/2015
SV Werder Bremen,Oliver Hüsing,21,Centre-Back,W. Bremen II,-,in,Summer,0,1 Bundesliga,2014,2014/2015
SV Werder Bremen,Mateo Pavlovic,24,Centre-Back,Ferencváros,"End of loanJun 30, 2014",in,Summer,0,1 Bundesliga,2014,2014/2015
SV Werder Bremen,Joseph Akpala,27,Centre-Forward,Karabükspor,"End of loanJun 30, 2014",in,Summer,0,1 Bundesliga,2014,2014/2015
SV Werder Bremen,Johannes Wurtz,22,Centre-Forward,SC Paderborn,"End of loanJun 30, 2014",in,Summer,0,1 Bundesliga,2014,2014/2015
SV Werder Bremen,Niclas Füllkrug,21,Centre-Forward,Greuther Fürth,"End of loanJun 30, 2014",in,Summer,0,1 Bundesliga,2014,2014/2015
SV Werder Bremen,Mehmet Ekici,24,Attacking Midfield,Trabzonspor,£1.35m,out,Summer,1.35,1 Bundesliga,2014,2014/2015
SV Werder Bremen,Niclas Füllkrug,21,Centre-Forward,1.FC Nuremberg,£270Th.,out,Summer,0.27,1 Bundesliga,2014,2014/2015
SV Werder Bremen,Johannes Wurtz,22,Centre-Forward,Greuther Fürth,£225Th.,out,Summer,0.225,1 Bundesliga,2014,2014/2015
SV Werder Bremen,Joseph Akpala,27,Centre-Forward,Karabükspor,£180Th.,out,Summer,0.18,1 Bundesliga,2014,2014/2015
SV Werder Bremen,Martin Kobylanski,20,Attacking Midfield,Union Berlin,Loan fee:£180Th.,out,Summer,0.18,1 Bundesliga,2014,2014/2015
SV Werder Bremen,Lukas Schmitz,25,Left-Back,F. Düsseldorf,free transfer,out,Summer,NA,1 Bundesliga,2014,2014/2015
SV Werder Bremen,Cimo Röcker,20,Centre-Back,Hannover 96 II,free transfer,out,Summer,NA,1 Bundesliga,2014,2014/2015
SV Werder Bremen,Sebastian Mielitz,24,Goalkeeper,SC Freiburg,free transfer,out,Summer,NA,1 Bundesliga,2014,2014/2015
SV Werder Bremen,Aleksandar Ignjovski,23,Defensive Midfield,E. Frankfurt,free transfer,out,Summer,NA,1 Bundesliga,2014,2014/2015
SV Werder Bremen,Aaron Hunt,27,Attacking Midfield,VfL Wolfsburg,free transfer,out,Summer,NA,1 Bundesliga,2014,2014/2015
SV Werder Bremen,Mateo Pavlovic,24,Centre-Back,Ferencváros,loan transfer,out,Summer,NA,1 Bundesliga,2014,2014/2015
SV Werder Bremen,Aleksandar Stevanovic,22,Central Midfield,Without Club,-,out,Summer,0,1 Bundesliga,2014,2014/2015
SV Werder Bremen,Predrag Stevanovic,23,Attacking Midfield,Without Club,-,out,Summer,0,1 Bundesliga,2014,2014/2015
SV Werder Bremen,Santiago García,25,Centre-Back,Rangers Talca,"End of loanJun 30, 2014",out,Summer,0,1 Bundesliga,2014,2014/2015
Eintracht Frankfurt,Haris Seferovic,22,Centre-Forward,Real Sociedad,£2.88m,in,Summer,2.88,1 Bundesliga,2014,2014/2015
Eintracht Frankfurt,Slobodan Medojevic,23,Defensive Midfield,VfL Wolfsburg,£1.35m,in,Summer,1.35,1 Bundesliga,2014,2014/2015
Eintracht Frankfurt,Timothy Chandler,24,Right-Back,1.FC Nuremberg,£900Th.,in,Summer,0.9,1 Bundesliga,2014,2014/2015
Eintracht Frankfurt,Lucas Piazon,20,Right Winger,Chelsea,Loan fee:£720Th.,in,Summer,0.72,1 Bundesliga,2014,2014/2015
Eintracht Frankfurt,Aleksandar Ignjovski,23,Defensive Midfield,Werder Bremen,free transfer,in,Summer,NA,1 Bundesliga,2014,2014/2015
Eintracht Frankfurt,Nelson Valdez,30,Centre-Forward,Al-Jazira,free transfer,in,Summer,NA,1 Bundesliga,2014,2014/2015
Eintracht Frankfurt,Makoto Hasebe,30,Defensive Midfield,1.FC Nuremberg,free transfer,in,Summer,NA,1 Bundesliga,2014,2014/2015
Eintracht Frankfurt,David Kinsombi,18,Central Midfield,Mainz 05 U19,free transfer,in,Summer,NA,1 Bundesliga,2014,2014/2015
Eintracht Frankfurt,Yannick Zummack,18,Goalkeeper,Frankfurt U19,-,in,Summer,0,1 Bundesliga,2014,2014/2015
Eintracht Frankfurt,Timo Hildebrand,35,Goalkeeper,Without Club,-,in,Summer,0,1 Bundesliga,2014,2014/2015
Eintracht Frankfurt,Joel Gerezgiher,18,Central Midfield,Frankfurt U19,-,in,Summer,0,1 Bundesliga,2014,2014/2015
Eintracht Frankfurt,Marvin Bakalorz,24,Central Midfield,SC Paderborn,"End of loanJun 30, 2014",in,Summer,0,1 Bundesliga,2014,2014/2015
Eintracht Frankfurt,Sebastian Jung,24,Right-Back,VfL Wolfsburg,£2.25m,out,Summer,2.25,1 Bundesliga,2014,2014/2015
Eintracht Frankfurt,Pirmin Schwegler,27,Defensive Midfield,TSG Hoffenheim,£1.71m,out,Summer,1.71,1 Bundesliga,2014,2014/2015
Eintracht Frankfurt,Marc Oliver Kempf,19,Centre-Back,SC Freiburg,£720Th.,out,Summer,0.72,1 Bundesliga,2014,2014/2015
Eintracht Frankfurt,Stephan Schröck,27,Attacking Midfield,Greuther Fürth,£180Th.,out,Summer,0.18,1 Bundesliga,2014,2014/2015
Eintracht Frankfurt,Marvin Bakalorz,24,Central Midfield,SC Paderborn,£135Th.,out,Summer,0.135,1 Bundesliga,2014,2014/2015
Eintracht Frankfurt,Aykut Özer,21,Goalkeeper,Karabükspor,£135Th.,out,Summer,0.135,1 Bundesliga,2014,2014/2015
Eintracht Frankfurt,Erik Wille,21,Right-Back,MSV Duisburg,£45Th.,out,Summer,0.045,1 Bundesliga,2014,2014/2015
Eintracht Frankfurt,Sebastian Rode,23,Central Midfield,FC Bayern,free transfer,out,Summer,NA,1 Bundesliga,2014,2014/2015
Eintracht Frankfurt,Marco Aulbach,20,Goalkeeper,Preußen Münster,free transfer,out,Summer,NA,1 Bundesliga,2014,2014/2015
Eintracht Frankfurt,Stefano Celozzi,25,Right-Back,VfL Bochum,free transfer,out,Summer,NA,1 Bundesliga,2014,2014/2015
Eintracht Frankfurt,Alexander Hien,21,Centre-Back,Wormatia Worms,free transfer,out,Summer,NA,1 Bundesliga,2014,2014/2015
Eintracht Frankfurt,Tobias Weis,28,Central Midfield,TSG Hoffenheim,"End of loanJun 30, 2014",out,Summer,0,1 Bundesliga,2014,2014/2015
Eintracht Frankfurt,Tranquillo Barnetta,29,Attacking Midfield,FC Schalke 04,"End of loanJun 30, 2014",out,Summer,0,1 Bundesliga,2014,2014/2015
Eintracht Frankfurt,Joselu,24,Centre-Forward,TSG Hoffenheim,"End of loanJun 30, 2014",out,Summer,0,1 Bundesliga,2014,2014/2015
SC Freiburg,Admir Mehmedi,23,Second Striker,Dynamo Kyiv,£5.40m,in,Summer,5.4,1 Bundesliga,2014,2014/2015
SC Freiburg,Roman Bürki,23,Goalkeeper,Grasshoppers,£1.62m,in,Summer,1.62,1 Bundesliga,2014,2014/2015
SC Freiburg,Stefan Mitrovic,24,Centre-Back,Benfica,£1.35m,in,Summer,1.35,1 Bundesliga,2014,2014/2015
SC Freiburg,Marc Torrejón,28,Centre-Back,1.FC K'lautern,£1.08m,in,Summer,1.08,1 Bundesliga,2014,2014/2015
SC Freiburg,Mike Frantz,27,Central Midfield,1.FC Nuremberg,£900Th.,in,Summer,0.9,1 Bundesliga,2014,2014/2015
SC Freiburg,Marc Oliver Kempf,19,Centre-Back,E. Frankfurt,£720Th.,in,Summer,0.72,1 Bundesliga,2014,2014/2015
SC Freiburg,Sascha Riether,31,Right-Back,Fulham,£315Th.,in,Summer,0.315,1 Bundesliga,2014,2014/2015
SC Freiburg,Sebastian Mielitz,24,Goalkeeper,Werder Bremen,free transfer,in,Summer,NA,1 Bundesliga,2014,2014/2015
SC Freiburg,Caleb Stanko,20,Defensive Midfield,SC Freiburg II,-,in,Summer,0,1 Bundesliga,2014,2014/2015
SC Freiburg,Maximilian Philipp,20,Second Striker,SC Freiburg II,-,in,Summer,0,1 Bundesliga,2014,2014/2015
SC Freiburg,Dani Schahin,25,Centre-Forward,1.FSV Mainz 05,loan transfer,in,Summer,NA,1 Bundesliga,2014,2014/2015
SC Freiburg,Denis Perger,21,Left-Back,Wehen Wiesbaden,"End of loanJun 30, 2014",in,Summer,0,1 Bundesliga,2014,2014/2015
SC Freiburg,Matthias Ginter,20,Centre-Back,Bor. Dortmund,£9.00m,out,Summer,9,1 Bundesliga,2014,2014/2015
SC Freiburg,Oliver Baumann,24,Goalkeeper,TSG Hoffenheim,£4.95m,out,Summer,4.95,1 Bundesliga,2014,2014/2015
SC Freiburg,Gelson Fernandes,27,Defensive Midfield,Stade Rennais,£1.44m,out,Summer,1.44,1 Bundesliga,2014,2014/2015
SC Freiburg,Fallou Diagne,25,Centre-Back,Stade Rennais,£1.35m,out,Summer,1.35,1 Bundesliga,2014,2014/2015
SC Freiburg,Marco Terrazzino,23,Attacking Midfield,VfL Bochum,free transfer,out,Summer,NA,1 Bundesliga,2014,2014/2015
SC Freiburg,Mike Hanke,30,Centre-Forward,GZ Renhe,free transfer,out,Summer,NA,1 Bundesliga,2014,2014/2015
SC Freiburg,Hendrick Zuck,23,Left-Back,E. Braunschweig,loan transfer,out,Summer,NA,1 Bundesliga,2014,2014/2015
SC Freiburg,Alexander Schwolow,22,Goalkeeper,Arm. Bielefeld,loan transfer,out,Summer,NA,1 Bundesliga,2014,2014/2015
SC Freiburg,Vegar Hedenstad,23,Right-Back,E. Braunschweig,loan transfer,out,Summer,NA,1 Bundesliga,2014,2014/2015
SC Freiburg,Christopher Jullien,21,Centre-Back,SC Freiburg II,-,out,Summer,0,1 Bundesliga,2014,2014/2015
SC Freiburg,Denis Perger,21,Left-Back,SC Freiburg II,-,out,Summer,0,1 Bundesliga,2014,2014/2015
SC Freiburg,Admir Mehmedi,23,Second Striker,Dynamo Kyiv,"End of loanJun 30, 2014",out,Summer,0,1 Bundesliga,2014,2014/2015
SC Freiburg,Francis Coquelin,23,Defensive Midfield,Arsenal,"End of loanJun 30, 2014",out,Summer,0,1 Bundesliga,2014,2014/2015
SC Freiburg,Vaclav Pilar,25,Left Midfield,VfL Wolfsburg,"End of loanJun 30, 2014",out,Summer,0,1 Bundesliga,2014,2014/2015
VfB Stuttgart,Filip Kostic,21,Left Midfield,FC Groningen,£5.40m,in,Summer,5.4,1 Bundesliga,2014,2014/2015
VfB Stuttgart,Daniel Ginczek,23,Centre-Forward,1.FC Nuremberg,£2.25m,in,Summer,2.25,1 Bundesliga,2014,2014/2015
VfB Stuttgart,Adam Hlousek,25,Left-Back,1.FC Nuremberg,£1.31m,in,Summer,1.31,1 Bundesliga,2014,2014/2015
VfB Stuttgart,Oriol Romeu,22,Defensive Midfield,Chelsea,Loan fee:£225Th.,in,Summer,0.225,1 Bundesliga,2014,2014/2015
VfB Stuttgart,Caniggia Elva,18,Left Winger,Calgary United,free transfer,in,Summer,NA,1 Bundesliga,2014,2014/2015
VfB Stuttgart,Florian Klein,27,Right-Back,RB Salzburg,free transfer,in,Summer,NA,1 Bundesliga,2014,2014/2015
VfB Stuttgart,Odysseas Vlachodimos,20,Goalkeeper,Stuttgart II,-,in,Summer,0,1 Bundesliga,2014,2014/2015
VfB Stuttgart,William Kvist,29,Defensive Midfield,Fulham,"End of loanJun 30, 2014",in,Summer,0,1 Bundesliga,2014,2014/2015
VfB Stuttgart,Johan Audel,30,Left Winger,FC Nantes,"End of loanJun 30, 2014",in,Summer,0,1 Bundesliga,2014,2014/2015
VfB Stuttgart,Raphael Holzhauser,21,Attacking Midfield,FC Augsburg,"End of loanJun 30, 2014",in,Summer,0,1 Bundesliga,2014,2014/2015
VfB Stuttgart,Rani Khedira,20,Defensive Midfield,RB Leipzig,£450Th.,out,Summer,0.45,1 Bundesliga,2014,2014/2015
VfB Stuttgart,William Kvist,29,Defensive Midfield,Wigan,free transfer,out,Summer,NA,1 Bundesliga,2014,2014/2015
VfB Stuttgart,Johan Audel,30,Left Winger,FC Nantes,free transfer,out,Summer,NA,1 Bundesliga,2014,2014/2015
VfB Stuttgart,Cacau,33,Centre-Forward,Cerezo Osaka,free transfer,out,Summer,NA,1 Bundesliga,2014,2014/2015
VfB Stuttgart,Arthur Boka,31,Left-Back,Málaga CF,free transfer,out,Summer,NA,1 Bundesliga,2014,2014/2015
VfB Stuttgart,Ibrahima Traoré,26,Right Winger,Bor. M'gladbach,free transfer,out,Summer,NA,1 Bundesliga,2014,2014/2015
VfB Stuttgart,Marco Rojas,22,Left Winger,Greuther Fürth,loan transfer,out,Summer,NA,1 Bundesliga,2014,2014/2015
Hamburger SV,Pierre-Michel Lasogga,22,Centre-Forward,Hertha BSC,£7.65m,in,Summer,7.65,1 Bundesliga,2014,2014/2015
Hamburger SV,Valon Behrami,29,Defensive Midfield,SSC Napoli,£5.40m,in,Summer,5.4,1 Bundesliga,2014,2014/2015
Hamburger SV,Nicolai Müller,26,Attacking Midfield,1.FSV Mainz 05,£4.05m,in,Summer,4.05,1 Bundesliga,2014,2014/2015
Hamburger SV,Cléber Reis,23,Centre-Back,Corinthians,£2.70m,in,Summer,2.7,1 Bundesliga,2014,2014/2015
Hamburger SV,Johan Djourou,27,Centre-Back,Arsenal,£2.52m,in,Summer,2.52,1 Bundesliga,2014,2014/2015
Hamburger SV,Matthias Ostrzolek,24,Left-Back,FC Augsburg,£2.48m,in,Summer,2.48,1 Bundesliga,2014,2014/2015
Hamburger SV,Lewis Holtby,23,Central Midfield,Spurs,Loan fee:£2.25m,in,Summer,2.25,1 Bundesliga,2014,2014/2015
Hamburger SV,Zoltán Stieber,25,Left Winger,Greuther Fürth,£1.17m,in,Summer,1.17,1 Bundesliga,2014,2014/2015
Hamburger SV,Julian Green,19,Central Midfield,FC Bayern,Loan fee:£270Th.,in,Summer,0.27,1 Bundesliga,2014,2014/2015
Hamburger SV,Gideon Jung,19,Centre-Back,RW Oberhausen,£135Th.,in,Summer,0.135,1 Bundesliga,2014,2014/2015
Hamburger SV,Philipp Müller,19,Right Winger,Wolfsburg U19,free transfer,in,Summer,NA,1 Bundesliga,2014,2014/2015
Hamburger SV,Ashton Götz,20,Right Winger,Hamburger SV II,-,in,Summer,0,1 Bundesliga,2014,2014/2015
Hamburger SV,Matti Steinmann,19,Defensive Midfield,Hamburger SV II,-,in,Summer,0,1 Bundesliga,2014,2014/2015
Hamburger SV,Alexander Brunst,18,Goalkeeper,Hamburg U19,-,in,Summer,0,1 Bundesliga,2014,2014/2015
Hamburger SV,Gojko Kacar,27,Defensive Midfield,Cerezo Osaka,"End of loanJun 30, 2014",in,Summer,0,1 Bundesliga,2014,2014/2015
Hamburger SV,Artjoms Rudnevs,26,Centre-Forward,Hannover 96,"End of loanJun 30, 2014",in,Summer,0,1 Bundesliga,2014,2014/2015
Hamburger SV,Per Ciljan Skjelbred,27,Central Midfield,Hertha BSC,"End of loanJun 30, 2014",in,Summer,0,1 Bundesliga,2014,2014/2015
Hamburger SV,Dennis Aogo,27,Defensive Midfield,FC Schalke 04,"End of loanJun 30, 2014",in,Summer,0,1 Bundesliga,2014,2014/2015
Hamburger SV,Hakan Calhanoglu,20,Central Midfield,Bay. Leverkusen,£13.73m,out,Summer,13.73,1 Bundesliga,2014,2014/2015
Hamburger SV,Milan Badelj,25,Defensive Midfield,Fiorentina,£3.60m,out,Summer,3.6,1 Bundesliga,2014,2014/2015
Hamburger SV,Dennis Aogo,27,Defensive Midfield,FC Schalke 04,£1.71m,out,Summer,1.71,1 Bundesliga,2014,2014/2015
Hamburger SV,Per Ciljan Skjelbred,27,Central Midfield,Hertha BSC,£1.17m,out,Summer,1.17,1 Bundesliga,2014,2014/2015
Hamburger SV,Michael Mancienne,26,Centre-Back,Nottm Forest,£720Th.,out,Summer,0.72,1 Bundesliga,2014,2014/2015
Hamburger SV,Zhi Gin Lam,23,Attacking Midfield,Greuther Fürth,£180Th.,out,Summer,0.18,1 Bundesliga,2014,2014/2015
Hamburger SV,Tomás Rincón,26,Defensive Midfield,Genoa,free transfer,out,Summer,NA,1 Bundesliga,2014,2014/2015
Hamburger SV,Robert Tesche,27,Central Midfield,Nottm Forest,free transfer,out,Summer,NA,1 Bundesliga,2014,2014/2015
Hamburger SV,Kerem Demirbay,21,Central Midfield,1.FC K'lautern,loan transfer,out,Summer,NA,1 Bundesliga,2014,2014/2015
Hamburger SV,Jonathan Tah,18,Centre-Back,F. Düsseldorf,loan transfer,out,Summer,NA,1 Bundesliga,2014,2014/2015
Hamburger SV,Jacques Zoua,22,Centre-Forward,K. Erciyesspor,loan transfer,out,Summer,NA,1 Bundesliga,2014,2014/2015
Hamburger SV,Lasse Sobiech,23,Centre-Back,FC St. Pauli,loan transfer,out,Summer,NA,1 Bundesliga,2014,2014/2015
Hamburger SV,Sven Neuhaus,36,Goalkeeper,Retired,-,out,Summer,0,1 Bundesliga,2014,2014/2015
Hamburger SV,Johan Djourou,27,Centre-Back,Arsenal,"End of loanJun 30, 2014",out,Summer,0,1 Bundesliga,2014,2014/2015
Hamburger SV,Ouasim Bouy,21,Defensive Midfield,Juventus,"End of loanJun 30, 2014",out,Summer,0,1 Bundesliga,2014,2014/2015
Hamburger SV,Ola John,22,Left Winger,Benfica,"End of loanJun 30, 2014",out,Summer,0,1 Bundesliga,2014,2014/2015
Hamburger SV,Pierre-Michel Lasogga,22,Centre-Forward,Hertha BSC,"End of loanJun 30, 2014",out,Summer,0,1 Bundesliga,2014,2014/2015
1. FC Köln,Simon Zoller,23,Centre-Forward,1.FC K'lautern,£3.15m,in,Summer,3.15,1 Bundesliga,2014,2014/2015
1. FC Köln,Kevin Vogt,22,Centre-Back,FC Augsburg,£1.62m,in,Summer,1.62,1 Bundesliga,2014,2014/2015
1. FC Köln,Yuya Osako,24,Centre-Forward,1860 Munich,£1.44m,in,Summer,1.44,1 Bundesliga,2014,2014/2015
1. FC Köln,Dusan Svento,28,Left-Back,RB Salzburg,£540Th.,in,Summer,0.54,1 Bundesliga,2014,2014/2015
1. FC Köln,Slawomir Peszko,29,Left Winger,Parma,£450Th.,in,Summer,0.45,1 Bundesliga,2014,2014/2015
1. FC Köln,Tomas Kalas,21,Centre-Back,Chelsea,Loan fee:£180Th.,in,Summer,0.18,1 Bundesliga,2014,2014/2015
1. FC Köln,Mergim Mavraj,28,Centre-Back,Greuther Fürth,free transfer,in,Summer,NA,1 Bundesliga,2014,2014/2015
1. FC Köln,Pawel Olkowski,24,Right-Back,Górnik Zabrze,free transfer,in,Summer,NA,1 Bundesliga,2014,2014/2015
1. FC Köln,Daniel Mesenhöler,18,Goalkeeper,1.FC Köln II,-,in,Summer,0,1 Bundesliga,2014,2014/2015
1. FC Köln,Mato Jajalo,26,Defensive Midfield,FK Sarajevo,"End of loanJun 30, 2014",in,Summer,0,1 Bundesliga,2014,2014/2015
1. FC Köln,Kacper Przybylko,21,Centre-Forward,Arm. Bielefeld,"End of loanJun 30, 2014",in,Summer,0,1 Bundesliga,2014,2014/2015
1. FC Köln,Kacper Przybylko,21,Centre-Forward,Greuther Fürth,£90Th.,out,Summer,0.09,1 Bundesliga,2014,2014/2015
1. FC Köln,Sascha Bigalke,24,Attacking Midfield,Unterhaching,free transfer,out,Summer,NA,1 Bundesliga,2014,2014/2015
1. FC Köln,Mato Jajalo,26,Defensive Midfield,HNK Rijeka,free transfer,out,Summer,NA,1 Bundesliga,2014,2014/2015
1. FC Köln,Fabian Schnellhardt,20,Central Midfield,MSV Duisburg,free transfer,out,Summer,NA,1 Bundesliga,2014,2014/2015
1. FC Köln,Koray Kacinoglu,19,Left-Back,Altinordu,free transfer,out,Summer,NA,1 Bundesliga,2014,2014/2015
1. FC Köln,Adil Chihi,26,Right Winger,Fulham,free transfer,out,Summer,NA,1 Bundesliga,2014,2014/2015
1. FC Köln,Maurice Exslager,23,Centre-Forward,Darmstadt 98,loan transfer,out,Summer,NA,1 Bundesliga,2014,2014/2015
1. FC Köln,Maximilian Thiel,21,Left Midfield,Union Berlin,loan transfer,out,Summer,NA,1 Bundesliga,2014,2014/2015
1. FC Köln,Bruno Nascimento,23,Centre-Back,Estoril Praia,loan transfer,out,Summer,NA,1 Bundesliga,2014,2014/2015
1. FC Köln,Kevin McKenna,34,Centre-Back,Retired,-,out,Summer,0,1 Bundesliga,2014,2014/2015
1. FC Köln,Román Golobart,22,Centre-Back,1.FC Köln II,-,out,Summer,0,1 Bundesliga,2014,2014/2015
1. FC Köln,Marcel Schuhen,21,Goalkeeper,1.FC Köln II,-,out,Summer,0,1 Bundesliga,2014,2014/2015
1. FC Köln,Slawomir Peszko,29,Left Winger,Parma,"End of loanJun 30, 2014",out,Summer,0,1 Bundesliga,2014,2014/2015
SC Paderborn 07,Moritz Stoppelkamp,27,Left Winger,1860 Munich,£630Th.,in,Summer,0.63,1 Bundesliga,2014,2014/2015
SC Paderborn 07,Elias Kachunga,22,Right Winger,Bor. M'gladbach,£270Th.,in,Summer,0.27,1 Bundesliga,2014,2014/2015
SC Paderborn 07,Stefan Kutschke,25,Centre-Forward,VfL Wolfsburg,Loan fee:£270Th.,in,Summer,0.27,1 Bundesliga,2014,2014/2015
SC Paderborn 07,Marvin Bakalorz,24,Central Midfield,E. Frankfurt,£135Th.,in,Summer,0.135,1 Bundesliga,2014,2014/2015
SC Paderborn 07,Marvin Ducksch,20,Centre-Forward,Bor. Dortmund,Loan fee:£90Th.,in,Summer,0.09,1 Bundesliga,2014,2014/2015
SC Paderborn 07,Viktor Maier,24,Centre-Forward,SV Lippstadt 08,£45Th.,in,Summer,0.045,1 Bundesliga,2014,2014/2015
SC Paderborn 07,Rafa López,29,Centre-Back,Getafe,free transfer,in,Summer,NA,1 Bundesliga,2014,2014/2015
SC Paderborn 07,Idir Ouali,26,Left Winger,Dynamo Dresden,free transfer,in,Summer,NA,1 Bundesliga,2014,2014/2015
SC Paderborn 07,Lukas Rupp,23,Central Midfield,Bor. M'gladbach,free transfer,in,Summer,NA,1 Bundesliga,2014,2014/2015
SC Paderborn 07,Alexander Nübel,17,Goalkeeper,Paderborn U19,-,in,Summer,0,1 Bundesliga,2014,2014/2015
SC Paderborn 07,Fabian Scheffer,21,Left Midfield,Carl Zeiss Jena,"End of loanJun 30, 2014",in,Summer,0,1 Bundesliga,2014,2014/2015
SC Paderborn 07,Manuel Zeitz,23,Defensive Midfield,Saarbrücken,"End of loanJun 30, 2014",in,Summer,0,1 Bundesliga,2014,2014/2015
SC Paderborn 07,Fabian Scheffer,21,Left Midfield,K'lautern II,free transfer,out,Summer,NA,1 Bundesliga,2014,2014/2015
SC Paderborn 07,Manuel Zeitz,23,Defensive Midfield,Energie Cottbus,free transfer,out,Summer,NA,1 Bundesliga,2014,2014/2015
SC Paderborn 07,Rick ten Voorde,23,Centre-Forward,FC Dordrecht,loan transfer,out,Summer,NA,1 Bundesliga,2014,2014/2015
SC Paderborn 07,Saliou Sané,21,Centre-Forward,Holstein Kiel,loan transfer,out,Summer,NA,1 Bundesliga,2014,2014/2015
SC Paderborn 07,Sebastian Schonlau,19,Centre-Back,SC Verl,loan transfer,out,Summer,NA,1 Bundesliga,2014,2014/2015
SC Paderborn 07,Martin Amedick,31,Centre-Back,SC Paderborn II,-,out,Summer,0,1 Bundesliga,2014,2014/2015
SC Paderborn 07,Markus Palionis,27,Centre-Back,Without Club,-,out,Summer,0,1 Bundesliga,2014,2014/2015
SC Paderborn 07,Markus Krösche,33,Defensive Midfield,Retired,-,out,Summer,0,1 Bundesliga,2014,2014/2015
SC Paderborn 07,Marvin Bakalorz,24,Central Midfield,E. Frankfurt,"End of loanJun 30, 2014",out,Summer,0,1 Bundesliga,2014,2014/2015
SC Paderborn 07,Johannes Wurtz,22,Centre-Forward,Werder Bremen,"End of loanJun 30, 2014",out,Summer,0,1 Bundesliga,2014,2014/2015
SC Paderborn 07,Elias Kachunga,22,Right Winger,Bor. M'gladbach,"End of loanJun 30, 2014",out,Summer,0,1 Bundesliga,2014,2014/2015
Bayern Munich,Pierre-Emile Höjbjerg,19,Central Midfield,FC Augsburg,loan transfer,out,Winter,NA,1 Bundesliga,2014,2014/2015
Bayern Munich,Xherdan Shaqiri,23,Right Winger,Inter,loan transfer,out,Winter,NA,1 Bundesliga,2014,2014/2015
Borussia Dortmund,Kevin Kampl,24,Central Midfield,RB Salzburg,£10.80m,in,Winter,10.8,1 Bundesliga,2014,2014/2015
Borussia Dortmund,Jeremy Dudziak,19,Attacking Midfield,B. Dortmund II,-,in,Winter,0,1 Bundesliga,2014,2014/2015
Borussia Dortmund,Dong-won Ji,23,Centre-Forward,FC Augsburg,£1.80m,out,Winter,1.8,1 Bundesliga,2014,2014/2015
Borussia Dortmund,Jannik Bandowski,20,Left-Back,1860 Munich,loan transfer,out,Winter,NA,1 Bundesliga,2014,2014/2015
FC Schalke 04,Matija Nastasic,21,Centre-Back,Man City,loan transfer,in,Winter,NA,1 Bundesliga,2014,2014/2015
FC Schalke 04,Christian Clemens,23,Right Winger,1.FSV Mainz 05,Loan fee:£360Th.,out,Winter,0.36,1 Bundesliga,2014,2014/2015
FC Schalke 04,Donis Avdijaj,18,Attacking Midfield,Sturm Graz,loan transfer,out,Winter,NA,1 Bundesliga,2014,2014/2015
FC Schalke 04,Felipe Santana,28,Centre-Back,Olympiacos,loan transfer,out,Winter,NA,1 Bundesliga,2014,2014/2015
Bayer 04 Leverkusen,Tin Jedvaj,19,Centre-Back,AS Roma,£6.30m,in,Winter,6.3,1 Bundesliga,2014,2014/2015
Bayer 04 Leverkusen,Philipp Wollscheid,25,Centre-Back,1.FSV Mainz 05,"End of loanDec 31, 2014",in,Winter,0,1 Bundesliga,2014,2014/2015
Bayer 04 Leverkusen,Levin Öztunali,18,Central Midfield,Werder Bremen,Loan fee:£180Th.,out,Winter,0.18,1 Bundesliga,2014,2014/2015
Bayer 04 Leverkusen,Niklas Lomb,21,Goalkeeper,Hallescher FC,loan transfer,out,Winter,NA,1 Bundesliga,2014,2014/2015
Bayer 04 Leverkusen,Philipp Wollscheid,25,Centre-Back,Stoke City,loan transfer,out,Winter,NA,1 Bundesliga,2014,2014/2015
Bayer 04 Leverkusen,Emir Spahic,34,Centre-Back,Without Club,-,out,Winter,0,1 Bundesliga,2014,2014/2015
Bayer 04 Leverkusen,Tin Jedvaj,19,Centre-Back,AS Roma,"End of loanJan 19, 2015",out,Winter,0,1 Bundesliga,2014,2014/2015
VfL Wolfsburg,André Schürrle,24,Left Winger,Chelsea,£28.80m,in,Winter,28.8,1 Bundesliga,2014,2014/2015
VfL Wolfsburg,Xizhe Zhang,23,Attacking Midfield,BJ Guoan,£1.35m,in,Winter,1.35,1 Bundesliga,2014,2014/2015
VfL Wolfsburg,Koen Casteels,22,Goalkeeper,TSG Hoffenheim,£1.35m,in,Winter,1.35,1 Bundesliga,2014,2014/2015
VfL Wolfsburg,Fágner,25,Right-Back,Corinthians,"End of loanDec 31, 2014",in,Winter,0,1 Bundesliga,2014,2014/2015
VfL Wolfsburg,Ivica Olic,35,Centre-Forward,Hamburger SV,£1.80m,out,Winter,1.8,1 Bundesliga,2014,2014/2015
VfL Wolfsburg,Mateusz Klich,24,Central Midfield,1.FC K'lautern,£225Th.,out,Winter,0.225,1 Bundesliga,2014,2014/2015
VfL Wolfsburg,Koen Casteels,22,Goalkeeper,Werder Bremen,Loan fee:£135Th.,out,Winter,0.135,1 Bundesliga,2014,2014/2015
VfL Wolfsburg,Fágner,25,Right-Back,Corinthians,free transfer,out,Winter,NA,1 Bundesliga,2014,2014/2015
1.FSV Mainz 05,Christian Clemens,23,Right Winger,FC Schalke 04,Loan fee:£360Th.,in,Winter,0.36,1 Bundesliga,2014,2014/2015
1.FSV Mainz 05,Nicolás Castillo,21,Centre-Forward,Club Brugge,Loan fee:£198Th.,in,Winter,0.198,1 Bundesliga,2014,2014/2015
1.FSV Mainz 05,Pierre Bengtsson,26,Left-Back,FC Copenhagen,free transfer,in,Winter,NA,1 Bundesliga,2014,2014/2015
1.FSV Mainz 05,Petar Sliskovic,23,Centre-Forward,FC Aarau,free transfer,out,Winter,NA,1 Bundesliga,2014,2014/2015
1.FSV Mainz 05,Julian Koch,24,Defensive Midfield,FC St. Pauli,loan transfer,out,Winter,NA,1 Bundesliga,2014,2014/2015
1.FSV Mainz 05,Filip Djuricic,23,Attacking Midfield,Benfica,"End of loanFeb 1, 2015",out,Winter,0,1 Bundesliga,2014,2014/2015
1.FSV Mainz 05,Philipp Wollscheid,25,Centre-Back,Bay. Leverkusen,"End of loanDec 31, 2014",out,Winter,0,1 Bundesliga,2014,2014/2015
FC Augsburg,Dong-won Ji,23,Centre-Forward,Bor. Dortmund,£1.80m,in,Winter,1.8,1 Bundesliga,2014,2014/2015
FC Augsburg,Christoph Janker,29,Centre-Back,Hertha BSC,free transfer,in,Winter,NA,1 Bundesliga,2014,2014/2015
FC Augsburg,Pierre-Emile Höjbjerg,19,Central Midfield,FC Bayern,loan transfer,in,Winter,NA,1 Bundesliga,2014,2014/2015
FC Augsburg,Raphael Framberger,19,Right-Back,FC Augsburg U19,-,in,Winter,0,1 Bundesliga,2014,2014/2015
FC Augsburg,Erik Thommy,20,Left Midfield,1.FC K'lautern,Loan fee:£90Th.,out,Winter,0.09,1 Bundesliga,2014,2014/2015
FC Augsburg,Ronny Philp,25,Right-Back,Greuther Fürth,loan transfer,out,Winter,NA,1 Bundesliga,2014,2014/2015
FC Augsburg,Marcel de Jong,28,Left-Back,Without Club,-,out,Winter,0,1 Bundesliga,2014,2014/2015
TSG 1899 Hoffenheim,Afriyie Acquah,23,Central Midfield,Parma,"End of loanFeb 1, 2015",in,Winter,0,1 Bundesliga,2014,2014/2015
TSG 1899 Hoffenheim,Guilherme Biteco,20,Left Midfield,Vasco da Gama,"End of loanDec 31, 2014",in,Winter,0,1 Bundesliga,2014,2014/2015
TSG 1899 Hoffenheim,Jannik Vestergaard,22,Centre-Back,Werder Bremen,£4.05m,out,Winter,4.05,1 Bundesliga,2014,2014/2015
TSG 1899 Hoffenheim,Koen Casteels,22,Goalkeeper,VfL Wolfsburg,£1.35m,out,Winter,1.35,1 Bundesliga,2014,2014/2015
TSG 1899 Hoffenheim,Knowledge Musona,24,Attacking Midfield,KV Oostende,£450Th.,out,Winter,0.45,1 Bundesliga,2014,2014/2015
TSG 1899 Hoffenheim,Jiloan Hamad,24,Attacking Midfield,Standard Liège,Loan fee:£90Th.,out,Winter,0.09,1 Bundesliga,2014,2014/2015
TSG 1899 Hoffenheim,Guilherme Biteco,20,Left Midfield,Santa Cruz,loan transfer,out,Winter,NA,1 Bundesliga,2014,2014/2015
TSG 1899 Hoffenheim,Afriyie Acquah,23,Central Midfield,Sampdoria,loan transfer,out,Winter,NA,1 Bundesliga,2014,2014/2015
Hannover 96,Didier Ya Konan,30,Centre-Forward,Ittihad,free transfer,in,Winter,NA,1 Bundesliga,2014,2014/2015
Hannover 96,João Pereira,30,Right-Back,Valencia,free transfer,in,Winter,NA,1 Bundesliga,2014,2014/2015
Hannover 96,Adrian Nikci,25,Left Winger,BSC Young Boys,"End of loanDec 31, 2014",in,Winter,0,1 Bundesliga,2014,2014/2015
Hannover 96,França,23,Defensive Midfield,Palmeiras,"End of loanDec 31, 2014",in,Winter,0,1 Bundesliga,2014,2014/2015
Hannover 96,Florian Ballas,21,Centre-Back,FSV Frankfurt,£90Th.,out,Winter,0.09,1 Bundesliga,2014,2014/2015
Hannover 96,Stefan Thesker,23,Centre-Back,Greuther Fürth,£90Th.,out,Winter,0.09,1 Bundesliga,2014,2014/2015
Hannover 96,França,23,Defensive Midfield,Figueirense FC,free transfer,out,Winter,NA,1 Bundesliga,2014,2014/2015
Hannover 96,Adrian Nikci,25,Left Winger,1.FC Nuremberg,free transfer,out,Winter,NA,1 Bundesliga,2014,2014/2015
Hannover 96,Vladimir Rankovic,21,Right-Back,Erzgebirge Aue,loan transfer,out,Winter,NA,1 Bundesliga,2014,2014/2015
Hannover 96,Valmir Sulejmani,18,Centre-Forward,Union Berlin,loan transfer,out,Winter,NA,1 Bundesliga,2014,2014/2015
Hertha BSC,Hany Mukhtar,19,Attacking Midfield,Benfica,£450Th.,out,Winter,0.45,1 Bundesliga,2014,2014/2015
Hertha BSC,Christoph Janker,29,Centre-Back,FC Augsburg,free transfer,out,Winter,NA,1 Bundesliga,2014,2014/2015
SV Werder Bremen,Jannik Vestergaard,22,Centre-Back,TSG Hoffenheim,£4.05m,in,Winter,4.05,1 Bundesliga,2014,2014/2015
SV Werder Bremen,Levin Öztunali,18,Central Midfield,Bay. Leverkusen,Loan fee:£180Th.,in,Winter,0.18,1 Bundesliga,2014,2014/2015
SV Werder Bremen,Koen Casteels,22,Goalkeeper,VfL Wolfsburg,Loan fee:£135Th.,in,Winter,0.135,1 Bundesliga,2014,2014/2015
SV Werder Bremen,Michael Zetterer,19,Goalkeeper,Unterhaching,£90Th.,in,Winter,0.09,1 Bundesliga,2014,2014/2015
SV Werder Bremen,Eljero Elia,27,Left Winger,Southampton,Loan fee:£450Th.,out,Winter,0.45,1 Bundesliga,2014,2014/2015
SV Werder Bremen,Nils Petersen,26,Centre-Forward,SC Freiburg,Loan fee:£180Th.,out,Winter,0.18,1 Bundesliga,2014,2014/2015
SV Werder Bremen,Ludovic Obraniak,30,Attacking Midfield,C. Rizespor,Loan fee:£180Th.,out,Winter,0.18,1 Bundesliga,2014,2014/2015
SV Werder Bremen,Richard Strebinger,21,Goalkeeper,Jahn Regensburg,loan transfer,out,Winter,NA,1 Bundesliga,2014,2014/2015
SV Werder Bremen,Oliver Hüsing,21,Centre-Back,Hansa Rostock,loan transfer,out,Winter,NA,1 Bundesliga,2014,2014/2015
Eintracht Frankfurt,Emil Balayev,20,Goalkeeper,Neftchi Baku,free transfer,in,Winter,NA,1 Bundesliga,2014,2014/2015
Eintracht Frankfurt,Yaffa Yusupha,18,Centre-Forward,Without Club,-,in,Winter,0,1 Bundesliga,2014,2014/2015
Eintracht Frankfurt,Olivier Occéan,33,Centre-Forward,1.FC K'lautern,"End of loanNov 10, 2014",in,Winter,0,1 Bundesliga,2014,2014/2015
Eintracht Frankfurt,Vaclav Kadlec,22,Centre-Forward,Sparta Prague,Loan fee:£90Th.,out,Winter,0.09,1 Bundesliga,2014,2014/2015
Eintracht Frankfurt,Martin Lanig,30,Defensive Midfield,APOEL Nicosia,£68Th.,out,Winter,0.068,1 Bundesliga,2014,2014/2015
Eintracht Frankfurt,Jan Rosenthal,28,Second Striker,Darmstadt 98,loan transfer,out,Winter,NA,1 Bundesliga,2014,2014/2015
Eintracht Frankfurt,Olivier Occéan,33,Centre-Forward,Odds BK,loan transfer,out,Winter,NA,1 Bundesliga,2014,2014/2015
Eintracht Frankfurt,Timo Hildebrand,35,Goalkeeper,Retired,-,out,Winter,0,1 Bundesliga,2014,2014/2015
SC Freiburg,Mats Möller Daehli,19,Attacking Midfield,Cardiff,£1.35m,in,Winter,1.35,1 Bundesliga,2014,2014/2015
SC Freiburg,Nils Petersen,26,Centre-Forward,Werder Bremen,Loan fee:£180Th.,in,Winter,0.18,1 Bundesliga,2014,2014/2015
SC Freiburg,Christopher Jullien,21,Centre-Back,SC Freiburg II,-,in,Winter,0,1 Bundesliga,2014,2014/2015
SC Freiburg,Sebastian Freis,29,Centre-Forward,Greuther Fürth,free transfer,out,Winter,NA,1 Bundesliga,2014,2014/2015
SC Freiburg,Philipp Zulechner,24,Centre-Forward,Austria Vienna,loan transfer,out,Winter,NA,1 Bundesliga,2014,2014/2015
SC Freiburg,Sebastian Kerk,20,Attacking Midfield,1.FC Nuremberg,loan transfer,out,Winter,NA,1 Bundesliga,2014,2014/2015
VfB Stuttgart,Geoffroy Serey Dié,30,Defensive Midfield,FC Basel,£540Th.,in,Winter,0.54,1 Bundesliga,2014,2014/2015
VfB Stuttgart,Timo Baumgartl,18,Centre-Back,Stuttgart II,-,in,Winter,0,1 Bundesliga,2014,2014/2015
VfB Stuttgart,Marco Rojas,23,Left Winger,Greuther Fürth,"End of loanJan 2, 2015",in,Winter,0,1 Bundesliga,2014,2014/2015
VfB Stuttgart,Raphael Holzhauser,21,Attacking Midfield,Austria Vienna,£225Th.,out,Winter,0.225,1 Bundesliga,2014,2014/2015
VfB Stuttgart,Marco Rojas,23,Left Winger,FC Thun,loan transfer,out,Winter,NA,1 Bundesliga,2014,2014/2015
VfB Stuttgart,Caniggia Elva,18,Left Winger,R. Strasbourg,loan transfer,out,Winter,NA,1 Bundesliga,2014,2014/2015
Hamburger SV,Ivica Olic,35,Centre-Forward,VfL Wolfsburg,£1.80m,in,Winter,1.8,1 Bundesliga,2014,2014/2015
Hamburger SV,Marcelo Díaz,28,Defensive Midfield,FC Basel,£1.80m,in,Winter,1.8,1 Bundesliga,2014,2014/2015
Hamburger SV,Tolgay Arslan,24,Central Midfield,Besiktas,£405Th.,out,Winter,0.405,1 Bundesliga,2014,2014/2015
Hamburger SV,Valmir Nafiu,20,Right Winger,APOEL Nicosia,free transfer,out,Winter,NA,1 Bundesliga,2014,2014/2015
1. FC Köln,Deyverson,23,Centre-Forward,Belenenses,Loan fee:£180Th.,in,Winter,0.18,1 Bundesliga,2014,2014/2015
1. FC Köln,Simon Zoller,23,Centre-Forward,1.FC K'lautern,loan transfer,out,Winter,NA,1 Bundesliga,2014,2014/2015
1. FC Köln,Tomas Kalas,21,Centre-Back,Chelsea,"End of loanJan 4, 2015",out,Winter,0,1 Bundesliga,2014,2014/2015
SC Paderborn 07,Srdjan Lakic,31,Centre-Forward,1.FC K'lautern,£315Th.,in,Winter,0.315,1 Bundesliga,2014,2014/2015
SC Paderborn 07,Viktor Maier,25,Centre-Forward,Alem. Aachen,free transfer,out,Winter,NA,1 Bundesliga,2014,2014/2015
