club_name,player_name,age,position,club_involved_name,fee,transfer_movement,transfer_period,fee_cleaned,league_name,year,season
Ajax Amsterdam,Mike van der Hoorn,20,Centre-Back,FC Utrecht,£3.42m,in,Summer,3.42,Eredivisie,2013,2013/2014
Ajax Amsterdam,Lerin Duarte,23,Central Midfield,Heracles Almelo,£2.70m,in,Summer,2.7,Eredivisie,2013,2013/2014
Ajax Amsterdam,Bojan Krkic,22,Second Striker,Barcelona,loan transfer,in,Summer,NA,Eredivisie,2013,2013/2014
Ajax Amsterdam,Lesly de Sa,20,Right Winger,Ajax U21,-,in,Summer,0,Eredivisie,2013,2013/2014
Ajax Amsterdam,Ruben Ligeon,21,Right-Back,Ajax U21,-,in,Summer,0,Eredivisie,2013,2013/2014
Ajax Amsterdam,Danny Hoesen,22,Centre-Forward,Ajax U21,-,in,Summer,0,Eredivisie,2013,2013/2014
Ajax Amsterdam,Eyong Enoh,27,Defensive Midfield,Fulham,"End of loanJun 30, 2013",in,Summer,0,Eredivisie,2013,2013/2014
Ajax Amsterdam,Dico Koppers,21,Left-Back,ADO Den Haag,"End of loanJun 30, 2013",in,Summer,0,Eredivisie,2013,2013/2014
Ajax Amsterdam,Christian Eriksen,21,Attacking Midfield,Spurs,£12.74m,out,Summer,12.74,Eredivisie,2013,2013/2014
Ajax Amsterdam,Toby Alderweireld,24,Centre-Back,Atlético Madrid,£6.30m,out,Summer,6.3,Eredivisie,2013,2013/2014
Ajax Amsterdam,Derk Boerrigter,26,Left Winger,Celtic,£2.25m,out,Summer,2.25,Eredivisie,2013,2013/2014
Ajax Amsterdam,Dico Koppers,21,Left-Back,Twente FC,£720Th.,out,Summer,0.72,Eredivisie,2013,2013/2014
Ajax Amsterdam,Miralem Sulejmani,24,Left Midfield,Benfica,free transfer,out,Summer,NA,Eredivisie,2013,2013/2014
Ajax Amsterdam,Ryan Babel,26,Left Winger,Kasimpasa,free transfer,out,Summer,NA,Eredivisie,2013,2013/2014
Ajax Amsterdam,Mitchell Dijks,20,Left-Back,Heerenveen,loan transfer,out,Summer,NA,Eredivisie,2013,2013/2014
Ajax Amsterdam,Jody Lukoki,20,Right Winger,SC Cambuur,loan transfer,out,Summer,NA,Eredivisie,2013,2013/2014
Ajax Amsterdam,Isaac Cuenca,22,Left Winger,Barcelona,"End of loanJun 30, 2013",out,Summer,0,Eredivisie,2013,2013/2014
PSV Eindhoven,Adam Maher,19,Central Midfield,AZ Alkmaar,£7.20m,in,Summer,7.2,Eredivisie,2013,2013/2014
PSV Eindhoven,Jeffrey Bruma,21,Centre-Back,Chelsea,£3.15m,in,Summer,3.15,Eredivisie,2013,2013/2014
PSV Eindhoven,Santiago Arias,21,Right-Back,Sporting CP,£1.74m,in,Summer,1.74,Eredivisie,2013,2013/2014
PSV Eindhoven,Stijn Schaars,29,Defensive Midfield,Sporting CP,£765Th.,in,Summer,0.765,Eredivisie,2013,2013/2014
PSV Eindhoven,Florian Jozefzoon,22,Right Winger,RKC Waalwijk,£248Th.,in,Summer,0.248,Eredivisie,2013,2013/2014
PSV Eindhoven,Karim Rekik,18,Centre-Back,Man City,loan transfer,in,Summer,NA,Eredivisie,2013,2013/2014
PSV Eindhoven,Ji-sung Park,32,Attacking Midfield,QPR,loan transfer,in,Summer,NA,Eredivisie,2013,2013/2014
PSV Eindhoven,Jorrit Hendrix,18,Defensive Midfield,PSV U19,-,in,Summer,0,Eredivisie,2013,2013/2014
PSV Eindhoven,Joshua Brenet,19,Right-Back,PSV U21,-,in,Summer,0,Eredivisie,2013,2013/2014
PSV Eindhoven,Zakaria Bakkali,17,Left Winger,PSV U21,-,in,Summer,0,Eredivisie,2013,2013/2014
PSV Eindhoven,Jeroen Zoet,22,Goalkeeper,RKC Waalwijk,"End of loanJun 30, 2013",in,Summer,0,Eredivisie,2013,2013/2014
PSV Eindhoven,Stanislav Manolev,27,Right Winger,Fulham,"End of loanJun 30, 2013",in,Summer,0,Eredivisie,2013,2013/2014
PSV Eindhoven,Abel Tamata,22,Left-Back,Roda JC,"End of loanJun 30, 2013",in,Summer,0,Eredivisie,2013,2013/2014
PSV Eindhoven,Kevin Strootman,23,Central Midfield,AS Roma,£15.75m,out,Summer,15.75,Eredivisie,2013,2013/2014
PSV Eindhoven,Dries Mertens,26,Centre-Forward,SSC Napoli,£8.53m,out,Summer,8.53,Eredivisie,2013,2013/2014
PSV Eindhoven,Jeremain Lens,25,Right Winger,Dynamo Kyiv,£8.10m,out,Summer,8.1,Eredivisie,2013,2013/2014
PSV Eindhoven,Erik Pieters,24,Left-Back,Stoke City,£3.24m,out,Summer,3.24,Eredivisie,2013,2013/2014
PSV Eindhoven,Marcelo,26,Centre-Back,Hannover 96,£2.48m,out,Summer,2.48,Eredivisie,2013,2013/2014
PSV Eindhoven,Atiba Hutchinson,30,Central Midfield,Besiktas,free transfer,out,Summer,NA,Eredivisie,2013,2013/2014
PSV Eindhoven,Orlando Engelaar,33,Defensive Midfield,Melbourne Heart,free transfer,out,Summer,NA,Eredivisie,2013,2013/2014
PSV Eindhoven,Jagos Vukovic,25,Centre-Back,Vojvodina,free transfer,out,Summer,NA,Eredivisie,2013,2013/2014
PSV Eindhoven,Boy Waterman,29,Goalkeeper,Karabükspor,free transfer,out,Summer,NA,Eredivisie,2013,2013/2014
PSV Eindhoven,Timothy Derijck,26,Centre-Back,FC Utrecht,loan transfer,out,Summer,NA,Eredivisie,2013,2013/2014
PSV Eindhoven,Marcel Ritzmaier,20,Central Midfield,SC Cambuur,loan transfer,out,Summer,NA,Eredivisie,2013,2013/2014
PSV Eindhoven,Wilfred Bouma,35,Left-Back,Retired,-,out,Summer,0,Eredivisie,2013,2013/2014
PSV Eindhoven,Mark van Bommel,36,Defensive Midfield,Retired,-,out,Summer,0,Eredivisie,2013,2013/2014
Feyenoord Rotterdam,Graziano Pellè,27,Centre-Forward,Parma,£2.70m,in,Summer,2.7,Eredivisie,2013,2013/2014
Feyenoord Rotterdam,Otman Bakkal,28,Attacking Midfield,Dinamo Moscow,free transfer,in,Summer,NA,Eredivisie,2013,2013/2014
Feyenoord Rotterdam,Samuel Armenteros,23,Centre-Forward,RSC Anderlecht,loan transfer,in,Summer,NA,Eredivisie,2013,2013/2014
Feyenoord Rotterdam,Elvis Manu,19,Left Winger,Feyenoord U19,-,in,Summer,0,Eredivisie,2013,2013/2014
Feyenoord Rotterdam,Jordy van Deelen,20,Right-Back,Feyenoord U21,-,in,Summer,0,Eredivisie,2013,2013/2014
Feyenoord Rotterdam,Lucas Woudenberg,19,Left-Back,Feyenoord U19,-,in,Summer,0,Eredivisie,2013,2013/2014
Feyenoord Rotterdam,Sven van Beek,18,Centre-Back,Feyenoord U19,-,in,Summer,0,Eredivisie,2013,2013/2014
Feyenoord Rotterdam,Joey Sleegers,18,Left Winger,Feyenoord U19,-,in,Summer,0,Eredivisie,2013,2013/2014
Feyenoord Rotterdam,Shabir Isoufi,21,Attacking Midfield,Telstar,"End of loanJun 30, 2013",in,Summer,0,Eredivisie,2013,2013/2014
Feyenoord Rotterdam,Kaj Ramsteijn,23,Centre-Back,VVV-Venlo,"End of loanJun 30, 2013",in,Summer,0,Eredivisie,2013,2013/2014
Feyenoord Rotterdam,Matthew Steenvoorden,20,Centre-Back,Excelsior,"End of loanJun 30, 2013",in,Summer,0,Eredivisie,2013,2013/2014
Feyenoord Rotterdam,Kelvin Leerdam,23,Right-Back,Vitesse,free transfer,out,Summer,NA,Eredivisie,2013,2013/2014
Feyenoord Rotterdam,Shabir Isoufi,21,Attacking Midfield,Telstar,free transfer,out,Summer,NA,Eredivisie,2013,2013/2014
Feyenoord Rotterdam,Lucas Woudenberg,19,Left-Back,Excelsior,loan transfer,out,Summer,NA,Eredivisie,2013,2013/2014
Feyenoord Rotterdam,Kamohelo Mokotjo,22,Defensive Midfield,PEC Zwolle,?,out,Summer,NA,Eredivisie,2013,2013/2014
Feyenoord Rotterdam,Matthew Steenvoorden,20,Centre-Back,FC Dordrecht,loan transfer,out,Summer,NA,Eredivisie,2013,2013/2014
Feyenoord Rotterdam,Anass Achahbar,19,Attacking Midfield,Arm. Bielefeld,loan transfer,out,Summer,NA,Eredivisie,2013,2013/2014
Feyenoord Rotterdam,Kaj Ramsteijn,23,Centre-Back,Sparta R.,loan transfer,out,Summer,NA,Eredivisie,2013,2013/2014
Feyenoord Rotterdam,Guyon Fernandez,27,Centre-Forward,PEC Zwolle,loan transfer,out,Summer,NA,Eredivisie,2013,2013/2014
Feyenoord Rotterdam,Graziano Pellè,27,Centre-Forward,Parma,"End of loanJun 30, 2013",out,Summer,0,Eredivisie,2013,2013/2014
Vitesse Arnhem,Kelvin Leerdam,23,Right-Back,Feyenoord,free transfer,in,Summer,NA,Eredivisie,2013,2013/2014
Vitesse Arnhem,Marko Vejinović,23,Central Midfield,Heracles Almelo,free transfer,in,Summer,NA,Eredivisie,2013,2013/2014
Vitesse Arnhem,Sam Hutchinson,24,Defensive Midfield,Chelsea,loan transfer,in,Summer,NA,Eredivisie,2013,2013/2014
Vitesse Arnhem,Christian Atsu,21,Left Winger,Chelsea,loan transfer,in,Summer,NA,Eredivisie,2013,2013/2014
Vitesse Arnhem,Lucas Piazon,19,Right Winger,Chelsea,loan transfer,in,Summer,NA,Eredivisie,2013,2013/2014
Vitesse Arnhem,Cristian Cuevas,18,Left-Back,Chelsea,loan transfer,in,Summer,NA,Eredivisie,2013,2013/2014
Vitesse Arnhem,Francisco Júnior,21,Central Midfield,Everton,loan transfer,in,Summer,NA,Eredivisie,2013,2013/2014
Vitesse Arnhem,Adnane Tighadouini,20,Left Winger,Vitesse U21,-,in,Summer,0,Eredivisie,2013,2013/2014
Vitesse Arnhem,Marko Meerits,21,Goalkeeper,FC Flora,"End of loanJul 31, 2013",in,Summer,0,Eredivisie,2013,2013/2014
Vitesse Arnhem,Nicky Hofs,30,Attacking Midfield,Willem II,"End of loanJun 30, 2013",in,Summer,0,Eredivisie,2013,2013/2014
Vitesse Arnhem,Giorgi Chanturia,20,Right Winger,Alania,"End of loanJun 30, 2013",in,Summer,0,Eredivisie,2013,2013/2014
Vitesse Arnhem,Marcus Pedersen,23,Centre-Forward,Odense BK,"End of loanJun 30, 2013",in,Summer,0,Eredivisie,2013,2013/2014
Vitesse Arnhem,Wilfried Bony,24,Centre-Forward,Swansea,£14.40m,out,Summer,14.4,Eredivisie,2013,2013/2014
Vitesse Arnhem,Marco van Ginkel,20,Central Midfield,Chelsea,£8.46m,out,Summer,8.46,Eredivisie,2013,2013/2014
Vitesse Arnhem,Nicky Hofs,30,Attacking Midfield,MASV,free transfer,out,Summer,NA,Eredivisie,2013,2013/2014
Vitesse Arnhem,Simon Cziommer,32,Central Midfield,Heracles Almelo,free transfer,out,Summer,NA,Eredivisie,2013,2013/2014
Vitesse Arnhem,Nikola Aksentijevic,20,Right-Back,Partizan,loan transfer,out,Summer,NA,Eredivisie,2013,2013/2014
Vitesse Arnhem,Marcus Pedersen,23,Centre-Forward,Barnsley FC,loan transfer,out,Summer,NA,Eredivisie,2013,2013/2014
Vitesse Arnhem,Eloy Room,24,Goalkeeper,Go Ahead Eagles,loan transfer,out,Summer,NA,Eredivisie,2013,2013/2014
Vitesse Arnhem,Michihiro Yasuda,25,Left-Back,Without Club,-,out,Summer,0,Eredivisie,2013,2013/2014
Vitesse Arnhem,Tomas Kalas,20,Centre-Back,Chelsea,"End of loanJun 30, 2013",out,Summer,0,Eredivisie,2013,2013/2014
FC Utrecht,Steve De Ridder,26,Attacking Midfield,Southampton,free transfer,in,Summer,NA,Eredivisie,2013,2013/2014
FC Utrecht,Timothy Derijck,26,Centre-Back,PSV Eindhoven,loan transfer,in,Summer,NA,Eredivisie,2013,2013/2014
FC Utrecht,Willem Janssen,27,Centre-Back,Twente FC,loan transfer,in,Summer,NA,Eredivisie,2013,2013/2014
FC Utrecht,Elroy Pappot,20,Attacking Midfield,Utrecht U21,-,in,Summer,0,Eredivisie,2013,2013/2014
FC Utrecht,Aleksandar Bjelica,19,Centre-Back,FC Utrecht U19,-,in,Summer,0,Eredivisie,2013,2013/2014
FC Utrecht,Kenny Teijsse,20,Defensive Midfield,Utrecht U21,-,in,Summer,0,Eredivisie,2013,2013/2014
FC Utrecht,Ismo Vorstermans,24,Centre-Back,VVV-Venlo,"End of loanJun 30, 2013",in,Summer,0,Eredivisie,2013,2013/2014
FC Utrecht,Mark Diemers,19,Central Midfield,SC Cambuur,"End of loanJun 30, 2013",in,Summer,0,Eredivisie,2013,2013/2014
FC Utrecht,Mike van der Hoorn,20,Centre-Back,Ajax,£3.42m,out,Summer,3.42,Eredivisie,2013,2013/2014
FC Utrecht,Nana Asare,26,Left-Back,KAA Gent,£810Th.,out,Summer,0.81,Eredivisie,2013,2013/2014
FC Utrecht,Ismo Vorstermans,24,Centre-Back,FC Dordrecht,free transfer,out,Summer,NA,Eredivisie,2013,2013/2014
FC Utrecht,Erik Cummins,24,Goalkeeper,Go Ahead Eagles,free transfer,out,Summer,NA,Eredivisie,2013,2013/2014
FC Utrecht,Enzio Boldewijn,20,Right Winger,Almere City,free transfer,out,Summer,NA,Eredivisie,2013,2013/2014
FC Utrecht,Jan Wuytens,28,Centre-Back,AZ Alkmaar,free transfer,out,Summer,NA,Eredivisie,2013,2013/2014
FC Utrecht,Anouar Kali,22,Defensive Midfield,Roda JC,free transfer,out,Summer,NA,Eredivisie,2013,2013/2014
FC Utrecht,Michael Zullo,24,Left-Back,Adelaide United,loan transfer,out,Summer,NA,Eredivisie,2013,2013/2014
FC Utrecht,Leon de Kogel,21,Centre-Forward,VVV-Venlo,loan transfer,out,Summer,NA,Eredivisie,2013,2013/2014
Twente Enschede FC,Jesús Corona,20,Right Midfield,Monterrey,£3.15m,in,Summer,3.15,Eredivisie,2013,2013/2014
Twente Enschede FC,Dico Koppers,21,Left-Back,Ajax,£720Th.,in,Summer,0.72,Eredivisie,2013,2013/2014
Twente Enschede FC,Youness Mokhtar,22,Left Winger,PEC Zwolle,£585Th.,in,Summer,0.585,Eredivisie,2013,2013/2014
Twente Enschede FC,Sonny Stevens,21,Goalkeeper,FC Volendam,£360Th.,in,Summer,0.36,Eredivisie,2013,2013/2014
Twente Enschede FC,Cuco Martina,23,Right-Back,RKC Waalwijk,£315Th.,in,Summer,0.315,Eredivisie,2013,2013/2014
Twente Enschede FC,Kyle Ebecilio,19,Central Midfield,Arsenal U21,free transfer,in,Summer,NA,Eredivisie,2013,2013/2014
Twente Enschede FC,Luka Djordjevic,19,Centre-Forward,Zenit S-Pb,loan transfer,in,Summer,NA,Eredivisie,2013,2013/2014
Twente Enschede FC,Quincy Promes,21,Left Winger,FC Twente U21,-,in,Summer,0,Eredivisie,2013,2013/2014
Twente Enschede FC,Shadrach Eghan,18,Attacking Midfield,FC Twente U21,-,in,Summer,0,Eredivisie,2013,2013/2014
Twente Enschede FC,Joey Pelupessy,20,Defensive Midfield,FC Twente U21,-,in,Summer,0,Eredivisie,2013,2013/2014
Twente Enschede FC,Felitciano Zschusschen,21,Centre-Forward,FC Twente U21,-,in,Summer,0,Eredivisie,2013,2013/2014
Twente Enschede FC,Tim Hölscher,18,Defensive Midfield,FC Twente U21,-,in,Summer,0,Eredivisie,2013,2013/2014
Twente Enschede FC,Nick Marsman,22,Goalkeeper,Go Ahead Eagles,"End of loanJun 30, 2013",in,Summer,0,Eredivisie,2013,2013/2014
Twente Enschede FC,Nicky Kuiper,24,Left-Back,Panathinaikos,"End of loanJun 30, 2013",in,Summer,0,Eredivisie,2013,2013/2014
Twente Enschede FC,Tim Cornelisse,35,Right-Back,Willem II,"End of loanJun 30, 2013",in,Summer,0,Eredivisie,2013,2013/2014
Twente Enschede FC,Glynor Plet,26,Centre-Forward,KRC Genk,"End of loanJun 30, 2013",in,Summer,0,Eredivisie,2013,2013/2014
Twente Enschede FC,Nils Röseler,21,Centre-Back,VVV-Venlo,"End of loanJun 30, 2013",in,Summer,0,Eredivisie,2013,2013/2014
Twente Enschede FC,Joshua John,24,Left Winger,Nordsjaelland,"End of loanJun 30, 2013",in,Summer,0,Eredivisie,2013,2013/2014
Twente Enschede FC,Emir Bajrami,25,Right Winger,Monaco,"End of loanJun 30, 2013",in,Summer,0,Eredivisie,2013,2013/2014
Twente Enschede FC,Thilo Leugers,22,Defensive Midfield,NAC Breda,"End of loanJun 30, 2013",in,Summer,0,Eredivisie,2013,2013/2014
Twente Enschede FC,Nacer Chadli,23,Left Winger,Spurs,£7.34m,out,Summer,7.34,Eredivisie,2013,2013/2014
Twente Enschede FC,Leroy Fer,23,Defensive Midfield,Norwich,£4.95m,out,Summer,4.95,Eredivisie,2013,2013/2014
Twente Enschede FC,Joshua John,24,Left Winger,Nordsjaelland,£495Th.,out,Summer,0.495,Eredivisie,2013,2013/2014
Twente Enschede FC,Nikolay Mihaylov,25,Goalkeeper,Hellas Verona,£450Th.,out,Summer,0.45,Eredivisie,2013,2013/2014
Twente Enschede FC,Douglas,25,Centre-Back,Dinamo Moscow,free transfer,out,Summer,NA,Eredivisie,2013,2013/2014
Twente Enschede FC,Emir Bajrami,25,Right Winger,Panathinaikos,free transfer,out,Summer,NA,Eredivisie,2013,2013/2014
Twente Enschede FC,Tim Cornelisse,35,Right-Back,Willem II,free transfer,out,Summer,NA,Eredivisie,2013,2013/2014
Twente Enschede FC,Denny Landzaat,37,Central Midfield,Sriwijaya FC,free transfer,out,Summer,NA,Eredivisie,2013,2013/2014
Twente Enschede FC,Daniel Fernandes,29,Goalkeeper,OFI Crete FC,loan transfer,out,Summer,NA,Eredivisie,2013,2013/2014
Twente Enschede FC,Willem Janssen,27,Centre-Back,FC Utrecht,loan transfer,out,Summer,NA,Eredivisie,2013,2013/2014
Twente Enschede FC,Jerson Cabral,22,Left Winger,ADO Den Haag,loan transfer,out,Summer,NA,Eredivisie,2013,2013/2014
Twente Enschede FC,Nicky Kuiper,24,Left-Back,FC Twente U21,-,out,Summer,0,Eredivisie,2013,2013/2014
Twente Enschede FC,Glynor Plet,26,Centre-Forward,Without Club,-,out,Summer,0,Eredivisie,2013,2013/2014
Twente Enschede FC,Thilo Leugers,22,Defensive Midfield,FC Twente U21,-,out,Summer,0,Eredivisie,2013,2013/2014
Twente Enschede FC,Dmitri Bulykin,33,Centre-Forward,Without Club,-,out,Summer,0,Eredivisie,2013,2013/2014
Twente Enschede FC,Nils Röseler,21,Centre-Back,FC Twente U21,-,out,Summer,0,Eredivisie,2013,2013/2014
Twente Enschede FC,Edson Braafheid,30,Left-Back,TSG Hoffenheim,"End of loanJun 30, 2013",out,Summer,0,Eredivisie,2013,2013/2014
FC Groningen,Eric Botteghin,25,Centre-Back,NAC Breda,£585Th.,in,Summer,0.585,Eredivisie,2013,2013/2014
FC Groningen,William Troost-Ekong,19,Centre-Back,Tottenham U21,free transfer,in,Summer,NA,Eredivisie,2013,2013/2014
FC Groningen,Dino Islamovic,20,Centre-Forward,Fulham FC U21,free transfer,in,Summer,NA,Eredivisie,2013,2013/2014
FC Groningen,Giliano Wijnaldum,20,Left-Back,AZ Alkmaar,free transfer,in,Summer,NA,Eredivisie,2013,2013/2014
FC Groningen,Nick van der Velden,31,Left Winger,NEC Nijmegen,free transfer,in,Summer,NA,Eredivisie,2013,2013/2014
FC Groningen,Krisztián Adorján,20,Attacking Midfield,Liverpool,loan transfer,in,Summer,NA,Eredivisie,2013,2013/2014
FC Groningen,Tjaronn Chery,25,Attacking Midfield,ADO Den Haag,loan transfer,in,Summer,NA,Eredivisie,2013,2013/2014
FC Groningen,Richairo Živković,16,Centre-Forward,Gron./Cam. U19,-,in,Summer,0,Eredivisie,2013,2013/2014
FC Groningen,Tim Keurntjes,22,Left-Back,SC Cambuur,"End of loanJun 30, 2013",in,Summer,0,Eredivisie,2013,2013/2014
FC Groningen,Robby Holder,20,Left Winger,Veendam,"End of loanMar 28, 2013",in,Summer,0,Eredivisie,2013,2013/2014
FC Groningen,Jesse Renken,19,Right-Back,Veendam,"End of loanMar 28, 2013",in,Summer,0,Eredivisie,2013,2013/2014
FC Groningen,Jonas Ivens,28,Centre-Back,Waasl.-Beveren,"End of loanJun 30, 2013",in,Summer,0,Eredivisie,2013,2013/2014
FC Groningen,Tom Hiariej,24,Defensive Midfield,FC Emmen,"End of loanJun 30, 2013",in,Summer,0,Eredivisie,2013,2013/2014
FC Groningen,Matías Jones,21,Attacking Midfield,FC Emmen,"End of loanJun 30, 2013",in,Summer,0,Eredivisie,2013,2013/2014
FC Groningen,Luis Pedro,21,Centre-Back,Veendam,"End of loanMar 28, 2013",in,Summer,0,Eredivisie,2013,2013/2014
FC Groningen,Virgil van Dijk,21,Centre-Back,Celtic,£2.48m,out,Summer,2.48,Eredivisie,2013,2013/2014
FC Groningen,Leandro Bacuna,21,Central Midfield,Aston Villa,£1.26m,out,Summer,1.26,Eredivisie,2013,2013/2014
FC Groningen,Matías Jones,22,Attacking Midfield,Defensor,free transfer,out,Summer,NA,Eredivisie,2013,2013/2014
FC Groningen,Mitchell Schet,25,Right Winger,ADO Den Haag,free transfer,out,Summer,NA,Eredivisie,2013,2013/2014
FC Groningen,Luis Pedro,21,Centre-Back,FC Emmen,free transfer,out,Summer,NA,Eredivisie,2013,2013/2014
FC Groningen,Alexander Christovao,20,Centre-Forward,SC Cambuur,free transfer,out,Summer,NA,Eredivisie,2013,2013/2014
FC Groningen,Robby Holder,20,Left Winger,ACV Assen,free transfer,out,Summer,NA,Eredivisie,2013,2013/2014
FC Groningen,Paulo Francisco,20,Right-Back,Harkemase Boys,free transfer,out,Summer,NA,Eredivisie,2013,2013/2014
FC Groningen,Jesse Renken,20,Right-Back,Be Quick 1887,free transfer,out,Summer,NA,Eredivisie,2013,2013/2014
FC Groningen,Tim Sparv,26,Defensive Midfield,Greuther Fürth,free transfer,out,Summer,NA,Eredivisie,2013,2013/2014
FC Groningen,Atilay Batbay,21,Right-Back,Kickers Emden,free transfer,out,Summer,NA,Eredivisie,2013,2013/2014
FC Groningen,Kees Kwakman,30,Defensive Midfield,NAC Breda,free transfer,out,Summer,NA,Eredivisie,2013,2013/2014
FC Groningen,Tim Keurntjes,22,Left-Back,Telstar,free transfer,out,Summer,NA,Eredivisie,2013,2013/2014
FC Groningen,Jonas Ivens,28,Centre-Back,RKC Waalwijk,loan transfer,out,Summer,NA,Eredivisie,2013,2013/2014
FC Groningen,Paco van Moorsel,23,Attacking Midfield,SC Cambuur,loan transfer,out,Summer,NA,Eredivisie,2013,2013/2014
FC Groningen,Yoëll van Nieff,20,Defensive Midfield,FC Dordrecht,loan transfer,out,Summer,NA,Eredivisie,2013,2013/2014
FC Groningen,Femi,28,Defensive Midfield,Without Club,-,out,Summer,0,Eredivisie,2013,2013/2014
FC Groningen,Joey Potveer,20,Goalkeeper,Gron./Cam. U21,-,out,Summer,0,Eredivisie,2013,2013/2014
SC Heerenveen,Magnus Wolff Eikrem,22,Attacking Midfield,Molde,£1.08m,in,Summer,1.08,Eredivisie,2013,2013/2014
SC Heerenveen,Yanic Wildschut,21,Left Winger,VVV-Venlo,£630Th.,in,Summer,0.63,Eredivisie,2013,2013/2014
SC Heerenveen,Stefano Marzo,22,Right-Back,Beerschot AC,free transfer,in,Summer,NA,Eredivisie,2013,2013/2014
SC Heerenveen,Chiel Kramer,21,Centre-Forward,Ajax U21,free transfer,in,Summer,NA,Eredivisie,2013,2013/2014
SC Heerenveen,Uche Nwofor,21,Centre-Forward,VVV-Venlo,loan transfer,in,Summer,NA,Eredivisie,2013,2013/2014
SC Heerenveen,Joeri de Kamps,21,Defensive Midfield,Ajax U21,loan transfer,in,Summer,NA,Eredivisie,2013,2013/2014
SC Heerenveen,Mitchell Dijks,20,Left-Back,Ajax,loan transfer,in,Summer,NA,Eredivisie,2013,2013/2014
SC Heerenveen,Jens Jurn Streutker,20,Centre-Back,Heerenveen U21,-,in,Summer,0,Eredivisie,2013,2013/2014
SC Heerenveen,Fahd Aktaou,20,Left-Back,Heerenveen U21,-,in,Summer,0,Eredivisie,2013,2013/2014
SC Heerenveen,Daley Sinkgraven,17,Left-Back,Heerenveen U19,-,in,Summer,0,Eredivisie,2013,2013/2014
SC Heerenveen,Bilal Basacikoglu,18,Left Winger,Heerenveen U19,-,in,Summer,0,Eredivisie,2013,2013/2014
SC Heerenveen,Arsenio Valpoort,20,Left Winger,PEC Zwolle,"End of loanJun 30, 2013",in,Summer,0,Eredivisie,2013,2013/2014
SC Heerenveen,Samir Fazli,22,Centre-Forward,Helmond Sport,"End of loanJun 30, 2013",in,Summer,0,Eredivisie,2013,2013/2014
SC Heerenveen,Filip Djuricic,21,Attacking Midfield,Benfica,£7.20m,out,Summer,7.2,Eredivisie,2013,2013/2014
SC Heerenveen,Jeffrey Gouweleeuw,21,Centre-Back,AZ Alkmaar,£1.35m,out,Summer,1.35,Eredivisie,2013,2013/2014
SC Heerenveen,Matthew Amoah,32,attack,Heracles Almelo,free transfer,out,Summer,NA,Eredivisie,2013,2013/2014
SC Heerenveen,Kenny Steppe,24,Goalkeeper,Waasl.-Beveren,free transfer,out,Summer,NA,Eredivisie,2013,2013/2014
SC Heerenveen,Oussama Tannane,19,Attacking Midfield,Heracles Almelo,free transfer,out,Summer,NA,Eredivisie,2013,2013/2014
SC Heerenveen,Arsenio Valpoort,20,Left Winger,Ferencváros,free transfer,out,Summer,NA,Eredivisie,2013,2013/2014
SC Heerenveen,Sven Kums,25,Central Midfield,Zulte Waregem,?,out,Summer,NA,Eredivisie,2013,2013/2014
SC Heerenveen,Doke Schmidt,21,Right-Back,Go Ahead Eagles,loan transfer,out,Summer,NA,Eredivisie,2013,2013/2014
SC Heerenveen,Jens Jurn Streutker,20,Centre-Back,Heracles Almelo,loan transfer,out,Summer,NA,Eredivisie,2013,2013/2014
SC Heerenveen,Mark Uth,22,Second Striker,Heracles Almelo,loan transfer,out,Summer,NA,Eredivisie,2013,2013/2014
SC Heerenveen,Daniël de Ridder,29,Left Winger,Without Club,-,out,Summer,0,Eredivisie,2013,2013/2014
SC Heerenveen,Gianni Zuiverloon,26,Centre-Back,RCD Mallorca,"End of loanJun 30, 2013",out,Summer,0,Eredivisie,2013,2013/2014
SC Heerenveen,Yassine El Ghanassy,22,Left Winger,KAA Gent,"End of loanJun 30, 2013",out,Summer,0,Eredivisie,2013,2013/2014
SC Heerenveen,Lukas Marecek,23,Defensive Midfield,RSC Anderlecht,"End of loanJun 30, 2013",out,Summer,0,Eredivisie,2013,2013/2014
ADO Den Haag,Mathias Gehrt,21,Attacking Midfield,Bröndby IF,£90Th.,in,Summer,0.09,Eredivisie,2013,2013/2014
ADO Den Haag,Wilfried Kanon,20,Centre-Back,Corona Brasov,free transfer,in,Summer,NA,Eredivisie,2013,2013/2014
ADO Den Haag,Catalin Tira,19,Centre-Forward,Lazio U19,free transfer,in,Summer,NA,Eredivisie,2013,2013/2014
ADO Den Haag,Roland Alberg,23,Attacking Midfield,Elazigspor,free transfer,in,Summer,NA,Eredivisie,2013,2013/2014
ADO Den Haag,Gianni Zuiverloon,26,Centre-Back,RCD Mallorca,free transfer,in,Summer,NA,Eredivisie,2013,2013/2014
ADO Den Haag,Mitchell Schet,25,Right Winger,FC Groningen,free transfer,in,Summer,NA,Eredivisie,2013,2013/2014
ADO Den Haag,Malcolm Esajas,26,Left Winger,MVV Maastricht,free transfer,in,Summer,NA,Eredivisie,2013,2013/2014
ADO Den Haag,Ricky van Haaren,22,Central Midfield,VVV-Venlo,free transfer,in,Summer,NA,Eredivisie,2013,2013/2014
ADO Den Haag,Michiel Kramer,24,Centre-Forward,FC Volendam,free transfer,in,Summer,NA,Eredivisie,2013,2013/2014
ADO Den Haag,Gervane Kastaneer,17,Left Winger,FC Dordrecht,?,in,Summer,NA,Eredivisie,2013,2013/2014
ADO Den Haag,Ninos Gouriye,22,Left Winger,Heracles Almelo,?,in,Summer,NA,Eredivisie,2013,2013/2014
ADO Den Haag,Jerson Cabral,22,Left Winger,Twente FC,loan transfer,in,Summer,NA,Eredivisie,2013,2013/2014
ADO Den Haag,Mike Tros,19,Defensive Midfield,ADO U21,-,in,Summer,0,Eredivisie,2013,2013/2014
ADO Den Haag,Mitchel de Vlugt,19,Defensive Midfield,ADO U19,-,in,Summer,0,Eredivisie,2013,2013/2014
ADO Den Haag,Papito Merencia,19,Attacking Midfield,ADO U19,-,in,Summer,0,Eredivisie,2013,2013/2014
ADO Den Haag,Robin Buwalda,18,Centre-Back,ADO U19,-,in,Summer,0,Eredivisie,2013,2013/2014
ADO Den Haag,Bas Meeuwissen,19,Goalkeeper,ADO U19,-,in,Summer,0,Eredivisie,2013,2013/2014
ADO Den Haag,Kevin Tano,20,Right Winger,FC Dordrecht,"End of loanJun 30, 2013",in,Summer,0,Eredivisie,2013,2013/2014
ADO Den Haag,Roderick Gielisse,23,Right-Back,FC Dordrecht,"End of loanJun 30, 2013",in,Summer,0,Eredivisie,2013,2013/2014
ADO Den Haag,Filip Luksik,28,Centre-Back,Slo. Bratislava,"End of loanJun 30, 2013",in,Summer,0,Eredivisie,2013,2013/2014
ADO Den Haag,Aleksandar Radosavljevic,34,Defensive Midfield,VVV-Venlo,"End of loanJun 30, 2013",in,Summer,0,Eredivisie,2013,2013/2014
ADO Den Haag,Ahmed Ammi,32,Right-Back,VVV-Venlo,"End of loanJun 30, 2013",in,Summer,0,Eredivisie,2013,2013/2014
ADO Den Haag,Wouter de Vogel,22,Attacking Midfield,FC Den Bosch,"End of loanJun 30, 2013",in,Summer,0,Eredivisie,2013,2013/2014
ADO Den Haag,Ramon Leeuwin,25,Centre-Back,SC Cambuur,free transfer,out,Summer,NA,Eredivisie,2013,2013/2014
ADO Den Haag,Andre Ntambue,21,Centre-Forward,Diegem Sport,free transfer,out,Summer,NA,Eredivisie,2013,2013/2014
ADO Den Haag,Filip Luksik,28,Centre-Back,Spartak Myjava,free transfer,out,Summer,NA,Eredivisie,2013,2013/2014
ADO Den Haag,Charlton Vicento,22,Left Winger,PAS Giannina,free transfer,out,Summer,NA,Eredivisie,2013,2013/2014
ADO Den Haag,Roderick Gielisse,23,Right-Back,Sparta R.,free transfer,out,Summer,NA,Eredivisie,2013,2013/2014
ADO Den Haag,Stanley Elbers,21,Right Winger,Helmond Sport,free transfer,out,Summer,NA,Eredivisie,2013,2013/2014
ADO Den Haag,Kevin Tano,20,Right Winger,Royal Antwerp,free transfer,out,Summer,NA,Eredivisie,2013,2013/2014
ADO Den Haag,Wouter de Vogel,22,Attacking Midfield,FC Den Bosch,free transfer,out,Summer,NA,Eredivisie,2013,2013/2014
ADO Den Haag,Adil Tihouna,20,Attacking Midfield,PEC Zwolle U21,free transfer,out,Summer,NA,Eredivisie,2013,2013/2014
ADO Den Haag,Tom Broekhuizen,21,Defensive Midfield,FC Lisse,free transfer,out,Summer,NA,Eredivisie,2013,2013/2014
ADO Den Haag,Giovanni Korte,20,Right Winger,FC Dordrecht,loan transfer,out,Summer,NA,Eredivisie,2013,2013/2014
ADO Den Haag,Rydell Poepon,25,Centre-Forward,NAC Breda,loan transfer,out,Summer,NA,Eredivisie,2013,2013/2014
ADO Den Haag,Kevin Visser,24,Defensive Midfield,Helmond Sport,?,out,Summer,NA,Eredivisie,2013,2013/2014
ADO Den Haag,Tjaronn Chery,25,Attacking Midfield,FC Groningen,loan transfer,out,Summer,NA,Eredivisie,2013,2013/2014
ADO Den Haag,Aleksandar Radosavljevic,34,Defensive Midfield,Without Club,-,out,Summer,0,Eredivisie,2013,2013/2014
ADO Den Haag,Santi Kolk,31,Right Winger,Retired,-,out,Summer,0,Eredivisie,2013,2013/2014
ADO Den Haag,Gábor Horváth,27,Centre-Back,Without Club,-,out,Summer,0,Eredivisie,2013,2013/2014
ADO Den Haag,Ahmed Ammi,32,Right-Back,Without Club,-,out,Summer,0,Eredivisie,2013,2013/2014
ADO Den Haag,Dico Koppers,21,Left-Back,Ajax,"End of loanJun 30, 2013",out,Summer,0,Eredivisie,2013,2013/2014
ADO Den Haag,Kenneth Omeruo,19,Centre-Back,Chelsea,"End of loanJun 30, 2013",out,Summer,0,Eredivisie,2013,2013/2014
AZ Alkmaar,Nemanja Gudelj,21,Defensive Midfield,NAC Breda,£2.70m,in,Summer,2.7,Eredivisie,2013,2013/2014
AZ Alkmaar,Jeffrey Gouweleeuw,21,Centre-Back,Heerenveen,£1.35m,in,Summer,1.35,Eredivisie,2013,2013/2014
AZ Alkmaar,Denni Avdic,24,Centre-Forward,Werder Bremen,£225Th.,in,Summer,0.225,Eredivisie,2013,2013/2014
AZ Alkmaar,Jan Wuytens,28,Centre-Back,FC Utrecht,free transfer,in,Summer,NA,Eredivisie,2013,2013/2014
AZ Alkmaar,Eli Babalj,21,Centre-Forward,Melbourne Heart,?,in,Summer,NA,Eredivisie,2013,2013/2014
AZ Alkmaar,Joris van Overeem,19,Central Midfield,AZ Alkmaar U21,-,in,Summer,0,Eredivisie,2013,2013/2014
AZ Alkmaar,Paul Kok,18,Left-Back,AZ Alkmaar U21,-,in,Summer,0,Eredivisie,2013,2013/2014
AZ Alkmaar,Raymond Gyasi,18,Right Winger,AZ Alkmaar U19,-,in,Summer,0,Eredivisie,2013,2013/2014
AZ Alkmaar,Ruud Boymans,24,Centre-Forward,NEC Nijmegen,"End of loanJun 30, 2013",in,Summer,0,Eredivisie,2013,2013/2014
AZ Alkmaar,Erik Falkenburg,25,Attacking Midfield,NEC Nijmegen,"End of loanJun 30, 2013",in,Summer,0,Eredivisie,2013,2013/2014
AZ Alkmaar,Jozy Altidore,23,Centre-Forward,Sunderland,£9.00m,out,Summer,9,Eredivisie,2013,2013/2014
AZ Alkmaar,Adam Maher,19,Central Midfield,PSV Eindhoven,£7.20m,out,Summer,7.2,Eredivisie,2013,2013/2014
AZ Alkmaar,Giliano Wijnaldum,20,Left-Back,FC Groningen,free transfer,out,Summer,NA,Eredivisie,2013,2013/2014
AZ Alkmaar,Ali Messaoud,22,Attacking Midfield,Willem II,free transfer,out,Summer,NA,Eredivisie,2013,2013/2014
AZ Alkmaar,Jeffrey Ket,20,Centre-Back,Telstar,free transfer,out,Summer,NA,Eredivisie,2013,2013/2014
AZ Alkmaar,Terell Ondaan,19,Right Winger,Telstar,free transfer,out,Summer,NA,Eredivisie,2013,2013/2014
AZ Alkmaar,Robert Klaasen,19,Defensive Midfield,KV Kortrijk,free transfer,out,Summer,NA,Eredivisie,2013,2013/2014
AZ Alkmaar,Milan Hoek,21,Central Midfield,Quick Boys,free transfer,out,Summer,NA,Eredivisie,2013,2013/2014
AZ Alkmaar,Paul Kok,18,Left-Back,Telstar,loan transfer,out,Summer,NA,Eredivisie,2013,2013/2014
AZ Alkmaar,Erik Falkenburg,25,Attacking Midfield,Go Ahead Eagles,loan transfer,out,Summer,NA,Eredivisie,2013,2013/2014
AZ Alkmaar,Ruud Boymans,24,Centre-Forward,Willem II,loan transfer,out,Summer,NA,Eredivisie,2013,2013/2014
AZ Alkmaar,Mikhail Rosheuvel,22,Right Winger,Heracles Almelo,loan transfer,out,Summer,NA,Eredivisie,2013,2013/2014
AZ Alkmaar,Thom Haye,18,Defensive Midfield,AZ Alkmaar U21,-,out,Summer,0,Eredivisie,2013,2013/2014
AZ Alkmaar,Thomas Lam,19,Centre-Back,AZ Alkmaar U21,-,out,Summer,0,Eredivisie,2013,2013/2014
AZ Alkmaar,Jonas Heymans,20,Left-Back,AZ Alkmaar U21,-,out,Summer,0,Eredivisie,2013,2013/2014
AZ Alkmaar,Raymond Gyasi,19,Right Winger,AZ Alkmaar U21,-,out,Summer,0,Eredivisie,2013,2013/2014
AZ Alkmaar,Joris van Overeem,19,Central Midfield,AZ Alkmaar U21,-,out,Summer,0,Eredivisie,2013,2013/2014
PEC Zwolle,Mateusz Klich,23,Central Midfield,VfL Wolfsburg,£180Th.,in,Summer,0.18,Eredivisie,2013,2013/2014
PEC Zwolle,Stef Nijland,24,Attacking Midfield,PSV U21,free transfer,in,Summer,NA,Eredivisie,2013,2013/2014
PEC Zwolle,Kevin Begois,31,Goalkeeper,FC Den Bosch,free transfer,in,Summer,NA,Eredivisie,2013,2013/2014
PEC Zwolle,Youssef Fennich,20,Defensive Midfield,Heerenveen U21,free transfer,in,Summer,NA,Eredivisie,2013,2013/2014
PEC Zwolle,Kamohelo Mokotjo,22,Defensive Midfield,Feyenoord,?,in,Summer,NA,Eredivisie,2013,2013/2014
PEC Zwolle,Leroy Labylle,22,Left-Back,MVV Maastricht,?,in,Summer,NA,Eredivisie,2013,2013/2014
PEC Zwolle,Guyon Fernandez,27,Centre-Forward,Feyenoord,loan transfer,in,Summer,NA,Eredivisie,2013,2013/2014
PEC Zwolle,Boris Rasevic,18,Attacking Midfield,PEC Zwolle U19,-,in,Summer,0,Eredivisie,2013,2013/2014
PEC Zwolle,Ryan Thomas,18,Central Midfield,PEC Zwolle U21,-,in,Summer,0,Eredivisie,2013,2013/2014
PEC Zwolle,Giovanni Hiwat,19,Right Winger,SC Cambuur,"End of loanJun 30, 2013",in,Summer,0,Eredivisie,2013,2013/2014
PEC Zwolle,Norair Aslanyan,22,Right Winger,FC Emmen,"End of loanJun 30, 2013",in,Summer,0,Eredivisie,2013,2013/2014
PEC Zwolle,Youness Mokhtar,22,Left Winger,Twente FC,£585Th.,out,Summer,0.585,Eredivisie,2013,2013/2014
PEC Zwolle,Simon IJzerman,20,Defensive Midfield,WKE,free transfer,out,Summer,NA,Eredivisie,2013,2013/2014
PEC Zwolle,Mike Koenders,21,Centre-Back,Genemuiden,free transfer,out,Summer,NA,Eredivisie,2013,2013/2014
PEC Zwolle,Djeremy Zandvliet,20,Right Winger,Rohda Raalte,free transfer,out,Summer,NA,Eredivisie,2013,2013/2014
PEC Zwolle,Frank Olijve,24,Central Midfield,FC Emmen,free transfer,out,Summer,NA,Eredivisie,2013,2013/2014
PEC Zwolle,Sherwin Grot,22,Centre-Forward,GVVV,free transfer,out,Summer,NA,Eredivisie,2013,2013/2014
PEC Zwolle,Danny Wintjens,29,Goalkeeper,VVV-Venlo,free transfer,out,Summer,NA,Eredivisie,2013,2013/2014
PEC Zwolle,Norair Aslanyan,22,Right Winger,Willem II,free transfer,out,Summer,NA,Eredivisie,2013,2013/2014
PEC Zwolle,Christiaan Cicek,24,Centre-Forward,SVZW Wierden,free transfer,out,Summer,NA,Eredivisie,2013,2013/2014
PEC Zwolle,Norichio Nieveld,24,Centre-Back,FC Eindhoven,free transfer,out,Summer,NA,Eredivisie,2013,2013/2014
PEC Zwolle,Ricardo Malaihollo,19,Right-Back,PEC Zwolle U21,-,out,Summer,0,Eredivisie,2013,2013/2014
PEC Zwolle,Ricardo Talu,19,Centre-Back,PEC Zwolle U21,-,out,Summer,0,Eredivisie,2013,2013/2014
PEC Zwolle,Ibrahim Ikililou,20,Right Winger,PEC Zwolle U21,-,out,Summer,0,Eredivisie,2013,2013/2014
PEC Zwolle,Gerard Aafjes,28,Centre-Back,Without Club,-,out,Summer,0,Eredivisie,2013,2013/2014
PEC Zwolle,Arne Slot,34,Attacking Midfield,Retired,-,out,Summer,0,Eredivisie,2013,2013/2014
PEC Zwolle,Mateusz Klich,23,Central Midfield,VfL Wolfsburg,"End of loanJun 30, 2013",out,Summer,0,Eredivisie,2013,2013/2014
PEC Zwolle,Arsenio Valpoort,20,Left Winger,Heerenveen,"End of loanJun 30, 2013",out,Summer,0,Eredivisie,2013,2013/2014
PEC Zwolle,Denni Avdic,24,Centre-Forward,Werder Bremen,"End of loanJun 30, 2013",out,Summer,0,Eredivisie,2013,2013/2014
PEC Zwolle,Wiljan Pluim,24,Attacking Midfield,Roda JC,"End of loanJun 30, 2013",out,Summer,0,Eredivisie,2013,2013/2014
Heracles Almelo,Iliass Bel Hassani,20,Attacking Midfield,Sparta R.,£270Th.,in,Summer,0.27,Eredivisie,2013,2013/2014
Heracles Almelo,Matthew Amoah,32,attack,Heerenveen,free transfer,in,Summer,NA,Eredivisie,2013,2013/2014
Heracles Almelo,Jaroslav Navratil,21,Right Winger,Breclav,free transfer,in,Summer,NA,Eredivisie,2013,2013/2014
Heracles Almelo,Oussama Tannane,19,Attacking Midfield,Heerenveen,free transfer,in,Summer,NA,Eredivisie,2013,2013/2014
Heracles Almelo,Simon Cziommer,32,Central Midfield,Vitesse,free transfer,in,Summer,NA,Eredivisie,2013,2013/2014
Heracles Almelo,Daan Rienstra,20,Central Midfield,ADO '20,free transfer,in,Summer,NA,Eredivisie,2013,2013/2014
Heracles Almelo,Aleksei Kangaskolkka,24,Centre-Forward,Jönköping,?,in,Summer,NA,Eredivisie,2013,2013/2014
Heracles Almelo,Bryan Linssen,22,Centre-Forward,VVV-Venlo,?,in,Summer,NA,Eredivisie,2013,2013/2014
Heracles Almelo,Mikhail Rosheuvel,22,Right Winger,AZ Alkmaar,loan transfer,in,Summer,NA,Eredivisie,2013,2013/2014
Heracles Almelo,Mark Uth,22,Second Striker,Heerenveen,loan transfer,in,Summer,NA,Eredivisie,2013,2013/2014
Heracles Almelo,Jens Jurn Streutker,20,Centre-Back,Heerenveen,loan transfer,in,Summer,NA,Eredivisie,2013,2013/2014
Heracles Almelo,Edwin Gyasi,22,Right Winger,FC Twente U21,-,in,Summer,0,Eredivisie,2013,2013/2014
Heracles Almelo,Michael Brouwer,20,Goalkeeper,Heracles U21,-,in,Summer,0,Eredivisie,2013,2013/2014
Heracles Almelo,Dennis Telgenkamp,26,Goalkeeper,SC Cambuur,"End of loanJun 30, 2013",in,Summer,0,Eredivisie,2013,2013/2014
Heracles Almelo,Lerin Duarte,23,Central Midfield,Ajax,£2.70m,out,Summer,2.7,Eredivisie,2013,2013/2014
Heracles Almelo,Paul Holsgrove,22,Central Midfield,Millwall,free transfer,out,Summer,NA,Eredivisie,2013,2013/2014
Heracles Almelo,Everton,30,Centre-Forward,Al-Nassr FC,free transfer,out,Summer,NA,Eredivisie,2013,2013/2014
Heracles Almelo,Daryl van Mieghem,23,Right Winger,Telstar,free transfer,out,Summer,NA,Eredivisie,2013,2013/2014
Heracles Almelo,Marko Vejinović,23,Central Midfield,Vitesse,free transfer,out,Summer,NA,Eredivisie,2013,2013/2014
Heracles Almelo,Mathias Schamp,25,Left Winger,KSV Oudenaarde,free transfer,out,Summer,NA,Eredivisie,2013,2013/2014
Heracles Almelo,Ninos Gouriye,22,Left Winger,ADO Den Haag,?,out,Summer,NA,Eredivisie,2013,2013/2014
Heracles Almelo,Brian van Loo,38,Goalkeeper,Retired,-,out,Summer,0,Eredivisie,2013,2013/2014
Heracles Almelo,Jaroslav Navratil,21,Right Winger,Breclav,"End of loanJun 30, 2013",out,Summer,0,Eredivisie,2013,2013/2014
Heracles Almelo,Geoffrey Castillion,22,Centre-Forward,Ajax U21,"End of loanJun 30, 2013",out,Summer,0,Eredivisie,2013,2013/2014
NAC Breda,Gill Swerts,30,Right-Back,SönderjyskE,free transfer,in,Summer,NA,Eredivisie,2013,2013/2014
NAC Breda,Kees Kwakman,30,Defensive Midfield,FC Groningen,free transfer,in,Summer,NA,Eredivisie,2013,2013/2014
NAC Breda,Henrico Drost,26,Centre-Back,RKC Waalwijk,free transfer,in,Summer,NA,Eredivisie,2013,2013/2014
NAC Breda,Joey Suk,23,Central Midfield,Beerschot AC,free transfer,in,Summer,NA,Eredivisie,2013,2013/2014
NAC Breda,Gábor Babos,38,Goalkeeper,NEC Nijmegen,free transfer,in,Summer,NA,Eredivisie,2013,2013/2014
NAC Breda,Boldizsár Bodor,31,Left-Back,Beerschot AC,free transfer,in,Summer,NA,Eredivisie,2013,2013/2014
NAC Breda,Stipe Perica,18,Centre-Forward,Chelsea,loan transfer,in,Summer,NA,Eredivisie,2013,2013/2014
NAC Breda,Rydell Poepon,25,Centre-Forward,ADO Den Haag,loan transfer,in,Summer,NA,Eredivisie,2013,2013/2014
NAC Breda,Sepp De Roover,28,Right-Back,KSC Lokeren,?,in,Summer,NA,Eredivisie,2013,2013/2014
NAC Breda,Rick Stuy van den Herik,20,Defensive Midfield,NAC Breda U21,-,in,Summer,0,Eredivisie,2013,2013/2014
NAC Breda,Jeffrey Sarpong,24,Right Winger,Without Club,-,in,Summer,0,Eredivisie,2013,2013/2014
NAC Breda,Nemanja Gudelj,21,Defensive Midfield,AZ Alkmaar,£2.70m,out,Summer,2.7,Eredivisie,2013,2013/2014
NAC Breda,Eric Botteghin,25,Centre-Back,FC Groningen,£585Th.,out,Summer,0.585,Eredivisie,2013,2013/2014
NAC Breda,Nadir Ciftci,21,Centre-Forward,Dundee United,free transfer,out,Summer,NA,Eredivisie,2013,2013/2014
NAC Breda,Steven Edwards,22,Defensive Midfield,Achilles '29,free transfer,out,Summer,NA,Eredivisie,2013,2013/2014
NAC Breda,Kees Luijckx,27,Centre-Back,Roda JC,free transfer,out,Summer,NA,Eredivisie,2013,2013/2014
NAC Breda,Jens Janse,27,Right Midfield,Córdoba CF,free transfer,out,Summer,NA,Eredivisie,2013,2013/2014
NAC Breda,Wilko de Vogt,37,Goalkeeper,Unknown,free transfer,out,Summer,NA,Eredivisie,2013,2013/2014
NAC Breda,Tim Coremans,22,Goalkeeper,SC Cambuur,free transfer,out,Summer,NA,Eredivisie,2013,2013/2014
NAC Breda,Rick ten Voorde,22,Centre-Forward,NEC Nijmegen,"End of loanJun 30, 2013",out,Summer,0,Eredivisie,2013,2013/2014
NAC Breda,Sepp De Roover,28,Right-Back,KSC Lokeren,"End of loanJun 30, 2013",out,Summer,0,Eredivisie,2013,2013/2014
NAC Breda,Thilo Leugers,22,Defensive Midfield,Twente FC,"End of loanJun 30, 2013",out,Summer,0,Eredivisie,2013,2013/2014
RKC Waalwijk,Damiano Schet,23,Left Winger,Rijnsburgse B.,free transfer,in,Summer,NA,Eredivisie,2013,2013/2014
RKC Waalwijk,Rémy Amieux,26,Left-Back,NEC Nijmegen,free transfer,in,Summer,NA,Eredivisie,2013,2013/2014
RKC Waalwijk,Dennis Rommedahl,34,Right Winger,Bröndby IF,free transfer,in,Summer,NA,Eredivisie,2013,2013/2014
RKC Waalwijk,Romeo Castelen,30,Right Winger,Volga NN,free transfer,in,Summer,NA,Eredivisie,2013,2013/2014
RKC Waalwijk,Jonas Ivens,28,Centre-Back,FC Groningen,loan transfer,in,Summer,NA,Eredivisie,2013,2013/2014
RKC Waalwijk,Kenny Van Hoevelen,30,Centre-Back,KV Mechelen,loan transfer,in,Summer,NA,Eredivisie,2013,2013/2014
RKC Waalwijk,Aurélien Joachim,26,Centre-Forward,F91 Dudelange,?,in,Summer,NA,Eredivisie,2013,2013/2014
RKC Waalwijk,Nils den Hartog,19,Goalkeeper,Willem II/RKC-19,?,in,Summer,NA,Eredivisie,2013,2013/2014
RKC Waalwijk,Jan Seda,27,Goalkeeper,Mlada Boleslav,loan transfer,in,Summer,NA,Eredivisie,2013,2013/2014
RKC Waalwijk,Prince Gouano,19,Centre-Back,Atalanta BC,loan transfer,in,Summer,NA,Eredivisie,2013,2013/2014
RKC Waalwijk,Mickaël Tavares,30,Defensive Midfield,Without Club,-,in,Summer,0,Eredivisie,2013,2013/2014
RKC Waalwijk,Evander Sno,26,Defensive Midfield,Without Club,-,in,Summer,0,Eredivisie,2013,2013/2014
RKC Waalwijk,Jean-David Beauguel,21,Centre-Forward,Without Club,-,in,Summer,0,Eredivisie,2013,2013/2014
RKC Waalwijk,Ingo van Weert,19,Centre-Back,Willem II/RKC-19,-,in,Summer,0,Eredivisie,2013,2013/2014
RKC Waalwijk,Kenny Anderson,21,Attacking Midfield,RKC U21,-,in,Summer,0,Eredivisie,2013,2013/2014
RKC Waalwijk,Mitch Apau,23,Right-Back,Without Club,-,in,Summer,0,Eredivisie,2013,2013/2014
RKC Waalwijk,Furkan Alakmak,21,Left Winger,FC Eindhoven,"End of loanJun 30, 2013",in,Summer,0,Eredivisie,2013,2013/2014
RKC Waalwijk,Cuco Martina,23,Right-Back,Twente FC,£315Th.,out,Summer,0.315,Eredivisie,2013,2013/2014
RKC Waalwijk,Florian Jozefzoon,22,Right Winger,PSV Eindhoven,£248Th.,out,Summer,0.248,Eredivisie,2013,2013/2014
RKC Waalwijk,Furkan Alakmak,21,Left Winger,Göztepe,free transfer,out,Summer,NA,Eredivisie,2013,2013/2014
RKC Waalwijk,Teddy Chevalier,26,Centre-Forward,KV Kortrijk,free transfer,out,Summer,NA,Eredivisie,2013,2013/2014
RKC Waalwijk,Ard van Peppen,28,Left-Back,Roda JC,free transfer,out,Summer,NA,Eredivisie,2013,2013/2014
RKC Waalwijk,Guy Ramos,27,Centre-Back,Roda JC,free transfer,out,Summer,NA,Eredivisie,2013,2013/2014
RKC Waalwijk,Henrico Drost,26,Centre-Back,NAC Breda,free transfer,out,Summer,NA,Eredivisie,2013,2013/2014
RKC Waalwijk,Jeff Stans,23,Defensive Midfield,Excelsior,?,out,Summer,NA,Eredivisie,2013,2013/2014
RKC Waalwijk,Mark Janssen,21,Centre-Forward,Helmond Sport,loan transfer,out,Summer,NA,Eredivisie,2013,2013/2014
RKC Waalwijk,Furhgill Zeldenrust,23,Left Winger,FC Den Bosch,loan transfer,out,Summer,NA,Eredivisie,2013,2013/2014
RKC Waalwijk,Maik van den Kieboom,22,Goalkeeper,FC Eindhoven,loan transfer,out,Summer,NA,Eredivisie,2013,2013/2014
RKC Waalwijk,Nourdin Boukhari,33,Attacking Midfield,Without Club,-,out,Summer,0,Eredivisie,2013,2013/2014
RKC Waalwijk,Sigourney Bandjar,28,Right-Back,Without Club,-,out,Summer,0,Eredivisie,2013,2013/2014
RKC Waalwijk,Richard Barroilhet,20,Right Winger,Without Club,-,out,Summer,0,Eredivisie,2013,2013/2014
RKC Waalwijk,Jeroen Zoet,22,Goalkeeper,PSV Eindhoven,"End of loanJun 30, 2013",out,Summer,0,Eredivisie,2013,2013/2014
NEC Nijmegen,Alireza Jahanbakhsh,19,Right Winger,Damash Gilan,£225Th.,in,Summer,0.225,Eredivisie,2013,2013/2014
NEC Nijmegen,Jakob Jantscher,24,Centre-Forward,RB Salzburg,£225Th.,in,Summer,0.225,Eredivisie,2013,2013/2014
NEC Nijmegen,Michael Higdon,29,Centre-Forward,Motherwell FC,free transfer,in,Summer,NA,Eredivisie,2013,2013/2014
NEC Nijmegen,Bahnou Seydina Diarra,19,Central Midfield,Anderlecht U21,free transfer,in,Summer,NA,Eredivisie,2013,2013/2014
NEC Nijmegen,Tobias Haitz,21,Centre-Back,Leverkusen II,free transfer,in,Summer,NA,Eredivisie,2013,2013/2014
NEC Nijmegen,Dennis Gentenaar,37,Goalkeeper,Almere City,free transfer,in,Summer,NA,Eredivisie,2013,2013/2014
NEC Nijmegen,Christoph Hemlein,22,Right Winger,Stuttgart II,free transfer,in,Summer,NA,Eredivisie,2013,2013/2014
NEC Nijmegen,Victor Pálsson,22,Defensive Midfield,New York,free transfer,in,Summer,NA,Eredivisie,2013,2013/2014
NEC Nijmegen,Samuel Stefanik,21,Attacking Midfield,AS Trencin,?,in,Summer,NA,Eredivisie,2013,2013/2014
NEC Nijmegen,Marnick Vermijl,21,Left-Back,Man Utd,loan transfer,in,Summer,NA,Eredivisie,2013,2013/2014
NEC Nijmegen,Jeffrey Leiwakabessy,32,Left-Back,Without Club,-,in,Summer,0,Eredivisie,2013,2013/2014
NEC Nijmegen,Dadi Bergsson,18,Second Striker,NEC U19,-,in,Summer,0,Eredivisie,2013,2013/2014
NEC Nijmegen,Cihat Celik,17,Central Midfield,NEC U19,-,in,Summer,0,Eredivisie,2013,2013/2014
NEC Nijmegen,Adam Örn Arnarson,17,Right-Back,NEC U19,-,in,Summer,0,Eredivisie,2013,2013/2014
NEC Nijmegen,Vincent van Beek,18,Central Midfield,NEC U19,-,in,Summer,0,Eredivisie,2013,2013/2014
NEC Nijmegen,Rick ten Voorde,22,Centre-Forward,NAC Breda,"End of loanJun 30, 2013",in,Summer,0,Eredivisie,2013,2013/2014
NEC Nijmegen,Joshua Smits,20,Goalkeeper,FC Oss,"End of loanJun 30, 2013",in,Summer,0,Eredivisie,2013,2013/2014
NEC Nijmegen,Caifano Latupeirissa,22,Left Winger,FC Oss,"End of loanJun 30, 2013",in,Summer,0,Eredivisie,2013,2013/2014
NEC Nijmegen,Melvin Platje,24,Centre-Forward,Neftchi Baku,£180Th.,out,Summer,0.18,Eredivisie,2013,2013/2014
NEC Nijmegen,Gábor Babos,38,Goalkeeper,NAC Breda,free transfer,out,Summer,NA,Eredivisie,2013,2013/2014
NEC Nijmegen,Nathaniel Will,24,Right-Back,De Graafschap,free transfer,out,Summer,NA,Eredivisie,2013,2013/2014
NEC Nijmegen,Kelle Roos,21,Goalkeeper,RKSV Nuenen,free transfer,out,Summer,NA,Eredivisie,2013,2013/2014
NEC Nijmegen,Caifano Latupeirissa,22,Left Winger,JVC Cuijk,free transfer,out,Summer,NA,Eredivisie,2013,2013/2014
NEC Nijmegen,Khalid Sinouh,38,Goalkeeper,Sparta R.,free transfer,out,Summer,NA,Eredivisie,2013,2013/2014
NEC Nijmegen,Nick van der Velden,31,Left Winger,FC Groningen,free transfer,out,Summer,NA,Eredivisie,2013,2013/2014
NEC Nijmegen,Danny van den Meiracker,24,Centre-Forward,FC Oss,free transfer,out,Summer,NA,Eredivisie,2013,2013/2014
NEC Nijmegen,Leroy George,26,Left Winger,Qarabag FK,free transfer,out,Summer,NA,Eredivisie,2013,2013/2014
NEC Nijmegen,Rémy Amieux,26,Left-Back,RKC Waalwijk,free transfer,out,Summer,NA,Eredivisie,2013,2013/2014
NEC Nijmegen,Kevin Wattamaleo,24,Central Midfield,FC Volendam,free transfer,out,Summer,NA,Eredivisie,2013,2013/2014
NEC Nijmegen,Rick ten Voorde,22,Centre-Forward,SC Paderborn,?,out,Summer,NA,Eredivisie,2013,2013/2014
NEC Nijmegen,Stijn de Looijer,21,Central Midfield,FC Den Bosch,loan transfer,out,Summer,NA,Eredivisie,2013,2013/2014
NEC Nijmegen,Admir Bajrovic,17,Centre-Forward,NECOss U21,-,out,Summer,0,Eredivisie,2013,2013/2014
NEC Nijmegen,Ruud Boymans,24,Centre-Forward,AZ Alkmaar,"End of loanJun 30, 2013",out,Summer,0,Eredivisie,2013,2013/2014
NEC Nijmegen,Erik Falkenburg,25,Attacking Midfield,AZ Alkmaar,"End of loanJun 30, 2013",out,Summer,0,Eredivisie,2013,2013/2014
NEC Nijmegen,Victor Pálsson,22,Defensive Midfield,New York,"End of loanJun 30, 2013",out,Summer,0,Eredivisie,2013,2013/2014
Roda JC Kerkrade,Ard van Peppen,28,Left-Back,RKC Waalwijk,free transfer,in,Summer,NA,Eredivisie,2013,2013/2014
Roda JC Kerkrade,Marc Höcher,28,Right Winger,Willem II,free transfer,in,Summer,NA,Eredivisie,2013,2013/2014
Roda JC Kerkrade,Henk Dijkhuizen,21,Right-Back,Sparta R.,free transfer,in,Summer,NA,Eredivisie,2013,2013/2014
Roda JC Kerkrade,Guy Ramos,27,Centre-Back,RKC Waalwijk,free transfer,in,Summer,NA,Eredivisie,2013,2013/2014
Roda JC Kerkrade,Kees Luijckx,27,Centre-Back,NAC Breda,free transfer,in,Summer,NA,Eredivisie,2013,2013/2014
Roda JC Kerkrade,Anouar Kali,22,Defensive Midfield,FC Utrecht,free transfer,in,Summer,NA,Eredivisie,2013,2013/2014
Roda JC Kerkrade,Roly Bonevacia,21,Central Midfield,Ajax U21,free transfer,in,Summer,NA,Eredivisie,2013,2013/2014
Roda JC Kerkrade,Frank Demouge,31,Centre-Forward,Bournemouth,free transfer,in,Summer,NA,Eredivisie,2013,2013/2014
Roda JC Kerkrade,Adnan Secerovic,21,Defensive Midfield,Roda JC U21,-,in,Summer,0,Eredivisie,2013,2013/2014
Roda JC Kerkrade,Mitchel Paulissen,20,Attacking Midfield,Roda JC U21,-,in,Summer,0,Eredivisie,2013,2013/2014
Roda JC Kerkrade,Tamás Kádár,23,Centre-Back,Diósgyőr,"End of loanJun 30, 2013",in,Summer,0,Eredivisie,2013,2013/2014
Roda JC Kerkrade,Wiljan Pluim,24,Attacking Midfield,PEC Zwolle,"End of loanJun 30, 2013",in,Summer,0,Eredivisie,2013,2013/2014
Roda JC Kerkrade,Sanharib Malki,29,Centre-Forward,Kasimpasa,£1.35m,out,Summer,1.35,Eredivisie,2013,2013/2014
Roda JC Kerkrade,Rob Wielaert,34,Centre-Back,Melbourne Heart,free transfer,out,Summer,NA,Eredivisie,2013,2013/2014
Roda JC Kerkrade,Jimmy Hempte,31,Left-Back,KV Oostende,free transfer,out,Summer,NA,Eredivisie,2013,2013/2014
Roda JC Kerkrade,Mikolaj Lebedynski,22,Attacking Midfield,Häcken,free transfer,out,Summer,NA,Eredivisie,2013,2013/2014
Roda JC Kerkrade,Tamás Kádár,23,Centre-Back,Diósgyőr,?,out,Summer,NA,Eredivisie,2013,2013/2014
Roda JC Kerkrade,Laurent Delorge,33,Right Winger,Without Club,-,out,Summer,0,Eredivisie,2013,2013/2014
Roda JC Kerkrade,Adil Ramzi,35,Left Midfield,Retired,-,out,Summer,0,Eredivisie,2013,2013/2014
Roda JC Kerkrade,Adnan Secerovic,21,Defensive Midfield,MVV Maastricht,loan transfer,out,Summer,NA,Eredivisie,2013,2013/2014
Roda JC Kerkrade,Frank Demouge,31,Centre-Forward,Bournemouth,"End of loanJun 30, 2013",out,Summer,0,Eredivisie,2013,2013/2014
Roda JC Kerkrade,Roly Bonevacia,21,Central Midfield,Ajax U21,"End of loanJun 30, 2013",out,Summer,0,Eredivisie,2013,2013/2014
Roda JC Kerkrade,Abel Tamata,22,Left-Back,PSV Eindhoven,"End of loanJun 30, 2013",out,Summer,0,Eredivisie,2013,2013/2014
Roda JC Kerkrade,Danilo Pereira,21,Defensive Midfield,Parma,"End of loanJun 30, 2013",out,Summer,0,Eredivisie,2013,2013/2014
SC Cambuur-Leeuwarden,Ramon Leeuwin,25,Centre-Back,ADO Den Haag,free transfer,in,Summer,NA,Eredivisie,2013,2013/2014
SC Cambuur-Leeuwarden,Jeremy de Graaf,23,Centre-Forward,VVOG,free transfer,in,Summer,NA,Eredivisie,2013,2013/2014
SC Cambuur-Leeuwarden,Tim Coremans,22,Goalkeeper,NAC Breda,free transfer,in,Summer,NA,Eredivisie,2013,2013/2014
SC Cambuur-Leeuwarden,Bart van Brakel,26,Defensive Midfield,FC Den Bosch,free transfer,in,Summer,NA,Eredivisie,2013,2013/2014
SC Cambuur-Leeuwarden,Harm Zeinstra,23,Goalkeeper,FC Emmen,free transfer,in,Summer,NA,Eredivisie,2013,2013/2014
SC Cambuur-Leeuwarden,Leonard Nienhuis,23,Goalkeeper,Gron./Cam. U21,free transfer,in,Summer,NA,Eredivisie,2013,2013/2014
SC Cambuur-Leeuwarden,Alexander Christovao,20,Centre-Forward,FC Groningen,free transfer,in,Summer,NA,Eredivisie,2013,2013/2014
SC Cambuur-Leeuwarden,Oliver Feldballe,23,Left Midfield,Randers FC,free transfer,in,Summer,NA,Eredivisie,2013,2013/2014
SC Cambuur-Leeuwarden,Paco van Moorsel,23,Attacking Midfield,FC Groningen,loan transfer,in,Summer,NA,Eredivisie,2013,2013/2014
SC Cambuur-Leeuwarden,Kevin Brands,25,Attacking Midfield,Willem II,loan transfer,in,Summer,NA,Eredivisie,2013,2013/2014
SC Cambuur-Leeuwarden,Robert van Boxel,30,Centre-Back,Sparta R.,loan transfer,in,Summer,NA,Eredivisie,2013,2013/2014
SC Cambuur-Leeuwarden,Marcel Ritzmaier,20,Central Midfield,PSV Eindhoven,loan transfer,in,Summer,NA,Eredivisie,2013,2013/2014
SC Cambuur-Leeuwarden,Jody Lukoki,20,Right Winger,Ajax,loan transfer,in,Summer,NA,Eredivisie,2013,2013/2014
SC Cambuur-Leeuwarden,Ruud Swinkels,26,Goalkeeper,Without Club,-,in,Summer,0,Eredivisie,2013,2013/2014
SC Cambuur-Leeuwarden,Leon Broekhof,25,Centre-Back,FC Emmen,free transfer,out,Summer,NA,Eredivisie,2013,2013/2014
SC Cambuur-Leeuwarden,Sicco Bouwer,21,Centre-Forward,Drachtster Boys,free transfer,out,Summer,NA,Eredivisie,2013,2013/2014
SC Cambuur-Leeuwarden,Rodney Ubbergen,27,Goalkeeper,Unknown,free transfer,out,Summer,NA,Eredivisie,2013,2013/2014
SC Cambuur-Leeuwarden,Tim Bakens,30,Centre-Back,De Graafschap,free transfer,out,Summer,NA,Eredivisie,2013,2013/2014
SC Cambuur-Leeuwarden,Frits Dantuma,20,Attacking Midfield,FC Emmen,free transfer,out,Summer,NA,Eredivisie,2013,2013/2014
SC Cambuur-Leeuwarden,Melvin de Leeuw,25,Centre-Forward,Ross County,free transfer,out,Summer,NA,Eredivisie,2013,2013/2014
SC Cambuur-Leeuwarden,Yuri Rose,34,Attacking Midfield,Ajax Amateurs,free transfer,out,Summer,NA,Eredivisie,2013,2013/2014
SC Cambuur-Leeuwarden,Ruud Swinkels,26,Goalkeeper,Without Club,-,out,Summer,0,Eredivisie,2013,2013/2014
SC Cambuur-Leeuwarden,Leonard Nienhuis,23,Goalkeeper,Gron./Cam. U21,"End of loanJun 30, 2013",out,Summer,0,Eredivisie,2013,2013/2014
SC Cambuur-Leeuwarden,Mark Diemers,19,Central Midfield,FC Utrecht,"End of loanJun 30, 2013",out,Summer,0,Eredivisie,2013,2013/2014
SC Cambuur-Leeuwarden,Adnane Tighadouini,20,Left Winger,Vitesse U21,"End of loanJun 30, 2013",out,Summer,0,Eredivisie,2013,2013/2014
SC Cambuur-Leeuwarden,Tim Keurntjes,22,Left-Back,FC Groningen,"End of loanJun 30, 2013",out,Summer,0,Eredivisie,2013,2013/2014
SC Cambuur-Leeuwarden,Giovanni Hiwat,19,Right Winger,PEC Zwolle,"End of loanJun 30, 2013",out,Summer,0,Eredivisie,2013,2013/2014
SC Cambuur-Leeuwarden,Dennis Telgenkamp,26,Goalkeeper,Heracles Almelo,"End of loanJun 30, 2013",out,Summer,0,Eredivisie,2013,2013/2014
Go Ahead Eagles,Joeri Schroijen,22,Left Winger,Fortuna Sittard,free transfer,in,Summer,NA,Eredivisie,2013,2013/2014
Go Ahead Eagles,Joost Krijns,20,Centre-Back,CSV Apeldoorn,free transfer,in,Summer,NA,Eredivisie,2013,2013/2014
Go Ahead Eagles,Erik Cummins,24,Goalkeeper,FC Utrecht,free transfer,in,Summer,NA,Eredivisie,2013,2013/2014
Go Ahead Eagles,Ruben Lucas,18,Goalkeeper,FC Twente U19,free transfer,in,Summer,NA,Eredivisie,2013,2013/2014
Go Ahead Eagles,Bart Vriends,22,Centre-Back,Utrecht U21,free transfer,in,Summer,NA,Eredivisie,2013,2013/2014
Go Ahead Eagles,Jeffrey Rijsdijk,25,Attacking Midfield,FC Dordrecht,?,in,Summer,NA,Eredivisie,2013,2013/2014
Go Ahead Eagles,Maurice de Ruiter,21,Centre-Forward,DVS '33,?,in,Summer,NA,Eredivisie,2013,2013/2014
Go Ahead Eagles,Xandro Schenk,20,Centre-Back,Ajax U21,?,in,Summer,NA,Eredivisie,2013,2013/2014
Go Ahead Eagles,Mawouna Amevor,21,Centre-Back,FC Dordrecht,?,in,Summer,NA,Eredivisie,2013,2013/2014
Go Ahead Eagles,Tom Oostinjen,21,Defensive Midfield,GVVV,?,in,Summer,NA,Eredivisie,2013,2013/2014
Go Ahead Eagles,Doke Schmidt,21,Right-Back,Heerenveen,loan transfer,in,Summer,NA,Eredivisie,2013,2013/2014
Go Ahead Eagles,Erik Falkenburg,25,Attacking Midfield,AZ Alkmaar,loan transfer,in,Summer,NA,Eredivisie,2013,2013/2014
Go Ahead Eagles,Eloy Room,24,Goalkeeper,Vitesse,loan transfer,in,Summer,NA,Eredivisie,2013,2013/2014
Go Ahead Eagles,Joey Godee,24,Centre-Forward,Cercle Brugge,loan transfer,in,Summer,NA,Eredivisie,2013,2013/2014
Go Ahead Eagles,Lars Lambooij,25,Right-Back,Without Club,-,in,Summer,0,Eredivisie,2013,2013/2014
Go Ahead Eagles,Freek Heerkens,23,Centre-Back,Willem II,free transfer,out,Summer,NA,Eredivisie,2013,2013/2014
Go Ahead Eagles,Ruud Wellenberg,25,Attacking Midfield,Berkum,free transfer,out,Summer,NA,Eredivisie,2013,2013/2014
Go Ahead Eagles,Maurice de Ruiter,22,Centre-Forward,DVS '33,free transfer,out,Summer,NA,Eredivisie,2013,2013/2014
Go Ahead Eagles,Lion Kaak,22,Defensive Midfield,Valencia B,free transfer,out,Summer,NA,Eredivisie,2013,2013/2014
Go Ahead Eagles,Khalid Karami,23,Right-Back,Excelsior,free transfer,out,Summer,NA,Eredivisie,2013,2013/2014
Go Ahead Eagles,Rico Wolven,23,Centre-Back,Spakenburg,free transfer,out,Summer,NA,Eredivisie,2013,2013/2014
Go Ahead Eagles,Cendrino Misidjan,24,Left-Back,Sparta R.,free transfer,out,Summer,NA,Eredivisie,2013,2013/2014
Go Ahead Eagles,Jasper Heusinkveld,24,Goalkeeper,De Graafschap,free transfer,out,Summer,NA,Eredivisie,2013,2013/2014
Go Ahead Eagles,Guyon Philips,19,Centre-Forward,FC Oss,loan transfer,out,Summer,NA,Eredivisie,2013,2013/2014
Go Ahead Eagles,Jan Kromkamp,32,Right-Back,Retired,-,out,Summer,0,Eredivisie,2013,2013/2014
Go Ahead Eagles,Resit Schuurman,34,Defensive Midfield,Retired,-,out,Summer,0,Eredivisie,2013,2013/2014
Go Ahead Eagles,Bart Vriends,22,Centre-Back,Utrecht U21,"End of loanJun 30, 2013",out,Summer,0,Eredivisie,2013,2013/2014
Go Ahead Eagles,Xandro Schenk,20,Centre-Back,Ajax U21,"End of loanJun 30, 2013",out,Summer,0,Eredivisie,2013,2013/2014
Go Ahead Eagles,Nick Marsman,22,Goalkeeper,Twente FC,"End of loanJun 30, 2013",out,Summer,0,Eredivisie,2013,2013/2014
Go Ahead Eagles,Quincy Promes,21,Left Winger,FC Twente U21,"End of loanJun 30, 2013",out,Summer,0,Eredivisie,2013,2013/2014
Go Ahead Eagles,Cas Peters,20,Centre-Forward,FC Twente U21,"End of loanJun 30, 2013",out,Summer,0,Eredivisie,2013,2013/2014
Ajax Amsterdam,Jairo Riedewald,17,Defensive Midfield,Ajax U19,-,in,Winter,0,Eredivisie,2013,2013/2014
Ajax Amsterdam,Sheraldo Becker,18,Right Winger,Ajax U19,-,in,Winter,0,Eredivisie,2013,2013/2014
Ajax Amsterdam,Eyong Enoh,27,Defensive Midfield,Antalyaspor,Loan fee:£90Th.,out,Winter,0.09,Eredivisie,2013,2013/2014
Ajax Amsterdam,Danny Hoesen,23,Centre-Forward,PAOK Salonika,loan transfer,out,Winter,NA,Eredivisie,2013,2013/2014
PSV Eindhoven,Bryan Ruíz,28,Attacking Midfield,Fulham,Loan fee:£900Th.,in,Winter,0.9,Eredivisie,2013,2013/2014
PSV Eindhoven,Ola Toivonen,27,Attacking Midfield,Stade Rennais,£2.25m,out,Winter,2.25,Eredivisie,2013,2013/2014
PSV Eindhoven,Stanislav Manolev,28,Right Winger,Kuban Krasnodar,free transfer,out,Winter,NA,Eredivisie,2013,2013/2014
Feyenoord Rotterdam,Sekou Cissé,28,Centre-Forward,KRC Genk,free transfer,out,Winter,NA,Eredivisie,2013,2013/2014
Feyenoord Rotterdam,Harmeet Singh,23,Central Midfield,Molde,free transfer,out,Winter,NA,Eredivisie,2013,2013/2014
Feyenoord Rotterdam,Elvis Manu,20,Left Winger,SC Cambuur,loan transfer,out,Winter,NA,Eredivisie,2013,2013/2014
Feyenoord Rotterdam,Jordy van Deelen,20,Right-Back,FC Dordrecht,loan transfer,out,Winter,NA,Eredivisie,2013,2013/2014
Vitesse Arnhem,Bertrand Traoré,18,Right Winger,Chelsea,loan transfer,in,Winter,NA,Eredivisie,2013,2013/2014
Vitesse Arnhem,Uros Djurdjevic,19,Centre-Forward,Rad,?,in,Winter,NA,Eredivisie,2013,2013/2014
Vitesse Arnhem,Rochdi Achenteh,25,Left-Back,PEC Zwolle,?,in,Winter,NA,Eredivisie,2013,2013/2014
Vitesse Arnhem,Zakaria Labyad,20,Attacking Midfield,Sporting CP,loan transfer,in,Winter,NA,Eredivisie,2013,2013/2014
Vitesse Arnhem,Eloy Room,24,Goalkeeper,Go Ahead Eagles,"End of loanJan 29, 2014",in,Winter,0,Eredivisie,2013,2013/2014
Vitesse Arnhem,Giorgi Chanturia,20,Right Winger,CFR Cluj,£900Th.,out,Winter,0.9,Eredivisie,2013,2013/2014
Vitesse Arnhem,Adnane Tighadouini,21,Left Winger,NAC Breda,free transfer,out,Winter,NA,Eredivisie,2013,2013/2014
Vitesse Arnhem,Brahim Darri,19,Left Winger,De Graafschap,loan transfer,out,Winter,NA,Eredivisie,2013,2013/2014
Vitesse Arnhem,Jonathan Reis,24,Centre-Forward,Without Club,-,out,Winter,0,Eredivisie,2013,2013/2014
Vitesse Arnhem,Theo Janssen,32,Central Midfield,Retired,-,out,Winter,0,Eredivisie,2013,2013/2014
Vitesse Arnhem,Gaël Kakuta,22,Attacking Midfield,Chelsea,"End of loanJan 2, 2014",out,Winter,0,Eredivisie,2013,2013/2014
Vitesse Arnhem,Cristian Cuevas,18,Left-Back,Chelsea,"End of loanJan 31, 2014",out,Winter,0,Eredivisie,2013,2013/2014
Vitesse Arnhem,Sam Hutchinson,24,Defensive Midfield,Chelsea,"End of loanJan 2, 2014",out,Winter,0,Eredivisie,2013,2013/2014
Vitesse Arnhem,Francisco Júnior,22,Central Midfield,Everton,"End of loanFeb 19, 2014",out,Winter,0,Eredivisie,2013,2013/2014
FC Utrecht,Matthieu Delpierre,32,Centre-Back,TSG Hoffenheim,free transfer,in,Winter,NA,Eredivisie,2013,2013/2014
FC Utrecht,Christian Dorda,25,Left-Back,Heracles Almelo,?,in,Winter,NA,Eredivisie,2013,2013/2014
FC Utrecht,Juan Agudelo,21,Centre-Forward,Stoke City,loan transfer,in,Winter,NA,Eredivisie,2013,2013/2014
FC Utrecht,Nando Quesada,20,Attacking Midfield,Without Club,-,in,Winter,0,Eredivisie,2013,2013/2014
FC Utrecht,Danny Koevermans,35,Centre-Forward,Without Club,-,in,Winter,0,Eredivisie,2013,2013/2014
FC Utrecht,Yoshiaki Takagi,21,Attacking Midfield,Shimizu S-Pulse,?,out,Winter,NA,Eredivisie,2013,2013/2014
FC Utrecht,Bob Schepers,21,Left Winger,SC Cambuur,loan transfer,out,Winter,NA,Eredivisie,2013,2013/2014
FC Utrecht,Kenny Teijsse,21,Defensive Midfield,Helmond Sport,loan transfer,out,Winter,NA,Eredivisie,2013,2013/2014
FC Utrecht,Marcus Nilsson,25,Centre-Back,Kalmar FF,loan transfer,out,Winter,NA,Eredivisie,2013,2013/2014
FC Utrecht,Danny Koevermans,35,Centre-Forward,Retired,-,out,Winter,0,Eredivisie,2013,2013/2014
Twente Enschede FC,Torgeir Börven,22,Centre-Forward,Vålerenga,£495Th.,in,Winter,0.495,Eredivisie,2013,2013/2014
Twente Enschede FC,Felitciano Zschusschen,21,Centre-Forward,FC Dordrecht,loan transfer,out,Winter,NA,Eredivisie,2013,2013/2014
FC Groningen,Hans Hateboer,19,Right-Back,Gron./Cam. U21,-,in,Winter,0,Eredivisie,2013,2013/2014
FC Groningen,Yoëll van Nieff,20,Defensive Midfield,FC Dordrecht,"End of loanJan 30, 2014",in,Winter,0,Eredivisie,2013,2013/2014
FC Groningen,David Texeira,22,Centre-Forward,Dallas,£216Th.,out,Winter,0.216,Eredivisie,2013,2013/2014
FC Groningen,Timo Letschert,20,Centre-Back,Roda JC,free transfer,out,Winter,NA,Eredivisie,2013,2013/2014
FC Groningen,Emil Johansson,27,Left-Back,Sandnes Ulf,?,out,Winter,NA,Eredivisie,2013,2013/2014
FC Groningen,William Troost-Ekong,20,Centre-Back,FC Dordrecht,loan transfer,out,Winter,NA,Eredivisie,2013,2013/2014
FC Groningen,Luciano,33,Goalkeeper,Retired,-,out,Winter,0,Eredivisie,2013,2013/2014
SC Heerenveen,Viktor Noring,23,Goalkeeper,Bodø/Glimt,free transfer,in,Winter,NA,Eredivisie,2013,2013/2014
SC Heerenveen,Szabolcs Varga,18,Left Winger,MTK Budapest,?,in,Winter,NA,Eredivisie,2013,2013/2014
SC Heerenveen,Anthony Lurling,36,Attacking Midfield,NAC Breda,?,in,Winter,NA,Eredivisie,2013,2013/2014
SC Heerenveen,Magnus Wolff Eikrem,23,Attacking Midfield,Cardiff,£2.25m,out,Winter,2.25,Eredivisie,2013,2013/2014
SC Heerenveen,Marco Pappa,26,Left Winger,Seattle,free transfer,out,Winter,NA,Eredivisie,2013,2013/2014
SC Heerenveen,Yanic Wildschut,22,Left Winger,ADO Den Haag,loan transfer,out,Winter,NA,Eredivisie,2013,2013/2014
SC Heerenveen,Fahd Aktaou,21,Left-Back,Almere City,loan transfer,out,Winter,NA,Eredivisie,2013,2013/2014
ADO Den Haag,Yanic Wildschut,22,Left Winger,Heerenveen,loan transfer,in,Winter,NA,Eredivisie,2013,2013/2014
AZ Alkmaar,Simon Poulsen,29,Left-Back,Sampdoria,free transfer,in,Winter,NA,Eredivisie,2013,2013/2014
AZ Alkmaar,Maarten Martens,29,Attacking Midfield,PAOK Salonika,£630Th.,out,Winter,0.63,Eredivisie,2013,2013/2014
AZ Alkmaar,Ridgeciano Haps,20,Left-Back,Go Ahead Eagles,loan transfer,out,Winter,NA,Eredivisie,2013,2013/2014
PEC Zwolle,Athanasios Karagounis,22,Right Winger,Atromitos Athen,£270Th.,in,Winter,0.27,Eredivisie,2013,2013/2014
PEC Zwolle,Trent Sainsbury,22,Centre-Back,Central Coast,£122Th.,in,Winter,0.122,Eredivisie,2013,2013/2014
PEC Zwolle,Denis Mahmudov,24,Right Winger,Excelsior '31,?,in,Winter,NA,Eredivisie,2013,2013/2014
PEC Zwolle,Theo Vogelsang,23,Attacking Midfield,Without Club,-,in,Winter,0,Eredivisie,2013,2013/2014
PEC Zwolle,Steven Pereira,19,Centre-Back,PEC Zwolle U21,-,in,Winter,0,Eredivisie,2013,2013/2014
PEC Zwolle,Rochdi Achenteh,25,Left-Back,Vitesse,?,out,Winter,NA,Eredivisie,2013,2013/2014
PEC Zwolle,Ronnie Reniers,25,Right Winger,FC Eindhoven,loan transfer,out,Winter,NA,Eredivisie,2013,2013/2014
PEC Zwolle,Mimoun Eloisghiri,24,Centre-Forward,Without Club,-,out,Winter,0,Eredivisie,2013,2013/2014
Heracles Almelo,Berry Powel,33,Centre-Forward,Without Club,-,in,Winter,0,Eredivisie,2013,2013/2014
Heracles Almelo,Berry Powel,33,Centre-Forward,Roda JC,free transfer,out,Winter,NA,Eredivisie,2013,2013/2014
Heracles Almelo,Christian Dorda,25,Left-Back,FC Utrecht,?,out,Winter,NA,Eredivisie,2013,2013/2014
NAC Breda,Adnane Tighadouini,21,Left Winger,Vitesse,free transfer,in,Winter,NA,Eredivisie,2013,2013/2014
NAC Breda,Uros Matic,23,Central Midfield,Benfica B,?,in,Winter,NA,Eredivisie,2013,2013/2014
NAC Breda,Anthony Lurling,36,Attacking Midfield,Heerenveen,?,out,Winter,NA,Eredivisie,2013,2013/2014
NAC Breda,Alex Schalk,21,Centre-Forward,PSV U21,loan transfer,out,Winter,NA,Eredivisie,2013,2013/2014
NAC Breda,Mark Looms,32,Left-Back,Retired,-,out,Winter,0,Eredivisie,2013,2013/2014
RKC Waalwijk,Jurjan Wouda,22,Goalkeeper,FC Emmen,free transfer,in,Winter,NA,Eredivisie,2013,2013/2014
RKC Waalwijk,Daniël de Ridder,29,Left Winger,Without Club,-,in,Winter,0,Eredivisie,2013,2013/2014
RKC Waalwijk,Denzel Slager,20,Right Winger,Coventry,free transfer,out,Winter,NA,Eredivisie,2013,2013/2014
RKC Waalwijk,Dennis Lemke,24,Right-Back,Babelsberg 03,free transfer,out,Winter,NA,Eredivisie,2013,2013/2014
RKC Waalwijk,Rodney Sneijder,22,Central Midfield,Almere City,free transfer,out,Winter,NA,Eredivisie,2013,2013/2014
NEC Nijmegen,Lasse Nielsen,26,Centre-Back,Aalborg BK,£270Th.,in,Winter,0.27,Eredivisie,2013,2013/2014
NEC Nijmegen,Geoffrey Castillion,22,Centre-Forward,Ajax U21,loan transfer,in,Winter,NA,Eredivisie,2013,2013/2014
NEC Nijmegen,Danzell Gravenberch,19,Centre-Forward,Ajax U21,loan transfer,in,Winter,NA,Eredivisie,2013,2013/2014
NEC Nijmegen,Hans Mulder,26,Central Midfield,Without Club,-,in,Winter,0,Eredivisie,2013,2013/2014
NEC Nijmegen,Pavel Cmovs,23,Centre-Back,Levski Sofia,free transfer,out,Winter,NA,Eredivisie,2013,2013/2014
NEC Nijmegen,Geert Arend Roorda,25,Attacking Midfield,Sparta R.,free transfer,out,Winter,NA,Eredivisie,2013,2013/2014
NEC Nijmegen,Youri Loen,22,Central Midfield,FC Dordrecht,loan transfer,out,Winter,NA,Eredivisie,2013,2013/2014
NEC Nijmegen,Michel Breuer,33,Centre-Back,Sparta R.,loan transfer,out,Winter,NA,Eredivisie,2013,2013/2014
NEC Nijmegen,Jordy Tutuarima,20,Left-Back,FC Oss,loan transfer,out,Winter,NA,Eredivisie,2013,2013/2014
NEC Nijmegen,Evander Sno,25,Defensive Midfield,Without Club,-,out,Winter,0,Eredivisie,2013,2013/2014
NEC Nijmegen,Daan Bovenberg,25,Right-Back,Without Club,-,out,Winter,0,Eredivisie,2013,2013/2014
Roda JC Kerkrade,Anco Jansen,24,Centre-Forward,De Graafschap,£225Th.,in,Winter,0.225,Eredivisie,2013,2013/2014
Roda JC Kerkrade,Timo Letschert,20,Centre-Back,FC Groningen,free transfer,in,Winter,NA,Eredivisie,2013,2013/2014
Roda JC Kerkrade,Berry Powel,33,Centre-Forward,Heracles Almelo,free transfer,in,Winter,NA,Eredivisie,2013,2013/2014
SC Cambuur-Leeuwarden,Paul Mulders,33,Attacking Midfield,Chiangrai Utd.,free transfer,in,Winter,NA,Eredivisie,2013,2013/2014
SC Cambuur-Leeuwarden,Elvis Manu,20,Left Winger,Feyenoord,loan transfer,in,Winter,NA,Eredivisie,2013,2013/2014
SC Cambuur-Leeuwarden,Bob Schepers,21,Left Winger,FC Utrecht,loan transfer,in,Winter,NA,Eredivisie,2013,2013/2014
SC Cambuur-Leeuwarden,Bartholomew Ogbeche,29,Centre-Forward,Without Club,-,in,Winter,0,Eredivisie,2013,2013/2014
SC Cambuur-Leeuwarden,Oebele Schokker,29,Right Winger,FC Emmen,loan transfer,out,Winter,NA,Eredivisie,2013,2013/2014
SC Cambuur-Leeuwarden,Marco van der Heide,24,Attacking Midfield,Without Club,-,out,Winter,0,Eredivisie,2013,2013/2014
SC Cambuur-Leeuwarden,Kevin Brands,25,Attacking Midfield,Willem II,"End of loanJan 9, 2014",out,Winter,0,Eredivisie,2013,2013/2014
Go Ahead Eagles,Ridgeciano Haps,20,Left-Back,AZ Alkmaar,loan transfer,in,Winter,NA,Eredivisie,2013,2013/2014
Go Ahead Eagles,Stephan Andersen,32,Goalkeeper,Real Betis,loan transfer,in,Winter,NA,Eredivisie,2013,2013/2014
Go Ahead Eagles,Thomas Azevedo,22,Left Winger,OH Leuven,loan transfer,in,Winter,NA,Eredivisie,2013,2013/2014
Go Ahead Eagles,Joeri Schroijen,23,Left Winger,VVV-Venlo,loan transfer,out,Winter,NA,Eredivisie,2013,2013/2014
Go Ahead Eagles,Eloy Room,24,Goalkeeper,Vitesse,"End of loanJan 29, 2014",out,Winter,0,Eredivisie,2013,2013/2014
