club_name,player_name,age,position,club_involved_name,fee,transfer_movement,transfer_period,fee_cleaned,league_name,year,season
RCD Espanyol Barcelona,Álex Fernández,20,Attacking Midfield,RM Castilla,£450Th.,in,Summer,0.45,Primera Division,2013,2013/2014
RCD Espanyol Barcelona,David López,23,Defensive Midfield,SD Huesca,£225Th.,in,Summer,0.225,Primera Division,2013,2013/2014
RCD Espanyol Barcelona,Abraham González,27,Central Midfield,Alcorcón,free transfer,in,Summer,NA,Primera Division,2013,2013/2014
RCD Espanyol Barcelona,Manu Lanzarote,29,Attacking Midfield,CE Sabadell,free transfer,in,Summer,NA,Primera Division,2013,2013/2014
RCD Espanyol Barcelona,Jhon Córdoba,20,Centre-Forward,Chiapas FC,loan transfer,in,Summer,NA,Primera Division,2013,2013/2014
RCD Espanyol Barcelona,Gabriel Torje,23,Right Winger,Udinese Calcio,loan transfer,in,Summer,NA,Primera Division,2013,2013/2014
RCD Espanyol Barcelona,Sidnei,23,Centre-Back,Benfica,loan transfer,in,Summer,NA,Primera Division,2013,2013/2014
RCD Espanyol Barcelona,Juan Rafael Fuentes,23,Left-Back,Córdoba CF,?,in,Summer,NA,Primera Division,2013,2013/2014
RCD Espanyol Barcelona,Pizzi,23,Attacking Midfield,Benfica,loan transfer,in,Summer,NA,Primera Division,2013,2013/2014
RCD Espanyol Barcelona,Víctor Álvarez,20,Left-Back,RCD Espanyol B,-,in,Summer,0,Primera Division,2013,2013/2014
RCD Espanyol Barcelona,Germán Parreño,20,Goalkeeper,RCD Espanyol B,-,in,Summer,0,Primera Division,2013,2013/2014
RCD Espanyol Barcelona,Thievy Bifouma,21,Right Winger,UD Las Palmas,"End of loanJun 30, 2013",in,Summer,0,Primera Division,2013,2013/2014
RCD Espanyol Barcelona,Adrián Luna,21,Attacking Midfield,Nacional,"End of loanJun 30, 2013",in,Summer,0,Primera Division,2013,2013/2014
RCD Espanyol Barcelona,Juan Albín,26,Attacking Midfield,Nacional,"End of loanJun 30, 2013",in,Summer,0,Primera Division,2013,2013/2014
RCD Espanyol Barcelona,Jordi Amat,21,Centre-Back,Rayo Vallecano,"End of loanJun 30, 2013",in,Summer,0,Primera Division,2013,2013/2014
RCD Espanyol Barcelona,Mubarak Wakaso,23,Central Midfield,Rubin Kazan,£5.40m,out,Summer,5.4,Primera Division,2013,2013/2014
RCD Espanyol Barcelona,Juan Forlín,25,Centre-Back,Al-Rayyan SC,£3.15m,out,Summer,3.15,Primera Division,2013,2013/2014
RCD Espanyol Barcelona,Jordi Amat,21,Centre-Back,Swansea,£2.61m,out,Summer,2.61,Primera Division,2013,2013/2014
RCD Espanyol Barcelona,Juan Albín,27,Attacking Midfield,Petrolul,free transfer,out,Summer,NA,Primera Division,2013,2013/2014
RCD Espanyol Barcelona,Adrián Luna,21,Attacking Midfield,Defensor,free transfer,out,Summer,NA,Primera Division,2013,2013/2014
RCD Espanyol Barcelona,Cristian Álvarez,27,Goalkeeper,San Lorenzo,free transfer,out,Summer,NA,Primera Division,2013,2013/2014
RCD Espanyol Barcelona,Raúl Baena,24,Defensive Midfield,Rayo Vallecano,free transfer,out,Summer,NA,Primera Division,2013,2013/2014
RCD Espanyol Barcelona,Joan Verdú,30,Attacking Midfield,Real Betis,free transfer,out,Summer,NA,Primera Division,2013,2013/2014
RCD Espanyol Barcelona,Cristian Gómez,24,Central Midfield,RM Castilla,loan transfer,out,Summer,NA,Primera Division,2013,2013/2014
RCD Espanyol Barcelona,Christian Alfonso,24,Attacking Midfield,Alcorcón,loan transfer,out,Summer,NA,Primera Division,2013,2013/2014
RCD Espanyol Barcelona,Martin Petrov,34,Left Winger,Without Club,-,out,Summer,0,Primera Division,2013,2013/2014
RCD Espanyol Barcelona,Samuele Longo,21,Centre-Forward,Inter,"End of loanJun 30, 2013",out,Summer,0,Primera Division,2013,2013/2014
Granada CF,Yacine Brahimi,23,Left Winger,Stade Rennais,£2.25m,in,Summer,2.25,Primera Division,2013,2013/2014
Granada CF,Douglas Santos,19,Left-Back,Náutico,£2.07m,in,Summer,2.07,Primera Division,2013,2013/2014
Granada CF,Gai Assulin,22,Left Winger,Racing,free transfer,in,Summer,NA,Primera Division,2013,2013/2014
Granada CF,Riki,32,Centre-Forward,Dep. La Coruña,free transfer,in,Summer,NA,Primera Division,2013,2013/2014
Granada CF,Piti,32,Attacking Midfield,Rayo Vallecano,free transfer,in,Summer,NA,Primera Division,2013,2013/2014
Granada CF,Manuel Iturra,29,Defensive Midfield,Málaga CF,free transfer,in,Summer,NA,Primera Division,2013,2013/2014
Granada CF,Essaïd Belkalem,24,Centre-Back,JS Kabylie,free transfer,in,Summer,NA,Primera Division,2013,2013/2014
Granada CF,Alexandre Coeff,21,Centre-Back,Udinese Calcio,loan transfer,in,Summer,NA,Primera Division,2013,2013/2014
Granada CF,Dimitri Foulquier,20,Right-Back,Stade Rennais,loan transfer,in,Summer,NA,Primera Division,2013,2013/2014
Granada CF,Matías Campos Toro,24,Left-Back,Udinese Calcio,loan transfer,in,Summer,NA,Primera Division,2013,2013/2014
Granada CF,Michaël Pereira,25,Right Winger,RCD Mallorca,loan transfer,in,Summer,NA,Primera Division,2013,2013/2014
Granada CF,Recio,22,Central Midfield,Málaga CF,loan transfer,in,Summer,NA,Primera Division,2013,2013/2014
Granada CF,Odion Ighalo,24,Centre-Forward,Udinese Calcio,loan transfer,in,Summer,NA,Primera Division,2013,2013/2014
Granada CF,Orestis Karnezis,28,Goalkeeper,Udinese Calcio,loan transfer,in,Summer,NA,Primera Division,2013,2013/2014
Granada CF,Héctor Yuste,25,Centre-Back,Racing,"End of loanJun 30, 2013",in,Summer,0,Primera Division,2013,2013/2014
Granada CF,David Ferreiro,25,Right Winger,Racing,"End of loanJun 30, 2013",in,Summer,0,Primera Division,2013,2013/2014
Granada CF,Ikechi Anya,25,Left Midfield,Watford,"End of loanJun 30, 2013",in,Summer,0,Primera Division,2013,2013/2014
Granada CF,Jeison Murillo,21,Centre-Back,UD Las Palmas,"End of loanJun 30, 2013",in,Summer,0,Primera Division,2013,2013/2014
Granada CF,Silvan Widmer,20,Right-Back,FC Aarau,"End of loanJun 30, 2013",in,Summer,0,Primera Division,2013,2013/2014
Granada CF,Naldo,24,Centre-Back,Bologna,"End of loanJun 30, 2013",in,Summer,0,Primera Division,2013,2013/2014
Granada CF,Kabiru Akinsola,22,Centre-Forward,Doxa Katokopias,"End of loanJun 30, 2013",in,Summer,0,Primera Division,2013,2013/2014
Granada CF,José María Cases,26,Attacking Midfield,CD Alcoyano,"End of loanJun 30, 2013",in,Summer,0,Primera Division,2013,2013/2014
Granada CF,Daniel Pudil,27,Left-Back,Watford,"End of loanJun 30, 2013",in,Summer,0,Primera Division,2013,2013/2014
Granada CF,Ritchie Kitoko,25,Central Midfield,Girona,"End of loanJun 30, 2013",in,Summer,0,Primera Division,2013,2013/2014
Granada CF,Toti,25,Attacking Midfield,Hércules CF,"End of loanJun 30, 2013",in,Summer,0,Primera Division,2013,2013/2014
Granada CF,Álex Cruz,23,Right Winger,UCAM Murcia,"End of loanJun 30, 2013",in,Summer,0,Primera Division,2013,2013/2014
Granada CF,David de Coz,33,Right-Back,CD Lugo,"End of loanJun 30, 2013",in,Summer,0,Primera Division,2013,2013/2014
Granada CF,Jona,24,Centre-Forward,Vit. Guimarães,"End of loanJun 30, 2013",in,Summer,0,Primera Division,2013,2013/2014
Granada CF,Álex Bernal,22,Central Midfield,CD Leganés,"End of loanJun 30, 2013",in,Summer,0,Primera Division,2013,2013/2014
Granada CF,Mikel Rico,28,Central Midfield,Athletic,£2.61m,out,Summer,2.61,Primera Division,2013,2013/2014
Granada CF,Guilherme Siqueira,27,Left-Back,Benfica,Loan fee:£900Th.,out,Summer,0.9,Primera Division,2013,2013/2014
Granada CF,Naldo,24,Centre-Back,Udinese Calcio,£450Th.,out,Summer,0.45,Primera Division,2013,2013/2014
Granada CF,Carlos Aranda,33,Centre-Forward,UD Las Palmas,free transfer,out,Summer,NA,Primera Division,2013,2013/2014
Granada CF,Daniel Pudil,27,Left-Back,Watford,free transfer,out,Summer,NA,Primera Division,2013,2013/2014
Granada CF,Toño,33,Goalkeeper,Elche CF,free transfer,out,Summer,NA,Primera Division,2013,2013/2014
Granada CF,José María Cases,26,Attacking Midfield,Panthrakikos,free transfer,out,Summer,NA,Primera Division,2013,2013/2014
Granada CF,Iñigo López,30,Centre-Back,PAOK Salonika,free transfer,out,Summer,NA,Primera Division,2013,2013/2014
Granada CF,David de Coz,33,Right-Back,CD Lugo,free transfer,out,Summer,NA,Primera Division,2013,2013/2014
Granada CF,Manuel Lucena,30,Centre-Back,CD Mirandés,free transfer,out,Summer,NA,Primera Division,2013,2013/2014
Granada CF,Essaïd Belkalem,24,Centre-Back,Watford,loan transfer,out,Summer,NA,Primera Division,2013,2013/2014
Granada CF,Gai Assulin,22,Left Winger,Hércules CF,loan transfer,out,Summer,NA,Primera Division,2013,2013/2014
Granada CF,Juanma Ortiz,31,Right-Back,Hércules CF,loan transfer,out,Summer,NA,Primera Division,2013,2013/2014
Granada CF,Toti,25,Attacking Midfield,Alavés,loan transfer,out,Summer,NA,Primera Division,2013,2013/2014
Granada CF,Iriney,32,Central Midfield,Watford,?,out,Summer,NA,Primera Division,2013,2013/2014
Granada CF,Ikechi Anya,25,Left Midfield,Watford,?,out,Summer,NA,Primera Division,2013,2013/2014
Granada CF,Álex Bernal,22,Central Midfield,SD Huesca,?,out,Summer,NA,Primera Division,2013,2013/2014
Granada CF,Silvan Widmer,20,Right-Back,Udinese Calcio,?,out,Summer,NA,Primera Division,2013,2013/2014
Granada CF,Kabiru Akinsola,22,Centre-Forward,CE L’Hospitalet,loan transfer,out,Summer,NA,Primera Division,2013,2013/2014
Granada CF,Jona,24,Centre-Forward,Real Jaén CF,loan transfer,out,Summer,NA,Primera Division,2013,2013/2014
Granada CF,Ritchie Kitoko,25,Central Midfield,Real Jaén CF,loan transfer,out,Summer,NA,Primera Division,2013,2013/2014
Granada CF,Héctor Yuste,25,Centre-Back,Hércules CF,loan transfer,out,Summer,NA,Primera Division,2013,2013/2014
Granada CF,David Ferreiro,25,Right Winger,Hércules CF,loan transfer,out,Summer,NA,Primera Division,2013,2013/2014
Granada CF,Douglas Santos,19,Left-Back,Udinese Calcio,loan transfer,out,Summer,NA,Primera Division,2013,2013/2014
Granada CF,Álex Cruz,23,Right Winger,Recre Granada,-,out,Summer,0,Primera Division,2013,2013/2014
Granada CF,Odion Ighalo,23,Centre-Forward,Udinese Calcio,"End of loanJun 1, 2013",out,Summer,0,Primera Division,2013,2013/2014
Granada CF,Gabriel Torje,23,Right Winger,Udinese Calcio,"End of loanJun 30, 2013",out,Summer,0,Primera Division,2013,2013/2014
Granada CF,Yacine Brahimi,23,Left Winger,Stade Rennais,"End of loanJun 30, 2013",out,Summer,0,Primera Division,2013,2013/2014
Granada CF,Recio,22,Central Midfield,Málaga CF,"End of loanJun 30, 2013",out,Summer,0,Primera Division,2013,2013/2014
Granada CF,Nolito,26,Left Winger,Benfica,"End of loanJun 30, 2013",out,Summer,0,Primera Division,2013,2013/2014
Getafe CF,Pedro León,26,Right Winger,Real Madrid,£5.40m,in,Summer,5.4,Primera Division,2013,2013/2014
Getafe CF,Sergio Escudero,23,Left-Back,FC Schalke 04,£1.35m,in,Summer,1.35,Primera Division,2013,2013/2014
Getafe CF,Alexis Ruano,27,Centre-Back,Sevilla FC,free transfer,in,Summer,NA,Primera Division,2013,2013/2014
Getafe CF,Roberto Lago,27,Left-Back,Celta de Vigo,free transfer,in,Summer,NA,Primera Division,2013,2013/2014
Getafe CF,Lisandro López,24,Centre-Back,Benfica,loan transfer,in,Summer,NA,Primera Division,2013,2013/2014
Getafe CF,Ciprian Marica,27,Centre-Forward,Without Club,-,in,Summer,0,Primera Division,2013,2013/2014
Getafe CF,Dani Güiza,32,Centre-Forward,Johor DT,"End of loanJun 30, 2013",in,Summer,0,Primera Division,2013,2013/2014
Getafe CF,Javier Arizmendi,29,Centre-Forward,RCD Mallorca,"End of loanJun 30, 2013",in,Summer,0,Primera Division,2013,2013/2014
Getafe CF,Pedro Mosquera,25,Central Midfield,RM Castilla,"End of loanJun 30, 2013",in,Summer,0,Primera Division,2013,2013/2014
Getafe CF,Álvaro Arroyo,24,Centre-Back,Alcorcón,"End of loanJun 30, 2013",in,Summer,0,Primera Division,2013,2013/2014
Getafe CF,Miku Fedor,27,Centre-Forward,Celtic,"End of loanJun 30, 2013",in,Summer,0,Primera Division,2013,2013/2014
Getafe CF,Álex Pérez,21,Centre-Back,SD Huesca,"End of loanJun 30, 2013",in,Summer,0,Primera Division,2013,2013/2014
Getafe CF,Abdelaziz Barrada,24,Attacking Midfield,Al-Jazira,£7.65m,out,Summer,7.65,Primera Division,2013,2013/2014
Getafe CF,Xavi Torres,26,Defensive Midfield,Real Betis,£2.52m,out,Summer,2.52,Primera Division,2013,2013/2014
Getafe CF,Miku Fedor,28,Centre-Forward,Al-Gharafa SC,£1.35m,out,Summer,1.35,Primera Division,2013,2013/2014
Getafe CF,Álvaro Vázquez,22,Centre-Forward,Swansea,Loan fee:£1.08m,out,Summer,1.08,Primera Division,2013,2013/2014
Getafe CF,Miguel Torres,27,Right-Back,Olympiacos,£450Th.,out,Summer,0.45,Primera Division,2013,2013/2014
Getafe CF,Javier Arizmendi,29,Centre-Forward,Dep. La Coruña,free transfer,out,Summer,NA,Primera Division,2013,2013/2014
Getafe CF,Dani Güiza,32,Centre-Forward,Cerro Porteño,free transfer,out,Summer,NA,Primera Division,2013,2013/2014
Getafe CF,Hugo Fraile,26,Right Winger,Sporting Gijón,free transfer,out,Summer,NA,Primera Division,2013,2013/2014
Getafe CF,Mané,31,Left-Back,M. Tel Aviv,free transfer,out,Summer,NA,Primera Division,2013,2013/2014
Getafe CF,Álex Pérez,22,Centre-Back,Levski Sofia,loan transfer,out,Summer,NA,Primera Division,2013,2013/2014
Getafe CF,Federico Fernández,24,Centre-Back,SSC Napoli,"End of loanJun 30, 2013",out,Summer,0,Primera Division,2013,2013/2014
Getafe CF,Sergio Escudero,23,Left-Back,FC Schalke 04,"End of loanJun 30, 2013",out,Summer,0,Primera Division,2013,2013/2014
Getafe CF,Paco Alcácer,19,Centre-Forward,Valencia,"End of loanJun 30, 2013",out,Summer,0,Primera Division,2013,2013/2014
Getafe CF,Alexis Ruano,27,Centre-Back,Sevilla FC,"End of loanJun 30, 2013",out,Summer,0,Primera Division,2013,2013/2014
Getafe CF,Pedro León,26,Right Winger,Real Madrid,"End of loanJun 30, 2013",out,Summer,0,Primera Division,2013,2013/2014
Levante UD,Aloys Nong,29,Centre-Forward,RAEC Mons,£270Th.,in,Summer,0.27,Primera Division,2013,2013/2014
Levante UD,Rémi Gomis,29,Defensive Midfield,Valenciennes FC,free transfer,in,Summer,NA,Primera Division,2013,2013/2014
Levante UD,Issam El Adoua,26,Defensive Midfield,Vit. Guimarães,free transfer,in,Summer,NA,Primera Division,2013,2013/2014
Levante UD,Javi Jiménez,26,Goalkeeper,Real Murcia,free transfer,in,Summer,NA,Primera Division,2013,2013/2014
Levante UD,Andreas Ivanschitz,29,Attacking Midfield,1.FSV Mainz 05,free transfer,in,Summer,NA,Primera Division,2013,2013/2014
Levante UD,Jordi Xumetra,27,Right Winger,Elche CF,free transfer,in,Summer,NA,Primera Division,2013,2013/2014
Levante UD,David Barral,30,Centre-Forward,Orduspor,free transfer,in,Summer,NA,Primera Division,2013,2013/2014
Levante UD,Sergio da Silva Pinto,32,Central Midfield,Hannover 96,free transfer,in,Summer,NA,Primera Division,2013,2013/2014
Levante UD,Baba Diawara,25,Centre-Forward,Sevilla FC,loan transfer,in,Summer,NA,Primera Division,2013,2013/2014
Levante UD,Iván López,19,Right-Back,Levante B,-,in,Summer,0,Primera Division,2013,2013/2014
Levante UD,José Luis Morales,25,Centre-Forward,Levante B,-,in,Summer,0,Primera Division,2013,2013/2014
Levante UD,Miguel Pallardó,26,Central Midfield,UD Almería,"End of loanJun 30, 2013",in,Summer,0,Primera Division,2013,2013/2014
Levante UD,Ángel Rodríguez,26,Centre-Forward,Elche CF,"End of loanJun 30, 2013",in,Summer,0,Primera Division,2013,2013/2014
Levante UD,Vicente Iborra,25,Central Midfield,Sevilla FC,£3.78m,out,Summer,3.78,Primera Division,2013,2013/2014
Levante UD,Míchel Herrero,24,Central Midfield,Valencia,£378Th.,out,Summer,0.378,Primera Division,2013,2013/2014
Levante UD,José Javier Barkero,34,Attacking Midfield,Real Zaragoza,free transfer,out,Summer,NA,Primera Division,2013,2013/2014
Levante UD,Gustavo Munúa,35,Goalkeeper,Fiorentina,free transfer,out,Summer,NA,Primera Division,2013,2013/2014
Levante UD,Juanlu,33,Left Midfield,AEL Kalloni,free transfer,out,Summer,NA,Primera Division,2013,2013/2014
Levante UD,José Luis Morales,26,Centre-Forward,SD Eibar,loan transfer,out,Summer,NA,Primera Division,2013,2013/2014
Levante UD,Roger Martí,22,Centre-Forward,Real Zaragoza,loan transfer,out,Summer,NA,Primera Division,2013,2013/2014
Levante UD,Iván López,19,Right-Back,Girona,loan transfer,out,Summer,NA,Primera Division,2013,2013/2014
Levante UD,Sergio Ballesteros,37,Centre-Back,Retired,-,out,Summer,0,Primera Division,2013,2013/2014
Levante UD,Dariusz Dudka,29,Centre-Back,Without Club,-,out,Summer,0,Primera Division,2013,2013/2014
Levante UD,Valdo,32,Right Winger,Atlante,"End of loanJun 30, 2013",out,Summer,0,Primera Division,2013,2013/2014
Levante UD,Robert Acquafresca,25,Centre-Forward,Bologna,"End of loanJun 30, 2013",out,Summer,0,Primera Division,2013,2013/2014
UD Almería,Óscar Ustari,27,Goalkeeper,Boca Juniors,free transfer,in,Summer,NA,Primera Division,2013,2013/2014
UD Almería,Óscar Díaz,29,Centre-Forward,CD Lugo,free transfer,in,Summer,NA,Primera Division,2013,2013/2014
UD Almería,Marcos Tébar,27,Defensive Midfield,Girona,free transfer,in,Summer,NA,Primera Division,2013,2013/2014
UD Almería,Hélder Barbosa,26,Left Winger,SC Braga,loan transfer,in,Summer,NA,Primera Division,2013,2013/2014
UD Almería,Sebastián Dubarbier,27,Left-Back,Córdoba CF,?,in,Summer,NA,Primera Division,2013,2013/2014
UD Almería,Rodri Ríos,23,Centre-Forward,Barcelona B,loan transfer,in,Summer,NA,Primera Division,2013,2013/2014
UD Almería,Suso,19,Right Winger,Liverpool,loan transfer,in,Summer,NA,Primera Division,2013,2013/2014
UD Almería,Nélson,30,Right-Back,US Palermo,loan transfer,in,Summer,NA,Primera Division,2013,2013/2014
UD Almería,Marco Torsiglieri,25,Centre-Back,Metalist,loan transfer,in,Summer,NA,Primera Division,2013,2013/2014
UD Almería,Raúl Carnero,24,Left-Back,UD Almería B,-,in,Summer,0,Primera Division,2013,2013/2014
UD Almería,Ramon Azeez,20,Central Midfield,UD Almería B,-,in,Summer,0,Primera Division,2013,2013/2014
UD Almería,Hernán Bernardello,26,Defensive Midfield,CA Colon,"End of loanJun 30, 2013",in,Summer,0,Primera Division,2013,2013/2014
UD Almería,Charles,29,Centre-Forward,Celta de Vigo,£900Th.,out,Summer,0.9,Primera Division,2013,2013/2014
UD Almería,Abel Molinero,24,Left Winger,Real Jaén CF,free transfer,out,Summer,NA,Primera Division,2013,2013/2014
UD Almería,Rubén Suárez,34,Second Striker,Skoda Xanthi,free transfer,out,Summer,NA,Primera Division,2013,2013/2014
UD Almería,Carlos Calvo,27,Attacking Midfield,Skoda Xanthi,free transfer,out,Summer,NA,Primera Division,2013,2013/2014
UD Almería,Álvaro Mejía,31,Centre-Back,Ergotelis,free transfer,out,Summer,NA,Primera Division,2013,2013/2014
UD Almería,Diego García,23,Goalkeeper,Ponferradina,free transfer,out,Summer,NA,Primera Division,2013,2013/2014
UD Almería,Hernán Bernardello,26,Defensive Midfield,Montreal,?,out,Summer,NA,Primera Division,2013,2013/2014
UD Almería,Miguel Pallardó,26,Central Midfield,Levante,"End of loanJun 30, 2013",out,Summer,0,Primera Division,2013,2013/2014
UD Almería,Iago Falque,23,Right Winger,Spurs,"End of loanJun 30, 2013",out,Summer,0,Primera Division,2013,2013/2014
UD Almería,Adrián Gunino,24,Right-Back,CA Fénix,"End of loanJun 30, 2013",out,Summer,0,Primera Division,2013,2013/2014
Elche CF,Carlos Sánchez,27,Defensive Midfield,Rangers Talca,£1.42m,in,Summer,1.42,Primera Division,2013,2013/2014
Elche CF,David Lombán,26,Centre-Back,Barcelona B,£45Th.,in,Summer,0.045,Primera Division,2013,2013/2014
Elche CF,Cristian Sapunaru,29,Centre-Back,Real Zaragoza,free transfer,in,Summer,NA,Primera Division,2013,2013/2014
Elche CF,Toño,33,Goalkeeper,Granada CF,free transfer,in,Summer,NA,Primera Division,2013,2013/2014
Elche CF,Domingo Cisma,31,Left-Back,Atlético Madrid,free transfer,in,Summer,NA,Primera Division,2013,2013/2014
Elche CF,Richmond Boakye,20,Centre-Forward,Juventus,loan transfer,in,Summer,NA,Primera Division,2013,2013/2014
Elche CF,Alberto Botía,24,Centre-Back,Sevilla FC,loan transfer,in,Summer,NA,Primera Division,2013,2013/2014
Elche CF,Rubén Pérez,24,Defensive Midfield,Atlético Madrid,loan transfer,in,Summer,NA,Primera Division,2013,2013/2014
Elche CF,Carles Gil,20,Attacking Midfield,Valencia B,loan transfer,in,Summer,NA,Primera Division,2013,2013/2014
Elche CF,Manu del Moral,29,Centre-Forward,Sevilla FC,loan transfer,in,Summer,NA,Primera Division,2013,2013/2014
Elche CF,Miroslav Stevanovic,22,Right Midfield,Sevilla FC,loan transfer,in,Summer,NA,Primera Division,2013,2013/2014
Elche CF,Javi Márquez,27,Central Midfield,RCD Mallorca,loan transfer,in,Summer,NA,Primera Division,2013,2013/2014
Elche CF,Leandro Montagud,24,Goalkeeper,Ponferradina,"End of loanJun 30, 2013",in,Summer,0,Primera Division,2013,2013/2014
Elche CF,Leandro Montagud,24,Goalkeeper,Levante B,free transfer,out,Summer,NA,Primera Division,2013,2013/2014
Elche CF,Xabi Etxeita,25,Centre-Back,Athletic,free transfer,out,Summer,NA,Primera Division,2013,2013/2014
Elche CF,Jordi Xumetra,27,Right Winger,Levante,free transfer,out,Summer,NA,Primera Division,2013,2013/2014
Elche CF,Miguel Palanca,25,Attacking Midfield,CD Numancia,free transfer,out,Summer,NA,Primera Division,2013,2013/2014
Elche CF,Miguel Linares,30,Centre-Forward,Recr. Huelva,free transfer,out,Summer,NA,Primera Division,2013,2013/2014
Elche CF,Javier Flaño,28,Right-Back,CD Mirandés,free transfer,out,Summer,NA,Primera Division,2013,2013/2014
Elche CF,Héctor Verdés,29,Centre-Back,Alcorcón,free transfer,out,Summer,NA,Primera Division,2013,2013/2014
Elche CF,Diego Rivas,26,Goalkeeper,SD Eibar,loan transfer,out,Summer,NA,Primera Division,2013,2013/2014
Elche CF,Ricardo Buitrago,27,Attacking Midfield,Plaza Amador,?,out,Summer,NA,Primera Division,2013,2013/2014
Elche CF,Pelayo,22,Central Midfield,Córdoba CF,loan transfer,out,Summer,NA,Primera Division,2013,2013/2014
Elche CF,Berry Powel,33,Centre-Forward,Without Club,-,out,Summer,0,Primera Division,2013,2013/2014
Elche CF,Ángel Rodríguez,26,Centre-Forward,Levante,"End of loanJun 30, 2013",out,Summer,0,Primera Division,2013,2013/2014
Elche CF,Carles Gil,20,Attacking Midfield,Valencia B,"End of loanJun 30, 2013",out,Summer,0,Primera Division,2013,2013/2014
Málaga CF,Vitorino Antunes,26,Left-Back,Paços Ferreira,£1.13m,in,Summer,1.13,Primera Division,2013,2013/2014
Málaga CF,Bobley Anderson,21,Attacking Midfield,Wydad AC,£900Th.,in,Summer,0.9,Primera Division,2013,2013/2014
Málaga CF,Flávio Ferreira,21,Centre-Back,Coimbra,£450Th.,in,Summer,0.45,Primera Division,2013,2013/2014
Málaga CF,Roberto Chen,19,Centre-Back,San Francisco,£360Th.,in,Summer,0.36,Primera Division,2013,2013/2014
Málaga CF,Bartlomiej Pawlowski,20,Right Winger,Widzew Lodz,Loan fee:£270Th.,in,Summer,0.27,Primera Division,2013,2013/2014
Málaga CF,Marcos Angeleri,30,Centre-Back,Estudiantes,£207Th.,in,Summer,0.207,Primera Division,2013,2013/2014
Málaga CF,Roque Santa Cruz,31,Centre-Forward,Man City,free transfer,in,Summer,NA,Primera Division,2013,2013/2014
Málaga CF,Fernando Tissone,26,Defensive Midfield,Sampdoria,free transfer,in,Summer,NA,Primera Division,2013,2013/2014
Málaga CF,Mounir El Hamdaoui,29,Centre-Forward,Fiorentina,loan transfer,in,Summer,NA,Primera Division,2013,2013/2014
Málaga CF,Sergi Darder,19,Central Midfield,A. Malagueño,-,in,Summer,0,Primera Division,2013,2013/2014
Málaga CF,Samu García,22,Right Winger,A. Malagueño,-,in,Summer,0,Primera Division,2013,2013/2014
Málaga CF,Fabrice Olinga,17,Right Winger,A. Malagueño,-,in,Summer,0,Primera Division,2013,2013/2014
Málaga CF,José Manuel Casado,27,Left-Back,Without Club,-,in,Summer,0,Primera Division,2013,2013/2014
Málaga CF,Juanmi,20,Left Winger,Racing,"End of loanJun 30, 2013",in,Summer,0,Primera Division,2013,2013/2014
Málaga CF,Recio,22,Central Midfield,Granada CF,"End of loanJun 30, 2013",in,Summer,0,Primera Division,2013,2013/2014
Málaga CF,Rubén Martínez,29,Goalkeeper,Rayo Vallecano,"End of loanJun 30, 2013",in,Summer,0,Primera Division,2013,2013/2014
Málaga CF,Edinho,30,Centre-Forward,Coimbra,"End of loanJun 30, 2013",in,Summer,0,Primera Division,2013,2013/2014
Málaga CF,Isco,21,Attacking Midfield,Real Madrid,£27.00m,out,Summer,27,Primera Division,2013,2013/2014
Málaga CF,Jérémy Toulalan,29,Defensive Midfield,Monaco,£4.50m,out,Summer,4.5,Primera Division,2013,2013/2014
Málaga CF,Joaquín,31,Right Winger,Fiorentina,£1.62m,out,Summer,1.62,Primera Division,2013,2013/2014
Málaga CF,Edinho,30,Centre-Forward,SC Braga,free transfer,out,Summer,NA,Primera Division,2013,2013/2014
Málaga CF,Júlio Baptista,31,Attacking Midfield,Cruzeiro,free transfer,out,Summer,NA,Primera Division,2013,2013/2014
Málaga CF,Rubén Martínez,29,Goalkeeper,Rayo Vallecano,free transfer,out,Summer,NA,Primera Division,2013,2013/2014
Málaga CF,Manuel Iturra,29,Defensive Midfield,Granada CF,free transfer,out,Summer,NA,Primera Division,2013,2013/2014
Málaga CF,Martín Demichelis,32,Centre-Back,Atlético Madrid,free transfer,out,Summer,NA,Primera Division,2013,2013/2014
Málaga CF,Javier Saviola,31,Second Striker,Olympiacos,free transfer,out,Summer,NA,Primera Division,2013,2013/2014
Málaga CF,Sebastián Fernández,28,Second Striker,Rayo Vallecano,free transfer,out,Summer,NA,Primera Division,2013,2013/2014
Málaga CF,Recio,22,Central Midfield,Granada CF,loan transfer,out,Summer,NA,Primera Division,2013,2013/2014
Málaga CF,Vitorino Antunes,26,Left-Back,Paços Ferreira,"End of loanJun 30, 2013",out,Summer,0,Primera Division,2013,2013/2014
Málaga CF,Diego Lugano,32,Centre-Back,Paris SG,"End of loanJun 30, 2013",out,Summer,0,Primera Division,2013,2013/2014
Málaga CF,Lucas Piazon,19,Right Winger,Chelsea,"End of loanJun 30, 2013",out,Summer,0,Primera Division,2013,2013/2014
Málaga CF,Oguchi Onyewu,31,Centre-Back,Sporting CP,"End of loanJun 30, 2013",out,Summer,0,Primera Division,2013,2013/2014
Málaga CF,Roque Santa Cruz,31,Centre-Forward,Man City,"End of loanJun 30, 2013",out,Summer,0,Primera Division,2013,2013/2014
Villarreal CF,Giovani dos Santos,24,Second Striker,RCD Mallorca,£5.40m,in,Summer,5.4,Primera Division,2013,2013/2014
Villarreal CF,Tomás Pina,25,Central Midfield,RCD Mallorca,£4.50m,in,Summer,4.5,Primera Division,2013,2013/2014
Villarreal CF,Gabriel Paulista,22,Centre-Back,EC Vitória,£2.97m,in,Summer,2.97,Primera Division,2013,2013/2014
Villarreal CF,Jérémy Perbet,28,Centre-Forward,RAEC Mons,£1.26m,in,Summer,1.26,Primera Division,2013,2013/2014
Villarreal CF,Aleksandar Pantic,21,Centre-Back,Red Star,£270Th.,in,Summer,0.27,Primera Division,2013,2013/2014
Villarreal CF,Bojan Jokic,27,Left-Back,Chievo Verona,free transfer,in,Summer,NA,Primera Division,2013,2013/2014
Villarreal CF,Jonathan Pereira,26,Centre-Forward,Real Betis,?,in,Summer,NA,Primera Division,2013,2013/2014
Villarreal CF,Sergio Asenjo,24,Goalkeeper,Atlético Madrid,loan transfer,in,Summer,NA,Primera Division,2013,2013/2014
Villarreal CF,Gerard Bordas,31,Centre-Forward,Girona,"End of loanJun 30, 2013",in,Summer,0,Primera Division,2013,2013/2014
Villarreal CF,Javier Camuñas,32,Right Winger,Dep. La Coruña,"End of loanJun 30, 2013",in,Summer,0,Primera Division,2013,2013/2014
Villarreal CF,Cristián Zapata,26,Centre-Back,AC Milan,"End of loanJun 30, 2013",in,Summer,0,Primera Division,2013,2013/2014
Villarreal CF,Joselu,22,Centre-Forward,Córdoba CF,"End of loanJun 30, 2013",in,Summer,0,Primera Division,2013,2013/2014
Villarreal CF,Cristián Zapata,26,Centre-Back,AC Milan,£9.00m,out,Summer,9,Primera Division,2013,2013/2014
Villarreal CF,Joselu,22,Centre-Forward,Recr. Huelva,free transfer,out,Summer,NA,Primera Division,2013,2013/2014
Villarreal CF,Diego Mariño,23,Goalkeeper,Real Valladolid,free transfer,out,Summer,NA,Primera Division,2013,2013/2014
Villarreal CF,Javi Venta,37,Right-Back,Brentford,free transfer,out,Summer,NA,Primera Division,2013,2013/2014
Villarreal CF,Guillem Truyols,23,Centre-Back,Real Murcia,free transfer,out,Summer,NA,Primera Division,2013,2013/2014
Villarreal CF,Joan Oriol,26,Left-Back,CA Osasuna,free transfer,out,Summer,NA,Primera Division,2013,2013/2014
Villarreal CF,Olof Mellberg,35,Centre-Back,FC Copenhagen,free transfer,out,Summer,NA,Primera Division,2013,2013/2014
Villarreal CF,Marcos Senna,36,Defensive Midfield,NY Cosmos,free transfer,out,Summer,NA,Primera Division,2013,2013/2014
Villarreal CF,Gerard Bordas,31,Centre-Forward,Girona,free transfer,out,Summer,NA,Primera Division,2013,2013/2014
Villarreal CF,Juanma,32,Right Winger,Alavés,free transfer,out,Summer,NA,Primera Division,2013,2013/2014
Villarreal CF,Gerard Moreno,21,Centre-Forward,RCD Mallorca,loan transfer,out,Summer,NA,Primera Division,2013,2013/2014
Villarreal CF,Javier Camuñas,33,Right Winger,Retired,-,out,Summer,0,Primera Division,2013,2013/2014
Villarreal CF,Jérémy Perbet,28,Centre-Forward,RAEC Mons,"End of loanJun 30, 2013",out,Summer,0,Primera Division,2013,2013/2014
Villarreal CF,Jonathan Pereira,26,Centre-Forward,Real Betis,"End of loanJun 30, 2013",out,Summer,0,Primera Division,2013,2013/2014
Villarreal CF,Héctor Canteros,24,Central Midfield,Vélez Sarsfield,"End of loanJun 30, 2013",out,Summer,0,Primera Division,2013,2013/2014
Valencia CF,Dorlan Pabón,25,Right Winger,Monterrey,£7.20m,in,Summer,7.2,Primera Division,2013,2013/2014
Valencia CF,Nelson Valdez,29,Centre-Forward,Rubin Kazan,£2.70m,in,Summer,2.7,Primera Division,2013,2013/2014
Valencia CF,Hélder Postiga,31,Centre-Forward,Real Zaragoza,£2.70m,in,Summer,2.7,Primera Division,2013,2013/2014
Valencia CF,Oriol Romeu,21,Defensive Midfield,Chelsea,Loan fee:£900Th.,in,Summer,0.9,Primera Division,2013,2013/2014
Valencia CF,Míchel Herrero,24,Central Midfield,Levante,£378Th.,in,Summer,0.378,Primera Division,2013,2013/2014
Valencia CF,Javi Fuego,29,Defensive Midfield,Rayo Vallecano,free transfer,in,Summer,NA,Primera Division,2013,2013/2014
Valencia CF,Fede Cartabia,20,Right Winger,Valencia B,-,in,Summer,0,Primera Division,2013,2013/2014
Valencia CF,Juan Bernat,20,Left-Back,Valencia B,-,in,Summer,0,Primera Division,2013,2013/2014
Valencia CF,Fernando Gago,27,Defensive Midfield,Vélez Sarsfield,"End of loanJun 30, 2013",in,Summer,0,Primera Division,2013,2013/2014
Valencia CF,Paco Alcácer,19,Centre-Forward,Getafe,"End of loanJun 30, 2013",in,Summer,0,Primera Division,2013,2013/2014
Valencia CF,Roberto Soldado,28,Centre-Forward,Spurs,£27.00m,out,Summer,27,Primera Division,2013,2013/2014
Valencia CF,Tino Costa,28,Central Midfield,Spartak Moscow,£5.85m,out,Summer,5.85,Primera Division,2013,2013/2014
Valencia CF,Nelson Valdez,29,Centre-Forward,Al-Jazira,£2.70m,out,Summer,2.7,Primera Division,2013,2013/2014
Valencia CF,Fernando Gago,27,Defensive Midfield,Boca Juniors,£1.53m,out,Summer,1.53,Primera Division,2013,2013/2014
Valencia CF,Aly Cissokho,25,Centre-Back,Liverpool,Loan fee:£900Th.,out,Summer,0.9,Primera Division,2013,2013/2014
Valencia CF,Jonathan Viera,23,Attacking Midfield,Rayo Vallecano,loan transfer,out,Summer,NA,Primera Division,2013,2013/2014
Valencia CF,David Albelda,35,Defensive Midfield,Retired,-,out,Summer,0,Primera Division,2013,2013/2014
Valencia CF,Nelson Valdez,29,Centre-Forward,Rubin Kazan,"End of loanJun 30, 2013",out,Summer,0,Primera Division,2013,2013/2014
Celta de Vigo,Nolito,26,Left Winger,Benfica,£3.60m,in,Summer,3.6,Primera Division,2013,2013/2014
Celta de Vigo,Andreu Fontàs,23,Centre-Back,Barcelona,£900Th.,in,Summer,0.9,Primera Division,2013,2013/2014
Celta de Vigo,Charles,29,Centre-Forward,UD Almería,£900Th.,in,Summer,0.9,Primera Division,2013,2013/2014
Celta de Vigo,Jon Aurtenetxe,21,Centre-Back,Athletic,loan transfer,in,Summer,NA,Primera Division,2013,2013/2014
Celta de Vigo,Rafinha,20,Attacking Midfield,Barcelona,loan transfer,in,Summer,NA,Primera Division,2013,2013/2014
Celta de Vigo,Santi Mina,17,Centre-Forward,Celta Vigo B,-,in,Summer,0,Primera Division,2013,2013/2014
Celta de Vigo,David Costas,18,Centre-Back,Celta U19,-,in,Summer,0,Primera Division,2013,2013/2014
Celta de Vigo,Levy Madinda,21,Attacking Midfield,Celta Vigo B,-,in,Summer,0,Primera Division,2013,2013/2014
Celta de Vigo,Dani Abalo,25,Right Winger,Beira-Mar,"End of loanJun 30, 2013",in,Summer,0,Primera Division,2013,2013/2014
Celta de Vigo,Cristian Bustos,30,Central Midfield,Sporting Gijón,"End of loanJun 30, 2013",in,Summer,0,Primera Division,2013,2013/2014
Celta de Vigo,David Rodríguez,27,Centre-Forward,Sporting Gijón,"End of loanJun 30, 2013",in,Summer,0,Primera Division,2013,2013/2014
Celta de Vigo,Jota Peleteiro,22,Right Winger,RM Castilla,"End of loanJun 30, 2013",in,Summer,0,Primera Division,2013,2013/2014
Celta de Vigo,Yoel Rodríguez,24,Goalkeeper,CD Lugo,"End of loanJun 30, 2013",in,Summer,0,Primera Division,2013,2013/2014
Celta de Vigo,Iago Aspas,25,Centre-Forward,Liverpool,£9.72m,out,Summer,9.72,Primera Division,2013,2013/2014
Celta de Vigo,Roberto Lago,27,Left-Back,Getafe,free transfer,out,Summer,NA,Primera Division,2013,2013/2014
Celta de Vigo,Natxo Insa,27,Central Midfield,Antalyaspor,free transfer,out,Summer,NA,Primera Division,2013,2013/2014
Celta de Vigo,Quique de Lucas,35,Attacking Midfield,Hércules CF,free transfer,out,Summer,NA,Primera Division,2013,2013/2014
Celta de Vigo,Dani Abalo,25,Right Winger,Ludogorets,?,out,Summer,NA,Primera Division,2013,2013/2014
Celta de Vigo,Andrés Túñez,26,Centre-Back,B. Jerusalem,loan transfer,out,Summer,NA,Primera Division,2013,2013/2014
Celta de Vigo,Jota Peleteiro,22,Right Winger,SD Eibar,loan transfer,out,Summer,NA,Primera Division,2013,2013/2014
Celta de Vigo,Cristian Bustos,30,Central Midfield,Sporting Gijón,loan transfer,out,Summer,NA,Primera Division,2013,2013/2014
Celta de Vigo,Danijel Pranjic,31,Left-Back,Sporting CP,"End of loanJun 30, 2013",out,Summer,0,Primera Division,2013,2013/2014
Celta de Vigo,Vadim Demidov,26,Centre-Back,E. Frankfurt,"End of loanJun 30, 2013",out,Summer,0,Primera Division,2013,2013/2014
Celta de Vigo,Chu-young Park,27,Centre-Forward,Arsenal,"End of loanJun 30, 2013",out,Summer,0,Primera Division,2013,2013/2014
Celta de Vigo,Javi Varas,30,Goalkeeper,Sevilla FC,"End of loanJun 30, 2013",out,Summer,0,Primera Division,2013,2013/2014
Atlético de Madrid,Josuha Guilavogui,22,Defensive Midfield,Saint-Étienne,£9.00m,in,Summer,9,Primera Division,2013,2013/2014
Atlético de Madrid,Toby Alderweireld,24,Centre-Back,Ajax,£6.30m,in,Summer,6.3,Primera Division,2013,2013/2014
Atlético de Madrid,Leo Baptistão,20,Centre-Forward,Rayo Vallecano,£6.30m,in,Summer,6.3,Primera Division,2013,2013/2014
Atlético de Madrid,Roberto,27,Goalkeeper,Benfica,£5.40m,in,Summer,5.4,Primera Division,2013,2013/2014
Atlético de Madrid,David Villa,31,Centre-Forward,Barcelona,£1.89m,in,Summer,1.89,Primera Division,2013,2013/2014
Atlético de Madrid,Martín Demichelis,32,Centre-Back,Málaga CF,free transfer,in,Summer,NA,Primera Division,2013,2013/2014
Atlético de Madrid,Daniel Aranzubia,33,Goalkeeper,Dep. La Coruña,free transfer,in,Summer,NA,Primera Division,2013,2013/2014
Atlético de Madrid,Saúl Ñíguez,18,Central Midfield,Atl. Madrid B,-,in,Summer,0,Primera Division,2013,2013/2014
Atlético de Madrid,Óliver Torres,18,Central Midfield,Atl. Madrid B,-,in,Summer,0,Primera Division,2013,2013/2014
Atlético de Madrid,Javier Manquillo,19,Right-Back,Atl. Madrid B,-,in,Summer,0,Primera Division,2013,2013/2014
Atlético de Madrid,Joel Robles,23,Goalkeeper,Wigan,"End of loanJun 30, 2013",in,Summer,0,Primera Division,2013,2013/2014
Atlético de Madrid,Sílvio,25,Right-Back,Dep. La Coruña,"End of loanJun 30, 2013",in,Summer,0,Primera Division,2013,2013/2014
Atlético de Madrid,Borja Bastón,20,Centre-Forward,SD Huesca,"End of loanJun 30, 2013",in,Summer,0,Primera Division,2013,2013/2014
Atlético de Madrid,Leandro Cabrera,22,Centre-Back,Hércules CF,"End of loanJun 30, 2013",in,Summer,0,Primera Division,2013,2013/2014
Atlético de Madrid,Rúben Micael,26,Central Midfield,SC Braga,"End of loanJun 30, 2013",in,Summer,0,Primera Division,2013,2013/2014
Atlético de Madrid,Pizzi,23,Attacking Midfield,Dep. La Coruña,"End of loanJun 30, 2013",in,Summer,0,Primera Division,2013,2013/2014
Atlético de Madrid,Rubén Pérez,24,Defensive Midfield,Real Betis,"End of loanJun 30, 2013",in,Summer,0,Primera Division,2013,2013/2014
Atlético de Madrid,Radamel Falcao,27,Centre-Forward,Monaco,£38.70m,out,Summer,38.7,Primera Division,2013,2013/2014
Atlético de Madrid,Pizzi,23,Attacking Midfield,Benfica,£12.60m,out,Summer,12.6,Primera Division,2013,2013/2014
Atlético de Madrid,Martín Demichelis,32,Centre-Back,Man City,£4.05m,out,Summer,4.05,Primera Division,2013,2013/2014
Atlético de Madrid,Joel Robles,23,Goalkeeper,Everton,£3.60m,out,Summer,3.6,Primera Division,2013,2013/2014
Atlético de Madrid,Rúben Micael,26,Central Midfield,SC Braga,£2.70m,out,Summer,2.7,Primera Division,2013,2013/2014
Atlético de Madrid,Domingo Cisma,31,Left-Back,Elche CF,free transfer,out,Summer,NA,Primera Division,2013,2013/2014
Atlético de Madrid,Cata Díaz,34,Centre-Back,Boca Juniors,free transfer,out,Summer,NA,Primera Division,2013,2013/2014
Atlético de Madrid,Jorge Pulido,22,Centre-Back,RM Castilla,free transfer,out,Summer,NA,Primera Division,2013,2013/2014
Atlético de Madrid,Leandro Cabrera,22,Centre-Back,RM Castilla,free transfer,out,Summer,NA,Primera Division,2013,2013/2014
Atlético de Madrid,Borja Bastón,21,Centre-Forward,Dep. La Coruña,loan transfer,out,Summer,NA,Primera Division,2013,2013/2014
Atlético de Madrid,Roberto,27,Goalkeeper,Olympiacos,loan transfer,out,Summer,NA,Primera Division,2013,2013/2014
Atlético de Madrid,Sílvio,25,Right-Back,Benfica,loan transfer,out,Summer,NA,Primera Division,2013,2013/2014
Atlético de Madrid,Rubén Pérez,24,Defensive Midfield,Elche CF,loan transfer,out,Summer,NA,Primera Division,2013,2013/2014
Atlético de Madrid,Saúl Ñíguez,18,Central Midfield,Rayo Vallecano,loan transfer,out,Summer,NA,Primera Division,2013,2013/2014
Atlético de Madrid,Sergio Asenjo,24,Goalkeeper,Villarreal,loan transfer,out,Summer,NA,Primera Division,2013,2013/2014
Real Sociedad,Haris Seferovic,21,Centre-Forward,Fiorentina,£2.70m,in,Summer,2.7,Primera Division,2013,2013/2014
Real Sociedad,Mikel Abaroa,24,Attacking Midfield,SD Eibar,free transfer,in,Summer,NA,Primera Division,2013,2013/2014
Real Sociedad,Óscar Vega,26,Attacking Midfield,CD Leganés,?,in,Summer,NA,Primera Division,2013,2013/2014
Real Sociedad,Esteban Granero,26,Central Midfield,QPR,loan transfer,in,Summer,NA,Primera Division,2013,2013/2014
Real Sociedad,Joseba Llorente,33,Centre-Forward,CA Osasuna,"End of loanJun 30, 2013",in,Summer,0,Primera Division,2013,2013/2014
Real Sociedad,Asier Illarramendi,23,Defensive Midfield,Real Madrid,£28.80m,out,Summer,28.8,Primera Division,2013,2013/2014
Real Sociedad,Mikel Abaroa,24,Attacking Midfield,Real Unión,loan transfer,out,Summer,NA,Primera Division,2013,2013/2014
Real Sociedad,Óscar Vega,27,Attacking Midfield,Real Unión,loan transfer,out,Summer,NA,Primera Division,2013,2013/2014
Real Sociedad,Joseba Llorente,33,Centre-Forward,Retired,-,out,Summer,0,Primera Division,2013,2013/2014
Athletic Bilbao,Beñat Etxebarria,26,Central Midfield,Real Betis,£7.20m,in,Summer,7.2,Primera Division,2013,2013/2014
Athletic Bilbao,Kike Sola,27,Centre-Forward,CA Osasuna,£3.60m,in,Summer,3.6,Primera Division,2013,2013/2014
Athletic Bilbao,Mikel Rico,28,Central Midfield,Granada CF,£2.61m,in,Summer,2.61,Primera Division,2013,2013/2014
Athletic Bilbao,Mikel Balenziaga,25,Left-Back,Real Valladolid,£450Th.,in,Summer,0.45,Primera Division,2013,2013/2014
Athletic Bilbao,Xabi Etxeita,25,Centre-Back,Elche CF,free transfer,in,Summer,NA,Primera Division,2013,2013/2014
Athletic Bilbao,Guillermo Fernández,21,Centre-Forward,Bilbao Athletic,-,in,Summer,0,Primera Division,2013,2013/2014
Athletic Bilbao,Unai Albizua,24,Centre-Back,Bilbao Athletic,-,in,Summer,0,Primera Division,2013,2013/2014
Athletic Bilbao,Jonás Ramalho,20,Centre-Back,Bilbao Athletic,-,in,Summer,0,Primera Division,2013,2013/2014
Athletic Bilbao,Erik Morán,22,Defensive Midfield,Bilbao Athletic,-,in,Summer,0,Primera Division,2013,2013/2014
Athletic Bilbao,Enric Saborit,21,Left-Back,Bilbao Athletic,-,in,Summer,0,Primera Division,2013,2013/2014
Athletic Bilbao,Iban Zubiaurre,30,Right-Back,UD Salamanca,"End of loanJun 30, 2013",in,Summer,0,Primera Division,2013,2013/2014
Athletic Bilbao,Iago Herrerín,25,Goalkeeper,CD Numancia,"End of loanJun 30, 2013",in,Summer,0,Primera Division,2013,2013/2014
Athletic Bilbao,Iban Zubiaurre,30,Right-Back,Racing,free transfer,out,Summer,NA,Primera Division,2013,2013/2014
Athletic Bilbao,Isma López,23,Left-Back,Sporting Gijón,free transfer,out,Summer,NA,Primera Division,2013,2013/2014
Athletic Bilbao,Igor Martínez,23,Attacking Midfield,CD Mirandés,free transfer,out,Summer,NA,Primera Division,2013,2013/2014
Athletic Bilbao,Xabier Castillo,27,Left-Back,UD Las Palmas,free transfer,out,Summer,NA,Primera Division,2013,2013/2014
Athletic Bilbao,Fernando Amorebieta,28,Centre-Back,Fulham,free transfer,out,Summer,NA,Primera Division,2013,2013/2014
Athletic Bilbao,Fernando Llorente,28,Centre-Forward,Juventus,free transfer,out,Summer,NA,Primera Division,2013,2013/2014
Athletic Bilbao,Jonás Ramalho,20,Centre-Back,Girona,loan transfer,out,Summer,NA,Primera Division,2013,2013/2014
Athletic Bilbao,Iñigo Ruiz de Galarreta,20,Central Midfield,CD Mirandés,loan transfer,out,Summer,NA,Primera Division,2013,2013/2014
Athletic Bilbao,Iñigo Pérez,25,Central Midfield,RCD Mallorca,loan transfer,out,Summer,NA,Primera Division,2013,2013/2014
Athletic Bilbao,Jon Aurtenetxe,21,Centre-Back,Celta de Vigo,loan transfer,out,Summer,NA,Primera Division,2013,2013/2014
Athletic Bilbao,Raúl Fernández,25,Goalkeeper,CD Numancia,loan transfer,out,Summer,NA,Primera Division,2013,2013/2014
Real Madrid,Gareth Bale,24,Right Winger,Spurs,£90.90m,in,Summer,90.9,Primera Division,2013,2013/2014
Real Madrid,Asier Illarramendi,23,Defensive Midfield,Real Sociedad,£28.80m,in,Summer,28.8,Primera Division,2013,2013/2014
Real Madrid,Isco,21,Attacking Midfield,Málaga CF,£27.00m,in,Summer,27,Primera Division,2013,2013/2014
Real Madrid,Daniel Carvajal,21,Right-Back,Bay. Leverkusen,£5.85m,in,Summer,5.85,Primera Division,2013,2013/2014
Real Madrid,Casemiro,21,Defensive Midfield,São Paulo,£5.40m,in,Summer,5.4,Primera Division,2013,2013/2014
Real Madrid,Jesé,20,Centre-Forward,RM Castilla,-,in,Summer,0,Primera Division,2013,2013/2014
Real Madrid,Nacho Fernández,23,Centre-Back,RM Castilla,-,in,Summer,0,Primera Division,2013,2013/2014
Real Madrid,Álvaro Morata,20,Centre-Forward,RM Castilla,-,in,Summer,0,Primera Division,2013,2013/2014
Real Madrid,Denis Cheryshev,22,Left Winger,RM Castilla,-,in,Summer,0,Primera Division,2013,2013/2014
Real Madrid,Jesús Fernández,25,Goalkeeper,RM Castilla,-,in,Summer,0,Primera Division,2013,2013/2014
Real Madrid,Pedro León,26,Right Winger,Getafe,"End of loanJun 30, 2013",in,Summer,0,Primera Division,2013,2013/2014
Real Madrid,Mesut Özil,24,Attacking Midfield,Arsenal,£42.30m,out,Summer,42.3,Primera Division,2013,2013/2014
Real Madrid,Gonzalo Higuaín,25,Centre-Forward,SSC Napoli,£35.10m,out,Summer,35.1,Primera Division,2013,2013/2014
Real Madrid,Raúl Albiol,27,Centre-Back,SSC Napoli,£10.80m,out,Summer,10.8,Primera Division,2013,2013/2014
Real Madrid,José Callejón,26,Right Winger,SSC Napoli,£8.55m,out,Summer,8.55,Primera Division,2013,2013/2014
Real Madrid,Pedro León,26,Right Winger,Getafe,£5.40m,out,Summer,5.4,Primera Division,2013,2013/2014
Real Madrid,Kaká,31,Attacking Midfield,AC Milan,free transfer,out,Summer,NA,Primera Division,2013,2013/2014
Real Madrid,Ricardo Carvalho,35,Centre-Back,Monaco,free transfer,out,Summer,NA,Primera Division,2013,2013/2014
Real Madrid,Denis Cheryshev,22,Left Winger,Sevilla FC,loan transfer,out,Summer,NA,Primera Division,2013,2013/2014
Real Madrid,Antonio Adán,26,Goalkeeper,Without Club,-,out,Summer,0,Primera Division,2013,2013/2014
Real Madrid,Michael Essien,30,Defensive Midfield,Chelsea,"End of loanJun 30, 2013",out,Summer,0,Primera Division,2013,2013/2014
Sevilla FC,Carlos Bacca,26,Centre-Forward,Club Brugge,£9.00m,in,Summer,9,Primera Division,2013,2013/2014
Sevilla FC,Kévin Gameiro,26,Centre-Forward,Paris SG,£6.75m,in,Summer,6.75,Primera Division,2013,2013/2014
Sevilla FC,Vicente Iborra,25,Central Midfield,Levante,£3.78m,in,Summer,3.78,Primera Division,2013,2013/2014
Sevilla FC,Vitolo,23,Left Winger,UD Las Palmas,£2.88m,in,Summer,2.88,Primera Division,2013,2013/2014
Sevilla FC,Sebastián Cristóforo,19,Central Midfield,Peñarol,£2.03m,in,Summer,2.03,Primera Division,2013,2013/2014
Sevilla FC,Jairo Samperio,19,Left Winger,Racing,£1.98m,in,Summer,1.98,Primera Division,2013,2013/2014
Sevilla FC,Raul Rusescu,24,Centre-Forward,Steaua Bukarest,£1.98m,in,Summer,1.98,Primera Division,2013,2013/2014
Sevilla FC,Beto,31,Goalkeeper,SC Braga,£1.80m,in,Summer,1.8,Primera Division,2013,2013/2014
Sevilla FC,Diogo Figueiras,22,Right-Back,Paços Ferreira,£900Th.,in,Summer,0.9,Primera Division,2013,2013/2014
Sevilla FC,Daniel Carriço,24,Centre-Back,Reading,Loan fee:£675Th.,in,Summer,0.675,Primera Division,2013,2013/2014
Sevilla FC,Denis Cheryshev,22,Left Winger,Real Madrid,loan transfer,in,Summer,NA,Primera Division,2013,2013/2014
Sevilla FC,Nicolás Pareja,29,Centre-Back,Spartak Moscow,loan transfer,in,Summer,NA,Primera Division,2013,2013/2014
Sevilla FC,Stéphane Mbia,27,Defensive Midfield,QPR,loan transfer,in,Summer,NA,Primera Division,2013,2013/2014
Sevilla FC,Marko Marin,24,Attacking Midfield,Chelsea,loan transfer,in,Summer,NA,Primera Division,2013,2013/2014
Sevilla FC,Julián Cuesta,22,Goalkeeper,Sevilla Atl.,-,in,Summer,0,Primera Division,2013,2013/2014
Sevilla FC,Bryan Rabello,19,Attacking Midfield,Sevilla Atl.,-,in,Summer,0,Primera Division,2013,2013/2014
Sevilla FC,Javi Varas,30,Goalkeeper,Celta de Vigo,"End of loanJun 30, 2013",in,Summer,0,Primera Division,2013,2013/2014
Sevilla FC,Emir Spahic,32,Centre-Back,Anzhi,"End of loanJun 30, 2013",in,Summer,0,Primera Division,2013,2013/2014
Sevilla FC,Antonio Luna,22,Left-Back,RCD Mallorca,"End of loanJun 30, 2013",in,Summer,0,Primera Division,2013,2013/2014
Sevilla FC,Bernardo Espinosa,23,Centre-Back,Sporting Gijón,"End of loanJun 30, 2013",in,Summer,0,Primera Division,2013,2013/2014
Sevilla FC,Hiroshi Ibusuki,22,Centre-Forward,KAS Eupen,"End of loanJun 30, 2013",in,Summer,0,Primera Division,2013,2013/2014
Sevilla FC,Lautaro Acosta,25,Left Winger,Boca Juniors,"End of loanJun 30, 2013",in,Summer,0,Primera Division,2013,2013/2014
Sevilla FC,Luis Alberto,20,Central Midfield,Barcelona B,"End of loanJun 30, 2013",in,Summer,0,Primera Division,2013,2013/2014
Sevilla FC,Tiberio Guarente,27,Central Midfield,Bologna,"End of loanJun 30, 2013",in,Summer,0,Primera Division,2013,2013/2014
Sevilla FC,Alexis Ruano,27,Centre-Back,Getafe,"End of loanJun 30, 2013",in,Summer,0,Primera Division,2013,2013/2014
Sevilla FC,Álvaro Negredo,27,Centre-Forward,Man City,£22.50m,out,Summer,22.5,Primera Division,2013,2013/2014
Sevilla FC,Geoffrey Kondogbia,20,Defensive Midfield,Monaco,£18.00m,out,Summer,18,Primera Division,2013,2013/2014
Sevilla FC,Jesús Navas,27,Right-Back,Man City,£18.00m,out,Summer,18,Primera Division,2013,2013/2014
Sevilla FC,Gary Medel,26,Centre-Back,Cardiff,£11.70m,out,Summer,11.7,Primera Division,2013,2013/2014
Sevilla FC,Luis Alberto,20,Central Midfield,Liverpool,£7.20m,out,Summer,7.2,Primera Division,2013,2013/2014
Sevilla FC,Antonio Luna,22,Left-Back,Aston Villa,£1.80m,out,Summer,1.8,Primera Division,2013,2013/2014
Sevilla FC,José Campaña,20,Central Midfield,Crystal Palace,£1.80m,out,Summer,1.8,Primera Division,2013,2013/2014
Sevilla FC,Emir Spahic,32,Centre-Back,Bay. Leverkusen,£360Th.,out,Summer,0.36,Primera Division,2013,2013/2014
Sevilla FC,Andrés Palop,39,Goalkeeper,Bay. Leverkusen,free transfer,out,Summer,NA,Primera Division,2013,2013/2014
Sevilla FC,Alexis Ruano,27,Centre-Back,Getafe,free transfer,out,Summer,NA,Primera Division,2013,2013/2014
Sevilla FC,Bernardo Espinosa,23,Centre-Back,Sporting Gijón,free transfer,out,Summer,NA,Primera Division,2013,2013/2014
Sevilla FC,Lautaro Acosta,25,Left Winger,Lanús,free transfer,out,Summer,NA,Primera Division,2013,2013/2014
Sevilla FC,Alberto Botía,24,Centre-Back,Elche CF,loan transfer,out,Summer,NA,Primera Division,2013,2013/2014
Sevilla FC,Hiroshi Ibusuki,22,Centre-Forward,Valencia B,?,out,Summer,NA,Primera Division,2013,2013/2014
Sevilla FC,Javi Hervás,24,Central Midfield,Hércules CF,loan transfer,out,Summer,NA,Primera Division,2013,2013/2014
Sevilla FC,Baba Diawara,25,Centre-Forward,Levante,loan transfer,out,Summer,NA,Primera Division,2013,2013/2014
Sevilla FC,Tiberio Guarente,27,Central Midfield,Catania,loan transfer,out,Summer,NA,Primera Division,2013,2013/2014
Sevilla FC,Manu del Moral,29,Centre-Forward,Elche CF,loan transfer,out,Summer,NA,Primera Division,2013,2013/2014
Sevilla FC,Miroslav Stevanovic,22,Right Midfield,Elche CF,loan transfer,out,Summer,NA,Primera Division,2013,2013/2014
Sevilla FC,Beto,31,Goalkeeper,SC Braga,"End of loanJun 30, 2013",out,Summer,0,Primera Division,2013,2013/2014
Rayo Vallecano,Sebastián Fernández,28,Second Striker,Málaga CF,free transfer,in,Summer,NA,Primera Division,2013,2013/2014
Rayo Vallecano,Zé Castro,30,Centre-Back,Dep. La Coruña,free transfer,in,Summer,NA,Primera Division,2013,2013/2014
Rayo Vallecano,Leonel Galeano,21,Centre-Back,Independiente,free transfer,in,Summer,NA,Primera Division,2013,2013/2014
Rayo Vallecano,Raúl Baena,24,Defensive Midfield,Espanyol,free transfer,in,Summer,NA,Primera Division,2013,2013/2014
Rayo Vallecano,Nery Castillo,29,Right Winger,CF Pachuca,free transfer,in,Summer,NA,Primera Division,2013,2013/2014
Rayo Vallecano,Rubén Martínez,29,Goalkeeper,Málaga CF,free transfer,in,Summer,NA,Primera Division,2013,2013/2014
Rayo Vallecano,Alberto Bueno,25,Second Striker,Real Valladolid,free transfer,in,Summer,NA,Primera Division,2013,2013/2014
Rayo Vallecano,Jonathan Viera,23,Attacking Midfield,Valencia,loan transfer,in,Summer,NA,Primera Division,2013,2013/2014
Rayo Vallecano,Iago Falque,23,Right Winger,Spurs,loan transfer,in,Summer,NA,Primera Division,2013,2013/2014
Rayo Vallecano,Joaquín Larrivey,28,Centre-Forward,Atlante,?,in,Summer,NA,Primera Division,2013,2013/2014
Rayo Vallecano,Saúl Ñíguez,18,Central Midfield,Atlético Madrid,loan transfer,in,Summer,NA,Primera Division,2013,2013/2014
Rayo Vallecano,Johan Mojica,20,Left-Back,Deportivo Cali,loan transfer,in,Summer,NA,Primera Division,2013,2013/2014
Rayo Vallecano,Christian Cueva,21,Attacking Midfield,Española,loan transfer,in,Summer,NA,Primera Division,2013,2013/2014
Rayo Vallecano,Alberto Perea,22,Left Winger,Rayo B,-,in,Summer,0,Primera Division,2013,2013/2014
Rayo Vallecano,Nacho Martínez,24,Left-Back,Rayo B,-,in,Summer,0,Primera Division,2013,2013/2014
Rayo Vallecano,Gabriel Machado,23,Centre-Forward,Hércules CF,"End of loanJun 30, 2013",in,Summer,0,Primera Division,2013,2013/2014
Rayo Vallecano,Rafa García,27,Central Midfield,Xerez CD,"End of loanJun 30, 2013",in,Summer,0,Primera Division,2013,2013/2014
Rayo Vallecano,Leo Baptistão,20,Centre-Forward,Atlético Madrid,£6.30m,out,Summer,6.3,Primera Division,2013,2013/2014
Rayo Vallecano,Rafa García,27,Central Midfield,CD Lugo,free transfer,out,Summer,NA,Primera Division,2013,2013/2014
Rayo Vallecano,Raúl Tamudo,35,Centre-Forward,CE Sabadell,free transfer,out,Summer,NA,Primera Division,2013,2013/2014
Rayo Vallecano,Javi Fuego,29,Defensive Midfield,Valencia,free transfer,out,Summer,NA,Primera Division,2013,2013/2014
Rayo Vallecano,Piti,32,Attacking Midfield,Granada CF,free transfer,out,Summer,NA,Primera Division,2013,2013/2014
Rayo Vallecano,Alejandro Domínguez,32,Attacking Midfield,Olympiacos,free transfer,out,Summer,NA,Primera Division,2013,2013/2014
Rayo Vallecano,Gabriel Machado,23,Centre-Forward,Syrianska FC,free transfer,out,Summer,NA,Primera Division,2013,2013/2014
Rayo Vallecano,Dani Giménez,29,Goalkeeper,Alcorcón,free transfer,out,Summer,NA,Primera Division,2013,2013/2014
Rayo Vallecano,Mikel Labaka,32,Centre-Back,Retired,-,out,Summer,0,Primera Division,2013,2013/2014
Rayo Vallecano,Andrija Delibasic,32,Centre-Forward,Without Club,-,out,Summer,0,Primera Division,2013,2013/2014
Rayo Vallecano,José Manuel Casado,26,Left-Back,Without Club,-,out,Summer,0,Primera Division,2013,2013/2014
Rayo Vallecano,Jordi Amat,21,Centre-Back,Espanyol,"End of loanJun 30, 2013",out,Summer,0,Primera Division,2013,2013/2014
Rayo Vallecano,Jordi Figueras,26,Centre-Back,Club Brugge,"End of loanJun 30, 2013",out,Summer,0,Primera Division,2013,2013/2014
Rayo Vallecano,Franco Vázquez,24,Attacking Midfield,US Palermo,"End of loanJun 30, 2013",out,Summer,0,Primera Division,2013,2013/2014
Rayo Vallecano,Rubén Martínez,29,Goalkeeper,Málaga CF,"End of loanJun 30, 2013",out,Summer,0,Primera Division,2013,2013/2014
Real Valladolid CF,Zakarya Bergdich,24,Left-Back,Lens,£675Th.,in,Summer,0.675,Primera Division,2013,2013/2014
Real Valladolid CF,Omar Ramos,25,Attacking Midfield,SD Huesca,£270Th.,in,Summer,0.27,Primera Division,2013,2013/2014
Real Valladolid CF,Heinz Barmettler,26,Centre-Back,FC Vaduz,free transfer,in,Summer,NA,Primera Division,2013,2013/2014
Real Valladolid CF,Diego Mariño,23,Goalkeeper,Villarreal,free transfer,in,Summer,NA,Primera Division,2013,2013/2014
Real Valladolid CF,Humberto Osorio,25,Centre-Forward,San Martín,free transfer,in,Summer,NA,Primera Division,2013,2013/2014
Real Valladolid CF,Gilberto García,26,Right-Back,Once Caldas,loan transfer,in,Summer,NA,Primera Division,2013,2013/2014
Real Valladolid CF,Fausto Rossi,22,Central Midfield,Juventus,loan transfer,in,Summer,NA,Primera Division,2013,2013/2014
Real Valladolid CF,Carlos Lázaro,22,Central Midfield,SD Huesca,"End of loanJun 30, 2013",in,Summer,0,Primera Division,2013,2013/2014
Real Valladolid CF,Mikel Balenziaga,25,Left-Back,Athletic,£450Th.,out,Summer,0.45,Primera Division,2013,2013/2014
Real Valladolid CF,Alberto Bueno,25,Second Striker,Rayo Vallecano,free transfer,out,Summer,NA,Primera Division,2013,2013/2014
Real Valladolid CF,Carlos Lázaro,22,Central Midfield,Alavés,free transfer,out,Summer,NA,Primera Division,2013,2013/2014
Real Valladolid CF,Dani Hernández,27,Goalkeeper,Asteras Tripoli,loan transfer,out,Summer,NA,Primera Division,2013,2013/2014
Real Valladolid CF,Omar Ramos,25,Attacking Midfield,SD Huesca,"End of loanJun 30, 2013",out,Summer,0,Primera Division,2013,2013/2014
Real Valladolid CF,Henrique Sereno,28,Centre-Back,FC Porto,"End of loanJun 30, 2013",out,Summer,0,Primera Division,2013,2013/2014
Real Valladolid CF,Juan Neira,24,Attacking Midfield,Gimnasia,"End of loanJun 30, 2013",out,Summer,0,Primera Division,2013,2013/2014
CA Osasuna,Francisco Silva,27,Defensive Midfield,CDUC,£1.08m,in,Summer,1.08,Primera Division,2013,2013/2014
CA Osasuna,Miguel de las Cuevas,27,Right Winger,Sporting Gijón,£1.08m,in,Summer,1.08,Primera Division,2013,2013/2014
CA Osasuna,Oriol Riera,27,Centre-Forward,Alcorcón,£630Th.,in,Summer,0.63,Primera Division,2013,2013/2014
CA Osasuna,Joan Oriol,26,Left-Back,Villarreal,free transfer,in,Summer,NA,Primera Division,2013,2013/2014
CA Osasuna,Jordan Lotiès,28,Centre-Back,AS Nancy,free transfer,in,Summer,NA,Primera Division,2013,2013/2014
CA Osasuna,Eneko Satrústegui,22,Centre-Back,CD Numancia,"End of loanJun 30, 2013",in,Summer,0,Primera Division,2013,2013/2014
CA Osasuna,Jon Echaide,25,Centre-Back,SD Huesca,"End of loanJun 30, 2013",in,Summer,0,Primera Division,2013,2013/2014
CA Osasuna,Xavier Annunziata,25,Left Winger,SD Huesca,"End of loanJun 30, 2013",in,Summer,0,Primera Division,2013,2013/2014
CA Osasuna,Rúper,26,Central Midfield,CD Mirandés,"End of loanJun 30, 2013",in,Summer,0,Primera Division,2013,2013/2014
CA Osasuna,Nacho Zabal,26,Goalkeeper,SD Huesca,"End of loanJun 30, 2013",in,Summer,0,Primera Division,2013,2013/2014
CA Osasuna,Kike Sola,27,Centre-Forward,Athletic,£3.60m,out,Summer,3.6,Primera Division,2013,2013/2014
CA Osasuna,Masoud Shojaei,29,Attacking Midfield,UD Las Palmas,free transfer,out,Summer,NA,Primera Division,2013,2013/2014
CA Osasuna,Rúper,26,Central Midfield,CE Sabadell,free transfer,out,Summer,NA,Primera Division,2013,2013/2014
CA Osasuna,Rubén González,31,Centre-Back,FC Baku,free transfer,out,Summer,NA,Primera Division,2013,2013/2014
CA Osasuna,Nano,31,Centre-Back,Alavés,free transfer,out,Summer,NA,Primera Division,2013,2013/2014
CA Osasuna,Xavier Annunziata,25,Left Winger,Real Oviedo,free transfer,out,Summer,NA,Primera Division,2013,2013/2014
CA Osasuna,David Timor,23,Defensive Midfield,Girona,loan transfer,out,Summer,NA,Primera Division,2013,2013/2014
CA Osasuna,Nacho Zabal,26,Goalkeeper,SD Huesca,?,out,Summer,NA,Primera Division,2013,2013/2014
CA Osasuna,Ricardo,41,Goalkeeper,Retired,-,out,Summer,0,Primera Division,2013,2013/2014
CA Osasuna,Francisco Silva,27,Defensive Midfield,CDUC,"End of loanJun 30, 2013",out,Summer,0,Primera Division,2013,2013/2014
CA Osasuna,Miguel de las Cuevas,27,Right Winger,Sporting Gijón,"End of loanJun 30, 2013",out,Summer,0,Primera Division,2013,2013/2014
CA Osasuna,Anthony Annan,26,Defensive Midfield,FC Schalke 04,"End of loanJun 30, 2013",out,Summer,0,Primera Division,2013,2013/2014
CA Osasuna,Joseba Llorente,33,Centre-Forward,Real Sociedad,"End of loanJun 30, 2013",out,Summer,0,Primera Division,2013,2013/2014
Real Betis Balompié,Xavi Torres,26,Defensive Midfield,Getafe,£2.52m,in,Summer,2.52,Primera Division,2013,2013/2014
Real Betis Balompié,Braian Rodríguez,26,Centre-Forward,Huachipato,£900Th.,in,Summer,0.9,Primera Division,2013,2013/2014
Real Betis Balompié,Lorenzo Reyes,22,Defensive Midfield,Huachipato,£810Th.,in,Summer,0.81,Primera Division,2013,2013/2014
Real Betis Balompié,Chuli,22,Centre-Forward,Recr. Huelva,£540Th.,in,Summer,0.54,Primera Division,2013,2013/2014
Real Betis Balompié,Jordi Figueras,26,Centre-Back,Club Brugge,£270Th.,in,Summer,0.27,Primera Division,2013,2013/2014
Real Betis Balompié,Guillermo Sara,25,Goalkeeper,Rafaela,Loan fee:£225Th.,in,Summer,0.225,Primera Division,2013,2013/2014
Real Betis Balompié,Stephan Andersen,31,Goalkeeper,Évian,free transfer,in,Summer,NA,Primera Division,2013,2013/2014
Real Betis Balompié,Joan Verdú,30,Attacking Midfield,Espanyol,free transfer,in,Summer,NA,Primera Division,2013,2013/2014
Real Betis Balompié,Cedrick,21,Left Winger,CD Numancia,free transfer,in,Summer,NA,Primera Division,2013,2013/2014
Real Betis Balompié,Markus Steinhöfer,27,Right-Back,FC Basel,free transfer,in,Summer,NA,Primera Division,2013,2013/2014
Real Betis Balompié,Juanfran,24,Right-Back,RM Castilla,free transfer,in,Summer,NA,Primera Division,2013,2013/2014
Real Betis Balompié,Vincenzo Rennella,24,Centre-Forward,Genoa,free transfer,in,Summer,NA,Primera Division,2013,2013/2014
Real Betis Balompié,Dídac Vilà,24,Left-Back,AC Milan,loan transfer,in,Summer,NA,Primera Division,2013,2013/2014
Real Betis Balompié,Eder Vilarchao,23,Attacking Midfield,Betis B,-,in,Summer,0,Primera Division,2013,2013/2014
Real Betis Balompié,Nono,20,Central Midfield,Betis B,-,in,Summer,0,Primera Division,2013,2013/2014
Real Betis Balompié,Salvador Agra,21,Left Winger,Siena,"End of loanJun 30, 2013",in,Summer,0,Primera Division,2013,2013/2014
Real Betis Balompié,Jonathan Pereira,26,Centre-Forward,Villarreal,"End of loanJun 30, 2013",in,Summer,0,Primera Division,2013,2013/2014
Real Betis Balompié,Javier Matilla,24,Central Midfield,Real Murcia,"End of loanJun 30, 2013",in,Summer,0,Primera Division,2013,2013/2014
Real Betis Balompié,Ezequiel Calvente,22,Right Winger,SC Freiburg,"End of loanJun 30, 2013",in,Summer,0,Primera Division,2013,2013/2014
Real Betis Balompié,Beñat Etxebarria,26,Central Midfield,Athletic,£7.20m,out,Summer,7.2,Primera Division,2013,2013/2014
Real Betis Balompié,Alejandro Pozuelo,21,Attacking Midfield,Swansea,£450Th.,out,Summer,0.45,Primera Division,2013,2013/2014
Real Betis Balompié,Casto,31,Goalkeeper,Real Murcia,free transfer,out,Summer,NA,Primera Division,2013,2013/2014
Real Betis Balompié,Ángel López,32,Right-Back,UD Las Palmas,free transfer,out,Summer,NA,Primera Division,2013,2013/2014
Real Betis Balompié,Mario Abrante,31,Centre-Back,FC Baku,free transfer,out,Summer,NA,Primera Division,2013,2013/2014
Real Betis Balompié,Fabri,25,Goalkeeper,Dep. La Coruña,free transfer,out,Summer,NA,Primera Division,2013,2013/2014
Real Betis Balompié,Adrián,26,Goalkeeper,West Ham,free transfer,out,Summer,NA,Primera Division,2013,2013/2014
Real Betis Balompié,José Alberto Cañas,26,Central Midfield,Swansea,free transfer,out,Summer,NA,Primera Division,2013,2013/2014
Real Betis Balompié,Salvador Agra,21,Left Winger,SC Braga,loan transfer,out,Summer,NA,Primera Division,2013,2013/2014
Real Betis Balompié,Vincenzo Rennella,24,Centre-Forward,CD Lugo,loan transfer,out,Summer,NA,Primera Division,2013,2013/2014
Real Betis Balompié,Jonathan Pereira,26,Centre-Forward,Villarreal,?,out,Summer,NA,Primera Division,2013,2013/2014
Real Betis Balompié,Ezequiel Calvente,22,Right Winger,Recr. Huelva,loan transfer,out,Summer,NA,Primera Division,2013,2013/2014
Real Betis Balompié,Álex Martínez,23,Left-Back,Real Murcia,loan transfer,out,Summer,NA,Primera Division,2013,2013/2014
Real Betis Balompié,Rubén Pérez,24,Defensive Midfield,Atlético Madrid,"End of loanJun 30, 2013",out,Summer,0,Primera Division,2013,2013/2014
Real Betis Balompié,Dorlan Pabón,25,Right Winger,Parma,"End of loanJun 30, 2013",out,Summer,0,Primera Division,2013,2013/2014
Real Betis Balompié,Guillermo Molins,24,Centre-Forward,RSC Anderlecht,"End of loanJun 30, 2013",out,Summer,0,Primera Division,2013,2013/2014
Real Betis Balompié,Joel Campbell,21,Right Winger,Arsenal,"End of loanJun 30, 2013",out,Summer,0,Primera Division,2013,2013/2014
FC Barcelona,Neymar,21,Left Winger,Santos FC,£79.20m,in,Summer,79.2,Primera Division,2013,2013/2014
FC Barcelona,Bojan Krkic,22,Second Striker,AS Roma,£11.70m,in,Summer,11.7,Primera Division,2013,2013/2014
FC Barcelona,Gerard Deulofeu,19,Left Winger,Barcelona B,-,in,Summer,0,Primera Division,2013,2013/2014
FC Barcelona,Sergi Roberto,21,Central Midfield,Barcelona B,-,in,Summer,0,Primera Division,2013,2013/2014
FC Barcelona,Oier Olazábal,23,Goalkeeper,Barcelona B,-,in,Summer,0,Primera Division,2013,2013/2014
FC Barcelona,Rafinha,20,Attacking Midfield,Barcelona B,-,in,Summer,0,Primera Division,2013,2013/2014
FC Barcelona,Ibrahim Afellay,27,Left Midfield,FC Schalke 04,"End of loanJun 30, 2013",in,Summer,0,Primera Division,2013,2013/2014
FC Barcelona,Andreu Fontàs,23,Centre-Back,RCD Mallorca,"End of loanJun 30, 2013",in,Summer,0,Primera Division,2013,2013/2014
FC Barcelona,Isaac Cuenca,22,Left Winger,Ajax,"End of loanJun 30, 2013",in,Summer,0,Primera Division,2013,2013/2014
FC Barcelona,Thiago,22,Central Midfield,FC Bayern,£22.50m,out,Summer,22.5,Primera Division,2013,2013/2014
FC Barcelona,David Villa,31,Centre-Forward,Atlético Madrid,£1.89m,out,Summer,1.89,Primera Division,2013,2013/2014
FC Barcelona,Andreu Fontàs,23,Centre-Back,Celta de Vigo,£900Th.,out,Summer,0.9,Primera Division,2013,2013/2014
FC Barcelona,Éric Abidal,33,Left-Back,Monaco,free transfer,out,Summer,NA,Primera Division,2013,2013/2014
FC Barcelona,Bojan Krkic,22,Second Striker,Ajax,loan transfer,out,Summer,NA,Primera Division,2013,2013/2014
FC Barcelona,Gerard Deulofeu,19,Left Winger,Everton,loan transfer,out,Summer,NA,Primera Division,2013,2013/2014
FC Barcelona,Rafinha,20,Attacking Midfield,Celta de Vigo,loan transfer,out,Summer,NA,Primera Division,2013,2013/2014
RCD Espanyol Barcelona,Thievy Bifouma,21,Right Winger,West Brom,Loan fee:£450Th.,out,Winter,0.45,Primera Division,2013,2013/2014
RCD Espanyol Barcelona,Sergio Tejera,23,Central Midfield,Alavés,loan transfer,out,Winter,NA,Primera Division,2013,2013/2014
Granada CF,Alexis Zapata,18,Attacking Midfield,Envigado,£1.06m,in,Winter,1.06,Primera Division,2013,2013/2014
Granada CF,Alfredo Ortuño,22,Centre-Forward,La Hoya Lorca,?,in,Winter,NA,Primera Division,2013,2013/2014
Granada CF,Jon Ander Garrido,24,Defensive Midfield,Barakaldo CF,?,in,Winter,NA,Primera Division,2013,2013/2014
Granada CF,Christian Bravo,20,Right Winger,Inter Zapresic,?,in,Winter,NA,Primera Division,2013,2013/2014
Granada CF,Tiago Ilori,20,Centre-Back,Liverpool,loan transfer,in,Winter,NA,Primera Division,2013,2013/2014
Granada CF,Douglas Santos,19,Left-Back,Udinese Calcio,"End of loanJan 29, 2014",in,Winter,0,Primera Division,2013,2013/2014
Granada CF,Douglas Santos,19,Left-Back,Udinese Calcio,£2.07m,out,Winter,2.07,Primera Division,2013,2013/2014
Granada CF,Pape Diakhaté,29,Centre-Back,K. Erciyesspor,loan transfer,out,Winter,NA,Primera Division,2013,2013/2014
Granada CF,Alfredo Ortuño,22,Centre-Forward,Girona,loan transfer,out,Winter,NA,Primera Division,2013,2013/2014
Granada CF,Jon Ander Garrido,24,Defensive Midfield,Cádiz CF,loan transfer,out,Winter,NA,Primera Division,2013,2013/2014
Granada CF,Hassan Yebda,29,Central Midfield,Udinese Calcio,loan transfer,out,Winter,NA,Primera Division,2013,2013/2014
Granada CF,Alexis Zapata,18,Attacking Midfield,Sassuolo U19,loan transfer,out,Winter,NA,Primera Division,2013,2013/2014
Granada CF,Matías Campos Toro,24,Left-Back,Udinese Calcio,"End of loanDec 25, 2013",out,Winter,0,Primera Division,2013,2013/2014
Getafe CF,Sammir,26,Attacking Midfield,Dinamo Zagreb,£2.25m,in,Winter,2.25,Primera Division,2013,2013/2014
Getafe CF,Júlio César,27,Goalkeeper,Without Club,-,in,Winter,0,Primera Division,2013,2013/2014
Getafe CF,Álex Pérez,22,Centre-Back,Levski Sofia,"End of loanJan 24, 2014",in,Winter,0,Primera Division,2013,2013/2014
Getafe CF,Alberto Lopo,33,Centre-Back,Dep. La Coruña,free transfer,out,Winter,NA,Primera Division,2013,2013/2014
Getafe CF,Álex Pérez,22,Centre-Back,Recr. Huelva,loan transfer,out,Winter,NA,Primera Division,2013,2013/2014
Levante UD,Nagore,33,Right-Back,Alcorcón,free transfer,in,Winter,NA,Primera Division,2013,2013/2014
Levante UD,Víctor Casadesús,28,Centre-Forward,RCD Mallorca,free transfer,in,Winter,NA,Primera Division,2013,2013/2014
Levante UD,Mohamed Sissoko,29,Defensive Midfield,Without Club,-,in,Winter,0,Primera Division,2013,2013/2014
Levante UD,Rémi Gomis,29,Defensive Midfield,FC Nantes,free transfer,out,Winter,NA,Primera Division,2013,2013/2014
Levante UD,Aloys Nong,30,Centre-Forward,Recr. Huelva,loan transfer,out,Winter,NA,Primera Division,2013,2013/2014
Levante UD,Christian Lell,29,Right-Back,Without Club,-,out,Winter,0,Primera Division,2013,2013/2014
UD Almería,Mané,32,Left-Back,M. Tel Aviv,free transfer,in,Winter,NA,Primera Division,2013,2013/2014
UD Almería,Hans Martínez,26,Centre-Back,CDUC,loan transfer,in,Winter,NA,Primera Division,2013,2013/2014
UD Almería,Julián Cuesta,22,Goalkeeper,Sevilla FC,loan transfer,in,Winter,NA,Primera Division,2013,2013/2014
UD Almería,Jonathan Zongo,24,Right Winger,UD Almería B,-,in,Winter,0,Primera Division,2013,2013/2014
UD Almería,Óscar Ustari,27,Goalkeeper,Sunderland,free transfer,out,Winter,NA,Primera Division,2013,2013/2014
UD Almería,Bolaño,28,Centre-Back,D.C. United,free transfer,out,Winter,NA,Primera Division,2013,2013/2014
UD Almería,Hernán Pellerano,29,Centre-Back,Club Tijuana,?,out,Winter,NA,Primera Division,2013,2013/2014
UD Almería,Raúl Carnero,24,Left-Back,Alavés,loan transfer,out,Winter,NA,Primera Division,2013,2013/2014
Elche CF,Garry Rodrigues,23,Left Winger,Levski Sofia,£540Th.,in,Winter,0.54,Primera Division,2013,2013/2014
Elche CF,Cristian Herrera,22,Centre-Forward,Elche Ilicitano,-,in,Winter,0,Primera Division,2013,2013/2014
Elche CF,Diego Rivas,26,Goalkeeper,SD Eibar,"End of loanJan 23, 2014",in,Winter,0,Primera Division,2013,2013/2014
Elche CF,David Generelo,31,Central Midfield,RCD Mallorca,free transfer,out,Winter,NA,Primera Division,2013,2013/2014
Elche CF,Diego Rivas,26,Goalkeeper,CD Tenerife,loan transfer,out,Winter,NA,Primera Division,2013,2013/2014
Elche CF,Grégory Béranger,32,Left-Back,Retired,-,out,Winter,0,Primera Division,2013,2013/2014
Elche CF,Miroslav Stevanovic,23,Right Midfield,Sevilla FC,"End of loanJan 30, 2014",out,Winter,0,Primera Division,2013,2013/2014
Málaga CF,Pablo Pérez,28,Central Midfield,Newell's,£855Th.,in,Winter,0.855,Primera Division,2013,2013/2014
Málaga CF,Ezequiel Rescaldani,21,Centre-Forward,Vélez Sarsfield,£270Th.,in,Winter,0.27,Primera Division,2013,2013/2014
Málaga CF,Nordin Amrabat,26,Right Winger,Galatasaray,Loan fee:£270Th.,in,Winter,0.27,Primera Division,2013,2013/2014
Málaga CF,Oleksandr Yakovenko,26,Left Winger,Fiorentina,loan transfer,in,Winter,NA,Primera Division,2013,2013/2014
Málaga CF,Fabrice Olinga,17,Right Winger,Apol. Limassol,£450Th.,out,Winter,0.45,Primera Division,2013,2013/2014
Málaga CF,Pedro Morales,28,Attacking Midfield,Vancouver,£315Th.,out,Winter,0.315,Primera Division,2013,2013/2014
Málaga CF,Roberto Chen,19,Centre-Back,Zulte Waregem,loan transfer,out,Winter,NA,Primera Division,2013,2013/2014
Málaga CF,Bobley Anderson,21,Attacking Midfield,Zulte Waregem,loan transfer,out,Winter,NA,Primera Division,2013,2013/2014
Villarreal CF,Joan Román,20,Left Winger,Barcelona B,loan transfer,in,Winter,NA,Primera Division,2013,2013/2014
Villarreal CF,Óliver Torres,19,Central Midfield,Atlético Madrid,loan transfer,in,Winter,NA,Primera Division,2013,2013/2014
Villarreal CF,Hernán Pérez,24,Right Winger,Olympiacos,Loan fee:£450Th.,out,Winter,0.45,Primera Division,2013,2013/2014
Villarreal CF,Javier Farinós,35,Defensive Midfield,Retired,-,out,Winter,0,Primera Division,2013,2013/2014
Valencia CF,Vinícius Araújo,20,Centre-Forward,Cruzeiro,£3.15m,in,Winter,3.15,Primera Division,2013,2013/2014
Valencia CF,Rúben Vezo,19,Centre-Back,Vitória Setúbal,£1.85m,in,Winter,1.85,Primera Division,2013,2013/2014
Valencia CF,Eduardo Vargas,24,Second Striker,SSC Napoli,Loan fee:£1.35m,in,Winter,1.35,Primera Division,2013,2013/2014
Valencia CF,Seydou Keita,34,Central Midfield,DL Aerbin,free transfer,in,Winter,NA,Primera Division,2013,2013/2014
Valencia CF,Philippe Senderos,28,Centre-Back,Fulham,free transfer,in,Winter,NA,Primera Division,2013,2013/2014
Valencia CF,Sergio Canales,22,Attacking Midfield,Real Sociedad,£3.15m,out,Winter,3.15,Primera Division,2013,2013/2014
Valencia CF,Andrés Guardado,27,Central Midfield,Bay. Leverkusen,Loan fee:£900Th.,out,Winter,0.9,Primera Division,2013,2013/2014
Valencia CF,Adil Rami,28,Centre-Back,AC Milan,Loan fee:£360Th.,out,Winter,0.36,Primera Division,2013,2013/2014
Valencia CF,Hélder Postiga,31,Centre-Forward,Lazio,loan transfer,out,Winter,NA,Primera Division,2013,2013/2014
Valencia CF,Éver Banega,25,Central Midfield,Newell's,loan transfer,out,Winter,NA,Primera Division,2013,2013/2014
Valencia CF,Dorlan Pabón,26,Right Winger,São Paulo,loan transfer,out,Winter,NA,Primera Division,2013,2013/2014
Celta de Vigo,Welliton,27,Centre-Forward,Spartak Moscow,Loan fee:£360Th.,in,Winter,0.36,Primera Division,2013,2013/2014
Celta de Vigo,Iñigo López,31,Centre-Back,PAOK Salonika,loan transfer,in,Winter,NA,Primera Division,2013,2013/2014
Celta de Vigo,Andrés Túñez,27,Centre-Back,B. Jerusalem,"End of loanApr 26, 2014",in,Winter,0,Primera Division,2013,2013/2014
Celta de Vigo,Carlos Bellvís,28,Left-Back,Ponferradina,free transfer,out,Winter,NA,Primera Division,2013,2013/2014
Celta de Vigo,David Rodríguez,27,Centre-Forward,Brighton,free transfer,out,Winter,NA,Primera Division,2013,2013/2014
Celta de Vigo,Andrés Túñez,27,Centre-Back,Buriram Utd.,free transfer,out,Winter,NA,Primera Division,2013,2013/2014
Celta de Vigo,Samuel Llorca,28,Centre-Back,Alavés,loan transfer,out,Winter,NA,Primera Division,2013,2013/2014
Celta de Vigo,Toni Dovale,23,Left Winger,Kansas City,?,out,Winter,NA,Primera Division,2013,2013/2014
Celta de Vigo,Jonathan Vila,27,Central Midfield,B. Jerusalem,loan transfer,out,Winter,NA,Primera Division,2013,2013/2014
Atlético de Madrid,Diego,28,Central Midfield,VfL Wolfsburg,£1.35m,in,Winter,1.35,Primera Division,2013,2013/2014
Atlético de Madrid,José Sosa,28,Central Midfield,Metalist,Loan fee:£1.35m,in,Winter,1.35,Primera Division,2013,2013/2014
Atlético de Madrid,José María Giménez,18,Centre-Back,Danubio FC,£896Th.,in,Winter,0.896,Primera Division,2013,2013/2014
Atlético de Madrid,Leo Baptistão,21,Centre-Forward,Real Betis,Loan fee:£1.44m,out,Winter,1.44,Primera Division,2013,2013/2014
Atlético de Madrid,Josuha Guilavogui,23,Defensive Midfield,Saint-Étienne,loan transfer,out,Winter,NA,Primera Division,2013,2013/2014
Atlético de Madrid,Óliver Torres,19,Central Midfield,Villarreal,loan transfer,out,Winter,NA,Primera Division,2013,2013/2014
Real Sociedad,Sergio Canales,22,Attacking Midfield,Valencia,£3.15m,in,Winter,3.15,Primera Division,2013,2013/2014
Real Sociedad,Liassine Cadamuro,25,Centre-Back,RCD Mallorca,loan transfer,out,Winter,NA,Primera Division,2013,2013/2014
Real Sociedad,Diego Ifrán,26,Centre-Forward,Dep. La Coruña,loan transfer,out,Winter,NA,Primera Division,2013,2013/2014
Athletic Bilbao,Iñigo Pérez,26,Central Midfield,RCD Mallorca,"End of loanJan 31, 2014",in,Winter,0,Primera Division,2013,2013/2014
Sevilla FC,Miroslav Stevanovic,23,Right Midfield,Elche CF,"End of loanJan 30, 2014",in,Winter,0,Primera Division,2013,2013/2014
Sevilla FC,Tiberio Guarente,28,Central Midfield,Catania,"End of loanJan 30, 2014",in,Winter,0,Primera Division,2013,2013/2014
Sevilla FC,Juan Cala,24,Centre-Back,Cardiff,£315Th.,out,Winter,0.315,Primera Division,2013,2013/2014
Sevilla FC,Raul Rusescu,25,Centre-Forward,SC Braga,Loan fee:£203Th.,out,Winter,0.203,Primera Division,2013,2013/2014
Sevilla FC,Hedwiges Maduro,28,Defensive Midfield,PAOK Salonika,free transfer,out,Winter,NA,Primera Division,2013,2013/2014
Sevilla FC,Julián Cuesta,22,Goalkeeper,UD Almería,loan transfer,out,Winter,NA,Primera Division,2013,2013/2014
Sevilla FC,Miroslav Stevanovic,23,Right Midfield,Alavés,loan transfer,out,Winter,NA,Primera Division,2013,2013/2014
Sevilla FC,Bryan Rabello,19,Attacking Midfield,Dep. La Coruña,loan transfer,out,Winter,NA,Primera Division,2013,2013/2014
Sevilla FC,Tiberio Guarente,28,Central Midfield,Chievo Verona,loan transfer,out,Winter,NA,Primera Division,2013,2013/2014
Sevilla FC,Diego Perotti,25,Left Winger,Boca Juniors,loan transfer,out,Winter,NA,Primera Division,2013,2013/2014
Rayo Vallecano,Razvan Rat,32,Left-Back,West Ham,free transfer,in,Winter,NA,Primera Division,2013,2013/2014
Rayo Vallecano,Borja López,19,Centre-Back,Monaco,loan transfer,in,Winter,NA,Primera Division,2013,2013/2014
Rayo Vallecano,Rubén Rochina,22,Right Winger,Blackburn,loan transfer,in,Winter,NA,Primera Division,2013,2013/2014
Rayo Vallecano,Samuele Longo,22,Centre-Forward,Inter,loan transfer,in,Winter,NA,Primera Division,2013,2013/2014
Rayo Vallecano,Rodri,29,Centre-Back,KAS Eupen,?,out,Winter,NA,Primera Division,2013,2013/2014
Real Valladolid CF,Jeffren,26,Right Winger,Sporting CP,free transfer,in,Winter,NA,Primera Division,2013,2013/2014
Real Valladolid CF,Stefan Mitrovic,23,Centre-Back,Benfica,loan transfer,in,Winter,NA,Primera Division,2013,2013/2014
Real Valladolid CF,Patrick Ebert,26,Attacking Midfield,Spartak Moscow,£1.17m,out,Winter,1.17,Primera Division,2013,2013/2014
Real Valladolid CF,Gilberto García,26,Right-Back,Once Caldas,"End of loanDec 31, 2013",out,Winter,0,Primera Division,2013,2013/2014
CA Osasuna,Javi Acuña,25,Centre-Forward,Watford,loan transfer,in,Winter,NA,Primera Division,2013,2013/2014
CA Osasuna,Cristian Lobato,24,Left Winger,Without Club,-,in,Winter,0,Primera Division,2013,2013/2014
CA Osasuna,Jon Echaide,26,Centre-Back,Hércules CF,loan transfer,out,Winter,NA,Primera Division,2013,2013/2014
CA Osasuna,José Núñez,25,Second Striker,Libertad,"End of loanJan 9, 2014",out,Winter,0,Primera Division,2013,2013/2014
Real Betis Balompié,Leo Baptistão,21,Centre-Forward,Atlético Madrid,Loan fee:£1.44m,in,Winter,1.44,Primera Division,2013,2013/2014
Real Betis Balompié,Antonio Adán,26,Goalkeeper,Cagliari Calcio,free transfer,in,Winter,NA,Primera Division,2013,2013/2014
Real Betis Balompié,Alfred N'Diaye,23,Defensive Midfield,Sunderland,loan transfer,in,Winter,NA,Primera Division,2013,2013/2014
Real Betis Balompié,Salvador Agra,22,Left Winger,SC Braga,"End of loanDec 31, 2013",in,Winter,0,Primera Division,2013,2013/2014
Real Betis Balompié,Markus Steinhöfer,27,Right-Back,1860 Munich,£72Th.,out,Winter,0.072,Primera Division,2013,2013/2014
Real Betis Balompié,Salvador Agra,22,Left Winger,Coimbra,loan transfer,out,Winter,NA,Primera Division,2013,2013/2014
Real Betis Balompié,Stephan Andersen,32,Goalkeeper,Go Ahead Eagles,loan transfer,out,Winter,NA,Primera Division,2013,2013/2014
