club_name,player_name,age,position,club_involved_name,fee,transfer_movement,transfer_period,fee_cleaned,league_name,year,season
FC Girondins Bordeaux,Pauleta,27,Centre-Forward,Dep. La Coruña,£8.19m,in,Summer,8.19,Ligue 1,2000,2000/2001
FC Girondins Bordeaux,Marc Wilmots,31,Attacking Midfield,FC Schalke 04,£3.15m,in,Summer,3.15,Ligue 1,2000,2000/2001
FC Girondins Bordeaux,Aleksey Smertin,25,Defensive Midfield,Loko Moscow,£2.70m,in,Summer,2.7,Ligue 1,2000,2000/2001
FC Girondins Bordeaux,Frédéric Roux,27,Goalkeeper,AS Nancy,£414Th.,in,Summer,0.414,Ligue 1,2000,2000/2001
FC Girondins Bordeaux,Alain Roche,32,Centre-Back,Valencia,?,in,Summer,NA,Ligue 1,2000,2000/2001
FC Girondins Bordeaux,David Sommeil,25,Centre-Back,Stade Rennais,?,in,Summer,NA,Ligue 1,2000,2000/2001
FC Girondins Bordeaux,Jérémy Stinat,21,Right-Back,Thouars Foot 79,?,in,Summer,NA,Ligue 1,2000,2000/2001
FC Girondins Bordeaux,Benjamin Oliveras,19,Left-Back,G. Bordeaux B,-,in,Summer,0,Ligue 1,2000,2000/2001
FC Girondins Bordeaux,Nicolas Sahnoun,19,Defensive Midfield,G. Bordeaux B,-,in,Summer,0,Ligue 1,2000,2000/2001
FC Girondins Bordeaux,Hervé Bugnet,18,Right Winger,G. Bordeaux B,-,in,Summer,0,Ligue 1,2000,2000/2001
FC Girondins Bordeaux,Nicolas Sahnoun,20,Defensive Midfield,Fulham,"End of loanMay 1, 2001",in,Summer,0,Ligue 1,2000,2000/2001
FC Girondins Bordeaux,Sylvain Wiltord,26,Second Striker,Arsenal,£15.75m,out,Summer,15.75,Ligue 1,2000,2000/2001
FC Girondins Bordeaux,Johan Micoud,26,Attacking Midfield,AC Parma,£6.84m,out,Summer,6.84,Ligue 1,2000,2000/2001
FC Girondins Bordeaux,Ivan Vukomanovic,23,Defensive Midfield,1. FC Köln,Free transfer,out,Summer,0,Ligue 1,2000,2000/2001
FC Girondins Bordeaux,Michel Pavon,31,Central Midfield,Real Betis,Free transfer,out,Summer,0,Ligue 1,2000,2000/2001
FC Girondins Bordeaux,Teddy Richert,25,Goalkeeper,LOSC Lille,Loan,out,Summer,0,Ligue 1,2000,2000/2001
FC Girondins Bordeaux,Jean-Christophe Rouviere,25,Defensive Midfield,Toulouse,?,out,Summer,NA,Ligue 1,2000,2000/2001
FC Girondins Bordeaux,Stéphane Ziani,28,Attacking Midfield,FC Nantes,?,out,Summer,NA,Ligue 1,2000,2000/2001
FC Girondins Bordeaux,Steeve Epesse-Titi,20,Defender,Unknown,?,out,Summer,NA,Ligue 1,2000,2000/2001
FC Girondins Bordeaux,Marc Zanotti,24,Left Midfield,SM Caen,?,out,Summer,NA,Ligue 1,2000,2000/2001
FC Girondins Bordeaux,Corentin Martins,30,Attacking Midfield,R. Strasbourg,"End of loanJul 1, 2000",out,Summer,0,Ligue 1,2000,2000/2001
FC Girondins Bordeaux,Christophe Sanchez,27,Centre-Forward,Bologna,"End of loanJun 30, 2000",out,Summer,0,Ligue 1,2000,2000/2001
FC Girondins Bordeaux,Giuseppe Colucci,19,Central Midfield,AS Roma,"End of loanJun 30, 2000",out,Summer,0,Ligue 1,2000,2000/2001
LOSC Lille,Mikkel Beck,27,Centre-Forward,Derby,£315Th.,in,Summer,0.315,Ligue 1,2000,2000/2001
LOSC Lille,Stéphane Pichot,23,Right-Back,Stade Lavallois,Free transfer,in,Summer,0,Ligue 1,2000,2000/2001
LOSC Lille,Edvin Murati,24,Left Midfield,Paris SG,Free transfer,in,Summer,0,Ligue 1,2000,2000/2001
LOSC Lille,Mile Sterjovski,21,Left Midfield,Parra. Power,Free transfer,in,Summer,0,Ligue 1,2000,2000/2001
LOSC Lille,Teddy Richert,25,Goalkeeper,G. Bordeaux,Loan,in,Summer,0,Ligue 1,2000,2000/2001
LOSC Lille,Michael Klukowski,19,Left-Back,Tourcoing FC,?,in,Summer,NA,Ligue 1,2000,2000/2001
LOSC Lille,Sylvain N'Diaye,24,Defensive Midfield,KAA Gent,?,in,Summer,NA,Ligue 1,2000,2000/2001
LOSC Lille,Christophe Pignol,30,Left-Back,Monaco,?,in,Summer,NA,Ligue 1,2000,2000/2001
LOSC Lille,Bob Cousin,18,Central Midfield,LOSC Lille B,-,in,Summer,0,Ligue 1,2000,2000/2001
LOSC Lille,David Coulibaly,22,Defensive Midfield,LB Châteauroux,"End of loanJun 30, 2000",in,Summer,0,Ligue 1,2000,2000/2001
LOSC Lille,Carl Tourenne,28,Defensive Midfield,Troyes,Free transfer,out,Summer,0,Ligue 1,2000,2000/2001
LOSC Lille,Stéphane Coqu,18,Goalkeeper,Lecce,Free transfer,out,Summer,0,Ligue 1,2000,2000/2001
LOSC Lille,Stéphane Noro,20,Attacking Midfield,Stade Reims,Free transfer,out,Summer,0,Ligue 1,2000,2000/2001
LOSC Lille,David Coulibaly,22,Defensive Midfield,LB Châteauroux,Free transfer,out,Summer,0,Ligue 1,2000,2000/2001
LOSC Lille,Frédéric Viseux,29,Right-Back,SM Caen,?,out,Summer,NA,Ligue 1,2000,2000/2001
LOSC Lille,Riad Hammadou,23,Defender,Beauvais,Loan,out,Summer,0,Ligue 1,2000,2000/2001
CS Sedan-Ardennes,Pascal Gourville,25,Centre-Back,Le Mans UC 72,Free transfer,in,Summer,0,Ligue 1,2000,2000/2001
CS Sedan-Ardennes,Salif Diao,23,Defensive Midfield,Monaco,Free transfer,in,Summer,0,Ligue 1,2000,2000/2001
CS Sedan-Ardennes,Moussa N'Diaye,21,Right Winger,Monaco,Free transfer,in,Summer,0,Ligue 1,2000,2000/2001
CS Sedan-Ardennes,Modeste M'Bami,17,Defensive Midfield,Dynamo Douala,?,in,Summer,NA,Ligue 1,2000,2000/2001
CS Sedan-Ardennes,Philippe Celdran,26,Left Midfield,ASOA Valence,?,in,Summer,NA,Ligue 1,2000,2000/2001
CS Sedan-Ardennes,Jérôme Frétard,24,Midfielder,Amiens SC,?,in,Summer,NA,Ligue 1,2000,2000/2001
CS Sedan-Ardennes,Toni Brogno,27,Second Striker,KVC Westerlo,?,in,Summer,NA,Ligue 1,2000,2000/2001
CS Sedan-Ardennes,Pierre Deblock,27,Right Midfield,AJ Auxerre,£2.52m,out,Summer,2.52,Ligue 1,2000,2000/2001
CS Sedan-Ardennes,Geir Frigard,29,Centre-Forward,LASK,Free transfer,out,Summer,0,Ligue 1,2000,2000/2001
CS Sedan-Ardennes,Freddy Bourgeois,23,Defensive Midfield,Cannes,Loan,out,Summer,0,Ligue 1,2000,2000/2001
CS Sedan-Ardennes,Laurent Huard,26,Defensive Midfield,Saint-Étienne,?,out,Summer,NA,Ligue 1,2000,2000/2001
CS Sedan-Ardennes,Billel Dziri,28,Right Midfield,USM Alger,?,out,Summer,NA,Ligue 1,2000,2000/2001
CS Sedan-Ardennes,Alex Di Rocco,29,Centre-Forward,Saint-Étienne,?,out,Summer,NA,Ligue 1,2000,2000/2001
CS Sedan-Ardennes,Jean-Philippe Faure,33,Midfielder,Retired,-,out,Summer,0,Ligue 1,2000,2000/2001
CS Sedan-Ardennes,Oumar Dieng,27,Centre-Back,AJ Auxerre,"End of loanJun 30, 2000",out,Summer,0,Ligue 1,2000,2000/2001
Olympique Lyon,Edmílson,23,Defensive Midfield,São Paulo,£9.90m,in,Summer,9.9,Ligue 1,2000,2000/2001
Olympique Lyon,Marc-Vivien Foé,25,Central Midfield,West Ham,£8.10m,in,Summer,8.1,Ligue 1,2000,2000/2001
Olympique Lyon,Patrick Müller,23,Centre-Back,Juventus,£7.20m,in,Summer,7.2,Ligue 1,2000,2000/2001
Olympique Lyon,Steve Marlet,26,Centre-Forward,AJ Auxerre,Free transfer,in,Summer,0,Ligue 1,2000,2000/2001
Olympique Lyon,Eric Deflandre,26,Right-Back,Club Brugge,Free transfer,in,Summer,0,Ligue 1,2000,2000/2001
Olympique Lyon,Juninho Pernambucano,25,Attacking Midfield,Vasco da Gama,Free transfer,in,Summer,0,Ligue 1,2000,2000/2001
Olympique Lyon,Jean-Marc Chanelet,31,Right-Back,FC Nantes,?,in,Summer,NA,Ligue 1,2000,2000/2001
Olympique Lyon,Nicolas Puydebois,19,Goalkeeper,Olymp. Lyon B,-,in,Summer,0,Ligue 1,2000,2000/2001
Olympique Lyon,Florent Balmont,20,Central Midfield,Olymp. Lyon B,-,in,Summer,0,Ligue 1,2000,2000/2001
Olympique Lyon,Guillaume Lacour,19,Right-Back,Olymp. Lyon B,-,in,Summer,0,Ligue 1,2000,2000/2001
Olympique Lyon,Nicolas Priet,17,Centre-Back,Olymp. Lyon U19,-,in,Summer,0,Ligue 1,2000,2000/2001
Olympique Lyon,Anthony Braizat,22,Right Midfield,Stade Lavallois,"End of loanJun 30, 2000",in,Summer,0,Ligue 1,2000,2000/2001
Olympique Lyon,Frédéric Fouret,25,Centre-Forward,Nîmes Olympique,"End of loanJun 30, 2000",in,Summer,0,Ligue 1,2000,2000/2001
Olympique Lyon,David Hellebuyck,21,Central Midfield,Guingamp,"End of loanJun 30, 2000",in,Summer,0,Ligue 1,2000,2000/2001
Olympique Lyon,Jean-Christophe Devaux,25,Centre-Back,Servette FC,"End of loanJun 30, 2000",in,Summer,0,Ligue 1,2000,2000/2001
Olympique Lyon,Frédéric Kanouté,22,Centre-Forward,West Ham,"End of loanJun 1, 2000",in,Summer,0,Ligue 1,2000,2000/2001
Olympique Lyon,Frédéric Kanouté,22,Centre-Forward,West Ham,£5.06m,out,Summer,5.06,Ligue 1,2000,2000/2001
Olympique Lyon,Olivier Bernard,20,Left-Back,Newcastle,Free transfer,out,Summer,0,Ligue 1,2000,2000/2001
Olympique Lyon,Frédéric Fouret,25,Centre-Forward,AS Nancy,Loan,out,Summer,0,Ligue 1,2000,2000/2001
Olympique Lyon,Roland Vieira,20,Centre-Forward,SCO Angers,Loan,out,Summer,0,Ligue 1,2000,2000/2001
Olympique Lyon,M'Saddek Senoussi,22,Midfielder,US Créteil,Free transfer,out,Summer,0,Ligue 1,2000,2000/2001
Olympique Lyon,Cédric Uras,22,Centre-Back,Toulouse,Free transfer,out,Summer,0,Ligue 1,2000,2000/2001
Olympique Lyon,Patrice Carteron,29,Centre-Back,Saint-Étienne,?,out,Summer,NA,Ligue 1,2000,2000/2001
Olympique Lyon,Sébastien Grimaldi,20,Centre-Back,Cannes,?,out,Summer,NA,Ligue 1,2000,2000/2001
Olympique Lyon,Jean-Christophe Devaux,25,Centre-Back,R. Strasbourg,?,out,Summer,NA,Ligue 1,2000,2000/2001
Olympique Lyon,Hubert Fournier,32,Centre-Back,Guingamp,?,out,Summer,NA,Ligue 1,2000,2000/2001
Olympique Lyon,David Hellebuyck,21,Central Midfield,Lausanne-Sport,?,out,Summer,NA,Ligue 1,2000,2000/2001
FC Nantes,Viorel Moldovan,27,Centre-Forward,Fenerbahce,£4.50m,in,Summer,4.5,Ligue 1,2000,2000/2001
FC Nantes,Sylvain Armand,19,Left-Back,Clermont Foot,Free transfer,in,Summer,0,Ligue 1,2000,2000/2001
FC Nantes,Mário Silva,23,Left-Back,Boavista,?,in,Summer,NA,Ligue 1,2000,2000/2001
FC Nantes,Stéphane Ziani,28,Attacking Midfield,G. Bordeaux,?,in,Summer,NA,Ligue 1,2000,2000/2001
FC Nantes,Nicolas Laspalles,28,Right-Back,Paris SG,?,in,Summer,NA,Ligue 1,2000,2000/2001
FC Nantes,Yannick Quesnel,26,Goalkeeper,Cannes,?,in,Summer,NA,Ligue 1,2000,2000/2001
FC Nantes,Wilfried Dalmat,18,Right Winger,FC Nantes B,-,in,Summer,0,Ligue 1,2000,2000/2001
FC Nantes,Antoine Sibierski,25,Attacking Midfield,Lens,£3.24m,out,Summer,3.24,Ligue 1,2000,2000/2001
FC Nantes,Patrick Suffo,22,Centre-Forward,Sheffield Utd.,£189Th.,out,Summer,0.189,Ligue 1,2000,2000/2001
FC Nantes,Stéphane Lièvre,27,Left-Back,Toulouse,Free transfer,out,Summer,0,Ligue 1,2000,2000/2001
FC Nantes,Jean-Claude Lanoizelet,19,Midfielder,Paris SG,Free transfer,out,Summer,0,Ligue 1,2000,2000/2001
FC Nantes,Sébastien Piocelle,21,Defensive Midfield,SC Bastia,Loan,out,Summer,0,Ligue 1,2000,2000/2001
FC Nantes,Alain Caveglia,32,Second Striker,AC Le Havre,?,out,Summer,NA,Ligue 1,2000,2000/2001
FC Nantes,Diego Bustos,25,Centre-Forward,Unknown,?,out,Summer,NA,Ligue 1,2000,2000/2001
FC Nantes,Jean-Marc Chanelet,31,Right-Back,Olympique Lyon,?,out,Summer,NA,Ligue 1,2000,2000/2001
FC Nantes,André Emanuel Ottou,20,Defender,KAA Gent,?,out,Summer,NA,Ligue 1,2000,2000/2001
EA Guingamp,Florent Malouda,20,Left Winger,LB Châteauroux,Free transfer,in,Summer,0,Ligue 1,2000,2000/2001
EA Guingamp,Romain Ferrier,24,Left-Back,Montpellier,Free transfer,in,Summer,0,Ligue 1,2000,2000/2001
EA Guingamp,Steeve Joseph-Reinette,16,Right-Back,INF Clairefontaine,Free transfer,in,Summer,0,Ligue 1,2000,2000/2001
EA Guingamp,Fabrice Pancrate,20,Right Winger,Louh.-Cuiseaux,Free transfer,in,Summer,0,Ligue 1,2000,2000/2001
EA Guingamp,Bruno Rodriguez,27,Centre-Forward,Lens,Loan,in,Summer,0,Ligue 1,2000,2000/2001
EA Guingamp,Hubert Fournier,32,Centre-Back,Olympique Lyon,?,in,Summer,NA,Ligue 1,2000,2000/2001
EA Guingamp,Morten Nielsen,29,Right-Back,R. Strasbourg,?,in,Summer,NA,Ligue 1,2000,2000/2001
EA Guingamp,Stéphane Carnot,28,Attacking Midfield,AJ Auxerre,?,in,Summer,NA,Ligue 1,2000,2000/2001
EA Guingamp,Ghislain Anselmini,30,Left-Back,US Créteil,?,out,Summer,NA,Ligue 1,2000,2000/2001
EA Guingamp,David Garcion,26,Attacking Midfield,SM Caen,?,out,Summer,NA,Ligue 1,2000,2000/2001
EA Guingamp,Rudy Perron,22,Defender,AS Red Star 93,?,out,Summer,NA,Ligue 1,2000,2000/2001
EA Guingamp,Nicolas Baudoin,29,Left-Back,AC Ajaccio,?,out,Summer,NA,Ligue 1,2000,2000/2001
EA Guingamp,Ali Bouafia,35,Left Winger,Retired,-,out,Summer,0,Ligue 1,2000,2000/2001
EA Guingamp,Sylvain Prat,26,Attacking Midfield,EA Guingamp B,-,out,Summer,0,Ligue 1,2000,2000/2001
EA Guingamp,David Hellebuyck,21,Central Midfield,Olympique Lyon,"End of loanJun 30, 2000",out,Summer,0,Ligue 1,2000,2000/2001
RC Lens,Esteban Fuertes,27,Centre-Forward,Derby,£5.40m,in,Summer,5.4,Ligue 1,2000,2000/2001
RC Lens,Antoine Sibierski,25,Attacking Midfield,FC Nantes,£3.24m,in,Summer,3.24,Ligue 1,2000,2000/2001
RC Lens,Radek Bejbl,27,Defensive Midfield,Atlético Madrid,£1.62m,in,Summer,1.62,Ligue 1,2000,2000/2001
RC Lens,Nenad Grozdic,26,Central Midfield,Vitesse,Free transfer,in,Summer,0,Ligue 1,2000,2000/2001
RC Lens,El-Hadji Diouf,19,Centre-Forward,Stade Rennais,Loan,in,Summer,0,Ligue 1,2000,2000/2001
RC Lens,Pablo Calandria,18,Centre-Forward,Marseille,Loan,in,Summer,0,Ligue 1,2000,2000/2001
RC Lens,Franck Dumas,32,Centre-Back,Marseille,?,in,Summer,NA,Ligue 1,2000,2000/2001
RC Lens,Yazid Kaïssi,19,Central Midfield,RC Lens B,-,in,Summer,0,Ligue 1,2000,2000/2001
RC Lens,Ludovic Delporte,21,Left Winger,Stade Lavallois,"End of loanJun 30, 2001",in,Summer,0,Ligue 1,2000,2000/2001
RC Lens,Franck Chaussidière,21,Central Midfield,ES Wasquehal,"End of loanJun 30, 2000",in,Summer,0,Ligue 1,2000,2000/2001
RC Lens,Mickaël Debève,29,Right Midfield,AC Le Havre,"End of loanJun 30, 2000",in,Summer,0,Ligue 1,2000,2000/2001
RC Lens,Aboubacar Sankharé,22,Left-Back,US Créteil,"End of loanJun 30, 2000",in,Summer,0,Ligue 1,2000,2000/2001
RC Lens,Olivier Dacourt,25,Defensive Midfield,Leeds,£9.45m,out,Summer,9.45,Ligue 1,2000,2000/2001
RC Lens,Alex Nyarko,26,Centre-Back,Everton,£5.67m,out,Summer,5.67,Ligue 1,2000,2000/2001
RC Lens,Joseph-Désiré Job,22,Centre-Forward,Middlesbrough,£4.05m,out,Summer,4.05,Ligue 1,2000,2000/2001
RC Lens,Pascal Nouma,28,Centre-Forward,Besiktas,£3.60m,out,Summer,3.6,Ligue 1,2000,2000/2001
RC Lens,Aboubacar Sankharé,22,Left-Back,US Créteil,Free transfer,out,Summer,0,Ligue 1,2000,2000/2001
RC Lens,Ludovic Delporte,20,Left Winger,Stade Lavallois,Loan,out,Summer,0,Ligue 1,2000,2000/2001
RC Lens,Xavier Méride,25,Centre-Back,US Créteil,Loan,out,Summer,0,Ligue 1,2000,2000/2001
RC Lens,Bruno Rodriguez,27,Centre-Forward,Guingamp,Loan,out,Summer,0,Ligue 1,2000,2000/2001
RC Lens,Valérien Ismaël,24,Centre-Back,R. Strasbourg,Loan,out,Summer,0,Ligue 1,2000,2000/2001
RC Lens,Yoann Lachor,24,Centre-Back,Servette FC,Loan,out,Summer,0,Ligue 1,2000,2000/2001
RC Lens,Cédric Berthelin,23,Goalkeeper,ASOA Valence,?,out,Summer,NA,Ligue 1,2000,2000/2001
RC Lens,Francois Rigaux,20,Midfielder,Eendracht Aalst,?,out,Summer,NA,Ligue 1,2000,2000/2001
RC Lens,Olivier Bogaczyk,23,Midfielder,SM Caen,?,out,Summer,NA,Ligue 1,2000,2000/2001
RC Lens,Junaid Hartley,22,Midfielder,Orlando Pirates,?,out,Summer,NA,Ligue 1,2000,2000/2001
RC Lens,Stéphane Collet,28,Right Midfield,Real Sociedad,?,out,Summer,NA,Ligue 1,2000,2000/2001
RC Strasbourg Alsace,Danijel Ljuboja,21,Centre-Forward,FC Sochaux,£2.43m,in,Summer,2.43,Ligue 1,2000,2000/2001
RC Strasbourg Alsace,Nuno Mendes,22,Centre-Back,Chaves,Free transfer,in,Summer,0,Ligue 1,2000,2000/2001
RC Strasbourg Alsace,Vincent Doukantie,23,Defensive Midfield,AS Red Star 93,Free transfer,in,Summer,0,Ligue 1,2000,2000/2001
RC Strasbourg Alsace,Jacques Remy,28,Centre-Forward,FC Martigues,Free transfer,in,Summer,0,Ligue 1,2000,2000/2001
RC Strasbourg Alsace,Valérien Ismaël,24,Centre-Back,Lens,Loan,in,Summer,0,Ligue 1,2000,2000/2001
RC Strasbourg Alsace,Jean-Christophe Devaux,25,Centre-Back,Olympique Lyon,?,in,Summer,NA,Ligue 1,2000,2000/2001
RC Strasbourg Alsace,Yannick Fischer,25,Centre-Back,Marseille,?,in,Summer,NA,Ligue 1,2000,2000/2001
RC Strasbourg Alsace,Alexis Ngambi,18,Centre-Back,Strasbourg U19,-,in,Summer,0,Ligue 1,2000,2000/2001
RC Strasbourg Alsace,Corentin Martins,30,Attacking Midfield,G. Bordeaux,"End of loanJul 1, 2000",in,Summer,0,Ligue 1,2000,2000/2001
RC Strasbourg Alsace,Denni Conteh,24,Centre-Forward,Viborg FF,"End of loanJun 30, 2000",in,Summer,0,Ligue 1,2000,2000/2001
RC Strasbourg Alsace,Pape Malick Diop,25,Centre-Back,Norwich,"End of loanJun 30, 2000",in,Summer,0,Ligue 1,2000,2000/2001
RC Strasbourg Alsace,Olivier Echouafni,27,Defensive Midfield,Stade Rennais,£1.08m,out,Summer,1.08,Ligue 1,2000,2000/2001
RC Strasbourg Alsace,Régis Dorn,20,Centre-Forward,SC Freiburg,Free transfer,out,Summer,0,Ligue 1,2000,2000/2001
RC Strasbourg Alsace,Denni Conteh,24,Centre-Forward,Herfölge BK,Free transfer,out,Summer,0,Ligue 1,2000,2000/2001
RC Strasbourg Alsace,Mickaël Marsiglia,24,Central Midfield,Marseille,?,out,Summer,NA,Ligue 1,2000,2000/2001
RC Strasbourg Alsace,Alexander Vencel,33,Goalkeeper,AC Le Havre,?,out,Summer,NA,Ligue 1,2000,2000/2001
RC Strasbourg Alsace,Lionel Rouxel,29,Centre-Forward,Stade Lavallois,?,out,Summer,NA,Ligue 1,2000,2000/2001
RC Strasbourg Alsace,Diego Garay,25,Attacking Midfield,CA Talleres,?,out,Summer,NA,Ligue 1,2000,2000/2001
RC Strasbourg Alsace,Morten Nielsen,29,Right-Back,Guingamp,?,out,Summer,NA,Ligue 1,2000,2000/2001
RC Strasbourg Alsace,Brian Waltrip,22,Right Midfield,Tampere United,?,out,Summer,NA,Ligue 1,2000,2000/2001
RC Strasbourg Alsace,David Zitelli,31,Centre-Forward,Hibernian FC,?,out,Summer,NA,Ligue 1,2000,2000/2001
AS Saint-Étienne,Aleksandr Panov,24,Centre-Forward,Zenit S-Pb,£4.23m,in,Summer,4.23,Ligue 1,2000,2000/2001
AS Saint-Étienne,Maksym Levitsky,27,Goalkeeper,Chernomorets N.,£765Th.,in,Summer,0.765,Ligue 1,2000,2000/2001
AS Saint-Étienne,Karim Fellahi,26,Right Midfield,AS Red Star 93,Free transfer,in,Summer,0,Ligue 1,2000,2000/2001
AS Saint-Étienne,Allan Olesen,26,Right-Back,Akademisk BK,?,in,Summer,NA,Ligue 1,2000,2000/2001
AS Saint-Étienne,Patrice Carteron,29,Centre-Back,Olympique Lyon,?,in,Summer,NA,Ligue 1,2000,2000/2001
AS Saint-Étienne,Christophe Sanchez,27,Centre-Forward,Bologna,?,in,Summer,NA,Ligue 1,2000,2000/2001
AS Saint-Étienne,Laurent Huard,26,Defensive Midfield,CS Sedan,?,in,Summer,NA,Ligue 1,2000,2000/2001
AS Saint-Étienne,Fousseni Diawara,19,Right-Back,AS Red Star 93,?,in,Summer,NA,Ligue 1,2000,2000/2001
AS Saint-Étienne,Alex Di Rocco,29,Centre-Forward,CS Sedan,?,in,Summer,NA,Ligue 1,2000,2000/2001
AS Saint-Étienne,Patrice Carteron,30,Centre-Back,Sunderland,"End of loanMay 31, 2001",in,Summer,0,Ligue 1,2000,2000/2001
AS Saint-Étienne,Florent Perraud,18,Goalkeeper,Saint-Étienne B,-,in,Summer,0,Ligue 1,2000,2000/2001
AS Saint-Étienne,Vincent Péricard,17,Centre-Forward,Juventus,£180Th.,out,Summer,0.18,Ligue 1,2000,2000/2001
AS Saint-Étienne,Bruno Carotti,27,Centre-Back,Toulouse,Free transfer,out,Summer,0,Ligue 1,2000,2000/2001
AS Saint-Étienne,Bertrand Fayolle,24,Centre-Forward,FC Sion,Free transfer,out,Summer,0,Ligue 1,2000,2000/2001
AS Saint-Étienne,Patrick Revelles,31,Centre-Forward,AC Le Havre,Free transfer,out,Summer,0,Ligue 1,2000,2000/2001
AS Saint-Étienne,Patrick Guillou,30,Left-Back,Hibernian FC,?,out,Summer,NA,Ligue 1,2000,2000/2001
AS Saint-Étienne,Nestor Subiat,34,Centre-Forward,Etoile Carouge,?,out,Summer,NA,Ligue 1,2000,2000/2001
AS Saint-Étienne,Kader Ferhaoui,35,Left Midfield,AS Red Star 93,?,out,Summer,NA,Ligue 1,2000,2000/2001
AS Saint-Étienne,Francis Llacer,28,Left-Back,Montpellier,?,out,Summer,NA,Ligue 1,2000,2000/2001
AS Saint-Étienne,Philippe Montanier,35,Goalkeeper,Retired,-,out,Summer,0,Ligue 1,2000,2000/2001
AS Saint-Étienne,David Grondin,20,Left-Back,Arsenal,"End of loanJun 30, 2000",out,Summer,0,Ligue 1,2000,2000/2001
SC Bastia,Demetrius Ferreira,26,Right-Back,AS Nancy,£1.35m,in,Summer,1.35,Ligue 1,2000,2000/2001
SC Bastia,Sébastien Piocelle,21,Defensive Midfield,FC Nantes,Loan,in,Summer,0,Ligue 1,2000,2000/2001
SC Bastia,David Faderne,29,Centre-Forward,AC Ajaccio,?,in,Summer,NA,Ligue 1,2000,2000/2001
SC Bastia,Michael Essien,17,Defensive Midfield,Liberty Prof.,?,in,Summer,NA,Ligue 1,2000,2000/2001
SC Bastia,Cyril Domoraud,29,Centre-Back,Inter,Loan,in,Summer,0,Ligue 1,2000,2000/2001
SC Bastia,Franck Jurietti,25,Left-Back,Monaco,Free transfer,out,Summer,0,Ligue 1,2000,2000/2001
SC Bastia,David Ducourtioux,22,Right-Back,Stade Reims,Free transfer,out,Summer,0,Ligue 1,2000,2000/2001
SC Bastia,Nassim Mendil,21,Centre-Forward,Avellino,?,out,Summer,NA,Ligue 1,2000,2000/2001
SC Bastia,Milos Dobrijevic,20,Right-Back,FK Zemun,?,out,Summer,NA,Ligue 1,2000,2000/2001
SC Bastia,David Mazzoncini,28,Midfielder,Without Club,-,out,Summer,0,Ligue 1,2000,2000/2001
SC Bastia,Zoumana Camara,21,Centre-Back,Inter,"End of loanJun 30, 2000",out,Summer,0,Ligue 1,2000,2000/2001
Paris Saint-Germain,Nicolas Anelka,21,Centre-Forward,Real Madrid,£31.05m,in,Summer,31.05,Ligue 1,2000,2000/2001
Paris Saint-Germain,Stéphane Dalmat,21,Central Midfield,Marseille,£9.68m,in,Summer,9.68,Ligue 1,2000,2000/2001
Paris Saint-Germain,Frédéric Déhu,27,Centre-Back,FC Barcelona,£5.40m,in,Summer,5.4,Ligue 1,2000,2000/2001
Paris Saint-Germain,Bernard Mendy,18,Right-Back,SM Caen,£2.43m,in,Summer,2.43,Ligue 1,2000,2000/2001
Paris Saint-Germain,Lionel Létizi,27,Goalkeeper,FC Metz,Free transfer,in,Summer,0,Ligue 1,2000,2000/2001
Paris Saint-Germain,Jean-Claude Lanoizelet,19,Midfielder,FC Nantes,Free transfer,in,Summer,0,Ligue 1,2000,2000/2001
Paris Saint-Germain,Sylvain Distin,22,Centre-Back,FC Gueugnon,Free transfer,in,Summer,0,Ligue 1,2000,2000/2001
Paris Saint-Germain,Peter Luccin,21,Defensive Midfield,Marseille,?,in,Summer,NA,Ligue 1,2000,2000/2001
Paris Saint-Germain,Enrique de Lucas,22,Attacking Midfield,Espanyol,Loan,in,Summer,0,Ligue 1,2000,2000/2001
Paris Saint-Germain,Kaba Diawara,25,Centre-Forward,West Ham,"End of loanMay 1, 2001",in,Summer,0,Ligue 1,2000,2000/2001
Paris Saint-Germain,Bernard Lama,37,Goalkeeper,Stade Rennais,Free transfer,out,Summer,0,Ligue 1,2000,2000/2001
Paris Saint-Germain,Edvin Murati,24,Left Midfield,LOSC Lille,Free transfer,out,Summer,0,Ligue 1,2000,2000/2001
Paris Saint-Germain,Laurent Quiévreux,21,Goalkeeper,FC Istres,Free transfer,out,Summer,0,Ligue 1,2000,2000/2001
Paris Saint-Germain,Kaba Diawara,25,Centre-Forward,West Ham,Loan,out,Summer,0,Ligue 1,2000,2000/2001
Paris Saint-Germain,Nicolas Laspalles,28,Right-Back,FC Nantes,?,out,Summer,NA,Ligue 1,2000,2000/2001
Paris Saint-Germain,César,24,Centre-Back,Stade Rennais,?,out,Summer,NA,Ligue 1,2000,2000/2001
Paris Saint-Germain,Patrice Grillon,20,Defender,LB Châteauroux,?,out,Summer,NA,Ligue 1,2000,2000/2001
FC Toulouse,Bruno Carotti,27,Centre-Back,Saint-Étienne,Free transfer,in,Summer,0,Ligue 1,2000,2000/2001
FC Toulouse,Cédric Uras,22,Centre-Back,Olympique Lyon,Free transfer,in,Summer,0,Ligue 1,2000,2000/2001
FC Toulouse,Stéphane Lièvre,27,Left-Back,FC Nantes,Free transfer,in,Summer,0,Ligue 1,2000,2000/2001
FC Toulouse,Christophe Revault,28,Goalkeeper,Stade Rennais,?,in,Summer,NA,Ligue 1,2000,2000/2001
FC Toulouse,Jean-Christophe Rouviere,25,Defensive Midfield,G. Bordeaux,?,in,Summer,NA,Ligue 1,2000,2000/2001
FC Toulouse,Víctor Bonilla,29,Centre-Forward,UD Salamanca,?,in,Summer,NA,Ligue 1,2000,2000/2001
FC Toulouse,José Javier Barkero,21,Attacking Midfield,Real Sociedad,Loan,in,Summer,0,Ligue 1,2000,2000/2001
FC Toulouse,Darío Cabrol,28,Right Winger,CA Unión,?,in,Summer,NA,Ligue 1,2000,2000/2001
FC Toulouse,Raúl Cascini,29,Defensive Midfield,Independiente,?,in,Summer,NA,Ligue 1,2000,2000/2001
FC Toulouse,Nicolas Seube,20,Defensive Midfield,Toulouse B,-,in,Summer,0,Ligue 1,2000,2000/2001
FC Toulouse,Mathieu Puig,22,Centre-Back,Toulouse B,-,in,Summer,0,Ligue 1,2000,2000/2001
FC Toulouse,Patrice Maurel,21,Defensive Midfield,Ipswich,"End of loanJun 30, 2000",in,Summer,0,Ligue 1,2000,2000/2001
FC Toulouse,Mehdi Nafti,21,Defensive Midfield,Racing,£675Th.,out,Summer,0.675,Ligue 1,2000,2000/2001
FC Toulouse,Iain Anderson,22,Right Winger,Preston NE,£675Th.,out,Summer,0.675,Ligue 1,2000,2000/2001
FC Toulouse,Yannick Rott,25,Left-Back,US Créteil,Free transfer,out,Summer,0,Ligue 1,2000,2000/2001
FC Toulouse,Bruno Da Rocha,22,Midfielder,G. Bordeaux B,Free transfer,out,Summer,0,Ligue 1,2000,2000/2001
FC Toulouse,Christophe Avezac,23,Left-Back,Pau FC,Free transfer,out,Summer,0,Ligue 1,2000,2000/2001
FC Toulouse,Mamadou Seck,20,Centre-Back,Nîmes Olympique,Free transfer,out,Summer,0,Ligue 1,2000,2000/2001
FC Toulouse,Ahmed Maharzi,30,Right Winger,Unknown,?,out,Summer,NA,Ligue 1,2000,2000/2001
FC Toulouse,José Manuel Galdames,29,Centre-Back,SD Eibar,?,out,Summer,NA,Ligue 1,2000,2000/2001
FC Toulouse,Thorsten Walther,27,Goalkeeper,Retired,-,out,Summer,0,Ligue 1,2000,2000/2001
FC Toulouse,Alain Gouaméné,34,Goalkeeper,Retired,-,out,Summer,0,Ligue 1,2000,2000/2001
FC Toulouse,Ronnie Ekelund,27,Left Midfield,Without Club,-,out,Summer,0,Ligue 1,2000,2000/2001
FC Toulouse,Sylvain N'Diaye,24,Defensive Midfield,KAA Gent,"End of loanJun 30, 2000",out,Summer,0,Ligue 1,2000,2000/2001
FC Metz,David Klein,26,Goalkeeper,AC Ajaccio,Free transfer,in,Summer,0,Ligue 1,2000,2000/2001
FC Metz,Tressor Moreno,21,Centre-Forward,Atl. Nacional,?,in,Summer,NA,Ligue 1,2000,2000/2001
FC Metz,Eric Hassli,19,Centre-Forward,Sarreguemines,?,in,Summer,NA,Ligue 1,2000,2000/2001
FC Metz,Faryd Mondragón,29,Goalkeeper,Independiente,?,in,Summer,NA,Ligue 1,2000,2000/2001
FC Metz,David Régis,31,Centre-Back,Cagliari Calcio,?,in,Summer,NA,Ligue 1,2000,2000/2001
FC Metz,Daniel Gomez,21,Centre-Forward,Unknown,?,in,Summer,NA,Ligue 1,2000,2000/2001
FC Metz,Patricio D'Amico,25,Midfielder,Belgrano,?,in,Summer,NA,Ligue 1,2000,2000/2001
FC Metz,Mario Espartero,22,Defensive Midfield,Louh.-Cuiseaux,?,in,Summer,NA,Ligue 1,2000,2000/2001
FC Metz,Grégory Leca,19,Defensive Midfield,FC Metz B,-,in,Summer,0,Ligue 1,2000,2000/2001
FC Metz,Jonathan Jäger,22,Left Winger,Louh.-Cuiseaux,"End of loanJun 30, 2000",in,Summer,0,Ligue 1,2000,2000/2001
FC Metz,Djima Oyawolé,23,Centre-Forward,Louh.-Cuiseaux,"End of loanJun 1, 2000",in,Summer,0,Ligue 1,2000,2000/2001
FC Metz,Stéphane Boulila,25,Central Midfield,Le Mans UC 72,"End of loanJun 30, 2000",in,Summer,0,Ligue 1,2000,2000/2001
FC Metz,Louis Saha,21,Centre-Forward,Fulham,£2.84m,out,Summer,2.84,Ligue 1,2000,2000/2001
FC Metz,Julien François,20,Defensive Midfield,GFCO Ajaccio,Loan fee:£113Th.,out,Summer,0.113,Ligue 1,2000,2000/2001
FC Metz,Nenad Jestrovic,24,Centre-Forward,Exc. Mouscron,Free transfer,out,Summer,0,Ligue 1,2000,2000/2001
FC Metz,Lionel Létizi,27,Goalkeeper,Paris SG,Free transfer,out,Summer,0,Ligue 1,2000,2000/2001
FC Metz,Nicolas Goussé,24,Centre-Forward,Troyes,Free transfer,out,Summer,0,Ligue 1,2000,2000/2001
FC Metz,Daniel Bernard,23,Midfielder,Union Luxemburg,Free transfer,out,Summer,0,Ligue 1,2000,2000/2001
FC Metz,Didier Matuszyk,19,Defender,CSO Amneville,Free transfer,out,Summer,0,Ligue 1,2000,2000/2001
FC Metz,Stéphane Boulila,25,Central Midfield,Club Africain,Free transfer,out,Summer,0,Ligue 1,2000,2000/2001
FC Metz,André Biancarelli,30,Goalkeeper,Monaco,?,out,Summer,NA,Ligue 1,2000,2000/2001
FC Metz,Arnaud Ribas,21,Forward,Louh.-Cuiseaux,?,out,Summer,NA,Ligue 1,2000,2000/2001
FC Metz,Sergiy Skachenko,27,Centre-Forward,Xamax,Loan,out,Summer,0,Ligue 1,2000,2000/2001
FC Metz,Franck Rizzetto,29,Attacking Midfield,Nîmes Olympique,?,out,Summer,NA,Ligue 1,2000,2000/2001
FC Metz,Michele Padovano,33,Centre-Forward,Como,?,out,Summer,NA,Ligue 1,2000,2000/2001
FC Metz,Mbemba Sylla,18,Centre-Back,RFC Lüttich,?,out,Summer,NA,Ligue 1,2000,2000/2001
AJ Auxerre,Pierre Deblock,27,Right Midfield,CS Sedan,£2.52m,in,Summer,2.52,Ligue 1,2000,2000/2001
AJ Auxerre,Jean-Alain Boumsong,20,Centre-Back,AC Le Havre,Free transfer,in,Summer,0,Ligue 1,2000,2000/2001
AJ Auxerre,Moussa Saïb,31,Left Midfield,Al-Nasr,?,in,Summer,NA,Ligue 1,2000,2000/2001
AJ Auxerre,Marc Kalenga,15,Midfielder,AJ Auxerre U19,-,in,Summer,0,Ligue 1,2000,2000/2001
AJ Auxerre,Nicolas Marin,19,Right Midfield,AJ Auxerre B,-,in,Summer,0,Ligue 1,2000,2000/2001
AJ Auxerre,Oumar Dieng,27,Centre-Back,CS Sedan,"End of loanJun 30, 2000",in,Summer,0,Ligue 1,2000,2000/2001
AJ Auxerre,Benjamin Nivet,23,Attacking Midfield,LB Châteauroux,"End of loanJun 30, 2000",in,Summer,0,Ligue 1,2000,2000/2001
AJ Auxerre,Bernard Diomède,26,Left Winger,Liverpool,£4.05m,out,Summer,4.05,Ligue 1,2000,2000/2001
AJ Auxerre,Anthony Basso,20,Goalkeeper,Udinese,£450Th.,out,Summer,0.45,Ligue 1,2000,2000/2001
AJ Auxerre,Steve Marlet,26,Centre-Forward,Olympique Lyon,Free transfer,out,Summer,0,Ligue 1,2000,2000/2001
AJ Auxerre,Oumar Dieng,27,Centre-Back,C. Rizespor,Free transfer,out,Summer,0,Ligue 1,2000,2000/2001
AJ Auxerre,Arnaud Gonzalez,22,Centre-Forward,Beauvais,Loan,out,Summer,0,Ligue 1,2000,2000/2001
AJ Auxerre,Cédric Liabeuf,20,Attacking Midfield,SO Romorantin,Free transfer,out,Summer,0,Ligue 1,2000,2000/2001
AJ Auxerre,Jacques-Désiré Périatambée,24,Defensive Midfield,Grenoble,Free transfer,out,Summer,0,Ligue 1,2000,2000/2001
AJ Auxerre,Benjamin Nivet,23,Attacking Midfield,LB Châteauroux,Free transfer,out,Summer,0,Ligue 1,2000,2000/2001
AJ Auxerre,Lilian Compan,23,Centre-Forward,US Créteil,Free transfer,out,Summer,0,Ligue 1,2000,2000/2001
AJ Auxerre,Laurent Ciechelski,29,Right-Back,AC Le Havre,?,out,Summer,NA,Ligue 1,2000,2000/2001
AJ Auxerre,Albert Michael Yobo,21,Centre-Back,VfL Osnabrück,?,out,Summer,NA,Ligue 1,2000,2000/2001
AJ Auxerre,Stéphane Carnot,28,Attacking Midfield,Guingamp,?,out,Summer,NA,Ligue 1,2000,2000/2001
Stade Rennais FC,Lucas,21,Centre-Forward,Atlético-PR,£19.17m,in,Summer,19.17,Ligue 1,2000,2000/2001
Stade Rennais FC,Luís Fabiano,19,Centre-Forward,Ponte Preta,£6.30m,in,Summer,6.3,Ligue 1,2000,2000/2001
Stade Rennais FC,Philippe Delaye,25,Central Midfield,Montpellier,£5.85m,in,Summer,5.85,Ligue 1,2000,2000/2001
Stade Rennais FC,Olivier Echouafni,27,Defensive Midfield,R. Strasbourg,£1.08m,in,Summer,1.08,Ligue 1,2000,2000/2001
Stade Rennais FC,Bernard Lama,37,Goalkeeper,Paris SG,Free transfer,in,Summer,0,Ligue 1,2000,2000/2001
Stade Rennais FC,Cyril Chapuis,21,Centre-Forward,Chamois Niort,Free transfer,in,Summer,0,Ligue 1,2000,2000/2001
Stade Rennais FC,Jocelyn Gourvennec,28,Attacking Midfield,Montpellier,?,in,Summer,NA,Ligue 1,2000,2000/2001
Stade Rennais FC,Boubacar Copa,20,Goalkeeper,ASEC Mimosas,?,in,Summer,NA,Ligue 1,2000,2000/2001
Stade Rennais FC,César,24,Centre-Back,Paris SG,?,in,Summer,NA,Ligue 1,2000,2000/2001
Stade Rennais FC,Vânder,25,Midfielder,Ponte Preta,?,in,Summer,NA,Ligue 1,2000,2000/2001
Stade Rennais FC,Fabrice Fernandes,21,Left Winger,Rangers,"End of loanMay 1, 2001",in,Summer,0,Ligue 1,2000,2000/2001
Stade Rennais FC,Mickaël Citony,19,Right Winger,Rennes B,-,in,Summer,0,Ligue 1,2000,2000/2001
Stade Rennais FC,Sébastien Puygrenier,18,Centre-Back,Rennes B,-,in,Summer,0,Ligue 1,2000,2000/2001
Stade Rennais FC,Gaël Danic,18,Left Winger,Rennes B,-,in,Summer,0,Ligue 1,2000,2000/2001
Stade Rennais FC,Grégory Malicki,26,Goalkeeper,US Créteil,"End of loanJun 30, 2000",in,Summer,0,Ligue 1,2000,2000/2001
Stade Rennais FC,Shabani Nonda,23,Centre-Forward,Monaco,£18.00m,out,Summer,18,Ligue 1,2000,2000/2001
Stade Rennais FC,Fabrice Fernandes,21,Left Winger,Rangers,Loan,out,Summer,0,Ligue 1,2000,2000/2001
Stade Rennais FC,Christian Bassila,22,Centre-Back,West Ham,Free transfer,out,Summer,0,Ligue 1,2000,2000/2001
Stade Rennais FC,El-Hadji Diouf,19,Centre-Forward,Lens,Loan,out,Summer,0,Ligue 1,2000,2000/2001
Stade Rennais FC,Fabrice Fernandes,20,Left Winger,Fulham,Loan,out,Summer,0,Ligue 1,2000,2000/2001
Stade Rennais FC,Grégory Malicki,26,Goalkeeper,LB Châteauroux,Loan,out,Summer,0,Ligue 1,2000,2000/2001
Stade Rennais FC,Christophe Revault,28,Goalkeeper,Toulouse,?,out,Summer,NA,Ligue 1,2000,2000/2001
Stade Rennais FC,David Sommeil,25,Centre-Back,G. Bordeaux,?,out,Summer,NA,Ligue 1,2000,2000/2001
Stade Rennais FC,Jean-Luc Dogon,32,Centre-Back,US Créteil,?,out,Summer,NA,Ligue 1,2000,2000/2001
Stade Rennais FC,Benoît Le Bris,23,Forward,AC Le Havre,?,out,Summer,NA,Ligue 1,2000,2000/2001
Stade Rennais FC,Cyril Yapi,20,Centre-Forward,FA Laval,?,out,Summer,NA,Ligue 1,2000,2000/2001
Stade Rennais FC,Franck Gava,30,Left Midfield,Retired,-,out,Summer,0,Ligue 1,2000,2000/2001
Olympique Marseille,Bruno N'Gotty,29,Centre-Back,AC Venezia 1907,£855Th.,in,Summer,0.855,Ligue 1,2000,2000/2001
Olympique Marseille,Abdoulaye Méïté,19,Centre-Back,AS Red Star 93,£540Th.,in,Summer,0.54,Ligue 1,2000,2000/2001
Olympique Marseille,Dill,26,Right Winger,Goiás EC,£270Th.,in,Summer,0.27,Ligue 1,2000,2000/2001
Olympique Marseille,Marcelinho Paraíba,25,Attacking Midfield,São Paulo,Free transfer,in,Summer,0,Ligue 1,2000,2000/2001
Olympique Marseille,Manuel dos Santos,26,Left-Back,Montpellier,Free transfer,in,Summer,0,Ligue 1,2000,2000/2001
Olympique Marseille,Damien Grégorini,21,Goalkeeper,OGC Nice,Free transfer,in,Summer,0,Ligue 1,2000,2000/2001
Olympique Marseille,George Weah,34,Centre-Forward,Man City,Free transfer,in,Summer,0,Ligue 1,2000,2000/2001
Olympique Marseille,Mickaël Marsiglia,24,Central Midfield,R. Strasbourg,?,in,Summer,NA,Ligue 1,2000,2000/2001
Olympique Marseille,Zoumana Camara,21,Centre-Back,Inter,?,in,Summer,NA,Ligue 1,2000,2000/2001
Olympique Marseille,Cédric Mouret,22,Attacking Midfield,AS Nancy,?,in,Summer,NA,Ligue 1,2000,2000/2001
Olympique Marseille,Klas Ingesson,31,Defensive Midfield,Bologna,?,in,Summer,NA,Ligue 1,2000,2000/2001
Olympique Marseille,Jean-Christophe Marquet,26,Left-Back,OGC Nice,?,in,Summer,NA,Ligue 1,2000,2000/2001
Olympique Marseille,Benjamin Gavanon,19,Central Midfield,Marseille B,-,in,Summer,0,Ligue 1,2000,2000/2001
Olympique Marseille,Daniel Montenegro,21,Attacking Midfield,Independiente,"End of loanJun 30, 2000",in,Summer,0,Ligue 1,2000,2000/2001
Olympique Marseille,Stéphane Dalmat,21,Central Midfield,Paris SG,£9.68m,out,Summer,9.68,Ligue 1,2000,2000/2001
Olympique Marseille,Stéphane Porato,26,Goalkeeper,Monaco,£9.45m,out,Summer,9.45,Ligue 1,2000,2000/2001
Olympique Marseille,Robert Pirès,26,Left Midfield,Arsenal,£8.82m,out,Summer,8.82,Ligue 1,2000,2000/2001
Olympique Marseille,Richard Martini,21,Centre-Back,FC Martigues,Loan,out,Summer,0,Ligue 1,2000,2000/2001
Olympique Marseille,Seydou Keita,20,Central Midfield,FC Lorient,Free transfer,out,Summer,0,Ligue 1,2000,2000/2001
Olympique Marseille,Peter Luccin,21,Defensive Midfield,Paris SG,?,out,Summer,NA,Ligue 1,2000,2000/2001
Olympique Marseille,Loris Reina,20,Left-Back,AS Nancy,Loan,out,Summer,0,Ligue 1,2000,2000/2001
Olympique Marseille,Yannick Fischer,25,Centre-Back,R. Strasbourg,?,out,Summer,NA,Ligue 1,2000,2000/2001
Olympique Marseille,Pablo Calandria,18,Centre-Forward,Lens,Loan,out,Summer,0,Ligue 1,2000,2000/2001
Olympique Marseille,Arthur Moses,27,Centre-Forward,Nîmes Olympique,?,out,Summer,NA,Ligue 1,2000,2000/2001
Olympique Marseille,Jean-Pierre Cyprien,31,Centre-Back,FC Crotone,?,out,Summer,NA,Ligue 1,2000,2000/2001
Olympique Marseille,Franck Dumas,32,Centre-Back,Lens,?,out,Summer,NA,Ligue 1,2000,2000/2001
Olympique Marseille,Daniel Montenegro,21,Attacking Midfield,Real Zaragoza,Loan,out,Summer,0,Ligue 1,2000,2000/2001
Olympique Marseille,Laurent Spinosi,30,Goalkeeper,Without Club,-,out,Summer,0,Ligue 1,2000,2000/2001
Olympique Marseille,Iván De La Peña,24,Attacking Midfield,Lazio,"End of loanJun 30, 2000",out,Summer,0,Ligue 1,2000,2000/2001
AS Monaco,Shabani Nonda,23,Centre-Forward,Stade Rennais,£18.00m,in,Summer,18,Ligue 1,2000,2000/2001
AS Monaco,Stéphane Porato,26,Goalkeeper,Marseille,£9.45m,in,Summer,9.45,Ligue 1,2000,2000/2001
AS Monaco,Hassan El Fakiri,23,Left-Back,FK Lyn,£990Th.,in,Summer,0.99,Ligue 1,2000,2000/2001
AS Monaco,Éric Abidal,20,Left-Back,AS Lyon-Duchère,Free transfer,in,Summer,0,Ligue 1,2000,2000/2001
AS Monaco,Franck Jurietti,25,Left-Back,SC Bastia,Free transfer,in,Summer,0,Ligue 1,2000,2000/2001
AS Monaco,Xavier Gravelaine,31,Centre-Forward,AC Le Havre,?,in,Summer,NA,Ligue 1,2000,2000/2001
AS Monaco,Florin Raducioiu,30,Centre-Forward,Brescia,?,in,Summer,NA,Ligue 1,2000,2000/2001
AS Monaco,Nicolas Bonnal,23,Left Midfield,AC Ajaccio,?,in,Summer,NA,Ligue 1,2000,2000/2001
AS Monaco,Ousmane Dabo,23,Defensive Midfield,AC Parma,Loan,in,Summer,0,Ligue 1,2000,2000/2001
AS Monaco,André Biancarelli,30,Goalkeeper,FC Metz,?,in,Summer,NA,Ligue 1,2000,2000/2001
AS Monaco,Jaroslav Plasil,18,Central Midfield,Hradec Králové,?,in,Summer,NA,Ligue 1,2000,2000/2001
AS Monaco,Uliano Courville,21,Midfielder,AC Ajaccio,?,in,Summer,NA,Ligue 1,2000,2000/2001
AS Monaco,Grégory Lacombe,18,Right Winger,Monaco B,-,in,Summer,0,Ligue 1,2000,2000/2001
AS Monaco,David Trézéguet,22,Centre-Forward,Juventus,£20.92m,out,Summer,20.92,Ligue 1,2000,2000/2001
AS Monaco,Fabien Barthez,29,Goalkeeper,Man Utd,£10.53m,out,Summer,10.53,Ligue 1,2000,2000/2001
AS Monaco,Sabri Lamouchi,28,Central Midfield,AC Parma,£7.07m,out,Summer,7.07,Ligue 1,2000,2000/2001
AS Monaco,Willy Sagnol,23,Right-Back,Bayern Munich,£6.93m,out,Summer,6.93,Ligue 1,2000,2000/2001
AS Monaco,Tony Sylva,25,Goalkeeper,AC Ajaccio,Loan,out,Summer,0,Ligue 1,2000,2000/2001
AS Monaco,Fabien Lefèvre,28,Left Midfield,Montpellier,Free transfer,out,Summer,0,Ligue 1,2000,2000/2001
AS Monaco,Salif Diao,23,Defensive Midfield,CS Sedan,Free transfer,out,Summer,0,Ligue 1,2000,2000/2001
AS Monaco,Moussa N'Diaye,21,Right Winger,CS Sedan,Free transfer,out,Summer,0,Ligue 1,2000,2000/2001
AS Monaco,Christophe Pignol,30,Left-Back,LOSC Lille,?,out,Summer,NA,Ligue 1,2000,2000/2001
AS Monaco,Renaud Connen,20,Attacking Midfield,AC Ajaccio,?,out,Summer,NA,Ligue 1,2000,2000/2001
AS Monaco,Ebeli M'Bombo,19,Defender,Monaco B,-,out,Summer,0,Ligue 1,2000,2000/2001
ES Troyes AC,Mehdi Méniri,23,Centre-Back,AS Nancy,£1.10m,in,Summer,1.1,Ligue 1,2000,2000/2001
ES Troyes AC,Jérôme Rothen,22,Left Midfield,SM Caen,Free transfer,in,Summer,0,Ligue 1,2000,2000/2001
ES Troyes AC,Alexandre Jeannin,22,Left-Back,RC Paris,Free transfer,in,Summer,0,Ligue 1,2000,2000/2001
ES Troyes AC,Carl Tourenne,28,Defensive Midfield,LOSC Lille,Free transfer,in,Summer,0,Ligue 1,2000,2000/2001
ES Troyes AC,Nicolas Goussé,24,Centre-Forward,FC Metz,Free transfer,in,Summer,0,Ligue 1,2000,2000/2001
ES Troyes AC,Hervé Sekli,23,Goalkeeper,GFCO Ajaccio,Free transfer,in,Summer,0,Ligue 1,2000,2000/2001
ES Troyes AC,Badile Lubamba,24,Right-Back,FC Lugano,?,in,Summer,NA,Ligue 1,2000,2000/2001
ES Troyes AC,Fabio Celestini,24,Defensive Midfield,Lausanne-Sport,?,in,Summer,NA,Ligue 1,2000,2000/2001
ES Troyes AC,Yannick Zambernardi,22,Centre-Back,AC Ajaccio,?,in,Summer,NA,Ligue 1,2000,2000/2001
ES Troyes AC,Christian Nadé,15,Centre-Forward,ES Troyes AC U19,-,in,Summer,0,Ligue 1,2000,2000/2001
ES Troyes AC,Mamadou Niang,20,Centre-Forward,ES Troyes AC B,-,in,Summer,0,Ligue 1,2000,2000/2001
ES Troyes AC,Emmanuel Rival,29,Defensive Midfield,Nîmes Olympique,?,out,Summer,NA,Ligue 1,2000,2000/2001
ES Troyes AC,Samuel Lobé,33,Centre-Forward,FC Martigues,?,out,Summer,NA,Ligue 1,2000,2000/2001
ES Troyes AC,Laurent Weber,27,Goalkeeper,Beauvais,?,out,Summer,NA,Ligue 1,2000,2000/2001
ES Troyes AC,Nicolas Dehon,32,Goalkeeper,Retired,-,out,Summer,0,Ligue 1,2000,2000/2001
ES Troyes AC,Olivier Fugen,29,Defensive Midfield,ES Troyes AC B,-,out,Summer,0,Ligue 1,2000,2000/2001
ES Troyes AC,Didier Lang,29,Defensive Midfield,FC Sochaux,"End of loanJun 30, 2000",out,Summer,0,Ligue 1,2000,2000/2001
FC Girondins Bordeaux,Tony Vairelles,27,Centre-Forward,Olympique Lyon,?,in,Winter,NA,Ligue 1,2000,2000/2001
FC Girondins Bordeaux,Hervé Alicarte,26,Sweeper,Toulouse,Loan,out,Winter,0,Ligue 1,2000,2000/2001
FC Girondins Bordeaux,Nicolas Sahnoun,20,Defensive Midfield,Fulham,Loan,out,Winter,0,Ligue 1,2000,2000/2001
FC Girondins Bordeaux,Niša Saveljić,30,Centre-Back,Partizan,Loan,out,Winter,0,Ligue 1,2000,2000/2001
LOSC Lille,Riad Hammadou,23,Defender,Beauvais,Loan,out,Winter,0,Ligue 1,2000,2000/2001
CS Sedan-Ardennes,Allan Petitjean,26,Left Winger,Beauvais,Free transfer,in,Winter,0,Ligue 1,2000,2000/2001
CS Sedan-Ardennes,Pascal Pédemonte,20,Defender,Olymp. Lyon B,Free transfer,in,Winter,0,Ligue 1,2000,2000/2001
CS Sedan-Ardennes,Dzoni Novak,31,Left Midfield,Unterhaching,£225Th.,out,Winter,0.225,Ligue 1,2000,2000/2001
CS Sedan-Ardennes,Alexandre Lecomte,20,Centre-Forward,Pau FC,?,out,Winter,NA,Ligue 1,2000,2000/2001
CS Sedan-Ardennes,Eric Crosnier,28,Defensive Midfield,Stade Lavallois,?,out,Winter,NA,Ligue 1,2000,2000/2001
CS Sedan-Ardennes,Stéphane Laquait,27,Defensive Midfield,LB Châteauroux,?,out,Winter,NA,Ligue 1,2000,2000/2001
Olympique Lyon,Patrice Loko,30,Centre-Forward,Montpellier,Free transfer,in,Winter,0,Ligue 1,2000,2000/2001
Olympique Lyon,Caçapa,24,Centre-Back,Atlético-MG,Loan,in,Winter,0,Ligue 1,2000,2000/2001
Olympique Lyon,Tony Vairelles,27,Centre-Forward,G. Bordeaux,?,out,Winter,NA,Ligue 1,2000,2000/2001
FC Nantes,Charles Devineau,21,Defensive Midfield,Stade Lavallois,Loan,out,Winter,0,Ligue 1,2000,2000/2001
FC Nantes,Yannick Quesnel,27,Goalkeeper,Naval,?,out,Winter,NA,Ligue 1,2000,2000/2001
EA Guingamp,Blaise Kouassi,25,Centre-Back,ASEC Mimosas,?,in,Winter,NA,Ligue 1,2000,2000/2001
RC Lens,Sébastien Hamel,25,Goalkeeper,AC Le Havre,Free transfer,in,Winter,0,Ligue 1,2000,2000/2001
RC Lens,Youl Mawéné,21,Centre-Back,Derby,£630Th.,out,Winter,0.63,Ligue 1,2000,2000/2001
RC Lens,Hervé Brassart,17,Centre-Forward,1.FC Magdeburg,Free transfer,out,Winter,0,Ligue 1,2000,2000/2001
RC Lens,Sébastien Chabbert,22,Goalkeeper,FC Metz,Loan,out,Winter,0,Ligue 1,2000,2000/2001
RC Strasbourg Alsace,José Luis Chilavert,35,Goalkeeper,Vélez Sarsfield,£4.77m,in,Winter,4.77,Ligue 1,2000,2000/2001
RC Strasbourg Alsace,Mario Haas,26,Centre-Forward,Sturm Graz,£1.35m,out,Winter,1.35,Ligue 1,2000,2000/2001
RC Strasbourg Alsace,Pape Malick Diop,26,Centre-Back,Xamax,£450Th.,out,Winter,0.45,Ligue 1,2000,2000/2001
RC Strasbourg Alsace,Gonzalo Luis Belloso,26,Centre-Forward,CD Cruz Azul,Loan,out,Winter,0,Ligue 1,2000,2000/2001
AS Saint-Étienne,Patrice Carteron,30,Centre-Back,Sunderland,Loan,out,Winter,0,Ligue 1,2000,2000/2001
AS Saint-Étienne,Aleksandr Panov,25,Centre-Forward,Lausanne-Sport,Loan,out,Winter,0,Ligue 1,2000,2000/2001
AS Saint-Étienne,Alain Masudi,22,Attacking Midfield,Lausanne-Sport,?,out,Winter,NA,Ligue 1,2000,2000/2001
Paris Saint-Germain,Didier Domi,22,Left-Back,Newcastle,£4.80m,in,Winter,4.8,Ligue 1,2000,2000/2001
Paris Saint-Germain,Mauricio Pochettino,28,Centre-Back,Espanyol,?,in,Winter,NA,Ligue 1,2000,2000/2001
Paris Saint-Germain,Mikel Arteta,18,Central Midfield,FC Barcelona,Loan,in,Winter,0,Ligue 1,2000,2000/2001
Paris Saint-Germain,Vampeta,26,Central Midfield,Inter,?,in,Winter,NA,Ligue 1,2000,2000/2001
Paris Saint-Germain,Enrique de Lucas,22,Attacking Midfield,Espanyol,Loan,in,Winter,0,Ligue 1,2000,2000/2001
Paris Saint-Germain,Kaba Diawara,25,Centre-Forward,Blackburn,"End of loanMar 1, 2001",in,Winter,0,Ligue 1,2000,2000/2001
Paris Saint-Germain,Grégory Paisley,23,Left-Back,Stade Rennais,£527Th.,out,Winter,0.527,Ligue 1,2000,2000/2001
Paris Saint-Germain,Kaba Diawara,25,Centre-Forward,Blackburn,Loan,out,Winter,0,Ligue 1,2000,2000/2001
Paris Saint-Germain,Fabrice Abriel,21,Central Midfield,Servette FC,Loan,out,Winter,0,Ligue 1,2000,2000/2001
Paris Saint-Germain,Talal El Karkouri,24,Centre-Back,Aris Saloniki,Loan,out,Winter,0,Ligue 1,2000,2000/2001
Paris Saint-Germain,Stéphane Dalmat,21,Central Midfield,Inter,?,out,Winter,NA,Ligue 1,2000,2000/2001
FC Toulouse,Hervé Alicarte,26,Sweeper,G. Bordeaux,Loan,in,Winter,0,Ligue 1,2000,2000/2001
FC Toulouse,Reynald Pedros,29,Left Midfield,Without Club,-,in,Winter,0,Ligue 1,2000,2000/2001
FC Toulouse,Samuel Ipoua,27,Centre-Forward,1.FSV Mainz 05,Loan,out,Winter,0,Ligue 1,2000,2000/2001
FC Toulouse,Nicolas Paviot,25,Right-Back,Alverca,?,out,Winter,NA,Ligue 1,2000,2000/2001
FC Toulouse,Vladimir Petrovic,28,Centre-Forward,B. Jerusalem,?,out,Winter,NA,Ligue 1,2000,2000/2001
FC Toulouse,Darío Cabrol,28,Right Winger,CA Colón,?,out,Winter,NA,Ligue 1,2000,2000/2001
FC Toulouse,Marc Libbra,28,Centre-Forward,Hibernian FC,?,out,Winter,NA,Ligue 1,2000,2000/2001
FC Toulouse,José Javier Barkero,21,Attacking Midfield,Real Sociedad,"End of loanDec 30, 2000",out,Winter,0,Ligue 1,2000,2000/2001
FC Metz,Sébastien Chabbert,22,Goalkeeper,Lens,Loan,in,Winter,0,Ligue 1,2000,2000/2001
FC Metz,Didier Lang,30,Defensive Midfield,FC Sochaux,Free transfer,in,Winter,0,Ligue 1,2000,2000/2001
FC Metz,Schumann Bah,26,Left-Back,LB Châteauroux,?,in,Winter,NA,Ligue 1,2000,2000/2001
FC Metz,Sergiy Skachenko,28,Centre-Forward,Xamax,"End of loanDec 1, 2000",in,Winter,0,Ligue 1,2000,2000/2001
FC Metz,Sébastien Schemmel,25,Right-Back,West Ham,£630Th.,out,Winter,0.63,Ligue 1,2000,2000/2001
FC Metz,Danny Boffin,35,Left Midfield,Sint-Truiden,Free transfer,out,Winter,0,Ligue 1,2000,2000/2001
FC Metz,Sergiy Skachenko,28,Centre-Forward,Sanf. Hiroshima,Loan,out,Winter,0,Ligue 1,2000,2000/2001
AJ Auxerre,Khalilou Fadiga,26,Left Winger,Club Brugge,?,in,Winter,NA,Ligue 1,2000,2000/2001
AJ Auxerre,Moussa Saïb,31,Left Midfield,Al-Nasr,?,in,Winter,NA,Ligue 1,2000,2000/2001
AJ Auxerre,Tomasz Klos,27,Centre-Back,1.FC K'lautern,£990Th.,out,Winter,0.99,Ligue 1,2000,2000/2001
Stade Rennais FC,Grégory Paisley,23,Left-Back,Paris SG,£527Th.,in,Winter,0.527,Ligue 1,2000,2000/2001
Stade Rennais FC,Nadir Benchenaa,16,Midfielder,Unknown,£274Th.,in,Winter,0.274,Ligue 1,2000,2000/2001
Stade Rennais FC,Christian Bassila,23,Centre-Back,West Ham,Free transfer,in,Winter,0,Ligue 1,2000,2000/2001
Stade Rennais FC,Fabrice Fernandes,21,Left Winger,Fulham,"End of loanMar 1, 2001",in,Winter,0,Ligue 1,2000,2000/2001
Stade Rennais FC,Luís Fabiano,20,Centre-Forward,São Paulo,Loan,out,Winter,0,Ligue 1,2000,2000/2001
Olympique Marseille,Jovan Stankovic,29,Left Midfield,RCD Mallorca,£6.17m,in,Winter,6.17,Ligue 1,2000,2000/2001
Olympique Marseille,Lucas Bernardi,23,Central Midfield,Newell's,£5.49m,in,Winter,5.49,Ligue 1,2000,2000/2001
Olympique Marseille,Fernandão,22,Centre-Forward,Goiás EC,£4.50m,in,Winter,4.5,Ligue 1,2000,2000/2001
Olympique Marseille,Dill,26,Right Winger,Goiás EC,Loan,in,Winter,0,Ligue 1,2000,2000/2001
Olympique Marseille,George Weah,34,Centre-Forward,Man City,Free transfer,in,Winter,0,Ligue 1,2000,2000/2001
Olympique Marseille,Marcelinho Paraíba,25,Attacking Midfield,Grêmio,Free transfer,out,Winter,0,Ligue 1,2000,2000/2001
Olympique Marseille,Pierre Issa,25,Centre-Back,Chelsea,Loan,out,Winter,0,Ligue 1,2000,2000/2001
Olympique Marseille,Cyrille Pouget,28,Centre-Forward,AC Bellinzona,Loan,out,Winter,0,Ligue 1,2000,2000/2001
Olympique Marseille,Klas Ingesson,32,Defensive Midfield,Lecce,Loan,out,Winter,0,Ligue 1,2000,2000/2001
Olympique Marseille,Lilian Martin,29,Right-Back,Derby,?,out,Winter,NA,Ligue 1,2000,2000/2001
AS Monaco,Christian Panucci,27,Right-Back,Inter,Loan fee:£2.70m,in,Winter,2.7,Ligue 1,2000,2000/2001
AS Monaco,Pablo Contreras,22,Centre-Back,Racing Club,Loan,out,Winter,0,Ligue 1,2000,2000/2001
AS Monaco,Hassan El Fakiri,23,Left-Back,FK Lyn,Loan,out,Winter,0,Ligue 1,2000,2000/2001
AS Monaco,Ousmane Dabo,23,Defensive Midfield,AC Parma,"End of loanDec 31, 2000",out,Winter,0,Ligue 1,2000,2000/2001
ES Troyes AC,Éric Roy,33,Defensive Midfield,Sunderland,Free transfer,in,Winter,0,Ligue 1,2000,2000/2001
