club_name,player_name,age,position,club_involved_name,fee,transfer_movement,transfer_period,fee_cleaned,league_name,year,season
PSV Eindhoven,Jordi Hoogstrate,20,Central Midfield,FC Groningen,£2.88m,in,Summer,2.88,Eredivisie,2003,2003/2004
PSV Eindhoven,Johan Vonlanthen,17,Left Midfield,BSC Young Boys,£720Th.,in,Summer,0.72,Eredivisie,2003,2003/2004
PSV Eindhoven,Michael Jakobsen,17,Centre-Back,B.93,Free transfer,in,Summer,0,Eredivisie,2003,2003/2004
PSV Eindhoven,Rob van Dijk,34,Goalkeeper,RKC Waalwijk,?,in,Summer,NA,Eredivisie,2003,2003/2004
PSV Eindhoven,Daniel Guijo-Velasco,19,Attacking Midfield,PSV U19,-,in,Summer,0,Eredivisie,2003,2003/2004
PSV Eindhoven,Otman Bakkal,18,Attacking Midfield,PSV U19,-,in,Summer,0,Eredivisie,2003,2003/2004
PSV Eindhoven,Spase Dilevski,18,Defensive Midfield,PSV U19,-,in,Summer,0,Eredivisie,2003,2003/2004
PSV Eindhoven,Jürgen Colin,22,Centre-Back,NAC Breda,"End of loanJun 30, 2003",in,Summer,0,Eredivisie,2003,2003/2004
PSV Eindhoven,Gino Coutinho,20,Goalkeeper,FC Den Bosch,"End of loanJun 30, 2003",in,Summer,0,Eredivisie,2003,2003/2004
PSV Eindhoven,Klaas-Jan Huntelaar,19,Centre-Forward,De Graafschap,"End of loanJun 30, 2003",in,Summer,0,Eredivisie,2003,2003/2004
PSV Eindhoven,John de Jong,26,Attacking Midfield,Heerenveen,"End of loanJun 30, 2003",in,Summer,0,Eredivisie,2003,2003/2004
PSV Eindhoven,Nyron Wau,20,Right Winger,MVV Maastricht,"End of loanJun 30, 2003",in,Summer,0,Eredivisie,2003,2003/2004
PSV Eindhoven,Léon Hese,22,Centre-Back,FC Eindhoven,"End of loanJun 30, 2003",in,Summer,0,Eredivisie,2003,2003/2004
PSV Eindhoven,Jelle ten Rouwelaar,22,Goalkeeper,FC Groningen,"End of loanJun 30, 2003",in,Summer,0,Eredivisie,2003,2003/2004
PSV Eindhoven,Michael Lamey,23,Right-Back,AZ Alkmaar,"End of loanJul 1, 2003",in,Summer,0,Eredivisie,2003,2003/2004
PSV Eindhoven,Adil Ramzi,25,Left Midfield,Córdoba CF,"End of loanJun 30, 2003",in,Summer,0,Eredivisie,2003,2003/2004
PSV Eindhoven,Klaas-Jan Huntelaar,19,Centre-Forward,AGOVV Apeldoorn,Loan,out,Summer,0,Eredivisie,2003,2003/2004
PSV Eindhoven,Arnold Bruggink,25,Attacking Midfield,RCD Mallorca,Free transfer,out,Summer,0,Eredivisie,2003,2003/2004
PSV Eindhoven,Jürgen Dirkx,27,Centre-Back,Reusel Sport,Free transfer,out,Summer,0,Eredivisie,2003,2003/2004
PSV Eindhoven,Giorgi Gakhokidze,27,Left Winger,Twente FC,Free transfer,out,Summer,0,Eredivisie,2003,2003/2004
PSV Eindhoven,Gino Coutinho,20,Goalkeeper,NAC Breda,Free transfer,out,Summer,0,Eredivisie,2003,2003/2004
PSV Eindhoven,Spase Dilevski,18,Defensive Midfield,RW Essen,Loan,out,Summer,0,Eredivisie,2003,2003/2004
PSV Eindhoven,Léon Hese,22,Centre-Back,Helmond Sport,Loan,out,Summer,0,Eredivisie,2003,2003/2004
PSV Eindhoven,Edno,20,Centre-Forward,Viktoria Plzen,Free transfer,out,Summer,0,Eredivisie,2003,2003/2004
PSV Eindhoven,Jelle ten Rouwelaar,22,Goalkeeper,Twente FC,Loan,out,Summer,0,Eredivisie,2003,2003/2004
PSV Eindhoven,Michael Lamey,23,Right-Back,FC Utrecht,Loan,out,Summer,0,Eredivisie,2003,2003/2004
PSV Eindhoven,Eric Addo,24,Centre-Back,Roda JC,Loan,out,Summer,0,Eredivisie,2003,2003/2004
PSV Eindhoven,Robert van Boxel,20,Centre-Back,ADO Den Haag,?,out,Summer,NA,Eredivisie,2003,2003/2004
PSV Eindhoven,Lindsay Wilson,24,Left Midfield,FC Volendam,Loan,out,Summer,0,Eredivisie,2003,2003/2004
PSV Eindhoven,Adil Ramzi,25,Left Midfield,Twente FC,Loan,out,Summer,0,Eredivisie,2003,2003/2004
PSV Eindhoven,Nyron Wau,20,Right Winger,Helmond Sport,Loan,out,Summer,0,Eredivisie,2003,2003/2004
PSV Eindhoven,Jan Heintze,39,Left-Back,Retired,-,out,Summer,0,Eredivisie,2003,2003/2004
PSV Eindhoven,Frank Kooiman,33,Goalkeeper,Sparta R.,"End of loanJun 30, 2003",out,Summer,0,Eredivisie,2003,2003/2004
Ajax Amsterdam,Wesley Sonck,24,Centre-Forward,KRC Genk,£5.40m,in,Summer,5.4,Eredivisie,2003,2003/2004
Ajax Amsterdam,Zdenek Grygera,23,Right-Back,Sparta Praha,£3.15m,in,Summer,3.15,Eredivisie,2003,2003/2004
Ajax Amsterdam,Tom Soetaers,23,Left Winger,Roda JC,£810Th.,in,Summer,0.81,Eredivisie,2003,2003/2004
Ajax Amsterdam,Sander Boschker,32,Goalkeeper,Twente FC,Free transfer,in,Summer,0,Eredivisie,2003,2003/2004
Ajax Amsterdam,Julien Escudé,23,Centre-Back,Stade Rennais,Free transfer,in,Summer,0,Eredivisie,2003,2003/2004
Ajax Amsterdam,Nicolae Mitea,18,Left Winger,Dinamo Bucarest,Free transfer,in,Summer,0,Eredivisie,2003,2003/2004
Ajax Amsterdam,Daniël de Ridder,19,Left Winger,Ajax U19,-,in,Summer,0,Eredivisie,2003,2003/2004
Ajax Amsterdam,Thomas Vermaelen,17,Centre-Back,Ajax U19,-,in,Summer,0,Eredivisie,2003,2003/2004
Ajax Amsterdam,Jussi Kujala,20,Defensive Midfield,Ajax U21,-,in,Summer,0,Eredivisie,2003,2003/2004
Ajax Amsterdam,Pius Ikedia,22,Right Winger,FC Groningen,"End of loanJun 30, 2003",in,Summer,0,Eredivisie,2003,2003/2004
Ajax Amsterdam,Anthony Obodai,20,Defensive Midfield,Germ. Beerschot,"End of loanJun 30, 2003",in,Summer,0,Eredivisie,2003,2003/2004
Ajax Amsterdam,Mido,20,Centre-Forward,Celta de Vigo,"End of loanJun 30, 2003",in,Summer,0,Eredivisie,2003,2003/2004
Ajax Amsterdam,Ruud Kras,21,Centre-Back,FC Zwolle,"End of loanJun 30, 2003",in,Summer,0,Eredivisie,2003,2003/2004
Ajax Amsterdam,Nikolaos Machlas,30,Centre-Forward,Sevilla FC,"End of loanJun 30, 2003",in,Summer,0,Eredivisie,2003,2003/2004
Ajax Amsterdam,Jason Culina,22,Central Midfield,De Graafschap,"End of loanJun 30, 2003",in,Summer,0,Eredivisie,2003,2003/2004
Ajax Amsterdam,Richard Knopper,25,Attacking Midfield,Aris Saloniki,"End of loanJun 30, 2003",in,Summer,0,Eredivisie,2003,2003/2004
Ajax Amsterdam,Kwame Quansah,20,Defensive Midfield,Germ. Beerschot,"End of loanJun 30, 2003",in,Summer,0,Eredivisie,2003,2003/2004
Ajax Amsterdam,Cedric van der Gun,24,Centre-Forward,Willem II,"End of loanJun 30, 2003",in,Summer,0,Eredivisie,2003,2003/2004
Ajax Amsterdam,Cristian Chivu,22,Centre-Back,AS Roma,£16.20m,out,Summer,16.2,Eredivisie,2003,2003/2004
Ajax Amsterdam,Andy van der Meyde,23,Right Winger,Inter,£10.80m,out,Summer,10.8,Eredivisie,2003,2003/2004
Ajax Amsterdam,Mido,20,Centre-Forward,Marseille,£5.40m,out,Summer,5.4,Eredivisie,2003,2003/2004
Ajax Amsterdam,André Bergdölmo,31,Centre-Back,Bor. Dortmund,£270Th.,out,Summer,0.27,Eredivisie,2003,2003/2004
Ajax Amsterdam,Joey Didulica,25,Goalkeeper,Austria Vienna,Free transfer,out,Summer,0,Eredivisie,2003,2003/2004
Ajax Amsterdam,Stefano Seedorf,21,Central Midfield,NAC Breda,Loan,out,Summer,0,Eredivisie,2003,2003/2004
Ajax Amsterdam,Tijani Babangida,29,Right Winger,CC Yatai,Free transfer,out,Summer,0,Eredivisie,2003,2003/2004
Ajax Amsterdam,Nikolaos Machlas,30,Centre-Forward,Iraklis,Free transfer,out,Summer,0,Eredivisie,2003,2003/2004
Ajax Amsterdam,Pius Ikedia,23,Right Winger,RBC Roosendaal,Loan,out,Summer,0,Eredivisie,2003,2003/2004
Ajax Amsterdam,Cedric van der Gun,24,Centre-Forward,ADO Den Haag,Free transfer,out,Summer,0,Eredivisie,2003,2003/2004
Ajax Amsterdam,Richard Witschge,33,Central Midfield,ADO '20,?,out,Summer,NA,Eredivisie,2003,2003/2004
Ajax Amsterdam,Ruud Kras,21,Centre-Back,FC Volendam,Loan,out,Summer,0,Eredivisie,2003,2003/2004
Ajax Amsterdam,Nourdin Boukhari,23,Attacking Midfield,NAC Breda,Loan,out,Summer,0,Eredivisie,2003,2003/2004
Ajax Amsterdam,Richard Knopper,25,Attacking Midfield,Heerenveen,Loan,out,Summer,0,Eredivisie,2003,2003/2004
Ajax Amsterdam,Kwame Quansah,20,Defensive Midfield,AIK,Loan,out,Summer,0,Eredivisie,2003,2003/2004
Ajax Amsterdam,Henk Timmer,31,Goalkeeper,AZ Alkmaar,"End of loanJun 30, 2003",out,Summer,0,Eredivisie,2003,2003/2004
Feyenoord Rotterdam,Danko Lazovic,20,Second Striker,Partizan,£6.30m,in,Summer,6.3,Eredivisie,2003,2003/2004
Feyenoord Rotterdam,Jean Carlos,19,Left-Back,Atlético-PR,£1.80m,in,Summer,1.8,Eredivisie,2003,2003/2004
Feyenoord Rotterdam,Hossam Ghaly,21,Central Midfield,El Ahly,£1.35m,in,Summer,1.35,Eredivisie,2003,2003/2004
Feyenoord Rotterdam,Dirk Kuyt,22,Right Winger,FC Utrecht,£900Th.,in,Summer,0.9,Eredivisie,2003,2003/2004
Feyenoord Rotterdam,Peter van den Berg,31,Centre-Back,RKC Waalwijk,?,in,Summer,NA,Eredivisie,2003,2003/2004
Feyenoord Rotterdam,Alfred Schreuder,30,Defensive Midfield,NAC Breda,?,in,Summer,NA,Eredivisie,2003,2003/2004
Feyenoord Rotterdam,Steve Olfers,21,Centre-Back,Excelsior,?,in,Summer,NA,Eredivisie,2003,2003/2004
Feyenoord Rotterdam,Johan Elmander,22,Centre-Forward,Djurgarden,"End of loanJun 30, 2003",in,Summer,0,Eredivisie,2003,2003/2004
Feyenoord Rotterdam,Gill Swerts,20,Right-Back,Excelsior,"End of loanJun 30, 2003",in,Summer,0,Eredivisie,2003,2003/2004
Feyenoord Rotterdam,Brian Pinas,24,Left Winger,Excelsior,"End of loanJun 30, 2003",in,Summer,0,Eredivisie,2003,2003/2004
Feyenoord Rotterdam,Michel Bastos,19,Left Midfield,Excelsior,"End of loanJun 30, 2003",in,Summer,0,Eredivisie,2003,2003/2004
Feyenoord Rotterdam,Mauricio Aros,27,Left-Back,M. Tel Aviv,"End of loanJun 30, 2003",in,Summer,0,Eredivisie,2003,2003/2004
Feyenoord Rotterdam,Bonaventure Kalou,25,Right Winger,AJ Auxerre,£3.60m,out,Summer,3.6,Eredivisie,2003,2003/2004
Feyenoord Rotterdam,Brett Emerton,24,Right Midfield,Blackburn,£2.70m,out,Summer,2.7,Eredivisie,2003,2003/2004
Feyenoord Rotterdam,Paul Bosvelt,33,Defensive Midfield,Man City,£1.35m,out,Summer,1.35,Eredivisie,2003,2003/2004
Feyenoord Rotterdam,Pierre van Hooijdonk,33,Centre-Forward,Fenerbahce,£900Th.,out,Summer,0.9,Eredivisie,2003,2003/2004
Feyenoord Rotterdam,Tomasz Rzasa,30,Left-Back,Partizan,Free transfer,out,Summer,0,Eredivisie,2003,2003/2004
Feyenoord Rotterdam,Ronald Graafland,24,Goalkeeper,Excelsior,Free transfer,out,Summer,0,Eredivisie,2003,2003/2004
Feyenoord Rotterdam,Brett Holman,19,Attacking Midfield,Excelsior,Loan,out,Summer,0,Eredivisie,2003,2003/2004
Feyenoord Rotterdam,Alessandro,21,Centre-Forward,América-MG,Free transfer,out,Summer,0,Eredivisie,2003,2003/2004
Feyenoord Rotterdam,Brian Pinas,24,Left Winger,FC Groningen,Free transfer,out,Summer,0,Eredivisie,2003,2003/2004
Feyenoord Rotterdam,Johan Elmander,22,Centre-Forward,NAC Breda,Loan,out,Summer,0,Eredivisie,2003,2003/2004
Feyenoord Rotterdam,Jordan Opoku,20,Central Midfield,Excelsior,Loan,out,Summer,0,Eredivisie,2003,2003/2004
Feyenoord Rotterdam,Michel Bastos,19,Left Midfield,Atlético-PR,?,out,Summer,NA,Eredivisie,2003,2003/2004
Feyenoord Rotterdam,Mauricio Aros,27,Left-Back,Hilal,?,out,Summer,NA,Eredivisie,2003,2003/2004
Feyenoord Rotterdam,Steve Olfers,21,Centre-Back,RKC Waalwijk,Loan,out,Summer,0,Eredivisie,2003,2003/2004
Feyenoord Rotterdam,Carlo L'Ami,37,Goalkeeper,Retired,-,out,Summer,0,Eredivisie,2003,2003/2004
Feyenoord Rotterdam,Meshal Mubarak Budawood,21,Left-Back,Qatar SC,"End of loanJun 30, 2003",out,Summer,0,Eredivisie,2003,2003/2004
Feyenoord Rotterdam,Nam-il Kim,26,Defensive Midfield,Chunnam Dragons,"End of loanJun 30, 2003",out,Summer,0,Eredivisie,2003,2003/2004
NAC Breda,Stefano Seedorf,21,Central Midfield,Ajax,Loan,in,Summer,0,Eredivisie,2003,2003/2004
NAC Breda,Gino Coutinho,20,Goalkeeper,PSV Eindhoven,Free transfer,in,Summer,0,Eredivisie,2003,2003/2004
NAC Breda,Henk Vos,35,Centre-Forward,RBC Roosendaal,Free transfer,in,Summer,0,Eredivisie,2003,2003/2004
NAC Breda,Johan Elmander,22,Centre-Forward,Feyenoord,Loan,in,Summer,0,Eredivisie,2003,2003/2004
NAC Breda,Nourdin Boukhari,23,Attacking Midfield,Ajax,Loan,in,Summer,0,Eredivisie,2003,2003/2004
NAC Breda,Faysal Houba,20,Forward,NAC Breda U21,-,in,Summer,0,Eredivisie,2003,2003/2004
NAC Breda,Benny Kerstens,20,Left-Back,NAC Breda U21,-,in,Summer,0,Eredivisie,2003,2003/2004
NAC Breda,Niek Ripson,19,Centre-Back,NAC Breda U19,-,in,Summer,0,Eredivisie,2003,2003/2004
NAC Breda,Eric Atuhaene,19,Left-Back,NAC Breda U19,-,in,Summer,0,Eredivisie,2003,2003/2004
NAC Breda,Peter Zoïs,25,Goalkeeper,Willem II,Free transfer,out,Summer,0,Eredivisie,2003,2003/2004
NAC Breda,Jean Philip Becht,22,Defender,VV Kloetinge,Free transfer,out,Summer,0,Eredivisie,2003,2003/2004
NAC Breda,Kofi Mensah,25,Right-Back,ADO Den Haag,Free transfer,out,Summer,0,Eredivisie,2003,2003/2004
NAC Breda,Rick Versteeg,26,Central Midfield,VVGZ,Free transfer,out,Summer,0,Eredivisie,2003,2003/2004
NAC Breda,Bart Van den Eede,25,Centre-Forward,Willem II,Loan,out,Summer,0,Eredivisie,2003,2003/2004
NAC Breda,Earnie Stewart,34,Centre-Forward,D.C. United,Free transfer,out,Summer,0,Eredivisie,2003,2003/2004
NAC Breda,Anouar Hamdi,21,Left Midfield,Ter Leede,Free transfer,out,Summer,0,Eredivisie,2003,2003/2004
NAC Breda,Alfred Schreuder,30,Defensive Midfield,Feyenoord,?,out,Summer,NA,Eredivisie,2003,2003/2004
NAC Breda,Yassine Abdellaoui,28,Left Midfield,De Graafschap,?,out,Summer,NA,Eredivisie,2003,2003/2004
NAC Breda,Jürgen Colin,22,Centre-Back,PSV Eindhoven,"End of loanJun 30, 2003",out,Summer,0,Eredivisie,2003,2003/2004
NEC Nijmegen,Pascal Heije,23,Defensive Midfield,Ajax U21,Free transfer,in,Summer,0,Eredivisie,2003,2003/2004
NEC Nijmegen,Arjan Ebbinge,28,Centre-Back,Heerenveen,Loan,in,Summer,0,Eredivisie,2003,2003/2004
NEC Nijmegen,Roel Hendriks,19,Left Winger,NEC U19,-,in,Summer,0,Eredivisie,2003,2003/2004
NEC Nijmegen,Mark Otten,17,Centre-Back,NEC U19,-,in,Summer,0,Eredivisie,2003,2003/2004
NEC Nijmegen,Ralf de Haan,19,Midfielder,NEC U19,-,in,Summer,0,Eredivisie,2003,2003/2004
NEC Nijmegen,Fabian de Freitas,30,Forward,Without Club,-,in,Summer,0,Eredivisie,2003,2003/2004
NEC Nijmegen,Theo Brack,18,Goalkeeper,NEC U19,-,in,Summer,0,Eredivisie,2003,2003/2004
NEC Nijmegen,Tarik Divarci,20,Forward,NECOss U21,-,in,Summer,0,Eredivisie,2003,2003/2004
NEC Nijmegen,Kevin Moeliker,23,Goalkeeper,Helmond Sport,"End of loanJun 30, 2003",in,Summer,0,Eredivisie,2003,2003/2004
NEC Nijmegen,Mike Owusu,26,Defender,Trelleborg,Free transfer,out,Summer,0,Eredivisie,2003,2003/2004
NEC Nijmegen,Guillano Grot,20,Forward,1.FC Bocholt,Free transfer,out,Summer,0,Eredivisie,2003,2003/2004
NEC Nijmegen,Danny Hesp,33,Centre-Back,RBC Roosendaal,Free transfer,out,Summer,0,Eredivisie,2003,2003/2004
NEC Nijmegen,Erik Wegh,23,Defensive Midfield,AGOVV Apeldoorn,Free transfer,out,Summer,0,Eredivisie,2003,2003/2004
NEC Nijmegen,Gjorgji Hristov,27,Centre-Forward,FC Zwolle,Free transfer,out,Summer,0,Eredivisie,2003,2003/2004
NEC Nijmegen,Henry Timmer,22,Goalkeeper,OBW Zevenaar,Free transfer,out,Summer,0,Eredivisie,2003,2003/2004
NEC Nijmegen,Gary Spier,19,Left Midfield,Sporting Almere,Free transfer,out,Summer,0,Eredivisie,2003,2003/2004
NEC Nijmegen,Kevin Moeliker,23,Goalkeeper,Stormvogels,Free transfer,out,Summer,0,Eredivisie,2003,2003/2004
Roda JC Kerkrade,Arouna Koné,19,Centre-Forward,Lierse SK,£900Th.,in,Summer,0.9,Eredivisie,2003,2003/2004
Roda JC Kerkrade,Eric Addo,24,Centre-Back,PSV Eindhoven,Loan,in,Summer,0,Eredivisie,2003,2003/2004
Roda JC Kerkrade,Jérôme Colinet,20,Defensive Midfield,Roda JC U19,-,in,Summer,0,Eredivisie,2003,2003/2004
Roda JC Kerkrade,Dennis Buchholz,17,Centre-Back,Roda JC U21,-,in,Summer,0,Eredivisie,2003,2003/2004
Roda JC Kerkrade,Fredrik Berglund,24,Centre-Forward,Elfsborg,"End of loanJun 30, 2003",in,Summer,0,Eredivisie,2003,2003/2004
Roda JC Kerkrade,Marc Nygaard,26,Centre-Forward,Excelsior,"End of loanJun 30, 2003",in,Summer,0,Eredivisie,2003,2003/2004
Roda JC Kerkrade,Tom Soetaers,23,Left Winger,Ajax,£810Th.,out,Summer,0.81,Eredivisie,2003,2003/2004
Roda JC Kerkrade,Ken Leemans,20,Defensive Midfield,VVV-Venlo,Loan,out,Summer,0,Eredivisie,2003,2003/2004
Roda JC Kerkrade,Donovan Maury,22,Right-Back,Sambenedettese,Free transfer,out,Summer,0,Eredivisie,2003,2003/2004
Roda JC Kerkrade,Marc Nygaard,26,Centre-Forward,Brescia,?,out,Summer,NA,Eredivisie,2003,2003/2004
SC Heerenveen,Spencer Verbiest,19,Defensive Midfield,KAA Gent,Free transfer,in,Summer,0,Eredivisie,2003,2003/2004
SC Heerenveen,Paul de Lange,22,Defensive Midfield,Stormvogels,Free transfer,in,Summer,0,Eredivisie,2003,2003/2004
SC Heerenveen,Maceo Rigters,19,Centre-Forward,Ajax U19,Free transfer,in,Summer,0,Eredivisie,2003,2003/2004
SC Heerenveen,Richard Knopper,25,Attacking Midfield,Ajax,Loan,in,Summer,0,Eredivisie,2003,2003/2004
SC Heerenveen,Thomas Prager,17,Central Midfield,Heerenveen U19,-,in,Summer,0,Eredivisie,2003,2003/2004
SC Heerenveen,Marc van Eijk,21,Right Winger,Veendam,"End of loanJun 30, 2003",in,Summer,0,Eredivisie,2003,2003/2004
SC Heerenveen,Santi Kolk,21,Right Winger,ADO Den Haag,"End of loanJun 30, 2003",in,Summer,0,Eredivisie,2003,2003/2004
SC Heerenveen,Arjan Ebbinge,28,Centre-Back,Helmond Sport,"End of loanJun 30, 2003",in,Summer,0,Eredivisie,2003,2003/2004
SC Heerenveen,Mika Nurmela,31,Right Midfield,1.FC K'lautern,£675Th.,out,Summer,0.675,Eredivisie,2003,2003/2004
SC Heerenveen,Daniel Jensen,24,Central Midfield,Real Murcia,Free transfer,out,Summer,0,Eredivisie,2003,2003/2004
SC Heerenveen,Niels Kokmeijer,25,Left Winger,Haarlem,Free transfer,out,Summer,0,Eredivisie,2003,2003/2004
SC Heerenveen,Rocky Siberie,21,Centre-Forward,Cambuur L.,Free transfer,out,Summer,0,Eredivisie,2003,2003/2004
SC Heerenveen,Dragan Sladakovic,20,Midfielder,Velocitas,Free transfer,out,Summer,0,Eredivisie,2003,2003/2004
SC Heerenveen,Arjan Ebbinge,28,Centre-Back,NEC Nijmegen,Loan,out,Summer,0,Eredivisie,2003,2003/2004
SC Heerenveen,Stephan van Hoving,20,Centre-Back,Cambuur L.,?,out,Summer,NA,Eredivisie,2003,2003/2004
SC Heerenveen,Godfrey Nwankpa,24,Centre-Back,CS Visé,?,out,Summer,NA,Eredivisie,2003,2003/2004
SC Heerenveen,Santi Kolk,21,Right Winger,FC Den Bosch,Loan,out,Summer,0,Eredivisie,2003,2003/2004
SC Heerenveen,Radoslav Samardzic,33,Centre-Forward,Retired,-,out,Summer,0,Eredivisie,2003,2003/2004
SC Heerenveen,Allan Bak Jensen,25,Central Midfield,Retired,-,out,Summer,0,Eredivisie,2003,2003/2004
SC Heerenveen,Jeffrey Talan,31,Right Winger,Retired,-,out,Summer,0,Eredivisie,2003,2003/2004
SC Heerenveen,John de Jong,26,Attacking Midfield,PSV Eindhoven,"End of loanJun 30, 2003",out,Summer,0,Eredivisie,2003,2003/2004
FC Utrecht,Sandro Calabro,20,Centre-Forward,ADO Den Haag,Free transfer,in,Summer,0,Eredivisie,2003,2003/2004
FC Utrecht,Toshiya Fujita,31,Central Midfield,Júbilo Iwata,Loan,in,Summer,0,Eredivisie,2003,2003/2004
FC Utrecht,Joost Broerse,24,Centre-Back,FC Groningen,Free transfer,in,Summer,0,Eredivisie,2003,2003/2004
FC Utrecht,Michael Lamey,23,Right-Back,PSV Eindhoven,Loan,in,Summer,0,Eredivisie,2003,2003/2004
FC Utrecht,Hans van de Haar,28,Centre-Forward,De Graafschap,?,in,Summer,NA,Eredivisie,2003,2003/2004
FC Utrecht,Sander Keller,23,Centre-Back,RBC Roosendaal,?,in,Summer,NA,Eredivisie,2003,2003/2004
FC Utrecht,Leen van Steensel,19,Centre-Back,FC Utrecht U19,-,in,Summer,0,Eredivisie,2003,2003/2004
FC Utrecht,Rick Kruys,18,Central Midfield,FC Utrecht U19,-,in,Summer,0,Eredivisie,2003,2003/2004
FC Utrecht,Richal Leitoe,20,Right Winger,FC Utrecht U19,-,in,Summer,0,Eredivisie,2003,2003/2004
FC Utrecht,Edson Braafheid,20,Left-Back,Utrecht U21,-,in,Summer,0,Eredivisie,2003,2003/2004
FC Utrecht,Bas van den Brink,20,Centre-Back,Utrecht U21,-,in,Summer,0,Eredivisie,2003,2003/2004
FC Utrecht,Sigmundur Kristjánsson,19,Midfielder,FC Utrecht U19,-,in,Summer,0,Eredivisie,2003,2003/2004
FC Utrecht,Joost Terol,23,Goalkeeper,FC Utrecht U19,-,in,Summer,0,Eredivisie,2003,2003/2004
FC Utrecht,Adnan Alisic,19,Central Midfield,FC Utrecht U19,-,in,Summer,0,Eredivisie,2003,2003/2004
FC Utrecht,Donny de Groot,23,Centre-Forward,Emmen,"End of loanJun 30, 2003",in,Summer,0,Eredivisie,2003,2003/2004
FC Utrecht,Dirk Kuyt,22,Right Winger,Feyenoord,£900Th.,out,Summer,0.9,Eredivisie,2003,2003/2004
FC Utrecht,Stijn Vreven,29,Right-Back,1.FC K'lautern,Free transfer,out,Summer,0,Eredivisie,2003,2003/2004
FC Utrecht,Harald Wapenaar,33,Goalkeeper,Portsmouth,Free transfer,out,Summer,0,Eredivisie,2003,2003/2004
FC Utrecht,Arno Arts,34,Central Midfield,VVV-Venlo,Free transfer,out,Summer,0,Eredivisie,2003,2003/2004
FC Utrecht,Robert Roest,33,Centre-Back,AGOVV Apeldoorn,Free transfer,out,Summer,0,Eredivisie,2003,2003/2004
FC Utrecht,Arco Jochemsen,32,Right Midfield,Twente FC,Free transfer,out,Summer,0,Eredivisie,2003,2003/2004
FC Utrecht,Igor Gluscevic,29,Centre-Forward,Sparta Praha,Free transfer,out,Summer,0,Eredivisie,2003,2003/2004
FC Utrecht,Marciano Kastoredjo,21,Left-Back,De Graafschap,Free transfer,out,Summer,0,Eredivisie,2003,2003/2004
FC Utrecht,Ergün Cakir,20,Centre-Forward,FC Omniworld,Free transfer,out,Summer,0,Eredivisie,2003,2003/2004
FC Utrecht,Rodney Cairo,28,Right Winger,Emmen,?,out,Summer,NA,Eredivisie,2003,2003/2004
FC Utrecht,Danny van Husen,21,Defender,Cambuur L.,?,out,Summer,NA,Eredivisie,2003,2003/2004
RKC Waalwijk,Biko,18,Centre-Forward,FC Den Bosch,Free transfer,in,Summer,0,Eredivisie,2003,2003/2004
RKC Waalwijk,Nick van der Velden,21,Left Winger,DWS,Free transfer,in,Summer,0,Eredivisie,2003,2003/2004
RKC Waalwijk,Saïd Boutahar,20,Attacking Midfield,Excelsior,Free transfer,in,Summer,0,Eredivisie,2003,2003/2004
RKC Waalwijk,Marc van Hintum,36,Left-Back,Hannover 96,Free transfer,in,Summer,0,Eredivisie,2003,2003/2004
RKC Waalwijk,Wilko de Vogt,27,Goalkeeper,RBC Roosendaal,?,in,Summer,NA,Eredivisie,2003,2003/2004
RKC Waalwijk,Davy Claessens,20,Attacking Midfield,Eendracht Aalst,?,in,Summer,NA,Eredivisie,2003,2003/2004
RKC Waalwijk,Gábor Torma,26,Centre-Forward,Roda JC U21,?,in,Summer,NA,Eredivisie,2003,2003/2004
RKC Waalwijk,Jean Paulo,21,Attacking Midfield,Ajax U21,?,in,Summer,NA,Eredivisie,2003,2003/2004
RKC Waalwijk,Sven Doms,19,Defender,KV Mechelen,?,in,Summer,NA,Eredivisie,2003,2003/2004
RKC Waalwijk,Steve Olfers,21,Centre-Back,Feyenoord,Loan,in,Summer,0,Eredivisie,2003,2003/2004
RKC Waalwijk,Chakib Zbayri,19,Forward,RKC U21,-,in,Summer,0,Eredivisie,2003,2003/2004
RKC Waalwijk,Carlos van Wanrooij,35,Left Midfield,RBC Roosendaal,"End of loanJun 30, 2002",in,Summer,0,Eredivisie,2003,2003/2004
RKC Waalwijk,Kevin van der Geest,21,Midfielder,Scheveningen,Free transfer,out,Summer,0,Eredivisie,2003,2003/2004
RKC Waalwijk,Garry De Graef,28,Left-Back,De Graafschap,Free transfer,out,Summer,0,Eredivisie,2003,2003/2004
RKC Waalwijk,Rob van Dijk,34,Goalkeeper,PSV Eindhoven,?,out,Summer,NA,Eredivisie,2003,2003/2004
RKC Waalwijk,John van Loenhout,26,Attacking Midfield,VVV-Venlo,?,out,Summer,NA,Eredivisie,2003,2003/2004
RKC Waalwijk,Ivar van Dinteren,24,Attacking Midfield,FC Zwolle,?,out,Summer,NA,Eredivisie,2003,2003/2004
RKC Waalwijk,Tom van der Leegte,26,Defensive Midfield,ADO Den Haag,?,out,Summer,NA,Eredivisie,2003,2003/2004
RKC Waalwijk,Michael van der Heijden,21,Midfielder,FC Dordrecht,Loan,out,Summer,0,Eredivisie,2003,2003/2004
RKC Waalwijk,Jochen Janssen,27,Centre-Forward,Sint-Truiden,Loan,out,Summer,0,Eredivisie,2003,2003/2004
RKC Waalwijk,Peter van den Berg,31,Centre-Back,Feyenoord,?,out,Summer,NA,Eredivisie,2003,2003/2004
RKC Waalwijk,Carlos van Wanrooij,36,Left Midfield,RBC Roosendaal,?,out,Summer,NA,Eredivisie,2003,2003/2004
RKC Waalwijk,Jeremy Geleijns,22,Forward,Unknown,,out,Summer,NA,Eredivisie,2003,2003/2004
AZ Alkmaar,Stein Huysegems,21,Centre-Forward,Lierse SK,?,in,Summer,NA,Eredivisie,2003,2003/2004
AZ Alkmaar,Christy Bonevacia,18,Central Midfield,AZ Alkmaar U19,-,in,Summer,0,Eredivisie,2003,2003/2004
AZ Alkmaar,Tom Zoontjes,18,Centre-Back,AZ Alkmaar U19,-,in,Summer,0,Eredivisie,2003,2003/2004
AZ Alkmaar,Arjan Wisse,18,Left Winger,AZ Alkmaar U19,-,in,Summer,0,Eredivisie,2003,2003/2004
AZ Alkmaar,Menno Buddenberg,20,Midfielder,AZ Alkmaar U19,-,in,Summer,0,Eredivisie,2003,2003/2004
AZ Alkmaar,Henk Timmer,31,Goalkeeper,Ajax,"End of loanJun 30, 2003",in,Summer,0,Eredivisie,2003,2003/2004
AZ Alkmaar,Jamal Dibi,23,Attacking Midfield,Go Ahead Eagles,"End of loanJun 30, 2003",in,Summer,0,Eredivisie,2003,2003/2004
AZ Alkmaar,Hans van der Woude,23,Attacking Midfield,FC Dordrecht,"End of loanJun 30, 2003",in,Summer,0,Eredivisie,2003,2003/2004
AZ Alkmaar,Oscar Moens,30,Goalkeeper,Genoa,Free transfer,out,Summer,0,Eredivisie,2003,2003/2004
AZ Alkmaar,Jannes Wolters,24,Centre-Back,Emmen,Loan,out,Summer,0,Eredivisie,2003,2003/2004
AZ Alkmaar,Joost Volmer,29,Centre-Back,West Brom,?,out,Summer,NA,Eredivisie,2003,2003/2004
AZ Alkmaar,Kris Mampaey,32,Goalkeeper,FC Den Bosch,"End of loanJun 30, 2003",out,Summer,0,Eredivisie,2003,2003/2004
AZ Alkmaar,Michael Lamey,23,Right-Back,PSV Eindhoven,"End of loanJul 1, 2003",out,Summer,0,Eredivisie,2003,2003/2004
Willem II Tilburg,Peter Zoïs,25,Goalkeeper,NAC Breda,Free transfer,in,Summer,0,Eredivisie,2003,2003/2004
Willem II Tilburg,Bart Van den Eede,25,Centre-Forward,NAC Breda,Loan,in,Summer,0,Eredivisie,2003,2003/2004
Willem II Tilburg,Sven Delanoy,19,Defensive Midfield,Willem II U21,-,in,Summer,0,Eredivisie,2003,2003/2004
Willem II Tilburg,Frank van Mosselveld,19,Centre-Back,Willem II U19,-,in,Summer,0,Eredivisie,2003,2003/2004
Willem II Tilburg,Erik de Kruijk,18,Centre-Back,Willem II U19,-,in,Summer,0,Eredivisie,2003,2003/2004
Willem II Tilburg,Ricardo Smits,21,Defender,Willem II U21,-,in,Summer,0,Eredivisie,2003,2003/2004
Willem II Tilburg,Christophe Martin,28,Goalkeeper,Exc. Mouscron,Free transfer,out,Summer,0,Eredivisie,2003,2003/2004
Willem II Tilburg,Chris Janssens,34,Centre-Back,KVC Westerlo,Free transfer,out,Summer,0,Eredivisie,2003,2003/2004
Willem II Tilburg,Ousmane Sanou,25,Centre-Forward,FC Eindhoven,Free transfer,out,Summer,0,Eredivisie,2003,2003/2004
Willem II Tilburg,Regillio Simons,30,Centre-Forward,Kyoto Sanga,?,out,Summer,NA,Eredivisie,2003,2003/2004
Willem II Tilburg,Guy Veldeman,24,Left-Back,KV Kortrijk,?,out,Summer,NA,Eredivisie,2003,2003/2004
Willem II Tilburg,Frank van Kouwen,22,Centre-Back,FC Eindhoven,Loan,out,Summer,0,Eredivisie,2003,2003/2004
Willem II Tilburg,Cedric van der Gun,24,Centre-Forward,Ajax,"End of loanJun 30, 2003",out,Summer,0,Eredivisie,2003,2003/2004
Twente Enschede FC,Mo Allach,29,Right-Back,FC Dordrecht,£450Th.,in,Summer,0.45,Eredivisie,2003,2003/2004
Twente Enschede FC,Kim Christensen,23,Centre-Forward,Hamburger SV,Free transfer,in,Summer,0,Eredivisie,2003,2003/2004
Twente Enschede FC,Giorgi Gakhokidze,27,Left Winger,PSV Eindhoven,Free transfer,in,Summer,0,Eredivisie,2003,2003/2004
Twente Enschede FC,Arco Jochemsen,32,Right Midfield,FC Utrecht,Free transfer,in,Summer,0,Eredivisie,2003,2003/2004
Twente Enschede FC,Jelle ten Rouwelaar,22,Goalkeeper,PSV Eindhoven,Loan,in,Summer,0,Eredivisie,2003,2003/2004
Twente Enschede FC,Bas Sibum,20,Central Midfield,Emmen,?,in,Summer,NA,Eredivisie,2003,2003/2004
Twente Enschede FC,Adil Ramzi,25,Left Midfield,PSV Eindhoven,Loan,in,Summer,0,Eredivisie,2003,2003/2004
Twente Enschede FC,Blaise Nkufo,28,Centre-Forward,Hannover 96,Loan,in,Summer,0,Eredivisie,2003,2003/2004
Twente Enschede FC,Karim El Ahmadi,18,Defensive Midfield,FC Twente U19,-,in,Summer,0,Eredivisie,2003,2003/2004
Twente Enschede FC,Thijs Houwing,22,Forward,De Graafschap,Loan fee:£158Th.,out,Summer,0.158,Eredivisie,2003,2003/2004
Twente Enschede FC,Simon Cziommer,22,Central Midfield,FC Schalke 04,Free transfer,out,Summer,0,Eredivisie,2003,2003/2004
Twente Enschede FC,Vincent Voshaar,21,Left-Back,Eintr. Nordhorn,Free transfer,out,Summer,0,Eredivisie,2003,2003/2004
Twente Enschede FC,Ruud ter Heide,20,Centre-Forward,Eintr. Nordhorn,Free transfer,out,Summer,0,Eredivisie,2003,2003/2004
Twente Enschede FC,Marc Veurink,27,Goalkeeper,Eintr. Nordhorn,Free transfer,out,Summer,0,Eredivisie,2003,2003/2004
Twente Enschede FC,Jan Verlinden,26,Right-Back,KV Mechelen,Free transfer,out,Summer,0,Eredivisie,2003,2003/2004
Twente Enschede FC,Ellery Cairo,24,Right Winger,SC Freiburg,Free transfer,out,Summer,0,Eredivisie,2003,2003/2004
Twente Enschede FC,Fouzi El Brazi,26,Centre-Back,FAR Rabat,Free transfer,out,Summer,0,Eredivisie,2003,2003/2004
Twente Enschede FC,Kurt Van De Paar,25,Attacking Midfield,Trabzonspor,Free transfer,out,Summer,0,Eredivisie,2003,2003/2004
Twente Enschede FC,Sander Boschker,32,Goalkeeper,Ajax,Free transfer,out,Summer,0,Eredivisie,2003,2003/2004
Twente Enschede FC,Jack de Gier,34,Centre-Forward,SVZW Wierden,?,out,Summer,NA,Eredivisie,2003,2003/2004
Twente Enschede FC,Ibad Muhamadu,21,Centre-Forward,Cambuur L.,Loan,out,Summer,0,Eredivisie,2003,2003/2004
Twente Enschede FC,Chris De Witte,25,Centre-Forward,FC Groningen,?,out,Summer,NA,Eredivisie,2003,2003/2004
Twente Enschede FC,Jurgen Cavens,24,Centre-Forward,Standard Liège,"End of loanJun 30, 2003",out,Summer,0,Eredivisie,2003,2003/2004
RBC Roosendaal,Sammy Youssouf,26,Centre-Forward,Akademisk BK,Free transfer,in,Summer,0,Eredivisie,2003,2003/2004
RBC Roosendaal,Robert Molenaar,34,Centre-Back,Bradford,Free transfer,in,Summer,0,Eredivisie,2003,2003/2004
RBC Roosendaal,Danny Hesp,33,Centre-Back,NEC Nijmegen,Free transfer,in,Summer,0,Eredivisie,2003,2003/2004
RBC Roosendaal,Sidney Lammens,26,Right-Back,KVC Westerlo,Free transfer,in,Summer,0,Eredivisie,2003,2003/2004
RBC Roosendaal,Tininho,25,Left Midfield,América-MG,Free transfer,in,Summer,0,Eredivisie,2003,2003/2004
RBC Roosendaal,Ode Thompson,22,Centre-Forward,RSC Anderlecht,Free transfer,in,Summer,0,Eredivisie,2003,2003/2004
RBC Roosendaal,Pius Ikedia,23,Right Winger,Ajax,Loan,in,Summer,0,Eredivisie,2003,2003/2004
RBC Roosendaal,Damiën Hertog,28,Midfielder,De Graafschap,?,in,Summer,NA,Eredivisie,2003,2003/2004
RBC Roosendaal,Pablo Niño,25,Midfielder,Real Betis,Loan,in,Summer,0,Eredivisie,2003,2003/2004
RBC Roosendaal,Esad Razic,20,Left Midfield,Racing Ferrol,?,in,Summer,NA,Eredivisie,2003,2003/2004
RBC Roosendaal,Carlos van Wanrooij,36,Left Midfield,RKC Waalwijk,?,in,Summer,NA,Eredivisie,2003,2003/2004
RBC Roosendaal,Geert den Ouden,26,Centre-Forward,Djurgarden,Free transfer,out,Summer,0,Eredivisie,2003,2003/2004
RBC Roosendaal,David Nascimento,37,Centre-Back,Sparta R.,Free transfer,out,Summer,0,Eredivisie,2003,2003/2004
RBC Roosendaal,Mitchell Piqué,23,Left-Back,TOP Oss,Free transfer,out,Summer,0,Eredivisie,2003,2003/2004
RBC Roosendaal,Henk Vos,35,Centre-Forward,NAC Breda,Free transfer,out,Summer,0,Eredivisie,2003,2003/2004
RBC Roosendaal,Jeroen van Wetten,23,Forward,Noordwijk,Free transfer,out,Summer,0,Eredivisie,2003,2003/2004
RBC Roosendaal,Sander Keller,23,Centre-Back,FC Utrecht,?,out,Summer,NA,Eredivisie,2003,2003/2004
RBC Roosendaal,Wilko de Vogt,27,Goalkeeper,RKC Waalwijk,?,out,Summer,NA,Eredivisie,2003,2003/2004
RBC Roosendaal,Marcel van der Sloot,23,Attacking Midfield,TOP Oss,?,out,Summer,NA,Eredivisie,2003,2003/2004
RBC Roosendaal,Carlos van Wanrooij,36,Left Midfield,De Graafschap,?,out,Summer,NA,Eredivisie,2003,2003/2004
RBC Roosendaal,Wim de Ron,33,Goalkeeper,Retired,-,out,Summer,0,Eredivisie,2003,2003/2004
RBC Roosendaal,Nordin Wooter,25,Right Winger,Without Club,-,out,Summer,0,Eredivisie,2003,2003/2004
RBC Roosendaal,Ebou Sillah,23,Left Winger,Club Brugge,"End of loanJun 30, 2003",out,Summer,0,Eredivisie,2003,2003/2004
RBC Roosendaal,Pascal Heije,23,Defensive Midfield,Ajax U21,"End of loanJun 1, 2003",out,Summer,0,Eredivisie,2003,2003/2004
RBC Roosendaal,Carlos van Wanrooij,35,Left Midfield,RKC Waalwijk,"End of loanJun 30, 2002",out,Summer,0,Eredivisie,2003,2003/2004
Vitesse Arnhem,Bert Konterman,32,Centre-Back,Rangers,Free transfer,in,Summer,0,Eredivisie,2003,2003/2004
Vitesse Arnhem,Faouzi Azoum,21,Defender,Go Ahead Eagles,?,in,Summer,NA,Eredivisie,2003,2003/2004
Vitesse Arnhem,Peter van Vossen,35,Left Winger,VV Bennekom,?,in,Summer,NA,Eredivisie,2003,2003/2004
Vitesse Arnhem,Jaap Davids,18,Centre-Back,Vitesse U19,-,in,Summer,0,Eredivisie,2003,2003/2004
Vitesse Arnhem,Raymond Fafiani,19,Central Midfield,Vitesse U19,-,in,Summer,0,Eredivisie,2003,2003/2004
Vitesse Arnhem,Jhonny van Beukering,19,Centre-Forward,FC Zwolle,"End of loanJun 30, 2003",in,Summer,0,Eredivisie,2003,2003/2004
Vitesse Arnhem,Bas Wijnen,22,Goalkeeper,Go Ahead Eagles,"End of loanJun 30, 2003",in,Summer,0,Eredivisie,2003,2003/2004
Vitesse Arnhem,Dejan Stefanovic,28,Centre-Back,Portsmouth,£2.25m,out,Summer,2.25,Eredivisie,2003,2003/2004
Vitesse Arnhem,Riga Mustapha,21,Right Winger,Sparta R.,Free transfer,out,Summer,0,Eredivisie,2003,2003/2004
Vitesse Arnhem,Theo Janssen,21,Central Midfield,KRC Genk,Loan,out,Summer,0,Eredivisie,2003,2003/2004
Vitesse Arnhem,Yevgen Levchenko,25,Central Midfield,Sparta R.,Free transfer,out,Summer,0,Eredivisie,2003,2003/2004
Vitesse Arnhem,Stefan Nanu,34,Right-Back,Steaua Bukarest,Free transfer,out,Summer,0,Eredivisie,2003,2003/2004
Vitesse Arnhem,Marian Zeman,28,Centre-Back,Beira-Mar,?,out,Summer,NA,Eredivisie,2003,2003/2004
Vitesse Arnhem,Bob Peeters,29,Centre-Forward,Millwall,?,out,Summer,NA,Eredivisie,2003,2003/2004
Vitesse Arnhem,Bas Wijnen,22,Goalkeeper,VVV-Venlo,Loan,out,Summer,0,Eredivisie,2003,2003/2004
Vitesse Arnhem,Jan van Halst,34,Defensive Midfield,Retired,-,out,Summer,0,Eredivisie,2003,2003/2004
Vitesse Arnhem,Louis Laros,30,Left Midfield,Retired,-,out,Summer,0,Eredivisie,2003,2003/2004
FC Groningen,Antoine van der Linden,27,Centre-Back,Emmen,Free transfer,in,Summer,0,Eredivisie,2003,2003/2004
FC Groningen,Regillio Vrede,30,Centre-Back,Iraklis,Free transfer,in,Summer,0,Eredivisie,2003,2003/2004
FC Groningen,Arvid Smit,22,Central Midfield,De Graafschap,Free transfer,in,Summer,0,Eredivisie,2003,2003/2004
FC Groningen,Jeroen Lambers,22,Goalkeeper,Zwartemeer,Free transfer,in,Summer,0,Eredivisie,2003,2003/2004
FC Groningen,Brian Pinas,24,Left Winger,Feyenoord,Free transfer,in,Summer,0,Eredivisie,2003,2003/2004
FC Groningen,Ray Fränkel,20,Centre-Back,Feyenoord U21,?,in,Summer,NA,Eredivisie,2003,2003/2004
FC Groningen,Chris De Witte,25,Centre-Forward,Twente FC,?,in,Summer,NA,Eredivisie,2003,2003/2004
FC Groningen,Valery Sedoc,17,Right-Back,Groningen U19,-,in,Summer,0,Eredivisie,2003,2003/2004
FC Groningen,Johannes Thór Hardarson,26,Defensive Midfield,Veendam,"End of loanJun 30, 2003",in,Summer,0,Eredivisie,2003,2003/2004
FC Groningen,Anton Jongsma,20,Right Winger,Veendam,"End of loanJun 30, 2003",in,Summer,0,Eredivisie,2003,2003/2004
FC Groningen,Jordi Hoogstrate,20,Central Midfield,PSV Eindhoven,£2.88m,out,Summer,2.88,Eredivisie,2003,2003/2004
FC Groningen,Magnus Johansson,29,Right-Back,IFK Göteborg,Free transfer,out,Summer,0,Eredivisie,2003,2003/2004
FC Groningen,Egbert Darwinkel,37,Goalkeeper,Veendam,Free transfer,out,Summer,0,Eredivisie,2003,2003/2004
FC Groningen,Joost Broerse,24,Centre-Back,FC Utrecht,Free transfer,out,Summer,0,Eredivisie,2003,2003/2004
FC Groningen,Anton Jongsma,20,Right Winger,Achilles 1894,Free transfer,out,Summer,0,Eredivisie,2003,2003/2004
FC Groningen,Claus Boekweg,37,Centre-Back,Emmen,?,out,Summer,NA,Eredivisie,2003,2003/2004
FC Groningen,Peter van der Slot,22,Right Winger,Achilles 1894,?,out,Summer,NA,Eredivisie,2003,2003/2004
FC Groningen,Magnus Johansson,31,Defender,IFK Göteborg,?,out,Summer,NA,Eredivisie,2003,2003/2004
FC Groningen,Dejan Curovic,34,Centre-Forward,Retired,-,out,Summer,0,Eredivisie,2003,2003/2004
FC Groningen,Pius Ikedia,22,Right Winger,Ajax,"End of loanJun 30, 2003",out,Summer,0,Eredivisie,2003,2003/2004
FC Groningen,Jelle ten Rouwelaar,22,Goalkeeper,PSV Eindhoven,"End of loanJun 30, 2003",out,Summer,0,Eredivisie,2003,2003/2004
FC Zwolle,Marco Parnela,22,Centre-Back,FC Thun,Free transfer,in,Summer,0,Eredivisie,2003,2003/2004
FC Zwolle,Robert-Jan Ravensbergen,24,Centre-Back,FC Volendam,Free transfer,in,Summer,0,Eredivisie,2003,2003/2004
FC Zwolle,Gjorgji Hristov,27,Centre-Forward,NEC Nijmegen,Free transfer,in,Summer,0,Eredivisie,2003,2003/2004
FC Zwolle,Dennis van der Kraan,19,Goalkeeper,TOP Oss,Free transfer,in,Summer,0,Eredivisie,2003,2003/2004
FC Zwolle,Albert Michael Yobo,24,Centre-Back,Grazer AK,?,in,Summer,NA,Eredivisie,2003,2003/2004
FC Zwolle,Ivar van Dinteren,24,Attacking Midfield,RKC Waalwijk,?,in,Summer,NA,Eredivisie,2003,2003/2004
FC Zwolle,Henk van Steeg,28,Midfielder,Cambuur L.,Free transfer,out,Summer,0,Eredivisie,2003,2003/2004
FC Zwolle,Maarten Schops,27,Defensive Midfield,FC Den Bosch,Free transfer,out,Summer,0,Eredivisie,2003,2003/2004
FC Zwolle,Eric Jan Lijzen,22,Midfielder,Be Quick '28,Free transfer,out,Summer,0,Eredivisie,2003,2003/2004
FC Zwolle,Michel Doesburg,34,Right-Back,ADO '20,Free transfer,out,Summer,0,Eredivisie,2003,2003/2004
FC Zwolle,Marcel Boudesteijn,31,Midfielder,Genemuiden,Free transfer,out,Summer,0,Eredivisie,2003,2003/2004
FC Zwolle,Henry Louwdijk,25,Goalkeeper,Veendam,?,out,Summer,NA,Eredivisie,2003,2003/2004
FC Zwolle,Richard Roelofsen,33,Centre-Forward,Heracles Almelo,?,out,Summer,NA,Eredivisie,2003,2003/2004
FC Zwolle,Robert Wijnands,31,Centre-Back,TOP Oss,?,out,Summer,NA,Eredivisie,2003,2003/2004
FC Zwolle,Jhonny van Beukering,19,Centre-Forward,Vitesse,"End of loanJun 30, 2003",out,Summer,0,Eredivisie,2003,2003/2004
FC Zwolle,Ruud Kras,21,Centre-Back,Ajax,"End of loanJun 30, 2003",out,Summer,0,Eredivisie,2003,2003/2004
FC Volendam,Niels van Duijn,18,Right-Back,Feyenoord U19,Free transfer,in,Summer,0,Eredivisie,2003,2003/2004
FC Volendam,Ruud Kras,21,Centre-Back,Ajax,Loan,in,Summer,0,Eredivisie,2003,2003/2004
FC Volendam,Lindsay Wilson,24,Left Midfield,PSV Eindhoven,Loan,in,Summer,0,Eredivisie,2003,2003/2004
FC Volendam,Orlando Smeekes,21,Left Midfield,Stormvogels,?,in,Summer,NA,Eredivisie,2003,2003/2004
FC Volendam,Kees Kwakman,20,Defensive Midfield,Volendam U21,-,in,Summer,0,Eredivisie,2003,2003/2004
FC Volendam,Charles Jr. Dissels,18,Right Winger,Volendam U19,-,in,Summer,0,Eredivisie,2003,2003/2004
FC Volendam,Robert-Jan Ravensbergen,24,Centre-Back,FC Zwolle,Free transfer,out,Summer,0,Eredivisie,2003,2003/2004
FC Volendam,Tom Kwakman,22,Goalkeeper,FC Omniworld,Free transfer,out,Summer,0,Eredivisie,2003,2003/2004
FC Volendam,Jermaine Holwijn,30,Forward,DOVO,Free transfer,out,Summer,0,Eredivisie,2003,2003/2004
FC Volendam,Ricardo Appelman,26,Defender,Hollandia,Free transfer,out,Summer,0,Eredivisie,2003,2003/2004
FC Volendam,Arturo ten Heuvel,24,Left Midfield,Haarlem,?,out,Summer,NA,Eredivisie,2003,2003/2004
FC Volendam,Patrick Leeflang,28,Centre-Back,AFC '34,?,out,Summer,NA,Eredivisie,2003,2003/2004
ADO Den Haag,Rik Platvoet,27,Centre-Forward,Heracles Almelo,Free transfer,in,Summer,0,Eredivisie,2003,2003/2004
ADO Den Haag,Kofi Mensah,25,Right-Back,NAC Breda,Free transfer,in,Summer,0,Eredivisie,2003,2003/2004
ADO Den Haag,Dorus de Vries,22,Goalkeeper,Stormvogels,Free transfer,in,Summer,0,Eredivisie,2003,2003/2004
ADO Den Haag,Youssef El Akchaoui,22,Left-Back,Union Berlin,Free transfer,in,Summer,0,Eredivisie,2003,2003/2004
ADO Den Haag,Cedric van der Gun,24,Centre-Forward,Ajax,Free transfer,in,Summer,0,Eredivisie,2003,2003/2004
ADO Den Haag,Robert van Boxel,20,Centre-Back,PSV Eindhoven,?,in,Summer,NA,Eredivisie,2003,2003/2004
ADO Den Haag,Tom van der Leegte,26,Defensive Midfield,RKC Waalwijk,?,in,Summer,NA,Eredivisie,2003,2003/2004
ADO Den Haag,Wesley Zandstra,19,Right-Back,ADO U19,-,in,Summer,0,Eredivisie,2003,2003/2004
ADO Den Haag,Stefan Huisman,19,Attacking Midfield,ADO U19,-,in,Summer,0,Eredivisie,2003,2003/2004
ADO Den Haag,Geoffrey Knijnenburg,20,Right Winger,ADO U21,-,in,Summer,0,Eredivisie,2003,2003/2004
ADO Den Haag,Sandro Calabro,20,Centre-Forward,FC Utrecht,Free transfer,out,Summer,0,Eredivisie,2003,2003/2004
ADO Den Haag,Marco Meijer,31,Midfielder,Excelsior M,Free transfer,out,Summer,0,Eredivisie,2003,2003/2004
ADO Den Haag,Remco Heerkens,25,Defensive Midfield,RW Essen,?,out,Summer,NA,Eredivisie,2003,2003/2004
ADO Den Haag,Dennis den Turk,34,Right Midfield,Quick Boys,?,out,Summer,NA,Eredivisie,2003,2003/2004
ADO Den Haag,Ben Kinds,20,Goalkeeper,Unknown,?,out,Summer,NA,Eredivisie,2003,2003/2004
ADO Den Haag,Santi Kolk,21,Right Winger,Heerenveen,"End of loanJun 30, 2003",out,Summer,0,Eredivisie,2003,2003/2004
PSV Eindhoven,Ibrahim Afellay,17,Left Midfield,PSV U19,-,in,Winter,0,Eredivisie,2003,2003/2004
PSV Eindhoven,Eric Addo,25,Centre-Back,Roda JC,"End of loanDec 31, 2003",in,Winter,0,Eredivisie,2003,2003/2004
PSV Eindhoven,Ernest Faber,32,Centre-Back,Retired,-,out,Winter,0,Eredivisie,2003,2003/2004
Ajax Amsterdam,Giannis Anastasiou,30,Centre-Forward,Roda JC,£720Th.,in,Winter,0.72,Eredivisie,2003,2003/2004
Ajax Amsterdam,Petri Pasanen,23,Centre-Back,Portsmouth,Loan fee:£270Th.,out,Winter,0.27,Eredivisie,2003,2003/2004
Ajax Amsterdam,Wamberto,29,Right Winger,RAEC Mons,?,out,Winter,NA,Eredivisie,2003,2003/2004
Feyenoord Rotterdam,Patrick Mtiliga,22,Left-Back,Excelsior,?,in,Winter,NA,Eredivisie,2003,2003/2004
Feyenoord Rotterdam,Pieter Collen,23,Centre-Back,NAC Breda,"End of loanDec 31, 2003",in,Winter,0,Eredivisie,2003,2003/2004
Feyenoord Rotterdam,Glenn Loovens,20,Centre-Back,Excelsior,Loan,out,Winter,0,Eredivisie,2003,2003/2004
Feyenoord Rotterdam,Salomon Kalou,18,Left Winger,Excelsior,Loan,out,Winter,0,Eredivisie,2003,2003/2004
Feyenoord Rotterdam,Leonardo,27,Right-Back,ADO Den Haag,Loan,out,Winter,0,Eredivisie,2003,2003/2004
NAC Breda,Arno van Zwam,34,Goalkeeper,Without Club,-,in,Winter,0,Eredivisie,2003,2003/2004
NAC Breda,Wilmer Kousemaker,18,Left Midfield,NAC Breda U19,-,in,Winter,0,Eredivisie,2003,2003/2004
NAC Breda,Kevin Bobson,23,Left Winger,Espanyol,?,out,Winter,NA,Eredivisie,2003,2003/2004
NAC Breda,Pieter Collen,23,Centre-Back,Feyenoord,"End of loanDec 31, 2003",out,Winter,0,Eredivisie,2003,2003/2004
NEC Nijmegen,Andrzej Niedzielan,24,Centre-Forward,Grodzisk,£900Th.,in,Winter,0.9,Eredivisie,2003,2003/2004
NEC Nijmegen,Édgar Barreto,19,Central Midfield,Cerro Porteño,£720Th.,in,Winter,0.72,Eredivisie,2003,2003/2004
NEC Nijmegen,Björn van der Doelen,27,Central Midfield,Twente FC,Loan fee:£158Th.,in,Winter,0.158,Eredivisie,2003,2003/2004
NEC Nijmegen,Tininho,26,Left Midfield,RBC Roosendaal,?,in,Winter,NA,Eredivisie,2003,2003/2004
NEC Nijmegen,Thijs Hendriks,19,Right Winger,NEC U19,-,in,Winter,0,Eredivisie,2003,2003/2004
NEC Nijmegen,Charles Kazlauskas,21,Right-Back,Fortuna Sittard,Loan,out,Winter,0,Eredivisie,2003,2003/2004
NEC Nijmegen,Dennis de Nooijer,34,Centre-Forward,Sparta R.,?,out,Winter,NA,Eredivisie,2003,2003/2004
Roda JC Kerkrade,Iwan Redan,23,Centre-Forward,RKC Waalwijk,Loan,in,Winter,0,Eredivisie,2003,2003/2004
Roda JC Kerkrade,Marco van Hoogdalem,31,Centre-Back,FC Schalke 04,Loan,in,Winter,0,Eredivisie,2003,2003/2004
Roda JC Kerkrade,Mohammed El Berkani,20,Right Winger,Roda JC U19,-,in,Winter,0,Eredivisie,2003,2003/2004
Roda JC Kerkrade,Giannis Anastasiou,30,Centre-Forward,Ajax,£720Th.,out,Winter,0.72,Eredivisie,2003,2003/2004
Roda JC Kerkrade,Fredrik Berglund,24,Centre-Forward,Esbjerg fB,£135Th.,out,Winter,0.135,Eredivisie,2003,2003/2004
Roda JC Kerkrade,Humphrey Rudge,26,Centre-Back,VVV-Venlo,Loan,out,Winter,0,Eredivisie,2003,2003/2004
Roda JC Kerkrade,Gerrit Bürk,22,Right-Back,F. Düsseldorf,Free transfer,out,Winter,0,Eredivisie,2003,2003/2004
Roda JC Kerkrade,Eric Addo,25,Centre-Back,PSV Eindhoven,"End of loanDec 31, 2003",out,Winter,0,Eredivisie,2003,2003/2004
SC Heerenveen,Daniel Berg Hestad,28,Defensive Midfield,Molde,Free transfer,in,Winter,0,Eredivisie,2003,2003/2004
SC Heerenveen,Romano Denneboom,22,Right Winger,Willem II,Free transfer,out,Winter,0,Eredivisie,2003,2003/2004
SC Heerenveen,Abgar Barsom,26,Central Midfield,Djurgarden,Free transfer,out,Winter,0,Eredivisie,2003,2003/2004
SC Heerenveen,Mark-Jan Fledderus,21,Left-Back,Stormvogels,Loan,out,Winter,0,Eredivisie,2003,2003/2004
SC Heerenveen,Santi Kolk,21,Right Winger,FC Den Bosch,Loan,out,Winter,0,Eredivisie,2003,2003/2004
FC Utrecht,Paulus Roiha,23,Centre-Forward,FC Zwolle,Loan,out,Winter,0,Eredivisie,2003,2003/2004
FC Utrecht,Sigmundur Kristjánsson,20,Midfielder,KR Reykjavík,Free transfer,out,Winter,0,Eredivisie,2003,2003/2004
FC Utrecht,Toshiya Fujita,32,Central Midfield,Júbilo Iwata,"End of loanDec 31, 2003",out,Winter,0,Eredivisie,2003,2003/2004
RKC Waalwijk,Bernardo Vasconcelos,24,Centre-Forward,Torreense,Free transfer,in,Winter,0,Eredivisie,2003,2003/2004
RKC Waalwijk,Ronayne Marsh-Brown,19,Left-Back,Gillingham FC,Free transfer,in,Winter,0,Eredivisie,2003,2003/2004
RKC Waalwijk,Raymond van der Gouw,40,Goalkeeper,Without Club,-,in,Winter,0,Eredivisie,2003,2003/2004
RKC Waalwijk,Ron Heesakkers,25,Centre-Forward,Helmond Sport,"End of loanDec 31, 2003",in,Winter,0,Eredivisie,2003,2003/2004
RKC Waalwijk,Abdes Assouiki,22,Attacking Midfield,Triborgh,Free transfer,out,Winter,0,Eredivisie,2003,2003/2004
RKC Waalwijk,Iwan Redan,23,Centre-Forward,Roda JC,Loan,out,Winter,0,Eredivisie,2003,2003/2004
RKC Waalwijk,Yuri Nikiforov,33,Centre-Back,Urawa Reds,Free transfer,out,Winter,0,Eredivisie,2003,2003/2004
RKC Waalwijk,Davy Claessens,20,Attacking Midfield,Eendracht Aalst,?,out,Winter,NA,Eredivisie,2003,2003/2004
AZ Alkmaar,Denny Landzaat,27,Central Midfield,Willem II,Free transfer,in,Winter,0,Eredivisie,2003,2003/2004
AZ Alkmaar,Jamal Dibi,24,Attacking Midfield,Stormvogels,Loan,out,Winter,0,Eredivisie,2003,2003/2004
Willem II Tilburg,Romano Denneboom,22,Right Winger,Heerenveen,Free transfer,in,Winter,0,Eredivisie,2003,2003/2004
Willem II Tilburg,Antony Spinosa,18,Defender,Standard Res.,Free transfer,in,Winter,0,Eredivisie,2003,2003/2004
Willem II Tilburg,Frank van der Struijk,18,Right-Back,Willem II U19,-,in,Winter,0,Eredivisie,2003,2003/2004
Willem II Tilburg,Jatto Ceesay,29,Right Winger,Hilal,Free transfer,out,Winter,0,Eredivisie,2003,2003/2004
Willem II Tilburg,Denny Landzaat,27,Central Midfield,AZ Alkmaar,Free transfer,out,Winter,0,Eredivisie,2003,2003/2004
Willem II Tilburg,Mourad Mghizrat,29,Midfielder,Emmen,Loan,out,Winter,0,Eredivisie,2003,2003/2004
Willem II Tilburg,Özcan Özkaya,22,Forward,FC Eindhoven,Loan,out,Winter,0,Eredivisie,2003,2003/2004
Twente Enschede FC,Simon Cziommer,23,Central Midfield,FC Schalke 04,Loan fee:£135Th.,in,Winter,0.135,Eredivisie,2003,2003/2004
Twente Enschede FC,Remko Pasveer,20,Goalkeeper,FC Twente U21,-,in,Winter,0,Eredivisie,2003,2003/2004
Twente Enschede FC,Collins John,18,Centre-Forward,Fulham,£3.15m,out,Winter,3.15,Eredivisie,2003,2003/2004
Twente Enschede FC,Björn van der Doelen,27,Central Midfield,NEC Nijmegen,Loan fee:£158Th.,out,Winter,0.158,Eredivisie,2003,2003/2004
Twente Enschede FC,Daniel Côrtes,23,Left Midfield,Botafogo,?,out,Winter,NA,Eredivisie,2003,2003/2004
RBC Roosendaal,Marcel Cas,31,Right-Back,Grimsby Town,?,in,Winter,NA,Eredivisie,2003,2003/2004
RBC Roosendaal,Peter Maseland,25,Right Midfield,Haarlem,Free transfer,out,Winter,0,Eredivisie,2003,2003/2004
RBC Roosendaal,Tininho,26,Left Midfield,NEC Nijmegen,?,out,Winter,NA,Eredivisie,2003,2003/2004
Vitesse Arnhem,Paulo Rink,30,Centre-Forward,Olympiakos N.,Free transfer,in,Winter,0,Eredivisie,2003,2003/2004
Vitesse Arnhem,Aleksandar Ilic,34,Centre-Back,RSC Anderlecht,?,in,Winter,NA,Eredivisie,2003,2003/2004
Vitesse Arnhem,Theo Janssen,22,Central Midfield,KRC Genk,"End of loanDec 31, 2003",in,Winter,0,Eredivisie,2003,2003/2004
Vitesse Arnhem,Gert Claessens,31,Left Midfield,KRC Genk,Free transfer,out,Winter,0,Eredivisie,2003,2003/2004
Vitesse Arnhem,Didier Martel,32,Forward,Helmond Sport,Free transfer,out,Winter,0,Eredivisie,2003,2003/2004
FC Groningen,Mark Veldmate,19,Centre-Forward,Groningen U19,-,in,Winter,0,Eredivisie,2003,2003/2004
FC Groningen,Raymond Bronkhorst,25,Right Midfield,Cambuur L.,Loan,out,Winter,0,Eredivisie,2003,2003/2004
FC Groningen,Johannes Thór Hardarson,27,Defensive Midfield,Start,Free transfer,out,Winter,0,Eredivisie,2003,2003/2004
FC Zwolle,Paulus Roiha,23,Centre-Forward,FC Utrecht,Loan,in,Winter,0,Eredivisie,2003,2003/2004
FC Zwolle,Jasar Takak,21,Central Midfield,PSV U21,Loan,in,Winter,0,Eredivisie,2003,2003/2004
FC Zwolle,Mauro Almeida,21,Centre-Back,CF Estrela,Free transfer,in,Winter,0,Eredivisie,2003,2003/2004
FC Volendam,Erik Homan,21,Right Winger,AZ Alkmaar U21,Free transfer,in,Winter,0,Eredivisie,2003,2003/2004
ADO Den Haag,Alberto Saavedra,22,Centre-Back,CD Numancia,£180Th.,in,Winter,0.18,Eredivisie,2003,2003/2004
ADO Den Haag,Kazuyuki Toda,26,Defensive Midfield,Shimizu S-Pulse,Loan,in,Winter,0,Eredivisie,2003,2003/2004
ADO Den Haag,Regillio Simons,30,Centre-Forward,Kyoto Sanga,?,in,Winter,NA,Eredivisie,2003,2003/2004
ADO Den Haag,Tarik Oulida,29,Left Midfield,C'dole Sapporo,?,in,Winter,NA,Eredivisie,2003,2003/2004
ADO Den Haag,Leonardo,27,Right-Back,Feyenoord,Loan,in,Winter,0,Eredivisie,2003,2003/2004
ADO Den Haag,Maurice Verberne,32,Centre-Back,MVV Maastricht,Loan,out,Winter,0,Eredivisie,2003,2003/2004
ADO Den Haag,Wesley Zandstra,19,Right-Back,TOP Oss,Loan,out,Winter,0,Eredivisie,2003,2003/2004
ADO Den Haag,Revy Rosalia,21,Defensive Midfield,Haarlem,Free transfer,out,Winter,0,Eredivisie,2003,2003/2004
ADO Den Haag,Gijs Cales,26,Centre-Forward,VVV-Venlo,?,out,Winter,NA,Eredivisie,2003,2003/2004
ADO Den Haag,Arjan van der Laan,34,Attacking Midfield,FC Dordrecht,?,out,Winter,NA,Eredivisie,2003,2003/2004
