club_name,player_name,age,position,club_involved_name,fee,transfer_movement,transfer_period,fee_cleaned,league_name,year,season
Olympique Lyon,Michael Essien,20,Defensive Midfield,SC Bastia,£10.53m,in,Summer,10.53,Ligue 1,2003,2003/2004
Olympique Lyon,Anthony Réveillère,23,Right-Back,Stade Rennais,£5.04m,in,Summer,5.04,Ligue 1,2003,2003/2004
Olympique Lyon,Giovane Elber,31,Centre-Forward,Bayern Munich,£3.78m,in,Summer,3.78,Ligue 1,2003,2003/2004
Olympique Lyon,Florent Malouda,23,Left Winger,Guingamp,£3.60m,in,Summer,3.6,Ligue 1,2003,2003/2004
Olympique Lyon,Jérémy Berthod,19,Left-Back,Olymp. Lyon B,-,in,Summer,0,Ligue 1,2003,2003/2004
Olympique Lyon,Romain Sartre,20,Centre-Back,Olymp. Lyon B,-,in,Summer,0,Ligue 1,2003,2003/2004
Olympique Lyon,Johann Truchet,19,Right-Back,Olymp. Lyon B,-,in,Summer,0,Ligue 1,2003,2003/2004
Olympique Lyon,Jérémy Clément,18,Defensive Midfield,Olymp. Lyon B,-,in,Summer,0,Ligue 1,2003,2003/2004
Olympique Lyon,Roland Vieira,23,Centre-Forward,FC Sion,"End of loanJun 30, 2003",in,Summer,0,Ligue 1,2003,2003/2004
Olympique Lyon,Jérémie Bréchet,24,Centre-Back,Inter,£2.70m,out,Summer,2.7,Ligue 1,2003,2003/2004
Olympique Lyon,Florent Laville,29,Centre-Back,Bolton,£675Th.,out,Summer,0.675,Ligue 1,2003,2003/2004
Olympique Lyon,Philippe Violeau,32,Defensive Midfield,AJ Auxerre,£360Th.,out,Summer,0.36,Ligue 1,2003,2003/2004
Olympique Lyon,Florent Balmont,23,Central Midfield,Toulouse,Loan,out,Summer,0,Ligue 1,2003,2003/2004
Olympique Lyon,Nicolas Priet,20,Centre-Back,Leicester,Free transfer,out,Summer,0,Ligue 1,2003,2003/2004
Olympique Lyon,Sonny Anderson,32,Centre-Forward,Villarreal,Free transfer,out,Summer,0,Ligue 1,2003,2003/2004
Olympique Lyon,Alexandre Hauw,21,Left Midfield,FC Rouen 1899,Loan,out,Summer,0,Ligue 1,2003,2003/2004
Olympique Lyon,Roland Vieira,23,Centre-Forward,Lib.-St.-Seurin,Free transfer,out,Summer,0,Ligue 1,2003,2003/2004
Olympique Lyon,Frédéric Née,28,Centre-Forward,SC Bastia,Free transfer,out,Summer,0,Ligue 1,2003,2003/2004
Olympique Lyon,Jean-Marc Chanelet,34,Right-Back,Grenoble,Free transfer,out,Summer,0,Ligue 1,2003,2003/2004
AS Monaco,Emmanuel Adebayor,19,Centre-Forward,FC Metz,£2.88m,in,Summer,2.88,Ligue 1,2003,2003/2004
AS Monaco,Fernando Morientes,27,Centre-Forward,Real Madrid,Loan,in,Summer,0,Ligue 1,2003,2003/2004
AS Monaco,Joseph Dayo Oshadogan,27,Centre-Back,Cosenza,Free transfer,in,Summer,0,Ligue 1,2003,2003/2004
AS Monaco,Édouard Cissé,25,Defensive Midfield,Paris SG,Loan,in,Summer,0,Ligue 1,2003,2003/2004
AS Monaco,Hugo Ibarra,29,Right-Back,FC Porto,Loan,in,Summer,0,Ligue 1,2003,2003/2004
AS Monaco,Jim Ablancourt,19,Centre-Back,Monaco B,-,in,Summer,0,Ligue 1,2003,2003/2004
AS Monaco,Nicolas Raynier,19,Centre-Forward,Monaco B,-,in,Summer,0,Ligue 1,2003,2003/2004
AS Monaco,Marco Ramos,20,Left-Back,Monaco B,-,in,Summer,0,Ligue 1,2003,2003/2004
AS Monaco,Laurent Mohellebi,19,Midfielder,Monaco B,-,in,Summer,0,Ligue 1,2003,2003/2004
AS Monaco,Jaroslav Plasil,21,Central Midfield,US Créteil,"End of loanJun 30, 2003",in,Summer,0,Ligue 1,2003,2003/2004
AS Monaco,Rafael Márquez,24,Centre-Back,FC Barcelona,£4.73m,out,Summer,4.73,Ligue 1,2003,2003/2004
AS Monaco,Marcelo Gallardo,27,Attacking Midfield,River Plate,Free transfer,out,Summer,0,Ligue 1,2003,2003/2004
AS Monaco,Franck Jurietti,28,Left-Back,G. Bordeaux,Free transfer,out,Summer,0,Ligue 1,2003,2003/2004
AS Monaco,Vladimir Jugovic,33,Left Midfield,Admira Wacker,Free transfer,out,Summer,0,Ligue 1,2003,2003/2004
AS Monaco,Bruno Irles,27,Centre-Back,Retired,Free transfer,out,Summer,0,Ligue 1,2003,2003/2004
AS Monaco,Cédric Stoll,21,Forward,SC Schiltigheim,Free transfer,out,Summer,0,Ligue 1,2003,2003/2004
AS Monaco,Pontus Farnerud,23,Central Midfield,R. Strasbourg,Loan,out,Summer,0,Ligue 1,2003,2003/2004
AS Monaco,Diego Ramiro Quintero,25,Centre-Forward,AC Bellinzona,?,out,Summer,NA,Ligue 1,2003,2003/2004
AS Monaco,Éric Cubilier,23,Right-Back,Paris SG,Loan,out,Summer,0,Ligue 1,2003,2003/2004
AS Monaco,José-Karl Pierre-Fanfan,27,Centre-Back,Paris SG,Loan,out,Summer,0,Ligue 1,2003,2003/2004
AS Monaco,Abel Thermeus,20,Centre-Forward,US Créteil,?,out,Summer,NA,Ligue 1,2003,2003/2004
AS Monaco,Mazhar Abdelrahman,26,Forward,LB Châteauroux,Loan,out,Summer,0,Ligue 1,2003,2003/2004
AS Monaco,Marco Simone,34,Centre-Forward,Without Club,-,out,Summer,0,Ligue 1,2003,2003/2004
Olympique Marseille,Mido,20,Centre-Forward,Ajax,£5.40m,in,Summer,5.4,Ligue 1,2003,2003/2004
Olympique Marseille,Didier Drogba,25,Centre-Forward,Guingamp,£5.40m,in,Summer,5.4,Ligue 1,2003,2003/2004
Olympique Marseille,Stepan Vachousek,23,Left Midfield,Slavia Prague,£2.25m,in,Summer,2.25,Ligue 1,2003,2003/2004
Olympique Marseille,Rudi Skacel,24,Left Midfield,Slavia Prague,£1.44m,in,Summer,1.44,Ligue 1,2003,2003/2004
Olympique Marseille,Habib Bèye,25,Right-Back,R. Strasbourg,£990Th.,in,Summer,0.99,Ligue 1,2003,2003/2004
Olympique Marseille,Philippe Christanval,24,Centre-Back,FC Barcelona,Free transfer,in,Summer,0,Ligue 1,2003,2003/2004
Olympique Marseille,Sylvain N'Diaye,27,Defensive Midfield,LOSC Lille,Free transfer,in,Summer,0,Ligue 1,2003,2003/2004
Olympique Marseille,Steve Marlet,29,Centre-Forward,Fulham,Loan,in,Summer,0,Ligue 1,2003,2003/2004
Olympique Marseille,Camel Meriem,23,Attacking Midfield,G. Bordeaux,Loan,in,Summer,0,Ligue 1,2003,2003/2004
Olympique Marseille,Lamine Sakho,26,Left Winger,Leeds,"End of loanMay 31, 2004",in,Summer,0,Ligue 1,2003,2003/2004
Olympique Marseille,Salomon Olembé,23,Left Midfield,Leeds,"End of loanMay 1, 2004",in,Summer,0,Ligue 1,2003,2003/2004
Olympique Marseille,Mathieu Flamini,19,Defensive Midfield,Marseille B,-,in,Summer,0,Ligue 1,2003,2003/2004
Olympique Marseille,Alain Cantareil,19,Left-Back,Marseille B,-,in,Summer,0,Ligue 1,2003,2003/2004
Olympique Marseille,Rahmane Barry,16,Second Striker,Marseille U19,-,in,Summer,0,Ligue 1,2003,2003/2004
Olympique Marseille,Piotr Swierczewski,31,Defensive Midfield,Birmingham,"End of loanJun 30, 2003",in,Summer,0,Ligue 1,2003,2003/2004
Olympique Marseille,Joseph Yobo,22,Centre-Back,Everton,"End of loanJun 30, 2003",in,Summer,0,Ligue 1,2003,2003/2004
Olympique Marseille,Mickaël Marsiglia,26,Central Midfield,Racing Ferrol,"End of loanJun 30, 2002",in,Summer,0,Ligue 1,2003,2003/2004
Olympique Marseille,Vincent Gastine,21,Defensive Midfield,FC Martigues,"End of loanJun 30, 2003",in,Summer,0,Ligue 1,2003,2003/2004
Olympique Marseille,Damien Grégorini,24,Goalkeeper,OGC Nice,"End of loanJun 30, 2003",in,Summer,0,Ligue 1,2003,2003/2004
Olympique Marseille,Joseph Yobo,22,Centre-Back,Everton,£5.40m,out,Summer,5.4,Ligue 1,2003,2003/2004
Olympique Marseille,Frank Leboeuf,35,Centre-Back,Al-Sadd SC,Free transfer,out,Summer,0,Ligue 1,2003,2003/2004
Olympique Marseille,Djamel Belmadi,27,Right Midfield,Al-Wahda FC,Free transfer,out,Summer,0,Ligue 1,2003,2003/2004
Olympique Marseille,Benjamin Gavanon,22,Central Midfield,AS Nancy,Free transfer,out,Summer,0,Ligue 1,2003,2003/2004
Olympique Marseille,Cyril Chapuis,24,Centre-Forward,Leeds,Loan,out,Summer,0,Ligue 1,2003,2003/2004
Olympique Marseille,Claude Gentile,23,Goalkeeper,Yverdon-Sport,Free transfer,out,Summer,0,Ligue 1,2003,2003/2004
Olympique Marseille,Jérôme Perez,21,Right-Back,US Créteil,Free transfer,out,Summer,0,Ligue 1,2003,2003/2004
Olympique Marseille,Vincent Gastine,21,Defensive Midfield,Valenciennes FC,Loan,out,Summer,0,Ligue 1,2003,2003/2004
Olympique Marseille,Piotr Swierczewski,31,Defensive Midfield,Lech Poznan,Free transfer,out,Summer,0,Ligue 1,2003,2003/2004
Olympique Marseille,Salomon Olembé,22,Left Midfield,Leeds,Loan,out,Summer,0,Ligue 1,2003,2003/2004
Olympique Marseille,Ibrahima Bakayoko,26,Centre-Forward,CA Osasuna,Free transfer,out,Summer,0,Ligue 1,2003,2003/2004
Olympique Marseille,Loris Reina,23,Left-Back,RSC Charleroi,?,out,Summer,NA,Ligue 1,2003,2003/2004
Olympique Marseille,Eduardo Tuzzio,28,Centre-Back,River Plate,Loan,out,Summer,0,Ligue 1,2003,2003/2004
Olympique Marseille,Alen Skoro,22,Centre-Forward,FK Sarajevo,?,out,Summer,NA,Ligue 1,2003,2003/2004
Olympique Marseille,Damien Grégorini,24,Goalkeeper,OGC Nice,?,out,Summer,NA,Ligue 1,2003,2003/2004
Olympique Marseille,Lamine Sakho,25,Left Winger,Leeds,Loan,out,Summer,0,Ligue 1,2003,2003/2004
FC Girondins Bordeaux,Albert Riera,21,Left Winger,RCD Mallorca,£4.50m,in,Summer,4.5,Ligue 1,2003,2003/2004
FC Girondins Bordeaux,Deivid,23,Centre-Forward,Cruzeiro,£4.05m,in,Summer,4.05,Ligue 1,2003,2003/2004
FC Girondins Bordeaux,Mauricio Pochettino,31,Centre-Back,Paris SG,Free transfer,in,Summer,0,Ligue 1,2003,2003/2004
FC Girondins Bordeaux,Paulo Costa,23,Attacking Midfield,FC Porto,Loan,in,Summer,0,Ligue 1,2003,2003/2004
FC Girondins Bordeaux,Franck Jurietti,28,Left-Back,Monaco,Free transfer,in,Summer,0,Ligue 1,2003,2003/2004
FC Girondins Bordeaux,Albert Celades,27,Defensive Midfield,Real Madrid,Loan,in,Summer,0,Ligue 1,2003,2003/2004
FC Girondins Bordeaux,Mathieu Valverde,20,Goalkeeper,G. Bordeaux B,-,in,Summer,0,Ligue 1,2003,2003/2004
FC Girondins Bordeaux,Saidou Panandetiguiri,19,Right-Back,G. Bordeaux B,-,in,Summer,0,Ligue 1,2003,2003/2004
FC Girondins Bordeaux,Gérald Cid,20,Centre-Back,G. Bordeaux B,-,in,Summer,0,Ligue 1,2003,2003/2004
FC Girondins Bordeaux,Marouane Chamakh,19,Centre-Forward,G. Bordeaux B,-,in,Summer,0,Ligue 1,2003,2003/2004
FC Girondins Bordeaux,Juan Pablo Francia,18,Attacking Midfield,G. Bordeaux B,-,in,Summer,0,Ligue 1,2003,2003/2004
FC Girondins Bordeaux,Rio Mavuba,19,Defensive Midfield,Bordeaux U19,-,in,Summer,0,Ligue 1,2003,2003/2004
FC Girondins Bordeaux,Hervé Alicarte,28,Sweeper,AC Ajaccio,"End of loanJun 30, 2003",in,Summer,0,Ligue 1,2003,2003/2004
FC Girondins Bordeaux,Hervé Bugnet,21,Right Winger,LB Châteauroux,"End of loanJun 30, 2003",in,Summer,0,Ligue 1,2003,2003/2004
FC Girondins Bordeaux,Paulo Miranda,29,Defensive Midfield,Flamengo,"End of loanJun 30, 2003",in,Summer,0,Ligue 1,2003,2003/2004
FC Girondins Bordeaux,Pauleta,30,Centre-Forward,Paris SG,£9.90m,out,Summer,9.9,Ligue 1,2003,2003/2004
FC Girondins Bordeaux,Aleksey Smertin,28,Defensive Midfield,Chelsea,£4.95m,out,Summer,4.95,Ligue 1,2003,2003/2004
FC Girondins Bordeaux,Saif Iddine Harab,20,Midfielder,Borussia Fulda,Free transfer,out,Summer,0,Ligue 1,2003,2003/2004
FC Girondins Bordeaux,Cédrick Fiston,22,Centre-Forward,Coimbra,Free transfer,out,Summer,0,Ligue 1,2003,2003/2004
FC Girondins Bordeaux,Patrick Leugueun,22,Centre-Back,FC Istres,Free transfer,out,Summer,0,Ligue 1,2003,2003/2004
FC Girondins Bordeaux,Hervé Bugnet,21,Right Winger,AC Le Havre,Loan,out,Summer,0,Ligue 1,2003,2003/2004
FC Girondins Bordeaux,Olivier Auriac,20,Defensive Midfield,Stade Brest 29,Loan,out,Summer,0,Ligue 1,2003,2003/2004
FC Girondins Bordeaux,Kodjo Julien Afanou,25,Centre-Back,Al-Ain FC,Loan,out,Summer,0,Ligue 1,2003,2003/2004
FC Girondins Bordeaux,Yannick Coudouel,22,Goalkeeper,FC Baulmes,?,out,Summer,NA,Ligue 1,2003,2003/2004
FC Girondins Bordeaux,Camel Meriem,23,Attacking Midfield,Marseille,Loan,out,Summer,0,Ligue 1,2003,2003/2004
FC Girondins Bordeaux,Alain Roche,35,Centre-Back,Retired,-,out,Summer,0,Ligue 1,2003,2003/2004
FC Girondins Bordeaux,Sávio,29,Left Winger,Real Madrid,"End of loanJun 30, 2003",out,Summer,0,Ligue 1,2003,2003/2004
FC Sochaux-Montbéliard,Souleymane Diawara,24,Centre-Back,AC Le Havre,Free transfer,in,Summer,0,Ligue 1,2003,2003/2004
FC Sochaux-Montbéliard,Sigamary Diarra,19,Left Midfield,SM Caen,Free transfer,in,Summer,0,Ligue 1,2003,2003/2004
FC Sochaux-Montbéliard,Grégory Paisley,26,Left-Back,AC Le Havre,?,in,Summer,NA,Ligue 1,2003,2003/2004
FC Sochaux-Montbéliard,Guirane N'Daw,19,Defensive Midfield,FC Sochaux B,-,in,Summer,0,Ligue 1,2003,2003/2004
FC Sochaux-Montbéliard,Aimé Lavie,18,Defender,FC Sochaux B,-,in,Summer,0,Ligue 1,2003,2003/2004
FC Sochaux-Montbéliard,Benoît Haaby,21,Centre-Back,FC Sochaux B,-,in,Summer,0,Ligue 1,2003,2003/2004
FC Sochaux-Montbéliard,Jean-Jacques Domoraud,22,Right-Back,Le Mans UC 72,Free transfer,out,Summer,0,Ligue 1,2003,2003/2004
FC Sochaux-Montbéliard,Basile de Carvalho,21,Centre-Forward,CS Sedan,Loan,out,Summer,0,Ligue 1,2003,2003/2004
FC Sochaux-Montbéliard,Jean-Baptiste Daguet,23,Goalkeeper,Lib.-St.-Seurin,Free transfer,out,Summer,0,Ligue 1,2003,2003/2004
FC Sochaux-Montbéliard,Niša Saveljić,33,Centre-Back,SC Bastia,?,out,Summer,NA,Ligue 1,2003,2003/2004
FC Sochaux-Montbéliard,Kamal Tassali,22,Centre-Forward,Besançon RC,?,out,Summer,NA,Ligue 1,2003,2003/2004
FC Sochaux-Montbéliard,Jean-Léon Bart,20,Central Midfield,Chaux-de-Fonds,?,out,Summer,NA,Ligue 1,2003,2003/2004
FC Sochaux-Montbéliard,Erwan Manac'h,31,Sweeper,Retired,-,out,Summer,0,Ligue 1,2003,2003/2004
FC Sochaux-Montbéliard,Laurent Charvet,30,Right-Back,Retired,-,out,Summer,0,Ligue 1,2003,2003/2004
AJ Auxerre,Bonaventure Kalou,25,Right Winger,Feyenoord,£3.60m,in,Summer,3.6,Ligue 1,2003,2003/2004
AJ Auxerre,Philippe Violeau,32,Defensive Midfield,Olympique Lyon,£360Th.,in,Summer,0.36,Ligue 1,2003,2003/2004
AJ Auxerre,Tiago Henrique,21,Right Winger,Corinthians,Free transfer,in,Summer,0,Ligue 1,2003,2003/2004
AJ Auxerre,Mamoutou Coulibaly,19,Centre-Back,CSK Bamako,?,in,Summer,NA,Ligue 1,2003,2003/2004
AJ Auxerre,Baptiste Chabert,20,Goalkeeper,AJ Auxerre B,-,in,Summer,0,Ligue 1,2003,2003/2004
AJ Auxerre,Hassan Yebda,19,Central Midfield,AJ Auxerre B,-,in,Summer,0,Ligue 1,2003,2003/2004
AJ Auxerre,Rafik Djebbour,19,Centre-Forward,AJ Auxerre B,-,in,Summer,0,Ligue 1,2003,2003/2004
AJ Auxerre,Hélder Esteves,25,Centre-Forward,US Créteil,"End of loanJun 30, 2003",in,Summer,0,Ligue 1,2003,2003/2004
AJ Auxerre,Amdy Fayé,26,Defensive Midfield,Portsmouth,£2.00m,out,Summer,2,Ligue 1,2003,2003/2004
AJ Auxerre,Mohamed Sissoko,18,Defensive Midfield,Valencia,£900Th.,out,Summer,0.9,Ligue 1,2003,2003/2004
AJ Auxerre,Khalilou Fadiga,28,Left Winger,Inter,£270Th.,out,Summer,0.27,Ligue 1,2003,2003/2004
AJ Auxerre,Éric Assati,28,Left-Back,Amiens SC,Free transfer,out,Summer,0,Ligue 1,2003,2003/2004
AJ Auxerre,Marc Kalenga,18,Midfielder,Rangers,Free transfer,out,Summer,0,Ligue 1,2003,2003/2004
AJ Auxerre,Kuami Agboh,25,Defensive Midfield,Grenoble,Free transfer,out,Summer,0,Ligue 1,2003,2003/2004
AJ Auxerre,Nicolas Marin,22,Right Midfield,Saint-Étienne,Free transfer,out,Summer,0,Ligue 1,2003,2003/2004
AJ Auxerre,Hélder Esteves,26,Centre-Forward,Troyes,Loan,out,Summer,0,Ligue 1,2003,2003/2004
AJ Auxerre,Nikola Jozic,20,Centre-Back,Unknown,?,out,Summer,NA,Ligue 1,2003,2003/2004
EA Guingamp,Moumouni Dagano,22,Centre-Forward,KRC Genk,£1.62m,in,Summer,1.62,Ligue 1,2003,2003/2004
EA Guingamp,Ricardo Cabanas,24,Central Midfield,Grasshoppers,Free transfer,in,Summer,0,Ligue 1,2003,2003/2004
EA Guingamp,Nicolas Goussé,27,Centre-Forward,Troyes,Free transfer,in,Summer,0,Ligue 1,2003,2003/2004
EA Guingamp,Oumar Tchomogo,25,Attacking Midfield,ASOA Valence,Free transfer,in,Summer,0,Ligue 1,2003,2003/2004
EA Guingamp,Yann Jouffre,18,Right Midfield,Nîmes Olympique,Free transfer,in,Summer,0,Ligue 1,2003,2003/2004
EA Guingamp,Jérôme Leroy,28,Attacking Midfield,Paris SG,Free transfer,in,Summer,0,Ligue 1,2003,2003/2004
EA Guingamp,Pierre-Yves André,29,Centre-Forward,FC Nantes,?,in,Summer,NA,Ligue 1,2003,2003/2004
EA Guingamp,Fabricio Fuentes,26,Centre-Back,Vélez Sarsfield,Loan,in,Summer,0,Ligue 1,2003,2003/2004
EA Guingamp,Nicolas Laspalles,31,Right-Back,FC Nantes,?,in,Summer,NA,Ligue 1,2003,2003/2004
EA Guingamp,Didier Drogba,25,Centre-Forward,Marseille,£5.40m,out,Summer,5.4,Ligue 1,2003,2003/2004
EA Guingamp,Florent Malouda,23,Left Winger,Olympique Lyon,£3.60m,out,Summer,3.6,Ligue 1,2003,2003/2004
EA Guingamp,Néstor Fabbri,35,Centre-Back,Estudiantes,Free transfer,out,Summer,0,Ligue 1,2003,2003/2004
EA Guingamp,Laurent Hervé,27,Right Midfield,Beauvais,Free transfer,out,Summer,0,Ligue 1,2003,2003/2004
EA Guingamp,Jawad El Hajri,23,Centre-Forward,AS Cherbourg,Free transfer,out,Summer,0,Ligue 1,2003,2003/2004
EA Guingamp,Romain Ferrier,27,Left-Back,Ciudad Murcia,Free transfer,out,Summer,0,Ligue 1,2003,2003/2004
EA Guingamp,Jonathan Joseph-Augustin,22,Centre-Back,Grenoble,Loan,out,Summer,0,Ligue 1,2003,2003/2004
EA Guingamp,Guillaume Gauclin,22,Goalkeeper,ES Wasquehal,Loan,out,Summer,0,Ligue 1,2003,2003/2004
EA Guingamp,Hakim Saci,26,Centre-Forward,FC Metz,Free transfer,out,Summer,0,Ligue 1,2003,2003/2004
EA Guingamp,Trésor Luntala,21,Defensive Midfield,Grasshoppers,Free transfer,out,Summer,0,Ligue 1,2003,2003/2004
EA Guingamp,Wagneau Eloi,29,Centre-Forward,Without Club,-,out,Summer,0,Ligue 1,2003,2003/2004
EA Guingamp,Gaël Danic,21,Left Winger,Stade Rennais,"End of loanJun 30, 2003",out,Summer,0,Ligue 1,2003,2003/2004
RC Lens,Bruno Rodriguez,30,Centre-Forward,AC Ajaccio,"End of loanJun 30, 2003",in,Summer,0,Ligue 1,2003,2003/2004
RC Lens,Guillaume Cherreau,20,Goalkeeper,RC Lens B,-,in,Summer,0,Ligue 1,2003,2003/2004
RC Lens,Guillaume Plessis,18,Defensive Midfield,RC Lens U19,-,in,Summer,0,Ligue 1,2003,2003/2004
RC Lens,Stéphane Besle,19,Centre-Back,RC Lens B,-,in,Summer,0,Ligue 1,2003,2003/2004
RC Lens,Seïd Khiter,18,Right Winger,RC Lens B,-,in,Summer,0,Ligue 1,2003,2003/2004
RC Lens,Ferdinand Coly,29,Right-Back,Birmingham,"End of loanJun 30, 2003",in,Summer,0,Ligue 1,2003,2003/2004
RC Lens,Patrick Barul,25,Right-Back,OGC Nice,"End of loanJun 30, 2003",in,Summer,0,Ligue 1,2003,2003/2004
RC Lens,Bouabid Bouden,21,Centre-Forward,Beauvais,"End of loanJun 30, 2003",in,Summer,0,Ligue 1,2003,2003/2004
RC Lens,Antoine Sibierski,28,Attacking Midfield,Man City,£990Th.,out,Summer,0.99,Ligue 1,2003,2003/2004
RC Lens,Jocelyn Blanchard,31,Defensive Midfield,Austria Vienna,Free transfer,out,Summer,0,Ligue 1,2003,2003/2004
RC Lens,Joe Cannon,28,Goalkeeper,Colorado,Free transfer,out,Summer,0,Ligue 1,2003,2003/2004
RC Lens,Esteban Fuertes,30,Centre-Forward,River Plate,Free transfer,out,Summer,0,Ligue 1,2003,2003/2004
RC Lens,Zoumana Camara,24,Centre-Back,Leeds,Loan,out,Summer,0,Ligue 1,2003,2003/2004
RC Lens,Tony Vairelles,30,Centre-Forward,Stade Rennais,?,out,Summer,NA,Ligue 1,2003,2003/2004
RC Lens,Stéphane Pédron,32,Left Midfield,FC Lorient,?,out,Summer,NA,Ligue 1,2003,2003/2004
FC Nantes,Claudiu Keseru,16,Centre-Forward,Bihor Oradea,£270Th.,in,Summer,0.27,Ligue 1,2003,2003/2004
FC Nantes,Marc Boucher,20,Right-Back,FC Nantes B,-,in,Summer,0,Ligue 1,2003,2003/2004
FC Nantes,Luigi Glombard,18,Right Winger,FC Nantes B,-,in,Summer,0,Ligue 1,2003,2003/2004
FC Nantes,Fodil Hadjadj,20,Defensive Midfield,FC Nantes B,-,in,Summer,0,Ligue 1,2003,2003/2004
FC Nantes,Perica Radic,19,Goalkeeper,FC Nantes B,-,in,Summer,0,Ligue 1,2003,2003/2004
FC Nantes,Emerse Faé,19,Central Midfield,FC Nantes B,-,in,Summer,0,Ligue 1,2003,2003/2004
FC Nantes,Pierre-Yves André,29,Centre-Forward,Bolton,"End of loanJun 30, 2003",in,Summer,0,Ligue 1,2003,2003/2004
FC Nantes,Hassan Ahamada,22,Attacking Midfield,SC Bastia,"End of loanJun 30, 2003",in,Summer,0,Ligue 1,2003,2003/2004
FC Nantes,Sébastien Pauvert,25,Goalkeeper,FC Istres,"End of loanJun 30, 2003",in,Summer,0,Ligue 1,2003,2003/2004
FC Nantes,Nicolas Laspalles,31,Right-Back,Lecce,"End of loanJun 30, 2003",in,Summer,0,Ligue 1,2003,2003/2004
FC Nantes,Eric Djemba Djemba,22,Defensive Midfield,Man Utd,£4.05m,out,Summer,4.05,Ligue 1,2003,2003/2004
FC Nantes,Viorel Moldovan,30,Centre-Forward,Al-Wahda FC,Loan fee:£270Th.,out,Summer,0.27,Ligue 1,2003,2003/2004
FC Nantes,Ariza Makukula,22,Centre-Forward,Real Valladolid,Loan,out,Summer,0,Ligue 1,2003,2003/2004
FC Nantes,Goran Rubil,22,Right Midfield,Stade Lavallois,Loan,out,Summer,0,Ligue 1,2003,2003/2004
FC Nantes,Mirza Mesic,23,Centre-Forward,Besançon RC,Free transfer,out,Summer,0,Ligue 1,2003,2003/2004
FC Nantes,Pierre-Yves André,29,Centre-Forward,Guingamp,?,out,Summer,NA,Ligue 1,2003,2003/2004
FC Nantes,Nicolas Laspalles,31,Right-Back,Guingamp,?,out,Summer,NA,Ligue 1,2003,2003/2004
OGC Nice,Yoann Bigné,25,Central Midfield,Stade Rennais,£432Th.,in,Summer,0.432,Ligue 1,2003,2003/2004
OGC Nice,Bakary Diakité,22,Second Striker,E. Frankfurt,Free transfer,in,Summer,0,Ligue 1,2003,2003/2004
OGC Nice,Lilian Laslandes,31,Centre-Forward,Sunderland,Free transfer,in,Summer,0,Ligue 1,2003,2003/2004
OGC Nice,Georges Ba,24,Centre-Forward,Besançon RC,Free transfer,in,Summer,0,Ligue 1,2003,2003/2004
OGC Nice,Olivier Echouafni,30,Defensive Midfield,Stade Rennais,Free transfer,in,Summer,0,Ligue 1,2003,2003/2004
OGC Nice,Alcaly Camara,22,Right-Back,CS Sedan,?,in,Summer,NA,Ligue 1,2003,2003/2004
OGC Nice,Damien Grégorini,24,Goalkeeper,Marseille,?,in,Summer,NA,Ligue 1,2003,2003/2004
OGC Nice,Serge Ayeli,21,Forward,LB Châteauroux,Loan,out,Summer,0,Ligue 1,2003,2003/2004
OGC Nice,Jean-Charles Cirilli,20,Centre-Back,Nîmes Olympique,Free transfer,out,Summer,0,Ligue 1,2003,2003/2004
OGC Nice,Kelly Berville,25,Left-Back,FC Gueugnon,Free transfer,out,Summer,0,Ligue 1,2003,2003/2004
OGC Nice,Janick Tamazout,30,Midfielder,Cannes,Free transfer,out,Summer,0,Ligue 1,2003,2003/2004
OGC Nice,Cedric Mionnet,28,Right Winger,CS Sedan,Loan,out,Summer,0,Ligue 1,2003,2003/2004
OGC Nice,Maxime Nanni,22,Midfielder,AS Cagnes,?,out,Summer,NA,Ligue 1,2003,2003/2004
OGC Nice,Marco Simone,35,Centre-Forward,Without Club,-,out,Summer,0,Ligue 1,2003,2003/2004
OGC Nice,Patrick Barul,25,Right-Back,Lens,"End of loanJun 30, 2003",out,Summer,0,Ligue 1,2003,2003/2004
OGC Nice,Adékambi Olufadé,23,Right Winger,LOSC Lille,"End of loanJun 30, 2003",out,Summer,0,Ligue 1,2003,2003/2004
OGC Nice,Kaba Diawara,27,Centre-Forward,Paris SG,"End of loanJun 1, 2003",out,Summer,0,Ligue 1,2003,2003/2004
OGC Nice,Yoann Bigné,25,Central Midfield,Stade Rennais,"End of loanJun 30, 2003",out,Summer,0,Ligue 1,2003,2003/2004
OGC Nice,Damien Grégorini,24,Goalkeeper,Marseille,"End of loanJun 30, 2003",out,Summer,0,Ligue 1,2003,2003/2004
Paris Saint-Germain,Pauleta,30,Centre-Forward,G. Bordeaux,£9.90m,in,Summer,9.9,Ligue 1,2003,2003/2004
Paris Saint-Germain,Reinaldo,24,Centre-Forward,Flamengo,£9.00m,in,Summer,9,Ligue 1,2003,2003/2004
Paris Saint-Germain,Branko Boskovic,23,Central Midfield,Red Star,£5.40m,in,Summer,5.4,Ligue 1,2003,2003/2004
Paris Saint-Germain,Modeste M'Bami,20,Defensive Midfield,CS Sedan,£2.70m,in,Summer,2.7,Ligue 1,2003,2003/2004
Paris Saint-Germain,Hakan Yakin,26,Attacking Midfield,FC Basel,£1.44m,in,Summer,1.44,Ligue 1,2003,2003/2004
Paris Saint-Germain,Juan Pablo Sorín,27,Left-Back,Cruzeiro,Loan,in,Summer,0,Ligue 1,2003,2003/2004
Paris Saint-Germain,Éric Cubilier,23,Right-Back,Monaco,Loan,in,Summer,0,Ligue 1,2003,2003/2004
Paris Saint-Germain,José-Karl Pierre-Fanfan,27,Centre-Back,Monaco,Loan,in,Summer,0,Ligue 1,2003,2003/2004
Paris Saint-Germain,Didier Domi,25,Left-Back,Leeds,"End of loanMay 1, 2004",in,Summer,0,Ligue 1,2003,2003/2004
Paris Saint-Germain,Jean-Michel Badiane,20,Centre-Back,Paris SG B,-,in,Summer,0,Ligue 1,2003,2003/2004
Paris Saint-Germain,Franck Dja Djédjé,17,Right Winger,Paris SG U19,-,in,Summer,0,Ligue 1,2003,2003/2004
Paris Saint-Germain,Hocine Ragued,20,Defensive Midfield,Paris SG B,-,in,Summer,0,Ligue 1,2003,2003/2004
Paris Saint-Germain,Mohamed Benhamou,23,Goalkeeper,Paris SG B,-,in,Summer,0,Ligue 1,2003,2003/2004
Paris Saint-Germain,Édouard Cissé,25,Defensive Midfield,West Ham,"End of loanJun 30, 2003",in,Summer,0,Ligue 1,2003,2003/2004
Paris Saint-Germain,Selim Benachour,21,Attacking Midfield,Troyes,"End of loanJun 30, 2003",in,Summer,0,Ligue 1,2003,2003/2004
Paris Saint-Germain,Laurent Leroy,27,Centre-Forward,Troyes,"End of loanJun 30, 2003",in,Summer,0,Ligue 1,2003,2003/2004
Paris Saint-Germain,Rabiu Baita,18,Forward,RAEC Mons,"End of loanJun 30, 2003",in,Summer,0,Ligue 1,2003,2003/2004
Paris Saint-Germain,Younes Bengelloun,20,Centre-Back,Amiens SC,"End of loanJun 30, 2003",in,Summer,0,Ligue 1,2003,2003/2004
Paris Saint-Germain,Samuel Piètre,19,Right Winger,FC Istres,"End of loanJun 30, 2003",in,Summer,0,Ligue 1,2003,2003/2004
Paris Saint-Germain,Kaba Diawara,27,Centre-Forward,OGC Nice,"End of loanJun 1, 2003",in,Summer,0,Ligue 1,2003,2003/2004
Paris Saint-Germain,Ronaldinho,23,Attacking Midfield,FC Barcelona,£29.03m,out,Summer,29.03,Ligue 1,2003,2003/2004
Paris Saint-Germain,Hakan Yakin,26,Attacking Midfield,FC Basel,£1.44m,out,Summer,1.44,Ligue 1,2003,2003/2004
Paris Saint-Germain,Aloisio Chulapa,28,Centre-Forward,Rubin Kazan,£630Th.,out,Summer,0.63,Ligue 1,2003,2003/2004
Paris Saint-Germain,Mauricio Pochettino,31,Centre-Back,G. Bordeaux,Free transfer,out,Summer,0,Ligue 1,2003,2003/2004
Paris Saint-Germain,André Luiz,28,Attacking Midfield,Corinthians,Loan,out,Summer,0,Ligue 1,2003,2003/2004
Paris Saint-Germain,Filipe Teixeira,22,Right Winger,Leiria,Loan,out,Summer,0,Ligue 1,2003,2003/2004
Paris Saint-Germain,Jérôme Leroy,28,Attacking Midfield,Guingamp,Free transfer,out,Summer,0,Ligue 1,2003,2003/2004
Paris Saint-Germain,Martín Cardetti,27,Centre-Forward,Real Valladolid,Loan,out,Summer,0,Ligue 1,2003,2003/2004
Paris Saint-Germain,Édouard Cissé,25,Defensive Midfield,Monaco,Loan,out,Summer,0,Ligue 1,2003,2003/2004
Paris Saint-Germain,Lionel Potillon,29,Left-Back,Real Sociedad,Loan,out,Summer,0,Ligue 1,2003,2003/2004
Paris Saint-Germain,Didier Domi,25,Left-Back,Leeds,Loan,out,Summer,0,Ligue 1,2003,2003/2004
Paris Saint-Germain,Cristóbal Parralo,35,Right-Back,Retired,-,out,Summer,0,Ligue 1,2003,2003/2004
Paris Saint-Germain,Laurent Leroy,27,Centre-Forward,Without Club,-,out,Summer,0,Ligue 1,2003,2003/2004
Paris Saint-Germain,Francis Llacer,31,Left-Back,Retired,-,out,Summer,0,Ligue 1,2003,2003/2004
Paris Saint-Germain,Alex Nyarko,29,Centre-Back,Everton,"End of loanJun 30, 2003",out,Summer,0,Ligue 1,2003,2003/2004
SC Bastia,Ivan Kurtusic,20,Attacking Midfield,Smederevo,£315Th.,in,Summer,0.315,Ligue 1,2003,2003/2004
SC Bastia,Alou Diarra,22,Defensive Midfield,Liverpool,Loan,in,Summer,0,Ligue 1,2003,2003/2004
SC Bastia,Youssouf Hadji,23,Centre-Forward,AS Nancy,Free transfer,in,Summer,0,Ligue 1,2003,2003/2004
SC Bastia,Frédéric Née,28,Centre-Forward,Olympique Lyon,Free transfer,in,Summer,0,Ligue 1,2003,2003/2004
SC Bastia,Angelo Hugues,36,Goalkeeper,Wisla Kraków,Free transfer,in,Summer,0,Ligue 1,2003,2003/2004
SC Bastia,Benoît Cauet,34,Central Midfield,Como,Free transfer,in,Summer,0,Ligue 1,2003,2003/2004
SC Bastia,Pascal Chimbonda,24,Right-Back,AC Le Havre,Free transfer,in,Summer,0,Ligue 1,2003,2003/2004
SC Bastia,Niša Saveljić,33,Centre-Back,FC Sochaux,?,in,Summer,NA,Ligue 1,2003,2003/2004
SC Bastia,Florent Ghisolfi,18,Central Midfield,SC Bastia B,-,in,Summer,0,Ligue 1,2003,2003/2004
SC Bastia,Patrick Beneforti,22,Attacking Midfield,LB Châteauroux,"End of loanJun 30, 2003",in,Summer,0,Ligue 1,2003,2003/2004
SC Bastia,Michael Essien,20,Defensive Midfield,Olympique Lyon,£10.53m,out,Summer,10.53,Ligue 1,2003,2003/2004
SC Bastia,Franck Silvestre,36,Centre-Back,Sturm Graz,Free transfer,out,Summer,0,Ligue 1,2003,2003/2004
SC Bastia,Samir Beloufa,23,Centre-Back,Exc. Mouscron,Free transfer,out,Summer,0,Ligue 1,2003,2003/2004
SC Bastia,Cyril Eboki-Poh,23,Forward,Sora,Free transfer,out,Summer,0,Ligue 1,2003,2003/2004
SC Bastia,Samuel Darchy,23,Centre-Forward,ES Wasquehal,Free transfer,out,Summer,0,Ligue 1,2003,2003/2004
SC Bastia,Patrick Beneforti,22,Attacking Midfield,FC Istres,Free transfer,out,Summer,0,Ligue 1,2003,2003/2004
SC Bastia,Ali Boumnijel,37,Goalkeeper,FC Rouen 1899,?,out,Summer,NA,Ligue 1,2003,2003/2004
SC Bastia,Morlaye Soumah,31,Centre-Back,Retired,-,out,Summer,0,Ligue 1,2003,2003/2004
SC Bastia,Hassan Ahamada,22,Attacking Midfield,FC Nantes,"End of loanJun 30, 2003",out,Summer,0,Ligue 1,2003,2003/2004
SC Bastia,Lilian Laslandes,31,Centre-Forward,Sunderland,"End of loanJun 30, 2003",out,Summer,0,Ligue 1,2003,2003/2004
SC Bastia,Philippe Billy,21,Right-Back,Lecce,"End of loanJun 30, 2003",out,Summer,0,Ligue 1,2003,2003/2004
RC Strasbourg Alsace,Mamadou Niang,23,Centre-Forward,Troyes,£630Th.,in,Summer,0.63,Ligue 1,2003,2003/2004
RC Strasbourg Alsace,Ludovic Sylvestre,19,Central Midfield,EA Guingamp B,Free transfer,in,Summer,0,Ligue 1,2003,2003/2004
RC Strasbourg Alsace,Mikael Dorsin,21,Left-Back,Djurgarden,?,in,Summer,NA,Ligue 1,2003,2003/2004
RC Strasbourg Alsace,Richard Dutruel,30,Goalkeeper,Alavés,?,in,Summer,NA,Ligue 1,2003,2003/2004
RC Strasbourg Alsace,Pontus Farnerud,23,Central Midfield,Monaco,Loan,in,Summer,0,Ligue 1,2003,2003/2004
RC Strasbourg Alsace,Abdelilah Fahmi,29,Centre-Back,LOSC Lille,Loan,in,Summer,0,Ligue 1,2003,2003/2004
RC Strasbourg Alsace,Salim Arrache,20,Left Winger,R. Strasbourg B,-,in,Summer,0,Ligue 1,2003,2003/2004
RC Strasbourg Alsace,Yacine Abdessadki,22,Right Winger,Grenoble,"End of loanJun 30, 2003",in,Summer,0,Ligue 1,2003,2003/2004
RC Strasbourg Alsace,Cédric Kanté,23,Centre-Back,ASOA Valence,"End of loanJun 30, 2003",in,Summer,0,Ligue 1,2003,2003/2004
RC Strasbourg Alsace,Alexis Ngambi,21,Centre-Back,FC Gueugnon,"End of loanJun 30, 2003",in,Summer,0,Ligue 1,2003,2003/2004
RC Strasbourg Alsace,Thierry Debès,29,Goalkeeper,Grenoble,"End of loanJun 30, 2003",in,Summer,0,Ligue 1,2003,2003/2004
RC Strasbourg Alsace,Habib Bèye,25,Right-Back,Marseille,£990Th.,out,Summer,0.99,Ligue 1,2003,2003/2004
RC Strasbourg Alsace,Valérien Ismaël,27,Centre-Back,Werder Bremen,Loan fee:£270Th.,out,Summer,0.27,Ligue 1,2003,2003/2004
RC Strasbourg Alsace,Mamadou Bagayoko,24,Centre-Forward,AC Ajaccio,Free transfer,out,Summer,0,Ligue 1,2003,2003/2004
RC Strasbourg Alsace,Alexis Ngambi,21,Centre-Back,FC Gueugnon,Free transfer,out,Summer,0,Ligue 1,2003,2003/2004
RC Strasbourg Alsace,Stéphane Roda,30,Midfielder,SCO Angers,Free transfer,out,Summer,0,Ligue 1,2003,2003/2004
RC Strasbourg Alsace,Thierry Debès,29,Goalkeeper,Grenoble,Free transfer,out,Summer,0,Ligue 1,2003,2003/2004
RC Strasbourg Alsace,Teddy Bertin,33,Centre-Back,LB Châteauroux,?,out,Summer,NA,Ligue 1,2003,2003/2004
RC Strasbourg Alsace,Yannick Kamanan,20,Centre-Forward,Dijon,Loan,out,Summer,0,Ligue 1,2003,2003/2004
RC Strasbourg Alsace,Yannick Fischer,28,Centre-Back,Le Mans UC 72,?,out,Summer,NA,Ligue 1,2003,2003/2004
RC Strasbourg Alsace,Pierre Laurent,32,Centre-Forward,Retired,-,out,Summer,0,Ligue 1,2003,2003/2004
RC Strasbourg Alsace,Fabrice Viau,20,Attacking Midfield,Retired,-,out,Summer,0,Ligue 1,2003,2003/2004
RC Strasbourg Alsace,Pena,29,Centre-Forward,FC Porto,"End of loanJun 30, 2003",out,Summer,0,Ligue 1,2003,2003/2004
LOSC Lille,Mathieu Bodmer,20,Defensive Midfield,SM Caen,£900Th.,in,Summer,0.9,Ligue 1,2003,2003/2004
LOSC Lille,Nicolas Plestan,22,Centre-Back,Monaco B,Free transfer,in,Summer,0,Ligue 1,2003,2003/2004
LOSC Lille,Héctor Tapia,25,Centre-Forward,Perugia,?,in,Summer,NA,Ligue 1,2003,2003/2004
LOSC Lille,Rafael,23,Centre-Back,KS Samara,"End of loanMay 1, 2004",in,Summer,0,Ligue 1,2003,2003/2004
LOSC Lille,Stéphane Dumont,20,Defensive Midfield,LOSC Lille B,-,in,Summer,0,Ligue 1,2003,2003/2004
LOSC Lille,Mathieu Debuchy,17,Right-Back,LOSC Lille B,-,in,Summer,0,Ligue 1,2003,2003/2004
LOSC Lille,Nicolas Fauvergue,18,Centre-Forward,LOSC Lille B,-,in,Summer,0,Ligue 1,2003,2003/2004
LOSC Lille,Alexis Zywiecki,19,Centre-Back,LOSC Lille B,-,in,Summer,0,Ligue 1,2003,2003/2004
LOSC Lille,Adékambi Olufadé,23,Right Winger,OGC Nice,"End of loanJun 30, 2003",in,Summer,0,Ligue 1,2003,2003/2004
LOSC Lille,Geoffrey Dernis,22,Left Winger,ES Wasquehal,"End of loanJun 30, 2003",in,Summer,0,Ligue 1,2003,2003/2004
LOSC Lille,Fernando D'Amico,28,Defensive Midfield,Le Mans UC 72,Free transfer,out,Summer,0,Ligue 1,2003,2003/2004
LOSC Lille,Sylvain N'Diaye,27,Defensive Midfield,Marseille,Free transfer,out,Summer,0,Ligue 1,2003,2003/2004
LOSC Lille,Marc-Antoine Fortuné,21,Centre-Forward,FC Rouen 1899,Loan,out,Summer,0,Ligue 1,2003,2003/2004
LOSC Lille,Serge Djamba-Shango,21,Left Winger,AA La Louviere,Loan,out,Summer,0,Ligue 1,2003,2003/2004
LOSC Lille,Nicolas Bonnal,26,Left Midfield,AC Ajaccio,Loan,out,Summer,0,Ligue 1,2003,2003/2004
LOSC Lille,Matthieu Maton,22,Centre-Forward,Cannes,Loan,out,Summer,0,Ligue 1,2003,2003/2004
LOSC Lille,Adékambi Olufadé,23,Right Winger,RSC Charleroi,Loan,out,Summer,0,Ligue 1,2003,2003/2004
LOSC Lille,Abdelilah Fahmi,29,Centre-Back,R. Strasbourg,Loan,out,Summer,0,Ligue 1,2003,2003/2004
LOSC Lille,Youssef Sofiane,19,Centre-Forward,West Ham,"End of loanMay 1, 2004",out,Summer,0,Ligue 1,2003,2003/2004
Stade Rennais FC,Cédric Barbosa,27,Left Winger,Montpellier,£1.35m,in,Summer,1.35,Ligue 1,2003,2003/2004
Stade Rennais FC,Abdeslam Ouaddou,24,Centre-Back,Fulham,Loan,in,Summer,0,Ligue 1,2003,2003/2004
Stade Rennais FC,Tony Vairelles,30,Centre-Forward,Lens,?,in,Summer,NA,Ligue 1,2003,2003/2004
Stade Rennais FC,Grégory Vignal,22,Left-Back,Liverpool,Loan,in,Summer,0,Ligue 1,2003,2003/2004
Stade Rennais FC,Arnold Mvuemba,18,Defensive Midfield,Rennes B,-,in,Summer,0,Ligue 1,2003,2003/2004
Stade Rennais FC,Florent Chaigneau,19,Goalkeeper,Rennes B,-,in,Summer,0,Ligue 1,2003,2003/2004
Stade Rennais FC,Grégory Tanagro,19,Centre-Back,Rennes B,-,in,Summer,0,Ligue 1,2003,2003/2004
Stade Rennais FC,Jimmy Briand,17,Centre-Forward,Rennes B,-,in,Summer,0,Ligue 1,2003,2003/2004
Stade Rennais FC,Stéphane N'Guéma,18,Right Winger,Rennes B,-,in,Summer,0,Ligue 1,2003,2003/2004
Stade Rennais FC,Anthony Réveillère,23,Right-Back,Valencia,"End of loanJun 30, 2003",in,Summer,0,Ligue 1,2003,2003/2004
Stade Rennais FC,Lucas,24,Centre-Forward,Corinthians,"End of loanJun 30, 2003",in,Summer,0,Ligue 1,2003,2003/2004
Stade Rennais FC,Steven Pelé,21,Centre-Back,Le Mans UC 72,"End of loanJun 30, 2003",in,Summer,0,Ligue 1,2003,2003/2004
Stade Rennais FC,Gaël Danic,21,Left Winger,Guingamp,"End of loanJun 30, 2003",in,Summer,0,Ligue 1,2003,2003/2004
Stade Rennais FC,Yoann Bigné,25,Central Midfield,OGC Nice,"End of loanJun 30, 2003",in,Summer,0,Ligue 1,2003,2003/2004
Stade Rennais FC,Anthony Réveillère,23,Right-Back,Olympique Lyon,£5.04m,out,Summer,5.04,Ligue 1,2003,2003/2004
Stade Rennais FC,Yoann Bigné,25,Central Midfield,OGC Nice,£432Th.,out,Summer,0.432,Ligue 1,2003,2003/2004
Stade Rennais FC,Georgi Ivanov,26,Centre-Forward,Levski Sofia,Loan fee:£135Th.,out,Summer,0.135,Ligue 1,2003,2003/2004
Stade Rennais FC,Mario Turdó,24,Centre-Forward,CD Leganés,Loan fee:£90Th.,out,Summer,0.09,Ligue 1,2003,2003/2004
Stade Rennais FC,Olivier Echouafni,30,Defensive Midfield,OGC Nice,Free transfer,out,Summer,0,Ligue 1,2003,2003/2004
Stade Rennais FC,Toifilou Maoulida,24,Centre-Forward,FC Metz,Loan,out,Summer,0,Ligue 1,2003,2003/2004
Stade Rennais FC,Sébastien Puygrenier,21,Centre-Back,AS Nancy,Loan,out,Summer,0,Ligue 1,2003,2003/2004
Stade Rennais FC,Gaël Danic,21,Left Winger,Grenoble,Free transfer,out,Summer,0,Ligue 1,2003,2003/2004
Stade Rennais FC,Cyril Yapi,23,Centre-Forward,Como,Free transfer,out,Summer,0,Ligue 1,2003,2003/2004
Stade Rennais FC,John Mendy,22,Attacking Midfield,AS Angoulême 92,Free transfer,out,Summer,0,Ligue 1,2003,2003/2004
Stade Rennais FC,Benoît Le Bris,26,Forward,ES Wasquehal,Free transfer,out,Summer,0,Ligue 1,2003,2003/2004
Stade Rennais FC,Mickaël Citony,22,Right Winger,Saint-Étienne,Free transfer,out,Summer,0,Ligue 1,2003,2003/2004
Stade Rennais FC,Amadou Makhtar N'Diaye,21,Defensive Midfield,CS Sedan,Loan,out,Summer,0,Ligue 1,2003,2003/2004
Stade Rennais FC,Julien Escudé,23,Centre-Back,Ajax,Free transfer,out,Summer,0,Ligue 1,2003,2003/2004
Stade Rennais FC,Gabriel Loeschbor,26,Centre-Back,Real Murcia,Loan,out,Summer,0,Ligue 1,2003,2003/2004
Stade Rennais FC,Frédéric Jay,26,Right-Back,Grenoble,?,out,Summer,NA,Ligue 1,2003,2003/2004
Stade Rennais FC,David Le Bras,19,Attacking Midfield,KSK Beveren,?,out,Summer,NA,Ligue 1,2003,2003/2004
Stade Rennais FC,Nadir Benchenaa,19,Midfielder,Hammarby,?,out,Summer,NA,Ligue 1,2003,2003/2004
Stade Rennais FC,Boubacar Copa,23,Goalkeeper,KSK Beveren,Loan,out,Summer,0,Ligue 1,2003,2003/2004
Stade Rennais FC,Eric Durand,37,Goalkeeper,Retired,-,out,Summer,0,Ligue 1,2003,2003/2004
Montpellier HSC,Nozomi Hiroyama,26,Left Winger,Braga,Free transfer,in,Summer,0,Ligue 1,2003,2003/2004
Montpellier HSC,Jérôme Lafourcade,20,Centre-Forward,HSC Montpellier B,-,in,Summer,0,Ligue 1,2003,2003/2004
Montpellier HSC,Jimmy Mainfroi,20,Right-Back,HSC Montpellier B,-,in,Summer,0,Ligue 1,2003,2003/2004
Montpellier HSC,Romain Giacopelli,20,Centre-Back,HSC Montpellier B,-,in,Summer,0,Ligue 1,2003,2003/2004
Montpellier HSC,Nicolas Godemeche,19,Central Midfield,HSC Montpellier B,-,in,Summer,0,Ligue 1,2003,2003/2004
Montpellier HSC,Stéphane Darbion,19,Left Midfield,HSC Montpellier B,-,in,Summer,0,Ligue 1,2003,2003/2004
Montpellier HSC,Fatih Atik,19,Central Midfield,HSC Montpellier B,-,in,Summer,0,Ligue 1,2003,2003/2004
Montpellier HSC,Ali Sami Yachir,18,Right Winger,HSC Montpellier U19,-,in,Summer,0,Ligue 1,2003,2003/2004
Montpellier HSC,Geoffrey Jourdren,17,Goalkeeper,HSC Montpellier U19,-,in,Summer,0,Ligue 1,2003,2003/2004
Montpellier HSC,Cédric Barbosa,27,Left Winger,Stade Rennais,£1.35m,out,Summer,1.35,Ligue 1,2003,2003/2004
Montpellier HSC,Mickael Llorente,20,Midfielder,FC Rouen 1899,Free transfer,out,Summer,0,Ligue 1,2003,2003/2004
Montpellier HSC,Marc-Éric Gueï,22,Centre-Forward,LB Châteauroux,Free transfer,out,Summer,0,Ligue 1,2003,2003/2004
Montpellier HSC,Paulo Sérgio,27,Right Midfield,Braga,?,out,Summer,NA,Ligue 1,2003,2003/2004
Montpellier HSC,Víctor Bonilla,32,Centre-Forward,Al-Rayyan SC,?,out,Summer,NA,Ligue 1,2003,2003/2004
Montpellier HSC,Pascal Fugier,34,Right-Back,Retired,-,out,Summer,0,Ligue 1,2003,2003/2004
AC Ajaccio,Mamadou Bagayoko,24,Centre-Forward,R. Strasbourg,Free transfer,in,Summer,0,Ligue 1,2003,2003/2004
AC Ajaccio,Djamel Abdoun,17,Right Winger,Paris SG B,Free transfer,in,Summer,0,Ligue 1,2003,2003/2004
AC Ajaccio,Abderaouf Zarabi,24,Left-Back,NA Hussein Dey,Free transfer,in,Summer,0,Ligue 1,2003,2003/2004
AC Ajaccio,Milan Martinovic,23,Centre-Back,Real Oviedo,Free transfer,in,Summer,0,Ligue 1,2003,2003/2004
AC Ajaccio,Frédéric Danjou,28,Centre-Back,Troyes,?,in,Summer,NA,Ligue 1,2003,2003/2004
AC Ajaccio,Rodrigo,22,Defensive Midfield,Atlético-MG,?,in,Summer,NA,Ligue 1,2003,2003/2004
AC Ajaccio,Nicolas Bonnal,26,Left Midfield,LOSC Lille,Loan,in,Summer,0,Ligue 1,2003,2003/2004
AC Ajaccio,Dalibor Mitrovic,25,Centre-Forward,Rad,Loan,in,Summer,0,Ligue 1,2003,2003/2004
AC Ajaccio,Jean-Toussaint Moretti,23,Left-Back,Varese,?,in,Summer,NA,Ligue 1,2003,2003/2004
AC Ajaccio,Stéphane Maurel,22,Right-Back,Cannes,"End of loanJul 25, 2003",in,Summer,0,Ligue 1,2003,2003/2004
AC Ajaccio,Fabrice Levrat,23,Defensive Midfield,FC Gueugnon,"End of loanJun 30, 2003",in,Summer,0,Ligue 1,2003,2003/2004
AC Ajaccio,Ousman Nyan,27,Central Midfield,Sogndal IL,Free transfer,out,Summer,0,Ligue 1,2003,2003/2004
AC Ajaccio,Juan Esnáider,30,Centre-Forward,Real Murcia,Free transfer,out,Summer,0,Ligue 1,2003,2003/2004
AC Ajaccio,Mickaël Marquet,21,Attacking Midfield,Dijon,Loan,out,Summer,0,Ligue 1,2003,2003/2004
AC Ajaccio,Xavier Bécas,24,Forward,FC Gueugnon,Loan,out,Summer,0,Ligue 1,2003,2003/2004
AC Ajaccio,Fabrice Levrat,23,Defensive Midfield,FC Gueugnon,Free transfer,out,Summer,0,Ligue 1,2003,2003/2004
AC Ajaccio,Wálter Guglielmone,25,Centre-Forward,Nacional,?,out,Summer,NA,Ligue 1,2003,2003/2004
AC Ajaccio,Dmitri Ananko,29,Centre-Back,Tor-Met Moskau,?,out,Summer,NA,Ligue 1,2003,2003/2004
AC Ajaccio,Yannick Achard,26,Midfielder,Unknown,?,out,Summer,NA,Ligue 1,2003,2003/2004
AC Ajaccio,Jean-Michel Luciani,28,Defender,Unknown,?,out,Summer,NA,Ligue 1,2003,2003/2004
AC Ajaccio,Bruno Rodriguez,30,Centre-Forward,Lens,"End of loanJun 30, 2003",out,Summer,0,Ligue 1,2003,2003/2004
AC Ajaccio,Bernard Diomède,30,Left Winger,Liverpool,"End of loanJun 30, 2004",out,Summer,0,Ligue 1,2003,2003/2004
AC Ajaccio,Hervé Alicarte,28,Sweeper,G. Bordeaux,"End of loanJun 30, 2003",out,Summer,0,Ligue 1,2003,2003/2004
FC Toulouse,Predrag Ocokoljic,25,Right-Back,FK Obilic,Free transfer,in,Summer,0,Ligue 1,2003,2003/2004
FC Toulouse,Eduardo,23,Centre-Forward,RSC Charleroi,Free transfer,in,Summer,0,Ligue 1,2003,2003/2004
FC Toulouse,Henri Bedimo,19,Left-Back,Grenoble B,Free transfer,in,Summer,0,Ligue 1,2003,2003/2004
FC Toulouse,Florent Balmont,23,Central Midfield,Olympique Lyon,Loan,in,Summer,0,Ligue 1,2003,2003/2004
FC Toulouse,Ludovic Clément,26,Defender,LB Châteauroux,Free transfer,in,Summer,0,Ligue 1,2003,2003/2004
FC Toulouse,Albin Ebondo,19,Right-Back,Toulouse B,-,in,Summer,0,Ligue 1,2003,2003/2004
FC Toulouse,Julien Sola,19,Midfielder,Toulouse B,-,in,Summer,0,Ligue 1,2003,2003/2004
FC Toulouse,Fabien Audard,25,Goalkeeper,FC Lorient,"End of loanJun 30, 2003",in,Summer,0,Ligue 1,2003,2003/2004
FC Toulouse,Wilfried Niflore,22,Centre-Forward,Cannes,"End of loanJun 30, 2003",in,Summer,0,Ligue 1,2003,2003/2004
FC Toulouse,Wilfried Niflore,22,Centre-Forward,Cannes,Free transfer,out,Summer,0,Ligue 1,2003,2003/2004
FC Toulouse,Cyril Dubroca,22,Left-Back,Trélissac FC,Free transfer,out,Summer,0,Ligue 1,2003,2003/2004
FC Toulouse,Fabien Audard,25,Goalkeeper,FC Lorient,?,out,Summer,NA,Ligue 1,2003,2003/2004
FC Toulouse,Anthony Bancarel,32,Centre-Forward,Retired,-,out,Summer,0,Ligue 1,2003,2003/2004
Le Mans Union Club 72,Sergiu Radu,25,Centre-Forward,FC National,£360Th.,in,Summer,0.36,Ligue 1,2003,2003/2004
Le Mans Union Club 72,Jacques-Désiré Périatambée,27,Defensive Midfield,Grenoble,Free transfer,in,Summer,0,Ligue 1,2003,2003/2004
Le Mans Union Club 72,Jean-Jacques Domoraud,22,Right-Back,FC Sochaux,Free transfer,in,Summer,0,Ligue 1,2003,2003/2004
Le Mans Union Club 72,Cédric Liabeuf,23,Attacking Midfield,Stade Reims,Free transfer,in,Summer,0,Ligue 1,2003,2003/2004
Le Mans Union Club 72,Fernando D'Amico,28,Defensive Midfield,LOSC Lille,Free transfer,in,Summer,0,Ligue 1,2003,2003/2004
Le Mans Union Club 72,Dan Eggen,33,Centre-Back,Rangers,Free transfer,in,Summer,0,Ligue 1,2003,2003/2004
Le Mans Union Club 72,Thabang Molefe,23,Centre-Back,Jomo Cosmos,?,in,Summer,NA,Ligue 1,2003,2003/2004
Le Mans Union Club 72,Ulick Ludepe,19,Defender,Unknown,?,in,Summer,NA,Ligue 1,2003,2003/2004
Le Mans Union Club 72,Eddy Capron,32,Centre-Back,CS Sedan,?,in,Summer,NA,Ligue 1,2003,2003/2004
Le Mans Union Club 72,Yannick Fischer,28,Centre-Back,R. Strasbourg,?,in,Summer,NA,Ligue 1,2003,2003/2004
Le Mans Union Club 72,Sekou Baradji,19,Defensive Midfield,FC Le Mans B,-,in,Summer,0,Ligue 1,2003,2003/2004
Le Mans Union Club 72,Yannick Yenga,18,Left Winger,FC Le Mans B,-,in,Summer,0,Ligue 1,2003,2003/2004
Le Mans Union Club 72,Ulrick Lupède,19,Centre-Back,FC Le Mans B,-,in,Summer,0,Ligue 1,2003,2003/2004
Le Mans Union Club 72,Damien Bridonneau,28,Right-Back,Saint-Étienne,Free transfer,out,Summer,0,Ligue 1,2003,2003/2004
Le Mans Union Club 72,Cédric Fabien,21,Left-Back,Tours FC,Free transfer,out,Summer,0,Ligue 1,2003,2003/2004
Le Mans Union Club 72,Philippe Correia,31,Right-Back,US Créteil,Free transfer,out,Summer,0,Ligue 1,2003,2003/2004
Le Mans Union Club 72,Yohann Rangdet,22,Forward,US Créteil,Loan,out,Summer,0,Ligue 1,2003,2003/2004
Le Mans Union Club 72,Grégory Cerdan,20,Centre-Back,Entente SSG,Loan,out,Summer,0,Ligue 1,2003,2003/2004
Le Mans Union Club 72,Grégory Louiron,22,Defender,Tours FC,?,out,Summer,NA,Ligue 1,2003,2003/2004
Le Mans Union Club 72,Ahmed Aït Ouarab,23,Attacking Midfield,ES Wasquehal,Loan,out,Summer,0,Ligue 1,2003,2003/2004
Le Mans Union Club 72,Steven Pelé,21,Centre-Back,Stade Rennais,"End of loanJun 30, 2003",out,Summer,0,Ligue 1,2003,2003/2004
FC Metz,Pape Thiaw,22,Centre-Forward,Lausanne-Sport,Free transfer,in,Summer,0,Ligue 1,2003,2003/2004
FC Metz,Hakim Saci,26,Centre-Forward,Guingamp,Free transfer,in,Summer,0,Ligue 1,2003,2003/2004
FC Metz,Samuel Allegro,25,Right-Back,La Roche Vendée,Free transfer,in,Summer,0,Ligue 1,2003,2003/2004
FC Metz,Toifilou Maoulida,24,Centre-Forward,Stade Rennais,Loan,in,Summer,0,Ligue 1,2003,2003/2004
FC Metz,Babacar Guèye,17,Centre-Forward,Dakar UC,?,in,Summer,NA,Ligue 1,2003,2003/2004
FC Metz,Mehdi Méniri,26,Centre-Back,Troyes,Loan,in,Summer,0,Ligue 1,2003,2003/2004
FC Metz,Ismaël Bouzid,19,Centre-Back,FC Metz B,-,in,Summer,0,Ligue 1,2003,2003/2004
FC Metz,Aimen Demai,20,Defensive Midfield,FC Metz B,-,in,Summer,0,Ligue 1,2003,2003/2004
FC Metz,Dino Djiba,17,Midfielder,FC Metz U19,-,in,Summer,0,Ligue 1,2003,2003/2004
FC Metz,Laurent Karim Agouazi,19,Defensive Midfield,FC Metz B,-,in,Summer,0,Ligue 1,2003,2003/2004
FC Metz,Tressor Moreno,24,Centre-Forward,Indep. Medellín,"End of loanJun 30, 2003",in,Summer,0,Ligue 1,2003,2003/2004
FC Metz,Emmanuel Adebayor,19,Centre-Forward,Monaco,£2.88m,out,Summer,2.88,Ligue 1,2003,2003/2004
FC Metz,Geoffray Toyes,30,Right-Back,AS Nancy,Free transfer,out,Summer,0,Ligue 1,2003,2003/2004
FC Metz,Cyrille Pouget,30,Centre-Forward,Jeunesse Esch,Free transfer,out,Summer,0,Ligue 1,2003,2003/2004
FC Metz,Oguchi Onyewu,21,Centre-Back,AA La Louviere,Loan,out,Summer,0,Ligue 1,2003,2003/2004
FC Metz,Christophe Bastien,27,Right Midfield,FC Lorient,?,out,Summer,NA,Ligue 1,2003,2003/2004
FC Metz,Jacques Songo'o,39,Goalkeeper,Dep. La Coruña,?,out,Summer,NA,Ligue 1,2003,2003/2004
FC Metz,Patricio D'Amico,28,Midfielder,Without Club,-,out,Summer,0,Ligue 1,2003,2003/2004
FC Metz,Mamadou Niang,23,Centre-Forward,Troyes,"End of loanJun 30, 2003",out,Summer,0,Ligue 1,2003,2003/2004
AS Monaco,Mazhar Abdelrahman,27,Forward,LB Châteauroux,"End of loanMar 1, 2004",in,Winter,0,Ligue 1,2003,2003/2004
AS Monaco,Philippe Léonard,29,Left-Back,OGC Nice,Loan,out,Winter,0,Ligue 1,2003,2003/2004
AS Monaco,Souleymane Camara,21,Right Winger,Guingamp,Loan,out,Winter,0,Ligue 1,2003,2003/2004
AS Monaco,Sébastien Carole,21,Right Winger,West Ham,Loan,out,Winter,0,Ligue 1,2003,2003/2004
AS Monaco,Mazhar Abdelrahman,27,Forward,JS Sainty,?,out,Winter,NA,Ligue 1,2003,2003/2004
Olympique Marseille,Laurent Batlles,28,Attacking Midfield,SC Bastia,£1.49m,in,Winter,1.49,Ligue 1,2003,2003/2004
Olympique Marseille,Fabien Barthez,32,Goalkeeper,Man Utd,Loan,in,Winter,0,Ligue 1,2003,2003/2004
Olympique Marseille,Demetrius Ferreira,29,Right-Back,SC Bastia,Loan,in,Winter,0,Ligue 1,2003,2003/2004
Olympique Marseille,Koke,20,Centre-Forward,Málaga CF,Loan,in,Winter,0,Ligue 1,2003,2003/2004
Olympique Marseille,David Sommeil,29,Centre-Back,Man City,Loan,in,Winter,0,Ligue 1,2003,2003/2004
Olympique Marseille,Eduardo Tuzzio,29,Centre-Back,River Plate,"End of loanDec 31, 2003",in,Winter,0,Ligue 1,2003,2003/2004
Olympique Marseille,Cyril Chapuis,24,Centre-Forward,Leeds,"End of loanJan 6, 2004",in,Winter,0,Ligue 1,2003,2003/2004
Olympique Marseille,Dmitri Sychev,20,Centre-Forward,Loko Moscow,£4.05m,out,Winter,4.05,Ligue 1,2003,2003/2004
Olympique Marseille,Daniel Van Buyten,25,Centre-Back,Man City,Loan fee:£900Th.,out,Winter,0.9,Ligue 1,2003,2003/2004
Olympique Marseille,Cyril Chapuis,24,Centre-Forward,R. Strasbourg,Loan,out,Winter,0,Ligue 1,2003,2003/2004
Olympique Marseille,Fabien Laurenti,21,Right-Back,AC Ajaccio,Loan,out,Winter,0,Ligue 1,2003,2003/2004
Olympique Marseille,Fernandão,25,Centre-Forward,Toulouse,Loan,out,Winter,0,Ligue 1,2003,2003/2004
Olympique Marseille,Vedran Runje,27,Goalkeeper,Standard Liège,Loan,out,Winter,0,Ligue 1,2003,2003/2004
FC Girondins Bordeaux,Sylvain Franco,20,Centre-Forward,G. Bordeaux B,-,in,Winter,0,Ligue 1,2003,2003/2004
FC Girondins Bordeaux,Kodjo Julien Afanou,26,Centre-Back,Al-Ain FC,"End of loanDec 31, 2003",in,Winter,0,Ligue 1,2003,2003/2004
FC Girondins Bordeaux,Mauricio Pochettino,31,Centre-Back,Espanyol,Loan,out,Winter,0,Ligue 1,2003,2003/2004
FC Sochaux-Montbéliard,Ahmed Samir Farag,17,Left-Back,El Ahly,£450Th.,in,Winter,0.45,Ligue 1,2003,2003/2004
FC Sochaux-Montbéliard,Won-kwang Jo,18,Central Midfield,FC Seoul,?,in,Winter,NA,Ligue 1,2003,2003/2004
FC Sochaux-Montbéliard,Damir Suljanovic,20,Midfielder,Raja Casablanca,£68Th.,out,Winter,0.068,Ligue 1,2003,2003/2004
FC Sochaux-Montbéliard,Abderrahman Kabous,20,Defensive Midfield,Khémisset,Free transfer,out,Winter,0,Ligue 1,2003,2003/2004
AJ Auxerre,David Vandenbossche,23,Midfielder,LB Châteauroux,Loan,out,Winter,0,Ligue 1,2003,2003/2004
EA Guingamp,Harlington Shereni,28,Central Midfield,FC Istres,Free transfer,in,Winter,0,Ligue 1,2003,2003/2004
EA Guingamp,Niša Saveljić,33,Centre-Back,SC Bastia,Free transfer,in,Winter,0,Ligue 1,2003,2003/2004
EA Guingamp,Souleymane Camara,21,Right Winger,Monaco,Loan,in,Winter,0,Ligue 1,2003,2003/2004
EA Guingamp,Guillaume Gauclin,22,Goalkeeper,ES Wasquehal,"End of loanJan 23, 2004",in,Winter,0,Ligue 1,2003,2003/2004
EA Guingamp,Ricardo Cabanas,24,Central Midfield,Grasshoppers,£270Th.,out,Winter,0.27,Ligue 1,2003,2003/2004
EA Guingamp,Jean-Louis Montero,32,Right-Back,Troyes,Free transfer,out,Winter,0,Ligue 1,2003,2003/2004
EA Guingamp,Yohann Rivière,19,Centre-Forward,FC Istres,Loan,out,Winter,0,Ligue 1,2003,2003/2004
RC Lens,Wagneau Eloi,30,Centre-Forward,Without Club,-,in,Winter,0,Ligue 1,2003,2003/2004
RC Lens,Ferdinand Coly,30,Right-Back,Perugia,Free transfer,out,Winter,0,Ligue 1,2003,2003/2004
RC Lens,Bruno Rodriguez,31,Centre-Forward,FC Metz,Loan,out,Winter,0,Ligue 1,2003,2003/2004
RC Lens,Dagui Bakari,29,Centre-Forward,Real Valladolid,Loan,out,Winter,0,Ligue 1,2003,2003/2004
FC Nantes,Alexander Viveros,26,Left-Back,Boavista,Free transfer,in,Winter,0,Ligue 1,2003,2003/2004
FC Nantes,Gilles Yapi,21,Defensive Midfield,KSK Beveren,Loan,in,Winter,0,Ligue 1,2003,2003/2004
FC Nantes,Viorel Moldovan,31,Centre-Forward,Al-Wahda FC,"End of loanDec 1, 2003",in,Winter,0,Ligue 1,2003,2003/2004
FC Nantes,Grégory Lorenzi,20,Centre-Back,Exc. Mouscron,Free transfer,out,Winter,0,Ligue 1,2003,2003/2004
OGC Nice,Philippe Léonard,29,Left-Back,Monaco,Loan,in,Winter,0,Ligue 1,2003,2003/2004
OGC Nice,Marco Simone,35,Centre-Forward,Without Club,Free transfer,in,Winter,0,Ligue 1,2003,2003/2004
OGC Nice,Franco Dolci,20,Defensive Midfield,Club P.E.F. Matienzo,Free transfer,in,Winter,0,Ligue 1,2003,2003/2004
OGC Nice,Serge Dié,26,Defensive Midfield,FC Metz,Loan,out,Winter,0,Ligue 1,2003,2003/2004
OGC Nice,Fabio Cinetti,30,Central Midfield,Seregno,?,out,Winter,NA,Ligue 1,2003,2003/2004
OGC Nice,Alcaly Camara,23,Right-Back,Dakar UC,?,out,Winter,NA,Ligue 1,2003,2003/2004
Paris Saint-Germain,Danijel Ljuboja,25,Centre-Forward,R. Strasbourg,£2.97m,in,Winter,2.97,Ligue 1,2003,2003/2004
Paris Saint-Germain,Habibou Traoré,20,Attacking Midfield,FC Gueugnon,Loan,in,Winter,0,Ligue 1,2003,2003/2004
Paris Saint-Germain,André Luiz,29,Attacking Midfield,Corinthians,"End of loanDec 1, 2003",in,Winter,0,Ligue 1,2003,2003/2004
Paris Saint-Germain,Paulo César,25,Right Midfield,Santos FC,Loan fee:£360Th.,out,Winter,0.36,Ligue 1,2003,2003/2004
Paris Saint-Germain,Rabiu Baita,19,Forward,KAA Gent,Loan,out,Winter,0,Ligue 1,2003,2003/2004
Paris Saint-Germain,Kaba Diawara,28,Centre-Forward,Al-Gharafa SC,Free transfer,out,Winter,0,Ligue 1,2003,2003/2004
Paris Saint-Germain,Stéphane Gillet,26,Goalkeeper,FC Wil 1900,Free transfer,out,Winter,0,Ligue 1,2003,2003/2004
Paris Saint-Germain,Younes Bengelloun,20,Centre-Back,Xamax,Free transfer,out,Winter,0,Ligue 1,2003,2003/2004
Paris Saint-Germain,André Luiz,29,Attacking Midfield,Fluminense,Free transfer,out,Winter,0,Ligue 1,2003,2003/2004
Paris Saint-Germain,Bartholomew Ogbeche,19,Centre-Forward,SC Bastia,Loan,out,Winter,0,Ligue 1,2003,2003/2004
Paris Saint-Germain,Hocine Ragued,20,Defensive Midfield,FC Gueugnon,Loan,out,Winter,0,Ligue 1,2003,2003/2004
SC Bastia,Philippe Delaye,28,Central Midfield,Stade Rennais,Loan,in,Winter,0,Ligue 1,2003,2003/2004
SC Bastia,Conally Edozien,25,Centre-Forward,Cincinnati Riverhawks,Free transfer,in,Winter,0,Ligue 1,2003,2003/2004
SC Bastia,Hilton,26,Centre-Back,Servette FC,Loan,in,Winter,0,Ligue 1,2003,2003/2004
SC Bastia,Bartholomew Ogbeche,19,Centre-Forward,Paris SG,Loan,in,Winter,0,Ligue 1,2003,2003/2004
SC Bastia,Laurent Batlles,28,Attacking Midfield,Marseille,£1.49m,out,Winter,1.49,Ligue 1,2003,2003/2004
SC Bastia,Niša Saveljić,33,Centre-Back,Guingamp,Free transfer,out,Winter,0,Ligue 1,2003,2003/2004
SC Bastia,Demetrius Ferreira,29,Right-Back,Marseille,Loan,out,Winter,0,Ligue 1,2003,2003/2004
RC Strasbourg Alsace,Alexander Farnerud,19,Central Midfield,Landskrona,£855Th.,in,Winter,0.855,Ligue 1,2003,2003/2004
RC Strasbourg Alsace,Cyril Chapuis,24,Centre-Forward,Marseille,Loan,in,Winter,0,Ligue 1,2003,2003/2004
RC Strasbourg Alsace,Danijel Ljuboja,25,Centre-Forward,Paris SG,£2.97m,out,Winter,2.97,Ligue 1,2003,2003/2004
RC Strasbourg Alsace,Pierre Njanka,27,Right-Back,CS Sedan,Free transfer,out,Winter,0,Ligue 1,2003,2003/2004
LOSC Lille,Ali Lukunku,27,Centre-Forward,Galatasaray,Loan fee:£90Th.,in,Winter,0.09,Ligue 1,2003,2003/2004
LOSC Lille,Stathis Tavlaridis,23,Centre-Back,Arsenal,Loan,in,Winter,0,Ligue 1,2003,2003/2004
LOSC Lille,Milenko Acimovic,26,Left Midfield,Spurs,Loan,in,Winter,0,Ligue 1,2003,2003/2004
LOSC Lille,Dante,20,Centre-Back,Juventude,?,in,Winter,NA,Ligue 1,2003,2003/2004
LOSC Lille,Youssef Sofiane,19,Centre-Forward,West Ham,Loan,in,Winter,0,Ligue 1,2003,2003/2004
LOSC Lille,Peter Franquart,18,Centre-Back,LOSC Lille B,-,in,Winter,0,Ligue 1,2003,2003/2004
LOSC Lille,Djezon Boutoille,28,Centre-Forward,Amiens SC,?,out,Winter,NA,Ligue 1,2003,2003/2004
LOSC Lille,Rafael,23,Centre-Back,KS Samara,Loan,out,Winter,0,Ligue 1,2003,2003/2004
Stade Rennais FC,Kim Källström,21,Central Midfield,Djurgarden,£3.38m,in,Winter,3.38,Ligue 1,2003,2003/2004
Stade Rennais FC,Lucas,24,Centre-Forward,FC Tokyo,Free transfer,out,Winter,0,Ligue 1,2003,2003/2004
Stade Rennais FC,Philippe Delaye,28,Central Midfield,SC Bastia,Loan,out,Winter,0,Ligue 1,2003,2003/2004
Stade Rennais FC,Andrés Fleurquín,28,Defensive Midfield,Córdoba CF,?,out,Winter,NA,Ligue 1,2003,2003/2004
Stade Rennais FC,Grégory Vignal,22,Left-Back,Liverpool,"End of loanDec 1, 2003",out,Winter,0,Ligue 1,2003,2003/2004
AC Ajaccio,Fabien Laurenti,21,Right-Back,Marseille,Loan,in,Winter,0,Ligue 1,2003,2003/2004
AC Ajaccio,Lassina Diabaté,29,Defensive Midfield,Portsmouth,Free transfer,in,Winter,0,Ligue 1,2003,2003/2004
AC Ajaccio,Patrice Loko,33,Centre-Forward,FC Lorient,?,in,Winter,NA,Ligue 1,2003,2003/2004
AC Ajaccio,Grégory Ursule,26,Defensive Midfield,FC Gueugnon,Loan,out,Winter,0,Ligue 1,2003,2003/2004
FC Toulouse,Fernandão,25,Centre-Forward,Marseille,Loan,in,Winter,0,Ligue 1,2003,2003/2004
FC Toulouse,Thibault Giresse,22,Left Midfield,AC Le Havre,Loan,out,Winter,0,Ligue 1,2003,2003/2004
FC Toulouse,Ousmane N'Doye,25,Defensive Midfield,FC Lorient,Loan,out,Winter,0,Ligue 1,2003,2003/2004
FC Toulouse,William Prunier,36,Centre-Back,Al-Sailiya SC,?,out,Winter,NA,Ligue 1,2003,2003/2004
FC Metz,Bruno Rodriguez,31,Centre-Forward,Lens,Loan,in,Winter,0,Ligue 1,2003,2003/2004
FC Metz,Serge Dié,26,Defensive Midfield,OGC Nice,Loan,in,Winter,0,Ligue 1,2003,2003/2004
FC Metz,Stéphane Noro,24,Attacking Midfield,CS Sedan,Loan,in,Winter,0,Ligue 1,2003,2003/2004
FC Metz,Julien Gorius,18,Central Midfield,FC Metz B,-,in,Winter,0,Ligue 1,2003,2003/2004
FC Metz,Venn Toure,19,Defensive Midfield,FC Metz B,-,in,Winter,0,Ligue 1,2003,2003/2004
FC Metz,Eric Hassli,22,Centre-Forward,Xamax,Free transfer,out,Winter,0,Ligue 1,2003,2003/2004
FC Metz,Schumann Bah,29,Left-Back,Xamax,Free transfer,out,Winter,0,Ligue 1,2003,2003/2004
FC Metz,Tressor Moreno,24,Centre-Forward,Deportivo Cali,Free transfer,out,Winter,0,Ligue 1,2003,2003/2004
